# Blender 4.2.1 LTS
# www.blender.org
v 0.000000 -2.358883 12.105517
v -0.000000 -2.027561 11.825662
v 0.000000 -2.225241 12.019962
v 0.000000 -1.917476 11.753689
v 0.000000 -1.647885 11.645452
v -0.000000 -1.120459 11.598171
v -0.500860 3.450352 10.645921
v -0.000000 -6.776568 10.809638
v 0.000000 -7.140783 10.829211
v -0.696443 4.564646 10.539430
v -0.000000 -6.472466 10.913226
v -0.856085 -9.012331 6.760298
v -6.848907 -1.559101 3.036049
v -6.941659 -1.114563 3.051945
v -7.004616 -0.712160 3.036664
v -6.705499 -2.113939 2.963735
v -5.479643 1.685072 8.351427
v -5.127491 1.799341 8.580481
v -4.450673 -1.955279 9.091686
v -2.931205 -1.514595 10.125962
v -3.202589 -1.258222 9.985641
v -2.699583 -1.756837 10.286304
v -2.742433 -1.268191 10.174455
v -2.515850 -1.511008 10.318689
v -3.502179 -0.996131 9.841773
v -3.007870 -1.006280 10.049792
v -3.589200 -0.465114 9.781112
v -3.078313 -0.504187 9.980180
v -3.295753 -0.740574 9.923604
v -3.356234 -0.228477 9.853559
v -3.813997 -0.723521 9.681943
v -5.836579 3.283642 7.551494
v -5.858916 3.435971 7.553516
v -5.876254 3.582501 7.573885
v -5.882745 3.872547 7.661168
v -5.624858 3.258420 7.786697
v -5.436022 3.253222 7.966439
v -5.730556 2.749822 7.681292
v -5.472227 2.783953 7.918676
v -5.594946 2.146810 8.024171
v -5.656904 4.158702 8.161053
v -5.694653 4.028413 8.039596
v -5.513279 4.025936 8.297961
v -5.549848 3.917523 8.188322
v -5.721011 3.774012 7.880422
v -5.568098 3.705299 8.049166
v -5.522270 3.485130 7.983789
v -5.486781 3.372022 7.966877
v -5.691783 3.521002 7.804315
v -5.662002 3.392903 7.787588
v -5.336169 3.371154 8.107686
v -5.279245 3.265303 8.107321
v -5.376206 3.468997 8.123352
v -5.437079 3.664105 8.176532
v -5.395645 3.930633 8.385680
v -5.428719 3.840664 8.290977
v -5.453737 4.136951 8.433033
v -5.524949 4.419673 8.468930
v -5.376893 4.244776 8.586215
v -5.598003 4.289590 8.307838
v -5.338813 4.021357 8.503344
v -5.258355 4.110660 8.642067
v -2.807342 -0.772425 10.086657
v -1.849976 -0.104098 10.293742
v -1.832814 -0.427491 10.361983
v -2.352372 -1.276328 10.317336
v -2.559385 -1.034260 10.191975
v -1.543882 -0.977862 10.675509
v -1.261260 -1.035870 10.884308
v -1.122540 -1.005008 10.988861
v -0.961922 -1.036713 11.105157
v -0.840640 -1.040620 11.205791
v -1.907463 0.390383 10.259249
v -2.052204 0.128163 10.187617
v -2.265586 0.365292 10.100457
v -2.092067 0.593119 10.146355
v -1.781411 0.636273 10.357344
v -5.046116 4.934197 9.152322
v -4.883460 5.047097 9.310105
v -4.323233 5.305582 9.719216
v -4.738882 4.829723 9.404417
v -4.900237 4.719708 9.253747
v -5.434147 4.552422 8.636328
v -5.285362 4.364504 8.747628
v -2.473558 0.600885 9.992068
v -2.276999 0.802636 10.026436
v -2.091858 1.002973 10.075854
v -1.933197 0.818029 10.217411
v -1.781648 1.032760 10.303296
v -1.537287 -1.742306 11.066170
v -1.739486 -1.722971 10.903794
v -1.961380 -1.661812 10.713409
v -1.355408 -1.734814 11.201499
v -1.394703 -2.129387 11.454734
v -1.578668 -2.189220 11.334545
v -1.189880 -1.717910 11.314453
v -1.225108 -2.083498 11.561579
v -1.779166 -2.259016 11.191271
v -4.765577 4.541383 9.296532
v -4.603748 4.645797 9.442740
v -5.157006 4.212617 8.803432
v -1.918050 1.202415 10.139482
v -2.384794 5.254446 10.494308
v -2.304047 5.076091 10.413791
v -4.058680 4.889942 9.802705
v -4.190156 5.085396 9.789332
v -1.570303 3.104337 9.429762
v -1.725774 2.825668 9.471177
v -0.466001 -0.992927 11.462520
v -0.221999 -1.093777 11.566577
v -0.892317 -1.694125 11.503972
v -0.244038 -1.658839 11.663425
v -0.481483 -1.674533 11.652787
v -0.229664 -1.917081 11.785438
v -0.446817 -1.978441 11.845695
v -0.124676 -1.651859 11.651388
v -1.036967 -1.704457 11.417503
v -1.067103 -2.051319 11.656569
v -0.913476 -2.025814 11.738894
v -0.887631 4.273084 10.286605
v -0.625897 4.323315 10.485802
v -2.964440 5.015621 10.171741
v -3.233068 5.674778 10.250794
v -3.143007 5.440947 10.284815
v -3.046633 5.217408 10.259951
v -2.751607 5.026217 10.236620
v -2.996162 5.678380 10.351874
v -2.919462 5.446268 10.371956
v -2.832791 5.225815 10.333909
v -0.110645 -1.113747 11.589021
v -0.122942 -1.915714 11.762889
v -2.166986 -3.131915 11.014973
v -2.280794 -3.294875 10.873003
v -2.027805 -2.971300 11.165594
v -2.372420 -3.449890 10.750667
v -2.447288 -3.590186 10.647428
v -2.257744 -2.942791 10.908107
v -2.386720 -3.127350 10.774762
v -1.873810 -2.822788 11.313375
v -2.100596 -2.765497 11.050359
v -2.554037 -3.961957 10.441366
v -2.490847 -3.308650 10.664648
v -2.573951 -3.466373 10.572781
v -1.710666 -2.695830 11.454417
v -1.924918 -2.608860 11.197721
v -2.699238 -3.885333 10.381316
v -1.381236 -2.504312 11.691648
v -1.546285 -2.591341 11.582642
v -1.744448 -2.488724 11.339817
v -1.567397 -2.394735 11.470090
v -1.395071 -2.319075 11.584217
v -1.063209 -2.392222 11.873139
v -1.219646 -2.439350 11.789384
v -2.382815 -2.717839 10.765586
v -0.905172 -2.359393 11.945651
v -1.231076 -2.260880 11.690361
v -1.075315 -2.219430 11.783982
v -2.716311 -4.023758 10.341247
v -2.560293 -4.099684 10.412762
v -2.531766 -2.931054 10.644637
v -2.646102 -3.140899 10.547198
v -0.917707 -2.189389 11.864613
v -2.568405 -4.245433 10.402344
v -2.722480 -4.174919 10.316636
v -2.905312 -3.949189 10.244769
v -2.737190 -3.325050 10.465235
v -2.882497 -3.792475 10.287787
v -2.530613 -2.471511 10.594436
v -2.912240 -4.117937 10.210343
v -2.698482 -2.718585 10.486795
v -2.821508 -2.954017 10.398911
v -0.191293 -2.349294 12.098562
v -2.586695 -4.978668 10.395021
v -2.436845 -4.916445 10.504900
v -2.915292 -3.161875 10.321884
v -3.076009 -3.687758 10.150933
v -2.484739 -5.243865 10.452704
v -2.333929 -5.144000 10.579211
v -2.760284 -5.037841 10.253738
v -3.103890 -3.867831 10.107572
v -3.459604 -3.467230 9.786883
v -3.680079 -3.360033 9.579522
v -3.488746 -2.592426 9.794268
v -3.264816 -2.797008 9.982238
v -2.361315 -5.519728 10.502649
v -2.208036 -5.390927 10.650229
v -2.662259 -5.337988 10.292771
v -3.114623 -4.063170 10.075636
v -3.715280 -3.625064 9.536551
v -3.500143 -3.701603 9.743716
v -3.938362 -3.254801 9.349091
v -3.760626 -2.385064 9.591893
v -2.214646 -5.791755 10.533107
v -2.059439 -5.637246 10.700336
v -2.533713 -5.649683 10.329931
v -3.522042 -3.951651 9.716095
v -3.734200 -3.903569 9.510012
v -3.971292 -3.554314 9.296733
v -4.245741 -3.148019 9.077940
v -4.089226 -2.173521 9.361875
v -2.044153 -6.051126 10.548141
v -1.892397 -5.862475 10.729062
v -2.382044 -5.955323 10.352308
v -2.945241 -5.086556 10.088320
v -3.983588 -3.867249 9.267269
v -4.259307 -3.482571 9.022007
v -2.206320 -6.245024 10.368526
v -2.846536 -5.418572 10.115329
v -3.332359 -5.179043 9.718239
v -4.255674 -3.825296 8.984135
v -6.084790 1.433332 7.717753
v -5.802492 1.559292 8.058520
v -2.717168 -5.770829 10.139767
v -4.548120 -3.778140 8.653294
v -6.176747 1.992802 7.393611
v -5.907115 2.064681 7.721543
v -2.559968 -6.112533 10.161963
v -4.195354 -5.391098 8.627775
v -6.228732 2.738275 7.076318
v -5.995174 2.739227 7.383535
v -5.459284 -3.651902 7.476583
v -4.823137 -5.546230 7.412941
v -5.929433 -3.602325 6.653188
v -6.226257 3.378746 6.987829
v -6.216054 3.569881 7.005073
v -6.048284 3.498897 7.282768
v -6.041869 3.326693 7.274344
v -4.066754 -6.369674 8.253183
v -5.115867 -5.631744 6.615815
v -6.264330 -3.561028 5.796893
v -6.747932 2.766918 6.150826
v -6.759417 1.857248 6.337881
v -6.199955 3.756520 7.038031
v -6.151843 4.122126 7.162845
v -6.028736 3.994520 7.414483
v -6.050741 3.665757 7.307530
v -5.316423 -5.683856 5.816718
v -6.384586 -3.534101 5.362473
v -7.090961 2.837898 5.153682
v -7.124823 1.829055 5.209381
v -6.063759 4.484980 7.380009
v -5.964139 4.326731 7.618700
v -3.599852 -7.317271 8.286734
v -5.384370 -5.699886 5.427379
v -7.180573 2.871854 4.776157
v -7.212073 1.836389 4.799599
v -6.601378 3.789106 6.159088
v -6.647993 3.547702 6.126784
v -6.000737 4.664037 7.518656
v -5.911313 4.492961 7.755530
v -3.309137 -7.115519 9.072969
v -6.916407 4.014318 5.260440
v -6.971222 3.733629 5.209384
v -7.255222 2.910173 4.389247
v -7.266927 1.849687 4.379387
v -6.449301 4.481524 6.380901
v -6.553457 4.023788 6.211323
v -5.926258 4.838635 7.676569
v -5.843482 4.656968 7.909457
v -3.129750 -6.999518 9.383149
v -3.506362 -6.658129 9.028817
v -5.426850 -5.708771 5.045482
v -7.016400 4.096164 4.926846
v -7.069895 3.803624 4.864079
v -6.738516 4.826951 5.546516
v -6.858986 4.289680 5.332572
v -6.322054 4.923352 6.636605
v -5.839470 5.004383 7.844310
v -5.737531 5.163198 8.019870
v -5.663158 4.965972 8.248792
v -5.761709 4.814417 8.076125
v -3.311151 -6.564834 9.326692
v -5.431000 -5.710263 4.309968
v -7.115030 4.180228 4.577900
v -7.164530 3.876492 4.504223
v -6.843373 4.945827 5.247546
v -6.960902 4.383704 5.010570
v -6.601761 5.339417 5.849740
v -6.247594 5.135302 6.794478
v -3.672685 -6.200982 8.997677
v -6.950127 5.068301 4.932623
v -7.061790 4.480765 4.673409
v -6.706407 5.482943 5.570294
v -6.523216 5.582389 6.030684
v -6.164018 5.336692 6.967942
v -5.335097 5.577304 8.581400
v -5.165805 5.693733 8.767500
v -5.093526 5.491617 8.971998
v -5.263344 5.377083 8.795682
v -3.467677 -6.122498 9.290350
v -6.814216 5.629794 5.278944
v -6.627537 5.737251 5.760001
v -6.436773 5.813755 6.227873
v -5.963976 5.702008 7.347662
v -6.070239 5.526077 7.153145
v -4.596229 5.956992 9.272427
v -4.524227 5.749776 9.445419
v -6.734774 5.895177 5.479529
v -6.540725 5.980553 5.965325
v -6.240447 6.234198 6.654994
v -6.344087 6.032341 6.439440
v -3.309443 5.906426 10.172247
v -3.066213 5.908356 10.286547
v -0.871451 -9.110048 9.341991
v -6.647714 6.150078 5.693144
v -6.447875 6.208772 6.184413
v -6.343575 6.420720 6.407887
v -5.567790 6.151943 7.954176
v -5.408041 6.275742 8.159321
v -3.381013 6.129681 10.064636
v -3.129933 6.132106 10.193701
v -1.915191 7.538653 10.169183
v -6.552260 6.390695 5.919390
v -6.446549 6.610970 6.151175
v -5.853267 6.749066 7.319503
v -5.698959 6.886308 7.537844
v -4.825522 6.574361 8.759843
v -0.614130 7.339828 10.412041
v -2.024101 8.158525 9.927481
v -6.638186 6.994575 5.598757
v -5.950859 6.957654 7.091774
v -5.797010 7.101368 7.314971
v -5.146399 7.225510 8.187986
v -2.077802 8.489569 9.803082
v -6.049910 7.168415 6.851849
v -5.894194 7.317401 7.079695
v -5.256467 7.452943 7.970576
v -3.597042 6.815309 9.666428
v -3.332697 6.829466 9.828032
v -2.125464 8.831156 9.664952
v -2.485982 -8.279193 9.221654
v -6.231069 7.604718 6.333109
v -6.073854 7.764335 6.569945
v -5.359987 7.686676 7.745872
v -3.875718 7.578917 9.214532
v -3.591032 7.607125 9.397805
v -2.965609 7.622213 9.754692
v -2.195326 9.524062 9.306492
v -5.538300 8.170352 7.262859
v -3.680689 7.883825 9.245049
v -3.970523 7.848356 9.050670
v -3.042335 7.911956 9.619092
v -4.063653 8.127249 8.879718
v -3.769161 8.170606 9.085387
v -3.118500 8.213031 9.479914
v -3.854137 -1.560348 9.617536
v -4.227092 8.708684 8.498943
v -3.926140 8.771353 8.729207
v -3.255833 8.848135 9.169149
v -4.435963 5.533923 9.601929
v -0.122951 -2.017292 11.829656
v -0.209853 -1.998569 11.834132
v -0.374176 -2.137632 11.978487
v -0.382654 -2.326857 12.077466
v -4.198731 -1.300499 9.406998
v -3.985870 -1.862543 9.487304
v -4.344934 -1.618348 9.244713
v -2.379059 -6.433585 10.190858
v -6.202384 -2.605737 6.689453
v -6.318876 -2.112484 6.711702
v -5.637931 -2.727249 7.595600
v -5.704592 -2.252047 7.679938
v -6.074289 -3.102094 6.669856
v -5.561740 -3.186331 7.522817
v -6.676832 -2.015142 5.740947
v -6.562645 -2.517812 5.765673
v -6.796792 -1.963047 5.267758
v -6.685314 -2.468337 5.306402
v -6.549169 -2.993140 5.338675
v -6.426870 -3.035347 5.785696
v -6.471680 -3.500244 4.927823
v -6.636108 -2.944070 4.889030
v -6.769842 -2.411431 4.846125
v -6.878362 -1.905391 4.799687
v -6.528421 -3.435282 4.059265
v -6.689733 -2.867917 4.001489
v -6.823089 -2.310827 3.942837
v -6.930933 -1.787399 3.895182
v -6.774567 -1.523543 5.705268
v -6.886886 -1.477350 5.223008
v -6.965961 -1.424316 4.748590
v -7.014001 -1.312496 3.857133
v -5.842054 4.167619 7.843165
v -5.797168 4.319175 7.973940
v -5.738190 4.470289 8.128071
v -5.661095 4.616364 8.292915
v -5.568813 4.760854 8.464792
v -5.172602 5.163319 8.995908
v -5.005301 5.277403 9.162713
v -3.218063 -5.563978 9.732476
v -3.082647 -5.967597 9.751310
v -3.270625 -6.048296 9.536601
v -2.925698 -6.372242 9.782469
v -3.115117 -6.473644 9.573839
v -2.748275 -6.747452 9.837193
v -2.938922 -6.880523 9.633388
v -2.181779 -6.730800 10.234057
v -2.011674 -6.514018 10.384763
v -4.020908 -1.001964 9.556526
v -3.688381 -1.269972 9.741015
v -0.179715 -2.204288 12.012934
v -2.201771 -2.519063 10.895441
v -1.998994 -2.348758 11.030149
v -2.080942 -1.999784 10.807879
v -2.331914 -2.243515 10.705153
v -3.379247 -1.525469 9.905713
v -3.105306 -1.776773 10.062751
v -2.880085 -2.014127 10.224947
v -4.573464 -3.405000 8.699719
v -4.578053 -3.039359 8.762770
v -3.389383 -2.326276 9.885590
v -3.166328 -2.552446 10.061821
v -3.660817 -2.095661 9.698096
v -3.039419 -2.286029 10.147155
v -3.262912 -2.052438 9.978672
v -3.536170 -1.808536 9.806883
v -1.763876 -7.220935 10.380617
v -0.692478 -7.794893 10.752357
v -0.997284 4.477044 10.347968
v -6.428969 -1.610145 6.718374
v -5.764937 -1.731453 7.783105
v -6.327384 1.322888 7.346367
v -6.406317 1.932782 7.047484
v -6.426563 2.742737 6.771668
v -6.386085 3.434303 6.699867
v -6.360274 3.643929 6.723677
v -6.330171 3.847943 6.766376
v -6.257386 4.246600 6.910618
v -6.153280 4.636926 7.136821
v -6.083299 4.826972 7.279321
v -6.002958 5.012278 7.439699
v -5.911832 5.184179 7.611174
v -5.806159 5.346720 7.793087
v -5.405791 5.766995 8.366423
v -5.239541 5.887487 8.561665
v -1.768041 6.707284 10.521246
v -4.661917 6.159942 9.101455
v -3.856252 -6.851767 8.263976
v -0.567349 6.479854 10.691036
v -3.448603 6.352836 9.940220
v -3.193911 6.359770 10.082773
v -7.080577 -0.869242 3.817645
v -6.964004 -1.008303 5.171665
v -7.038780 -0.962693 4.697034
v -1.978234 -6.990607 10.297406
v -1.803491 -6.761049 10.413777
v -0.499996 -6.456340 10.889320
v -0.522569 -6.771064 10.767951
v -0.979102 -6.724991 10.684300
v -0.968734 -6.437040 10.808753
v -1.640578 -6.509549 10.554420
v -1.850283 -6.291706 10.552542
v -0.627441 -7.446436 10.782668
v -1.596848 -6.976075 10.464058
v -0.570452 -7.110098 10.772686
v -1.429905 -6.715939 10.562799
v -2.834013 -4.766787 10.221044
v -2.661014 -4.750403 10.349986
v -2.510478 -4.714878 10.446344
v -1.761080 -0.683344 10.430168
v -2.162849 -1.488860 10.499246
v -2.312696 -1.743930 10.522100
v -2.506419 -1.987248 10.481095
v -2.695549 -2.235577 10.405420
v -2.861701 -2.503261 10.317225
v -2.986915 -2.752979 10.234664
v -3.084562 -2.981272 10.158177
v -3.265301 -3.577512 9.978456
v -3.300485 -3.784118 9.936171
v -3.318022 -4.005842 9.906764
v -3.138862 -5.132140 9.910022
v -3.031722 -5.494361 9.930394
v -2.901222 -5.876162 9.949033
v -2.741890 -6.251409 9.974308
v -2.562196 -6.602110 10.018370
v -5.054307 8.428625 7.775936
v -4.878843 7.906928 8.222608
v -4.777335 7.654044 8.429003
v -4.670430 7.408598 8.624397
v -4.357698 6.706427 9.141973
v -4.198205 6.272286 9.459002
v -4.130271 6.061376 9.615760
v -4.058005 5.849376 9.763960
v -3.969151 5.624944 9.889112
v -3.865004 5.395733 9.971543
v -3.750770 5.171246 10.003830
v -3.636115 4.974532 9.975514
v -5.738677 8.034159 7.021380
v -5.556020 7.568973 7.518054
v -5.456175 7.343207 7.747969
v -5.351361 7.120589 7.970417
v -5.034966 6.488168 8.565580
v -4.868357 6.083771 8.926197
v -4.797442 5.883945 9.109563
v -4.726132 5.679026 9.292408
v -4.641938 5.465855 9.461047
v -4.526849 5.237573 9.589061
v -4.388806 5.017083 9.669353
v -4.249645 4.823936 9.695982
v -2.367926 -6.927991 10.085758
v -2.501553 -3.720110 10.559210
v -2.634192 -3.613032 10.496854
v -2.801655 -3.485897 10.398215
v -2.981365 -3.340067 10.259668
v -3.158402 -3.186741 10.091999
v -3.343305 -3.023713 9.909297
v -3.565778 -2.851871 9.712956
v -3.838604 -2.673992 9.496502
v -4.164712 -2.496066 9.251202
v -4.522249 -2.312064 8.960601
v -4.559996 -2.674283 8.850460
v -4.215246 -2.819731 9.153975
v -3.895919 -2.963204 9.416540
v -3.626613 -3.105619 9.643117
v -3.408430 -3.244734 9.842821
v -3.216958 -3.383046 10.032054
v -3.035870 -3.514812 10.201379
v -2.849086 -3.639891 10.338447
v -2.674703 -3.749629 10.432240
v -2.535620 -3.841343 10.490819
v -1.789461 2.887355 9.435658
v -1.637047 3.133794 9.386353
v -1.334918 4.182864 9.826259
v -2.664767 4.845600 10.099648
v -2.883511 4.836267 10.044218
v -3.542968 4.809332 9.914620
v -3.950756 4.731323 9.781332
v -4.143369 4.669431 9.687574
v -4.500748 4.495998 9.447342
v -4.662962 4.397042 9.305395
v -5.054195 4.087648 8.824059
v -5.165360 3.997453 8.664000
v -5.243462 3.920446 8.538548
v -5.303586 3.850754 8.433117
v -5.337083 3.787588 8.359761
v -5.326187 3.639426 8.276875
v -5.254901 3.466671 8.235066
v -5.200935 3.374387 8.227048
v -5.137220 3.281277 8.230137
v -5.167438 3.831869 8.552155
v -4.491020 3.076316 8.876736
v -4.366596 2.993522 9.005098
v -4.206974 2.924670 9.135366
v -3.763234 2.838580 9.381742
v -4.350862 3.155084 8.969707
v -4.220595 3.095242 9.087070
v -4.582604 4.278791 9.284268
v -4.513369 4.172052 9.255773
v -4.426977 4.380201 9.422724
v -3.873374 4.614671 9.729167
v -3.815115 4.521262 9.678284
v -4.365803 4.278514 9.386400
v -4.900669 3.889917 8.803721
v -4.973191 3.986936 8.820048
v -5.086093 3.894911 8.666703
v -5.017099 3.803991 8.657246
v -4.708356 3.371928 8.663233
v -4.817696 3.515622 8.633970
v -4.950278 3.704224 8.638214
v -4.392697 3.922463 9.237555
v -4.245441 4.006401 9.373074
v -3.700811 4.205942 9.645651
v -3.666152 4.043838 9.669317
v -4.205987 3.865449 9.395486
v -4.169987 3.719540 9.416516
v -4.348454 3.793813 9.264680
v -4.310130 3.659193 9.292470
v -4.624738 3.331656 8.656014
v -4.522241 3.361316 8.823985
v -4.454260 3.364623 8.775552
v -4.526081 3.364995 8.635293
v -4.275715 3.191120 8.945888
v -2.573188 3.009482 9.501187
v -2.551884 2.924556 9.508568
v -2.719502 2.879388 9.531562
v -2.728904 2.970428 9.533860
v -3.074801 2.965563 9.511104
v -3.080473 2.923661 9.543589
v -3.273814 2.919131 9.518505
v -3.251072 2.965196 9.479751
v -3.659321 2.954465 9.405707
v -3.641876 2.996738 9.363626
v -3.450906 2.974264 9.429101
v -3.477899 2.929056 9.472790
v -3.095033 2.820536 9.532145
v -3.311423 2.808011 9.504408
v -3.538956 2.814704 9.454209
v -4.013857 3.079185 9.168652
v -4.058815 3.044455 9.198194
v -4.160080 3.135119 9.054493
v -2.459017 3.097637 9.403672
v -2.595366 3.051988 9.455360
v -2.742664 3.013222 9.490391
v -2.274703 3.034637 9.427850
v -2.428577 3.052864 9.455851
v -2.302279 3.096644 9.397170
v -1.878192 3.129493 9.303691
v -1.769909 3.204285 9.246398
v -2.341028 3.135636 9.345983
v -1.995649 3.143836 9.288389
v -1.977960 3.177613 9.232112
v -1.871307 3.170635 9.247071
v -1.973741 3.239892 9.148680
v -1.918842 3.166758 9.244874
v -1.917707 3.225691 9.165264
v -4.039630 3.508099 9.300375
v -4.088159 3.517499 9.376726
v -4.217058 3.482244 9.258264
v -3.571084 3.610456 9.638165
v -3.544312 3.592108 9.566408
v -3.596455 3.713205 9.672285
v -2.495452 3.610846 9.531358
v -2.668742 3.638644 9.599735
v -4.129511 3.598476 9.410737
v -4.265772 3.552710 9.288929
v -4.166127 3.468565 9.197674
v -2.516673 3.589569 9.474802
v -2.678409 3.615832 9.545116
v -2.362918 3.560471 9.392045
v -2.337749 3.578467 9.458602
v -1.790181 3.224676 9.208513
v -1.838345 3.257622 9.162546
v -1.863949 3.272078 9.146165
v -1.915954 3.250129 9.144950
v -1.972601 3.270341 9.126879
v -1.840263 3.288151 9.153206
v -1.787961 3.280213 9.197574
v -1.823936 3.335506 9.200665
v -1.888623 3.381243 9.206221
v -1.857452 3.382616 9.269725
v -1.794730 3.336316 9.246377
v -1.753870 3.273915 9.225216
v -1.871449 3.328510 9.140416
v -1.860281 3.289756 9.143657
v -3.632578 3.868461 9.686998
v -2.491265 3.982704 9.603849
v -2.488439 3.828330 9.606504
v -2.675217 3.867981 9.663345
v -2.691582 4.031645 9.661228
v -2.299212 3.776060 9.533734
v -2.283687 3.903141 9.537554
v -2.711705 4.202337 9.659948
v -2.496642 4.137372 9.606949
v -2.269995 4.031145 9.544376
v -2.102737 3.821364 9.481586
v -2.130226 3.716987 9.471384
v -2.156565 3.615106 9.438242
v -2.069242 3.920605 9.498923
v -2.182937 4.267838 9.666061
v -2.770441 4.514959 9.780593
v -2.481854 4.461300 9.762549
v -2.819424 4.673525 9.905511
v -2.311458 3.665562 9.502998
v -2.493476 3.702709 9.575696
v -2.667487 3.728764 9.637119
v -1.929443 3.373534 9.123488
v -1.945117 3.353447 9.107990
v -2.091990 3.460147 9.245173
v -2.214051 3.508304 9.317029
v -1.887560 3.316905 9.125525
v -1.551581 4.092604 9.665751
v -2.898515 2.844670 9.543884
v -2.897772 2.940880 9.549116
v -2.902666 2.985536 9.509780
v -2.056691 3.479665 9.321765
v -1.939541 3.127403 9.300602
v -2.097617 3.177916 9.250726
v -2.015988 3.540761 9.378650
v -1.978451 3.621497 9.416243
v -1.936788 3.713696 9.425393
v -1.887124 3.798696 9.445425
v -1.717750 3.982126 9.562931
v -1.880633 3.223607 9.175118
v -1.887834 3.241431 9.158062
v -1.957540 3.327286 9.106848
v -1.898891 3.295991 9.125456
v -3.468781 4.681950 9.835092
v -3.414232 4.576617 9.767514
v -3.299953 4.260322 9.722493
v -3.266553 4.084273 9.738434
v -3.235727 3.899489 9.747207
v -3.205839 3.746808 9.726124
v -3.178364 3.644832 9.694351
v -3.167294 3.624766 9.631738
v -4.064598 4.553174 9.648531
v -4.009506 4.459512 9.602986
v -3.901075 4.154531 9.576800
v -3.868335 3.996633 9.599357
v -3.836962 3.829910 9.618679
v -3.797128 3.685368 9.605124
v -3.762591 3.585432 9.567801
v -3.723822 3.571794 9.495110
v -4.453383 4.056506 9.233274
v -4.304868 4.156413 9.370307
v -3.951104 4.321051 9.581586
v -3.753224 4.380939 9.652983
v -3.355867 4.432423 9.732079
v -2.738562 4.352504 9.697898
v -2.495846 4.279444 9.655239
v -2.238952 4.141188 9.586392
v -2.020517 4.013870 9.538699
v -1.822751 3.883189 9.486319
v -4.827527 3.782809 8.780596
v -4.703146 3.576531 8.797134
v -4.659273 3.482760 8.827353
v -4.599019 3.410823 8.836237
v -4.753915 3.681282 8.776241
v -4.876609 3.608044 8.628531
v -4.769094 3.432410 8.652637
v -2.115293 3.211444 9.199745
v -4.794021 3.349941 8.563085
v -4.720084 3.294034 8.582491
v -7.007691 4.776385 4.791137
v -6.903326 4.667268 5.117033
v -6.799533 4.560321 5.427675
v -6.503146 4.255307 6.285205
v -6.298646 4.048520 6.828300
v -6.179667 3.940043 7.092176
v -6.043427 3.830750 7.351659
v -5.883822 3.728510 7.609844
v -5.711209 3.649001 7.835318
v -5.549139 3.594627 8.011127
v -5.413728 3.567358 8.143992
v -5.294199 3.553668 8.252171
v -4.856894 3.410918 8.540630
v -4.916912 3.488726 8.524056
v -5.108742 3.743920 8.543054
v -6.884833 5.352719 5.096288
v -6.778400 5.217872 5.399090
v -6.672180 5.087171 5.688060
v -6.389224 4.704950 6.499001
v -6.209739 4.442774 7.013384
v -6.111499 4.303737 7.261557
v -6.002041 4.159941 7.503070
v -5.868835 4.018612 7.738461
v -5.715198 3.901543 7.946457
v -5.567523 3.811380 8.106907
v -5.442598 3.753865 8.223694
v -5.341988 3.717460 8.310914
v -5.052258 3.659432 8.530627
v -4.986257 3.571953 8.521874
v -2.555256 -4.551069 10.415207
v -2.705158 -4.541832 10.321519
v -2.881472 -4.520535 10.196468
v -6.079022 -4.622644 4.175139
v -6.034141 -4.636601 4.987413
v -5.958359 -4.636882 5.400252
v -5.851058 -4.632573 5.812919
v -5.568846 -4.615509 6.634574
v -5.187707 -4.590008 7.423302
v -4.430366 -4.557175 8.616633
v -4.172330 -4.547412 8.962341
v -3.280937 -4.505714 9.880680
v -3.075649 -4.510503 10.049481
v -3.022166 -4.781086 10.063087
v -5.772237 -5.187533 4.234526
v -5.753468 -5.187824 5.016061
v -5.690476 -5.178784 5.414944
v -5.600091 -5.164176 5.815691
v -5.350279 -5.121960 6.624786
v -5.013413 -5.064542 7.415044
v -4.326829 -4.968826 8.617060
v -4.085438 -4.936357 8.962859
v -4.845664 -6.130771 6.601914
v -4.251066 -5.896863 8.246519
v -4.739285 -6.087613 7.001035
v -3.407995 -5.628746 9.517975
v -3.609232 -5.691381 9.273501
v -3.823298 -5.758862 8.981342
v -4.421191 -5.444197 8.239158
v -4.981801 -5.592003 7.012404
v -3.530789 -5.228382 9.510176
v -3.740163 -5.283359 9.265395
v -3.965722 -5.338396 8.972028
v -2.160975 -7.209338 10.172361
v -1.940284 -7.464383 10.278008
v -0.760829 -8.147135 10.658774
v -5.442755 -5.712622 4.672304
v -5.399874 -5.705205 3.965132
v -5.069331 -6.193737 4.733462
v -5.021368 -6.197222 4.061838
v -4.461041 -6.572694 6.982318
v -4.536446 -6.608775 6.588423
v -4.665364 -6.646416 4.790060
v -4.624074 -6.677237 4.145789
v -4.187347 -7.052550 6.582457
v -4.143449 -7.035401 6.973733
v -4.250168 -7.077754 4.847740
v -4.220640 -7.147927 4.227384
v -3.801357 -7.447789 6.586746
v -3.780647 -7.451398 6.974460
v -3.827164 -7.489462 4.913474
v -3.816403 -7.602529 4.326178
v -2.554647 -7.101324 9.915633
v -2.344558 -7.415281 10.013018
v -2.112779 -7.702057 10.119127
v -0.812642 -8.492295 10.472781
v -2.741275 -7.259742 9.712762
v -2.517590 -7.609853 9.802880
v -2.265342 -7.927821 9.897487
v -0.848658 -8.791027 10.185664
v -2.393065 -8.128377 9.601411
v -0.866850 -9.000350 9.797189
v -3.292832 -7.739230 8.311585
v -3.072214 -7.543190 9.127979
v -2.917347 -7.407691 9.452185
v -3.399213 -7.785838 6.601196
v -3.393686 -7.800702 6.991202
v -2.672228 -7.783981 9.527127
v -2.798174 -7.932327 9.179558
v -2.939846 -8.106001 8.330201
v -2.990207 -8.078878 6.628517
v -2.996485 -8.103231 7.013782
v -2.156413 -8.672713 8.356554
v -2.158677 -8.598429 7.061051
v -0.868220 -9.043993 7.115460
v -2.145241 -8.574384 6.690637
v -2.559161 -8.413383 8.342310
v -2.582419 -8.367752 7.033952
v -2.571751 -8.344210 6.659449
v -6.578172 -2.797248 3.118928
v -5.357456 -5.701314 3.635397
v -5.690989 -5.173211 3.513857
v -5.985399 -4.603793 3.402905
v -6.427425 -3.406456 3.223245
v -3.820575 -7.538085 4.614787
v -4.236959 -7.106002 4.534629
v -4.647162 -6.658060 4.463575
v -5.052087 -6.194773 4.391981
v -4.986834 -6.206782 3.742197
v -4.600296 -6.706500 3.834047
v -4.207441 -7.199981 3.932665
v -3.822319 -7.683261 4.054193
v -5.037253 -6.188017 5.448261
v -4.659254 -6.641355 5.476645
v -4.257051 -7.056316 5.504098
v -3.833608 -7.435066 5.535997
v -2.128154 -8.573921 6.352110
v -2.556369 -8.339803 6.312469
v -2.982197 -8.070938 6.274777
v -3.403182 -7.769652 6.246056
v -3.815944 -7.437755 6.219860
v -4.216284 -7.055447 6.206980
v -4.591916 -6.627965 6.205403
v -4.930301 -6.160875 6.208498
v -5.226897 -5.661830 6.213892
v -1.714429 -8.763561 6.722807
v -1.730911 -8.792171 7.086594
v -1.734942 -8.885943 8.373054
v -7.265713 2.566763 4.373580
v -7.197678 2.538455 4.770921
v -7.112591 2.515286 5.161242
v -6.765938 2.480427 6.193713
v -6.430168 2.486707 6.840048
v -6.217226 2.499912 7.160976
v -5.972606 2.520779 7.471901
v -5.687799 2.553237 7.773951
v -5.413222 2.609079 8.008984
v -4.010634 2.877569 9.263587
v -3.873573 2.996383 9.307730
v -3.838490 3.035967 9.270386
v -7.268221 2.212411 4.371181
v -7.207396 2.192605 4.779611
v -7.124797 2.178502 5.179289
v -6.768764 2.176800 6.261060
v -6.424131 2.216544 6.932077
v -6.203195 2.251599 7.264245
v -5.941728 2.297776 7.585140
v -5.642801 2.353881 7.889230
v -0.867667 -9.160172 8.397394
v -0.842658 -9.017318 6.449541
v -1.696277 -8.765459 6.393147
v -0.418741 -9.080634 6.462080
v -0.427283 -9.074895 6.770612
v -0.434350 -9.108805 7.123044
v -0.433765 -9.222828 8.394806
v -0.434599 -9.166738 9.352615
v -0.432037 -9.056928 9.811888
v -0.424884 -8.852143 10.208173
v -0.410158 -8.554741 10.504995
v -0.386184 -8.208019 10.692844
v -0.354239 -7.848641 10.794127
v -0.322650 -7.486986 10.826941
v -0.294964 -7.132887 10.813599
v -0.269516 -6.775315 10.796810
v -0.258105 -6.464763 10.909516
v -1.743446 3.182148 9.296635
v -1.722466 3.264678 9.266611
v -1.758300 3.342664 9.284187
v -1.395866 3.665827 9.467793
v -1.233732 3.718102 9.590618
v -1.711507 3.352281 9.320579
v -1.682181 3.260388 9.310980
v -1.700286 3.161037 9.340348
v -1.764188 3.439109 9.343877
v -1.816643 3.406061 9.314996
v -1.702782 3.481853 9.355401
v -1.627486 3.536749 9.368102
v -1.530548 3.606948 9.397569
v -1.539727 3.252456 9.393614
v -1.551948 3.396484 9.366916
v -1.060351 3.764790 9.780729
v -1.905549 3.038747 9.376619
v -1.849708 2.958192 9.412500
v -5.117098 -1.044443 8.673457
v -4.913701 -0.703667 8.935237
v -4.682667 -0.405092 9.153482
v -4.425922 -0.131491 9.332313
v -4.160804 0.117239 9.465111
v -3.885986 0.340867 9.558267
v -1.912515 2.776916 9.442160
v -1.853699 2.698976 9.474567
v -5.009347 3.301208 8.341254
v -4.892896 3.324918 8.450502
v -5.236982 3.782574 8.456033
v -4.962048 3.396047 8.433400
v -5.027915 3.471607 8.425591
v -5.092115 3.552171 8.429591
v -5.146306 3.636255 8.440495
v -5.190888 3.712564 8.453247
v -5.277774 3.755235 8.397457
v -5.077364 3.382500 8.331067
v -5.139955 3.468144 8.333676
v -5.191906 3.550489 8.344036
v -5.231376 3.630017 8.361106
v -5.260161 3.702633 8.381478
v -1.451420 3.427489 9.402511
v -1.318918 3.452566 9.475769
v -1.438935 3.246415 9.445286
v -1.312166 3.243682 9.520853
v -0.536463 3.881546 10.485951
v -0.740389 3.836270 10.270468
v -0.510858 3.666328 10.542065
v 0.000002 4.369559 10.691058
v -4.635065 -5.497077 7.825187
v -4.800873 -5.030853 7.824008
v -4.948561 -4.578107 7.830331
v -5.169062 -3.690215 7.889811
v -5.235760 -3.256118 7.943738
v -5.285525 -2.820102 8.017851
v -5.318229 -2.378865 8.116876
v -5.327005 -1.919168 8.241366
v -5.283860 -1.444535 8.410528
v -2.852109 1.053585 9.734472
v -2.619038 1.211396 9.763804
v -2.397830 1.369789 9.797874
v -2.186928 1.531107 9.834118
v -1.988289 1.699328 9.881066
v -1.071522 1.458680 11.169672
v -0.692067 1.868446 11.591949
v -0.201416 2.079395 11.888235
v -0.385897 2.037587 11.819101
v -1.314673 1.109403 10.890098
v -1.193232 1.290452 11.028466
v -1.526253 1.077395 10.579260
v -1.655199 0.864394 10.465252
v -1.436189 0.912277 10.757251
v -1.550325 0.701390 10.628162
v -1.751609 0.217653 10.389466
v -1.656060 0.471470 10.504485
v -0.000000 -9.098361 6.771616
v 0.000000 -9.132511 7.117304
v 0.000000 -8.570526 10.510079
v 0.000000 -8.227325 10.702962
v 0.000000 -7.866745 10.806924
v 0.000000 -9.073845 9.818427
v -0.000000 -8.865702 10.213292
v -0.000000 -9.248951 8.394835
v -0.000000 -7.502434 10.842139
v 0.000000 -9.186343 9.357930
v 0.000000 -9.105682 6.460582
v -0.000000 3.532382 10.847539
v 0.000004 6.431002 10.710581
v 0.000001 8.276789 10.128237
v 0.000003 7.282251 10.444473
v 0.000001 7.932844 10.236397
v 0.000000 8.637041 10.010098
v 0.000000 3.935867 10.696478
v 0.000000 3.733604 10.751405
v -0.000000 2.098521 11.921077
v -4.370288 3.412310 8.923313
v -4.430862 3.400607 8.975102
v -4.499125 3.456502 8.996174
v -4.559637 3.541661 8.995673
v -4.596849 3.649139 8.958611
v -4.641387 3.758911 8.928733
v -4.709823 3.869320 8.929151
v -4.775880 3.976563 8.957445
v -4.850367 4.079130 8.977254
v -4.934063 4.190138 8.990080
v -5.038853 4.322175 8.974442
v -5.175107 4.484414 8.919283
v -5.323379 4.684179 8.811858
v -5.457016 4.901755 8.642060
v -5.549141 5.111667 8.430336
v -5.620752 5.311090 8.204348
v -5.687255 5.497956 7.982077
v -5.844859 5.865231 7.547974
v -6.125840 6.420376 6.875150
v -6.225784 6.615514 6.634426
v -6.326655 6.813770 6.384273
v -6.515226 7.219310 5.845445
v -5.912415 7.902224 6.795228
v -5.731821 7.447286 7.299369
v -5.634072 7.226727 7.530725
v -5.533161 7.007539 7.752402
v -5.231164 6.387941 8.365528
v -5.059195 5.991622 8.747557
v -4.985546 5.795562 8.943294
v -4.912717 5.593085 9.137855
v -4.825591 5.378367 9.317640
v -4.708670 5.149806 9.455440
v -4.567395 4.929901 9.543303
v -4.431374 4.741805 9.577314
v -4.326755 4.590078 9.578190
v -4.252695 4.472907 9.547849
v -4.196946 4.375708 9.505155
v -4.138429 4.245006 9.486924
v -4.088595 4.086107 9.485744
v -4.050301 3.933748 9.505741
v -4.018115 3.776896 9.523278
v -3.977048 3.644651 9.511824
v -3.938516 3.550985 9.474689
v -3.897862 3.541023 9.406055
v -4.786861 8.538088 8.025848
v -4.614742 7.995880 8.451297
v -4.515512 7.734656 8.645247
v -4.412031 7.479634 8.830440
v -4.107659 6.753484 9.324566
v -3.949821 6.309765 9.629869
v -3.882102 6.095495 9.777962
v -3.808980 5.878987 9.912904
v -3.722660 5.651273 10.020360
v -3.623387 5.417674 10.084054
v -3.514144 5.194749 10.096257
v -3.407176 4.995979 10.047770
v -3.319841 4.827680 9.961645
v -3.252244 4.690045 9.867847
v -3.207590 4.573059 9.786813
v -3.167808 4.433812 9.738793
v -3.110980 4.257820 9.720338
v -3.080376 4.079493 9.733131
v -3.051014 3.900147 9.737886
v -3.024772 3.748434 9.715675
v -3.007748 3.650277 9.677028
v -3.007947 3.626048 9.618948
v -2.195198 4.915147 10.307981
v -7.245008 1.096661 4.436688
v -6.708146 1.168743 6.552105
v -7.094938 1.091400 5.311193
v -7.184192 1.089978 4.876521
v -7.128680 -0.446947 3.771185
v -7.100653 -0.521942 4.642074
v -6.931653 -0.579861 5.596569
v -7.031333 -0.555073 5.115615
v -2.065183 2.662354 9.451296
v -2.014121 2.574846 9.474592
v -2.345053 2.239856 9.507113
v -2.197852 1.975022 9.626052
v -2.100197 1.840540 9.740934
v -2.431290 2.467206 9.462778
v -2.393769 2.359797 9.477438
v -2.660306 2.481389 9.459404
v -2.682760 2.584476 9.474846
v -2.564506 2.130360 9.499731
v -2.417750 1.842192 9.607217
v -2.310776 1.690246 9.706719
v -2.637718 2.375108 9.460483
v -2.606575 2.258561 9.475483
v -2.883467 2.407542 9.442454
v -2.898275 2.519765 9.461882
v -2.798298 2.026418 9.486041
v -2.649331 1.716403 9.587072
v -2.532643 1.548455 9.680038
v -2.860911 2.289723 9.442195
v -2.836738 2.164220 9.460366
v -3.130301 2.341000 9.407835
v -3.139655 2.466481 9.430987
v -3.054461 1.929858 9.460777
v -2.893027 1.593465 9.558200
v -2.767126 1.409981 9.648601
v -3.116348 2.211709 9.408280
v -3.092092 2.075855 9.429829
v -3.415043 2.289034 9.344571
v -3.407226 2.427516 9.374235
v -3.337097 1.836197 9.417069
v -3.150916 1.472912 9.521032
v -3.013126 1.270466 9.615124
v -3.404506 2.143867 9.348009
v -3.382455 1.992972 9.377930
v -3.707055 2.412350 9.282330
v -2.490314 2.656667 9.470715
v -2.462714 2.563918 9.460390
v -2.700079 2.685322 9.497911
v -2.908644 2.631207 9.492372
v -3.135617 2.589125 9.469237
v -3.389276 2.562780 9.423600
v -2.711743 2.783161 9.519182
v -2.908434 2.739860 9.522939
v -3.122779 2.708400 9.504982
v -3.355729 2.691265 9.470959
v -2.532463 2.837643 9.501877
v -2.514648 2.748788 9.488180
v -3.664517 2.556703 9.348287
v -3.606016 2.691315 9.410337
v -4.028508 2.426184 9.141665
v -3.956996 2.581800 9.226183
v -3.868055 2.715579 9.318045
v -4.344343 2.480891 8.955476
v -4.237922 2.633893 9.061978
v -4.129078 2.764271 9.172430
v -4.563370 2.579821 8.793962
v -4.441092 2.707024 8.910103
v -4.332955 2.821495 9.028603
v -4.720078 2.696835 8.639092
v -4.594031 2.806638 8.765094
v -4.477174 2.909690 8.899137
v -4.832449 2.833573 8.500942
v -4.707809 2.912977 8.626731
v -4.594592 2.999512 8.761461
v -5.581746 3.113647 7.806515
v -5.219262 3.152515 8.128284
v -5.070275 3.182180 8.254000
v -5.387772 3.126257 7.984003
v -4.934843 3.216717 8.365862
v -4.820737 3.253002 8.478849
v -3.733822 2.253926 9.245120
v -3.728324 2.086660 9.256583
v -3.695602 1.917657 9.299784
v -3.637269 1.742503 9.355053
v -3.425670 1.350793 9.482821
v -3.271646 1.126374 9.576826
v -3.094792 0.890592 9.701529
v -2.680735 0.399479 9.963971
v -2.450704 0.144431 10.066482
v -2.230573 -0.106905 10.143652
v -2.032068 -0.357422 10.199630
v -1.905437 -0.620228 10.282955
v -1.786530 -0.853527 10.389746
v -1.533027 -1.145842 10.656724
v -1.243513 -1.221934 10.907312
v -1.100619 -1.223837 11.028657
v -0.970584 -1.212822 11.141994
v -0.849882 -1.202197 11.242771
v -0.472924 -1.185080 11.464998
v -0.228789 -1.222925 11.540659
v -0.113782 -1.231816 11.555040
v 0.000000 -1.231643 11.556880
v -4.321870 0.915462 9.303340
v -4.121266 0.630824 9.427155
v -4.604223 1.437053 9.052540
v -4.695616 1.674847 8.917337
v -4.782165 1.904046 8.773594
v -4.637256 0.724539 9.184051
v -4.416266 0.420678 9.320272
v -4.948495 1.297621 8.897905
v -5.048558 1.555990 8.741322
v -4.088844 2.243086 9.096264
v -4.070904 2.043660 9.130037
v -4.023482 1.848435 9.196390
v -3.952249 1.651074 9.274133
v -3.716168 1.227051 9.436908
v -3.544860 0.978351 9.539423
v -3.349670 0.720683 9.664830
v -2.898195 0.199220 9.935577
v -2.653273 -0.067066 10.039871
v -2.422118 -0.328398 10.120522
v -2.207903 -0.583846 10.184833
v -2.037390 -0.826185 10.280485
v -1.888776 -1.040506 10.412436
v -1.595304 -1.304299 10.719134
v -1.278026 -1.382882 10.987712
v -1.127540 -1.384015 11.106268
v -0.991721 -1.373391 11.212509
v -0.862834 -1.362463 11.305507
v -0.481271 -1.356521 11.507569
v -0.236653 -1.366148 11.559677
v -0.118299 -1.366866 11.563876
v 0.000000 -1.364214 11.562142
v -5.808217 3.120702 7.568118
v -6.033717 3.144732 7.284310
v -6.232151 3.177836 6.991935
v -6.403926 3.214866 6.701270
v -6.685821 3.298640 6.116323
v -7.018854 3.445803 5.175647
v -7.117307 3.503909 4.820072
v -7.206861 3.565689 4.450675
v -5.257134 2.839011 8.099944
v -5.179074 2.674405 8.196450
v -5.202657 2.027425 8.419925
v -5.540854 1.925352 8.182783
v -5.859628 1.820876 7.882915
v -6.138877 1.720933 7.546451
v -6.377064 1.635738 7.184298
v -6.740170 1.522009 6.433434
v -7.113745 1.468625 5.252807
v -7.203405 1.470768 4.831448
v -7.260761 1.479300 4.402216
v -4.870800 2.136653 8.631135
v -4.947360 0.509850 9.005624
v -4.704342 0.186151 9.164904
v -5.291612 1.136257 8.692757
v -5.401413 1.423063 8.528371
v -5.243879 0.275560 8.768812
v -4.983434 -0.072099 8.953706
v -5.615370 0.960074 8.418987
v -5.725988 1.273280 8.242680
v -5.529459 0.029891 8.470531
v -5.249987 -0.353221 8.689644
v -5.904263 0.780299 8.081349
v -6.011397 1.121368 7.897803
v -5.807791 -0.226053 8.106750
v -6.161996 0.615542 7.695908
v -6.259183 0.984726 7.515404
v -6.990985 -0.133800 5.527328
v -7.036971 0.293197 5.452264
v -7.069237 0.700848 5.378064
v -7.086837 -0.120529 5.054319
v -7.127771 0.299172 4.989362
v -7.158982 0.702394 4.928121
v -7.150244 -0.096887 4.585974
v -7.188982 0.313406 4.527407
v -7.219492 0.711006 4.478379
v -7.367133 3.003636 3.577858
v -7.352146 2.639783 3.531959
v -7.358180 3.693319 3.693354
v -7.297668 4.348522 3.856448
v -7.331828 4.023964 3.763298
v -7.255700 4.670473 3.972438
v -7.025330 5.922702 4.659342
v -7.095721 5.619681 4.455344
v -6.945310 6.214413 4.880749
v -6.854951 6.491898 5.114138
v -6.751218 6.752369 5.353772
v -7.157057 5.307541 4.271114
v -7.210474 4.990345 4.109857
v -7.330842 2.262373 3.506478
v -7.305195 1.877038 3.521205
v -7.279948 1.496137 3.553837
v -7.256739 1.115656 3.596516
v -7.165284 -0.041831 3.728056
v -7.195906 0.350721 3.687691
v -7.225826 0.733706 3.642497
v -4.989170 2.328349 8.474094
v -4.886491 2.591993 8.498158
v -4.991713 2.752309 8.358632
v -5.079298 2.903273 8.252775
v -6.858263 -1.044746 5.656879
v -7.048009 -0.335061 3.009573
v -1.074456 9.443078 9.599801
v -1.034993 8.721131 9.915734
v -1.008717 8.366737 10.041106
v -0.980459 8.026312 10.155009
v -0.922175 7.385581 10.377884
v -0.845921 6.531161 10.673974
v -1.135596 6.588923 10.643008
v -1.241842 7.439020 10.326819
v -1.317110 8.072381 10.096946
v -1.354832 8.410376 9.979273
v -1.387681 8.760936 9.849880
v -1.437566 9.474060 9.522138
v -1.694745 4.496492 9.989196
v -1.966617 4.394208 9.798807
v -1.884710 4.636466 10.088518
v -1.663542 -0.866700 10.552004
v -1.663835 -1.035674 10.527263
v -1.748555 -1.206110 10.570450
v -1.391830 -1.034331 10.794072
v -1.383044 -1.204482 10.787617
v -1.433722 -1.355749 10.857227
v -7.083038 0.033649 2.975442
v -7.119620 0.397678 2.938255
v -7.156490 0.760426 2.887575
v -7.191648 1.119777 2.824899
v -7.230764 1.483894 2.741738
v -7.280192 1.867914 2.632566
v -7.349847 2.327410 2.470840
v -7.412995 2.767861 2.625695
v -7.453047 3.140260 2.738423
v -7.486136 3.831402 2.918230
v -7.478168 4.172191 3.009456
v -7.149593 6.530519 4.230378
v -7.054279 6.839592 4.478979
v -6.823564 7.399161 4.996862
v -6.945867 7.130255 4.735570
v -6.691044 7.641131 5.255479
v -6.396742 8.052913 5.758772
v -6.237678 8.220710 5.999522
v -5.684875 8.677513 6.723210
v -5.896042 8.516225 6.466967
v -5.182302 8.979274 7.268768
v -4.908328 9.107359 7.536805
v -4.338568 9.315201 8.044118
v -4.030437 9.393501 8.290888
v -3.345252 9.500907 8.761075
v -6.073270 8.372509 6.233158
v -7.460773 4.511411 3.116606
v -7.435318 4.852797 3.245599
v -7.229724 6.208372 3.992206
v -7.296669 5.876574 3.772462
v -7.353227 5.537114 3.573957
v -7.399309 5.194971 3.397629
v -0.724235 2.094831 11.366824
v -0.858355 1.959283 11.224431
v -1.747815 1.397380 10.213363
v -1.631353 1.240672 10.395872
v -0.496915 3.231342 10.796624
v -0.000000 3.326276 10.980321
v -0.849586 2.736170 10.612191
v -2.969812 9.528100 8.972219
v -2.886374 8.859068 9.362860
v -2.828399 8.529740 9.518143
v -2.761282 8.209134 9.656440
v -2.621289 7.606734 9.915873
v -2.434515 6.794107 10.295512
v -0.894045 2.968398 10.284136
v -0.844860 3.287626 10.147782
v -0.850955 3.552788 10.062957
v -1.057800 3.004525 9.931731
v -1.000278 3.260679 9.870634
v -1.000955 3.515297 9.810969
v -0.902992 3.799513 10.021243
v -1.114169 4.232204 10.054823
v -2.064146 5.136853 10.520853
v -2.156286 5.280798 10.570504
v -1.476985 3.079444 9.487971
v -1.353848 3.049818 9.561923
v -1.209736 3.027526 9.702074
v -1.159320 3.247337 9.656593
v -1.162446 3.482714 9.609018
v -2.404244 2.978332 9.471981
v -2.377781 2.900568 9.473219
v -2.348509 2.820710 9.467020
v -2.316202 2.736327 9.457795
v -2.278604 2.652056 9.453876
v -2.240405 2.564421 9.459323
v -2.197245 2.465955 9.477514
v -2.140913 2.354722 9.507708
v -1.989660 2.115642 9.644820
v -1.897883 1.999918 9.778623
v -1.797779 1.875869 9.936053
v -1.584120 1.592489 10.300196
v -1.484972 1.438626 10.497152
v -1.391837 1.276238 10.695002
v -1.259030 1.463283 10.818568
v -1.126306 1.640073 10.948888
v -0.405536 2.295094 11.618250
v -0.211003 2.342840 11.691988
v 0.000000 2.360749 11.725080
v -2.110588 2.746087 9.440938
v -2.156010 2.824914 9.439036
v -2.202852 2.898211 9.440540
v -2.239847 2.967999 9.440055
v -1.965439 2.851532 9.427471
v -2.022171 2.922395 9.417149
v -1.990658 3.061705 9.360967
v -2.046620 3.092114 9.340916
v -2.135349 3.159545 9.287132
v 0.000001 4.145761 10.678135
v -0.573586 4.098094 10.468848
v -0.801817 4.058109 10.259946
v -0.990989 4.027890 10.018261
v -1.177245 3.990532 9.785247
v -1.373181 3.923017 9.611414
v -1.536422 3.835877 9.507566
v -1.652204 3.743677 9.435587
v -1.733042 3.666303 9.395720
v -1.794745 3.592421 9.379090
v -1.851737 3.527337 9.372544
v -1.902481 3.473646 9.341325
v -1.946966 3.429073 9.292659
v -1.980514 3.432961 9.214138
v -2.011105 3.418942 9.110359
v -2.019291 3.393786 9.095997
v -2.027448 3.362969 9.092142
v -2.037477 3.296270 9.107651
v -2.043534 3.261693 9.127288
v -2.043422 3.191611 9.216157
v -2.050038 3.159431 9.265504
v -2.091392 3.124561 9.316339
v -2.168289 3.085626 9.373714
v -2.205715 3.133932 9.339092
v -2.081372 2.980882 9.407444
v -2.130053 3.035345 9.397462
v -0.325293 4.357895 10.628292
v -0.301599 4.131250 10.617037
v -0.284426 3.919403 10.636935
v -0.272219 3.713936 10.693978
v -0.266048 3.508657 10.794539
v -0.260391 3.300960 10.933641
v -2.242011 3.168157 9.289210
v -2.169981 3.193034 9.241883
v -0.361774 9.390676 9.693568
v -0.347155 8.652040 9.996576
v -0.337527 8.293206 10.116284
v -0.327564 7.945719 10.226669
v -0.308310 7.303043 10.434759
v -0.286702 6.445639 10.703201
v 0.000006 5.682353 10.823739
v -0.282016 5.695440 10.815068
v -0.555483 5.721177 10.801981
v -1.096307 5.825332 10.775265
v -1.373878 5.891769 10.750945
v -3.702931 -4.517565 9.495297
v -3.489764 -4.506499 9.693454
v -3.925797 -4.534504 9.253148
v -3.631103 -4.860097 9.499459
v -3.426693 -4.824517 9.704301
v -3.850137 -4.897130 9.258425
v -3.221434 -4.798644 9.888202
v -2.179875 4.546489 9.897310
v -2.583471 4.666832 9.937346
v -2.443371 4.870828 10.184649
v -2.535420 5.043152 10.317238
v -2.618191 5.236589 10.410520
v -2.689667 5.448716 10.453764
v -2.756496 5.673732 10.447433
v -2.814804 5.899606 10.397488
v -2.869624 6.125216 10.319790
v -2.927064 6.354448 10.223241
v -3.054564 6.831889 9.987700
v -3.288893 7.621673 9.578916
v -3.372829 7.905459 9.434775
v -3.454211 8.199866 9.287562
v -3.603178 8.818961 8.956120
v -3.699553 9.455151 8.530791
v -1.811213 9.502647 9.424903
v -1.752272 8.799803 9.767090
v -1.710962 8.453161 9.900921
v -1.666688 8.119081 10.021622
v -1.573563 7.490489 10.258858
v -1.443282 6.648548 10.593878
v -1.666969 5.958617 10.710173
v -2.053683 4.773361 10.198489
v -2.328582 4.708658 10.037735
v -0.732768 -6.447527 10.856256
v -0.761280 -6.751687 10.723709
v -1.255445 -6.900704 10.583865
v -1.393530 -7.153489 10.535626
v -1.539360 -7.418376 10.478726
v -1.694437 -7.691855 10.391263
v -1.849675 -7.963389 10.233329
v -1.978732 -8.214581 9.991096
v -2.074377 -8.429718 9.663084
v -2.128362 -8.578145 9.254870
v -1.731221 -8.825684 9.290812
v -1.706878 -8.688584 9.717406
v -1.642918 -8.469169 10.077697
v -1.542702 -8.190687 10.332186
v -1.417049 -7.884901 10.498871
v -1.293722 -7.580053 10.581381
v -1.167911 -7.283041 10.625482
v -1.055132 -7.002053 10.647614
v -6.234897 -3.995105 3.311590
v -6.326204 -4.027386 4.119080
v -6.269501 -4.067122 4.957587
v -6.186408 -4.085657 5.381614
v -6.072395 -4.096458 5.806465
v -5.762220 -4.107025 6.641471
v -5.335578 -4.119040 7.446790
v -5.071117 -4.131094 7.852062
v -4.500659 -4.160962 8.627154
v -4.225183 -4.177640 8.966151
v -3.968001 -4.191112 9.256185
v -3.734063 -4.200391 9.495201
v -3.521226 -4.216702 9.698933
v -3.311530 -4.245095 9.886518
v -3.104557 -4.274220 10.052938
v -2.903828 -4.304700 10.191687
v -2.721047 -4.349279 10.310943
v -2.572213 -4.399222 10.402591
v -3.390031 -7.880811 4.978824
v -3.405335 -8.046103 4.436521
v -3.395531 -7.955286 4.699553
v -3.430249 -8.160967 4.186389
v -3.400180 -7.789993 5.582562
v -2.966948 -8.114002 5.643538
v -2.526170 -8.401332 5.701396
v -2.984038 -8.470692 4.569274
v -2.966975 -8.348331 4.809443
v -3.029819 -8.618868 4.342209
v -2.094532 -8.663760 5.756665
v -2.638033 -9.035865 4.525950
v -2.577421 -8.858177 4.728415
v -2.545815 -8.705280 4.940561
v -1.840380 -9.743942 4.903875
v -1.778145 -9.518059 5.089279
v -1.726473 -9.319123 5.254229
v -1.405827 -10.012232 5.048729
v -1.349624 -9.761738 5.230914
v -1.306874 -9.540324 5.391211
v -1.267040 -8.913404 6.426944
v -1.284647 -8.910348 6.744680
v -1.303218 -8.941483 7.105965
v -1.302425 -9.049487 8.388266
v -1.307123 -9.001698 9.320742
v -1.297729 -8.881680 9.765714
v -1.260962 -8.665229 10.143270
v -1.194424 -8.370905 10.413664
v -1.107925 -8.038048 10.589791
v -1.011033 -7.705642 10.678866
v -0.911707 -7.379922 10.712720
v -0.825717 -7.068689 10.715058
v -1.703504 -6.069072 10.744006
v -1.489143 -6.256551 10.746140
v -1.236743 -6.440586 10.734278
v -1.153873 -6.690897 10.649255
v -4.439128 3.385165 8.612507
v -4.232287 3.212641 8.928718
v -4.119944 3.162169 9.032464
v -3.976828 3.112912 9.139398
v -3.814868 3.073982 9.234262
v -3.625402 3.034944 9.326218
v -3.442115 3.010369 9.394698
v -3.250930 2.999048 9.446497
v -3.075540 3.001844 9.472876
v -2.905625 3.019970 9.473555
v -2.754642 3.045490 9.453777
v -2.614815 3.086612 9.414140
v -2.478474 3.130217 9.359357
v -2.367123 3.166070 9.298762
v -2.276702 3.203341 9.237950
v -2.204715 3.231852 9.179676
v -2.148905 3.253824 9.124650
v -2.046434 3.225617 9.165236
v -1.976475 3.208671 9.182737
v -1.917971 3.197722 9.197304
v -1.881634 3.201720 9.205866
v -1.820726 3.241495 9.184113
v -1.816898 3.285390 9.172245
v -1.847322 3.334654 9.163559
v -1.912168 3.385208 9.153858
v -2.001912 3.415928 9.161748
v -2.143067 3.488921 9.151835
v -2.250356 3.524199 9.233299
v -2.377268 3.543216 9.324485
v -2.531388 3.580997 9.413296
v -2.686204 3.611387 9.489675
v -3.000526 3.617498 9.550870
v -3.156511 3.634077 9.531056
v -3.509438 3.587643 9.492938
v -3.691123 3.561861 9.429761
v -3.855050 3.530344 9.335580
v -3.992624 3.499219 9.231854
v -4.113037 3.465361 9.126189
v -4.325433 3.416495 8.883784
v -4.400558 3.386860 8.735338
v -4.422402 3.394408 8.584381
v -4.220272 3.204950 8.909748
v -4.110631 3.158701 9.008148
v -3.962941 3.112012 9.114419
v -3.810696 3.077113 9.210485
v -3.628335 3.047711 9.294848
v -3.442580 3.011611 9.358799
v -3.253165 2.997485 9.411252
v -3.075200 2.995147 9.439000
v -2.906453 3.014923 9.436789
v -2.760472 3.034151 9.417224
v -2.616214 3.075959 9.380820
v -2.487074 3.120520 9.320257
v -2.375312 3.154170 9.263522
v -2.281268 3.189514 9.199029
v -2.208409 3.216999 9.144187
v -2.152066 3.250383 9.096320
v -2.119600 3.289525 9.070570
v -2.105890 3.325299 9.061813
v -2.098376 3.395314 9.065473
v -2.103836 3.436845 9.078825
v -2.119457 3.479636 9.101743
v -2.158620 3.499359 9.135633
v -2.259263 3.532718 9.212002
v -2.382103 3.561239 9.300157
v -2.534446 3.593658 9.388740
v -2.695725 3.621336 9.463811
v -3.007917 3.643379 9.528856
v -3.501182 3.611109 9.471149
v -3.679863 3.588695 9.405306
v -3.838789 3.543360 9.309998
v -3.980704 3.507904 9.208914
v -4.098368 3.488267 9.104757
v -4.308990 3.444094 8.863352
v -4.385532 3.408719 8.706705
v -2.105298 3.467412 9.104975
v -2.096170 3.434803 9.086744
v -2.095576 3.396154 9.077693
v -2.104158 3.327132 9.080117
v -2.116614 3.290144 9.090832
v -1.673561 -8.883694 5.826545
v -0.880165 -9.700048 5.498181
v -0.911101 -9.931798 5.346886
v -0.948766 -10.197860 5.166802
v -0.440998 -9.798235 5.568511
v -0.457737 -10.040219 5.426382
v -0.477089 -10.315104 5.248844
v -0.000000 -10.365769 5.290249
v -0.000000 -10.087577 5.465808
v -0.000000 -9.836750 5.602289
v -1.251318 -9.052350 5.902125
v 0.000000 -9.270990 5.991308
v -0.830625 -9.171462 5.952640
v -0.411533 -9.248855 5.982848
v -2.133992 -9.036363 5.094185
v -2.181560 -9.213676 4.910478
v -2.246733 -9.415131 4.722418
v -2.956786 -8.247627 5.069514
v -2.526760 -8.578126 5.172372
v -2.106636 -8.885910 5.290435
v -1.690911 -9.143426 5.420290
v -1.274751 -9.344911 5.541977
v -0.855351 -9.492076 5.632882
v -0.427823 -9.584885 5.691844
v 0.000000 -9.620048 5.717546
v -0.652811 7.982945 10.197927
v -0.672537 8.326165 10.087056
v -0.690270 8.681558 9.965868
v -0.719221 9.413858 9.657266
v -0.826317 5.767424 10.790058
v -1.509123 4.346651 9.901175
v -1.937305 4.116647 9.609984
v -1.258685 4.412082 10.123398
v -1.758862 4.241606 9.729976
v -2.184026 3.531660 9.383065
v -4.293456 3.257746 8.813460
v -4.316530 3.259115 8.833546
v -4.375071 3.237008 8.839931
v -4.448061 3.221842 8.851048
v -4.579749 3.148200 8.758989
v -4.678668 3.081898 8.643093
v -4.792080 3.016593 8.517145
v -4.921153 2.960910 8.392073
v -5.150522 3.022500 8.179475
v -5.324236 2.979179 8.029639
v -5.531741 2.956066 7.848411
v -5.772691 2.945031 7.610551
v -6.016641 2.949562 7.320279
v -6.232197 2.964507 7.023366
v -6.418696 2.984614 6.724243
v -6.719976 3.038471 6.124240
v -7.058669 3.148271 5.158226
v -7.153999 3.194135 4.791710
v -7.236402 3.243409 4.415360
v -7.369136 3.353667 3.632545
v -7.476821 3.489373 2.832169
v 0.000000 9.377802 9.711104
v 0.000000 -1.789247 11.696176
v -0.125679 -1.791505 11.705379
v -0.240849 -1.796657 11.724489
v -0.472658 -1.828281 11.739357
v -0.904225 -1.861502 11.615882
v -1.054916 -1.879449 11.533660
v -1.212165 -1.900612 11.435692
v -1.383781 -1.932101 11.325014
v -1.573038 -1.967524 11.195417
v -1.795146 -1.990444 11.029583
v -6.612977 2.480347 6.516043
v -6.612268 2.191870 6.595445
v -6.597370 1.888519 6.694729
v -6.573638 1.569519 6.810460
v -6.531697 1.233708 6.954773
v -6.473232 0.873867 7.108641
v -6.393793 0.479946 7.278475
v -6.098468 -0.460097 7.664688
v -5.808444 -1.090195 7.910747
v -6.147253 -1.656411 7.251100
v -6.047275 -2.169390 7.203256
v -5.946694 -2.659941 7.150609
v -5.842189 -3.135762 7.096185
v -5.714125 -3.621238 7.063552
v -5.565815 -4.111465 7.045424
v -5.391994 -4.603446 7.032800
v -5.194734 -5.095329 7.020830
v -4.442206 -5.966084 7.827578
v -4.230790 -6.452055 7.825536
v -3.982210 -6.934515 7.827121
v -3.687140 -7.387586 7.842476
v -3.342854 -7.786561 7.862266
v -2.969200 -8.130928 7.881716
v -2.576551 -8.420492 7.896214
v -2.165784 -8.666057 7.910919
v -1.743154 -8.874614 7.929739
v -1.310979 -9.036833 7.943367
v -0.873431 -9.143241 7.950169
v -0.436873 -9.209334 7.952053
v -0.000000 -9.236439 7.950764
v 0.000003 6.984466 10.544396
v -0.300065 7.004121 10.536767
v -0.596652 7.040404 10.517453
v -0.894894 7.089843 10.487954
v -1.203710 7.142625 10.443260
v -1.529320 7.199542 10.380486
v -1.863833 7.250775 10.295535
v -2.554981 7.323778 10.046830
v -2.988284 6.590088 10.110931
v -3.260342 6.591096 9.959212
v -3.519182 6.580823 9.805391
v -4.022870 6.529339 9.476787
v -4.272627 6.486633 9.300174
v -4.737828 6.365711 8.930646
v -4.945800 6.285079 8.746447
v -5.140626 6.188328 8.556204
v -5.320249 6.080248 8.359751
v -5.482295 5.957898 8.158670
v -5.761364 5.683136 7.763462
v -5.882531 5.526667 7.569788
v -5.988474 5.356470 7.382648
v -6.081960 5.176404 7.205382
v -6.164584 4.984047 7.038475
v -6.238239 4.783029 6.887696
v -6.300777 4.576849 6.758407
v -6.356010 4.366282 6.647875
v -6.404990 4.153506 6.558874
v -6.446160 3.936745 6.490527
v -6.486000 3.716944 6.441636
v -6.524095 3.490410 6.413248
v -6.554509 3.255434 6.408272
v -6.579774 3.009796 6.423710
v -6.599047 2.752038 6.461509
v -6.112646 -3.584165 6.229493
v -5.930623 -4.103443 6.228917
v -5.720943 -4.624738 6.225052
v -5.485599 -5.144968 6.220356
v -4.607060 -6.031075 7.407574
v -4.362390 -6.521278 7.395137
v -4.079343 -6.999949 7.388656
v -3.745812 -7.433953 7.399871
v -3.377503 -7.809048 7.413317
v -2.988760 -8.128026 7.432970
v -2.584162 -8.398531 7.452498
v -2.167633 -8.636133 7.473141
v -1.743219 -8.838924 7.494034
v -1.310632 -8.989957 7.506167
v -0.874459 -9.100525 7.518056
v -0.437933 -9.165789 7.520958
v 0.000000 -9.194539 7.521044
v 0.000002 7.599131 10.340535
v -0.317596 7.615121 10.329929
v -0.633019 7.651453 10.305118
v -0.950942 7.698811 10.266953
v -1.279250 7.747618 10.210940
v -1.619342 7.797254 10.139207
v -1.969782 7.841092 10.047233
v -2.691534 7.901531 9.785089
v -3.205893 7.346759 9.720368
v -3.500261 7.335876 9.548018
v -3.778369 7.312411 9.372211
v -4.306309 7.229442 9.005056
v -4.561949 7.168581 8.807734
v -5.034551 7.005415 8.393183
v -5.242160 6.906618 8.181213
v -5.430850 6.796385 7.965962
v -5.600677 6.676857 7.751831
v -5.754997 6.544677 7.538680
v -6.028141 6.232568 7.106188
v -6.143358 6.054315 6.891348
v -6.246567 5.860900 6.683174
v -6.339148 5.652057 6.481451
v -6.423897 5.430983 6.292726
v -6.502599 5.198105 6.119562
v -6.572469 4.957644 5.965295
v -6.637196 4.710957 5.832590
v -6.698064 4.457843 5.722572
v -6.757510 4.200089 5.636337
v -6.815912 3.937423 5.573264
v -6.869019 3.668957 5.530592
v -6.915341 3.392699 5.507576
v -6.955049 3.106465 5.500806
v -6.986864 2.808440 5.510226
v -7.009081 2.496623 5.530412
v -7.021272 2.169861 5.561420
v -7.019308 1.829290 5.604816
v -7.006545 1.474823 5.662900
v -6.986084 1.102099 5.735332
v -6.957379 0.711499 5.820429
v -6.920780 0.301206 5.913298
v -6.872641 -0.133051 6.007289
v -6.805621 -0.592635 6.092481
v -6.721887 -1.075641 6.163823
v -6.625415 -1.567459 6.203735
v -6.520358 -2.061480 6.220130
v -6.401717 -2.563231 6.228554
v -6.269594 -3.068628 6.230049
v -6.902585 -1.695436 3.457604
v -6.988614 -1.225357 3.436721
v -7.052327 -0.797729 3.409991
v -7.094428 -0.393568 3.372018
v -7.125816 -0.003244 3.333297
v -7.157415 0.375805 3.294537
v -7.189709 0.750057 3.245815
v -7.224362 1.123925 3.194855
v -7.259211 1.498029 3.139020
v -7.298513 1.884220 3.079854
v -7.343146 2.290977 3.033993
v -7.384546 2.691272 3.086559
v -7.413168 3.063121 3.156997
v -7.426442 3.417455 3.230303
v -7.424434 3.760854 3.304607
v -7.407959 4.097928 3.386745
v -7.381923 4.430880 3.487131
v -7.347136 4.762647 3.610769
v -7.305763 5.093608 3.756209
v -7.255294 5.423097 3.927484
v -7.195982 5.749205 4.119054
v -7.126961 6.065843 4.332603
v -7.047108 6.373676 4.562850
v -6.954494 6.665405 4.804457
v -6.849125 6.940116 5.051960
v -6.731297 7.193605 5.303755
v -6.605005 7.425956 5.555935
v -6.316262 7.826639 6.052938
v -6.158833 7.990917 6.291435
v -5.996436 8.134756 6.521039
v -5.820128 8.274477 6.752758
v -5.615835 8.421250 6.999856
v -5.125016 8.700717 7.529088
v -4.854816 8.820078 7.788634
v -4.290086 9.008929 8.281507
v -3.985151 9.080191 8.521403
v -3.658496 9.135254 8.756008
v -3.306918 9.173362 8.978764
v -0.000000 -9.430326 5.840371
v -0.416177 -9.399584 5.821581
v -0.838464 -9.316072 5.776530
v -1.255888 -9.180543 5.702519
v -1.675174 -9.001989 5.603787
v -2.092758 -8.761571 5.505167
v -2.520650 -8.475112 5.423821
v -2.959835 -8.167581 5.353182
v -3.392798 -7.825561 5.272463
v -3.833924 -7.456295 5.219808
v -4.260302 -7.061745 5.170861
v -4.671738 -6.642679 5.128068
v -5.065248 -6.192572 5.085230
v -5.740850 -5.182904 3.863786
v -6.044667 -4.610675 3.779965
v -6.297504 -4.007100 3.706727
v -6.495368 -3.418770 3.633422
v -6.657075 -2.830063 3.558147
v -6.791913 -2.236507 3.479193
v -4.992900 -6.177783 5.821338
v -4.633631 -6.639261 5.834013
v -4.241613 -7.058474 5.847407
v -3.827412 -7.430480 5.871124
v -3.403546 -7.770711 5.905073
v -2.974443 -8.082570 5.947871
v -2.541904 -8.359684 5.995246
v -2.110076 -8.599899 6.046499
v -1.680344 -8.801592 6.096601
v -1.254045 -8.957075 6.145248
v -0.832518 -9.068151 6.181355
v -0.412220 -9.140697 6.199397
v -0.000000 -9.163977 6.202355
v 0.000000 9.004970 9.873972
v -0.355311 9.018363 9.858779
v -0.705775 9.045012 9.824729
v -1.056543 9.079246 9.771208
v -1.414615 9.114020 9.700857
v -1.785576 9.150339 9.611009
v -2.164702 9.176551 9.501265
v -2.933967 9.192228 9.182272
v -3.191560 8.526253 9.333827
v -3.532854 8.504966 9.129211
v -3.851920 8.467422 8.915442
v -4.150863 8.414678 8.697272
v -4.706099 8.264179 8.245226
v -4.972601 8.165087 8.006130
v -5.454139 7.925091 7.510947
v -5.650441 7.798693 7.275523
v -5.823358 7.672595 7.054623
v -5.985065 7.538956 6.832353
v -6.143055 7.384313 6.599853
v -6.424176 7.014415 6.121630
v -6.543613 6.801383 5.881280
v -6.652223 6.570000 5.642727
v -6.752815 6.321052 5.411108
v -6.841710 6.055639 5.186394
v -6.921567 5.777275 4.975300
v -6.991798 5.487345 4.781538
v -7.054698 5.189462 4.607182
v -7.110530 4.885246 4.454735
v -7.161785 4.576039 4.325532
v -7.208871 4.264744 4.221000
v -7.251998 3.950458 4.135046
v -7.286162 3.628346 4.075981
v -7.307059 3.296295 4.028976
v -7.316880 2.953739 3.990293
v -7.315576 2.600566 3.962226
v -7.308609 2.236163 3.948315
v -7.296521 1.864409 3.954391
v -7.284858 1.488610 3.978310
v -7.269243 1.104976 4.014271
v -7.241268 0.719866 4.055852
v -7.211024 0.328652 4.100223
v -7.175807 -0.072885 4.144468
v -7.131400 -0.488989 4.194625
v -7.075918 -0.922237 4.247171
v -7.007042 -1.376644 4.297582
v -6.921218 -1.855086 4.346415
v -6.813871 -2.361082 4.391712
v -6.684586 -2.898345 4.441976
v -6.520331 -3.466898 4.493120
v -6.315766 -4.049301 4.537457
v -6.076648 -4.631965 4.579321
v -5.779661 -5.190350 4.621659
v -4.628742 9.219222 7.793134
v -4.577654 8.922120 8.038491
v -4.512507 8.631194 8.265952
v -4.432891 8.347309 8.474792
v -4.344223 8.069497 8.670041
v -4.247801 7.798672 8.852095
v -4.147801 7.535948 9.025897
v -4.045727 7.277139 9.191731
v -3.853820 6.789840 9.499226
v -3.771720 6.560030 9.645672
v -3.699794 6.336440 9.790969
v -3.630683 6.118502 9.928040
v -3.557481 5.897367 10.048340
v -3.474526 5.666445 10.141322
v -3.380124 5.431211 10.188728
v -3.273937 5.207599 10.182582
v -3.181807 5.007224 10.110540
v -3.098358 4.834796 10.001753
v -3.036734 4.684837 9.888121
v -2.998279 4.550762 9.789198
v -2.967173 4.401343 9.727762
v -2.925073 4.236727 9.701093
v -2.891797 4.063868 9.707973
v -2.869628 3.892757 9.708573
v -2.851628 3.745746 9.684793
v -2.837048 3.643579 9.640676
v -2.842701 3.625178 9.584767
v -2.843337 3.619356 9.532581
v -2.845748 3.639325 9.504963
v -4.202724 3.470401 9.005523
v -4.224797 3.445135 9.021000
v -4.277264 3.441099 9.068979
v -4.335980 3.446022 9.127516
v -4.391670 3.506288 9.152673
v -4.438044 3.606627 9.153017
v -4.475996 3.724430 9.120675
v -4.520878 3.842137 9.093130
v -4.581972 3.963935 9.084284
v -4.645517 4.072404 9.110019
v -4.722408 4.179143 9.132786
v -4.804684 4.291942 9.149382
v -4.911095 4.434310 9.137354
v -5.045930 4.604727 9.088587
v -5.194305 4.813198 8.984865
v -5.324584 5.037874 8.821099
v -5.416685 5.250426 8.613719
v -5.486884 5.448902 8.391613
v -5.555013 5.637502 8.172947
v -5.628466 5.826063 7.960619
v -5.711959 6.015384 7.751282
v -5.898438 6.395561 7.322878
v -5.996227 6.592608 7.097989
v -6.096256 6.793479 6.863523
v -6.194279 7.000169 6.618865
v -6.290459 7.209762 6.362165
v -6.379744 7.422410 6.090517
v -6.466906 7.638222 5.806679
v -6.548738 7.860075 5.510350
v -3.322410 3.630870 9.516446
v -3.322456 3.600415 9.534093
v -3.344800 3.613029 9.611932
v -3.359475 3.632534 9.684570
v -3.388389 3.734608 9.711576
v -3.429205 3.892946 9.731049
v -3.464510 4.072171 9.717875
v -3.497976 4.245547 9.696931
v -3.555314 4.423304 9.705246
v -3.617360 4.560951 9.733139
v -3.677486 4.656919 9.789570
v -3.753851 4.778406 9.855042
v -3.854621 4.939704 9.895869
v -3.976061 5.135924 9.900076
v -4.100598 5.357527 9.848296
v -4.210794 5.587351 9.747179
v -4.297935 5.806102 9.607375
v -4.370191 6.015993 9.445012
v -4.437620 6.222782 9.280300
v -4.511672 6.432483 9.116895
v -4.598641 6.646591 8.952043
v -4.806340 7.092814 8.602706
v -4.917876 7.323394 8.409245
v -5.026682 7.560203 8.201920
v -5.130898 7.802184 7.984149
v -5.225589 8.050041 7.758368
v -5.309781 8.303703 7.517914
v -5.382257 8.565515 7.261415
v -5.443793 8.834183 6.994150
v -3.147576 3.607304 9.552690
v -1.932928 4.994596 10.458064
v -1.780741 4.858271 10.383719
v -1.606631 4.719338 10.301298
v -1.422945 4.573163 10.213775
v -1.871051 5.223350 10.610268
v -1.711296 5.109391 10.588633
v -1.532093 4.979940 10.551083
v -1.337446 4.838394 10.496748
v -1.137452 4.672664 10.433605
v -1.755879 5.359331 10.676485
v -1.549815 5.264100 10.682732
v -1.329707 5.152846 10.670153
v -1.089089 5.024283 10.646316
v -0.791356 4.857778 10.638687
v -1.665859 5.737378 10.724748
v -1.389315 5.665438 10.756778
v -1.123729 5.590293 10.775536
v -0.851316 5.519609 10.785192
v -0.582915 5.467941 10.796802
v -0.374365 4.881120 10.725344
v -0.354699 4.606735 10.665045
v 0.000005 4.885566 10.770116
v 0.000004 4.614756 10.726126
v -0.296877 5.443713 10.815122
v 0.000006 5.432646 10.825118
v -2.583379 9.534407 9.154977
v -2.549051 9.192087 9.358377
v -2.504882 8.852011 9.530262
v -2.451746 8.516582 9.676441
v -2.391424 8.189662 9.806192
v -2.327961 7.876286 9.928456
v -2.266874 7.577650 10.055165
v -2.206620 7.292184 10.183391
v -2.099941 6.754606 10.422389
v -1.692694 5.533670 10.715383
v -1.441342 5.452095 10.736920
v -1.189119 5.362031 10.742764
v -0.931610 5.270266 10.742037
v -0.654945 5.191021 10.752592
v -0.330747 5.171520 10.786159
v 0.000006 5.167326 10.804377
v -1.987041 5.308252 10.616984
v -1.960721 5.422981 10.657579
v -1.949259 5.595176 10.677987
v -1.948029 5.794729 10.674867
v -2.445834 5.449388 10.534369
v -2.193866 5.445041 10.607543
v -1.971459 6.016324 10.644026
v -2.493508 5.658897 10.537170
v -2.217976 5.634242 10.616546
v -2.538945 5.877553 10.504334
v -2.244624 5.842845 10.598355
v -2.585962 6.103158 10.443886
v -2.281718 6.065517 10.553288
v -2.754232 6.820183 10.146932
v -2.889666 7.343160 9.890875
v -2.694603 6.574780 10.261919
v -2.637794 6.336486 10.362468
v -1.691343 6.195625 10.670670
v -1.380202 6.130136 10.722051
v -0.280220 5.939820 10.795471
v 0.000006 5.922494 10.802892
v -0.552310 5.969757 10.784619
v -0.819636 6.014276 10.772218
v -1.092084 6.067927 10.752567
v -2.007851 6.252596 10.590934
v -2.328348 6.300201 10.487537
v 0.000005 6.167706 10.766009
v -0.282107 6.184879 10.758556
v -0.557299 6.218922 10.747927
v -0.827647 6.266981 10.734450
v -1.106954 6.322631 10.710096
v -1.407799 6.384313 10.670334
v -1.725247 6.445485 10.607342
v -2.051423 6.498281 10.515864
v -2.379720 6.543540 10.401571
v -1.646528 3.372187 9.343166
v -1.618133 3.257367 9.353360
v -0.568449 -2.328680 12.048992
v -0.578888 -2.157624 11.969264
v -0.600079 -1.995283 11.843339
v -0.609138 -1.837951 11.723712
v -0.611592 -1.679059 11.626586
v -0.608918 -1.354294 11.458507
v -0.603295 -1.185624 11.404091
v -0.602428 -1.019373 11.373184
v -0.821727 1.749614 11.455018
v -0.695849 3.120829 10.579681
v -0.689045 3.369354 10.421487
v -0.700396 3.606143 10.320027
v -0.742563 -2.340033 12.002572
v -0.755847 -2.172055 11.927843
v -0.759229 -2.008301 11.803432
v -0.755185 -1.848751 11.679741
v -0.750404 -1.685407 11.574738
v -0.735715 -1.355181 11.390658
v -0.728423 -1.192711 11.330280
v -0.723201 -1.033144 11.293389
v -0.948306 1.612098 11.312597
v -0.990288 1.805847 11.083685
v -5.510530 -0.678717 8.354119
v -6.403846 -0.557369 7.139165
v -6.260876 -1.107888 7.263747
v -6.637315 -0.590732 6.609670
v -6.537710 -1.097520 6.692729
v -6.857783 1.126367 6.146534
v -6.883017 1.492402 6.053856
v -6.898567 1.839591 5.980165
v -6.903573 2.170176 5.919279
v -6.894760 2.485756 5.871980
v -6.874851 2.785146 5.837981
v -6.843018 3.070812 5.820154
v -6.805356 3.343850 5.818301
v -6.761710 3.606817 5.834621
v -6.710807 3.862239 5.871022
v -6.656353 4.111328 5.927281
v -6.599921 4.355967 6.006963
v -6.540544 4.595873 6.110029
v -6.478544 4.830754 6.235535
v -6.408912 5.059838 6.381756
v -6.332256 5.282738 6.546395
v -6.248694 5.494568 6.727506
v -6.156236 5.693021 6.919932
v -6.051213 5.877941 7.122263
v -5.934691 6.047923 7.330147
v -5.803455 6.204385 7.540254
v -5.659792 6.346787 7.749965
v -5.503220 6.474224 7.958617
v -5.328434 6.591388 8.170766
v -5.135028 6.696190 8.379598
v -4.925258 6.787754 8.582704
v -4.698158 6.867164 8.783648
v -4.455173 6.933455 8.979712
v -4.203533 6.986766 9.169187
v -3.946208 7.028117 9.349531
v -3.684339 7.058491 9.523074
v -3.413693 7.076537 9.691111
v -3.126441 7.080941 9.857949
v -2.819624 7.075012 10.022053
v -2.491419 7.053937 10.175643
v -2.152356 7.019342 10.307775
v -1.814241 6.975399 10.415038
v -1.484239 6.920002 10.495340
v -1.168121 6.861598 10.551968
v -0.869160 6.804894 10.589197
v -0.580714 6.753006 10.613078
v -0.292823 6.712583 10.630901
v 0.000004 6.697771 10.636704
v -6.722419 -0.113531 6.500587
v -6.778712 0.330514 6.374963
v -6.821589 0.740507 6.256759
v -2.072647 2.235606 9.557999
v -2.281870 2.108609 9.547856
v -2.502411 1.989778 9.539062
v -2.739618 1.876930 9.523350
v -2.993774 1.769133 9.497517
v -3.266113 1.663733 9.462970
v -3.549627 1.556947 9.413281
v -3.849641 1.445711 9.354082
v -4.482052 1.184648 9.180586
v -4.816128 1.021298 9.041768
v -5.142644 0.828029 8.850508
v -5.453637 0.621949 8.592220
v -5.746891 0.413858 8.269951
v -6.018372 0.211380 7.890999
v -6.276696 0.040357 7.462794
v -6.660141 0.793236 6.687302
v -6.602578 0.387061 6.835488
v -6.520868 -0.060650 6.989350
v -5.092203 2.498614 8.330017
v -5.343799 2.423685 8.133174
v -5.275855 2.233614 8.268189
v -4.498647 2.263017 8.863658
v -4.427677 1.996895 8.962278
v -4.359748 1.772282 9.066627
v -4.274266 1.552707 9.174311
v -4.159783 1.324304 9.280125
v -4.013525 1.082201 9.383464
v -3.829944 0.816548 9.494639
v -3.615229 0.539655 9.622341
v -3.123017 -0.007646 9.902135
v -2.861987 -0.280354 10.014421
v -2.613203 -0.546752 10.103848
v -2.382167 -0.805071 10.189310
v -2.189944 -1.041520 10.300058
v -2.021508 -1.251830 10.456697
v -1.852522 -1.413395 10.637022
v -1.667514 -1.492456 10.800352
v -1.484697 -1.533954 10.952441
v -1.317032 -1.550466 11.088255
v -1.160793 -1.545354 11.203938
v -1.014873 -1.535837 11.307382
v -0.877006 -1.528415 11.398648
v -0.743603 -1.522079 11.476491
v -0.611633 -1.518244 11.536521
v -0.484057 -1.517408 11.574684
v -0.241530 -1.513589 11.603582
v -0.121600 -1.509281 11.601066
v 0.000000 -1.504852 11.598027
v -4.738392 2.445848 8.657748
v -0.000000 -9.235905 8.874903
v -0.433857 -9.213006 8.871716
v -0.868468 -9.153289 8.866500
v -1.303206 -9.046068 8.853676
v -1.733138 -8.879012 8.832137
v -2.147155 -8.654521 8.810481
v -2.538156 -8.376345 8.790816
v -2.889088 -8.038877 8.771982
v -3.200668 -7.657797 8.742019
v -3.469860 -7.226012 8.704476
v -3.692869 -6.755839 8.671695
v -3.876718 -6.282775 8.650888
v -4.041698 -5.826667 8.638096
v -4.569648 -4.999915 8.230323
v -4.691165 -4.566822 8.233747
v -4.786995 -4.144833 8.248368
v -4.856074 -3.731093 8.283518
v -4.900479 -3.328812 8.336052
v -4.925253 -2.927118 8.405728
v -4.928147 -2.524555 8.501763
v -4.905554 -2.119486 8.622014
v -4.841678 -1.716900 8.776999
v -4.721561 -1.351028 8.972849
v -4.556627 -1.017673 9.176981
v -4.356722 -0.715773 9.358961
v -4.124229 -0.436036 9.507885
v -3.880591 -0.179804 9.622527
v -3.628713 0.053552 9.705723
v -3.377713 0.266042 9.765706
v -3.134124 0.462180 9.806364
v -2.897187 0.649214 9.838195
v -2.669873 0.830133 9.865653
v -2.453572 1.008726 9.894064
v -2.249681 1.187450 9.932537
v -2.055559 1.368201 9.981851
v -1.869507 1.552094 10.040698
v -1.691007 1.739185 10.113690
v -1.629823 2.962398 9.459996
v -1.692658 3.010124 9.417691
v -1.756799 3.065467 9.380481
v -1.801020 3.112971 9.336106
v -1.817509 3.159673 9.279779
v -1.826382 3.188972 9.231022
v -1.844801 3.214622 9.198149
v -1.852223 3.234501 9.171310
v -1.874358 3.252896 9.152962
v -1.909678 3.273659 9.133623
v -1.966470 3.298677 9.113242
v -2.033306 3.330302 9.095868
v -2.099673 3.361053 9.076163
v -2.101086 3.358635 9.062769
v -4.369012 3.324578 8.694139
v -4.383192 3.326956 8.720387
v -4.453732 3.307299 8.730065
v -4.534071 3.283634 8.735312
v -4.648102 3.214705 8.651959
v -4.748669 3.164298 8.544588
v -4.861913 3.118286 8.428016
v -4.998405 3.071425 8.309850
v 0.500861 3.450342 10.645921
v 0.696483 4.563943 10.539352
v 0.856085 -9.012331 6.760298
v 6.848907 -1.559101 3.036049
v 6.941659 -1.114563 3.051945
v 7.004616 -0.712160 3.036664
v 6.705499 -2.113939 2.963735
v 5.479295 1.684574 8.349284
v 5.127248 1.798678 8.578283
v 4.450673 -1.955279 9.091686
v 2.931205 -1.514595 10.125962
v 3.202589 -1.258222 9.985641
v 2.699583 -1.756837 10.286304
v 2.742433 -1.268191 10.174455
v 2.515850 -1.511008 10.318689
v 3.502179 -0.996131 9.841773
v 3.007870 -1.006280 10.049792
v 3.589200 -0.465114 9.781112
v 3.078313 -0.504187 9.980180
v 3.295753 -0.740574 9.923604
v 3.356234 -0.228477 9.853559
v 3.813997 -0.723521 9.681943
v 5.835765 3.282157 7.550651
v 5.858133 3.434448 7.552811
v 5.875503 3.580949 7.573284
v 5.882071 3.870936 7.660742
v 5.624004 3.256828 7.785621
v 5.435165 3.251375 7.965199
v 5.729686 2.748573 7.679791
v 5.471331 2.782609 7.916893
v 5.594193 2.145885 8.021624
v 5.656416 4.156892 8.160462
v 5.694080 4.026630 8.039031
v 5.512828 4.023852 8.296996
v 5.549341 3.915501 8.187414
v 5.720316 3.772288 7.879791
v 5.567501 3.703341 8.048221
v 5.521551 3.483188 7.982727
v 5.485995 3.370097 7.965713
v 5.691004 3.519330 7.803502
v 5.661181 3.391271 7.786656
v 5.335240 3.368483 8.106429
v 5.278233 3.262563 8.106056
v 5.375340 3.466282 8.122102
v 5.436414 3.661589 8.175319
v 5.394880 3.927768 8.384335
v 5.428069 3.838058 8.289742
v 5.453288 4.134812 8.431954
v 5.524633 4.417861 8.468446
v 5.376304 4.242447 8.585219
v 5.597605 4.287756 8.307249
v 5.337666 4.017942 8.501805
v 5.256885 4.106788 8.640432
v 2.807342 -0.772425 10.086657
v 1.849976 -0.104098 10.293742
v 1.832814 -0.427491 10.361983
v 2.352372 -1.276328 10.317336
v 2.559385 -1.034260 10.191975
v 1.543882 -0.977862 10.675509
v 1.261260 -1.035870 10.884308
v 1.122540 -1.005008 10.988861
v 0.961922 -1.036713 11.105157
v 0.840640 -1.040620 11.205791
v 1.907463 0.390383 10.259249
v 2.052204 0.128163 10.187617
v 2.265586 0.365292 10.100457
v 2.092067 0.593119 10.146355
v 1.781411 0.636273 10.357344
v 5.046097 4.932435 9.152533
v 4.883490 5.045339 9.310416
v 4.323458 5.303852 9.720077
v 4.738789 4.827675 9.404593
v 4.899955 4.717501 9.253606
v 5.433913 4.550629 8.636033
v 5.284773 4.362119 8.746851
v 2.473558 0.600885 9.992068
v 2.276999 0.802636 10.026436
v 2.091858 1.002973 10.075854
v 1.933197 0.818029 10.217411
v 1.781648 1.032760 10.303296
v 1.537287 -1.742306 11.066170
v 1.739486 -1.722971 10.903794
v 1.961380 -1.661812 10.713409
v 1.355408 -1.734814 11.201499
v 1.394703 -2.129387 11.454734
v 1.578668 -2.189220 11.334545
v 1.189880 -1.717910 11.314453
v 1.225108 -2.083498 11.561579
v 1.779166 -2.259016 11.191271
v 4.764786 4.538200 9.295787
v 4.603379 4.643115 9.442618
v 5.155473 4.208601 8.801867
v 1.918050 1.202415 10.139482
v 2.384880 5.252605 10.494692
v 2.304141 5.074243 10.414111
v 4.059364 4.888021 9.804932
v 4.190583 5.083629 9.790779
v 1.568878 3.104044 9.427624
v 1.721292 2.827769 9.470811
v 0.466001 -0.992927 11.462520
v 0.221999 -1.093777 11.566577
v 0.892317 -1.694125 11.503972
v 0.244038 -1.658839 11.663425
v 0.481483 -1.674533 11.652787
v 0.229664 -1.917081 11.785438
v 0.446817 -1.978441 11.845695
v 0.124676 -1.651859 11.651388
v 1.036967 -1.704457 11.417503
v 1.067103 -2.051319 11.656569
v 0.913476 -2.025814 11.738894
v 0.887647 4.272408 10.286362
v 0.625916 4.322902 10.485674
v 2.964776 5.013761 10.172688
v 3.233171 5.672965 10.251371
v 3.143184 5.439134 10.285531
v 3.046912 5.215590 10.260885
v 2.751820 5.024347 10.237184
v 2.996248 5.676553 10.352386
v 2.919576 5.444433 10.372507
v 2.832950 5.223973 10.334485
v 0.110645 -1.113747 11.589021
v 0.122942 -1.915714 11.762889
v 2.166986 -3.131915 11.014973
v 2.280794 -3.294875 10.873003
v 2.027805 -2.971300 11.165594
v 2.372420 -3.449890 10.750667
v 2.447288 -3.590186 10.647428
v 2.257744 -2.942791 10.908107
v 2.386720 -3.127350 10.774762
v 1.873810 -2.822788 11.313375
v 2.100596 -2.765497 11.050359
v 2.554037 -3.961957 10.441366
v 2.490847 -3.308650 10.664648
v 2.573951 -3.466373 10.572781
v 1.710666 -2.695830 11.454417
v 1.924918 -2.608860 11.197721
v 2.699238 -3.885333 10.381316
v 1.381236 -2.504312 11.691648
v 1.546285 -2.591341 11.582642
v 1.744448 -2.488724 11.339817
v 1.567397 -2.394735 11.470090
v 1.395071 -2.319075 11.584217
v 1.063209 -2.392222 11.873139
v 1.219646 -2.439350 11.789384
v 2.382815 -2.717839 10.765586
v 0.905172 -2.359393 11.945651
v 1.231076 -2.260880 11.690361
v 1.075315 -2.219430 11.783982
v 2.716311 -4.023758 10.341247
v 2.560293 -4.099684 10.412762
v 2.531766 -2.931054 10.644637
v 2.646102 -3.140899 10.547198
v 0.917707 -2.189389 11.864613
v 2.568405 -4.245433 10.402344
v 2.722480 -4.174919 10.316636
v 2.905312 -3.949189 10.244769
v 2.737190 -3.325050 10.465235
v 2.882497 -3.792475 10.287787
v 2.530613 -2.471511 10.594436
v 2.912240 -4.117937 10.210343
v 2.698482 -2.718585 10.486795
v 2.821508 -2.954017 10.398911
v 0.191293 -2.349294 12.098562
v 2.586695 -4.978668 10.395021
v 2.436845 -4.916445 10.504900
v 2.915292 -3.161875 10.321884
v 3.076009 -3.687758 10.150933
v 2.484739 -5.243865 10.452704
v 2.333929 -5.144000 10.579211
v 2.760284 -5.037841 10.253738
v 3.103890 -3.867831 10.107572
v 3.459604 -3.467230 9.786883
v 3.680079 -3.360033 9.579522
v 3.488746 -2.592426 9.794268
v 3.264816 -2.797008 9.982240
v 2.361315 -5.519728 10.502649
v 2.208036 -5.390927 10.650229
v 2.662259 -5.337988 10.292771
v 3.114623 -4.063170 10.075636
v 3.715280 -3.625064 9.536551
v 3.500143 -3.701603 9.743716
v 3.938362 -3.254801 9.349091
v 3.760626 -2.385064 9.591893
v 2.214646 -5.791755 10.533107
v 2.059439 -5.637246 10.700336
v 2.533713 -5.649683 10.329931
v 3.522042 -3.951651 9.716095
v 3.734200 -3.903569 9.510012
v 3.971292 -3.554314 9.296733
v 4.245741 -3.148019 9.077940
v 4.089226 -2.173521 9.361875
v 2.044153 -6.051126 10.548141
v 1.892397 -5.862475 10.729062
v 2.382044 -5.955323 10.352308
v 2.945241 -5.086556 10.088320
v 3.983588 -3.867249 9.267269
v 4.259307 -3.482571 9.022007
v 2.206320 -6.245024 10.368526
v 2.846536 -5.418572 10.115329
v 3.332359 -5.179043 9.718239
v 4.255674 -3.825296 8.984137
v 6.084426 1.432944 7.716673
v 5.802196 1.558947 8.057358
v 2.717168 -5.770829 10.139767
v 4.548120 -3.778140 8.653294
v 6.175987 1.991967 7.392066
v 5.906337 2.063794 7.719501
v 2.559968 -6.112533 10.161963
v 4.195354 -5.391098 8.627775
v 6.227956 2.737173 7.075499
v 5.994359 2.738045 7.382393
v 5.459284 -3.651902 7.476583
v 4.823137 -5.546230 7.412941
v 5.929433 -3.602325 6.653188
v 6.225557 3.377467 6.987401
v 6.215386 3.568565 7.004731
v 6.047563 3.497476 7.282276
v 6.041115 3.325309 7.273738
v 4.066754 -6.369674 8.253183
v 5.115867 -5.631744 6.615815
v 6.264330 -3.561028 5.796893
v 6.747241 2.766066 6.150496
v 6.758678 1.856566 6.337169
v 6.199321 3.755169 7.037762
v 6.151278 4.120706 7.162700
v 6.028113 3.993008 7.414213
v 6.050053 3.664299 7.307130
v 5.316423 -5.683856 5.816718
v 6.384586 -3.534101 5.362473
v 7.090365 2.837055 5.153661
v 7.124297 1.828460 5.209140
v 6.063270 4.483484 7.379960
v 5.963602 4.325161 7.618539
v 3.599852 -7.317271 8.286734
v 5.384370 -5.699886 5.427379
v 7.180048 2.870978 4.776201
v 7.211579 1.835706 4.799417
v 6.600829 3.788089 6.159092
v 6.647408 3.546728 6.126724
v 6.000306 4.662511 7.518667
v 5.910838 4.491370 7.755429
v 3.309137 -7.115519 9.072969
v 6.915956 4.013377 5.260694
v 6.970734 3.732719 5.209588
v 7.254804 2.909282 4.389328
v 7.266454 1.848917 4.379223
v 6.448857 4.480359 6.381032
v 6.552944 4.022725 6.211371
v 5.925900 4.837098 7.676650
v 5.843089 4.655365 7.909433
v 3.129750 -6.999518 9.383149
v 3.506362 -6.658129 9.028817
v 5.426850 -5.708771 5.045482
v 7.016011 4.095209 4.927140
v 7.069471 3.802697 4.864324
v 6.738176 4.825896 5.546877
v 6.858572 4.288703 5.332870
v 6.321692 4.922075 6.636814
v 5.839197 5.002834 7.844470
v 5.737348 5.161643 8.020110
v 5.662972 4.964376 8.248966
v 5.761415 4.812811 8.076189
v 3.311151 -6.564834 9.326692
v 5.431000 -5.710263 4.309968
v 7.114729 4.179275 4.578218
v 7.164200 3.875559 4.504492
v 6.843084 4.944785 5.247950
v 6.960545 4.382728 5.010908
v 6.601502 5.338269 5.850162
v 6.247281 5.133974 6.794733
v 3.672685 -6.200982 8.997677
v 6.949907 5.067279 4.933052
v 7.061509 4.479797 4.673769
v 6.706188 5.481824 5.570762
v 6.522997 5.581202 6.031127
v 6.163754 5.335330 6.968240
v 5.335099 5.575731 8.581838
v 5.165821 5.692137 8.767963
v 5.093550 5.489986 8.972424
v 5.263351 5.375478 8.796083
v 3.467677 -6.122498 9.290350
v 6.814047 5.628705 5.279447
v 6.627356 5.736097 5.760493
v 6.436594 5.812531 6.228341
v 5.963840 5.700586 7.348070
v 6.070035 5.524681 7.153493
v 4.596264 5.955327 9.272931
v 4.524274 5.748083 9.445903
v 6.734632 5.894060 5.480063
v 6.540582 5.979366 5.965844
v 6.240356 6.232909 6.655532
v 6.343956 6.031082 6.439945
v 3.309509 5.904623 10.172772
v 3.066277 5.906539 10.287071
v 0.871451 -9.110048 9.341991
v 6.647608 6.148930 5.693705
v 6.447772 6.207551 6.184961
v 6.343505 6.419470 6.408469
v 5.567782 6.150465 7.954708
v 5.408046 6.274235 8.159874
v 3.381062 6.127895 10.065173
v 3.129981 6.130303 10.194238
v 1.915215 7.536876 10.169888
v 6.552178 6.389514 5.919976
v 6.446497 6.609761 6.151792
v 5.853260 6.747684 7.320133
v 5.698961 6.884895 7.538491
v 4.825544 6.572773 8.760437
v 0.614149 7.338920 10.412374
v 2.024113 8.156794 9.928268
v 6.638158 6.993442 5.599440
v 5.950852 6.956306 7.092440
v 5.797013 7.099987 7.315653
v 5.146410 7.224004 8.188673
v 2.077809 8.487860 9.803910
v 6.049905 7.167099 6.852551
v 5.894195 7.316052 7.080414
v 5.256476 7.451468 7.971295
v 3.597075 6.813583 9.667047
v 3.332729 6.827717 9.828652
v 2.125466 8.829475 9.665822
v 2.485982 -8.279193 9.221654
v 6.231064 7.603470 6.333878
v 6.073851 7.763050 6.570730
v 5.359995 7.685229 7.746626
v 3.875736 7.577256 9.215261
v 3.591050 7.605436 9.398534
v 2.965625 7.620476 9.755422
v 2.195327 9.522453 9.307443
v 5.538301 8.168975 7.263688
v 3.680701 7.882157 9.245821
v 3.970537 7.846717 9.051438
v 3.042348 7.910235 9.619863
v 4.063663 8.125633 8.880525
v 3.769171 8.168961 9.086200
v 3.118508 8.211330 9.480726
v 3.854137 -1.560348 9.617536
v 4.227096 8.707121 8.499835
v 3.926143 8.769755 8.730107
v 3.255836 8.846473 9.170052
v 4.436054 5.532199 9.602449
v 0.122951 -2.017292 11.829656
v 0.209853 -1.998569 11.834132
v 0.374176 -2.137632 11.978487
v 0.382654 -2.326857 12.077466
v 4.198731 -1.300499 9.406998
v 3.985870 -1.862543 9.487304
v 4.344934 -1.618348 9.244713
v 2.379059 -6.433585 10.190858
v 6.202384 -2.605737 6.689453
v 6.318876 -2.112484 6.711702
v 5.637931 -2.727249 7.595600
v 5.704592 -2.252047 7.679938
v 6.074289 -3.102094 6.669856
v 5.561740 -3.186331 7.522817
v 6.676832 -2.015142 5.740947
v 6.562645 -2.517812 5.765673
v 6.796792 -1.963047 5.267758
v 6.685314 -2.468337 5.306402
v 6.549169 -2.993140 5.338675
v 6.426870 -3.035347 5.785696
v 6.471680 -3.500244 4.927823
v 6.636108 -2.944070 4.889030
v 6.769842 -2.411431 4.846125
v 6.878362 -1.905391 4.799687
v 6.528421 -3.435282 4.059265
v 6.689733 -2.867917 4.001489
v 6.823089 -2.310827 3.942837
v 6.930933 -1.787399 3.895182
v 6.774567 -1.523543 5.705268
v 6.886886 -1.477350 5.223008
v 6.965961 -1.424316 4.748590
v 7.014001 -1.312496 3.857133
v 5.841469 4.165956 7.842842
v 5.796648 4.317490 7.973659
v 5.737760 4.468595 8.127843
v 5.660788 4.614680 8.292788
v 5.568619 4.759182 8.464804
v 5.172606 5.161651 8.996223
v 5.005333 5.275724 9.163077
v 3.218063 -5.563978 9.732476
v 3.082647 -5.967597 9.751310
v 3.270625 -6.048296 9.536601
v 2.925698 -6.372242 9.782469
v 3.115117 -6.473644 9.573839
v 2.748275 -6.747452 9.837193
v 2.938922 -6.880523 9.633388
v 2.181779 -6.730800 10.234057
v 2.011674 -6.514018 10.384763
v 4.020908 -1.001964 9.556526
v 3.688381 -1.269972 9.741015
v 0.179715 -2.204288 12.012934
v 2.201771 -2.519063 10.895441
v 1.998994 -2.348758 11.030149
v 2.080942 -1.999784 10.807879
v 2.331914 -2.243515 10.705153
v 3.379247 -1.525469 9.905713
v 3.105306 -1.776773 10.062751
v 2.880085 -2.014127 10.224947
v 4.573464 -3.405000 8.699719
v 4.578053 -3.039359 8.762770
v 3.389383 -2.326276 9.885590
v 3.166328 -2.552446 10.061821
v 3.660817 -2.095661 9.698096
v 3.039419 -2.286029 10.147155
v 3.262912 -2.052438 9.978672
v 3.536170 -1.808536 9.806883
v 1.763876 -7.220935 10.380617
v 0.692478 -7.794893 10.752357
v 0.997318 4.476040 10.347763
v 6.428969 -1.610145 6.718374
v 5.764937 -1.731453 7.783105
v 6.327338 1.322841 7.346284
v 6.405562 1.932003 7.046317
v 6.425813 2.741725 6.771053
v 6.385432 3.433140 6.699567
v 6.359653 3.642719 6.723455
v 6.329585 3.846694 6.766219
v 6.256865 4.245266 6.910569
v 6.152837 4.635498 7.136864
v 6.082910 4.825514 7.279420
v 6.002625 5.010791 7.439855
v 5.911576 5.182676 7.611399
v 5.805984 5.345204 7.793382
v 5.405789 5.765452 8.366898
v 5.239552 5.885923 8.562162
v 1.768089 6.705462 10.521834
v 4.661943 6.158303 9.101988
v 3.856252 -6.851767 8.263976
v 0.567388 6.478846 10.691343
v 3.448644 6.351071 9.940780
v 3.193952 6.357983 10.083328
v 7.080577 -0.869242 3.817645
v 6.964004 -1.008303 5.171665
v 7.038780 -0.962693 4.697034
v 1.978234 -6.990607 10.297406
v 1.803491 -6.761049 10.413777
v 0.499996 -6.456340 10.889320
v 0.522569 -6.771064 10.767951
v 0.979102 -6.724991 10.684300
v 0.968734 -6.437040 10.808753
v 1.640578 -6.509549 10.554420
v 1.850283 -6.291706 10.552542
v 0.627441 -7.446436 10.782668
v 1.596848 -6.976075 10.464058
v 0.570452 -7.110098 10.772686
v 1.429905 -6.715939 10.562799
v 2.834013 -4.766787 10.221044
v 2.661014 -4.750403 10.349986
v 2.510478 -4.714878 10.446344
v 1.761080 -0.683344 10.430168
v 2.162849 -1.488860 10.499246
v 2.312696 -1.743930 10.522100
v 2.506419 -1.987248 10.481095
v 2.695549 -2.235577 10.405420
v 2.861701 -2.503261 10.317225
v 2.986915 -2.752979 10.234664
v 3.084562 -2.981272 10.158177
v 3.265301 -3.577512 9.978456
v 3.300485 -3.784118 9.936171
v 3.318022 -4.005842 9.906764
v 3.138862 -5.132140 9.910022
v 3.031722 -5.494361 9.930394
v 2.901222 -5.876162 9.949033
v 2.741890 -6.251409 9.974308
v 2.562196 -6.602110 10.018370
v 5.054309 8.427170 7.776790
v 4.878851 7.905411 8.223385
v 4.777346 7.652502 8.429743
v 4.670445 7.407032 8.625105
v 4.357723 6.704783 9.142578
v 4.198239 6.270593 9.459546
v 4.130311 6.059661 9.616277
v 4.058064 5.847635 9.764469
v 3.969277 5.623192 9.889756
v 3.865346 5.394004 9.972757
v 3.751419 5.169543 10.005887
v 3.637084 4.972797 9.978421
v 5.738678 8.032816 7.022194
v 5.556024 7.567557 7.518797
v 5.456183 7.341761 7.748679
v 5.351371 7.119116 7.971093
v 5.034984 6.486606 8.566163
v 4.868383 6.082157 8.926723
v 4.797474 5.882301 9.110059
v 4.726177 5.677353 9.292878
v 4.642016 5.464148 9.461531
v 4.527009 5.235835 9.589715
v 4.389072 5.015250 9.670360
v 4.250019 4.821828 9.697430
v 2.367926 -6.927991 10.085758
v 2.501553 -3.720110 10.559210
v 2.634192 -3.613032 10.496854
v 2.801655 -3.485897 10.398215
v 2.981365 -3.340067 10.259668
v 3.158402 -3.186741 10.091999
v 3.343305 -3.023713 9.909297
v 3.565778 -2.851871 9.712956
v 3.838604 -2.673992 9.496502
v 4.164712 -2.496066 9.251202
v 4.522249 -2.312064 8.960601
v 4.559996 -2.674283 8.850460
v 4.215246 -2.819731 9.153975
v 3.895919 -2.963204 9.416540
v 3.626613 -3.105619 9.643117
v 3.408430 -3.244734 9.842821
v 3.216958 -3.383046 10.032054
v 3.035870 -3.514812 10.201379
v 2.849086 -3.639891 10.338447
v 2.674703 -3.749629 10.432240
v 2.535620 -3.841343 10.490819
v 1.782941 2.890270 9.434599
v 1.634854 3.133941 9.383841
v 1.334919 4.180937 9.825405
v 2.664987 4.843613 10.100043
v 2.883878 4.834254 10.045049
v 3.543977 4.807282 9.917556
v 3.951477 4.728820 9.783711
v 4.143662 4.666546 9.688934
v 4.499695 4.491268 9.446506
v 4.661105 4.391134 9.303583
v 5.050830 4.080107 8.821150
v 5.162404 3.990762 8.661429
v 5.241179 3.914782 8.536384
v 5.301943 3.846057 8.431286
v 5.335875 3.783642 8.358189
v 5.324916 3.635253 8.275329
v 5.253416 3.461481 8.233575
v 5.199360 3.368511 8.225633
v 5.135828 3.275534 8.228986
v 5.163766 3.822887 8.549229
v 4.494237 3.072016 8.878983
v 4.368134 2.990802 9.006707
v 4.204576 2.923233 9.137780
v 3.742978 2.840022 9.389464
v 4.351913 3.152886 8.971083
v 4.219763 3.094508 9.088228
v 4.579696 4.268869 9.281682
v 4.509444 4.153842 9.253705
v 4.425272 4.372071 9.421458
v 3.873899 4.609927 9.731261
v 3.815269 4.511753 9.680136
v 4.363631 4.263001 9.385990
v 4.893299 3.871211 8.798615
v 4.967894 3.974866 8.815882
v 5.081233 3.883821 8.662989
v 5.010323 3.787560 8.652498
v 4.703852 3.342656 8.663974
v 4.810644 3.481450 8.631222
v 4.942338 3.679751 8.633412
v 4.387438 3.874578 9.240960
v 4.242669 3.957325 9.379302
v 3.701085 4.155484 9.654385
v 3.667572 3.971490 9.682103
v 4.202838 3.799617 9.401310
v 4.166304 3.636904 9.418730
v 4.342332 3.731665 9.267300
v 4.304320 3.583493 9.292812
v 4.621891 3.312719 8.658675
v 4.516792 3.317134 8.823009
v 4.449620 3.321485 8.774348
v 4.527094 3.287483 8.632642
v 4.282257 3.179977 8.948464
v 2.539235 3.011031 9.501846
v 2.519486 2.927402 9.507879
v 2.684371 2.882587 9.531296
v 2.692406 2.972155 9.535036
v 3.030947 2.970167 9.511204
v 3.040927 2.925771 9.546167
v 3.236990 2.921037 9.521893
v 3.213784 2.965971 9.483626
v 3.636626 2.955885 9.410456
v 3.617551 2.999261 9.368996
v 3.421506 2.974706 9.433814
v 3.447634 2.930624 9.477063
v 3.056439 2.823737 9.534222
v 3.275728 2.810368 9.508452
v 3.509914 2.816451 9.459988
v 4.018441 3.079600 9.166880
v 4.053532 3.044788 9.200672
v 4.165163 3.130799 9.054907
v 2.426888 3.099158 9.402710
v 2.560685 3.053923 9.455488
v 2.705992 3.015642 9.491446
v 2.248359 3.036833 9.426006
v 2.397188 3.054374 9.455637
v 2.273866 3.098331 9.395270
v 1.867701 3.131481 9.299769
v 1.764553 3.203774 9.243081
v 2.312764 3.137232 9.343300
v 1.977874 3.145586 9.283919
v 1.961947 3.179184 9.227133
v 1.861131 3.171490 9.242991
v 1.959646 3.240704 9.143047
v 1.905279 3.167802 9.240349
v 1.904705 3.225637 9.159909
v 4.050079 3.379636 9.316354
v 4.090083 3.420252 9.376676
v 4.217817 3.394957 9.256721
v 3.570106 3.489326 9.637901
v 3.533119 3.463161 9.592096
v 3.593476 3.598404 9.673423
v 2.465991 3.520999 9.523517
v 2.641591 3.538327 9.594221
v 4.127661 3.504285 9.411121
v 4.262794 3.467878 9.287990
v 4.175149 3.357253 9.203408
v 2.494873 3.501714 9.472919
v 2.656929 3.498564 9.550934
v 2.337440 3.488627 9.384892
v 2.311830 3.504576 9.451140
v 1.783332 3.223199 9.205060
v 1.828681 3.254855 9.157842
v 1.853191 3.269169 9.140624
v 1.903282 3.249848 9.139030
v 1.959691 3.270742 9.121147
v 1.830252 3.283389 9.147862
v 1.780676 3.275394 9.194124
v 1.814942 3.324957 9.196236
v 1.877043 3.363563 9.199260
v 1.846222 3.361661 9.266930
v 1.786911 3.325200 9.243684
v 1.748256 3.269854 9.222315
v 1.861168 3.322358 9.133954
v 1.849831 3.285729 9.137895
v 3.632130 3.770681 9.695806
v 2.476356 3.930235 9.610482
v 2.467280 3.757136 9.611093
v 2.656070 3.787611 9.670042
v 2.677320 3.973037 9.670530
v 2.280479 3.717687 9.537229
v 2.270174 3.858624 9.542454
v 2.702437 4.165622 9.666780
v 2.487754 4.103972 9.612624
v 2.261477 4.000298 9.549640
v 2.091516 3.785961 9.486756
v 2.115083 3.672561 9.475688
v 2.136608 3.562214 9.436715
v 2.061827 3.893975 9.504725
v 2.180359 4.255583 9.668489
v 2.769348 4.506959 9.782220
v 2.480848 4.454106 9.763830
v 2.819596 4.670483 9.906155
v 2.287720 3.596764 9.500046
v 2.467615 3.618433 9.573077
v 2.643693 3.632998 9.636526
v 1.918829 3.365198 9.115651
v 1.934678 3.348407 9.101061
v 2.073634 3.418529 9.236660
v 2.192239 3.441113 9.307979
v 1.876649 3.312618 9.118805
v 1.551138 4.087841 9.665377
v 2.860755 2.848025 9.544671
v 2.858813 2.942852 9.551054
v 2.863781 2.987397 9.512018
v 2.037256 3.436097 9.315312
v 1.925117 3.129436 9.296364
v 2.076716 3.179991 9.245848
v 1.998784 3.498956 9.377275
v 1.965329 3.585311 9.420566
v 1.927486 3.684833 9.430690
v 1.880934 3.775328 9.451174
v 1.715799 3.970812 9.564888
v 1.869713 3.223198 9.170352
v 1.876326 3.240641 9.152908
v 1.946584 3.324756 9.100449
v 1.887468 3.293566 9.119020
v 3.469488 4.678209 9.837326
v 3.414399 4.568498 9.769734
v 3.294473 4.214199 9.734082
v 3.260386 4.013520 9.755702
v 3.227408 3.801478 9.759918
v 3.194526 3.631871 9.729987
v 3.163443 3.524812 9.697748
v 3.166840 3.496996 9.650028
v 4.064659 4.547695 9.649624
v 4.009266 4.448104 9.604228
v 3.902060 4.103837 9.584991
v 3.870208 3.925480 9.610214
v 3.837535 3.736016 9.625752
v 3.796605 3.577213 9.606395
v 3.763560 3.470577 9.566644
v 3.722091 3.459642 9.489001
v 4.448579 4.024660 9.233963
v 4.302089 4.126994 9.373308
v 3.950688 4.294078 9.585248
v 3.752872 4.355851 9.657183
v 3.354234 4.409535 9.736912
v 2.733274 4.330173 9.701488
v 2.490689 4.257854 9.658520
v 2.233256 4.118996 9.590488
v 2.015598 3.994152 9.543641
v 1.818657 3.865330 9.490607
v 4.818658 3.754393 8.775574
v 4.694776 3.533319 8.794184
v 4.651960 3.435776 8.825438
v 4.592694 3.363199 8.834752
v 4.744930 3.644298 8.772258
v 4.868739 3.577012 8.624580
v 4.763244 3.398002 8.651401
v 2.095644 3.213965 9.194378
v 4.790807 3.328584 8.563865
v 4.718502 3.278753 8.585372
v 7.007439 4.775392 4.791533
v 6.903002 4.666260 5.117405
v 6.799154 4.559306 5.428009
v 6.502666 4.254194 6.285297
v 6.298092 4.047225 6.828199
v 6.179062 3.938652 7.091970
v 6.042768 3.829262 7.351329
v 5.883110 3.726926 7.609338
v 5.710471 3.647299 7.834605
v 5.548468 3.592664 8.010132
v 5.412975 3.564775 8.142757
v 5.292865 3.549167 8.250665
v 4.852384 3.385334 8.539654
v 4.911559 3.463875 8.521766
v 5.103725 3.730861 8.539392
v 6.884637 5.351665 5.096757
v 6.778151 5.216789 5.399524
v 6.671875 5.086071 5.688450
v 6.388813 4.703730 6.499162
v 6.209253 4.441394 7.013381
v 6.110971 4.302279 7.261463
v 6.001459 4.158400 7.502855
v 5.868207 4.016976 7.738089
v 5.714557 3.899794 7.945878
v 5.566985 3.809405 8.106009
v 5.441976 3.751326 8.222483
v 5.340823 3.713548 8.309389
v 5.046296 3.640838 8.526713
v 4.980176 3.549269 8.518352
v 2.555256 -4.551069 10.415207
v 2.705158 -4.541832 10.321519
v 2.881472 -4.520535 10.196468
v 6.079022 -4.622644 4.175139
v 6.034141 -4.636601 4.987413
v 5.958359 -4.636882 5.400252
v 5.851058 -4.632573 5.812919
v 5.568846 -4.615509 6.634574
v 5.187707 -4.590008 7.423302
v 4.430366 -4.557175 8.616633
v 4.172330 -4.547412 8.962341
v 3.280937 -4.505714 9.880680
v 3.075649 -4.510503 10.049481
v 3.022166 -4.781086 10.063087
v 5.772237 -5.187533 4.234526
v 5.753468 -5.187824 5.016061
v 5.690476 -5.178784 5.414944
v 5.600091 -5.164176 5.815691
v 5.350279 -5.121960 6.624786
v 5.013413 -5.064542 7.415044
v 4.326829 -4.968826 8.617060
v 4.085438 -4.936357 8.962859
v 4.845664 -6.130771 6.601914
v 4.251066 -5.896863 8.246517
v 4.739285 -6.087613 7.001035
v 3.407995 -5.628746 9.517975
v 3.609232 -5.691381 9.273501
v 3.823298 -5.758862 8.981342
v 4.421191 -5.444197 8.239158
v 4.981801 -5.592003 7.012404
v 3.530789 -5.228382 9.510176
v 3.740163 -5.283359 9.265395
v 3.965722 -5.338396 8.972028
v 2.160975 -7.209338 10.172361
v 1.940284 -7.464383 10.278008
v 0.760829 -8.147135 10.658774
v 5.442755 -5.712622 4.672304
v 5.399874 -5.705205 3.965132
v 5.069331 -6.193737 4.733462
v 5.021368 -6.197222 4.061838
v 4.461041 -6.572694 6.982318
v 4.536446 -6.608775 6.588423
v 4.665364 -6.646416 4.790060
v 4.624074 -6.677237 4.145789
v 4.187347 -7.052550 6.582457
v 4.143449 -7.035401 6.973733
v 4.250168 -7.077754 4.847740
v 4.220640 -7.147927 4.227384
v 3.801357 -7.447789 6.586746
v 3.780647 -7.451398 6.974460
v 3.827164 -7.489462 4.913474
v 3.816403 -7.602529 4.326178
v 2.554647 -7.101324 9.915633
v 2.344558 -7.415281 10.013018
v 2.112779 -7.702057 10.119127
v 0.812642 -8.492295 10.472781
v 2.741275 -7.259742 9.712762
v 2.517590 -7.609853 9.802880
v 2.265342 -7.927821 9.897487
v 0.848658 -8.791027 10.185664
v 2.393065 -8.128377 9.601411
v 0.866850 -9.000350 9.797189
v 3.292832 -7.739230 8.311585
v 3.072214 -7.543190 9.127979
v 2.917347 -7.407691 9.452185
v 3.399213 -7.785838 6.601196
v 3.393686 -7.800702 6.991202
v 2.672228 -7.783981 9.527127
v 2.798174 -7.932327 9.179558
v 2.939846 -8.106001 8.330201
v 2.990207 -8.078878 6.628517
v 2.996485 -8.103231 7.013782
v 2.156413 -8.672713 8.356554
v 2.158677 -8.598429 7.061051
v 0.868220 -9.043993 7.115460
v 2.145241 -8.574384 6.690637
v 2.559161 -8.413383 8.342310
v 2.582419 -8.367752 7.033952
v 2.571751 -8.344210 6.659449
v 6.578172 -2.797248 3.118928
v 5.357456 -5.701314 3.635397
v 5.690989 -5.173211 3.513857
v 5.985399 -4.603793 3.402905
v 6.427425 -3.406456 3.223245
v 3.820575 -7.538085 4.614787
v 4.236959 -7.106002 4.534629
v 4.647162 -6.658060 4.463575
v 5.052087 -6.194773 4.391981
v 4.986834 -6.206782 3.742197
v 4.600296 -6.706500 3.834047
v 4.207441 -7.199981 3.932665
v 3.822319 -7.683261 4.054193
v 5.037253 -6.188017 5.448261
v 4.659254 -6.641355 5.476645
v 4.257051 -7.056316 5.504098
v 3.833608 -7.435066 5.535997
v 2.128154 -8.573921 6.352110
v 2.556369 -8.339803 6.312469
v 2.982197 -8.070938 6.274777
v 3.403182 -7.769652 6.246056
v 3.815944 -7.437755 6.219860
v 4.216284 -7.055447 6.206980
v 4.591916 -6.627965 6.205403
v 4.930301 -6.160875 6.208498
v 5.226897 -5.661830 6.213892
v 1.714429 -8.763561 6.722807
v 1.730911 -8.792171 7.086594
v 1.734942 -8.885943 8.373054
v 7.265264 2.565875 4.373581
v 7.197115 2.537590 4.770868
v 7.111957 2.514458 5.161123
v 6.765215 2.479624 6.193261
v 6.429399 2.485772 6.839263
v 6.216437 2.498893 7.159936
v 5.971783 2.519695 7.470474
v 5.686941 2.552093 7.772116
v 5.412415 2.607888 8.006896
v 4.000683 2.877906 9.269457
v 3.860137 2.997588 9.312449
v 3.825330 3.037598 9.273930
v 7.267729 2.211522 4.371078
v 7.206791 2.191742 4.779454
v 7.124142 2.177710 5.179063
v 6.768018 2.176053 6.260474
v 6.423355 2.215690 6.931100
v 6.202405 2.250672 7.262950
v 5.940915 2.296791 7.583400
v 5.641973 2.352848 7.887045
v 0.867667 -9.160172 8.397394
v 0.842658 -9.017318 6.449541
v 1.696277 -8.765459 6.393147
v 0.418741 -9.080634 6.462080
v 0.427283 -9.074895 6.770612
v 0.434350 -9.108805 7.123044
v 0.433765 -9.222828 8.394806
v 0.434599 -9.166736 9.352615
v 0.432037 -9.056928 9.811888
v 0.424884 -8.852143 10.208173
v 0.410158 -8.554741 10.504995
v 0.386184 -8.208019 10.692844
v 0.354239 -7.848641 10.794127
v 0.322650 -7.486986 10.826941
v 0.294964 -7.132887 10.813599
v 0.269516 -6.775315 10.796810
v 0.258105 -6.464763 10.909516
v 1.739455 3.182500 9.293307
v 1.718350 3.261719 9.263897
v 1.751784 3.331868 9.282276
v 1.395470 3.661125 9.466270
v 1.233668 3.715900 9.589207
v 1.706634 3.342084 9.319868
v 1.679371 3.258035 9.308093
v 1.697011 3.161510 9.337255
v 1.756250 3.419117 9.345682
v 1.806936 3.385264 9.314909
v 1.696804 3.463727 9.357462
v 1.623727 3.521647 9.369712
v 1.528620 3.596422 9.397593
v 1.538673 3.250284 9.390709
v 1.550119 3.389329 9.365542
v 1.060337 3.763909 9.780066
v 1.894575 3.041983 9.373184
v 1.841148 2.961592 9.410226
v 5.117098 -1.044443 8.673457
v 4.913701 -0.703667 8.935237
v 4.682667 -0.405092 9.153482
v 4.425922 -0.131491 9.332313
v 4.160804 0.117239 9.465111
v 3.885986 0.340867 9.558267
v 1.902353 2.780866 9.441313
v 1.846118 2.702108 9.474672
v 5.007597 3.291273 8.340590
v 4.890546 3.309620 8.450562
v 5.234503 3.775973 8.453780
v 4.958791 3.378536 8.432318
v 5.023949 3.453762 8.423499
v 5.087966 3.536686 8.426914
v 5.142369 3.624326 8.437553
v 5.187603 3.703335 8.450577
v 5.275967 3.749991 8.395575
v 5.075093 3.371578 8.329743
v 5.137414 3.458060 8.331867
v 5.189313 3.541551 8.341946
v 5.229053 3.622669 8.359043
v 5.258130 3.696729 8.379503
v 1.450699 3.422718 9.400480
v 1.318811 3.450181 9.473516
v 1.438372 3.244469 9.442800
v 1.312033 3.242068 9.518978
v 0.536465 3.881493 10.485927
v 0.740390 3.836150 10.270405
v 0.510858 3.666312 10.542065
v 4.635065 -5.497077 7.825187
v 4.800873 -5.030853 7.824008
v 4.948561 -4.578107 7.830331
v 5.169062 -3.690215 7.889811
v 5.235760 -3.256118 7.943738
v 5.285525 -2.820102 8.017851
v 5.318229 -2.378865 8.116876
v 5.327005 -1.919168 8.241366
v 5.283860 -1.444535 8.410528
v 2.852109 1.053585 9.734472
v 2.619038 1.211396 9.763804
v 2.397830 1.369789 9.797874
v 2.186925 1.531107 9.834116
v 1.988263 1.699283 9.880942
v 1.071522 1.458680 11.169672
v 0.692067 1.868442 11.591949
v 0.201416 2.079391 11.888222
v 0.385897 2.037584 11.819101
v 1.314673 1.109403 10.890098
v 1.193232 1.290452 11.028466
v 1.526253 1.077395 10.579260
v 1.655199 0.864394 10.465252
v 1.436189 0.912277 10.757251
v 1.550325 0.701390 10.628162
v 1.751609 0.217653 10.389466
v 1.656060 0.471470 10.504485
v 4.364815 3.357261 8.919619
v 4.424674 3.340132 8.971817
v 4.492136 3.395143 8.993635
v 4.552289 3.485563 8.993333
v 4.588418 3.600004 8.956788
v 4.632805 3.718075 8.925796
v 4.701372 3.838406 8.924762
v 4.768844 3.956529 8.952580
v 4.845191 4.066685 8.972984
v 4.930787 4.182454 8.987166
v 5.037424 4.318228 8.972995
v 5.174596 4.482059 8.918736
v 5.323225 4.682405 8.811774
v 5.456911 4.900098 8.642189
v 5.549044 5.110077 8.430605
v 5.620655 5.309541 8.204676
v 5.687164 5.496441 7.982453
v 5.844776 5.863788 7.548426
v 6.125786 6.419058 6.875723
v 6.225744 6.614235 6.635039
v 6.326623 6.812527 6.384923
v 6.515209 7.218137 5.846163
v 5.912415 7.900908 6.796028
v 5.731824 7.445902 7.300102
v 5.634078 7.225311 7.531421
v 5.533169 7.006094 7.753063
v 5.231178 6.386406 8.366096
v 5.059216 5.990034 8.748072
v 4.985572 5.793946 8.943777
v 4.912754 5.591435 9.138307
v 4.825648 5.376672 9.318066
v 4.708752 5.148051 9.455875
v 4.567483 4.927986 9.543852
v 4.431395 4.739485 9.577920
v 4.326405 4.586367 9.578400
v 4.252010 4.466297 9.547848
v 4.195919 4.362589 9.505614
v 4.137186 4.216823 9.490562
v 4.088212 4.036350 9.493654
v 4.050147 3.864732 9.514340
v 4.016809 3.688368 9.528332
v 3.976084 3.543521 9.513152
v 3.940291 3.444698 9.474463
v 3.897538 3.437371 9.400520
v 4.786864 8.536592 8.026718
v 4.614751 7.994326 8.452085
v 4.515523 7.733080 8.645998
v 4.412046 7.478034 8.831158
v 4.107685 6.751813 9.325179
v 3.949858 6.308046 9.630417
v 3.882146 6.093754 9.778483
v 3.809039 5.877224 9.913424
v 3.722793 5.649501 10.021024
v 3.623709 5.415926 10.085213
v 3.514720 5.193022 10.098083
v 3.407978 4.994214 10.050134
v 3.320651 4.825677 9.963900
v 3.252766 4.686595 9.869556
v 3.207382 4.565037 9.788768
v 3.164488 4.412689 9.743154
v 3.102880 4.214928 9.731502
v 3.070033 4.011625 9.748985
v 3.038173 3.806325 9.750040
v 3.008521 3.638262 9.718851
v 2.988151 3.533979 9.677630
v 2.987532 3.508855 9.617238
v 2.195302 4.913271 10.308172
v 7.245008 1.096661 4.436688
v 6.708045 1.168654 6.551993
v 7.094938 1.091400 5.311193
v 7.184192 1.089978 4.876521
v 7.128680 -0.446947 3.771185
v 7.100653 -0.521942 4.642074
v 6.931653 -0.579861 5.596569
v 7.031333 -0.555073 5.115615
v 2.051583 2.666793 9.450757
v 2.003504 2.578606 9.474915
v 2.334912 2.242588 9.506713
v 2.196336 1.975426 9.625573
v 2.099861 1.840535 9.740583
v 2.411416 2.472193 9.461634
v 2.378312 2.363766 9.476851
v 2.635182 2.487205 9.457179
v 2.654183 2.590708 9.472435
v 2.554349 2.132783 9.498898
v 2.416724 1.842434 9.606880
v 2.310609 1.690240 9.706525
v 2.616772 2.380003 9.458714
v 2.590459 2.262310 9.474276
v 2.856359 2.413545 9.440697
v 2.867484 2.526059 9.460578
v 2.788610 2.028486 9.484811
v 2.648816 1.716524 9.586946
v 2.532643 1.548455 9.680038
v 2.838720 2.294595 9.440315
v 2.820393 2.167731 9.458694
v 3.103469 2.346452 9.407266
v 3.108305 2.472390 9.431585
v 3.046154 1.931483 9.459479
v 2.892973 1.593477 9.558186
v 2.767125 1.409981 9.648601
v 3.094776 2.216024 9.406726
v 3.076885 2.078810 9.428016
v 3.392207 2.292966 9.344735
v 3.379670 2.431986 9.376632
v 3.331279 1.837141 9.415833
v 3.150916 1.472912 9.521032
v 3.013126 1.270466 9.615124
v 3.386702 2.146815 9.346570
v 3.370710 1.994829 9.376066
v 3.687131 2.415192 9.285914
v 2.464625 2.662572 9.468056
v 2.439571 2.569652 9.458400
v 2.668946 2.691132 9.495791
v 2.875339 2.637282 9.491491
v 3.101396 2.594641 9.470550
v 3.358420 2.567125 9.427531
v 2.678425 2.787804 9.517838
v 2.873276 2.744779 9.522744
v 3.086742 2.712939 9.506633
v 3.322140 2.694716 9.475202
v 2.502046 2.841843 9.500112
v 2.486657 2.754070 9.485757
v 3.641261 2.559795 9.354696
v 3.579755 2.693857 9.417027
v 4.017779 2.426773 9.143745
v 3.943751 2.583147 9.231984
v 3.851717 2.717356 9.326213
v 4.342462 2.479716 8.956256
v 4.234255 2.632658 9.063871
v 4.122589 2.763691 9.176706
v 4.565158 2.578573 8.795208
v 4.442430 2.705047 8.911581
v 4.333107 2.819271 9.030282
v 4.722843 2.695526 8.640353
v 4.597358 2.804369 8.766864
v 4.480276 2.906828 8.900937
v 4.834408 2.831628 8.502019
v 4.710896 2.909908 8.628712
v 4.598358 2.995239 8.763868
v 5.580859 3.112118 7.805246
v 5.218282 3.149803 8.127047
v 5.069172 3.176827 8.253237
v 5.386867 3.124461 7.982646
v 4.933604 3.207578 8.366109
v 4.819403 3.240183 8.480398
v 3.718387 2.255863 9.245265
v 3.717091 2.087919 9.255051
v 3.688325 1.918431 9.298114
v 3.633929 1.742945 9.354119
v 3.425670 1.350793 9.482823
v 3.271646 1.126374 9.576826
v 3.094792 0.890592 9.701529
v 2.680735 0.399479 9.963971
v 2.450704 0.144431 10.066482
v 2.230573 -0.106905 10.143652
v 2.032068 -0.357422 10.199630
v 1.905437 -0.620228 10.282955
v 1.786530 -0.853527 10.389746
v 1.533027 -1.145842 10.656724
v 1.243513 -1.221934 10.907312
v 1.100619 -1.223837 11.028657
v 0.970584 -1.212822 11.141994
v 0.849882 -1.202197 11.242771
v 0.472924 -1.185080 11.464998
v 0.228789 -1.222925 11.540659
v 0.113782 -1.231816 11.555040
v 4.321870 0.915462 9.303340
v 4.121266 0.630824 9.427155
v 4.604223 1.437053 9.052540
v 4.695484 1.674605 8.916886
v 4.781965 1.902942 8.771869
v 4.637256 0.724539 9.184051
v 4.416266 0.420678 9.320272
v 4.948495 1.297621 8.897905
v 5.048475 1.555738 8.740402
v 4.081774 2.243048 9.095766
v 4.065914 2.043497 9.128585
v 4.020562 1.848348 9.195218
v 3.951257 1.651147 9.273669
v 3.716168 1.227051 9.436908
v 3.544860 0.978351 9.539423
v 3.349670 0.720683 9.664830
v 2.898195 0.199220 9.935577
v 2.653273 -0.067066 10.039871
v 2.422118 -0.328398 10.120522
v 2.207903 -0.583846 10.184833
v 2.037390 -0.826185 10.280485
v 1.888776 -1.040506 10.412436
v 1.595304 -1.304299 10.719134
v 1.278026 -1.382882 10.987712
v 1.127540 -1.384015 11.106268
v 0.991721 -1.373391 11.212509
v 0.862834 -1.362463 11.305507
v 0.481271 -1.356521 11.507569
v 0.236653 -1.366148 11.559677
v 0.118299 -1.366866 11.563876
v 5.807375 3.119281 7.567096
v 6.032941 3.143402 7.283558
v 6.231425 3.176609 6.991406
v 6.403240 3.213749 6.700883
v 6.685200 3.297709 6.116184
v 7.018328 3.444921 5.175788
v 7.116850 3.503005 4.820261
v 7.206500 3.564776 4.450888
v 5.256454 2.837585 8.098340
v 5.178725 2.673303 8.194695
v 5.202309 2.026596 8.417293
v 5.540254 1.924581 8.180119
v 5.859001 1.820166 7.880893
v 6.138273 1.720288 7.544937
v 6.376719 1.635384 7.183702
v 6.739708 1.521591 6.432907
v 7.113592 1.468453 5.252737
v 7.203208 1.470514 4.831367
v 7.260538 1.478943 4.402130
v 4.870969 2.135554 8.629543
v 4.947360 0.509850 9.005624
v 4.704342 0.186151 9.164904
v 5.291612 1.136257 8.692757
v 5.401384 1.423010 8.528126
v 5.243879 0.275560 8.768812
v 4.983434 -0.072099 8.953706
v 5.615370 0.960074 8.418987
v 5.725988 1.273280 8.242680
v 5.529459 0.029891 8.470531
v 5.249987 -0.353221 8.689644
v 5.904263 0.780299 8.081349
v 6.011397 1.121368 7.897803
v 5.807791 -0.226053 8.106750
v 6.161996 0.615542 7.695908
v 6.259183 0.984726 7.515404
v 6.990985 -0.133800 5.527328
v 7.036971 0.293197 5.452264
v 7.069237 0.700848 5.378064
v 7.086837 -0.120529 5.054319
v 7.127771 0.299172 4.989362
v 7.158982 0.702394 4.928121
v 7.150244 -0.096887 4.585974
v 7.188982 0.313406 4.527407
v 7.219492 0.711006 4.478379
v 7.366950 3.002794 3.577985
v 7.351965 2.638949 3.532029
v 7.358017 3.692459 3.693591
v 7.297516 4.347631 3.856779
v 7.331670 4.023088 3.763585
v 7.255562 4.669567 3.972818
v 7.025237 5.921697 4.659895
v 7.095613 5.618703 4.455855
v 6.945234 6.213380 4.881338
v 6.854893 6.490834 5.114761
v 6.751176 6.751271 5.354427
v 7.156942 5.306594 4.271579
v 7.210349 4.989420 4.110279
v 7.330634 2.261538 3.506465
v 7.304990 1.876304 3.521141
v 7.279847 1.495754 3.553790
v 7.256739 1.115656 3.596516
v 7.165284 -0.041831 3.728056
v 7.195906 0.350721 3.687691
v 7.225826 0.733706 3.642497
v 4.989522 2.327669 8.472386
v 4.888027 2.591489 8.497951
v 4.992399 2.751231 8.358059
v 5.079137 2.901497 8.251956
v 6.858263 -1.044746 5.656879
v 7.048009 -0.335061 3.009573
v 1.074457 9.442087 9.600369
v 1.034995 8.720037 9.916282
v 1.008722 8.365584 10.041644
v 0.980472 8.025105 10.155535
v 0.922205 7.384252 10.378396
v 0.845978 6.529729 10.674409
v 1.135656 6.587241 10.643545
v 1.241874 7.437428 10.327435
v 1.317124 8.070878 10.097624
v 1.354841 8.408924 9.979958
v 1.387684 8.759542 9.850585
v 1.437567 9.472773 9.522876
v 1.694808 4.494301 9.988811
v 1.966428 4.390516 9.798881
v 1.884809 4.634404 10.088338
v 1.663542 -0.866700 10.552004
v 1.663835 -1.035674 10.527263
v 1.748555 -1.206110 10.570450
v 1.391830 -1.034331 10.794072
v 1.383044 -1.204482 10.787617
v 1.433722 -1.355749 10.857227
v 7.083038 0.033649 2.975442
v 7.119620 0.397678 2.938255
v 7.156490 0.760426 2.887575
v 7.191648 1.119777 2.824899
v 7.230749 1.483590 2.741716
v 7.280169 1.867292 2.632543
v 7.349825 2.326728 2.470880
v 7.412967 2.767158 2.625803
v 7.453004 3.139536 2.738585
v 7.486085 3.830646 2.918482
v 7.478111 4.171417 3.009753
v 7.149561 6.529578 4.231011
v 7.054254 6.838616 4.479655
v 6.823550 7.398110 4.997609
v 6.945846 7.129241 4.736283
v 6.691035 7.640039 5.256259
v 6.396740 8.051743 5.759608
v 6.237677 8.219503 6.000373
v 5.684875 8.676206 6.724111
v 5.896042 8.514953 6.467853
v 5.182302 8.977882 7.269689
v 4.908329 9.105927 7.537750
v 4.338568 9.313696 8.045096
v 4.030437 9.391962 8.291876
v 3.345252 9.499306 8.762077
v 6.073270 8.371267 6.234030
v 7.460711 4.510620 3.116951
v 7.435265 4.851992 3.245991
v 7.229685 6.207460 3.992794
v 7.296623 5.875695 3.773003
v 7.353180 5.536268 3.574445
v 7.399261 5.194148 3.398067
v 0.724235 2.094831 11.366824
v 0.858355 1.959283 11.224431
v 1.747815 1.397380 10.213363
v 1.631353 1.240672 10.395872
v 0.496915 3.231336 10.796624
v 0.849587 2.736135 10.612166
v 2.969812 9.526471 8.973220
v 2.886378 8.857380 9.363762
v 2.828405 8.528031 9.518996
v 2.761293 8.207409 9.657250
v 2.621307 7.604974 9.916599
v 2.434548 6.792298 10.296126
v 0.894047 2.968264 10.283982
v 0.844861 3.287437 10.147591
v 0.850954 3.552587 10.062802
v 1.057793 3.004092 9.931205
v 1.000273 3.260206 9.870152
v 1.000947 3.514734 9.810460
v 0.902990 3.799212 10.021026
v 1.114177 4.231108 10.054375
v 2.064231 5.135037 10.521173
v 2.156365 5.278971 10.570875
v 1.476197 3.078814 9.486271
v 1.353537 3.049011 9.560597
v 1.209625 3.026898 9.701200
v 1.159290 3.246415 9.655572
v 1.162426 3.481385 9.607728
v 2.375057 2.980844 9.470736
v 2.350848 2.904284 9.470976
v 2.323937 2.825569 9.464367
v 2.294013 2.741620 9.455449
v 2.258852 2.657302 9.452219
v 2.223495 2.569181 9.458652
v 2.184088 2.469887 9.477529
v 2.132365 2.357497 9.507758
v 1.988346 2.115995 9.644212
v 1.897544 1.999868 9.778139
v 1.797725 1.875763 9.935781
v 1.584120 1.592485 10.300184
v 1.484972 1.438626 10.497152
v 1.391837 1.276238 10.695002
v 1.259030 1.463283 10.818568
v 1.126306 1.640073 10.948874
v 0.405536 2.295093 11.618250
v 0.211003 2.342840 11.691988
v 2.094613 2.750924 9.439324
v 2.137564 2.829685 9.436563
v 2.181799 2.902434 9.437732
v 2.216104 2.971161 9.437553
v 1.953049 2.855816 9.425471
v 2.007323 2.926593 9.414138
v 1.975466 3.064487 9.357297
v 2.027998 3.094417 9.337167
v 2.112504 3.161560 9.282743
v 0.573593 4.097914 10.468771
v 0.801822 4.057780 10.259767
v 0.990987 4.027242 10.017877
v 1.177232 3.989128 9.784375
v 1.373035 3.919902 9.610204
v 1.535132 3.826927 9.507899
v 1.648901 3.728029 9.438220
v 1.727904 3.645737 9.400148
v 1.786524 3.566884 9.383313
v 1.840856 3.498338 9.376304
v 1.889050 3.442644 9.341182
v 1.931685 3.397212 9.288529
v 1.967009 3.407660 9.205276
v 2.000769 3.408032 9.101911
v 2.009936 3.387665 9.089424
v 2.018201 3.359649 9.086804
v 2.025030 3.297372 9.102649
v 2.028754 3.263344 9.121554
v 2.025524 3.193784 9.210882
v 2.030000 3.161178 9.260782
v 2.069657 3.126374 9.312364
v 2.144667 3.087714 9.370728
v 2.180335 3.135890 9.335687
v 2.063458 2.984442 9.404218
v 2.109191 3.038084 9.394338
v 0.325305 4.357711 10.628228
v 0.301603 4.131179 10.617012
v 0.284427 3.919389 10.636923
v 0.272219 3.713932 10.693965
v 0.266048 3.508656 10.794539
v 0.260391 3.300958 10.933641
v 2.217375 3.169763 9.284952
v 2.147243 3.194548 9.237116
v 0.361774 9.390368 9.693744
v 0.347156 8.651704 9.996744
v 0.337530 8.292848 10.116451
v 0.327569 7.945332 10.226836
v 0.308322 7.302594 10.434937
v 0.286725 6.445119 10.703355
v 0.282049 5.694911 10.815183
v 0.555546 5.720123 10.802249
v 1.096393 5.823677 10.775688
v 1.373956 5.889989 10.751407
v 3.702931 -4.517565 9.495297
v 3.489764 -4.506499 9.693454
v 3.925797 -4.534504 9.253148
v 3.631103 -4.860097 9.499459
v 3.426693 -4.824517 9.704301
v 3.850137 -4.897130 9.258425
v 3.221434 -4.798644 9.888202
v 2.179895 4.543719 9.897332
v 2.583605 4.664237 9.937645
v 2.443508 4.868881 10.184854
v 2.535551 5.041280 10.317609
v 2.618298 5.234742 10.410954
v 2.689756 5.446875 10.454237
v 2.756572 5.671896 10.447919
v 2.814865 5.897777 10.397987
v 2.869674 6.123397 10.320315
v 2.927108 6.352646 10.223805
v 3.054594 6.830121 9.988315
v 3.288912 7.619959 9.579645
v 3.372842 7.903766 9.435546
v 3.454222 8.198193 9.288376
v 3.603182 8.817330 8.957023
v 3.699554 9.453580 8.531787
v 1.811214 9.501153 9.425771
v 1.752276 8.798217 9.767904
v 1.710970 8.451532 9.901699
v 1.666704 8.117405 10.022368
v 1.573592 7.488752 10.259537
v 1.443337 6.646765 10.594454
v 1.667038 5.956792 10.710647
v 2.053793 4.771422 10.198503
v 2.328674 4.706356 10.037841
v 0.732768 -6.447527 10.856256
v 0.761280 -6.751687 10.723709
v 1.255445 -6.900704 10.583865
v 1.393530 -7.153489 10.535626
v 1.539360 -7.418376 10.478726
v 1.694437 -7.691855 10.391263
v 1.849675 -7.963389 10.233329
v 1.978732 -8.214581 9.991096
v 2.074377 -8.429718 9.663084
v 2.128362 -8.578145 9.254870
v 1.731221 -8.825684 9.290812
v 1.706878 -8.688584 9.717406
v 1.642918 -8.469169 10.077697
v 1.542702 -8.190687 10.332186
v 1.417049 -7.884901 10.498871
v 1.293722 -7.580053 10.581381
v 1.167911 -7.283041 10.625482
v 1.055132 -7.002053 10.647614
v 6.234897 -3.995105 3.311590
v 6.326204 -4.027386 4.119080
v 6.269501 -4.067122 4.957587
v 6.186408 -4.085657 5.381614
v 6.072395 -4.096458 5.806465
v 5.762220 -4.107025 6.641471
v 5.335578 -4.119040 7.446790
v 5.071117 -4.131094 7.852062
v 4.500659 -4.160962 8.627154
v 4.225183 -4.177640 8.966151
v 3.968001 -4.191112 9.256185
v 3.734063 -4.200391 9.495201
v 3.521226 -4.216702 9.698933
v 3.311530 -4.245095 9.886518
v 3.104557 -4.274220 10.052938
v 2.903828 -4.304700 10.191687
v 2.721047 -4.349279 10.310943
v 2.572213 -4.399222 10.402591
v 3.390031 -7.880811 4.978824
v 3.405335 -8.046103 4.436521
v 3.395531 -7.955286 4.699553
v 3.430249 -8.160967 4.186389
v 3.400180 -7.789993 5.582562
v 2.966948 -8.114002 5.643538
v 2.526170 -8.401332 5.701396
v 2.984038 -8.470692 4.569274
v 2.966975 -8.348331 4.809443
v 3.029819 -8.618868 4.342209
v 2.094532 -8.663760 5.756665
v 2.638033 -9.035865 4.525950
v 2.577421 -8.858177 4.728415
v 2.545815 -8.705280 4.940561
v 1.840380 -9.743942 4.903875
v 1.778145 -9.518059 5.089279
v 1.726473 -9.319123 5.254229
v 1.405827 -10.012232 5.048729
v 1.349624 -9.761738 5.230914
v 1.306874 -9.540324 5.391211
v 1.267040 -8.913404 6.426944
v 1.284647 -8.910348 6.744680
v 1.303218 -8.941483 7.105965
v 1.302425 -9.049487 8.388266
v 1.307123 -9.001698 9.320742
v 1.297729 -8.881680 9.765714
v 1.260962 -8.665229 10.143270
v 1.194424 -8.370905 10.413664
v 1.107925 -8.038048 10.589791
v 1.011033 -7.705642 10.678866
v 0.911708 -7.379922 10.712720
v 0.825717 -7.068689 10.715058
v 1.703504 -6.069072 10.744006
v 1.489143 -6.256551 10.746140
v 1.236743 -6.440586 10.734278
v 1.153873 -6.690897 10.649255
v 4.434112 3.373258 8.614687
v 4.231107 3.212878 8.929251
v 4.117812 3.163312 9.032678
v 3.971237 3.114687 9.140280
v 3.802555 3.076166 9.236210
v 3.605081 3.037326 9.328503
v 3.413485 3.012570 9.397340
v 3.215712 3.001476 9.449000
v 3.037315 3.004250 9.475085
v 2.867442 3.022151 9.475416
v 2.717974 3.047326 9.455133
v 2.580159 3.088548 9.414477
v 2.446546 3.132566 9.357893
v 2.338644 3.168654 9.295355
v 2.252012 3.206081 9.233420
v 2.184184 3.234483 9.174675
v 2.131900 3.256120 9.119462
v 2.029850 3.227616 9.159523
v 1.961601 3.210106 9.177261
v 1.905326 3.198311 9.192546
v 1.872580 3.202372 9.202021
v 1.814129 3.239333 9.180449
v 1.808059 3.280233 9.167917
v 1.837492 3.326157 9.157596
v 1.901123 3.372507 9.145649
v 1.988816 3.393427 9.153551
v 2.130491 3.463596 9.140325
v 2.230277 3.476112 9.218575
v 2.350700 3.472570 9.310028
v 2.501964 3.494279 9.399571
v 2.657917 3.514027 9.477063
v 2.978112 3.504687 9.539550
v 3.139189 3.529490 9.522043
v 3.502104 3.473131 9.480177
v 3.687187 3.453521 9.418988
v 3.852296 3.429902 9.325973
v 3.989462 3.408643 9.223211
v 4.108450 3.385187 9.117359
v 4.320668 3.364995 8.880706
v 4.396089 3.351121 8.734264
v 4.416944 3.384027 8.585834
v 4.218782 3.205552 8.910137
v 4.107977 3.160584 9.007853
v 3.957193 3.114523 9.114592
v 3.798957 3.079982 9.211575
v 3.610350 3.050741 9.296009
v 3.416552 3.014413 9.360610
v 3.220429 3.000583 9.413013
v 3.039098 2.998266 9.440416
v 2.870225 3.017646 9.437795
v 2.724703 3.036533 9.417897
v 2.582441 3.078443 9.380234
v 2.456159 3.123281 9.318083
v 2.347864 3.157035 9.259822
v 2.257969 3.192434 9.194448
v 2.189274 3.219615 9.139436
v 2.136131 3.252623 9.091544
v 2.105807 3.291444 9.065879
v 2.094870 3.326141 9.057790
v 2.091186 3.390846 9.061202
v 2.097361 3.428956 9.073836
v 2.112190 3.467063 9.095396
v 2.147174 3.474411 9.125383
v 2.240572 3.486919 9.197616
v 2.357293 3.494659 9.284962
v 2.506643 3.510201 9.374006
v 2.669254 3.528655 9.450664
v 2.987929 3.540242 9.518676
v 3.494540 3.507105 9.460136
v 3.676877 3.492112 9.395299
v 3.836384 3.451654 9.300689
v 3.977355 3.421705 9.199333
v 4.094742 3.415871 9.097368
v 4.305045 3.399384 8.860720
v 4.381176 3.377460 8.705201
v 2.095625 3.453518 9.096752
v 2.088319 3.427464 9.080951
v 2.087378 3.392175 9.072822
v 2.092263 3.328202 9.075576
v 2.102040 3.291981 9.085547
v 1.673561 -8.883694 5.826545
v 0.880165 -9.700048 5.498181
v 0.911101 -9.931798 5.346886
v 0.948766 -10.197860 5.166802
v 0.440998 -9.798235 5.568511
v 0.457737 -10.040219 5.426382
v 0.477089 -10.315104 5.248844
v 1.251318 -9.052350 5.902125
v 0.830625 -9.171462 5.952640
v 0.411533 -9.248855 5.982848
v 2.133992 -9.036363 5.094185
v 2.181560 -9.213676 4.910478
v 2.246733 -9.415131 4.722418
v 2.956786 -8.247627 5.069514
v 2.526760 -8.578126 5.172372
v 2.106636 -8.885910 5.290435
v 1.690911 -9.143426 5.420290
v 1.274751 -9.344911 5.541977
v 0.855351 -9.492076 5.632882
v 0.427823 -9.584885 5.691844
v 0.652819 7.982139 10.198273
v 0.672541 8.325405 10.087414
v 0.690272 8.680848 9.966223
v 0.719221 9.413216 9.657628
v 0.826400 5.765996 10.790417
v 1.509151 4.344496 9.900519
v 1.934831 4.104379 9.612820
v 1.258718 4.410644 10.122975
v 1.758469 4.237008 9.729989
v 2.160419 3.474174 9.375858
v 4.292104 3.256620 8.815517
v 4.316175 3.256836 8.835573
v 4.376367 3.231658 8.842381
v 4.449137 3.217648 8.853477
v 4.582533 3.141376 8.762311
v 4.681033 3.075386 8.646166
v 4.793447 3.011425 8.519271
v 4.921578 2.957527 8.392739
v 5.149781 3.020086 8.178415
v 5.323344 2.977490 8.028165
v 5.530826 2.954621 7.846912
v 5.771831 2.943691 7.609311
v 6.015837 2.948294 7.319355
v 6.231443 2.963333 7.022721
v 6.417975 2.983544 6.723753
v 6.719320 3.037580 6.124016
v 7.058108 3.147410 5.158292
v 7.153507 3.193246 4.791831
v 7.236013 3.242508 4.415514
v 7.368966 3.352817 3.632731
v 7.476774 3.488632 2.832378
v 0.125679 -1.791505 11.705379
v 0.240849 -1.796657 11.724489
v 0.472658 -1.828281 11.739357
v 0.904225 -1.861502 11.615882
v 1.054916 -1.879449 11.533660
v 1.212165 -1.900612 11.435692
v 1.383781 -1.932101 11.325014
v 1.573038 -1.967524 11.195417
v 1.795146 -1.990444 11.029583
v 6.612229 2.479499 6.515438
v 6.611508 2.191086 6.594691
v 6.596622 1.887795 6.693833
v 6.573261 1.569164 6.809966
v 6.531604 1.233612 6.954618
v 6.473232 0.873867 7.108641
v 6.393793 0.479946 7.278475
v 6.098468 -0.460097 7.664688
v 5.808444 -1.090195 7.910747
v 6.147253 -1.656411 7.251100
v 6.047275 -2.169390 7.203256
v 5.946694 -2.659941 7.150609
v 5.842189 -3.135762 7.096185
v 5.714125 -3.621238 7.063552
v 5.565815 -4.111465 7.045424
v 5.391994 -4.603446 7.032800
v 5.194734 -5.095329 7.020830
v 4.442206 -5.966084 7.827578
v 4.230790 -6.452055 7.825536
v 3.982210 -6.934515 7.827121
v 3.687140 -7.387586 7.842476
v 3.342854 -7.786561 7.862266
v 2.969200 -8.130928 7.881716
v 2.576551 -8.420492 7.896214
v 2.165784 -8.666057 7.910919
v 1.743154 -8.874614 7.929739
v 1.310979 -9.036833 7.943367
v 0.873431 -9.143241 7.950169
v 0.436873 -9.209334 7.952053
v 0.300080 7.003645 10.536908
v 0.596680 7.039454 10.517773
v 0.894933 7.088464 10.488441
v 1.203752 7.141001 10.443849
v 1.529358 7.197783 10.381139
v 1.863863 7.248981 10.296214
v 2.555003 7.322001 10.047515
v 2.988322 6.588301 10.111507
v 3.260378 6.589328 9.959803
v 3.519217 6.579077 9.805979
v 4.022900 6.527643 9.477367
v 4.272654 6.484965 9.300748
v 4.737851 6.364097 8.931209
v 4.945820 6.283490 8.747002
v 5.140642 6.186766 8.556745
v 5.320258 6.078712 8.360275
v 5.482288 5.956388 8.159176
v 5.761278 5.681659 7.763880
v 5.882372 5.525196 7.570139
v 5.988247 5.355026 7.382944
v 6.081670 5.174987 7.205620
v 6.164233 4.982654 7.038658
v 6.237839 4.781684 6.887826
v 6.300332 4.575552 6.758487
v 6.355532 4.365040 6.647919
v 6.404478 4.152308 6.558871
v 6.445613 3.935598 6.490477
v 6.485421 3.715843 6.441534
v 6.523482 3.489356 6.413074
v 6.553858 3.254422 6.408015
v 6.579092 3.008832 6.423357
v 6.598328 2.751126 6.461039
v 6.112646 -3.584165 6.229493
v 5.930623 -4.103443 6.228917
v 5.720943 -4.624738 6.225052
v 5.485599 -5.144968 6.220356
v 4.607060 -6.031075 7.407574
v 4.362390 -6.521278 7.395137
v 4.079343 -6.999949 7.388656
v 3.745812 -7.433953 7.399871
v 3.377503 -7.809048 7.413317
v 2.988760 -8.128026 7.432970
v 2.584162 -8.398531 7.452498
v 2.167633 -8.636133 7.473141
v 1.743219 -8.838924 7.494034
v 1.310632 -8.989957 7.506167
v 0.874459 -9.100525 7.518056
v 0.437933 -9.165789 7.520958
v 0.317604 7.614703 10.330083
v 0.633034 7.650578 10.305476
v 0.950962 7.697537 10.267477
v 1.279271 7.746071 10.211580
v 1.619364 7.795544 10.139924
v 1.969801 7.839336 10.047988
v 2.691547 7.899786 9.785862
v 3.205913 7.345026 9.721062
v 3.500282 7.334167 9.548709
v 3.778391 7.310729 9.372902
v 4.306330 7.227817 9.005736
v 4.561966 7.166989 8.808408
v 5.034565 7.003885 8.393837
v 5.242173 6.905116 8.181861
v 5.430861 6.794911 7.966594
v 5.600679 6.675414 7.752446
v 5.754990 6.543263 7.539277
v 6.028074 6.231210 7.106720
v 6.143252 6.052985 6.891843
v 6.246412 5.859601 6.683631
v 6.338939 5.650797 6.481868
v 6.423647 5.429761 6.293114
v 6.502307 5.196929 6.119925
v 6.572123 4.956531 5.965620
v 6.636812 4.709893 5.832888
v 6.697642 4.456823 5.722839
v 6.757053 4.199109 5.636569
v 6.815417 3.936482 5.573451
v 6.868486 3.668054 5.530727
v 6.914773 3.391830 5.507646
v 6.954443 3.105627 5.500799
v 6.986227 2.807624 5.510124
v 7.008412 2.495831 5.530202
v 7.020589 2.169118 5.561104
v 7.018842 1.828805 5.604560
v 7.006427 1.474712 5.662812
v 6.986084 1.102099 5.735332
v 6.957379 0.711499 5.820429
v 6.920780 0.301206 5.913298
v 6.872641 -0.133051 6.007289
v 6.805621 -0.592635 6.092481
v 6.721887 -1.075641 6.163823
v 6.625415 -1.567459 6.203735
v 6.520358 -2.061480 6.220130
v 6.401717 -2.563231 6.228554
v 6.269594 -3.068628 6.230049
v 6.902585 -1.695436 3.457604
v 6.988614 -1.225357 3.436721
v 7.052327 -0.797729 3.409991
v 7.094428 -0.393568 3.372018
v 7.125816 -0.003244 3.333297
v 7.157415 0.375805 3.294537
v 7.189709 0.750057 3.245815
v 7.224362 1.123925 3.194855
v 7.259164 1.497676 3.138988
v 7.298433 1.883575 3.079824
v 7.343059 2.290211 3.034011
v 7.384465 2.690498 3.086647
v 7.413077 3.062337 3.157140
v 7.426345 3.416659 3.230496
v 7.424331 3.760046 3.304851
v 7.407848 4.097103 3.387038
v 7.381819 4.430035 3.487472
v 7.347040 4.761786 3.611158
v 7.305680 5.092731 3.756640
v 7.255219 5.422200 3.927960
v 7.195912 5.748275 4.119577
v 7.126899 6.064881 4.333171
v 7.047056 6.372689 4.563460
v 6.954456 6.664387 4.805106
v 6.849096 6.939060 5.052645
v 6.731277 7.192512 5.304470
v 6.604992 7.424821 5.556684
v 6.316258 7.825426 6.053739
v 6.158833 7.989670 6.292254
v 5.996435 8.133475 6.521874
v 5.820129 8.273170 6.753609
v 5.615837 8.419906 7.000721
v 5.125017 8.699292 7.529976
v 4.854818 8.818615 7.789540
v 4.290089 9.007394 8.282443
v 3.985152 9.078623 8.522347
v 3.658497 9.133653 8.756959
v 3.306920 9.171729 8.979718
v 0.416177 -9.399584 5.821581
v 0.838464 -9.316072 5.776530
v 1.255888 -9.180543 5.702519
v 1.675174 -9.001989 5.603787
v 2.092758 -8.761571 5.505167
v 2.520650 -8.475112 5.423821
v 2.959835 -8.167581 5.353182
v 3.392798 -7.825561 5.272463
v 3.833924 -7.456295 5.219808
v 4.260302 -7.061745 5.170861
v 4.671738 -6.642679 5.128068
v 5.065248 -6.192572 5.085230
v 5.740850 -5.182904 3.863786
v 6.044667 -4.610675 3.779965
v 6.297504 -4.007100 3.706727
v 6.495368 -3.418770 3.633422
v 6.657075 -2.830063 3.558147
v 6.791913 -2.236507 3.479193
v 4.992900 -6.177783 5.821338
v 4.633631 -6.639261 5.834013
v 4.241613 -7.058474 5.847407
v 3.827412 -7.430480 5.871124
v 3.403546 -7.770711 5.905073
v 2.974443 -8.082570 5.947871
v 2.541904 -8.359684 5.995246
v 2.110076 -8.599899 6.046499
v 1.680344 -8.801592 6.096601
v 1.254045 -8.957075 6.145248
v 0.832518 -9.068151 6.181355
v 0.412220 -9.140697 6.199397
v 0.355312 9.018035 9.858952
v 0.705775 9.044347 9.825085
v 1.056543 9.078204 9.771768
v 1.414616 9.112684 9.701575
v 1.785578 9.148800 9.611847
v 2.164705 9.174903 9.502176
v 2.933968 9.190568 9.183226
v 3.191565 8.524569 9.334684
v 3.532859 8.503310 9.130070
v 3.851927 8.465798 8.916297
v 4.150868 8.413085 8.698121
v 4.706103 8.262655 8.246056
v 4.972606 8.163602 8.006946
v 5.454144 7.923680 7.511738
v 5.650443 7.797315 7.276302
v 5.823361 7.671245 7.055390
v 5.985065 7.537639 6.833107
v 6.143051 7.383031 6.600588
v 6.424153 7.013207 6.122316
v 6.543572 6.800213 5.881930
v 6.652161 6.568860 5.643350
v 6.752735 6.319945 5.411705
v 6.841607 6.054562 5.186960
v 6.921440 5.776227 4.975833
v 6.991655 5.486326 4.782029
v 7.054531 5.188474 4.607634
v 7.110354 4.884279 4.455145
v 7.161588 4.575092 4.325900
v 7.208657 4.263815 4.221326
v 7.251768 3.949543 4.135326
v 7.285912 3.627446 4.076210
v 7.306785 3.295408 4.029150
v 7.316588 2.952859 3.990406
v 7.315254 2.599687 3.962260
v 7.308264 2.235285 3.948271
v 7.296199 1.863659 3.954289
v 7.284661 1.488220 3.978234
v 7.269243 1.104976 4.014271
v 7.241268 0.719866 4.055852
v 7.211024 0.328652 4.100223
v 7.175807 -0.072885 4.144468
v 7.131400 -0.488989 4.194625
v 7.075918 -0.922237 4.247171
v 7.007042 -1.376644 4.297582
v 6.921218 -1.855086 4.346415
v 6.813871 -2.361082 4.391712
v 6.684586 -2.898345 4.441976
v 6.520331 -3.466898 4.493120
v 6.315766 -4.049301 4.537457
v 6.076648 -4.631965 4.579321
v 5.779661 -5.190350 4.621659
v 4.628742 9.217754 7.794100
v 4.577656 8.920622 8.039415
v 4.512510 8.629664 8.266837
v 4.432897 8.345751 8.475631
v 4.344231 8.067912 8.670839
v 4.247815 7.797064 8.852857
v 4.147818 7.534316 9.026620
v 4.045749 7.275485 9.192417
v 3.853849 6.788142 9.499842
v 3.771755 6.558307 9.646255
v 3.699831 6.334696 9.791521
v 3.630730 6.116735 9.928571
v 3.557546 5.895581 10.048870
v 3.474655 5.664655 10.141974
v 3.380368 5.429427 10.189650
v 3.274360 5.205822 10.183938
v 3.182360 5.005406 10.112141
v 3.098917 4.832777 10.003191
v 3.037044 4.681526 9.889242
v 2.997563 4.542372 9.790876
v 2.962462 4.378689 9.731932
v 2.915972 4.196188 9.710183
v 2.878850 3.999979 9.720840
v 2.852889 3.805000 9.717659
v 2.830472 3.642108 9.686121
v 2.812400 3.532499 9.637217
v 2.816644 3.512699 9.580018
v 2.818095 3.512777 9.521285
v 2.821572 3.538326 9.493105
v 4.199025 3.414054 9.000812
v 4.219801 3.378831 9.014882
v 4.276190 3.369908 9.068094
v 4.334308 3.371276 9.124479
v 4.387593 3.432205 9.150414
v 4.431433 3.540143 9.151389
v 4.468915 3.668551 9.119948
v 4.513855 3.797155 9.092646
v 4.575136 3.931820 9.081823
v 4.639762 4.052472 9.106133
v 4.718203 4.167624 9.129084
v 4.801956 4.284841 9.146786
v 4.909914 4.430609 9.136183
v 5.045556 4.602475 9.088275
v 5.194223 4.811430 8.984947
v 5.324544 5.036216 8.821338
v 5.416652 5.248831 8.614066
v 5.486847 5.447345 8.392005
v 5.554973 5.635977 8.173374
v 5.628428 5.824573 7.961084
v 5.711922 6.013927 7.751779
v 5.898407 6.394177 7.323444
v 5.996204 6.591259 7.098593
v 6.096233 6.792166 6.864164
v 6.194264 6.998891 6.619545
v 6.290448 7.208517 6.362878
v 6.379734 7.421197 6.091263
v 6.466900 7.637048 5.807456
v 6.548734 7.858942 5.511163
v 3.310829 3.525570 9.505965
v 3.308446 3.482427 9.520355
v 3.341598 3.485896 9.637151
v 3.349238 3.510276 9.687279
v 3.379586 3.618184 9.714253
v 3.424762 3.793816 9.742682
v 3.462720 3.999613 9.733799
v 3.495579 4.197704 9.707229
v 3.554636 4.400354 9.709846
v 3.617666 4.552562 9.735367
v 3.678216 4.652728 9.791987
v 3.754802 4.776159 9.857941
v 3.855537 4.937919 9.898683
v 3.976670 5.134218 9.902037
v 4.100886 5.355801 9.849350
v 4.210905 5.585616 9.747772
v 4.297989 5.804389 9.607876
v 4.370226 6.014303 9.445523
v 4.437650 6.221117 9.280838
v 4.511698 6.430843 9.117463
v 4.598662 6.644976 8.952641
v 4.806356 7.091253 8.603372
v 4.917889 7.321858 8.409943
v 5.026691 7.558692 8.202649
v 5.130908 7.800703 7.984915
v 5.225595 8.048594 7.759172
v 5.309784 8.302289 7.518755
v 5.382258 8.564132 7.262290
v 5.443794 8.832834 6.995060
v 3.126176 3.490165 9.540832
v 1.933017 4.992783 10.458294
v 1.780832 4.856467 10.383808
v 1.606716 4.717548 10.301208
v 1.423006 4.571488 10.213492
v 1.871133 5.221560 10.610614
v 1.711380 5.107637 10.588915
v 1.532175 4.978241 10.551237
v 1.337521 4.836829 10.496798
v 1.137509 4.671354 10.433528
v 1.755958 5.357550 10.676856
v 1.549898 5.262378 10.683039
v 1.329794 5.151213 10.670408
v 1.089172 5.022853 10.646469
v 0.791425 4.856764 10.638726
v 1.665933 5.735560 10.725196
v 1.389397 5.663683 10.757200
v 1.123819 5.588659 10.775908
v 0.851405 5.518203 10.785499
v 0.582985 5.466900 10.797020
v 0.374403 4.880620 10.725370
v 0.354725 4.606377 10.664993
v 0.296913 5.443181 10.815225
v 2.583379 9.532769 9.155961
v 2.549053 9.190417 9.359316
v 2.504886 8.850308 9.531153
v 2.451751 8.514857 9.677290
v 2.391433 8.187918 9.806994
v 2.327977 7.874523 9.929216
v 2.266895 7.575872 10.055882
v 2.206647 7.290390 10.184069
v 2.099981 6.752785 10.422990
v 1.692772 5.531872 10.715805
v 1.441429 5.450357 10.737304
v 1.189211 5.360409 10.743096
v 0.931702 5.268859 10.742306
v 0.655020 5.189990 10.752758
v 0.330784 5.171002 10.786234
v 1.987117 5.306444 10.617355
v 1.960797 5.421170 10.657964
v 1.949331 5.593348 10.678410
v 1.948094 5.792891 10.675327
v 2.445908 5.447546 10.534792
v 2.193938 5.443205 10.607965
v 1.971519 6.014484 10.644512
v 2.493573 5.657056 10.537631
v 2.218046 5.632401 10.616994
v 2.539006 5.875715 10.504821
v 2.244686 5.841003 10.598842
v 2.586013 6.101327 10.444424
v 2.281772 6.063679 10.553812
v 2.754263 6.818394 10.147547
v 2.889686 7.341405 9.891568
v 2.694640 6.572976 10.262482
v 2.637839 6.334667 10.363006
v 1.691405 6.193797 10.671207
v 1.380274 6.128345 10.722550
v 0.280250 5.939302 10.795612
v 0.552366 5.968723 10.784888
v 0.819711 6.012832 10.772603
v 1.092164 6.066247 10.753041
v 2.007905 6.250761 10.591485
v 2.328394 6.298371 10.488087
v 0.282134 6.184358 10.758697
v 0.557347 6.217909 10.748221
v 0.827713 6.265540 10.734860
v 1.107023 6.320947 10.710570
v 1.407864 6.382524 10.670872
v 1.725302 6.443657 10.607904
v 2.051469 6.496452 10.516427
v 2.379761 6.541719 10.402147
v 1.643182 3.362899 9.342395
v 1.616378 3.255270 9.350366
v 0.568449 -2.328680 12.048992
v 0.578888 -2.157624 11.969264
v 0.600079 -1.995283 11.843339
v 0.609138 -1.837951 11.723712
v 0.611592 -1.679059 11.626586
v 0.608918 -1.354294 11.458507
v 0.603295 -1.185624 11.404091
v 0.602428 -1.019373 11.373184
v 0.821727 1.749614 11.455018
v 0.695849 3.120794 10.579657
v 0.689046 3.369307 10.421449
v 0.700397 3.606081 10.319988
v 0.742563 -2.340033 12.002572
v 0.755847 -2.172055 11.927843
v 0.759229 -2.008301 11.803432
v 0.755185 -1.848751 11.679741
v 0.750404 -1.685407 11.574738
v 0.735715 -1.355181 11.390658
v 0.728423 -1.192711 11.330280
v 0.723201 -1.033144 11.293389
v 0.948306 1.612098 11.312597
v 0.990288 1.805847 11.083685
v 5.510530 -0.678717 8.354119
v 6.403846 -0.557369 7.139165
v 6.260876 -1.107888 7.263747
v 6.637315 -0.590732 6.609670
v 6.537710 -1.097520 6.692729
v 6.857677 1.126274 6.146417
v 6.882822 1.492224 6.053669
v 6.898115 1.839156 5.979821
v 6.902886 2.169473 5.918863
v 6.894060 2.484973 5.871658
v 6.874187 2.784334 5.837771
v 6.842387 3.069965 5.820043
v 6.804760 3.342966 5.818273
v 6.761147 3.605893 5.834662
v 6.710282 3.861271 5.871119
v 6.655864 4.110321 5.927425
v 6.599470 4.354914 6.007143
v 6.540125 4.594771 6.110241
v 6.478161 4.829597 6.235770
v 6.408583 5.058617 6.382041
v 6.331975 5.281469 6.546719
v 6.248459 5.493261 6.727866
v 6.156058 5.691677 6.920338
v 6.051089 5.876564 7.122707
v 5.934618 6.046525 7.330643
v 5.803419 6.202964 7.540787
v 5.659784 6.345340 7.750528
v 5.503222 6.472748 7.959199
v 5.328445 6.589884 8.171364
v 5.135044 6.694655 8.380209
v 4.925276 6.786191 8.583325
v 4.698177 6.865576 8.784278
v 4.455194 6.931836 8.980350
v 4.203556 6.985119 9.169831
v 3.946232 7.026442 9.350183
v 3.684365 7.056787 9.523729
v 3.413720 7.074809 9.691767
v 3.126467 7.079191 9.858603
v 2.819649 7.073242 10.022706
v 2.491448 7.052147 10.176296
v 2.152389 7.017535 10.308429
v 1.814282 6.973588 10.415667
v 1.484285 6.918229 10.495916
v 1.168174 6.859939 10.552505
v 0.869208 6.803480 10.589671
v 0.580748 6.752024 10.613398
v 0.292842 6.712090 10.631042
v 6.722419 -0.113531 6.500587
v 6.778712 0.330514 6.374963
v 6.821589 0.740507 6.256759
v 2.068686 2.236981 9.557644
v 2.277144 2.109962 9.547340
v 2.497864 1.990877 9.538381
v 2.736250 1.877683 9.522700
v 2.991753 1.769565 9.497141
v 3.265749 1.663782 9.462864
v 3.548894 1.557033 9.413027
v 3.849475 1.445724 9.354005
v 4.482052 1.184648 9.180586
v 4.816128 1.021298 9.041768
v 5.142644 0.828029 8.850508
v 5.453637 0.621949 8.592220
v 5.746891 0.413858 8.269951
v 6.018372 0.211380 7.890999
v 6.276696 0.040357 7.462794
v 6.660141 0.793236 6.687302
v 6.602578 0.387061 6.835488
v 6.520868 -0.060650 6.989350
v 5.092283 2.497892 8.328174
v 5.343167 2.422690 8.130771
v 5.275408 2.232769 8.265549
v 4.498503 2.261683 8.863421
v 4.426589 1.995784 8.960956
v 4.359109 1.771783 9.065860
v 4.274266 1.552707 9.174311
v 4.159783 1.324304 9.280125
v 4.013525 1.082201 9.383464
v 3.829944 0.816548 9.494639
v 3.615229 0.539655 9.622341
v 3.123017 -0.007646 9.902135
v 2.861987 -0.280354 10.014421
v 2.613203 -0.546752 10.103848
v 2.382167 -0.805071 10.189310
v 2.189944 -1.041520 10.300058
v 2.021508 -1.251830 10.456697
v 1.852522 -1.413395 10.637022
v 1.667514 -1.492456 10.800352
v 1.484697 -1.533954 10.952441
v 1.317032 -1.550466 11.088255
v 1.160793 -1.545354 11.203938
v 1.014873 -1.535837 11.307382
v 0.877006 -1.528415 11.398648
v 0.743603 -1.522079 11.476491
v 0.611633 -1.518244 11.536521
v 0.484057 -1.517408 11.574684
v 0.241530 -1.513589 11.603582
v 0.121600 -1.509281 11.601066
v 4.739823 2.445020 8.657880
v 0.433857 -9.213006 8.871716
v 0.868468 -9.153289 8.866500
v 1.303206 -9.046068 8.853676
v 1.733138 -8.879012 8.832137
v 2.147155 -8.654521 8.810481
v 2.538156 -8.376345 8.790816
v 2.889088 -8.038877 8.771982
v 3.200668 -7.657797 8.742019
v 3.469860 -7.226012 8.704476
v 3.692869 -6.755839 8.671695
v 3.876718 -6.282775 8.650888
v 4.041698 -5.826667 8.638096
v 4.569648 -4.999915 8.230323
v 4.691165 -4.566822 8.233747
v 4.786995 -4.144833 8.248368
v 4.856074 -3.731093 8.283518
v 4.900479 -3.328812 8.336052
v 4.925253 -2.927118 8.405728
v 4.928147 -2.524555 8.501763
v 4.905554 -2.119486 8.622014
v 4.841678 -1.716900 8.776999
v 4.721561 -1.351028 8.972849
v 4.556627 -1.017673 9.176981
v 4.356722 -0.715773 9.358959
v 4.124229 -0.436036 9.507885
v 3.880591 -0.179804 9.622527
v 3.628713 0.053552 9.705723
v 3.377713 0.266042 9.765706
v 3.134124 0.462180 9.806364
v 2.897187 0.649214 9.838195
v 2.669873 0.830133 9.865653
v 2.453572 1.008726 9.894064
v 2.249681 1.187450 9.932537
v 2.055559 1.368201 9.981851
v 1.869503 1.552083 10.040673
v 1.691001 1.739146 10.113614
v 1.627311 2.963319 9.458841
v 1.688684 3.011705 9.415952
v 1.751569 3.067615 9.377970
v 1.794563 3.114981 9.332799
v 1.810468 3.160772 9.276118
v 1.818424 3.189111 9.227244
v 1.837251 3.214312 9.194245
v 1.842014 3.233181 9.166791
v 1.863272 3.251228 9.147776
v 1.897671 3.272666 9.127567
v 1.954811 3.297944 9.107347
v 2.023182 3.329371 9.091037
v 2.090424 3.359730 9.071916
v 2.092544 3.357094 9.059002
v 4.365167 3.322193 8.696906
v 4.380018 3.323544 8.723375
v 4.450933 3.302263 8.733213
v 4.533244 3.275506 8.738844
v 4.648829 3.203293 8.655690
v 4.748872 3.154671 8.547447
v 4.861657 3.111000 8.429536
v 4.997871 3.066912 8.309881
v -1.540378 2.913965 9.514817
v 1.538849 2.914325 9.513966
v -1.642148 2.758415 9.515824
v 1.639433 2.759575 9.515483
v -1.777516 2.613908 9.511099
v 1.772813 2.616044 9.511290
v -1.946769 2.478027 9.507109
v 1.939715 2.480731 9.507451
v -1.435107 2.868537 9.591244
v 1.434458 2.868377 9.590415
v -1.540753 2.689111 9.581990
v 1.539459 2.689456 9.581401
v -1.692763 2.524529 9.575411
v 1.690696 2.525377 9.574999
v -1.874111 2.374968 9.569518
v 1.870719 2.376249 9.569221
v -1.426885 1.788223 10.398038
v -1.705586 2.174667 9.819556
v -1.612930 2.061959 9.997727
v -1.789408 2.271601 9.670939
v -1.520055 1.933049 10.192997
v 1.426881 1.788203 10.398000
v 1.612870 2.061809 9.997381
v 1.705292 2.174535 9.818946
v 1.788383 2.271856 9.670284
v 1.520047 1.932976 10.192830
v -1.520717 2.360346 9.862672
v -1.433217 2.257639 10.060125
v 1.433191 2.257432 10.059741
v 1.520516 2.360126 9.862018
v -1.606672 2.445270 9.697411
v 1.605987 2.445320 9.696675
v -1.347905 2.556526 9.899653
v -1.256436 2.460131 10.124648
v 1.256429 2.459912 10.124315
v 1.347842 2.556178 9.898999
v -1.443311 2.630125 9.713116
v 1.443015 2.629828 9.712274
v -1.190945 2.766978 9.927239
v -1.079690 2.682263 10.195977
v 1.079689 2.682062 10.195708
v 1.190923 2.766584 9.926661
v -1.310392 2.822188 9.720284
v 1.310258 2.821707 9.719452
v -1.349896 2.128598 10.277359
v 1.349889 2.128500 10.277192
v -1.180763 2.328238 10.368594
v 1.180761 2.328144 10.368453
v -1.015615 2.531188 10.475909
v 1.015615 2.531119 10.475794
v -1.271044 1.980168 10.502157
v 1.271041 1.980136 10.502107
v 1.114975 2.169760 10.613913
v -1.114977 2.169790 10.613951
v 0.809628 2.527853 10.886311
v -0.809628 2.527864 10.886311
v -0.962878 2.353735 10.741049
v 0.962878 2.353718 10.741023
v 1.049652 1.993366 10.852231
v 0.907684 2.162176 10.987955
v 0.765527 2.315578 11.133717
v -0.765527 2.315580 11.133730
v -0.907684 2.162181 10.987955
v -1.049652 1.993371 10.852244
v 1.193485 1.816185 10.726100
v -1.193486 1.816192 10.726112
v -1.339179 1.630525 10.607821
v 1.339178 1.630521 10.607807
v 0.481839 3.010750 10.988908
v 0.250516 3.083209 11.104906
v 0.000000 3.112690 11.143826
v -0.250516 3.083209 11.104906
v -0.481839 3.010754 10.988908
v -0.677534 2.894068 10.812300
v 0.677535 2.894058 10.812273
v -0.611839 2.447927 11.282404
v 0.611839 2.447927 11.282404
v -0.647794 2.674404 11.051938
v 0.647794 2.674402 11.051926
v -0.458533 2.785679 11.197746
v -0.237902 2.850584 11.295110
v 0.000000 2.877820 11.330501
v 0.237902 2.850584 11.295110
v 0.458533 2.785678 11.197746
v -0.433244 2.543805 11.409906
v -0.223530 2.602123 11.492393
v 0.000000 2.624309 11.527254
v 0.223530 2.602123 11.492393
v 0.433244 2.543805 11.409906
v 0.576631 2.208456 11.503204
v 0.548020 1.967256 11.717400
v 0.335386 -1.057109 11.527054
v 0.346697 -1.206761 11.512015
v 0.356308 -1.361769 11.541063
v 0.361448 -1.516273 11.595576
v 0.361043 -1.667399 11.665973
v 0.353438 -1.812884 11.735450
v 0.328034 -1.942183 11.816361
v 0.267639 -2.047369 11.888490
v 0.145145 -2.103266 11.908165
v -0.000000 -2.122049 11.912994
v -0.145145 -2.103266 11.908165
v -0.267639 -2.047369 11.888490
v -0.328034 -1.942183 11.816361
v -0.353438 -1.812884 11.735450
v -0.361043 -1.667399 11.665973
v -0.361448 -1.516273 11.595576
v -0.356308 -1.361769 11.541063
v -0.346697 -1.206761 11.512015
v -0.335386 -1.057109 11.527054
v -0.548020 1.967258 11.717400
v -0.576631 2.208457 11.503204
v -0.000000 -0.252690 12.948645
v 0.000000 -0.649506 12.562517
v -0.000000 -0.886472 12.022943
v 0.000000 -0.933219 11.892279
v 0.000000 -0.757856 12.360805
v 0.000000 -1.040140 11.678106
v -1.349833 -0.941782 10.934857
v -1.607943 -0.872013 10.732769
v -1.446602 -0.848145 11.017674
v -1.247817 -0.900529 10.992279
v -1.077591 -0.851122 11.049938
v -1.170516 -0.811368 11.042428
v -1.773815 -0.084271 10.479449
v -1.807916 -0.331717 10.471550
v -1.039712 0.930296 11.801249
v -0.676084 1.215212 12.212480
v -1.093305 0.439654 12.209846
v -1.261444 0.641486 11.461062
v -1.246963 0.784760 11.277447
v -1.378183 0.752271 10.937615
v -1.262834 0.942206 11.085443
v -1.308519 0.241056 11.919518
v -0.589118 -0.362255 12.064243
v -0.556629 -0.233924 11.935456
v -0.623751 -0.444835 12.238274
v -1.111522 -0.332737 11.685382
v -1.352127 -0.585912 11.314298
v -1.451630 -0.618072 11.308071
v -1.563638 -0.619914 11.270498
v -1.518122 -0.755062 11.120542
v -1.413765 -0.730282 11.170742
v -1.349864 -0.817716 11.068540
v -1.317803 -0.679811 11.190281
v -1.266554 -0.752712 11.097274
v -0.238746 0.642510 12.913134
v -0.247644 -0.239100 12.912759
v -0.787617 -0.143798 12.609888
v -0.460956 -0.210997 12.830192
v -0.383636 -0.589480 12.478339
v -0.180108 -0.740936 12.344142
v -0.205447 -0.632729 12.542481
v -0.337107 -0.697120 12.287389
v -0.473753 -0.525515 12.103659
v -0.449214 0.627595 12.838902
v -0.769387 0.576249 12.613817
v -0.537079 -0.832623 11.432299
v -0.479263 -0.770480 11.508785
v -0.412377 -0.878806 11.552075
v -0.394333 -0.648515 11.673574
v -0.374395 -0.738898 11.743311
v -0.559996 -0.690661 11.366029
v -0.491352 -0.654540 11.435987
v -0.371744 -0.554808 11.578514
v -0.242702 -0.875535 11.846825
v -0.218847 -0.996285 11.637078
v -0.363609 -0.584526 11.772156
v -0.366334 -0.673901 11.854155
v -0.268851 -0.821450 11.970304
v -0.842454 -0.883447 11.195583
v -0.955990 -0.875781 11.112964
v -0.951127 -0.728152 11.102411
v -0.843577 -0.734188 11.166362
v -1.051376 -0.712538 11.064929
v -1.137607 -0.688951 11.057477
v -1.217595 -0.634767 11.092212
v -1.265202 -0.569963 11.173563
v -0.346176 -0.487156 11.670941
v -0.457588 -0.422236 11.995509
v -0.433238 -0.300276 11.878329
v -0.147727 -0.869648 12.008972
v -0.132620 -0.915838 11.878586
v -0.201207 1.337065 12.460921
v -1.279539 -0.508297 11.291506
v -0.112206 -1.026421 11.664087
v -0.380117 1.311584 12.397443
v -0.211690 1.117014 12.626425
v -0.398274 1.092138 12.564602
v -0.697831 1.009740 12.377657
v -1.056974 0.764624 11.966402
v -1.289342 0.508556 11.630832
v -1.777458 -0.555046 10.503167
v -0.531394 -0.096889 11.785631
v -1.067450 -0.192759 11.542367
v -0.436796 -0.573281 11.298631
v -0.513971 -0.605211 11.231552
v -0.317115 -0.460353 11.459344
v -0.829377 -0.632343 11.037373
v -0.944547 -0.612716 10.997973
v -1.045445 -0.586892 10.981294
v -1.129583 -0.549800 10.999592
v -1.190467 -0.501823 11.045943
v -1.242070 -0.447960 11.113508
v -0.399199 -0.161133 11.740342
v -1.252801 -0.383305 11.210668
v -0.291709 -0.381951 11.538142
v -1.149740 -0.429535 10.852644
v -1.061979 -0.493272 10.826585
v -0.814563 -0.582647 10.861156
v -0.943390 -0.546178 10.828781
v -1.084336 -0.001692 11.379809
v -1.264521 -0.281959 10.973619
v -1.273317 -0.229029 11.080412
v -1.215692 -0.364002 10.907008
v -0.367091 -0.510858 11.134630
v -0.456357 -0.555604 11.059217
v -0.242785 -0.360949 11.288865
v -0.356837 0.004527 11.585465
v -0.491502 0.069436 11.619994
v -0.216728 -0.266614 11.376045
v -1.068171 -0.411667 10.649393
v -0.158749 -0.261826 11.083568
v -0.289942 -0.446760 10.916365
v -0.802517 -0.533489 10.668514
v -0.941540 -0.486941 10.643728
v -0.401687 -0.501720 10.848189
v -1.134269 0.199313 11.230447
v -1.339618 -0.068676 10.913457
v -1.315942 -0.143913 10.808419
v -0.286572 0.194294 11.424639
v -0.429486 0.279043 11.462395
v -0.134278 -0.145643 11.179866
v -1.160591 0.375671 11.058119
v -0.351282 0.463310 11.283893
v -0.354855 -0.444385 10.631940
v -1.244892 -0.125877 10.561090
v -0.787954 -0.475561 10.474565
v -1.307127 -0.022167 10.632797
v -1.342404 0.079688 10.726761
v -1.211977 -0.020346 10.387688
v -0.326121 -0.366046 10.427354
v -1.268639 0.081982 10.458178
v -1.303304 0.196883 10.544789
v -1.147472 0.521291 10.858765
v -0.295218 0.592801 11.059414
v -1.103817 0.619298 10.652619
v -1.246534 0.278124 10.380024
v -1.219108 0.161345 10.298622
v -1.172601 0.059875 10.229495
v -1.046661 0.661433 10.464291
v -1.181289 0.338751 10.229838
v -1.163481 0.226496 10.153104
v -1.127214 0.128166 10.085505
v -0.985514 0.653384 10.298779
v -1.108643 0.383828 10.100009
v -1.100528 0.278803 10.032981
v -1.074340 0.181550 9.968101
v -1.008559 0.214281 9.882042
v -1.023115 0.314366 9.936142
v -1.024305 0.416261 10.003288
v -0.940189 0.628440 10.149754
v -1.173777 -0.320141 10.686214
v -1.244843 -0.235993 10.742420
v -0.935471 -0.418743 10.458264
v -1.063540 -0.328188 10.467032
v -1.168531 -0.222639 10.504947
v -1.138697 -0.121195 10.318225
v -1.106943 -0.036533 10.159431
v -1.068424 0.033312 10.024208
v -1.025630 0.098339 9.909413
v -0.991429 0.142283 9.855114
v -0.686601 0.020674 9.751851
v -0.829622 0.060265 9.765481
v -0.928436 0.108651 9.811513
v -0.953293 0.026142 9.858449
v -0.986883 -0.064285 9.969071
v -1.019268 -0.150948 10.110425
v -1.044123 -0.237335 10.284238
v -0.853366 -0.057929 9.824814
v -0.882550 -0.167908 9.941894
v -0.908563 -0.262740 10.093316
v -0.922481 -0.342774 10.273142
v -0.773430 -0.410989 10.284431
v -0.757899 -0.337351 10.101384
v -0.737716 -0.246216 9.937448
v -0.713005 -0.124109 9.804166
v -0.256523 0.047520 13.011766
v -0.481336 0.060393 12.925385
v -0.813479 0.090050 12.686502
v -1.192613 0.357753 12.066024
v -1.165230 0.643235 11.799208
v -1.145289 0.793338 11.631249
v -1.497831 0.553699 10.802464
v -1.704304 0.144569 10.564224
v -1.611682 0.353346 10.675374
v -1.771452 -0.083878 10.613235
v -1.716198 0.097930 10.709800
v -1.808104 -0.271467 10.579233
v -1.630282 0.272248 10.834235
v -1.512545 0.436683 10.971986
v -1.375040 0.610664 11.122851
v -1.809955 -0.452545 10.612667
v -1.676176 -0.762808 10.823108
v -1.732557 -0.642206 10.951588
v -1.737071 0.040753 10.843074
v -1.785502 -0.113292 10.735317
v -1.806160 -0.238089 10.668674
v -1.821763 -0.345574 10.719780
v -1.655971 0.189158 10.988628
v -1.544893 0.331739 11.138362
v -1.404898 0.487284 11.299285
v -1.444223 0.090381 11.762924
v -1.437869 0.364809 11.468121
v -1.564356 -0.039775 11.621906
v -1.581492 0.221840 11.305258
v -1.748314 -0.483211 11.122145
v -1.809232 -0.202259 10.854147
v -1.340983 -0.482526 11.473743
v -1.260351 -0.442593 11.441612
v -1.435148 -0.486485 11.477423
v -1.542435 -0.472467 11.452321
v -1.729464 -0.324641 11.290368
v -1.763867 -0.056438 10.987176
v -1.683360 0.093614 11.150834
v -1.659127 -0.164604 11.466012
v -1.208915 0.003947 12.126739
v -1.263624 -0.170048 11.989066
v -1.403999 -0.254937 11.778947
v -1.490736 -0.344217 11.614757
v -1.172635 -0.299278 11.932913
v -1.299468 -0.328028 11.792908
v -1.383783 -0.394007 11.636145
v -0.733941 -0.335974 12.462791
v -0.429294 -0.433162 12.673835
v -0.230648 -0.472743 12.747684
v 0.000000 -0.494348 12.778017
v -1.100905 -0.332404 11.874693
v -1.199752 -0.355803 11.765603
v -1.281986 -0.408620 11.623729
v -1.098737 -0.193159 12.148704
v -1.038728 -0.299906 12.053541
v -0.982796 -0.323414 11.955687
v -1.113648 -0.042622 12.251207
v -1.114381 0.117647 12.303369
v -1.171801 0.115955 12.200520
v -1.188007 -0.366881 11.574888
v -1.148354 -0.246362 11.453847
v -1.171127 -0.064879 11.303434
v -1.260314 0.136314 11.147875
v -1.263923 0.301296 10.954784
v -1.243192 0.432339 10.757974
v -1.199696 0.531019 10.561310
v -1.135900 0.575437 10.391505
v -1.065486 0.583821 10.252664
v -1.012367 0.581497 10.157854
v -1.026482 -0.304395 11.766380
v -0.989660 -0.146849 11.604569
v -0.994722 0.047175 11.445090
v -1.020233 0.254858 11.311242
v -1.032659 0.446584 11.151268
v -1.025382 0.607764 10.954469
v -0.976938 0.694360 10.733211
v -0.922740 0.731857 10.525329
v -0.865049 0.717178 10.329380
v -0.816481 0.659141 10.156528
v -0.925561 -0.272946 11.825018
v -0.892136 -0.117405 11.670967
v -0.882231 0.084074 11.515972
v -0.884705 0.291910 11.381299
v -0.874674 0.485271 11.214687
v -0.854799 0.661993 11.026657
v -0.822099 0.775658 10.797400
v -0.768452 0.788410 10.560858
v -0.714744 0.754688 10.352565
v -0.677053 0.681895 10.168097
v -1.221756 -0.325026 11.343508
v -1.245798 -0.143034 11.192740
v -1.334371 0.049270 11.023382
v -1.339534 0.199678 10.839349
v -1.307168 0.325948 10.645111
v -1.250790 0.402587 10.471272
v -1.178934 0.451618 10.316036
v -1.103044 0.488541 10.182204
v -1.021965 0.511156 10.085537
v -0.922655 0.544520 10.031826
v -0.921094 0.209250 9.823102
v -0.919081 0.325546 9.870000
v -0.807121 0.182137 9.786273
v -0.917538 0.436658 9.939073
v -0.671364 0.153882 9.780586
v -0.797002 0.567817 10.014402
v -0.656496 0.567644 10.020783
v -0.790035 0.441985 9.914928
v -0.655470 0.429746 9.920006
v -0.793771 0.314651 9.840693
v -0.659089 0.291061 9.839709
v 0.000000 0.649112 12.941966
v 0.000000 1.125671 12.655624
v 0.000000 1.343488 12.493182
v -0.000000 0.041960 13.043007
v -0.000000 0.903384 12.807034
v -0.222967 0.894075 12.778744
v -0.421421 0.873096 12.711828
v -0.730283 0.800949 12.510737
v -1.076010 0.601314 12.100048
v -1.185400 0.498190 11.942659
v -1.306622 0.377453 11.787313
v -1.454327 0.233401 11.624936
v -1.592595 0.099140 11.477170
v -1.694528 -0.030530 11.320301
v -1.773587 -0.184982 11.140534
v -1.814793 -0.334969 10.990053
v -1.805206 -0.491455 10.828222
v -1.772903 -0.624700 10.704575
v -1.722792 -0.752472 10.613220
v -0.000000 0.358625 13.033190
v -0.251660 0.357085 13.004374
v -0.473575 0.353864 12.922742
v -0.799385 0.337577 12.678286
v -1.102080 0.273998 12.276075
v -1.184103 0.219843 12.149761
v -1.275487 0.111490 12.030685
v -1.383767 -0.037698 11.884370
v -1.501344 -0.161033 11.721444
v -1.586014 -0.277169 11.566277
v -1.647533 -0.429109 11.393150
v -1.668494 -0.588366 11.220002
v -1.620986 -0.733825 11.057930
v -1.553434 -0.844230 10.938334
v -1.464903 -0.942146 10.862464
v -0.099796 -0.015235 10.981250
v -0.117155 -0.154652 10.869946
v -0.242214 -0.378655 10.696712
v -0.097260 0.094305 10.771369
v -0.114589 -0.061605 10.663745
v -0.223729 -0.288570 10.495920
v -0.208294 0.338273 11.221998
v -0.179982 0.443860 10.987638
v -0.286614 0.642594 10.810723
v -0.196727 0.492104 10.754555
v -0.297993 0.644118 10.589089
v -0.214114 0.525604 10.555824
v -0.110376 0.177718 10.563790
v -0.309363 -0.278322 10.251469
v -0.116835 0.023888 10.462509
v -0.217480 -0.193776 10.315356
v -0.131411 0.253697 10.391621
v -0.292265 -0.187786 10.097319
v -0.127389 0.108376 10.296740
v -0.206715 -0.107687 10.160495
v -0.297490 0.624392 10.404108
v -0.226695 0.534350 10.393889
v -0.161745 0.303301 10.240799
v -0.149596 0.173748 10.158249
v -0.206101 -0.029053 10.039664
v -0.281264 -0.092774 9.975825
v -0.289142 0.582149 10.256413
v -0.240430 0.534685 10.289959
v -0.274900 0.001924 9.908493
v -0.218304 0.026926 9.967272
v -0.188431 0.214481 10.040852
v -0.198338 0.338825 10.127449
v -0.270776 0.353358 10.041395
v -0.264007 0.219483 9.956270
v -0.198940 0.104067 9.986749
v -0.163805 0.065553 10.084786
v -0.153377 -0.002475 10.211969
v -0.154783 -0.083890 10.364879
v -0.161573 -0.184894 10.566174
v -0.177275 -0.286514 10.775178
v -0.215132 -0.362946 10.995021
v -0.293982 -0.445125 11.212567
v -0.368961 -0.525497 11.373843
v -0.439517 -0.603990 11.504557
v -0.433009 -0.708154 11.587971
v -0.386864 -0.800951 11.642927
v -0.226812 -0.929956 11.735070
v -0.119518 -0.964348 11.764867
v 0.000000 -0.981764 11.778605
v -0.271645 0.109162 9.910304
v -0.279798 0.476251 10.147717
v -0.218538 0.451881 10.223067
v -0.183293 0.433487 10.332201
v -0.156944 0.399257 10.485947
v -0.132182 0.344858 10.677535
v -0.117668 0.273005 10.896098
v -0.132778 0.167058 11.118186
v -0.175006 0.035577 11.319674
v -0.249808 -0.124503 11.492446
v -0.312885 -0.269422 11.647408
v -0.359831 -0.395536 11.779449
v -0.378892 -0.501353 11.882255
v -0.388292 -0.598191 11.973389
v -0.295125 -0.765754 12.117621
v -0.161299 -0.814085 12.164263
v -1.137404 0.951439 11.441804
v -1.034292 1.103171 11.606969
v -0.666344 1.425644 12.021955
v -0.370719 1.539670 12.212927
v -0.195507 1.569660 12.277387
v 0.000000 1.583546 12.308587
v -1.150758 1.118295 11.238468
v -1.040776 1.276942 11.390293
v -0.670948 1.643843 11.811313
v -0.371742 1.782689 12.016375
v -0.195256 1.821243 12.082512
v -0.000000 1.837157 12.115728
v 0.000000 -0.830727 12.180088
v -0.630515 -0.864254 11.352092
v -0.641616 -0.715107 11.301184
v -0.596798 -0.626424 11.169930
v -0.546926 -0.577941 10.996491
v -0.520776 -0.527040 10.785476
v -0.490347 -0.481860 10.570264
v -0.464278 -0.418219 10.372571
v -0.438589 -0.338178 10.191298
v -0.413504 -0.248707 10.031018
v -0.389645 -0.139600 9.902241
v -0.378684 -0.008095 9.838819
v -0.373882 0.117188 9.851314
v -0.370649 0.235566 9.898596
v -0.380979 0.380087 9.981273
v -0.382186 0.522610 10.084637
v -0.391742 0.635260 10.221045
v -0.413746 0.690169 10.394044
v -0.424105 0.737686 10.598995
v -0.431206 0.751601 10.838394
v -0.467222 0.677309 11.083829
v -0.525004 0.509253 11.294279
v -0.575923 0.315856 11.468114
v -0.618035 0.101512 11.605209
v -0.653192 -0.082117 11.773551
v -0.693510 -0.221191 11.922970
v -0.725242 -0.322688 12.055326
v -0.776579 -0.362760 12.197945
v -0.854158 -0.277043 12.371890
v -0.906310 -0.108312 12.494160
v -0.930936 0.103792 12.558566
v -0.914195 0.325100 12.547890
v -0.888472 0.543305 12.486155
v -0.853307 0.750372 12.389927
v -0.827440 0.945571 12.255435
v -0.804748 1.140196 12.094810
v -0.797473 1.338338 11.897998
v -0.802606 1.541878 11.681674
v -0.733554 -0.879137 11.274426
v -0.738458 -0.729395 11.237881
v -0.712010 -0.637497 11.100200
v -0.682897 -0.592694 10.920122
v -0.657949 -0.543846 10.718150
v -0.637582 -0.494489 10.515425
v -0.615389 -0.431328 10.321581
v -0.591209 -0.359782 10.135310
v -0.567602 -0.273962 9.970397
v -0.540704 -0.157795 9.828600
v -0.525667 -0.003599 9.777381
v -0.521889 0.129893 9.799930
v -0.514617 0.269577 9.857985
v -0.516721 0.407404 9.944299
v -0.514931 0.552276 10.045415
v -0.525767 0.676800 10.187680
v -0.557669 0.738991 10.374923
v -0.591456 0.789659 10.588387
v -0.623386 0.799986 10.832860
v -0.669424 0.681433 11.068361
v -0.702861 0.510470 11.263042
v -0.734822 0.315207 11.434482
v -0.755778 0.095061 11.568854
v -0.780678 -0.095518 11.734662
v -0.816598 -0.242410 11.882320
v -0.857591 -0.314450 12.008396
v -0.910666 -0.317785 12.135164
v -0.971844 -0.229580 12.269385
v -1.012618 -0.074595 12.376641
v -1.029293 0.112411 12.433846
v -1.013076 0.306964 12.415533
v -0.992414 0.500286 12.352693
v -0.962619 0.687064 12.258080
v -0.943896 0.865195 12.122168
v -0.925405 1.046042 11.960331
v -0.920520 1.230757 11.758907
v -0.926248 1.419340 11.539346
v 1.349833 -0.941782 10.934857
v 1.607943 -0.872013 10.732769
v 1.446602 -0.848145 11.017674
v 1.247817 -0.900529 10.992279
v 1.077591 -0.851122 11.049938
v 1.170516 -0.811368 11.042428
v 1.773815 -0.084271 10.479449
v 1.807916 -0.331717 10.471550
v 1.039712 0.930296 11.801249
v 0.676084 1.215212 12.212480
v 1.093305 0.439654 12.209846
v 1.261444 0.641486 11.461062
v 1.246963 0.784760 11.277447
v 1.378183 0.752271 10.937615
v 1.262834 0.942206 11.085443
v 1.308519 0.241056 11.919518
v 0.589118 -0.362255 12.064243
v 0.556629 -0.233924 11.935456
v 0.623751 -0.444835 12.238274
v 1.111522 -0.332737 11.685382
v 1.352127 -0.585912 11.314298
v 1.451630 -0.618072 11.308071
v 1.563638 -0.619914 11.270498
v 1.518122 -0.755062 11.120542
v 1.413765 -0.730282 11.170742
v 1.349864 -0.817716 11.068540
v 1.317803 -0.679811 11.190281
v 1.266554 -0.752712 11.097274
v 0.238746 0.642510 12.913134
v 0.247644 -0.239100 12.912759
v 0.787617 -0.143798 12.609888
v 0.460956 -0.210997 12.830192
v 0.383636 -0.589480 12.478339
v 0.180108 -0.740936 12.344142
v 0.205447 -0.632729 12.542481
v 0.337107 -0.697120 12.287389
v 0.473753 -0.525515 12.103659
v 0.449214 0.627595 12.838902
v 0.769387 0.576249 12.613817
v 0.537079 -0.832623 11.432299
v 0.479263 -0.770480 11.508785
v 0.412377 -0.878806 11.552075
v 0.394333 -0.648515 11.673574
v 0.374395 -0.738898 11.743311
v 0.559996 -0.690661 11.366029
v 0.491352 -0.654540 11.435987
v 0.371744 -0.554808 11.578514
v 0.242702 -0.875535 11.846825
v 0.218847 -0.996285 11.637078
v 0.363609 -0.584526 11.772156
v 0.366334 -0.673901 11.854155
v 0.268851 -0.821450 11.970304
v 0.842454 -0.883447 11.195583
v 0.955990 -0.875781 11.112964
v 0.951127 -0.728152 11.102411
v 0.843577 -0.734188 11.166362
v 1.051376 -0.712538 11.064929
v 1.137607 -0.688951 11.057477
v 1.217595 -0.634767 11.092212
v 1.265202 -0.569963 11.173563
v 0.346176 -0.487156 11.670941
v 0.457588 -0.422236 11.995509
v 0.433238 -0.300276 11.878329
v 0.147727 -0.869648 12.008972
v 0.132620 -0.915838 11.878586
v 0.201207 1.337065 12.460921
v 1.279539 -0.508297 11.291506
v 0.112206 -1.026421 11.664087
v 0.380117 1.311584 12.397443
v 0.211690 1.117014 12.626425
v 0.398274 1.092138 12.564602
v 0.697831 1.009740 12.377657
v 1.056974 0.764624 11.966402
v 1.289342 0.508556 11.630832
v 1.777458 -0.555046 10.503167
v 0.531394 -0.096889 11.785631
v 1.067450 -0.192759 11.542367
v 0.436796 -0.573281 11.298631
v 0.513971 -0.605211 11.231552
v 0.317115 -0.460353 11.459344
v 0.829377 -0.632343 11.037373
v 0.944547 -0.612716 10.997973
v 1.045445 -0.586892 10.981294
v 1.129583 -0.549800 10.999592
v 1.190467 -0.501823 11.045943
v 1.242070 -0.447960 11.113508
v 0.399199 -0.161133 11.740342
v 1.252801 -0.383305 11.210668
v 0.291709 -0.381951 11.538142
v 1.149740 -0.429535 10.852644
v 1.061979 -0.493272 10.826585
v 0.814563 -0.582647 10.861156
v 0.943390 -0.546178 10.828781
v 1.084336 -0.001692 11.379809
v 1.264521 -0.281959 10.973619
v 1.273317 -0.229029 11.080412
v 1.215692 -0.364002 10.907008
v 0.367091 -0.510858 11.134630
v 0.456357 -0.555604 11.059217
v 0.242785 -0.360949 11.288865
v 0.356837 0.004527 11.585465
v 0.491502 0.069436 11.619994
v 0.216728 -0.266614 11.376045
v 1.068171 -0.411667 10.649393
v 0.158749 -0.261826 11.083568
v 0.289942 -0.446760 10.916365
v 0.802517 -0.533489 10.668514
v 0.941540 -0.486941 10.643728
v 0.401687 -0.501720 10.848189
v 1.134269 0.199313 11.230447
v 1.339618 -0.068676 10.913457
v 1.315942 -0.143913 10.808419
v 0.286572 0.194294 11.424639
v 0.429486 0.279043 11.462395
v 0.134278 -0.145643 11.179866
v 1.160591 0.375671 11.058119
v 0.351282 0.463310 11.283893
v 0.354855 -0.444385 10.631940
v 1.244892 -0.125877 10.561090
v 0.787954 -0.475561 10.474565
v 1.307127 -0.022167 10.632797
v 1.342404 0.079688 10.726761
v 1.211977 -0.020346 10.387688
v 0.326121 -0.366046 10.427354
v 1.268639 0.081982 10.458178
v 1.303304 0.196883 10.544789
v 1.147472 0.521291 10.858765
v 0.295218 0.592801 11.059414
v 1.103817 0.619298 10.652619
v 1.246534 0.278124 10.380024
v 1.219108 0.161345 10.298622
v 1.172601 0.059875 10.229495
v 1.046661 0.661433 10.464291
v 1.181289 0.338751 10.229838
v 1.163481 0.226496 10.153104
v 1.127214 0.128166 10.085505
v 0.985514 0.653384 10.298779
v 1.108643 0.383828 10.100009
v 1.100528 0.278803 10.032981
v 1.074340 0.181550 9.968101
v 1.008559 0.214281 9.882042
v 1.023115 0.314366 9.936142
v 1.024305 0.416261 10.003288
v 0.940189 0.628440 10.149754
v 1.173777 -0.320141 10.686214
v 1.244843 -0.235993 10.742420
v 0.935471 -0.418743 10.458264
v 1.063540 -0.328188 10.467032
v 1.168531 -0.222639 10.504947
v 1.138697 -0.121195 10.318225
v 1.106943 -0.036533 10.159431
v 1.068424 0.033312 10.024208
v 1.025630 0.098339 9.909413
v 0.991429 0.142283 9.855114
v 0.686601 0.020674 9.751851
v 0.829622 0.060265 9.765481
v 0.928436 0.108651 9.811513
v 0.953293 0.026142 9.858449
v 0.986883 -0.064285 9.969071
v 1.019268 -0.150948 10.110425
v 1.044123 -0.237335 10.284238
v 0.853366 -0.057929 9.824814
v 0.882550 -0.167908 9.941894
v 0.908563 -0.262740 10.093316
v 0.922481 -0.342774 10.273142
v 0.773430 -0.410989 10.284431
v 0.757899 -0.337351 10.101384
v 0.737716 -0.246216 9.937448
v 0.713005 -0.124109 9.804166
v 0.256523 0.047520 13.011766
v 0.481336 0.060393 12.925385
v 0.813479 0.090050 12.686502
v 1.192613 0.357753 12.066024
v 1.165230 0.643235 11.799208
v 1.145289 0.793338 11.631249
v 1.497831 0.553699 10.802464
v 1.704304 0.144569 10.564224
v 1.611682 0.353346 10.675374
v 1.771452 -0.083878 10.613235
v 1.716198 0.097930 10.709800
v 1.808104 -0.271467 10.579233
v 1.630282 0.272248 10.834235
v 1.512545 0.436683 10.971986
v 1.375040 0.610664 11.122851
v 1.809955 -0.452545 10.612667
v 1.676176 -0.762808 10.823108
v 1.732557 -0.642206 10.951588
v 1.737071 0.040753 10.843074
v 1.785502 -0.113292 10.735317
v 1.806160 -0.238089 10.668674
v 1.821763 -0.345574 10.719780
v 1.655971 0.189158 10.988628
v 1.544893 0.331739 11.138362
v 1.404898 0.487284 11.299285
v 1.444223 0.090381 11.762924
v 1.437869 0.364809 11.468121
v 1.564356 -0.039775 11.621906
v 1.581492 0.221840 11.305258
v 1.748314 -0.483211 11.122145
v 1.809232 -0.202259 10.854147
v 1.340983 -0.482526 11.473743
v 1.260351 -0.442593 11.441612
v 1.435148 -0.486485 11.477423
v 1.542435 -0.472467 11.452321
v 1.729464 -0.324641 11.290368
v 1.763867 -0.056438 10.987176
v 1.683360 0.093614 11.150834
v 1.659127 -0.164604 11.466012
v 1.208915 0.003947 12.126739
v 1.263624 -0.170048 11.989066
v 1.403999 -0.254937 11.778947
v 1.490736 -0.344217 11.614757
v 1.172635 -0.299278 11.932913
v 1.299468 -0.328028 11.792908
v 1.383783 -0.394007 11.636145
v 0.733941 -0.335974 12.462791
v 0.429294 -0.433162 12.673835
v 0.230648 -0.472743 12.747684
v 1.100905 -0.332404 11.874693
v 1.199752 -0.355803 11.765603
v 1.281986 -0.408620 11.623729
v 1.098737 -0.193159 12.148704
v 1.038728 -0.299906 12.053541
v 0.982796 -0.323414 11.955687
v 1.113648 -0.042622 12.251207
v 1.114381 0.117647 12.303369
v 1.171801 0.115955 12.200520
v 1.188007 -0.366881 11.574888
v 1.148354 -0.246362 11.453847
v 1.171127 -0.064879 11.303434
v 1.260314 0.136314 11.147875
v 1.263923 0.301296 10.954784
v 1.243192 0.432339 10.757974
v 1.199696 0.531019 10.561310
v 1.135900 0.575437 10.391505
v 1.065486 0.583821 10.252664
v 1.012367 0.581497 10.157854
v 1.026482 -0.304395 11.766380
v 0.989660 -0.146849 11.604569
v 0.994722 0.047175 11.445090
v 1.020233 0.254858 11.311242
v 1.032659 0.446584 11.151268
v 1.025382 0.607764 10.954469
v 0.976938 0.694360 10.733211
v 0.922740 0.731857 10.525329
v 0.865049 0.717178 10.329380
v 0.816481 0.659141 10.156528
v 0.925561 -0.272946 11.825018
v 0.892136 -0.117405 11.670967
v 0.882231 0.084074 11.515972
v 0.884705 0.291910 11.381299
v 0.874674 0.485271 11.214687
v 0.854799 0.661993 11.026657
v 0.822099 0.775658 10.797400
v 0.768452 0.788410 10.560858
v 0.714744 0.754688 10.352565
v 0.677053 0.681895 10.168097
v 1.221756 -0.325026 11.343508
v 1.245798 -0.143034 11.192740
v 1.334371 0.049270 11.023382
v 1.339534 0.199678 10.839349
v 1.307168 0.325948 10.645111
v 1.250790 0.402587 10.471272
v 1.178934 0.451618 10.316036
v 1.103044 0.488541 10.182204
v 1.021965 0.511156 10.085537
v 0.922655 0.544520 10.031826
v 0.921094 0.209250 9.823102
v 0.919081 0.325546 9.870000
v 0.807121 0.182137 9.786273
v 0.917538 0.436658 9.939073
v 0.671364 0.153882 9.780586
v 0.797002 0.567817 10.014402
v 0.656496 0.567644 10.020783
v 0.790035 0.441985 9.914928
v 0.655470 0.429746 9.920006
v 0.793771 0.314651 9.840693
v 0.659089 0.291061 9.839709
v 0.222967 0.894075 12.778744
v 0.421421 0.873096 12.711828
v 0.730283 0.800949 12.510737
v 1.076010 0.601314 12.100048
v 1.185400 0.498190 11.942659
v 1.306622 0.377453 11.787313
v 1.454327 0.233401 11.624936
v 1.592595 0.099140 11.477170
v 1.694528 -0.030530 11.320301
v 1.773587 -0.184982 11.140534
v 1.814793 -0.334969 10.990053
v 1.805206 -0.491455 10.828222
v 1.772903 -0.624700 10.704575
v 1.722792 -0.752472 10.613220
v 0.251660 0.357085 13.004374
v 0.473575 0.353864 12.922742
v 0.799385 0.337577 12.678286
v 1.102080 0.273998 12.276075
v 1.184103 0.219843 12.149761
v 1.275487 0.111490 12.030685
v 1.383767 -0.037698 11.884370
v 1.501344 -0.161033 11.721444
v 1.586014 -0.277169 11.566277
v 1.647533 -0.429109 11.393150
v 1.668494 -0.588366 11.220002
v 1.620986 -0.733825 11.057930
v 1.553434 -0.844230 10.938334
v 1.464903 -0.942146 10.862464
v 0.099796 -0.015235 10.981250
v 0.117155 -0.154652 10.869946
v 0.242214 -0.378655 10.696712
v 0.097260 0.094305 10.771369
v 0.114589 -0.061605 10.663745
v 0.223729 -0.288570 10.495920
v 0.208294 0.338273 11.221998
v 0.179982 0.443860 10.987638
v 0.286614 0.642594 10.810723
v 0.196727 0.492104 10.754555
v 0.297993 0.644118 10.589089
v 0.214114 0.525604 10.555824
v 0.110376 0.177718 10.563790
v 0.309363 -0.278322 10.251469
v 0.116835 0.023888 10.462509
v 0.217480 -0.193776 10.315356
v 0.131411 0.253697 10.391621
v 0.292265 -0.187786 10.097319
v 0.127389 0.108376 10.296740
v 0.206715 -0.107687 10.160495
v 0.297490 0.624392 10.404108
v 0.226695 0.534350 10.393889
v 0.161745 0.303301 10.240799
v 0.149596 0.173748 10.158249
v 0.206101 -0.029053 10.039664
v 0.281264 -0.092774 9.975825
v 0.289142 0.582149 10.256413
v 0.240430 0.534685 10.289959
v 0.274900 0.001924 9.908493
v 0.218304 0.026926 9.967272
v 0.188431 0.214481 10.040852
v 0.198338 0.338825 10.127449
v 0.270776 0.353358 10.041395
v 0.264007 0.219483 9.956270
v 0.198940 0.104067 9.986749
v 0.163805 0.065553 10.084786
v 0.153377 -0.002475 10.211969
v 0.154783 -0.083890 10.364879
v 0.161573 -0.184894 10.566174
v 0.177275 -0.286514 10.775178
v 0.215132 -0.362946 10.995021
v 0.293982 -0.445125 11.212567
v 0.368961 -0.525497 11.373843
v 0.439517 -0.603990 11.504557
v 0.433009 -0.708154 11.587971
v 0.386864 -0.800951 11.642927
v 0.226812 -0.929956 11.735070
v 0.119518 -0.964348 11.764867
v 0.271645 0.109162 9.910304
v 0.279798 0.476251 10.147717
v 0.218538 0.451881 10.223067
v 0.183293 0.433487 10.332201
v 0.156944 0.399257 10.485947
v 0.132182 0.344858 10.677535
v 0.117668 0.273005 10.896098
v 0.132778 0.167058 11.118186
v 0.175006 0.035577 11.319674
v 0.249808 -0.124503 11.492446
v 0.312885 -0.269422 11.647408
v 0.359831 -0.395536 11.779449
v 0.378892 -0.501353 11.882255
v 0.388292 -0.598191 11.973389
v 0.295125 -0.765754 12.117621
v 0.161299 -0.814085 12.164263
v 1.137404 0.951439 11.441804
v 1.034292 1.103171 11.606969
v 0.666344 1.425644 12.021955
v 0.370719 1.539670 12.212927
v 0.195507 1.569660 12.277387
v 1.150758 1.118295 11.238468
v 1.040776 1.276942 11.390293
v 0.670948 1.643839 11.811287
v 0.371741 1.782671 12.016348
v 0.195255 1.821238 12.082512
v 0.630515 -0.864254 11.352092
v 0.641616 -0.715107 11.301184
v 0.596798 -0.626424 11.169930
v 0.546926 -0.577941 10.996491
v 0.520776 -0.527040 10.785476
v 0.490347 -0.481860 10.570264
v 0.464278 -0.418219 10.372571
v 0.438589 -0.338178 10.191298
v 0.413504 -0.248707 10.031018
v 0.389645 -0.139600 9.902241
v 0.378684 -0.008095 9.838819
v 0.373882 0.117188 9.851314
v 0.370649 0.235566 9.898596
v 0.380979 0.380087 9.981273
v 0.382186 0.522610 10.084637
v 0.391742 0.635260 10.221045
v 0.413746 0.690169 10.394044
v 0.424105 0.737686 10.598995
v 0.431206 0.751601 10.838394
v 0.467222 0.677309 11.083829
v 0.525004 0.509253 11.294279
v 0.575923 0.315856 11.468114
v 0.618035 0.101512 11.605209
v 0.653192 -0.082117 11.773551
v 0.693510 -0.221191 11.922970
v 0.725242 -0.322688 12.055326
v 0.776579 -0.362760 12.197945
v 0.854158 -0.277043 12.371890
v 0.906310 -0.108312 12.494160
v 0.930936 0.103792 12.558566
v 0.914195 0.325100 12.547890
v 0.888472 0.543305 12.486155
v 0.853307 0.750372 12.389927
v 0.827440 0.945571 12.255435
v 0.804748 1.140196 12.094810
v 0.797473 1.338338 11.897998
v 0.802606 1.541878 11.681674
v 0.733554 -0.879137 11.274426
v 0.738458 -0.729395 11.237881
v 0.712010 -0.637497 11.100200
v 0.682897 -0.592694 10.920122
v 0.657949 -0.543846 10.718150
v 0.637582 -0.494489 10.515425
v 0.615389 -0.431328 10.321581
v 0.591209 -0.359782 10.135310
v 0.567602 -0.273962 9.970397
v 0.540704 -0.157795 9.828600
v 0.525667 -0.003599 9.777381
v 0.521889 0.129893 9.799930
v 0.514617 0.269577 9.857985
v 0.516721 0.407404 9.944299
v 0.514931 0.552276 10.045415
v 0.525767 0.676800 10.187680
v 0.557669 0.738991 10.374923
v 0.591456 0.789659 10.588387
v 0.623386 0.799986 10.832860
v 0.669424 0.681433 11.068361
v 0.702861 0.510470 11.263042
v 0.734822 0.315207 11.434482
v 0.755778 0.095061 11.568854
v 0.780678 -0.095518 11.734662
v 0.816598 -0.242410 11.882320
v 0.857591 -0.314450 12.008396
v 0.910666 -0.317785 12.135164
v 0.971844 -0.229580 12.269385
v 1.012618 -0.074595 12.376641
v 1.029293 0.112411 12.433846
v 1.013076 0.306964 12.415533
v 0.992414 0.500286 12.352693
v 0.962619 0.687064 12.258080
v 0.943896 0.865195 12.122168
v 0.925405 1.046042 11.960331
v 0.920520 1.230757 11.758907
v 0.926248 1.419340 11.539346
v 0.529913 1.723887 11.923313
v 0.525728 1.491888 12.126862
v 0.535953 1.270999 12.314836
v 0.557104 1.057270 12.480342
v 0.590463 0.842566 12.619371
v 0.625598 0.604824 12.734315
v 0.657006 0.346573 12.807660
v 0.662988 0.075679 12.807579
v 0.641134 -0.178456 12.724014
v 0.595808 -0.387268 12.574966
v 0.525978 -0.529600 12.376651
v 0.439505 -0.621407 12.202701
v 0.376314 -0.690408 12.050862
v 0.341722 -0.754866 11.917484
v 0.324446 -0.814727 11.800713
v 0.316036 -0.874914 11.692576
v 0.316491 -0.948600 11.597667
v -0.316491 -0.948600 11.597667
v -0.316036 -0.874914 11.692576
v -0.324446 -0.814727 11.800713
v -0.341722 -0.754866 11.917484
v -0.376314 -0.690408 12.050862
v -0.439505 -0.621407 12.202701
v -0.525978 -0.529600 12.376651
v -0.595808 -0.387268 12.574966
v -0.641134 -0.178456 12.724014
v -0.662988 0.075679 12.807579
v -0.657006 0.346573 12.807660
v -0.625598 0.604824 12.734315
v -0.590463 0.842566 12.619371
v -0.557104 1.057270 12.480342
v -0.535953 1.270999 12.314836
v -0.525728 1.491888 12.126862
v -0.529914 1.723906 11.923340
v -0.000000 -5.356018 10.808565
v -0.000000 -3.107769 11.095889
v 0.000000 -5.609753 11.900172
v -0.000000 -5.216617 11.701834
v 0.000000 -5.391697 11.830464
v -0.000000 -5.093086 11.536962
v -0.000000 -6.066763 11.704597
v 0.000000 -5.065183 11.372151
v 0.000000 -6.160618 11.391178
v 0.000000 -5.281536 10.907915
v 0.000000 -2.942261 11.977992
v 0.000000 -2.797344 12.069078
v -0.000000 -2.648910 12.125058
v -0.000000 -2.501930 12.140336
v -0.000000 -3.169923 11.684672
v -0.000000 -3.069122 11.848939
v 0.000000 -6.272881 11.121219
v 0.000000 -3.046609 11.030859
v -0.000000 -2.978542 10.975683
v -0.000000 -3.208439 11.266923
v 0.000000 -3.237056 11.385679
v -0.000000 -3.226741 11.520060
v 0.000000 -3.162054 11.171841
v -0.000000 -2.903891 10.928923
v -0.000000 -5.148089 11.119190
v 0.000000 -5.210328 11.012492
v -0.000000 -5.094709 11.233682
v -1.249999 -4.804418 10.697721
v -1.562622 -4.555175 10.511673
v -1.093595 -4.919796 10.752607
v -1.408470 -4.683506 10.619556
v -1.710567 -4.431830 10.391939
v -0.692808 -3.003291 10.857836
v -1.151580 -3.211761 10.722174
v -0.168947 -2.908779 10.922565
v -1.281135 -3.280728 10.665417
v -2.077109 -3.789725 10.089417
v -1.835750 -4.301556 10.279891
v -0.337887 -5.306345 10.808324
v -2.012681 -3.703851 10.123625
v -1.968976 -3.676715 10.163350
v -0.803885 -3.045896 10.833830
v -0.915135 -3.094053 10.803832
v -1.697785 -3.513817 10.388815
v -1.825119 -3.594636 10.283116
v -1.908491 -3.645186 10.214947
v -1.558089 -3.432269 10.495965
v -1.417213 -3.355595 10.590600
v -0.322468 -2.921067 10.911511
v -2.086945 -3.860375 10.090636
v -2.048867 -3.742507 10.099494
v -2.072279 -3.943485 10.103856
v -2.000069 -4.068143 10.154552
v -1.929407 -4.178129 10.206044
v -1.794354 -3.691466 10.950731
v -1.905557 -3.776408 10.820152
v -1.670408 -3.596694 11.085800
v -1.730203 -3.750706 10.863002
v -1.848115 -3.828731 10.738940
v -1.995824 -3.850441 10.709332
v -2.059362 -3.906938 10.627028
v -1.865465 -3.618587 11.025240
v -1.970789 -3.715914 10.885246
v -1.537294 -3.495081 11.214506
v -1.601465 -3.666621 10.993015
v -1.743975 -3.511195 11.167599
v -1.676428 -3.789613 10.770615
v -1.801695 -3.856774 10.649052
v -1.943345 -3.895156 10.639648
v -2.006455 -3.942918 10.567719
v -2.058807 -3.799851 10.761864
v -2.119787 -3.865488 10.668981
v -1.938173 -3.530348 11.076499
v -2.039253 -3.639767 10.930566
v -1.400481 -3.396236 11.326745
v -1.467765 -3.576384 11.116119
v -1.611614 -3.395656 11.302177
v -1.545084 -3.711712 10.897079
v -1.818305 -3.408601 11.227705
v -1.645875 -3.788646 10.691262
v -1.635283 -3.764172 10.631506
v -1.775018 -3.818374 10.522216
v -1.782617 -3.844613 10.574807
v -1.899887 -3.908432 10.561844
v -1.963939 -3.938552 10.492837
v -2.111841 -4.009601 10.522672
v -2.123769 -3.737875 10.798709
v -2.186360 -3.819296 10.693141
v -2.013433 -3.423544 11.099592
v -2.113845 -3.549214 10.948693
v -1.132091 -3.236962 11.517869
v -1.263182 -3.310488 11.428523
v -1.335880 -3.484325 11.224367
v -1.471928 -3.287457 11.419845
v -1.410629 -3.627697 11.016253
v -1.683843 -3.280269 11.367701
v -1.508797 -3.714139 10.809958
v -1.494615 -3.695765 10.741606
v -1.893691 -3.287053 11.256318
v -1.636281 -3.730181 10.579333
v -1.647128 -3.683895 10.528603
v -1.785032 -3.753459 10.425519
v -1.775680 -3.786915 10.475548
v -1.882380 -3.885401 10.491532
v -1.883345 -3.857311 10.441395
v -1.946005 -3.878808 10.385530
v -1.946150 -3.909570 10.431413
v -2.061571 -4.008666 10.480342
v -2.120212 -4.075744 10.499942
v -2.174984 -3.990809 10.545084
v -2.195308 -3.664387 10.813951
v -2.262342 -3.767898 10.701820
v -2.089050 -3.293304 11.081170
v -2.193476 -3.438135 10.932722
v -1.076060 -3.333492 11.404793
v -1.204536 -3.402593 11.321249
v -1.196266 -3.115288 11.618020
v -1.332617 -3.195364 11.525039
v -1.282571 -3.543566 11.120393
v -1.543923 -3.162104 11.486632
v -1.371713 -3.637620 10.925412
v -1.354340 -3.620672 10.850101
v -1.757569 -3.149309 11.400752
v -1.493659 -3.661391 10.685227
v -1.503802 -3.614964 10.633265
v -1.962120 -3.143123 11.235470
v -1.661034 -3.635991 10.480457
v -1.676852 -3.579810 10.435065
v -1.807855 -3.654697 10.328878
v -1.797675 -3.708931 10.373898
v -1.881662 -3.827402 10.398602
v -1.879856 -3.791146 10.354381
v -1.939975 -3.809632 10.304190
v -1.942434 -3.846701 10.346884
v -2.025179 -3.990085 10.421098
v -2.071241 -4.068245 10.468696
v -2.132315 -4.155925 10.485844
v -2.134365 -4.254968 10.518053
v -2.184201 -4.068245 10.514993
v -2.248475 -3.968131 10.549915
v -2.278145 -3.575306 10.799687
v -2.347139 -3.697390 10.688582
v -1.004239 -3.175730 11.594628
v -0.878564 -3.127674 11.660993
v -1.029739 -3.400485 11.286161
v -1.152917 -3.463523 11.211458
v -1.255056 -2.977377 11.690764
v -1.399479 -3.060802 11.595335
v -1.242437 -3.562135 11.020564
v -1.222764 -3.543886 10.941592
v -1.613129 -3.027687 11.525853
v -1.352015 -3.586423 10.787331
v -1.362383 -3.539351 10.733171
v -1.821220 -2.999532 11.382430
v -1.517924 -3.563337 10.585596
v -1.536825 -3.501101 10.540085
v -1.885494 -3.745982 10.304911
v -1.894015 -3.697323 10.258591
v -1.952218 -3.723363 10.211421
v -1.942999 -3.769993 10.259645
v -2.006146 -3.954297 10.368641
v -2.001758 -3.916554 10.327806
v -2.034626 -4.038849 10.423014
v -2.082725 -4.133303 10.463777
v -2.083766 -4.199214 10.490556
v -2.094517 -4.371982 10.618282
v -2.195155 -4.176992 10.499418
v -2.193084 -4.272734 10.524519
v -2.259621 -4.064013 10.513412
v -2.333110 -3.944523 10.545225
v -0.754133 -3.091294 11.715371
v -0.951929 -3.278285 11.473475
v -0.832774 -3.232235 11.534566
v -1.062839 -3.049035 11.697979
v -0.928464 -2.999701 11.766001
v -0.991142 -3.427725 11.166552
v -1.114439 -3.488495 11.100368
v -0.973137 -3.414550 11.074272
v -1.094225 -3.473511 11.015415
v -1.307794 -2.832790 11.737769
v -1.460206 -2.921860 11.640236
v -1.221553 -3.508776 10.874774
v -1.229668 -3.463600 10.816489
v -1.671044 -2.873521 11.520219
v -1.376978 -3.487791 10.683339
v -1.396072 -3.424844 10.635621
v -2.000412 -3.879539 10.287303
v -2.003311 -3.850443 10.247528
v -2.020936 -3.988626 10.369872
v -2.020461 -3.947223 10.325336
v -2.046775 -4.107274 10.433514
v -2.045722 -4.161680 10.455329
v -2.044254 -4.311829 10.586437
v -2.154691 -4.432087 10.618551
v -2.269238 -4.191494 10.499475
v -2.267252 -4.298294 10.510341
v -2.346494 -4.046994 10.500406
v -0.715016 -3.198591 11.585270
v -0.794194 -2.964075 11.823457
v -0.911182 -3.350191 11.349686
v -0.796832 -3.309956 11.404179
v -1.112367 -2.908525 11.774010
v -0.969762 -2.859374 11.842804
v -0.971231 -3.375605 10.996408
v -1.093059 -3.437274 10.942060
v -0.866661 -3.279288 10.970597
v -1.101234 -3.394825 10.879343
v -1.350897 -2.677043 11.742834
v -1.510943 -2.767848 11.640269
v -1.243508 -3.411775 10.762589
v -1.260899 -3.350601 10.712577
v -2.011220 -3.817140 10.202847
v -2.026010 -3.779936 10.152310
v -2.018400 -3.906592 10.281851
v -2.021632 -3.881702 10.242661
v -2.024550 -4.050588 10.391141
v -2.012461 -4.005442 10.349686
v -2.004676 -4.065623 10.376315
v -2.021103 -4.108819 10.416994
v -2.006791 -4.269656 10.541594
v -2.228294 -4.474452 10.588848
v -2.355016 -4.190274 10.482317
v -2.355200 -4.313284 10.482994
v -0.340749 -3.053620 11.821094
v -0.684736 -3.276086 11.448734
v -0.826672 -2.823432 11.902184
v -0.877458 -3.380047 11.223278
v -0.768416 -3.340776 11.272994
v -0.860228 -3.364818 11.124918
v -0.754408 -3.320898 11.166935
v -1.155360 -2.761032 11.819546
v -1.004392 -2.710140 11.889458
v -0.878859 -3.224923 10.909047
v -1.114458 -3.342420 10.822189
v -0.895570 -3.163236 10.853211
v -1.131471 -3.281444 10.770140
v -2.031796 -3.852880 10.196662
v -2.049947 -3.820996 10.144491
v -2.011626 -3.973901 10.307737
v -2.019616 -3.950195 10.265352
v -2.006442 -4.024693 10.290721
v -1.998541 -4.036466 10.333889
v -1.986177 -4.215171 10.495287
v -1.978114 -4.190993 10.445383
v -1.984652 -4.568024 10.815577
v -2.322687 -4.509453 10.539552
v -0.176979 -3.062385 11.839984
v -0.326028 -3.156335 11.675704
v -0.351490 -2.927807 11.937305
v -0.660932 -3.310369 11.311616
v -0.650430 -3.287630 11.199734
v -0.853884 -2.675129 11.948944
v -0.859998 -3.326106 11.040977
v -0.753615 -3.282633 11.078176
v -0.759797 -3.234689 11.003609
v -0.654974 -3.195457 11.027591
v -1.191860 -2.605273 11.830758
v -1.037037 -2.555070 11.904366
v -2.034983 -3.919177 10.208808
v -2.058198 -3.891938 10.150919
v -2.040941 -3.965911 10.170163
v -2.018027 -3.992913 10.236464
v -1.966345 -4.156329 10.395775
v -1.965786 -4.134692 10.342505
v -1.932572 -4.480623 10.791553
v -1.899669 -4.688326 10.959850
v -2.049577 -4.639112 10.805344
v -0.172103 -3.160702 11.686829
v -0.181049 -2.936484 11.963303
v -0.316123 -3.225492 11.520166
v -0.360186 -2.786011 12.021609
v -0.649373 -3.246028 11.105494
v -0.881006 -2.520655 11.967477
v -0.770850 -3.178933 10.939283
v -0.664239 -3.137734 10.961390
v -0.785761 -3.115366 10.883494
v -0.676959 -3.073935 10.905927
v -1.968924 -4.113739 10.286431
v -1.978907 -4.094051 10.224733
v -1.887996 -4.403866 10.741186
v -1.843390 -4.590156 10.936860
v -1.796346 -4.812192 11.121493
v -1.970052 -4.776027 10.948515
v -2.125628 -4.711197 10.767269
v -0.165358 -3.223629 11.528413
v -0.184700 -2.793111 12.053275
v -0.310854 -3.246099 11.377831
v -0.305012 -3.221891 11.256504
v -0.368726 -2.640438 12.076324
v -0.304901 -3.119251 11.076832
v -1.853695 -4.352450 10.688039
v -1.830724 -4.311836 10.630451
v -1.797745 -4.503324 10.890930
v -1.738482 -4.705327 11.096798
v -1.679043 -4.949295 11.284412
v -1.870599 -4.923223 11.106793
v -2.046610 -4.862082 10.896215
v -2.214276 -4.780107 10.692252
v -0.161291 -3.240217 11.386320
v -0.161427 -3.213055 11.264391
v -0.188723 -2.646847 12.108432
v -0.303244 -3.174460 11.155480
v -0.160087 -3.110853 11.088138
v -0.377041 -2.488632 12.099833
v -0.309551 -3.059726 11.011699
v -0.314563 -2.993389 10.957346
v -1.817334 -4.309560 10.569075
v -1.811728 -4.298202 10.500203
v -1.758958 -4.440624 10.830642
v -1.721002 -4.367089 10.753926
v -1.691611 -4.608064 11.049326
v -1.615393 -4.816402 11.259138
v -1.540594 -5.078717 11.433277
v -1.745751 -5.089124 11.264400
v -1.944592 -5.039429 11.041498
v -2.125564 -4.955262 10.802677
v -0.159865 -3.165651 11.167255
v -0.191035 -2.498466 12.128578
v -0.161413 -3.049403 11.023529
v -0.164251 -2.982096 10.969297
v -1.810714 -4.297492 10.432078
v -1.819412 -4.299380 10.357486
v -1.700067 -4.389699 10.689553
v -1.689038 -4.388799 10.617907
v -1.648195 -4.523098 10.983435
v -1.599971 -4.451964 10.891555
v -1.565249 -4.700603 11.203226
v -1.478274 -4.923972 11.408298
v -1.605976 -5.245391 11.400887
v -1.814121 -5.231024 11.178259
v -2.011403 -5.155223 10.922176
v -1.686219 -4.396596 10.544730
v -1.694480 -4.412937 10.469733
v -1.560417 -4.440753 10.803750
v -1.546173 -4.473973 10.734334
v -1.521307 -4.604884 11.129931
v -1.463209 -4.538800 11.026161
v -1.423840 -4.790263 11.346111
v -1.330633 -5.021318 11.537922
v -1.391504 -5.194231 11.564574
v -1.657804 -5.410391 11.301985
v -1.861322 -5.362976 11.031420
v -1.542359 -4.497706 10.662989
v -1.548014 -4.523952 10.588513
v -1.415572 -4.539153 10.925596
v -1.392882 -4.565540 10.842505
v -1.373385 -4.691555 11.256436
v -1.315058 -4.621863 11.142038
v -1.273870 -4.875161 11.464617
v -1.446558 -5.383407 11.525454
v -1.690018 -5.550692 11.118436
v -1.387328 -4.602590 10.768532
v -1.394235 -4.643342 10.694617
v -1.261243 -4.609688 11.020459
v -1.239509 -4.664038 10.930652
v -1.220459 -4.765593 11.358992
v -0.458904 -5.564300 11.894085
v -0.432876 -5.345899 11.830919
v -1.486674 -5.568079 11.405389
v -1.234001 -4.709321 10.850376
v -1.239591 -4.755891 10.773526
v -1.118671 -4.720934 11.096256
v -1.166705 -4.716250 11.225181
v -0.408761 -5.170591 11.707993
v -0.478852 -5.807075 11.849303
v -1.507604 -5.714088 11.185598
v -1.082969 -4.814963 10.913744
v -1.091979 -4.765056 10.998776
v -0.386154 -5.039379 11.548130
v -0.484719 -6.020481 11.676608
v -1.084375 -4.867186 10.832359
v -0.367622 -5.010744 11.373830
v -0.354826 -5.041474 11.228255
v -0.478557 -6.124948 11.361846
v -0.348616 -5.096556 11.114664
v -0.343409 -5.160915 11.008139
v -0.339212 -5.231592 10.905480
v -2.279420 -4.630336 10.601125
v -2.185675 -4.581483 10.662725
v -2.111149 -4.530582 10.697711
v -2.050650 -4.463353 10.702616
v -1.999456 -4.385357 10.674179
v -1.956470 -4.332464 10.624156
v -1.932263 -4.275741 10.574736
v -1.916433 -4.248628 10.523102
v -1.907946 -4.221414 10.462488
v -1.904770 -4.207009 10.402767
v -1.906911 -4.197565 10.340904
v -1.916424 -4.185071 10.273111
v -2.389014 -4.674361 10.524846
v -2.315280 -4.847771 10.600495
v -2.216279 -5.046963 10.692671
v -2.090725 -5.267226 10.785583
v -1.939458 -5.489342 10.859573
v -1.766496 -5.692329 10.914707
v -1.582305 -5.868442 10.951957
v -0.485628 -6.247388 11.096227
v -1.993193 -3.749714 10.176516
v -1.982448 -3.791059 10.226972
v -1.977454 -3.826198 10.271645
v -1.976325 -3.860410 10.310092
v -1.979906 -3.890697 10.348247
v -1.984799 -3.924966 10.389147
v -2.002355 -3.954735 10.445222
v -2.042759 -3.974507 10.515184
v -2.095306 -3.956427 10.566826
v -2.156565 -3.923980 10.597153
v -2.227393 -3.892497 10.609791
v -2.307435 -3.857834 10.613421
v -2.398077 -3.804838 10.601023
v -1.029219 -3.149113 10.767358
v -1.009065 -3.217689 10.815921
v -0.992164 -3.278940 10.869122
v -0.978631 -3.332420 10.929246
v -2.428097 -3.903972 10.529742
v -2.442373 -4.019505 10.481562
v -2.453382 -4.299065 10.450477
v -2.448007 -4.160528 10.458860
v -2.433202 -4.535654 10.479377
v -0.250105 -6.262582 11.115098
v -0.245529 -6.147977 11.379560
v -0.248887 -6.054779 11.697890
v -0.244780 -5.843822 11.864756
v -0.235901 -5.596906 11.900462
v -0.224017 -5.379577 11.833435
v -0.213303 -5.202640 11.704705
v -0.201261 -5.075928 11.544386
v -0.189169 -5.048842 11.374524
v -0.182389 -5.074906 11.229470
v -0.178514 -5.132889 11.116510
v -0.175614 -5.197002 11.010599
v -0.173234 -5.267555 10.905500
v -0.172850 -5.341429 10.806808
v -0.000000 -5.856490 11.869889
v -0.792063 -5.113610 10.807027
v -0.788483 -5.051161 10.894975
v -0.790206 -4.989672 10.984413
v -0.798332 -4.930372 11.079128
v -0.817746 -4.877318 11.187754
v -0.856696 -4.854166 11.329114
v -0.906250 -4.893580 11.487844
v -0.950977 -5.016086 11.623892
v -0.999733 -5.175633 11.725844
v -1.055520 -5.378441 11.764125
v -1.092395 -5.604036 11.710740
v -1.097631 -5.813402 11.567497
v -1.112175 -5.958629 11.272820
v -1.154672 -6.140173 10.992427
v -0.942149 -5.023704 10.789223
v -0.935426 -4.966783 10.872588
v -0.936350 -4.909376 10.957422
v -0.945112 -4.853621 11.048591
v -0.968104 -4.804205 11.153419
v -1.013591 -4.788268 11.288803
v -1.067922 -4.835150 11.433493
v -1.116686 -4.952001 11.556097
v -1.169387 -5.105288 11.645070
v -1.229087 -5.293292 11.675869
v -1.278137 -5.502598 11.628089
v -1.297783 -5.705518 11.493472
v -1.312853 -5.852541 11.234684
v -1.376458 -6.021162 10.973507
v -0.931766 -6.196041 11.035262
v -0.909979 -6.032039 11.308805
v -0.913047 -5.894985 11.613733
v -0.903207 -5.684571 11.772060
v -0.868716 -5.452991 11.828309
v -0.821012 -5.243082 11.781493
v -0.777754 -5.076654 11.669651
v -0.738137 -4.946849 11.521977
v -0.695605 -4.909862 11.355711
v -0.665786 -4.935428 11.209278
v -0.650521 -4.990754 11.096859
v -0.642406 -5.053513 10.996424
v -0.640440 -5.119745 10.902411
v -0.643559 -5.189058 10.811795
v -2.452691 -4.420889 10.458054
v -2.346143 -4.411140 10.504221
v -2.253670 -4.384571 10.540412
v -2.180265 -4.347334 10.562577
v -2.120818 -4.304358 10.558825
v -2.075233 -4.256535 10.530745
v -2.034285 -4.216666 10.489180
v -2.012448 -4.170054 10.450041
v -2.001247 -4.141657 10.407708
v -1.987078 -4.095824 10.360123
v -1.988267 -4.073450 10.310674
v -1.998316 -4.053384 10.257727
v -2.016009 -4.035502 10.196092
v -2.040997 -4.003007 10.122977
v -0.711584 -6.227011 11.072252
v -0.700961 -6.087787 11.341905
v -0.709534 -5.962599 11.653782
v -0.699691 -5.750482 11.820847
v -0.671931 -5.514405 11.870845
v -0.634487 -5.299567 11.815239
v -0.599714 -5.127231 11.696723
v -0.568374 -4.995602 11.542143
v -0.537507 -4.959177 11.368824
v -0.515821 -4.986482 11.222101
v -0.505700 -5.046380 11.107701
v -0.498678 -5.111401 11.003641
v -0.495301 -5.181290 10.905437
v -0.495728 -5.255008 10.812026
v -0.456381 -2.940181 10.896334
v -0.446481 -3.011956 10.941914
v -0.439625 -3.078286 10.996480
v -0.433280 -3.139137 11.060767
v -0.429469 -3.193019 11.141976
v -0.432148 -3.236544 11.242247
v -0.439247 -3.258432 11.360352
v -0.452372 -3.231571 11.506993
v -0.467293 -3.159097 11.654451
v -0.489239 -3.054688 11.793110
v -0.510071 -2.928823 11.907974
v -0.525042 -2.789060 11.989254
v -0.539193 -2.641711 12.041855
v -0.554129 -2.489488 12.066379
v -0.578300 -2.967081 10.878622
v -0.565105 -3.038407 10.925088
v -0.555013 -3.104345 10.979793
v -0.547245 -3.163976 11.045386
v -0.544054 -3.216835 11.125676
v -0.544007 -3.261183 11.224663
v -0.552545 -3.284441 11.340298
v -0.569435 -3.250176 11.482198
v -0.594147 -3.172794 11.625461
v -0.625274 -3.067348 11.759988
v -0.656601 -2.940214 11.870153
v -0.679941 -2.800716 11.949200
v -0.700711 -2.653040 11.998178
v -0.722290 -2.499450 12.019338
v 1.249999 -4.804418 10.697721
v 1.562622 -4.555175 10.511673
v 1.093595 -4.919796 10.752607
v 1.408470 -4.683506 10.619556
v 1.710567 -4.431830 10.391939
v 0.693699 -3.002371 10.856444
v 1.152399 -3.210261 10.721249
v 0.168994 -2.908863 10.922272
v 1.281605 -3.279840 10.664905
v 2.077109 -3.789725 10.089417
v 1.835750 -4.301556 10.279891
v 0.337887 -5.306345 10.808324
v 2.011911 -3.705323 10.124291
v 1.968209 -3.678157 10.164032
v 0.805217 -3.044139 10.832016
v 0.916076 -3.092617 10.802647
v 1.695050 -3.518831 10.391223
v 1.822912 -3.598690 10.285016
v 1.907733 -3.646599 10.215608
v 1.556239 -3.435692 10.497672
v 1.417213 -3.355595 10.590600
v 0.322736 -2.921173 10.910656
v 2.086945 -3.860375 10.090636
v 2.048867 -3.742507 10.099494
v 2.072279 -3.943485 10.103856
v 2.000069 -4.068143 10.154552
v 1.929407 -4.178129 10.206044
v 1.794354 -3.691466 10.950731
v 1.905557 -3.776408 10.820152
v 1.670408 -3.596694 11.085800
v 1.730203 -3.750706 10.863002
v 1.848115 -3.828731 10.738940
v 1.995824 -3.850441 10.709332
v 2.059362 -3.906938 10.627028
v 1.865465 -3.618587 11.025240
v 1.970789 -3.715914 10.885246
v 1.537294 -3.495081 11.214506
v 1.601465 -3.666621 10.993015
v 1.743975 -3.511195 11.167599
v 1.676428 -3.789613 10.770615
v 1.801695 -3.856774 10.649052
v 1.943345 -3.895156 10.639648
v 2.006455 -3.942918 10.567719
v 2.058807 -3.799851 10.761875
v 2.119787 -3.865488 10.668981
v 1.938173 -3.530348 11.076499
v 2.039253 -3.639767 10.930566
v 1.400481 -3.396236 11.326745
v 1.467765 -3.576384 11.116119
v 1.611614 -3.395656 11.302177
v 1.545084 -3.711712 10.897079
v 1.818305 -3.408601 11.227705
v 1.645875 -3.788646 10.691262
v 1.635283 -3.764172 10.631506
v 1.775018 -3.818374 10.522216
v 1.782617 -3.844613 10.574807
v 1.899887 -3.908432 10.561844
v 1.963939 -3.938552 10.492837
v 2.111841 -4.009601 10.522672
v 2.123769 -3.737875 10.798709
v 2.186360 -3.819296 10.693141
v 2.013433 -3.423544 11.099592
v 2.113845 -3.549214 10.948693
v 1.132091 -3.236962 11.517869
v 1.263182 -3.310488 11.428523
v 1.335880 -3.484325 11.224367
v 1.471928 -3.287457 11.419845
v 1.410629 -3.627697 11.016253
v 1.683843 -3.280269 11.367701
v 1.508797 -3.714139 10.809958
v 1.494615 -3.695765 10.741606
v 1.893691 -3.287053 11.256318
v 1.636281 -3.730181 10.579333
v 1.646458 -3.685250 10.529387
v 1.785032 -3.753459 10.425519
v 1.775680 -3.786915 10.475548
v 1.882380 -3.885401 10.491532
v 1.883345 -3.857311 10.441395
v 1.946005 -3.878808 10.385530
v 1.946150 -3.909570 10.431413
v 2.061571 -4.008666 10.480342
v 2.120212 -4.075744 10.499942
v 2.174984 -3.990809 10.545084
v 2.195308 -3.664387 10.813951
v 2.262342 -3.767898 10.701820
v 2.089050 -3.293304 11.081170
v 2.193476 -3.438135 10.932722
v 1.076060 -3.333492 11.404793
v 1.204536 -3.402593 11.321249
v 1.196266 -3.115288 11.618020
v 1.332617 -3.195364 11.525039
v 1.282571 -3.543566 11.120393
v 1.543923 -3.162104 11.486632
v 1.371713 -3.637620 10.925412
v 1.354340 -3.620672 10.850101
v 1.757569 -3.149309 11.400752
v 1.493659 -3.661391 10.685227
v 1.503187 -3.616193 10.634057
v 1.962120 -3.143123 11.235470
v 1.660353 -3.637325 10.481197
v 1.676172 -3.581101 10.435742
v 1.807125 -3.656093 10.329576
v 1.796947 -3.710384 10.374655
v 1.881662 -3.827402 10.398602
v 1.879856 -3.791146 10.354381
v 1.939975 -3.809632 10.304190
v 1.942434 -3.846701 10.346884
v 2.025179 -3.990085 10.421098
v 2.071241 -4.068245 10.468696
v 2.132315 -4.155925 10.485844
v 2.134365 -4.254968 10.518053
v 2.184201 -4.068245 10.514993
v 2.248475 -3.968131 10.549915
v 2.278145 -3.575306 10.799687
v 2.347139 -3.697390 10.688582
v 1.004239 -3.175730 11.594628
v 0.878564 -3.127674 11.660993
v 1.029739 -3.400485 11.286161
v 1.152917 -3.463523 11.211458
v 1.255056 -2.977377 11.690764
v 1.399479 -3.060802 11.595335
v 1.242437 -3.562135 11.020564
v 1.222764 -3.543886 10.941592
v 1.613129 -3.027687 11.525853
v 1.352015 -3.586423 10.787331
v 1.361826 -3.540410 10.733948
v 1.821220 -2.999532 11.382430
v 1.517305 -3.564547 10.586314
v 1.535593 -3.503455 10.541341
v 1.884749 -3.747507 10.305655
v 1.893268 -3.698782 10.259272
v 1.951465 -3.724859 10.212164
v 1.942999 -3.769993 10.259645
v 2.006146 -3.954297 10.368641
v 2.001758 -3.916554 10.327806
v 2.034626 -4.038849 10.423014
v 2.082725 -4.133303 10.463777
v 2.083766 -4.199214 10.490556
v 2.094517 -4.371982 10.618282
v 2.195155 -4.176992 10.499418
v 2.193084 -4.272734 10.524519
v 2.259621 -4.064013 10.513412
v 2.333110 -3.944523 10.545225
v 0.754133 -3.091294 11.715371
v 0.951929 -3.278285 11.473475
v 0.832774 -3.232235 11.534566
v 1.062839 -3.049035 11.697979
v 0.928464 -2.999701 11.766001
v 0.991142 -3.427725 11.166552
v 1.114439 -3.488495 11.100368
v 0.973137 -3.414550 11.074272
v 1.094225 -3.473511 11.015415
v 1.307794 -2.832790 11.737769
v 1.460206 -2.921860 11.640236
v 1.221553 -3.508776 10.874774
v 1.229668 -3.463600 10.816489
v 1.671044 -2.873521 11.520219
v 1.376428 -3.488858 10.684047
v 1.394982 -3.426939 10.636810
v 2.000412 -3.879539 10.287303
v 2.003311 -3.850443 10.247528
v 2.020936 -3.988626 10.369872
v 2.020461 -3.947223 10.325336
v 2.046775 -4.107274 10.433514
v 2.045722 -4.161680 10.455329
v 2.044254 -4.311829 10.586437
v 2.154691 -4.432087 10.618551
v 2.269238 -4.191494 10.499475
v 2.267252 -4.298294 10.510341
v 2.346494 -4.046994 10.500406
v 0.715016 -3.198591 11.585270
v 0.794194 -2.964075 11.823457
v 0.911182 -3.350191 11.349686
v 0.796832 -3.309956 11.404179
v 1.112367 -2.908525 11.774010
v 0.969762 -2.859374 11.842804
v 0.971231 -3.375605 10.996408
v 1.093059 -3.437274 10.942060
v 0.867714 -3.278113 10.968639
v 1.101661 -3.394119 10.878590
v 1.350897 -2.677043 11.742834
v 1.510943 -2.767848 11.640269
v 1.243512 -3.411775 10.762589
v 1.260903 -3.350601 10.712577
v 2.011220 -3.817140 10.202847
v 2.026010 -3.779936 10.152310
v 2.018400 -3.906592 10.281851
v 2.021632 -3.881702 10.242661
v 2.024550 -4.050588 10.391141
v 2.012461 -4.005442 10.349686
v 2.004676 -4.065623 10.376315
v 2.021103 -4.108819 10.416994
v 2.006791 -4.269656 10.541594
v 2.228294 -4.474452 10.588848
v 2.355016 -4.190274 10.482317
v 2.355200 -4.313284 10.482994
v 0.340749 -3.053620 11.821094
v 0.684736 -3.276086 11.448734
v 0.826672 -2.823432 11.902184
v 0.877458 -3.380047 11.223278
v 0.768416 -3.340776 11.272994
v 0.860228 -3.364818 11.124918
v 0.754408 -3.320898 11.166935
v 1.155360 -2.761032 11.819546
v 1.004392 -2.710140 11.889458
v 0.879885 -3.223654 10.907340
v 1.114882 -3.341693 10.821543
v 0.896551 -3.161876 10.851753
v 1.132723 -3.279210 10.768461
v 2.031796 -3.852880 10.196662
v 2.049947 -3.820996 10.144491
v 2.011626 -3.973901 10.307737
v 2.019616 -3.950195 10.265352
v 2.006442 -4.024693 10.290721
v 1.998541 -4.036466 10.333889
v 1.986177 -4.215171 10.495287
v 1.978114 -4.190993 10.445383
v 1.984652 -4.568024 10.815577
v 2.322687 -4.509453 10.539552
v 0.176979 -3.062385 11.839984
v 0.326028 -3.156335 11.675704
v 0.351490 -2.927807 11.937305
v 0.660932 -3.310369 11.311616
v 0.650430 -3.287630 11.199734
v 0.853884 -2.675129 11.948944
v 0.860352 -3.325752 11.040206
v 0.753932 -3.282408 11.077404
v 0.760731 -3.233904 11.001657
v 0.655775 -3.195040 11.025763
v 1.191860 -2.605273 11.830758
v 1.037037 -2.555070 11.904366
v 2.034983 -3.919177 10.208808
v 2.058198 -3.891938 10.150919
v 2.040941 -3.965911 10.170163
v 2.018027 -3.992913 10.236464
v 1.966345 -4.156329 10.395775
v 1.965786 -4.134692 10.342505
v 1.932572 -4.480623 10.791553
v 1.899669 -4.688326 10.959850
v 2.049577 -4.639112 10.805344
v 0.172103 -3.160702 11.686829
v 0.181049 -2.936484 11.963303
v 0.316123 -3.225492 11.520166
v 0.360186 -2.786011 12.021609
v 0.649923 -3.245833 11.104109
v 0.881006 -2.520655 11.967477
v 0.772050 -3.177751 10.937140
v 0.665007 -3.137205 10.959845
v 0.786902 -3.114064 10.881742
v 0.677684 -3.073323 10.904668
v 1.968924 -4.113739 10.286431
v 1.978907 -4.094051 10.224733
v 1.887996 -4.403866 10.741186
v 1.843390 -4.590156 10.936860
v 1.796346 -4.812192 11.121493
v 1.970052 -4.776027 10.948515
v 2.125628 -4.711197 10.767269
v 0.165358 -3.223629 11.528413
v 0.184700 -2.793111 12.053275
v 0.310854 -3.246099 11.377831
v 0.305012 -3.221891 11.256504
v 0.368726 -2.640438 12.076324
v 0.305124 -3.119539 11.075782
v 1.853695 -4.352450 10.688039
v 1.830724 -4.311836 10.630451
v 1.797745 -4.503324 10.890930
v 1.738482 -4.705327 11.096798
v 1.679043 -4.949295 11.284412
v 1.870599 -4.923223 11.106793
v 2.046610 -4.862082 10.896215
v 2.214276 -4.780107 10.692252
v 0.161291 -3.240217 11.386320
v 0.161427 -3.213055 11.264391
v 0.188723 -2.646847 12.108432
v 0.303244 -3.174460 11.155480
v 0.160146 -3.111045 11.087594
v 0.377041 -2.488632 12.099833
v 0.309766 -3.059947 11.010745
v 0.314763 -2.993523 10.956687
v 1.817334 -4.309560 10.569075
v 1.811728 -4.298202 10.500203
v 1.758958 -4.440624 10.830642
v 1.721002 -4.367089 10.753926
v 1.691611 -4.608064 11.049326
v 1.615393 -4.816402 11.259138
v 1.540594 -5.078717 11.433277
v 1.745751 -5.089124 11.264400
v 1.944592 -5.039429 11.041498
v 2.125564 -4.955262 10.802677
v 0.159865 -3.165651 11.167255
v 0.191035 -2.498466 12.128578
v 0.161468 -3.049547 11.023058
v 0.164302 -2.982208 10.968968
v 1.810714 -4.297492 10.432078
v 1.819412 -4.299380 10.357486
v 1.700067 -4.389699 10.689553
v 1.689038 -4.388799 10.617907
v 1.648195 -4.523098 10.983435
v 1.599971 -4.451964 10.891555
v 1.565249 -4.700603 11.203226
v 1.478274 -4.923972 11.408298
v 1.605976 -5.245391 11.400887
v 1.814121 -5.231024 11.178259
v 2.011403 -5.155223 10.922176
v 1.686219 -4.396596 10.544730
v 1.694480 -4.412937 10.469733
v 1.560417 -4.440753 10.803750
v 1.546173 -4.473973 10.734334
v 1.521307 -4.604884 11.129931
v 1.463209 -4.538800 11.026161
v 1.423840 -4.790263 11.346111
v 1.330633 -5.021318 11.537922
v 1.391504 -5.194231 11.564574
v 1.657804 -5.410391 11.301985
v 1.861322 -5.362976 11.031420
v 1.542359 -4.497706 10.662989
v 1.548014 -4.523952 10.588513
v 1.415572 -4.539153 10.925596
v 1.392882 -4.565540 10.842505
v 1.373385 -4.691555 11.256436
v 1.315058 -4.621863 11.142038
v 1.273870 -4.875161 11.464617
v 1.446558 -5.383407 11.525454
v 1.690018 -5.550692 11.118436
v 1.387328 -4.602590 10.768532
v 1.394235 -4.643342 10.694617
v 1.261243 -4.609688 11.020459
v 1.239509 -4.664038 10.930652
v 1.220459 -4.765593 11.358992
v 0.458904 -5.564300 11.894085
v 0.432876 -5.345899 11.830919
v 1.486674 -5.568079 11.405389
v 1.234001 -4.709321 10.850376
v 1.239591 -4.755891 10.773526
v 1.118671 -4.720934 11.096256
v 1.166705 -4.716250 11.225181
v 0.408761 -5.170591 11.707993
v 0.478852 -5.807075 11.849303
v 1.507604 -5.714088 11.185598
v 1.082969 -4.814963 10.913744
v 1.091979 -4.765056 10.998776
v 0.386154 -5.039379 11.548130
v 0.484719 -6.020481 11.676608
v 1.084375 -4.867186 10.832359
v 0.367622 -5.010744 11.373830
v 0.354826 -5.041474 11.228255
v 0.478557 -6.124948 11.361846
v 0.348616 -5.096556 11.114664
v 0.343409 -5.160915 11.008139
v 0.339212 -5.231592 10.905480
v 2.279420 -4.630336 10.601125
v 2.185675 -4.581483 10.662725
v 2.111149 -4.530582 10.697711
v 2.050650 -4.463353 10.702616
v 1.999456 -4.385357 10.674179
v 1.956470 -4.332464 10.624156
v 1.932263 -4.275741 10.574736
v 1.916433 -4.248628 10.523102
v 1.907946 -4.221414 10.462488
v 1.904770 -4.207009 10.402767
v 1.906911 -4.197565 10.340904
v 1.916424 -4.185071 10.273111
v 2.389014 -4.674361 10.524846
v 2.315280 -4.847771 10.600495
v 2.216279 -5.046963 10.692671
v 2.090725 -5.267226 10.785583
v 1.939458 -5.489342 10.859573
v 1.766496 -5.692329 10.914707
v 1.582305 -5.868442 10.951957
v 0.485628 -6.247388 11.096227
v 1.993193 -3.749714 10.176516
v 1.982448 -3.791059 10.226972
v 1.977454 -3.826198 10.271645
v 1.976325 -3.860410 10.310092
v 1.979906 -3.890697 10.348247
v 1.984799 -3.924966 10.389147
v 2.002355 -3.954735 10.445222
v 2.042759 -3.974507 10.515184
v 2.095306 -3.956427 10.566826
v 2.156565 -3.923980 10.597153
v 2.227393 -3.892497 10.609791
v 2.307435 -3.857834 10.613421
v 2.398077 -3.804838 10.601023
v 1.030295 -3.147285 10.766134
v 1.010174 -3.215920 10.814410
v 0.992930 -3.277808 10.867929
v 0.979414 -3.331349 10.927828
v 2.428097 -3.903972 10.529742
v 2.442373 -4.019505 10.481562
v 2.453382 -4.299065 10.450477
v 2.448007 -4.160528 10.458860
v 2.433202 -4.535654 10.479377
v 0.250105 -6.262582 11.115098
v 0.245529 -6.147977 11.379560
v 0.248887 -6.054779 11.697890
v 0.244780 -5.843822 11.864756
v 0.235901 -5.596906 11.900462
v 0.224017 -5.379577 11.833435
v 0.213303 -5.202640 11.704705
v 0.201261 -5.075928 11.544386
v 0.189169 -5.048842 11.374524
v 0.182389 -5.074906 11.229470
v 0.178514 -5.132889 11.116510
v 0.175614 -5.197002 11.010599
v 0.173234 -5.267555 10.905500
v 0.172850 -5.341429 10.806808
v 0.792063 -5.113610 10.807027
v 0.788483 -5.051161 10.894975
v 0.790206 -4.989672 10.984413
v 0.798332 -4.930372 11.079128
v 0.817746 -4.877318 11.187754
v 0.856696 -4.854166 11.329114
v 0.906250 -4.893580 11.487844
v 0.950977 -5.016086 11.623892
v 0.999733 -5.175633 11.725844
v 1.055520 -5.378441 11.764125
v 1.092395 -5.604036 11.710740
v 1.097631 -5.813402 11.567497
v 1.112175 -5.958629 11.272820
v 1.154672 -6.140173 10.992427
v 0.942149 -5.023704 10.789223
v 0.935426 -4.966783 10.872588
v 0.936350 -4.909376 10.957422
v 0.945112 -4.853621 11.048591
v 0.968104 -4.804205 11.153419
v 1.013591 -4.788268 11.288803
v 1.067922 -4.835150 11.433493
v 1.116686 -4.952001 11.556097
v 1.169387 -5.105288 11.645070
v 1.229087 -5.293292 11.675869
v 1.278137 -5.502598 11.628089
v 1.297783 -5.705518 11.493472
v 1.312853 -5.852541 11.234684
v 1.376458 -6.021162 10.973507
v 0.931766 -6.196041 11.035262
v 0.909979 -6.032039 11.308805
v 0.913047 -5.894985 11.613733
v 0.903207 -5.684571 11.772060
v 0.868716 -5.452991 11.828309
v 0.821012 -5.243082 11.781493
v 0.777754 -5.076654 11.669651
v 0.738137 -4.946849 11.521977
v 0.695605 -4.909862 11.355711
v 0.665786 -4.935428 11.209278
v 0.650521 -4.990754 11.096859
v 0.642406 -5.053513 10.996424
v 0.640440 -5.119745 10.902411
v 0.643559 -5.189058 10.811795
v 2.452691 -4.420889 10.458054
v 2.346143 -4.411140 10.504221
v 2.253670 -4.384571 10.540412
v 2.180265 -4.347334 10.562577
v 2.120818 -4.304358 10.558825
v 2.075233 -4.256535 10.530745
v 2.034285 -4.216666 10.489180
v 2.012448 -4.170054 10.450041
v 2.001247 -4.141657 10.407708
v 1.987078 -4.095824 10.360123
v 1.988267 -4.073450 10.310674
v 1.998316 -4.053384 10.257727
v 2.016009 -4.035502 10.196092
v 2.040997 -4.003007 10.122977
v 0.711584 -6.227011 11.072252
v 0.700961 -6.087787 11.341905
v 0.709534 -5.962599 11.653782
v 0.699691 -5.750482 11.820847
v 0.671931 -5.514405 11.870845
v 0.634487 -5.299567 11.815239
v 0.599714 -5.127231 11.696723
v 0.568374 -4.995602 11.542143
v 0.537507 -4.959177 11.368824
v 0.515821 -4.986482 11.222101
v 0.505700 -5.046380 11.107701
v 0.498678 -5.111401 11.003641
v 0.495301 -5.181290 10.905437
v 0.495728 -5.255008 10.812026
v 0.456779 -2.940081 10.895480
v 0.446922 -3.011961 10.940778
v 0.440101 -3.078387 10.995082
v 0.433777 -3.139342 11.059132
v 0.429469 -3.193019 11.141976
v 0.432148 -3.236544 11.242247
v 0.439247 -3.258432 11.360352
v 0.452372 -3.231571 11.506993
v 0.467293 -3.159097 11.654451
v 0.489239 -3.054688 11.793110
v 0.510071 -2.928823 11.907974
v 0.525042 -2.789060 11.989254
v 0.539193 -2.641711 12.041855
v 0.554129 -2.489488 12.066379
v 0.579010 -2.966599 10.877390
v 0.565690 -3.038130 10.923863
v 0.555640 -3.104168 10.978327
v 0.547682 -3.163925 11.044259
v 0.544054 -3.216835 11.125676
v 0.544007 -3.261183 11.224663
v 0.552545 -3.284441 11.340298
v 0.569435 -3.250176 11.482198
v 0.594147 -3.172794 11.625461
v 0.625274 -3.067348 11.759988
v 0.656601 -2.940214 11.870153
v 0.679941 -2.800716 11.949200
v 0.700711 -2.653040 11.998178
v 0.722290 -2.499450 12.019338
v 4.422392 3.403524 8.522840
v 4.405855 3.477054 8.592028
v 3.989987 3.022033 8.964890
v 3.658058 2.940014 9.140820
v 3.471699 2.906849 9.201535
v 2.771843 2.910563 9.252593
v 2.618140 2.952046 9.226776
v 2.473000 2.997024 9.196306
v 3.103741 2.883171 9.264028
v 3.284565 2.887136 9.245186
v 2.338430 3.049056 9.159225
v 2.235848 3.107137 9.113568
v 2.052991 3.248969 9.016499
v 2.151053 3.155722 9.077293
v 4.229576 3.152651 8.790915
v 4.122756 3.082493 8.874650
v 4.193411 3.684111 8.930411
v 3.563551 3.945376 9.261525
v 2.345938 3.685583 9.215139
v 2.493096 3.762749 9.275389
v 2.657365 3.842584 9.319715
v 4.078896 3.759360 9.027186
v 2.028563 3.297768 8.999330
v 2.075465 3.505605 9.046400
v 2.046369 3.458400 9.019987
v 2.933506 2.892791 9.266556
v 2.028109 3.402814 9.002712
v 3.187369 3.984798 9.344541
v 3.750889 3.888612 9.195927
v 2.118736 3.553658 9.080220
v 2.206473 3.615471 9.139423
v 2.089249 3.200248 9.042574
v 3.837666 2.975046 9.057323
v 4.373722 3.561342 8.704866
v 3.924595 3.819626 9.124587
v 3.009619 3.947557 9.353835
v 4.314932 3.233672 8.703764
v 2.829921 3.896142 9.339894
v 4.293934 3.632709 8.825028
v 3.372082 3.988838 9.314363
v 2.023927 3.349992 9.000083
v 4.376399 3.319354 8.607465
v -4.428229 3.412409 8.523215
v -4.409568 3.497852 8.593925
v -3.994353 3.019317 8.966324
v -3.668668 2.936419 9.140149
v -3.486884 2.903658 9.200898
v -2.795341 2.908406 9.254407
v -2.642127 2.949939 9.228999
v -2.495911 2.994891 9.199018
v -3.125428 2.880351 9.264399
v -3.303238 2.884192 9.244761
v -2.359652 3.046702 9.162652
v -2.254294 3.104861 9.117558
v -2.064038 3.247740 9.020175
v -2.167293 3.153456 9.081585
v -4.232553 3.150898 8.790277
v -4.125903 3.080245 8.875667
v -4.193227 3.732944 8.931779
v -3.562304 4.003914 9.262357
v -2.362144 3.730394 9.222878
v -2.510742 3.817961 9.281623
v -2.674115 3.902960 9.321895
v -4.078101 3.814004 9.029279
v -2.035850 3.298096 9.002185
v -2.081367 3.517133 9.052083
v -2.051192 3.465572 9.024504
v -2.956856 2.890171 9.267755
v -2.032682 3.407282 9.006518
v -3.192035 4.041013 9.340822
v -3.748626 3.949315 9.198145
v -2.127098 3.573012 9.087400
v -2.219040 3.646893 9.147396
v -2.103348 3.198199 9.046667
v -3.844831 2.971676 9.057783
v -4.375317 3.589320 8.705965
v -3.922584 3.878129 9.126492
v -3.017526 4.007155 9.350480
v -4.318591 3.232289 8.701361
v -2.843219 3.957766 9.339329
v -4.294150 3.669715 8.825627
v -3.373440 4.045334 9.312815
v -2.029387 3.352264 9.002969
v -4.381532 3.321145 8.605205
v 0.000000 -5.438356 10.717968
v 0.000000 -2.823345 10.890195
v -2.036393 -3.661986 10.068771
v -0.935653 -3.018713 10.759871
v -1.930626 -3.586376 10.163831
v -1.582029 -3.357979 10.451633
v -0.331688 -2.841632 10.873544
v -2.075063 -3.703974 10.039671
v -2.110466 -3.910384 10.033856
v -1.956456 -4.163808 10.130028
v -0.340705 -5.388029 10.717973
v -1.988689 -3.625743 10.111169
v -0.823941 -2.968932 10.790651
v -1.846750 -3.530989 10.235597
v -1.720210 -3.444271 10.342008
v -1.439911 -3.278463 10.547075
v -2.121321 -3.829113 10.023941
v -2.027932 -4.048796 10.081388
v -1.267916 -4.853156 10.618231
v -1.585739 -4.586536 10.433135
v -1.108257 -4.975666 10.671708
v -1.428091 -4.723389 10.540990
v -1.734306 -4.449925 10.311827
v -0.710306 -2.926047 10.816288
v -1.172364 -3.135310 10.678503
v -0.174175 -2.828604 10.884656
v -1.302096 -3.204896 10.622612
v -2.109259 -3.758268 10.028463
v -1.858917 -4.303589 10.201234
v -1.050789 -3.073692 10.723066
v -0.174711 -5.424849 10.716443
v -0.801677 -5.180029 10.720806
v -0.953329 -5.084538 10.705680
v -0.651942 -5.263906 10.724696
v -2.078537 -3.975615 10.049654
v -0.500196 -5.334585 10.723038
v -0.468557 -2.861780 10.858120
v -0.593270 -2.890137 10.838895
v 2.035624 -3.663414 10.069412
v 0.937134 -3.016251 10.758281
v 1.927583 -3.591836 10.166290
v 1.578933 -3.363523 10.454291
v 0.331913 -2.841652 10.872820
v 2.075063 -3.703974 10.039671
v 2.110466 -3.910384 10.033856
v 1.956456 -4.163808 10.130028
v 0.340705 -5.388029 10.717973
v 1.987923 -3.627137 10.111829
v 0.825171 -2.967086 10.789147
v 1.843057 -3.537540 10.238497
v 1.716788 -3.450341 10.344815
v 1.439367 -3.279464 10.547523
v 2.121321 -3.829113 10.023941
v 2.027932 -4.048796 10.081388
v 1.267916 -4.853156 10.618231
v 1.585739 -4.586536 10.433135
v 1.108257 -4.975666 10.671708
v 1.428091 -4.723389 10.540990
v 1.734306 -4.449925 10.311827
v 0.711308 -2.924776 10.814987
v 1.173573 -3.133062 10.677322
v 0.174215 -2.828663 10.884386
v 1.303031 -3.203143 10.621778
v 2.109259 -3.758268 10.028463
v 1.858917 -4.303589 10.201234
v 1.051825 -3.071827 10.722054
v 0.174711 -5.424849 10.716443
v 0.801677 -5.180029 10.720806
v 0.953329 -5.084538 10.705680
v 0.651942 -5.263906 10.724696
v 2.078537 -3.975615 10.049654
v 0.500196 -5.334585 10.723038
v 0.469121 -2.861480 10.856900
v 0.594048 -2.889395 10.837634
vn -0.1446 -0.9894 0.0096
vn -0.1481 -0.9889 0.0143
vn -0.2317 -0.9728 0.0056
vn -0.2376 -0.9713 -0.0038
vn -0.6068 0.3140 0.7302
vn -0.5880 0.3590 0.7249
vn -0.3755 0.1065 0.9207
vn -0.3779 0.0568 0.9241
vn -0.4176 0.1433 0.8973
vn -0.4144 0.1925 0.8895
vn -0.3860 0.0640 0.9203
vn -0.3875 0.0179 0.9217
vn -0.2948 0.1030 0.9500
vn -0.2897 0.1559 0.9443
vn -0.4682 0.0274 0.8832
vn -0.4918 0.0276 0.8703
vn -0.3899 0.0977 0.9157
vn -0.4001 0.0981 0.9112
vn -0.3896 0.1033 0.9152
vn -0.3963 0.1024 0.9124
vn -0.3125 0.0606 0.9480
vn -0.3078 0.1150 0.9445
vn -0.3074 0.1831 0.9338
vn -0.3037 0.1834 0.9349
vn -0.4445 0.0433 0.8947
vn -0.4600 0.0406 0.8870
vn -0.7011 0.1043 0.7054
vn -0.6798 0.0632 0.7307
vn -0.7443 -0.1179 0.6574
vn -0.7664 -0.2157 0.6051
vn -0.7690 -0.1764 0.6145
vn -0.7868 -0.2563 0.5615
vn -0.7869 -0.2555 0.5618
vn -0.8107 -0.1793 0.5574
vn -0.8484 -0.2171 0.4828
vn -0.8388 -0.2039 0.5048
vn -0.7451 -0.0619 0.6641
vn -0.7214 -0.1215 0.6817
vn -0.6871 -0.1062 0.7188
vn -0.6621 -0.1500 0.7342
vn -0.6604 0.1564 0.7344
vn -0.6779 0.1876 0.7108
vn -0.8577 -0.1950 0.4757
vn -0.8444 -0.1841 0.5032
vn -0.7866 -0.2874 0.5465
vn -0.7844 -0.2859 0.5505
vn -0.7847 -0.2897 0.5480
vn -0.7797 -0.2836 0.5583
vn -0.6590 -0.3868 0.6450
vn -0.6941 -0.3301 0.6397
vn -0.6507 -0.3079 0.6941
vn -0.6618 -0.3748 0.6493
vn -0.7201 -0.3181 0.6166
vn -0.7068 -0.2507 0.6615
vn -0.6993 -0.3012 0.6483
vn -0.6794 -0.1923 0.7082
vn -0.6314 -0.2725 0.7260
vn -0.6415 -0.3473 0.6840
vn -0.6549 -0.1463 0.7414
vn -0.6215 -0.1892 0.7603
vn -0.5821 -0.3744 0.7218
vn -0.6189 -0.3353 0.7103
vn -0.6290 -0.1946 0.7527
vn -0.6025 -0.2224 0.7665
vn -0.7209 -0.3422 0.6026
vn -0.7246 -0.3461 0.5959
vn -0.7252 -0.3546 0.5902
vn -0.7259 -0.3524 0.5906
vn -0.6855 -0.3744 0.6244
vn -0.6800 -0.3865 0.6231
vn -0.6216 -0.4118 0.6664
vn -0.6433 -0.3844 0.6622
vn -0.7184 -0.3478 0.6025
vn -0.7221 -0.3336 0.6060
vn -0.7724 -0.2677 0.5759
vn -0.7774 -0.2681 0.5690
vn -0.7179 -0.3464 0.6039
vn -0.6938 -0.3514 0.6286
vn -0.7784 -0.2713 0.5661
vn -0.7839 -0.2728 0.5578
vn -0.8529 -0.1698 0.4937
vn -0.8528 -0.1706 0.4936
vn -0.6614 -0.4047 0.6315
vn -0.6657 -0.3890 0.6368
vn -0.6537 -0.3918 0.6475
vn -0.6497 -0.4096 0.6405
vn -0.8534 -0.1419 0.5016
vn -0.8439 -0.1393 0.5181
vn -0.2205 0.1190 0.9681
vn -0.2227 0.1022 0.9695
vn -0.3651 -0.0821 0.9273
vn -0.3655 0.1044 0.9249
vn -0.2331 0.2506 0.9396
vn -0.2383 0.2069 0.9489
vn -0.6447 -0.0692 0.7613
vn -0.5969 0.1352 0.7909
vn -0.5680 -0.0605 0.8208
vn -0.6484 0.0322 0.7606
vn -0.6071 0.0402 0.7936
vn -0.6450 0.0737 0.7607
vn -0.5722 0.0909 0.8151
vn -0.6545 0.1855 0.7329
vn -0.6234 0.1894 0.7586
vn -0.6378 0.2063 0.7421
vn -0.4036 -0.0270 0.9145
vn -0.4095 0.1300 0.9030
vn -0.4742 0.0574 0.8785
vn -0.6548 0.0345 0.7550
vn -0.2891 0.0405 0.9564
vn -0.2861 0.0931 0.9537
vn -0.1792 0.1608 0.9706
vn -0.1873 0.0892 0.9782
vn -0.3340 0.1922 0.9228
vn -0.3300 0.2351 0.9142
vn -0.7961 -0.0208 0.6047
vn -0.7956 -0.0161 0.6056
vn -0.6733 0.1116 0.7309
vn -0.6792 0.0916 0.7282
vn -0.4282 0.1272 0.8947
vn -0.4729 0.0391 0.8803
vn -0.6069 -0.0598 0.7925
vn -0.6103 -0.0770 0.7884
vn -0.7200 -0.1788 0.6705
vn -0.7199 -0.1729 0.6722
vn -0.8214 -0.0644 0.5667
vn -0.8213 -0.0619 0.5671
vn -0.7588 -0.2429 0.6043
vn -0.7595 -0.2365 0.6061
vn -0.8386 -0.1012 0.5353
vn -0.8386 -0.1014 0.5353
vn -0.3359 0.2177 0.9164
vn -0.2877 0.2201 0.9321
vn -0.3945 0.2329 0.8889
vn -0.3158 0.2363 0.9189
vn -0.4840 0.2397 0.8416
vn -0.3825 0.2446 0.8910
vn -0.5603 0.4504 0.6951
vn -0.5850 0.4679 0.6624
vn -0.5547 0.4981 0.6665
vn -0.5352 0.4846 0.6919
vn -0.6193 0.4286 0.6579
vn -0.5752 0.3965 0.7155
vn -0.6851 -0.3428 0.6428
vn -0.6860 -0.3380 0.6444
vn -0.6684 -0.3357 0.6638
vn -0.6705 -0.3209 0.6689
vn -0.6108 -0.4041 0.6809
vn -0.6136 -0.3916 0.6857
vn -0.5851 -0.3767 0.7181
vn -0.5847 -0.3791 0.7172
vn -0.6403 -0.3048 0.7051
vn -0.6409 -0.2977 0.7075
vn -0.5245 -0.2136 0.8242
vn -0.5264 -0.2327 0.8178
vn -0.4670 -0.2955 0.8334
vn -0.4673 -0.3175 0.8251
vn -0.6319 -0.4114 0.6568
vn -0.6360 -0.3938 0.6636
vn -0.5981 -0.4096 0.6888
vn -0.6336 -0.3682 0.6804
vn -0.6653 -0.3880 0.6379
vn -0.6866 -0.3920 0.6122
vn -0.5782 0.2568 0.7744
vn -0.4610 0.2639 0.8473
vn -0.7463 -0.2153 0.6298
vn -0.7447 -0.2155 0.6317
vn -0.3766 0.0354 0.9257
vn -0.4120 -0.0262 0.9108
vn -0.2488 -0.4898 0.8355
vn -0.2358 -0.4483 0.8622
vn -0.2278 -0.6378 0.7357
vn -0.2177 -0.5551 0.8028
vn -0.1542 -0.5795 0.8002
vn -0.1893 -0.6243 0.7579
vn -0.2307 -0.4214 0.8771
vn -0.2651 -0.4748 0.8392
vn -0.2639 -0.2864 0.9211
vn -0.3042 -0.3771 0.8748
vn -0.1544 -0.4172 0.8956
vn -0.2098 -0.5295 0.8220
vn -0.3592 -0.0487 0.9320
vn -0.4062 -0.1497 0.9015
vn -0.3511 0.3184 0.8806
vn -0.2184 0.3077 0.9261
vn -0.2231 0.3031 0.9265
vn -0.2092 0.2366 0.9488
vn -0.5821 0.2129 0.7848
vn -0.5940 0.1996 0.7793
vn -0.4635 -0.0539 0.8845
vn -0.3452 0.0245 0.9382
vn -0.0151 -0.2762 0.9610
vn -0.0982 -0.3465 0.9329
vn -0.4720 0.4207 0.7747
vn -0.5140 0.4528 0.7286
vn -0.1614 0.3331 0.9290
vn -0.2248 0.3785 0.8979
vn -0.0399 0.5244 0.8505
vn 0.0238 0.5805 0.8139
vn -0.3630 0.5766 0.7320
vn -0.3714 0.5697 0.7331
vn 0.0112 0.2524 0.9676
vn -0.0322 0.2862 0.9576
vn -0.5271 0.4833 0.6990
vn -0.5538 0.5118 0.6568
vn -0.5150 0.5225 0.6796
vn -0.5023 0.5141 0.6952
vn -0.4518 0.5399 0.7102
vn -0.4641 0.5475 0.6964
vn -0.5087 0.4540 0.7315
vn -0.5395 0.4806 0.6913
vn -0.5198 0.5183 0.6791
vn -0.5245 0.5245 0.6707
vn -0.4245 -0.7091 0.5631
vn -0.4349 -0.6040 0.6679
vn -0.3106 -0.1732 0.9346
vn -0.3544 -0.2529 0.9002
vn -0.1677 -0.6204 0.7661
vn -0.1918 -0.6499 0.7354
vn -0.3922 -0.0172 0.9197
vn -0.3621 -0.0391 0.9313
vn -0.3043 -0.2769 0.9114
vn -0.3465 -0.2499 0.9041
vn -0.2707 -0.4760 0.8367
vn -0.2296 -0.5003 0.8349
vn -0.7416 -0.3949 0.5422
vn -0.7296 -0.2730 0.6270
vn -0.7632 -0.1819 0.6201
vn -0.7803 -0.2934 0.5523
vn -0.6539 -0.1459 0.7424
vn -0.7174 -0.0682 0.6933
vn -0.2253 -0.1803 0.9575
vn -0.1400 -0.2704 0.9525
vn 0.0150 0.2523 0.9675
vn 0.0087 0.2472 0.9689
vn 0.1256 0.4573 0.8804
vn 0.1828 0.4164 0.8906
vn 0.0587 0.4205 0.9054
vn 0.0739 0.4081 0.9099
vn -0.7373 0.0276 0.6750
vn -0.7366 -0.0714 0.6725
vn -0.7410 0.1090 0.6626
vn -0.7236 0.1864 0.6645
vn -0.7447 0.0196 0.6672
vn -0.7346 0.1146 0.6687
vn -0.6914 -0.1492 0.7069
vn -0.7030 -0.0278 0.7106
vn -0.6014 -0.1412 0.7864
vn -0.6920 -0.1503 0.7061
vn -0.5308 -0.2983 0.7932
vn -0.5530 -0.2165 0.8045
vn -0.6975 0.2564 0.6691
vn -0.7219 0.1876 0.6661
vn -0.6184 0.3394 0.7088
vn -0.6377 0.3502 0.6860
vn -0.6607 0.2781 0.6973
vn -0.6977 0.2981 0.6515
vn -0.5224 0.3618 0.7721
vn -0.5487 0.3785 0.7454
vn -0.4606 -0.1939 0.8662
vn -0.4741 -0.1583 0.8661
vn -0.4978 -0.0342 0.8666
vn -0.4627 -0.1240 0.8778
vn -0.6611 0.1181 0.7409
vn -0.6447 0.2042 0.7366
vn -0.6571 0.1225 0.7437
vn -0.6616 0.0373 0.7490
vn -0.3455 0.3829 0.8567
vn -0.3730 0.3523 0.8583
vn -0.5120 -0.1176 0.8509
vn -0.4967 -0.1539 0.8542
vn -0.6721 0.0225 0.7401
vn -0.6236 0.0344 0.7810
vn -0.6538 -0.0133 0.7565
vn -0.6293 -0.0041 0.7772
vn -0.6531 -0.0906 0.7518
vn -0.6194 -0.0677 0.7822
vn -0.5955 0.0158 0.8032
vn -0.5376 -0.0087 0.8431
vn -0.5784 -0.0452 0.8145
vn -0.6300 -0.0315 0.7759
vn -0.6087 -0.0954 0.7877
vn -0.5990 -0.1297 0.7901
vn -0.5747 -0.1409 0.8062
vn -0.5926 -0.0982 0.7995
vn -0.5904 -0.1196 0.7982
vn -0.6409 -0.1082 0.7600
vn -0.6207 -0.0477 0.7826
vn -0.5924 -0.0643 0.8030
vn -0.6781 -0.0394 0.7339
vn -0.6817 -0.0191 0.7314
vn -0.5737 -0.2210 0.7887
vn -0.6102 -0.2129 0.7631
vn -0.6335 -0.1072 0.7663
vn -0.6162 -0.0662 0.7848
vn -0.6914 -0.0253 0.7221
vn -0.6958 -0.0119 0.7182
vn -0.6987 -0.0178 0.7152
vn -0.6973 -0.0209 0.7164
vn -0.6646 -0.0739 0.7435
vn -0.6428 -0.0562 0.7640
vn -0.6292 -0.0888 0.7721
vn -0.6619 -0.1190 0.7401
vn -0.5382 -0.3083 0.7844
vn -0.5473 -0.3066 0.7788
vn -0.6307 -0.1698 0.7573
vn -0.6214 -0.1384 0.7712
vn -0.6514 -0.0863 0.7538
vn -0.6356 -0.0968 0.7659
vn -0.6419 -0.1293 0.7558
vn -0.6610 -0.1196 0.7408
vn -0.6768 -0.0946 0.7300
vn -0.6957 -0.0488 0.7166
vn -0.6769 -0.0539 0.7341
vn -0.6873 -0.0264 0.7259
vn -0.6989 -0.0206 0.7149
vn -0.6891 -0.0410 0.7235
vn -0.7233 -0.0365 0.6896
vn -0.6988 -0.0859 0.7102
vn -0.6191 -0.0912 0.7800
vn -0.6490 -0.0937 0.7550
vn -0.4813 -0.3734 0.7930
vn -0.4727 -0.3744 0.7977
vn -0.5951 -0.2391 0.7673
vn -0.5943 -0.2343 0.7694
vn -0.6392 -0.1829 0.7469
vn -0.6485 -0.1792 0.7398
vn -0.5397 -0.2830 0.7928
vn -0.5410 -0.3103 0.7817
vn -0.5067 -0.3183 0.8012
vn -0.4257 -0.3276 0.8435
vn -0.6196 -0.2365 0.7484
vn -0.6008 -0.2424 0.7618
vn -0.5875 -0.2621 0.7656
vn -0.5272 -0.2747 0.8041
vn -0.7248 -0.0975 0.6820
vn -0.7483 -0.0586 0.6608
vn -0.7507 -0.1315 0.6475
vn -0.7681 -0.1656 0.6186
vn -0.7764 0.2232 0.5894
vn -0.7813 0.2315 0.5797
vn -0.7817 0.2208 0.5832
vn -0.7895 0.1976 0.5810
vn -0.7696 -0.1380 0.6234
vn -0.7882 -0.1816 0.5881
vn -0.8061 -0.2315 0.5447
vn -0.7909 -0.1936 0.5804
vn -0.7860 0.1603 0.5971
vn -0.7794 0.1760 0.6014
vn -0.8144 -0.2491 0.5241
vn -0.8069 -0.2260 0.5458
vn -0.7922 0.1002 0.6020
vn -0.7999 0.1251 0.5870
vn -0.8317 -0.2526 0.4944
vn -0.8251 -0.2327 0.5148
vn -0.8878 -0.2707 0.3723
vn -0.8876 -0.2695 0.3736
vn -0.8412 -0.0039 0.5407
vn -0.8609 -0.0568 0.5056
vn -0.8416 -0.0081 0.5401
vn -0.8250 0.0357 0.5640
vn -0.8274 -0.3160 0.4644
vn -0.8234 -0.2841 0.4912
vn -0.8802 -0.3001 0.3677
vn -0.8814 -0.3093 0.3571
vn -0.8372 -0.2708 0.4751
vn -0.8319 -0.2518 0.4946
vn -0.9290 -0.2821 0.2397
vn -0.9339 -0.2740 0.2296
vn -0.8634 0.1415 0.4843
vn -0.8633 0.1415 0.4844
vn -0.9394 0.0997 0.3281
vn -0.9438 0.0879 0.3187
vn -0.8909 -0.0351 0.4529
vn -0.8835 -0.0841 0.4608
vn -0.8624 -0.0867 0.4988
vn -0.8762 -0.0095 0.4819
vn -0.9166 -0.3244 0.2336
vn -0.9167 -0.3211 0.2378
vn -0.9452 -0.2802 0.1676
vn -0.9504 -0.2702 0.1543
vn -0.9691 0.0705 0.2364
vn -0.9754 0.0467 0.2154
vn -0.9318 0.1251 0.3408
vn -0.9380 0.1105 0.3284
vn -0.8705 0.1218 0.4768
vn -0.8641 0.1357 0.4846
vn -0.9312 -0.0396 0.3624
vn -0.9154 -0.0216 0.4020
vn -0.8267 -0.4381 0.3530
vn -0.8313 -0.3651 0.4190
vn -0.9306 -0.3288 0.1609
vn -0.9312 -0.3233 0.1683
vn -0.9693 0.0685 0.2362
vn -0.9603 0.0961 0.2618
vn -0.9799 0.0472 0.1937
vn -0.9851 0.0223 0.1703
vn -0.9236 0.1328 0.3596
vn -0.9269 0.1272 0.3532
vn -0.8897 0.0936 0.4468
vn -0.9053 0.0638 0.4200
vn -0.8877 0.1054 0.4481
vn -0.8827 0.0747 0.4640
vn -0.9260 0.1317 0.3538
vn -0.9287 0.1267 0.3486
vn -0.9270 0.0327 0.3736
vn -0.9258 0.0571 0.3736
vn -0.9263 -0.0154 0.3764
vn -0.9262 0.0354 0.3753
vn -0.9726 0.0695 0.2220
vn -0.9803 0.0402 0.1931
vn -0.9412 0.1268 0.3132
vn -0.9495 0.1106 0.2937
vn -0.9500 0.1072 0.2932
vn -0.9509 0.1241 0.2836
vn -0.9876 0.0231 0.1552
vn -0.9928 -0.0131 0.1193
vn -0.9306 0.0965 0.3530
vn -0.9293 0.0984 0.3560
vn -0.9152 0.0477 0.4002
vn -0.9258 0.0292 0.3768
vn -0.9042 0.0702 0.4212
vn -0.9146 0.0510 0.4010
vn -0.9255 0.1213 0.3588
vn -0.9262 0.1201 0.3573
vn -0.7913 -0.2582 0.5542
vn -0.7633 -0.2726 0.5856
vn -0.7123 -0.6961 0.0898
vn -0.7506 -0.6394 0.1665
vn -0.9593 0.0843 0.2694
vn -0.9608 0.1150 0.2522
vn -0.9492 0.1103 0.2949
vn -0.9585 0.0906 0.2704
vn -0.9819 0.0409 0.1852
vn -0.9880 0.0109 0.1539
vn -0.9412 0.0926 0.3249
vn -0.9396 0.0646 0.3362
vn -0.9380 0.1095 0.3288
vn -0.9472 0.0935 0.3068
vn -0.9307 0.0556 0.3615
vn -0.9359 0.0504 0.3487
vn -0.9312 0.0529 0.3606
vn -0.9362 0.0486 0.3482
vn -0.9042 0.1309 0.4066
vn -0.9050 0.1255 0.4064
vn -0.9207 0.0722 0.3835
vn -0.9187 0.0925 0.3840
vn -0.9578 0.0898 0.2731
vn -0.9678 0.0665 0.2426
vn -0.9488 0.0777 0.3063
vn -0.9467 0.0463 0.3187
vn -0.9463 0.0924 0.3098
vn -0.9544 0.0774 0.2884
vn -0.9314 0.0274 0.3629
vn -0.9346 0.0247 0.3547
vn -0.9305 0.0465 0.3633
vn -0.9272 0.0480 0.3716
vn -0.9272 0.0809 0.3657
vn -0.9257 0.0817 0.3693
vn -0.9305 0.0715 0.3593
vn -0.9299 0.0719 0.3607
vn -0.9296 0.0500 0.3651
vn -0.9322 0.0484 0.3586
vn -0.8880 0.1667 0.4285
vn -0.8890 0.1619 0.4283
vn -0.1465 -0.9842 -0.0991
vn -0.1486 -0.9841 -0.0969
vn -0.2272 -0.9692 -0.0952
vn -0.2264 -0.9695 -0.0942
vn -0.7800 -0.2282 0.5827
vn -0.7646 -0.2374 0.5992
vn -0.8357 -0.3555 0.4185
vn -0.8324 -0.3031 0.4640
vn -0.9527 0.0752 0.2944
vn -0.9623 0.0561 0.2663
vn -0.9574 0.0392 0.2860
vn -0.9503 0.0516 0.3072
vn -0.9338 0.0230 0.3571
vn -0.9409 0.0168 0.3382
vn -0.9272 0.0281 0.3735
vn -0.9267 0.0137 0.3756
vn -0.9282 0.0236 0.3712
vn -0.9327 0.0208 0.3600
vn -0.7904 0.2724 0.5486
vn -0.7773 0.3083 0.5484
vn -0.8620 0.2110 0.4610
vn -0.8614 0.2131 0.4610
vn -0.1414 -0.9851 -0.0976
vn -0.1455 -0.9850 -0.0928
vn -0.9403 0.0155 0.3400
vn -0.9453 0.0111 0.3260
vn -0.9297 0.0215 0.3676
vn -0.9291 0.0074 0.3698
vn -0.9308 0.0163 0.3651
vn -0.9356 0.0133 0.3529
vn -0.9087 0.0650 0.4123
vn -0.9165 0.0639 0.3950
vn -0.9064 0.1184 0.4054
vn -0.9044 0.1348 0.4049
vn -0.9189 0.1018 0.3811
vn -0.9173 0.1024 0.3848
vn -0.9201 0.0523 0.3881
vn -0.9265 0.0505 0.3729
vn -0.6626 0.3570 0.6585
vn -0.6406 0.3486 0.6842
vn -0.7321 0.3371 0.5919
vn -0.7475 0.3004 0.5925
vn -0.9363 0.0167 0.3507
vn -0.9333 0.0181 0.3588
vn -0.9365 0.0156 0.3502
vn -0.9407 0.0129 0.3389
vn -0.9153 0.0265 0.4020
vn -0.9151 0.0415 0.4011
vn -0.9220 0.0166 0.3868
vn -0.9263 0.0154 0.3765
vn -0.8955 0.0781 0.4381
vn -0.9041 0.0779 0.4202
vn -0.8892 0.1563 0.4300
vn -0.8876 0.1563 0.4333
vn -0.4332 0.3158 0.8441
vn -0.4729 0.2550 0.8434
vn -0.5089 0.3699 0.7773
vn -0.5505 0.2997 0.7792
vn -0.4206 0.1639 0.8923
vn -0.3904 0.1396 0.9100
vn -0.4097 0.2103 0.8877
vn -0.4461 0.1520 0.8820
vn -0.3959 0.1373 0.9080
vn -0.3663 0.1098 0.9240
vn -0.3299 0.3107 0.8914
vn -0.3241 0.3181 0.8910
vn -0.3162 0.3408 0.8854
vn -0.3090 0.3494 0.8845
vn -0.9265 0.0160 0.3759
vn -0.9272 0.0158 0.3743
vn -0.9199 0.0299 0.3911
vn -0.9197 0.0410 0.3904
vn -0.9046 0.0576 0.4223
vn -0.9052 0.0575 0.4212
vn -0.8759 0.1012 0.4717
vn -0.8855 0.1018 0.4534
vn -0.8320 0.1460 0.5352
vn -0.8424 0.1479 0.5181
vn -0.8200 0.2131 0.5312
vn -0.8082 0.2543 0.5312
vn -0.8708 0.1772 0.4586
vn -0.8671 0.1944 0.4586
vn -0.4422 0.2704 0.8552
vn -0.4138 0.2459 0.8765
vn -0.4175 0.2443 0.8752
vn -0.3881 0.2144 0.8963
vn -0.2573 0.3324 0.9074
vn -0.2702 0.3177 0.9089
vn -0.2385 0.3632 0.9007
vn -0.2537 0.3463 0.9032
vn -0.3629 0.2851 0.8871
vn -0.3426 0.3107 0.8866
vn -0.9329 0.0330 0.3585
vn -0.9296 0.0341 0.3671
vn -0.9272 0.0529 0.3708
vn -0.9272 0.0550 0.3706
vn -0.9069 0.0641 0.4165
vn -0.9090 0.0639 0.4120
vn -0.8921 0.0758 0.4455
vn -0.8904 0.0936 0.4455
vn -0.8539 0.1323 0.5034
vn -0.8498 0.1531 0.5044
vn -0.8162 0.1708 0.5520
vn -0.8043 0.1677 0.5701
vn -0.7257 0.2070 0.6562
vn -0.7459 0.2147 0.6305
vn -0.6949 0.3115 0.6482
vn -0.6792 0.3039 0.6680
vn -0.7798 0.2667 0.5663
vn -0.7618 0.2612 0.5928
vn -0.1481 0.3319 0.9316
vn -0.1374 0.3421 0.9296
vn -0.0643 0.3279 0.9425
vn -0.0572 0.3209 0.9454
vn -0.0383 0.3315 0.9427
vn -0.0220 0.3145 0.9490
vn -0.1192 0.3450 0.9310
vn -0.0985 0.3646 0.9260
vn -0.2742 0.3106 0.9101
vn -0.2872 0.2958 0.9111
vn -0.3758 0.3196 0.8699
vn -0.3530 0.3475 0.8687
vn -0.9189 0.0793 0.3864
vn -0.9130 0.0799 0.4001
vn -0.8962 0.0894 0.4346
vn -0.8959 0.0926 0.4346
vn -0.8589 0.1477 0.4904
vn -0.8573 0.1557 0.4907
vn -0.8249 0.1794 0.5360
vn -0.8300 0.1586 0.5347
vn -0.7606 0.2169 0.6119
vn -0.7776 0.2217 0.5883
vn -0.6282 0.2529 0.7358
vn -0.6158 0.2456 0.7487
vn -0.5629 0.2700 0.7811
vn -0.5539 0.2640 0.7896
vn -0.5225 0.3400 0.7819
vn -0.4991 0.3214 0.8047
vn -0.5805 0.3450 0.7376
vn -0.5678 0.3353 0.7518
vn -0.0315 0.3227 0.9460
vn -0.0380 0.3172 0.9476
vn -0.0145 0.3150 0.9490
vn -0.0245 0.3066 0.9515
vn -0.1691 0.3072 0.9365
vn -0.1592 0.3167 0.9351
vn -0.0830 0.3100 0.9471
vn -0.0934 0.3012 0.9490
vn -0.2784 0.3463 0.8959
vn -0.3011 0.3211 0.8979
vn -0.3854 0.3759 0.8427
vn -0.3613 0.4039 0.8404
vn -0.9020 0.1004 0.4199
vn -0.9008 0.1115 0.4197
vn -0.8643 0.1728 0.4724
vn -0.8629 0.1792 0.4725
vn -0.8334 0.1902 0.5189
vn -0.8380 0.1718 0.5179
vn -0.7776 0.2214 0.5885
vn -0.7930 0.2255 0.5659
vn -0.6443 0.2845 0.7099
vn -0.6611 0.2463 0.7087
vn -0.5760 0.2871 0.7654
vn -0.5927 0.2559 0.7637
vn -0.5205 0.2727 0.8091
vn -0.5298 0.2796 0.8007
vn -0.4926 0.3249 0.8073
vn -0.4713 0.3064 0.8271
vn -0.4849 0.2833 0.8274
vn -0.4916 0.2891 0.8214
vn -0.4620 0.3110 0.8306
vn -0.4412 0.2901 0.8492
vn -0.0492 0.3045 0.9513
vn -0.0535 0.3009 0.9521
vn -0.1761 0.3263 0.9287
vn -0.1632 0.3383 0.9268
vn -0.0892 0.3263 0.9410
vn -0.1008 0.3166 0.9432
vn -0.2866 0.4023 0.8695
vn -0.3091 0.3784 0.8725
vn -0.8459 0.2035 0.4930
vn -0.8410 0.2031 0.5015
vn -0.7936 0.2382 0.5598
vn -0.8051 0.2412 0.5419
vn -0.6608 0.2973 0.6892
vn -0.6806 0.2522 0.6879
vn -0.5907 0.2946 0.7512
vn -0.6120 0.2546 0.7488
vn -0.5403 0.2657 0.7984
vn -0.5582 0.2788 0.7814
vn -0.5048 0.2675 0.8207
vn -0.5180 0.2786 0.8087
vn -0.0510 0.3200 0.9460
vn -0.0577 0.3145 0.9475
vn -0.1843 0.3702 0.9105
vn -0.1645 0.3881 0.9068
vn -0.1053 0.3667 0.9244
vn -0.0942 0.3569 0.9294
vn -0.6340 0.2989 0.7132
vn -0.6108 0.2838 0.7391
vn -0.6965 0.2954 0.6539
vn -0.6805 0.2863 0.6745
vn -0.5592 0.2648 0.7856
vn -0.5772 0.2779 0.7679
vn -0.5195 0.2629 0.8130
vn -0.5371 0.2777 0.7965
vn -0.0524 0.3596 0.9317
vn -0.0642 0.3501 0.9345
vn -0.7854 -0.5554 0.2732
vn -0.8071 -0.4723 0.3543
vn -0.5771 0.2786 0.7677
vn -0.5968 0.2930 0.7469
vn -0.5373 0.2753 0.7972
vn -0.5559 0.2908 0.7787
vn -0.7514 -0.3438 0.5632
vn -0.7930 -0.3256 0.5149
vn -0.5452 -0.0448 0.8371
vn -0.5411 -0.0962 0.8355
vn -0.5658 0.1382 0.8129
vn -0.5910 0.1468 0.7932
vn -0.5083 -0.0332 0.8605
vn -0.5324 -0.0252 0.8461
vn -0.4528 -0.2067 0.8673
vn -0.4168 -0.2200 0.8820
vn -0.3438 -0.2852 0.8947
vn -0.3575 -0.3594 0.8620
vn -0.2659 -0.5076 0.8195
vn -0.2667 -0.5088 0.8185
vn -0.3090 -0.2888 0.9061
vn -0.3191 -0.2816 0.9049
vn -0.3350 -0.0292 0.9418
vn -0.3705 -0.0840 0.9250
vn -0.7241 0.0568 0.6874
vn -0.7202 0.0734 0.6899
vn -0.6524 -0.1084 0.7501
vn -0.6490 -0.0838 0.7562
vn -0.5640 -0.2504 0.7869
vn -0.5635 -0.2355 0.7919
vn -0.5094 -0.3258 0.7965
vn -0.5099 -0.3133 0.8011
vn -0.2305 -0.7663 0.5997
vn -0.2394 -0.6995 0.6734
vn -0.7049 0.2783 0.6524
vn -0.7026 0.2844 0.6523
vn -0.7043 0.2913 0.6474
vn -0.7044 0.2915 0.6472
vn -0.7420 0.1469 0.6541
vn -0.7242 0.1930 0.6621
vn -0.7632 0.0681 0.6425
vn -0.7441 0.1216 0.6569
vn -0.8069 -0.0808 0.5851
vn -0.7830 -0.0010 0.6220
vn -0.8264 -0.1285 0.5482
vn -0.8065 -0.0588 0.5883
vn -0.8631 -0.0944 0.4961
vn -0.8479 -0.1678 0.5030
vn -0.8260 -0.0946 0.5557
vn -0.8478 -0.1701 0.5022
vn 0.0702 0.5479 0.8336
vn 0.0727 0.5458 0.8348
vn 0.1680 0.5354 0.8277
vn 0.1593 0.5422 0.8250
vn 0.0262 0.5755 0.8174
vn 0.0745 0.6586 0.7488
vn -0.4498 0.3845 0.8062
vn -0.4787 0.3488 0.8057
vn -0.5854 0.3736 0.7195
vn -0.5936 0.3610 0.7192
vn -0.5729 -0.1008 0.8134
vn -0.6102 -0.1192 0.7832
vn -0.6084 -0.1145 0.7853
vn -0.6453 -0.1387 0.7512
vn -0.5449 -0.0362 0.8377
vn -0.5810 -0.0370 0.8130
vn -0.9086 -0.2303 0.3485
vn -0.9047 -0.2077 0.3721
vn -0.8162 -0.2245 0.5324
vn -0.8107 -0.2107 0.5463
vn -0.9000 -0.2342 0.3676
vn -0.8928 -0.2453 0.3778
vn -0.9537 -0.2059 0.2191
vn -0.9531 -0.1924 0.2338
vn -0.9686 -0.2027 0.1438
vn -0.9689 -0.1937 0.1540
vn -0.9619 -0.2296 0.1483
vn -0.9580 -0.2387 0.1592
vn -0.9458 -0.2314 0.2277
vn -0.9423 -0.2381 0.2353
vn -0.9402 -0.3311 0.0798
vn -0.9418 -0.3239 0.0900
vn -0.9591 -0.2693 0.0867
vn -0.9577 -0.2779 0.0754
vn -0.9714 -0.2273 0.0689
vn -0.9682 -0.2366 0.0808
vn -0.9767 -0.2030 0.0698
vn -0.9770 -0.2008 0.0724
vn -0.9454 -0.2436 -0.2164
vn -0.9569 -0.2211 -0.1884
vn -0.9607 -0.2040 -0.1883
vn -0.9526 -0.2186 -0.2117
vn -0.9162 -0.1830 0.3565
vn -0.9198 -0.2060 0.3340
vn -0.9612 -0.1574 0.2264
vn -0.9623 -0.1763 0.2072
vn -0.9753 -0.1677 0.1438
vn -0.9754 -0.1617 0.1501
vn -0.9826 -0.1713 0.0714
vn -0.9829 -0.1687 0.0742
vn -0.9678 -0.1847 -0.1713
vn -0.9632 -0.1943 -0.1855
vn -0.9057 -0.1224 0.4058
vn -0.8910 -0.1039 0.4419
vn -0.9016 -0.0969 0.4217
vn -0.9038 -0.0614 0.4235
vn -0.8981 -0.0395 0.4379
vn -0.9157 -0.0494 0.3988
vn -0.9033 -0.0072 0.4289
vn -0.9024 0.0129 0.4306
vn -0.8902 0.0653 0.4508
vn -0.8931 0.0371 0.4483
vn -0.8757 0.0956 0.4733
vn -0.8745 0.0957 0.4754
vn -0.8484 0.1325 0.5125
vn -0.8454 0.1470 0.5136
vn -0.7698 0.2173 0.6002
vn -0.7625 0.2393 0.6011
vn -0.7122 0.2798 0.6438
vn -0.7263 0.2435 0.6428
vn -0.6408 0.3045 0.7048
vn -0.6038 0.2912 0.7421
vn -0.4744 0.2779 0.8353
vn -0.5204 0.1950 0.8313
vn -0.7074 -0.1848 0.6822
vn -0.6858 -0.1967 0.7007
vn -0.6980 -0.2021 0.6870
vn -0.7029 -0.1998 0.6827
vn -0.7002 -0.1959 0.6866
vn -0.6725 -0.2061 0.7108
vn -0.7313 -0.2107 0.6487
vn -0.7268 -0.2131 0.6529
vn -0.6790 -0.1903 0.7090
vn -0.6475 -0.1989 0.7356
vn -0.6535 -0.1871 0.7334
vn -0.6449 -0.1887 0.7406
vn -0.5492 -0.2486 0.7978
vn -0.4324 -0.2608 0.8632
vn -0.4812 -0.0369 0.8758
vn -0.4819 0.0053 0.8762
vn 0.1498 0.6038 0.7829
vn 0.1131 0.6963 0.7088
vn 0.0681 0.7069 0.7041
vn 0.0567 0.7185 0.6932
vn -0.0349 0.5102 0.8593
vn 0.0019 0.4634 0.8861
vn -0.2304 0.5774 0.7832
vn -0.2421 0.5838 0.7750
vn -0.3737 0.5562 0.7423
vn -0.3501 0.5765 0.7383
vn -0.4614 0.5481 0.6976
vn -0.4637 0.5495 0.6951
vn -0.5366 0.5262 0.6597
vn -0.5164 0.5144 0.6846
vn -0.5897 0.4874 0.6440
vn -0.5582 0.4685 0.6848
vn -0.6221 0.4422 0.6461
vn -0.5880 0.4226 0.6897
vn -0.0058 0.5088 0.8609
vn 0.0299 0.5389 0.8418
vn -0.7063 0.3060 0.6383
vn -0.6392 0.2795 0.7164
vn -0.6222 0.3566 0.6969
vn -0.6707 0.3824 0.6356
vn -0.6556 0.1089 0.7472
vn -0.7359 0.1171 0.6669
vn -0.6500 0.0232 0.7596
vn -0.7338 0.0222 0.6790
vn -0.6948 -0.0372 0.7183
vn -0.6206 -0.0257 0.7837
vn -0.6594 -0.0875 0.7467
vn -0.5888 -0.0672 0.8054
vn -0.5111 -0.1575 0.8450
vn -0.5032 -0.1824 0.8447
vn -0.6010 -0.1891 0.7766
vn -0.5415 -0.1540 0.8265
vn -0.5739 0.2642 0.7751
vn -0.6808 0.2730 0.6797
vn -0.7081 0.1438 0.6913
vn -0.6743 0.2546 0.6932
vn -0.5095 -0.0179 0.8603
vn -0.5120 0.0309 0.8584
vn -0.5137 -0.0704 0.8551
vn -0.5181 -0.0114 0.8552
vn -0.4833 0.1327 0.8653
vn -0.4838 0.1120 0.8680
vn -0.4413 0.0775 0.8940
vn -0.4415 0.0236 0.8970
vn -0.4723 -0.0032 0.8815
vn -0.4254 0.0105 0.9050
vn -0.5013 -0.0172 0.8651
vn -0.5206 -0.0217 0.8535
vn -0.5441 0.0558 0.8371
vn -0.5450 0.0806 0.8346
vn -0.7884 -0.2218 0.5738
vn -0.7739 -0.1910 0.6039
vn -0.7306 -0.1249 0.6712
vn -0.7505 -0.1576 0.6418
vn -0.7726 -0.2144 0.5976
vn -0.7622 -0.1950 0.6173
vn -0.6391 0.0071 0.7691
vn -0.6364 -0.0269 0.7709
vn -0.6284 -0.0676 0.7749
vn -0.5970 -0.0518 0.8006
vn -0.5876 -0.0924 0.8039
vn -0.6164 -0.1096 0.7798
vn -0.6006 0.0302 0.7990
vn -0.5990 0.0045 0.8007
vn -0.5941 -0.0464 0.8031
vn -0.5506 -0.0293 0.8343
vn -0.5526 -0.0746 0.8301
vn -0.5869 -0.0909 0.8045
vn -0.2690 -0.4253 0.8642
vn -0.2950 -0.3859 0.8741
vn -0.1420 -0.4639 0.8744
vn -0.1532 -0.4508 0.8794
vn -0.0296 -0.4897 0.8714
vn -0.0467 -0.4733 0.8796
vn -0.4539 -0.2397 0.8582
vn -0.4962 -0.2494 0.8316
vn -0.2517 -0.2026 0.9464
vn -0.2678 -0.1758 0.9473
vn -0.1290 -0.2583 0.9574
vn -0.1546 -0.2255 0.9619
vn -0.0390 -0.2768 0.9601
vn -0.0484 -0.2670 0.9625
vn -0.7675 -0.2286 0.5989
vn -0.7572 -0.2355 0.6092
vn -0.5566 -0.0825 0.8267
vn -0.5895 -0.0934 0.8024
vn -0.8108 -0.2090 0.5467
vn -0.8085 -0.2032 0.5523
vn -0.7619 -0.2098 0.6128
vn -0.7473 -0.1869 0.6376
vn -0.7062 -0.2558 0.6602
vn -0.7314 -0.2483 0.6352
vn -0.8476 0.1447 0.5106
vn -0.8421 0.1366 0.5217
vn -0.8352 0.1601 0.5262
vn -0.8412 0.1712 0.5130
vn -0.8264 0.1526 0.5420
vn -0.8274 0.1558 0.5396
vn -0.8324 0.1142 0.5422
vn -0.8372 0.1313 0.5308
vn -0.8659 0.0736 0.4948
vn -0.8584 0.0356 0.5118
vn -0.8892 0.0062 0.4574
vn -0.8690 0.0511 0.4922
vn -0.8903 -0.0036 0.4553
vn -0.8958 0.0395 0.4427
vn -0.9048 -0.0254 0.4251
vn -0.9093 0.0145 0.4159
vn -0.9299 0.0378 0.3659
vn -0.9292 0.0032 0.3696
vn -0.5212 -0.4384 0.7323
vn -0.5550 -0.4434 0.7038
vn -0.9288 0.0419 0.3681
vn -0.9282 0.0673 0.3660
vn -0.5284 -0.6310 0.5680
vn -0.6033 -0.6291 0.4902
vn -0.9286 0.0658 0.3652
vn -0.9273 0.0870 0.3640
vn -0.2664 -0.8433 0.4669
vn -0.2996 -0.8148 0.4963
vn -0.9215 0.1036 0.3744
vn -0.9203 0.1147 0.3741
vn -0.2713 -0.6498 0.7101
vn -0.3063 -0.6055 0.7345
vn -0.9069 0.1482 0.3944
vn -0.9072 0.1463 0.3944
vn -0.8903 0.1826 0.4172
vn -0.8910 0.1792 0.4172
vn -0.1299 -0.8799 0.4570
vn -0.1503 -0.8674 0.4744
vn -0.8686 0.2078 0.4499
vn -0.8636 0.2277 0.4498
vn -0.1378 -0.6962 0.7044
vn -0.1622 -0.6735 0.7211
vn -0.8083 0.2558 0.5304
vn -0.7917 0.3049 0.5294
vn -0.0417 -0.8839 0.4659
vn -0.0339 -0.8876 0.4593
vn -0.7480 0.3282 0.5769
vn -0.7630 0.2901 0.5777
vn -0.6622 0.3653 0.6542
vn -0.6787 0.3322 0.6550
vn -0.5418 0.3819 0.7487
vn -0.5674 0.3393 0.7503
vn -0.4596 0.3638 0.8102
vn -0.5016 0.3004 0.8113
vn -0.7839 -0.5981 0.1666
vn -0.8136 -0.5211 0.2580
vn -0.8302 -0.4944 0.2577
vn -0.8407 -0.4321 0.3265
vn -0.4698 0.3171 0.8239
vn -0.4397 0.2905 0.8499
vn -0.4471 0.2497 0.8589
vn -0.4087 0.3044 0.8604
vn -0.9748 -0.1553 -0.1602
vn -0.9736 -0.1586 -0.1645
vn -0.9871 -0.1413 0.0750
vn -0.9866 -0.1480 0.0681
vn -0.9677 -0.1359 0.2124
vn -0.9684 -0.1491 0.1998
vn -0.7240 -0.2177 0.6546
vn -0.7237 -0.2169 0.6551
vn -0.7289 -0.2042 0.6535
vn -0.7313 -0.2106 0.6487
vn -0.9793 -0.1457 0.1403
vn -0.9793 -0.1380 0.1478
vn -0.6789 -0.1474 0.7193
vn -0.7040 -0.1516 0.6938
vn -0.6040 -0.1241 0.7872
vn -0.6437 -0.1420 0.7520
vn -0.6430 -0.1402 0.7529
vn -0.6768 -0.1622 0.7181
vn -0.7457 -0.1625 0.6461
vn -0.7394 -0.1793 0.6489
vn -0.6696 -0.1341 0.7305
vn -0.6972 -0.1585 0.6991
vn -0.3074 0.2734 0.9115
vn -0.2870 0.2707 0.9189
vn -0.3116 0.2922 0.9042
vn -0.2880 0.2887 0.9131
vn -0.8422 -0.3681 0.3940
vn -0.8403 -0.3214 0.4365
vn -0.8165 -0.5235 0.2433
vn -0.8350 -0.4441 0.3249
vn -0.7093 -0.1313 0.6925
vn -0.7324 -0.1630 0.6610
vn -0.8413 -0.4324 0.3245
vn -0.8456 -0.3604 0.3938
vn -0.6945 -0.1421 0.7054
vn -0.7126 -0.1628 0.6824
vn -0.5052 0.2696 0.8198
vn -0.5102 0.2685 0.8171
vn -0.5491 0.3061 0.7777
vn -0.5942 0.2968 0.7476
vn -0.7172 -0.0154 0.6967
vn -0.7246 -0.0548 0.6870
vn -0.8327 -0.0788 0.5481
vn -0.7692 -0.0365 0.6380
vn -0.5095 0.3690 0.7773
vn -0.5089 0.3940 0.7654
vn -0.4476 0.3166 0.8363
vn -0.4455 0.3361 0.8298
vn -0.3326 0.3164 0.8884
vn -0.3239 0.3845 0.8645
vn -0.4288 0.4351 0.7917
vn -0.3795 0.4500 0.8084
vn -0.7050 -0.0056 0.7092
vn -0.7055 -0.0060 0.7087
vn -0.6890 -0.0158 0.7246
vn -0.6972 -0.0215 0.7165
vn -0.7046 -0.0088 0.7096
vn -0.6995 -0.0270 0.7141
vn -0.6835 -0.0328 0.7292
vn -0.6729 -0.0731 0.7361
vn -0.6881 -0.0417 0.7244
vn -0.6977 -0.0180 0.7161
vn -0.6508 -0.0875 0.7542
vn -0.6675 -0.0458 0.7432
vn -0.6315 -0.0824 0.7710
vn -0.6532 -0.1117 0.7489
vn -0.6541 -0.1339 0.7445
vn -0.6654 -0.1557 0.7301
vn -0.6782 -0.1973 0.7079
vn -0.6766 -0.1938 0.7104
vn -0.6540 -0.1894 0.7324
vn -0.6531 -0.1874 0.7337
vn -0.6607 -0.2325 0.7137
vn -0.6448 -0.1932 0.7395
vn -0.6284 -0.2411 0.7396
vn -0.6187 -0.2118 0.7565
vn -0.6274 -0.2279 0.7446
vn -0.6121 -0.1770 0.7707
vn -0.5883 -0.2627 0.7648
vn -0.5726 -0.1933 0.7968
vn -0.5390 -0.2405 0.8072
vn -0.5234 -0.1382 0.8408
vn -0.6175 -0.1675 0.7686
vn -0.5702 -0.1739 0.8029
vn -0.7719 -0.1381 0.6205
vn -0.7525 -0.0984 0.6512
vn -0.6450 0.2046 0.7363
vn -0.5899 0.2118 0.7792
vn -0.5727 0.1934 0.7966
vn -0.5549 0.1965 0.8084
vn -0.6137 0.1240 0.7797
vn -0.6009 0.1263 0.7893
vn -0.6443 0.1079 0.7571
vn -0.6430 0.1518 0.7506
vn -0.6515 0.0683 0.7556
vn -0.6433 0.0705 0.7623
vn -0.6529 0.0783 0.7534
vn -0.6698 0.0742 0.7389
vn -0.6794 0.0351 0.7329
vn -0.6706 0.0386 0.7408
vn -0.6723 0.0399 0.7392
vn -0.6814 0.0366 0.7310
vn -0.7558 -0.0936 0.6481
vn -0.7480 -0.1213 0.6525
vn -0.6602 -0.1048 0.7437
vn -0.6499 -0.1117 0.7517
vn -0.4338 0.0318 0.9005
vn -0.4079 0.0374 0.9123
vn -0.3578 0.0671 0.9314
vn -0.3542 0.1034 0.9294
vn -0.4868 0.0687 0.8708
vn -0.4800 0.2351 0.8452
vn -0.3715 0.0969 0.9234
vn -0.3639 0.1995 0.9098
vn -0.3329 0.1355 0.9332
vn -0.2673 0.1420 0.9531
vn -0.6606 0.1741 0.7303
vn -0.5217 0.1892 0.8319
vn -0.2676 0.1366 0.9538
vn -0.2574 0.1378 0.9564
vn -0.6624 -0.1188 0.7397
vn -0.6875 -0.1447 0.7116
vn -0.7043 -0.1292 0.6981
vn -0.7236 -0.0852 0.6849
vn -0.7525 -0.0802 0.6537
vn -0.7255 -0.1333 0.6752
vn -0.5116 -0.0198 0.8590
vn -0.4820 0.0431 0.8751
vn -0.5044 -0.1898 0.8423
vn -0.3560 -0.1926 0.9144
vn -0.4645 -0.2934 0.8356
vn -0.3174 -0.2978 0.9003
vn -0.1448 -0.3470 0.9266
vn -0.1983 -0.3759 0.9052
vn -0.0232 -0.3224 0.9463
vn -0.0463 -0.3393 0.9395
vn -0.1119 -0.3505 0.9298
vn -0.0900 -0.3368 0.9373
vn -0.2096 -0.3815 0.9003
vn -0.1989 -0.3758 0.9051
vn -0.0408 -0.0961 0.9945
vn -0.0510 -0.0858 0.9950
vn -0.1344 -0.0779 0.9879
vn -0.1510 -0.0577 0.9868
vn -0.2354 -0.0405 0.9711
vn -0.2446 -0.0261 0.9693
vn -0.3798 0.0104 0.9250
vn -0.3624 0.0152 0.9319
vn -0.3988 -0.0402 0.9162
vn -0.3899 -0.1627 0.9064
vn -0.0453 0.0357 0.9983
vn -0.0517 0.0416 0.9978
vn -0.1373 0.0480 0.9894
vn -0.1424 0.0535 0.9884
vn -0.2236 0.0668 0.9724
vn -0.2120 0.0512 0.9759
vn -0.3605 0.0190 0.9326
vn -0.2851 0.0390 0.9577
vn -0.3547 -0.1241 0.9267
vn -0.3234 -0.2936 0.8996
vn -0.0472 0.0536 0.9974
vn -0.0514 0.0505 0.9974
vn -0.1440 0.0342 0.9890
vn -0.1122 0.0546 0.9922
vn -0.8831 -0.4650 0.0616
vn -0.8895 -0.4484 0.0876
vn -0.8879 -0.4349 0.1501
vn -0.8828 -0.4411 0.1617
vn -0.8837 -0.4161 0.2145
vn -0.8745 -0.4260 0.2318
vn -0.8647 -0.3940 0.3117
vn -0.8645 -0.3795 0.3296
vn -0.8413 -0.3475 0.4141
vn -0.8365 -0.3150 0.4484
vn -0.8318 -0.3135 0.4581
vn -0.8251 -0.2760 0.4929
vn -0.8070 -0.2024 0.5548
vn -0.8151 -0.2329 0.5305
vn -0.7990 -0.1777 0.5745
vn -0.7831 -0.1964 0.5901
vn -0.7706 0.2425 0.5894
vn -0.7563 0.2827 0.5900
vn -0.7548 0.2284 0.6150
vn -0.7427 0.2630 0.6158
vn -0.7410 0.2162 0.6358
vn -0.7268 0.2571 0.6369
vn -0.6886 0.2232 0.6900
vn -0.7045 0.2306 0.6712
vn -0.6575 0.3048 0.6891
vn -0.6430 0.3346 0.6889
vn -0.6428 0.3379 0.6874
vn -0.6223 0.3767 0.6862
vn -0.6257 0.3310 0.7063
vn -0.5990 0.3802 0.7047
vn -0.6038 0.2444 0.7587
vn -0.5660 0.3195 0.7599
vn -0.5557 0.0969 0.8257
vn -0.5237 0.1702 0.8347
vn -0.4879 -0.0709 0.8700
vn -0.4603 0.0045 0.8878
vn -0.3937 -0.2626 0.8809
vn -0.3700 -0.1866 0.9101
vn -0.2965 -0.4042 0.8653
vn -0.2687 -0.3059 0.9133
vn -0.8247 0.2138 0.5236
vn -0.8174 0.2379 0.5247
vn -0.8146 0.1957 0.5460
vn -0.8090 0.2153 0.5470
vn -0.8064 0.1824 0.5625
vn -0.8011 0.2013 0.5637
vn -0.7660 0.1893 0.6144
vn -0.7849 0.1953 0.5880
vn -0.7384 0.2876 0.6099
vn -0.7247 0.2824 0.6285
vn -0.7073 0.3483 0.6151
vn -0.7252 0.3078 0.6159
vn -0.7074 0.3174 0.6316
vn -0.6879 0.3588 0.6309
vn -0.6847 0.2663 0.6785
vn -0.6715 0.2962 0.6792
vn -0.6421 0.1024 0.7598
vn -0.6292 0.1392 0.7647
vn -0.5598 -0.0493 0.8272
vn -0.5773 -0.0452 0.8153
vn -0.4954 -0.2056 0.8440
vn -0.4637 -0.2156 0.8594
vn -0.4030 -0.2728 0.8736
vn -0.4085 -0.3273 0.8521
vn -0.4915 -0.1772 0.8526
vn -0.4865 -0.0903 0.8690
vn -0.4248 -0.0724 0.9024
vn -0.4002 -0.0654 0.9141
vn -0.4640 -0.1145 0.8784
vn -0.4650 -0.0359 0.8846
vn -0.5823 -0.2760 0.7647
vn -0.6085 -0.1531 0.7786
vn -0.5910 -0.1660 0.7894
vn -0.6011 -0.0900 0.7941
vn -0.6546 -0.0519 0.7542
vn -0.6292 -0.0378 0.7763
vn -0.6871 0.0011 0.7265
vn -0.6877 0.0134 0.7258
vn -0.6947 0.0180 0.7191
vn -0.6939 0.0086 0.7200
vn -0.6625 -0.0378 0.7481
vn -0.6658 -0.0095 0.7461
vn -0.6492 -0.0747 0.7569
vn -0.6245 -0.0587 0.7788
vn -0.6110 -0.0946 0.7859
vn -0.6359 -0.1131 0.7634
vn -0.6376 -0.1123 0.7622
vn -0.6660 -0.1359 0.7334
vn -0.6866 -0.1375 0.7139
vn -0.7015 -0.0983 0.7058
vn -0.6604 -0.1107 0.7427
vn -0.6738 -0.0720 0.7354
vn -0.6798 -0.0699 0.7300
vn -0.6582 -0.0495 0.7512
vn -0.6874 -0.0369 0.7253
vn -0.6908 -0.0228 0.7227
vn -0.7082 -0.0146 0.7059
vn -0.7074 -0.0189 0.7066
vn -0.6831 -0.0313 0.7297
vn -0.6998 -0.0455 0.7129
vn -0.6246 -0.0816 0.7767
vn -0.6166 -0.1232 0.7776
vn -0.5420 -0.1555 0.8258
vn -0.5277 -0.2132 0.8223
vn -0.4853 -0.2672 0.8325
vn -0.4999 -0.2236 0.8367
vn -0.6151 -0.4260 0.6635
vn -0.6451 -0.4145 0.6419
vn -0.7692 0.0873 0.6330
vn -0.7820 0.0883 0.6169
vn -0.6371 -0.0193 0.7705
vn -0.6786 -0.0324 0.7338
vn -0.5585 -0.0804 0.8256
vn -0.5925 -0.1032 0.7989
vn -0.6232 0.2248 0.7491
vn -0.5922 0.2270 0.7731
vn -0.7057 0.0365 0.7076
vn -0.7522 0.0260 0.6585
vn -0.4823 -0.5007 0.7188
vn -0.4849 -0.4918 0.7232
vn -0.5052 -0.4746 0.7208
vn -0.5137 -0.4702 0.7177
vn -0.3578 -0.4395 0.8239
vn -0.3883 -0.4216 0.8194
vn -0.0862 -0.5692 0.8177
vn -0.0989 -0.5919 0.8000
vn -0.3046 -0.4776 0.8241
vn -0.2968 -0.5216 0.7999
vn -0.0987 -0.5931 0.7991
vn -0.1229 -0.5761 0.8081
vn -0.0939 -0.6670 0.7392
vn -0.1456 -0.6348 0.7588
vn -0.5127 -0.5000 0.6980
vn -0.5125 -0.5006 0.6976
vn -0.5109 -0.5053 0.6955
vn -0.5123 -0.5004 0.6979
vn -0.5215 -0.5055 0.6874
vn -0.5310 -0.4758 0.7012
vn -0.7624 -0.1372 0.6324
vn -0.7556 -0.2450 0.6075
vn -0.5049 -0.4679 0.7253
vn -0.4981 -0.4947 0.7122
vn -0.4221 -0.3223 0.8473
vn -0.4223 -0.3080 0.8525
vn -0.0327 -0.2510 0.9674
vn -0.0931 -0.3483 0.9328
vn 0.0415 -0.3725 0.9271
vn -0.0387 -0.4593 0.8874
vn 0.2008 0.0775 0.9766
vn 0.2325 0.0347 0.9720
vn 0.0308 0.0959 0.9949
vn 0.0123 0.0737 0.9972
vn -0.5693 -0.0287 0.8216
vn -0.5710 -0.0359 0.8202
vn -0.5694 -0.0220 0.8218
vn -0.5704 -0.0252 0.8210
vn -0.7805 -0.0813 0.6198
vn -0.7791 -0.0544 0.6245
vn -0.7623 -0.1430 0.6312
vn -0.7625 -0.1372 0.6323
vn -0.5313 -0.4812 0.6973
vn -0.5510 -0.4706 0.6892
vn -0.5514 -0.4709 0.6886
vn -0.5984 -0.4450 0.6663
vn -0.4325 -0.7818 0.4491
vn -0.3750 -0.8464 0.3783
vn -0.4193 -0.7695 0.4817
vn -0.4649 -0.7469 0.4753
vn 0.1201 -0.9876 0.1011
vn 0.2881 -0.9458 -0.1500
vn 0.1905 -0.9607 0.2018
vn 0.2631 -0.9605 0.0907
vn 0.1387 -0.0107 0.9903
vn 0.1728 0.1282 0.9766
vn -0.1108 0.6713 0.7329
vn -0.1389 0.6184 0.7735
vn -0.1429 0.7306 0.6677
vn -0.1460 0.7276 0.6703
vn -0.1219 -0.0842 0.9890
vn -0.1260 -0.0918 0.9878
vn -0.3188 -0.1589 0.9344
vn -0.3417 -0.1859 0.9212
vn -0.3066 0.0091 0.9518
vn -0.3321 0.1039 0.9375
vn 0.1447 0.9774 0.1541
vn 0.1830 0.9809 0.0664
vn 0.1208 0.9921 0.0328
vn 0.0519 0.9267 0.3723
vn -0.1800 0.7547 0.6309
vn -0.1740 0.7590 0.6274
vn -0.1845 0.7643 0.6179
vn -0.1806 0.7719 0.6095
vn 0.2522 0.9619 0.1056
vn 0.3118 0.9500 -0.0160
vn 0.0202 0.9988 -0.0456
vn 0.0135 0.9809 -0.1938
vn -0.3419 0.8992 -0.2731
vn -0.3244 0.9169 -0.2326
vn -0.0369 0.7237 0.6891
vn -0.0192 0.7094 0.7045
vn 0.1648 -0.1128 0.9799
vn 0.1114 -0.0515 0.9924
vn 0.0400 0.8092 0.5861
vn 0.0383 0.8368 0.5462
vn -0.4558 0.8700 -0.1879
vn -0.5020 0.8319 -0.2366
vn 0.0296 0.8058 0.5914
vn 0.0314 0.7675 0.6403
vn 0.0098 0.8370 0.5471
vn 0.0533 0.8487 0.5261
vn 0.0031 0.7246 0.6891
vn 0.0225 0.7361 0.6765
vn -0.0227 0.7533 0.6573
vn -0.0129 0.7376 0.6751
vn -0.5408 0.1036 0.8347
vn -0.5439 0.2530 0.8001
vn -0.1831 0.7786 0.6002
vn -0.1883 0.7767 0.6010
vn 0.4465 0.8913 -0.0786
vn 0.3943 0.9188 0.0200
vn -0.6408 0.3129 0.7010
vn -0.6557 0.3147 0.6863
vn -0.4577 0.2067 0.8647
vn -0.5061 0.1840 0.8426
vn 0.0933 -0.9793 0.1799
vn 0.0906 -0.9765 0.1954
vn -0.4864 -0.6790 0.5499
vn -0.4506 -0.7391 0.5007
vn -0.3846 -0.5174 0.7644
vn -0.3832 -0.4723 0.7937
vn 0.1058 -0.2697 0.9571
vn 0.0570 -0.3572 0.9323
vn 0.0325 -0.9501 0.3102
vn 0.0684 -0.9208 0.3839
vn 0.2103 -0.3621 0.9081
vn 0.1992 -0.3778 0.9042
vn 0.2731 -0.4229 0.8640
vn 0.2586 -0.3732 0.8910
vn -0.4966 -0.2063 0.8431
vn -0.5009 -0.2279 0.8350
vn -0.6740 -0.4756 0.5654
vn -0.6688 -0.4913 0.5580
vn -0.6823 -0.3176 0.6584
vn -0.6555 -0.4623 0.5971
vn 0.1275 -0.9695 0.2095
vn 0.2278 -0.9726 0.0467
vn 0.6078 -0.7269 -0.3198
vn 0.6665 -0.6574 -0.3516
vn 0.7527 -0.6175 -0.2283
vn 0.6695 -0.7166 -0.1958
vn -0.3012 -0.9219 -0.2438
vn -0.3324 -0.8545 -0.3992
vn 0.0209 -0.9503 0.3106
vn 0.0641 -0.9248 0.3749
vn 0.0165 -0.9237 0.3829
vn -0.0097 -0.9347 0.3553
vn -0.1680 -0.9338 0.3160
vn -0.0986 -0.9232 0.3714
vn 0.2550 -0.4991 0.8282
vn 0.1468 -0.5787 0.8022
vn -0.4960 -0.7420 -0.4511
vn -0.3095 -0.9204 -0.2388
vn -0.2002 0.8233 0.5312
vn -0.1258 0.8098 0.5731
vn -0.4230 0.2407 0.8736
vn -0.4071 0.2105 0.8888
vn -0.0917 0.5820 0.8080
vn -0.0168 0.6399 0.7683
vn -0.6050 0.1979 0.7712
vn -0.6493 0.2507 0.7180
vn -0.6336 -0.2585 0.7292
vn -0.6284 -0.2587 0.7336
vn -0.4902 -0.8709 0.0366
vn -0.2492 -0.8480 0.4677
vn -0.4737 -0.8661 0.1595
vn -0.4050 -0.8880 0.2180
vn -0.7263 -0.4989 0.4729
vn -0.5769 -0.5746 0.5805
vn -0.5998 0.1776 0.7802
vn -0.7368 0.3464 0.5807
vn -0.5970 -0.4439 0.6682
vn -0.6215 -0.4331 0.6528
vn -0.8145 -0.0841 0.5740
vn -0.8103 -0.2018 0.5502
vn 0.0501 0.0557 0.9972
vn 0.0293 0.0313 0.9991
vn 0.2377 -0.1267 0.9631
vn 0.2026 -0.1704 0.9643
vn 0.2991 0.0422 0.9533
vn 0.2802 0.0216 0.9597
vn 0.3244 -0.0680 0.9435
vn 0.2278 -0.1540 0.9615
vn 0.2495 0.0367 0.9677
vn 0.2731 -0.0098 0.9619
vn 0.2617 -0.0793 0.9619
vn 0.1068 -0.2060 0.9727
vn 0.2027 -0.3499 0.9146
vn 0.0488 -0.4402 0.8966
vn 0.2888 -0.2861 0.9136
vn 0.2134 -0.3517 0.9115
vn 0.2475 -0.1586 0.9558
vn 0.2038 -0.1874 0.9609
vn 0.1394 -0.2159 0.9664
vn 0.1274 -0.2975 0.9462
vn -0.0016 -0.5081 0.8613
vn -0.0296 -0.4581 0.8884
vn 0.2355 -0.2404 0.9417
vn 0.3072 -0.1597 0.9381
vn 0.2305 0.0333 0.9725
vn 0.2327 0.0358 0.9719
vn 0.0583 -0.1254 0.9904
vn 0.0504 -0.1361 0.9894
vn -0.0853 0.3353 0.9382
vn -0.0853 0.4470 0.8905
vn -0.1049 0.5049 0.8568
vn -0.0082 0.5823 0.8129
vn -0.3447 -0.3783 0.8591
vn -0.3511 -0.3847 0.8536
vn -0.4227 -0.8906 -0.1680
vn -0.4260 -0.8873 -0.1768
vn -0.6276 -0.1165 0.7698
vn -0.4333 -0.0496 0.8999
vn -0.0650 -0.6045 0.7940
vn -0.0944 -0.6339 0.7676
vn -0.2164 -0.0429 0.9754
vn -0.2206 -0.0489 0.9741
vn -0.1167 0.7253 0.6784
vn -0.1513 0.6790 0.7184
vn 0.0650 0.9973 0.0337
vn 0.0722 0.9962 -0.0487
vn -0.0466 -0.1037 0.9935
vn -0.0251 -0.0541 0.9982
vn -0.0819 0.6176 0.7822
vn -0.0702 0.6550 0.7524
vn -0.1167 0.9741 -0.1938
vn -0.1046 0.9856 -0.1329
vn 0.2775 0.1096 0.9544
vn 0.1159 0.2372 0.9645
vn -0.0058 0.7317 0.6815
vn -0.0059 0.7572 0.6532
vn -0.3555 0.9224 -0.1506
vn -0.4216 0.8687 -0.2600
vn 0.0791 -0.0547 0.9954
vn 0.0927 -0.0156 0.9956
vn -0.0471 0.6574 0.7521
vn -0.0366 0.7063 0.7069
vn -0.1941 0.9453 -0.2622
vn -0.1467 0.9804 -0.1313
vn -0.2163 -0.2206 0.9511
vn -0.2313 -0.1858 0.9550
vn -0.2472 -0.7953 -0.5535
vn -0.1331 -0.9404 -0.3128
vn -0.0377 -0.6674 0.7438
vn 0.1494 -0.5791 0.8015
vn 0.0447 0.6898 0.7226
vn 0.0756 0.6421 0.7629
vn 0.1777 0.7381 0.6508
vn -0.0673 0.7428 0.6661
vn -0.2147 -0.9182 0.3329
vn -0.1343 -0.9135 0.3841
vn -0.1335 -0.5143 0.8472
vn -0.1078 -0.5062 0.8557
vn -0.4652 -0.2840 0.8384
vn -0.4759 -0.3657 0.7999
vn -0.5548 -0.4521 0.6984
vn -0.5614 -0.6136 0.5552
vn -0.4817 -0.8150 0.3222
vn -0.5378 -0.7948 0.2812
vn -0.1512 -0.6562 0.7393
vn -0.3344 -0.6793 0.6533
vn -0.0773 -0.4456 0.8919
vn -0.1844 -0.4644 0.8662
vn 0.1168 -0.2002 0.9728
vn -0.0238 -0.2283 0.9733
vn -0.0063 -0.2145 0.9767
vn -0.0081 -0.2148 0.9766
vn -0.2061 -0.4281 0.8799
vn -0.2666 -0.4230 0.8660
vn -0.5141 -0.4255 0.7448
vn -0.6481 -0.3491 0.6768
vn -0.0564 0.8253 0.5619
vn -0.0929 0.8108 0.5779
vn 0.0431 0.8506 0.5240
vn 0.1023 0.7943 0.5989
vn -0.2994 -0.4449 0.8440
vn -0.4686 -0.3989 0.7883
vn -0.1928 -0.5043 0.8417
vn -0.2634 -0.4627 0.8465
vn -0.1679 -0.5503 0.8179
vn -0.1658 -0.5084 0.8450
vn -0.2595 -0.2535 0.9319
vn -0.2667 -0.2837 0.9211
vn -0.3391 0.0638 0.9386
vn -0.3397 0.0644 0.9383
vn -0.3248 0.0483 0.9445
vn -0.3333 0.0312 0.9423
vn -0.2865 -0.1562 0.9453
vn -0.2917 -0.1687 0.9415
vn -0.2376 -0.4108 0.8802
vn -0.2789 -0.3640 0.8887
vn 0.0312 -0.9792 0.2004
vn 0.0312 -0.9655 0.2585
vn 0.3195 -0.7080 -0.6298
vn 0.3220 -0.7025 -0.6347
vn 0.0103 -0.9372 0.3487
vn -0.0656 -0.9567 0.2835
vn 0.3081 -0.4189 0.8542
vn 0.2327 -0.4965 0.8363
vn 0.3180 -0.2378 0.9178
vn 0.2742 -0.2858 0.9182
vn 0.3643 0.0227 0.9310
vn 0.2816 -0.0632 0.9575
vn 0.2616 -0.0102 0.9651
vn 0.2751 -0.0805 0.9580
vn -0.0410 -0.5054 0.8619
vn -0.0561 -0.5137 0.8561
vn -0.4216 -0.4374 0.7943
vn -0.4292 -0.4332 0.7925
vn -0.3692 -0.5016 0.7824
vn -0.3789 -0.4601 0.8030
vn -0.4719 -0.3426 0.8123
vn -0.4648 -0.3955 0.7921
vn -0.6558 -0.0640 0.7522
vn -0.6562 -0.0672 0.7516
vn -0.6602 -0.0549 0.7491
vn -0.6551 -0.0306 0.7550
vn -0.5863 -0.2331 0.7758
vn -0.5894 -0.2708 0.7611
vn -0.4575 -0.5327 0.7120
vn -0.4472 -0.5984 0.6647
vn 0.0990 -0.9781 0.1833
vn 0.0736 -0.9577 0.2781
vn 0.3195 -0.9292 -0.1857
vn 0.5555 -0.7293 -0.3993
vn -0.4393 -0.7614 -0.4768
vn -0.4186 -0.8274 -0.3745
vn -0.2313 0.7339 0.6387
vn -0.1070 0.8117 0.5742
vn -0.1633 0.8062 0.5686
vn -0.2076 0.7578 0.6186
vn -0.1320 0.6159 0.7767
vn -0.2425 0.6178 0.7480
vn -0.1642 0.6375 0.7528
vn -0.1447 0.6530 0.7434
vn -0.2344 -0.0594 0.9703
vn -0.1458 0.0260 0.9890
vn -0.2467 0.0750 0.9662
vn -0.2383 0.1260 0.9630
vn -0.1159 0.4558 0.8825
vn -0.1209 0.4516 0.8840
vn -0.1407 -0.5368 0.8319
vn -0.1941 -0.5049 0.8411
vn -0.1306 -0.5621 0.8167
vn -0.1249 -0.5336 0.8365
vn -0.2035 -0.2818 0.9376
vn -0.1950 -0.2567 0.9466
vn -0.2568 0.0669 0.9641
vn -0.2449 0.0886 0.9655
vn -0.2373 0.0246 0.9711
vn -0.2178 0.0565 0.9743
vn -0.1893 -0.1678 0.9675
vn -0.1708 -0.1323 0.9764
vn -0.1484 -0.2920 0.9448
vn -0.1661 -0.3475 0.9229
vn 0.0419 -0.9628 0.2670
vn 0.0413 -0.9642 0.2620
vn 0.2648 -0.4838 -0.8342
vn 0.1983 -0.7035 -0.6825
vn -0.2583 -0.4602 0.8494
vn -0.3222 -0.4229 0.8470
vn -0.2155 -0.5266 0.8223
vn -0.2180 -0.4946 0.8413
vn -0.3410 -0.2779 0.8980
vn -0.3415 -0.2826 0.8964
vn -0.4390 0.0076 0.8984
vn -0.4654 0.0299 0.8846
vn -0.4667 0.0031 0.8844
vn -0.4618 0.0159 0.8869
vn -0.4112 -0.1968 0.8901
vn -0.4135 -0.2053 0.8870
vn -0.3373 -0.4294 0.8378
vn -0.3415 -0.4644 0.8171
vn 0.0771 -0.9792 0.1878
vn 0.0732 -0.9724 0.2215
vn 0.3232 -0.9105 -0.2578
vn 0.5078 -0.6869 -0.5200
vn 0.5070 0.8615 -0.0282
vn 0.2953 0.9144 0.2770
vn -0.0906 0.8344 0.5436
vn -0.2131 0.8077 0.5497
vn -0.6057 -0.3781 0.7001
vn -0.5893 -0.4559 0.6670
vn -0.6523 -0.2759 0.7059
vn -0.6338 -0.3954 0.6648
vn -0.5801 -0.2153 0.7856
vn -0.5807 -0.2381 0.7785
vn -0.5091 -0.1862 0.8404
vn -0.5056 -0.1648 0.8469
vn -0.4034 -0.1332 0.9053
vn -0.3895 -0.1432 0.9098
vn -0.3050 -0.1188 0.9449
vn -0.2930 -0.1275 0.9476
vn -0.2296 -0.1192 0.9660
vn -0.2239 -0.1076 0.9687
vn 0.0107 -0.0521 0.9986
vn -0.0346 -0.1153 0.9927
vn 0.1001 -0.1341 0.9859
vn 0.1511 -0.2167 0.9645
vn 0.0692 -0.3214 0.9444
vn 0.1729 -0.2121 0.9618
vn 0.0800 -0.3212 0.9436
vn 0.0792 -0.3750 0.9236
vn 0.0131 -0.3599 0.9329
vn -0.0214 -0.3827 0.9236
vn -0.0116 -0.3871 0.9220
vn -0.0181 -0.4244 0.9053
vn -0.1518 -0.3228 0.9342
vn -0.0591 -0.3159 0.9470
vn -0.5109 -0.4999 0.6993
vn -0.5154 -0.4805 0.7095
vn -0.5521 -0.4309 0.7138
vn -0.5405 -0.4833 0.6886
vn -0.6675 -0.4899 0.5608
vn -0.6428 -0.5526 0.5305
vn -0.7764 -0.1675 0.6076
vn -0.7595 -0.3161 0.5685
vn -0.7012 -0.2035 0.6833
vn -0.6763 -0.3945 0.6221
vn -0.6661 -0.3772 0.6434
vn -0.6342 -0.4230 0.6472
vn -0.7044 -0.3731 0.6039
vn -0.6930 -0.3376 0.6370
vn -0.7630 -0.3231 0.5598
vn -0.7477 -0.2765 0.6038
vn -0.8295 -0.2459 0.5014
vn -0.8108 -0.1911 0.5533
vn -0.8817 -0.1525 0.4464
vn -0.8644 -0.1106 0.4905
vn -0.9102 -0.0746 0.4074
vn -0.8914 -0.0390 0.4516
vn -0.9175 0.0262 0.3969
vn -0.9142 -0.0175 0.4050
vn -0.9292 0.0409 0.3674
vn -0.9219 0.0516 0.3840
vn -0.9311 0.0773 0.3564
vn -0.9344 0.0732 0.3487
vn -0.9347 0.0576 0.3507
vn -0.9423 0.0476 0.3313
vn -0.9407 0.0449 0.3363
vn -0.9484 0.0343 0.3152
vn -0.9479 0.0333 0.3170
vn -0.9537 0.0249 0.2996
vn 0.1138 0.8477 0.5181
vn 0.1094 0.8372 0.5359
vn -0.5734 -0.5464 0.6104
vn -0.2653 -0.6743 0.6891
vn -0.7430 -0.3280 0.5835
vn -0.7270 -0.2639 0.6339
vn -0.5701 -0.5386 0.6204
vn -0.6098 -0.3273 0.7218
vn -0.6263 -0.3992 0.6696
vn -0.6201 -0.4479 0.6441
vn -0.6030 -0.4961 0.6247
vn -0.6563 -0.4551 0.6018
vn -0.6039 -0.3094 0.7346
vn -0.6024 -0.4575 0.6541
vn -0.7272 -0.2846 0.6247
vn -0.6483 -0.3568 0.6726
vn -0.9431 0.0257 0.3315
vn -0.9499 0.0180 0.3119
vn -0.9403 0.0204 0.3396
vn -0.9417 0.0387 0.3343
vn -0.9345 0.0254 0.3550
vn -0.9362 0.0494 0.3480
vn -0.9341 0.0584 0.3521
vn -0.9352 0.0573 0.3496
vn -0.9276 0.0489 0.3704
vn -0.9340 0.0409 0.3550
vn -0.9232 -0.0039 0.3844
vn -0.9246 0.0254 0.3802
vn -0.9144 -0.0167 0.4045
vn -0.9099 -0.0720 0.4086
vn -0.8898 -0.0954 0.4463
vn -0.8817 -0.1523 0.4465
vn -0.8378 -0.1909 0.5115
vn -0.8297 -0.2264 0.5103
vn -0.7799 -0.2960 0.5515
vn -0.7657 -0.2679 0.5848
vn -0.7089 -0.3343 0.6211
vn -0.7203 -0.3568 0.5948
vn -0.6607 -0.4085 0.6297
vn -0.6811 -0.3729 0.6301
vn -0.5484 -0.4383 0.7121
vn -0.6427 -0.3702 0.6707
vn -0.5303 -0.4767 0.7011
vn -0.5306 -0.4709 0.7048
vn -0.5431 -0.4788 0.6898
vn -0.5413 -0.4416 0.7155
vn -0.5443 -0.4347 0.7175
vn -0.5447 -0.4686 0.6955
vn -0.5249 -0.4850 0.6995
vn -0.5512 -0.4699 0.6895
vn -0.5607 -0.4746 0.6785
vn -0.5604 -0.4442 0.6990
vn -0.3894 0.2081 0.8973
vn -0.3893 0.2082 0.8973
vn -0.2479 0.4731 0.8454
vn -0.1408 0.5359 0.8325
vn -0.8241 -0.2397 0.5133
vn -0.8167 -0.2201 0.5334
vn -0.5298 0.0036 0.8481
vn -0.5411 0.0119 0.8409
vn -0.5794 -0.0114 0.8150
vn -0.5951 -0.0346 0.8029
vn -0.5208 0.0143 0.8536
vn -0.4971 -0.0324 0.8671
vn -0.5104 -0.1082 0.8531
vn -0.5516 -0.0318 0.8335
vn -0.9287 -0.3327 -0.1638
vn -0.9314 -0.3283 -0.1575
vn -0.8650 -0.4805 -0.1447
vn -0.8688 -0.4759 -0.1370
vn -0.6042 -0.0796 0.7928
vn -0.6402 -0.0469 0.7668
vn -0.5717 -0.1146 0.8124
vn -0.5763 -0.1069 0.8102
vn -0.8181 -0.5597 -0.1321
vn -0.8281 -0.5490 -0.1130
vn -0.8414 -0.5388 0.0414
vn -0.8473 -0.5278 0.0596
vn -0.8451 -0.5239 0.1062
vn -0.8545 -0.4985 0.1462
vn -0.8516 -0.4962 0.1690
vn -0.8582 -0.4681 0.2106
vn -0.8597 -0.4337 0.2700
vn -0.8614 -0.4016 0.3111
vn -0.8484 -0.3701 0.3784
vn -0.8455 -0.3358 0.4151
vn -0.8267 -0.3286 0.4567
vn -0.8531 -0.3023 0.4252
vn -0.6523 -0.0911 0.7524
vn -0.6329 -0.1089 0.7666
vn -0.8046 -0.5281 0.2716
vn -0.8452 -0.4928 0.2069
vn -0.8424 -0.4287 0.3265
vn -0.8444 -0.3690 0.3885
vn -0.8609 -0.4276 0.2757
vn -0.8276 -0.4572 0.3256
vn -0.8553 -0.4692 0.2199
vn -0.8275 -0.4947 0.2656
vn -0.8180 -0.2995 0.4911
vn -0.8144 -0.2752 0.5109
vn -0.8401 -0.3787 0.3883
vn -0.8386 -0.3427 0.4234
vn -0.7276 -0.2105 0.6529
vn -0.7172 -0.2170 0.6622
vn -0.7585 -0.2313 0.6092
vn -0.7475 -0.2395 0.6196
vn -0.8330 -0.3403 0.4363
vn -0.8299 -0.3043 0.4676
vn -0.8238 -0.2435 0.5120
vn -0.8083 -0.2596 0.5284
vn -0.9455 -0.2808 -0.1650
vn -0.9450 -0.2663 -0.1897
vn -0.5709 -0.1728 0.8026
vn -0.5659 -0.1260 0.8148
vn -0.5546 -0.1402 0.8202
vn -0.5547 -0.1451 0.8193
vn -0.8019 -0.5961 0.0403
vn -0.7906 -0.6122 0.0112
vn -0.7824 -0.6176 -0.0797
vn -0.7803 -0.6217 -0.0680
vn -0.7906 -0.6026 -0.1088
vn -0.7845 -0.6166 -0.0663
vn -0.7533 -0.6576 0.0109
vn -0.7457 -0.6663 -0.0067
vn -0.7630 -0.6431 -0.0662
vn -0.7517 -0.6593 -0.0148
vn -0.7833 -0.6181 -0.0661
vn -0.7705 -0.6375 0.0011
vn -0.7683 -0.6071 0.2027
vn -0.8179 -0.5635 0.1165
vn -0.7133 -0.7009 -0.0057
vn -0.7212 -0.6926 0.0117
vn -0.7578 -0.6523 -0.0157
vn -0.7406 -0.6699 0.0521
vn -0.7822 -0.6230 -0.0012
vn -0.7636 -0.6408 0.0790
vn -0.8286 -0.5402 0.1471
vn -0.7904 -0.5740 0.2140
vn -0.7839 -0.6175 0.0652
vn -0.7440 -0.6532 0.1405
vn -0.7117 -0.6938 0.1103
vn -0.7532 -0.6569 0.0341
vn -0.6800 -0.7330 0.0150
vn -0.7010 -0.7105 0.0615
vn -0.7517 -0.6576 0.0498
vn -0.7258 -0.6735 0.1399
vn -0.7888 -0.6104 0.0725
vn -0.7533 -0.6259 0.2022
vn -0.7154 -0.6986 0.0093
vn -0.6904 -0.7210 0.0588
vn -0.6438 -0.7647 0.0273
vn -0.6695 -0.7426 -0.0188
vn -0.6397 -0.1976 0.7428
vn -0.6422 -0.2214 0.7338
vn -0.6310 -0.2367 0.7388
vn -0.6296 -0.2844 0.7230
vn -0.7097 -0.2879 0.6430
vn -0.7115 -0.3411 0.6144
vn -0.6939 -0.3659 0.6202
vn -0.6862 -0.4296 0.5870
vn -0.5802 -0.7652 0.2790
vn -0.5178 -0.7797 0.3520
vn -0.2740 -0.9343 0.2279
vn -0.2450 -0.9348 0.2573
vn -0.1307 -0.9635 0.2335
vn -0.1332 -0.9638 0.2312
vn -0.7521 -0.6415 0.1513
vn -0.7909 -0.5611 0.2442
vn -0.6426 -0.7657 -0.0277
vn -0.6268 -0.7792 0.0036
vn -0.7128 -0.6766 0.1847
vn -0.7549 -0.5957 0.2743
vn -0.6348 -0.7723 0.0227
vn -0.6775 -0.7301 0.0889
vn -0.7247 -0.4401 0.5301
vn -0.7825 -0.4177 0.4618
vn -0.7160 -0.6814 0.1515
vn -0.6776 -0.7305 0.0850
vn -0.5813 -0.8134 -0.0228
vn -0.6027 -0.7957 -0.0601
vn -0.5808 -0.8135 -0.0306
vn -0.5803 -0.8138 -0.0314
vn -0.7312 -0.4904 0.4742
vn -0.7037 -0.5843 0.4042
vn -0.5419 -0.8397 0.0345
vn -0.5131 -0.8583 -0.0020
vn -0.4419 -0.8969 -0.0147
vn -0.4513 -0.8924 -0.0038
vn -0.4925 -0.8684 -0.0573
vn -0.5119 -0.8584 -0.0337
vn -0.4270 -0.9012 -0.0738
vn -0.4396 -0.8962 -0.0594
vn -0.2422 -0.9656 -0.0949
vn -0.2335 -0.9668 -0.1038
vn -0.4736 -0.8781 -0.0687
vn -0.4694 -0.8799 -0.0741
vn -0.4064 -0.9092 -0.0899
vn -0.3963 -0.9151 -0.0738
vn -0.4729 -0.8806 -0.0321
vn -0.4778 -0.8781 -0.0253
vn -0.4040 -0.9146 -0.0170
vn -0.4006 -0.9160 -0.0215
vn -0.6276 -0.7740 0.0841
vn -0.5940 -0.8037 0.0360
vn -0.5545 -0.8316 -0.0316
vn -0.5939 -0.8043 0.0207
vn -0.5352 -0.8425 -0.0620
vn -0.5306 -0.8448 -0.0682
vn -0.5336 -0.8452 -0.0311
vn -0.5314 -0.8464 -0.0343
vn -0.4818 -0.8757 0.0329
vn -0.4897 -0.8707 0.0450
vn -0.5349 -0.8447 0.0174
vn -0.5414 -0.8403 0.0280
vn -0.5888 -0.8081 0.0148
vn -0.5821 -0.8131 0.0032
vn -0.6268 -0.7792 0.0044
vn -0.6261 -0.7797 0.0031
vn -0.6905 -0.7212 0.0547
vn -0.6684 -0.7438 0.0065
vn -0.7473 -0.6563 0.1039
vn -0.7301 -0.6809 0.0572
vn -0.7996 -0.5803 0.1546
vn -0.7860 -0.6090 0.1068
vn -0.8382 -0.5005 0.2167
vn -0.8268 -0.5401 0.1573
vn -0.4091 -0.9109 0.0532
vn -0.4315 -0.8980 0.0862
vn -0.7256 -0.6816 0.0949
vn -0.6998 -0.7135 0.0348
vn -0.7395 -0.6725 0.0295
vn -0.7193 -0.6945 -0.0153
vn -0.7514 -0.6596 -0.0184
vn -0.7434 -0.6679 -0.0355
vn -0.7840 -0.6196 -0.0377
vn -0.7878 -0.6152 -0.0296
vn -0.3226 -0.9464 -0.0123
vn -0.3252 -0.9456 -0.0089
vn -0.3179 -0.9440 -0.0886
vn -0.3241 -0.9410 -0.0978
vn -0.3254 -0.9402 -0.1011
vn -0.3483 -0.9343 -0.0765
vn -0.9927 0.0062 0.1208
vn -0.9953 -0.0226 0.0938
vn -0.9856 0.0058 0.1692
vn -0.9884 0.0315 0.1487
vn -0.9761 0.0328 0.2147
vn -0.9779 0.0464 0.2037
vn -0.9450 0.0741 0.3186
vn -0.9480 0.0649 0.3117
vn -0.8696 0.1290 0.4766
vn -0.8629 0.1456 0.4840
vn -0.8282 0.1746 0.5325
vn -0.8249 0.1657 0.5405
vn -0.7760 0.2043 0.5968
vn -0.7736 0.1985 0.6018
vn -0.7200 0.2324 0.6539
vn -0.7155 0.2216 0.6625
vn -0.4092 0.1370 0.9021
vn -0.3851 0.1573 0.9094
vn -0.1508 0.7458 0.6489
vn -0.1688 0.7295 0.6628
vn 0.0914 0.9851 0.1458
vn 0.0083 0.9265 0.3763
vn -0.9955 -0.0014 0.0950
vn -0.9972 -0.0313 0.0684
vn -0.9916 -0.0006 0.1294
vn -0.9887 0.0213 0.1483
vn -0.9777 0.0245 0.2086
vn -0.9790 0.0175 0.2029
vn -0.9517 0.0334 0.3052
vn -0.9491 0.0431 0.3121
vn -0.8798 0.1083 0.4629
vn -0.8688 0.1388 0.4754
vn -0.8341 0.1760 0.5227
vn -0.8292 0.1652 0.5341
vn -0.7715 0.2196 0.5971
vn -0.7759 0.2288 0.5879
vn -0.7107 0.2737 0.6481
vn -0.7062 0.2647 0.6566
vn -0.4405 -0.0873 0.8935
vn -0.5033 -0.1574 0.8496
vn -0.6273 -0.7732 0.0932
vn -0.6862 -0.7033 0.1857
vn -0.4519 -0.8920 0.0152
vn -0.4780 -0.8772 0.0449
vn -0.2470 -0.9689 0.0138
vn -0.2396 -0.9708 0.0067
vn -0.1428 -0.9895 0.0204
vn -0.1363 -0.9906 0.0143
vn -0.3531 -0.9354 -0.0174
vn -0.3508 -0.9362 -0.0199
vn -0.2357 -0.9712 -0.0337
vn -0.2462 -0.9689 -0.0228
vn -0.1430 -0.9891 -0.0356
vn -0.1495 -0.9883 -0.0291
vn -0.3311 -0.9386 0.0966
vn -0.3527 -0.9270 0.1274
vn -0.0596 -0.9981 0.0169
vn -0.0549 -0.9982 0.0235
vn -0.0543 -0.9938 -0.0967
vn -0.0555 -0.9936 -0.0982
vn -0.0652 -0.9932 -0.0968
vn -0.0619 -0.9930 -0.1002
vn -0.0601 -0.9977 -0.0300
vn -0.0620 -0.9977 -0.0281
vn -0.0601 -0.9978 0.0271
vn -0.0528 -0.9984 0.0206
vn -0.0416 -0.9717 0.2326
vn -0.0467 -0.9704 0.2371
vn -0.0311 -0.7087 0.7048
vn -0.0359 -0.7051 0.7082
vn -0.3541 -0.9351 0.0155
vn -0.3624 -0.9320 0.0062
vn 0.0397 0.6591 0.7510
vn -0.0604 0.6363 0.7691
vn -0.1144 0.7480 0.6537
vn -0.1728 0.6481 0.7417
vn -0.7603 0.3430 0.5516
vn -0.6867 0.3963 0.6094
vn -0.5440 -0.5662 0.6192
vn -0.7558 -0.4537 0.4721
vn -0.5450 0.4055 0.7339
vn -0.6863 0.3184 0.6539
vn -0.1299 -0.5275 0.8395
vn -0.4729 -0.4844 0.7360
vn -0.4580 -0.6924 0.5575
vn -0.2923 -0.7158 0.6342
vn -0.3580 0.3106 0.8805
vn -0.2995 0.3017 0.9051
vn -0.4130 0.3512 0.8403
vn -0.3230 0.3391 0.8836
vn -0.5020 0.3753 0.7792
vn -0.3973 0.3649 0.8420
vn -0.5891 -0.4618 0.6631
vn -0.5930 -0.4178 0.6883
vn -0.5415 -0.4825 0.6884
vn -0.5850 -0.4595 0.6683
vn -0.1298 0.6096 0.7820
vn -0.0877 0.3539 0.9311
vn -0.1655 0.4110 0.8965
vn -0.1067 0.2258 0.9683
vn -0.3007 0.2235 0.9272
vn -0.2724 0.2207 0.9365
vn -0.0530 0.3754 0.9253
vn -0.0028 0.1420 0.9899
vn -0.0932 0.2369 0.9671
vn -0.0747 0.1414 0.9871
vn -0.1526 0.2790 0.9481
vn -0.1381 0.1787 0.9741
vn -0.5958 -0.3095 0.7411
vn -0.5900 -0.2109 0.7794
vn -0.6100 -0.3278 0.7214
vn -0.6101 -0.3278 0.7214
vn -0.6449 -0.4141 0.6424
vn -0.6384 -0.4146 0.6485
vn -0.5830 -0.3962 0.7094
vn -0.5829 -0.3990 0.7079
vn -0.5674 -0.4215 0.7075
vn -0.5680 -0.4364 0.6978
vn -0.5650 -0.4835 0.6686
vn -0.5608 -0.4419 0.7002
vn -0.6053 -0.4620 0.6482
vn -0.5998 -0.4275 0.6763
vn -0.5860 -0.4638 0.6644
vn -0.5815 -0.4360 0.6868
vn -0.6281 -0.4391 0.6424
vn -0.6269 -0.4110 0.6619
vn -0.5769 -0.3930 0.7160
vn -0.5759 -0.3699 0.7291
vn -0.5799 -0.4446 0.6826
vn -0.5752 -0.3984 0.7144
vn -0.6008 -0.4612 0.6530
vn -0.5925 -0.4046 0.6966
vn -0.6328 -0.4312 0.6431
vn -0.6270 -0.4146 0.6595
vn -0.6188 -0.4459 0.6467
vn -0.6132 -0.4212 0.6682
vn -0.6381 -0.4114 0.6509
vn -0.6371 -0.4100 0.6526
vn -0.3684 0.1391 0.9192
vn -0.4405 0.1775 0.8800
vn -0.5010 0.1661 0.8493
vn -0.5022 0.1669 0.8485
vn -0.6574 0.1386 0.7407
vn -0.6593 0.1405 0.7386
vn -0.8600 0.1375 0.4915
vn -0.8715 0.1097 0.4780
vn -0.4216 0.2962 0.8570
vn -0.4403 0.3153 0.8407
vn -0.4803 0.3184 0.8173
vn -0.4451 0.2762 0.8518
vn -0.5618 0.3372 0.7554
vn -0.5515 0.3536 0.7555
vn -0.8778 0.1275 0.4617
vn -0.8658 0.1614 0.4736
vn -0.2015 0.0754 0.9766
vn -0.2089 0.0851 0.9742
vn -0.0033 0.3072 0.9516
vn -0.0041 0.3065 0.9519
vn -0.0164 0.3023 0.9531
vn -0.0192 0.2999 0.9538
vn -0.0213 0.3516 0.9359
vn -0.0270 0.3469 0.9375
vn -0.0084 0.3182 0.9480
vn -0.0160 0.3116 0.9501
vn -0.0182 0.3160 0.9486
vn -0.0235 0.3115 0.9500
vn -0.2162 0.4243 0.8794
vn -0.2132 0.4212 0.8816
vn -0.2105 0.5400 0.8149
vn -0.1993 0.5307 0.8238
vn -0.7848 0.1128 0.6094
vn -0.7993 0.1351 0.5855
vn -0.8559 0.3090 0.4146
vn -0.8673 0.2840 0.4089
vn -0.5420 0.4698 0.6969
vn -0.5544 0.4526 0.6984
vn -0.6396 0.2885 0.7125
vn -0.6427 0.2938 0.7076
vn -0.8399 0.3174 0.4402
vn -0.8549 0.2939 0.4274
vn -0.6012 0.1076 0.7918
vn -0.7369 0.0909 0.6698
vn -0.7690 0.1306 0.6257
vn -0.8347 0.1232 0.5367
vn -0.5379 -0.0851 0.8387
vn -0.5743 0.0949 0.8132
vn -0.7695 0.1299 0.6253
vn -0.7608 0.0008 0.6490
vn -0.7096 0.0847 0.6995
vn -0.6847 -0.0710 0.7254
vn -0.0566 -0.9739 0.2199
vn -0.0574 -0.9735 0.2212
vn 0.3510 -0.9313 -0.0974
vn 0.7222 -0.6777 -0.1384
vn 0.3791 -0.8996 -0.2167
vn 0.3398 -0.9244 -0.1734
vn -0.2058 -0.6522 0.7296
vn -0.2146 -0.6650 0.7153
vn -0.9978 -0.0360 0.0559
vn -0.9978 -0.0353 0.0565
vn -0.9902 -0.0285 0.1365
vn -0.9907 -0.0344 0.1317
vn -0.8880 0.0924 0.4505
vn -0.8911 0.0806 0.4466
vn -0.9536 0.0104 0.3008
vn -0.9547 0.0054 0.2976
vn -0.9780 -0.0166 0.2080
vn -0.9792 -0.0256 0.2012
vn -0.8800 0.1028 0.4637
vn -0.8874 0.1179 0.4457
vn -0.9519 0.0222 0.3056
vn -0.9536 0.0149 0.3006
vn -0.9781 -0.0051 0.2082
vn -0.9781 -0.0050 0.2081
vn -0.9916 -0.0085 0.1292
vn -0.9911 -0.0120 0.1322
vn -0.9975 -0.0124 0.0690
vn -0.9980 -0.0274 0.0561
vn -0.0734 0.1500 0.9860
vn -0.0756 0.2151 0.9737
vn -0.1272 0.1892 0.9737
vn -0.0844 0.1584 0.9838
vn -0.2378 0.3750 0.8960
vn -0.2506 0.2837 0.9256
vn -0.3440 0.4529 0.8225
vn -0.3670 0.3149 0.8753
vn -0.0618 0.1138 0.9916
vn -0.0620 0.1111 0.9919
vn -0.0141 -0.1511 0.9884
vn -0.0176 -0.1728 0.9848
vn -0.1222 0.1456 0.9818
vn -0.1251 0.1479 0.9811
vn -0.2084 0.3089 0.9280
vn -0.2186 0.2514 0.9429
vn -0.2823 0.3785 0.8815
vn -0.2980 0.2954 0.9077
vn -0.1176 0.0958 0.9884
vn -0.1143 0.1208 0.9861
vn -0.0739 -0.0056 0.9973
vn -0.0753 -0.0166 0.9970
vn -0.0855 -0.1809 0.9798
vn -0.0868 -0.1870 0.9785
vn -0.1640 0.1363 0.9770
vn -0.1584 0.1655 0.9734
vn -0.2057 0.2589 0.9437
vn -0.2167 0.2054 0.9544
vn -0.2679 0.3174 0.9097
vn -0.2793 0.2633 0.9234
vn -0.1639 0.1104 0.9803
vn -0.1608 0.1265 0.9788
vn -0.1316 -0.0274 0.9909
vn -0.1285 -0.0104 0.9917
vn -0.1784 -0.1965 0.9642
vn -0.1769 -0.1913 0.9655
vn -0.2082 0.1798 0.9614
vn -0.2151 0.1492 0.9651
vn -0.1914 0.1782 0.9652
vn -0.2297 0.1975 0.9530
vn -0.2683 0.2498 0.9304
vn -0.2622 0.2757 0.9248
vn -0.2176 0.1592 0.9630
vn -0.2287 0.1125 0.9670
vn -0.2066 0.0082 0.9784
vn -0.2134 -0.0197 0.9768
vn -0.2793 -0.1860 0.9420
vn -0.2755 -0.1754 0.9451
vn -0.2746 0.1574 0.9486
vn -0.2604 0.2106 0.9423
vn -0.2270 0.1555 0.9614
vn -0.2182 0.1916 0.9569
vn -0.2473 0.2648 0.9320
vn -0.2598 0.2159 0.9412
vn -0.2924 0.1447 0.9453
vn -0.2799 0.1865 0.9417
vn -0.2979 0.0010 0.9546
vn -0.2805 0.0565 0.9582
vn 0.0822 -0.0097 0.9966
vn 0.0783 0.0691 0.9945
vn 0.0089 0.0659 0.9978
vn 0.0059 0.1259 0.9920
vn -0.0135 0.0203 0.9997
vn -0.0143 0.0071 0.9999
vn 0.0565 -0.0938 0.9940
vn 0.0522 -0.1368 0.9892
vn 0.0418 -0.2601 0.9647
vn 0.0079 -0.2217 0.9751
vn 0.0637 -0.2047 0.9767
vn 0.0447 -0.2706 0.9616
vn -0.0423 -0.2962 0.9542
vn -0.0637 -0.2689 0.9611
vn -0.0409 -0.2705 0.9618
vn -0.0453 -0.2823 0.9583
vn -0.1348 -0.3239 0.9364
vn -0.1581 -0.2892 0.9441
vn -0.1369 -0.3109 0.9405
vn -0.1193 -0.2732 0.9545
vn -0.2774 -0.6277 0.7274
vn -0.2330 -0.6398 0.7324
vn -0.1419 -0.5516 0.8220
vn -0.1631 -0.5522 0.8176
vn 0.0462 -0.1238 0.9912
vn 0.1066 -0.2046 0.9730
vn -0.0541 -0.1908 0.9801
vn -0.0301 -0.2283 0.9731
vn -0.1241 -0.2295 0.9654
vn -0.1125 -0.2075 0.9717
vn 0.1954 -0.0323 0.9802
vn 0.0944 0.0399 0.9947
vn 0.1186 -0.1974 0.9731
vn 0.1329 -0.1249 0.9832
vn 0.1835 -0.0090 0.9830
vn 0.1840 0.1043 0.9774
vn 0.1201 -0.2017 0.9721
vn 0.0828 -0.1645 0.9829
vn -0.2408 -0.3438 0.9077
vn -0.2658 -0.2992 0.9164
vn -0.2257 -0.2845 0.9317
vn -0.2438 -0.3166 0.9167
vn -0.3896 -0.2949 0.8725
vn -0.3947 -0.2831 0.8741
vn -0.3421 -0.2667 0.9010
vn -0.3875 -0.3327 0.8597
vn -0.5066 -0.2332 0.8301
vn -0.5228 -0.2532 0.8140
vn -0.5222 -0.2119 0.8261
vn -0.5232 -0.2084 0.8263
vn -0.6205 -0.1121 0.7761
vn -0.6212 -0.1082 0.7761
vn -0.5990 -0.1640 0.7838
vn -0.6303 -0.1851 0.7540
vn -0.6961 -0.0243 0.7175
vn -0.6970 0.0154 0.7169
vn -0.6938 -0.0848 0.7151
vn -0.7155 -0.0899 0.6928
vn -0.7349 0.0885 0.6724
vn -0.7365 0.0740 0.6723
vn -0.7576 0.0101 0.6527
vn -0.7686 0.0098 0.6396
vn -0.3875 0.0503 0.9205
vn -0.3575 0.1246 0.9256
vn -0.3599 0.1650 0.9183
vn -0.3364 0.2288 0.9135
vn -0.3305 0.1822 0.9261
vn -0.3084 0.2502 0.9178
vn -0.2512 0.1704 0.9528
vn -0.2401 0.2122 0.9473
vn -0.2454 0.2264 0.9426
vn -0.2476 0.2185 0.9439
vn -0.2769 0.2787 0.9196
vn -0.2890 0.2330 0.9285
vn -0.2942 0.2141 0.9315
vn -0.2985 0.1916 0.9350
vn -0.2545 0.1407 0.9568
vn -0.2703 0.1391 0.9527
vn -0.2284 0.0969 0.9687
vn -0.2290 0.0969 0.9686
vn -0.1937 0.0653 0.9789
vn -0.1920 0.0852 0.9777
vn -0.2853 0.1715 0.9430
vn -0.2870 0.1611 0.9443
vn -0.3683 0.2252 0.9020
vn -0.3531 0.3006 0.8860
vn -0.4788 0.3590 0.8012
vn -0.3620 0.3940 0.8448
vn -0.4360 0.4186 0.7967
vn -0.4382 0.4732 0.7642
vn -0.5060 0.4947 0.7066
vn -0.5419 0.4657 0.6996
vn -0.5706 0.4616 0.6792
vn -0.5548 0.4365 0.7083
vn -0.5862 0.3892 0.7105
vn -0.6149 0.4252 0.6642
vn -0.5692 0.3392 0.7490
vn -0.6114 0.3843 0.6918
vn -0.5718 0.3082 0.7603
vn -0.5359 0.3449 0.7706
vn -0.3131 0.1937 0.9298
vn -0.2414 0.2449 0.9390
vn -0.0350 0.0664 0.9972
vn -0.1125 0.1369 0.9842
vn 0.0132 0.0648 0.9978
vn -0.0162 0.0397 0.9991
vn -0.2667 0.2094 0.9408
vn -0.2683 0.2033 0.9416
vn -0.3045 0.2124 0.9285
vn -0.2651 0.1958 0.9441
vn -0.3635 0.2923 0.8846
vn -0.3931 0.2107 0.8950
vn -0.4005 0.2837 0.8713
vn -0.4381 0.1921 0.8782
vn -0.4078 0.1071 0.9068
vn -0.4071 0.1104 0.9067
vn -0.4387 0.1434 0.8871
vn -0.4339 0.1632 0.8860
vn -0.5015 0.2739 0.8207
vn -0.4902 0.3050 0.8165
vn -0.5330 0.2959 0.7927
vn -0.5100 0.3530 0.7844
vn -0.7191 0.1360 0.6815
vn -0.7307 0.0715 0.6789
vn -0.7870 0.0765 0.6122
vn -0.7587 0.0681 0.6479
vn -0.9741 0.0636 0.2168
vn -0.9651 0.0890 0.2465
vn -0.6607 0.0764 0.7468
vn -0.6528 0.0660 0.7546
vn -0.6610 0.0648 0.7476
vn -0.6625 0.0574 0.7468
vn -0.6596 0.1570 0.7350
vn -0.6422 0.1376 0.7541
vn -0.6758 0.1071 0.7293
vn -0.6719 0.1223 0.7304
vn -0.5775 0.2549 0.7756
vn -0.5361 0.3606 0.7632
vn -0.4384 0.2072 0.8746
vn -0.4872 0.1030 0.8672
vn -0.5075 0.0171 0.8615
vn -0.5033 0.0467 0.8628
vn -0.5379 0.0782 0.8394
vn -0.5378 0.0792 0.8394
vn -0.5800 0.2460 0.7766
vn -0.5658 0.2362 0.7900
vn -0.5869 0.3053 0.7499
vn -0.5760 0.3324 0.7468
vn -0.5967 -0.0540 0.8006
vn -0.5935 -0.0167 0.8047
vn -0.6341 -0.0122 0.7732
vn -0.6306 0.0138 0.7760
vn -0.6902 0.1424 0.7095
vn -0.6862 0.1574 0.7102
vn -0.7020 0.2426 0.6696
vn -0.7017 0.2434 0.6696
vn -0.6702 -0.1118 0.7337
vn -0.6680 -0.0632 0.7415
vn -0.7126 -0.0759 0.6975
vn -0.7083 -0.0327 0.7051
vn -0.7836 0.0707 0.6173
vn -0.7797 0.0887 0.6199
vn -0.7888 0.1694 0.5908
vn -0.7934 0.1533 0.5891
vn -0.7768 -0.1166 0.6188
vn -0.7721 -0.0596 0.6327
vn -0.8370 0.0311 0.5464
vn -0.8448 0.0385 0.5337
vn -0.8465 0.1024 0.5225
vn -0.8500 0.0881 0.5193
vn -0.8779 0.0291 0.4780
vn -0.8844 -0.0047 0.4667
vn -0.8900 0.0472 0.4536
vn -0.8894 0.0498 0.4544
vn -0.8387 -0.0814 0.5385
vn -0.8061 -0.1004 0.5832
vn -0.9758 -0.0995 0.1949
vn -0.9756 -0.0968 0.1972
vn -0.9789 -0.0718 0.1911
vn -0.9784 -0.0650 0.1964
vn -0.9805 -0.0427 0.1918
vn -0.9797 -0.0462 0.1952
vn -0.9791 -0.0300 0.2011
vn -0.9800 -0.0377 0.1953
vn -0.9859 -0.1079 0.1280
vn -0.9858 -0.0969 0.1375
vn -0.9887 -0.0765 0.1287
vn -0.9887 -0.0748 0.1301
vn -0.9900 -0.0570 0.1294
vn -0.9895 -0.0597 0.1320
vn -0.9896 -0.0462 0.1361
vn -0.9899 -0.0512 0.1322
vn -0.9927 -0.1090 0.0516
vn -0.9933 -0.0987 0.0610
vn -0.9950 -0.0871 0.0482
vn -0.9953 -0.0814 0.0532
vn -0.9962 -0.0715 0.0489
vn -0.9963 -0.0703 0.0499
vn -0.9966 -0.0599 0.0560
vn -0.9965 -0.0670 0.0500
vn -0.4019 -0.1445 0.9042
vn -0.3820 -0.1019 0.9185
vn -0.7068 -0.1584 0.6894
vn -0.7375 -0.1702 0.6535
vn -0.9711 -0.1271 0.2021
vn -0.9733 -0.1204 0.1955
vn -0.9824 -0.1293 0.1348
vn -0.9824 -0.1200 0.1432
vn -0.9904 -0.1182 0.0711
vn -0.9896 -0.1316 0.0583
vn -0.9827 -0.1159 -0.1446
vn -0.9803 -0.1238 -0.1537
vn -0.1456 0.3627 0.9205
vn -0.1287 0.3773 0.9171
vn -0.1387 0.3211 0.9368
vn -0.1249 0.3332 0.9345
vn -0.1301 0.3049 0.9435
vn -0.1194 0.3145 0.9417
vn -0.1124 0.3225 0.9399
vn -0.0926 0.3402 0.9358
vn -0.0548 0.3299 0.9424
vn -0.0750 0.3515 0.9332
vn -0.2633 -0.7698 0.5814
vn -0.2716 -0.7222 0.6362
vn -0.1896 -0.7262 0.6608
vn -0.2089 -0.7203 0.6614
vn -0.1336 -0.5999 0.7888
vn -0.1384 -0.6672 0.7319
vn -0.6279 -0.0619 0.7758
vn -0.6796 -0.1248 0.7229
vn -0.4686 0.4940 0.7324
vn -0.4649 0.4766 0.7462
vn -0.5026 0.5278 0.6847
vn -0.4960 0.5153 0.6989
vn -0.4678 0.4954 0.7319
vn -0.4753 0.5165 0.7123
vn -0.4474 0.4936 0.7458
vn -0.4426 0.4677 0.7651
vn -0.9876 -0.0921 -0.1275
vn -0.9839 -0.1067 -0.1432
vn -0.9894 -0.0938 -0.1107
vn -0.9852 -0.1122 -0.1293
vn -0.9888 -0.0998 -0.1110
vn -0.9890 -0.1138 -0.0950
vn -0.9909 -0.1036 -0.0865
vn -0.9890 -0.1133 -0.0950
vn -0.9924 -0.1025 -0.0674
vn -0.9883 -0.1258 -0.0860
vn -0.9915 -0.1112 -0.0670
vn -0.9899 -0.1375 -0.0355
vn -0.9941 -0.1085 0.0048
vn -0.9862 -0.1616 -0.0345
vn -0.9932 -0.1084 0.0433
vn -0.9897 -0.1428 0.0025
vn -0.9952 -0.0855 0.0472
vn -0.9893 -0.1278 0.0707
vn -0.9949 -0.0548 0.0847
vn -0.9895 -0.0963 0.1078
vn -0.9872 0.0094 0.1594
vn -0.9837 -0.0247 0.1782
vn -0.9774 0.0129 0.2108
vn -0.9833 -0.0069 0.1816
vn -0.9490 0.0424 0.3125
vn -0.9489 0.0410 0.3129
vn -0.9345 0.0933 0.3434
vn -0.9351 0.0931 0.3419
vn -0.9424 0.0661 0.3279
vn -0.9436 0.0656 0.3244
vn -0.9269 0.1166 0.3568
vn -0.9259 0.1267 0.3559
vn -0.9149 0.1548 0.3728
vn -0.9140 0.1604 0.3725
vn -0.8776 0.2319 0.4196
vn -0.8781 0.2318 0.4186
vn -0.8150 0.3094 0.4900
vn -0.8202 0.3105 0.4805
vn -0.8577 0.2653 0.4405
vn -0.8609 0.2549 0.4403
vn -0.7219 0.3874 0.5734
vn -0.7326 0.3664 0.5737
vn -0.6579 0.4091 0.6323
vn -0.6735 0.3833 0.6321
vn -0.6221 0.4037 0.6709
vn -0.6313 0.4102 0.6582
vn -0.5750 0.4204 0.7019
vn -0.5818 0.4258 0.6930
vn -0.7867 0.3425 0.5136
vn -0.7919 0.3298 0.5139
vn -0.8378 0.2864 0.4648
vn -0.8401 0.2864 0.4607
vn -0.9712 0.0132 0.2378
vn -0.9783 -0.0053 0.2070
vn -0.9560 0.0107 0.2931
vn -0.9596 0.0072 0.2814
vn -0.9527 0.0203 0.3033
vn -0.9550 0.0186 0.2961
vn -0.9630 0.0076 0.2692
vn -0.9676 0.0002 0.2525
vn -0.9594 0.0089 0.2820
vn -0.9634 0.0037 0.2681
vn -0.9710 0.0165 0.2386
vn -0.9682 -0.0092 0.2500
vn -0.6405 0.2898 0.7111
vn -0.5424 0.2973 0.7858
vn -0.6067 0.2430 0.7569
vn -0.7198 0.2285 0.6555
vn -0.7836 0.2931 0.5478
vn -0.7732 0.3061 0.5554
vn -0.4591 0.3718 0.8069
vn -0.4342 0.4033 0.8055
vn -0.4479 0.3156 0.8365
vn -0.4278 0.3425 0.8365
vn -0.4369 0.2776 0.8556
vn -0.4198 0.3014 0.8561
vn -0.4024 0.2894 0.8685
vn -0.3929 0.3024 0.8684
vn -0.5741 0.3429 0.7435
vn -0.4813 0.3433 0.8065
vn -0.5032 0.3216 0.8021
vn -0.3921 0.3187 0.8629
vn -0.4194 0.2936 0.8590
vn -0.3458 0.2910 0.8920
vn -0.3525 0.2851 0.8913
vn -0.3064 0.2836 0.9087
vn -0.3235 0.2688 0.9072
vn -0.3043 0.2684 0.9140
vn -0.3221 0.2528 0.9123
vn -0.3008 0.2527 0.9196
vn -0.3204 0.2063 0.9245
vn -0.3123 0.2425 0.9185
vn -0.4007 0.1081 0.9098
vn -0.3971 0.1084 0.9114
vn -0.4582 0.0384 0.8880
vn -0.4748 0.0366 0.8793
vn -0.5198 -0.0226 0.8540
vn -0.5516 -0.0273 0.8337
vn -0.5917 -0.0910 0.8010
vn -0.6148 -0.0965 0.7828
vn -0.6394 -0.1459 0.7549
vn -0.6705 -0.1569 0.7252
vn -0.6854 -0.1557 0.7113
vn -0.6797 -0.1834 0.7102
vn -0.7051 -0.1803 0.6858
vn -0.6873 -0.1634 0.7078
vn -0.7247 -0.1930 0.6615
vn -0.7033 -0.1660 0.6913
vn -0.7448 -0.1982 0.6371
vn -0.7233 -0.1652 0.6705
vn -0.7449 -0.1584 0.6482
vn -0.7633 -0.1920 0.6168
vn -0.7803 -0.1649 0.6032
vn -0.7632 -0.1938 0.6164
vn -0.8021 -0.1822 0.5687
vn -0.7743 -0.2227 0.5924
vn -0.8168 -0.2333 0.5277
vn -0.8261 -0.2763 0.4911
vn -0.8287 -0.2671 0.4919
vn -0.8330 -0.2951 0.4680
vn -0.4982 -0.6281 0.5977
vn -0.4979 -0.4841 0.7196
vn -0.6800 0.1744 0.7122
vn -0.7886 0.1595 0.5939
vn 0.2471 -0.0194 0.9688
vn 0.1548 0.0684 0.9856
vn 0.1854 -0.0083 0.9826
vn 0.1746 -0.1157 0.9778
vn 0.1830 -0.1363 0.9736
vn 0.1049 -0.0683 0.9921
vn 0.0790 -0.0111 0.9968
vn 0.0771 -0.0876 0.9932
vn 0.0046 0.0641 0.9979
vn 0.0047 0.0262 0.9996
vn -0.0612 0.1553 0.9860
vn -0.0618 0.1137 0.9916
vn -0.1122 0.2070 0.9719
vn -0.1127 0.1953 0.9743
vn -0.2952 0.4177 0.8593
vn -0.3043 0.3314 0.8931
vn -0.4204 0.5235 0.7411
vn -0.4451 0.3724 0.8143
vn -0.5135 0.4844 0.7082
vn -0.5376 0.3398 0.7717
vn -0.6508 0.3602 0.6683
vn -0.5539 0.3646 0.7485
vn -0.6215 0.3127 0.7183
vn -0.7034 0.3042 0.6424
vn -0.7166 0.3270 0.6161
vn -0.7323 0.2101 0.6477
vn -0.7433 0.2279 0.6289
vn -0.8018 0.2181 0.5564
vn -0.8185 0.2347 0.5244
vn -0.8599 0.2276 0.4569
vn -0.8331 0.2694 0.4830
vn -0.8633 0.2633 0.4305
vn -0.8367 0.3327 0.4351
vn -0.8545 0.2769 0.4395
vn -0.7680 0.3719 0.5214
vn -0.7425 0.4163 0.5247
vn -0.4109 0.5410 0.7338
vn -0.4000 0.5381 0.7419
vn -0.1844 0.5828 0.7914
vn -0.1738 0.5896 0.7888
vn -0.8476 0.1881 0.4961
vn -0.7899 0.1957 0.5812
vn 0.0922 0.4742 0.8756
vn 0.3153 0.2980 0.9010
vn 0.1890 0.5017 0.8441
vn 0.1817 0.6620 0.7272
vn 0.1444 0.2541 0.9563
vn 0.2554 0.1471 0.9556
vn -0.0566 0.1541 0.9864
vn 0.0021 0.1239 0.9923
vn -0.0082 0.1377 0.9904
vn 0.1019 0.0826 0.9914
vn 0.1947 0.1044 0.9753
vn 0.0241 0.1874 0.9820
vn 0.1919 0.1085 0.9754
vn 0.1660 0.3194 0.9330
vn 0.3020 0.3223 0.8972
vn 0.0593 0.4628 0.8845
vn 0.1775 0.3333 0.9260
vn -0.0652 0.3859 0.9203
vn -0.1872 -0.0566 0.9807
vn -0.1949 -0.0690 0.9784
vn -0.4551 -0.1715 0.8737
vn -0.4183 -0.0886 0.9040
vn -0.5369 -0.3116 0.7840
vn -0.6412 -0.2046 0.7396
vn -0.7126 -0.3592 0.6027
vn -0.5875 -0.4718 0.6574
vn -0.6401 -0.4916 0.5905
vn -0.5277 -0.5674 0.6321
vn -0.4555 -0.5265 0.7179
vn -0.3180 -0.5759 0.7531
vn -0.2440 -0.5191 0.8191
vn -0.1680 -0.5243 0.8348
vn -0.1381 -0.4958 0.8574
vn -0.1535 -0.4980 0.8535
vn -0.0610 -0.4061 0.9118
vn -0.0515 -0.4030 0.9137
vn 0.0721 -0.2759 0.9585
vn 0.0798 -0.2726 0.9588
vn 0.1955 -0.1840 0.9633
vn 0.1330 -0.2138 0.9678
vn 0.0377 -0.4362 0.8991
vn -0.0452 -0.4699 0.8816
vn -0.1470 -0.6589 0.7378
vn -0.0953 -0.6436 0.7594
vn -0.3890 -0.9133 0.1210
vn -0.1442 -0.9410 0.3062
vn -0.2622 -0.4127 0.8723
vn -0.3744 -0.5301 0.7608
vn -0.1613 -0.0804 0.9836
vn -0.3044 -0.2217 0.9264
vn -0.2208 0.1417 0.9650
vn -0.2184 0.3431 0.9136
vn -0.1186 0.5060 0.8543
vn -0.3017 0.3576 0.8838
vn 0.1754 0.8494 0.4978
vn 0.1019 0.8270 0.5529
vn 0.1087 0.7763 0.6209
vn 0.2096 0.7683 0.6048
vn 0.1867 0.7572 0.6260
vn 0.1976 0.6676 0.7178
vn 0.1455 0.7171 0.6816
vn 0.1931 0.5352 0.8223
vn 0.0774 0.6442 0.7609
vn 0.1800 0.3307 0.9264
vn 0.0787 0.8478 0.5245
vn 0.0777 0.8289 0.5540
vn -0.4949 0.8355 -0.2387
vn -0.5391 0.7954 -0.2768
vn -0.6376 0.7320 -0.2400
vn -0.4190 0.9058 -0.0633
vn -0.7005 -0.0359 0.7128
vn -0.6926 -0.0487 0.7197
vn -0.7006 -0.0581 0.7111
vn -0.7149 -0.0352 0.6983
vn -0.6889 -0.0490 0.7232
vn -0.6706 -0.0806 0.7374
vn -0.6934 -0.1132 0.7116
vn -0.6712 -0.1319 0.7294
vn -0.7214 -0.1430 0.6776
vn -0.7235 -0.1411 0.6758
vn -0.7601 -0.1690 0.6275
vn -0.7512 -0.1474 0.6434
vn -0.6550 -0.1139 0.7470
vn -0.6635 -0.1063 0.7405
vn -0.6752 -0.1592 0.7202
vn -0.6847 -0.1772 0.7070
vn -0.1173 -0.6764 0.7271
vn -0.0689 -0.6304 0.7732
vn -0.1154 -0.6959 0.7088
vn -0.1539 -0.6754 0.7212
vn -0.2321 -0.6680 0.7071
vn -0.2188 -0.6350 0.7409
vn -0.2734 -0.4959 0.8243
vn -0.2567 -0.5067 0.8230
vn -0.2334 0.3769 0.8963
vn -0.2107 0.3990 0.8924
vn -0.2237 0.3277 0.9179
vn -0.2105 0.3411 0.9162
vn -0.2168 0.3062 0.9270
vn -0.2093 0.3140 0.9261
vn -0.2008 0.3298 0.9224
vn -0.1944 0.3364 0.9214
vn -0.1763 0.3650 0.9142
vn -0.1651 0.3519 0.9213
vn -0.2189 -0.7238 0.6544
vn -0.2221 -0.6462 0.7302
vn -0.1490 -0.7197 0.6781
vn -0.1827 -0.7051 0.6851
vn -0.2146 -0.7221 0.6577
vn -0.1947 -0.7307 0.6544
vn -0.1667 -0.6853 0.7089
vn -0.1120 -0.7072 0.6981
vn -0.2011 -0.7401 0.6417
vn -0.1873 -0.7453 0.6399
vn -0.2929 -0.1692 0.9411
vn -0.3313 0.0009 0.9435
vn -0.3764 -0.0583 0.9246
vn -0.3885 0.0160 0.9213
vn -0.4417 -0.0573 0.8953
vn -0.4442 -0.0344 0.8952
vn -0.5349 -0.1656 0.8285
vn -0.5338 -0.1759 0.8271
vn -0.6149 -0.3004 0.7292
vn -0.6025 -0.3716 0.7063
vn -0.6568 -0.4618 0.5961
vn -0.6289 -0.5533 0.5463
vn -0.6217 -0.7061 0.3390
vn -0.6673 -0.6217 0.4102
vn -0.5806 -0.8130 0.0444
vn -0.5413 -0.8355 0.0943
vn -0.3835 -0.8726 0.3023
vn -0.4373 -0.8659 0.2428
vn -0.4130 -0.7434 0.5261
vn -0.4652 -0.7477 0.4739
vn -0.4020 -0.5346 0.7433
vn -0.4486 -0.5475 0.7064
vn -0.3706 -0.3225 0.8710
vn -0.4160 -0.3385 0.8440
vn -0.3336 -0.1182 0.9353
vn -0.3764 -0.1359 0.9164
vn -0.3268 -0.0019 0.9451
vn -0.3224 -0.0001 0.9466
vn -0.3057 0.0478 0.9509
vn -0.2638 0.0657 0.9623
vn -0.9043 -0.3977 -0.1554
vn -0.9068 -0.3941 -0.1497
vn -0.9239 -0.3730 0.0859
vn -0.9220 -0.3762 0.0918
vn -0.9148 -0.3695 0.1631
vn -0.9130 -0.3721 0.1673
vn -0.9014 -0.3651 0.2326
vn -0.8989 -0.3682 0.2376
vn -0.8678 -0.3516 0.3512
vn -0.8794 -0.3390 0.3343
vn -0.8387 -0.3078 0.4493
vn -0.8337 -0.2853 0.4728
vn -0.8079 -0.2795 0.5189
vn -0.8311 -0.2520 0.4957
vn -0.7994 -0.2012 0.5661
vn -0.8134 -0.2486 0.5259
vn -0.7859 -0.1988 0.5856
vn -0.8141 -0.1593 0.5585
vn -0.7895 -0.1558 0.5937
vn -0.7735 -0.1170 0.6228
vn -0.7552 -0.1146 0.6453
vn -0.7469 -0.0976 0.6578
vn -0.7133 -0.0938 0.6945
vn -0.7314 -0.0716 0.6782
vn -0.6926 -0.0678 0.7181
vn -0.6758 -0.0872 0.7319
vn -0.6707 -0.0867 0.7366
vn -0.6644 -0.0946 0.7414
vn -0.6337 -0.0916 0.7681
vn -0.6317 -0.0885 0.7701
vn -0.6041 -0.0855 0.7923
vn -0.5723 -0.0412 0.8190
vn -0.5814 -0.0422 0.8125
vn -0.5463 0.0009 0.8376
vn -0.5295 0.0113 0.8483
vn -0.5235 0.0036 0.8520
vn -0.6452 -0.7610 0.0682
vn -0.6721 -0.7288 0.1308
vn -0.7433 -0.6551 0.1355
vn -0.7027 -0.6640 0.2555
vn -0.7840 -0.5902 0.1923
vn -0.7298 -0.5908 0.3440
vn -0.7070 -0.7003 0.0984
vn -0.6698 -0.7141 0.2036
vn -0.6881 -0.6776 0.2596
vn -0.7166 -0.5996 0.3564
vn -0.7176 -0.6031 0.3484
vn -0.7384 -0.4869 0.4666
vn -0.7378 -0.4875 0.4669
vn -0.6640 -0.4521 0.5956
vn -0.7138 -0.6022 0.3575
vn -0.6434 -0.5724 0.5084
vn -0.6058 -0.3984 0.6887
vn -0.6283 -0.4125 0.6596
vn -0.5725 -0.4301 0.6980
vn -0.6294 -0.4713 0.6178
vn -0.5204 -0.4515 0.7248
vn -0.4959 -0.4353 0.7514
vn -0.3970 -0.4799 0.7823
vn -0.3928 -0.4767 0.7864
vn -0.3950 -0.4875 0.7787
vn -0.3763 -0.4707 0.7980
vn -0.2425 -0.9603 0.1377
vn -0.2647 -0.9492 0.1699
vn -0.1790 0.0390 0.9831
vn -0.2175 0.0176 0.9759
vn -0.2740 0.0295 0.9613
vn -0.1868 -0.0784 0.9793
vn -0.4310 -0.4080 0.8048
vn -0.3682 -0.4115 0.8338
vn -0.2950 -0.4586 0.8382
vn -0.3414 -0.3125 0.8864
vn -0.2433 -0.3774 0.8935
vn -0.2531 -0.3852 0.8874
vn -0.2095 -0.0716 0.9752
vn -0.3546 -0.1174 0.9276
vn -0.2442 -0.3834 0.8907
vn -0.2820 -0.1584 0.9462
vn 0.1987 -0.9745 -0.1043
vn 0.3237 -0.9420 -0.0886
vn -0.2370 0.7906 0.5646
vn -0.1816 0.8106 0.5566
vn -0.1632 0.7953 0.5839
vn -0.1989 0.7792 0.5944
vn -0.1970 0.7569 0.6232
vn -0.1875 0.7724 0.6068
vn -0.2005 0.7374 0.6450
vn -0.1829 0.7511 0.6344
vn -0.1673 0.7318 0.6607
vn -0.1733 0.7262 0.6653
vn -0.1540 0.7243 0.6720
vn -0.1561 0.7011 0.6958
vn -0.1452 0.7008 0.6984
vn -0.1500 0.6932 0.7050
vn -0.1273 0.6954 0.7073
vn -0.1145 0.7195 0.6850
vn -0.0785 0.7223 0.6871
vn -0.0795 0.7193 0.6902
vn -0.0318 0.7231 0.6900
vn -0.0473 0.7417 0.6691
vn -0.0430 0.7549 0.6544
vn -0.0302 0.7450 0.6664
vn 0.0114 0.7683 0.6400
vn -0.0383 0.7970 0.6028
vn 0.0264 0.8468 0.5312
vn 0.0283 0.8330 0.5526
vn 0.0615 0.8419 0.5362
vn 0.0648 0.8624 0.5020
vn 0.0873 0.8663 0.4918
vn 0.0999 0.8850 0.4547
vn 0.0634 0.8317 0.5516
vn 0.0508 0.8447 0.5329
vn 0.0256 0.8458 0.5328
vn 0.0359 0.8372 0.5456
vn -0.0932 0.8352 0.5420
vn -0.2290 0.7486 0.6222
vn -0.1249 0.7471 0.6529
vn -0.0995 0.7822 0.6150
vn -0.5081 0.2658 0.8193
vn -0.6307 0.1741 0.7562
vn -0.7747 -0.3907 0.4972
vn -0.6331 -0.4472 0.6318
vn -0.6009 -0.6951 0.3947
vn -0.5561 -0.8094 0.1887
vn -0.3174 -0.9456 0.0711
vn -0.4144 -0.8021 0.4300
vn -0.4376 -0.7872 0.4346
vn -0.2722 -0.9514 -0.1443
vn -0.3986 -0.9149 -0.0639
vn -0.3350 -0.9416 -0.0335
vn 0.0283 -0.9699 0.2417
vn -0.3436 -0.9387 -0.0292
vn -0.0449 -0.9656 0.2561
vn -0.1413 -0.9753 0.1697
vn -0.1443 -0.9845 0.0992
vn -0.0907 -0.9832 0.1587
vn -0.0362 -0.9957 0.0849
vn -0.0201 -0.9936 0.1111
vn 0.0626 -0.9822 0.1771
vn 0.0495 -0.9952 0.0840
vn 0.0743 -0.9797 0.1861
vn 0.0744 -0.9926 0.0956
vn 0.0763 -0.9779 0.1945
vn 0.0772 -0.9792 0.1875
vn 0.0802 -0.9772 0.1968
vn 0.0830 -0.9794 0.1839
vn 0.1289 -0.9683 0.2139
vn 0.1432 -0.9782 0.1502
vn 0.1599 -0.9828 0.0921
vn 0.1655 -0.9827 0.0837
vn 0.2404 -0.9554 0.1717
vn 0.3783 -0.9257 -0.0067
vn -0.7672 0.6414 0.0077
vn -0.7055 0.7039 0.0825
vn -0.9162 0.3813 0.1234
vn -0.9413 0.3331 0.0557
vn -0.9870 0.1400 0.0788
vn -0.9870 0.1398 0.0794
vn -0.7296 -0.1665 0.6633
vn -0.9520 -0.1997 0.2318
vn -0.6754 -0.5243 0.5186
vn -0.5866 -0.5140 0.6258
vn -0.5001 -0.8627 -0.0758
vn -0.6256 -0.7650 -0.1530
vn 0.0092 0.8318 0.5550
vn 0.1455 0.8881 0.4361
vn -0.0707 0.7127 0.6979
vn -0.0713 0.7256 0.6844
vn -0.4610 -0.8867 0.0354
vn -0.4587 -0.8881 0.0300
vn -0.1505 -0.9723 0.1786
vn -0.1751 -0.9607 0.2153
vn -0.1253 -0.4960 0.8592
vn -0.1084 -0.4751 0.8732
vn -0.1291 -0.5316 0.8371
vn -0.1270 -0.5294 0.8388
vn -0.5592 -0.6327 0.5356
vn -0.5228 -0.7226 0.4522
vn -0.4316 -0.6962 0.5736
vn -0.4756 -0.5861 0.6560
vn -0.3307 -0.6397 0.6938
vn -0.3599 -0.5690 0.7394
vn -0.2610 -0.4754 0.8402
vn -0.2456 -0.5067 0.8264
vn -0.2688 -0.5092 0.8176
vn -0.2660 -0.5142 0.8154
vn -0.2299 -0.5484 0.8040
vn -0.2021 -0.6075 0.7681
vn -0.0790 -0.5684 0.8189
vn -0.0947 -0.5410 0.8357
vn -0.6972 -0.5282 0.4846
vn -0.6180 -0.4796 0.6229
vn -0.6986 -0.4210 0.5786
vn -0.6518 -0.3940 0.6480
vn -0.5553 -0.7036 0.4433
vn -0.6170 -0.7229 0.3111
vn -0.6249 -0.7170 0.3089
vn -0.5832 -0.7834 0.2148
vn -0.6300 -0.7492 0.2046
vn -0.6565 -0.7424 0.1335
vn -0.5059 -0.4689 0.7240
vn -0.4827 -0.4505 0.7510
vn -0.6571 -0.7251 0.2063
vn -0.6865 -0.6686 0.2858
vn -0.6144 -0.6694 0.4177
vn -0.6697 -0.6833 0.2908
vn -0.6446 -0.5607 0.5197
vn -0.6103 -0.6723 0.4190
vn -0.5567 -0.6200 0.5529
vn -0.5908 -0.4878 0.6426
vn -0.5040 -0.5372 0.6763
vn -0.4560 -0.4954 0.7393
vn -0.3862 -0.5228 0.7599
vn -0.3437 -0.4813 0.8064
vn -0.2253 -0.5106 0.8298
vn -0.2416 -0.4744 0.8465
vn -0.1091 -0.4924 0.8635
vn -0.0913 -0.4676 0.8792
vn 0.0250 0.8106 0.5850
vn 0.0187 0.8451 0.5343
vn -0.3545 0.9228 -0.1509
vn -0.4006 0.8923 -0.2082
vn 0.3169 0.8988 0.3028
vn 0.5109 0.8360 0.2002
vn -0.2262 0.7709 0.5954
vn -0.1368 0.7871 0.6015
vn -0.0808 0.8123 0.5776
vn -0.1972 0.7964 0.5718
vn -0.6590 0.3396 0.6711
vn -0.6805 0.3427 0.6476
vn -0.7916 0.1425 0.5941
vn -0.7534 0.1304 0.6445
vn -0.7659 0.1073 0.6340
vn -0.7318 0.0896 0.6756
vn -0.6772 0.1637 0.7173
vn -0.7035 0.0363 0.7098
vn -0.6466 -0.0419 0.7617
vn -0.6460 -0.0426 0.7622
vn -0.6540 -0.0483 0.7550
vn -0.6743 -0.0177 0.7382
vn -0.7014 -0.0333 0.7120
vn -0.7246 0.0199 0.6889
vn -0.7655 0.0006 0.6434
vn -0.7802 0.0467 0.6238
vn -0.8077 0.0378 0.5883
vn -0.8201 0.0836 0.5661
vn -0.8436 0.0785 0.5312
vn -0.8501 0.1060 0.5159
vn -0.8709 0.1195 0.4768
vn -0.8788 0.1029 0.4659
vn -0.9280 0.1304 0.3490
vn -0.9323 0.1213 0.3406
vn -0.9530 0.1110 0.2820
vn -0.9611 0.0899 0.2612
vn -0.9642 0.0914 0.2490
vn -0.9730 0.0649 0.2215
vn -0.9740 0.0655 0.2171
vn -0.9822 0.0357 0.1845
vn -0.9879 -0.0273 0.1528
vn -0.9917 -0.0560 0.1154
vn 0.0329 0.3602 0.9323
vn 0.0627 0.3371 0.9394
vn 0.0682 0.4055 0.9116
vn 0.1374 0.3563 0.9242
vn -0.1233 0.4224 0.8980
vn -0.0346 0.4888 0.8717
vn -0.3198 0.5189 0.7927
vn -0.2837 0.4969 0.8201
vn -0.4047 0.5280 0.7466
vn -0.3754 0.5089 0.7746
vn -0.4647 0.5223 0.7150
vn -0.4567 0.5167 0.7242
vn -0.5088 0.5182 0.6874
vn -0.5025 0.5133 0.6957
vn -0.5210 0.5055 0.6878
vn -0.5298 0.5129 0.6755
vn -0.5355 0.4827 0.6930
vn -0.5514 0.4982 0.6691
vn -0.5332 0.4483 0.7174
vn -0.5566 0.4782 0.6794
vn -0.5321 0.3972 0.7477
vn -0.5578 0.4454 0.7003
vn -0.6427 0.3667 0.6726
vn -0.5846 0.3337 0.7395
vn -0.9028 0.1011 0.4180
vn -0.8974 0.1150 0.4259
vn -0.9105 0.0713 0.4072
vn -0.9034 0.0926 0.4186
vn -0.9102 0.0797 0.4064
vn -0.9159 0.0605 0.3969
vn -0.9159 0.0564 0.3974
vn -0.9177 0.0492 0.3942
vn -0.8677 -0.1962 0.4567
vn -0.8715 -0.2111 0.4425
vn -0.8632 -0.2243 0.4523
vn -0.8636 -0.2255 0.4510
vn -0.8605 -0.2398 0.4495
vn -0.8606 -0.2404 0.4489
vn -0.8607 -0.2566 0.4398
vn -0.8560 -0.2627 0.4453
vn -0.8606 -0.2948 0.4152
vn -0.8565 -0.2753 0.4367
vn -0.8584 -0.3318 0.3913
vn -0.8555 -0.3129 0.4125
vn -0.8538 -0.3754 0.3606
vn -0.8518 -0.3511 0.3889
vn -0.8557 -0.3993 0.3293
vn -0.8549 -0.3727 0.3608
vn -0.0033 0.3181 0.9480
vn -0.0081 0.3228 0.9464
vn -0.0222 0.3223 0.9464
vn -0.0303 0.3303 0.9434
vn -0.0354 0.3457 0.9377
vn -0.0557 0.3287 0.9428
vn -0.0772 0.3415 0.9367
vn -0.0895 0.3542 0.9309
vn -0.1363 0.3470 0.9279
vn -0.1135 0.3685 0.9227
vn -0.1875 0.3665 0.9113
vn -0.1784 0.3563 0.9172
vn -0.2524 0.3516 0.9015
vn -0.2534 0.3505 0.9016
vn -0.3207 0.3349 0.8860
vn -0.3181 0.3318 0.8881
vn -0.3917 0.3092 0.8665
vn -0.3853 0.3179 0.8663
vn -0.4755 0.3089 0.8237
vn -0.4641 0.2979 0.8342
vn -0.5082 0.3079 0.8043
vn -0.4964 0.2980 0.8154
vn -0.5406 0.3062 0.7836
vn -0.5278 0.2964 0.7959
vn -0.5834 0.3135 0.7492
vn -0.5999 0.2817 0.7489
vn -0.6583 0.2728 0.7016
vn -0.6709 0.2801 0.6866
vn -0.7121 0.2660 0.6497
vn -0.6947 0.2577 0.6715
vn -0.7507 0.2454 0.6133
vn -0.7366 0.2398 0.6324
vn -0.7788 0.2432 0.5783
vn -0.7940 0.1911 0.5771
vn -0.8177 0.1899 0.5434
vn -0.8271 0.1922 0.5281
vn -0.8662 0.1463 0.4778
vn -0.8742 0.1470 0.4629
vn -0.8946 0.1271 0.4284
vn -0.8839 0.1273 0.4501
vn -0.9036 0.1061 0.4151
vn -0.9097 0.1052 0.4018
vn -0.9219 0.0873 0.3775
vn -0.9156 0.0893 0.3922
vn -0.9293 0.0739 0.3619
vn -0.9256 0.0757 0.3710
vn -0.9344 0.0677 0.3498
vn -0.9302 0.0706 0.3602
vn -0.9340 0.0661 0.3511
vn -0.9350 0.0651 0.3485
vn -0.9332 0.0640 0.3537
vn -0.9350 0.0619 0.3493
vn -0.9327 0.0664 0.3546
vn -0.9305 0.0694 0.3596
vn -0.9257 0.0580 0.3738
vn -0.9274 0.0853 0.3643
vn -0.9124 0.0978 0.3975
vn -0.9214 0.0825 0.3798
vn -0.9024 0.1188 0.4141
vn -0.9113 0.1033 0.3985
vn -0.9044 0.1083 0.4128
vn -0.8988 0.1188 0.4219
vn -0.8948 0.1191 0.4303
vn -0.8968 0.1306 0.4227
vn -0.8931 0.1299 0.4306
vn -0.8911 0.1342 0.4335
vn -0.8969 0.1201 0.4256
vn -0.8913 0.1327 0.4335
vn -0.9005 -0.3160 0.2988
vn -0.9006 -0.3175 0.2970
vn -0.8867 -0.3588 0.2916
vn -0.8867 -0.3626 0.2868
vn -0.8771 -0.3992 0.2671
vn -0.8682 -0.4084 0.2819
vn -0.8566 -0.4672 0.2190
vn -0.8611 -0.4343 0.2643
vn -0.8598 -0.3868 0.3334
vn -0.8290 -0.4143 0.3757
vn -0.8403 -0.4279 0.3328
vn -0.8333 -0.4880 0.2599
vn -0.8297 -0.4941 0.2598
vn -0.8105 -0.5595 0.1730
vn -0.7832 -0.5975 0.1721
vn -0.7508 -0.6546 0.0883
vn -0.7124 -0.6964 0.0869
vn -0.6703 -0.7420 0.0110
vn -0.6346 -0.7728 0.0090
vn -0.6042 -0.7960 -0.0359
vn -0.5541 -0.8316 -0.0390
vn -0.5350 -0.8424 -0.0642
vn -0.4919 -0.8681 -0.0659
vn -0.4717 -0.8771 -0.0905
vn -0.4236 -0.8984 -0.1159
vn -0.4063 -0.9091 -0.0920
vn -0.3244 -0.9386 -0.1175
vn -0.3224 -0.9390 -0.1197
vn -0.2398 -0.9609 -0.1386
vn -0.2252 -0.9667 -0.1213
vn -0.1455 -0.9794 -0.1398
vn -0.1438 -0.9794 -0.1416
vn -0.0648 -0.9877 -0.1420
vn -0.0559 -0.9869 -0.1516
vn -0.0169 0.2978 0.9545
vn -0.0166 0.2976 0.9545
vn -0.0409 0.2968 0.9541
vn -0.0492 0.3046 0.9512
vn -0.0663 0.3174 0.9460
vn -0.0844 0.3020 0.9496
vn -0.1145 0.3121 0.9431
vn -0.1190 0.3165 0.9411
vn -0.1605 0.3102 0.9370
vn -0.1507 0.3196 0.9355
vn -0.2051 0.3091 0.9287
vn -0.2093 0.3136 0.9262
vn -0.2734 0.3011 0.9136
vn -0.2765 0.2974 0.9138
vn -0.3453 0.2944 0.8911
vn -0.3348 0.2829 0.8988
vn -0.4248 0.2656 0.8654
vn -0.4009 0.2989 0.8660
vn -0.4933 0.2756 0.8251
vn -0.5030 0.2838 0.8164
vn -0.5309 0.2676 0.8041
vn -0.5396 0.2739 0.7961
vn -0.5624 0.2773 0.7790
vn -0.5781 0.2487 0.7772
vn -0.6277 0.2731 0.7290
vn -0.6447 0.2352 0.7274
vn -0.7043 0.2244 0.6735
vn -0.7262 0.2338 0.6466
vn -0.7457 0.2105 0.6322
vn -0.7605 0.2154 0.6126
vn -0.7839 0.1841 0.5929
vn -0.8001 0.1883 0.5695
vn -0.8169 0.1774 0.5488
vn -0.8222 0.1554 0.5476
vn -0.8411 0.1392 0.5226
vn -0.8480 0.1403 0.5111
vn -0.8827 0.0887 0.4616
vn -0.8894 0.0890 0.4485
vn -0.9001 0.0622 0.4312
vn -0.9058 0.0619 0.4192
vn -0.9113 0.0458 0.4092
vn -0.9162 0.0451 0.3983
vn -0.9202 0.0311 0.3901
vn -0.9264 0.0294 0.3754
vn -0.9271 0.0371 0.3729
vn -0.9269 0.0273 0.3743
vn -0.9273 0.0364 0.3725
vn -0.9323 0.0333 0.3601
vn -0.9313 0.0382 0.3623
vn -0.9351 0.0350 0.3527
vn -0.9319 0.0513 0.3591
vn -0.9353 0.0477 0.3506
vn -0.9313 0.0685 0.3576
vn -0.9371 0.0612 0.3437
vn -0.9343 0.1011 0.3419
vn -0.9333 0.0821 0.3497
vn -0.9297 0.1234 0.3470
vn -0.9382 0.1096 0.3283
vn -0.9339 0.1319 0.3324
vn -0.9380 0.1243 0.3235
vn -0.9370 0.1301 0.3243
vn -0.9423 0.1193 0.3129
vn -0.9416 0.1232 0.3134
vn -0.9477 0.1093 0.3000
vn -0.9475 0.1106 0.3001
vn -0.9534 0.0950 0.2862
vn -0.9544 0.0865 0.2858
vn -0.9595 0.0707 0.2726
vn -0.9602 0.0617 0.2723
vn -0.9638 0.0490 0.2622
vn -0.9660 0.0223 0.2577
vn -0.9647 0.0278 0.2620
vn -0.9662 0.0075 0.2578
vn -0.9675 0.0007 0.2529
vn -0.9675 -0.0040 0.2530
vn -0.9685 -0.0098 0.2488
vn -0.9684 -0.0169 0.2490
vn -0.9691 -0.0217 0.2456
vn -0.9691 -0.0310 0.2448
vn -0.9688 -0.0320 0.2457
vn -0.9680 -0.0543 0.2449
vn -0.9690 -0.0623 0.2390
vn -0.9663 -0.0967 0.2384
vn -0.9657 -0.0907 0.2431
vn -0.9616 -0.1311 0.2410
vn -0.9606 -0.1191 0.2512
vn -0.9489 -0.1643 0.2695
vn -0.9580 -0.1423 0.2490
vn -0.9420 -0.1661 0.2915
vn -0.9447 -0.1921 0.2658
vn -0.9341 -0.2161 0.2841
vn -0.9319 -0.1967 0.3047
vn -0.9239 -0.2406 0.2976
vn -0.9227 -0.2301 0.3093
vn -0.9111 -0.2777 0.3046
vn -0.9125 -0.2757 0.3023
vn -0.9791 -0.1790 -0.0962
vn -0.9777 -0.1835 -0.1019
vn -0.9831 -0.1562 -0.0955
vn -0.9841 -0.1523 -0.0910
vn -0.9872 -0.1236 -0.1012
vn -0.9899 -0.1114 -0.0881
vn -0.9889 -0.1009 -0.1087
vn -0.9913 -0.0893 -0.0970
vn -0.9908 -0.0878 -0.1026
vn -0.9897 -0.0936 -0.1081
vn -0.9897 -0.0988 -0.1032
vn -0.9916 -0.0886 -0.0939
vn -0.9926 -0.0902 -0.0819
vn -0.9900 -0.1046 -0.0944
vn -0.9965 -0.0664 -0.0501
vn -0.9911 -0.1046 -0.0820
vn -0.9928 -0.1087 -0.0501
vn -0.9976 -0.0675 -0.0162
vn -0.9976 -0.0656 0.0220
vn -0.9937 -0.1109 -0.0168
vn -0.9960 -0.0606 0.0654
vn -0.9942 -0.1054 0.0195
vn -0.9942 -0.0883 0.0621
vn -0.9934 -0.0537 0.1011
vn -0.9933 -0.0580 0.1004
vn -0.9902 -0.0270 0.1368
vn -0.9857 0.0017 0.1683
vn -0.9902 -0.0239 0.1373
vn -0.9856 0.0069 0.1692
vn -0.9782 0.0347 0.2046
vn -0.9725 0.0364 0.2300
vn -0.9794 0.0159 0.2012
vn -0.9668 0.0348 0.2533
vn -0.9739 0.0178 0.2262
vn -0.9687 0.0121 0.2480
vn -0.9637 0.0219 0.2661
vn -0.9596 0.0189 0.2807
vn -0.9647 0.0110 0.2631
vn -0.9565 0.0160 0.2913
vn -0.9604 0.0112 0.2783
vn -0.9526 0.0168 0.3037
vn -0.9569 0.0128 0.2902
vn -0.9490 0.0215 0.3146
vn -0.9523 0.0192 0.3046
vn -0.9466 0.0350 0.3206
vn -0.9455 0.0355 0.3238
vn -0.9381 0.0595 0.3413
vn -0.9403 0.0587 0.3352
vn -0.9333 0.0818 0.3497
vn -0.9319 0.0821 0.3534
vn -0.9250 0.1073 0.3644
vn -0.9254 0.1073 0.3635
vn -0.9123 0.1384 0.3854
vn -0.9117 0.1435 0.3851
vn -0.8739 0.2107 0.4381
vn -0.8763 0.2107 0.4333
vn -0.8571 0.2394 0.4562
vn -0.8526 0.2395 0.4644
vn -0.8331 0.2621 0.4871
vn -0.8376 0.2623 0.4791
vn -0.8105 0.2856 0.5114
vn -0.8150 0.2866 0.5036
vn -0.7877 0.3058 0.5348
vn -0.7827 0.3186 0.5347
vn -0.7247 0.3501 0.5935
vn -0.7124 0.3432 0.6121
vn -0.6629 0.3634 0.6546
vn -0.6473 0.3533 0.6754
vn -0.6134 0.3569 0.7046
vn -0.6267 0.3665 0.6877
vn -0.5706 0.3655 0.7354
vn -0.5817 0.3746 0.7220
vn -0.0532 -0.7288 0.6827
vn -0.0833 -0.6853 0.7235
vn -0.2121 -0.7109 0.6705
vn -0.1848 -0.7555 0.6286
vn -0.3460 -0.7858 0.5126
vn -0.2822 -0.7352 0.6163
vn -0.4002 -0.8082 0.4321
vn -0.4366 -0.7524 0.4932
vn -0.5263 -0.7494 0.4018
vn -0.4800 -0.8187 0.3150
vn -0.5697 -0.7673 0.2944
vn -0.5274 -0.8236 0.2084
vn -0.5834 -0.7877 0.1978
vn -0.5535 -0.8213 0.1380
vn -0.6293 -0.7669 0.1261
vn -0.6040 -0.7933 0.0766
vn -0.6447 -0.7627 0.0518
vn -0.6366 -0.7678 0.0729
vn -0.6802 -0.7328 0.0186
vn -0.6679 -0.7425 0.0505
vn -0.7147 -0.6988 0.0283
vn -0.7185 -0.6952 0.0183
vn -0.7543 -0.6532 0.0664
vn -0.7686 -0.6390 0.0300
vn -0.8008 -0.5901 0.1028
vn -0.8144 -0.5761 0.0700
vn -0.8297 -0.5528 -0.0771
vn -0.8271 -0.5560 -0.0828
vn -0.8712 -0.4826 -0.0904
vn -0.8755 -0.4766 -0.0801
vn -0.9155 -0.3936 -0.0831
vn -0.9166 -0.3892 -0.0915
vn -0.9402 -0.3298 -0.0858
vn -0.9416 -0.3268 -0.0816
vn -0.9580 -0.2740 -0.0850
vn -0.9550 -0.2811 -0.0944
vn -0.9648 -0.2419 -0.1036
vn -0.9684 -0.2321 -0.0912
vn -0.9718 -0.2100 -0.1071
vn -0.9742 -0.2032 -0.0981
vn -0.8256 -0.5392 0.1663
vn -0.8121 -0.5727 0.1123
vn -0.7857 -0.6087 0.1101
vn -0.7685 -0.6371 0.0588
vn -0.7301 -0.6810 0.0563
vn -0.7187 -0.6948 0.0280
vn -0.6688 -0.7430 0.0254
vn -0.6675 -0.7443 0.0225
vn -0.6269 -0.7788 0.0222
vn -0.6356 -0.7710 0.0395
vn -0.6036 -0.7944 0.0672
vn -0.5901 -0.8062 0.0420
vn -0.5437 -0.8361 0.0730
vn -0.5521 -0.8292 0.0880
vn -0.4926 -0.8649 0.0962
vn -0.5276 -0.8351 0.1557
vn -0.4349 -0.8840 0.1715
vn -0.4806 -0.8423 0.2440
vn -0.3569 -0.8962 0.2635
vn -0.4005 -0.8546 0.3304
vn -0.2666 -0.8984 0.3491
vn -0.2939 -0.8720 0.3915
vn -0.1724 -0.8982 0.4043
vn -0.1937 -0.8779 0.4379
vn -0.0535 -0.8906 0.4516
vn -0.0572 -0.8932 0.4459
vn -0.0241 0.4002 0.9161
vn -0.0299 0.4050 0.9138
vn -0.0580 0.4041 0.9129
vn -0.0657 0.4105 0.9095
vn -0.0966 0.4203 0.9022
vn -0.1131 0.4073 0.9063
vn -0.1361 0.4167 0.8988
vn -0.1533 0.4315 0.8890
vn -0.1972 0.4258 0.8831
vn -0.1682 0.4508 0.8766
vn -0.2209 0.4429 0.8689
vn -0.2383 0.4588 0.8560
vn -0.2915 0.4669 0.8349
vn -0.3159 0.4426 0.8393
vn -0.3859 0.4592 0.8001
vn -0.3722 0.4462 0.8138
vn -0.4655 0.4331 0.7719
vn -0.4432 0.4596 0.7696
vn -0.5548 0.3029 0.7749
vn -0.5758 0.3204 0.7523
vn -0.5956 0.3089 0.7415
vn -0.6165 0.3242 0.7175
vn -0.6314 0.3367 0.6985
vn -0.6507 0.3014 0.6969
vn -0.6950 0.3386 0.6343
vn -0.7140 0.2972 0.6339
vn -0.7715 0.2837 0.5694
vn -0.7832 0.2885 0.5509
vn -0.8057 0.2612 0.5316
vn -0.8101 0.2623 0.5243
vn -0.8262 0.2403 0.5095
vn -0.8325 0.2408 0.4990
vn -0.8473 0.2258 0.4807
vn -0.8512 0.2122 0.4801
vn -0.8666 0.1940 0.4598
vn -0.8725 0.1942 0.4483
vn -0.9076 0.1293 0.3995
vn -0.9093 0.1292 0.3956
vn -0.9225 0.0953 0.3740
vn -0.9226 0.0942 0.3740
vn -0.9312 0.0679 0.3581
vn -0.9298 0.0682 0.3616
vn -0.9347 0.0502 0.3519
vn -0.9352 0.0500 0.3504
vn -0.9415 0.0314 0.3354
vn -0.9412 0.0231 0.3370
vn -0.9436 0.0202 0.3303
vn -0.9475 0.0176 0.3193
vn -0.9477 0.0165 0.3188
vn -0.9512 0.0133 0.3084
vn -0.9504 0.0190 0.3105
vn -0.9552 0.0132 0.2956
vn -0.9538 0.0251 0.2993
vn -0.9589 0.0175 0.2832
vn -0.9621 0.0473 0.2685
vn -0.9592 0.0143 0.2823
vn -0.9612 0.0546 0.2703
vn -0.9688 0.0381 0.2447
vn -0.9661 0.0642 0.2501
vn -0.9753 0.0403 0.2174
vn -0.9783 0.0679 0.1957
vn -0.9759 0.0321 0.2159
vn -0.9811 0.0348 0.1906
vn -0.9879 0.0041 0.1553
vn -0.9877 0.0107 0.1562
vn -0.9927 -0.0241 0.1180
vn -0.9928 -0.0132 0.1194
vn -0.9955 -0.0511 0.0800
vn -0.9963 -0.0222 0.0827
vn -0.9971 -0.0594 0.0466
vn -0.9983 -0.0317 0.0484
vn -0.9977 -0.0657 0.0181
vn -0.9994 -0.0298 0.0191
vn -0.9977 -0.0672 -0.0127
vn -0.9990 -0.0418 -0.0123
vn -0.9974 -0.0644 -0.0315
vn -0.9966 -0.0758 -0.0318
vn -0.9955 -0.0854 -0.0401
vn -0.9958 -0.0816 -0.0409
vn -0.9958 -0.0825 -0.0400
vn -0.9949 -0.0918 -0.0414
vn -0.9962 -0.0809 -0.0312
vn -0.9934 -0.1100 -0.0333
vn -0.9957 -0.0916 -0.0155
vn -0.9918 -0.1276 -0.0050
vn -0.9932 -0.1151 -0.0178
vn -0.9888 -0.1491 -0.0061
vn -0.9885 -0.1507 -0.0079
vn -0.9841 -0.1776 -0.0103
vn -0.9850 -0.1727 -0.0047
vn -0.9780 -0.2084 -0.0102
vn -0.9794 -0.2020 -0.0025
vn -0.9721 -0.2345 -0.0063
vn -0.9724 -0.2333 -0.0048
vn -0.9607 -0.2777 -0.0023
vn -0.9616 -0.2742 -0.0077
vn -0.9433 -0.3318 -0.0066
vn -0.9465 -0.3226 0.0067
vn -0.9252 -0.3795 0.0032
vn -0.9234 -0.3838 -0.0034
vn -0.8821 -0.4707 -0.0203
vn -0.8785 -0.4777 -0.0059
vn -0.8349 -0.5495 -0.0307
vn -0.8393 -0.5433 -0.0200
vn -0.6906 0.3997 0.6028
vn -0.7034 0.3768 0.6027
vn -0.6957 0.3393 0.6332
vn -0.6798 0.3692 0.6336
vn -0.6636 0.3386 0.6671
vn -0.6839 0.2981 0.6659
vn -0.6662 0.2747 0.6934
vn -0.6472 0.3134 0.6949
vn -0.6273 0.2964 0.7202
vn -0.6490 0.2516 0.7180
vn -0.6083 0.2897 0.7389
vn -0.6287 0.2482 0.7369
vn -0.5925 0.2774 0.7563
vn -0.6098 0.2429 0.7544
vn -0.5820 0.2564 0.7717
vn -0.5932 0.2633 0.7608
vn -0.5706 0.2866 0.7696
vn -0.5561 0.3126 0.7701
vn -0.5553 0.3202 0.7676
vn -0.5325 0.3577 0.7672
vn -0.4995 0.3802 0.7785
vn -0.5370 0.3205 0.7803
vn -0.4638 0.3505 0.8137
vn -0.5113 0.2739 0.8146
vn -0.4394 0.1952 0.8768
vn -0.4748 0.2219 0.8516
vn -0.3977 0.0802 0.9140
vn -0.4384 0.0052 0.8987
vn -0.3242 -0.1795 0.9288
vn -0.3849 -0.1387 0.9125
vn -0.2354 -0.3480 0.9074
vn -0.2834 -0.4372 0.8536
vn -0.1378 -0.5069 0.8509
vn -0.1897 -0.5879 0.7864
vn -0.0881 -0.6243 0.7762
vn -0.1239 -0.5997 0.7906
vn -0.0717 -0.5863 0.8069
vn -0.0889 -0.6077 0.7891
vn -0.0008 -0.3262 0.9453
vn -0.0519 -0.3890 0.9198
vn 0.0296 -0.1525 0.9879
vn 0.0944 -0.0736 0.9928
vn 0.1096 0.0606 0.9921
vn 0.1393 0.0946 0.9857
vn 0.1614 0.0526 0.9855
vn 0.1339 0.0208 0.9908
vn 0.1728 -0.1134 0.9784
vn 0.1524 -0.1396 0.9784
vn 0.1840 -0.3323 0.9251
vn 0.1573 -0.3725 0.9146
vn 0.0745 -0.9204 0.3837
vn 0.0287 -0.9503 0.3099
vn 0.0177 -0.9937 0.1107
vn 0.0265 -0.9915 0.1274
vn -0.1052 -0.8102 -0.5766
vn -0.0792 -0.6589 -0.7481
vn 0.5332 -0.7289 -0.4295
vn 0.5306 -0.7349 -0.4224
vn 0.1036 -0.9872 0.1212
vn 0.1270 -0.9904 0.0555
vn 0.0284 -0.9697 0.2428
vn 0.0683 -0.9861 0.1515
vn -0.4713 -0.6051 0.6417
vn -0.4513 -0.6653 0.5948
vn -0.6470 -0.2929 0.7039
vn -0.6469 -0.3014 0.7004
vn -0.7305 -0.0677 0.6796
vn -0.7274 -0.0464 0.6847
vn -0.7157 -0.1004 0.6911
vn -0.7165 -0.1121 0.6886
vn -0.6411 -0.2673 0.7194
vn -0.6410 -0.2693 0.7187
vn -0.5156 -0.4138 0.7503
vn -0.5044 -0.4677 0.7259
vn -0.4537 -0.4925 0.7427
vn -0.4551 -0.4869 0.7455
vn -0.4808 -0.4601 0.7464
vn -0.4805 -0.4603 0.7465
vn -0.5605 -0.3524 0.7494
vn -0.5601 -0.3555 0.7483
vn -0.6117 -0.2849 0.7380
vn -0.6122 -0.2719 0.7425
vn -0.6916 -0.1349 0.7095
vn -0.6920 -0.1402 0.7081
vn -0.7620 0.0212 0.6473
vn -0.7600 0.0325 0.6491
vn -0.8102 0.1789 0.5582
vn -0.8054 0.1966 0.5592
vn -0.8308 0.2398 0.5022
vn -0.8208 0.2719 0.5024
vn -0.8397 0.2394 0.4874
vn -0.8325 0.2641 0.4871
vn -0.8470 0.1977 0.4935
vn -0.8389 0.2291 0.4937
vn -0.8452 0.1826 0.5023
vn -0.8514 0.1535 0.5016
vn -0.8559 0.1242 0.5020
vn -0.8640 0.1253 0.4877
vn -0.8642 0.1268 0.4869
vn -0.8676 0.1043 0.4862
vn -0.8725 0.1112 0.4758
vn -0.8710 0.1219 0.4760
vn -0.8792 0.1136 0.4628
vn -0.8764 0.1324 0.4630
vn -0.8841 0.1392 0.4461
vn -0.8839 0.1407 0.4461
vn -0.8886 0.1707 0.4257
vn -0.8906 0.1597 0.4258
vn -0.8942 0.1786 0.4104
vn -0.8930 0.1786 0.4130
vn -0.8964 0.1987 0.3963
vn -0.8969 0.1963 0.3964
vn 0.0475 -0.9487 0.3124
vn 0.0341 -0.9635 0.2656
vn -0.0549 -0.3105 0.9490
vn -0.0341 -0.2646 0.9637
vn -0.0772 -0.1512 0.9855
vn -0.0694 -0.1394 0.9878
vn -0.1050 0.0297 0.9940
vn -0.0850 0.0564 0.9948
vn -0.1325 0.0644 0.9891
vn -0.1088 0.0985 0.9892
vn -0.1284 -0.0967 0.9870
vn -0.1213 -0.0854 0.9889
vn -0.1381 -0.2887 0.9474
vn -0.1180 -0.2480 0.9615
vn -0.1077 -0.5758 0.8105
vn -0.0981 -0.5494 0.8298
vn -0.1089 -0.5713 0.8135
vn -0.1539 -0.5420 0.8262
vn -0.2409 -0.4524 0.8587
vn -0.2048 -0.3585 0.9108
vn -0.3514 -0.3309 0.8758
vn -0.3053 -0.2089 0.9290
vn -0.4484 -0.1004 0.8882
vn -0.4155 -0.0210 0.9094
vn -0.5136 0.0740 0.8548
vn -0.4774 0.1519 0.8655
vn -0.5607 0.2228 0.7975
vn -0.5172 0.3051 0.7997
vn -0.5889 0.3185 0.7428
vn -0.5523 0.3827 0.7406
vn -0.6068 0.3390 0.7190
vn -0.5828 0.3815 0.7175
vn -0.6213 0.3157 0.7171
vn -0.6063 0.3445 0.7168
vn -0.6221 0.3031 0.7219
vn -0.6365 0.2729 0.7214
vn -0.6484 0.2352 0.7241
vn -0.6666 0.2450 0.7040
vn -0.6666 0.2628 0.6975
vn -0.6822 0.2234 0.6962
vn -0.7012 0.2314 0.6743
vn -0.6830 0.2776 0.6756
vn -0.7180 0.2438 0.6519
vn -0.7018 0.2852 0.6528
vn -0.7334 0.2603 0.6280
vn -0.7184 0.2980 0.6285
vn -0.7330 0.3237 0.5982
vn -0.7466 0.2911 0.5983
vn -0.7581 0.3371 0.5583
vn -0.7458 0.3308 0.5783
vn -0.7564 0.3660 0.5421
vn -0.7638 0.3498 0.5424
vn 0.0458 -0.9839 0.1726
vn 0.0151 -0.9755 0.2193
vn 0.1111 -0.4984 -0.8598
vn 0.0812 -0.6099 -0.7883
vn 0.0181 -0.9918 0.1265
vn 0.0701 -0.9702 0.2318
vn 0.0289 -0.6428 -0.7655
vn 0.0334 -0.6214 -0.7828
vn -0.1016 -0.4971 0.8617
vn -0.1136 -0.5025 0.8571
vn -0.1573 -0.5578 0.8149
vn -0.1566 -0.5753 0.8028
vn -0.3238 -0.7443 0.5841
vn -0.3309 -0.6954 0.6379
vn -0.2490 -0.6591 0.7097
vn -0.2051 -0.6720 0.7115
vn -0.2098 -0.4361 0.8751
vn -0.1969 -0.3418 0.9189
vn -0.1990 -0.5435 0.8155
vn -0.2021 -0.4487 0.8705
vn -0.1973 -0.6299 0.7511
vn -0.2101 -0.5293 0.8220
vn -0.2097 -0.6797 0.7028
vn -0.2227 -0.6009 0.7677
vn -0.2552 -0.7123 0.6539
vn -0.2707 -0.6103 0.7445
vn -0.3531 -0.7051 0.6150
vn -0.3612 -0.5789 0.7311
vn -0.1553 -0.3900 0.9076
vn -0.1716 -0.3100 0.9351
vn -0.1629 -0.4231 0.8913
vn -0.1177 -0.4235 0.8982
vn -0.1321 -0.5083 0.8510
vn -0.1467 -0.4388 0.8865
vn -0.1929 -0.5440 0.8166
vn -0.2139 -0.4228 0.8806
vn -0.3207 -0.5632 0.7616
vn -0.3044 -0.3925 0.8679
vn -0.1065 -0.0664 0.9921
vn -0.1226 -0.0295 0.9920
vn -0.1017 -0.1128 0.9884
vn -0.0516 -0.0801 0.9955
vn -0.0521 -0.1540 0.9867
vn -0.0670 -0.1230 0.9901
vn -0.0771 -0.1376 0.9875
vn -0.0711 -0.1478 0.9865
vn -0.1230 0.0646 0.9903
vn -0.1065 0.0329 0.9938
vn -0.0847 0.0110 0.9963
vn -0.0620 0.0299 0.9976
vn -0.0531 0.0074 0.9986
vn -0.0395 -0.0156 0.9991
vn -0.0465 -0.0149 0.9988
vn -0.0462 -0.0154 0.9988
vn -0.1863 -0.2236 0.9567
vn -0.2757 -0.3872 0.8798
vn -0.1605 -0.2228 0.9615
vn -0.1154 -0.1593 0.9805
vn -0.0306 0.0020 0.9995
vn -0.0334 0.0055 0.9994
vn -0.0475 0.0030 0.9989
vn -0.0650 -0.0134 0.9978
vn -0.0558 -0.0778 0.9954
vn -0.0372 -0.1011 0.9942
vn -0.0718 -0.0967 0.9927
vn -0.1098 -0.1288 0.9856
vn -0.1253 -0.2074 0.9702
vn -0.1381 -0.1677 0.9761
vn -0.1139 -0.2566 0.9598
vn -0.0664 -0.2408 0.9683
vn -0.0766 -0.3186 0.9448
vn -0.0935 -0.2698 0.9584
vn -0.1284 -0.2733 0.9533
vn -0.1199 -0.2924 0.9487
vn -0.1123 -0.1875 0.9758
vn -0.1836 -0.2498 0.9507
vn -0.0564 -0.1965 0.9789
vn -0.1165 -0.1199 0.9859
vn -0.1805 -0.3028 0.9358
vn -0.1621 -0.2959 0.9414
vn -0.1782 -0.1523 0.9721
vn -0.1248 -0.1086 0.9862
vn -0.1783 -0.0217 0.9837
vn -0.1404 0.0163 0.9900
vn -0.2753 -0.2755 0.9210
vn -0.2728 -0.2706 0.9232
vn -0.3049 -0.2824 0.9096
vn -0.3000 -0.2866 0.9099
vn -0.2159 -0.2616 0.9407
vn -0.2266 -0.2783 0.9334
vn -0.2004 0.0634 0.9777
vn -0.1489 0.1208 0.9814
vn -0.2793 -0.0763 0.9572
vn -0.2826 -0.0815 0.9558
vn -0.3126 -0.0838 0.9462
vn -0.3257 -0.0702 0.9429
vn -0.2159 -0.0738 0.9736
vn -0.2354 -0.0989 0.9668
vn -0.2684 0.0883 0.9592
vn -0.2992 0.0449 0.9531
vn -0.3182 0.0758 0.9450
vn -0.3508 0.1150 0.9294
vn -0.2146 0.0576 0.9750
vn -0.2472 0.0167 0.9688
vn -0.2776 0.1942 0.9408
vn -0.3202 0.1364 0.9375
vn -0.3433 0.1757 0.9226
vn -0.3768 0.2184 0.9002
vn -0.2226 0.1576 0.9621
vn -0.2637 0.1056 0.9588
vn -0.3565 0.3240 0.8763
vn -0.3843 0.2873 0.8774
vn -0.4733 0.2675 0.8393
vn -0.4573 0.2915 0.8402
vn -0.4875 0.2617 0.8330
vn -0.4709 0.2870 0.8342
vn -0.5080 0.2639 0.8199
vn -0.4828 0.3022 0.8220
vn -0.5313 0.4249 0.7329
vn -0.5124 0.4494 0.7318
vn -0.5260 0.3666 0.7674
vn -0.5038 0.3972 0.7671
vn -0.5163 0.3061 0.7999
vn -0.5005 0.3293 0.8006
vn -0.4459 0.2966 0.8445
vn -0.4500 0.3007 0.8409
vn -0.4304 0.2619 0.8638
vn -0.3968 0.3089 0.8644
vn -0.4392 0.2915 0.8498
vn -0.4204 0.3179 0.8498
vn -0.4581 0.2861 0.8416
vn -0.4505 0.2971 0.8419
vn -0.1639 -0.1631 0.9729
vn -0.1828 -0.1392 0.9732
vn -0.4043 -0.1802 0.8967
vn -0.2986 -0.2894 0.9094
vn -0.3831 -0.4488 0.8073
vn -0.5312 -0.3288 0.7809
vn -0.4044 0.2671 0.8747
vn -0.3750 0.2301 0.8980
vn -0.1841 0.1431 0.9724
vn -0.2089 0.1837 0.9605
vn -0.2992 0.2544 0.9196
vn -0.3490 0.1879 0.9181
vn -0.1381 0.1156 0.9836
vn -0.1018 0.1533 0.9829
vn -0.0210 0.0865 0.9960
vn -0.0269 0.0801 0.9964
vn -0.0411 0.0701 0.9967
vn -0.0309 0.0801 0.9963
vn -0.0346 0.0701 0.9969
vn -0.0314 0.0729 0.9968
vn -0.0847 0.0943 0.9919
vn -0.0585 0.1186 0.9912
vn -0.0573 0.0735 0.9956
vn -0.0344 0.0937 0.9950
vn -0.2422 0.2168 0.9457
vn -0.2797 0.1693 0.9450
vn -0.0170 0.1487 0.9887
vn -0.0171 0.1488 0.9887
vn -0.0231 0.1487 0.9886
vn -0.0202 0.1453 0.9892
vn -0.0232 0.1471 0.9889
vn -0.0217 0.1452 0.9892
vn -0.0538 0.1612 0.9855
vn -0.0425 0.1464 0.9883
vn -0.0974 0.1582 0.9826
vn -0.0622 0.1925 0.9793
vn -0.1221 0.1851 0.9751
vn -0.1480 0.2241 0.9633
vn -0.2021 0.2148 0.9555
vn -0.2241 0.2482 0.9424
vn -0.2660 0.2382 0.9341
vn -0.2841 0.2655 0.9213
vn -0.3270 0.3002 0.8961
vn -0.3740 0.2377 0.8964
vn -0.0133 0.2060 0.9785
vn -0.0146 0.2074 0.9781
vn -0.0121 0.2074 0.9782
vn -0.0165 0.2124 0.9770
vn -0.0188 0.2219 0.9749
vn -0.0109 0.2126 0.9771
vn -0.0561 0.2382 0.9696
vn -0.0411 0.2202 0.9746
vn -0.1094 0.2318 0.9666
vn -0.0720 0.2683 0.9606
vn -0.1400 0.2578 0.9560
vn -0.1599 0.2847 0.9452
vn -0.2187 0.2724 0.9370
vn -0.2342 0.2937 0.9268
vn -0.2806 0.2815 0.9176
vn -0.3040 0.3142 0.8994
vn -0.3844 0.3224 0.8650
vn -0.3841 0.3229 0.8650
vn -0.5081 -0.4048 0.7603
vn -0.7213 -0.2956 0.6263
vn -0.0006 -0.2595 0.9657
vn -0.2541 -0.2350 0.9382
vn -0.2715 -0.1853 0.9444
vn -0.5528 -0.0629 0.8309
vn -0.5105 0.3280 0.7949
vn -0.4761 0.2941 0.8287
vn -0.2493 0.0243 0.9681
vn -0.4468 0.1263 0.8857
vn -0.4267 0.2937 0.8554
vn -0.4215 0.2962 0.8571
vn -0.2120 -0.1224 0.9696
vn -0.0628 -0.1424 0.9878
vn -0.2080 -0.1202 0.9707
vn -0.3023 -0.1072 0.9472
vn -0.4035 -0.1531 0.9021
vn -0.4601 -0.1332 0.8778
vn -0.6282 -0.1303 0.7671
vn -0.5592 -0.1714 0.8111
vn -0.7681 -0.1063 0.6314
vn -0.7092 -0.1611 0.6864
vn -0.8213 -0.1282 0.5559
vn -0.8496 -0.0914 0.5194
vn -0.1420 0.4110 0.9005
vn -0.0851 0.4648 0.8813
vn -0.0945 0.6024 0.7926
vn -0.0798 0.6168 0.7831
vn -0.0782 0.6005 0.7958
vn -0.1334 0.5574 0.8195
vn -0.1868 0.5103 0.8395
vn -0.1334 0.4804 0.8668
vn -0.2629 0.4181 0.8695
vn -0.3279 0.3685 0.8699
vn -0.3378 0.2992 0.8924
vn -0.4119 0.2384 0.8795
vn -0.5620 0.1540 0.8127
vn -0.4232 0.0269 0.9056
vn -0.8248 0.3470 0.4465
vn -0.8127 0.3488 0.4668
vn -0.7756 0.3539 0.5226
vn -0.7724 0.3506 0.5297
vn -0.7706 0.2194 0.5983
vn -0.7848 0.2387 0.5719
vn -0.2616 0.3750 0.8894
vn -0.2397 0.3981 0.8855
vn -0.2406 0.5985 0.7642
vn -0.2750 0.5718 0.7729
vn -0.3830 0.4367 0.8140
vn -0.4361 0.3926 0.8098
vn -0.4944 0.3222 0.8073
vn -0.4535 0.2873 0.8437
vn -0.5055 0.2100 0.8369
vn -0.5568 0.1546 0.8161
vn -0.8408 0.3273 0.4313
vn -0.8408 0.3273 0.4312
vn -0.8292 -0.0814 0.5530
vn -0.8587 -0.0392 0.5110
vn -0.7283 0.0209 0.6849
vn -0.7683 0.0743 0.6357
vn -0.5247 0.1558 0.8369
vn -0.5540 0.1920 0.8101
vn -0.2122 0.2497 0.9448
vn -0.2172 0.2558 0.9420
vn -0.7304 -0.1520 0.6658
vn -0.7300 -0.1108 0.6744
vn -0.7538 -0.1448 0.6409
vn -0.7940 -0.1339 0.5930
vn -0.8352 -0.1818 0.5190
vn -0.8157 -0.0822 0.5726
vn -0.8039 -0.1796 0.5670
vn -0.8117 -0.1665 0.5598
vn -0.9024 -0.1423 0.4068
vn -0.8956 -0.1052 0.4323
vn -0.8884 -0.1671 0.4277
vn -0.8744 -0.1914 0.4458
vn -0.9421 -0.1348 0.3071
vn -0.9396 -0.1153 0.3224
vn -0.9310 -0.1816 0.3167
vn -0.9273 -0.1542 0.3412
vn -0.9363 0.0326 0.3498
vn -0.9387 0.0224 0.3440
vn -0.9320 0.0348 0.3608
vn -0.9361 0.0457 0.3487
vn -0.9316 0.0522 0.3598
vn -0.9289 0.0606 0.3652
vn -0.9248 0.0815 0.3716
vn -0.9271 0.0894 0.3640
vn -0.9195 0.1042 0.3791
vn -0.9217 0.1135 0.3709
vn -0.9140 0.1317 0.3838
vn -0.9167 0.1258 0.3792
vn -0.9130 0.1316 0.3862
vn -0.9144 0.1287 0.3837
vn -0.9152 0.1282 0.3821
vn -0.9145 0.1227 0.3854
vn -0.9163 0.1261 0.3801
vn -0.9152 0.1279 0.3821
vn -0.9238 0.1068 0.3676
vn -0.9185 0.1154 0.3782
vn -0.9263 0.0948 0.3648
vn -0.9304 0.0887 0.3557
vn -0.9348 0.0758 0.3469
vn -0.9323 0.0791 0.3529
vn -0.9359 0.0618 0.3468
vn -0.9361 0.0695 0.3447
vn -0.9334 0.0648 0.3528
vn -0.9357 0.0628 0.3472
vn -0.9325 0.0628 0.3555
vn -0.9342 0.0617 0.3514
vn -0.9324 0.0635 0.3559
vn -0.9268 0.0661 0.3698
vn -0.9178 0.0726 0.3904
vn -0.9255 0.0704 0.3721
vn -0.9104 0.0709 0.4077
vn -0.9083 0.0995 0.4062
vn -0.8960 0.0801 0.4367
vn -0.8924 0.1161 0.4360
vn -0.8761 0.1020 0.4712
vn -0.8718 0.1334 0.4714
vn -0.8557 0.1229 0.5027
vn -0.8509 0.1502 0.5035
vn -0.8317 0.1436 0.5364
vn -0.8251 0.1739 0.5376
vn -0.8060 0.1828 0.5630
vn -0.7928 0.1788 0.5827
vn -0.7654 0.1833 0.6169
vn -0.7501 0.2336 0.6186
vn -0.7106 0.2221 0.6676
vn -0.7269 0.2292 0.6474
vn -0.6884 0.2177 0.6919
vn -0.6710 0.2621 0.6936
vn -0.6484 0.2384 0.7230
vn -0.6367 0.2655 0.7240
vn -0.6152 0.2663 0.7421
vn -0.6010 0.2570 0.7568
vn -0.5819 0.2587 0.7710
vn -0.5711 0.2794 0.7719
vn -0.5528 0.2790 0.7852
vn -0.5438 0.2726 0.7937
vn -0.5113 0.2822 0.8117
vn -0.5189 0.2882 0.8048
vn -0.4779 0.2934 0.8280
vn -0.4828 0.2980 0.8234
vn -0.4455 0.2992 0.8438
vn -0.4351 0.3140 0.8438
vn -0.3836 0.3251 0.8644
vn -0.3781 0.3183 0.8694
vn -0.3109 0.3412 0.8871
vn -0.3008 0.3281 0.8955
vn -0.2429 0.3445 0.9068
vn -0.2272 0.3246 0.9182
vn -0.1686 0.3378 0.9260
vn -0.1521 0.3169 0.9362
vn -0.1137 0.3024 0.9464
vn -0.0866 0.3284 0.9406
vn -0.0638 0.2903 0.9548
vn -0.0392 0.3122 0.9492
vn -0.0263 0.2937 0.9555
vn -0.0084 0.2740 0.9617
vn -0.0211 0.2734 0.9617
vn -0.0100 0.2612 0.9652
vn -0.0059 0.2613 0.9652
vn -0.0112 0.2669 0.9637
vn -0.9477 -0.0810 0.3087
vn -0.9505 -0.1024 0.2935
vn -0.9553 -0.0426 0.2926
vn -0.9544 -0.0372 0.2961
vn -0.9553 -0.0184 0.2951
vn -0.9545 -0.0139 0.2980
vn -0.9547 -0.0054 0.2975
vn -0.9545 -0.0044 0.2981
vn -0.2121 0.2744 0.9379
vn -0.1345 0.2341 0.9628
vn -0.1582 0.2225 0.9620
vn -0.1374 0.2101 0.9680
vn -0.1592 0.2001 0.9667
vn -0.1403 0.1876 0.9722
vn -0.1725 0.1743 0.9695
vn -0.1575 0.1631 0.9739
vn -0.1914 0.1781 0.9652
vn -0.1984 0.1466 0.9691
vn -0.2290 0.1612 0.9600
vn -0.2524 0.1792 0.9509
vn -0.2538 0.1785 0.9507
vn -0.3004 0.2119 0.9300
vn -0.3196 0.2617 0.9107
vn -0.3426 0.1872 0.9206
vn -0.4696 0.2080 0.8580
vn -0.4651 0.2232 0.8567
vn -0.5649 0.1517 0.8111
vn -0.5579 0.1483 0.8165
vn -0.6618 0.0625 0.7470
vn -0.6644 0.0637 0.7447
vn -0.7374 -0.0067 0.6754
vn -0.7615 0.0065 0.6481
vn -0.8025 -0.0382 0.5954
vn -0.8266 -0.0223 0.5623
vn -0.8704 -0.0257 0.4917
vn -0.8472 -0.0456 0.5293
vn -0.9171 0.0259 0.3977
vn -0.9155 0.0230 0.4017
vn -0.9383 0.0045 0.3457
vn -0.9367 0.0121 0.3498
vn -0.9152 0.0172 0.4027
vn -0.9047 0.0013 0.4261
vn -0.9361 -0.0044 0.3516
vn -0.9342 0.0051 0.3567
vn -0.9241 -0.0091 0.3821
vn -0.9312 -0.0456 0.3617
vn -0.9189 -0.0754 0.3871
vn -0.9090 -0.0915 0.4066
vn -0.8985 -0.0568 0.4354
vn -0.8884 -0.0044 0.4591
vn -0.8719 -0.1189 0.4750
vn -0.8596 -0.0491 0.5086
vn -0.6842 0.1684 0.7095
vn -0.6737 0.2063 0.7096
vn -0.6466 0.2325 0.7266
vn -0.6417 0.2463 0.7264
vn -0.6593 0.2321 0.7151
vn -0.6458 0.2677 0.7150
vn -0.6455 0.2753 0.7124
vn -0.6290 0.3171 0.7097
vn -0.6295 0.3030 0.7154
vn -0.6060 0.3600 0.7093
vn -0.5083 0.3006 0.8070
vn -0.5604 0.1523 0.8141
vn -0.4625 0.3391 0.8192
vn -0.5039 0.2339 0.8315
vn -0.4245 0.3187 0.8475
vn -0.4522 0.2446 0.8577
vn -0.3865 0.2616 0.8844
vn -0.4026 0.2108 0.8907
vn -0.3589 0.1746 0.9169
vn -0.3499 0.2083 0.9133
vn -0.3263 0.1742 0.9291
vn -0.3292 0.1618 0.9303
vn -0.3267 0.1750 0.9288
vn -0.3318 0.1518 0.9311
vn -0.3609 0.1674 0.9174
vn -0.3422 0.1681 0.9245
vn -0.3432 0.1433 0.9283
vn -0.3411 0.1563 0.9269
vn -0.2977 0.1057 0.9488
vn -0.2933 0.1388 0.9459
vn -0.2429 0.1358 0.9605
vn -0.2480 0.0921 0.9644
vn -0.2178 0.1796 0.9593
vn -0.2244 0.1193 0.9672
vn -0.2671 0.2532 0.9298
vn -0.2700 0.2196 0.9375
vn -0.3870 0.3310 0.8606
vn -0.3829 0.3795 0.8423
vn -0.4516 0.4114 0.7917
vn -0.4516 0.4371 0.7778
vn -0.4915 0.4796 0.7269
vn -0.4794 0.4430 0.7575
vn -0.4943 0.4797 0.7250
vn -0.5094 0.5078 0.6948
vn -0.5035 0.5259 0.6855
vn -0.5283 0.5057 0.6821
vn -0.5165 0.5219 0.6789
vn -0.5180 0.5234 0.6765
vn -0.5094 0.5163 0.6884
vn -0.5157 0.5220 0.6794
vn -0.4694 0.5041 0.7249
vn -0.4906 0.5206 0.6988
vn -0.4611 0.4714 0.7518
vn -0.4073 0.5164 0.7533
vn -0.3728 0.4897 0.7882
vn -0.3289 0.4614 0.8240
vn -0.2554 0.4724 0.8436
vn -0.1923 0.4343 0.8800
vn -0.1233 0.4188 0.8997
vn -0.1550 0.4377 0.8857
vn 0.0756 0.3304 0.9408
vn 0.0057 0.3809 0.9246
vn 0.0114 0.3326 0.9430
vn 0.0351 0.3145 0.9486
vn -0.4949 -0.0520 0.8674
vn -0.5082 -0.0030 0.8612
vn -0.5788 0.2723 0.7687
vn -0.6201 0.3102 0.7206
vn -0.6011 -0.0268 0.7987
vn -0.6055 0.0959 0.7901
vn -0.6133 0.0808 0.7857
vn -0.5750 0.2760 0.7702
vn -0.0532 -0.9940 0.0956
vn -0.0461 -0.9937 0.1020
vn -0.1366 -0.9861 0.0947
vn -0.1303 -0.9875 0.0890
vn -0.2410 -0.9667 0.0864
vn -0.2445 -0.9655 0.0897
vn -0.3648 -0.9247 0.1090
vn -0.3870 -0.9182 0.0840
vn -0.4783 -0.8721 0.1034
vn -0.5324 -0.8302 0.1652
vn -0.5774 -0.8002 0.1619
vn -0.6354 -0.7332 0.2423
vn -0.7230 -0.6117 0.3212
vn -0.6797 -0.6935 0.2387
vn -0.7458 -0.5847 0.3192
vn -0.7726 -0.4907 0.4028
vn -0.7929 -0.4595 0.4003
vn -0.7991 -0.3831 0.4634
vn -0.8138 -0.3538 0.4610
vn -0.8093 -0.3003 0.5048
vn -0.8121 -0.2934 0.5044
vn -0.8054 -0.2566 0.5344
vn -0.7992 -0.2741 0.5349
vn -0.7938 -0.2499 0.5544
vn -0.7889 -0.2652 0.5543
vn -0.7863 -0.2539 0.5633
vn -0.3413 0.3306 0.8799
vn -0.3785 0.3837 0.8423
vn -0.3392 0.5277 0.7788
vn -0.2372 0.3375 0.9109
vn -0.3453 0.6652 0.6621
vn -0.2760 0.5063 0.8170
vn -0.2127 0.7207 0.6598
vn -0.4605 0.6969 0.5497
vn -0.3532 0.7721 0.5283
vn -0.3567 0.7296 0.5835
vn -0.3237 0.6494 0.6881
vn -0.2082 0.6639 0.7182
vn -0.4006 0.6798 0.6143
vn -0.4176 0.5303 0.7378
vn -0.2838 0.4841 0.8277
vn -0.2843 0.4535 0.8447
vn -0.2265 0.4292 0.8744
vn -0.2233 0.4309 0.8744
vn -0.1474 0.4018 0.9038
vn -0.1615 0.2630 0.9512
vn -0.1846 0.1440 0.9722
vn -0.0803 0.2412 0.9671
vn -0.2881 -0.0081 0.9576
vn -0.1411 0.1372 0.9804
vn -0.9935 0.0666 0.0928
vn -0.9710 0.1040 0.2153
vn 0.5621 0.7939 0.2317
vn 0.1708 0.9014 0.3978
vn -0.1590 0.8321 0.5314
vn -0.0504 0.8355 0.5471
vn -0.1867 0.7694 0.6109
vn -0.1315 0.7741 0.6192
vn -0.6252 0.0981 0.7743
vn -0.6320 0.0996 0.7686
vn -0.7186 -0.0444 0.6940
vn -0.7064 -0.0506 0.7060
vn -0.7063 -0.0506 0.7061
vn -0.6928 -0.0595 0.7187
vn -0.6387 0.0126 0.7694
vn -0.6471 -0.0358 0.7616
vn -0.6412 -0.0294 0.7668
vn -0.6430 -0.0388 0.7649
vn -0.6644 0.0878 0.7422
vn -0.6710 0.0538 0.7395
vn -0.6825 0.1382 0.7177
vn -0.6910 0.1009 0.7157
vn -0.6979 0.1367 0.7030
vn -0.6938 0.1564 0.7029
vn -0.6182 0.2550 0.7435
vn -0.6419 0.2781 0.7146
vn -0.6344 0.1784 0.7521
vn -0.6725 0.1968 0.7135
vn -0.6673 0.1254 0.7341
vn -0.6718 0.0757 0.7369
vn -0.6503 -0.1437 0.7460
vn -0.6836 -0.1222 0.7196
vn -0.6836 -0.1655 0.7109
vn -0.6957 -0.1576 0.7008
vn -0.7118 -0.1905 0.6761
vn -0.7275 -0.1789 0.6624
vn -0.7513 -0.2094 0.6259
vn -0.7571 -0.2044 0.6205
vn -0.7876 -0.2307 0.5714
vn -0.7947 -0.2238 0.5643
vn 0.1481 -0.9889 0.0143
vn 0.1446 -0.9894 0.0096
vn 0.2376 -0.9713 -0.0038
vn 0.2317 -0.9728 0.0056
vn 0.5879 0.3609 0.7239
vn 0.6071 0.3153 0.7294
vn 0.3779 0.0568 0.9241
vn 0.3755 0.1065 0.9207
vn 0.4144 0.1925 0.8895
vn 0.4176 0.1433 0.8973
vn 0.3875 0.0179 0.9217
vn 0.3860 0.0640 0.9203
vn 0.2897 0.1559 0.9443
vn 0.2948 0.1030 0.9500
vn 0.4918 0.0276 0.8703
vn 0.4682 0.0274 0.8832
vn 0.4001 0.0981 0.9112
vn 0.3899 0.0977 0.9157
vn 0.3926 0.1068 0.9135
vn 0.3935 0.0989 0.9140
vn 0.3078 0.1150 0.9445
vn 0.3125 0.0606 0.9480
vn 0.3058 0.1813 0.9347
vn 0.3051 0.1853 0.9341
vn 0.4520 0.0514 0.8905
vn 0.4532 0.0323 0.8908
vn 0.6793 0.0625 0.7312
vn 0.7007 0.1037 0.7059
vn 0.7661 -0.2165 0.6052
vn 0.7439 -0.1186 0.6577
vn 0.7865 -0.2570 0.5615
vn 0.7686 -0.1770 0.6147
vn 0.8104 -0.1799 0.5575
vn 0.7866 -0.2562 0.5618
vn 0.8387 -0.2045 0.5048
vn 0.8483 -0.2176 0.4828
vn 0.7210 -0.1225 0.6821
vn 0.7447 -0.0627 0.6644
vn 0.6619 -0.1509 0.7343
vn 0.6868 -0.1073 0.7189
vn 0.6775 0.1869 0.7114
vn 0.6601 0.1559 0.7348
vn 0.8443 -0.1846 0.5031
vn 0.8576 -0.1955 0.4757
vn 0.7842 -0.2864 0.5505
vn 0.7864 -0.2878 0.5466
vn 0.7796 -0.2841 0.5581
vn 0.7845 -0.2900 0.5481
vn 0.6940 -0.3307 0.6395
vn 0.6592 -0.3871 0.6446
vn 0.6619 -0.3754 0.6488
vn 0.6507 -0.3089 0.6936
vn 0.7065 -0.2516 0.6615
vn 0.7199 -0.3191 0.6163
vn 0.6791 -0.1932 0.7082
vn 0.6990 -0.3021 0.6482
vn 0.6417 -0.3478 0.6835
vn 0.6316 -0.2736 0.7254
vn 0.6222 -0.1894 0.7596
vn 0.6548 -0.1473 0.7413
vn 0.6209 -0.3367 0.7079
vn 0.5861 -0.3746 0.7185
vn 0.6062 -0.2217 0.7638
vn 0.6306 -0.1954 0.7511
vn 0.7243 -0.3463 0.5963
vn 0.7207 -0.3426 0.6027
vn 0.7253 -0.3532 0.5909
vn 0.7248 -0.3546 0.5906
vn 0.6799 -0.3861 0.6235
vn 0.6850 -0.3747 0.6248
vn 0.6440 -0.3848 0.6612
vn 0.6241 -0.4104 0.6649
vn 0.7212 -0.3334 0.6072
vn 0.7172 -0.3489 0.6033
vn 0.7770 -0.2692 0.5690
vn 0.7717 -0.2688 0.5764
vn 0.6921 -0.3530 0.6296
vn 0.7168 -0.3479 0.6043
vn 0.7837 -0.2734 0.5577
vn 0.7778 -0.2719 0.5667
vn 0.8527 -0.1713 0.4935
vn 0.8528 -0.1704 0.4936
vn 0.6643 -0.3888 0.6383
vn 0.6600 -0.4053 0.6326
vn 0.6478 -0.4115 0.6412
vn 0.6519 -0.3922 0.6490
vn 0.8439 -0.1402 0.5179
vn 0.8533 -0.1427 0.5015
vn 0.2227 0.1022 0.9695
vn 0.2205 0.1190 0.9681
vn 0.3655 0.1044 0.9249
vn 0.3651 -0.0821 0.9273
vn 0.2383 0.2069 0.9489
vn 0.2331 0.2506 0.9396
vn 0.5969 0.1352 0.7909
vn 0.6447 -0.0692 0.7613
vn 0.6484 0.0322 0.7606
vn 0.5680 -0.0605 0.8208
vn 0.6450 0.0737 0.7607
vn 0.6071 0.0402 0.7936
vn 0.6545 0.1855 0.7329
vn 0.5722 0.0909 0.8151
vn 0.6378 0.2063 0.7421
vn 0.6234 0.1894 0.7586
vn 0.4095 0.1300 0.9030
vn 0.4036 -0.0270 0.9145
vn 0.6548 0.0345 0.7550
vn 0.4742 0.0574 0.8785
vn 0.2861 0.0931 0.9537
vn 0.2891 0.0405 0.9564
vn 0.1873 0.0892 0.9782
vn 0.1792 0.1608 0.9706
vn 0.3300 0.2351 0.9142
vn 0.3340 0.1922 0.9228
vn 0.7957 -0.0170 0.6054
vn 0.7962 -0.0215 0.6046
vn 0.6794 0.0915 0.7281
vn 0.6736 0.1111 0.7307
vn 0.4731 0.0412 0.8801
vn 0.4280 0.1298 0.8944
vn 0.6108 -0.0770 0.7881
vn 0.6077 -0.0614 0.7918
vn 0.7196 -0.1750 0.6720
vn 0.7196 -0.1804 0.6705
vn 0.8213 -0.0627 0.5670
vn 0.8215 -0.0655 0.5665
vn 0.7589 -0.2382 0.6061
vn 0.7583 -0.2447 0.6043
vn 0.8385 -0.1025 0.5351
vn 0.8385 -0.1022 0.5352
vn 0.3152 0.1946 0.9289
vn 0.3062 0.2451 0.9199
vn 0.3598 0.1951 0.9124
vn 0.3471 0.2779 0.8957
vn 0.4386 0.1886 0.8787
vn 0.4245 0.3004 0.8541
vn 0.5850 0.4679 0.6624
vn 0.5603 0.4504 0.6951
vn 0.5352 0.4846 0.6919
vn 0.5547 0.4981 0.6665
vn 0.5752 0.3965 0.7155
vn 0.6193 0.4286 0.6579
vn 0.6846 -0.3403 0.6446
vn 0.6837 -0.3454 0.6429
vn 0.6691 -0.3238 0.6690
vn 0.6669 -0.3386 0.6638
vn 0.6114 -0.3950 0.6856
vn 0.6089 -0.4071 0.6808
vn 0.5831 -0.3832 0.7164
vn 0.5836 -0.3800 0.7177
vn 0.6396 -0.3013 0.7072
vn 0.6390 -0.3078 0.7050
vn 0.5275 -0.2332 0.8169
vn 0.5259 -0.2164 0.8226
vn 0.4691 -0.3191 0.8235
vn 0.4687 -0.2988 0.8313
vn 0.6339 -0.3960 0.6643
vn 0.6298 -0.4143 0.6570
vn 0.6350 -0.3691 0.6786
vn 0.6019 -0.4086 0.6862
vn 0.6863 -0.3921 0.6126
vn 0.6640 -0.3878 0.6393
vn 0.5256 0.1938 0.8283
vn 0.5102 0.3314 0.7936
vn 0.7441 -0.2174 0.6317
vn 0.7459 -0.2172 0.6297
vn 0.4118 -0.0254 0.9109
vn 0.3758 0.0370 0.9259
vn 0.1872 -0.6239 0.7588
vn 0.1519 -0.5790 0.8010
vn 0.2638 -0.4744 0.8399
vn 0.2284 -0.4196 0.8785
vn 0.3040 -0.3745 0.8760
vn 0.2626 -0.2814 0.9230
vn 0.2081 -0.5288 0.8228
vn 0.1519 -0.4153 0.8969
vn 0.4064 -0.1466 0.9018
vn 0.3588 -0.0445 0.9324
vn 0.1815 -0.6233 0.7606
vn 0.2634 -0.5828 0.7688
vn 0.2229 0.3147 0.9226
vn 0.3564 0.3245 0.8762
vn 0.2174 0.2450 0.9448
vn 0.2302 0.3079 0.9232
vn 0.5940 0.1996 0.7793
vn 0.5821 0.2129 0.7848
vn 0.3583 -0.0665 0.9312
vn 0.4320 0.0272 0.9015
vn 0.0982 -0.3465 0.9329
vn 0.0151 -0.2762 0.9610
vn 0.5140 0.4528 0.7286
vn 0.4720 0.4207 0.7747
vn 0.2248 0.3785 0.8979
vn 0.1614 0.3331 0.9290
vn -0.0445 0.5362 0.8429
vn 0.0470 0.5719 0.8190
vn 0.3714 0.5697 0.7331
vn 0.3630 0.5766 0.7320
vn 0.0322 0.2862 0.9576
vn -0.0112 0.2524 0.9676
vn 0.5538 0.5118 0.6568
vn 0.5271 0.4833 0.6990
vn 0.5023 0.5141 0.6952
vn 0.5150 0.5225 0.6796
vn 0.4641 0.5475 0.6964
vn 0.4518 0.5399 0.7102
vn 0.5395 0.4806 0.6913
vn 0.5087 0.4540 0.7315
vn 0.5245 0.5245 0.6707
vn 0.5198 0.5183 0.6791
vn 0.3740 -0.6854 0.6248
vn 0.4886 -0.6257 0.6081
vn 0.2259 -0.4842 0.8453
vn 0.2618 -0.4605 0.8482
vn 0.3538 -0.2517 0.9008
vn 0.3092 -0.1705 0.9356
vn 0.1905 -0.6498 0.7358
vn 0.1661 -0.6201 0.7668
vn 0.3614 -0.0386 0.9316
vn 0.3919 -0.0164 0.9198
vn 0.3460 -0.2487 0.9047
vn 0.3029 -0.2763 0.9121
vn 0.2282 -0.5000 0.8355
vn 0.2694 -0.4756 0.8374
vn 0.6949 -0.3725 0.6151
vn 0.7802 -0.2934 0.5525
vn 0.8076 -0.1972 0.5558
vn 0.7396 -0.2770 0.6134
vn 0.7175 -0.0681 0.6932
vn 0.6541 -0.1457 0.7422
vn 0.1400 -0.2704 0.9525
vn 0.2253 -0.1803 0.9575
vn -0.0087 0.2472 0.9689
vn -0.0150 0.2523 0.9675
vn -0.1828 0.4164 0.8906
vn -0.1256 0.4573 0.8804
vn -0.0739 0.4081 0.9099
vn -0.0587 0.4205 0.9054
vn 0.7366 -0.0714 0.6725
vn 0.7373 0.0276 0.6750
vn 0.7236 0.1864 0.6645
vn 0.7410 0.1090 0.6626
vn 0.7346 0.1146 0.6687
vn 0.7447 0.0196 0.6672
vn 0.7030 -0.0278 0.7106
vn 0.6914 -0.1492 0.7069
vn 0.6920 -0.1503 0.7061
vn 0.6014 -0.1412 0.7864
vn 0.5530 -0.2165 0.8045
vn 0.5308 -0.2983 0.7932
vn 0.7219 0.1876 0.6661
vn 0.6975 0.2564 0.6691
vn 0.6377 0.3502 0.6860
vn 0.6184 0.3394 0.7088
vn 0.6977 0.2981 0.6515
vn 0.6607 0.2781 0.6973
vn 0.5487 0.3785 0.7454
vn 0.5224 0.3618 0.7721
vn 0.4741 -0.1583 0.8661
vn 0.4606 -0.1939 0.8662
vn 0.4627 -0.1240 0.8778
vn 0.4978 -0.0342 0.8666
vn 0.6447 0.2042 0.7366
vn 0.6611 0.1181 0.7409
vn 0.6616 0.0373 0.7490
vn 0.6571 0.1225 0.7437
vn 0.3730 0.3523 0.8583
vn 0.3455 0.3829 0.8567
vn 0.4967 -0.1539 0.8542
vn 0.5120 -0.1176 0.8509
vn 0.6236 0.0344 0.7810
vn 0.6721 0.0225 0.7401
vn 0.6293 -0.0041 0.7772
vn 0.6538 -0.0133 0.7565
vn 0.6194 -0.0677 0.7822
vn 0.6531 -0.0906 0.7518
vn 0.5376 -0.0087 0.8431
vn 0.5955 0.0158 0.8032
vn 0.6300 -0.0315 0.7759
vn 0.5784 -0.0452 0.8145
vn 0.5990 -0.1297 0.7901
vn 0.6087 -0.0954 0.7877
vn 0.5926 -0.0982 0.7995
vn 0.5747 -0.1409 0.8062
vn 0.6409 -0.1082 0.7600
vn 0.5904 -0.1196 0.7982
vn 0.5924 -0.0643 0.8030
vn 0.6207 -0.0477 0.7826
vn 0.6817 -0.0191 0.7314
vn 0.6781 -0.0394 0.7339
vn 0.6102 -0.2129 0.7631
vn 0.5737 -0.2210 0.7887
vn 0.6162 -0.0662 0.7848
vn 0.6335 -0.1072 0.7663
vn 0.6958 -0.0119 0.7182
vn 0.6914 -0.0253 0.7221
vn 0.6973 -0.0209 0.7164
vn 0.6987 -0.0178 0.7152
vn 0.6428 -0.0562 0.7640
vn 0.6646 -0.0739 0.7435
vn 0.6619 -0.1190 0.7401
vn 0.6292 -0.0888 0.7721
vn 0.5473 -0.3066 0.7788
vn 0.5382 -0.3083 0.7844
vn 0.6214 -0.1384 0.7712
vn 0.6307 -0.1698 0.7573
vn 0.6356 -0.0968 0.7659
vn 0.6514 -0.0863 0.7538
vn 0.6610 -0.1196 0.7408
vn 0.6419 -0.1293 0.7558
vn 0.6957 -0.0488 0.7166
vn 0.6768 -0.0946 0.7300
vn 0.6873 -0.0264 0.7259
vn 0.6769 -0.0539 0.7341
vn 0.6891 -0.0410 0.7235
vn 0.6989 -0.0206 0.7149
vn 0.6988 -0.0859 0.7102
vn 0.7233 -0.0365 0.6896
vn 0.6490 -0.0937 0.7550
vn 0.6191 -0.0912 0.7800
vn 0.4727 -0.3744 0.7977
vn 0.4813 -0.3734 0.7930
vn 0.5943 -0.2343 0.7694
vn 0.5951 -0.2391 0.7673
vn 0.6485 -0.1792 0.7398
vn 0.6392 -0.1829 0.7469
vn 0.5410 -0.3103 0.7817
vn 0.5397 -0.2830 0.7928
vn 0.4257 -0.3276 0.8435
vn 0.5067 -0.3183 0.8012
vn 0.6008 -0.2424 0.7618
vn 0.6196 -0.2365 0.7484
vn 0.5272 -0.2747 0.8041
vn 0.5875 -0.2621 0.7656
vn 0.7483 -0.0586 0.6608
vn 0.7248 -0.0975 0.6820
vn 0.7700 -0.1300 0.6247
vn 0.7503 -0.1664 0.6398
vn 0.7808 0.2325 0.5799
vn 0.7758 0.2241 0.5898
vn 0.7896 0.1990 0.5805
vn 0.7812 0.2238 0.5828
vn 0.7928 -0.1388 0.5934
vn 0.7670 -0.1804 0.6158
vn 0.7909 -0.1936 0.5804
vn 0.8061 -0.2315 0.5447
vn 0.7790 0.1757 0.6019
vn 0.7857 0.1598 0.5976
vn 0.8069 -0.2260 0.5458
vn 0.8144 -0.2491 0.5241
vn 0.7996 0.1248 0.5875
vn 0.7919 0.0997 0.6025
vn 0.8251 -0.2327 0.5148
vn 0.8317 -0.2526 0.4944
vn 0.8876 -0.2695 0.3736
vn 0.8878 -0.2707 0.3723
vn 0.8608 -0.0573 0.5058
vn 0.8410 -0.0043 0.5410
vn 0.8248 0.0353 0.5644
vn 0.8414 -0.0086 0.5404
vn 0.8140 -0.3104 0.4909
vn 0.8374 -0.2899 0.4635
vn 0.8814 -0.3093 0.3571
vn 0.8802 -0.3001 0.3677
vn 0.8319 -0.2518 0.4946
vn 0.8372 -0.2708 0.4751
vn 0.9339 -0.2740 0.2296
vn 0.9290 -0.2821 0.2397
vn 0.8632 0.1412 0.4846
vn 0.9437 0.0877 0.3188
vn 0.9393 0.0995 0.3283
vn 0.8834 -0.0845 0.4610
vn 0.8907 -0.0355 0.4531
vn 0.8761 -0.0099 0.4821
vn 0.8622 -0.0872 0.4990
vn 0.9167 -0.3211 0.2378
vn 0.9166 -0.3244 0.2336
vn 0.9504 -0.2702 0.1543
vn 0.9452 -0.2802 0.1676
vn 0.9754 0.0465 0.2156
vn 0.9691 0.0703 0.2366
vn 0.9380 0.1103 0.3286
vn 0.9317 0.1249 0.3410
vn 0.8640 0.1354 0.4849
vn 0.8704 0.1215 0.4771
vn 0.9153 -0.0220 0.4021
vn 0.9312 -0.0400 0.3624
vn 0.8030 -0.4217 0.4210
vn 0.8557 -0.3815 0.3496
vn 0.9312 -0.3233 0.1683
vn 0.9306 -0.3288 0.1609
vn 0.9603 0.0959 0.2620
vn 0.9692 0.0684 0.2364
vn 0.9851 0.0222 0.1706
vn 0.9799 0.0471 0.1940
vn 0.9268 0.1270 0.3533
vn 0.9236 0.1326 0.3597
vn 0.9052 0.0634 0.4203
vn 0.8897 0.0933 0.4470
vn 0.8826 0.0744 0.4642
vn 0.8877 0.1051 0.4483
vn 0.9286 0.1265 0.3488
vn 0.9260 0.1315 0.3539
vn 0.9259 0.0566 0.3735
vn 0.9270 0.0322 0.3736
vn 0.9262 0.0350 0.3753
vn 0.9263 -0.0159 0.3764
vn 0.9803 0.0401 0.1934
vn 0.9725 0.0693 0.2223
vn 0.9494 0.1104 0.2939
vn 0.9411 0.1266 0.3134
vn 0.9509 0.1239 0.2837
vn 0.9500 0.1070 0.2934
vn 0.9927 -0.0133 0.1196
vn 0.9876 0.0230 0.1555
vn 0.9293 0.0982 0.3561
vn 0.9306 0.0963 0.3532
vn 0.9258 0.0289 0.3770
vn 0.9151 0.0474 0.4003
vn 0.9146 0.0507 0.4012
vn 0.9041 0.0699 0.4215
vn 0.9262 0.1199 0.3574
vn 0.9255 0.1211 0.3589
vn 0.7633 -0.2726 0.5856
vn 0.7913 -0.2582 0.5542
vn 0.7506 -0.6394 0.1665
vn 0.7123 -0.6961 0.0898
vn 0.9608 0.1148 0.2524
vn 0.9593 0.0841 0.2696
vn 0.9584 0.0904 0.2706
vn 0.9491 0.1101 0.2951
vn 0.9880 0.0108 0.1542
vn 0.9818 0.0408 0.1854
vn 0.9396 0.0644 0.3363
vn 0.9412 0.0924 0.3251
vn 0.9471 0.0933 0.3070
vn 0.9380 0.1093 0.3290
vn 0.9358 0.0501 0.3488
vn 0.9307 0.0552 0.3616
vn 0.9361 0.0483 0.3483
vn 0.9312 0.0525 0.3607
vn 0.9052 0.1248 0.4062
vn 0.9043 0.1305 0.4064
vn 0.9188 0.0920 0.3839
vn 0.9208 0.0716 0.3834
vn 0.9678 0.0663 0.2429
vn 0.9577 0.0897 0.2733
vn 0.9467 0.0461 0.3188
vn 0.9487 0.0775 0.3064
vn 0.9543 0.0772 0.2886
vn 0.9463 0.0922 0.3099
vn 0.9346 0.0245 0.3549
vn 0.9314 0.0272 0.3629
vn 0.9272 0.0478 0.3716
vn 0.9305 0.0463 0.3634
vn 0.9257 0.0813 0.3694
vn 0.9272 0.0805 0.3658
vn 0.9299 0.0715 0.3608
vn 0.9305 0.0711 0.3593
vn 0.9322 0.0481 0.3587
vn 0.9296 0.0498 0.3651
vn 0.8892 0.1615 0.4282
vn 0.8882 0.1663 0.4283
vn 0.1486 -0.9841 -0.0969
vn 0.1465 -0.9842 -0.0991
vn 0.2264 -0.9695 -0.0942
vn 0.2272 -0.9692 -0.0952
vn 0.7646 -0.2374 0.5992
vn 0.7800 -0.2282 0.5827
vn 0.8151 -0.3455 0.4650
vn 0.8537 -0.3135 0.4159
vn 0.9622 0.0560 0.2665
vn 0.9527 0.0750 0.2946
vn 0.9502 0.0514 0.3073
vn 0.9574 0.0390 0.2861
vn 0.9409 0.0166 0.3383
vn 0.9338 0.0228 0.3572
vn 0.9267 0.0134 0.3756
vn 0.9272 0.0279 0.3735
vn 0.9327 0.0205 0.3600
vn 0.9282 0.0234 0.3713
vn 0.7774 0.3082 0.5484
vn 0.7905 0.2723 0.5486
vn 0.8616 0.2127 0.4609
vn 0.8621 0.2107 0.4608
vn 0.1455 -0.9850 -0.0928
vn 0.1414 -0.9851 -0.0976
vn 0.9453 0.0109 0.3261
vn 0.9403 0.0153 0.3400
vn 0.9291 0.0072 0.3699
vn 0.9297 0.0213 0.3677
vn 0.9355 0.0131 0.3530
vn 0.9308 0.0161 0.3651
vn 0.9165 0.0636 0.3950
vn 0.9088 0.0647 0.4122
vn 0.9045 0.1343 0.4049
vn 0.9065 0.1181 0.4054
vn 0.9174 0.1019 0.3848
vn 0.9189 0.1014 0.3812
vn 0.9265 0.0502 0.3729
vn 0.9201 0.0520 0.3881
vn 0.6406 0.3485 0.6842
vn 0.6626 0.3569 0.6585
vn 0.7475 0.3003 0.5925
vn 0.7322 0.3369 0.5919
vn 0.9333 0.0179 0.3588
vn 0.9363 0.0165 0.3508
vn 0.9407 0.0127 0.3389
vn 0.9365 0.0155 0.3503
vn 0.9151 0.0413 0.4011
vn 0.9153 0.0263 0.4020
vn 0.9263 0.0151 0.3766
vn 0.9220 0.0164 0.3867
vn 0.9041 0.0776 0.4202
vn 0.8956 0.0779 0.4380
vn 0.8877 0.1559 0.4331
vn 0.8893 0.1559 0.4300
vn 0.4729 0.2549 0.8434
vn 0.4332 0.3158 0.8442
vn 0.5505 0.2997 0.7792
vn 0.5089 0.3699 0.7773
vn 0.3901 0.1397 0.9101
vn 0.4206 0.1641 0.8923
vn 0.4461 0.1522 0.8819
vn 0.4094 0.2109 0.8876
vn 0.3662 0.1098 0.9240
vn 0.3958 0.1374 0.9080
vn 0.3252 0.3121 0.8927
vn 0.3289 0.3163 0.8898
vn 0.3106 0.3424 0.8867
vn 0.3147 0.3474 0.8833
vn 0.9271 0.0157 0.3744
vn 0.9265 0.0158 0.3759
vn 0.9197 0.0408 0.3904
vn 0.9199 0.0297 0.3911
vn 0.9052 0.0573 0.4212
vn 0.9047 0.0574 0.4222
vn 0.8855 0.1016 0.4534
vn 0.8760 0.1010 0.4717
vn 0.8424 0.1478 0.5182
vn 0.8320 0.1459 0.5352
vn 0.8082 0.2541 0.5313
vn 0.8201 0.2130 0.5312
vn 0.8672 0.1941 0.4586
vn 0.8709 0.1769 0.4585
vn 0.4138 0.2458 0.8765
vn 0.4422 0.2704 0.8552
vn 0.3880 0.2143 0.8964
vn 0.4174 0.2443 0.8753
vn 0.2702 0.3176 0.9089
vn 0.2573 0.3322 0.9074
vn 0.2537 0.3461 0.9032
vn 0.2385 0.3631 0.9007
vn 0.3460 0.2902 0.8923
vn 0.3599 0.3049 0.8818
vn 0.9296 0.0339 0.3671
vn 0.9329 0.0329 0.3585
vn 0.9272 0.0548 0.3706
vn 0.9272 0.0528 0.3708
vn 0.9090 0.0637 0.4120
vn 0.9069 0.0639 0.4164
vn 0.8904 0.0934 0.4455
vn 0.8921 0.0757 0.4455
vn 0.8498 0.1530 0.5044
vn 0.8539 0.1323 0.5034
vn 0.8043 0.1676 0.5701
vn 0.8162 0.1707 0.5520
vn 0.7459 0.2146 0.6306
vn 0.7257 0.2069 0.6562
vn 0.6792 0.3038 0.6681
vn 0.6949 0.3114 0.6482
vn 0.7619 0.2612 0.5928
vn 0.7799 0.2666 0.5663
vn 0.1393 0.3332 0.9325
vn 0.1462 0.3403 0.9289
vn 0.0571 0.3208 0.9454
vn 0.0642 0.3278 0.9426
vn 0.0220 0.3145 0.9490
vn 0.0383 0.3314 0.9427
vn 0.1028 0.3473 0.9321
vn 0.1152 0.3613 0.9253
vn 0.2872 0.2957 0.9111
vn 0.2742 0.3105 0.9102
vn 0.3567 0.3251 0.8758
vn 0.3724 0.3412 0.8631
vn 0.9130 0.0798 0.4001
vn 0.9189 0.0791 0.3864
vn 0.8959 0.0924 0.4346
vn 0.8962 0.0893 0.4346
vn 0.8573 0.1556 0.4907
vn 0.8589 0.1476 0.4904
vn 0.8300 0.1585 0.5347
vn 0.8249 0.1793 0.5361
vn 0.7776 0.2217 0.5884
vn 0.7606 0.2168 0.6120
vn 0.6158 0.2455 0.7487
vn 0.6282 0.2528 0.7359
vn 0.5539 0.2639 0.7896
vn 0.5629 0.2699 0.7812
vn 0.4991 0.3213 0.8048
vn 0.5225 0.3399 0.7819
vn 0.5678 0.3352 0.7519
vn 0.5805 0.3449 0.7376
vn 0.0371 0.3222 0.9459
vn 0.0322 0.3174 0.9477
vn 0.0233 0.3144 0.9490
vn 0.0158 0.3069 0.9516
vn 0.1608 0.3084 0.9376
vn 0.1676 0.3152 0.9341
vn 0.0932 0.3011 0.9490
vn 0.0829 0.3099 0.9471
vn 0.3011 0.3210 0.8980
vn 0.2784 0.3462 0.8959
vn 0.3655 0.3815 0.8490
vn 0.3816 0.3976 0.8344
vn 0.9008 0.1114 0.4197
vn 0.9020 0.1003 0.4199
vn 0.8629 0.1792 0.4725
vn 0.8643 0.1728 0.4724
vn 0.8380 0.1717 0.5179
vn 0.8334 0.1901 0.5189
vn 0.7930 0.2255 0.5659
vn 0.7776 0.2213 0.5885
vn 0.6611 0.2463 0.7087
vn 0.6443 0.2844 0.7099
vn 0.5927 0.2558 0.7637
vn 0.5760 0.2870 0.7654
vn 0.5298 0.2795 0.8008
vn 0.5205 0.2726 0.8092
vn 0.4712 0.3063 0.8271
vn 0.4927 0.3248 0.8073
vn 0.4916 0.2890 0.8214
vn 0.4849 0.2832 0.8274
vn 0.4413 0.2901 0.8492
vn 0.4620 0.3109 0.8306
vn 0.0529 0.3041 0.9512
vn 0.0496 0.3011 0.9523
vn 0.1652 0.3278 0.9302
vn 0.1742 0.3364 0.9255
vn 0.1007 0.3166 0.9432
vn 0.0891 0.3262 0.9411
vn 0.3091 0.3783 0.8726
vn 0.2866 0.4021 0.8696
vn 0.8410 0.2030 0.5015
vn 0.8459 0.2034 0.4931
vn 0.8051 0.2411 0.5419
vn 0.7936 0.2381 0.5599
vn 0.6806 0.2521 0.6879
vn 0.6608 0.2972 0.6893
vn 0.6120 0.2545 0.7488
vn 0.5907 0.2945 0.7512
vn 0.5582 0.2787 0.7815
vn 0.5403 0.2656 0.7985
vn 0.5180 0.2785 0.8088
vn 0.5048 0.2674 0.8207
vn 0.0570 0.3196 0.9458
vn 0.0516 0.3148 0.9478
vn 0.1675 0.3724 0.9128
vn 0.1813 0.3855 0.9047
vn 0.0941 0.3568 0.9294
vn 0.1051 0.3667 0.9244
vn 0.6108 0.2837 0.7392
vn 0.6340 0.2988 0.7133
vn 0.6805 0.2862 0.6745
vn 0.6965 0.2953 0.6540
vn 0.5772 0.2778 0.7679
vn 0.5592 0.2647 0.7856
vn 0.5371 0.2776 0.7965
vn 0.5195 0.2628 0.8130
vn 0.0630 0.3589 0.9312
vn 0.0534 0.3505 0.9350
vn 0.7657 -0.5362 0.3554
vn 0.8274 -0.4923 0.2703
vn 0.5968 0.2929 0.7470
vn 0.5771 0.2785 0.7677
vn 0.5559 0.2907 0.7787
vn 0.5373 0.2752 0.7972
vn 0.7930 -0.3256 0.5149
vn 0.7514 -0.3438 0.5632
vn 0.5411 -0.0962 0.8355
vn 0.5452 -0.0448 0.8371
vn 0.5912 0.1474 0.7929
vn 0.5666 0.1390 0.8122
vn 0.5334 -0.0244 0.8455
vn 0.5103 -0.0320 0.8594
vn 0.4206 -0.2185 0.8805
vn 0.4548 -0.2057 0.8665
vn 0.3607 -0.3591 0.8608
vn 0.3474 -0.2868 0.8928
vn 0.2661 -0.5088 0.8187
vn 0.2652 -0.5074 0.8199
vn 0.3189 -0.2814 0.9051
vn 0.3084 -0.2888 0.9064
vn 0.3704 -0.0840 0.9251
vn 0.3347 -0.0289 0.9419
vn 0.7203 0.0728 0.6898
vn 0.7242 0.0566 0.6873
vn 0.6492 -0.0860 0.7557
vn 0.6524 -0.1092 0.7500
vn 0.5638 -0.2390 0.7906
vn 0.5643 -0.2520 0.7862
vn 0.5105 -0.3176 0.7991
vn 0.5101 -0.3280 0.7951
vn 0.1957 -0.7496 0.6323
vn 0.2725 -0.7206 0.6375
vn 0.7015 0.2879 0.6520
vn 0.7042 0.2808 0.6521
vn 0.7037 0.2923 0.6476
vn 0.7237 0.1925 0.6627
vn 0.7415 0.1463 0.6548
vn 0.7436 0.1212 0.6575
vn 0.7629 0.0675 0.6430
vn 0.7826 -0.0016 0.6225
vn 0.8066 -0.0815 0.5854
vn 0.8062 -0.0594 0.5886
vn 0.8262 -0.1291 0.5484
vn 0.8476 -0.1684 0.5031
vn 0.8629 -0.0949 0.4963
vn 0.8476 -0.1707 0.5024
vn 0.8257 -0.0952 0.5560
vn -0.0727 0.5458 0.8348
vn -0.0702 0.5479 0.8336
vn -0.1593 0.5422 0.8250
vn -0.1680 0.5354 0.8277
vn -0.1381 0.6128 0.7781
vn 0.0052 0.6392 0.7691
vn 0.4787 0.3488 0.8057
vn 0.4498 0.3845 0.8062
vn 0.5936 0.3610 0.7192
vn 0.5854 0.3736 0.7195
vn 0.6102 -0.1192 0.7832
vn 0.5729 -0.1008 0.8134
vn 0.6453 -0.1387 0.7512
vn 0.6084 -0.1145 0.7853
vn 0.5810 -0.0370 0.8130
vn 0.5449 -0.0362 0.8377
vn 0.9047 -0.2077 0.3721
vn 0.9086 -0.2303 0.3485
vn 0.8107 -0.2107 0.5463
vn 0.8162 -0.2245 0.5324
vn 0.8928 -0.2453 0.3778
vn 0.9000 -0.2342 0.3676
vn 0.9531 -0.1924 0.2338
vn 0.9537 -0.2059 0.2191
vn 0.9689 -0.1937 0.1540
vn 0.9686 -0.2027 0.1438
vn 0.9580 -0.2387 0.1592
vn 0.9619 -0.2296 0.1483
vn 0.9423 -0.2381 0.2353
vn 0.9458 -0.2314 0.2277
vn 0.9418 -0.3239 0.0900
vn 0.9402 -0.3311 0.0798
vn 0.9577 -0.2779 0.0754
vn 0.9591 -0.2693 0.0867
vn 0.9682 -0.2366 0.0808
vn 0.9714 -0.2273 0.0689
vn 0.9770 -0.2008 0.0724
vn 0.9767 -0.2030 0.0698
vn 0.9569 -0.2211 -0.1884
vn 0.9454 -0.2436 -0.2164
vn 0.9526 -0.2186 -0.2117
vn 0.9607 -0.2040 -0.1883
vn 0.9198 -0.2060 0.3340
vn 0.9162 -0.1830 0.3565
vn 0.9623 -0.1763 0.2072
vn 0.9612 -0.1574 0.2264
vn 0.9754 -0.1617 0.1501
vn 0.9753 -0.1677 0.1438
vn 0.9829 -0.1687 0.0742
vn 0.9826 -0.1713 0.0714
vn 0.9632 -0.1943 -0.1855
vn 0.9678 -0.1847 -0.1713
vn 0.8909 -0.1043 0.4420
vn 0.9056 -0.1229 0.4059
vn 0.9038 -0.0619 0.4235
vn 0.9015 -0.0974 0.4217
vn 0.9157 -0.0501 0.3988
vn 0.8981 -0.0402 0.4379
vn 0.9025 0.0122 0.4305
vn 0.9034 -0.0081 0.4287
vn 0.8932 0.0363 0.4481
vn 0.8904 0.0646 0.4506
vn 0.8747 0.0951 0.4753
vn 0.8758 0.0950 0.4732
vn 0.8455 0.1464 0.5135
vn 0.8485 0.1320 0.5125
vn 0.7626 0.2390 0.6011
vn 0.7698 0.2172 0.6002
vn 0.7263 0.2434 0.6428
vn 0.7123 0.2795 0.6438
vn 0.6039 0.2913 0.7420
vn 0.6408 0.3045 0.7047
vn 0.5204 0.1956 0.8312
vn 0.4744 0.2785 0.8351
vn 0.6858 -0.1967 0.7007
vn 0.7074 -0.1848 0.6822
vn 0.7029 -0.1998 0.6827
vn 0.6980 -0.2021 0.6870
vn 0.6725 -0.2061 0.7108
vn 0.7002 -0.1959 0.6866
vn 0.7268 -0.2131 0.6529
vn 0.7313 -0.2107 0.6487
vn 0.6475 -0.1989 0.7356
vn 0.6790 -0.1903 0.7090
vn 0.6449 -0.1887 0.7406
vn 0.6535 -0.1871 0.7334
vn 0.4324 -0.2608 0.8632
vn 0.5492 -0.2486 0.7978
vn 0.4819 0.0053 0.8762
vn 0.4812 -0.0369 0.8758
vn -0.1929 0.6738 0.7133
vn -0.0886 0.6489 0.7557
vn -0.0699 0.7179 0.6926
vn -0.0553 0.7096 0.7025
vn -0.0019 0.4634 0.8861
vn 0.0349 0.5102 0.8593
vn 0.2421 0.5838 0.7750
vn 0.2304 0.5774 0.7832
vn 0.3501 0.5765 0.7383
vn 0.3737 0.5562 0.7423
vn 0.4637 0.5495 0.6951
vn 0.4614 0.5481 0.6976
vn 0.5164 0.5144 0.6846
vn 0.5366 0.5262 0.6597
vn 0.5582 0.4685 0.6848
vn 0.5897 0.4874 0.6440
vn 0.5880 0.4226 0.6897
vn 0.6221 0.4422 0.6461
vn -0.0299 0.5389 0.8418
vn 0.0058 0.5088 0.8609
vn 0.6392 0.2795 0.7164
vn 0.7063 0.3060 0.6383
vn 0.6707 0.3824 0.6356
vn 0.6222 0.3566 0.6969
vn 0.7359 0.1171 0.6669
vn 0.6556 0.1089 0.7472
vn 0.7338 0.0222 0.6790
vn 0.6500 0.0232 0.7596
vn 0.6206 -0.0257 0.7837
vn 0.6948 -0.0372 0.7183
vn 0.5888 -0.0672 0.8054
vn 0.6594 -0.0875 0.7467
vn 0.5032 -0.1824 0.8447
vn 0.5111 -0.1575 0.8450
vn 0.5415 -0.1540 0.8265
vn 0.6010 -0.1891 0.7766
vn 0.6808 0.2730 0.6797
vn 0.5739 0.2642 0.7751
vn 0.6743 0.2546 0.6932
vn 0.7081 0.1438 0.6913
vn 0.5120 0.0309 0.8584
vn 0.5095 -0.0179 0.8603
vn 0.5181 -0.0114 0.8552
vn 0.5137 -0.0704 0.8551
vn 0.4838 0.1120 0.8680
vn 0.4833 0.1327 0.8653
vn 0.4415 0.0236 0.8970
vn 0.4413 0.0775 0.8940
vn 0.4254 0.0105 0.9050
vn 0.4723 -0.0032 0.8815
vn 0.5115 -0.0070 0.8593
vn 0.5115 -0.0321 0.8587
vn 0.5450 0.0806 0.8346
vn 0.5441 0.0558 0.8371
vn 0.7739 -0.1910 0.6039
vn 0.7884 -0.2218 0.5738
vn 0.7506 -0.1214 0.6495
vn 0.7323 -0.1600 0.6619
vn 0.7622 -0.1950 0.6173
vn 0.7726 -0.2144 0.5976
vn 0.6364 -0.0269 0.7709
vn 0.6391 0.0071 0.7691
vn 0.5970 -0.0518 0.8006
vn 0.6284 -0.0676 0.7749
vn 0.6164 -0.1096 0.7798
vn 0.5876 -0.0924 0.8039
vn 0.5990 0.0045 0.8007
vn 0.6006 0.0302 0.7990
vn 0.5506 -0.0293 0.8343
vn 0.5941 -0.0464 0.8031
vn 0.5869 -0.0909 0.8045
vn 0.5526 -0.0746 0.8301
vn 0.2950 -0.3859 0.8741
vn 0.2690 -0.4253 0.8642
vn 0.1532 -0.4508 0.8794
vn 0.1420 -0.4639 0.8744
vn 0.0467 -0.4733 0.8796
vn 0.0296 -0.4897 0.8714
vn 0.4962 -0.2494 0.8316
vn 0.4539 -0.2397 0.8582
vn 0.2678 -0.1758 0.9473
vn 0.2517 -0.2026 0.9464
vn 0.1546 -0.2255 0.9619
vn 0.1290 -0.2583 0.9574
vn 0.0484 -0.2670 0.9625
vn 0.0390 -0.2768 0.9601
vn 0.7572 -0.2355 0.6092
vn 0.7675 -0.2286 0.5989
vn 0.5756 -0.0654 0.8151
vn 0.5724 -0.1107 0.8125
vn 0.8085 -0.2032 0.5523
vn 0.8108 -0.2090 0.5467
vn 0.7473 -0.1869 0.6376
vn 0.7619 -0.2098 0.6128
vn 0.7314 -0.2483 0.6352
vn 0.7062 -0.2558 0.6602
vn 0.8412 0.1389 0.5226
vn 0.8466 0.1471 0.5115
vn 0.8402 0.1726 0.5140
vn 0.8348 0.1625 0.5261
vn 0.8272 0.1555 0.5399
vn 0.8262 0.1523 0.5424
vn 0.8371 0.1310 0.5311
vn 0.8323 0.1138 0.5426
vn 0.8582 0.0353 0.5121
vn 0.8658 0.0732 0.4950
vn 0.8689 0.0507 0.4924
vn 0.8891 0.0058 0.4576
vn 0.8957 0.0392 0.4429
vn 0.8902 -0.0040 0.4555
vn 0.9092 0.0142 0.4161
vn 0.9047 -0.0258 0.4253
vn 0.9291 0.0028 0.3697
vn 0.9299 0.0374 0.3660
vn 0.5550 -0.4434 0.7038
vn 0.5212 -0.4384 0.7323
vn 0.9282 0.0669 0.3661
vn 0.9288 0.0414 0.3681
vn 0.6033 -0.6291 0.4902
vn 0.5284 -0.6310 0.5680
vn 0.9274 0.0866 0.3640
vn 0.9286 0.0653 0.3652
vn 0.2996 -0.8148 0.4963
vn 0.2664 -0.8433 0.4669
vn 0.9204 0.1143 0.3740
vn 0.9216 0.1031 0.3743
vn 0.3063 -0.6055 0.7345
vn 0.2713 -0.6498 0.7101
vn 0.9073 0.1458 0.3943
vn 0.9070 0.1478 0.3943
vn 0.8911 0.1788 0.4170
vn 0.8905 0.1821 0.4170
vn 0.1503 -0.8674 0.4744
vn 0.1299 -0.8799 0.4570
vn 0.8637 0.2273 0.4497
vn 0.8687 0.2076 0.4498
vn 0.1622 -0.6735 0.7211
vn 0.1378 -0.6962 0.7044
vn 0.7917 0.3048 0.5294
vn 0.8083 0.2557 0.5304
vn 0.0339 -0.8876 0.4593
vn 0.0417 -0.8839 0.4659
vn 0.7630 0.2900 0.5777
vn 0.7480 0.3281 0.5769
vn 0.6787 0.3321 0.6551
vn 0.6622 0.3653 0.6543
vn 0.5674 0.3392 0.7504
vn 0.5418 0.3818 0.7487
vn 0.5016 0.3003 0.8113
vn 0.4596 0.3638 0.8102
vn 0.8136 -0.5211 0.2580
vn 0.7839 -0.5981 0.1666
vn 0.8407 -0.4321 0.3265
vn 0.8302 -0.4944 0.2577
vn 0.4397 0.2905 0.8499
vn 0.4697 0.3170 0.8239
vn 0.4087 0.3043 0.8604
vn 0.4472 0.2496 0.8589
vn 0.9736 -0.1586 -0.1645
vn 0.9748 -0.1553 -0.1602
vn 0.9866 -0.1480 0.0681
vn 0.9871 -0.1413 0.0750
vn 0.9684 -0.1491 0.1998
vn 0.9677 -0.1359 0.2124
vn 0.7237 -0.2169 0.6551
vn 0.7240 -0.2177 0.6546
vn 0.7313 -0.2106 0.6487
vn 0.7289 -0.2042 0.6535
vn 0.9793 -0.1380 0.1478
vn 0.9793 -0.1457 0.1403
vn 0.7040 -0.1516 0.6938
vn 0.6789 -0.1474 0.7193
vn 0.6295 -0.1037 0.7701
vn 0.6210 -0.1623 0.7668
vn 0.6670 -0.1243 0.7346
vn 0.6557 -0.1775 0.7338
vn 0.7394 -0.1793 0.6489
vn 0.7457 -0.1625 0.6461
vn 0.6910 -0.1231 0.7123
vn 0.6782 -0.1678 0.7155
vn 0.2870 0.2707 0.9189
vn 0.3074 0.2734 0.9115
vn 0.2880 0.2887 0.9131
vn 0.3116 0.2922 0.9042
vn 0.8403 -0.3214 0.4365
vn 0.8422 -0.3681 0.3940
vn 0.8350 -0.4441 0.3249
vn 0.8165 -0.5235 0.2433
vn 0.7307 -0.1251 0.6712
vn 0.7130 -0.1675 0.6808
vn 0.8456 -0.3604 0.3938
vn 0.8413 -0.4324 0.3245
vn 0.7099 -0.1361 0.6910
vn 0.6986 -0.1675 0.6956
vn 0.5102 0.2685 0.8171
vn 0.5052 0.2696 0.8198
vn 0.5942 0.2968 0.7476
vn 0.5491 0.3061 0.7777
vn 0.7246 -0.0548 0.6870
vn 0.7172 -0.0154 0.6967
vn 0.7692 -0.0365 0.6380
vn 0.8327 -0.0788 0.5481
vn 0.5089 0.3940 0.7654
vn 0.5095 0.3690 0.7773
vn 0.4455 0.3361 0.8298
vn 0.4476 0.3166 0.8363
vn 0.3239 0.3845 0.8645
vn 0.3326 0.3164 0.8884
vn 0.3795 0.4500 0.8084
vn 0.4288 0.4351 0.7917
vn 0.7055 -0.0060 0.7087
vn 0.7050 -0.0056 0.7092
vn 0.6972 -0.0215 0.7165
vn 0.6890 -0.0158 0.7246
vn 0.6995 -0.0270 0.7141
vn 0.7046 -0.0088 0.7096
vn 0.6729 -0.0731 0.7361
vn 0.6835 -0.0328 0.7292
vn 0.6977 -0.0180 0.7161
vn 0.6881 -0.0417 0.7244
vn 0.6675 -0.0458 0.7432
vn 0.6508 -0.0875 0.7542
vn 0.6532 -0.1117 0.7489
vn 0.6315 -0.0824 0.7710
vn 0.6654 -0.1557 0.7301
vn 0.6541 -0.1339 0.7445
vn 0.6766 -0.1938 0.7104
vn 0.6782 -0.1973 0.7079
vn 0.6531 -0.1874 0.7337
vn 0.6540 -0.1894 0.7324
vn 0.6448 -0.1932 0.7395
vn 0.6607 -0.2325 0.7137
vn 0.6187 -0.2118 0.7565
vn 0.6284 -0.2411 0.7396
vn 0.6121 -0.1770 0.7707
vn 0.6274 -0.2279 0.7446
vn 0.5726 -0.1933 0.7968
vn 0.5883 -0.2627 0.7648
vn 0.5234 -0.1382 0.8408
vn 0.5390 -0.2405 0.8072
vn 0.5702 -0.1739 0.8029
vn 0.6175 -0.1675 0.7686
vn 0.7525 -0.0984 0.6512
vn 0.7719 -0.1381 0.6205
vn 0.5899 0.2118 0.7792
vn 0.6450 0.2046 0.7363
vn 0.5549 0.1965 0.8084
vn 0.5727 0.1934 0.7966
vn 0.6009 0.1263 0.7893
vn 0.6137 0.1240 0.7797
vn 0.6430 0.1518 0.7506
vn 0.6443 0.1079 0.7571
vn 0.6433 0.0705 0.7623
vn 0.6515 0.0683 0.7556
vn 0.6698 0.0742 0.7389
vn 0.6529 0.0783 0.7534
vn 0.6706 0.0386 0.7408
vn 0.6794 0.0351 0.7329
vn 0.6814 0.0366 0.7310
vn 0.6723 0.0399 0.7392
vn 0.7480 -0.1213 0.6525
vn 0.7558 -0.0936 0.6481
vn 0.6499 -0.1117 0.7517
vn 0.6602 -0.1048 0.7437
vn 0.4079 0.0374 0.9123
vn 0.4338 0.0318 0.9005
vn 0.3542 0.1034 0.9294
vn 0.3578 0.0671 0.9314
vn 0.4800 0.2351 0.8452
vn 0.4868 0.0687 0.8708
vn 0.3639 0.1995 0.9098
vn 0.3715 0.0969 0.9234
vn 0.2673 0.1420 0.9531
vn 0.3329 0.1355 0.9332
vn 0.5217 0.1892 0.8319
vn 0.6606 0.1741 0.7303
vn 0.2574 0.1378 0.9564
vn 0.2676 0.1366 0.9538
vn 0.6875 -0.1447 0.7116
vn 0.6624 -0.1188 0.7397
vn 0.7236 -0.0852 0.6849
vn 0.7043 -0.1292 0.6981
vn 0.7255 -0.1333 0.6752
vn 0.7525 -0.0802 0.6537
vn 0.4774 -0.0122 0.8786
vn 0.5178 0.0383 0.8546
vn 0.3560 -0.1926 0.9144
vn 0.5044 -0.1898 0.8423
vn 0.3174 -0.2978 0.9003
vn 0.4645 -0.2934 0.8356
vn 0.1983 -0.3759 0.9052
vn 0.1448 -0.3470 0.9266
vn 0.0463 -0.3393 0.9395
vn 0.0232 -0.3224 0.9463
vn 0.0900 -0.3368 0.9373
vn 0.1119 -0.3505 0.9298
vn 0.1989 -0.3758 0.9051
vn 0.2096 -0.3815 0.9003
vn 0.0510 -0.0858 0.9950
vn 0.0408 -0.0961 0.9945
vn 0.1510 -0.0577 0.9868
vn 0.1344 -0.0779 0.9879
vn 0.2446 -0.0261 0.9693
vn 0.2354 -0.0405 0.9711
vn 0.3624 0.0152 0.9319
vn 0.3798 0.0104 0.9250
vn 0.3899 -0.1627 0.9064
vn 0.3988 -0.0402 0.9162
vn 0.0517 0.0416 0.9978
vn 0.0453 0.0357 0.9983
vn 0.1424 0.0535 0.9884
vn 0.1373 0.0480 0.9894
vn 0.2120 0.0512 0.9759
vn 0.2236 0.0668 0.9724
vn 0.2851 0.0390 0.9577
vn 0.3605 0.0190 0.9326
vn 0.3234 -0.2936 0.8996
vn 0.3547 -0.1241 0.9267
vn 0.0514 0.0505 0.9974
vn 0.0472 0.0536 0.9974
vn 0.1122 0.0546 0.9922
vn 0.1440 0.0342 0.9890
vn 0.8895 -0.4484 0.0876
vn 0.8831 -0.4650 0.0616
vn 0.8828 -0.4411 0.1617
vn 0.8879 -0.4349 0.1501
vn 0.8745 -0.4260 0.2318
vn 0.8837 -0.4161 0.2145
vn 0.8645 -0.3795 0.3296
vn 0.8647 -0.3940 0.3117
vn 0.8365 -0.3150 0.4484
vn 0.8413 -0.3475 0.4141
vn 0.8251 -0.2760 0.4929
vn 0.8318 -0.3135 0.4581
vn 0.8212 -0.2060 0.5322
vn 0.8018 -0.2293 0.5519
vn 0.7831 -0.1964 0.5901
vn 0.7990 -0.1777 0.5745
vn 0.7562 0.2827 0.5901
vn 0.7706 0.2424 0.5894
vn 0.7427 0.2630 0.6158
vn 0.7548 0.2283 0.6150
vn 0.7268 0.2570 0.6370
vn 0.7410 0.2161 0.6358
vn 0.7045 0.2305 0.6712
vn 0.6886 0.2231 0.6900
vn 0.6430 0.3345 0.6889
vn 0.6575 0.3047 0.6891
vn 0.6223 0.3766 0.6863
vn 0.6428 0.3379 0.6875
vn 0.5990 0.3801 0.7047
vn 0.6257 0.3310 0.7064
vn 0.5662 0.3196 0.7598
vn 0.6039 0.2447 0.7586
vn 0.5244 0.1711 0.8341
vn 0.5561 0.0986 0.8253
vn 0.4625 0.0056 0.8866
vn 0.4893 -0.0675 0.8695
vn 0.3731 -0.1845 0.9093
vn 0.3965 -0.2597 0.8805
vn 0.2710 -0.3054 0.9129
vn 0.2988 -0.4039 0.8646
vn 0.8174 0.2378 0.5247
vn 0.8247 0.2137 0.5236
vn 0.8090 0.2152 0.5471
vn 0.8146 0.1957 0.5460
vn 0.8011 0.2012 0.5637
vn 0.8064 0.1824 0.5626
vn 0.7849 0.1952 0.5880
vn 0.7660 0.1892 0.6144
vn 0.7247 0.2823 0.6285
vn 0.7384 0.2876 0.6099
vn 0.7252 0.3077 0.6159
vn 0.7074 0.3483 0.6151
vn 0.6879 0.3587 0.6310
vn 0.7074 0.3173 0.6316
vn 0.6716 0.2961 0.6792
vn 0.6847 0.2664 0.6784
vn 0.6298 0.1387 0.7643
vn 0.6423 0.1028 0.7595
vn 0.5781 -0.0454 0.8147
vn 0.5616 -0.0492 0.8259
vn 0.4671 -0.2158 0.8575
vn 0.4968 -0.2063 0.8430
vn 0.4113 -0.3282 0.8504
vn 0.4060 -0.2757 0.8713
vn 0.4865 -0.0903 0.8690
vn 0.4915 -0.1772 0.8526
vn 0.4002 -0.0654 0.9141
vn 0.4248 -0.0724 0.9024
vn 0.4650 -0.0359 0.8846
vn 0.4640 -0.1145 0.8784
vn 0.6085 -0.1531 0.7786
vn 0.5823 -0.2760 0.7647
vn 0.6011 -0.0900 0.7941
vn 0.5910 -0.1660 0.7894
vn 0.6292 -0.0378 0.7763
vn 0.6546 -0.0519 0.7542
vn 0.6877 0.0134 0.7258
vn 0.6871 0.0011 0.7265
vn 0.6939 0.0086 0.7200
vn 0.6947 0.0180 0.7191
vn 0.6658 -0.0095 0.7461
vn 0.6625 -0.0378 0.7481
vn 0.6245 -0.0587 0.7788
vn 0.6492 -0.0747 0.7569
vn 0.6359 -0.1131 0.7634
vn 0.6110 -0.0946 0.7859
vn 0.6660 -0.1359 0.7334
vn 0.6376 -0.1123 0.7622
vn 0.7015 -0.0983 0.7058
vn 0.6866 -0.1375 0.7139
vn 0.6738 -0.0720 0.7354
vn 0.6604 -0.1107 0.7427
vn 0.6582 -0.0495 0.7512
vn 0.6798 -0.0699 0.7300
vn 0.6908 -0.0228 0.7227
vn 0.6874 -0.0369 0.7253
vn 0.7074 -0.0189 0.7066
vn 0.7082 -0.0146 0.7059
vn 0.6998 -0.0455 0.7129
vn 0.6831 -0.0313 0.7297
vn 0.6166 -0.1232 0.7776
vn 0.6246 -0.0816 0.7767
vn 0.5277 -0.2132 0.8223
vn 0.5420 -0.1555 0.8258
vn 0.4999 -0.2236 0.8367
vn 0.4853 -0.2672 0.8325
vn 0.6336 -0.3964 0.6644
vn 0.6254 -0.4364 0.6469
vn 0.7845 0.0915 0.6133
vn 0.7677 0.0899 0.6344
vn 0.6715 -0.0354 0.7401
vn 0.6308 -0.0222 0.7757
vn 0.5864 -0.1054 0.8031
vn 0.5535 -0.0822 0.8288
vn 0.5869 0.2294 0.7764
vn 0.6168 0.2273 0.7536
vn 0.7495 0.0246 0.6615
vn 0.6997 0.0357 0.7135
vn 0.5002 -0.4802 0.7205
vn 0.4994 -0.4835 0.7189
vn 0.5131 -0.4676 0.7198
vn 0.5116 -0.4738 0.7168
vn 0.3804 -0.4115 0.8282
vn 0.3776 -0.4411 0.8141
vn 0.0984 -0.5760 0.8115
vn 0.0854 -0.5534 0.8285
vn 0.3165 -0.4996 0.8064
vn 0.3235 -0.4530 0.8307
vn 0.0998 -0.5662 0.8182
vn 0.1159 -0.5957 0.7948
vn 0.0921 -0.6229 0.7769
vn 0.1371 -0.6715 0.7282
vn 0.5376 -0.4802 0.6931
vn 0.5391 -0.4722 0.6974
vn 0.5231 -0.4924 0.6957
vn 0.5233 -0.4916 0.6960
vn 0.5366 -0.4716 0.6998
vn 0.5298 -0.4959 0.6880
vn 0.7688 -0.2295 0.5969
vn 0.7713 -0.1262 0.6239
vn 0.5307 -0.4694 0.7057
vn 0.5377 -0.4337 0.7230
vn 0.4485 -0.2687 0.8524
vn 0.4491 -0.2822 0.8478
vn 0.0922 -0.3093 0.9465
vn 0.0286 -0.2125 0.9767
vn 0.0308 -0.4204 0.9068
vn -0.0559 -0.3276 0.9431
vn -0.2483 0.0512 0.9673
vn -0.2111 0.0928 0.9731
vn -0.0131 0.0878 0.9961
vn -0.0362 0.1131 0.9929
vn 0.5842 -0.0318 0.8110
vn 0.5850 -0.0347 0.8103
vn 0.5817 -0.0455 0.8121
vn 0.5809 -0.0434 0.8128
vn 0.7849 -0.0506 0.6176
vn 0.7877 -0.0804 0.6107
vn 0.7737 -0.1280 0.6205
vn 0.7739 -0.1393 0.6178
vn 0.5454 -0.4647 0.6976
vn 0.5401 -0.4837 0.6887
vn 0.5822 -0.4319 0.6888
vn 0.5688 -0.4816 0.6667
vn 0.3208 -0.9189 0.2298
vn 0.4357 -0.8152 0.3816
vn 0.4879 -0.7650 0.4203
vn 0.4200 -0.8009 0.4268
vn 0.1629 -0.9355 0.3135
vn -0.0575 -0.9983 -0.0099
vn -0.2637 -0.9645 -0.0142
vn -0.1667 -0.9756 0.1429
vn -0.1828 0.1136 0.9766
vn -0.1480 -0.0280 0.9886
vn 0.1298 0.6313 0.7646
vn 0.1066 0.6760 0.7291
vn 0.1449 0.7162 0.6827
vn 0.1293 0.7324 0.6685
vn 0.1200 -0.0974 0.9880
vn 0.1114 -0.0813 0.9904
vn 0.3257 -0.1890 0.9264
vn 0.3006 -0.1583 0.9405
vn 0.3158 0.1193 0.9413
vn 0.2883 0.0141 0.9574
vn -0.1636 0.9830 0.0832
vn -0.1266 0.9773 0.1699
vn -0.0488 0.9260 0.3744
vn -0.1138 0.9927 0.0403
vn 0.1688 0.7689 0.6167
vn 0.1813 0.7593 0.6249
vn 0.1699 0.7929 0.5852
vn 0.1805 0.7727 0.6086
vn -0.2867 0.9580 0.0083
vn -0.2317 0.9653 0.1205
vn -0.0096 0.9853 -0.1706
vn -0.0169 0.9995 -0.0270
vn 0.3267 0.9219 -0.2082
vn 0.3434 0.9067 -0.2447
vn 0.0109 0.7062 0.7079
vn 0.0352 0.7254 0.6874
vn -0.1196 -0.0656 0.9906
vn -0.1734 -0.1278 0.9765
vn -0.0393 0.8440 0.5348
vn -0.0415 0.8145 0.5786
vn 0.5119 0.8322 -0.2132
vn 0.4628 0.8710 -0.1647
vn -0.0350 0.7725 0.6340
vn -0.0327 0.8117 0.5831
vn -0.0623 0.8512 0.5211
vn -0.0073 0.8368 0.5474
vn -0.0362 0.7439 0.6673
vn -0.0087 0.7281 0.6854
vn 0.0002 0.7454 0.6666
vn 0.0136 0.7668 0.6417
vn 0.5388 0.2539 0.8032
vn 0.5350 0.1066 0.8381
vn 0.1832 0.8001 0.5712
vn 0.1358 0.8170 0.5604
vn -0.3670 0.9292 0.0433
vn -0.4274 0.9014 -0.0699
vn 0.6528 0.3222 0.6856
vn 0.6361 0.3200 0.7021
vn 0.5029 0.1884 0.8436
vn 0.4487 0.2154 0.8673
vn -0.0706 -0.9878 0.1387
vn -0.0042 -0.8282 0.5604
vn 0.4785 -0.7607 0.4385
vn 0.5269 -0.6786 0.5117
vn 0.4119 -0.4577 0.7879
vn 0.4156 -0.4979 0.7611
vn -0.0680 -0.3552 0.9323
vn -0.1234 -0.2532 0.9595
vn -0.0921 -0.9190 0.3833
vn -0.1465 -0.8591 0.4903
vn -0.2179 -0.3942 0.8929
vn -0.2391 -0.3625 0.9008
vn -0.2843 -0.3859 0.8776
vn -0.3008 -0.4284 0.8521
vn 0.5217 -0.2327 0.8208
vn 0.5118 -0.1971 0.8362
vn 0.6872 -0.4926 0.5340
vn 0.6962 -0.4613 0.5501
vn 0.6873 -0.4553 0.5659
vn 0.7079 -0.2933 0.6426
vn -0.2303 -0.9716 -0.0547
vn -0.1091 -0.9846 0.1363
vn -0.6821 -0.5735 -0.4536
vn -0.6775 -0.5802 -0.4520
vn -0.6697 -0.6879 -0.2798
vn -0.7854 -0.5363 -0.3089
vn 0.3115 -0.8312 -0.4606
vn 0.2929 -0.8841 -0.3641
vn -0.1841 -0.7555 0.6288
vn 0.0237 -0.9442 0.3286
vn -0.0419 -0.9413 0.3349
vn -0.2971 -0.7533 0.5867
vn -0.0303 -0.9041 0.4261
vn 0.1566 -0.9447 0.2880
vn -0.1923 -0.5927 0.7822
vn -0.2999 -0.5071 0.8080
vn 0.2389 -0.9059 -0.3497
vn 0.4413 -0.7277 -0.5252
vn 0.1305 0.8175 0.5609
vn 0.2117 0.8301 0.5158
vn 0.4196 0.2299 0.8781
vn 0.4401 0.2747 0.8549
vn -0.0018 0.6530 0.7573
vn 0.0862 0.5868 0.8051
vn 0.6929 0.3033 0.6542
vn 0.6358 0.2234 0.7388
vn 0.6598 -0.2648 0.7033
vn 0.6652 -0.2807 0.6919
vn 0.1897 -0.9223 0.3367
vn 0.4383 -0.8864 -0.1492
vn 0.3515 -0.9265 0.1341
vn 0.4351 -0.8975 0.0720
vn 0.6717 -0.6236 0.4000
vn 0.6262 -0.4597 0.6297
vn 0.7507 0.3593 0.5544
vn 0.6255 0.1904 0.7567
vn 0.6116 -0.4216 0.6695
vn 0.6061 -0.4505 0.6555
vn 0.8196 -0.1862 0.5418
vn 0.8195 -0.0774 0.5678
vn -0.0354 0.0106 0.9993
vn -0.0514 0.0279 0.9983
vn -0.2149 -0.1904 0.9579
vn -0.2468 -0.1514 0.9572
vn -0.2899 0.0186 0.9569
vn -0.3026 0.0322 0.9526
vn -0.2408 -0.1437 0.9599
vn -0.3339 -0.0593 0.9408
vn -0.2877 0.0071 0.9577
vn -0.2584 0.0525 0.9646
vn -0.1159 -0.1939 0.9741
vn -0.2726 -0.0654 0.9599
vn -0.0548 -0.4644 0.8839
vn -0.2235 -0.3631 0.9046
vn -0.2359 -0.3642 0.9010
vn -0.3107 -0.2963 0.9031
vn -0.2169 -0.1801 0.9594
vn -0.2645 -0.1480 0.9529
vn -0.1453 -0.2889 0.9463
vn -0.1532 -0.2030 0.9671
vn 0.0188 -0.4185 0.9080
vn -0.0149 -0.4733 0.8807
vn -0.3208 -0.1761 0.9306
vn -0.2501 -0.2565 0.9336
vn -0.2453 0.0256 0.9691
vn -0.2364 0.0156 0.9715
vn -0.0558 -0.1727 0.9834
vn -0.0645 -0.1613 0.9848
vn 0.0630 0.4605 0.8854
vn 0.0655 0.3437 0.9368
vn -0.0113 0.5891 0.8080
vn 0.1076 0.4918 0.8640
vn 0.3520 -0.4022 0.8452
vn 0.3318 -0.3800 0.8634
vn 0.3416 -0.8931 -0.2927
vn 0.3352 -0.9004 -0.2775
vn 0.6115 -0.2132 0.7620
vn 0.4250 0.2026 0.8823
vn 0.0921 -0.6193 0.7798
vn 0.0606 -0.5876 0.8069
vn 0.2099 -0.0451 0.9767
vn 0.2034 -0.0354 0.9785
vn 0.1429 0.6835 0.7159
vn 0.1107 0.7287 0.6759
vn -0.0646 0.9974 -0.0332
vn -0.0583 0.9973 0.0452
vn 0.0205 -0.0667 0.9976
vn 0.0393 -0.1103 0.9931
vn 0.0710 0.6529 0.7541
vn 0.0797 0.6277 0.7743
vn 0.1039 0.9884 -0.1107
vn 0.1150 0.9799 -0.1632
vn -0.1247 0.2309 0.9649
vn -0.2935 0.0958 0.9512
vn 0.0027 0.7626 0.6468
vn 0.0026 0.7334 0.6798
vn 0.4243 0.8758 -0.2302
vn 0.3591 0.9244 -0.1289
vn -0.1014 -0.0324 0.9943
vn -0.0888 -0.0687 0.9937
vn 0.0330 0.7024 0.7110
vn 0.0429 0.6557 0.7538
vn 0.1424 0.9840 -0.1073
vn 0.1929 0.9512 -0.2409
vn 0.2157 -0.1889 0.9580
vn 0.2032 -0.2187 0.9544
vn 0.1154 -0.8890 -0.4431
vn 0.2248 -0.7355 -0.6391
vn -0.2000 -0.5932 0.7798
vn 0.0118 -0.6983 0.7157
vn -0.0795 0.6486 0.7570
vn -0.0454 0.6986 0.7141
vn 0.0674 0.7504 0.6576
vn -0.1860 0.7422 0.6438
vn -0.0727 -0.9096 0.4090
vn 0.1538 -0.9468 0.2826
vn 0.0831 -0.4854 0.8704
vn 0.1137 -0.4955 0.8611
vn 0.4900 -0.4142 0.7671
vn 0.4730 -0.2796 0.8355
vn 0.5701 -0.6549 0.4961
vn 0.5739 -0.4930 0.6539
vn 0.5090 -0.8351 0.2084
vn 0.4303 -0.8648 0.2586
vn 0.3116 -0.7264 0.6125
vn 0.1156 -0.7038 0.7009
vn 0.1718 -0.5094 0.8432
vn 0.0653 -0.4912 0.8686
vn 0.0059 -0.2479 0.9688
vn -0.1475 -0.2156 0.9653
vn -0.0157 -0.2258 0.9741
vn -0.0224 -0.2246 0.9742
vn 0.2437 -0.4242 0.8721
vn 0.1701 -0.4293 0.8870
vn 0.6482 -0.3494 0.6766
vn 0.5122 -0.4266 0.7454
vn 0.1021 0.8372 0.5373
vn 0.0630 0.8192 0.5700
vn -0.1070 0.8022 0.5874
vn -0.0504 0.8533 0.5190
vn 0.4652 -0.3991 0.7901
vn 0.2789 -0.4482 0.8493
vn 0.2285 -0.4393 0.8688
vn 0.2376 -0.5176 0.8219
vn 0.1749 -0.4873 0.8556
vn 0.1782 -0.5361 0.8251
vn 0.2810 -0.2489 0.9269
vn 0.2723 -0.2190 0.9369
vn 0.3489 0.0772 0.9340
vn 0.3419 0.0715 0.9370
vn 0.3354 0.0051 0.9421
vn 0.3259 0.0213 0.9452
vn 0.2899 -0.1891 0.9382
vn 0.2887 -0.1868 0.9390
vn 0.2932 -0.3523 0.8888
vn 0.2481 -0.4049 0.8800
vn 0.0780 -0.8915 0.4463
vn 0.0447 -0.9923 0.1158
vn -0.3220 -0.5332 -0.7823
vn -0.3134 -0.5562 -0.7697
vn -0.0053 -0.9727 0.2321
vn -0.0933 -0.9469 0.3076
vn -0.2716 -0.5055 0.8190
vn -0.3485 -0.4203 0.8378
vn -0.2963 -0.2969 0.9078
vn -0.3383 -0.2495 0.9074
vn -0.2949 -0.0569 0.9538
vn -0.3718 0.0228 0.9280
vn -0.2918 -0.0663 0.9542
vn -0.2707 0.0059 0.9627
vn 0.0418 -0.4832 0.8745
vn 0.0216 -0.4719 0.8814
vn 0.4313 -0.4293 0.7935
vn 0.4305 -0.4350 0.7909
vn 0.4001 -0.4399 0.8040
vn 0.3925 -0.4775 0.7861
vn 0.5010 -0.3566 0.7886
vn 0.5052 -0.3039 0.8077
vn 0.6713 -0.0760 0.7373
vn 0.6695 -0.0658 0.7399
vn 0.6645 -0.0420 0.7461
vn 0.6725 -0.0721 0.7366
vn 0.6139 -0.2517 0.7482
vn 0.6092 -0.2212 0.7616
vn 0.4928 -0.5815 0.6473
vn 0.5000 -0.5104 0.6996
vn 0.2327 -0.8721 0.4305
vn 0.2332 -0.8712 0.4320
vn -0.5909 -0.6088 -0.5293
vn -0.3241 -0.8895 -0.3222
vn 0.3769 -0.8156 -0.4390
vn 0.4010 -0.7370 -0.5440
vn 0.1363 0.7608 0.6345
vn 0.2509 0.8191 0.5159
vn 0.2098 0.7884 0.5783
vn 0.1638 0.8310 0.5316
vn 0.2334 0.6419 0.7304
vn 0.1334 0.6401 0.7566
vn 0.1604 0.6500 0.7428
vn 0.1711 0.6635 0.7283
vn 0.1319 0.0407 0.9904
vn 0.2020 -0.0319 0.9789
vn 0.2285 0.1407 0.9633
vn 0.2374 0.0944 0.9668
vn 0.1064 0.4650 0.8789
vn 0.1042 0.4668 0.8782
vn 0.1609 -0.4844 0.8599
vn 0.1771 -0.5471 0.8181
vn 0.1295 -0.5177 0.8457
vn 0.1360 -0.5485 0.8250
vn 0.2035 -0.2219 0.9536
vn 0.2132 -0.2468 0.9453
vn 0.2562 0.0982 0.9616
vn 0.2645 0.0850 0.9606
vn 0.2233 0.0271 0.9744
vn 0.2443 -0.0032 0.9697
vn 0.1703 -0.1644 0.9716
vn 0.1940 -0.2052 0.9593
vn 0.1746 -0.3385 0.9246
vn 0.1549 -0.2804 0.9473
vn 0.0115 -0.8722 0.4890
vn 0.0121 -0.8999 0.4359
vn -0.1966 -0.5303 -0.8247
vn -0.2590 -0.2927 -0.9205
vn 0.2953 -0.4033 0.8661
vn 0.2957 -0.4714 0.8309
vn 0.2329 -0.4722 0.8502
vn 0.2309 -0.5069 0.8305
vn 0.3612 -0.2481 0.8989
vn 0.3595 -0.2380 0.9023
vn 0.4799 0.0382 0.8765
vn 0.4433 0.0097 0.8963
vn 0.4680 -0.0082 0.8837
vn 0.4733 -0.0196 0.8807
vn 0.4193 -0.2104 0.8831
vn 0.4213 -0.2159 0.8809
vn 0.3602 -0.4503 0.8170
vn 0.3547 -0.4211 0.8348
vn -0.0562 -0.9841 0.1686
vn -0.0590 -0.9895 0.1321
vn -0.5261 -0.5426 -0.6549
vn -0.3737 -0.8063 -0.4585
vn -0.2563 0.9196 0.2977
vn -0.4811 0.8763 -0.0257
vn 0.1488 0.8306 0.5366
vn 0.0813 0.8432 0.5315
vn 0.6164 -0.4326 0.6580
vn 0.6290 -0.3524 0.6929
vn 0.6632 -0.3723 0.6493
vn 0.6757 -0.2518 0.6928
vn 0.6089 -0.2124 0.7643
vn 0.6064 -0.1850 0.7734
vn 0.5272 -0.1287 0.8400
vn 0.5342 -0.1577 0.8305
vn 0.4070 -0.1053 0.9073
vn 0.4180 -0.0979 0.9032
vn 0.3038 -0.0918 0.9483
vn 0.3177 -0.0825 0.9446
vn 0.2341 -0.0740 0.9694
vn 0.2386 -0.0820 0.9676
vn 0.0317 -0.0686 0.9971
vn -0.0135 -0.0104 0.9999
vn -0.1725 -0.1722 0.9698
vn -0.1126 -0.0893 0.9896
vn -0.1958 -0.1671 0.9663
vn -0.0847 -0.2833 0.9553
vn -0.1015 -0.3452 0.9330
vn -0.0997 -0.2826 0.9540
vn 0.0056 -0.3598 0.9330
vn -0.0349 -0.3326 0.9424
vn -0.0055 -0.4045 0.9145
vn -0.0109 -0.3664 0.9304
vn 0.0278 -0.3180 0.9477
vn 0.1134 -0.3254 0.9387
vn 0.5344 -0.4623 0.7076
vn 0.5317 -0.4777 0.6993
vn 0.5641 -0.4629 0.6838
vn 0.5735 -0.4055 0.7118
vn 0.6472 -0.5829 0.4914
vn 0.6833 -0.4883 0.5429
vn 0.7716 -0.3031 0.5592
vn 0.7826 -0.1499 0.6042
vn 0.6931 -0.3787 0.6133
vn 0.7095 -0.1863 0.6797
vn 0.6356 -0.4219 0.6465
vn 0.6661 -0.3776 0.6432
vn 0.6929 -0.3383 0.6367
vn 0.7043 -0.3735 0.6037
vn 0.7475 -0.2771 0.6037
vn 0.7629 -0.3238 0.5596
vn 0.8105 -0.1917 0.5534
vn 0.8293 -0.2466 0.5014
vn 0.8642 -0.1111 0.4907
vn 0.8816 -0.1530 0.4465
vn 0.8913 -0.0395 0.4517
vn 0.9101 -0.0751 0.4076
vn 0.9141 -0.0179 0.4051
vn 0.9175 0.0259 0.3970
vn 0.9218 0.0513 0.3841
vn 0.9291 0.0406 0.3675
vn 0.9344 0.0729 0.3488
vn 0.9311 0.0771 0.3566
vn 0.9423 0.0474 0.3314
vn 0.9347 0.0574 0.3508
vn 0.9484 0.0340 0.3153
vn 0.9406 0.0447 0.3365
vn 0.9537 0.0247 0.2998
vn 0.9478 0.0331 0.3171
vn -0.1088 0.8431 0.5267
vn -0.1107 0.8477 0.5188
vn 0.2270 -0.7345 0.6395
vn 0.5724 -0.5808 0.5788
vn 0.7268 -0.2646 0.6338
vn 0.7428 -0.3286 0.5833
vn 0.6186 -0.3267 0.7146
vn 0.5684 -0.5678 0.5954
vn 0.6288 -0.4559 0.6299
vn 0.6349 -0.4093 0.6553
vn 0.6629 -0.4709 0.5821
vn 0.6090 -0.5169 0.6016
vn 0.6163 -0.4588 0.6400
vn 0.6136 -0.2955 0.7322
vn 0.6612 -0.3467 0.6653
vn 0.7377 -0.2694 0.6190
vn 0.9499 0.0178 0.3120
vn 0.9431 0.0256 0.3316
vn 0.9416 0.0385 0.3344
vn 0.9403 0.0202 0.3397
vn 0.9362 0.0492 0.3481
vn 0.9345 0.0252 0.3551
vn 0.9351 0.0571 0.3497
vn 0.9341 0.0582 0.3522
vn 0.9340 0.0406 0.3551
vn 0.9275 0.0486 0.3706
vn 0.9245 0.0251 0.3803
vn 0.9231 -0.0042 0.3845
vn 0.9098 -0.0724 0.4087
vn 0.9143 -0.0171 0.4046
vn 0.8816 -0.1528 0.4466
vn 0.8897 -0.0958 0.4464
vn 0.8295 -0.2270 0.5103
vn 0.8377 -0.1914 0.5115
vn 0.7655 -0.2685 0.5847
vn 0.7798 -0.2966 0.5513
vn 0.7201 -0.3572 0.5948
vn 0.7087 -0.3349 0.6209
vn 0.6808 -0.3734 0.6301
vn 0.6611 -0.4082 0.6295
vn 0.6585 -0.3542 0.6640
vn 0.5661 -0.4267 0.7053
vn 0.5497 -0.4606 0.6969
vn 0.5497 -0.4541 0.7012
vn 0.5541 -0.4305 0.7125
vn 0.5577 -0.4655 0.6872
vn 0.5603 -0.4609 0.6882
vn 0.5581 -0.4199 0.7157
vn 0.5610 -0.4552 0.6914
vn 0.5428 -0.4660 0.6988
vn 0.5690 -0.4402 0.6946
vn 0.5702 -0.4596 0.6809
vn 0.3962 0.2351 0.8876
vn 0.3983 0.2272 0.8887
vn 0.2032 0.4790 0.8540
vn 0.1895 0.6076 0.7713
vn 0.8167 -0.2201 0.5334
vn 0.8241 -0.2397 0.5133
vn 0.5411 0.0119 0.8409
vn 0.5298 0.0036 0.8481
vn 0.5951 -0.0346 0.8029
vn 0.5794 -0.0114 0.8150
vn 0.4971 -0.0324 0.8671
vn 0.5208 0.0143 0.8536
vn 0.5516 -0.0318 0.8335
vn 0.5104 -0.1082 0.8531
vn 0.9314 -0.3283 -0.1575
vn 0.9287 -0.3327 -0.1638
vn 0.8688 -0.4759 -0.1370
vn 0.8650 -0.4805 -0.1447
vn 0.6402 -0.0469 0.7668
vn 0.6042 -0.0796 0.7928
vn 0.5763 -0.1069 0.8102
vn 0.5717 -0.1146 0.8124
vn 0.8281 -0.5490 -0.1130
vn 0.8181 -0.5597 -0.1321
vn 0.8473 -0.5278 0.0596
vn 0.8414 -0.5388 0.0414
vn 0.8545 -0.4985 0.1462
vn 0.8451 -0.5239 0.1062
vn 0.8582 -0.4681 0.2106
vn 0.8516 -0.4962 0.1690
vn 0.8614 -0.4016 0.3111
vn 0.8597 -0.4337 0.2700
vn 0.8455 -0.3358 0.4151
vn 0.8484 -0.3701 0.3784
vn 0.8531 -0.3023 0.4252
vn 0.8267 -0.3286 0.4567
vn 0.6329 -0.1089 0.7666
vn 0.6523 -0.0911 0.7524
vn 0.8452 -0.4928 0.2069
vn 0.8046 -0.5281 0.2716
vn 0.8444 -0.3690 0.3885
vn 0.8424 -0.4287 0.3265
vn 0.8276 -0.4572 0.3256
vn 0.8609 -0.4276 0.2757
vn 0.8275 -0.4947 0.2656
vn 0.8553 -0.4692 0.2199
vn 0.8080 -0.2954 0.5099
vn 0.8250 -0.2794 0.4912
vn 0.8386 -0.3427 0.4234
vn 0.8401 -0.3787 0.3883
vn 0.7172 -0.2170 0.6622
vn 0.7276 -0.2105 0.6529
vn 0.7475 -0.2395 0.6196
vn 0.7585 -0.2313 0.6092
vn 0.8299 -0.3043 0.4676
vn 0.8330 -0.3403 0.4363
vn 0.8238 -0.2435 0.5120
vn 0.8083 -0.2596 0.5284
vn 0.9450 -0.2663 -0.1897
vn 0.9455 -0.2808 -0.1650
vn 0.5659 -0.1260 0.8148
vn 0.5709 -0.1728 0.8026
vn 0.5547 -0.1451 0.8193
vn 0.5546 -0.1402 0.8202
vn 0.7906 -0.6122 0.0112
vn 0.8019 -0.5961 0.0403
vn 0.7803 -0.6217 -0.0680
vn 0.7824 -0.6176 -0.0797
vn 0.7845 -0.6166 -0.0663
vn 0.7906 -0.6026 -0.1088
vn 0.7457 -0.6663 -0.0067
vn 0.7533 -0.6576 0.0109
vn 0.7517 -0.6593 -0.0148
vn 0.7630 -0.6431 -0.0662
vn 0.7705 -0.6375 0.0011
vn 0.7833 -0.6181 -0.0661
vn 0.8179 -0.5635 0.1165
vn 0.7683 -0.6071 0.2027
vn 0.7212 -0.6926 0.0117
vn 0.7133 -0.7009 -0.0057
vn 0.7406 -0.6699 0.0521
vn 0.7578 -0.6523 -0.0157
vn 0.7636 -0.6408 0.0790
vn 0.7822 -0.6230 -0.0012
vn 0.7904 -0.5740 0.2140
vn 0.8286 -0.5402 0.1471
vn 0.7440 -0.6532 0.1405
vn 0.7839 -0.6175 0.0652
vn 0.7532 -0.6569 0.0341
vn 0.7117 -0.6938 0.1103
vn 0.7010 -0.7105 0.0615
vn 0.6800 -0.7330 0.0150
vn 0.7258 -0.6735 0.1399
vn 0.7517 -0.6576 0.0498
vn 0.7533 -0.6259 0.2022
vn 0.7888 -0.6104 0.0725
vn 0.6904 -0.7210 0.0588
vn 0.7154 -0.6986 0.0093
vn 0.6695 -0.7426 -0.0188
vn 0.6438 -0.7647 0.0273
vn 0.6422 -0.2214 0.7338
vn 0.6397 -0.1976 0.7428
vn 0.6296 -0.2844 0.7230
vn 0.6310 -0.2367 0.7388
vn 0.7115 -0.3411 0.6144
vn 0.7097 -0.2879 0.6430
vn 0.6862 -0.4296 0.5870
vn 0.6939 -0.3659 0.6202
vn 0.5178 -0.7797 0.3520
vn 0.5802 -0.7652 0.2790
vn 0.2450 -0.9348 0.2573
vn 0.2740 -0.9343 0.2279
vn 0.1332 -0.9638 0.2312
vn 0.1307 -0.9635 0.2335
vn 0.7909 -0.5611 0.2442
vn 0.7521 -0.6415 0.1513
vn 0.6268 -0.7792 0.0036
vn 0.6426 -0.7657 -0.0277
vn 0.6997 -0.6595 0.2746
vn 0.7683 -0.6139 0.1815
vn 0.6775 -0.7301 0.0889
vn 0.6348 -0.7723 0.0227
vn 0.7825 -0.4177 0.4618
vn 0.7247 -0.4401 0.5301
vn 0.6776 -0.7305 0.0850
vn 0.7160 -0.6814 0.1515
vn 0.6027 -0.7957 -0.0601
vn 0.5813 -0.8134 -0.0228
vn 0.5803 -0.8138 -0.0314
vn 0.5808 -0.8135 -0.0306
vn 0.7037 -0.5843 0.4042
vn 0.7312 -0.4904 0.4742
vn 0.5131 -0.8583 -0.0020
vn 0.5419 -0.8397 0.0345
vn 0.4513 -0.8924 -0.0038
vn 0.4419 -0.8969 -0.0147
vn 0.5119 -0.8584 -0.0337
vn 0.4925 -0.8684 -0.0573
vn 0.4396 -0.8962 -0.0594
vn 0.4270 -0.9012 -0.0738
vn 0.2335 -0.9668 -0.1038
vn 0.2422 -0.9656 -0.0949
vn 0.4694 -0.8799 -0.0741
vn 0.4736 -0.8781 -0.0687
vn 0.3963 -0.9151 -0.0738
vn 0.4064 -0.9092 -0.0899
vn 0.4778 -0.8781 -0.0253
vn 0.4729 -0.8806 -0.0321
vn 0.4006 -0.9160 -0.0215
vn 0.4040 -0.9146 -0.0170
vn 0.5940 -0.8037 0.0360
vn 0.6276 -0.7740 0.0841
vn 0.5939 -0.8043 0.0207
vn 0.5545 -0.8316 -0.0316
vn 0.5306 -0.8448 -0.0682
vn 0.5352 -0.8425 -0.0620
vn 0.5314 -0.8464 -0.0343
vn 0.5336 -0.8452 -0.0311
vn 0.4897 -0.8707 0.0450
vn 0.4818 -0.8757 0.0329
vn 0.5414 -0.8403 0.0280
vn 0.5349 -0.8447 0.0174
vn 0.5821 -0.8131 0.0032
vn 0.5888 -0.8081 0.0148
vn 0.6261 -0.7797 0.0031
vn 0.6268 -0.7792 0.0044
vn 0.6684 -0.7438 0.0065
vn 0.6905 -0.7212 0.0547
vn 0.7301 -0.6809 0.0572
vn 0.7473 -0.6563 0.1039
vn 0.7860 -0.6090 0.1068
vn 0.7996 -0.5803 0.1546
vn 0.8268 -0.5401 0.1573
vn 0.8382 -0.5005 0.2167
vn 0.4315 -0.8980 0.0862
vn 0.4091 -0.9109 0.0532
vn 0.6998 -0.7135 0.0348
vn 0.7256 -0.6816 0.0949
vn 0.7193 -0.6945 -0.0153
vn 0.7395 -0.6725 0.0295
vn 0.7434 -0.6679 -0.0355
vn 0.7514 -0.6596 -0.0184
vn 0.7878 -0.6152 -0.0296
vn 0.7840 -0.6196 -0.0377
vn 0.3252 -0.9456 -0.0089
vn 0.3226 -0.9464 -0.0123
vn 0.3241 -0.9410 -0.0978
vn 0.3179 -0.9440 -0.0886
vn 0.3483 -0.9343 -0.0765
vn 0.3254 -0.9402 -0.1011
vn 0.9953 -0.0227 0.0941
vn 0.9926 0.0060 0.1211
vn 0.9883 0.0313 0.1490
vn 0.9855 0.0057 0.1695
vn 0.9779 0.0462 0.2039
vn 0.9761 0.0326 0.2149
vn 0.9479 0.0648 0.3118
vn 0.9449 0.0741 0.3188
vn 0.8627 0.1454 0.4843
vn 0.8695 0.1289 0.4769
vn 0.8247 0.1655 0.5409
vn 0.8280 0.1744 0.5329
vn 0.7732 0.1981 0.6024
vn 0.7756 0.2041 0.5974
vn 0.7151 0.2211 0.6632
vn 0.7195 0.2320 0.6546
vn 0.3684 0.1726 0.9135
vn 0.4001 0.1448 0.9049
vn 0.1748 0.7194 0.6722
vn 0.1441 0.7485 0.6472
vn -0.0037 0.9245 0.3811
vn -0.0791 0.9833 0.1638
vn 0.9971 -0.0313 0.0687
vn 0.9954 -0.0014 0.0954
vn 0.9887 0.0216 0.1486
vn 0.9916 -0.0006 0.1295
vn 0.9790 0.0179 0.2031
vn 0.9777 0.0249 0.2087
vn 0.9490 0.0439 0.3122
vn 0.9517 0.0341 0.3052
vn 0.8686 0.1387 0.4757
vn 0.8796 0.1082 0.4632
vn 0.8289 0.1651 0.5345
vn 0.8339 0.1760 0.5232
vn 0.7755 0.2287 0.5885
vn 0.7711 0.2195 0.5976
vn 0.7057 0.2645 0.6573
vn 0.7102 0.2735 0.6487
vn 0.4979 -0.1607 0.8522
vn 0.4306 -0.0818 0.8988
vn 0.6207 -0.7614 0.1870
vn 0.6928 -0.7153 0.0915
vn 0.4524 -0.8907 0.0449
vn 0.4772 -0.8787 0.0151
vn 0.2469 -0.9690 0.0067
vn 0.2398 -0.9707 0.0138
vn 0.1428 -0.9896 0.0143
vn 0.1363 -0.9905 0.0204
vn 0.3508 -0.9362 -0.0199
vn 0.3531 -0.9354 -0.0174
vn 0.2462 -0.9689 -0.0228
vn 0.2357 -0.9712 -0.0337
vn 0.1495 -0.9883 -0.0291
vn 0.1430 -0.9891 -0.0356
vn 0.3527 -0.9270 0.1274
vn 0.3311 -0.9386 0.0966
vn 0.0549 -0.9982 0.0235
vn 0.0596 -0.9981 0.0169
vn 0.0555 -0.9936 -0.0982
vn 0.0543 -0.9938 -0.0967
vn 0.0619 -0.9930 -0.1002
vn 0.0652 -0.9932 -0.0968
vn 0.0620 -0.9977 -0.0281
vn 0.0601 -0.9977 -0.0300
vn 0.0601 -0.9978 0.0271
vn 0.0528 -0.9984 0.0206
vn 0.0467 -0.9704 0.2371
vn 0.0416 -0.9717 0.2326
vn 0.0359 -0.7051 0.7082
vn 0.0311 -0.7087 0.7048
vn 0.3539 -0.9353 0.0063
vn 0.3628 -0.9317 0.0155
vn 0.0669 0.7097 0.7013
vn -0.0228 0.6299 0.7763
vn 0.1829 0.6558 0.7325
vn 0.1204 0.7554 0.6441
vn 0.7031 0.4045 0.5848
vn 0.7664 0.3569 0.5341
vn 0.6152 -0.4608 0.6396
vn 0.6873 -0.6237 0.3723
vn 0.6968 0.3211 0.6413
vn 0.5470 0.4155 0.7267
vn 0.4654 -0.5358 0.7045
vn 0.0945 -0.5884 0.8030
vn 0.2472 -0.7739 0.5831
vn 0.4211 -0.7482 0.5126
vn 0.2995 0.3017 0.9051
vn 0.3580 0.3106 0.8805
vn 0.3223 0.3396 0.8836
vn 0.4135 0.3519 0.8397
vn 0.3971 0.3661 0.8416
vn 0.5023 0.3766 0.7784
vn 0.5942 -0.4141 0.6895
vn 0.5921 -0.4573 0.6636
vn 0.5872 -0.4547 0.6696
vn 0.5453 -0.4768 0.6894
vn 0.0961 0.3632 0.9268
vn 0.1364 0.6161 0.7758
vn 0.1140 0.2367 0.9649
vn 0.1702 0.4156 0.8935
vn 0.2724 0.2207 0.9365
vn 0.3007 0.2235 0.9272
vn 0.0087 0.1516 0.9884
vn 0.0594 0.3849 0.9210
vn 0.0836 0.1517 0.9849
vn 0.1016 0.2464 0.9638
vn 0.1452 0.1870 0.9716
vn 0.1592 0.2865 0.9448
vn 0.5773 -0.2760 0.7685
vn 0.6213 -0.2360 0.7472
vn 0.6196 -0.3285 0.7129
vn 0.6186 -0.3294 0.7133
vn 0.6386 -0.4222 0.6434
vn 0.6420 -0.4098 0.6480
vn 0.5921 -0.4035 0.6976
vn 0.5922 -0.4015 0.6987
vn 0.5807 -0.4353 0.6879
vn 0.5797 -0.4203 0.6981
vn 0.5742 -0.4402 0.6903
vn 0.5789 -0.4742 0.6633
vn 0.6036 -0.4236 0.6754
vn 0.6101 -0.4561 0.6478
vn 0.5912 -0.4331 0.6804
vn 0.5947 -0.4500 0.6662
vn 0.6281 -0.4099 0.6614
vn 0.6301 -0.4352 0.6431
vn 0.5774 -0.3883 0.7182
vn 0.5893 -0.3769 0.7146
vn 0.5734 -0.4303 0.6971
vn 0.5976 -0.4065 0.6911
vn 0.5862 -0.4460 0.6763
vn 0.6201 -0.4094 0.6693
vn 0.6261 -0.4262 0.6529
vn 0.6364 -0.4128 0.6516
vn 0.6122 -0.4386 0.6579
vn 0.6273 -0.4212 0.6550
vn 0.6369 -0.4102 0.6527
vn 0.6374 -0.4095 0.6528
vn 0.3813 0.1885 0.9050
vn 0.4518 0.1227 0.8836
vn 0.5042 0.1686 0.8470
vn 0.5069 0.1658 0.8459
vn 0.6608 0.1413 0.7371
vn 0.6623 0.1392 0.7362
vn 0.8703 0.1318 0.4746
vn 0.8614 0.1138 0.4950
vn 0.4426 0.3208 0.8374
vn 0.4253 0.3031 0.8528
vn 0.4471 0.2793 0.8498
vn 0.4840 0.3238 0.8129
vn 0.5523 0.3404 0.7610
vn 0.5615 0.3504 0.7496
vn 0.8671 0.1335 0.4799
vn 0.8779 0.1524 0.4539
vn 0.2089 0.0851 0.9742
vn 0.2016 0.0755 0.9766
vn 0.0042 0.3065 0.9519
vn 0.0034 0.3072 0.9516
vn 0.0190 0.2999 0.9538
vn 0.0163 0.3023 0.9531
vn 0.0269 0.3469 0.9375
vn 0.0212 0.3516 0.9359
vn 0.0160 0.3116 0.9501
vn 0.0083 0.3182 0.9480
vn 0.0234 0.3115 0.9500
vn 0.0181 0.3160 0.9486
vn 0.2163 0.4209 0.8810
vn 0.2132 0.4247 0.8799
vn 0.1993 0.5307 0.8238
vn 0.2105 0.5400 0.8149
vn 0.7856 0.1393 0.6028
vn 0.8020 0.1089 0.5873
vn 0.8642 0.3044 0.4007
vn 0.8572 0.2930 0.4234
vn 0.5530 0.4655 0.6910
vn 0.5427 0.4571 0.7046
vn 0.6443 0.2945 0.7058
vn 0.6424 0.2910 0.7090
vn 0.8490 0.3128 0.4258
vn 0.8455 0.2959 0.4446
vn 0.7369 0.0909 0.6698
vn 0.6012 0.1076 0.7918
vn 0.8347 0.1232 0.5367
vn 0.7690 0.1306 0.6257
vn 0.5743 0.0949 0.8132
vn 0.5379 -0.0851 0.8387
vn 0.7608 0.0008 0.6490
vn 0.7695 0.1299 0.6253
vn 0.6847 -0.0710 0.7254
vn 0.7096 0.0847 0.6995
vn 0.0574 -0.9735 0.2212
vn 0.0566 -0.9739 0.2199
vn -0.7009 -0.6692 -0.2468
vn -0.1960 -0.9512 -0.2384
vn -0.3614 -0.8829 -0.2998
vn -0.4555 -0.7962 -0.3983
vn 0.2140 -0.6651 0.7154
vn 0.2050 -0.6522 0.7298
vn 0.9978 -0.0348 0.0566
vn 0.9978 -0.0355 0.0560
vn 0.9907 -0.0339 0.1317
vn 0.9902 -0.0279 0.1365
vn 0.8912 0.0817 0.4462
vn 0.8879 0.0939 0.4503
vn 0.9546 0.0059 0.2978
vn 0.9535 0.0108 0.3011
vn 0.9792 -0.0251 0.2012
vn 0.9780 -0.0162 0.2079
vn 0.8873 0.1200 0.4453
vn 0.8798 0.1045 0.4638
vn 0.9535 0.0161 0.3008
vn 0.9519 0.0231 0.3056
vn 0.9781 -0.0039 0.2080
vn 0.9781 -0.0042 0.2083
vn 0.9912 -0.0112 0.1322
vn 0.9916 -0.0079 0.1293
vn 0.9981 -0.0271 0.0562
vn 0.9975 -0.0117 0.0694
vn 0.0813 0.2219 0.9717
vn 0.0795 0.1556 0.9846
vn 0.0894 0.1619 0.9828
vn 0.1311 0.1927 0.9725
vn 0.2523 0.2883 0.9237
vn 0.2395 0.3766 0.8949
vn 0.3671 0.3166 0.8746
vn 0.3440 0.4545 0.8216
vn 0.0675 0.1159 0.9910
vn 0.0673 0.1185 0.9907
vn 0.0149 -0.1754 0.9844
vn 0.0102 -0.1477 0.9890
vn 0.1298 0.1541 0.9795
vn 0.1263 0.1512 0.9804
vn 0.2198 0.2560 0.9414
vn 0.2095 0.3130 0.9264
vn 0.2977 0.2968 0.9073
vn 0.2819 0.3802 0.8809
vn 0.1184 0.1256 0.9850
vn 0.1216 0.1033 0.9872
vn 0.0770 -0.0146 0.9969
vn 0.0748 0.0014 0.9972
vn 0.0802 -0.1920 0.9781
vn 0.0777 -0.1809 0.9804
vn 0.1610 0.1739 0.9715
vn 0.1669 0.1448 0.9753
vn 0.2174 0.2086 0.9535
vn 0.2059 0.2639 0.9423
vn 0.2793 0.2634 0.9234
vn 0.2677 0.3186 0.9093
vn 0.1623 0.1306 0.9781
vn 0.1647 0.1181 0.9793
vn 0.1263 -0.0125 0.9919
vn 0.1281 -0.0222 0.9915
vn 0.1670 -0.1931 0.9669
vn 0.1706 -0.2057 0.9636
vn 0.2162 0.1606 0.9631
vn 0.2095 0.1895 0.9593
vn 0.2309 0.2005 0.9521
vn 0.1901 0.1797 0.9652
vn 0.2621 0.2759 0.9248
vn 0.2683 0.2498 0.9304
vn 0.2276 0.1202 0.9663
vn 0.2170 0.1639 0.9623
vn 0.2084 -0.0179 0.9779
vn 0.2029 0.0047 0.9792
vn 0.2667 -0.1888 0.9451
vn 0.2680 -0.1924 0.9440
vn 0.2601 0.2195 0.9403
vn 0.2733 0.1704 0.9467
vn 0.2188 0.1930 0.9565
vn 0.2279 0.1558 0.9611
vn 0.2598 0.2159 0.9412
vn 0.2473 0.2648 0.9320
vn 0.2773 0.1921 0.9414
vn 0.2890 0.1530 0.9450
vn 0.2755 0.0538 0.9598
vn 0.2918 0.0010 0.9565
vn -0.0768 0.0767 0.9941
vn -0.0808 -0.0045 0.9967
vn -0.0008 0.1351 0.9908
vn -0.0036 0.0743 0.9972
vn 0.0192 0.0110 0.9998
vn 0.0180 0.0279 0.9994
vn -0.0513 -0.1364 0.9893
vn -0.0564 -0.0881 0.9945
vn -0.0374 -0.2211 0.9745
vn -0.0270 -0.2659 0.9636
vn -0.0530 -0.2797 0.9586
vn -0.0720 -0.2151 0.9739
vn 0.0382 -0.2701 0.9621
vn 0.0476 -0.3009 0.9525
vn 0.0344 -0.2877 0.9571
vn 0.0309 -0.2785 0.9599
vn 0.1270 -0.2947 0.9471
vn 0.1400 -0.3296 0.9337
vn 0.1059 -0.2781 0.9547
vn 0.1236 -0.3163 0.9406
vn 0.2289 -0.6370 0.7361
vn 0.2719 -0.6255 0.7313
vn 0.1466 -0.5382 0.8299
vn 0.1268 -0.5374 0.8337
vn -0.1165 -0.2198 0.9686
vn -0.0551 -0.1370 0.9890
vn 0.0226 -0.2357 0.9716
vn 0.0436 -0.2025 0.9783
vn 0.1011 -0.2143 0.9715
vn 0.1109 -0.2332 0.9661
vn -0.1456 0.0727 0.9867
vn -0.1485 -0.0520 0.9875
vn -0.1402 -0.1358 0.9808
vn -0.1255 -0.2089 0.9699
vn -0.1931 0.0989 0.9762
vn -0.1928 -0.0164 0.9811
vn -0.1103 -0.1631 0.9804
vn -0.1025 -0.2110 0.9721
vn 0.2294 -0.3113 0.9222
vn 0.2473 -0.3511 0.9031
vn 0.2282 -0.3224 0.9187
vn 0.2099 -0.2892 0.9340
vn 0.3786 -0.2969 0.8767
vn 0.3848 -0.3086 0.8699
vn 0.3755 -0.3461 0.8598
vn 0.3259 -0.2715 0.9056
vn 0.5164 -0.2619 0.8153
vn 0.5003 -0.2409 0.8317
vn 0.5164 -0.2222 0.8270
vn 0.5145 -0.2193 0.8290
vn 0.6125 -0.1167 0.7818
vn 0.6159 -0.1189 0.7788
vn 0.6222 -0.1930 0.7587
vn 0.5927 -0.1724 0.7867
vn 0.6847 -0.0062 0.7288
vn 0.7050 -0.0115 0.7092
vn 0.7119 -0.0968 0.6956
vn 0.6874 -0.0909 0.7206
vn 0.7404 0.0775 0.6677
vn 0.7374 0.0775 0.6710
vn 0.7703 0.0060 0.6376
vn 0.7556 0.0063 0.6550
vn 0.3522 0.1246 0.9276
vn 0.3815 0.0508 0.9230
vn 0.3324 0.2347 0.9135
vn 0.3551 0.1731 0.9187
vn 0.3067 0.2568 0.9165
vn 0.3273 0.1937 0.9249
vn 0.2403 0.2126 0.9471
vn 0.2509 0.1725 0.9525
vn 0.2476 0.2185 0.9439
vn 0.2454 0.2264 0.9426
vn 0.2890 0.2330 0.9285
vn 0.2769 0.2787 0.9196
vn 0.2863 0.2033 0.9363
vn 0.3074 0.2019 0.9299
vn 0.2703 0.1391 0.9527
vn 0.2545 0.1407 0.9568
vn 0.2290 0.0969 0.9686
vn 0.2284 0.0969 0.9687
vn 0.1920 0.0852 0.9777
vn 0.1937 0.0653 0.9789
vn 0.2870 0.1611 0.9443
vn 0.2853 0.1715 0.9430
vn 0.3531 0.3006 0.8860
vn 0.3683 0.2252 0.9020
vn 0.3620 0.3940 0.8448
vn 0.4788 0.3590 0.8012
vn 0.4382 0.4732 0.7642
vn 0.4360 0.4186 0.7967
vn 0.5419 0.4657 0.6996
vn 0.5060 0.4947 0.7066
vn 0.5548 0.4365 0.7083
vn 0.5706 0.4616 0.6792
vn 0.6149 0.4252 0.6642
vn 0.5862 0.3892 0.7105
vn 0.6114 0.3843 0.6918
vn 0.5692 0.3392 0.7490
vn 0.5359 0.3449 0.7706
vn 0.5718 0.3082 0.7603
vn 0.2464 0.1933 0.9497
vn 0.3015 0.2436 0.9218
vn 0.1125 0.1369 0.9842
vn 0.0350 0.0664 0.9972
vn 0.0162 0.0397 0.9991
vn -0.0132 0.0648 0.9978
vn 0.2683 0.2033 0.9416
vn 0.2667 0.2094 0.9408
vn 0.2652 0.1962 0.9440
vn 0.3043 0.2126 0.9286
vn 0.3910 0.2183 0.8941
vn 0.3623 0.2970 0.8835
vn 0.4346 0.1989 0.8784
vn 0.3980 0.2880 0.8710
vn 0.4071 0.1104 0.9067
vn 0.4078 0.1071 0.9068
vn 0.4339 0.1632 0.8860
vn 0.4387 0.1434 0.8871
vn 0.4907 0.3074 0.8153
vn 0.5024 0.2751 0.8197
vn 0.5111 0.3563 0.7822
vn 0.5338 0.2999 0.7906
vn 0.7440 0.1062 0.6597
vn 0.7198 0.0980 0.6872
vn 0.7640 0.0702 0.6414
vn 0.7899 0.0784 0.6082
vn 0.9650 0.0888 0.2467
vn 0.9741 0.0634 0.2171
vn 0.6535 0.0658 0.7540
vn 0.6607 0.0753 0.7468
vn 0.6651 0.0555 0.7447
vn 0.6625 0.0680 0.7460
vn 0.6435 0.1372 0.7530
vn 0.6603 0.1558 0.7347
vn 0.6749 0.1240 0.7274
vn 0.6799 0.1040 0.7259
vn 0.5366 0.3617 0.7623
vn 0.5794 0.2524 0.7749
vn 0.4807 0.1050 0.8706
vn 0.4347 0.2042 0.8771
vn 0.5033 0.0467 0.8628
vn 0.5075 0.0171 0.8615
vn 0.5378 0.0792 0.8394
vn 0.5379 0.0782 0.8394
vn 0.5647 0.2376 0.7903
vn 0.5805 0.2484 0.7755
vn 0.5752 0.3380 0.7449
vn 0.5869 0.3091 0.7483
vn 0.5935 -0.0167 0.8047
vn 0.5967 -0.0540 0.8006
vn 0.6306 0.0138 0.7760
vn 0.6341 -0.0122 0.7732
vn 0.6862 0.1574 0.7102
vn 0.6900 0.1432 0.7095
vn 0.7016 0.2465 0.6685
vn 0.7010 0.2483 0.6685
vn 0.6680 -0.0632 0.7415
vn 0.6702 -0.1118 0.7337
vn 0.7083 -0.0327 0.7051
vn 0.7126 -0.0759 0.6975
vn 0.7797 0.0887 0.6199
vn 0.7836 0.0707 0.6173
vn 0.7936 0.1559 0.5881
vn 0.7889 0.1722 0.5899
vn 0.7721 -0.0596 0.6327
vn 0.7768 -0.1166 0.6188
vn 0.8448 0.0385 0.5337
vn 0.8370 0.0311 0.5464
vn 0.8500 0.0884 0.5192
vn 0.8457 0.1059 0.5231
vn 0.8844 -0.0047 0.4667
vn 0.8779 0.0291 0.4780
vn 0.8894 0.0502 0.4543
vn 0.8900 0.0474 0.4534
vn 0.8061 -0.1004 0.5832
vn 0.8387 -0.0814 0.5385
vn 0.9756 -0.0968 0.1972
vn 0.9758 -0.0995 0.1949
vn 0.9784 -0.0650 0.1964
vn 0.9789 -0.0718 0.1911
vn 0.9797 -0.0462 0.1952
vn 0.9805 -0.0427 0.1918
vn 0.9800 -0.0377 0.1953
vn 0.9791 -0.0300 0.2011
vn 0.9858 -0.0969 0.1375
vn 0.9859 -0.1079 0.1280
vn 0.9887 -0.0748 0.1301
vn 0.9887 -0.0765 0.1287
vn 0.9895 -0.0597 0.1320
vn 0.9900 -0.0570 0.1294
vn 0.9899 -0.0512 0.1322
vn 0.9896 -0.0462 0.1361
vn 0.9933 -0.0987 0.0610
vn 0.9927 -0.1090 0.0516
vn 0.9953 -0.0814 0.0532
vn 0.9950 -0.0871 0.0482
vn 0.9963 -0.0703 0.0499
vn 0.9962 -0.0715 0.0489
vn 0.9965 -0.0670 0.0500
vn 0.9966 -0.0599 0.0560
vn 0.3748 -0.1098 0.9206
vn 0.3949 -0.1536 0.9058
vn 0.7375 -0.1702 0.6535
vn 0.7068 -0.1584 0.6894
vn 0.9733 -0.1204 0.1955
vn 0.9711 -0.1271 0.2021
vn 0.9824 -0.1200 0.1432
vn 0.9824 -0.1293 0.1348
vn 0.9896 -0.1316 0.0583
vn 0.9904 -0.1182 0.0711
vn 0.9803 -0.1238 -0.1537
vn 0.9827 -0.1159 -0.1446
vn 0.1286 0.3772 0.9172
vn 0.1455 0.3626 0.9205
vn 0.1248 0.3332 0.9346
vn 0.1385 0.3211 0.9369
vn 0.1192 0.3145 0.9417
vn 0.1300 0.3048 0.9435
vn 0.0926 0.3400 0.9358
vn 0.1124 0.3225 0.9399
vn 0.0750 0.3513 0.9333
vn 0.0549 0.3298 0.9424
vn 0.2394 -0.7568 0.6083
vn 0.2945 -0.7363 0.6092
vn 0.2091 -0.7180 0.6639
vn 0.1869 -0.7247 0.6633
vn 0.1319 -0.6594 0.7401
vn 0.1264 -0.5784 0.8059
vn 0.6796 -0.1248 0.7229
vn 0.6279 -0.0619 0.7758
vn 0.4649 0.4766 0.7462
vn 0.4686 0.4940 0.7324
vn 0.4959 0.5153 0.6989
vn 0.5026 0.5278 0.6847
vn 0.4753 0.5165 0.7123
vn 0.4678 0.4954 0.7319
vn 0.4426 0.4677 0.7651
vn 0.4474 0.4936 0.7458
vn 0.9839 -0.1067 -0.1432
vn 0.9876 -0.0921 -0.1275
vn 0.9852 -0.1122 -0.1293
vn 0.9894 -0.0938 -0.1107
vn 0.9890 -0.1138 -0.0950
vn 0.9888 -0.0998 -0.1110
vn 0.9890 -0.1133 -0.0950
vn 0.9909 -0.1036 -0.0865
vn 0.9883 -0.1259 -0.0860
vn 0.9925 -0.1025 -0.0674
vn 0.9899 -0.1376 -0.0354
vn 0.9915 -0.1112 -0.0670
vn 0.9863 -0.1616 -0.0344
vn 0.9941 -0.1085 0.0049
vn 0.9897 -0.1428 0.0026
vn 0.9932 -0.1084 0.0434
vn 0.9893 -0.1278 0.0708
vn 0.9952 -0.0855 0.0473
vn 0.9895 -0.0964 0.1079
vn 0.9949 -0.0548 0.0848
vn 0.9837 -0.0247 0.1783
vn 0.9872 0.0094 0.1595
vn 0.9833 -0.0070 0.1817
vn 0.9774 0.0128 0.2109
vn 0.9489 0.0409 0.3129
vn 0.9490 0.0423 0.3126
vn 0.9351 0.0930 0.3419
vn 0.9345 0.0932 0.3435
vn 0.9436 0.0655 0.3244
vn 0.9424 0.0660 0.3279
vn 0.9259 0.1266 0.3559
vn 0.9269 0.1165 0.3568
vn 0.9140 0.1604 0.3726
vn 0.9149 0.1547 0.3729
vn 0.8781 0.2318 0.4186
vn 0.8776 0.2318 0.4196
vn 0.8202 0.3104 0.4805
vn 0.8150 0.3094 0.4900
vn 0.8609 0.2548 0.4403
vn 0.8577 0.2652 0.4405
vn 0.7326 0.3663 0.5737
vn 0.7219 0.3873 0.5734
vn 0.6735 0.3832 0.6321
vn 0.6579 0.4090 0.6324
vn 0.6313 0.4101 0.6582
vn 0.6221 0.4036 0.6709
vn 0.5818 0.4257 0.6931
vn 0.5750 0.4203 0.7020
vn 0.7919 0.3298 0.5140
vn 0.7867 0.3425 0.5137
vn 0.8401 0.2863 0.4608
vn 0.8378 0.2863 0.4648
vn 0.9783 -0.0054 0.2071
vn 0.9712 0.0131 0.2379
vn 0.9595 0.0071 0.2815
vn 0.9560 0.0106 0.2931
vn 0.9550 0.0185 0.2961
vn 0.9527 0.0202 0.3033
vn 0.9676 0.0001 0.2526
vn 0.9630 0.0075 0.2693
vn 0.9634 0.0037 0.2681
vn 0.9594 0.0088 0.2820
vn 0.9682 -0.0093 0.2501
vn 0.9710 0.0164 0.2386
vn 0.5987 0.2323 0.7666
vn 0.5830 0.3564 0.7301
vn 0.7198 0.2285 0.6555
vn 0.6067 0.2430 0.7569
vn 0.7742 0.3060 0.5541
vn 0.7842 0.2935 0.5468
vn 0.4385 0.3789 0.8149
vn 0.4553 0.3953 0.7978
vn 0.4310 0.3215 0.8431
vn 0.4452 0.3357 0.8301
vn 0.4224 0.2829 0.8611
vn 0.4346 0.2953 0.8508
vn 0.3946 0.2923 0.8711
vn 0.4009 0.2990 0.8660
vn 0.4810 0.3436 0.8066
vn 0.5742 0.3432 0.7433
vn 0.3921 0.3187 0.8629
vn 0.5032 0.3216 0.8021
vn 0.3458 0.2910 0.8920
vn 0.4194 0.2936 0.8590
vn 0.3064 0.2836 0.9087
vn 0.3525 0.2851 0.8913
vn 0.3043 0.2684 0.9140
vn 0.3235 0.2688 0.9072
vn 0.3008 0.2527 0.9196
vn 0.3221 0.2528 0.9123
vn 0.3123 0.2425 0.9185
vn 0.3204 0.2063 0.9245
vn 0.3971 0.1084 0.9114
vn 0.4007 0.1081 0.9098
vn 0.4748 0.0366 0.8793
vn 0.4582 0.0384 0.8880
vn 0.5516 -0.0273 0.8337
vn 0.5198 -0.0226 0.8540
vn 0.6148 -0.0965 0.7828
vn 0.5917 -0.0910 0.8010
vn 0.6705 -0.1569 0.7252
vn 0.6394 -0.1459 0.7549
vn 0.6797 -0.1834 0.7102
vn 0.6854 -0.1557 0.7113
vn 0.6873 -0.1634 0.7078
vn 0.7051 -0.1803 0.6858
vn 0.7033 -0.1660 0.6913
vn 0.7247 -0.1930 0.6615
vn 0.7233 -0.1652 0.6705
vn 0.7448 -0.1982 0.6371
vn 0.7633 -0.1920 0.6168
vn 0.7449 -0.1584 0.6482
vn 0.7632 -0.1938 0.6164
vn 0.7803 -0.1649 0.6032
vn 0.7743 -0.2227 0.5924
vn 0.8021 -0.1822 0.5687
vn 0.8261 -0.2763 0.4911
vn 0.8168 -0.2333 0.5277
vn 0.8330 -0.2951 0.4680
vn 0.8287 -0.2671 0.4919
vn 0.4285 -0.6023 0.6735
vn 0.5718 -0.5033 0.6479
vn 0.7886 0.1595 0.5939
vn 0.6800 0.1744 0.7122
vn -0.1667 0.0558 0.9844
vn -0.2608 -0.0344 0.9648
vn -0.1840 -0.1271 0.9747
vn -0.1954 -0.0156 0.9806
vn -0.1520 -0.0507 0.9871
vn -0.1438 -0.1545 0.9775
vn -0.0744 -0.0832 0.9938
vn -0.0766 -0.0063 0.9970
vn 0.0011 0.0328 0.9995
vn 0.0010 0.0724 0.9974
vn 0.0681 0.1182 0.9906
vn 0.0672 0.1605 0.9847
vn 0.1173 0.1978 0.9732
vn 0.1168 0.2075 0.9712
vn 0.3060 0.3345 0.8913
vn 0.2968 0.4174 0.8589
vn 0.4458 0.3744 0.8131
vn 0.4208 0.5245 0.7401
vn 0.5378 0.3411 0.7709
vn 0.5137 0.4855 0.7074
vn 0.5537 0.3653 0.7483
vn 0.6510 0.3608 0.6679
vn 0.6214 0.3129 0.7183
vn 0.7034 0.3044 0.6423
vn 0.7323 0.2101 0.6477
vn 0.7166 0.3270 0.6161
vn 0.8018 0.2181 0.5564
vn 0.7433 0.2279 0.6289
vn 0.8472 0.1888 0.4965
vn 0.8320 0.2710 0.4840
vn 0.8633 0.2633 0.4305
vn 0.8331 0.2694 0.4830
vn 0.8545 0.2769 0.4395
vn 0.8367 0.3327 0.4350
vn 0.7423 0.3936 0.5423
vn 0.7687 0.3927 0.5048
vn 0.3999 0.5381 0.7420
vn 0.4109 0.5410 0.7338
vn 0.1738 0.5896 0.7888
vn 0.1844 0.5828 0.7914
vn 0.7899 0.1957 0.5812
vn 0.8476 0.1881 0.4961
vn -0.3373 0.2857 0.8970
vn -0.0976 0.4770 0.8735
vn -0.1917 0.6662 0.7208
vn -0.2010 0.5034 0.8404
vn -0.2698 0.1325 0.9537
vn -0.1561 0.2435 0.9573
vn 0.0020 0.1336 0.9910
vn 0.0638 0.1649 0.9842
vn -0.1029 0.0909 0.9905
vn 0.0131 0.1483 0.9889
vn -0.0945 0.2567 0.9619
vn -0.1255 0.0604 0.9902
vn -0.1753 0.3209 0.9307
vn -0.2035 0.1042 0.9735
vn -0.0649 0.4661 0.8823
vn -0.3215 0.3149 0.8930
vn 0.0217 0.5233 0.8519
vn -0.0907 0.2532 0.9632
vn 0.1950 -0.0688 0.9784
vn 0.1873 -0.0566 0.9807
vn 0.4074 -0.1623 0.8987
vn 0.4678 -0.0925 0.8790
vn 0.6412 -0.2047 0.7395
vn 0.5368 -0.3118 0.7840
vn 0.6413 -0.3416 0.6870
vn 0.6522 -0.4966 0.5727
vn 0.5816 -0.4703 0.6638
vn 0.5783 -0.5948 0.5583
vn 0.3104 -0.5773 0.7552
vn 0.4535 -0.5266 0.7191
vn 0.1464 -0.5177 0.8429
vn 0.2277 -0.5134 0.8274
vn 0.1262 -0.4860 0.8648
vn 0.1113 -0.4836 0.8682
vn 0.0218 -0.3885 0.9212
vn 0.0339 -0.3926 0.9191
vn -0.0983 -0.2675 0.9585
vn -0.0898 -0.2713 0.9583
vn -0.1455 -0.2141 0.9659
vn -0.2158 -0.1797 0.9598
vn 0.0457 -0.5043 0.8623
vn -0.0529 -0.4638 0.8844
vn 0.0652 -0.6800 0.7303
vn 0.1264 -0.6981 0.7048
vn 0.0310 -0.9723 0.2315
vn 0.3397 -0.9402 0.0261
vn 0.3629 -0.5555 0.7481
vn 0.2497 -0.4219 0.8716
vn 0.2924 -0.2221 0.9301
vn 0.1339 -0.0531 0.9896
vn 0.2106 0.3442 0.9150
vn 0.2187 0.1251 0.9677
vn 0.3097 0.3292 0.8921
vn 0.1214 0.4922 0.8620
vn -0.1086 0.8277 0.5506
vn -0.1846 0.8501 0.4932
vn -0.2196 0.7708 0.5980
vn -0.1170 0.7792 0.6157
vn -0.2077 0.6713 0.7115
vn -0.1959 0.7601 0.6196
vn -0.2048 0.5360 0.8190
vn -0.1525 0.7223 0.6745
vn -0.1903 0.3324 0.9238
vn -0.0809 0.6501 0.7555
vn -0.0768 0.8348 0.5451
vn -0.0776 0.8544 0.5137
vn 0.5529 0.7933 -0.2548
vn 0.5038 0.8364 -0.2159
vn 0.4255 0.9037 -0.0487
vn 0.6477 0.7310 -0.2149
vn 0.6926 -0.0487 0.7197
vn 0.7005 -0.0359 0.7128
vn 0.7149 -0.0352 0.6983
vn 0.7006 -0.0581 0.7111
vn 0.6706 -0.0806 0.7374
vn 0.6889 -0.0490 0.7232
vn 0.6712 -0.1319 0.7294
vn 0.6934 -0.1132 0.7116
vn 0.7235 -0.1411 0.6758
vn 0.7214 -0.1430 0.6776
vn 0.7512 -0.1474 0.6434
vn 0.7601 -0.1690 0.6275
vn 0.6635 -0.1063 0.7405
vn 0.6550 -0.1139 0.7470
vn 0.6847 -0.1772 0.7070
vn 0.6752 -0.1592 0.7202
vn 0.0626 -0.6150 0.7861
vn 0.1159 -0.6661 0.7368
vn 0.1157 -0.6685 0.7347
vn 0.1458 -0.6995 0.6996
vn 0.2184 -0.6352 0.7408
vn 0.2318 -0.6682 0.7070
vn 0.2565 -0.5068 0.8230
vn 0.2731 -0.4960 0.8243
vn 0.2107 0.3989 0.8925
vn 0.2334 0.3769 0.8964
vn 0.2105 0.3410 0.9162
vn 0.2237 0.3276 0.9180
vn 0.2092 0.3139 0.9261
vn 0.2168 0.3061 0.9270
vn 0.1944 0.3363 0.9215
vn 0.2008 0.3297 0.9225
vn 0.1651 0.3517 0.9214
vn 0.1763 0.3648 0.9142
vn 0.1777 -0.7067 0.6848
vn 0.2617 -0.6712 0.6936
vn 0.1575 -0.7011 0.6955
vn 0.1726 -0.7250 0.6667
vn 0.2059 -0.7325 0.6489
vn 0.2028 -0.7175 0.6664
vn 0.1031 -0.7026 0.7041
vn 0.1700 -0.6761 0.7169
vn 0.1860 -0.7447 0.6409
vn 0.2008 -0.7391 0.6429
vn 0.3313 0.0009 0.9435
vn 0.2929 -0.1692 0.9411
vn 0.3885 0.0160 0.9213
vn 0.3764 -0.0583 0.9246
vn 0.4442 -0.0344 0.8952
vn 0.4417 -0.0573 0.8953
vn 0.5338 -0.1759 0.8271
vn 0.5349 -0.1656 0.8285
vn 0.6025 -0.3716 0.7063
vn 0.6149 -0.3004 0.7292
vn 0.6289 -0.5533 0.5463
vn 0.6568 -0.4618 0.5961
vn 0.6673 -0.6217 0.4102
vn 0.6217 -0.7061 0.3390
vn 0.5803 -0.8090 0.0940
vn 0.5420 -0.8392 0.0447
vn 0.4373 -0.8659 0.2428
vn 0.3835 -0.8726 0.3023
vn 0.4652 -0.7477 0.4739
vn 0.4130 -0.7434 0.5261
vn 0.4486 -0.5475 0.7064
vn 0.4020 -0.5346 0.7433
vn 0.4160 -0.3385 0.8440
vn 0.3706 -0.3225 0.8710
vn 0.3764 -0.1359 0.9164
vn 0.3336 -0.1182 0.9353
vn 0.3224 -0.0001 0.9466
vn 0.3268 -0.0019 0.9451
vn 0.2638 0.0657 0.9623
vn 0.3057 0.0478 0.9509
vn 0.9068 -0.3941 -0.1497
vn 0.9043 -0.3977 -0.1554
vn 0.9220 -0.3762 0.0918
vn 0.9239 -0.3730 0.0859
vn 0.9130 -0.3721 0.1673
vn 0.9148 -0.3695 0.1631
vn 0.8989 -0.3682 0.2376
vn 0.9014 -0.3651 0.2326
vn 0.8794 -0.3390 0.3343
vn 0.8678 -0.3516 0.3512
vn 0.8337 -0.2853 0.4728
vn 0.8387 -0.3078 0.4493
vn 0.8311 -0.2520 0.4957
vn 0.8079 -0.2795 0.5189
vn 0.8134 -0.2486 0.5259
vn 0.7994 -0.2012 0.5661
vn 0.8070 -0.2025 0.5548
vn 0.7911 -0.1561 0.5914
vn 0.7735 -0.1170 0.6228
vn 0.7895 -0.1558 0.5937
vn 0.7469 -0.0976 0.6578
vn 0.7552 -0.1146 0.6453
vn 0.7314 -0.0716 0.6782
vn 0.7133 -0.0938 0.6945
vn 0.6758 -0.0872 0.7319
vn 0.6926 -0.0678 0.7181
vn 0.6644 -0.0946 0.7414
vn 0.6707 -0.0867 0.7366
vn 0.6317 -0.0885 0.7701
vn 0.6337 -0.0916 0.7681
vn 0.5723 -0.0412 0.8190
vn 0.6041 -0.0855 0.7923
vn 0.5463 0.0009 0.8376
vn 0.5814 -0.0422 0.8125
vn 0.5235 0.0036 0.8520
vn 0.5295 0.0113 0.8483
vn 0.6721 -0.7288 0.1308
vn 0.6452 -0.7610 0.0682
vn 0.7027 -0.6640 0.2555
vn 0.7433 -0.6551 0.1355
vn 0.7298 -0.5908 0.3440
vn 0.7840 -0.5902 0.1923
vn 0.6698 -0.7141 0.2036
vn 0.7070 -0.7003 0.0984
vn 0.7166 -0.5996 0.3564
vn 0.6881 -0.6776 0.2596
vn 0.7384 -0.4869 0.4666
vn 0.7176 -0.6031 0.3484
vn 0.6640 -0.4521 0.5956
vn 0.7378 -0.4875 0.4669
vn 0.6434 -0.5724 0.5084
vn 0.7138 -0.6022 0.3575
vn 0.6283 -0.4125 0.6596
vn 0.6058 -0.3984 0.6887
vn 0.6294 -0.4713 0.6178
vn 0.5725 -0.4301 0.6980
vn 0.4959 -0.4353 0.7514
vn 0.5204 -0.4515 0.7248
vn 0.3928 -0.4767 0.7864
vn 0.3970 -0.4799 0.7823
vn 0.3763 -0.4707 0.7980
vn 0.3950 -0.4875 0.7787
vn 0.2647 -0.9492 0.1699
vn 0.2425 -0.9603 0.1377
vn 0.2175 0.0176 0.9759
vn 0.1790 0.0390 0.9831
vn 0.1868 -0.0784 0.9793
vn 0.2740 0.0295 0.9613
vn 0.3682 -0.4115 0.8338
vn 0.4310 -0.4080 0.8048
vn 0.3414 -0.3125 0.8864
vn 0.2950 -0.4586 0.8382
vn 0.2531 -0.3852 0.8874
vn 0.2433 -0.3774 0.8935
vn 0.3546 -0.1174 0.9276
vn 0.2095 -0.0716 0.9752
vn 0.2820 -0.1584 0.9462
vn 0.2442 -0.3834 0.8907
vn -0.3063 -0.9138 -0.2666
vn -0.6487 -0.7402 -0.1770
vn 0.2641 0.7585 0.5958
vn 0.2519 0.7631 0.5952
vn 0.2302 0.7550 0.6140
vn 0.2480 0.7463 0.6177
vn 0.2157 0.7454 0.6307
vn 0.2108 0.7547 0.6213
vn 0.1927 0.7442 0.6396
vn 0.1951 0.7422 0.6411
vn 0.1577 0.7433 0.6502
vn 0.1637 0.7375 0.6552
vn 0.1427 0.7022 0.6975
vn 0.1394 0.7426 0.6551
vn 0.1475 0.6864 0.7121
vn 0.1380 0.7021 0.6985
vn 0.1123 0.7127 0.6924
vn 0.1235 0.6894 0.7138
vn 0.0771 0.7192 0.6906
vn 0.0774 0.7183 0.6914
vn 0.0466 0.7450 0.6654
vn 0.0283 0.7235 0.6898
vn 0.0285 0.7485 0.6625
vn 0.0368 0.7549 0.6548
vn 0.0298 0.7951 0.6058
vn -0.0180 0.7682 0.6400
vn -0.0402 0.8293 0.5574
vn -0.0380 0.8451 0.5333
vn -0.0769 0.8600 0.5045
vn -0.0731 0.8377 0.5412
vn -0.1060 0.8876 0.4482
vn -0.0888 0.8621 0.4989
vn -0.0602 0.8482 0.5263
vn -0.0729 0.8357 0.5444
vn -0.0438 0.8422 0.5374
vn -0.0349 0.8493 0.5268
vn 0.2518 0.8157 0.5208
vn 0.1021 0.7805 0.6168
vn 0.0955 0.7819 0.6160
vn 0.1143 0.7570 0.6433
vn 0.6620 0.1858 0.7261
vn 0.4827 0.3213 0.8147
vn 0.7399 -0.5292 0.4153
vn 0.6878 -0.2914 0.6649
vn 0.5224 -0.8476 0.0932
vn 0.5959 -0.7343 0.3250
vn 0.3837 -0.8362 0.3918
vn 0.2364 -0.9701 -0.0556
vn 0.1894 -0.9276 -0.3221
vn 0.4359 -0.8037 0.4050
vn 0.2998 -0.9247 -0.2344
vn 0.3191 -0.9167 -0.2405
vn 0.3929 -0.9007 -0.1854
vn -0.1644 -0.9700 0.1789
vn 0.0783 -0.9911 0.1080
vn -0.0327 -0.9784 0.2040
vn -0.0648 -0.9934 0.0944
vn 0.2189 -0.9556 -0.1971
vn -0.0074 -1.0000 -0.0015
vn 0.1227 -0.9717 -0.2018
vn -0.0626 -0.9955 -0.0713
vn -0.1040 -0.9928 0.0590
vn -0.0581 -0.9957 -0.0726
vn -0.0655 -0.9907 0.1193
vn -0.0656 -0.9907 0.1193
vn -0.0638 -0.9884 0.1378
vn -0.2502 -0.9586 -0.1357
vn -0.2288 -0.9450 0.2336
vn -0.2751 -0.9565 -0.0973
vn -0.2765 -0.9539 -0.1171
vn -0.1580 -0.9873 -0.0170
vn -0.1509 -0.9885 -0.0059
vn -0.4077 -0.9046 -0.1243
vn -0.2497 -0.9640 0.0917
vn 0.7065 0.6981 0.1162
vn 0.7750 0.6308 0.0384
vn 0.9522 0.2863 0.1064
vn 0.9281 0.3319 0.1687
vn 0.9879 0.0735 0.1363
vn 0.9866 0.0683 0.1481
vn 0.9096 -0.2559 0.3274
vn 0.6263 -0.1908 0.7559
vn 0.5021 -0.5471 0.6697
vn 0.5669 -0.5616 0.6027
vn 0.5895 -0.7507 -0.2981
vn 0.3807 -0.8971 -0.2243
vn -0.1563 0.8912 0.4259
vn -0.0179 0.8357 0.5490
vn 0.0648 0.7277 0.6829
vn 0.0641 0.7134 0.6979
vn 0.4202 -0.8940 -0.1556
vn 0.4293 -0.8927 -0.1371
vn 0.1751 -0.9607 0.2153
vn 0.1505 -0.9723 0.1786
vn 0.1084 -0.4751 0.8732
vn 0.1253 -0.4960 0.8592
vn 0.1270 -0.5294 0.8388
vn 0.1291 -0.5316 0.8371
vn 0.5228 -0.7226 0.4522
vn 0.5592 -0.6327 0.5356
vn 0.4756 -0.5861 0.6560
vn 0.4316 -0.6962 0.5736
vn 0.3599 -0.5690 0.7394
vn 0.3307 -0.6397 0.6938
vn 0.2456 -0.5067 0.8264
vn 0.2610 -0.4754 0.8402
vn 0.2660 -0.5142 0.8154
vn 0.2688 -0.5092 0.8176
vn 0.2021 -0.6075 0.7681
vn 0.2299 -0.5484 0.8040
vn 0.0947 -0.5410 0.8357
vn 0.0790 -0.5684 0.8189
vn 0.6180 -0.4796 0.6229
vn 0.6972 -0.5282 0.4846
vn 0.6518 -0.3940 0.6480
vn 0.6986 -0.4210 0.5786
vn 0.6170 -0.7229 0.3111
vn 0.5553 -0.7036 0.4433
vn 0.5832 -0.7834 0.2148
vn 0.6249 -0.7170 0.3089
vn 0.6565 -0.7424 0.1335
vn 0.6300 -0.7492 0.2046
vn 0.4827 -0.4505 0.7510
vn 0.5059 -0.4689 0.7240
vn 0.6865 -0.6686 0.2858
vn 0.6571 -0.7251 0.2063
vn 0.6697 -0.6833 0.2908
vn 0.6144 -0.6694 0.4177
vn 0.6103 -0.6723 0.4190
vn 0.6446 -0.5607 0.5197
vn 0.5908 -0.4878 0.6426
vn 0.5567 -0.6200 0.5529
vn 0.4560 -0.4954 0.7393
vn 0.5040 -0.5372 0.6763
vn 0.3437 -0.4813 0.8064
vn 0.3862 -0.5228 0.7599
vn 0.2416 -0.4744 0.8465
vn 0.2253 -0.5106 0.8298
vn 0.0913 -0.4676 0.8792
vn 0.1091 -0.4924 0.8635
vn -0.0292 0.8432 0.5369
vn -0.0358 0.8087 0.5871
vn 0.4072 0.8940 -0.1867
vn 0.3578 0.9248 -0.1293
vn -0.4830 0.8455 0.2278
vn -0.2801 0.9027 0.3265
vn 0.1499 0.7803 0.6071
vn 0.2514 0.7623 0.5963
vn 0.2203 0.7962 0.5635
vn 0.0693 0.8154 0.5747
vn 0.6827 0.3619 0.6347
vn 0.6576 0.3577 0.6630
vn 0.7581 0.1435 0.6362
vn 0.7954 0.1567 0.5855
vn 0.7370 0.0978 0.6688
vn 0.7720 0.1173 0.6247
vn 0.7225 0.1188 0.6811
vn 0.6732 0.0868 0.7344
vn 0.6462 -0.0433 0.7620
vn 0.6482 -0.0412 0.7604
vn 0.6741 -0.0188 0.7384
vn 0.6541 -0.0489 0.7549
vn 0.7242 0.0191 0.6894
vn 0.7009 -0.0342 0.7125
vn 0.7798 0.0462 0.6243
vn 0.7651 -0.0001 0.6439
vn 0.8199 0.0832 0.5665
vn 0.8074 0.0372 0.5888
vn 0.8499 0.1057 0.5162
vn 0.8434 0.0781 0.5315
vn 0.8787 0.1026 0.4662
vn 0.8707 0.1193 0.4771
vn 0.9323 0.1211 0.3408
vn 0.9280 0.1302 0.3491
vn 0.9610 0.0897 0.2614
vn 0.9529 0.1108 0.2822
vn 0.9729 0.0648 0.2218
vn 0.9641 0.0912 0.2493
vn 0.9821 0.0356 0.1848
vn 0.9739 0.0653 0.2173
vn 0.9917 -0.0561 0.1155
vn 0.9879 -0.0273 0.1529
vn -0.0627 0.3371 0.9394
vn -0.0329 0.3602 0.9323
vn -0.1374 0.3563 0.9242
vn -0.0682 0.4055 0.9116
vn 0.0259 0.4297 0.9026
vn 0.1235 0.4815 0.8677
vn 0.2837 0.4969 0.8201
vn 0.3198 0.5189 0.7927
vn 0.3754 0.5089 0.7746
vn 0.4047 0.5280 0.7466
vn 0.4567 0.5167 0.7242
vn 0.4647 0.5223 0.7150
vn 0.5025 0.5133 0.6957
vn 0.5088 0.5182 0.6874
vn 0.5298 0.5129 0.6755
vn 0.5210 0.5055 0.6878
vn 0.5514 0.4982 0.6691
vn 0.5355 0.4827 0.6930
vn 0.5566 0.4782 0.6794
vn 0.5332 0.4483 0.7174
vn 0.5578 0.4454 0.7003
vn 0.5321 0.3972 0.7477
vn 0.5846 0.3337 0.7395
vn 0.6427 0.3667 0.6726
vn 0.8973 0.1149 0.4261
vn 0.9027 0.1009 0.4182
vn 0.9033 0.0926 0.4189
vn 0.9105 0.0712 0.4074
vn 0.9159 0.0615 0.3966
vn 0.9101 0.0814 0.4064
vn 0.9177 0.0506 0.3940
vn 0.9160 0.0575 0.3971
vn 0.8715 -0.2111 0.4425
vn 0.8677 -0.1962 0.4567
vn 0.8636 -0.2255 0.4510
vn 0.8632 -0.2243 0.4523
vn 0.8606 -0.2404 0.4489
vn 0.8605 -0.2398 0.4495
vn 0.8560 -0.2627 0.4453
vn 0.8607 -0.2566 0.4398
vn 0.8565 -0.2753 0.4367
vn 0.8606 -0.2948 0.4152
vn 0.8555 -0.3129 0.4125
vn 0.8584 -0.3318 0.3913
vn 0.8518 -0.3511 0.3889
vn 0.8538 -0.3754 0.3606
vn 0.8549 -0.3727 0.3608
vn 0.8557 -0.3993 0.3293
vn 0.0080 0.3226 0.9465
vn 0.0033 0.3181 0.9480
vn 0.0316 0.3219 0.9463
vn 0.0209 0.3308 0.9435
vn 0.0556 0.3286 0.9428
vn 0.0354 0.3456 0.9377
vn 0.0895 0.3541 0.9309
vn 0.0772 0.3414 0.9367
vn 0.1180 0.3498 0.9294
vn 0.1321 0.3650 0.9216
vn 0.1783 0.3562 0.9172
vn 0.1875 0.3664 0.9113
vn 0.2534 0.3504 0.9016
vn 0.2525 0.3515 0.9015
vn 0.3172 0.3360 0.8869
vn 0.3216 0.3306 0.8873
vn 0.3865 0.3111 0.8682
vn 0.3906 0.3156 0.8648
vn 0.4641 0.2978 0.8342
vn 0.4755 0.3088 0.8237
vn 0.4964 0.2979 0.8154
vn 0.5082 0.3078 0.8044
vn 0.5278 0.2963 0.7960
vn 0.5406 0.3061 0.7836
vn 0.5999 0.2815 0.7489
vn 0.5834 0.3134 0.7493
vn 0.6708 0.2800 0.6867
vn 0.6583 0.2727 0.7016
vn 0.6947 0.2576 0.6716
vn 0.7121 0.2659 0.6498
vn 0.7366 0.2397 0.6324
vn 0.7507 0.2453 0.6134
vn 0.7940 0.1910 0.5771
vn 0.7788 0.2431 0.5783
vn 0.8272 0.1920 0.5281
vn 0.8177 0.1898 0.5434
vn 0.8742 0.1467 0.4628
vn 0.8663 0.1461 0.4777
vn 0.8840 0.1270 0.4499
vn 0.8947 0.1268 0.4284
vn 0.9097 0.1048 0.4018
vn 0.9037 0.1057 0.4150
vn 0.9156 0.0889 0.3921
vn 0.9219 0.0869 0.3775
vn 0.9256 0.0753 0.3709
vn 0.9293 0.0735 0.3620
vn 0.9302 0.0703 0.3603
vn 0.9344 0.0674 0.3498
vn 0.9350 0.0648 0.3486
vn 0.9340 0.0657 0.3512
vn 0.9349 0.0616 0.3494
vn 0.9331 0.0637 0.3538
vn 0.9305 0.0691 0.3597
vn 0.9326 0.0661 0.3547
vn 0.9273 0.0850 0.3645
vn 0.9256 0.0577 0.3740
vn 0.9213 0.0823 0.3800
vn 0.9123 0.0976 0.3977
vn 0.9113 0.1030 0.3987
vn 0.9024 0.1186 0.4143
vn 0.8988 0.1185 0.4221
vn 0.9043 0.1080 0.4130
vn 0.8967 0.1304 0.4229
vn 0.8947 0.1188 0.4305
vn 0.8910 0.1339 0.4337
vn 0.8931 0.1297 0.4308
vn 0.8912 0.1325 0.4337
vn 0.8968 0.1199 0.4259
vn 0.9006 -0.3175 0.2970
vn 0.9005 -0.3160 0.2988
vn 0.8867 -0.3626 0.2868
vn 0.8867 -0.3588 0.2916
vn 0.8682 -0.4084 0.2819
vn 0.8771 -0.3992 0.2671
vn 0.8611 -0.4343 0.2643
vn 0.8566 -0.4672 0.2190
vn 0.8290 -0.4143 0.3757
vn 0.8598 -0.3868 0.3334
vn 0.8333 -0.4880 0.2599
vn 0.8403 -0.4279 0.3328
vn 0.8105 -0.5595 0.1730
vn 0.8297 -0.4941 0.2598
vn 0.7508 -0.6546 0.0883
vn 0.7832 -0.5975 0.1721
vn 0.6703 -0.7420 0.0110
vn 0.7124 -0.6964 0.0869
vn 0.6042 -0.7960 -0.0359
vn 0.6346 -0.7728 0.0090
vn 0.5350 -0.8424 -0.0642
vn 0.5541 -0.8316 -0.0390
vn 0.4717 -0.8771 -0.0905
vn 0.4919 -0.8681 -0.0659
vn 0.4063 -0.9091 -0.0920
vn 0.4236 -0.8984 -0.1159
vn 0.3224 -0.9390 -0.1197
vn 0.3244 -0.9386 -0.1175
vn 0.2252 -0.9667 -0.1213
vn 0.2398 -0.9609 -0.1386
vn 0.1438 -0.9794 -0.1416
vn 0.1455 -0.9794 -0.1398
vn 0.0559 -0.9869 -0.1516
vn 0.0648 -0.9877 -0.1420
vn 0.0165 0.2976 0.9546
vn 0.0168 0.2979 0.9545
vn 0.0502 0.2963 0.9538
vn 0.0395 0.3053 0.9514
vn 0.0843 0.3020 0.9496
vn 0.0662 0.3173 0.9460
vn 0.1189 0.3163 0.9412
vn 0.1145 0.3120 0.9432
vn 0.1523 0.3113 0.9380
vn 0.1589 0.3180 0.9347
vn 0.2093 0.3135 0.9262
vn 0.2050 0.3090 0.9287
vn 0.2765 0.2973 0.9139
vn 0.2734 0.3009 0.9136
vn 0.3320 0.2988 0.8947
vn 0.3478 0.2787 0.8952
vn 0.4048 0.2731 0.8727
vn 0.4214 0.2904 0.8591
vn 0.5030 0.2836 0.8164
vn 0.4933 0.2755 0.8251
vn 0.5396 0.2738 0.7961
vn 0.5309 0.2675 0.8041
vn 0.5781 0.2485 0.7772
vn 0.5624 0.2772 0.7790
vn 0.6447 0.2351 0.7274
vn 0.6277 0.2730 0.7290
vn 0.7262 0.2337 0.6466
vn 0.7043 0.2243 0.6735
vn 0.7605 0.2153 0.6126
vn 0.7457 0.2104 0.6322
vn 0.8001 0.1883 0.5696
vn 0.7839 0.1840 0.5930
vn 0.8222 0.1553 0.5476
vn 0.8169 0.1773 0.5489
vn 0.8480 0.1403 0.5111
vn 0.8411 0.1391 0.5226
vn 0.8894 0.0888 0.4485
vn 0.8827 0.0885 0.4615
vn 0.9058 0.0617 0.4192
vn 0.9002 0.0619 0.4311
vn 0.9162 0.0448 0.3983
vn 0.9113 0.0456 0.4092
vn 0.9264 0.0292 0.3754
vn 0.9203 0.0309 0.3901
vn 0.9269 0.0271 0.3743
vn 0.9271 0.0369 0.3729
vn 0.9323 0.0330 0.3601
vn 0.9273 0.0362 0.3726
vn 0.9351 0.0347 0.3528
vn 0.9313 0.0379 0.3623
vn 0.9353 0.0475 0.3507
vn 0.9318 0.0511 0.3592
vn 0.9370 0.0610 0.3438
vn 0.9313 0.0683 0.3578
vn 0.9332 0.0819 0.3498
vn 0.9343 0.1009 0.3421
vn 0.9382 0.1094 0.3285
vn 0.9297 0.1232 0.3471
vn 0.9380 0.1241 0.3236
vn 0.9338 0.1317 0.3326
vn 0.9422 0.1191 0.3131
vn 0.9369 0.1299 0.3245
vn 0.9476 0.1091 0.3001
vn 0.9416 0.1230 0.3135
vn 0.9534 0.0948 0.2864
vn 0.9474 0.1104 0.3002
vn 0.9595 0.0705 0.2727
vn 0.9544 0.0863 0.2859
vn 0.9637 0.0488 0.2623
vn 0.9602 0.0616 0.2725
vn 0.9646 0.0285 0.2621
vn 0.9660 0.0226 0.2576
vn 0.9675 0.0018 0.2528
vn 0.9662 0.0085 0.2577
vn 0.9685 -0.0093 0.2488
vn 0.9675 -0.0036 0.2529
vn 0.9691 -0.0217 0.2456
vn 0.9684 -0.0169 0.2490
vn 0.9688 -0.0320 0.2457
vn 0.9691 -0.0310 0.2448
vn 0.9690 -0.0623 0.2390
vn 0.9680 -0.0543 0.2449
vn 0.9657 -0.0907 0.2431
vn 0.9663 -0.0967 0.2384
vn 0.9606 -0.1191 0.2512
vn 0.9616 -0.1311 0.2410
vn 0.9580 -0.1423 0.2490
vn 0.9489 -0.1643 0.2695
vn 0.9447 -0.1921 0.2658
vn 0.9420 -0.1661 0.2915
vn 0.9319 -0.1967 0.3047
vn 0.9341 -0.2161 0.2841
vn 0.9227 -0.2301 0.3093
vn 0.9239 -0.2406 0.2976
vn 0.9125 -0.2757 0.3023
vn 0.9111 -0.2777 0.3046
vn 0.9777 -0.1835 -0.1019
vn 0.9791 -0.1790 -0.0962
vn 0.9841 -0.1523 -0.0910
vn 0.9831 -0.1562 -0.0955
vn 0.9899 -0.1114 -0.0881
vn 0.9872 -0.1236 -0.1012
vn 0.9913 -0.0893 -0.0970
vn 0.9889 -0.1009 -0.1087
vn 0.9897 -0.0936 -0.1081
vn 0.9908 -0.0878 -0.1026
vn 0.9916 -0.0886 -0.0939
vn 0.9897 -0.0988 -0.1032
vn 0.9900 -0.1046 -0.0944
vn 0.9926 -0.0902 -0.0819
vn 0.9911 -0.1046 -0.0820
vn 0.9966 -0.0662 -0.0500
vn 0.9976 -0.0673 -0.0159
vn 0.9928 -0.1087 -0.0500
vn 0.9937 -0.1109 -0.0166
vn 0.9976 -0.0656 0.0223
vn 0.9942 -0.1054 0.0197
vn 0.9960 -0.0607 0.0656
vn 0.9934 -0.0537 0.1013
vn 0.9941 -0.0883 0.0623
vn 0.9902 -0.0271 0.1369
vn 0.9932 -0.0580 0.1007
vn 0.9902 -0.0240 0.1375
vn 0.9857 0.0016 0.1684
vn 0.9782 0.0346 0.2047
vn 0.9855 0.0069 0.1693
vn 0.9794 0.0159 0.2013
vn 0.9725 0.0363 0.2301
vn 0.9739 0.0177 0.2263
vn 0.9667 0.0347 0.2534
vn 0.9637 0.0218 0.2662
vn 0.9687 0.0120 0.2481
vn 0.9647 0.0109 0.2632
vn 0.9596 0.0188 0.2808
vn 0.9604 0.0111 0.2784
vn 0.9565 0.0159 0.2914
vn 0.9569 0.0127 0.2903
vn 0.9526 0.0167 0.3037
vn 0.9523 0.0191 0.3047
vn 0.9490 0.0214 0.3147
vn 0.9455 0.0354 0.3238
vn 0.9466 0.0348 0.3207
vn 0.9403 0.0586 0.3352
vn 0.9381 0.0594 0.3414
vn 0.9319 0.0820 0.3534
vn 0.9333 0.0817 0.3498
vn 0.9254 0.1072 0.3635
vn 0.9250 0.1072 0.3644
vn 0.9117 0.1434 0.3851
vn 0.9123 0.1383 0.3854
vn 0.8763 0.2106 0.4333
vn 0.8739 0.2107 0.4381
vn 0.8526 0.2394 0.4644
vn 0.8571 0.2393 0.4563
vn 0.8376 0.2623 0.4792
vn 0.8331 0.2620 0.4871
vn 0.8150 0.2866 0.5036
vn 0.8105 0.2856 0.5115
vn 0.7827 0.3185 0.5347
vn 0.7877 0.3058 0.5348
vn 0.7124 0.3431 0.6121
vn 0.7247 0.3500 0.5935
vn 0.6473 0.3532 0.6755
vn 0.6629 0.3633 0.6547
vn 0.6267 0.3664 0.6877
vn 0.6134 0.3568 0.7046
vn 0.5817 0.3746 0.7220
vn 0.5706 0.3654 0.7355
vn 0.0833 -0.6853 0.7235
vn 0.0532 -0.7288 0.6827
vn 0.1848 -0.7555 0.6286
vn 0.2121 -0.7109 0.6705
vn 0.2822 -0.7352 0.6163
vn 0.3460 -0.7858 0.5126
vn 0.4366 -0.7524 0.4932
vn 0.4002 -0.8082 0.4321
vn 0.4800 -0.8187 0.3150
vn 0.5263 -0.7494 0.4018
vn 0.5274 -0.8236 0.2084
vn 0.5697 -0.7673 0.2944
vn 0.5535 -0.8213 0.1380
vn 0.5834 -0.7877 0.1978
vn 0.6040 -0.7933 0.0766
vn 0.6293 -0.7669 0.1261
vn 0.6366 -0.7678 0.0729
vn 0.6447 -0.7627 0.0518
vn 0.6679 -0.7425 0.0505
vn 0.6802 -0.7328 0.0186
vn 0.7185 -0.6952 0.0183
vn 0.7147 -0.6988 0.0283
vn 0.7686 -0.6390 0.0300
vn 0.7543 -0.6532 0.0664
vn 0.8144 -0.5761 0.0700
vn 0.8008 -0.5901 0.1028
vn 0.8271 -0.5560 -0.0828
vn 0.8297 -0.5528 -0.0771
vn 0.8755 -0.4766 -0.0801
vn 0.8712 -0.4826 -0.0904
vn 0.9166 -0.3892 -0.0915
vn 0.9155 -0.3936 -0.0831
vn 0.9416 -0.3268 -0.0816
vn 0.9402 -0.3298 -0.0858
vn 0.9550 -0.2811 -0.0944
vn 0.9580 -0.2740 -0.0850
vn 0.9684 -0.2321 -0.0912
vn 0.9648 -0.2419 -0.1036
vn 0.9742 -0.2032 -0.0981
vn 0.9718 -0.2100 -0.1071
vn 0.8121 -0.5727 0.1123
vn 0.8256 -0.5392 0.1663
vn 0.7685 -0.6371 0.0588
vn 0.7857 -0.6087 0.1101
vn 0.7187 -0.6948 0.0280
vn 0.7301 -0.6810 0.0563
vn 0.6675 -0.7443 0.0225
vn 0.6688 -0.7430 0.0254
vn 0.6356 -0.7710 0.0395
vn 0.6269 -0.7788 0.0222
vn 0.5901 -0.8062 0.0420
vn 0.6036 -0.7944 0.0672
vn 0.5521 -0.8292 0.0880
vn 0.5437 -0.8361 0.0730
vn 0.5276 -0.8351 0.1557
vn 0.4926 -0.8649 0.0962
vn 0.4806 -0.8423 0.2440
vn 0.4349 -0.8840 0.1715
vn 0.4005 -0.8546 0.3304
vn 0.3569 -0.8962 0.2635
vn 0.2939 -0.8720 0.3915
vn 0.2666 -0.8984 0.3491
vn 0.1937 -0.8779 0.4379
vn 0.1724 -0.8982 0.4043
vn 0.0572 -0.8932 0.4459
vn 0.0535 -0.8906 0.4516
vn 0.0298 0.4050 0.9138
vn 0.0240 0.4002 0.9161
vn 0.0664 0.4037 0.9125
vn 0.0571 0.4110 0.9099
vn 0.1130 0.4073 0.9063
vn 0.0966 0.4202 0.9023
vn 0.1533 0.4314 0.8890
vn 0.1361 0.4167 0.8988
vn 0.1727 0.4290 0.8866
vn 0.1930 0.4472 0.8734
vn 0.2383 0.4587 0.8561
vn 0.2209 0.4428 0.8690
vn 0.3159 0.4424 0.8393
vn 0.2915 0.4667 0.8350
vn 0.3683 0.4643 0.8055
vn 0.3895 0.4412 0.8085
vn 0.4473 0.4393 0.7790
vn 0.4617 0.4528 0.7628
vn 0.5757 0.3202 0.7523
vn 0.5548 0.3028 0.7749
vn 0.6165 0.3241 0.7176
vn 0.5956 0.3088 0.7415
vn 0.6507 0.3013 0.6970
vn 0.6314 0.3366 0.6985
vn 0.7140 0.2971 0.6340
vn 0.6950 0.3385 0.6344
vn 0.7832 0.2884 0.5509
vn 0.7715 0.2836 0.5695
vn 0.8101 0.2622 0.5243
vn 0.8057 0.2612 0.5316
vn 0.8325 0.2408 0.4990
vn 0.8262 0.2403 0.5096
vn 0.8512 0.2121 0.4801
vn 0.8473 0.2258 0.4807
vn 0.8725 0.1941 0.4484
vn 0.8666 0.1939 0.4598
vn 0.9093 0.1291 0.3956
vn 0.9076 0.1292 0.3995
vn 0.9226 0.0941 0.3741
vn 0.9225 0.0952 0.3740
vn 0.9298 0.0681 0.3616
vn 0.9312 0.0678 0.3581
vn 0.9352 0.0499 0.3505
vn 0.9347 0.0501 0.3520
vn 0.9412 0.0229 0.3370
vn 0.9415 0.0312 0.3355
vn 0.9475 0.0175 0.3193
vn 0.9436 0.0201 0.3304
vn 0.9511 0.0132 0.3085
vn 0.9477 0.0164 0.3189
vn 0.9552 0.0131 0.2957
vn 0.9504 0.0188 0.3105
vn 0.9589 0.0174 0.2833
vn 0.9538 0.0249 0.2994
vn 0.9592 0.0142 0.2824
vn 0.9621 0.0471 0.2687
vn 0.9688 0.0380 0.2449
vn 0.9612 0.0545 0.2704
vn 0.9752 0.0402 0.2176
vn 0.9661 0.0641 0.2502
vn 0.9758 0.0320 0.2161
vn 0.9783 0.0678 0.1959
vn 0.9878 0.0040 0.1555
vn 0.9810 0.0346 0.1908
vn 0.9927 -0.0242 0.1183
vn 0.9876 0.0106 0.1564
vn 0.9955 -0.0511 0.0803
vn 0.9971 -0.0595 0.0470
vn 0.9963 -0.0223 0.0830
vn 0.9977 -0.0657 0.0183
vn 0.9983 -0.0316 0.0487
vn 0.9977 -0.0670 -0.0125
vn 0.9994 -0.0295 0.0194
vn 0.9974 -0.0642 -0.0315
vn 0.9991 -0.0413 -0.0121
vn 0.9955 -0.0854 -0.0401
vn 0.9966 -0.0758 -0.0318
vn 0.9958 -0.0825 -0.0400
vn 0.9958 -0.0816 -0.0409
vn 0.9962 -0.0809 -0.0312
vn 0.9949 -0.0918 -0.0414
vn 0.9957 -0.0916 -0.0155
vn 0.9934 -0.1100 -0.0333
vn 0.9932 -0.1151 -0.0178
vn 0.9918 -0.1276 -0.0050
vn 0.9885 -0.1507 -0.0079
vn 0.9888 -0.1491 -0.0061
vn 0.9850 -0.1727 -0.0047
vn 0.9841 -0.1776 -0.0103
vn 0.9794 -0.2020 -0.0025
vn 0.9780 -0.2084 -0.0102
vn 0.9724 -0.2333 -0.0048
vn 0.9721 -0.2345 -0.0063
vn 0.9616 -0.2742 -0.0077
vn 0.9607 -0.2777 -0.0023
vn 0.9465 -0.3226 0.0067
vn 0.9433 -0.3318 -0.0066
vn 0.9234 -0.3838 -0.0034
vn 0.9252 -0.3795 0.0032
vn 0.8785 -0.4777 -0.0059
vn 0.8821 -0.4707 -0.0203
vn 0.8393 -0.5433 -0.0200
vn 0.8349 -0.5495 -0.0307
vn 0.7034 0.3767 0.6028
vn 0.6906 0.3997 0.6028
vn 0.6798 0.3691 0.6337
vn 0.6957 0.3392 0.6332
vn 0.6839 0.2980 0.6659
vn 0.6636 0.3385 0.6671
vn 0.6472 0.3133 0.6950
vn 0.6662 0.2746 0.6934
vn 0.6490 0.2515 0.7180
vn 0.6273 0.2963 0.7202
vn 0.6288 0.2481 0.7370
vn 0.6083 0.2897 0.7389
vn 0.6098 0.2428 0.7544
vn 0.5925 0.2773 0.7563
vn 0.5932 0.2632 0.7608
vn 0.5820 0.2563 0.7717
vn 0.5561 0.3125 0.7701
vn 0.5706 0.2865 0.7696
vn 0.5325 0.3576 0.7672
vn 0.5553 0.3201 0.7676
vn 0.5370 0.3204 0.7804
vn 0.4995 0.3801 0.7785
vn 0.5113 0.2739 0.8146
vn 0.4638 0.3505 0.8137
vn 0.4748 0.2225 0.8515
vn 0.4393 0.1958 0.8767
vn 0.4385 0.0064 0.8987
vn 0.3969 0.0828 0.9141
vn 0.3844 -0.1352 0.9132
vn 0.3227 -0.1767 0.9298
vn 0.2821 -0.4357 0.8547
vn 0.2329 -0.3444 0.9095
vn 0.1872 -0.5874 0.7873
vn 0.1348 -0.5058 0.8521
vn 0.0872 -0.5880 0.8041
vn 0.1163 -0.6276 0.7698
vn 0.0871 -0.5914 0.8017
vn 0.0698 -0.5701 0.8186
vn 0.0469 -0.3473 0.9366
vn -0.0052 -0.2855 0.9584
vn -0.1109 -0.0240 0.9935
vn -0.0368 -0.1090 0.9934
vn -0.1513 0.1089 0.9825
vn -0.1206 0.0766 0.9897
vn -0.1458 0.0033 0.9893
vn -0.1723 0.0318 0.9845
vn -0.1687 -0.1649 0.9718
vn -0.1819 -0.1483 0.9721
vn -0.1753 -0.3769 0.9095
vn -0.2094 -0.3238 0.9226
vn -0.0661 -0.9444 0.3220
vn -0.1041 -0.9179 0.3829
vn -0.0573 -0.9965 0.0604
vn -0.0221 -0.9998 -0.0019
vn 0.0709 -0.5195 -0.8515
vn 0.1100 -0.7431 -0.6601
vn -0.5532 -0.6139 -0.5630
vn -0.5631 -0.5709 -0.5975
vn -0.1063 -0.9929 -0.0539
vn -0.1471 -0.9686 -0.2004
vn 0.0661 -0.9968 -0.0439
vn 0.2748 -0.8749 0.3988
vn 0.4944 -0.6687 0.5553
vn 0.5183 -0.5866 0.6223
vn 0.6738 -0.2799 0.6838
vn 0.6733 -0.2706 0.6881
vn 0.7353 -0.0491 0.6760
vn 0.7403 -0.0749 0.6681
vn 0.7296 -0.1117 0.6747
vn 0.7290 -0.1054 0.6764
vn 0.6694 -0.2483 0.7002
vn 0.6693 -0.2399 0.7032
vn 0.5433 -0.4356 0.7177
vn 0.5525 -0.3741 0.7449
vn 0.4748 -0.4715 0.7431
vn 0.4749 -0.4709 0.7435
vn 0.4849 -0.4589 0.7445
vn 0.4853 -0.4567 0.7456
vn 0.5594 -0.3600 0.7466
vn 0.5600 -0.3551 0.7486
vn 0.6114 -0.2757 0.7418
vn 0.6110 -0.2870 0.7378
vn 0.6917 -0.1420 0.7080
vn 0.6913 -0.1364 0.7095
vn 0.7601 0.0317 0.6490
vn 0.7620 0.0207 0.6472
vn 0.8055 0.1961 0.5592
vn 0.8103 0.1786 0.5582
vn 0.8209 0.2717 0.5023
vn 0.8309 0.2396 0.5022
vn 0.8325 0.2639 0.4871
vn 0.8398 0.2392 0.4873
vn 0.8390 0.2289 0.4936
vn 0.8470 0.1975 0.4935
vn 0.8514 0.1534 0.5016
vn 0.8453 0.1824 0.5022
vn 0.8640 0.1251 0.4877
vn 0.8559 0.1240 0.5020
vn 0.8676 0.1042 0.4862
vn 0.8643 0.1266 0.4869
vn 0.8710 0.1218 0.4760
vn 0.8725 0.1111 0.4758
vn 0.8764 0.1323 0.4630
vn 0.8792 0.1135 0.4628
vn 0.8839 0.1406 0.4461
vn 0.8841 0.1391 0.4461
vn 0.8906 0.1596 0.4258
vn 0.8886 0.1706 0.4257
vn 0.8930 0.1786 0.4131
vn 0.8942 0.1785 0.4104
vn 0.8969 0.1962 0.3964
vn 0.8964 0.1986 0.3963
vn -0.0246 -0.8975 0.4403
vn -0.0394 -0.8645 0.5011
vn 0.0348 -0.2516 0.9672
vn 0.0584 -0.3034 0.9511
vn 0.0704 -0.1770 0.9817
vn 0.0782 -0.1879 0.9791
vn 0.0880 0.0268 0.9958
vn 0.1078 0.0030 0.9942
vn 0.1146 0.1134 0.9869
vn 0.1386 0.0828 0.9869
vn 0.1281 -0.0501 0.9905
vn 0.1312 -0.0545 0.9899
vn 0.1212 -0.2127 0.9696
vn 0.1422 -0.2515 0.9574
vn 0.0999 -0.5347 0.8391
vn 0.1098 -0.5608 0.8207
vn 0.1191 -0.5244 0.8431
vn 0.1412 -0.5801 0.8022
vn 0.2050 -0.3572 0.9113
vn 0.2414 -0.4516 0.8589
vn 0.3065 -0.2050 0.9295
vn 0.3528 -0.3274 0.8766
vn 0.4164 -0.0173 0.9090
vn 0.4495 -0.0971 0.8880
vn 0.4780 0.1534 0.8649
vn 0.5139 0.0764 0.8544
vn 0.5173 0.3053 0.7995
vn 0.5607 0.2233 0.7974
vn 0.5523 0.3827 0.7406
vn 0.5889 0.3185 0.7428
vn 0.5828 0.3814 0.7176
vn 0.6068 0.3389 0.7190
vn 0.6063 0.3444 0.7168
vn 0.6213 0.3156 0.7172
vn 0.6365 0.2728 0.7215
vn 0.6221 0.3030 0.7219
vn 0.6666 0.2449 0.7041
vn 0.6484 0.2351 0.7241
vn 0.6822 0.2233 0.6962
vn 0.6666 0.2627 0.6976
vn 0.6830 0.2776 0.6756
vn 0.7012 0.2313 0.6744
vn 0.7018 0.2851 0.6528
vn 0.7180 0.2437 0.6519
vn 0.7184 0.2980 0.6285
vn 0.7334 0.2602 0.6281
vn 0.7465 0.2910 0.5983
vn 0.7330 0.3237 0.5982
vn 0.7458 0.3307 0.5783
vn 0.7581 0.3370 0.5583
vn 0.7638 0.3498 0.5425
vn 0.7564 0.3659 0.5421
vn -0.0339 -0.9966 0.0750
vn -0.0599 -0.9971 0.0466
vn -0.0945 -0.4036 -0.9101
vn -0.1191 -0.3082 -0.9438
vn -0.0980 -0.9903 0.0984
vn -0.0773 -0.9950 0.0627
vn -0.0335 -0.4218 -0.9061
vn -0.0165 -0.5028 -0.8642
vn 0.0961 -0.4776 0.8733
vn 0.0808 -0.4705 0.8787
vn 0.1436 -0.5605 0.8156
vn 0.1446 -0.5401 0.8291
vn 0.3227 -0.7444 0.5846
vn 0.3298 -0.6959 0.6380
vn 0.2003 -0.6697 0.7151
vn 0.2480 -0.6559 0.7130
vn 0.1762 -0.4202 0.8902
vn 0.2358 -0.3927 0.8889
vn 0.1578 -0.5173 0.8411
vn 0.2378 -0.4929 0.8369
vn 0.1524 -0.5995 0.7857
vn 0.2476 -0.5708 0.7829
vn 0.1741 -0.6552 0.7351
vn 0.2533 -0.6309 0.7333
vn 0.2074 -0.6820 0.7013
vn 0.3124 -0.6445 0.6979
vn 0.2871 -0.6755 0.6792
vn 0.4281 -0.6029 0.6732
vn 0.1714 -0.3103 0.9351
vn 0.1550 -0.3903 0.9076
vn 0.1376 -0.4478 0.8835
vn 0.1482 -0.3964 0.9060
vn 0.1463 -0.4395 0.8863
vn 0.1317 -0.5088 0.8508
vn 0.2134 -0.4235 0.8804
vn 0.1923 -0.5446 0.8164
vn 0.3040 -0.3931 0.8678
vn 0.3200 -0.5640 0.7613
vn 0.1225 -0.0296 0.9920
vn 0.1064 -0.0666 0.9921
vn 0.0667 -0.1232 0.9901
vn 0.0900 -0.0707 0.9934
vn 0.0518 -0.1542 0.9867
vn 0.0707 -0.1481 0.9864
vn 0.0766 -0.1379 0.9875
vn 0.1065 0.0327 0.9938
vn 0.1230 0.0645 0.9903
vn 0.0678 0.0088 0.9977
vn 0.0798 0.0309 0.9963
vn 0.0393 -0.0159 0.9991
vn 0.0530 0.0071 0.9986
vn 0.0459 -0.0156 0.9988
vn 0.0462 -0.0152 0.9988
vn 0.3114 -0.2256 0.9231
vn 0.1693 -0.3655 0.9153
vn 0.1151 -0.1593 0.9805
vn 0.1604 -0.2232 0.9615
vn 0.0331 0.0055 0.9994
vn 0.0302 0.0019 0.9995
vn 0.0632 0.0039 0.9980
vn 0.0486 -0.0154 0.9987
vn 0.0367 -0.1013 0.9942
vn 0.0555 -0.0778 0.9954
vn 0.1076 -0.0920 0.9899
vn 0.0743 -0.1385 0.9876
vn 0.1380 -0.1681 0.9761
vn 0.1251 -0.2079 0.9701
vn 0.0844 -0.2760 0.9575
vn 0.1013 -0.2215 0.9699
vn 0.0932 -0.2703 0.9582
vn 0.0763 -0.3192 0.9446
vn 0.1194 -0.2931 0.9486
vn 0.1280 -0.2738 0.9532
vn 0.1908 -0.1738 0.9661
vn 0.1148 -0.2792 0.9533
vn 0.1163 -0.1199 0.9860
vn 0.0559 -0.1968 0.9789
vn 0.1619 -0.2960 0.9413
vn 0.1804 -0.3030 0.9358
vn 0.1248 -0.1088 0.9862
vn 0.1782 -0.1526 0.9721
vn 0.1404 0.0162 0.9900
vn 0.1783 -0.0219 0.9837
vn 0.2753 -0.2756 0.9210
vn 0.2728 -0.2709 0.9232
vn 0.2998 -0.2866 0.9099
vn 0.3047 -0.2825 0.9096
vn 0.2158 -0.2618 0.9407
vn 0.2265 -0.2784 0.9334
vn 0.1489 0.1207 0.9814
vn 0.2004 0.0633 0.9777
vn 0.2793 -0.0765 0.9572
vn 0.2826 -0.0816 0.9558
vn 0.3256 -0.0702 0.9429
vn 0.3124 -0.0839 0.9463
vn 0.2158 -0.0740 0.9736
vn 0.2354 -0.0991 0.9668
vn 0.2684 0.0882 0.9593
vn 0.2992 0.0447 0.9531
vn 0.3507 0.1149 0.9294
vn 0.3181 0.0757 0.9450
vn 0.2145 0.0574 0.9750
vn 0.2472 0.0165 0.9688
vn 0.2777 0.1940 0.9409
vn 0.3202 0.1363 0.9375
vn 0.3769 0.2183 0.9002
vn 0.3433 0.1755 0.9227
vn 0.2226 0.1575 0.9621
vn 0.2636 0.1055 0.9589
vn 0.4573 0.2914 0.8402
vn 0.4733 0.2673 0.8393
vn 0.4709 0.2869 0.8343
vn 0.4875 0.2616 0.8330
vn 0.4828 0.3021 0.8220
vn 0.5080 0.2638 0.8200
vn 0.5124 0.4493 0.7318
vn 0.5313 0.4248 0.7330
vn 0.5038 0.3971 0.7671
vn 0.5260 0.3665 0.7675
vn 0.5005 0.3291 0.8007
vn 0.5163 0.3060 0.7999
vn 0.4500 0.3006 0.8409
vn 0.4459 0.2965 0.8445
vn 0.3968 0.3088 0.8644
vn 0.4304 0.2618 0.8638
vn 0.4203 0.3178 0.8499
vn 0.4392 0.2913 0.8498
vn 0.4505 0.2970 0.8419
vn 0.4581 0.2860 0.8417
vn 0.1829 -0.1392 0.9732
vn 0.1638 -0.1632 0.9729
vn 0.3204 -0.1755 0.9309
vn 0.3789 -0.3055 0.8736
vn 0.5310 -0.3293 0.7807
vn 0.3827 -0.4495 0.8072
vn 0.3750 0.2301 0.8980
vn 0.4044 0.2670 0.8748
vn 0.2089 0.1834 0.9606
vn 0.1841 0.1429 0.9725
vn 0.3097 0.1989 0.9298
vn 0.3391 0.2419 0.9091
vn 0.1018 0.1531 0.9830
vn 0.1380 0.1154 0.9837
vn 0.0267 0.0800 0.9964
vn 0.0207 0.0865 0.9960
vn 0.0407 0.0701 0.9967
vn 0.0306 0.0800 0.9963
vn 0.0312 0.0728 0.9969
vn 0.0343 0.0701 0.9970
vn 0.0645 0.0939 0.9935
vn 0.0794 0.1177 0.9899
vn 0.0343 0.0935 0.9950
vn 0.0571 0.0734 0.9957
vn 0.2421 0.2168 0.9457
vn 0.2798 0.1690 0.9451
vn 0.0168 0.1488 0.9887
vn 0.0168 0.1487 0.9887
vn 0.0229 0.1488 0.9886
vn 0.0200 0.1452 0.9892
vn 0.0215 0.1451 0.9892
vn 0.0230 0.1470 0.9889
vn 0.0423 0.1463 0.9883
vn 0.0537 0.1612 0.9855
vn 0.0697 0.1601 0.9846
vn 0.0903 0.1890 0.9778
vn 0.1479 0.2240 0.9633
vn 0.1220 0.1850 0.9751
vn 0.2241 0.2482 0.9424
vn 0.2021 0.2147 0.9556
vn 0.2660 0.2382 0.9341
vn 0.2841 0.2654 0.9213
vn 0.0144 0.2073 0.9782
vn 0.0132 0.2060 0.9785
vn 0.0119 0.2074 0.9782
vn 0.0163 0.2123 0.9771
vn 0.0108 0.2126 0.9771
vn 0.0188 0.2218 0.9749
vn 0.0411 0.2202 0.9746
vn 0.0561 0.2380 0.9696
vn 0.0797 0.2352 0.9687
vn 0.1020 0.2637 0.9592
vn 0.1599 0.2846 0.9452
vn 0.1400 0.2577 0.9560
vn 0.2342 0.2935 0.9268
vn 0.2187 0.2723 0.9370
vn 0.2806 0.2814 0.9176
vn 0.3040 0.3141 0.8994
vn 0.3377 0.2493 0.9077
vn 0.3645 0.2868 0.8859
vn 0.3841 0.3224 0.8652
vn 0.3843 0.3226 0.8650
vn 0.3629 0.2947 0.8840
vn 0.3786 0.3155 0.8701
vn 0.5718 -0.2928 0.7664
vn 0.6806 -0.4713 0.5609
vn 0.2429 -0.2685 0.9322
vn -0.0343 -0.2976 0.9541
vn 0.3309 -0.0125 0.9436
vn 0.5425 -0.2866 0.7897
vn 0.4831 0.3005 0.8224
vn 0.5153 0.3328 0.7897
vn 0.2783 0.1488 0.9489
vn 0.4627 -0.0497 0.8851
vn 0.4237 0.3030 0.8536
vn 0.4292 0.3004 0.8518
vn 0.0341 -0.1654 0.9856
vn 0.2007 -0.1422 0.9693
vn 0.2943 -0.1163 0.9486
vn 0.1819 -0.1319 0.9744
vn 0.4581 -0.1363 0.8784
vn 0.3900 -0.1599 0.9068
vn 0.5575 -0.1747 0.8116
vn 0.6304 -0.1311 0.7651
vn 0.7100 -0.1616 0.6854
vn 0.7691 -0.1065 0.6301
vn 0.0851 0.4648 0.8813
vn 0.1420 0.4110 0.9005
vn 0.0798 0.6168 0.7831
vn 0.0945 0.6024 0.7926
vn 0.1334 0.5574 0.8195
vn 0.0782 0.6005 0.7958
vn 0.1334 0.4804 0.8668
vn 0.1868 0.5103 0.8395
vn 0.3279 0.3685 0.8699
vn 0.2629 0.4181 0.8695
vn 0.4119 0.2384 0.8795
vn 0.3378 0.2992 0.8924
vn 0.4232 0.0269 0.9056
vn 0.5620 0.1540 0.8127
vn 0.8127 0.3488 0.4668
vn 0.8248 0.3470 0.4465
vn 0.7724 0.3505 0.5296
vn 0.7757 0.3539 0.5225
vn 0.7691 0.2477 0.5892
vn 0.7852 0.2117 0.5819
vn 0.2397 0.3981 0.8855
vn 0.2616 0.3750 0.8894
vn 0.2750 0.5718 0.7729
vn 0.2406 0.5985 0.7642
vn 0.4361 0.3926 0.8098
vn 0.3830 0.4367 0.8140
vn 0.4535 0.2873 0.8437
vn 0.4944 0.3222 0.8073
vn 0.5568 0.1546 0.8161
vn 0.5055 0.2100 0.8369
vn 0.8408 0.3273 0.4312
vn 0.8408 0.3273 0.4313
vn 0.8423 -0.1372 0.5212
vn 0.8290 -0.0812 0.5533
vn 0.8509 -0.0919 0.5172
vn 0.8355 -0.0270 0.5488
vn 0.7684 0.0744 0.6356
vn 0.7284 0.0210 0.6848
vn 0.5519 0.1484 0.8206
vn 0.5255 0.1985 0.8273
vn 0.2173 0.2558 0.9420
vn 0.2123 0.2497 0.9448
vn 0.7300 -0.1108 0.6744
vn 0.7304 -0.1520 0.6658
vn 0.7940 -0.1339 0.5930
vn 0.7538 -0.1448 0.6409
vn 0.8157 -0.0822 0.5726
vn 0.8352 -0.1818 0.5190
vn 0.8117 -0.1665 0.5598
vn 0.8039 -0.1796 0.5670
vn 0.8956 -0.1052 0.4323
vn 0.9024 -0.1423 0.4068
vn 0.8744 -0.1914 0.4458
vn 0.8884 -0.1671 0.4277
vn 0.9396 -0.1153 0.3224
vn 0.9421 -0.1348 0.3071
vn 0.9273 -0.1542 0.3412
vn 0.9310 -0.1816 0.3167
vn 0.9387 0.0227 0.3440
vn 0.9359 0.0343 0.3505
vn 0.9358 0.0469 0.3495
vn 0.9316 0.0359 0.3618
vn 0.9288 0.0606 0.3655
vn 0.9311 0.0531 0.3607
vn 0.9270 0.0892 0.3643
vn 0.9247 0.0815 0.3718
vn 0.9217 0.1132 0.3711
vn 0.9194 0.1040 0.3793
vn 0.9167 0.1256 0.3794
vn 0.9139 0.1314 0.3840
vn 0.9144 0.1285 0.3839
vn 0.9129 0.1314 0.3864
vn 0.9145 0.1225 0.3856
vn 0.9151 0.1280 0.3823
vn 0.9152 0.1277 0.3823
vn 0.9163 0.1258 0.3802
vn 0.9185 0.1151 0.3784
vn 0.9238 0.1066 0.3677
vn 0.9304 0.0884 0.3558
vn 0.9262 0.0946 0.3649
vn 0.9323 0.0789 0.3530
vn 0.9348 0.0755 0.3470
vn 0.9361 0.0693 0.3448
vn 0.9359 0.0615 0.3469
vn 0.9357 0.0625 0.3473
vn 0.9334 0.0645 0.3529
vn 0.9342 0.0614 0.3515
vn 0.9325 0.0625 0.3556
vn 0.9268 0.0658 0.3698
vn 0.9324 0.0632 0.3560
vn 0.9255 0.0700 0.3721
vn 0.9178 0.0723 0.3904
vn 0.9084 0.0991 0.4062
vn 0.9104 0.0707 0.4077
vn 0.8925 0.1159 0.4360
vn 0.8961 0.0798 0.4367
vn 0.8719 0.1331 0.4713
vn 0.8761 0.1018 0.4712
vn 0.8509 0.1501 0.5034
vn 0.8557 0.1227 0.5027
vn 0.8251 0.1737 0.5376
vn 0.8317 0.1435 0.5364
vn 0.7928 0.1787 0.5827
vn 0.8060 0.1828 0.5630
vn 0.7501 0.2335 0.6187
vn 0.7654 0.1832 0.6169
vn 0.7269 0.2291 0.6474
vn 0.7106 0.2220 0.6676
vn 0.6710 0.2621 0.6936
vn 0.6884 0.2176 0.6920
vn 0.6367 0.2654 0.7240
vn 0.6484 0.2383 0.7230
vn 0.6010 0.2570 0.7568
vn 0.6152 0.2662 0.7421
vn 0.5711 0.2793 0.7719
vn 0.5819 0.2586 0.7710
vn 0.5438 0.2725 0.7937
vn 0.5528 0.2789 0.7853
vn 0.5189 0.2881 0.8048
vn 0.5113 0.2821 0.8118
vn 0.4828 0.2979 0.8235
vn 0.4779 0.2933 0.8280
vn 0.4352 0.3139 0.8439
vn 0.4455 0.2991 0.8438
vn 0.3760 0.3281 0.8666
vn 0.3855 0.3155 0.8671
vn 0.2968 0.3456 0.8902
vn 0.3147 0.3238 0.8923
vn 0.2272 0.3244 0.9182
vn 0.2429 0.3444 0.9069
vn 0.1521 0.3169 0.9362
vn 0.1686 0.3376 0.9261
vn 0.0921 0.3054 0.9478
vn 0.1083 0.3247 0.9396
vn 0.0391 0.3122 0.9492
vn 0.0639 0.2901 0.9548
vn 0.0084 0.2740 0.9617
vn 0.0262 0.2936 0.9556
vn 0.0082 0.2740 0.9617
vn 0.0230 0.2609 0.9651
vn 0.0111 0.2669 0.9637
vn 0.0059 0.2613 0.9652
vn 0.9505 -0.1024 0.2935
vn 0.9477 -0.0810 0.3087
vn 0.9544 -0.0372 0.2961
vn 0.9553 -0.0426 0.2926
vn 0.9545 -0.0139 0.2980
vn 0.9553 -0.0184 0.2951
vn 0.9544 -0.0039 0.2984
vn 0.9547 -0.0054 0.2975
vn 0.1381 0.2346 0.9622
vn 0.2139 0.2750 0.9374
vn 0.1410 0.2129 0.9669
vn 0.1602 0.2246 0.9612
vn 0.1446 0.1936 0.9704
vn 0.1607 0.2047 0.9655
vn 0.1604 0.1722 0.9719
vn 0.1741 0.1827 0.9676
vn 0.2002 0.1577 0.9670
vn 0.1931 0.1882 0.9629
vn 0.2515 0.1859 0.9498
vn 0.2332 0.1715 0.9572
vn 0.2982 0.2159 0.9298
vn 0.2547 0.1843 0.9493
vn 0.3413 0.1909 0.9204
vn 0.3193 0.2619 0.9107
vn 0.4651 0.2232 0.8567
vn 0.4696 0.2080 0.8580
vn 0.5579 0.1483 0.8165
vn 0.5649 0.1517 0.8111
vn 0.6644 0.0637 0.7447
vn 0.6618 0.0625 0.7470
vn 0.7615 0.0065 0.6481
vn 0.7374 -0.0067 0.6754
vn 0.8266 -0.0223 0.5623
vn 0.8025 -0.0382 0.5954
vn 0.8472 -0.0456 0.5293
vn 0.8704 -0.0257 0.4917
vn 0.9155 0.0234 0.4016
vn 0.9171 0.0263 0.3977
vn 0.9368 0.0124 0.3498
vn 0.9383 0.0049 0.3457
vn 0.9047 0.0013 0.4261
vn 0.9152 0.0172 0.4027
vn 0.9342 0.0051 0.3567
vn 0.9361 -0.0044 0.3516
vn 0.9312 -0.0456 0.3617
vn 0.9241 -0.0091 0.3821
vn 0.9090 -0.0915 0.4066
vn 0.9189 -0.0754 0.3871
vn 0.8884 -0.0044 0.4591
vn 0.8985 -0.0568 0.4354
vn 0.8596 -0.0491 0.5086
vn 0.8719 -0.1189 0.4750
vn 0.6792 0.2022 0.7056
vn 0.6887 0.1678 0.7054
vn 0.6438 0.2443 0.7251
vn 0.6480 0.2326 0.7253
vn 0.6458 0.2669 0.7153
vn 0.6590 0.2321 0.7154
vn 0.6294 0.3163 0.7098
vn 0.6455 0.2753 0.7124
vn 0.6063 0.3600 0.7091
vn 0.6298 0.3031 0.7152
vn 0.5612 0.1470 0.8145
vn 0.5080 0.2997 0.8075
vn 0.5039 0.2372 0.8306
vn 0.4616 0.3444 0.8175
vn 0.4515 0.2493 0.8568
vn 0.4248 0.3203 0.8467
vn 0.4026 0.2108 0.8907
vn 0.3865 0.2616 0.8844
vn 0.3499 0.2083 0.9133
vn 0.3589 0.1746 0.9169
vn 0.3292 0.1618 0.9303
vn 0.3263 0.1742 0.9291
vn 0.3318 0.1518 0.9311
vn 0.3267 0.1750 0.9288
vn 0.3422 0.1681 0.9245
vn 0.3609 0.1674 0.9174
vn 0.3476 0.1493 0.9257
vn 0.3362 0.1506 0.9297
vn 0.2933 0.1388 0.9459
vn 0.2977 0.1057 0.9488
vn 0.2480 0.0921 0.9644
vn 0.2429 0.1358 0.9605
vn 0.2244 0.1193 0.9672
vn 0.2178 0.1796 0.9593
vn 0.2700 0.2196 0.9375
vn 0.2671 0.2532 0.9298
vn 0.3829 0.3795 0.8423
vn 0.3870 0.3310 0.8606
vn 0.4516 0.4371 0.7778
vn 0.4516 0.4114 0.7917
vn 0.4794 0.4430 0.7575
vn 0.4915 0.4796 0.7269
vn 0.5094 0.5078 0.6948
vn 0.4943 0.4797 0.7250
vn 0.5283 0.5057 0.6821
vn 0.5035 0.5259 0.6855
vn 0.5180 0.5234 0.6765
vn 0.5165 0.5219 0.6789
vn 0.5157 0.5220 0.6794
vn 0.5094 0.5163 0.6884
vn 0.4906 0.5206 0.6988
vn 0.4694 0.5041 0.7249
vn 0.4073 0.5164 0.7533
vn 0.4611 0.4714 0.7518
vn 0.3289 0.4614 0.8240
vn 0.3728 0.4897 0.7882
vn 0.1923 0.4343 0.8800
vn 0.2554 0.4724 0.8436
vn 0.1550 0.4377 0.8857
vn 0.1233 0.4188 0.8997
vn -0.0057 0.3809 0.9246
vn -0.0756 0.3304 0.9408
vn -0.0351 0.3145 0.9486
vn -0.0114 0.3326 0.9430
vn 0.5012 -0.0097 0.8653
vn 0.4881 -0.0574 0.8709
vn 0.6227 0.3085 0.7191
vn 0.5807 0.2699 0.7680
vn 0.6030 0.0943 0.7921
vn 0.5976 -0.0418 0.8007
vn 0.5763 0.2742 0.7699
vn 0.6157 0.0695 0.7849
vn 0.0461 -0.9937 0.1020
vn 0.0532 -0.9940 0.0956
vn 0.1303 -0.9875 0.0890
vn 0.1366 -0.9861 0.0947
vn 0.2445 -0.9655 0.0897
vn 0.2410 -0.9667 0.0864
vn 0.3870 -0.9182 0.0840
vn 0.3648 -0.9247 0.1090
vn 0.5324 -0.8302 0.1652
vn 0.4783 -0.8721 0.1034
vn 0.6354 -0.7332 0.2423
vn 0.5774 -0.8002 0.1619
vn 0.6797 -0.6935 0.2387
vn 0.7230 -0.6117 0.3212
vn 0.7726 -0.4907 0.4028
vn 0.7458 -0.5847 0.3192
vn 0.7991 -0.3831 0.4634
vn 0.7929 -0.4595 0.4003
vn 0.8093 -0.3003 0.5048
vn 0.8138 -0.3538 0.4610
vn 0.8054 -0.2566 0.5344
vn 0.8121 -0.2934 0.5044
vn 0.7938 -0.2499 0.5544
vn 0.7992 -0.2741 0.5349
vn 0.7863 -0.2539 0.5633
vn 0.7889 -0.2652 0.5543
vn 0.3810 0.3882 0.8391
vn 0.3456 0.3377 0.8755
vn 0.2415 0.3447 0.9071
vn 0.3424 0.5341 0.7730
vn 0.2826 0.5151 0.8092
vn 0.3490 0.6688 0.6565
vn 0.4749 0.6998 0.5337
vn 0.2155 0.7291 0.6495
vn 0.3669 0.7425 0.5605
vn 0.3624 0.7795 0.5110
vn 0.2102 0.6760 0.7063
vn 0.3095 0.6623 0.6824
vn 0.4600 0.5656 0.6844
vn 0.4307 0.7072 0.5608
vn 0.2905 0.4907 0.8215
vn 0.2891 0.5118 0.8090
vn 0.2170 0.4584 0.8618
vn 0.2158 0.4637 0.8593
vn 0.1453 0.2881 0.9465
vn 0.1273 0.4280 0.8948
vn 0.0546 0.2646 0.9628
vn 0.1579 0.1620 0.9741
vn 0.1240 0.1573 0.9797
vn 0.2740 -0.0011 0.9617
vn 0.9499 0.0807 0.3021
vn 0.9873 0.0296 0.1561
vn -0.0709 0.9200 0.3855
vn -0.4949 0.8366 0.2350
vn 0.5987 0.7217 0.3473
vn 0.1890 0.8540 0.4847
vn -0.2869 0.9499 0.1237
vn 0.3024 0.9490 0.0895
vn 0.6284 0.1338 0.7663
vn 0.6328 0.1350 0.7624
vn 0.7131 -0.0394 0.6999
vn 0.7268 -0.0318 0.6861
vn 0.6989 -0.0522 0.7133
vn 0.7143 -0.0414 0.6986
vn 0.6602 0.0014 0.7511
vn 0.6375 -0.0166 0.7702
vn 0.6468 -0.0400 0.7616
vn 0.6434 -0.0230 0.7652
vn 0.6758 0.0533 0.7351
vn 0.6679 0.0935 0.7384
vn 0.6972 0.0988 0.7100
vn 0.6872 0.1425 0.7124
vn 0.6991 0.1545 0.6981
vn 0.7036 0.1328 0.6981
vn 0.6441 0.2764 0.7133
vn 0.6209 0.2536 0.7418
vn 0.6779 0.1920 0.7097
vn 0.6384 0.1729 0.7500
vn 0.6745 0.0643 0.7354
vn 0.6696 0.1224 0.7326
vn 0.6836 -0.1222 0.7196
vn 0.6503 -0.1437 0.7460
vn 0.6957 -0.1576 0.7008
vn 0.6836 -0.1655 0.7109
vn 0.7275 -0.1789 0.6624
vn 0.7118 -0.1905 0.6761
vn 0.7571 -0.2044 0.6205
vn 0.7513 -0.2094 0.6259
vn 0.7947 -0.2238 0.5643
vn 0.7876 -0.2307 0.5714
vn -0.3541 0.3345 0.8733
vn -0.4436 0.3066 0.8422
vn 0.4265 0.3611 0.8293
vn 0.3832 0.2934 0.8758
vn -0.2761 0.2692 0.9227
vn -0.3957 0.2646 0.8794
vn 0.3620 0.3280 0.8725
vn 0.3214 0.2179 0.9215
vn -0.2013 0.2287 0.9524
vn -0.2950 0.2461 0.9233
vn 0.2621 0.2886 0.9209
vn 0.2425 0.1976 0.9498
vn -0.1627 0.2105 0.9639
vn -0.2041 0.2262 0.9524
vn 0.1895 0.2433 0.9513
vn 0.1842 0.1999 0.9624
vn -0.1252 0.2365 0.9635
vn -0.1245 0.2007 0.9717
vn 0.1435 0.2267 0.9633
vn 0.1122 0.2097 0.9713
vn -0.4356 0.3043 0.8472
vn -0.4537 0.3368 0.8251
vn 0.4289 0.3309 0.8405
vn 0.4658 0.3166 0.8263
vn -0.4669 0.3108 0.8279
vn -0.4307 0.2083 0.8781
vn 0.4979 0.2503 0.8303
vn 0.3944 0.2649 0.8799
vn -0.3617 0.3101 0.8792
vn -0.3591 0.2963 0.8850
vn 0.3668 0.3037 0.8793
vn 0.3531 0.3023 0.8854
vn -0.3025 0.3508 0.8862
vn -0.3010 0.3297 0.8948
vn 0.3112 0.3413 0.8869
vn 0.2929 0.3358 0.8952
vn -0.2361 0.3761 0.8960
vn -0.2366 0.2597 0.9363
vn 0.2900 0.3378 0.8954
vn 0.1847 0.2910 0.9387
vn -0.6143 0.3812 0.6909
vn -0.5925 0.5050 0.6276
vn -0.3850 0.3514 0.8534
vn -0.3776 0.4721 0.7966
vn -0.5372 0.4198 0.7316
vn -0.5166 0.5540 0.6528
vn -0.6771 0.3275 0.6590
vn -0.6549 0.4490 0.6079
vn -0.6807 0.3334 0.6523
vn -0.7556 0.3217 0.5706
vn 0.7283 0.2704 0.6297
vn 0.7088 0.3831 0.5922
vn 0.5545 0.4462 0.7024
vn 0.6510 0.4426 0.6168
vn 0.3284 0.3956 0.8577
vn 0.4350 0.4253 0.7937
vn 0.4720 0.4821 0.7381
vn 0.5833 0.4908 0.6473
vn 0.6222 0.3943 0.6763
vn 0.7096 0.3845 0.5905
vn -0.6694 0.4192 0.6133
vn -0.6496 0.5174 0.5570
vn 0.6222 0.4750 0.6223
vn 0.6956 0.4642 0.5483
vn -0.4785 0.3831 0.7901
vn -0.4738 0.5473 0.6899
vn -0.6115 0.4592 0.6444
vn -0.5996 0.5410 0.5898
vn 0.4014 0.4537 0.7956
vn 0.5479 0.4710 0.6913
vn 0.5717 0.5025 0.6485
vn 0.6378 0.4989 0.5868
vn -0.7095 0.4454 0.5461
vn -0.6934 0.5160 0.5030
vn 0.6745 0.4899 0.5523
vn 0.7259 0.4750 0.4975
vn -0.5698 0.4448 0.6910
vn -0.5711 0.5015 0.6499
vn -0.6600 0.4710 0.5853
vn -0.6518 0.5299 0.5425
vn 0.5444 0.4749 0.6914
vn 0.5946 0.4700 0.6523
vn 0.6306 0.5073 0.5874
vn 0.6789 0.4958 0.5416
vn -0.7509 0.4390 0.4934
vn -0.7393 0.4910 0.4608
vn 0.7254 0.4756 0.4975
vn 0.7613 0.4583 0.4587
vn -0.6322 0.4130 0.6556
vn -0.6181 0.3271 0.7148
vn -0.7065 0.4560 0.5412
vn -0.7054 0.4683 0.5321
vn 0.6663 0.3581 0.6541
vn 0.5923 0.3833 0.7087
vn 0.7011 0.4649 0.5407
vn 0.7109 0.4602 0.5318
vn -0.8049 0.3824 0.4538
vn -0.7969 0.4388 0.4153
vn 0.7796 0.4283 0.4569
vn 0.8153 0.3996 0.4190
vn -0.6034 0.3589 0.7121
vn -0.6118 0.3859 0.6905
vn -0.7409 0.4051 0.5357
vn -0.7411 0.4104 0.5314
vn 0.5927 0.3825 0.7088
vn 0.6209 0.3662 0.6931
vn 0.7390 0.4100 0.5346
vn 0.7434 0.4066 0.5311
vn -0.7187 0.3720 0.5874
vn -0.6970 0.4665 0.5445
vn 0.6744 0.4275 0.6021
vn 0.7397 0.4152 0.5296
vn -0.7526 0.3977 0.5249
vn -0.7291 0.4815 0.4865
vn 0.7120 0.4496 0.5393
vn 0.7672 0.4341 0.4721
vn -0.7917 0.4000 0.4618
vn -0.7684 0.4730 0.4311
vn 0.7562 0.4485 0.4764
vn 0.8006 0.4315 0.4157
vn -0.8235 0.3986 0.4036
vn -0.8201 0.4087 0.4005
vn 0.8188 0.4059 0.4060
vn 0.8244 0.4035 0.3971
vn -0.7183 0.3711 0.5885
vn -0.7819 0.3579 0.5105
vn 0.7627 0.3120 0.5665
vn 0.7389 0.4136 0.5319
vn 0.7523 0.3971 0.5257
vn 0.7988 0.3848 0.4624
vn -0.7879 0.3495 0.5071
vn -0.7649 0.4280 0.4815
vn -0.8219 0.3894 0.4157
vn -0.8260 0.3785 0.4176
vn 0.8265 0.3837 0.4120
vn 0.8213 0.3851 0.4209
vn -0.7967 0.4170 0.4375
vn -0.8153 0.3617 0.4522
vn 0.8201 0.3867 0.4217
vn 0.7904 0.3960 0.4673
vn -0.8236 0.3317 0.4600
vn -0.8257 0.3313 0.4565
vn 0.8238 0.3338 0.4582
vn 0.8255 0.3295 0.4583
vn -0.8391 0.3139 0.4443
vn -0.8247 0.3170 0.4684
vn 0.8370 0.2999 0.4577
vn 0.8271 0.3295 0.4553
vn 0.8255 0.3212 0.4640
vn 0.8141 0.3564 0.4584
vn 0.8266 0.3399 0.4485
vn 0.8227 0.3506 0.4475
vn -0.8272 0.3451 0.4435
vn -0.8220 0.3461 0.4523
vn -0.8285 0.3374 0.4470
vn -0.8107 0.3419 0.4753
vn 0.8284 0.2901 0.4791
vn 0.8178 0.3263 0.4741
vn -0.8320 0.3069 0.4621
vn -0.8137 0.3109 0.4912
vn -0.8359 0.2791 0.4727
vn -0.7972 0.2872 0.5311
vn 0.8255 0.2450 0.5084
vn 0.8081 0.3185 0.4955
vn -0.8237 0.2479 0.5100
vn -0.7758 0.2571 0.5762
vn 0.8075 0.2089 0.5516
vn 0.7924 0.2938 0.5345
vn -0.8052 0.3097 0.5056
vn -0.7655 0.3182 0.5592
vn 0.7937 0.2782 0.5409
vn 0.7778 0.3475 0.5237
vn 0.8110 0.3014 0.5014
vn 0.7930 0.3652 0.4876
vn -0.8188 0.3307 0.4693
vn -0.7842 0.3390 0.5198
vn -0.7888 0.2854 0.5443
vn -0.7415 0.2942 0.6031
vn 0.7723 0.2500 0.5840
vn 0.7584 0.3278 0.5634
vn -0.1845 0.6115 0.7694
vn -0.1912 0.6151 0.7649
vn 0.1844 0.6161 0.7658
vn 0.1913 0.6107 0.7684
vn -0.4675 0.5442 0.6966
vn -0.5050 0.5584 0.6582
vn 0.4659 0.5754 0.6722
vn 0.5070 0.5290 0.6806
vn 0.5058 0.5469 0.6671
vn 0.5391 0.5055 0.6737
vn 0.1913 0.6014 0.7757
vn 0.1975 0.5959 0.7784
vn -0.1913 0.5966 0.7794
vn -0.1973 0.6005 0.7749
vn -0.5075 0.5183 0.6883
vn -0.5360 0.5336 0.6542
vn -0.7636 0.4313 0.4805
vn -0.7333 0.4176 0.5366
vn 0.7691 0.3893 0.5069
vn 0.7303 0.4596 0.5055
vn -0.8529 0.3387 0.3973
vn -0.8269 0.4001 0.3953
vn 0.8485 0.3710 0.3774
vn 0.8286 0.3669 0.4229
vn 0.8288 0.3575 0.4305
vn 0.8068 0.4079 0.4275
vn -0.8280 0.3817 0.4107
vn -0.8069 0.3821 0.4504
vn -0.4338 0.5448 0.7177
vn -0.4670 0.5550 0.6884
vn -0.1810 0.6030 0.7769
vn -0.1845 0.6046 0.7749
vn 0.1810 0.6051 0.7753
vn 0.1845 0.6026 0.7764
vn 0.4332 0.5683 0.6995
vn 0.4679 0.5328 0.7051
vn -0.4109 0.5436 0.7319
vn -0.4337 0.5497 0.7139
vn -0.1737 0.5912 0.7876
vn -0.1812 0.5944 0.7835
vn 0.1736 0.5955 0.7844
vn 0.1813 0.5904 0.7865
vn 0.4104 0.5583 0.7210
vn 0.4339 0.5363 0.7239
vn -0.6959 0.4310 0.5744
vn -0.6657 0.4777 0.5733
vn 0.6662 0.4512 0.5938
vn 0.6957 0.4551 0.5557
vn -0.7331 0.4202 0.5347
vn -0.6945 0.4854 0.5311
vn 0.6959 0.4484 0.5610
vn 0.7306 0.4557 0.5084
vn 0.6064 0.4598 0.6488
vn 0.6440 0.4639 0.6084
vn 0.2552 -0.1773 0.9505
vn 0.3478 -0.0677 0.9351
vn 0.1473 0.1381 0.9794
vn 0.2066 0.1926 0.9593
vn 0.1330 0.3337 0.9333
vn 0.0702 0.2868 0.9554
vn 0.0698 0.4211 0.9043
vn 0.0077 0.3811 0.9245
vn -0.0305 0.4055 0.9136
vn 0.0118 0.4304 0.9026
vn -0.1583 0.4575 0.8750
vn -0.0059 0.5313 0.8472
vn -0.2859 0.5418 0.7904
vn -0.0965 0.6000 0.7942
vn -0.1716 0.6398 0.7491
vn -0.1752 0.6327 0.7543
vn -0.0803 0.6766 0.7320
vn -0.0612 0.6644 0.7449
vn 0.0612 0.6644 0.7449
vn 0.0803 0.6766 0.7320
vn 0.1752 0.6327 0.7543
vn 0.1716 0.6398 0.7491
vn 0.0965 0.6000 0.7942
vn 0.2859 0.5418 0.7904
vn 0.0059 0.5313 0.8472
vn 0.1583 0.4575 0.8750
vn -0.0118 0.4304 0.9026
vn 0.0305 0.4055 0.9136
vn -0.0112 0.4222 0.9064
vn -0.0701 0.3810 0.9219
vn -0.0702 0.3340 0.9400
vn -0.1370 0.2869 0.9481
vn -0.2066 0.1926 0.9593
vn -0.1473 0.1381 0.9794
vn -0.3478 -0.0677 0.9351
vn -0.2552 -0.1773 0.9505
vn -0.6440 0.4639 0.6084
vn -0.6064 0.4598 0.6487
vn -0.6662 0.4503 0.5945
vn -0.6439 0.4479 0.6203
vn 0.6661 0.4340 0.6066
vn 0.6440 0.4653 0.6073
vn -0.7679 0.3695 0.5232
vn -0.7905 0.3686 0.4891
vn 0.7687 0.3909 0.5063
vn 0.7893 0.3494 0.5048
vn -0.7906 0.3705 0.4875
vn -0.8067 0.3698 0.4610
vn 0.7913 0.3872 0.4733
vn 0.8060 0.3544 0.4740
vn -0.3953 -0.7285 0.5595
vn -0.3836 -0.6905 0.6132
vn -0.9743 -0.0042 0.2251
vn -0.9233 0.1155 0.3663
vn -0.0963 -0.9931 -0.0664
vn -0.0232 -0.9750 0.2210
vn 0.1549 -0.8015 -0.5775
vn 0.2835 -0.8694 -0.4046
vn 0.2401 -0.8744 -0.4216
vn 0.3586 -0.9128 -0.1955
vn -0.7292 -0.5086 0.4577
vn -0.6780 -0.4584 0.5746
vn -0.1852 -0.7854 0.5907
vn -0.1293 -0.7558 0.6419
vn -0.1054 -0.7872 0.6076
vn -0.0908 -0.7690 0.6327
vn -0.7847 -0.2443 0.5698
vn -0.8276 -0.1771 0.5326
vn -0.6161 -0.2933 0.7310
vn -0.6292 -0.3039 0.7153
vn -0.1212 -0.3274 0.9371
vn -0.1529 -0.3014 0.9412
vn -0.5904 -0.5499 0.5908
vn -0.6340 -0.5739 0.5184
vn -0.1253 -0.8776 0.4628
vn -0.1173 -0.8749 0.4699
vn -0.6872 -0.7253 0.0412
vn -0.6778 -0.6313 -0.3769
vn -0.1594 -0.5774 0.8008
vn -0.1484 -0.5704 0.8079
vn -0.5993 0.0580 0.7985
vn -0.5870 0.0457 0.8083
vn -0.7244 -0.1815 0.6651
vn -0.7062 -0.1843 0.6836
vn -0.9144 -0.2836 0.2889
vn -0.9277 0.0772 0.3653
vn -0.7468 0.1785 0.6406
vn -0.8544 0.2095 0.4756
vn -0.9374 0.1801 0.2980
vn -0.7686 0.5373 0.3470
vn -0.7784 -0.5723 0.2580
vn -0.8842 -0.3401 0.3201
vn -0.9974 0.0630 0.0356
vn -0.9569 0.0127 0.2900
vn -0.9579 -0.2870 0.0054
vn -0.8853 -0.3701 0.2814
vn -0.6011 -0.3597 0.7136
vn -0.5462 -0.3431 0.7642
vn -0.4975 0.1631 0.8520
vn -0.5832 0.0770 0.8086
vn -0.4462 0.0784 0.8915
vn -0.3546 -0.0340 0.9344
vn -0.1183 -0.0898 0.9889
vn -0.1092 -0.0865 0.9903
vn 0.4260 -0.1385 0.8941
vn 0.2794 -0.1908 0.9410
vn 0.7324 -0.2546 0.6314
vn 0.7328 -0.2775 0.6213
vn -0.8684 -0.2561 -0.4246
vn -0.8748 -0.2333 -0.4246
vn -0.8660 -0.2955 -0.4033
vn -0.8689 -0.2866 -0.4036
vn -0.9178 -0.3185 -0.2372
vn -0.8125 -0.5334 -0.2354
vn -0.9565 0.2864 0.0550
vn -0.9518 0.2859 0.1111
vn -0.1307 -0.9231 0.3617
vn -0.1208 -0.9206 0.3712
vn -0.1552 -0.9367 0.3139
vn -0.1378 -0.9326 0.3336
vn 0.8769 -0.3739 0.3021
vn 0.6840 -0.4779 0.5511
vn -0.1120 -0.7443 0.6583
vn -0.1001 -0.7152 0.6917
vn -0.5535 -0.7044 -0.4444
vn -0.7187 -0.4461 -0.5334
vn -0.5711 -0.5049 -0.6472
vn -0.5694 -0.5076 -0.6466
vn -0.3561 -0.3149 0.8798
vn -0.3782 -0.3316 0.8643
vn -0.3607 -0.5706 0.7377
vn -0.3850 -0.5511 0.7403
vn -0.3525 -0.8397 0.4131
vn -0.3745 -0.8438 0.3844
vn -0.3495 -0.8955 0.2756
vn -0.4157 -0.8568 0.3050
vn -0.3980 -0.8783 0.2650
vn -0.4314 -0.8564 0.2838
vn -0.3698 -0.8692 0.3282
vn -0.4096 -0.8417 0.3517
vn -0.3524 -0.6137 0.7066
vn -0.2591 -0.5605 0.7866
vn -0.1017 -0.6495 0.7535
vn -0.1722 -0.6949 0.6982
vn -0.1754 -0.9127 0.3691
vn -0.1590 -0.9079 0.3877
vn -0.9105 -0.2861 0.2985
vn -0.9095 -0.3639 -0.2011
vn -0.9211 -0.1642 0.3529
vn -0.9910 -0.1334 0.0122
vn -0.8588 0.3876 0.3350
vn -0.8409 0.4235 0.3370
vn -0.8359 0.3858 0.3905
vn -0.8459 0.3933 0.3601
vn -0.3278 0.5506 0.7677
vn -0.3190 0.5456 0.7750
vn -0.3437 0.5869 0.7331
vn -0.3250 0.5783 0.7483
vn -0.8836 0.3964 0.2494
vn -0.8441 0.4807 0.2377
vn -0.8584 0.4161 0.3000
vn -0.8369 0.4616 0.2943
vn -0.6152 0.4936 0.6147
vn -0.6215 0.4875 0.6132
vn -0.6300 0.5135 0.5826
vn -0.6083 0.5354 0.5859
vn -0.7940 -0.5796 0.1832
vn -0.7893 -0.5527 0.2673
vn -0.8412 0.3451 0.4163
vn -0.8246 0.3755 0.4230
vn -0.8496 0.3720 0.3738
vn -0.8488 0.3740 0.3737
vn -0.3267 0.4634 0.8237
vn -0.3240 0.4615 0.8259
vn -0.6325 0.4109 0.6566
vn -0.6321 0.4113 0.6567
vn -0.1354 0.5636 0.8149
vn -0.1273 0.5584 0.8198
vn -0.1185 0.4736 0.8727
vn -0.1305 0.4647 0.8758
vn -0.1334 0.5998 0.7890
vn -0.1460 0.5914 0.7930
vn -0.5819 0.1748 0.7942
vn -0.5605 0.1550 0.8135
vn 0.2040 -0.7525 0.6262
vn 0.2441 -0.7169 0.6531
vn 0.2306 -0.7001 0.6758
vn 0.2587 -0.6481 0.7162
vn 0.1397 -0.5446 0.8270
vn 0.1379 -0.5737 0.8074
vn -0.2155 -0.3301 0.9190
vn -0.2262 -0.3015 0.9262
vn -0.3169 -0.4080 0.8562
vn -0.3430 -0.6742 0.6541
vn -0.4824 -0.1978 0.8533
vn -0.5886 -0.0175 0.8082
vn -0.5891 -0.0175 0.8079
vn -0.6372 0.0426 0.7695
vn 0.7425 -0.5803 -0.3346
vn 0.7465 -0.5758 -0.3335
vn -0.6128 0.7624 0.2077
vn -0.5712 0.7671 0.2920
vn -0.6528 0.7511 0.0987
vn -0.8230 0.5637 0.0695
vn -0.2968 0.7651 0.5714
vn -0.1360 0.6689 0.7308
vn -0.1677 0.6666 0.7263
vn 0.0042 0.5540 0.8325
vn 0.0785 0.5498 0.8316
vn 0.3419 0.3441 0.8745
vn 0.5420 0.2959 0.7865
vn 0.6607 0.1229 0.7406
vn 0.8630 -0.0003 0.5052
vn 0.8306 0.1112 0.5457
vn -0.8726 -0.2194 -0.4365
vn -0.8305 -0.2245 -0.5097
vn 0.9799 -0.1011 0.1720
vn 0.9800 -0.0976 0.1732
vn -0.5760 -0.5526 -0.6024
vn -0.4967 -0.5469 -0.6740
vn -0.3567 0.8072 0.4703
vn -0.2751 0.7691 0.5770
vn -0.9224 0.3781 -0.0788
vn -0.8987 0.4333 -0.0685
vn 0.4822 -0.6769 -0.5561
vn 0.4624 -0.6721 -0.5783
vn 0.4409 0.7880 0.4297
vn 0.6083 0.6531 0.4511
vn 0.0689 0.9586 0.2761
vn 0.1686 0.9169 0.3617
vn 0.1747 0.9159 0.3614
vn 0.3556 0.8160 0.4558
vn 0.4799 -0.6107 -0.6299
vn 0.3565 -0.5806 -0.7320
vn 0.7877 -0.3315 -0.5192
vn 0.7517 -0.3876 -0.5336
vn 0.9894 0.1447 0.0130
vn 0.9899 0.1413 0.0115
vn 0.8746 -0.2355 -0.4237
vn 0.8782 -0.2351 -0.4166
vn 0.8540 0.3979 0.3351
vn 0.9052 0.3723 0.2050
vn 0.7359 0.5428 0.4048
vn 0.7875 0.5255 0.3220
vn -0.4736 0.8711 0.1303
vn -0.5004 0.8620 0.0808
vn -0.7615 0.6474 -0.0314
vn -0.8351 0.5482 -0.0445
vn -0.8360 -0.2451 -0.4909
vn -0.7902 -0.2530 -0.5582
vn -0.4971 -0.5495 -0.6715
vn -0.4456 -0.5479 -0.7080
vn -0.9017 0.4148 -0.1220
vn -0.9029 0.3985 -0.1613
vn -0.0797 0.9703 0.2285
vn -0.0464 0.9624 0.2675
vn -0.8174 0.5704 -0.0808
vn -0.8379 0.5395 -0.0825
vn 0.2038 0.9455 0.2540
vn 0.2551 0.9201 0.2971
vn 0.3862 0.8774 0.2847
vn 0.4901 0.7981 0.3504
vn -0.4983 0.8635 0.0775
vn -0.4858 0.8688 0.0960
vn -0.0295 0.9724 0.2315
vn -0.0151 0.9691 0.2463
vn 0.3693 -0.5095 -0.7772
vn 0.3573 -0.5049 -0.7858
vn 0.7234 -0.1921 -0.6632
vn 0.6301 -0.3562 -0.6900
vn 0.9571 0.2830 -0.0614
vn 0.9368 0.3478 -0.0380
vn 0.8692 -0.0340 -0.4933
vn 0.8420 -0.0426 -0.5379
vn -0.7756 -0.2156 -0.5933
vn -0.8115 -0.2096 -0.5455
vn -0.4225 -0.4615 -0.7801
vn -0.4721 -0.4616 -0.7510
vn -0.9111 0.3857 -0.1451
vn -0.9119 0.3581 -0.2004
vn 0.3417 -0.6510 -0.6778
vn 0.2944 -0.6326 -0.7164
vn -0.0112 0.9718 0.2355
vn 0.0419 0.9565 0.2888
vn 0.9834 0.1222 0.1341
vn 0.9687 0.2013 0.1455
vn 0.8961 -0.3310 -0.2956
vn 0.8944 -0.3317 -0.3001
vn 0.7687 -0.4792 -0.4238
vn 0.6357 -0.4889 -0.5974
vn 0.0344 0.9491 0.3132
vn 0.0453 0.9449 0.3243
vn 0.8903 0.2938 0.3478
vn 0.9004 0.2565 0.3514
vn 0.9603 0.0886 0.2645
vn 0.9602 0.0903 0.2645
vn 0.9018 -0.4153 -0.1197
vn 0.8801 -0.4328 -0.1955
vn 0.7417 -0.5917 -0.3158
vn 0.8028 -0.5054 -0.3164
vn 0.2798 -0.7447 -0.6059
vn 0.2231 -0.7220 -0.6550
vn 0.1863 -0.8917 -0.4125
vn 0.1832 -0.8909 -0.4156
vn 0.7545 -0.6381 -0.1533
vn 0.7439 -0.6508 -0.1519
vn 0.9472 0.0466 0.3172
vn 0.9460 -0.0037 0.3241
vn 0.9229 0.1981 0.3302
vn 0.8928 0.2260 0.3896
vn 0.8977 -0.4287 0.1021
vn 0.8769 -0.4784 -0.0461
vn 0.0511 0.9301 0.3639
vn 0.0310 0.9264 0.3753
vn 0.6520 -0.7568 0.0470
vn 0.6760 -0.7358 0.0405
vn 0.8555 -0.4517 0.2533
vn 0.8560 -0.4783 0.1965
vn 0.1114 -0.9922 0.0565
vn 0.0149 -0.9986 -0.0505
vn 0.9372 -0.0226 0.3481
vn 0.9267 -0.1005 0.3620
vn 0.9144 0.1683 0.3681
vn 0.9199 0.0746 0.3850
vn 0.0535 0.8826 0.4670
vn 0.0182 0.8729 0.4875
vn 0.5655 -0.7893 0.2392
vn 0.5530 -0.7969 0.2431
vn 0.9007 -0.1385 0.4117
vn 0.8829 -0.2023 0.4238
vn 0.9040 0.0408 0.4257
vn 0.8941 -0.0557 0.4443
vn 0.0592 0.7667 0.6393
vn -0.0102 0.7382 0.6745
vn -0.0284 -0.9736 0.2266
vn -0.1168 -0.9847 0.1293
vn 0.7902 -0.5339 0.3008
vn 0.7854 -0.4975 0.3683
vn -0.1007 0.3225 0.9412
vn -0.0642 0.3495 0.9347
vn 0.8125 -0.1560 0.5617
vn 0.7997 -0.1913 0.5691
vn 0.7974 -0.2797 0.5347
vn 0.7609 -0.3508 0.5459
vn 0.6948 -0.5594 0.4519
vn 0.7045 -0.5801 0.4089
vn 0.5165 -0.7986 0.3090
vn 0.5438 -0.7850 0.2968
vn -0.1361 -0.9469 0.2913
vn -0.0770 -0.9327 0.3523
vn 0.6172 0.7226 0.3112
vn 0.6813 0.6530 0.3308
vn 0.7801 0.5686 0.2610
vn 0.8162 0.5172 0.2577
vn 0.8995 0.4074 0.1576
vn 0.8359 0.5203 0.1746
vn 0.8463 0.4554 0.2763
vn 0.8961 0.3425 0.2824
vn 0.2559 0.9208 0.2942
vn 0.3057 0.8904 0.3374
vn 0.4955 0.8099 0.3140
vn 0.5553 0.7507 0.3578
vn 0.6818 0.6584 0.3187
vn 0.7247 0.5979 0.3426
vn 0.8179 0.4965 0.2907
vn 0.8259 0.4820 0.2925
vn 0.8173 0.4101 0.4047
vn 0.8562 0.3842 0.3455
vn 0.8517 0.3504 0.3897
vn 0.8724 0.3369 0.3541
vn 0.8644 0.2906 0.4103
vn 0.8729 0.2851 0.3959
vn 0.8498 0.2159 0.4809
vn 0.8749 0.2016 0.4403
vn 0.7888 0.0288 0.6139
vn 0.8456 0.0015 0.5338
vn 0.6506 0.3354 0.6813
vn 0.6862 0.1923 0.7015
vn 0.7603 0.4013 0.5108
vn 0.7757 0.3523 0.5236
vn 0.7955 0.4154 0.4412
vn 0.7939 0.4201 0.4395
vn 0.8026 0.4447 0.3976
vn 0.7707 0.5198 0.3685
vn 0.7220 0.5860 0.3679
vn 0.7650 0.5067 0.3975
vn 0.5193 0.2990 0.8006
vn 0.5199 0.2975 0.8008
vn 0.6238 0.5016 0.5994
vn 0.6337 0.4787 0.6076
vn 0.6747 0.5503 0.4919
vn 0.6599 0.5805 0.4769
vn 0.6807 0.6126 0.4018
vn 0.6304 0.6899 0.3558
vn 0.6207 0.6739 0.4009
vn 0.5569 0.7539 0.3485
vn 0.2955 0.8764 0.3804
vn 0.3733 0.8694 0.3238
vn 0.3555 0.8434 0.4029
vn 0.3960 0.8398 0.3714
vn 0.3502 0.7656 0.5396
vn 0.4289 0.7661 0.4787
vn 0.3629 0.6323 0.6844
vn 0.3980 0.6385 0.6587
vn 0.3064 0.3772 0.8740
vn 0.1740 0.3064 0.9359
vn -0.8722 0.2768 0.4033
vn -0.8874 0.2065 0.4122
vn -0.8736 0.3089 0.3762
vn -0.8614 0.3425 0.3750
vn -0.1820 0.5885 0.7878
vn -0.1843 0.5871 0.7883
vn -0.3959 0.5461 0.7382
vn -0.3996 0.5471 0.7355
vn -0.6985 0.4313 0.5711
vn -0.7424 0.4311 0.5129
vn -0.8598 0.3612 0.3609
vn -0.8517 0.3537 0.3867
vn -0.8747 0.3968 0.2782
vn -0.8571 0.3824 0.3452
vn -0.8716 0.4123 0.2650
vn -0.8946 0.3588 0.2665
vn -0.8924 0.2794 0.3545
vn -0.8672 0.2845 0.4086
vn -0.8581 0.2147 0.4664
vn -0.8839 0.2126 0.4165
vn -0.8752 0.2057 0.4379
vn -0.8632 0.2065 0.4608
vn -0.9207 0.1455 0.3621
vn -0.9262 0.1855 0.3283
vn -0.8884 0.1818 0.4216
vn -0.8824 0.2475 0.4002
vn -0.9146 0.1802 0.3621
vn -0.9132 0.2237 0.3407
vn -0.9590 0.2829 0.0161
vn -0.9581 0.2861 0.0134
vn -0.9872 0.1386 -0.0793
vn -0.9819 0.1888 0.0168
vn -0.9222 0.3838 0.0476
vn -0.9174 0.3876 0.0905
vn -0.8935 0.4337 0.1168
vn -0.8716 0.4356 0.2250
vn -0.8934 0.4022 0.2001
vn -0.8584 0.4004 0.3206
vn -0.9018 0.3359 0.2721
vn -0.8756 0.3355 0.3475
vn -0.9898 -0.1253 0.0684
vn -0.9669 -0.0367 -0.2526
vn -0.9600 -0.2790 -0.0237
vn -0.9514 -0.2768 -0.1348
vn -0.8149 -0.5128 0.2702
vn -0.8333 -0.5516 0.0374
vn -0.3501 -0.7507 0.5603
vn -0.3757 -0.8008 0.4664
vn -0.3945 -0.7754 0.4930
vn -0.4247 -0.7983 0.4270
vn -0.9068 0.4198 0.0381
vn -0.9043 0.4201 0.0756
vn -0.9469 0.3200 -0.0319
vn -0.9535 0.3006 -0.0204
vn -0.9782 0.2008 -0.0537
vn -0.9783 0.1967 -0.0652
vn -0.9998 0.0133 0.0168
vn -0.9835 0.0618 -0.1702
vn -0.9822 -0.1756 0.0671
vn -0.9829 -0.1679 -0.0758
vn -0.8783 -0.4219 0.2252
vn -0.9030 -0.4295 0.0069
vn -0.8542 0.5036 0.1289
vn -0.8507 0.5032 0.1520
vn -0.8383 0.5197 0.1648
vn -0.8275 0.5162 0.2209
vn -0.8626 0.4714 0.1837
vn -0.8342 0.4647 0.2968
vn -0.8159 0.4824 0.3186
vn -0.8171 0.4832 0.3146
vn -0.8269 0.5006 0.2561
vn -0.7988 0.5502 0.2431
vn -0.8263 0.3979 0.3986
vn -0.8474 0.3364 0.4107
vn -0.8211 0.4883 0.2955
vn -0.8136 0.4848 0.3209
vn -0.8263 0.5202 0.2160
vn -0.7962 0.5707 0.2012
vn -0.8218 0.3644 0.4379
vn -0.8444 0.2946 0.4475
vn -0.4619 -0.7231 0.5136
vn -0.4639 -0.7235 0.5112
vn -0.9369 -0.2774 0.2127
vn -0.9467 -0.2745 0.1684
vn -0.9926 -0.0245 0.1187
vn -0.9987 -0.0094 -0.0501
vn -0.9914 0.1247 -0.0405
vn -0.9802 0.1906 -0.0531
vn 0.7443 -0.6415 0.1857
vn 0.5327 -0.7266 0.4339
vn 0.4992 -0.8414 0.2070
vn 0.4900 -0.8428 0.2226
vn 0.2337 -0.8232 0.5174
vn 0.0571 -0.7910 0.6091
vn 0.0546 -0.9040 0.4240
vn -0.0596 -0.8540 0.5169
vn -0.1933 -0.7656 0.6136
vn -0.2435 -0.7392 0.6279
vn -0.2327 -0.8057 0.5447
vn -0.4257 -0.6394 0.6403
vn -0.4789 -0.6537 0.5860
vn -0.5689 -0.5698 0.5930
vn -0.9448 -0.1790 0.2746
vn -0.9618 -0.0103 0.2736
vn -0.9812 0.1565 0.1127
vn -0.9730 0.2034 0.1088
vn -0.9595 0.2812 0.0189
vn -0.9572 0.2891 0.0170
vn -0.5706 -0.5465 0.6130
vn -0.6365 -0.4533 0.6240
vn -0.9430 0.0542 0.3282
vn -0.9403 0.1040 0.3242
vn -0.9112 0.3997 0.1001
vn -0.9127 0.4005 0.0818
vn -0.8493 0.5068 0.1475
vn -0.8539 0.4985 0.1494
vn -0.9412 0.2990 0.1570
vn -0.9362 0.2962 0.1890
vn -0.8802 0.4086 0.2413
vn -0.8818 0.4090 0.2349
vn -0.8897 0.2072 0.4068
vn -0.9011 0.2113 0.3786
vn -0.8456 0.1502 0.5123
vn -0.8512 -0.0613 0.5213
vn -0.7290 -0.1301 0.6721
vn -0.8696 -0.1079 0.4819
vn -0.6705 -0.2725 0.6901
vn -0.7675 -0.2206 0.6019
vn -0.6282 -0.4184 0.6560
vn -0.7148 -0.3824 0.5855
vn -0.5130 -0.6203 0.5933
vn -0.5141 -0.6197 0.5930
vn -0.4337 -0.6754 0.5964
vn -0.5254 -0.6455 0.5543
vn -0.5127 -0.8059 0.2959
vn -0.4405 -0.7226 0.5328
vn -0.5595 -0.7540 0.3442
vn -0.6755 -0.7370 0.0258
vn -0.3515 -0.7695 0.5332
vn -0.3771 -0.7523 0.5402
vn -0.1231 -0.7899 0.6007
vn -0.1511 -0.8022 0.5776
vn -0.1649 -0.9260 0.3396
vn -0.1539 -0.9283 0.3386
vn -0.0782 -0.9031 0.4222
vn -0.1371 -0.8997 0.4144
vn -0.5256 -0.6222 0.5802
vn -0.5395 -0.7086 0.4547
vn -0.1582 -0.9293 0.3338
vn -0.1427 -0.9778 0.1533
vn -0.8606 -0.1612 0.4831
vn -0.8089 -0.1122 0.5772
vn -0.6836 -0.3084 0.6615
vn -0.7952 -0.3931 0.4616
vn -0.1202 0.0308 0.9923
vn -0.1139 0.0255 0.9932
vn -0.3571 0.0279 0.9336
vn -0.3454 0.0176 0.9383
vn -0.6260 0.0136 0.7797
vn -0.6733 0.0628 0.7367
vn -0.7791 0.0889 0.6206
vn -0.8031 0.1218 0.5833
vn -0.8293 0.1205 0.5456
vn -0.8490 0.1550 0.5052
vn -0.8641 0.1518 0.4799
vn -0.8568 0.1409 0.4960
vn 0.8450 -0.4910 -0.2121
vn 0.8641 -0.4580 -0.2089
vn 0.3150 -0.9462 0.0744
vn 0.4386 -0.8952 0.0790
vn 0.6403 -0.6180 -0.4560
vn 0.6802 -0.6176 -0.3948
vn 0.7047 -0.4394 -0.5570
vn 0.6730 -0.4439 -0.5916
vn 0.6681 -0.3434 -0.6601
vn 0.6486 -0.3436 -0.6792
vn 0.6515 -0.4607 -0.6028
vn 0.6750 -0.4617 -0.5756
vn 0.6625 -0.5913 -0.4598
vn 0.7145 -0.5866 -0.3814
vn 0.6473 -0.7472 -0.1507
vn 0.6013 -0.7635 -0.2356
vn 0.5181 -0.8551 -0.0192
vn 0.5079 -0.8605 -0.0384
vn 0.4134 -0.8908 0.1885
vn 0.4190 -0.8862 0.1979
vn 0.3534 -0.8523 0.3855
vn 0.2229 -0.9482 0.2265
vn 0.3306 -0.9436 -0.0169
vn 0.2428 -0.9700 -0.0119
vn 0.5219 -0.6543 -0.5473
vn 0.5494 -0.6577 -0.5153
vn 0.5835 -0.5130 -0.6296
vn 0.5718 -0.5120 -0.6410
vn 0.5776 -0.4390 -0.6882
vn 0.5047 -0.4230 -0.7526
vn 0.4932 -0.5824 -0.6462
vn 0.4228 -0.5643 -0.7091
vn 0.4094 -0.6860 -0.6015
vn 0.4559 -0.6968 -0.5538
vn 0.4164 -0.8368 -0.3555
vn 0.5213 -0.8272 -0.2096
vn 0.4468 -0.8930 0.0532
vn 0.3583 -0.9306 -0.0745
vn 0.2892 -0.9304 0.2252
vn 0.2199 -0.9658 0.1371
vn 0.1656 -0.9053 0.3911
vn 0.1230 -0.9299 0.3468
vn 0.3865 -0.9045 -0.1801
vn 0.1682 -0.9762 -0.1369
vn 0.9776 -0.0439 -0.2059
vn 0.9769 -0.0441 -0.2090
vn 0.9993 -0.0104 -0.0365
vn 0.9998 -0.0057 -0.0194
vn 0.9895 -0.1108 0.0929
vn 0.9840 -0.0899 0.1535
vn 0.9576 -0.1584 0.2407
vn 0.9551 -0.1532 0.2535
vn 0.9093 -0.2253 0.3498
vn 0.9211 -0.2483 0.2999
vn 0.8589 -0.3220 0.3982
vn 0.8669 -0.3356 0.3685
vn 0.7354 -0.4423 0.5134
vn 0.7426 -0.4490 0.4969
vn 0.9566 -0.2720 -0.1042
vn 0.9528 -0.3035 0.0111
vn -0.1780 -0.1590 0.9711
vn -0.1561 -0.1912 0.9691
vn 0.1643 -0.7920 0.5880
vn 0.2253 -0.8053 0.5484
vn 0.0904 -0.8322 0.5471
vn -0.0287 -0.7918 0.6101
vn -0.1095 -0.7521 0.6499
vn -0.1875 -0.7887 0.5855
vn 0.5195 -0.6459 0.5593
vn 0.4976 -0.6701 0.5508
vn 0.5094 -0.3507 0.7858
vn 0.5321 -0.3246 0.7820
vn 0.3230 -0.2168 0.9212
vn 0.2768 -0.1299 0.9521
vn 0.5113 -0.4588 0.7267
vn 0.5197 -0.4659 0.7161
vn 0.5315 -0.5622 0.6335
vn 0.5054 -0.5487 0.6660
vn 0.5429 -0.1778 0.8208
vn 0.5141 -0.1351 0.8470
vn 0.0337 -0.2144 0.9762
vn 0.0061 -0.1693 0.9856
vn 0.2201 -0.6300 0.7448
vn 0.1725 -0.6050 0.7773
vn -0.0363 -0.6210 0.7830
vn -0.0839 -0.5884 0.8042
vn -0.2007 -0.5590 0.8045
vn -0.2301 -0.5753 0.7849
vn 0.1798 -0.5211 0.8343
vn 0.1556 -0.5009 0.8514
vn -0.0781 -0.5004 0.8623
vn -0.0809 -0.4978 0.8635
vn -0.1807 -0.4893 0.8532
vn -0.2278 -0.5193 0.8237
vn -0.0431 -0.3922 0.9189
vn -0.0588 -0.3742 0.9255
vn 0.1809 -0.3705 0.9110
vn 0.1980 -0.3894 0.8995
vn -0.1780 -0.3760 0.9094
vn -0.1706 -0.3706 0.9130
vn -0.1226 0.2974 0.9469
vn -0.1101 0.3071 0.9453
vn -0.3331 0.3007 0.8936
vn -0.3360 0.3030 0.8918
vn -0.6554 0.2790 0.7019
vn -0.6492 0.2733 0.7098
vn -0.7917 0.2509 0.5571
vn -0.8006 0.2609 0.5394
vn -0.8424 0.2459 0.4795
vn -0.8380 0.2403 0.4899
vn -0.8583 0.2290 0.4592
vn -0.8571 0.2277 0.4621
vn -0.8609 0.2242 0.4567
vn -0.8415 0.2119 0.4970
vn -0.8137 0.1488 0.5620
vn -0.8686 0.1760 0.4633
vn -0.7945 0.0812 0.6019
vn -0.8422 0.1041 0.5290
vn -0.8341 -0.0526 0.5492
vn -0.8648 -0.0384 0.5006
vn -0.8755 -0.1636 0.4547
vn -0.8488 -0.1747 0.4991
vn -0.8717 -0.3036 0.3848
vn -0.8713 -0.3047 0.3848
vn -0.7590 -0.5792 0.2973
vn -0.8726 -0.3949 0.2875
vn -0.6854 -0.6855 0.2457
vn -0.7460 -0.6166 0.2514
vn -0.6060 -0.7510 0.2622
vn -0.6970 -0.6625 0.2744
vn -0.6095 -0.6295 0.4819
vn -0.6258 -0.7195 0.3011
vn -0.8533 -0.3364 -0.3983
vn -0.8909 -0.1288 -0.4356
vn -0.9744 0.2237 -0.0223
vn -0.9764 0.1952 -0.0922
vn -0.8787 0.4772 0.0146
vn -0.9158 0.4011 0.0229
vn -0.5557 0.8206 0.1337
vn -0.4963 0.8597 0.1205
vn -0.9949 0.0942 0.0372
vn -0.9954 0.0909 0.0286
vn -0.9306 0.3517 0.1011
vn -0.9549 0.2751 0.1122
vn -0.5991 0.7497 0.2812
vn -0.6680 0.7214 0.1824
vn -0.4839 -0.4942 -0.7222
vn -0.6618 -0.4663 -0.5870
vn -0.6852 -0.5436 -0.4847
vn -0.8181 -0.4809 -0.3155
vn -0.8147 -0.5625 -0.1408
vn -0.8645 -0.5009 -0.0416
vn -0.8512 -0.5234 0.0401
vn -0.8193 -0.5729 -0.0249
vn -0.9354 -0.2901 -0.2020
vn -0.9487 -0.2293 -0.2179
vn -0.9458 -0.3219 -0.0430
vn -0.9187 -0.3945 -0.0157
vn -0.9951 0.0526 0.0840
vn -0.9994 0.0271 0.0226
vn -0.9544 0.2786 0.1076
vn -0.9647 0.2382 0.1120
vn -0.6976 0.6441 0.3140
vn -0.7426 0.6249 0.2409
vn -0.9136 -0.4064 0.0114
vn -0.9109 -0.4125 0.0006
vn -0.9937 -0.0296 0.1083
vn -0.9980 -0.0519 0.0371
vn -0.9651 0.2347 0.1161
vn -0.9828 0.1314 0.1295
vn -0.7484 0.6004 0.2818
vn -0.7563 0.5973 0.2669
vn -0.8067 -0.5879 0.0605
vn -0.7843 -0.6198 0.0275
vn -0.9002 -0.4331 0.0466
vn -0.9030 -0.4253 0.0601
vn -0.9796 -0.1282 0.1549
vn -0.9850 -0.1484 0.0879
vn -0.9822 0.1197 0.1446
vn -0.9860 0.0168 0.1660
vn -0.7648 0.5418 0.3487
vn -0.7614 0.5423 0.3552
vn -0.7716 -0.6218 0.1342
vn -0.7272 -0.6800 0.0939
vn -0.7681 0.4374 0.4677
vn -0.7357 0.4246 0.5277
vn -0.9481 -0.0838 0.3068
vn -0.9535 -0.0545 0.2965
vn -0.9440 -0.2357 0.2309
vn -0.9441 -0.2358 0.2305
vn -0.8527 -0.4853 0.1936
vn -0.9308 -0.3446 0.1219
vn -0.7663 -0.5140 0.3855
vn -0.7399 -0.5125 0.4358
vn -0.7247 -0.4318 0.5371
vn -0.6914 -0.4122 0.5934
vn -0.8922 0.2075 0.4012
vn -0.9439 0.1646 0.2864
vn -0.9071 0.3356 0.2539
vn -0.9264 0.3178 0.2021
vn -0.8869 0.4111 0.2107
vn -0.9096 0.3868 0.1518
vn -0.8925 0.4145 0.1779
vn -0.8872 0.4205 0.1901
vn -0.8667 0.4712 0.1640
vn -0.8852 0.4493 0.1201
vn -0.7803 0.6202 0.0813
vn -0.8177 0.5756 0.0008
vn -0.6843 0.7287 0.0273
vn -0.7205 0.6915 -0.0516
vn -0.6360 0.7668 0.0865
vn -0.6681 0.7440 -0.0008
vn -0.7180 0.6954 0.0301
vn -0.6783 0.7182 0.1555
vn -0.9018 0.1584 0.4021
vn -0.8541 0.2915 0.4307
vn -0.8150 -0.3067 0.4917
vn -0.8295 -0.0856 0.5519
vn -0.6548 -0.5955 0.4655
vn -0.7609 -0.3715 0.5320
vn -0.3485 -0.8092 0.4731
vn -0.3869 -0.7779 0.4951
vn -0.1668 -0.8449 0.5083
vn -0.1807 -0.8505 0.4940
vn -0.7304 -0.2432 0.6382
vn -0.7132 -0.2270 0.6632
vn -0.7217 0.0064 0.6922
vn -0.7242 0.0103 0.6895
vn -0.7562 -0.4590 0.4664
vn -0.6882 -0.5363 0.4887
vn -0.9046 -0.3577 0.2319
vn -0.9314 -0.2994 0.2069
vn -0.9646 -0.2385 0.1122
vn -0.9634 -0.2428 0.1139
vn -0.9748 -0.2134 0.0654
vn -0.9856 -0.1619 0.0490
vn -0.9897 -0.1421 0.0190
vn -0.9924 -0.1227 0.0134
vn -0.9946 -0.0498 -0.0914
vn -0.9896 -0.1222 -0.0757
vn -0.9766 -0.0154 -0.2147
vn -0.9763 -0.0588 -0.2081
vn -0.9350 0.0596 -0.3496
vn -0.9342 0.0692 -0.3500
vn -0.9414 0.0536 -0.3330
vn -0.9332 0.1440 -0.3292
vn -0.9606 0.0783 -0.2668
vn -0.9515 0.1653 -0.2593
vn -0.9881 0.0314 -0.1509
vn -0.9882 0.0192 -0.1517
vn -0.9922 -0.0195 -0.1230
vn -0.9881 -0.0865 -0.1271
vn -0.9619 -0.2379 -0.1345
vn -0.9580 -0.2868 0.0057
vn -0.4066 -0.8762 0.2587
vn -0.4293 -0.8616 0.2708
vn -0.1285 -0.9372 0.3241
vn -0.1376 -0.9335 0.3311
vn 0.9511 0.0838 -0.2972
vn 0.9432 0.2030 -0.2628
vn -0.8870 0.3720 0.2735
vn -0.9007 0.3742 0.2209
vn -0.9069 0.3271 0.2657
vn -0.8942 0.3613 0.2643
vn -0.8577 0.3958 0.3283
vn -0.8647 0.3805 0.3280
vn -0.6560 0.5065 0.5595
vn -0.6261 0.5391 0.5634
vn -0.3667 0.5818 0.7260
vn -0.3421 0.5995 0.7236
vn -0.1439 0.6152 0.7751
vn -0.1674 0.6010 0.7815
vn -0.9057 0.2966 0.3029
vn -0.9005 0.2969 0.3179
vn -0.9078 0.3136 0.2786
vn -0.8941 0.3157 0.3178
vn -0.8737 0.3575 0.3298
vn -0.8648 0.3787 0.3296
vn -0.6577 0.4900 0.5721
vn -0.6954 0.4914 0.5243
vn -0.3679 0.5697 0.7349
vn -0.3941 0.5770 0.7154
vn -0.1673 0.6039 0.7793
vn -0.1817 0.5952 0.7827
vn -0.6203 -0.1292 0.7736
vn -0.5497 0.0141 0.8353
vn -0.6759 0.1925 0.7114
vn -0.6468 0.2344 0.7258
vn -0.5143 0.7818 0.3526
vn -0.4700 0.8090 0.3532
vn -0.3527 0.9226 0.1565
vn -0.3364 0.9289 0.1549
vn -0.3503 0.9195 0.1784
vn -0.2880 0.9431 0.1662
vn -0.2844 0.9455 0.1583
vn -0.3349 0.9262 0.1730
vn -0.3596 0.9010 0.2426
vn -0.4318 0.8609 0.2690
vn -0.4409 0.8425 0.3095
vn -0.5211 0.7826 0.3407
vn -0.5232 0.7763 0.3515
vn -0.5703 0.7344 0.3681
vn -0.5965 0.6575 0.4602
vn -0.5862 0.6685 0.4577
vn -0.6263 0.3804 0.6805
vn -0.5099 0.5210 0.6845
vn -0.4997 0.0005 0.8662
vn -0.5522 -0.0618 0.8314
vn -0.4882 -0.3067 0.8171
vn -0.4932 -0.3110 0.8124
vn -0.5069 -0.4806 0.7155
vn -0.4747 -0.4624 0.7489
vn -0.6074 -0.4698 0.6406
vn -0.4923 -0.5899 0.6401
vn -0.5272 -0.6730 0.5188
vn -0.5988 -0.5988 0.5319
vn -0.4954 -0.8442 0.2049
vn -0.5057 -0.8366 0.2107
vn -0.5806 -0.7991 0.1559
vn -0.4963 -0.8634 0.0907
vn -0.5982 -0.8008 0.0288
vn -0.5944 -0.8038 0.0250
vn -0.4540 -0.8321 -0.3185
vn -0.6138 -0.7697 -0.1753
vn -0.2312 -0.7283 -0.6451
vn -0.4335 -0.7295 -0.5291
vn -0.1876 -0.6289 -0.7546
vn -0.2117 -0.6322 -0.7453
vn -0.0365 -0.5334 -0.8451
vn -0.1722 -0.5589 -0.8111
vn -0.0087 -0.6748 -0.7379
vn -0.0916 -0.6916 -0.7165
vn -0.0206 -0.7291 -0.6841
vn -0.0070 -0.7373 -0.6755
vn -0.1510 -0.6809 -0.7166
vn -0.0179 -0.7913 -0.6111
vn -0.3240 -0.8281 -0.4574
vn -0.2415 -0.9081 -0.3421
vn -0.5343 -0.8281 0.1698
vn -0.5003 -0.8497 0.1665
vn -0.6563 -0.5651 0.4999
vn -0.6555 -0.5659 0.5001
vn -0.7112 -0.2886 0.6410
vn -0.7226 -0.2763 0.6337
vn -0.7291 0.0879 0.6788
vn -0.7520 0.0646 0.6560
vn -0.7364 0.2631 0.6232
vn -0.7386 0.2608 0.6217
vn -0.7220 0.3886 0.5725
vn -0.7217 0.3884 0.5730
vn -0.7196 0.4561 0.5236
vn -0.7126 0.4525 0.5362
vn -0.7271 0.4855 0.4855
vn -0.7155 0.4822 0.5056
vn -0.7521 0.4611 0.4708
vn -0.7251 0.4985 0.4751
vn -0.7509 0.4720 0.4619
vn -0.7805 0.4256 0.4579
vn -0.7804 0.4267 0.4570
vn -0.8132 0.3657 0.4527
vn -0.5552 0.0648 0.8292
vn -0.6019 -0.0004 0.7986
vn -0.6087 0.1692 0.7751
vn -0.5560 0.2311 0.7984
vn -0.4112 0.7927 0.4501
vn -0.3465 0.8279 0.4411
vn -0.2147 0.9554 0.2030
vn -0.2182 0.9543 0.2040
vn -0.2181 0.9544 0.2039
vn -0.2168 0.9548 0.2034
vn -0.2197 0.9527 0.2099
vn -0.1513 0.9715 0.1826
vn -0.1868 0.9402 0.2850
vn -0.1765 0.9435 0.2805
vn -0.1916 0.9243 0.3301
vn -0.2587 0.8967 0.3593
vn -0.2743 0.8686 0.4127
vn -0.3073 0.8506 0.4267
vn -0.3427 0.7575 0.5556
vn -0.3635 0.7429 0.5621
vn -0.4460 0.3210 0.8355
vn -0.3366 0.4317 0.8369
vn -0.3854 -0.1431 0.9116
vn -0.3331 -0.0809 0.9394
vn -0.3297 -0.3476 0.8777
vn -0.3343 -0.3417 0.8784
vn -0.3200 -0.5064 0.8007
vn -0.3417 -0.4850 0.8050
vn -0.3471 -0.5339 0.7710
vn -0.3208 -0.5579 0.7654
vn -0.3694 -0.7130 0.5960
vn -0.3377 -0.7373 0.5852
vn -0.3404 -0.9082 0.2436
vn -0.3421 -0.9073 0.2445
vn -0.3021 -0.9371 0.1746
vn -0.3383 -0.9203 0.1963
vn -0.2444 -0.9696 0.0090
vn -0.2990 -0.9531 0.0465
vn 0.0160 -0.8943 -0.4471
vn -0.2235 -0.9233 -0.3123
vn 0.1082 -0.7561 -0.6454
vn 0.0313 -0.7852 -0.6184
vn 0.1571 -0.6660 -0.7292
vn 0.1221 -0.6811 -0.7220
vn 0.2404 -0.5223 -0.8182
vn 0.1745 -0.5547 -0.8136
vn 0.2834 -0.6503 -0.7049
vn 0.2163 -0.6819 -0.6987
vn 0.3284 -0.7084 -0.6248
vn 0.2661 -0.7404 -0.6173
vn -0.0460 -0.9979 -0.0455
vn -0.1628 -0.9331 -0.3208
vn -0.5517 -0.7899 0.2676
vn -0.4108 -0.8771 0.2490
vn -0.6673 -0.5345 0.5187
vn -0.6911 -0.5519 0.4668
vn -0.7525 -0.2531 0.6081
vn -0.7656 -0.2667 0.5854
vn -0.7946 0.3704 0.4810
vn -0.7880 0.3644 0.4962
vn -0.7937 0.4195 0.4405
vn -0.7880 0.4167 0.4532
vn -0.7886 0.4529 0.4160
vn -0.8001 0.4346 0.4136
vn -0.7973 0.4543 0.3973
vn -0.8158 0.4223 0.3950
vn -0.8334 0.4083 0.3724
vn -0.8169 0.4102 0.4054
vn -0.8350 0.3765 0.4013
vn -0.8424 0.3600 0.4010
vn 0.3836 -0.6905 0.6132
vn 0.3953 -0.7285 0.5595
vn 0.9233 0.1155 0.3663
vn 0.9743 -0.0042 0.2251
vn 0.0232 -0.9750 0.2210
vn 0.0963 -0.9931 -0.0664
vn -0.2835 -0.8694 -0.4046
vn -0.1549 -0.8015 -0.5775
vn -0.3586 -0.9128 -0.1955
vn -0.2401 -0.8744 -0.4216
vn 0.6780 -0.4584 0.5746
vn 0.7292 -0.5086 0.4577
vn 0.1293 -0.7558 0.6419
vn 0.1852 -0.7854 0.5907
vn 0.0908 -0.7690 0.6327
vn 0.1054 -0.7872 0.6076
vn 0.7876 -0.1940 0.5849
vn 0.8187 -0.2335 0.5246
vn 0.6161 -0.2933 0.7310
vn 0.6292 -0.3039 0.7153
vn 0.1217 -0.3027 0.9453
vn 0.1531 -0.3269 0.9326
vn 0.6440 -0.5321 0.5497
vn 0.5779 -0.5917 0.5621
vn 0.1173 -0.8749 0.4699
vn 0.1253 -0.8776 0.4628
vn 0.8583 -0.4836 -0.1714
vn 0.5502 -0.8267 -0.1176
vn 0.1484 -0.5704 0.8079
vn 0.1594 -0.5774 0.8008
vn 0.5870 0.0457 0.8083
vn 0.5993 0.0580 0.7985
vn 0.7062 -0.1843 0.6836
vn 0.7244 -0.1815 0.6651
vn 0.9277 0.0772 0.3653
vn 0.9144 -0.2836 0.2889
vn 0.8544 0.2095 0.4756
vn 0.7468 0.1785 0.6406
vn 0.7686 0.5373 0.3470
vn 0.9374 0.1801 0.2980
vn 0.8842 -0.3401 0.3201
vn 0.7784 -0.5723 0.2580
vn 0.9569 0.0127 0.2900
vn 0.9974 0.0630 0.0356
vn 0.8681 -0.4820 0.1187
vn 0.9721 -0.1647 0.1673
vn 0.5538 -0.3843 0.7387
vn 0.5840 -0.3132 0.7489
vn 0.5832 0.0770 0.8086
vn 0.4975 0.1631 0.8520
vn 0.3546 -0.0340 0.9344
vn 0.4462 0.0784 0.8915
vn 0.1092 -0.0865 0.9903
vn 0.1183 -0.0898 0.9889
vn -0.2794 -0.1908 0.9410
vn -0.4260 -0.1385 0.8941
vn -0.7328 -0.2775 0.6213
vn -0.7324 -0.2546 0.6314
vn 0.8748 -0.2333 -0.4246
vn 0.8684 -0.2561 -0.4246
vn 0.8689 -0.2866 -0.4036
vn 0.8660 -0.2955 -0.4033
vn 0.8125 -0.5334 -0.2354
vn 0.9178 -0.3185 -0.2372
vn 0.9518 0.2859 0.1111
vn 0.9565 0.2864 0.0550
vn 0.1208 -0.9206 0.3712
vn 0.1307 -0.9231 0.3617
vn 0.1378 -0.9326 0.3336
vn 0.1552 -0.9367 0.3139
vn -0.6840 -0.4779 0.5511
vn -0.8769 -0.3739 0.3021
vn 0.1001 -0.7152 0.6917
vn 0.1120 -0.7443 0.6583
vn 0.7187 -0.4461 -0.5334
vn 0.5535 -0.7044 -0.4444
vn 0.5694 -0.5076 -0.6466
vn 0.5711 -0.5049 -0.6472
vn 0.3548 -0.3331 0.8736
vn 0.3784 -0.3127 0.8712
vn 0.3850 -0.5511 0.7403
vn 0.3607 -0.5706 0.7377
vn 0.3745 -0.8438 0.3844
vn 0.3525 -0.8397 0.4131
vn 0.4157 -0.8568 0.3050
vn 0.3495 -0.8955 0.2756
vn 0.4314 -0.8564 0.2838
vn 0.3980 -0.8783 0.2650
vn 0.4096 -0.8417 0.3517
vn 0.3698 -0.8692 0.3282
vn 0.2591 -0.5605 0.7866
vn 0.3524 -0.6137 0.7066
vn 0.1722 -0.6949 0.6982
vn 0.1017 -0.6495 0.7535
vn 0.1590 -0.9079 0.3877
vn 0.1754 -0.9127 0.3691
vn 0.9095 -0.3639 -0.2011
vn 0.9105 -0.2861 0.2985
vn 0.9910 -0.1334 0.0122
vn 0.9211 -0.1642 0.3529
vn 0.8409 0.4235 0.3370
vn 0.8588 0.3876 0.3350
vn 0.8459 0.3933 0.3601
vn 0.8359 0.3858 0.3905
vn 0.3190 0.5456 0.7750
vn 0.3278 0.5506 0.7677
vn 0.3250 0.5783 0.7483
vn 0.3437 0.5869 0.7331
vn 0.8555 0.4323 0.2848
vn 0.8740 0.4418 0.2023
vn 0.8423 0.4337 0.3201
vn 0.8537 0.4418 0.2759
vn 0.6208 0.4918 0.6106
vn 0.6158 0.4893 0.6175
vn 0.6108 0.5217 0.5956
vn 0.6280 0.5269 0.5727
vn 0.7893 -0.5527 0.2673
vn 0.7940 -0.5796 0.1832
vn 0.8246 0.3755 0.4230
vn 0.8412 0.3451 0.4163
vn 0.8496 0.3720 0.3738
vn 0.8488 0.3740 0.3737
vn 0.3240 0.4615 0.8259
vn 0.3267 0.4634 0.8237
vn 0.6321 0.4110 0.6569
vn 0.6324 0.4112 0.6565
vn 0.1273 0.5584 0.8198
vn 0.1354 0.5636 0.8149
vn 0.1305 0.4647 0.8758
vn 0.1185 0.4736 0.8727
vn 0.1460 0.5914 0.7930
vn 0.1334 0.5998 0.7890
vn 0.5605 0.1550 0.8135
vn 0.5819 0.1748 0.7942
vn -0.2441 -0.7169 0.6531
vn -0.2040 -0.7525 0.6262
vn -0.2587 -0.6481 0.7162
vn -0.2306 -0.7001 0.6758
vn -0.1379 -0.5737 0.8074
vn -0.1397 -0.5446 0.8270
vn 0.2262 -0.3015 0.9262
vn 0.2155 -0.3301 0.9190
vn 0.3430 -0.6742 0.6541
vn 0.3169 -0.4080 0.8562
vn 0.5886 -0.0175 0.8082
vn 0.4824 -0.1978 0.8533
vn 0.6372 0.0426 0.7695
vn 0.5891 -0.0175 0.8079
vn -0.7465 -0.5758 -0.3335
vn -0.7425 -0.5803 -0.3346
vn 0.5712 0.7671 0.2920
vn 0.6128 0.7624 0.2077
vn 0.8230 0.5637 0.0695
vn 0.6528 0.7511 0.0987
vn 0.1360 0.6689 0.7308
vn 0.2968 0.7651 0.5714
vn -0.0042 0.5540 0.8325
vn 0.1677 0.6666 0.7263
vn -0.3419 0.3441 0.8745
vn -0.0785 0.5498 0.8316
vn -0.6607 0.1229 0.7406
vn -0.5420 0.2959 0.7865
vn -0.8306 0.1112 0.5457
vn -0.8630 -0.0003 0.5052
vn 0.8305 -0.2245 -0.5097
vn 0.8726 -0.2194 -0.4365
vn -0.9800 -0.0976 0.1732
vn -0.9799 -0.1011 0.1720
vn 0.4967 -0.5469 -0.6740
vn 0.5760 -0.5526 -0.6024
vn 0.2751 0.7691 0.5770
vn 0.3567 0.8072 0.4703
vn 0.8987 0.4333 -0.0685
vn 0.9224 0.3781 -0.0788
vn -0.4624 -0.6721 -0.5783
vn -0.4822 -0.6769 -0.5561
vn -0.6083 0.6531 0.4511
vn -0.4409 0.7880 0.4297
vn -0.1686 0.9169 0.3617
vn -0.0689 0.9586 0.2761
vn -0.3556 0.8160 0.4558
vn -0.1747 0.9159 0.3614
vn -0.3565 -0.5806 -0.7320
vn -0.4799 -0.6107 -0.6299
vn -0.7517 -0.3876 -0.5336
vn -0.7877 -0.3315 -0.5192
vn -0.9899 0.1413 0.0115
vn -0.9894 0.1447 0.0130
vn -0.8782 -0.2351 -0.4166
vn -0.8746 -0.2355 -0.4237
vn -0.9052 0.3723 0.2050
vn -0.8540 0.3979 0.3351
vn -0.7875 0.5255 0.3220
vn -0.7359 0.5428 0.4048
vn 0.5004 0.8620 0.0808
vn 0.4736 0.8711 0.1303
vn 0.8351 0.5482 -0.0445
vn 0.7615 0.6474 -0.0314
vn 0.7902 -0.2530 -0.5582
vn 0.8360 -0.2451 -0.4909
vn 0.4456 -0.5479 -0.7080
vn 0.4971 -0.5495 -0.6715
vn 0.9029 0.3985 -0.1613
vn 0.9017 0.4148 -0.1220
vn 0.0464 0.9624 0.2675
vn 0.0797 0.9703 0.2285
vn 0.8379 0.5395 -0.0825
vn 0.8174 0.5704 -0.0808
vn -0.2551 0.9201 0.2971
vn -0.2038 0.9455 0.2540
vn -0.4901 0.7981 0.3504
vn -0.3862 0.8774 0.2847
vn 0.4858 0.8688 0.0960
vn 0.4983 0.8635 0.0775
vn 0.0151 0.9691 0.2463
vn 0.0295 0.9724 0.2315
vn -0.3573 -0.5049 -0.7858
vn -0.3693 -0.5095 -0.7772
vn -0.6301 -0.3562 -0.6900
vn -0.7234 -0.1921 -0.6632
vn -0.9368 0.3478 -0.0380
vn -0.9571 0.2830 -0.0614
vn -0.8420 -0.0426 -0.5379
vn -0.8692 -0.0340 -0.4933
vn 0.8115 -0.2096 -0.5455
vn 0.7756 -0.2156 -0.5933
vn 0.4721 -0.4616 -0.7510
vn 0.4225 -0.4615 -0.7801
vn 0.9119 0.3581 -0.2004
vn 0.9111 0.3857 -0.1451
vn -0.2944 -0.6326 -0.7164
vn -0.3417 -0.6510 -0.6778
vn -0.0419 0.9565 0.2888
vn 0.0112 0.9718 0.2355
vn -0.9687 0.2013 0.1455
vn -0.9834 0.1222 0.1341
vn -0.8944 -0.3317 -0.3001
vn -0.8961 -0.3310 -0.2956
vn -0.6357 -0.4889 -0.5974
vn -0.7687 -0.4792 -0.4238
vn -0.0453 0.9449 0.3243
vn -0.0344 0.9491 0.3132
vn -0.9004 0.2565 0.3514
vn -0.8903 0.2938 0.3478
vn -0.9602 0.0903 0.2645
vn -0.9603 0.0886 0.2645
vn -0.8801 -0.4328 -0.1955
vn -0.9018 -0.4153 -0.1197
vn -0.8028 -0.5054 -0.3164
vn -0.7417 -0.5917 -0.3158
vn -0.2231 -0.7220 -0.6550
vn -0.2798 -0.7447 -0.6059
vn -0.1832 -0.8909 -0.4156
vn -0.1863 -0.8917 -0.4125
vn -0.7439 -0.6508 -0.1519
vn -0.7545 -0.6381 -0.1533
vn -0.9460 -0.0037 0.3241
vn -0.9472 0.0466 0.3172
vn -0.8928 0.2260 0.3896
vn -0.9229 0.1981 0.3302
vn -0.8769 -0.4784 -0.0461
vn -0.8977 -0.4287 0.1021
vn -0.0310 0.9264 0.3753
vn -0.0511 0.9301 0.3639
vn -0.6760 -0.7358 0.0405
vn -0.6520 -0.7568 0.0470
vn -0.8560 -0.4783 0.1965
vn -0.8555 -0.4517 0.2533
vn -0.0149 -0.9986 -0.0505
vn -0.1114 -0.9922 0.0565
vn -0.9267 -0.1005 0.3620
vn -0.9372 -0.0226 0.3481
vn -0.9199 0.0746 0.3850
vn -0.9144 0.1683 0.3681
vn -0.0182 0.8729 0.4875
vn -0.0535 0.8826 0.4670
vn -0.5530 -0.7969 0.2431
vn -0.5655 -0.7893 0.2392
vn -0.8829 -0.2023 0.4238
vn -0.9007 -0.1385 0.4117
vn -0.8941 -0.0557 0.4443
vn -0.9040 0.0408 0.4257
vn 0.0102 0.7382 0.6745
vn -0.0592 0.7667 0.6393
vn 0.1168 -0.9847 0.1293
vn 0.0284 -0.9736 0.2266
vn -0.7854 -0.4975 0.3683
vn -0.7902 -0.5339 0.3008
vn 0.0642 0.3495 0.9347
vn 0.1007 0.3225 0.9412
vn -0.7997 -0.1913 0.5691
vn -0.8125 -0.1560 0.5617
vn -0.7609 -0.3508 0.5459
vn -0.7974 -0.2797 0.5347
vn -0.7045 -0.5801 0.4089
vn -0.6948 -0.5594 0.4519
vn -0.5438 -0.7850 0.2968
vn -0.5165 -0.7986 0.3090
vn 0.0770 -0.9327 0.3523
vn 0.1361 -0.9469 0.2913
vn -0.6813 0.6530 0.3308
vn -0.6172 0.7226 0.3112
vn -0.8162 0.5172 0.2577
vn -0.7801 0.5686 0.2610
vn -0.8359 0.5203 0.1746
vn -0.8995 0.4074 0.1576
vn -0.8961 0.3425 0.2824
vn -0.8463 0.4554 0.2763
vn -0.3057 0.8904 0.3374
vn -0.2559 0.9208 0.2942
vn -0.5553 0.7507 0.3578
vn -0.4955 0.8099 0.3140
vn -0.7247 0.5979 0.3426
vn -0.6818 0.6584 0.3187
vn -0.8259 0.4820 0.2925
vn -0.8179 0.4965 0.2907
vn -0.8562 0.3842 0.3455
vn -0.8173 0.4101 0.4047
vn -0.8724 0.3369 0.3541
vn -0.8517 0.3504 0.3897
vn -0.8729 0.2851 0.3959
vn -0.8644 0.2906 0.4103
vn -0.8749 0.2016 0.4403
vn -0.8498 0.2159 0.4809
vn -0.8456 0.0015 0.5338
vn -0.7888 0.0288 0.6139
vn -0.6862 0.1923 0.7015
vn -0.6506 0.3354 0.6813
vn -0.7757 0.3523 0.5236
vn -0.7603 0.4013 0.5108
vn -0.7939 0.4201 0.4395
vn -0.7955 0.4154 0.4412
vn -0.7707 0.5198 0.3685
vn -0.8026 0.4447 0.3976
vn -0.7650 0.5067 0.3975
vn -0.7220 0.5860 0.3679
vn -0.5199 0.2975 0.8008
vn -0.5193 0.2989 0.8006
vn -0.6337 0.4787 0.6076
vn -0.6238 0.5016 0.5994
vn -0.6599 0.5805 0.4769
vn -0.6747 0.5503 0.4919
vn -0.6304 0.6899 0.3558
vn -0.6807 0.6126 0.4018
vn -0.5569 0.7539 0.3485
vn -0.6207 0.6739 0.4009
vn -0.3733 0.8694 0.3238
vn -0.2955 0.8764 0.3804
vn -0.3960 0.8398 0.3714
vn -0.3555 0.8434 0.4029
vn -0.4289 0.7661 0.4787
vn -0.3502 0.7656 0.5396
vn -0.3980 0.6385 0.6587
vn -0.3629 0.6323 0.6844
vn -0.1740 0.3064 0.9359
vn -0.3064 0.3772 0.8740
vn 0.8940 0.2405 0.3780
vn 0.8646 0.2446 0.4388
vn 0.8614 0.3425 0.3750
vn 0.8736 0.3089 0.3762
vn 0.1843 0.5871 0.7883
vn 0.1820 0.5885 0.7877
vn 0.3996 0.5470 0.7356
vn 0.3961 0.5461 0.7382
vn 0.7424 0.4311 0.5129
vn 0.6984 0.4313 0.5711
vn 0.8517 0.3537 0.3867
vn 0.8598 0.3612 0.3609
vn 0.8571 0.3824 0.3452
vn 0.8747 0.3968 0.2782
vn 0.8946 0.3588 0.2665
vn 0.8716 0.4123 0.2650
vn 0.8672 0.2845 0.4086
vn 0.8924 0.2794 0.3545
vn 0.8839 0.2126 0.4165
vn 0.8581 0.2147 0.4664
vn 0.8632 0.2065 0.4608
vn 0.8752 0.2057 0.4379
vn 0.9262 0.1855 0.3283
vn 0.9207 0.1455 0.3621
vn 0.8824 0.2475 0.4002
vn 0.8884 0.1818 0.4216
vn 0.9132 0.2237 0.3407
vn 0.9146 0.1802 0.3621
vn 0.9581 0.2861 0.0134
vn 0.9590 0.2829 0.0161
vn 0.9819 0.1888 0.0168
vn 0.9872 0.1386 -0.0793
vn 0.9174 0.3876 0.0905
vn 0.9222 0.3838 0.0476
vn 0.8716 0.4356 0.2250
vn 0.8935 0.4337 0.1168
vn 0.8584 0.4004 0.3206
vn 0.8934 0.4022 0.2001
vn 0.8756 0.3355 0.3475
vn 0.9018 0.3359 0.2721
vn 0.9669 -0.0367 -0.2526
vn 0.9898 -0.1253 0.0684
vn 0.9514 -0.2768 -0.1348
vn 0.9600 -0.2790 -0.0237
vn 0.8333 -0.5516 0.0374
vn 0.8149 -0.5128 0.2702
vn 0.3757 -0.8008 0.4664
vn 0.3501 -0.7507 0.5603
vn 0.4247 -0.7983 0.4270
vn 0.3945 -0.7754 0.4930
vn 0.9043 0.4201 0.0756
vn 0.9068 0.4198 0.0381
vn 0.9535 0.3006 -0.0204
vn 0.9469 0.3200 -0.0319
vn 0.9783 0.1967 -0.0652
vn 0.9782 0.2008 -0.0537
vn 0.9835 0.0618 -0.1702
vn 0.9998 0.0133 0.0168
vn 0.9829 -0.1679 -0.0758
vn 0.9822 -0.1756 0.0671
vn 0.9030 -0.4295 0.0069
vn 0.8783 -0.4219 0.2252
vn 0.8507 0.5032 0.1520
vn 0.8542 0.5036 0.1289
vn 0.8275 0.5162 0.2209
vn 0.8383 0.5197 0.1648
vn 0.8342 0.4647 0.2968
vn 0.8626 0.4714 0.1837
vn 0.8171 0.4832 0.3146
vn 0.8159 0.4824 0.3186
vn 0.7988 0.5502 0.2431
vn 0.8269 0.5006 0.2561
vn 0.8474 0.3364 0.4107
vn 0.8263 0.3979 0.3986
vn 0.8136 0.4848 0.3209
vn 0.8211 0.4883 0.2955
vn 0.7962 0.5707 0.2012
vn 0.8263 0.5202 0.2160
vn 0.8444 0.2946 0.4475
vn 0.8218 0.3644 0.4379
vn 0.4639 -0.7235 0.5112
vn 0.4619 -0.7231 0.5136
vn 0.9467 -0.2745 0.1684
vn 0.9369 -0.2774 0.2127
vn 0.9987 -0.0094 -0.0501
vn 0.9926 -0.0245 0.1187
vn 0.9802 0.1906 -0.0531
vn 0.9914 0.1247 -0.0405
vn -0.5327 -0.7266 0.4339
vn -0.7443 -0.6415 0.1857
vn -0.4900 -0.8428 0.2226
vn -0.4992 -0.8414 0.2070
vn -0.0571 -0.7910 0.6091
vn -0.2337 -0.8232 0.5174
vn 0.0596 -0.8540 0.5169
vn -0.0546 -0.9040 0.4240
vn 0.2435 -0.7392 0.6279
vn 0.1933 -0.7656 0.6136
vn 0.4257 -0.6394 0.6403
vn 0.2327 -0.8057 0.5447
vn 0.5689 -0.5698 0.5930
vn 0.4789 -0.6537 0.5860
vn 0.9618 -0.0103 0.2736
vn 0.9448 -0.1790 0.2746
vn 0.9730 0.2034 0.1088
vn 0.9812 0.1565 0.1127
vn 0.9572 0.2891 0.0170
vn 0.9595 0.2812 0.0189
vn 0.6365 -0.4533 0.6240
vn 0.5706 -0.5465 0.6130
vn 0.9403 0.1040 0.3242
vn 0.9430 0.0542 0.3282
vn 0.9127 0.4005 0.0818
vn 0.9112 0.3997 0.1001
vn 0.8539 0.4985 0.1494
vn 0.8493 0.5068 0.1475
vn 0.9362 0.2962 0.1890
vn 0.9412 0.2990 0.1570
vn 0.8818 0.4090 0.2349
vn 0.8802 0.4086 0.2413
vn 0.9011 0.2113 0.3786
vn 0.8897 0.2072 0.4068
vn 0.9289 0.0679 0.3641
vn 0.8058 0.0295 0.5915
vn 0.8696 -0.1079 0.4819
vn 0.7290 -0.1301 0.6721
vn 0.7675 -0.2206 0.6019
vn 0.6705 -0.2725 0.6901
vn 0.7148 -0.3824 0.5855
vn 0.6282 -0.4184 0.6560
vn 0.5141 -0.6197 0.5930
vn 0.5130 -0.6203 0.5933
vn 0.5254 -0.6455 0.5543
vn 0.4337 -0.6754 0.5964
vn 0.4405 -0.7226 0.5328
vn 0.5127 -0.8059 0.2959
vn 0.7712 -0.6138 0.1689
vn 0.4715 -0.8619 0.1865
vn 0.3771 -0.7523 0.5402
vn 0.3515 -0.7695 0.5332
vn 0.1511 -0.8022 0.5776
vn 0.1231 -0.7899 0.6007
vn 0.1539 -0.9283 0.3386
vn 0.1649 -0.9260 0.3396
vn 0.1371 -0.8997 0.4144
vn 0.0782 -0.9031 0.4222
vn 0.5395 -0.7086 0.4547
vn 0.5256 -0.6222 0.5802
vn 0.1427 -0.9778 0.1533
vn 0.1582 -0.9293 0.3338
vn 0.8725 -0.0321 0.4876
vn 0.8126 -0.1838 0.5532
vn 0.7952 -0.3931 0.4616
vn 0.6836 -0.3084 0.6615
vn 0.1139 0.0255 0.9932
vn 0.1202 0.0308 0.9923
vn 0.3454 0.0176 0.9383
vn 0.3571 0.0279 0.9336
vn 0.6733 0.0628 0.7367
vn 0.6260 0.0136 0.7797
vn 0.8031 0.1218 0.5833
vn 0.7791 0.0889 0.6206
vn 0.8490 0.1550 0.5052
vn 0.8293 0.1205 0.5456
vn 0.8568 0.1409 0.4960
vn 0.8641 0.1518 0.4799
vn -0.8641 -0.4580 -0.2089
vn -0.8450 -0.4910 -0.2121
vn -0.4386 -0.8952 0.0790
vn -0.3150 -0.9462 0.0744
vn -0.6802 -0.6176 -0.3948
vn -0.6403 -0.6180 -0.4560
vn -0.6730 -0.4439 -0.5916
vn -0.7047 -0.4394 -0.5570
vn -0.6486 -0.3436 -0.6792
vn -0.6681 -0.3434 -0.6601
vn -0.6750 -0.4617 -0.5756
vn -0.6515 -0.4607 -0.6028
vn -0.7145 -0.5866 -0.3814
vn -0.6625 -0.5913 -0.4598
vn -0.6013 -0.7635 -0.2356
vn -0.6473 -0.7472 -0.1507
vn -0.5079 -0.8605 -0.0384
vn -0.5181 -0.8551 -0.0192
vn -0.4190 -0.8862 0.1979
vn -0.4134 -0.8908 0.1885
vn -0.2229 -0.9482 0.2265
vn -0.3534 -0.8523 0.3855
vn -0.2428 -0.9700 -0.0119
vn -0.3306 -0.9436 -0.0169
vn -0.5494 -0.6577 -0.5153
vn -0.5219 -0.6543 -0.5473
vn -0.5718 -0.5120 -0.6410
vn -0.5835 -0.5130 -0.6296
vn -0.5047 -0.4230 -0.7526
vn -0.5776 -0.4390 -0.6882
vn -0.4228 -0.5643 -0.7091
vn -0.4932 -0.5824 -0.6462
vn -0.4559 -0.6968 -0.5538
vn -0.4094 -0.6860 -0.6015
vn -0.5213 -0.8272 -0.2096
vn -0.4164 -0.8368 -0.3555
vn -0.3583 -0.9306 -0.0745
vn -0.4468 -0.8930 0.0532
vn -0.2199 -0.9658 0.1371
vn -0.2892 -0.9304 0.2252
vn -0.1230 -0.9299 0.3468
vn -0.1656 -0.9053 0.3911
vn -0.1682 -0.9762 -0.1369
vn -0.3865 -0.9045 -0.1801
vn -0.9769 -0.0441 -0.2090
vn -0.9776 -0.0439 -0.2059
vn -0.9998 -0.0057 -0.0194
vn -0.9993 -0.0104 -0.0365
vn -0.9840 -0.0899 0.1535
vn -0.9895 -0.1108 0.0929
vn -0.9551 -0.1532 0.2535
vn -0.9576 -0.1584 0.2407
vn -0.9211 -0.2483 0.2999
vn -0.9093 -0.2253 0.3498
vn -0.8669 -0.3356 0.3685
vn -0.8589 -0.3220 0.3982
vn -0.7426 -0.4490 0.4969
vn -0.7354 -0.4423 0.5134
vn -0.9528 -0.3035 0.0111
vn -0.9566 -0.2720 -0.1042
vn 0.1561 -0.1912 0.9691
vn 0.1780 -0.1590 0.9711
vn -0.2253 -0.8053 0.5484
vn -0.1643 -0.7920 0.5880
vn 0.0287 -0.7918 0.6101
vn -0.0904 -0.8322 0.5471
vn 0.1875 -0.7887 0.5855
vn 0.1095 -0.7521 0.6499
vn -0.4976 -0.6701 0.5508
vn -0.5195 -0.6459 0.5593
vn -0.5321 -0.3246 0.7820
vn -0.5094 -0.3507 0.7858
vn -0.2768 -0.1299 0.9521
vn -0.3230 -0.2168 0.9212
vn -0.5197 -0.4659 0.7161
vn -0.5113 -0.4588 0.7267
vn -0.5054 -0.5487 0.6660
vn -0.5315 -0.5622 0.6335
vn -0.5141 -0.1351 0.8470
vn -0.5429 -0.1778 0.8208
vn -0.0061 -0.1693 0.9856
vn -0.0337 -0.2144 0.9762
vn -0.1725 -0.6050 0.7773
vn -0.2201 -0.6300 0.7448
vn 0.0839 -0.5884 0.8042
vn 0.0363 -0.6210 0.7830
vn 0.2301 -0.5753 0.7849
vn 0.2007 -0.5590 0.8045
vn -0.1556 -0.5009 0.8514
vn -0.1798 -0.5211 0.8343
vn 0.0809 -0.4978 0.8635
vn 0.0781 -0.5004 0.8623
vn 0.2278 -0.5193 0.8237
vn 0.1807 -0.4893 0.8532
vn 0.0588 -0.3742 0.9255
vn 0.0431 -0.3922 0.9189
vn -0.1980 -0.3894 0.8995
vn -0.1809 -0.3705 0.9110
vn 0.1706 -0.3706 0.9130
vn 0.1780 -0.3760 0.9094
vn 0.1101 0.3071 0.9453
vn 0.1226 0.2974 0.9469
vn 0.3360 0.3030 0.8918
vn 0.3331 0.3007 0.8936
vn 0.6492 0.2733 0.7098
vn 0.6554 0.2790 0.7019
vn 0.8006 0.2609 0.5394
vn 0.7917 0.2509 0.5571
vn 0.8380 0.2403 0.4899
vn 0.8424 0.2459 0.4795
vn 0.8571 0.2277 0.4621
vn 0.8583 0.2290 0.4592
vn 0.8450 0.2385 0.4786
vn 0.8555 0.1939 0.4801
vn 0.8686 0.1760 0.4633
vn 0.8137 0.1488 0.5620
vn 0.8422 0.1041 0.5290
vn 0.7945 0.0812 0.6019
vn 0.8648 -0.0384 0.5006
vn 0.8341 -0.0526 0.5492
vn 0.8488 -0.1747 0.4991
vn 0.8755 -0.1636 0.4547
vn 0.8713 -0.3047 0.3848
vn 0.8717 -0.3036 0.3848
vn 0.8726 -0.3949 0.2875
vn 0.7590 -0.5792 0.2973
vn 0.7460 -0.6166 0.2514
vn 0.6854 -0.6855 0.2457
vn 0.6970 -0.6625 0.2744
vn 0.6060 -0.7510 0.2622
vn 0.6258 -0.7195 0.3011
vn 0.6095 -0.6295 0.4819
vn 0.8909 -0.1288 -0.4356
vn 0.8533 -0.3364 -0.3983
vn 0.9764 0.1952 -0.0922
vn 0.9744 0.2237 -0.0223
vn 0.9158 0.4011 0.0229
vn 0.8787 0.4772 0.0146
vn 0.4963 0.8597 0.1205
vn 0.5557 0.8206 0.1337
vn 0.9954 0.0909 0.0286
vn 0.9949 0.0942 0.0372
vn 0.9549 0.2751 0.1122
vn 0.9306 0.3517 0.1011
vn 0.6680 0.7214 0.1824
vn 0.5991 0.7497 0.2812
vn 0.6618 -0.4663 -0.5870
vn 0.4839 -0.4942 -0.7222
vn 0.8181 -0.4809 -0.3155
vn 0.6852 -0.5436 -0.4847
vn 0.8645 -0.5009 -0.0416
vn 0.8147 -0.5625 -0.1408
vn 0.8193 -0.5729 -0.0249
vn 0.8512 -0.5234 0.0401
vn 0.9487 -0.2293 -0.2179
vn 0.9354 -0.2901 -0.2020
vn 0.9187 -0.3945 -0.0157
vn 0.9458 -0.3219 -0.0430
vn 0.9994 0.0271 0.0226
vn 0.9951 0.0526 0.0840
vn 0.9647 0.2382 0.1120
vn 0.9544 0.2786 0.1076
vn 0.7426 0.6249 0.2409
vn 0.6976 0.6441 0.3140
vn 0.9109 -0.4125 0.0006
vn 0.9136 -0.4064 0.0114
vn 0.9980 -0.0519 0.0371
vn 0.9937 -0.0296 0.1083
vn 0.9828 0.1314 0.1295
vn 0.9651 0.2347 0.1161
vn 0.7563 0.5973 0.2669
vn 0.7484 0.6004 0.2818
vn 0.7843 -0.6198 0.0275
vn 0.8067 -0.5879 0.0605
vn 0.9030 -0.4253 0.0601
vn 0.9002 -0.4331 0.0466
vn 0.9850 -0.1484 0.0879
vn 0.9796 -0.1282 0.1549
vn 0.9860 0.0168 0.1660
vn 0.9822 0.1197 0.1446
vn 0.7614 0.5423 0.3552
vn 0.7648 0.5418 0.3487
vn 0.7272 -0.6800 0.0939
vn 0.7716 -0.6218 0.1342
vn 0.7357 0.4246 0.5277
vn 0.7681 0.4374 0.4677
vn 0.9535 -0.0545 0.2965
vn 0.9481 -0.0838 0.3068
vn 0.9441 -0.2358 0.2305
vn 0.9440 -0.2357 0.2309
vn 0.9308 -0.3446 0.1219
vn 0.8526 -0.4853 0.1936
vn 0.7399 -0.5125 0.4358
vn 0.7663 -0.5140 0.3855
vn 0.6914 -0.4122 0.5934
vn 0.7247 -0.4318 0.5371
vn 0.9439 0.1646 0.2864
vn 0.8922 0.2075 0.4012
vn 0.9264 0.3178 0.2021
vn 0.9071 0.3356 0.2539
vn 0.9096 0.3868 0.1518
vn 0.8869 0.4111 0.2107
vn 0.8872 0.4205 0.1901
vn 0.8925 0.4145 0.1779
vn 0.8852 0.4493 0.1201
vn 0.8667 0.4712 0.1640
vn 0.8177 0.5756 0.0008
vn 0.7803 0.6202 0.0813
vn 0.7205 0.6915 -0.0516
vn 0.6843 0.7287 0.0273
vn 0.6681 0.7440 -0.0008
vn 0.6360 0.7668 0.0864
vn 0.6783 0.7182 0.1555
vn 0.7180 0.6954 0.0301
vn 0.8541 0.2915 0.4307
vn 0.9018 0.1584 0.4021
vn 0.8295 -0.0856 0.5519
vn 0.8150 -0.3067 0.4917
vn 0.7609 -0.3715 0.5320
vn 0.6548 -0.5955 0.4655
vn 0.3869 -0.7779 0.4951
vn 0.3485 -0.8092 0.4731
vn 0.1807 -0.8505 0.4940
vn 0.1668 -0.8449 0.5083
vn 0.7132 -0.2270 0.6632
vn 0.7304 -0.2432 0.6382
vn 0.7242 0.0103 0.6895
vn 0.7217 0.0064 0.6922
vn 0.6882 -0.5363 0.4887
vn 0.7562 -0.4590 0.4664
vn 0.9314 -0.2994 0.2069
vn 0.9046 -0.3577 0.2319
vn 0.9634 -0.2428 0.1139
vn 0.9646 -0.2385 0.1122
vn 0.9856 -0.1619 0.0490
vn 0.9748 -0.2134 0.0654
vn 0.9924 -0.1227 0.0134
vn 0.9897 -0.1421 0.0190
vn 0.9896 -0.1222 -0.0757
vn 0.9946 -0.0498 -0.0914
vn 0.9763 -0.0588 -0.2081
vn 0.9766 -0.0154 -0.2147
vn 0.9342 0.0692 -0.3500
vn 0.9350 0.0596 -0.3496
vn 0.9332 0.1440 -0.3292
vn 0.9414 0.0536 -0.3330
vn 0.9515 0.1653 -0.2593
vn 0.9606 0.0783 -0.2668
vn 0.9882 0.0192 -0.1517
vn 0.9881 0.0314 -0.1509
vn 0.9881 -0.0865 -0.1271
vn 0.9922 -0.0195 -0.1230
vn 0.9358 -0.3442 -0.0764
vn 0.9811 -0.1821 -0.0651
vn 0.4293 -0.8616 0.2708
vn 0.4066 -0.8762 0.2587
vn 0.1376 -0.9335 0.3311
vn 0.1285 -0.9372 0.3241
vn -0.9432 0.2030 -0.2628
vn -0.9511 0.0838 -0.2972
vn 0.8870 0.3720 0.2735
vn 0.9007 0.3742 0.2209
vn 0.8942 0.3613 0.2643
vn 0.9069 0.3271 0.2657
vn 0.8647 0.3805 0.3280
vn 0.8577 0.3958 0.3283
vn 0.6290 0.5205 0.5774
vn 0.6539 0.5242 0.5455
vn 0.3421 0.5995 0.7236
vn 0.3667 0.5818 0.7260
vn 0.1674 0.6010 0.7815
vn 0.1439 0.6152 0.7751
vn 0.9057 0.2966 0.3029
vn 0.9005 0.2969 0.3179
vn 0.8941 0.3157 0.3178
vn 0.9078 0.3136 0.2786
vn 0.8648 0.3787 0.3296
vn 0.8737 0.3575 0.3298
vn 0.6954 0.4915 0.5243
vn 0.6577 0.4901 0.5721
vn 0.3942 0.5770 0.7153
vn 0.3679 0.5697 0.7349
vn 0.1817 0.5952 0.7827
vn 0.1673 0.6039 0.7793
vn 0.5497 0.0141 0.8353
vn 0.6203 -0.1292 0.7736
vn 0.6468 0.2344 0.7258
vn 0.6759 0.1925 0.7114
vn 0.4699 0.8090 0.3532
vn 0.5143 0.7818 0.3526
vn 0.3364 0.9289 0.1549
vn 0.3527 0.9226 0.1565
vn 0.2880 0.9431 0.1662
vn 0.3503 0.9195 0.1784
vn 0.3349 0.9262 0.1730
vn 0.2844 0.9455 0.1583
vn 0.4318 0.8609 0.2690
vn 0.3596 0.9010 0.2426
vn 0.5211 0.7826 0.3407
vn 0.4409 0.8425 0.3095
vn 0.5703 0.7344 0.3681
vn 0.5232 0.7763 0.3515
vn 0.5862 0.6685 0.4577
vn 0.5965 0.6575 0.4602
vn 0.5099 0.5210 0.6845
vn 0.6263 0.3804 0.6805
vn 0.5522 -0.0618 0.8314
vn 0.4997 0.0005 0.8662
vn 0.4932 -0.3110 0.8124
vn 0.4882 -0.3067 0.8171
vn 0.4747 -0.4624 0.7489
vn 0.5069 -0.4806 0.7155
vn 0.4923 -0.5899 0.6401
vn 0.6074 -0.4698 0.6406
vn 0.5988 -0.5988 0.5319
vn 0.5272 -0.6730 0.5188
vn 0.5057 -0.8366 0.2107
vn 0.4954 -0.8442 0.2049
vn 0.4963 -0.8634 0.0907
vn 0.5806 -0.7991 0.1559
vn 0.5944 -0.8038 0.0250
vn 0.5982 -0.8008 0.0288
vn 0.6138 -0.7697 -0.1753
vn 0.4540 -0.8321 -0.3185
vn 0.4335 -0.7295 -0.5291
vn 0.2312 -0.7283 -0.6451
vn 0.2117 -0.6322 -0.7453
vn 0.1876 -0.6289 -0.7546
vn 0.1722 -0.5589 -0.8111
vn 0.0365 -0.5334 -0.8451
vn 0.0916 -0.6916 -0.7165
vn 0.0087 -0.6748 -0.7379
vn 0.0070 -0.7373 -0.6755
vn 0.0206 -0.7291 -0.6841
vn 0.0179 -0.7913 -0.6111
vn 0.1510 -0.6809 -0.7166
vn 0.2415 -0.9081 -0.3421
vn 0.3240 -0.8281 -0.4574
vn 0.5003 -0.8497 0.1665
vn 0.5343 -0.8281 0.1698
vn 0.6555 -0.5659 0.5001
vn 0.6563 -0.5651 0.4999
vn 0.7112 -0.2886 0.6410
vn 0.7226 -0.2763 0.6337
vn 0.7520 0.0646 0.6560
vn 0.7291 0.0879 0.6788
vn 0.7386 0.2608 0.6217
vn 0.7364 0.2631 0.6232
vn 0.7217 0.3884 0.5730
vn 0.7220 0.3886 0.5725
vn 0.7126 0.4525 0.5362
vn 0.7196 0.4561 0.5236
vn 0.7155 0.4822 0.5056
vn 0.7271 0.4855 0.4855
vn 0.7251 0.4985 0.4751
vn 0.7521 0.4611 0.4708
vn 0.7805 0.4257 0.4579
vn 0.7509 0.4720 0.4619
vn 0.8132 0.3656 0.4527
vn 0.7804 0.4268 0.4570
vn 0.6019 -0.0004 0.7986
vn 0.5552 0.0648 0.8292
vn 0.5560 0.2311 0.7984
vn 0.6087 0.1692 0.7751
vn 0.3465 0.8279 0.4411
vn 0.4112 0.7927 0.4501
vn 0.2182 0.9543 0.2040
vn 0.2147 0.9554 0.2030
vn 0.2168 0.9548 0.2034
vn 0.2181 0.9544 0.2039
vn 0.1513 0.9715 0.1826
vn 0.2197 0.9527 0.2099
vn 0.1765 0.9435 0.2805
vn 0.1868 0.9402 0.2850
vn 0.2587 0.8967 0.3593
vn 0.1916 0.9243 0.3301
vn 0.3073 0.8506 0.4267
vn 0.2743 0.8686 0.4127
vn 0.3635 0.7429 0.5621
vn 0.3427 0.7575 0.5556
vn 0.3366 0.4317 0.8369
vn 0.4460 0.3210 0.8355
vn 0.3331 -0.0809 0.9394
vn 0.3854 -0.1431 0.9116
vn 0.3343 -0.3417 0.8784
vn 0.3297 -0.3476 0.8777
vn 0.3417 -0.4850 0.8050
vn 0.3200 -0.5064 0.8007
vn 0.3208 -0.5579 0.7654
vn 0.3471 -0.5339 0.7710
vn 0.3377 -0.7373 0.5852
vn 0.3694 -0.7130 0.5960
vn 0.3421 -0.9073 0.2445
vn 0.3404 -0.9082 0.2436
vn 0.3383 -0.9203 0.1963
vn 0.3021 -0.9371 0.1746
vn 0.2990 -0.9531 0.0465
vn 0.2444 -0.9696 0.0090
vn 0.2235 -0.9233 -0.3123
vn -0.0160 -0.8943 -0.4471
vn -0.0313 -0.7852 -0.6184
vn -0.1082 -0.7561 -0.6454
vn -0.1221 -0.6811 -0.7220
vn -0.1571 -0.6660 -0.7292
vn -0.1745 -0.5547 -0.8136
vn -0.2404 -0.5223 -0.8182
vn -0.2163 -0.6819 -0.6987
vn -0.2834 -0.6503 -0.7049
vn -0.2661 -0.7404 -0.6173
vn -0.3284 -0.7084 -0.6248
vn 0.1628 -0.9331 -0.3208
vn 0.0460 -0.9979 -0.0455
vn 0.4108 -0.8771 0.2490
vn 0.5517 -0.7899 0.2676
vn 0.6911 -0.5519 0.4668
vn 0.6673 -0.5345 0.5187
vn 0.7513 -0.2701 0.6022
vn 0.7688 -0.2488 0.5891
vn 0.7880 0.3644 0.4962
vn 0.7946 0.3704 0.4810
vn 0.7880 0.4167 0.4532
vn 0.7937 0.4195 0.4405
vn 0.8001 0.4346 0.4136
vn 0.7886 0.4529 0.4160
vn 0.8158 0.4223 0.3950
vn 0.7973 0.4543 0.3973
vn 0.8169 0.4102 0.4054
vn 0.8334 0.4083 0.3724
vn 0.8424 0.3600 0.4010
vn 0.8350 0.3765 0.4013
vn 0.6059 0.4871 0.6290
vn 0.5703 0.4826 0.6647
vn 0.5669 0.5375 0.6243
vn 0.5305 0.5318 0.6601
vn 0.4948 0.5763 0.6503
vn 0.5289 0.5468 0.6490
vn 0.4815 0.5560 0.6776
vn 0.4970 0.5615 0.6616
vn 0.4796 0.5238 0.7040
vn 0.4857 0.5270 0.6974
vn 0.4990 0.4422 0.7453
vn 0.4911 0.4369 0.7536
vn 0.5154 0.2915 0.8058
vn 0.5165 0.2925 0.8048
vn 0.5317 0.0115 0.8468
vn 0.5427 0.0219 0.8396
vn 0.5361 -0.3049 0.7871
vn 0.5234 -0.3168 0.7910
vn 0.5354 -0.5358 0.6529
vn 0.4901 -0.5744 0.6557
vn 0.5889 -0.6927 0.4164
vn 0.4588 -0.7905 0.4058
vn 0.6910 -0.6886 0.2198
vn 0.4972 -0.8446 0.1986
vn 0.6363 -0.7669 0.0837
vn 0.7197 -0.6871 0.0998
vn 0.7186 -0.6832 0.1301
vn 0.7310 -0.6691 0.1338
vn 0.6664 -0.6989 0.2597
vn 0.7222 -0.6766 0.1434
vn 0.6748 -0.6659 0.3181
vn 0.5972 -0.7513 0.2809
vn 0.6147 -0.6216 0.4855
vn 0.5316 -0.7209 0.4447
vn 0.4194 -0.4427 0.7925
vn 0.5211 -0.4890 0.6995
vn -0.5211 -0.4890 0.6995
vn -0.4194 -0.4427 0.7925
vn -0.5350 -0.6661 0.5197
vn -0.6122 -0.6770 0.4085
vn -0.6069 -0.7136 0.3500
vn -0.6645 -0.7047 0.2487
vn -0.7222 -0.6766 0.1434
vn -0.6664 -0.6989 0.2597
vn -0.7310 -0.6691 0.1338
vn -0.7186 -0.6832 0.1301
vn -0.6957 -0.7174 0.0365
vn -0.6593 -0.7395 0.1360
vn -0.4972 -0.8446 0.1986
vn -0.6910 -0.6886 0.2198
vn -0.4588 -0.7905 0.4058
vn -0.5889 -0.6927 0.4164
vn -0.4901 -0.5744 0.6557
vn -0.5354 -0.5358 0.6529
vn -0.5361 -0.3049 0.7871
vn -0.5234 -0.3168 0.7910
vn -0.5434 0.0118 0.8394
vn -0.5319 0.0217 0.8465
vn -0.5167 0.2915 0.8050
vn -0.5154 0.2926 0.8055
vn -0.4911 0.4369 0.7536
vn -0.4990 0.4422 0.7453
vn -0.4857 0.5270 0.6974
vn -0.4796 0.5238 0.7040
vn -0.4970 0.5615 0.6616
vn -0.4815 0.5560 0.6776
vn -0.5289 0.5468 0.6490
vn -0.4948 0.5763 0.6503
vn -0.5280 0.5546 0.6431
vn -0.5686 0.5159 0.6408
vn -0.5692 0.5060 0.6480
vn -0.6064 0.4654 0.6448
vn -0.1399 -0.7713 0.6209
vn -0.1038 -0.7783 0.6192
vn -0.0130 -0.8331 0.5530
vn -0.0078 -0.8431 0.5377
vn -0.0966 -0.7302 0.6764
vn -0.1055 -0.7009 0.7054
vn 0.0160 -0.7928 0.6093
vn -0.0408 -0.7842 0.6192
vn -0.0138 -0.8333 0.5526
vn -0.0253 -0.8073 0.5896
vn -0.1125 -0.7619 0.6378
vn -0.1227 -0.7392 0.6623
vn 0.1204 -0.8879 0.4440
vn 0.1432 -0.9213 0.3614
vn -0.1124 -0.7815 0.6137
vn -0.1155 -0.7810 0.6137
vn 0.0141 -0.8367 0.5475
vn 0.0124 -0.8365 0.5478
vn 0.0402 -0.8380 0.5442
vn 0.0115 -0.8376 0.5461
vn -0.1092 -0.7782 0.6185
vn -0.1045 -0.7786 0.6188
vn -0.3098 -0.6554 0.6888
vn -0.2806 -0.6645 0.6926
vn 0.1357 -0.8636 0.4856
vn 0.0969 -0.8617 0.4982
vn 0.1073 -0.8924 0.4383
vn 0.0982 -0.8772 0.4700
vn -0.2339 -0.6120 0.7555
vn -0.2411 -0.5889 0.7714
vn -0.2730 -0.6415 0.7169
vn -0.2790 -0.6278 0.7267
vn 0.3674 -0.9209 0.1302
vn 0.4102 -0.9110 -0.0438
vn 0.2957 -0.9005 0.3188
vn 0.1565 -0.9170 0.3669
vn 0.4383 -0.8768 0.1977
vn 0.1701 -0.9512 0.2573
vn 0.0362 -0.6451 0.7633
vn 0.0880 -0.6272 0.7739
vn 0.5021 -0.6395 0.5821
vn 0.3064 -0.7572 0.5769
vn -0.3028 -0.6736 0.6743
vn -0.2667 -0.6835 0.6795
vn -0.2778 -0.6891 0.6693
vn -0.2372 -0.6962 0.6776
vn -0.4901 -0.4998 0.7142
vn -0.4495 -0.5162 0.7290
vn -0.0991 -0.6838 0.7229
vn -0.0727 -0.6897 0.7205
vn 0.0083 -0.7554 0.6552
vn 0.0096 -0.7675 0.6410
vn 0.3942 -0.8993 0.1892
vn 0.3150 -0.9194 0.2354
vn 0.3802 -0.9150 0.1352
vn 0.3687 -0.9122 0.1790
vn -0.4094 -0.4418 0.7982
vn -0.4114 -0.4339 0.8015
vn -0.4547 -0.4823 0.7488
vn -0.4611 -0.4640 0.7564
vn 0.5343 -0.8112 -0.2375
vn 0.5447 -0.7792 -0.3100
vn 0.5512 -0.8238 -0.1326
vn 0.4094 -0.9113 -0.0441
vn 0.5857 -0.7853 -0.2009
vn 0.4802 -0.8619 -0.1628
vn 0.7241 -0.6458 0.2422
vn 0.7314 -0.6375 0.2422
vn 0.5428 -0.3336 0.7707
vn 0.6270 -0.2462 0.7391
vn 0.2223 -0.3419 0.9131
vn 0.1705 -0.3745 0.9114
vn -0.1195 -0.5895 0.7989
vn -0.1307 -0.5927 0.7947
vn -0.4755 -0.5320 0.7006
vn -0.4140 -0.5530 0.7230
vn -0.4359 -0.5690 0.6973
vn -0.3177 -0.5944 0.7387
vn -0.6673 -0.2904 0.6859
vn -0.5971 -0.3224 0.7346
vn -0.1244 -0.6689 0.7329
vn -0.1023 -0.6746 0.7310
vn -0.0135 -0.7623 0.6471
vn -0.0100 -0.7630 0.6464
vn -0.0069 -0.7601 0.6497
vn -0.0060 -0.7603 0.6495
vn -0.1148 -0.6780 0.7261
vn -0.0956 -0.6828 0.7244
vn 0.1345 -0.8297 0.5417
vn 0.1382 -0.8466 0.5140
vn -0.2363 -0.5591 0.7947
vn -0.1930 -0.5731 0.7964
vn 0.5358 -0.8366 -0.1137
vn 0.5294 -0.8456 -0.0682
vn 0.5632 -0.7949 -0.2257
vn 0.5464 -0.8303 -0.1098
vn -0.6210 -0.1849 0.7617
vn -0.6224 -0.1710 0.7638
vn -0.6382 -0.2685 0.7215
vn -0.6500 -0.2030 0.7323
vn 0.6037 -0.6626 -0.4433
vn 0.6036 -0.6571 -0.4515
vn 0.6395 -0.4950 -0.5883
vn 0.6578 -0.5635 -0.4998
vn 0.5644 -0.7155 -0.4117
vn 0.5654 -0.7678 -0.3014
vn 0.6425 -0.6374 -0.4253
vn 0.5962 -0.6955 -0.4011
vn 0.8530 -0.5199 -0.0452
vn 0.8221 -0.5676 -0.0439
vn 0.8266 -0.2342 0.5118
vn 0.8627 -0.1482 0.4835
vn 0.5484 -0.2244 0.8056
vn 0.4574 -0.1471 0.8770
vn 0.2083 -0.1592 0.9650
vn 0.2722 -0.2063 0.9399
vn -0.0487 -0.3567 0.9329
vn -0.0393 -0.3515 0.9354
vn -0.2108 -0.5700 0.7942
vn -0.2026 -0.5677 0.7979
vn -0.6337 -0.3555 0.6870
vn -0.5439 -0.3866 0.7448
vn -0.5645 -0.4103 0.7162
vn -0.4765 -0.4290 0.7674
vn 0.1145 -0.8448 0.5227
vn 0.1156 -0.8449 0.5223
vn 0.1223 -0.8341 0.5379
vn 0.1429 -0.8354 0.5308
vn -0.2417 -0.5313 0.8120
vn -0.2266 -0.5371 0.8125
vn -0.2476 -0.5424 0.8028
vn -0.2172 -0.5532 0.8042
vn 0.3395 -0.8908 0.3022
vn 0.3464 -0.9049 0.2472
vn -0.3511 -0.4243 0.8347
vn -0.3684 -0.4171 0.8309
vn 0.6355 -0.6640 -0.3941
vn 0.6381 -0.6856 -0.3505
vn 0.6559 -0.4825 -0.5805
vn 0.6594 -0.4921 -0.5684
vn 0.6313 -0.6442 -0.4318
vn 0.6330 -0.6657 -0.3952
vn 0.6697 -0.4207 -0.6120
vn 0.6856 -0.4597 -0.5645
vn 0.5874 -0.6672 -0.4581
vn 0.5803 -0.6781 -0.4511
vn 0.6124 -0.6234 -0.4861
vn 0.6063 -0.6040 -0.5173
vn 0.6163 -0.6119 -0.4958
vn 0.6031 -0.6287 -0.4908
vn 0.6142 -0.6579 -0.4357
vn 0.6063 -0.6383 -0.4743
vn 0.8583 -0.4392 -0.2653
vn 0.8332 -0.4478 -0.3243
vn 0.9795 -0.1868 0.0758
vn 0.9173 -0.3929 0.0648
vn 0.8216 -0.1858 0.5390
vn 0.6425 0.0035 0.7663
vn 0.0900 0.3737 0.9232
vn 0.2744 0.2923 0.9161
vn 0.0112 0.3090 0.9510
vn 0.1220 0.2542 0.9594
vn -0.0268 -0.1066 0.9939
vn 0.0291 -0.1446 0.9891
vn -0.1456 -0.3372 0.9301
vn -0.2079 -0.3690 0.9059
vn -0.6958 -0.1296 0.7065
vn -0.7618 -0.1058 0.6391
vn -0.1378 -0.6598 0.7387
vn -0.1304 -0.6622 0.7379
vn -0.0406 -0.7712 0.6353
vn -0.0245 -0.7747 0.6318
vn 0.2824 -0.9104 0.3025
vn 0.2874 -0.9097 0.2999
vn 0.3383 -0.8913 0.3018
vn 0.3201 -0.8945 0.3120
vn -0.3336 -0.3993 0.8540
vn -0.3081 -0.4118 0.8576
vn -0.3389 -0.4202 0.8418
vn -0.3389 -0.4201 0.8418
vn 0.5364 -0.8418 -0.0609
vn 0.5366 -0.8413 -0.0655
vn -0.5540 -0.1784 0.8131
vn -0.5937 -0.1557 0.7895
vn 0.6577 -0.4060 -0.6345
vn 0.6625 -0.4151 -0.6235
vn 0.6661 -0.4236 -0.6139
vn 0.6582 -0.4056 -0.6342
vn -0.7026 0.0207 0.7113
vn -0.7411 0.0413 0.6701
vn -0.7058 -0.0510 0.7066
vn -0.7595 -0.0260 0.6500
vn 0.6578 -0.4831 -0.5779
vn 0.6327 -0.5346 -0.5602
vn 0.6323 -0.5349 -0.5604
vn 0.6467 -0.5475 -0.5311
vn 0.8320 -0.4699 -0.2950
vn 0.7732 -0.4807 -0.4137
vn 0.7751 -0.4606 -0.4326
vn 0.7969 -0.4585 -0.3935
vn 0.8820 -0.3895 -0.2652
vn 0.7929 -0.4505 -0.4103
vn 0.9820 -0.1585 0.1031
vn 0.7598 0.1710 0.6273
vn 0.4337 0.3426 0.8334
vn 0.4577 0.3285 0.8262
vn -0.1007 0.6168 0.7807
vn -0.2395 0.4083 0.8809
vn -0.1519 0.6041 0.7823
vn -0.1612 0.5504 0.8192
vn -0.2296 0.5983 0.7677
vn -0.4562 0.5535 0.6968
vn -0.4352 0.4392 0.7859
vn -0.5302 0.4235 0.7346
vn -0.2613 0.2395 0.9351
vn -0.0190 0.1008 0.9947
vn -0.1688 -0.1136 0.9791
vn -0.1966 -0.0919 0.9762
vn -0.6470 -0.1986 0.7362
vn -0.7371 -0.1774 0.6521
vn -0.5868 -0.2529 0.7692
vn -0.6818 -0.2427 0.6901
vn -0.1308 -0.6655 0.7348
vn -0.1329 -0.6676 0.7326
vn -0.0430 -0.7771 0.6280
vn -0.0628 -0.7925 0.6066
vn 0.0647 -0.8535 0.5171
vn 0.0510 -0.8516 0.5217
vn -0.2272 -0.5182 0.8246
vn -0.2175 -0.5227 0.8243
vn 0.4561 -0.8886 -0.0482
vn 0.4579 -0.8882 -0.0375
vn 0.5275 -0.8471 -0.0644
vn 0.4954 -0.8679 -0.0352
vn -0.4655 -0.1571 0.8710
vn -0.4693 -0.1548 0.8694
vn -0.5126 -0.1691 0.8418
vn -0.5199 -0.1647 0.8382
vn 0.6411 -0.6841 -0.3478
vn 0.6409 -0.6836 -0.3492
vn 0.7977 -0.4275 -0.4254
vn 0.7764 -0.4317 -0.4592
vn 0.8010 -0.4539 -0.3904
vn 0.8324 -0.4342 -0.3444
vn 0.7997 -0.4562 -0.3904
vn 0.8018 -0.4551 -0.3872
vn 0.9948 -0.0798 -0.0636
vn 0.7286 0.3471 0.5904
vn 0.4355 0.3867 0.8129
vn 0.6137 0.3041 0.7287
vn 0.2268 0.5815 0.7813
vn 0.2144 0.5440 0.8112
vn -0.0571 0.7507 0.6582
vn -0.1496 0.7409 0.6548
vn -0.3012 0.3918 0.8694
vn -0.3928 0.2469 0.8859
vn -0.5135 0.3395 0.7881
vn -0.5796 0.3393 0.7409
vn -0.3097 0.0906 0.9465
vn -0.1961 0.0057 0.9806
vn 0.0281 -0.8775 0.4788
vn 0.0487 -0.8640 0.5012
vn -0.1948 -0.5130 0.8360
vn -0.1905 -0.5079 0.8401
vn 0.1997 -0.9404 0.2754
vn 0.2162 -0.9390 0.2674
vn -0.3072 -0.3482 0.8857
vn -0.2901 -0.3585 0.8873
vn 0.5449 -0.7552 -0.3644
vn 0.5960 -0.7236 -0.3480
vn 0.5916 -0.7181 -0.3666
vn 0.6455 -0.4610 -0.6090
vn 0.6303 -0.4398 -0.6397
vn -0.6967 0.1073 0.7093
vn -0.7043 0.0666 0.7068
vn 0.8025 -0.4016 -0.4413
vn 0.8136 -0.3945 -0.4270
vn 0.9956 0.0908 -0.0245
vn 0.9777 -0.0396 -0.2064
vn 0.9326 0.2407 0.2691
vn 0.9800 0.1493 0.1318
vn 0.6482 0.3767 0.6617
vn 0.7884 0.2880 0.5436
vn 0.2637 0.5449 0.7960
vn 0.2553 0.4869 0.8353
vn -0.2684 0.6808 0.6815
vn -0.2286 0.6931 0.6836
vn -0.3272 0.2647 0.9071
vn -0.3991 0.1589 0.9030
vn -0.5169 0.2344 0.8233
vn -0.6216 0.2620 0.7382
vn -0.1199 -0.6791 0.7242
vn -0.1429 -0.6949 0.7048
vn -0.1090 -0.8170 0.5662
vn -0.0627 -0.8408 0.5377
vn 0.1432 -0.9580 0.2484
vn 0.1574 -0.9513 0.2652
vn -0.2409 -0.3318 0.9121
vn -0.2440 -0.3360 0.9097
vn 0.3846 -0.9151 -0.1207
vn 0.4060 -0.9112 -0.0700
vn -0.3680 -0.1654 0.9150
vn -0.3827 -0.1552 0.9108
vn 0.5410 -0.5642 -0.6236
vn 0.5336 -0.5582 -0.6353
vn 0.5842 -0.5263 -0.6178
vn 0.5715 -0.5133 -0.6402
vn -0.5957 0.1390 0.7911
vn -0.5873 0.1334 0.7983
vn -0.6591 0.1275 0.7411
vn -0.6443 0.1177 0.7557
vn 0.9675 -0.0534 -0.2472
vn 0.9442 -0.1027 -0.3130
vn 0.9815 0.1239 -0.1459
vn 0.9817 0.1670 -0.0916
vn 0.8748 0.3309 0.3539
vn 0.9651 0.1998 0.1695
vn 0.9084 0.1939 0.3704
vn 0.5430 0.4570 0.7045
vn 0.2797 0.8455 0.4548
vn 0.1674 0.8508 0.4981
vn -0.5654 0.4136 0.7136
vn -0.5316 0.4250 0.7326
vn -0.5146 0.4984 0.6977
vn -0.4094 0.5375 0.7372
vn -0.5031 0.4946 0.7087
vn -0.5446 0.4742 0.6917
vn -0.5772 0.4270 0.6960
vn -0.5966 0.3880 0.7025
vn -0.0627 -0.6994 0.7120
vn -0.0794 -0.7109 0.6988
vn -0.0588 -0.8508 0.5221
vn -0.0383 -0.8415 0.5390
vn -0.0550 -0.9137 0.4027
vn -0.0087 -0.9295 0.3688
vn -0.1549 -0.5119 0.8450
vn -0.1715 -0.5268 0.8325
vn 0.2744 -0.9471 -0.1667
vn 0.2717 -0.9472 -0.1705
vn -0.2806 -0.1627 0.9459
vn -0.2855 -0.1700 0.9432
vn 0.4734 -0.8104 -0.3451
vn 0.4595 -0.8070 -0.3709
vn 0.9773 0.1877 -0.0987
vn 0.9727 0.1008 -0.2090
vn 0.7020 0.3969 0.5913
vn 0.9616 0.1407 0.2357
vn 0.9017 0.4016 0.1601
vn 0.9814 0.1252 -0.1455
vn 0.5107 0.7946 0.3281
vn 0.6539 0.7268 0.2101
vn 0.0339 0.8154 0.5778
vn 0.4178 0.8056 0.4202
vn -0.4068 0.6545 0.6373
vn -0.1262 0.7338 0.6675
vn -0.3312 0.6445 0.6891
vn -0.4542 0.5913 0.6664
vn -0.5342 0.4707 0.7022
vn -0.5534 0.4601 0.6943
vn -0.6051 0.3964 0.6905
vn -0.6311 0.3290 0.7025
vn -0.6481 0.3184 0.6918
vn -0.5775 0.3333 0.7453
vn -0.6542 0.3311 0.6800
vn -0.7027 0.2124 0.6791
vn -0.0452 -0.9291 0.3671
vn -0.0013 -0.9453 0.3263
vn -0.0853 -0.5312 0.8430
vn -0.0843 -0.5302 0.8436
vn 0.0044 -0.9896 0.1434
vn 0.0324 -0.9926 0.1168
vn -0.1799 -0.3553 0.9173
vn -0.1765 -0.3515 0.9194
vn 0.3070 -0.8685 -0.3892
vn 0.3140 -0.8698 -0.3805
vn 0.3940 -0.6647 -0.6347
vn 0.3887 -0.6621 -0.6407
vn -0.4982 0.1303 0.8572
vn -0.4529 0.0972 0.8863
vn 0.9555 0.2857 -0.0731
vn 0.9362 0.3514 0.0060
vn 0.6348 0.7348 0.2390
vn 0.7805 0.6215 0.0679
vn -0.1648 0.7599 0.6288
vn -0.3481 0.6959 0.6282
vn -0.1855 0.7634 0.6188
vn -0.2405 0.7460 0.6210
vn -0.4160 0.5863 0.6951
vn -0.4684 0.5595 0.6838
vn -0.5062 0.4448 0.7388
vn -0.5706 0.4088 0.7123
vn -0.6204 0.3201 0.7160
vn -0.6502 0.2055 0.7314
vn -0.7124 0.2311 0.6626
vn -0.7473 0.1073 0.6558
vn -0.7195 0.2024 0.6644
vn -0.6091 0.2017 0.7670
vn -0.7176 0.1954 0.6685
vn -0.7700 0.0122 0.6379
vn -0.0149 -0.9970 0.0765
vn 0.0199 -0.9930 0.1165
vn -0.0878 -0.3536 0.9313
vn -0.0860 -0.3516 0.9322
vn 0.0708 -0.9789 -0.1919
vn 0.0507 -0.9748 -0.2172
vn -0.1789 -0.1601 0.9708
vn -0.1583 -0.1353 0.9781
vn 0.3092 -0.6852 -0.6595
vn 0.3204 -0.6913 -0.6476
vn -0.3358 0.0562 0.9402
vn -0.3192 0.0800 0.9443
vn -0.0807 0.8294 0.5528
vn 0.1308 0.8607 0.4920
vn -0.0677 0.8279 0.5568
vn -0.2802 0.7585 0.5884
vn -0.2141 0.7426 0.6346
vn -0.3684 0.6799 0.6340
vn -0.4342 0.5554 0.7092
vn -0.4618 0.5398 0.7038
vn -0.4868 0.3825 0.7853
vn -0.5536 0.3453 0.7579
vn -0.6294 0.1926 0.7528
vn -0.6354 0.1004 0.7657
vn -0.7335 0.0883 0.6740
vn -0.7500 -0.0395 0.6603
vn -0.7874 0.0504 0.6144
vn -0.8112 -0.1213 0.5720
vn -0.7090 0.1149 0.6957
vn -0.5943 0.0957 0.7986
vn -0.7020 0.0899 0.7065
vn -0.7441 -0.0620 0.6652
vn 0.0313 -0.9756 -0.2174
vn 0.0181 -0.9720 -0.2342
vn -0.0884 -0.1354 0.9868
vn -0.0630 -0.1032 0.9927
vn 0.0901 -0.9021 -0.4220
vn 0.0791 -0.8964 -0.4362
vn 0.5871 0.7940 0.1575
vn 0.1336 0.8970 0.4214
vn 0.5874 0.7895 0.1780
vn 0.5301 0.8174 0.2254
vn 0.4215 0.8886 0.1809
vn 0.5325 0.8414 0.0925
vn 0.3456 0.9319 0.1099
vn 0.6146 0.7852 -0.0759
vn -0.2603 0.7581 0.5979
vn -0.0909 0.8100 0.5794
vn -0.3147 0.6769 0.6654
vn -0.3393 0.6651 0.6652
vn -0.3959 0.5326 0.7480
vn -0.4229 0.5180 0.7436
vn -0.4724 0.3226 0.8202
vn -0.5080 0.3031 0.8063
vn -0.5770 0.0682 0.8139
vn -0.6471 0.0308 0.7618
vn -0.7311 -0.0603 0.6796
vn -0.7251 -0.1720 0.6668
vn -0.8038 -0.1336 0.5797
vn -0.7966 -0.2994 0.5251
vn -0.7546 -0.0393 0.6550
vn -0.7750 -0.1872 0.6036
vn 0.0954 -0.7203 -0.6870
vn 0.1048 -0.7304 -0.6750
vn 0.7121 0.7019 0.0179
vn 0.6453 0.7582 0.0934
vn 0.5832 0.8121 0.0171
vn 0.6521 0.7561 -0.0555
vn 0.3005 0.9520 0.0582
vn 0.6285 0.7439 -0.2270
vn 0.6248 0.7776 -0.0699
vn 0.1835 0.9613 0.2054
vn -0.1266 0.8154 0.5649
vn 0.0044 0.8423 0.5389
vn -0.2824 0.6616 0.6947
vn -0.1701 0.7088 0.6845
vn -0.3535 0.5089 0.7849
vn -0.3269 0.5221 0.7878
vn -0.6498 -0.2301 0.7244
vn -0.7238 -0.2587 0.6397
vn -0.7842 -0.3146 0.5348
vn -0.7470 -0.4584 0.4815
vn -0.7545 -0.2199 0.6184
vn -0.7517 -0.3197 0.5769
vn -0.0567 0.1968 0.9788
vn -0.0235 0.2364 0.9714
vn 0.5509 0.8319 -0.0674
vn 0.6689 0.7153 -0.2022
vn 0.6633 0.7189 -0.2079
vn 0.5640 0.8189 -0.1060
vn 0.3212 0.9104 0.2609
vn 0.4296 0.8805 0.2004
vn 0.0234 0.8373 0.5463
vn 0.0506 0.8412 0.5383
vn -0.1483 0.7055 0.6931
vn -0.1133 0.7176 0.6871
vn -0.4247 0.2821 0.8602
vn -0.4232 0.2758 0.8630
vn -0.6675 -0.5304 0.5226
vn -0.7391 -0.5265 0.4202
vn -0.7109 -0.3721 0.5968
vn -0.6966 -0.4395 0.5671
vn 0.6102 0.7610 -0.2205
vn 0.6648 0.6867 -0.2940
vn 0.4826 0.8641 -0.1426
vn 0.6287 0.7233 -0.2856
vn 0.3744 0.9108 0.1742
vn 0.2895 0.9312 0.2214
vn 0.0474 0.8421 0.5372
vn 0.2982 0.8504 0.4334
vn -0.2347 0.5071 0.8293
vn -0.2456 0.5484 0.7993
vn -0.2195 0.2596 0.9404
vn -0.2066 0.2361 0.9495
vn -0.0106 0.2790 0.9602
vn -0.0450 0.2577 0.9652
vn -0.5674 -0.0052 0.8234
vn -0.5506 -0.0610 0.8326
vn -0.6162 -0.5192 0.5923
vn -0.6606 -0.5117 0.5493
vn 0.6331 0.7101 -0.3081
vn 0.6525 0.6783 -0.3379
vn 0.6755 0.6918 -0.2552
vn 0.6112 0.7704 -0.1813
vn 0.4062 0.8738 0.2673
vn 0.5467 0.8191 0.1739
vn -0.0285 0.7009 0.7127
vn -0.0391 0.7311 0.6812
vn -0.0433 0.5650 0.8240
vn -0.0308 0.5449 0.8379
vn 0.0798 0.5649 0.8213
vn 0.0635 0.5568 0.8282
vn 0.0326 0.2741 0.9611
vn 0.0156 0.2939 0.9557
vn -0.3677 -0.1674 0.9147
vn -0.3757 -0.1548 0.9137
vn -0.1457 -0.1679 0.9750
vn -0.1720 -0.1847 0.9676
vn -0.6458 -0.3126 0.6966
vn -0.6090 -0.3967 0.6869
vn 0.6336 0.6916 -0.3467
vn 0.6307 0.6966 -0.3420
vn 0.3852 0.9162 0.1102
vn 0.4677 0.8823 0.0533
vn 0.2050 0.8887 0.4101
vn 0.2575 0.8867 0.3840
vn 0.0809 0.7378 0.6702
vn 0.0911 0.7250 0.6827
vn 0.1596 0.7519 0.6397
vn 0.1296 0.7418 0.6580
vn 0.1058 0.5611 0.8210
vn 0.0843 0.5829 0.8082
vn 0.0172 0.2938 0.9557
vn 0.0291 0.3044 0.9521
vn -0.0540 -0.1768 0.9828
vn -0.0870 -0.1395 0.9864
vn -0.4197 -0.5331 0.7346
vn -0.4516 -0.4961 0.7416
vn -0.2523 -0.6045 0.7556
vn -0.2314 -0.5953 0.7695
vn -0.6525 -0.6011 0.4614
vn -0.5934 -0.6845 0.4235
vn 0.5686 0.7343 -0.3707
vn 0.5780 0.7197 -0.3846
vn 0.5351 0.8150 -0.2223
vn 0.5607 0.7896 -0.2492
vn 0.2733 0.9218 0.2750
vn 0.2317 0.9247 0.3020
vn 0.3666 0.9263 -0.0871
vn 0.3352 0.9401 -0.0616
vn 0.3244 0.9309 -0.1680
vn 0.2915 0.9473 -0.1332
vn 0.2805 0.9419 0.1846
vn 0.2195 0.9462 0.2379
vn 0.1615 0.7515 0.6397
vn 0.1370 0.7721 0.6205
vn 0.0424 0.5861 0.8091
vn 0.0496 0.5913 0.8049
vn -0.1482 -0.6197 0.7708
vn -0.1588 -0.6106 0.7759
vn -0.3746 -0.8471 0.3770
vn -0.4527 -0.7907 0.4120
vn -0.2663 -0.9164 0.2989
vn -0.1851 -0.9137 0.3617
vn -0.5660 -0.5930 0.5727
vn -0.5352 -0.6443 0.5463
vn 0.3893 0.8463 -0.3636
vn 0.3774 0.8569 -0.3511
vn 0.3823 0.7972 -0.4672
vn 0.3819 0.7977 -0.4667
vn 0.2782 0.8281 -0.4867
vn 0.2843 0.8216 -0.4942
vn 0.2946 0.8661 -0.4039
vn 0.3077 0.8538 -0.4198
vn 0.2059 0.9610 -0.1848
vn 0.1888 0.9680 -0.1651
vn 0.1943 0.9645 0.1791
vn 0.2052 0.9641 0.1683
vn 0.0595 0.7810 0.6217
vn 0.0900 0.7970 0.5972
vn -0.0509 -0.6190 0.7838
vn -0.0484 -0.6173 0.7853
vn -0.1641 -0.9372 0.3078
vn -0.1154 -0.9536 0.2780
vn -0.3000 -0.8074 0.5080
vn -0.3702 -0.7532 0.5438
vn -0.1860 -0.8904 0.4154
vn -0.1280 -0.8792 0.4590
vn 0.1859 0.8450 -0.5014
vn 0.1886 0.8424 -0.5048
vn 0.1754 0.8896 -0.4218
vn 0.1919 0.8758 -0.4430
vn 0.0869 0.9822 0.1663
vn 0.0898 0.9825 0.1631
vn -0.0626 -0.9580 0.2798
vn -0.0538 -0.9566 0.2865
vn -0.1208 -0.9003 0.4182
vn -0.0907 -0.9132 0.3973
vn -0.0475 -0.9162 0.3979
vn -0.0656 -0.9214 0.3831
vn 0.0438 -0.7235 -0.6890
vn 0.0472 -0.7276 -0.6843
vn -0.1397 0.1951 0.9708
vn -0.0932 0.1332 0.9867
vn 0.3868 -0.8452 -0.3688
vn 0.3918 -0.8461 -0.3613
vn 0.3214 -0.9334 -0.1595
vn 0.3391 -0.9318 -0.1299
vn 0.1748 -0.9494 0.2609
vn 0.1796 -0.9466 0.2678
vn 0.0501 -0.8518 0.5215
vn 0.0327 -0.8661 0.4988
vn -0.0474 -0.7781 0.6264
vn -0.0468 -0.7775 0.6271
vn -0.1271 -0.6652 0.7358
vn -0.1405 -0.6602 0.7378
vn -0.2183 -0.5146 0.8292
vn -0.2142 -0.5167 0.8289
vn -0.2879 -0.3356 0.8969
vn -0.2747 -0.3444 0.8977
vn -0.3280 -0.1691 0.9294
vn -0.3395 -0.1606 0.9268
vn -0.4323 0.1023 0.8959
vn -0.3867 0.0665 0.9198
vn 0.4571 -0.6317 -0.6261
vn 0.4456 -0.6253 -0.6406
vn 0.5065 -0.7835 -0.3599
vn 0.4986 -0.7801 -0.3780
vn 0.4145 -0.9075 -0.0679
vn 0.4203 -0.9061 -0.0474
vn 0.2438 -0.9256 0.2895
vn 0.2417 -0.9280 0.2837
vn 0.0858 -0.8528 0.5151
vn 0.0885 -0.8484 0.5219
vn -0.0165 -0.7645 0.6444
vn -0.0178 -0.7669 0.6415
vn -0.1269 -0.6616 0.7391
vn -0.1114 -0.6659 0.7377
vn -0.2306 -0.5247 0.8195
vn -0.2236 -0.5276 0.8196
vn -0.3313 -0.3652 0.8700
vn -0.2865 -0.3891 0.8755
vn -0.4071 -0.1601 0.8993
vn -0.4269 -0.1472 0.8923
vn -0.5542 0.1455 0.8196
vn -0.5221 0.1230 0.8440
vn -0.6189 0.0021 0.7855
vn -0.5660 0.1154 0.8163
vn -0.6672 -0.0593 0.7425
vn -0.6326 0.0434 0.7733
vn -0.6810 -0.1405 0.7187
vn -0.6645 -0.0648 0.7445
vn -0.6504 -0.2461 0.7186
vn -0.6464 -0.1944 0.7379
vn -0.5953 -0.3492 0.7237
vn -0.5988 -0.3096 0.7387
vn -0.0832 -0.7089 0.7004
vn -0.1018 -0.6964 0.7104
vn -0.0315 -0.7212 0.6920
vn -0.0465 -0.7113 0.7013
vn 0.0328 -0.8984 -0.4379
vn 0.0326 -0.8983 -0.4382
vn 0.6783 -0.5255 -0.5136
vn 0.6908 -0.5288 -0.4932
vn 0.7044 -0.5556 -0.4418
vn 0.6748 -0.5414 -0.5016
vn 0.6808 -0.5931 -0.4299
vn 0.6878 -0.5986 -0.4106
vn 0.6842 -0.6068 -0.4046
vn 0.6769 -0.6021 -0.4235
vn 0.5723 -0.7849 -0.2375
vn 0.5827 -0.7871 -0.2026
vn 0.4100 -0.9118 -0.0209
vn 0.4540 -0.8665 0.2073
vn 0.1304 -0.8869 0.4432
vn 0.1157 -0.8001 0.5886
vn -0.0613 -0.7528 0.6554
vn -0.0761 -0.7537 0.6528
vn -0.2326 -0.6924 0.6830
vn -0.1831 -0.6922 0.6981
vn -0.3375 -0.6187 0.7095
vn -0.2342 -0.6192 0.7495
vn -0.5011 -0.4657 0.7294
vn -0.3825 -0.4679 0.7967
vn -0.6186 -0.2989 0.7267
vn -0.5559 -0.2954 0.7770
vn 0.5101 -0.5824 -0.6329
vn 0.5042 -0.5952 -0.6257
vn 0.6624 -0.4898 -0.5669
vn 0.6650 -0.4960 -0.5584
vn 0.6675 -0.4941 -0.5571
vn 0.6458 -0.5573 -0.5219
vn 0.5863 -0.6333 -0.5051
vn 0.6071 -0.5849 -0.5379
vn 0.5457 -0.6762 -0.4949
vn 0.5587 -0.6512 -0.5136
vn 0.5152 -0.6903 -0.5080
vn 0.5116 -0.6960 -0.5039
vn 0.4607 -0.7287 -0.5067
vn 0.4725 -0.7125 -0.5187
vn 0.4012 -0.7548 -0.5189
vn 0.4011 -0.7550 -0.5187
vn 0.3193 -0.7856 -0.5299
vn 0.3173 -0.7848 -0.5323
vn 0.0920 -0.8141 -0.5734
vn 0.0968 -0.8181 -0.5669
vn 0.0434 -0.8212 -0.5689
vn 0.0350 -0.8131 -0.5811
vn 0.0708 0.8616 -0.5026
vn 0.0804 0.8537 -0.5146
vn 0.0832 0.9032 -0.4211
vn 0.1066 0.8861 -0.4512
vn 0.1103 0.9720 -0.2073
vn 0.0826 0.9815 -0.1725
vn 0.6839 -0.3322 -0.6495
vn 0.7035 -0.3711 -0.6061
vn 0.6438 -0.3145 -0.6975
vn 0.6502 -0.3238 -0.6873
vn 0.6634 -0.3483 -0.6623
vn 0.6735 -0.2921 -0.6791
vn 0.7061 -0.2423 -0.6654
vn 0.6979 -0.2962 -0.6521
vn 0.6887 -0.4330 -0.5816
vn 0.6646 -0.3994 -0.6315
vn 0.6582 -0.4744 -0.5845
vn 0.6757 -0.4427 -0.5894
vn 0.6337 -0.2691 -0.7253
vn 0.6373 -0.2738 -0.7204
vn 0.6794 -0.2643 -0.6846
vn 0.6662 -0.2456 -0.7042
vn 0.7051 -0.2903 -0.6470
vn 0.6898 -0.3425 -0.6379
vn 0.6793 -0.3509 -0.6445
vn 0.7070 -0.3682 -0.6038
vn 0.7740 -0.3989 -0.4917
vn 0.7540 -0.4039 -0.5180
vn 0.6228 -0.3814 -0.6831
vn 0.6026 -0.3579 -0.7133
vn 0.7462 -0.3418 -0.5713
vn 0.7432 -0.3505 -0.5700
vn 0.7855 -0.3658 -0.4992
vn 0.7876 -0.3645 -0.4968
vn 0.5133 -0.4698 -0.7182
vn 0.5191 -0.4743 -0.7110
vn 0.5576 -0.4246 -0.7133
vn 0.5519 -0.4470 -0.7040
vn 0.5875 -0.3289 -0.7394
vn 0.5920 -0.3044 -0.7462
vn 0.7567 -0.3324 -0.5630
vn 0.7564 -0.3338 -0.5626
vn 0.9143 -0.1151 -0.3884
vn 0.8937 -0.1425 -0.4255
vn 0.4964 -0.3998 -0.7705
vn 0.4892 -0.3943 -0.7780
vn 0.5351 -0.3688 -0.7601
vn 0.5294 -0.3639 -0.7663
vn 0.8524 -0.1447 -0.5025
vn 0.8671 -0.1290 -0.4811
vn 0.9516 0.1526 -0.2667
vn 0.9383 0.0906 -0.3336
vn 0.3713 -0.5659 -0.7361
vn 0.3671 -0.5634 -0.7401
vn 0.9121 0.0976 -0.3981
vn 0.9188 0.1162 -0.3773
vn 0.9443 0.2661 -0.1939
vn 0.9455 0.2256 -0.2349
vn 0.7785 0.6233 0.0730
vn 0.8275 0.5613 -0.0127
vn 0.3046 -0.5801 -0.7554
vn 0.3142 -0.5864 -0.7466
vn 0.3471 -0.4733 -0.8096
vn 0.3572 -0.4797 -0.8014
vn 0.8940 0.4336 -0.1128
vn 0.9109 0.1899 -0.3663
vn 0.8533 0.5171 -0.0664
vn 0.8457 0.5223 -0.1096
vn 0.3015 -0.4807 -0.8234
vn 0.2963 -0.4911 -0.8191
vn 0.1053 -0.6212 -0.7765
vn 0.1084 -0.6251 -0.7730
vn 0.7626 0.6383 -0.1051
vn 0.7572 0.6530 0.0141
vn 0.6721 0.7341 -0.0969
vn 0.7563 0.6169 -0.2177
vn 0.1067 -0.5296 -0.8415
vn 0.1028 -0.5244 -0.8452
vn 0.8335 0.5188 -0.1900
vn 0.7913 0.6047 -0.0906
vn 0.7824 0.5958 -0.1814
vn 0.7743 0.5593 -0.2960
vn 0.6780 0.6991 -0.2270
vn 0.7138 0.6418 -0.2804
vn 0.7421 0.5998 -0.2991
vn 0.7330 0.5701 -0.3710
vn 0.6645 0.6876 -0.2928
vn 0.7171 0.5799 -0.3867
vn 0.7336 0.5694 -0.3709
vn 0.7197 0.5461 -0.4287
vn 0.6583 0.6315 -0.4097
vn 0.6643 0.6168 -0.4221
vn 0.6716 0.5928 -0.4446
vn 0.6637 0.5853 -0.4658
vn 0.6315 0.6419 -0.4349
vn 0.6282 0.6499 -0.4279
vn 0.6236 0.6167 -0.4804
vn 0.6241 0.6171 -0.4792
vn 0.5711 0.6533 -0.4970
vn 0.5699 0.6565 -0.4942
vn 0.5745 0.6844 -0.4491
vn 0.5768 0.6794 -0.4535
vn 0.3787 0.7603 -0.5277
vn 0.3739 0.7676 -0.5206
vn 0.3871 0.7259 -0.5686
vn 0.3744 0.7488 -0.5469
vn 0.2582 0.8007 -0.5407
vn 0.2677 0.7893 -0.5525
vn 0.1830 0.8132 -0.5524
vn 0.1775 0.8189 -0.5457
vn 0.0472 -0.5347 -0.8437
vn 0.0444 -0.5303 -0.8466
vn 0.0438 -0.6257 -0.7788
vn 0.0461 -0.6290 -0.7760
vn 0.4155 -0.4548 -0.7878
vn 0.4090 -0.4507 -0.7935
vn 0.4313 -0.5359 -0.7258
vn 0.4337 -0.5373 -0.7234
vn 0.1626 0.7902 -0.5909
vn 0.1696 0.7822 -0.5995
vn 0.2371 0.7715 -0.5904
vn 0.2452 0.7605 -0.6013
vn 0.0734 0.7980 -0.5982
vn 0.0728 0.7986 -0.5975
vn 0.7397 -0.3491 -0.5753
vn 0.7275 -0.3480 -0.5913
vn 0.7003 -0.4416 -0.5609
vn 0.7291 -0.4450 -0.5199
vn 0.4587 -0.4198 -0.7832
vn 0.4560 -0.4280 -0.7803
vn 0.4768 -0.4977 -0.7245
vn 0.4914 -0.5075 -0.7078
vn 0.0743 0.8243 -0.5613
vn 0.0689 0.8290 -0.5550
vn -0.3944 -0.4932 0.7754
vn -0.3370 -0.4802 0.8098
vn -0.4494 -0.2793 0.8486
vn -0.4704 -0.2895 0.8336
vn -0.2901 -0.3376 0.8955
vn -0.2771 -0.3544 0.8931
vn -0.6090 0.1760 0.7734
vn -0.4969 0.1233 0.8590
vn -0.4015 -0.0398 0.9150
vn -0.3994 -0.0432 0.9158
vn -0.2308 -0.1456 0.9620
vn -0.2745 -0.1044 0.9559
vn -0.2861 0.1778 0.9416
vn -0.4012 0.0546 0.9144
vn -0.3137 0.0057 0.9495
vn -0.2588 -0.0483 0.9647
vn -0.4487 -0.1621 0.8789
vn -0.3947 -0.1306 0.9095
vn -0.4191 0.0119 0.9078
vn -0.3632 0.0558 0.9300
vn -0.5452 0.0103 0.8382
vn -0.4744 0.1341 0.8701
vn -0.0066 -0.1429 0.9897
vn -0.0271 -0.1218 0.9922
vn -0.1376 -0.6921 0.7085
vn -0.1276 -0.6878 0.7147
vn -0.2912 -0.5765 0.7634
vn -0.1940 -0.6559 0.7295
vn -0.4477 -0.4988 0.7421
vn -0.4463 -0.5019 0.7408
vn -0.5315 -0.4333 0.7278
vn -0.5383 -0.4069 0.7380
vn -0.5515 -0.2869 0.7833
vn -0.5077 -0.3963 0.7650
vn 0.4835 0.7043 -0.5198
vn 0.4836 0.7042 -0.5198
vn 0.4894 0.7230 -0.4876
vn 0.4882 0.7253 -0.4855
vn 0.4944 0.7552 -0.4304
vn 0.4876 0.7649 -0.4209
vn 0.4904 0.8144 -0.3101
vn 0.4712 0.8332 -0.2894
vn 0.4418 0.8968 -0.0251
vn 0.3828 0.9236 0.0199
vn 0.2971 0.9009 0.3164
vn 0.2032 0.9065 0.3700
vn 0.0389 0.7362 0.6757
vn -0.0020 0.7243 0.6895
vn -0.1188 0.5602 0.8198
vn -0.1702 0.5378 0.8257
vn -0.3247 0.2609 0.9091
vn -0.3359 0.2552 0.9067
vn -0.4968 -0.1221 0.8592
vn -0.4486 -0.0977 0.8884
vn -0.5582 -0.4589 0.6912
vn -0.5105 -0.4405 0.7385
vn -0.5446 -0.7413 0.3922
vn -0.4823 -0.7493 0.4538
vn -0.4731 -0.7051 0.5282
vn -0.4279 -0.7082 0.5615
vn -0.3607 -0.5529 0.7511
vn -0.3640 -0.5478 0.7532
vn -0.2139 -0.6514 0.7280
vn -0.1735 -0.6806 0.7118
vn -0.2037 -0.8325 0.5153
vn -0.2959 -0.8440 0.4474
vn -0.2944 -0.8728 0.3893
vn -0.3561 -0.8705 0.3396
vn -0.3346 -0.5566 0.7605
vn -0.3611 -0.5666 0.7407
vn -0.2856 -0.1858 0.9402
vn -0.2588 -0.1709 0.9507
vn -0.1315 0.2442 0.9608
vn -0.0935 0.2647 0.9598
vn 0.0174 0.5546 0.8320
vn 0.0339 0.5617 0.8267
vn 0.1059 0.7326 0.6724
vn 0.1346 0.7408 0.6581
vn 0.2363 0.9339 0.2682
vn 0.2703 0.9314 0.2439
vn 0.3040 0.9470 -0.1034
vn 0.3293 0.9358 -0.1255
vn 0.3270 0.8647 -0.3812
vn 0.3537 0.8411 -0.4091
vn 0.3461 0.8080 -0.4769
vn 0.3484 0.8053 -0.4797
vn 0.3382 0.7727 -0.5373
vn 0.3386 0.7721 -0.5378
vn 0.3280 0.7449 -0.5810
vn 0.3310 0.7400 -0.5855
vn -0.4674 0.0212 0.8838
vn -0.4038 0.1004 0.9093
vn -0.4033 0.1005 0.9095
vn -0.5033 0.1834 0.8444
vn -0.4097 0.2204 0.8852
vn -0.5245 0.2844 0.8025
vn -0.4237 0.3341 0.8419
vn -0.5188 0.3566 0.7770
vn -0.2847 0.4670 0.8372
vn -0.4692 0.4731 0.7457
vn -0.2210 0.5941 0.7734
vn -0.2067 0.6344 0.7449
vn 0.0270 0.7168 0.6967
vn 0.0243 0.7094 0.7044
vn -0.1141 0.6681 0.7353
vn -0.1140 0.6696 0.7339
vn 0.6645 0.6247 0.4100
vn 0.2922 0.7567 0.5849
vn 0.4692 0.5621 0.6811
vn 0.4762 0.6637 0.5768
vn 0.8895 0.4200 0.1799
vn 0.9007 0.4035 0.1609
vn 0.9001 0.4356 -0.0058
vn 0.9182 0.3851 0.0925
vn 0.8350 0.5487 0.0400
vn 0.9152 0.3721 -0.1548
vn 0.8594 0.5068 -0.0685
vn 0.8579 0.5090 -0.0708
vn 0.1707 -0.5141 -0.8406
vn 0.1685 -0.5117 -0.8425
vn 0.1777 -0.6156 -0.7677
vn 0.1764 -0.6144 -0.7690
vn 0.1948 -0.7171 -0.6692
vn 0.1808 -0.7053 -0.6855
vn 0.1946 -0.8131 -0.5486
vn 0.1789 -0.8035 -0.5678
vn 0.1501 -0.8959 -0.4180
vn 0.1746 -0.9049 -0.3881
vn 0.1193 -0.9748 -0.1887
vn 0.1319 -0.9761 -0.1730
vn 0.0689 -0.9802 0.1857
vn 0.0302 -0.9891 0.1443
vn -0.0026 -0.8976 0.4409
vn -0.0428 -0.9139 0.4036
vn -0.0734 -0.8022 0.5925
vn -0.1010 -0.8174 0.5672
vn -0.1311 -0.6800 0.7214
vn -0.1294 -0.6788 0.7229
vn -0.1534 -0.5090 0.8470
vn -0.1563 -0.5118 0.8447
vn -0.1745 -0.3459 0.9219
vn -0.1827 -0.3553 0.9167
vn -0.1939 -0.1746 0.9654
vn -0.1825 -0.1602 0.9701
vn -0.1517 0.0929 0.9840
vn -0.1847 0.1283 0.9744
vn 0.2301 -0.5010 -0.8343
vn 0.2314 -0.4986 -0.8354
vn 0.2452 -0.5965 -0.7642
vn 0.2421 -0.6014 -0.7614
vn 0.2546 -0.7004 -0.6668
vn 0.2426 -0.6925 -0.6794
vn 0.2442 -0.8055 -0.5400
vn 0.2481 -0.8018 -0.5436
vn 0.2564 -0.8820 -0.3953
vn 0.2398 -0.8929 -0.3812
vn 0.2494 -0.9528 -0.1732
vn 0.2366 -0.9578 -0.1633
vn 0.1014 -0.9642 0.2449
vn 0.1869 -0.9632 0.1932
vn -0.0131 -0.8807 0.4735
vn 0.0480 -0.8945 0.4445
vn -0.0734 -0.7931 0.6047
vn -0.0496 -0.8016 0.5958
vn -0.1172 -0.6667 0.7361
vn -0.1332 -0.6800 0.7210
vn -0.1781 -0.5075 0.8430
vn -0.1794 -0.5089 0.8419
vn -0.2123 -0.3344 0.9182
vn -0.2221 -0.3467 0.9113
vn -0.2465 -0.1661 0.9548
vn -0.2553 -0.1782 0.9503
vn -0.2724 0.0663 0.9599
vn -0.2617 0.0807 0.9618
vn 0.1038 -0.7783 0.6192
vn 0.1399 -0.7713 0.6209
vn 0.0078 -0.8431 0.5377
vn 0.0130 -0.8331 0.5530
vn 0.1055 -0.7009 0.7054
vn 0.0966 -0.7302 0.6764
vn 0.0408 -0.7842 0.6192
vn -0.0160 -0.7928 0.6093
vn 0.0253 -0.8073 0.5896
vn 0.0138 -0.8333 0.5526
vn 0.1227 -0.7392 0.6623
vn 0.1125 -0.7619 0.6378
vn -0.1432 -0.9213 0.3614
vn -0.1204 -0.8879 0.4440
vn 0.1154 -0.7811 0.6137
vn 0.1124 -0.7815 0.6137
vn -0.0124 -0.8365 0.5478
vn -0.0141 -0.8367 0.5475
vn -0.0115 -0.8376 0.5461
vn -0.0402 -0.8380 0.5442
vn 0.1045 -0.7786 0.6187
vn 0.1091 -0.7782 0.6185
vn 0.2806 -0.6645 0.6926
vn 0.3098 -0.6554 0.6888
vn -0.0969 -0.8617 0.4982
vn -0.1357 -0.8636 0.4856
vn -0.0982 -0.8772 0.4700
vn -0.1073 -0.8924 0.4383
vn 0.2411 -0.5889 0.7714
vn 0.2339 -0.6120 0.7555
vn 0.2790 -0.6278 0.7267
vn 0.2730 -0.6415 0.7169
vn -0.4102 -0.9110 -0.0438
vn -0.3674 -0.9209 0.1302
vn -0.1565 -0.9170 0.3669
vn -0.2957 -0.9005 0.3188
vn -0.1701 -0.9512 0.2573
vn -0.4383 -0.8768 0.1977
vn -0.0880 -0.6272 0.7739
vn -0.0362 -0.6451 0.7633
vn -0.3064 -0.7572 0.5769
vn -0.5021 -0.6395 0.5821
vn 0.2668 -0.6835 0.6795
vn 0.3028 -0.6735 0.6743
vn 0.2372 -0.6962 0.6776
vn 0.2779 -0.6891 0.6693
vn 0.4495 -0.5162 0.7290
vn 0.4901 -0.4998 0.7142
vn 0.0727 -0.6897 0.7205
vn 0.0991 -0.6838 0.7229
vn -0.0096 -0.7675 0.6410
vn -0.0083 -0.7554 0.6552
vn -0.3150 -0.9194 0.2354
vn -0.3942 -0.8993 0.1892
vn -0.3687 -0.9122 0.1790
vn -0.3802 -0.9150 0.1352
vn 0.4114 -0.4339 0.8015
vn 0.4094 -0.4418 0.7982
vn 0.4611 -0.4640 0.7564
vn 0.4547 -0.4823 0.7488
vn -0.5447 -0.7792 -0.3100
vn -0.5343 -0.8112 -0.2375
vn -0.4094 -0.9113 -0.0441
vn -0.5512 -0.8238 -0.1326
vn -0.4802 -0.8619 -0.1628
vn -0.5857 -0.7853 -0.2009
vn -0.7314 -0.6375 0.2422
vn -0.7241 -0.6458 0.2422
vn -0.6270 -0.2462 0.7391
vn -0.5428 -0.3336 0.7707
vn -0.1705 -0.3745 0.9114
vn -0.2223 -0.3419 0.9131
vn 0.1307 -0.5927 0.7947
vn 0.1195 -0.5895 0.7989
vn 0.4140 -0.5530 0.7230
vn 0.4755 -0.5320 0.7006
vn 0.3177 -0.5944 0.7387
vn 0.4359 -0.5690 0.6973
vn 0.5971 -0.3224 0.7346
vn 0.6673 -0.2904 0.6859
vn 0.1023 -0.6746 0.7310
vn 0.1244 -0.6689 0.7329
vn 0.0100 -0.7630 0.6464
vn 0.0135 -0.7623 0.6471
vn 0.0060 -0.7603 0.6495
vn 0.0069 -0.7601 0.6497
vn 0.0956 -0.6828 0.7244
vn 0.1148 -0.6780 0.7261
vn -0.1382 -0.8466 0.5140
vn -0.1345 -0.8297 0.5417
vn 0.1930 -0.5731 0.7964
vn 0.2363 -0.5591 0.7947
vn -0.5294 -0.8456 -0.0682
vn -0.5358 -0.8366 -0.1137
vn -0.5464 -0.8303 -0.1098
vn -0.5632 -0.7949 -0.2257
vn 0.6224 -0.1710 0.7638
vn 0.6210 -0.1849 0.7617
vn 0.6500 -0.2030 0.7323
vn 0.6382 -0.2685 0.7215
vn -0.6036 -0.6571 -0.4515
vn -0.6037 -0.6626 -0.4433
vn -0.6544 -0.5664 -0.5011
vn -0.6384 -0.5030 -0.5826
vn -0.5654 -0.7678 -0.3014
vn -0.5644 -0.7155 -0.4117
vn -0.5962 -0.6955 -0.4011
vn -0.6425 -0.6374 -0.4253
vn -0.8221 -0.5676 -0.0439
vn -0.8530 -0.5199 -0.0452
vn -0.8627 -0.1482 0.4835
vn -0.8266 -0.2342 0.5118
vn -0.4574 -0.1471 0.8770
vn -0.5484 -0.2244 0.8056
vn -0.2722 -0.2063 0.9399
vn -0.2083 -0.1592 0.9650
vn 0.0393 -0.3515 0.9354
vn 0.0487 -0.3567 0.9329
vn 0.2026 -0.5677 0.7979
vn 0.2108 -0.5700 0.7942
vn 0.5439 -0.3866 0.7448
vn 0.6337 -0.3555 0.6870
vn 0.4765 -0.4290 0.7674
vn 0.5645 -0.4103 0.7162
vn -0.1156 -0.8449 0.5223
vn -0.1145 -0.8448 0.5227
vn -0.1429 -0.8354 0.5308
vn -0.1223 -0.8341 0.5379
vn 0.2266 -0.5371 0.8125
vn 0.2417 -0.5313 0.8120
vn 0.2172 -0.5532 0.8042
vn 0.2476 -0.5424 0.8028
vn -0.3464 -0.9049 0.2472
vn -0.3395 -0.8908 0.3022
vn 0.3684 -0.4171 0.8309
vn 0.3511 -0.4243 0.8347
vn -0.6381 -0.6856 -0.3505
vn -0.6355 -0.6640 -0.3941
vn -0.6588 -0.4988 -0.5632
vn -0.6558 -0.4899 -0.5744
vn -0.6330 -0.6657 -0.3952
vn -0.6313 -0.6442 -0.4318
vn -0.6854 -0.4686 -0.5574
vn -0.6675 -0.4228 -0.6129
vn -0.5803 -0.6781 -0.4511
vn -0.5874 -0.6672 -0.4581
vn -0.6063 -0.6040 -0.5173
vn -0.6124 -0.6234 -0.4861
vn -0.6031 -0.6287 -0.4908
vn -0.6163 -0.6119 -0.4958
vn -0.6063 -0.6383 -0.4743
vn -0.6142 -0.6579 -0.4357
vn -0.8332 -0.4478 -0.3243
vn -0.8583 -0.4392 -0.2653
vn -0.9173 -0.3929 0.0648
vn -0.9795 -0.1868 0.0758
vn -0.6425 0.0035 0.7663
vn -0.8216 -0.1858 0.5390
vn -0.2744 0.2923 0.9161
vn -0.0900 0.3737 0.9232
vn -0.1220 0.2542 0.9594
vn -0.0112 0.3090 0.9510
vn -0.0291 -0.1446 0.9891
vn 0.0268 -0.1066 0.9939
vn 0.2079 -0.3690 0.9059
vn 0.1456 -0.3372 0.9301
vn 0.7618 -0.1058 0.6391
vn 0.6958 -0.1296 0.7065
vn 0.1304 -0.6622 0.7379
vn 0.1378 -0.6598 0.7387
vn 0.0245 -0.7747 0.6318
vn 0.0406 -0.7712 0.6353
vn -0.2874 -0.9097 0.2999
vn -0.2824 -0.9104 0.3025
vn -0.3201 -0.8945 0.3120
vn -0.3383 -0.8913 0.3018
vn 0.3081 -0.4118 0.8576
vn 0.3336 -0.3993 0.8540
vn 0.3389 -0.4201 0.8418
vn 0.3389 -0.4202 0.8418
vn -0.5366 -0.8413 -0.0655
vn -0.5364 -0.8418 -0.0609
vn 0.5937 -0.1557 0.7895
vn 0.5540 -0.1784 0.8131
vn -0.6629 -0.4153 -0.6230
vn -0.6581 -0.4062 -0.6340
vn -0.6586 -0.4058 -0.6337
vn -0.6664 -0.4237 -0.6135
vn 0.7411 0.0413 0.6701
vn 0.7026 0.0207 0.7113
vn 0.7595 -0.0260 0.6500
vn 0.7058 -0.0510 0.7066
vn -0.6308 -0.5455 -0.5519
vn -0.6569 -0.4925 -0.5709
vn -0.6372 -0.5538 -0.5360
vn -0.6293 -0.5464 -0.5526
vn -0.7732 -0.4807 -0.4137
vn -0.8320 -0.4699 -0.2950
vn -0.7969 -0.4585 -0.3935
vn -0.7751 -0.4606 -0.4326
vn -0.7929 -0.4505 -0.4103
vn -0.8820 -0.3895 -0.2652
vn -0.7598 0.1710 0.6273
vn -0.9820 -0.1585 0.1031
vn -0.4577 0.3285 0.8262
vn -0.4337 0.3426 0.8334
vn 0.2395 0.4083 0.8809
vn 0.1007 0.6168 0.7807
vn 0.1612 0.5504 0.8192
vn 0.1519 0.6041 0.7823
vn 0.4562 0.5535 0.6968
vn 0.2296 0.5983 0.7677
vn 0.5302 0.4235 0.7346
vn 0.4352 0.4392 0.7859
vn 0.0190 0.1008 0.9947
vn 0.2613 0.2395 0.9351
vn 0.1966 -0.0919 0.9762
vn 0.1688 -0.1136 0.9791
vn 0.7371 -0.1774 0.6521
vn 0.6470 -0.1986 0.7362
vn 0.6818 -0.2427 0.6901
vn 0.5868 -0.2529 0.7692
vn 0.1329 -0.6676 0.7326
vn 0.1308 -0.6655 0.7348
vn 0.0628 -0.7925 0.6066
vn 0.0430 -0.7771 0.6280
vn -0.0510 -0.8516 0.5217
vn -0.0647 -0.8535 0.5171
vn 0.2175 -0.5227 0.8243
vn 0.2272 -0.5182 0.8246
vn -0.4579 -0.8882 -0.0375
vn -0.4561 -0.8886 -0.0482
vn -0.4954 -0.8679 -0.0352
vn -0.5275 -0.8471 -0.0644
vn 0.4693 -0.1548 0.8694
vn 0.4655 -0.1571 0.8710
vn 0.5199 -0.1647 0.8382
vn 0.5126 -0.1691 0.8418
vn -0.6409 -0.6836 -0.3492
vn -0.6411 -0.6841 -0.3478
vn -0.7764 -0.4317 -0.4592
vn -0.7977 -0.4275 -0.4254
vn -0.8324 -0.4342 -0.3444
vn -0.8010 -0.4539 -0.3904
vn -0.8018 -0.4551 -0.3872
vn -0.7997 -0.4562 -0.3904
vn -0.7286 0.3471 0.5904
vn -0.9948 -0.0798 -0.0636
vn -0.6137 0.3041 0.7287
vn -0.4355 0.3867 0.8129
vn -0.2144 0.5440 0.8112
vn -0.2268 0.5815 0.7813
vn 0.1496 0.7409 0.6548
vn 0.0571 0.7507 0.6582
vn 0.3928 0.2469 0.8859
vn 0.3012 0.3918 0.8694
vn 0.5796 0.3393 0.7409
vn 0.5135 0.3395 0.7881
vn 0.1961 0.0057 0.9806
vn 0.3097 0.0906 0.9465
vn -0.0487 -0.8640 0.5012
vn -0.0281 -0.8775 0.4788
vn 0.1905 -0.5079 0.8401
vn 0.1948 -0.5130 0.8360
vn -0.2162 -0.9390 0.2674
vn -0.1997 -0.9404 0.2754
vn 0.2901 -0.3585 0.8873
vn 0.3072 -0.3482 0.8857
vn -0.5449 -0.7552 -0.3644
vn -0.5916 -0.7181 -0.3666
vn -0.5960 -0.7236 -0.3480
vn -0.6320 -0.4391 -0.6386
vn -0.6471 -0.4597 -0.6082
vn 0.7043 0.0666 0.7068
vn 0.6967 0.1073 0.7093
vn -0.8136 -0.3945 -0.4270
vn -0.8025 -0.4016 -0.4413
vn -0.9777 -0.0396 -0.2064
vn -0.9956 0.0908 -0.0245
vn -0.9800 0.1493 0.1318
vn -0.9326 0.2407 0.2691
vn -0.7884 0.2880 0.5436
vn -0.6482 0.3767 0.6617
vn -0.2553 0.4869 0.8353
vn -0.2637 0.5449 0.7960
vn 0.2286 0.6931 0.6836
vn 0.2684 0.6808 0.6815
vn 0.3991 0.1589 0.9030
vn 0.3272 0.2647 0.9071
vn 0.6216 0.2620 0.7382
vn 0.5169 0.2344 0.8233
vn 0.1429 -0.6949 0.7048
vn 0.1199 -0.6791 0.7242
vn 0.0627 -0.8408 0.5377
vn 0.1090 -0.8170 0.5662
vn -0.1574 -0.9513 0.2652
vn -0.1432 -0.9580 0.2484
vn 0.2440 -0.3360 0.9097
vn 0.2409 -0.3318 0.9121
vn -0.4060 -0.9112 -0.0700
vn -0.3846 -0.9151 -0.1207
vn 0.3827 -0.1552 0.9108
vn 0.3680 -0.1654 0.9150
vn -0.5338 -0.5573 -0.6359
vn -0.5408 -0.5628 -0.6251
vn -0.5726 -0.5126 -0.6399
vn -0.5849 -0.5251 -0.6181
vn 0.5873 0.1334 0.7983
vn 0.5957 0.1390 0.7911
vn 0.6443 0.1177 0.7557
vn 0.6591 0.1275 0.7411
vn -0.9442 -0.1027 -0.3130
vn -0.9675 -0.0534 -0.2472
vn -0.9817 0.1670 -0.0916
vn -0.9815 0.1239 -0.1459
vn -0.9651 0.1998 0.1695
vn -0.8748 0.3309 0.3539
vn -0.5430 0.4570 0.7045
vn -0.9084 0.1939 0.3704
vn -0.1674 0.8508 0.4981
vn -0.2797 0.8455 0.4548
vn 0.5316 0.4250 0.7326
vn 0.5654 0.4136 0.7136
vn 0.4094 0.5375 0.7372
vn 0.5146 0.4984 0.6977
vn 0.5446 0.4742 0.6917
vn 0.5031 0.4946 0.7087
vn 0.5966 0.3880 0.7025
vn 0.5772 0.4270 0.6960
vn 0.0794 -0.7109 0.6988
vn 0.0627 -0.6994 0.7120
vn 0.0383 -0.8415 0.5390
vn 0.0588 -0.8508 0.5221
vn 0.0087 -0.9295 0.3688
vn 0.0550 -0.9137 0.4027
vn 0.1715 -0.5268 0.8325
vn 0.1549 -0.5119 0.8450
vn -0.2717 -0.9472 -0.1705
vn -0.2744 -0.9471 -0.1667
vn 0.2855 -0.1700 0.9432
vn 0.2806 -0.1627 0.9459
vn -0.4588 -0.8066 -0.3727
vn -0.4735 -0.8101 -0.3457
vn -0.9727 0.1008 -0.2090
vn -0.9773 0.1877 -0.0987
vn -0.9616 0.1407 0.2357
vn -0.7020 0.3969 0.5913
vn -0.9814 0.1252 -0.1455
vn -0.9017 0.4016 0.1601
vn -0.6539 0.7268 0.2101
vn -0.5107 0.7946 0.3281
vn -0.4178 0.8056 0.4202
vn -0.0339 0.8154 0.5778
vn 0.1262 0.7338 0.6675
vn 0.4068 0.6545 0.6373
vn 0.4542 0.5913 0.6664
vn 0.3312 0.6445 0.6891
vn 0.5534 0.4601 0.6943
vn 0.5342 0.4707 0.7022
vn 0.6311 0.3290 0.7025
vn 0.6051 0.3964 0.6905
vn 0.5775 0.3333 0.7453
vn 0.6481 0.3184 0.6918
vn 0.7027 0.2124 0.6791
vn 0.6542 0.3311 0.6800
vn 0.0013 -0.9453 0.3263
vn 0.0452 -0.9291 0.3671
vn 0.0843 -0.5302 0.8436
vn 0.0853 -0.5312 0.8430
vn -0.0324 -0.9926 0.1168
vn -0.0044 -0.9896 0.1434
vn 0.1765 -0.3515 0.9194
vn 0.1799 -0.3553 0.9173
vn -0.3155 -0.8701 -0.3787
vn -0.3070 -0.8685 -0.3892
vn -0.3867 -0.6609 -0.6431
vn -0.3921 -0.6636 -0.6371
vn 0.4529 0.0972 0.8863
vn 0.4982 0.1303 0.8572
vn -0.9362 0.3514 0.0060
vn -0.9555 0.2857 -0.0731
vn -0.7805 0.6215 0.0679
vn -0.6348 0.7348 0.2390
vn 0.3481 0.6959 0.6282
vn 0.1648 0.7599 0.6288
vn 0.2405 0.7460 0.6210
vn 0.1855 0.7634 0.6188
vn 0.4684 0.5595 0.6838
vn 0.4160 0.5863 0.6951
vn 0.5706 0.4088 0.7123
vn 0.5062 0.4448 0.7388
vn 0.6502 0.2055 0.7314
vn 0.6204 0.3201 0.7160
vn 0.7473 0.1073 0.6558
vn 0.7124 0.2311 0.6626
vn 0.6091 0.2017 0.7670
vn 0.7195 0.2024 0.6644
vn 0.7700 0.0122 0.6379
vn 0.7176 0.1954 0.6685
vn -0.0199 -0.9930 0.1165
vn 0.0149 -0.9970 0.0765
vn 0.0860 -0.3516 0.9322
vn 0.0878 -0.3536 0.9313
vn -0.0507 -0.9748 -0.2172
vn -0.0708 -0.9789 -0.1919
vn 0.1583 -0.1353 0.9781
vn 0.1789 -0.1601 0.9708
vn -0.3183 -0.6901 -0.6500
vn -0.3100 -0.6855 -0.6587
vn 0.3192 0.0800 0.9443
vn 0.3358 0.0562 0.9402
vn -0.1308 0.8607 0.4920
vn 0.0807 0.8294 0.5528
vn 0.2802 0.7585 0.5884
vn 0.0677 0.8279 0.5568
vn 0.3684 0.6799 0.6340
vn 0.2141 0.7426 0.6346
vn 0.4618 0.5398 0.7038
vn 0.4342 0.5554 0.7092
vn 0.5536 0.3453 0.7579
vn 0.4868 0.3825 0.7853
vn 0.6354 0.1004 0.7657
vn 0.6294 0.1926 0.7528
vn 0.7500 -0.0395 0.6603
vn 0.7335 0.0883 0.6740
vn 0.8112 -0.1213 0.5720
vn 0.7874 0.0504 0.6144
vn 0.5943 0.0957 0.7986
vn 0.7090 0.1149 0.6957
vn 0.7441 -0.0620 0.6652
vn 0.7020 0.0899 0.7065
vn -0.0181 -0.9720 -0.2342
vn -0.0313 -0.9756 -0.2174
vn 0.0630 -0.1032 0.9927
vn 0.0884 -0.1354 0.9868
vn -0.0791 -0.8964 -0.4362
vn -0.0901 -0.9021 -0.4220
vn -0.1336 0.8970 0.4214
vn -0.5871 0.7940 0.1575
vn -0.5301 0.8174 0.2254
vn -0.5874 0.7895 0.1780
vn -0.5325 0.8414 0.0925
vn -0.4215 0.8886 0.1809
vn -0.6146 0.7852 -0.0759
vn -0.3456 0.9319 0.1099
vn 0.0909 0.8100 0.5794
vn 0.2603 0.7581 0.5979
vn 0.3393 0.6651 0.6652
vn 0.3147 0.6769 0.6654
vn 0.4229 0.5180 0.7436
vn 0.3959 0.5326 0.7480
vn 0.5080 0.3031 0.8063
vn 0.4724 0.3226 0.8202
vn 0.6471 0.0308 0.7618
vn 0.5770 0.0682 0.8139
vn 0.7251 -0.1720 0.6668
vn 0.7311 -0.0603 0.6796
vn 0.7966 -0.2994 0.5251
vn 0.8038 -0.1336 0.5797
vn 0.7750 -0.1872 0.6036
vn 0.7546 -0.0393 0.6550
vn -0.1073 -0.7292 -0.6758
vn -0.0982 -0.7194 -0.6876
vn -0.6453 0.7582 0.0934
vn -0.7121 0.7019 0.0179
vn -0.6521 0.7561 -0.0555
vn -0.5832 0.8121 0.0171
vn -0.6285 0.7439 -0.2270
vn -0.3005 0.9520 0.0582
vn -0.1835 0.9613 0.2054
vn -0.6248 0.7776 -0.0699
vn -0.0044 0.8423 0.5389
vn 0.1266 0.8154 0.5649
vn 0.1701 0.7088 0.6845
vn 0.2824 0.6616 0.6947
vn 0.3269 0.5221 0.7878
vn 0.3535 0.5089 0.7849
vn 0.7238 -0.2587 0.6397
vn 0.6498 -0.2301 0.7244
vn 0.7470 -0.4584 0.4815
vn 0.7842 -0.3146 0.5348
vn 0.7517 -0.3197 0.5769
vn 0.7545 -0.2199 0.6184
vn 0.0235 0.2364 0.9714
vn 0.0567 0.1968 0.9788
vn -0.6689 0.7153 -0.2022
vn -0.5509 0.8319 -0.0674
vn -0.5640 0.8189 -0.1060
vn -0.6633 0.7189 -0.2079
vn -0.4296 0.8805 0.2004
vn -0.3212 0.9104 0.2609
vn -0.0506 0.8412 0.5383
vn -0.0234 0.8373 0.5463
vn 0.1133 0.7176 0.6871
vn 0.1483 0.7055 0.6931
vn 0.4232 0.2758 0.8630
vn 0.4247 0.2821 0.8602
vn 0.7391 -0.5265 0.4202
vn 0.6675 -0.5304 0.5226
vn 0.6966 -0.4395 0.5671
vn 0.7109 -0.3721 0.5968
vn -0.6648 0.6867 -0.2940
vn -0.6102 0.7610 -0.2205
vn -0.6287 0.7233 -0.2856
vn -0.4826 0.8641 -0.1426
vn -0.2895 0.9312 0.2214
vn -0.3744 0.9108 0.1742
vn -0.2982 0.8504 0.4334
vn -0.0474 0.8421 0.5372
vn 0.2456 0.5484 0.7993
vn 0.2347 0.5071 0.8293
vn 0.2066 0.2361 0.9495
vn 0.2195 0.2596 0.9404
vn 0.0450 0.2577 0.9652
vn 0.0106 0.2790 0.9602
vn 0.5506 -0.0610 0.8326
vn 0.5674 -0.0052 0.8234
vn 0.6606 -0.5117 0.5493
vn 0.6162 -0.5192 0.5923
vn -0.6525 0.6783 -0.3379
vn -0.6331 0.7101 -0.3081
vn -0.6112 0.7704 -0.1813
vn -0.6755 0.6918 -0.2552
vn -0.5467 0.8191 0.1739
vn -0.4062 0.8738 0.2673
vn 0.0391 0.7311 0.6812
vn 0.0285 0.7009 0.7127
vn 0.0308 0.5449 0.8379
vn 0.0433 0.5650 0.8240
vn -0.0635 0.5568 0.8282
vn -0.0798 0.5649 0.8213
vn -0.0156 0.2939 0.9557
vn -0.0326 0.2741 0.9611
vn 0.3757 -0.1548 0.9137
vn 0.3677 -0.1674 0.9147
vn 0.1720 -0.1847 0.9676
vn 0.1457 -0.1679 0.9750
vn 0.6090 -0.3967 0.6869
vn 0.6458 -0.3126 0.6966
vn -0.6307 0.6966 -0.3420
vn -0.6336 0.6916 -0.3467
vn -0.4677 0.8823 0.0533
vn -0.3852 0.9162 0.1102
vn -0.2575 0.8867 0.3840
vn -0.2050 0.8887 0.4101
vn -0.0911 0.7250 0.6827
vn -0.0809 0.7378 0.6702
vn -0.1296 0.7418 0.6580
vn -0.1596 0.7519 0.6397
vn -0.0843 0.5829 0.8082
vn -0.1058 0.5611 0.8210
vn -0.0291 0.3044 0.9521
vn -0.0172 0.2938 0.9557
vn 0.0870 -0.1395 0.9864
vn 0.0540 -0.1768 0.9828
vn 0.4516 -0.4961 0.7416
vn 0.4197 -0.5331 0.7346
vn 0.2314 -0.5953 0.7695
vn 0.2523 -0.6045 0.7556
vn 0.5934 -0.6845 0.4235
vn 0.6525 -0.6011 0.4614
vn -0.5780 0.7197 -0.3846
vn -0.5686 0.7343 -0.3707
vn -0.5607 0.7896 -0.2492
vn -0.5351 0.8150 -0.2223
vn -0.2317 0.9247 0.3020
vn -0.2733 0.9218 0.2750
vn -0.3352 0.9401 -0.0616
vn -0.3666 0.9263 -0.0871
vn -0.2915 0.9473 -0.1332
vn -0.3244 0.9309 -0.1680
vn -0.2195 0.9462 0.2379
vn -0.2805 0.9419 0.1846
vn -0.1370 0.7721 0.6205
vn -0.1615 0.7515 0.6397
vn -0.0496 0.5913 0.8049
vn -0.0424 0.5861 0.8091
vn 0.1588 -0.6106 0.7759
vn 0.1482 -0.6197 0.7708
vn 0.4527 -0.7907 0.4120
vn 0.3746 -0.8471 0.3770
vn 0.1851 -0.9137 0.3617
vn 0.2663 -0.9164 0.2989
vn 0.5352 -0.6443 0.5463
vn 0.5660 -0.5930 0.5727
vn -0.3774 0.8569 -0.3511
vn -0.3893 0.8463 -0.3636
vn -0.3819 0.7977 -0.4667
vn -0.3823 0.7972 -0.4672
vn -0.2843 0.8216 -0.4942
vn -0.2782 0.8281 -0.4867
vn -0.3077 0.8538 -0.4198
vn -0.2946 0.8661 -0.4039
vn -0.1888 0.9680 -0.1651
vn -0.2059 0.9610 -0.1848
vn -0.2052 0.9641 0.1683
vn -0.1943 0.9645 0.1791
vn -0.0900 0.7970 0.5972
vn -0.0595 0.7810 0.6217
vn 0.0484 -0.6173 0.7853
vn 0.0509 -0.6190 0.7838
vn 0.1154 -0.9536 0.2780
vn 0.1641 -0.9372 0.3078
vn 0.3702 -0.7532 0.5438
vn 0.3000 -0.8074 0.5080
vn 0.1280 -0.8792 0.4590
vn 0.1860 -0.8904 0.4154
vn -0.1886 0.8424 -0.5048
vn -0.1859 0.8450 -0.5014
vn -0.1919 0.8758 -0.4430
vn -0.1754 0.8896 -0.4218
vn -0.0898 0.9825 0.1631
vn -0.0869 0.9822 0.1663
vn 0.0538 -0.9566 0.2865
vn 0.0626 -0.9580 0.2798
vn 0.0907 -0.9132 0.3973
vn 0.1208 -0.9003 0.4182
vn 0.0656 -0.9214 0.3831
vn 0.0475 -0.9162 0.3979
vn -0.0503 -0.7275 -0.6842
vn -0.0465 -0.7227 -0.6896
vn 0.0932 0.1332 0.9867
vn 0.1397 0.1951 0.9708
vn -0.3906 -0.8465 -0.3618
vn -0.3866 -0.8458 -0.3677
vn -0.3391 -0.9318 -0.1299
vn -0.3214 -0.9334 -0.1595
vn -0.1796 -0.9466 0.2678
vn -0.1748 -0.9494 0.2609
vn -0.0327 -0.8661 0.4988
vn -0.0501 -0.8518 0.5215
vn 0.0468 -0.7775 0.6271
vn 0.0474 -0.7781 0.6264
vn 0.1405 -0.6602 0.7378
vn 0.1271 -0.6652 0.7358
vn 0.2142 -0.5167 0.8289
vn 0.2183 -0.5146 0.8292
vn 0.2747 -0.3444 0.8977
vn 0.2879 -0.3356 0.8969
vn 0.3395 -0.1606 0.9268
vn 0.3280 -0.1691 0.9294
vn 0.3867 0.0665 0.9198
vn 0.4323 0.1023 0.8959
vn -0.4435 -0.6245 -0.6429
vn -0.4547 -0.6308 -0.6288
vn -0.4997 -0.7796 -0.3777
vn -0.5069 -0.7825 -0.3616
vn -0.4203 -0.9061 -0.0474
vn -0.4145 -0.9075 -0.0679
vn -0.2417 -0.9280 0.2837
vn -0.2438 -0.9256 0.2895
vn -0.0885 -0.8484 0.5219
vn -0.0858 -0.8528 0.5151
vn 0.0178 -0.7669 0.6415
vn 0.0165 -0.7645 0.6444
vn 0.1114 -0.6659 0.7377
vn 0.1269 -0.6616 0.7391
vn 0.2236 -0.5276 0.8196
vn 0.2306 -0.5247 0.8195
vn 0.2865 -0.3891 0.8755
vn 0.3313 -0.3652 0.8700
vn 0.4269 -0.1472 0.8923
vn 0.4071 -0.1601 0.8993
vn 0.5221 0.1230 0.8440
vn 0.5542 0.1455 0.8196
vn 0.5660 0.1154 0.8163
vn 0.6189 0.0021 0.7855
vn 0.6326 0.0434 0.7733
vn 0.6672 -0.0593 0.7425
vn 0.6645 -0.0648 0.7445
vn 0.6810 -0.1405 0.7187
vn 0.6464 -0.1944 0.7379
vn 0.6504 -0.2461 0.7186
vn 0.5988 -0.3096 0.7387
vn 0.5953 -0.3492 0.7237
vn 0.1018 -0.6964 0.7104
vn 0.0832 -0.7089 0.7004
vn 0.0465 -0.7113 0.7013
vn 0.0315 -0.7212 0.6920
vn -0.0326 -0.8983 -0.4382
vn -0.0328 -0.8984 -0.4379
vn -0.6908 -0.5288 -0.4932
vn -0.6783 -0.5255 -0.5136
vn -0.6748 -0.5414 -0.5016
vn -0.7044 -0.5556 -0.4418
vn -0.6878 -0.5986 -0.4106
vn -0.6808 -0.5931 -0.4299
vn -0.6769 -0.6021 -0.4235
vn -0.6842 -0.6068 -0.4046
vn -0.5827 -0.7871 -0.2026
vn -0.5723 -0.7849 -0.2375
vn -0.4540 -0.8665 0.2073
vn -0.4100 -0.9118 -0.0209
vn -0.1157 -0.8001 0.5886
vn -0.1304 -0.8869 0.4432
vn 0.0761 -0.7537 0.6528
vn 0.0613 -0.7528 0.6554
vn 0.1831 -0.6922 0.6981
vn 0.2326 -0.6924 0.6830
vn 0.2342 -0.6192 0.7495
vn 0.3375 -0.6187 0.7095
vn 0.3825 -0.4679 0.7967
vn 0.5011 -0.4657 0.7294
vn 0.5559 -0.2954 0.7770
vn 0.6186 -0.2989 0.7267
vn -0.5033 -0.5939 -0.6276
vn -0.5090 -0.5815 -0.6346
vn -0.6647 -0.5011 -0.5541
vn -0.6625 -0.4959 -0.5614
vn -0.6482 -0.5555 -0.5208
vn -0.6674 -0.4990 -0.5527
vn -0.6071 -0.5849 -0.5379
vn -0.5881 -0.6296 -0.5078
vn -0.5588 -0.6486 -0.5167
vn -0.5464 -0.6725 -0.4992
vn -0.5121 -0.6926 -0.5080
vn -0.5148 -0.6883 -0.5111
vn -0.4718 -0.7108 -0.5217
vn -0.4582 -0.7293 -0.5081
vn -0.3991 -0.7555 -0.5196
vn -0.3170 -0.7848 -0.5325
vn -0.3227 -0.7870 -0.5258
vn -0.0967 -0.8208 -0.5630
vn -0.0941 -0.8187 -0.5664
vn -0.0350 -0.8131 -0.5811
vn -0.0461 -0.8239 -0.5649
vn -0.0804 0.8537 -0.5146
vn -0.0708 0.8616 -0.5026
vn -0.1066 0.8861 -0.4512
vn -0.0832 0.9032 -0.4211
vn -0.0826 0.9815 -0.1725
vn -0.1103 0.9720 -0.2073
vn -0.7037 -0.3711 -0.6058
vn -0.6841 -0.3324 -0.6492
vn -0.6510 -0.3274 -0.6849
vn -0.6449 -0.3184 -0.6947
vn -0.6730 -0.2972 -0.6774
vn -0.6637 -0.3484 -0.6619
vn -0.6994 -0.3083 -0.6449
vn -0.7073 -0.2565 -0.6587
vn -0.6649 -0.3994 -0.6312
vn -0.6890 -0.4329 -0.5813
vn -0.6756 -0.4430 -0.5894
vn -0.6489 -0.4904 -0.5818
vn -0.6370 -0.2693 -0.7223
vn -0.6378 -0.2704 -0.7212
vn -0.6660 -0.2500 -0.7028
vn -0.6835 -0.2759 -0.6758
vn -0.6901 -0.3423 -0.6377
vn -0.7006 -0.3073 -0.6440
vn -0.7070 -0.3686 -0.6035
vn -0.6791 -0.3511 -0.6446
vn -0.7540 -0.4039 -0.5180
vn -0.7740 -0.3989 -0.4917
vn -0.6058 -0.3598 -0.7096
vn -0.6240 -0.3806 -0.6825
vn -0.7432 -0.3505 -0.5700
vn -0.7409 -0.3569 -0.5689
vn -0.7876 -0.3645 -0.4968
vn -0.7855 -0.3658 -0.4992
vn -0.5185 -0.4721 -0.7130
vn -0.5116 -0.4668 -0.7214
vn -0.5537 -0.4416 -0.7059
vn -0.5580 -0.4244 -0.7131
vn -0.5929 -0.2994 -0.7475
vn -0.5879 -0.3266 -0.7401
vn -0.7564 -0.3338 -0.5626
vn -0.7567 -0.3324 -0.5630
vn -0.8937 -0.1425 -0.4255
vn -0.9143 -0.1151 -0.3884
vn -0.4891 -0.3935 -0.7784
vn -0.4951 -0.3980 -0.7723
vn -0.5295 -0.3620 -0.7672
vn -0.5360 -0.3675 -0.7600
vn -0.8671 -0.1290 -0.4811
vn -0.8524 -0.1447 -0.5025
vn -0.9383 0.0906 -0.3336
vn -0.9516 0.1526 -0.2667
vn -0.3652 -0.5610 -0.7429
vn -0.3702 -0.5640 -0.7381
vn -0.9188 0.1162 -0.3773
vn -0.9121 0.0976 -0.3981
vn -0.9455 0.2256 -0.2349
vn -0.9443 0.2661 -0.1939
vn -0.8275 0.5613 -0.0127
vn -0.7785 0.6233 0.0730
vn -0.3121 -0.5848 -0.7487
vn -0.3028 -0.5785 -0.7574
vn -0.3551 -0.4782 -0.8033
vn -0.3464 -0.4726 -0.8104
vn -0.9109 0.1899 -0.3663
vn -0.8940 0.4336 -0.1128
vn -0.8457 0.5223 -0.1096
vn -0.8533 0.5171 -0.0664
vn -0.2948 -0.4907 -0.8199
vn -0.3002 -0.4797 -0.8245
vn -0.1101 -0.6224 -0.7749
vn -0.1080 -0.6198 -0.7773
vn -0.7572 0.6530 0.0141
vn -0.7626 0.6383 -0.1051
vn -0.7563 0.6169 -0.2177
vn -0.6721 0.7341 -0.0969
vn -0.1059 -0.5254 -0.8442
vn -0.1085 -0.5289 -0.8417
vn -0.7913 0.6047 -0.0906
vn -0.8335 0.5188 -0.1900
vn -0.7743 0.5593 -0.2960
vn -0.7824 0.5958 -0.1814
vn -0.7138 0.6418 -0.2804
vn -0.6780 0.6991 -0.2270
vn -0.7330 0.5701 -0.3710
vn -0.7421 0.5998 -0.2991
vn -0.7171 0.5799 -0.3867
vn -0.6645 0.6876 -0.2928
vn -0.7197 0.5461 -0.4287
vn -0.7336 0.5694 -0.3709
vn -0.6643 0.6168 -0.4221
vn -0.6583 0.6315 -0.4097
vn -0.6637 0.5853 -0.4658
vn -0.6716 0.5928 -0.4446
vn -0.6282 0.6499 -0.4279
vn -0.6315 0.6419 -0.4349
vn -0.6241 0.6171 -0.4792
vn -0.6236 0.6167 -0.4804
vn -0.5699 0.6565 -0.4942
vn -0.5711 0.6533 -0.4970
vn -0.5768 0.6794 -0.4535
vn -0.5745 0.6844 -0.4491
vn -0.3739 0.7676 -0.5206
vn -0.3787 0.7603 -0.5277
vn -0.3744 0.7488 -0.5469
vn -0.3871 0.7259 -0.5686
vn -0.2677 0.7893 -0.5525
vn -0.2582 0.8007 -0.5407
vn -0.1775 0.8189 -0.5457
vn -0.1830 0.8132 -0.5524
vn -0.0464 -0.5303 -0.8466
vn -0.0489 -0.5342 -0.8439
vn -0.0489 -0.6290 -0.7759
vn -0.0458 -0.6244 -0.7798
vn -0.4071 -0.4491 -0.7953
vn -0.4136 -0.4532 -0.7897
vn -0.4321 -0.5360 -0.7253
vn -0.4287 -0.5340 -0.7288
vn -0.1696 0.7822 -0.5995
vn -0.1626 0.7902 -0.5909
vn -0.2452 0.7605 -0.6013
vn -0.2371 0.7715 -0.5904
vn -0.0728 0.7986 -0.5975
vn -0.0734 0.7980 -0.5982
vn -0.7204 -0.3554 -0.5955
vn -0.7401 -0.3578 -0.5694
vn -0.7194 -0.4542 -0.5254
vn -0.6997 -0.4513 -0.5538
vn -0.4542 -0.4265 -0.7822
vn -0.4569 -0.4182 -0.7850
vn -0.4899 -0.5063 -0.7096
vn -0.4749 -0.4962 -0.7268
vn -0.0689 0.8290 -0.5550
vn -0.0743 0.8243 -0.5613
vn 0.3370 -0.4802 0.8098
vn 0.3944 -0.4932 0.7754
vn 0.4704 -0.2895 0.8336
vn 0.4494 -0.2793 0.8486
vn 0.2771 -0.3544 0.8931
vn 0.2901 -0.3376 0.8955
vn 0.4969 0.1233 0.8590
vn 0.6090 0.1760 0.7734
vn 0.3994 -0.0432 0.9158
vn 0.4015 -0.0398 0.9150
vn 0.2745 -0.1044 0.9559
vn 0.2308 -0.1456 0.9620
vn 0.4012 0.0546 0.9144
vn 0.2861 0.1778 0.9416
vn 0.2588 -0.0483 0.9647
vn 0.3137 0.0057 0.9495
vn 0.3947 -0.1306 0.9095
vn 0.4487 -0.1621 0.8789
vn 0.3632 0.0558 0.9300
vn 0.4191 0.0119 0.9078
vn 0.4744 0.1341 0.8701
vn 0.5452 0.0103 0.8382
vn 0.0271 -0.1218 0.9922
vn 0.0066 -0.1429 0.9897
vn 0.1276 -0.6878 0.7147
vn 0.1376 -0.6921 0.7085
vn 0.1940 -0.6559 0.7295
vn 0.2912 -0.5765 0.7634
vn 0.4463 -0.5019 0.7408
vn 0.4477 -0.4988 0.7421
vn 0.5383 -0.4069 0.7380
vn 0.5315 -0.4333 0.7278
vn 0.5077 -0.3963 0.7650
vn 0.5515 -0.2869 0.7833
vn -0.4836 0.7042 -0.5198
vn -0.4835 0.7043 -0.5198
vn -0.4882 0.7253 -0.4855
vn -0.4894 0.7230 -0.4876
vn -0.4876 0.7649 -0.4209
vn -0.4944 0.7552 -0.4304
vn -0.4712 0.8332 -0.2894
vn -0.4904 0.8144 -0.3101
vn -0.3828 0.9236 0.0199
vn -0.4418 0.8968 -0.0251
vn -0.2032 0.9065 0.3700
vn -0.2971 0.9009 0.3164
vn 0.0020 0.7243 0.6895
vn -0.0389 0.7362 0.6757
vn 0.1702 0.5378 0.8257
vn 0.1188 0.5602 0.8198
vn 0.3359 0.2552 0.9067
vn 0.3247 0.2609 0.9091
vn 0.4486 -0.0977 0.8884
vn 0.4968 -0.1221 0.8592
vn 0.5105 -0.4405 0.7385
vn 0.5582 -0.4589 0.6912
vn 0.4823 -0.7493 0.4538
vn 0.5446 -0.7413 0.3922
vn 0.4279 -0.7082 0.5615
vn 0.4731 -0.7051 0.5282
vn 0.3640 -0.5478 0.7532
vn 0.3607 -0.5529 0.7511
vn 0.1735 -0.6806 0.7118
vn 0.2139 -0.6514 0.7280
vn 0.2959 -0.8440 0.4474
vn 0.2037 -0.8325 0.5153
vn 0.3561 -0.8705 0.3396
vn 0.2944 -0.8728 0.3893
vn 0.3611 -0.5666 0.7407
vn 0.3346 -0.5566 0.7605
vn 0.2588 -0.1709 0.9507
vn 0.2856 -0.1858 0.9402
vn 0.0935 0.2647 0.9598
vn 0.1315 0.2442 0.9608
vn -0.0339 0.5617 0.8267
vn -0.0174 0.5546 0.8320
vn -0.1346 0.7408 0.6581
vn -0.1059 0.7326 0.6724
vn -0.2703 0.9314 0.2439
vn -0.2363 0.9339 0.2682
vn -0.3293 0.9358 -0.1255
vn -0.3040 0.9470 -0.1034
vn -0.3537 0.8411 -0.4091
vn -0.3270 0.8647 -0.3812
vn -0.3484 0.8053 -0.4797
vn -0.3461 0.8080 -0.4769
vn -0.3386 0.7721 -0.5378
vn -0.3382 0.7727 -0.5373
vn -0.3310 0.7400 -0.5855
vn -0.3280 0.7449 -0.5810
vn 0.4038 0.1004 0.9093
vn 0.4673 0.0212 0.8838
vn 0.5033 0.1834 0.8444
vn 0.4033 0.1005 0.9095
vn 0.5245 0.2844 0.8025
vn 0.4097 0.2204 0.8852
vn 0.5188 0.3566 0.7770
vn 0.4237 0.3341 0.8419
vn 0.4692 0.4731 0.7457
vn 0.2847 0.4670 0.8372
vn 0.2067 0.6344 0.7449
vn 0.2210 0.5941 0.7734
vn -0.0243 0.7094 0.7044
vn -0.0270 0.7168 0.6967
vn 0.1140 0.6696 0.7339
vn 0.1141 0.6681 0.7353
vn -0.2922 0.7567 0.5849
vn -0.6645 0.6247 0.4100
vn -0.4762 0.6637 0.5768
vn -0.4692 0.5621 0.6811
vn -0.9007 0.4035 0.1609
vn -0.8895 0.4200 0.1799
vn -0.9182 0.3851 0.0925
vn -0.9001 0.4356 -0.0058
vn -0.9152 0.3721 -0.1548
vn -0.8350 0.5487 0.0400
vn -0.8579 0.5090 -0.0708
vn -0.8594 0.5068 -0.0685
vn -0.1674 -0.5091 -0.8443
vn -0.1729 -0.5151 -0.8395
vn -0.1781 -0.6118 -0.7707
vn -0.1792 -0.6129 -0.7696
vn -0.1821 -0.7033 -0.6872
vn -0.1969 -0.7158 -0.6700
vn -0.1789 -0.8082 -0.5611
vn -0.1959 -0.8183 -0.5404
vn -0.1746 -0.9049 -0.3881
vn -0.1501 -0.8959 -0.4180
vn -0.1319 -0.9761 -0.1730
vn -0.1193 -0.9748 -0.1887
vn -0.0302 -0.9891 0.1443
vn -0.0689 -0.9802 0.1857
vn 0.0428 -0.9139 0.4036
vn 0.0026 -0.8976 0.4409
vn 0.1010 -0.8174 0.5672
vn 0.0734 -0.8022 0.5925
vn 0.1294 -0.6788 0.7229
vn 0.1311 -0.6800 0.7214
vn 0.1563 -0.5118 0.8447
vn 0.1534 -0.5090 0.8470
vn 0.1827 -0.3553 0.9167
vn 0.1745 -0.3459 0.9219
vn 0.1825 -0.1602 0.9701
vn 0.1939 -0.1746 0.9654
vn 0.1847 0.1283 0.9744
vn 0.1517 0.0929 0.9840
vn -0.2314 -0.4958 -0.8370
vn -0.2291 -0.5000 -0.8352
vn -0.2408 -0.5994 -0.7634
vn -0.2438 -0.5947 -0.7661
vn -0.2383 -0.6917 -0.6818
vn -0.2531 -0.7014 -0.6663
vn -0.2444 -0.8079 -0.5362
vn -0.2442 -0.8081 -0.5360
vn -0.2398 -0.8929 -0.3812
vn -0.2564 -0.8820 -0.3953
vn -0.2366 -0.9578 -0.1633
vn -0.2494 -0.9528 -0.1732
vn -0.1869 -0.9632 0.1932
vn -0.1014 -0.9642 0.2449
vn -0.0480 -0.8945 0.4445
vn 0.0131 -0.8807 0.4735
vn 0.0496 -0.8016 0.5958
vn 0.0734 -0.7931 0.6047
vn 0.1332 -0.6800 0.7210
vn 0.1172 -0.6667 0.7361
vn 0.1794 -0.5089 0.8419
vn 0.1781 -0.5075 0.8430
vn 0.2221 -0.3467 0.9113
vn 0.2123 -0.3344 0.9182
vn 0.2553 -0.1782 0.9503
vn 0.2465 -0.1661 0.9548
vn 0.2617 0.0807 0.9618
vn 0.2724 0.0663 0.9599
vn -0.9868 -0.1097 -0.1193
vn -0.9522 -0.0942 -0.2905
vn -0.8002 0.5179 -0.3023
vn -0.7631 0.5844 -0.2759
vn -0.5259 0.6673 -0.5274
vn -0.4931 0.6568 -0.5705
vn -0.3277 0.7185 -0.6134
vn -0.3369 0.7217 -0.6048
vn 0.3029 0.7977 -0.5215
vn 0.3662 0.7583 -0.5394
vn -0.0768 0.8219 -0.5644
vn -0.0984 0.8066 -0.5828
vn 0.5695 0.4830 -0.6651
vn 0.6295 0.4995 -0.5952
vn 0.5433 0.3953 -0.7406
vn 0.6629 0.4174 -0.6215
vn -0.7040 0.5758 -0.4157
vn -0.6091 0.7031 -0.3671
vn -0.6054 0.6555 -0.4515
vn -0.5640 0.6415 -0.5199
vn -0.8996 -0.0373 -0.4351
vn -0.9684 -0.0397 -0.2461
vn -0.8580 -0.1173 -0.5000
vn -0.7972 -0.1282 -0.5899
vn -0.0060 -0.3749 -0.9271
vn 0.0280 -0.3656 -0.9303
vn 0.2715 -0.3617 -0.8919
vn 0.2249 -0.3880 -0.8938
vn 0.5959 -0.1946 -0.7791
vn 0.5574 -0.2557 -0.7899
vn 0.3877 -0.3172 -0.8655
vn 0.4327 -0.3331 -0.8377
vn -0.5998 -0.2238 -0.7682
vn -0.5813 -0.2240 -0.7823
vn 0.6544 0.0624 -0.7536
vn 0.6538 0.0299 -0.7561
vn -0.2214 0.7666 -0.6028
vn -0.2140 0.7732 -0.5970
vn 0.0374 0.8140 -0.5797
vn 0.1056 0.8501 -0.5160
vn 0.3504 0.7613 -0.5455
vn 0.5112 0.6310 -0.5835
vn 0.1380 0.8239 -0.5497
vn 0.1816 0.8064 -0.5628
vn 0.7123 -0.0472 -0.7003
vn 0.8073 0.0195 -0.5898
vn -0.3988 -0.3257 -0.8572
vn -0.3380 -0.3717 -0.8646
vn 0.5138 -0.2675 -0.8151
vn 0.4902 -0.2941 -0.8205
vn -0.6998 -0.1738 -0.6929
vn -0.6501 -0.1808 -0.7381
vn 0.7202 -0.0211 -0.6935
vn 0.6873 0.1258 -0.7154
vn -0.3220 -0.3483 -0.8804
vn -0.2597 -0.3396 -0.9040
vn -0.4671 -0.3261 -0.8219
vn -0.5403 -0.2544 -0.8021
vn 0.6617 -0.1777 -0.7284
vn 0.7183 -0.1724 -0.6740
vn 0.6321 -0.1741 -0.7550
vn 0.6155 -0.2118 -0.7592
vn 0.5877 0.2056 -0.7825
vn 0.7230 0.2082 -0.6587
vn 0.6476 0.0762 -0.7582
vn 0.6884 0.0598 -0.7229
vn 0.6459 0.0683 -0.7604
vn 0.6403 0.0780 -0.7641
vn -0.4151 0.6754 -0.6095
vn -0.3732 0.7208 -0.5840
vn 0.5108 0.6312 -0.5837
vn 0.4195 0.5989 -0.6822
vn -0.8985 0.3561 -0.2567
vn -0.7610 0.6384 -0.1158
vn 0.1442 -0.3923 -0.9085
vn 0.1784 -0.3773 -0.9087
vn -0.7542 -0.1803 -0.6314
vn -0.6674 -0.2008 -0.7171
vn -0.1426 -0.3621 -0.9212
vn -0.0953 -0.3528 -0.9308
vn 0.6781 -0.0171 -0.7348
vn 0.6451 0.0755 -0.7604
vn -0.8278 0.5522 0.0993
vn -0.8589 0.4971 -0.1236
vn 0.9563 -0.0931 -0.2773
vn 0.9858 -0.1106 -0.1265
vn 0.7850 0.5425 -0.2992
vn 0.8030 0.5077 -0.3122
vn 0.5055 0.6530 -0.5639
vn 0.5333 0.6616 -0.5272
vn 0.3456 0.7266 -0.5938
vn 0.3328 0.7222 -0.6063
vn -0.3579 0.7476 -0.5595
vn -0.3024 0.7846 -0.5412
vn 0.1011 0.8081 -0.5803
vn 0.0800 0.8222 -0.5636
vn -0.6104 0.4930 -0.6200
vn -0.5552 0.4781 -0.6806
vn -0.6419 0.4157 -0.6444
vn -0.5307 0.3952 -0.7497
vn 0.6249 0.6852 -0.3742
vn 0.7100 0.5670 -0.4176
vn 0.5736 0.6341 -0.5186
vn 0.6125 0.6472 -0.4539
vn 0.9666 -0.0557 -0.2500
vn 0.9019 -0.0528 -0.4288
vn 0.8051 -0.1490 -0.5742
vn 0.8604 -0.1386 -0.4905
vn -0.0325 -0.4256 -0.9043
vn 0.0142 -0.4399 -0.8979
vn -0.2339 -0.4472 -0.8633
vn -0.2866 -0.4135 -0.8642
vn -0.5718 -0.2841 -0.7696
vn -0.6020 -0.2220 -0.7670
vn -0.4433 -0.3760 -0.8137
vn -0.3961 -0.3613 -0.8442
vn 0.5870 -0.2626 -0.7658
vn 0.6025 -0.2624 -0.7538
vn -0.6349 0.0547 -0.7707
vn -0.6354 0.0813 -0.7679
vn 0.2217 0.7749 -0.5920
vn 0.2237 0.7732 -0.5934
vn -0.1059 0.8446 -0.5248
vn -0.0355 0.8091 -0.5866
vn -0.4982 0.6200 -0.6061
vn -0.3461 0.7501 -0.5635
vn -0.1822 0.7967 -0.5763
vn -0.1385 0.8161 -0.5610
vn -0.8026 0.0261 -0.5959
vn -0.7078 -0.0369 -0.7055
vn 0.3601 -0.4121 -0.8369
vn 0.3991 -0.3812 -0.8339
vn -0.5078 -0.3270 -0.7970
vn -0.5264 -0.3011 -0.7951
vn 0.6676 -0.2072 -0.7151
vn 0.7115 -0.2003 -0.6735
vn -0.6753 0.1438 -0.7234
vn -0.7150 -0.0114 -0.6990
vn 0.2664 -0.3984 -0.8777
vn 0.3179 -0.4060 -0.8568
vn 0.5517 -0.2905 -0.7818
vn 0.4787 -0.3669 -0.7976
vn -0.7198 -0.1626 -0.6749
vn -0.6915 -0.1646 -0.7033
vn -0.6346 -0.2147 -0.7425
vn -0.6408 -0.1944 -0.7426
vn -0.7029 0.2136 -0.6785
vn -0.5779 0.2107 -0.7884
vn -0.6724 0.0731 -0.7366
vn -0.6315 0.0892 -0.7702
vn -0.6188 0.1114 -0.7776
vn -0.6335 0.0868 -0.7688
vn 0.3845 0.7172 -0.5812
vn 0.4171 0.6827 -0.5999
vn -0.4102 0.5916 -0.6940
vn -0.4953 0.6210 -0.6074
vn 0.7655 0.6297 -0.1321
vn 0.8997 0.3364 -0.2781
vn -0.1802 -0.4369 -0.8813
vn -0.1409 -0.4560 -0.8788
vn 0.6919 -0.2183 -0.6882
vn 0.7667 -0.1992 -0.6103
vn 0.0878 -0.4156 -0.9053
vn 0.1283 -0.4246 -0.8963
vn -0.6316 0.1033 -0.7683
vn -0.6687 0.0079 -0.7435
vn 0.8811 0.4513 -0.1415
vn 0.8635 0.5002 0.0649
vn 0.6198 0.5990 -0.5070
vn 0.6232 0.5861 -0.5178
vn 0.6792 0.5475 -0.4888
vn 0.6707 0.5803 -0.4621
vn 0.7504 0.5612 -0.3491
vn 0.7758 0.4732 -0.4173
vn 0.7361 0.5256 -0.4265
vn 0.7411 0.5056 -0.4417
vn 0.1545 0.7244 -0.6719
vn 0.1493 0.7311 -0.6657
vn 0.0630 0.7386 -0.6712
vn 0.0687 0.7323 -0.6775
vn 0.5617 0.6296 -0.5366
vn 0.5611 0.6316 -0.5350
vn 0.3805 0.7116 -0.5906
vn 0.3956 0.6774 -0.6202
vn 0.8272 0.4434 -0.3453
vn 0.7964 0.5512 -0.2488
vn 0.7394 -0.3415 -0.5802
vn 0.7518 -0.3067 -0.5837
vn 0.7439 -0.3357 -0.5778
vn 0.7691 -0.3283 -0.5483
vn 0.2909 -0.4013 -0.8685
vn 0.2837 -0.3958 -0.8734
vn 0.3390 -0.3850 -0.8584
vn 0.3357 -0.3928 -0.8561
vn 0.3911 -0.3820 -0.8373
vn 0.3960 -0.3686 -0.8410
vn 0.5164 -0.3146 -0.7965
vn 0.5117 -0.3107 -0.8010
vn 0.4743 -0.3410 -0.8116
vn 0.4701 -0.3379 -0.8153
vn 0.7032 -0.2267 -0.6738
vn 0.7167 -0.2442 -0.6533
vn 0.0416 -0.4249 -0.9043
vn 0.0464 -0.4329 -0.9003
vn 0.0986 -0.4201 -0.9021
vn 0.0984 -0.4198 -0.9023
vn 0.7056 -0.2946 -0.6445
vn 0.7182 -0.2427 -0.6521
vn 0.7069 -0.3537 -0.6125
vn 0.7396 -0.2609 -0.6204
vn 0.6298 -0.2382 -0.7393
vn 0.6268 -0.2348 -0.7429
vn 0.6904 -0.2373 -0.6834
vn 0.6692 -0.2098 -0.7129
vn 0.5697 -0.2703 -0.7761
vn 0.5752 -0.2757 -0.7702
vn 0.7541 -0.3299 -0.5680
vn 0.7493 -0.3568 -0.5579
vn 0.8488 -0.1270 -0.5132
vn 0.8601 -0.1147 -0.4971
vn 0.8490 0.4590 -0.2619
vn 0.8345 0.5134 -0.2002
vn 0.8884 0.0632 -0.4547
vn 0.9020 0.0921 -0.4218
vn 0.8781 0.3603 -0.3149
vn 0.8809 0.3555 -0.3124
vn 0.8674 0.4439 -0.2250
vn 0.8643 0.4579 -0.2081
vn 0.2204 0.7201 -0.6579
vn 0.2194 0.7218 -0.6564
vn 0.4376 -0.3613 -0.8234
vn 0.4356 -0.3599 -0.8250
vn 0.4739 0.6804 -0.5589
vn 0.4781 0.6692 -0.5688
vn 0.3153 0.7045 -0.6358
vn 0.3184 0.6986 -0.6407
vn 0.8671 0.4025 -0.2935
vn 0.8441 0.5018 -0.1888
vn 0.1603 -0.4105 -0.8977
vn 0.1617 -0.4120 -0.8967
vn 0.2294 -0.4109 -0.8823
vn 0.2176 -0.4001 -0.8903
vn -0.6232 0.5861 -0.5178
vn -0.6198 0.5990 -0.5070
vn -0.6707 0.5803 -0.4621
vn -0.6792 0.5475 -0.4888
vn -0.7758 0.4732 -0.4173
vn -0.7504 0.5612 -0.3491
vn -0.7411 0.5056 -0.4417
vn -0.7361 0.5256 -0.4265
vn -0.1493 0.7311 -0.6657
vn -0.1545 0.7244 -0.6719
vn -0.0687 0.7323 -0.6775
vn -0.0630 0.7386 -0.6712
vn -0.5611 0.6316 -0.5350
vn -0.5617 0.6296 -0.5366
vn -0.3956 0.6774 -0.6202
vn -0.3805 0.7116 -0.5906
vn -0.7964 0.5512 -0.2488
vn -0.8272 0.4434 -0.3453
vn -0.7520 -0.3065 -0.5836
vn -0.7396 -0.3412 -0.5801
vn -0.7629 -0.3375 -0.5514
vn -0.7369 -0.3446 -0.5815
vn -0.2828 -0.3950 -0.8741
vn -0.2886 -0.3994 -0.8702
vn -0.3342 -0.3907 -0.8577
vn -0.3374 -0.3829 -0.8600
vn -0.3935 -0.3670 -0.8429
vn -0.3887 -0.3804 -0.8392
vn -0.5111 -0.3084 -0.8023
vn -0.5160 -0.3123 -0.7976
vn -0.4691 -0.3360 -0.8167
vn -0.4738 -0.3395 -0.8126
vn -0.7197 -0.2544 -0.6461
vn -0.7032 -0.2322 -0.6720
vn -0.0482 -0.4328 -0.9002
vn -0.0431 -0.4244 -0.9044
vn -0.1006 -0.4180 -0.9029
vn -0.1017 -0.4195 -0.9020
vn -0.7177 -0.2561 -0.6475
vn -0.7016 -0.3193 -0.6370
vn -0.7293 -0.2926 -0.6184
vn -0.7069 -0.3536 -0.6126
vn -0.6302 -0.2353 -0.7399
vn -0.6353 -0.2412 -0.7336
vn -0.6721 -0.2147 -0.7087
vn -0.6921 -0.2412 -0.6803
vn -0.5751 -0.2730 -0.7712
vn -0.5730 -0.2709 -0.7735
vn -0.7493 -0.3568 -0.5579
vn -0.7541 -0.3299 -0.5680
vn -0.8601 -0.1147 -0.4971
vn -0.8488 -0.1270 -0.5132
vn -0.8345 0.5134 -0.2002
vn -0.8490 0.4590 -0.2619
vn -0.9020 0.0921 -0.4218
vn -0.8884 0.0632 -0.4547
vn -0.8809 0.3555 -0.3124
vn -0.8781 0.3603 -0.3149
vn -0.8643 0.4579 -0.2081
vn -0.8674 0.4439 -0.2250
vn -0.2194 0.7218 -0.6564
vn -0.2204 0.7201 -0.6579
vn -0.4347 -0.3586 -0.8261
vn -0.4358 -0.3593 -0.8252
vn -0.4781 0.6692 -0.5688
vn -0.4739 0.6804 -0.5589
vn -0.3184 0.6986 -0.6407
vn -0.3153 0.7045 -0.6358
vn -0.8441 0.5018 -0.1888
vn -0.8671 0.4025 -0.2935
vn -0.1637 -0.4138 -0.8955
vn -0.1594 -0.4091 -0.8985
vn -0.2188 -0.4020 -0.8891
vn -0.2279 -0.4103 -0.8830
s 0
f 874//1 12//1 871//1
f 874//2 871//2 873//2
f 871//3 12//3 1493//3
f 871//4 1493//4 1492//4
f 18//5 1190//5 1191//5
f 18//6 1191//6 17//6
f 21//7 20//7 23//7
f 21//8 23//8 26//8
f 24//9 23//9 20//9
f 24//10 20//10 22//10
f 25//11 21//11 26//11
f 25//12 26//12 29//12
f 67//13 63//13 26//13
f 67//14 26//14 23//14
f 908//15 909//15 1155//15
f 908//16 1155//16 1201//16
f 909//17 910//17 1150//17
f 909//18 1150//18 1155//18
f 27//19 30//19 2219//19
f 27//20 2219//20 2218//20
f 63//21 28//21 29//21
f 63//22 29//22 26//22
f 2172//23 1165//23 2221//23
f 2172//24 2221//24 2220//24
f 31//25 27//25 2218//25
f 31//26 2218//26 2217//26
f 1633//27 1634//27 38//27
f 1633//28 38//28 39//28
f 33//29 32//29 36//29
f 33//30 36//30 50//30
f 34//31 33//31 50//31
f 34//32 50//32 49//32
f 34//33 49//33 721//33
f 34//34 721//34 720//34
f 736//35 42//35 383//35
f 736//36 383//36 735//36
f 36//37 32//37 1180//37
f 36//38 1180//38 1121//38
f 37//39 36//39 1121//39
f 37//40 1121//40 1124//40
f 857//41 858//41 39//41
f 857//42 39//42 38//42
f 42//43 41//43 384//43
f 42//44 384//44 383//44
f 44//45 43//45 41//45
f 44//46 41//46 42//46
f 737//47 44//47 42//47
f 737//48 42//48 736//48
f 47//49 53//49 723//49
f 47//50 723//50 722//50
f 47//51 48//51 51//51
f 47//52 51//52 53//52
f 48//53 47//53 49//53
f 48//54 49//54 50//54
f 37//55 48//55 50//55
f 37//56 50//56 36//56
f 48//57 37//57 52//57
f 48//58 52//58 51//58
f 52//59 37//59 1124//59
f 52//60 1124//60 1122//60
f 52//61 539//61 538//61
f 52//62 538//62 51//62
f 539//63 52//63 1122//63
f 539//64 1122//64 1123//64
f 44//65 737//65 738//65
f 44//66 738//66 56//66
f 44//67 56//67 55//67
f 44//68 55//68 43//68
f 535//69 56//69 738//69
f 535//70 738//70 739//70
f 53//71 537//71 724//71
f 53//72 724//72 723//72
f 61//73 57//73 43//73
f 61//74 43//74 55//74
f 57//75 59//75 58//75
f 57//76 58//76 60//76
f 59//77 57//77 61//77
f 59//78 61//78 62//78
f 43//79 57//79 60//79
f 43//80 60//80 41//80
f 384//81 41//81 60//81
f 384//82 60//82 385//82
f 533//83 61//83 55//83
f 533//84 55//84 534//84
f 61//85 533//85 532//85
f 61//86 532//86 62//86
f 60//87 58//87 386//87
f 60//88 386//88 385//88
f 2173//89 2174//89 1167//89
f 2173//90 1167//90 1166//90
f 1136//91 1137//91 64//91
f 1136//92 64//92 74//92
f 2175//93 2176//93 1169//93
f 2175//94 1169//94 1168//94
f 1137//95 1138//95 65//95
f 1137//96 65//96 64//96
f 69//97 1268//97 1269//97
f 69//98 1269//98 1141//98
f 70//99 69//99 1141//99
f 70//100 1141//100 1142//100
f 71//101 70//101 1142//101
f 71//102 1142//102 1143//102
f 72//103 71//103 1143//103
f 72//104 1143//104 1144//104
f 75//105 74//105 73//105
f 75//106 73//106 76//106
f 88//107 76//107 73//107
f 88//108 73//108 77//108
f 1135//109 1136//109 74//109
f 1135//110 74//110 75//110
f 2174//111 2175//111 1168//111
f 2174//112 1168//112 1167//112
f 66//113 67//113 23//113
f 66//114 23//114 24//114
f 1947//115 1948//115 994//115
f 1947//116 994//116 993//116
f 389//117 79//117 1012//117
f 389//118 1012//118 1011//118
f 484//119 485//119 1034//119
f 484//120 1034//120 1033//120
f 79//121 81//121 1013//121
f 79//122 1013//122 1012//122
f 1946//123 1947//123 993//123
f 1946//124 993//124 992//124
f 387//125 83//125 993//125
f 387//126 993//126 994//126
f 84//127 83//127 58//127
f 84//128 58//128 59//128
f 83//129 387//129 386//129
f 83//130 386//130 58//130
f 1134//131 85//131 2223//131
f 1134//132 2223//132 2222//132
f 85//133 86//133 2224//133
f 85//134 2224//134 2223//134
f 86//135 87//135 2225//135
f 86//136 2225//136 2224//136
f 1652//137 1653//137 95//137
f 1652//138 95//138 94//138
f 94//139 97//139 1651//139
f 94//140 1651//140 1652//140
f 98//141 95//141 1653//141
f 98//142 1653//142 1654//142
f 101//143 84//143 59//143
f 101//144 59//144 62//144
f 991//145 992//145 84//145
f 991//146 84//146 101//146
f 990//147 991//147 101//147
f 990//148 101//148 531//148
f 1944//149 1945//149 991//149
f 1944//150 991//150 990//150
f 1945//151 1946//151 992//151
f 1945//152 992//152 991//152
f 81//153 100//153 1014//153
f 81//154 1014//154 1013//154
f 100//155 529//155 1015//155
f 100//156 1015//156 1014//156
f 531//157 101//157 62//157
f 531//158 62//158 532//158
f 51//159 538//159 537//159
f 51//160 537//160 53//160
f 535//161 534//161 55//161
f 535//162 55//162 56//162
f 87//163 102//163 2226//163
f 87//164 2226//164 2225//164
f 84//165 992//165 993//165
f 84//166 993//166 83//166
f 1917//167 1918//167 124//167
f 1917//168 124//168 123//168
f 103//169 104//169 1324//169
f 103//170 1324//170 1325//170
f 104//171 1047//171 1992//171
f 104//172 1992//172 1324//172
f 1920//173 1921//173 525//173
f 1920//174 525//174 122//174
f 1919//175 1920//175 122//175
f 1919//176 122//176 125//176
f 486//177 487//177 1036//177
f 486//178 1036//178 1035//178
f 487//179 526//179 1037//179
f 487//180 1037//180 1036//180
f 485//181 486//181 1035//181
f 485//182 1035//182 1034//182
f 108//183 2229//183 2230//183
f 108//184 2230//184 521//184
f 108//185 521//185 911//185
f 108//186 911//186 912//186
f 72//187 1144//187 2088//187
f 72//188 2088//188 2089//188
f 4550//189 4551//189 109//189
f 4550//190 109//190 1145//190
f 130//191 1147//191 1148//191
f 130//192 1148//192 6//192
f 2184//193 2185//193 2087//193
f 2184//194 2087//194 1175//194
f 2187//195 4548//195 4549//195
f 2187//196 4549//196 1176//196
f 4545//197 4546//197 1648//197
f 4545//198 1648//198 115//198
f 2084//199 2085//199 1649//199
f 2084//200 1649//200 119//200
f 2188//201 2189//201 1178//201
f 2188//202 1178//202 1177//202
f 2182//203 2183//203 1174//203
f 2182//204 1174//204 1173//204
f 97//205 118//205 1650//205
f 97//206 1650//206 1651//206
f 1649//207 1650//207 118//207
f 1649//208 118//208 119//208
f 2183//209 2184//209 1175//209
f 2183//210 1175//210 1174//210
f 2181//211 2182//211 1173//211
f 2181//212 1173//212 1172//212
f 1618//213 523//213 1323//213
f 1618//214 1323//214 1620//214
f 1918//215 1919//215 125//215
f 1918//216 125//216 124//216
f 122//217 525//217 524//217
f 122//218 524//218 126//218
f 127//219 123//219 124//219
f 127//220 124//220 128//220
f 125//221 129//221 128//221
f 125//222 128//222 124//222
f 129//223 125//223 122//223
f 129//224 122//224 126//224
f 1363//225 902//225 1322//225
f 1363//226 1322//226 1362//226
f 932//227 1361//227 1362//227
f 932//228 1362//228 1322//228
f 1360//229 1361//229 932//229
f 1360//230 932//230 931//230
f 130//231 110//231 1146//231
f 130//232 1146//232 1147//232
f 1178//233 2189//233 2190//233
f 1178//234 2190//234 1179//234
f 1646//235 1647//235 114//235
f 1646//236 114//236 131//236
f 1645//237 1646//237 131//237
f 1645//238 131//238 4//238
f 132//239 137//239 138//239
f 132//240 138//240 133//240
f 140//241 134//241 139//241
f 140//242 139//242 145//242
f 137//243 132//243 134//243
f 137//244 134//244 140//244
f 142//245 135//245 133//245
f 142//246 133//246 138//246
f 142//247 143//247 136//247
f 142//248 136//248 135//248
f 519//249 520//249 501//249
f 519//250 501//250 502//250
f 144//251 149//251 145//251
f 144//252 145//252 139//252
f 151//253 150//253 148//253
f 151//254 148//254 147//254
f 150//255 149//255 144//255
f 150//256 144//256 148//256
f 153//257 152//257 157//257
f 153//258 157//258 156//258
f 141//259 146//259 158//259
f 141//260 158//260 159//260
f 164//261 163//261 159//261
f 164//262 159//262 158//262
f 168//263 154//263 402//263
f 168//264 402//264 405//264
f 154//265 168//265 170//265
f 154//266 170//266 160//266
f 162//267 155//267 2082//267
f 162//268 2082//268 2083//268
f 169//269 164//269 158//269
f 169//270 158//270 165//270
f 161//271 160//271 170//271
f 161//272 170//272 171//272
f 166//273 161//273 171//273
f 166//274 171//274 175//274
f 518//275 503//275 504//275
f 518//276 504//276 517//276
f 173//277 174//277 459//277
f 173//278 459//278 458//278
f 174//279 173//279 177//279
f 174//280 177//280 178//280
f 167//281 176//281 180//281
f 167//282 180//282 165//282
f 188//283 169//283 165//283
f 188//284 165//284 180//284
f 178//285 177//285 185//285
f 178//286 185//286 186//286
f 179//287 173//287 458//287
f 179//288 458//288 457//288
f 506//289 507//289 514//289
f 506//290 514//290 515//290
f 186//291 185//291 193//291
f 186//292 193//292 194//292
f 179//293 187//293 177//293
f 179//294 177//294 173//294
f 181//295 182//295 189//295
f 181//296 189//296 190//296
f 197//297 196//297 190//297
f 197//298 190//298 189//298
f 508//299 513//299 514//299
f 508//300 514//300 507//300
f 513//301 508//301 509//301
f 513//302 509//302 512//302
f 194//303 193//303 201//303
f 194//304 201//304 202//304
f 187//305 195//305 185//305
f 187//306 185//306 177//306
f 204//307 179//307 457//307
f 204//308 457//308 755//308
f 179//309 204//309 208//309
f 179//310 208//310 187//310
f 191//311 199//311 206//311
f 191//312 206//312 198//312
f 182//313 191//313 198//313
f 182//314 198//314 189//314
f 205//315 197//315 189//315
f 205//316 189//316 198//316
f 210//317 205//317 198//317
f 210//318 198//318 206//318
f 906//319 907//319 1205//319
f 906//320 1205//320 1209//320
f 202//321 201//321 452//321
f 202//322 452//322 1504//322
f 195//323 203//323 193//323
f 195//324 193//324 185//324
f 187//325 208//325 213//325
f 187//326 213//326 195//326
f 203//327 207//327 201//327
f 203//328 201//328 193//328
f 201//329 207//329 398//329
f 201//330 398//330 452//330
f 195//331 213//331 217//331
f 195//332 217//332 203//332
f 203//333 217//333 358//333
f 203//334 358//334 207//334
f 205//335 210//335 1463//335
f 205//336 1463//336 1464//336
f 214//337 409//337 2209//337
f 214//338 2209//338 2208//338
f 216//339 215//339 1193//339
f 216//340 1193//340 1192//340
f 212//341 1192//341 1193//341
f 212//342 1193//342 211//342
f 1462//343 214//343 2208//343
f 1462//344 2208//344 2207//344
f 364//345 221//345 938//345
f 364//346 938//346 939//346
f 856//347 220//347 219//347
f 856//348 219//348 855//348
f 221//349 1460//349 1461//349
f 221//350 1461//350 938//350
f 219//351 220//351 1635//351
f 219//352 1635//352 1636//352
f 1667//353 1668//353 221//353
f 1667//354 221//354 364//354
f 1781//355 1718//355 223//355
f 1781//356 223//356 363//356
f 225//357 224//357 227//357
f 225//358 227//358 226//358
f 1181//359 227//359 224//359
f 1181//360 224//360 1182//360
f 765//361 228//361 2203//361
f 765//362 2203//362 2204//362
f 1459//363 223//363 1718//363
f 1459//364 1718//364 1719//364
f 1668//365 1669//365 1460//365
f 1668//366 1460//366 221//366
f 238//367 230//367 370//367
f 238//368 370//368 369//368
f 1717//369 1655//369 854//369
f 1717//370 854//370 424//370
f 2101//371 2102//371 1767//371
f 2101//372 1767//372 1768//372
f 719//373 718//373 233//373
f 719//374 233//374 236//374
f 225//375 226//375 236//375
f 225//376 236//376 233//376
f 1458//377 230//377 238//377
f 1458//378 238//378 1457//378
f 371//379 238//379 369//379
f 371//380 369//380 372//380
f 852//381 239//381 245//381
f 852//382 245//382 851//382
f 2102//383 2103//383 1766//383
f 2102//384 1766//384 1767//384
f 424//385 1637//385 1716//385
f 424//386 1716//386 1717//386
f 734//387 242//387 241//387
f 734//388 241//388 733//388
f 438//389 243//389 2201//389
f 438//390 2201//390 2202//390
f 1457//391 238//391 371//391
f 1457//392 371//392 1456//392
f 1640//393 245//393 239//393
f 1640//394 239//394 1639//394
f 851//395 245//395 254//395
f 851//396 254//396 850//396
f 2105//397 2106//397 1763//397
f 2105//398 1763//398 1764//398
f 1713//399 1714//399 425//399
f 1713//400 425//400 426//400
f 425//401 1714//401 1715//401
f 425//402 1715//402 1183//402
f 2104//403 2105//403 1764//403
f 2104//404 1764//404 1765//404
f 249//405 250//405 259//405
f 249//406 259//406 258//406
f 241//407 242//407 250//407
f 241//408 250//408 249//408
f 245//409 1640//409 1641//409
f 245//410 1641//410 254//410
f 253//411 252//411 263//411
f 253//412 263//412 264//412
f 253//413 264//413 1186//413
f 253//414 1186//414 1185//414
f 850//415 254//415 1885//415
f 850//416 1885//416 1886//416
f 1761//417 1762//417 2107//417
f 1761//418 2107//418 2108//418
f 1711//419 1712//419 427//419
f 1711//420 427//420 717//420
f 1712//421 1713//421 426//421
f 1712//422 426//422 427//422
f 2106//423 2107//423 1762//423
f 2106//424 1762//424 1763//424
f 251//425 260//425 272//425
f 251//426 272//426 261//426
f 1725//427 1726//427 1676//427
f 1725//428 1676//428 1675//428
f 264//429 275//429 1187//429
f 264//430 1187//430 1186//430
f 264//431 263//431 274//431
f 264//432 274//432 275//432
f 254//433 1641//433 1884//433
f 254//434 1884//434 1885//434
f 277//435 266//435 715//435
f 277//436 715//436 714//436
f 252//437 266//437 277//437
f 252//438 277//438 263//438
f 1708//439 1709//439 732//439
f 1708//440 732//440 429//440
f 2110//441 2111//441 1758//441
f 2110//442 1758//442 1759//442
f 270//443 269//443 268//443
f 270//444 268//444 271//444
f 258//445 259//445 271//445
f 258//446 271//446 268//446
f 275//447 274//447 1881//447
f 275//448 1881//448 1882//448
f 282//449 277//449 714//449
f 282//450 714//450 713//450
f 263//451 277//451 282//451
f 263//452 282//452 274//452
f 730//453 278//453 283//453
f 730//454 283//454 729//454
f 1756//455 1757//455 2112//455
f 1756//456 2112//456 2113//456
f 1706//457 1707//457 430//457
f 1706//458 430//458 431//458
f 1707//459 1708//459 429//459
f 1707//460 429//460 430//460
f 2111//461 2112//461 1757//461
f 2111//462 1757//462 1758//462
f 995//463 996//463 269//463
f 995//464 269//464 270//464
f 1732//465 1733//465 1683//465
f 1732//466 1683//466 1682//466
f 1494//467 1493//467 12//467
f 1494//468 12//468 816//468
f 261//469 272//469 290//469
f 261//470 290//470 280//470
f 228//471 438//471 2202//471
f 228//472 2202//472 2203//472
f 274//473 282//473 1880//473
f 274//474 1880//474 1881//474
f 1879//475 1880//475 282//475
f 1879//476 282//476 713//476
f 729//477 283//477 291//477
f 729//478 291//478 728//478
f 292//479 284//479 293//479
f 292//480 293//480 299//480
f 278//481 284//481 292//481
f 278//482 292//482 283//482
f 288//483 287//483 286//483
f 288//484 286//484 289//484
f 1949//485 1950//485 996//485
f 1949//486 996//486 995//486
f 12//487 874//487 875//487
f 12//488 875//488 816//488
f 728//489 291//489 1876//489
f 728//490 1876//490 1877//490
f 298//491 292//491 299//491
f 298//492 299//492 305//492
f 283//493 292//493 298//493
f 283//494 298//494 291//494
f 2114//495 2115//495 1754//495
f 2114//496 1754//496 1755//496
f 433//497 1704//497 1705//497
f 433//498 1705//498 432//498
f 1705//499 1706//499 431//499
f 1705//500 431//500 432//500
f 2113//501 2114//501 1755//501
f 2113//502 1755//502 1756//502
f 296//503 494//503 495//503
f 296//504 495//504 297//504
f 287//505 288//505 1010//505
f 287//506 1010//506 1009//506
f 1874//507 1875//507 298//507
f 1874//508 298//508 305//508
f 291//509 298//509 1875//509
f 291//510 1875//510 1876//510
f 300//511 307//511 306//511
f 300//512 306//512 301//512
f 293//513 301//513 306//513
f 293//514 306//514 299//514
f 2115//515 2116//515 1753//515
f 2115//516 1753//516 1754//516
f 1703//517 1704//517 433//517
f 1703//518 433//518 997//518
f 1915//519 1916//519 302//519
f 1915//520 302//520 310//520
f 482//521 483//521 1032//521
f 482//522 1032//522 1031//522
f 303//523 302//523 123//523
f 303//524 123//524 127//524
f 1916//525 1917//525 123//525
f 1916//526 123//526 302//526
f 1418//527 303//527 127//527
f 1418//528 127//528 1417//528
f 2023//529 2022//529 1742//529
f 2023//530 1742//530 1314//530
f 2132//531 2024//531 1692//531
f 2132//532 1692//532 2131//532
f 299//533 306//533 313//533
f 299//534 313//534 305//534
f 307//535 314//535 313//535
f 307//536 313//536 306//536
f 300//537 999//537 1000//537
f 300//538 1000//538 307//538
f 2116//539 2117//539 1954//539
f 2116//540 1954//540 1753//540
f 2118//541 2119//541 1751//541
f 2118//542 1751//542 1752//542
f 435//543 1701//543 1702//543
f 435//544 1702//544 434//544
f 1951//545 1952//545 1703//545
f 1951//546 1703//546 997//546
f 311//547 310//547 302//547
f 311//548 302//548 303//548
f 1419//549 311//549 303//549
f 1419//550 303//550 1418//550
f 2022//551 2023//551 312//551
f 2022//552 312//552 1741//552
f 2024//553 2132//553 2133//553
f 2024//554 2133//554 1691//554
f 2021//555 2020//555 1312//555
f 2021//556 1312//556 1313//556
f 305//557 313//557 1873//557
f 305//558 1873//558 1874//558
f 314//559 1872//559 1873//559
f 314//560 1873//560 313//560
f 307//561 1000//561 1001//561
f 307//562 1001//562 314//562
f 1955//563 1956//563 1000//563
f 1955//564 1000//564 999//564
f 316//565 322//565 321//565
f 316//566 321//566 315//566
f 1750//567 1751//567 2119//567
f 1750//568 2119//568 2120//568
f 2121//569 2122//569 1748//569
f 2121//570 1748//570 1749//570
f 1698//571 1699//571 493//571
f 1698//572 493//572 437//572
f 1700//573 1701//573 435//573
f 1700//574 435//574 1008//574
f 1257//575 1739//575 1740//575
f 1257//576 1740//576 1431//576
f 1737//577 1738//577 1254//577
f 1737//578 1254//578 318//578
f 1687//579 1688//579 2136//579
f 1687//580 2136//580 2137//580
f 2135//581 1689//581 1690//581
f 2135//582 1690//582 2134//582
f 2020//583 2021//583 319//583
f 2020//584 319//584 324//584
f 2020//585 2019//585 1311//585
f 2020//586 1311//586 1312//586
f 1871//587 1872//587 314//587
f 1871//588 314//588 1001//588
f 1956//589 1957//589 1001//589
f 1956//590 1001//590 1000//590
f 322//591 326//591 325//591
f 322//592 325//592 321//592
f 322//593 316//593 1006//593
f 322//594 1006//594 1005//594
f 491//595 323//595 327//595
f 491//596 327//596 490//596
f 1746//597 1747//597 2124//597
f 1746//598 2124//598 2125//598
f 1745//599 1911//599 2126//599
f 1745//600 2126//600 2127//600
f 1695//601 1913//601 1914//601
f 1695//602 1914//602 440//602
f 1696//603 1697//603 481//603
f 1696//604 481//604 1030//604
f 1737//605 318//605 1397//605
f 1737//606 1397//606 1736//606
f 1687//607 2137//607 2138//607
f 1687//608 2138//608 1686//608
f 1258//609 1259//609 1429//609
f 1258//610 1429//610 1430//610
f 1252//611 1253//611 1613//611
f 1252//612 1613//612 1614//612
f 2019//613 2020//613 324//613
f 2019//614 324//614 330//614
f 2019//615 2018//615 1859//615
f 2019//616 1859//616 1311//616
f 1957//617 1958//617 1871//617
f 1957//618 1871//618 1001//618
f 326//619 1869//619 1870//619
f 326//620 1870//620 325//620
f 326//621 322//621 1005//621
f 326//622 1005//622 1004//622
f 490//623 327//623 334//623
f 490//624 334//624 489//624
f 478//625 479//625 1028//625
f 478//626 1028//626 1027//626
f 1909//627 1910//627 335//627
f 1909//628 335//628 341//628
f 2127//629 2128//629 1744//629
f 2127//630 1744//630 1745//630
f 1694//631 1695//631 440//631
f 1694//632 440//632 441//632
f 2128//633 2129//633 1743//633
f 2128//634 1743//634 1744//634
f 1693//635 1694//635 441//635
f 1693//636 441//636 1420//636
f 1614//637 1613//637 1396//637
f 1614//638 1396//638 1395//638
f 1259//639 1260//639 1428//639
f 1259//640 1428//640 1429//640
f 1251//641 1252//641 1614//641
f 1251//642 1614//642 1615//642
f 2018//643 2019//643 330//643
f 2018//644 330//644 1858//644
f 1868//645 1869//645 326//645
f 1868//646 326//646 1004//646
f 489//647 334//647 1866//647
f 489//648 1866//648 1867//648
f 477//649 478//649 1027//649
f 477//650 1027//650 1026//650
f 1908//651 1909//651 341//651
f 1908//652 341//652 343//652
f 335//653 336//653 340//653
f 335//654 340//654 341//654
f 336//655 1422//655 1423//655
f 336//656 1423//656 340//656
f 1615//657 1614//657 1395//657
f 1615//658 1395//658 1394//658
f 1260//659 1856//659 1857//659
f 1260//660 1857//660 1428//660
f 1854//661 1855//661 1251//661
f 1854//662 1251//662 1615//662
f 1863//663 1907//663 1908//663
f 1863//664 1908//664 343//664
f 1864//665 1865//665 477//665
f 1864//666 477//666 1026//666
f 341//667 340//667 344//667
f 341//668 344//668 343//668
f 340//669 1423//669 1424//669
f 340//670 1424//670 344//670
f 1854//671 1615//671 1394//671
f 1854//672 1394//672 1853//672
f 243//673 804//673 2200//673
f 243//674 2200//674 2201//674
f 343//675 344//675 1862//675
f 343//676 1862//676 1863//676
f 344//677 1424//677 1861//677
f 344//678 1861//678 1862//678
f 260//679 251//679 805//679
f 260//680 805//680 806//680
f 355//681 346//681 400//681
f 355//682 400//682 399//682
f 497//683 80//683 350//683
f 497//684 350//684 496//684
f 498//685 106//685 80//685
f 498//686 80//686 497//686
f 106//687 498//687 499//687
f 106//688 499//688 105//688
f 499//689 528//689 527//689
f 499//690 527//690 105//690
f 129//691 126//691 1414//691
f 129//692 1414//692 1415//692
f 129//693 1415//693 1416//693
f 129//694 1416//694 128//694
f 127//695 128//695 1416//695
f 127//696 1416//696 1417//696
f 79//697 389//697 388//697
f 79//698 388//698 78//698
f 81//699 79//699 78//699
f 81//700 78//700 82//700
f 100//701 81//701 82//701
f 100//702 82//702 99//702
f 529//703 100//703 99//703
f 529//704 99//704 530//704
f 1434//705 1264//705 1994//705
f 1434//706 1994//706 1993//706
f 17//707 1191//707 1192//707
f 17//708 1192//708 212//708
f 40//709 216//709 1192//709
f 40//710 1192//710 1191//710
f 857//711 38//711 220//711
f 857//712 220//712 856//712
f 38//713 1634//713 1635//713
f 38//714 1635//714 220//714
f 1180//715 32//715 227//715
f 1180//716 227//716 1181//716
f 32//717 33//717 226//717
f 32//718 226//718 227//718
f 720//719 719//719 236//719
f 720//720 236//720 34//720
f 236//721 226//721 33//721
f 236//722 33//722 34//722
f 4//723 131//723 351//723
f 4//724 351//724 2//724
f 131//725 114//725 352//725
f 131//726 352//726 351//726
f 4544//727 4545//727 115//727
f 4544//728 115//728 353//728
f 157//729 152//729 155//729
f 157//730 155//730 162//730
f 151//731 147//731 153//731
f 151//732 153//732 156//732
f 356//733 346//733 355//733
f 356//734 355//734 357//734
f 200//735 356//735 357//735
f 200//736 357//736 19//736
f 907//737 908//737 1201//737
f 907//738 1201//738 1205//738
f 359//739 360//739 1779//739
f 359//740 1779//740 1780//740
f 1665//741 1666//741 361//741
f 1665//742 361//742 362//742
f 359//743 1780//743 1781//743
f 359//744 1781//744 363//744
f 366//745 365//745 367//745
f 366//746 367//746 368//746
f 368//747 367//747 374//747
f 368//748 374//748 373//748
f 368//749 373//749 372//749
f 368//750 372//750 369//750
f 366//751 368//751 369//751
f 366//752 369//752 370//752
f 1456//753 371//753 1900//753
f 1456//754 1900//754 1901//754
f 1899//755 1900//755 371//755
f 1899//756 371//756 372//756
f 373//757 1898//757 1899//757
f 373//758 1899//758 372//758
f 373//759 374//759 1897//759
f 373//760 1897//760 1898//760
f 1837//761 1838//761 16//761
f 1837//762 16//762 821//762
f 1838//763 1782//763 13//763
f 1838//764 13//764 16//764
f 1778//765 1779//765 360//765
f 1778//766 360//766 420//766
f 380//767 367//767 365//767
f 380//768 365//768 379//768
f 367//769 380//769 381//769
f 367//770 381//770 374//770
f 374//771 381//771 1896//771
f 374//772 1896//772 1897//772
f 1782//773 1783//773 14//773
f 1782//774 14//774 13//774
f 735//775 383//775 242//775
f 735//776 242//776 734//776
f 242//777 383//777 384//777
f 242//778 384//778 250//778
f 259//779 250//779 384//779
f 259//780 384//780 385//780
f 259//781 385//781 386//781
f 259//782 386//782 271//782
f 387//783 270//783 271//783
f 387//784 271//784 386//784
f 995//785 270//785 387//785
f 995//786 387//786 994//786
f 1948//787 1949//787 995//787
f 1948//788 995//788 994//788
f 389//789 288//789 289//789
f 389//790 289//790 388//790
f 288//791 389//791 1011//791
f 288//792 1011//792 1010//792
f 297//793 495//793 496//793
f 297//794 496//794 350//794
f 483//795 484//795 1033//795
f 483//796 1033//796 1032//796
f 767//797 390//797 209//797
f 767//798 209//798 772//798
f 392//799 391//799 390//799
f 392//800 390//800 767//800
f 391//801 392//801 394//801
f 391//802 394//802 393//802
f 290//803 392//803 767//803
f 290//804 767//804 768//804
f 393//805 394//805 396//805
f 393//806 396//806 395//806
f 395//807 396//807 798//807
f 395//808 798//808 794//808
f 207//809 358//809 397//809
f 207//810 397//810 398//810
f 25//811 31//811 399//811
f 25//812 399//812 400//812
f 4543//813 4544//813 353//813
f 4543//814 353//814 401//814
f 4542//815 4543//815 401//815
f 4542//816 401//816 3//816
f 354//817 172//817 401//817
f 354//818 401//818 353//818
f 2083//819 2071//819 2072//819
f 2083//820 2072//820 2084//820
f 2083//821 2084//821 119//821
f 2083//822 119//822 162//822
f 157//823 162//823 119//823
f 157//824 119//824 118//824
f 156//825 157//825 118//825
f 156//826 118//826 97//826
f 151//827 156//827 97//827
f 151//828 97//828 94//828
f 150//829 151//829 94//829
f 150//830 94//830 95//830
f 401//831 172//831 1//831
f 401//832 1//832 3//832
f 145//833 149//833 98//833
f 145//834 98//834 403//834
f 95//835 98//835 149//835
f 95//836 149//836 150//836
f 402//837 154//837 137//837
f 402//838 137//838 140//838
f 154//839 160//839 138//839
f 154//840 138//840 137//840
f 142//841 138//841 160//841
f 142//842 160//842 161//842
f 143//843 142//843 161//843
f 143//844 161//844 166//844
f 146//845 167//845 165//845
f 146//846 165//846 158//846
f 519//847 502//847 503//847
f 519//848 503//848 518//848
f 404//849 405//849 402//849
f 404//850 402//850 403//850
f 402//851 140//851 145//851
f 402//852 145//852 403//852
f 407//853 406//853 416//853
f 407//854 416//854 415//854
f 406//855 400//855 346//855
f 406//856 346//856 416//856
f 407//857 408//857 22//857
f 407//858 22//858 20//858
f 406//859 407//859 20//859
f 406//860 20//860 21//860
f 25//861 400//861 406//861
f 25//862 406//862 21//862
f 399//863 31//863 2217//863
f 399//864 2217//864 2216//864
f 408//865 407//865 415//865
f 408//866 415//866 414//866
f 361//867 364//867 939//867
f 361//868 939//868 940//868
f 409//869 410//869 2210//869
f 409//870 2210//870 2209//870
f 362//871 361//871 940//871
f 362//872 940//872 941//872
f 183//873 184//873 412//873
f 183//874 412//874 411//874
f 413//875 192//875 183//875
f 413//876 183//876 411//876
f 192//877 413//877 356//877
f 192//878 356//878 200//878
f 411//879 412//879 414//879
f 411//880 414//880 415//880
f 416//881 413//881 411//881
f 416//882 411//882 415//882
f 413//883 416//883 346//883
f 413//884 346//884 356//884
f 1499//885 797//885 777//885
f 1499//886 777//886 1500//886
f 797//887 880//887 881//887
f 797//888 881//888 777//888
f 880//889 963//889 964//889
f 880//890 964//890 881//890
f 1441//891 1442//891 1449//891
f 1441//892 1449//892 1450//892
f 1500//893 777//893 418//893
f 1500//894 418//894 1501//894
f 777//895 881//895 882//895
f 777//896 882//896 418//896
f 881//897 964//897 965//897
f 881//898 965//898 882//898
f 280//899 290//899 768//899
f 280//900 768//900 769//900
f 355//901 399//901 2216//901
f 355//902 2216//902 2215//902
f 1664//903 1665//903 362//903
f 1664//904 362//904 421//904
f 421//905 362//905 941//905
f 421//906 941//906 942//906
f 396//907 260//907 806//907
f 396//908 806//908 798//908
f 422//909 211//909 1193//909
f 422//910 1193//910 1194//910
f 215//911 423//911 1194//911
f 215//912 1194//912 1193//912
f 854//913 855//913 219//913
f 854//914 219//914 424//914
f 424//915 219//915 1636//915
f 424//916 1636//916 1637//916
f 224//917 425//917 1183//917
f 224//918 1183//918 1182//918
f 224//919 225//919 426//919
f 224//920 426//920 425//920
f 426//921 225//921 233//921
f 426//922 233//922 427//922
f 427//923 233//923 718//923
f 427//924 718//924 717//924
f 241//925 429//925 732//925
f 241//926 732//926 733//926
f 1442//927 1443//927 1448//927
f 1442//928 1448//928 1449//928
f 429//929 241//929 249//929
f 429//930 249//930 430//930
f 1443//931 1444//931 1447//931
f 1443//932 1447//932 1448//932
f 430//933 249//933 258//933
f 430//934 258//934 431//934
f 1497//935 803//935 801//935
f 1497//936 801//936 1498//936
f 431//937 258//937 268//937
f 431//938 268//938 432//938
f 1498//939 801//939 797//939
f 1498//940 797//940 1499//940
f 269//941 433//941 432//941
f 269//942 432//942 268//942
f 433//943 269//943 996//943
f 433//944 996//944 997//944
f 803//945 878//945 879//945
f 803//946 879//946 801//946
f 1950//947 1951//947 997//947
f 1950//948 997//948 996//948
f 801//949 879//949 880//949
f 801//950 880//950 797//950
f 287//951 435//951 434//951
f 287//952 434//952 286//952
f 878//953 966//953 967//953
f 878//954 967//954 879//954
f 435//955 287//955 1009//955
f 435//956 1009//956 1008//956
f 493//957 494//957 296//957
f 493//958 296//958 437//958
f 481//959 482//959 1031//959
f 481//960 1031//960 1030//960
f 1914//961 1915//961 310//961
f 1914//962 310//962 440//962
f 1724//963 1725//963 1675//963
f 1724//964 1675//964 1674//964
f 1723//965 1724//965 1674//965
f 1723//966 1674//966 1673//966
f 441//967 440//967 310//967
f 441//968 310//968 311//968
f 1419//969 1420//969 441//969
f 1419//970 441//970 311//970
f 1783//971 1784//971 15//971
f 1783//972 15//972 14//972
f 1895//973 1896//973 381//973
f 1895//974 381//974 444//974
f 443//975 380//975 379//975
f 443//976 379//976 1248//976
f 396//977 394//977 272//977
f 396//978 272//978 260//978
f 290//979 272//979 394//979
f 290//980 394//980 392//980
f 380//981 443//981 444//981
f 380//982 444//982 381//982
f 905//983 906//983 1209//983
f 905//984 1209//984 2092//984
f 357//985 355//985 2215//985
f 357//986 2215//986 2214//986
f 19//987 357//987 2214//987
f 19//988 2214//988 2213//988
f 421//989 942//989 943//989
f 421//990 943//990 1663//990
f 510//991 19//991 2213//991
f 510//992 2213//992 2212//992
f 1133//993 944//993 1088//993
f 1133//994 1088//994 1132//994
f 944//995 945//995 1081//995
f 944//996 1081//996 1088//996
f 1672//997 1673//997 228//997
f 1672//998 228//998 765//998
f 1674//999 1675//999 243//999
f 1674//1000 243//1000 438//1000
f 410//1001 511//1001 2211//1001
f 410//1002 2211//1002 2210//1002
f 1673//1003 1674//1003 438//1003
f 1673//1004 438//1004 228//1004
f 511//1005 510//1005 2212//1005
f 511//1006 2212//1006 2211//1006
f 24//1007 22//1007 463//1007
f 24//1008 463//1008 462//1008
f 462//1009 463//1009 405//1009
f 462//1010 405//1010 404//1010
f 460//1011 65//1011 1138//1011
f 460//1012 1138//1012 1139//1012
f 1266//1013 1265//1013 460//1013
f 1266//1014 460//1014 1139//1014
f 92//1015 461//1015 462//1015
f 92//1016 462//1016 404//1016
f 461//1017 66//1017 24//1017
f 461//1018 24//1018 462//1018
f 1170//1019 1169//1019 2176//1019
f 1170//1020 2176//1020 2177//1020
f 1170//1021 2177//1021 2178//1021
f 1170//1022 2178//1022 1267//1022
f 506//1023 515//1023 516//1023
f 506//1024 516//1024 505//1024
f 505//1025 516//1025 517//1025
f 505//1026 517//1026 504//1026
f 468//1027 181//1027 190//1027
f 468//1028 190//1028 469//1028
f 176//1029 468//1029 469//1029
f 176//1030 469//1030 180//1030
f 196//1031 470//1031 469//1031
f 196//1032 469//1032 190//1032
f 470//1033 188//1033 180//1033
f 470//1034 180//1034 469//1034
f 470//1035 1467//1035 1468//1035
f 470//1036 1468//1036 188//1036
f 208//1037 204//1037 471//1037
f 208//1038 471//1038 472//1038
f 473//1039 472//1039 390//1039
f 473//1040 390//1040 391//1040
f 213//1041 208//1041 472//1041
f 213//1042 472//1042 473//1042
f 474//1043 473//1043 391//1043
f 474//1044 391//1044 393//1044
f 217//1045 213//1045 473//1045
f 217//1046 473//1046 474//1046
f 475//1047 474//1047 393//1047
f 475//1048 393//1048 395//1048
f 358//1049 217//1049 474//1049
f 358//1050 474//1050 475//1050
f 397//1051 358//1051 475//1051
f 397//1052 475//1052 500//1052
f 475//1053 395//1053 794//1053
f 475//1054 794//1054 500//1054
f 214//1055 1462//1055 1463//1055
f 214//1056 1463//1056 210//1056
f 168//1057 405//1057 463//1057
f 168//1058 463//1058 464//1058
f 464//1059 463//1059 22//1059
f 464//1060 22//1060 408//1060
f 465//1061 464//1061 408//1061
f 465//1062 408//1062 414//1062
f 465//1063 170//1063 168//1063
f 465//1064 168//1064 464//1064
f 414//1065 412//1065 466//1065
f 414//1066 466//1066 465//1066
f 465//1067 466//1067 171//1067
f 465//1068 171//1068 170//1068
f 412//1069 184//1069 467//1069
f 412//1070 467//1070 466//1070
f 466//1071 467//1071 175//1071
f 466//1072 175//1072 171//1072
f 68//1073 1265//1073 1266//1073
f 68//1074 1266//1074 1140//1074
f 471//1075 204//1075 755//1075
f 471//1076 755//1076 1410//1076
f 27//1077 31//1077 25//1077
f 27//1078 25//1078 29//1078
f 28//1079 30//1079 27//1079
f 28//1080 27//1080 29//1080
f 86//1081 76//1081 88//1081
f 86//1082 88//1082 87//1082
f 85//1083 75//1083 76//1083
f 85//1084 76//1084 86//1084
f 1135//1085 75//1085 85//1085
f 1135//1086 85//1086 1134//1086
f 88//1087 89//1087 102//1087
f 88//1088 102//1088 87//1088
f 1165//1089 2172//1089 2173//1089
f 1165//1090 2173//1090 1166//1090
f 512//1091 509//1091 510//1091
f 512//1092 510//1092 511//1092
f 199//1093 410//1093 409//1093
f 199//1094 409//1094 206//1094
f 214//1095 210//1095 206//1095
f 214//1096 206//1096 409//1096
f 1360//1097 931//1097 1387//1097
f 1360//1098 1387//1098 1386//1098
f 398//1099 397//1099 445//1099
f 398//1100 445//1100 446//1100
f 452//1101 398//1101 446//1101
f 452//1102 446//1102 451//1102
f 448//1103 447//1103 1436//1103
f 448//1104 1436//1104 1437//1104
f 8//1105 11//1105 886//1105
f 8//1106 886//1106 885//1106
f 447//1107 448//1107 885//1107
f 447//1108 885//1108 886//1108
f 450//1109 449//1109 1437//1109
f 450//1110 1437//1110 1436//1110
f 882//1111 965//1111 969//1111
f 882//1112 969//1112 883//1112
f 418//1113 882//1113 883//1113
f 418//1114 883//1114 453//1114
f 1501//1115 418//1115 453//1115
f 1501//1116 453//1116 1502//1116
f 1439//1117 1440//1117 1451//1117
f 1439//1118 1451//1118 1452//1118
f 445//1119 417//1119 454//1119
f 445//1120 454//1120 446//1120
f 883//1121 969//1121 9//1121
f 883//1122 9//1122 884//1122
f 453//1123 883//1123 884//1123
f 453//1124 884//1124 455//1124
f 1502//1125 453//1125 455//1125
f 1502//1126 455//1126 1503//1126
f 1438//1127 1439//1127 1452//1127
f 1438//1128 1452//1128 1453//1128
f 446//1129 454//1129 456//1129
f 446//1130 456//1130 451//1130
f 9//1131 8//1131 885//1131
f 9//1132 885//1132 884//1132
f 448//1133 455//1133 884//1133
f 448//1134 884//1134 885//1134
f 1902//1135 1903//1135 757//1135
f 1902//1136 757//1136 746//1136
f 757//1137 758//1137 747//1137
f 757//1138 747//1138 746//1138
f 758//1139 759//1139 748//1139
f 758//1140 748//1140 747//1140
f 1720//1141 1721//1141 760//1141
f 1720//1142 760//1142 749//1142
f 1670//1143 1671//1143 761//1143
f 1670//1144 761//1144 750//1144
f 750//1145 761//1145 936//1145
f 750//1146 936//1146 937//1146
f 762//1147 751//1147 2206//1147
f 762//1148 2206//1148 2205//1148
f 762//1149 763//1149 752//1149
f 762//1150 752//1150 751//1150
f 1986//1151 1987//1151 1866//1151
f 1986//1152 1866//1152 334//1152
f 1985//1153 1986//1153 334//1153
f 1985//1154 334//1154 327//1154
f 1984//1155 1985//1155 327//1155
f 1984//1156 327//1156 323//1156
f 2122//1157 2123//1157 1983//1157
f 2122//1158 1983//1158 1748//1158
f 1980//1159 1981//1159 1698//1159
f 1980//1160 1698//1160 437//1160
f 1979//1161 1980//1161 437//1161
f 1979//1162 437//1162 296//1162
f 1978//1163 1979//1163 296//1163
f 1978//1164 296//1164 297//1164
f 1977//1165 1978//1165 297//1165
f 1977//1166 297//1166 350//1166
f 1976//1167 1977//1167 350//1167
f 1976//1168 350//1168 80//1168
f 1975//1169 1976//1169 80//1169
f 1975//1170 80//1170 106//1170
f 1974//1171 1975//1171 106//1171
f 1974//1172 106//1172 105//1172
f 1973//1173 1974//1173 105//1173
f 1973//1174 105//1174 527//1174
f 489//1175 1867//1175 1868//1175
f 489//1176 1868//1176 1004//1176
f 490//1177 489//1177 1004//1177
f 490//1178 1004//1178 1005//1178
f 491//1179 490//1179 1005//1179
f 491//1180 1005//1180 1006//1180
f 2120//1181 2121//1181 1749//1181
f 2120//1182 1749//1182 1750//1182
f 1699//1183 1700//1183 1008//1183
f 1699//1184 1008//1184 493//1184
f 1008//1185 1009//1185 494//1185
f 1008//1186 494//1186 493//1186
f 495//1187 494//1187 1009//1187
f 495//1188 1009//1188 1010//1188
f 496//1189 495//1189 1010//1189
f 496//1190 1010//1190 1011//1190
f 497//1191 496//1191 1011//1191
f 497//1192 1011//1192 1012//1192
f 1013//1193 498//1193 497//1193
f 1013//1194 497//1194 1012//1194
f 498//1195 1013//1195 1014//1195
f 498//1196 1014//1196 499//1196
f 1014//1197 1015//1197 528//1197
f 1014//1198 528//1198 499//1198
f 445//1199 397//1199 500//1199
f 445//1200 500//1200 775//1200
f 1450//1201 1451//1201 1440//1201
f 1450//1202 1440//1202 1441//1202
f 417//1203 445//1203 775//1203
f 417//1204 775//1204 776//1204
f 502//1205 501//1205 136//1205
f 502//1206 136//1206 143//1206
f 503//1207 502//1207 143//1207
f 503//1208 143//1208 166//1208
f 503//1209 166//1209 175//1209
f 503//1210 175//1210 504//1210
f 505//1211 504//1211 175//1211
f 505//1212 175//1212 467//1212
f 506//1213 505//1213 467//1213
f 506//1214 467//1214 184//1214
f 184//1215 183//1215 507//1215
f 184//1216 507//1216 506//1216
f 192//1217 508//1217 507//1217
f 192//1218 507//1218 183//1218
f 508//1219 192//1219 200//1219
f 508//1220 200//1220 509//1220
f 509//1221 200//1221 19//1221
f 509//1222 19//1222 510//1222
f 512//1223 511//1223 410//1223
f 512//1224 410//1224 199//1224
f 513//1225 512//1225 199//1225
f 513//1226 199//1226 191//1226
f 513//1227 191//1227 182//1227
f 513//1228 182//1228 514//1228
f 515//1229 514//1229 182//1229
f 515//1230 182//1230 181//1230
f 516//1231 515//1231 181//1231
f 516//1232 181//1232 468//1232
f 516//1233 468//1233 176//1233
f 516//1234 176//1234 517//1234
f 518//1235 517//1235 176//1235
f 518//1236 176//1236 167//1236
f 519//1237 518//1237 167//1237
f 519//1238 167//1238 146//1238
f 146//1239 141//1239 520//1239
f 146//1240 520//1240 519//1240
f 915//1241 540//1241 533//1241
f 915//1242 533//1242 534//1242
f 1120//1243 541//1243 1627//1243
f 1120//1244 1627//1244 1628//1244
f 1114//1245 543//1245 542//1245
f 1114//1246 542//1246 1117//1246
f 1111//1247 859//1247 543//1247
f 1111//1248 543//1248 1114//1248
f 545//1249 541//1249 542//1249
f 545//1250 542//1250 546//1250
f 1117//1251 542//1251 541//1251
f 1117//1252 541//1252 1120//1252
f 1942//1253 1943//1253 989//1253
f 1942//1254 989//1254 988//1254
f 989//1255 1943//1255 1944//1255
f 989//1256 1944//1256 990//1256
f 549//1257 1016//1257 1015//1257
f 549//1258 1015//1258 529//1258
f 677//1259 678//1259 1039//1259
f 677//1260 1039//1260 1038//1260
f 549//1261 552//1261 1017//1261
f 549//1262 1017//1262 1016//1262
f 677//1263 1038//1263 1037//1263
f 677//1264 1037//1264 526//1264
f 1922//1265 652//1265 525//1265
f 1922//1266 525//1266 1921//1266
f 987//1267 988//1267 553//1267
f 987//1268 553//1268 703//1268
f 988//1269 989//1269 554//1269
f 988//1270 554//1270 553//1270
f 553//1271 554//1271 555//1271
f 553//1272 555//1272 556//1272
f 985//1273 986//1273 707//1273
f 985//1274 707//1274 704//1274
f 1941//1275 1942//1275 988//1275
f 1941//1276 988//1276 987//1276
f 552//1277 694//1277 1018//1277
f 552//1278 1018//1278 1017//1278
f 678//1279 697//1279 1040//1279
f 678//1280 1040//1280 1039//1280
f 1923//1281 1924//1281 698//1281
f 1923//1282 698//1282 650//1282
f 642//1283 1925//1283 1926//1283
f 642//1284 1926//1284 639//1284
f 679//1285 680//1285 1042//1285
f 679//1286 1042//1286 1041//1286
f 561//1287 564//1287 1020//1287
f 561//1288 1020//1288 1019//1288
f 564//1289 565//1289 1021//1289
f 564//1290 1021//1290 1020//1290
f 1938//1291 1939//1291 985//1291
f 1938//1292 985//1292 984//1292
f 1939//1293 1940//1293 986//1293
f 1939//1294 986//1294 985//1294
f 554//1295 989//1295 990//1295
f 554//1296 990//1296 531//1296
f 555//1297 554//1297 531//1297
f 555//1298 531//1298 532//1298
f 569//1299 706//1299 557//1299
f 569//1300 557//1300 568//1300
f 983//1301 706//1301 569//1301
f 983//1302 569//1302 982//1302
f 570//1303 569//1303 568//1303
f 570//1304 568//1304 571//1304
f 569//1305 570//1305 981//1305
f 569//1306 981//1306 982//1306
f 576//1307 575//1307 574//1307
f 576//1308 574//1308 573//1308
f 580//1309 579//1309 578//1309
f 580//1310 578//1310 577//1310
f 584//1311 583//1311 582//1311
f 584//1312 582//1312 581//1312
f 579//1313 586//1313 585//1313
f 579//1314 585//1314 578//1314
f 1105//1315 587//1315 544//1315
f 1105//1316 544//1316 1108//1316
f 544//1317 587//1317 584//1317
f 544//1318 584//1318 581//1318
f 1511//1319 1512//1319 1552//1319
f 1511//1320 1552//1320 1551//1320
f 1513//1321 1514//1321 1554//1321
f 1513//1322 1554//1322 1553//1322
f 860//1323 861//1323 588//1323
f 860//1324 588//1324 589//1324
f 546//1325 589//1325 588//1325
f 546//1326 588//1326 590//1326
f 1510//1327 1511//1327 1551//1327
f 1510//1328 1551//1328 1550//1328
f 1556//1329 1555//1329 1515//1329
f 1556//1330 1515//1330 1516//1330
f 1518//1331 1519//1331 1559//1331
f 1518//1332 1559//1332 1558//1332
f 576//1333 573//1333 592//1333
f 576//1334 592//1334 593//1334
f 574//1335 575//1335 1098//1335
f 574//1336 1098//1336 1102//1336
f 599//1337 596//1337 1382//1337
f 599//1338 1382//1338 1391//1338
f 1562//1339 1561//1339 1521//1339
f 1562//1340 1521//1340 1522//1340
f 596//1341 599//1341 591//1341
f 596//1342 591//1342 595//1342
f 1378//1343 1379//1343 600//1343
f 1378//1344 600//1344 601//1344
f 1377//1345 1525//1345 1526//1345
f 1377//1346 1526//1346 603//1346
f 1526//1347 1527//1347 605//1347
f 1526//1348 605//1348 603//1348
f 589//1349 546//1349 542//1349
f 589//1350 542//1350 543//1350
f 572//1351 545//1351 546//1351
f 572//1352 546//1352 590//1352
f 1550//1353 1549//1353 1509//1353
f 1550//1354 1509//1354 1510//1354
f 541//1355 545//1355 1626//1355
f 541//1356 1626//1356 1627//1356
f 859//1357 860//1357 589//1357
f 859//1358 589//1358 543//1358
f 607//1359 606//1359 1024//1359
f 607//1360 1024//1360 1023//1360
f 1936//1361 1937//1361 983//1361
f 1936//1362 983//1362 982//1362
f 614//1363 607//1363 1023//1363
f 614//1364 1023//1364 1022//1364
f 682//1365 683//1365 1045//1365
f 682//1366 1045//1366 1044//1366
f 683//1367 684//1367 1046//1367
f 683//1368 1046//1368 1045//1368
f 1928//1369 1929//1369 613//1369
f 1928//1370 613//1370 655//1370
f 613//1371 612//1371 654//1371
f 613//1372 654//1372 655//1372
f 565//1373 614//1373 1022//1373
f 565//1374 1022//1374 1021//1374
f 983//1375 984//1375 705//1375
f 983//1376 705//1376 706//1376
f 1937//1377 1938//1377 984//1377
f 1937//1378 984//1378 983//1378
f 1935//1379 1936//1379 982//1379
f 1935//1380 982//1380 981//1380
f 1581//1381 1933//1381 1934//1381
f 1581//1382 1934//1382 1546//1382
f 1582//1383 1581//1383 1546//1383
f 1582//1384 1546//1384 1547//1384
f 1537//1385 1538//1385 1574//1385
f 1537//1386 1574//1386 1573//1386
f 1929//1387 1930//1387 618//1387
f 1929//1388 618//1388 613//1388
f 613//1389 618//1389 617//1389
f 613//1390 617//1390 612//1390
f 620//1391 619//1391 659//1391
f 620//1392 659//1392 1622//1392
f 653//1393 620//1393 1622//1393
f 653//1394 1622//1394 647//1394
f 1536//1395 1572//1395 1571//1395
f 1536//1396 1571//1396 1535//1396
f 597//1397 2233//1397 2234//1397
f 597//1398 2234//1398 602//1398
f 623//1399 622//1399 626//1399
f 623//1400 626//1400 634//1400
f 625//1401 603//1401 605//1401
f 625//1402 605//1402 624//1402
f 1530//1403 626//1403 622//1403
f 1530//1404 622//1404 1529//1404
f 1531//1405 633//1405 626//1405
f 1531//1406 626//1406 1530//1406
f 1533//1407 1373//1407 656//1407
f 1533//1408 656//1408 1532//1408
f 1371//1409 1372//1409 629//1409
f 1371//1410 629//1410 630//1410
f 631//1411 628//1411 627//1411
f 631//1412 627//1412 632//1412
f 632//1413 627//1413 621//1413
f 632//1414 621//1414 598//1414
f 540//1415 555//1415 532//1415
f 540//1416 532//1416 533//1416
f 984//1417 985//1417 704//1417
f 984//1418 704//1418 705//1418
f 680//1419 681//1419 1043//1419
f 680//1420 1043//1420 1042//1420
f 1927//1421 1928//1421 655//1421
f 1927//1422 655//1422 638//1422
f 639//1423 638//1423 637//1423
f 639//1424 637//1424 636//1424
f 641//1425 640//1425 646//1425
f 641//1426 646//1426 645//1426
f 643//1427 642//1427 639//1427
f 643//1428 639//1428 636//1428
f 644//1429 641//1429 645//1429
f 644//1430 645//1430 648//1430
f 646//1431 647//1431 668//1431
f 646//1432 668//1432 669//1432
f 640//1433 653//1433 647//1433
f 640//1434 647//1434 646//1434
f 645//1435 646//1435 669//1435
f 645//1436 669//1436 670//1436
f 671//1437 648//1437 645//1437
f 671//1438 645//1438 670//1438
f 698//1439 699//1439 651//1439
f 698//1440 651//1440 650//1440
f 654//1441 637//1441 638//1441
f 654//1442 638//1442 655//1442
f 1926//1443 1927//1443 638//1443
f 1926//1444 638//1444 639//1444
f 681//1445 682//1445 1044//1445
f 681//1446 1044//1446 1043//1446
f 2239//1447 2240//1447 1376//1447
f 2239//1448 1376//1448 625//1448
f 1376//1449 1377//1449 603//1449
f 1376//1450 603//1450 625//1450
f 1373//1451 1374//1451 657//1451
f 1373//1452 657//1452 656//1452
f 1571//1453 1570//1453 1534//1453
f 1571//1454 1534//1454 1535//1454
f 633//1455 660//1455 634//1455
f 633//1456 634//1456 626//1456
f 1922//1457 1923//1457 650//1457
f 1922//1458 650//1458 652//1458
f 584//1459 587//1459 586//1459
f 584//1460 586//1460 579//1460
f 583//1461 584//1461 579//1461
f 583//1462 579//1462 580//1462
f 1555//1463 1554//1463 1514//1463
f 1555//1464 1514//1464 1515//1464
f 578//1465 585//1465 662//1465
f 578//1466 662//1466 663//1466
f 577//1467 578//1467 663//1467
f 577//1468 663//1468 664//1468
f 1557//1469 1556//1469 1516//1469
f 1557//1470 1516//1470 1517//1470
f 594//1471 1331//1471 1332//1471
f 594//1472 1332//1472 1353//1472
f 592//1473 573//1473 595//1473
f 592//1474 595//1474 591//1474
f 1519//1475 1520//1475 1560//1475
f 1519//1476 1560//1476 1559//1476
f 663//1477 662//1477 575//1477
f 663//1478 575//1478 576//1478
f 664//1479 663//1479 576//1479
f 664//1480 576//1480 593//1480
f 1517//1481 1518//1481 1558//1481
f 1517//1482 1558//1482 1557//1482
f 586//1483 587//1483 1105//1483
f 586//1484 1105//1484 1101//1484
f 1931//1485 1932//1485 1574//1485
f 1931//1486 1574//1486 1538//1486
f 665//1487 668//1487 647//1487
f 665//1488 647//1488 1622//1488
f 666//1489 600//1489 1357//1489
f 666//1490 1357//1490 1356//1490
f 1379//1491 1380//1491 1357//1491
f 1379//1492 1357//1492 600//1492
f 658//1493 665//1493 1622//1493
f 658//1494 1622//1494 659//1494
f 702//1495 672//1495 1619//1495
f 702//1496 1619//1496 701//1496
f 633//1497 656//1497 657//1497
f 633//1498 657//1498 660//1498
f 656//1499 633//1499 1531//1499
f 656//1500 1531//1500 1532//1500
f 628//1501 631//1501 630//1501
f 628//1502 630//1502 629//1502
f 1370//1503 1371//1503 630//1503
f 1370//1504 630//1504 896//1504
f 1369//1505 1370//1505 896//1505
f 1369//1506 896//1506 895//1506
f 1368//1507 1369//1507 895//1507
f 1368//1508 895//1508 897//1508
f 1367//1509 1368//1509 897//1509
f 1367//1510 897//1510 898//1510
f 1365//1511 1366//1511 899//1511
f 1365//1512 899//1512 890//1512
f 1363//1513 1364//1513 891//1513
f 1363//1514 891//1514 902//1514
f 604//1515 666//1515 597//1515
f 604//1516 597//1516 602//1516
f 604//1517 601//1517 600//1517
f 604//1518 600//1518 666//1518
f 1364//1519 1365//1519 890//1519
f 1364//1520 890//1520 891//1520
f 685//1521 550//1521 527//1521
f 685//1522 527//1522 528//1522
f 551//1523 550//1523 685//1523
f 551//1524 685//1524 686//1524
f 686//1525 695//1525 696//1525
f 686//1526 696//1526 551//1526
f 562//1527 687//1527 688//1527
f 562//1528 688//1528 563//1528
f 688//1529 689//1529 635//1529
f 688//1530 635//1530 563//1530
f 611//1531 635//1531 689//1531
f 611//1532 689//1532 690//1532
f 611//1533 690//1533 691//1533
f 611//1534 691//1534 609//1534
f 691//1535 692//1535 610//1535
f 691//1536 610//1536 609//1536
f 1541//1537 1542//1537 1577//1537
f 1541//1538 1577//1538 1576//1538
f 612//1539 617//1539 619//1539
f 612//1540 619//1540 620//1540
f 654//1541 612//1541 620//1541
f 654//1542 620//1542 653//1542
f 637//1543 654//1543 653//1543
f 637//1544 653//1544 640//1544
f 636//1545 637//1545 640//1545
f 636//1546 640//1546 641//1546
f 644//1547 643//1547 636//1547
f 644//1548 636//1548 641//1548
f 651//1549 699//1549 700//1549
f 651//1550 700//1550 649//1550
f 547//1551 549//1551 529//1551
f 547//1552 529//1552 530//1552
f 552//1553 549//1553 547//1553
f 552//1554 547//1554 548//1554
f 694//1555 552//1555 548//1555
f 694//1556 548//1556 693//1556
f 564//1557 561//1557 560//1557
f 564//1558 560//1558 566//1558
f 565//1559 564//1559 566//1559
f 565//1560 566//1560 567//1560
f 614//1561 565//1561 567//1561
f 614//1562 567//1562 615//1562
f 607//1563 614//1563 615//1563
f 607//1564 615//1564 608//1564
f 606//1565 607//1565 608//1565
f 606//1566 608//1566 616//1566
f 1580//1567 1579//1567 1544//1567
f 1580//1568 1544//1568 1545//1568
f 1573//1569 1572//1569 1536//1569
f 1573//1570 1536//1570 1537//1570
f 605//1571 1527//1571 1528//1571
f 605//1572 1528//1572 673//1572
f 673//1573 1528//1573 2235//1573
f 673//1574 2235//1574 2236//1574
f 673//1575 2236//1575 2237//1575
f 673//1576 2237//1576 674//1576
f 624//1577 605//1577 673//1577
f 624//1578 673//1578 674//1578
f 1374//1579 1375//1579 675//1579
f 1374//1580 675//1580 657//1580
f 660//1581 657//1581 675//1581
f 660//1582 675//1582 676//1582
f 624//1583 2238//1583 2239//1583
f 624//1584 2239//1584 625//1584
f 550//1585 1972//1585 1973//1585
f 550//1586 1973//1586 527//1586
f 1971//1587 1972//1587 550//1587
f 1971//1588 550//1588 551//1588
f 1970//1589 1971//1589 551//1589
f 1970//1590 551//1590 696//1590
f 1968//1591 1969//1591 562//1591
f 1968//1592 562//1592 563//1592
f 1967//1593 1968//1593 563//1593
f 1967//1594 563//1594 635//1594
f 1966//1595 1967//1595 635//1595
f 1966//1596 635//1596 611//1596
f 1965//1597 1966//1597 611//1597
f 1965//1598 611//1598 609//1598
f 1964//1599 1965//1599 609//1599
f 1964//1600 609//1600 610//1600
f 1576//1601 1962//1601 1963//1601
f 1576//1602 1963//1602 1541//1602
f 1016//1603 685//1603 528//1603
f 1016//1604 528//1604 1015//1604
f 686//1605 685//1605 1016//1605
f 686//1606 1016//1606 1017//1606
f 1017//1607 1018//1607 695//1607
f 1017//1608 695//1608 686//1608
f 687//1609 1019//1609 1020//1609
f 687//1610 1020//1610 688//1610
f 1020//1611 1021//1611 689//1611
f 1020//1612 689//1612 688//1612
f 690//1613 689//1613 1021//1613
f 690//1614 1021//1614 1022//1614
f 691//1615 690//1615 1022//1615
f 691//1616 1022//1616 1023//1616
f 1023//1617 1024//1617 692//1617
f 1023//1618 692//1618 691//1618
f 1542//1619 1543//1619 1578//1619
f 1542//1620 1578//1620 1577//1620
f 1624//1621 1509//1621 1549//1621
f 1624//1622 1549//1622 1623//1622
f 1625//1623 1626//1623 545//1623
f 1625//1624 545//1624 572//1624
f 986//1625 987//1625 703//1625
f 986//1626 703//1626 707//1626
f 1940//1627 1941//1627 987//1627
f 1940//1628 987//1628 986//1628
f 561//1629 694//1629 693//1629
f 561//1630 693//1630 560//1630
f 694//1631 561//1631 1019//1631
f 694//1632 1019//1632 1018//1632
f 695//1633 1018//1633 1019//1633
f 695//1634 1019//1634 687//1634
f 696//1635 695//1635 687//1635
f 696//1636 687//1636 562//1636
f 1969//1637 1970//1637 696//1637
f 1969//1638 696//1638 562//1638
f 697//1639 679//1639 1041//1639
f 697//1640 1041//1640 1040//1640
f 698//1641 1924//1641 1925//1641
f 698//1642 1925//1642 642//1642
f 643//1643 699//1643 698//1643
f 643//1644 698//1644 642//1644
f 700//1645 699//1645 643//1645
f 700//1646 643//1646 644//1646
f 700//1647 644//1647 648//1647
f 700//1648 648//1648 701//1648
f 702//1649 701//1649 648//1649
f 702//1650 648//1650 671//1650
f 1366//1651 1367//1651 898//1651
f 1366//1652 898//1652 899//1652
f 703//1653 553//1653 556//1653
f 703//1654 556//1654 559//1654
f 707//1655 703//1655 559//1655
f 707//1656 559//1656 708//1656
f 706//1657 705//1657 709//1657
f 706//1658 709//1658 557//1658
f 705//1659 704//1659 558//1659
f 705//1660 558//1660 709//1660
f 704//1661 707//1661 708//1661
f 704//1662 708//1662 558//1662
f 536//1663 54//1663 723//1663
f 536//1664 723//1664 724//1664
f 723//1665 54//1665 46//1665
f 723//1666 46//1666 722//1666
f 722//1667 46//1667 45//1667
f 722//1668 45//1668 721//1668
f 721//1669 45//1669 35//1669
f 721//1670 35//1670 720//1670
f 720//1671 35//1671 235//1671
f 720//1672 235//1672 719//1672
f 719//1673 235//1673 234//1673
f 719//1674 234//1674 718//1674
f 234//1675 428//1675 717//1675
f 234//1676 717//1676 718//1676
f 717//1677 428//1677 1710//1677
f 717//1678 1710//1678 1711//1678
f 2108//1679 2109//1679 1760//1679
f 2108//1680 1760//1680 1761//1680
f 715//1681 265//1681 276//1681
f 715//1682 276//1682 714//1682
f 714//1683 276//1683 281//1683
f 714//1684 281//1684 713//1684
f 713//1685 281//1685 1878//1685
f 713//1686 1878//1686 1879//1686
f 667//1687 710//1687 1392//1687
f 667//1688 1392//1688 1358//1688
f 557//1689 711//1689 712//1689
f 557//1690 712//1690 568//1690
f 47//1691 722//1691 721//1691
f 47//1692 721//1692 49//1692
f 712//1693 711//1693 914//1693
f 712//1694 914//1694 1126//1694
f 711//1695 725//1695 916//1695
f 711//1696 916//1696 914//1696
f 711//1697 557//1697 709//1697
f 711//1698 709//1698 725//1698
f 725//1699 726//1699 917//1699
f 725//1700 917//1700 916//1700
f 725//1701 709//1701 558//1701
f 725//1702 558//1702 726//1702
f 281//1703 728//1703 1877//1703
f 281//1704 1877//1704 1878//1704
f 729//1705 728//1705 281//1705
f 729//1706 281//1706 276//1706
f 730//1707 729//1707 276//1707
f 730//1708 276//1708 265//1708
f 2109//1709 2110//1709 1759//1709
f 2109//1710 1759//1710 1760//1710
f 1709//1711 1710//1711 428//1711
f 1709//1712 428//1712 732//1712
f 428//1713 234//1713 733//1713
f 428//1714 733//1714 732//1714
f 734//1715 733//1715 234//1715
f 734//1716 234//1716 235//1716
f 735//1717 734//1717 235//1717
f 735//1718 235//1718 35//1718
f 736//1719 735//1719 35//1719
f 736//1720 35//1720 45//1720
f 46//1721 737//1721 736//1721
f 46//1722 736//1722 45//1722
f 737//1723 46//1723 54//1723
f 737//1724 54//1724 738//1724
f 54//1725 536//1725 739//1725
f 54//1726 739//1726 738//1726
f 708//1727 741//1727 726//1727
f 708//1728 726//1728 558//1728
f 708//1729 559//1729 740//1729
f 708//1730 740//1730 741//1730
f 741//1731 740//1731 919//1731
f 741//1732 919//1732 918//1732
f 726//1733 741//1733 918//1733
f 726//1734 918//1734 917//1734
f 740//1735 559//1735 556//1735
f 740//1736 556//1736 727//1736
f 740//1737 727//1737 920//1737
f 740//1738 920//1738 919//1738
f 660//1739 676//1739 623//1739
f 660//1740 623//1740 634//1740
f 2238//1741 624//1741 674//1741
f 2238//1742 674//1742 2237//1742
f 1666//1743 1667//1743 364//1743
f 1666//1744 364//1744 361//1744
f 742//1745 743//1745 458//1745
f 742//1746 458//1746 459//1746
f 458//1747 743//1747 744//1747
f 458//1748 744//1748 457//1748
f 1470//1749 1471//1749 163//1749
f 1470//1750 163//1750 164//1750
f 164//1751 169//1751 1469//1751
f 164//1752 1469//1752 1470//1752
f 1835//1753 1836//1753 825//1753
f 1835//1754 825//1754 1454//1754
f 1833//1755 1834//1755 824//1755
f 1833//1756 824//1756 823//1756
f 744//1757 754//1757 755//1757
f 744//1758 755//1758 457//1758
f 169//1759 188//1759 1468//1759
f 169//1760 1468//1760 1469//1760
f 779//1761 1833//1761 823//1761
f 779//1762 823//1762 822//1762
f 1903//1763 778//1763 262//1763
f 1903//1764 262//1764 757//1764
f 757//1765 262//1765 244//1765
f 757//1766 244//1766 758//1766
f 758//1767 244//1767 237//1767
f 758//1768 237//1768 759//1768
f 1721//1769 846//1769 229//1769
f 1721//1770 229//1770 760//1770
f 1671//1771 771//1771 222//1771
f 1671//1772 222//1772 761//1772
f 936//1773 761//1773 222//1773
f 936//1774 222//1774 935//1774
f 1410//1775 755//1775 754//1775
f 1410//1776 754//1776 753//1776
f 766//1777 764//1777 783//1777
f 766//1778 783//1778 782//1778
f 1722//1779 1723//1779 1673//1779
f 1722//1780 1673//1780 1672//1780
f 764//1781 766//1781 771//1781
f 764//1782 771//1782 229//1782
f 845//1783 764//1783 229//1783
f 845//1784 229//1784 846//1784
f 770//1785 765//1785 2204//1785
f 770//1786 2204//1786 218//1786
f 222//1787 1722//1787 1672//1787
f 222//1788 1672//1788 935//1788
f 768//1789 767//1789 772//1789
f 768//1790 772//1790 773//1790
f 769//1791 768//1791 773//1791
f 769//1792 773//1792 774//1792
f 935//1793 1672//1793 765//1793
f 935//1794 765//1794 770//1794
f 770//1795 218//1795 762//1795
f 770//1796 762//1796 2205//1796
f 825//1797 1836//1797 1837//1797
f 825//1798 1837//1798 821//1798
f 775//1799 500//1799 794//1799
f 775//1800 794//1800 795//1800
f 776//1801 775//1801 795//1801
f 776//1802 795//1802 796//1802
f 1832//1803 262//1803 778//1803
f 1832//1804 778//1804 780//1804
f 273//1805 779//1805 781//1805
f 273//1806 781//1806 829//1806
f 779//1807 822//1807 830//1807
f 779//1808 830//1808 781//1808
f 1831//1809 1832//1809 780//1809
f 1831//1810 780//1810 784//1810
f 829//1811 781//1811 785//1811
f 829//1812 785//1812 828//1812
f 781//1813 830//1813 831//1813
f 781//1814 831//1814 785//1814
f 782//1815 783//1815 786//1815
f 782//1816 786//1816 787//1816
f 1830//1817 1831//1817 784//1817
f 1830//1818 784//1818 788//1818
f 828//1819 785//1819 789//1819
f 828//1820 789//1820 827//1820
f 785//1821 831//1821 832//1821
f 785//1822 832//1822 789//1822
f 844//1823 783//1823 764//1823
f 844//1824 764//1824 845//1824
f 843//1825 786//1825 783//1825
f 843//1826 783//1826 844//1826
f 787//1827 786//1827 790//1827
f 787//1828 790//1828 791//1828
f 1829//1829 1830//1829 788//1829
f 1829//1830 788//1830 792//1830
f 827//1831 789//1831 793//1831
f 827//1832 793//1832 826//1832
f 789//1833 832//1833 833//1833
f 789//1834 833//1834 793//1834
f 842//1835 790//1835 786//1835
f 842//1836 786//1836 843//1836
f 791//1837 790//1837 807//1837
f 791//1838 807//1838 808//1838
f 795//1839 794//1839 798//1839
f 795//1840 798//1840 799//1840
f 796//1841 795//1841 799//1841
f 796//1842 799//1842 800//1842
f 799//1843 798//1843 806//1843
f 799//1844 806//1844 809//1844
f 800//1845 799//1845 809//1845
f 800//1846 809//1846 802//1846
f 1446//1847 1447//1847 1444//1847
f 1446//1848 1444//1848 1445//1848
f 304//1849 803//1849 1497//1849
f 304//1850 1497//1850 1496//1850
f 803//1851 304//1851 877//1851
f 803//1852 877//1852 878//1852
f 1675//1853 1676//1853 804//1853
f 1675//1854 804//1854 243//1854
f 841//1855 807//1855 790//1855
f 841//1856 790//1856 842//1856
f 804//1857 811//1857 2199//1857
f 804//1858 2199//1858 2200//1858
f 1726//1859 1727//1859 1677//1859
f 1726//1860 1677//1860 1676//1860
f 806//1861 805//1861 810//1861
f 806//1862 810//1862 809//1862
f 811//1863 804//1863 1676//1863
f 811//1864 1676//1864 1677//1864
f 808//1865 807//1865 812//1865
f 808//1866 812//1866 813//1866
f 812//1867 807//1867 841//1867
f 812//1868 841//1868 840//1868
f 802//1869 809//1869 810//1869
f 802//1870 810//1870 331//1870
f 814//1871 818//1871 1678//1871
f 814//1872 1678//1872 1679//1872
f 1679//1873 1680//1873 849//1873
f 1679//1874 849//1874 814//1874
f 1728//1875 1729//1875 1679//1875
f 1728//1876 1679//1876 1678//1876
f 1729//1877 1730//1877 1680//1877
f 1729//1878 1680//1878 1679//1878
f 1731//1879 1732//1879 1682//1879
f 1731//1880 1682//1880 1681//1880
f 815//1881 819//1881 820//1881
f 815//1882 820//1882 817//1882
f 847//1883 848//1883 815//1883
f 847//1884 815//1884 817//1884
f 817//1885 820//1885 839//1885
f 817//1886 839//1886 838//1886
f 838//1887 872//1887 847//1887
f 838//1888 847//1888 817//1888
f 818//1889 811//1889 1677//1889
f 818//1890 1677//1890 1678//1890
f 1727//1891 1728//1891 1678//1891
f 1727//1892 1678//1892 1677//1892
f 819//1893 813//1893 812//1893
f 819//1894 812//1894 820//1894
f 820//1895 812//1895 840//1895
f 820//1896 840//1896 839//1896
f 838//1897 839//1897 1845//1897
f 838//1898 1845//1898 1846//1898
f 839//1899 840//1899 1844//1899
f 839//1900 1844//1900 1845//1900
f 1843//1901 1844//1901 840//1901
f 1843//1902 840//1902 841//1902
f 841//1903 842//1903 1842//1903
f 841//1904 1842//1904 1843//1904
f 842//1905 843//1905 1841//1905
f 842//1906 1841//1906 1842//1906
f 843//1907 844//1907 1840//1907
f 843//1908 1840//1908 1841//1908
f 844//1909 845//1909 1839//1909
f 844//1910 1839//1910 1840//1910
f 845//1911 846//1911 237//1911
f 845//1912 237//1912 1839//1912
f 872//1913 838//1913 1846//1913
f 872//1914 1846//1914 1847//1914
f 827//1915 826//1915 792//1915
f 827//1916 792//1916 788//1916
f 828//1917 827//1917 788//1917
f 828//1918 788//1918 784//1918
f 829//1919 828//1919 784//1919
f 829//1920 784//1920 780//1920
f 273//1921 829//1921 780//1921
f 273//1922 780//1922 778//1922
f 1493//1923 847//1923 872//1923
f 1493//1924 872//1924 1492//1924
f 848//1925 847//1925 1493//1925
f 848//1926 1493//1926 1494//1926
f 1730//1927 1731//1927 1681//1927
f 1730//1928 1681//1928 1680//1928
f 862//1929 850//1929 1886//1929
f 862//1930 1886//1930 1887//1930
f 851//1931 850//1931 862//1931
f 851//1932 862//1932 863//1932
f 852//1933 851//1933 863//1933
f 852//1934 863//1934 864//1934
f 2100//1935 2101//1935 1768//1935
f 2100//1936 1768//1936 1769//1936
f 1655//1937 1656//1937 866//1937
f 1655//1938 866//1938 854//1938
f 866//1939 867//1939 855//1939
f 866//1940 855//1940 854//1940
f 856//1941 855//1941 867//1941
f 856//1942 867//1942 868//1942
f 857//1943 856//1943 868//1943
f 857//1944 868//1944 869//1944
f 860//1945 859//1945 544//1945
f 860//1946 544//1946 581//1946
f 861//1947 860//1947 581//1947
f 861//1948 581//1948 582//1948
f 1553//1949 1552//1949 1512//1949
f 1553//1950 1512//1950 1513//1950
f 255//1951 862//1951 1887//1951
f 255//1952 1887//1952 1888//1952
f 862//1953 255//1953 246//1953
f 862//1954 246//1954 863//1954
f 863//1955 246//1955 240//1955
f 863//1956 240//1956 864//1956
f 1769//1957 1770//1957 2099//1957
f 1769//1958 2099//1958 2100//1958
f 1656//1959 1657//1959 423//1959
f 1656//1960 423//1960 866//1960
f 423//1961 215//1961 867//1961
f 423//1962 867//1962 866//1962
f 868//1963 867//1963 215//1963
f 868//1964 215//1964 216//1964
f 869//1965 868//1965 216//1965
f 869//1966 216//1966 40//1966
f 1108//1967 544//1967 859//1967
f 1108//1968 859//1968 1111//1968
f 811//1969 818//1969 2198//1969
f 811//1970 2198//1970 2199//1970
f 814//1971 849//1971 2196//1971
f 814//1972 2196//1972 2197//1972
f 1495//1973 870//1973 2194//1973
f 1495//1974 2194//1974 2195//1974
f 870//1975 876//1975 2193//1975
f 870//1976 2193//1976 2194//1976
f 1495//1977 849//1977 1680//1977
f 1495//1978 1680//1978 1681//1978
f 1681//1979 1682//1979 870//1979
f 1681//1980 870//1980 1495//1980
f 876//1981 870//1981 1682//1981
f 876//1982 1682//1982 1683//1982
f 1492//1983 872//1983 1847//1983
f 1492//1984 1847//1984 1848//1984
f 874//1985 873//1985 971//1985
f 874//1986 971//1986 961//1986
f 875//1987 874//1987 961//1987
f 875//1988 961//1988 962//1988
f 1733//1989 1734//1989 1684//1989
f 1733//1990 1684//1990 1683//1990
f 968//1991 876//1991 1683//1991
f 968//1992 1683//1992 1684//1992
f 876//1993 968//1993 2192//1993
f 876//1994 2192//1994 2193//1994
f 966//1995 878//1995 877//1995
f 966//1996 877//1996 970//1996
f 879//1997 967//1997 963//1997
f 879//1998 963//1998 880//1998
f 2196//1999 849//1999 1495//1999
f 2196//2000 1495//2000 2195//2000
f 666//2001 1356//2001 903//2001
f 666//2002 903//2002 597//2002
f 2232//2003 2233//2003 597//2003
f 2232//2004 597//2004 903//2004
f 632//2005 598//2005 887//2005
f 632//2006 887//2006 888//2006
f 889//2007 631//2007 632//2007
f 889//2008 632//2008 888//2008
f 888//2009 887//2009 894//2009
f 888//2010 894//2010 893//2010
f 895//2011 896//2011 889//2011
f 895//2012 889//2012 892//2012
f 631//2013 889//2013 896//2013
f 631//2014 896//2014 630//2014
f 945//2015 946//2015 1074//2015
f 945//2016 1074//2016 1081//2016
f 946//2017 947//2017 1067//2017
f 946//2018 1067//2018 1074//2018
f 947//2019 948//2019 1060//2019
f 947//2020 1060//2020 1067//2020
f 727//2021 540//2021 915//2021
f 727//2022 915//2022 920//2022
f 727//2023 556//2023 555//2023
f 727//2024 555//2024 540//2024
f 2231//2025 2232//2025 903//2025
f 2231//2026 903//2026 904//2026
f 2230//2027 2231//2027 904//2027
f 2230//2028 904//2028 521//2028
f 2171//2029 1164//2029 1163//2029
f 2171//2030 1163//2030 2170//2030
f 904//2031 903//2031 1355//2031
f 904//2032 1355//2032 1354//2032
f 521//2033 904//2033 1354//2033
f 521//2034 1354//2034 911//2034
f 912//2035 911//2035 1056//2035
f 912//2036 1056//2036 1057//2036
f 1125//2037 913//2037 539//2037
f 1125//2038 539//2038 1123//2038
f 914//2039 913//2039 1125//2039
f 914//2040 1125//2040 1126//2040
f 921//2041 915//2041 534//2041
f 921//2042 534//2042 535//2042
f 914//2043 916//2043 922//2043
f 914//2044 922//2044 913//2044
f 916//2045 917//2045 923//2045
f 916//2046 923//2046 922//2046
f 917//2047 918//2047 924//2047
f 917//2048 924//2048 923//2048
f 919//2049 920//2049 926//2049
f 919//2050 926//2050 925//2050
f 918//2051 919//2051 925//2051
f 918//2052 925//2052 924//2052
f 920//2053 915//2053 921//2053
f 920//2054 921//2054 926//2054
f 913//2055 922//2055 538//2055
f 913//2056 538//2056 539//2056
f 922//2057 923//2057 537//2057
f 922//2058 537//2058 538//2058
f 923//2059 924//2059 724//2059
f 923//2060 724//2060 537//2060
f 925//2061 926//2061 739//2061
f 925//2062 739//2062 536//2062
f 924//2063 925//2063 536//2063
f 924//2064 536//2064 724//2064
f 926//2065 921//2065 535//2065
f 926//2066 535//2066 739//2066
f 927//2067 901//2067 900//2067
f 927//2068 900//2068 929//2068
f 928//2069 927//2069 929//2069
f 928//2070 929//2070 930//2070
f 1330//2071 928//2071 930//2071
f 1330//2072 930//2072 1329//2072
f 1317//2073 1318//2073 1321//2073
f 1317//2074 1321//2074 1320//2074
f 929//2075 900//2075 107//2075
f 929//2076 107//2076 1326//2076
f 930//2077 929//2077 1326//2077
f 930//2078 1326//2078 1327//2078
f 933//2079 7//2079 1389//2079
f 933//2080 1389//2080 1388//2080
f 1318//2081 1317//2081 2080//2081
f 1318//2082 2080//2082 2081//2082
f 1359//2083 1386//2083 1387//2083
f 1359//2084 1387//2084 978//2084
f 1686//2085 2138//2085 2139//2085
f 1686//2086 2139//2086 1685//2086
f 1395//2087 1396//2087 976//2087
f 1395//2088 976//2088 974//2088
f 1853//2089 1394//2089 977//2089
f 1853//2090 977//2090 1852//2090
f 1736//2091 1397//2091 975//2091
f 1736//2092 975//2092 1735//2092
f 1394//2093 1395//2093 974//2093
f 1394//2094 974//2094 977//2094
f 979//2095 1388//2095 1389//2095
f 979//2096 1389//2096 972//2096
f 972//2097 1389//2097 1390//2097
f 972//2098 1390//2098 1308//2098
f 1321//2099 1330//2099 1329//2099
f 1321//2100 1329//2100 1320//2100
f 1317//2101 1316//2101 2079//2101
f 1317//2102 2079//2102 2080//2102
f 7//2103 1307//2103 1390//2103
f 7//2104 1390//2104 1389//2104
f 1329//2105 930//2105 1327//2105
f 1329//2106 1327//2106 1328//2106
f 1316//2107 1317//2107 1320//2107
f 1316//2108 1320//2108 1319//2108
f 89//2109 88//2109 77//2109
f 89//2110 77//2110 956//2110
f 955//2111 956//2111 958//2111
f 955//2112 958//2112 957//2112
f 74//2113 64//2113 959//2113
f 74//2114 959//2114 73//2114
f 958//2115 956//2115 77//2115
f 958//2116 77//2116 960//2116
f 960//2117 77//2117 73//2117
f 960//2118 73//2118 959//2118
f 1850//2119 1851//2119 971//2119
f 1850//2120 971//2120 873//2120
f 1547//2121 1508//2121 1548//2121
f 1547//2122 1548//2122 1582//2122
f 1579//2123 1578//2123 1543//2123
f 1579//2124 1543//2124 1544//2124
f 126//2125 524//2125 1413//2125
f 126//2126 1413//2126 1414//2126
f 1048//2127 1198//2127 1889//2127
f 1048//2128 1889//2128 1890//2128
f 1198//2129 1048//2129 1051//2129
f 1198//2130 1051//2130 1197//2130
f 422//2131 1194//2131 1658//2131
f 422//2132 1658//2132 1659//2132
f 2097//2133 2098//2133 1771//2133
f 2097//2134 1771//2134 1772//2134
f 1050//2135 1196//2135 1197//2135
f 1050//2136 1197//2136 1051//2136
f 423//2137 1657//2137 1658//2137
f 423//2138 1658//2138 1194//2138
f 2098//2139 2099//2139 1770//2139
f 2098//2140 1770//2140 1771//2140
f 240//2141 246//2141 1197//2141
f 240//2142 1197//2142 1196//2142
f 246//2143 255//2143 1198//2143
f 246//2144 1198//2144 1197//2144
f 1198//2145 255//2145 1888//2145
f 1198//2146 1888//2146 1889//2146
f 1336//2147 1337//2147 1057//2147
f 1336//2148 1057//2148 1056//2148
f 1065//2149 1058//2149 1062//2149
f 1065//2150 1062//2150 1069//2150
f 1059//2151 2144//2151 2145//2151
f 1059//2152 2145//2152 1066//2152
f 1060//2153 1059//2153 1066//2153
f 1060//2154 1066//2154 1067//2154
f 1062//2155 1061//2155 1068//2155
f 1062//2156 1068//2156 1069//2156
f 1063//2157 1064//2157 1071//2157
f 1063//2158 1071//2158 1070//2158
f 1072//2159 1065//2159 1069//2159
f 1072//2160 1069//2160 1076//2160
f 1066//2161 2145//2161 2146//2161
f 1066//2162 2146//2162 1073//2162
f 1067//2163 1066//2163 1073//2163
f 1067//2164 1073//2164 1074//2164
f 1069//2165 1068//2165 1075//2165
f 1069//2166 1075//2166 1076//2166
f 1068//2167 1063//2167 1070//2167
f 1068//2168 1070//2168 1075//2168
f 1070//2169 1071//2169 1078//2169
f 1070//2170 1078//2170 1077//2170
f 1072//2171 1076//2171 1083//2171
f 1072//2172 1083//2172 1079//2172
f 1073//2173 2146//2173 2147//2173
f 1073//2174 2147//2174 1080//2174
f 1074//2175 1073//2175 1080//2175
f 1074//2176 1080//2176 1081//2176
f 1076//2177 1075//2177 1082//2177
f 1076//2178 1082//2178 1083//2178
f 1075//2179 1070//2179 1077//2179
f 1075//2180 1077//2180 1082//2180
f 1085//2181 1084//2181 1077//2181
f 1085//2182 1077//2182 1078//2182
f 1090//2183 1086//2183 1079//2183
f 1090//2184 1079//2184 1083//2184
f 2147//2185 2148//2185 1087//2185
f 2147//2186 1087//2186 1080//2186
f 1087//2187 1088//2187 1081//2187
f 1087//2188 1081//2188 1080//2188
f 1089//2189 1090//2189 1083//2189
f 1089//2190 1083//2190 1082//2190
f 1084//2191 1089//2191 1082//2191
f 1084//2192 1082//2192 1077//2192
f 1084//2193 1085//2193 1091//2193
f 1084//2194 1091//2194 1127//2194
f 1086//2195 1090//2195 1129//2195
f 1086//2196 1129//2196 1130//2196
f 1087//2197 2148//2197 2149//2197
f 1087//2198 2149//2198 1131//2198
f 1088//2199 1087//2199 1131//2199
f 1088//2200 1131//2200 1132//2200
f 1090//2201 1089//2201 1128//2201
f 1090//2202 1128//2202 1129//2202
f 1089//2203 1084//2203 1127//2203
f 1089//2204 1127//2204 1128//2204
f 1334//2205 1335//2205 1350//2205
f 1334//2206 1350//2206 1351//2206
f 1335//2207 1336//2207 1056//2207
f 1335//2208 1056//2208 1350//2208
f 1061//2209 1093//2209 1063//2209
f 1061//2210 1063//2210 1068//2210
f 1093//2211 1092//2211 1064//2211
f 1093//2212 1064//2212 1063//2212
f 1094//2213 1095//2213 1071//2213
f 1094//2214 1071//2214 1064//2214
f 1094//2215 1098//2215 1099//2215
f 1094//2216 1099//2216 1095//2216
f 1095//2217 1096//2217 1078//2217
f 1095//2218 1078//2218 1071//2218
f 1095//2219 1099//2219 1100//2219
f 1095//2220 1100//2220 1096//2220
f 1096//2221 1097//2221 1085//2221
f 1096//2222 1085//2222 1078//2222
f 1101//2223 1097//2223 1096//2223
f 1101//2224 1096//2224 1100//2224
f 661//2225 523//2225 1618//2225
f 661//2226 1618//2226 1621//2226
f 672//2227 661//2227 1621//2227
f 672//2228 1621//2228 1619//2228
f 1099//2229 1098//2229 575//2229
f 1099//2230 575//2230 662//2230
f 1100//2231 1099//2231 662//2231
f 1100//2232 662//2232 585//2232
f 586//2233 1101//2233 1100//2233
f 586//2234 1100//2234 585//2234
f 1352//2235 1333//2235 1334//2235
f 1352//2236 1334//2236 1351//2236
f 1098//2237 1094//2237 1103//2237
f 1098//2238 1103//2238 1102//2238
f 1332//2239 1333//2239 1352//2239
f 1332//2240 1352//2240 1353//2240
f 1103//2241 1094//2241 1064//2241
f 1103//2242 1064//2242 1092//2242
f 1097//2243 1104//2243 1091//2243
f 1097//2244 1091//2244 1085//2244
f 1097//2245 1101//2245 1105//2245
f 1097//2246 1105//2246 1104//2246
f 1104//2247 1107//2247 1106//2247
f 1104//2248 1106//2248 1091//2248
f 1104//2249 1105//2249 1108//2249
f 1104//2250 1108//2250 1107//2250
f 1107//2251 1108//2251 1111//2251
f 1107//2252 1111//2252 1110//2252
f 1107//2253 1110//2253 1109//2253
f 1107//2254 1109//2254 1106//2254
f 1110//2255 1113//2255 1112//2255
f 1110//2256 1112//2256 1109//2256
f 1110//2257 1111//2257 1114//2257
f 1110//2258 1114//2258 1113//2258
f 1113//2259 1116//2259 1115//2259
f 1113//2260 1115//2260 1112//2260
f 1113//2261 1114//2261 1117//2261
f 1113//2262 1117//2262 1116//2262
f 1116//2263 1119//2263 1118//2263
f 1116//2264 1118//2264 1115//2264
f 1116//2265 1117//2265 1120//2265
f 1116//2266 1120//2266 1119//2266
f 1128//2267 1127//2267 1158//2267
f 1128//2268 1158//2268 1159//2268
f 1129//2269 1128//2269 1159//2269
f 1129//2270 1159//2270 1160//2270
f 1130//2271 1129//2271 1160//2271
f 1130//2272 1160//2272 1161//2272
f 1131//2273 2149//2273 2150//2273
f 1131//2274 2150//2274 1162//2274
f 1132//2275 1131//2275 1162//2275
f 1132//2276 1162//2276 1163//2276
f 1133//2277 1132//2277 1163//2277
f 1133//2278 1163//2278 1164//2278
f 1134//2279 2222//2279 2221//2279
f 1134//2280 2221//2280 1165//2280
f 1134//2281 1165//2281 1166//2281
f 1134//2282 1166//2282 1135//2282
f 1135//2283 1166//2283 1167//2283
f 1135//2284 1167//2284 1136//2284
f 1137//2285 1136//2285 1167//2285
f 1137//2286 1167//2286 1168//2286
f 1168//2287 1169//2287 1138//2287
f 1168//2288 1138//2288 1137//2288
f 1139//2289 1138//2289 1169//2289
f 1139//2290 1169//2290 1170//2290
f 1139//2291 1170//2291 1267//2291
f 1139//2292 1267//2292 1266//2292
f 1140//2293 1266//2293 1267//2293
f 1140//2294 1267//2294 1171//2294
f 1269//2295 1270//2295 1172//2295
f 1269//2296 1172//2296 1141//2296
f 1142//2297 1141//2297 1172//2297
f 1142//2298 1172//2298 1173//2298
f 1173//2299 1174//2299 1143//2299
f 1173//2300 1143//2300 1142//2300
f 1174//2301 1175//2301 1144//2301
f 1174//2302 1144//2302 1143//2302
f 2087//2303 2088//2303 1144//2303
f 2087//2304 1144//2304 1175//2304
f 4549//2305 4550//2305 1145//2305
f 4549//2306 1145//2306 1176//2306
f 1177//2307 1178//2307 1147//2307
f 1177//2308 1147//2308 1146//2308
f 1147//2309 1178//2309 1179//2309
f 1147//2310 1179//2310 1148//2310
f 2169//2311 2170//2311 1163//2311
f 2169//2312 1163//2312 1162//2312
f 2150//2313 2168//2313 2169//2313
f 2150//2314 2169//2314 1162//2314
f 2166//2315 2167//2315 1161//2315
f 2166//2316 1161//2316 1160//2316
f 2165//2317 2166//2317 1160//2317
f 2165//2318 1160//2318 1159//2318
f 1150//2319 1149//2319 1154//2319
f 1150//2320 1154//2320 1155//2320
f 1149//2321 2151//2321 2152//2321
f 1149//2322 2152//2322 1154//2322
f 1151//2323 1152//2323 1157//2323
f 1151//2324 1157//2324 1156//2324
f 1152//2325 1153//2325 18//2325
f 1152//2326 18//2326 1157//2326
f 1119//2327 1629//2327 1630//2327
f 1119//2328 1630//2328 1118//2328
f 1119//2329 1120//2329 1628//2329
f 1119//2330 1628//2330 1629//2330
f 1882//2331 1883//2331 1187//2331
f 1882//2332 1187//2332 275//2332
f 1632//2333 1633//2333 39//2333
f 1632//2334 39//2334 1188//2334
f 1247//2335 1631//2335 1632//2335
f 1247//2336 1632//2336 1188//2336
f 1188//2337 39//2337 858//2337
f 1188//2338 858//2338 1189//2338
f 1188//2339 1189//2339 1246//2339
f 1188//2340 1246//2340 1247//2340
f 1153//2341 1199//2341 1190//2341
f 1153//2342 1190//2342 18//2342
f 2164//2343 2165//2343 1159//2343
f 2164//2344 1159//2344 1158//2344
f 1155//2345 1154//2345 1200//2345
f 1155//2346 1200//2346 1201//2346
f 1154//2347 2152//2347 2153//2347
f 1154//2348 2153//2348 1200//2348
f 1202//2349 1156//2349 1157//2349
f 1202//2350 1157//2350 1203//2350
f 1157//2351 18//2351 17//2351
f 1157//2352 17//2352 1203//2352
f 1201//2353 1200//2353 1204//2353
f 1201//2354 1204//2354 1205//2354
f 1200//2355 2153//2355 2154//2355
f 1200//2356 2154//2356 1204//2356
f 1202//2357 1203//2357 1207//2357
f 1202//2358 1207//2358 1206//2358
f 1203//2359 17//2359 212//2359
f 1203//2360 212//2360 1207//2360
f 1205//2361 1204//2361 1208//2361
f 1205//2362 1208//2362 1209//2362
f 1204//2363 2154//2363 2155//2363
f 1204//2364 2155//2364 1208//2364
f 1206//2365 1207//2365 1211//2365
f 1206//2366 1211//2366 1210//2366
f 1207//2367 212//2367 211//2367
f 1207//2368 211//2368 1211//2368
f 1208//2369 2155//2369 2156//2369
f 1208//2370 2156//2370 1212//2370
f 1213//2371 1210//2371 1211//2371
f 1213//2372 1211//2372 1214//2372
f 1211//2373 211//2373 422//2373
f 1211//2374 422//2374 1214//2374
f 1660//2375 1661//2375 1213//2375
f 1660//2376 1213//2376 1214//2376
f 1214//2377 422//2377 1659//2377
f 1214//2378 1659//2378 1660//2378
f 2156//2379 2157//2379 1662//2379
f 2156//2380 1662//2380 1212//2380
f 1054//2381 1215//2381 1218//2381
f 1054//2382 1218//2382 1055//2382
f 1215//2383 1216//2383 1219//2383
f 1215//2384 1219//2384 1218//2384
f 1219//2385 1216//2385 1217//2385
f 1219//2386 1217//2386 1220//2386
f 1217//2387 1050//2387 1051//2387
f 1217//2388 1051//2388 1220//2388
f 1055//2389 1218//2389 1221//2389
f 1055//2390 1221//2390 1053//2390
f 1218//2391 1219//2391 1222//2391
f 1218//2392 1222//2392 1221//2392
f 1222//2393 1219//2393 1220//2393
f 1222//2394 1220//2394 1223//2394
f 1220//2395 1051//2395 1048//2395
f 1220//2396 1048//2396 1223//2396
f 1053//2397 1221//2397 1893//2397
f 1053//2398 1893//2398 1894//2398
f 1221//2399 1222//2399 1892//2399
f 1221//2400 1892//2400 1893//2400
f 1891//2401 1892//2401 1222//2401
f 1891//2402 1222//2402 1223//2402
f 1223//2403 1048//2403 1890//2403
f 1223//2404 1890//2404 1891//2404
f 1127//2405 1091//2405 1106//2405
f 1127//2406 1106//2406 1158//2406
f 943//2407 905//2407 2092//2407
f 943//2408 2092//2408 1663//2408
f 443//2409 1248//2409 1054//2409
f 443//2410 1054//2410 1055//2410
f 443//2411 1055//2411 1053//2411
f 443//2412 1053//2412 444//2412
f 1894//2413 1895//2413 444//2413
f 1894//2414 444//2414 1053//2414
f 1784//2415 1785//2415 1249//2415
f 1784//2416 1249//2416 15//2416
f 1251//2417 1855//2417 1856//2417
f 1251//2418 1856//2418 1260//2418
f 1252//2419 1251//2419 1260//2419
f 1252//2420 1260//2420 1259//2420
f 1253//2421 1252//2421 1259//2421
f 1253//2422 1259//2422 1258//2422
f 1254//2423 1738//2423 1739//2423
f 1254//2424 1739//2424 1257//2424
f 2135//2425 2136//2425 1688//2425
f 2135//2426 1688//2426 1689//2426
f 1264//2427 1262//2427 1995//2427
f 1264//2428 1995//2428 1994//2428
f 1263//2429 1262//2429 1264//2429
f 1263//2430 1264//2430 1411//2430
f 651//2431 649//2431 1263//2431
f 651//2432 1263//2432 1411//2432
f 1269//2433 1268//2433 68//2433
f 1269//2434 68//2434 1140//2434
f 1171//2435 1270//2435 1269//2435
f 1171//2436 1269//2436 1140//2436
f 2180//2437 2181//2437 1172//2437
f 2180//2438 1172//2438 1270//2438
f 1270//2439 1171//2439 2179//2439
f 1270//2440 2179//2440 2180//2440
f 2178//2441 2179//2441 1171//2441
f 2178//2442 1171//2442 1267//2442
f 1785//2443 1786//2443 1271//2443
f 1785//2444 1271//2444 1249//2444
f 1786//2445 1787//2445 1272//2445
f 1786//2446 1272//2446 1271//2446
f 1272//2447 1787//2447 1788//2447
f 1272//2448 1788//2448 1273//2448
f 1788//2449 1789//2449 1274//2449
f 1788//2450 1274//2450 1273//2450
f 1789//2451 1790//2451 1275//2451
f 1789//2452 1275//2452 1274//2452
f 1275//2453 1790//2453 1791//2453
f 1275//2454 1791//2454 1276//2454
f 1791//2455 1792//2455 1277//2455
f 1791//2456 1277//2456 1276//2456
f 1792//2457 1793//2457 1278//2457
f 1792//2458 1278//2458 1277//2458
f 1278//2459 1793//2459 1794//2459
f 1278//2460 1794//2460 1279//2460
f 1279//2461 1794//2461 1795//2461
f 1279//2462 1795//2462 1643//2462
f 1280//2463 1796//2463 1797//2463
f 1280//2464 1797//2464 1281//2464
f 1797//2465 1798//2465 1297//2465
f 1797//2466 1297//2466 1281//2466
f 1282//2467 1804//2467 1805//2467
f 1282//2468 1805//2468 1283//2468
f 1806//2469 1807//2469 1284//2469
f 1806//2470 1284//2470 1285//2470
f 1805//2471 1806//2471 1285//2471
f 1805//2472 1285//2472 1283//2472
f 1284//2473 1807//2473 1808//2473
f 1284//2474 1808//2474 1286//2474
f 1286//2475 1808//2475 1960//2475
f 1286//2476 1960//2476 1961//2476
f 1809//2477 1810//2477 1288//2477
f 1809//2478 1288//2478 1287//2478
f 1812//2479 1813//2479 1289//2479
f 1812//2480 1289//2480 1290//2480
f 1288//2481 1810//2481 1811//2481
f 1288//2482 1811//2482 1296//2482
f 1291//2483 1814//2483 1815//2483
f 1291//2484 1815//2484 1292//2484
f 1904//2485 1905//2485 1816//2485
f 1904//2486 1816//2486 1293//2486
f 1816//2487 1817//2487 1294//2487
f 1816//2488 1294//2488 1293//2488
f 1817//2489 1818//2489 1426//2489
f 1817//2490 1426//2490 1294//2490
f 1289//2491 1813//2491 1989//2491
f 1289//2492 1989//2492 1990//2492
f 1811//2493 1812//2493 1290//2493
f 1811//2494 1290//2494 1296//2494
f 1798//2495 1799//2495 1298//2495
f 1798//2496 1298//2496 1297//2496
f 1802//2497 1803//2497 1299//2497
f 1802//2498 1299//2498 1300//2498
f 1803//2499 1804//2499 1282//2499
f 1803//2500 1282//2500 1299//2500
f 1800//2501 1801//2501 1301//2501
f 1800//2502 1301//2502 1302//2502
f 1801//2503 1802//2503 1300//2503
f 1801//2504 1300//2504 1301//2504
f 1298//2505 1799//2505 1800//2505
f 1298//2506 1800//2506 1302//2506
f 102//2507 1305//2507 2227//2507
f 102//2508 2227//2508 2226//2508
f 1305//2509 102//2509 89//2509
f 1305//2510 89//2510 1306//2510
f 1329//2511 1328//2511 1319//2511
f 1329//2512 1319//2512 1320//2512
f 1311//2513 1859//2513 1819//2513
f 1311//2514 1819//2514 349//2514
f 1312//2515 1311//2515 349//2515
f 1312//2516 349//2516 1860//2516
f 1313//2517 1312//2517 1860//2517
f 1313//2518 1860//2518 345//2518
f 1314//2519 1742//2519 342//2519
f 1314//2520 342//2520 337//2520
f 2226//2521 2227//2521 948//2521
f 2226//2522 948//2522 947//2522
f 2225//2523 2226//2523 947//2523
f 2225//2524 947//2524 946//2524
f 2224//2525 2225//2525 946//2525
f 2224//2526 946//2526 945//2526
f 2223//2527 2224//2527 945//2527
f 2223//2528 945//2528 944//2528
f 2222//2529 2223//2529 944//2529
f 2222//2530 944//2530 1133//2530
f 2221//2531 2222//2531 1133//2531
f 2221//2532 1133//2532 1164//2532
f 2171//2533 2220//2533 2221//2533
f 2171//2534 2221//2534 1164//2534
f 2218//2535 2219//2535 910//2535
f 2218//2536 910//2536 909//2536
f 2217//2537 2218//2537 909//2537
f 2217//2538 909//2538 908//2538
f 2216//2539 2217//2539 908//2539
f 2216//2540 908//2540 907//2540
f 2215//2541 2216//2541 907//2541
f 2215//2542 907//2542 906//2542
f 2214//2543 2215//2543 906//2543
f 2214//2544 906//2544 905//2544
f 943//2545 2213//2545 2214//2545
f 943//2546 2214//2546 905//2546
f 943//2547 942//2547 2212//2547
f 943//2548 2212//2548 2213//2548
f 942//2549 941//2549 2211//2549
f 942//2550 2211//2550 2212//2550
f 941//2551 940//2551 2210//2551
f 941//2552 2210//2552 2211//2552
f 2209//2553 2210//2553 940//2553
f 2209//2554 940//2554 939//2554
f 938//2555 2208//2555 2209//2555
f 938//2556 2209//2556 939//2556
f 1461//2557 2207//2557 2208//2557
f 1461//2558 2208//2558 938//2558
f 2205//2559 2206//2559 937//2559
f 2205//2560 937//2560 936//2560
f 770//2561 2205//2561 936//2561
f 770//2562 936//2562 935//2562
f 1620//2563 1323//2563 120//2563
f 1620//2564 120//2564 419//2564
f 1306//2565 89//2565 956//2565
f 1306//2566 956//2566 955//2566
f 1331//2567 574//2567 1102//2567
f 1331//2568 1102//2568 1332//2568
f 1333//2569 1332//2569 1102//2569
f 1333//2570 1102//2570 1103//2570
f 1333//2571 1103//2571 1092//2571
f 1333//2572 1092//2572 1334//2572
f 1335//2573 1334//2573 1092//2573
f 1335//2574 1092//2574 1093//2574
f 1336//2575 1335//2575 1093//2575
f 1336//2576 1093//2576 1061//2576
f 1337//2577 1336//2577 1061//2577
f 1337//2578 1061//2578 1062//2578
f 1338//2579 1337//2579 1062//2579
f 1338//2580 1062//2580 1058//2580
f 1339//2581 2143//2581 2144//2581
f 1339//2582 2144//2582 1059//2582
f 1340//2583 1339//2583 1059//2583
f 1340//2584 1059//2584 1060//2584
f 1341//2585 1340//2585 1060//2585
f 1341//2586 1060//2586 948//2586
f 2227//2587 2228//2587 1341//2587
f 2227//2588 1341//2588 948//2588
f 2228//2589 2227//2589 1305//2589
f 2228//2590 1305//2590 1342//2590
f 1343//2591 1342//2591 1305//2591
f 1343//2592 1305//2592 1306//2592
f 1343//2593 1306//2593 955//2593
f 1343//2594 955//2594 1344//2594
f 1345//2595 1344//2595 953//2595
f 1345//2596 953//2596 954//2596
f 1346//2597 1345//2597 954//2597
f 1346//2598 954//2598 949//2598
f 2090//2599 2091//2599 1346//2599
f 2090//2600 1346//2600 949//2600
f 4552//2601 4553//2601 1303//2601
f 4552//2602 1303//2602 950//2602
f 1348//2603 1347//2603 952//2603
f 1348//2604 952//2604 951//2604
f 1348//2605 951//2605 980//2605
f 1348//2606 980//2606 1349//2606
f 957//2607 953//2607 1344//2607
f 957//2608 1344//2608 955//2608
f 1331//2609 594//2609 596//2609
f 1331//2610 596//2610 595//2610
f 596//2611 594//2611 1381//2611
f 596//2612 1381//2612 1382//2612
f 574//2613 1331//2613 595//2613
f 574//2614 595//2614 573//2614
f 1056//2615 911//2615 1354//2615
f 1056//2616 1354//2616 1350//2616
f 1350//2617 1354//2617 1355//2617
f 1350//2618 1355//2618 1351//2618
f 1383//2619 1352//2619 1351//2619
f 1383//2620 1351//2620 1355//2620
f 1353//2621 1352//2621 1383//2621
f 1353//2622 1383//2622 1384//2622
f 1381//2623 594//2623 1353//2623
f 1381//2624 1353//2624 1384//2624
f 1356//2625 1383//2625 1355//2625
f 1356//2626 1355//2626 903//2626
f 1359//2627 934//2627 1385//2627
f 1359//2628 1385//2628 1386//2628
f 121//2629 1360//2629 1386//2629
f 121//2630 1386//2630 1385//2630
f 121//2631 120//2631 1361//2631
f 121//2632 1361//2632 1360//2632
f 1362//2633 1361//2633 120//2633
f 1362//2634 120//2634 1323//2634
f 1363//2635 1362//2635 1323//2635
f 1363//2636 1323//2636 523//2636
f 1364//2637 1363//2637 523//2637
f 1364//2638 523//2638 661//2638
f 1365//2639 1364//2639 661//2639
f 1365//2640 661//2640 672//2640
f 1366//2641 1365//2641 672//2641
f 1366//2642 672//2642 702//2642
f 1367//2643 1366//2643 702//2643
f 1367//2644 702//2644 671//2644
f 1368//2645 1367//2645 671//2645
f 1368//2646 671//2646 670//2646
f 670//2647 669//2647 1369//2647
f 670//2648 1369//2648 1368//2648
f 669//2649 668//2649 1370//2649
f 669//2650 1370//2650 1369//2650
f 1371//2651 1370//2651 668//2651
f 1371//2652 668//2652 665//2652
f 1372//2653 1371//2653 665//2653
f 1372//2654 665//2654 658//2654
f 1374//2655 1373//2655 1583//2655
f 1374//2656 1583//2656 1584//2656
f 1375//2657 1374//2657 1584//2657
f 1375//2658 1584//2658 1585//2658
f 2240//2659 2241//2659 1586//2659
f 2240//2660 1586//2660 1376//2660
f 1377//2661 1376//2661 1586//2661
f 1377//2662 1586//2662 1587//2662
f 710//2663 667//2663 1379//2663
f 710//2664 1379//2664 1378//2664
f 1380//2665 1379//2665 667//2665
f 1380//2666 667//2666 1358//2666
f 1380//2667 1358//2667 1382//2667
f 1380//2668 1382//2668 1381//2668
f 1357//2669 1380//2669 1381//2669
f 1357//2670 1381//2670 1384//2670
f 1356//2671 1357//2671 1384//2671
f 1356//2672 1384//2672 1383//2672
f 1391//2673 1382//2673 1358//2673
f 1391//2674 1358//2674 1392//2674
f 1563//2675 1562//2675 1522//2675
f 1563//2676 1522//2676 1523//2676
f 1564//2677 1563//2677 1523//2677
f 1564//2678 1523//2678 1524//2678
f 196//2679 197//2679 1465//2679
f 196//2680 1465//2680 1466//2680
f 197//2681 205//2681 1464//2681
f 197//2682 1464//2682 1465//2682
f 470//2683 196//2683 1466//2683
f 470//2684 1466//2684 1467//2684
f 1407//2685 1408//2685 1405//2685
f 1407//2686 1405//2686 1404//2686
f 1409//2687 1407//2687 1404//2687
f 1409//2688 1404//2688 1406//2688
f 752//2689 763//2689 1409//2689
f 752//2690 1409//2690 1406//2690
f 1408//2691 1410//2691 753//2691
f 1408//2692 753//2692 1405//2692
f 472//2693 471//2693 209//2693
f 472//2694 209//2694 390//2694
f 651//2695 1412//2695 652//2695
f 651//2696 652//2696 650//2696
f 652//2697 1412//2697 524//2697
f 652//2698 524//2698 525//2698
f 1414//2699 1413//2699 1047//2699
f 1414//2700 1047//2700 104//2700
f 1414//2701 104//2701 103//2701
f 1414//2702 103//2702 1415//2702
f 1428//2703 1857//2703 1858//2703
f 1428//2704 1858//2704 330//2704
f 1429//2705 1428//2705 330//2705
f 1429//2706 330//2706 324//2706
f 1430//2707 1429//2707 324//2707
f 1430//2708 324//2708 319//2708
f 1431//2709 1740//2709 1741//2709
f 1431//2710 1741//2710 312//2710
f 1690//2711 1691//2711 2133//2711
f 1690//2712 2133//2712 2134//2712
f 1047//2713 1434//2713 1993//2713
f 1047//2714 1993//2714 1992//2714
f 1412//2715 1435//2715 1413//2715
f 1412//2716 1413//2716 524//2716
f 1435//2717 1434//2717 1047//2717
f 1435//2718 1047//2718 1413//2718
f 1435//2719 1412//2719 651//2719
f 1435//2720 651//2720 1411//2720
f 1434//2721 1435//2721 1411//2721
f 1434//2722 1411//2722 1264//2722
f 1438//2723 456//2723 454//2723
f 1438//2724 454//2724 1439//2724
f 1439//2725 454//2725 417//2725
f 1439//2726 417//2726 1440//2726
f 1440//2727 417//2727 776//2727
f 1440//2728 776//2728 1441//2728
f 1441//2729 776//2729 796//2729
f 1441//2730 796//2730 1442//2730
f 1442//2731 796//2731 800//2731
f 1442//2732 800//2732 1443//2732
f 1443//2733 800//2733 802//2733
f 1443//2734 802//2734 1444//2734
f 331//2735 1445//2735 1444//2735
f 331//2736 1444//2736 802//2736
f 814//2737 2197//2737 2198//2737
f 814//2738 2198//2738 818//2738
f 1447//2739 1446//2739 1496//2739
f 1447//2740 1496//2740 1497//2740
f 1448//2741 1447//2741 1497//2741
f 1448//2742 1497//2742 1498//2742
f 1449//2743 1448//2743 1498//2743
f 1449//2744 1498//2744 1499//2744
f 1450//2745 1449//2745 1499//2745
f 1450//2746 1499//2746 1500//2746
f 1451//2747 1450//2747 1500//2747
f 1451//2748 1500//2748 1501//2748
f 1452//2749 1451//2749 1501//2749
f 1452//2750 1501//2750 1502//2750
f 1453//2751 1452//2751 1502//2751
f 1453//2752 1502//2752 1503//2752
f 1834//2753 1835//2753 1454//2753
f 1834//2754 1454//2754 824//2754
f 1456//2755 1901//2755 1902//2755
f 1456//2756 1902//2756 746//2756
f 1457//2757 1456//2757 746//2757
f 1457//2758 746//2758 747//2758
f 1458//2759 1457//2759 747//2759
f 1458//2760 747//2760 748//2760
f 1459//2761 1719//2761 1720//2761
f 1459//2762 1720//2762 749//2762
f 1669//2763 1670//2763 750//2763
f 1669//2764 750//2764 1460//2764
f 1461//2765 1460//2765 750//2765
f 1461//2766 750//2766 937//2766
f 2206//2767 2207//2767 1461//2767
f 2206//2768 1461//2768 937//2768
f 1462//2769 2207//2769 2206//2769
f 1462//2770 2206//2770 751//2770
f 1462//2771 751//2771 752//2771
f 1462//2772 752//2772 1463//2772
f 1463//2773 752//2773 1406//2773
f 1463//2774 1406//2774 1464//2774
f 1465//2775 1464//2775 1406//2775
f 1465//2776 1406//2776 1404//2776
f 1466//2777 1465//2777 1404//2777
f 1466//2778 1404//2778 1405//2778
f 1467//2779 1466//2779 1405//2779
f 1467//2780 1405//2780 753//2780
f 1467//2781 753//2781 754//2781
f 1467//2782 754//2782 1468//2782
f 1468//2783 754//2783 744//2783
f 1468//2784 744//2784 1469//2784
f 1469//2785 744//2785 743//2785
f 1469//2786 743//2786 1470//2786
f 743//2787 742//2787 1471//2787
f 743//2788 1471//2788 1470//2788
f 1828//2789 1829//2789 792//2789
f 1828//2790 792//2790 1472//2790
f 826//2791 793//2791 1473//2791
f 826//2792 1473//2792 1474//2792
f 793//2793 833//2793 1475//2793
f 793//2794 1475//2794 1473//2794
f 792//2795 826//2795 1474//2795
f 792//2796 1474//2796 1472//2796
f 1480//2797 1474//2797 1473//2797
f 1480//2798 1473//2798 1479//2798
f 1479//2799 1473//2799 1475//2799
f 1479//2800 1475//2800 1481//2800
f 1479//2801 1481//2801 1483//2801
f 1479//2802 1483//2802 1484//2802
f 1480//2803 1479//2803 1484//2803
f 1480//2804 1484//2804 1485//2804
f 1486//2805 1487//2805 1603//2805
f 1486//2806 1603//2806 1604//2806
f 1487//2807 1488//2807 1602//2807
f 1487//2808 1602//2808 1603//2808
f 1487//2809 1486//2809 1489//2809
f 1487//2810 1489//2810 1490//2810
f 1490//2811 1489//2811 1591//2811
f 1490//2812 1591//2812 1590//2812
f 1491//2813 1490//2813 1590//2813
f 1491//2814 1590//2814 1589//2814
f 871//2815 1492//2815 1848//2815
f 871//2816 1848//2816 1849//2816
f 455//2817 448//2817 1437//2817
f 455//2818 1437//2818 1503//2818
f 1453//2819 1503//2819 1437//2819
f 1453//2820 1437//2820 449//2820
f 1504//2821 452//2821 451//2821
f 1504//2822 451//2822 1505//2822
f 1506//2823 1505//2823 451//2823
f 1506//2824 451//2824 456//2824
f 449//2825 450//2825 1506//2825
f 449//2826 1506//2826 1507//2826
f 1453//2827 449//2827 1507//2827
f 1453//2828 1507//2828 1438//2828
f 1507//2829 1506//2829 456//2829
f 1507//2830 456//2830 1438//2830
f 570//2831 571//2831 1508//2831
f 570//2832 1508//2832 1547//2832
f 1624//2833 1625//2833 572//2833
f 1624//2834 572//2834 1509//2834
f 1509//2835 572//2835 590//2835
f 1509//2836 590//2836 1510//2836
f 590//2837 588//2837 1511//2837
f 590//2838 1511//2838 1510//2838
f 861//2839 1512//2839 1511//2839
f 861//2840 1511//2840 588//2840
f 1512//2841 861//2841 582//2841
f 1512//2842 582//2842 1513//2842
f 1514//2843 1513//2843 582//2843
f 1514//2844 582//2844 583//2844
f 1514//2845 583//2845 580//2845
f 1514//2846 580//2846 1515//2846
f 1515//2847 580//2847 577//2847
f 1515//2848 577//2848 1516//2848
f 1516//2849 577//2849 664//2849
f 1516//2850 664//2850 1517//2850
f 1518//2851 1517//2851 664//2851
f 1518//2852 664//2852 593//2852
f 593//2853 592//2853 1519//2853
f 593//2854 1519//2854 1518//2854
f 1520//2855 1519//2855 592//2855
f 1520//2856 592//2856 591//2856
f 1521//2857 599//2857 1391//2857
f 1521//2858 1391//2858 1522//2858
f 1522//2859 1391//2859 1392//2859
f 1522//2860 1392//2860 1523//2860
f 1523//2861 1392//2861 710//2861
f 1523//2862 710//2862 1524//2862
f 1526//2863 1525//2863 1378//2863
f 1526//2864 1378//2864 601//2864
f 1527//2865 1526//2865 601//2865
f 1527//2866 601//2866 604//2866
f 1527//2867 604//2867 602//2867
f 1527//2868 602//2868 1528//2868
f 2234//2869 2235//2869 1528//2869
f 2234//2870 1528//2870 602//2870
f 1530//2871 1529//2871 621//2871
f 1530//2872 621//2872 627//2872
f 628//2873 1531//2873 1530//2873
f 628//2874 1530//2874 627//2874
f 1532//2875 1531//2875 628//2875
f 1532//2876 628//2876 629//2876
f 1533//2877 1532//2877 629//2877
f 1533//2878 629//2878 1372//2878
f 1534//2879 1533//2879 1372//2879
f 1534//2880 1372//2880 658//2880
f 1534//2881 658//2881 659//2881
f 1534//2882 659//2882 1535//2882
f 619//2883 1536//2883 1535//2883
f 619//2884 1535//2884 659//2884
f 1536//2885 619//2885 617//2885
f 1536//2886 617//2886 1537//2886
f 618//2887 1538//2887 1537//2887
f 618//2888 1537//2888 617//2888
f 1538//2889 618//2889 1930//2889
f 1538//2890 1930//2890 1931//2890
f 1963//2891 1964//2891 610//2891
f 1963//2892 610//2892 1541//2892
f 692//2893 1542//2893 1541//2893
f 692//2894 1541//2894 610//2894
f 1024//2895 1543//2895 1542//2895
f 1024//2896 1542//2896 692//2896
f 1543//2897 1024//2897 606//2897
f 1543//2898 606//2898 1544//2898
f 1544//2899 606//2899 616//2899
f 1544//2900 616//2900 1545//2900
f 1934//2901 1935//2901 981//2901
f 1934//2902 981//2902 1546//2902
f 1546//2903 981//2903 570//2903
f 1546//2904 570//2904 1547//2904
f 1565//2905 1564//2905 1524//2905
f 1565//2906 1524//2906 1587//2906
f 1566//2907 1565//2907 1587//2907
f 1566//2908 1587//2908 1586//2908
f 2241//2909 2242//2909 1566//2909
f 2241//2910 1566//2910 1586//2910
f 1585//2911 1584//2911 1568//2911
f 1585//2912 1568//2912 1567//2912
f 1569//2913 1568//2913 1584//2913
f 1569//2914 1584//2914 1583//2914
f 1534//2915 1570//2915 1569//2915
f 1534//2916 1569//2916 1583//2916
f 1378//2917 1525//2917 1524//2917
f 1378//2918 1524//2918 710//2918
f 1377//2919 1587//2919 1524//2919
f 1377//2920 1524//2920 1525//2920
f 1533//2921 1534//2921 1583//2921
f 1533//2922 1583//2922 1373//2922
f 873//2923 871//2923 1849//2923
f 873//2924 1849//2924 1850//2924
f 1592//2925 1593//2925 1596//2925
f 1592//2926 1596//2926 1597//2926
f 1593//2927 1594//2927 1595//2927
f 1593//2928 1595//2928 1596//2928
f 1607//2929 1608//2929 1824//2929
f 1607//2930 1824//2930 1825//2930
f 1823//2931 1824//2931 1608//2931
f 1823//2932 1608//2932 1609//2932
f 1822//2933 1823//2933 1609//2933
f 1822//2934 1609//2934 1610//2934
f 1590//2935 1593//2935 1592//2935
f 1590//2936 1592//2936 1589//2936
f 1591//2937 1594//2937 1593//2937
f 1591//2938 1593//2938 1590//2938
f 1610//2939 1611//2939 1821//2939
f 1610//2940 1821//2940 1822//2940
f 1820//2941 1821//2941 1611//2941
f 1820//2942 1611//2942 1612//2942
f 1485//2943 1484//2943 1603//2943
f 1485//2944 1603//2944 1602//2944
f 1484//2945 1483//2945 1604//2945
f 1484//2946 1604//2946 1603//2946
f 1607//2947 1825//2947 1826//2947
f 1607//2948 1826//2948 1606//2948
f 1605//2949 1606//2949 1826//2949
f 1605//2950 1826//2950 1827//2950
f 1605//2951 1827//2951 1828//2951
f 1605//2952 1828//2952 1472//2952
f 1488//2953 1487//2953 1490//2953
f 1488//2954 1490//2954 1491//2954
f 1605//2955 1472//2955 1474//2955
f 1605//2956 1474//2956 1480//2956
f 1485//2957 1606//2957 1605//2957
f 1485//2958 1605//2958 1480//2958
f 1485//2959 1602//2959 1607//2959
f 1485//2960 1607//2960 1606//2960
f 1608//2961 1607//2961 1602//2961
f 1608//2962 1602//2962 1488//2962
f 1608//2963 1488//2963 1491//2963
f 1608//2964 1491//2964 1609//2964
f 1609//2965 1491//2965 1589//2965
f 1609//2966 1589//2966 1610//2966
f 1611//2967 1610//2967 1589//2967
f 1611//2968 1589//2968 1592//2968
f 1611//2969 1592//2969 1597//2969
f 1611//2970 1597//2970 1612//2970
f 1520//2971 591//2971 599//2971
f 1520//2972 599//2972 1521//2972
f 1561//2973 1560//2973 1520//2973
f 1561//2974 1520//2974 1521//2974
f 1624//2975 1623//2975 2243//2975
f 1624//2976 2243//2976 2244//2976
f 1625//2977 1624//2977 2244//2977
f 1625//2978 2244//2978 2245//2978
f 1626//2979 1625//2979 2245//2979
f 1626//2980 2245//2980 2246//2980
f 1627//2981 1626//2981 2246//2981
f 1627//2982 2246//2982 2247//2982
f 1628//2983 1627//2983 2247//2983
f 1628//2984 2247//2984 2248//2984
f 1629//2985 1628//2985 2248//2985
f 1629//2986 2248//2986 2249//2986
f 1629//2987 2249//2987 2250//2987
f 1629//2988 2250//2988 1630//2988
f 1632//2989 1631//2989 1122//2989
f 1632//2990 1122//2990 1124//2990
f 1633//2991 1632//2991 1124//2991
f 1633//2992 1124//2992 1121//2992
f 1634//2993 1633//2993 1121//2993
f 1634//2994 1121//2994 1180//2994
f 1635//2995 1634//2995 1180//2995
f 1635//2996 1180//2996 1181//2996
f 1636//2997 1635//2997 1181//2997
f 1636//2998 1181//2998 1182//2998
f 1637//2999 1636//2999 1182//2999
f 1637//3000 1182//3000 1183//3000
f 1715//3001 1716//3001 1637//3001
f 1715//3002 1637//3002 1183//3002
f 2103//3003 2104//3003 1765//3003
f 2103//3004 1765//3004 1766//3004
f 1639//3005 1185//3005 1186//3005
f 1639//3006 1186//3006 1640//3006
f 1640//3007 1186//3007 1187//3007
f 1640//3008 1187//3008 1641//3008
f 1641//3009 1187//3009 1883//3009
f 1641//3010 1883//3010 1884//3010
f 1795//3011 1796//3011 1280//3011
f 1795//3012 1280//3012 1643//3012
f 5//3013 116//3013 1646//3013
f 5//3014 1646//3014 1645//3014
f 116//3015 112//3015 1647//3015
f 116//3016 1647//3016 1646//3016
f 4546//3017 4547//3017 113//3017
f 4546//3018 113//3018 1648//3018
f 2074//3019 2086//3019 2085//3019
f 2074//3020 2085//3020 2073//3020
f 2086//3021 111//3021 1649//3021
f 2086//3022 1649//3022 2085//3022
f 111//3023 117//3023 1650//3023
f 111//3024 1650//3024 1649//3024
f 117//3025 96//3025 1651//3025
f 117//3026 1651//3026 1650//3026
f 96//3027 93//3027 1652//3027
f 96//3028 1652//3028 1651//3028
f 93//3029 90//3029 1653//3029
f 93//3030 1653//3030 1652//3030
f 90//3031 91//3031 1654//3031
f 90//3032 1654//3032 1653//3032
f 91//3033 92//3033 404//3033
f 91//3034 404//3034 1654//3034
f 403//3035 98//3035 1654//3035
f 403//3036 1654//3036 404//3036
f 853//3037 865//3037 1656//3037
f 853//3038 1656//3038 1655//3038
f 865//3039 232//3039 1657//3039
f 865//3040 1657//3040 1656//3040
f 1658//3041 1657//3041 232//3041
f 1658//3042 232//3042 1195//3042
f 1659//3043 1658//3043 1195//3043
f 1659//3044 1195//3044 1049//3044
f 420//3045 360//3045 1665//3045
f 420//3046 1665//3046 1664//3046
f 360//3047 359//3047 1666//3047
f 360//3048 1666//3048 1665//3048
f 359//3049 363//3049 1667//3049
f 359//3050 1667//3050 1666//3050
f 223//3051 1668//3051 1667//3051
f 223//3052 1667//3052 363//3052
f 223//3053 1459//3053 1669//3053
f 223//3054 1669//3054 1668//3054
f 1459//3055 749//3055 1670//3055
f 1459//3056 1670//3056 1669//3056
f 749//3057 760//3057 1671//3057
f 749//3058 1671//3058 1670//3058
f 760//3059 229//3059 771//3059
f 760//3060 771//3060 1671//3060
f 1686//3061 1685//3061 975//3061
f 1686//3062 975//3062 1397//3062
f 1687//3063 1686//3063 1397//3063
f 1687//3064 1397//3064 318//3064
f 1254//3065 1688//3065 1687//3065
f 1254//3066 1687//3066 318//3066
f 1689//3067 1688//3067 1254//3067
f 1689//3068 1254//3068 1257//3068
f 1689//3069 1257//3069 1431//3069
f 1689//3070 1431//3070 1690//3070
f 1431//3071 312//3071 1691//3071
f 1431//3072 1691//3072 1690//3072
f 2023//3073 2024//3073 1691//3073
f 2023//3074 1691//3074 312//3074
f 2023//3075 1314//3075 1692//3075
f 2023//3076 1692//3076 2024//3076
f 1692//3077 1314//3077 337//3077
f 1692//3078 337//3078 2047//3078
f 1421//3079 329//3079 1694//3079
f 1421//3080 1694//3080 1693//3080
f 329//3081 328//3081 1695//3081
f 329//3082 1695//3082 1694//3082
f 328//3083 1912//3083 1913//3083
f 328//3084 1913//3084 1695//3084
f 480//3085 1697//3085 1696//3085
f 480//3086 1696//3086 1029//3086
f 1698//3087 1981//3087 1982//3087
f 1698//3088 1982//3088 317//3088
f 317//3089 492//3089 1699//3089
f 317//3090 1699//3090 1698//3090
f 492//3091 1007//3091 1700//3091
f 492//3092 1700//3092 1699//3092
f 309//3093 1701//3093 1700//3093
f 309//3094 1700//3094 1007//3094
f 1702//3095 1701//3095 309//3095
f 1702//3096 309//3096 308//3096
f 1703//3097 1952//3097 1953//3097
f 1703//3098 1953//3098 998//3098
f 998//3099 294//3099 1704//3099
f 998//3100 1704//3100 1703//3100
f 1705//3101 1704//3101 294//3101
f 1705//3102 294//3102 295//3102
f 295//3103 285//3103 1706//3103
f 295//3104 1706//3104 1705//3104
f 285//3105 279//3105 1707//3105
f 285//3106 1707//3106 1706//3106
f 279//3107 267//3107 1708//3107
f 279//3108 1708//3108 1707//3108
f 267//3109 731//3109 1709//3109
f 267//3110 1709//3110 1708//3110
f 731//3111 256//3111 1710//3111
f 731//3112 1710//3112 1709//3112
f 1711//3113 1710//3113 256//3113
f 1711//3114 256//3114 716//3114
f 257//3115 1712//3115 1711//3115
f 257//3116 1711//3116 716//3116
f 257//3117 247//3117 1713//3117
f 257//3118 1713//3118 1712//3118
f 247//3119 248//3119 1714//3119
f 247//3120 1714//3120 1713//3120
f 1715//3121 1714//3121 248//3121
f 1715//3122 248//3122 1184//3122
f 1638//3123 1716//3123 1715//3123
f 1638//3124 1715//3124 1184//3124
f 1717//3125 1716//3125 1638//3125
f 1717//3126 1638//3126 231//3126
f 231//3127 853//3127 1655//3127
f 231//3128 1655//3128 1717//3128
f 1719//3129 1718//3129 230//3129
f 1719//3130 230//3130 1458//3130
f 1720//3131 1719//3131 1458//3131
f 1720//3132 1458//3132 748//3132
f 759//3133 1721//3133 1720//3133
f 759//3134 1720//3134 748//3134
f 759//3135 237//3135 846//3135
f 759//3136 846//3136 1721//3136
f 766//3137 1722//3137 222//3137
f 766//3138 222//3138 771//3138
f 1723//3139 1722//3139 766//3139
f 1723//3140 766//3140 782//3140
f 1724//3141 1723//3141 782//3141
f 1724//3142 782//3142 787//3142
f 1725//3143 1724//3143 787//3143
f 1725//3144 787//3144 791//3144
f 1726//3145 1725//3145 791//3145
f 1726//3146 791//3146 808//3146
f 1727//3147 1726//3147 808//3147
f 1727//3148 808//3148 813//3148
f 1728//3149 1727//3149 813//3149
f 1728//3150 813//3150 819//3150
f 1729//3151 1728//3151 819//3151
f 1729//3152 819//3152 815//3152
f 848//3153 1730//3153 1729//3153
f 848//3154 1729//3154 815//3154
f 1731//3155 1730//3155 848//3155
f 1731//3156 848//3156 1494//3156
f 816//3157 1732//3157 1731//3157
f 816//3158 1731//3158 1494//3158
f 1733//3159 1732//3159 816//3159
f 1733//3160 816//3160 875//3160
f 1734//3161 1733//3161 875//3161
f 1734//3162 875//3162 962//3162
f 1736//3163 1735//3163 976//3163
f 1736//3164 976//3164 1396//3164
f 1737//3165 1736//3165 1396//3165
f 1737//3166 1396//3166 1613//3166
f 1253//3167 1738//3167 1737//3167
f 1253//3168 1737//3168 1613//3168
f 1739//3169 1738//3169 1253//3169
f 1739//3170 1253//3170 1258//3170
f 1739//3171 1258//3171 1430//3171
f 1739//3172 1430//3172 1740//3172
f 1741//3173 1740//3173 1430//3173
f 1741//3174 1430//3174 319//3174
f 2021//3175 2022//3175 1741//3175
f 2021//3176 1741//3176 319//3176
f 2021//3177 1313//3177 1742//3177
f 2021//3178 1742//3178 2022//3178
f 1742//3179 1313//3179 345//3179
f 1742//3180 345//3180 342//3180
f 1744//3181 1743//3181 1422//3181
f 1744//3182 1422//3182 336//3182
f 1745//3183 1744//3183 336//3183
f 1745//3184 336//3184 335//3184
f 1910//3185 1911//3185 1745//3185
f 1910//3186 1745//3186 335//3186
f 479//3187 1747//3187 1746//3187
f 479//3188 1746//3188 1028//3188
f 1748//3189 1983//3189 1984//3189
f 1748//3190 1984//3190 323//3190
f 1749//3191 1748//3191 323//3191
f 1749//3192 323//3192 491//3192
f 1750//3193 1749//3193 491//3193
f 1750//3194 491//3194 1006//3194
f 316//3195 1751//3195 1750//3195
f 316//3196 1750//3196 1006//3196
f 1752//3197 1751//3197 316//3197
f 1752//3198 316//3198 315//3198
f 1753//3199 1954//3199 1955//3199
f 1753//3200 1955//3200 999//3200
f 1754//3201 1753//3201 999//3201
f 1754//3202 999//3202 300//3202
f 1755//3203 1754//3203 300//3203
f 1755//3204 300//3204 301//3204
f 1756//3205 1755//3205 301//3205
f 1756//3206 301//3206 293//3206
f 284//3207 1757//3207 1756//3207
f 284//3208 1756//3208 293//3208
f 1758//3209 1757//3209 284//3209
f 1758//3210 284//3210 278//3210
f 1759//3211 1758//3211 278//3211
f 1759//3212 278//3212 730//3212
f 1760//3213 1759//3213 730//3213
f 1760//3214 730//3214 265//3214
f 1761//3215 1760//3215 265//3215
f 1761//3216 265//3216 715//3216
f 266//3217 1762//3217 1761//3217
f 266//3218 1761//3218 715//3218
f 1763//3219 1762//3219 266//3219
f 1763//3220 266//3220 252//3220
f 1764//3221 1763//3221 252//3221
f 1764//3222 252//3222 253//3222
f 1765//3223 1764//3223 253//3223
f 1765//3224 253//3224 1185//3224
f 1766//3225 1765//3225 1185//3225
f 1766//3226 1185//3226 1639//3226
f 1767//3227 1766//3227 1639//3227
f 1767//3228 1639//3228 239//3228
f 1768//3229 1767//3229 239//3229
f 1768//3230 239//3230 852//3230
f 1769//3231 1768//3231 852//3231
f 1769//3232 852//3232 864//3232
f 864//3233 240//3233 1770//3233
f 864//3234 1770//3234 1769//3234
f 1771//3235 1770//3235 240//3235
f 1771//3236 240//3236 1196//3236
f 1772//3237 1771//3237 1196//3237
f 1772//3238 1196//3238 1050//3238
f 1773//3239 1772//3239 1050//3239
f 1773//3240 1050//3240 1217//3240
f 1216//3241 1774//3241 1773//3241
f 1216//3242 1773//3242 1217//3242
f 1775//3243 1774//3243 1216//3243
f 1775//3244 1216//3244 1215//3244
f 1776//3245 1775//3245 1215//3245
f 1776//3246 1215//3246 1054//3246
f 1777//3247 1776//3247 1054//3247
f 1777//3248 1054//3248 1248//3248
f 379//3249 1778//3249 1777//3249
f 379//3250 1777//3250 1248//3250
f 379//3251 365//3251 1779//3251
f 379//3252 1779//3252 1778//3252
f 1780//3253 1779//3253 365//3253
f 1780//3254 365//3254 366//3254
f 1781//3255 1780//3255 366//3255
f 1781//3256 366//3256 370//3256
f 230//3257 1718//3257 1781//3257
f 230//3258 1781//3258 370//3258
f 378//3259 382//3259 1783//3259
f 378//3260 1783//3260 1782//3260
f 382//3261 442//3261 1784//3261
f 382//3262 1784//3262 1783//3262
f 442//3263 1052//3263 1785//3263
f 442//3264 1785//3264 1784//3264
f 1052//3265 1241//3265 1786//3265
f 1052//3266 1786//3266 1785//3266
f 1241//3267 1242//3267 1787//3267
f 1241//3268 1787//3268 1786//3268
f 1788//3269 1787//3269 1242//3269
f 1788//3270 1242//3270 1243//3270
f 1243//3271 1240//3271 1789//3271
f 1243//3272 1789//3272 1788//3272
f 1240//3273 1239//3273 1790//3273
f 1240//3274 1790//3274 1789//3274
f 1791//3275 1790//3275 1239//3275
f 1791//3276 1239//3276 1238//3276
f 1238//3277 1237//3277 1792//3277
f 1238//3278 1792//3278 1791//3278
f 1237//3279 1225//3279 1793//3279
f 1237//3280 1793//3280 1792//3280
f 1794//3281 1793//3281 1225//3281
f 1794//3282 1225//3282 1224//3282
f 1795//3283 1794//3283 1224//3283
f 1795//3284 1224//3284 1642//3284
f 1642//3285 1226//3285 1796//3285
f 1642//3286 1796//3286 1795//3286
f 1797//3287 1796//3287 1226//3287
f 1797//3288 1226//3288 1228//3288
f 1228//3289 1227//3289 1798//3289
f 1228//3290 1798//3290 1797//3290
f 1227//3291 1229//3291 1799//3291
f 1227//3292 1799//3292 1798//3292
f 1800//3293 1799//3293 1229//3293
f 1800//3294 1229//3294 1236//3294
f 1236//3295 1235//3295 1801//3295
f 1236//3296 1801//3296 1800//3296
f 1235//3297 1231//3297 1802//3297
f 1235//3298 1802//3298 1801//3298
f 1231//3299 1230//3299 1803//3299
f 1231//3300 1803//3300 1802//3300
f 1230//3301 1232//3301 1804//3301
f 1230//3302 1804//3302 1803//3302
f 1805//3303 1804//3303 1232//3303
f 1805//3304 1232//3304 1233//3304
f 1233//3305 1234//3305 1806//3305
f 1233//3306 1806//3306 1805//3306
f 1234//3307 320//3307 1807//3307
f 1234//3308 1807//3308 1806//3308
f 1808//3309 1807//3309 320//3309
f 1808//3310 320//3310 1002//3310
f 1959//3311 1960//3311 1808//3311
f 1959//3312 1808//3312 1002//3312
f 332//3313 333//3313 1810//3313
f 332//3314 1810//3314 1809//3314
f 1811//3315 1810//3315 333//3315
f 1811//3316 333//3316 1003//3316
f 1003//3317 488//3317 1812//3317
f 1003//3318 1812//3318 1811//3318
f 488//3319 339//3319 1813//3319
f 488//3320 1813//3320 1812//3320
f 1988//3321 1989//3321 1813//3321
f 1988//3322 1813//3322 339//3322
f 1815//3323 1814//3323 476//3323
f 1815//3324 476//3324 1025//3324
f 1816//3325 1905//3325 1906//3325
f 1816//3326 1906//3326 347//3326
f 347//3327 348//3327 1817//3327
f 347//3328 1817//3328 1816//3328
f 348//3329 1425//3329 1818//3329
f 348//3330 1818//3330 1817//3330
f 1599//3331 1601//3331 1821//3331
f 1599//3332 1821//3332 1820//3332
f 1822//3333 1821//3333 1601//3333
f 1822//3334 1601//3334 1600//3334
f 1598//3335 1823//3335 1822//3335
f 1598//3336 1822//3336 1600//3336
f 1598//3337 1588//3337 1824//3337
f 1598//3338 1824//3338 1823//3338
f 1825//3339 1824//3339 1588//3339
f 1825//3340 1588//3340 1482//3340
f 1826//3341 1825//3341 1482//3341
f 1826//3342 1482//3342 1478//3342
f 1827//3343 1826//3343 1478//3343
f 1827//3344 1478//3344 1477//3344
f 1828//3345 1827//3345 1477//3345
f 1828//3346 1477//3346 1476//3346
f 837//3347 1829//3347 1828//3347
f 837//3348 1828//3348 1476//3348
f 836//3349 1830//3349 1829//3349
f 836//3350 1829//3350 837//3350
f 835//3351 1831//3351 1830//3351
f 835//3352 1830//3352 836//3352
f 834//3353 1832//3353 1831//3353
f 834//3354 1831//3354 835//3354
f 244//3355 262//3355 1832//3355
f 244//3356 1832//3356 834//3356
f 273//3357 756//3357 1833//3357
f 273//3358 1833//3358 779//3358
f 756//3359 745//3359 1834//3359
f 756//3360 1834//3360 1833//3360
f 1455//3361 1835//3361 1834//3361
f 1455//3362 1834//3362 745//3362
f 1455//3363 375//3363 1836//3363
f 1455//3364 1836//3364 1835//3364
f 1837//3365 1836//3365 375//3365
f 1837//3366 375//3366 376//3366
f 376//3367 377//3367 1838//3367
f 376//3368 1838//3368 1837//3368
f 377//3369 378//3369 1782//3369
f 377//3370 1782//3370 1838//3370
f 1839//3371 237//3371 244//3371
f 1839//3372 244//3372 834//3372
f 1840//3373 1839//3373 834//3373
f 1840//3374 834//3374 835//3374
f 1841//3375 1840//3375 835//3375
f 1841//3376 835//3376 836//3376
f 1842//3377 1841//3377 836//3377
f 1842//3378 836//3378 837//3378
f 1843//3379 1842//3379 837//3379
f 1843//3380 837//3380 1476//3380
f 1476//3381 1477//3381 1844//3381
f 1476//3382 1844//3382 1843//3382
f 1845//3383 1844//3383 1477//3383
f 1845//3384 1477//3384 1478//3384
f 1846//3385 1845//3385 1478//3385
f 1846//3386 1478//3386 1482//3386
f 1847//3387 1846//3387 1482//3387
f 1847//3388 1482//3388 1588//3388
f 1848//3389 1847//3389 1588//3389
f 1848//3390 1588//3390 1598//3390
f 1849//3391 1848//3391 1598//3391
f 1849//3392 1598//3392 1600//3392
f 1850//3393 1849//3393 1600//3393
f 1850//3394 1600//3394 1601//3394
f 1599//3395 1851//3395 1850//3395
f 1599//3396 1850//3396 1601//3396
f 1853//3397 1852//3397 1644//3397
f 1853//3398 1644//3398 1393//3398
f 1854//3399 1853//3399 1393//3399
f 1854//3400 1393//3400 1616//3400
f 1250//3401 1855//3401 1854//3401
f 1250//3402 1854//3402 1616//3402
f 1856//3403 1855//3403 1250//3403
f 1856//3404 1250//3404 1261//3404
f 1856//3405 1261//3405 1427//3405
f 1856//3406 1427//3406 1857//3406
f 1858//3407 1857//3407 1427//3407
f 1858//3408 1427//3408 338//3408
f 2017//3409 2018//3409 1858//3409
f 2017//3410 1858//3410 338//3410
f 2017//3411 1310//3411 1859//3411
f 2017//3412 1859//3412 2018//3412
f 1859//3413 1310//3413 1295//3413
f 1859//3414 1295//3414 1819//3414
f 1862//3415 1861//3415 1425//3415
f 1862//3416 1425//3416 348//3416
f 1863//3417 1862//3417 348//3417
f 1863//3418 348//3418 347//3418
f 1906//3419 1907//3419 1863//3419
f 1906//3420 1863//3420 347//3420
f 476//3421 1865//3421 1864//3421
f 476//3422 1864//3422 1025//3422
f 1866//3423 1987//3423 1988//3423
f 1866//3424 1988//3424 339//3424
f 1867//3425 1866//3425 339//3425
f 1867//3426 339//3426 488//3426
f 1868//3427 1867//3427 488//3427
f 1868//3428 488//3428 1003//3428
f 333//3429 1869//3429 1868//3429
f 333//3430 1868//3430 1003//3430
f 1870//3431 1869//3431 333//3431
f 1870//3432 333//3432 332//3432
f 1871//3433 1958//3433 1959//3433
f 1871//3434 1959//3434 1002//3434
f 320//3435 1872//3435 1871//3435
f 320//3436 1871//3436 1002//3436
f 1873//3437 1872//3437 320//3437
f 1873//3438 320//3438 1234//3438
f 1874//3439 1873//3439 1234//3439
f 1874//3440 1234//3440 1233//3440
f 1232//3441 1875//3441 1874//3441
f 1232//3442 1874//3442 1233//3442
f 1876//3443 1875//3443 1232//3443
f 1876//3444 1232//3444 1230//3444
f 1877//3445 1876//3445 1230//3445
f 1877//3446 1230//3446 1231//3446
f 1878//3447 1877//3447 1231//3447
f 1878//3448 1231//3448 1235//3448
f 1879//3449 1878//3449 1235//3449
f 1879//3450 1235//3450 1236//3450
f 1229//3451 1880//3451 1879//3451
f 1229//3452 1879//3452 1236//3452
f 1881//3453 1880//3453 1229//3453
f 1881//3454 1229//3454 1227//3454
f 1882//3455 1881//3455 1227//3455
f 1882//3456 1227//3456 1228//3456
f 1226//3457 1883//3457 1882//3457
f 1226//3458 1882//3458 1228//3458
f 1884//3459 1883//3459 1226//3459
f 1884//3460 1226//3460 1642//3460
f 1885//3461 1884//3461 1642//3461
f 1885//3462 1642//3462 1224//3462
f 1886//3463 1885//3463 1224//3463
f 1886//3464 1224//3464 1225//3464
f 1887//3465 1886//3465 1225//3465
f 1887//3466 1225//3466 1237//3466
f 1888//3467 1887//3467 1237//3467
f 1888//3468 1237//3468 1238//3468
f 1889//3469 1888//3469 1238//3469
f 1889//3470 1238//3470 1239//3470
f 1890//3471 1889//3471 1239//3471
f 1890//3472 1239//3472 1240//3472
f 1891//3473 1890//3473 1240//3473
f 1891//3474 1240//3474 1243//3474
f 1242//3475 1892//3475 1891//3475
f 1242//3476 1891//3476 1243//3476
f 1893//3477 1892//3477 1242//3477
f 1893//3478 1242//3478 1241//3478
f 1894//3479 1893//3479 1241//3479
f 1894//3480 1241//3480 1052//3480
f 442//3481 1895//3481 1894//3481
f 442//3482 1894//3482 1052//3482
f 442//3483 382//3483 1896//3483
f 442//3484 1896//3484 1895//3484
f 1897//3485 1896//3485 382//3485
f 1897//3486 382//3486 378//3486
f 1898//3487 1897//3487 378//3487
f 1898//3488 378//3488 377//3488
f 1899//3489 1898//3489 377//3489
f 1899//3490 377//3490 376//3490
f 375//3491 1900//3491 1899//3491
f 375//3492 1899//3492 376//3492
f 1901//3493 1900//3493 375//3493
f 1901//3494 375//3494 1455//3494
f 1902//3495 1901//3495 1455//3495
f 1902//3496 1455//3496 745//3496
f 756//3497 1903//3497 1902//3497
f 756//3498 1902//3498 745//3498
f 756//3499 273//3499 778//3499
f 756//3500 778//3500 1903//3500
f 1292//3501 1815//3501 1905//3501
f 1292//3502 1905//3502 1904//3502
f 1906//3503 1905//3503 1815//3503
f 1906//3504 1815//3504 1025//3504
f 1025//3505 1864//3505 1907//3505
f 1025//3506 1907//3506 1906//3506
f 1908//3507 1907//3507 1864//3507
f 1908//3508 1864//3508 1026//3508
f 1026//3509 1027//3509 1909//3509
f 1026//3510 1909//3510 1908//3510
f 1027//3511 1028//3511 1910//3511
f 1027//3512 1910//3512 1909//3512
f 1028//3513 1746//3513 1911//3513
f 1028//3514 1911//3514 1910//3514
f 2125//3515 2126//3515 1911//3515
f 2125//3516 1911//3516 1746//3516
f 1913//3517 1912//3517 1029//3517
f 1913//3518 1029//3518 1696//3518
f 1914//3519 1913//3519 1696//3519
f 1914//3520 1696//3520 1030//3520
f 1030//3521 1031//3521 1915//3521
f 1030//3522 1915//3522 1914//3522
f 1031//3523 1032//3523 1916//3523
f 1031//3524 1916//3524 1915//3524
f 1033//3525 1917//3525 1916//3525
f 1033//3526 1916//3526 1032//3526
f 1033//3527 1034//3527 1918//3527
f 1033//3528 1918//3528 1917//3528
f 1035//3529 1919//3529 1918//3529
f 1035//3530 1918//3530 1034//3530
f 1035//3531 1036//3531 1920//3531
f 1035//3532 1920//3532 1919//3532
f 1036//3533 1037//3533 1921//3533
f 1036//3534 1921//3534 1920//3534
f 1038//3535 1922//3535 1921//3535
f 1038//3536 1921//3536 1037//3536
f 1038//3537 1039//3537 1923//3537
f 1038//3538 1923//3538 1922//3538
f 1039//3539 1040//3539 1924//3539
f 1039//3540 1924//3540 1923//3540
f 1925//3541 1924//3541 1040//3541
f 1925//3542 1040//3542 1041//3542
f 1926//3543 1925//3543 1041//3543
f 1926//3544 1041//3544 1042//3544
f 1042//3545 1043//3545 1927//3545
f 1042//3546 1927//3546 1926//3546
f 1043//3547 1044//3547 1928//3547
f 1043//3548 1928//3548 1927//3548
f 1044//3549 1045//3549 1929//3549
f 1044//3550 1929//3550 1928//3550
f 1045//3551 1046//3551 1930//3551
f 1045//3552 1930//3552 1929//3552
f 1931//3553 1930//3553 1046//3553
f 1931//3554 1046//3554 1539//3554
f 1575//3555 1932//3555 1931//3555
f 1575//3556 1931//3556 1539//3556
f 1934//3557 1933//3557 1580//3557
f 1934//3558 1580//3558 1545//3558
f 1545//3559 616//3559 1935//3559
f 1545//3560 1935//3560 1934//3560
f 616//3561 608//3561 1936//3561
f 616//3562 1936//3562 1935//3562
f 608//3563 615//3563 1937//3563
f 608//3564 1937//3564 1936//3564
f 615//3565 567//3565 1938//3565
f 615//3566 1938//3566 1937//3566
f 567//3567 566//3567 1939//3567
f 567//3568 1939//3568 1938//3568
f 566//3569 560//3569 1940//3569
f 566//3570 1940//3570 1939//3570
f 560//3571 693//3571 1941//3571
f 560//3572 1941//3572 1940//3572
f 693//3573 548//3573 1942//3573
f 693//3574 1942//3574 1941//3574
f 548//3575 547//3575 1943//3575
f 548//3576 1943//3576 1942//3576
f 1943//3577 547//3577 530//3577
f 1943//3578 530//3578 1944//3578
f 530//3579 99//3579 1945//3579
f 530//3580 1945//3580 1944//3580
f 99//3581 82//3581 1946//3581
f 99//3582 1946//3582 1945//3582
f 82//3583 78//3583 1947//3583
f 82//3584 1947//3584 1946//3584
f 78//3585 388//3585 1948//3585
f 78//3586 1948//3586 1947//3586
f 388//3587 289//3587 1949//3587
f 388//3588 1949//3588 1948//3588
f 289//3589 286//3589 1950//3589
f 289//3590 1950//3590 1949//3590
f 286//3591 434//3591 1951//3591
f 286//3592 1951//3592 1950//3592
f 434//3593 1702//3593 1952//3593
f 434//3594 1952//3594 1951//3594
f 1953//3595 1952//3595 1702//3595
f 1953//3596 1702//3596 308//3596
f 2117//3597 2118//3597 1752//3597
f 2117//3598 1752//3598 1954//3598
f 1955//3599 1954//3599 1752//3599
f 1955//3600 1752//3600 315//3600
f 315//3601 321//3601 1956//3601
f 315//3602 1956//3602 1955//3602
f 321//3603 325//3603 1957//3603
f 321//3604 1957//3604 1956//3604
f 325//3605 1870//3605 1958//3605
f 325//3606 1958//3606 1957//3606
f 1959//3607 1958//3607 1870//3607
f 1959//3608 1870//3608 332//3608
f 1809//3609 1960//3609 1959//3609
f 1809//3610 1959//3610 332//3610
f 1961//3611 1960//3611 1809//3611
f 1961//3612 1809//3612 1287//3612
f 684//3613 683//3613 1965//3613
f 684//3614 1965//3614 1964//3614
f 683//3615 682//3615 1966//3615
f 683//3616 1966//3616 1965//3616
f 682//3617 681//3617 1967//3617
f 682//3618 1967//3618 1966//3618
f 681//3619 680//3619 1968//3619
f 681//3620 1968//3620 1967//3620
f 680//3621 679//3621 1969//3621
f 680//3622 1969//3622 1968//3622
f 679//3623 697//3623 1970//3623
f 679//3624 1970//3624 1969//3624
f 697//3625 678//3625 1971//3625
f 697//3626 1971//3626 1970//3626
f 678//3627 677//3627 1972//3627
f 678//3628 1972//3628 1971//3628
f 1972//3629 677//3629 526//3629
f 1972//3630 526//3630 1973//3630
f 526//3631 487//3631 1974//3631
f 526//3632 1974//3632 1973//3632
f 487//3633 486//3633 1975//3633
f 487//3634 1975//3634 1974//3634
f 486//3635 485//3635 1976//3635
f 486//3636 1976//3636 1975//3636
f 485//3637 484//3637 1977//3637
f 485//3638 1977//3638 1976//3638
f 484//3639 483//3639 1978//3639
f 484//3640 1978//3640 1977//3640
f 483//3641 482//3641 1979//3641
f 483//3642 1979//3642 1978//3642
f 482//3643 481//3643 1980//3643
f 482//3644 1980//3644 1979//3644
f 481//3645 1697//3645 1981//3645
f 481//3646 1981//3646 1980//3646
f 1982//3647 1981//3647 1697//3647
f 1982//3648 1697//3648 480//3648
f 2123//3649 2124//3649 1747//3649
f 2123//3650 1747//3650 1983//3650
f 1984//3651 1983//3651 1747//3651
f 1984//3652 1747//3652 479//3652
f 479//3653 478//3653 1985//3653
f 479//3654 1985//3654 1984//3654
f 478//3655 477//3655 1986//3655
f 478//3656 1986//3656 1985//3656
f 477//3657 1865//3657 1987//3657
f 477//3658 1987//3658 1986//3658
f 1988//3659 1987//3659 1865//3659
f 1988//3660 1865//3660 476//3660
f 1814//3661 1989//3661 1988//3661
f 1814//3662 1988//3662 476//3662
f 1990//3663 1989//3663 1814//3663
f 1990//3664 1814//3664 1291//3664
f 684//3665 1964//3665 1963//3665
f 684//3666 1963//3666 1991//3666
f 1991//3667 1963//3667 1962//3667
f 1991//3668 1962//3668 1540//3668
f 1539//3669 1046//3669 684//3669
f 1539//3670 684//3670 1991//3670
f 1540//3671 1575//3671 1539//3671
f 1540//3672 1539//3672 1991//3672
f 649//3673 700//3673 701//3673
f 649//3674 701//3674 1619//3674
f 649//3675 1619//3675 1621//3675
f 649//3676 1621//3676 1263//3676
f 1262//3677 1618//3677 1620//3677
f 1262//3678 1620//3678 1995//3678
f 1262//3679 1263//3679 1621//3679
f 1262//3680 1621//3680 1618//3680
f 1325//3681 1324//3681 1996//3681
f 1325//3682 1996//3682 2033//3682
f 1324//3683 1992//3683 1997//3683
f 1324//3684 1997//3684 1996//3684
f 1992//3685 1993//3685 1998//3685
f 1992//3686 1998//3686 1997//3686
f 1993//3687 1994//3687 1999//3687
f 1993//3688 1999//3688 1998//3688
f 1994//3689 1995//3689 2000//3689
f 1994//3690 2000//3690 1999//3690
f 1995//3691 1620//3691 419//3691
f 1995//3692 419//3692 2000//3692
f 1996//3693 1997//3693 2002//3693
f 1996//3694 2002//3694 2001//3694
f 1998//3695 2003//3695 2002//3695
f 1998//3696 2002//3696 1997//3696
f 1998//3697 1999//3697 2004//3697
f 1998//3698 2004//3698 2003//3698
f 1999//3699 2000//3699 2005//3699
f 1999//3700 2005//3700 2004//3700
f 2000//3701 419//3701 10//3701
f 2000//3702 10//3702 2005//3702
f 2026//3703 2027//3703 2007//3703
f 2026//3704 2007//3704 2006//3704
f 2028//3705 2008//3705 2007//3705
f 2028//3706 2007//3706 2027//3706
f 2028//3707 2029//3707 2009//3707
f 2028//3708 2009//3708 2008//3708
f 2029//3709 2030//3709 2010//3709
f 2029//3710 2010//3710 2009//3710
f 1403//3711 1433//3711 2006//3711
f 1403//3712 2006//3712 2007//3712
f 2008//3713 1402//3713 1403//3713
f 2008//3714 1403//3714 2007//3714
f 1617//3715 1402//3715 2008//3715
f 1617//3716 2008//3716 2009//3716
f 1401//3717 1617//3717 2009//3717
f 1401//3718 2009//3718 2010//3718
f 2012//3719 2011//3719 2005//3719
f 2012//3720 2005//3720 10//3720
f 2011//3721 2012//3721 2014//3721
f 2011//3722 2014//3722 2013//3722
f 1399//3723 1400//3723 2015//3723
f 1399//3724 2015//3724 2016//3724
f 2015//3725 1400//3725 1401//3725
f 2015//3726 1401//3726 2010//3726
f 2031//3727 2032//3727 2016//3727
f 2031//3728 2016//3728 2015//3728
f 2031//3729 2015//3729 2010//3729
f 2031//3730 2010//3730 2030//3730
f 2001//3731 2002//3731 2027//3731
f 2001//3732 2027//3732 2026//3732
f 2003//3733 2028//3733 2027//3733
f 2003//3734 2027//3734 2002//3734
f 2003//3735 2004//3735 2029//3735
f 2003//3736 2029//3736 2028//3736
f 2004//3737 2005//3737 2030//3737
f 2004//3738 2030//3738 2029//3738
f 2011//3739 2031//3739 2030//3739
f 2011//3740 2030//3740 2005//3740
f 2032//3741 2031//3741 2011//3741
f 2032//3742 2011//3742 2013//3742
f 1996//3743 2001//3743 2034//3743
f 1996//3744 2034//3744 2033//3744
f 2001//3745 2026//3745 2035//3745
f 2001//3746 2035//3746 2034//3746
f 2026//3747 2006//3747 2036//3747
f 2026//3748 2036//3748 2035//3748
f 2037//3749 103//3749 1325//3749
f 2037//3750 1325//3750 2038//3750
f 1415//3751 103//3751 2037//3751
f 1415//3752 2037//3752 1416//3752
f 2038//3753 1325//3753 2033//3753
f 2038//3754 2033//3754 2034//3754
f 2006//3755 1433//3755 2039//3755
f 2006//3756 2039//3756 2036//3756
f 2040//3757 2037//3757 2038//3757
f 2040//3758 2038//3758 2041//3758
f 1416//3759 2037//3759 2040//3759
f 1416//3760 2040//3760 1417//3760
f 2041//3761 2038//3761 2034//3761
f 2041//3762 2034//3762 2035//3762
f 2042//3763 2040//3763 2041//3763
f 2042//3764 2041//3764 2043//3764
f 1417//3765 2040//3765 2042//3765
f 1417//3766 2042//3766 1418//3766
f 2043//3767 2041//3767 2035//3767
f 2043//3768 2035//3768 2036//3768
f 2044//3769 2042//3769 2043//3769
f 2044//3770 2043//3770 2045//3770
f 1418//3771 2042//3771 2044//3771
f 1418//3772 2044//3772 1419//3772
f 2045//3773 2043//3773 2036//3773
f 2045//3774 2036//3774 2039//3774
f 2046//3775 2048//3775 2067//3775
f 2046//3776 2067//3776 1315//3776
f 337//3777 342//3777 1423//3777
f 337//3778 1423//3778 1422//3778
f 342//3779 345//3779 1424//3779
f 342//3780 1424//3780 1423//3780
f 345//3781 1860//3781 1861//3781
f 345//3782 1861//3782 1424//3782
f 1819//3783 1295//3783 1426//3783
f 1819//3784 1426//3784 1818//3784
f 349//3785 1819//3785 1818//3785
f 349//3786 1818//3786 1425//3786
f 1860//3787 349//3787 1425//3787
f 1860//3788 1425//3788 1861//3788
f 2129//3789 2130//3789 2047//3789
f 2129//3790 2047//3790 1743//3790
f 2049//3791 2048//3791 1693//3791
f 2049//3792 1693//3792 1420//3792
f 2048//3793 2046//3793 1421//3793
f 2048//3794 1421//3794 1693//3794
f 2047//3795 337//3795 1422//3795
f 2047//3796 1422//3796 1743//3796
f 2014//3797 2012//3797 1385//3797
f 2014//3798 1385//3798 934//3798
f 121//3799 1385//3799 2012//3799
f 121//3800 2012//3800 10//3800
f 10//3801 419//3801 120//3801
f 10//3802 120//3802 121//3802
f 2049//3803 1420//3803 1419//3803
f 2049//3804 1419//3804 2044//3804
f 2039//3805 1433//3805 2050//3805
f 2039//3806 2050//3806 2057//3806
f 2049//3807 2044//3807 2045//3807
f 2049//3808 2045//3808 2058//3808
f 1403//3809 2051//3809 2050//3809
f 1403//3810 2050//3810 1433//3810
f 1399//3811 2053//3811 2052//3811
f 1399//3812 2052//3812 1400//3812
f 2054//3813 1401//3813 1400//3813
f 2054//3814 1400//3814 2052//3814
f 1401//3815 2054//3815 2055//3815
f 1401//3816 2055//3816 1617//3816
f 1402//3817 2056//3817 2051//3817
f 1402//3818 2051//3818 1403//3818
f 1617//3819 2055//3819 2056//3819
f 1617//3820 2056//3820 1402//3820
f 2058//3821 2045//3821 2039//3821
f 2058//3822 2039//3822 2057//3822
f 2052//3823 2053//3823 2059//3823
f 2052//3824 2059//3824 2060//3824
f 2054//3825 2052//3825 2060//3825
f 2054//3826 2060//3826 2061//3826
f 2061//3827 2062//3827 2055//3827
f 2061//3828 2055//3828 2054//3828
f 2062//3829 2063//3829 2056//3829
f 2062//3830 2056//3830 2055//3830
f 2056//3831 2063//3831 2064//3831
f 2056//3832 2064//3832 2051//3832
f 2050//3833 2051//3833 2064//3833
f 2050//3834 2064//3834 2065//3834
f 2057//3835 2050//3835 2065//3835
f 2057//3836 2065//3836 2066//3836
f 2058//3837 2057//3837 2066//3837
f 2058//3838 2066//3838 2067//3838
f 2048//3839 2049//3839 2058//3839
f 2048//3840 2058//3840 2067//3840
f 2060//3841 2059//3841 973//3841
f 2060//3842 973//3842 1398//3842
f 2061//3843 2060//3843 1398//3843
f 2061//3844 1398//3844 439//3844
f 439//3845 1255//3845 2062//3845
f 439//3846 2062//3846 2061//3846
f 1255//3847 1256//3847 2063//3847
f 1255//3848 2063//3848 2062//3848
f 2063//3849 1256//3849 1432//3849
f 2063//3850 1432//3850 2064//3850
f 2065//3851 2064//3851 1432//3851
f 2065//3852 1432//3852 436//3852
f 2066//3853 2065//3853 436//3853
f 2066//3854 436//3854 2025//3854
f 2067//3855 2066//3855 2025//3855
f 2067//3856 2025//3856 1315//3856
f 2131//3857 1692//3857 2047//3857
f 2131//3858 2047//3858 2130//3858
f 892//3859 889//3859 888//3859
f 892//3860 888//3860 893//3860
f 897//3861 895//3861 892//3861
f 897//3862 892//3862 2068//3862
f 2068//3863 892//3863 893//3863
f 2068//3864 893//3864 2069//3864
f 2069//3865 893//3865 894//3865
f 2069//3866 894//3866 522//3866
f 901//3867 2068//3867 2069//3867
f 901//3868 2069//3868 900//3868
f 2069//3869 522//3869 107//3869
f 2069//3870 107//3870 900//3870
f 2068//3871 901//3871 898//3871
f 2068//3872 898//3872 897//3872
f 899//3873 898//3873 901//3873
f 899//3874 901//3874 927//3874
f 890//3875 899//3875 927//3875
f 890//3876 927//3876 928//3876
f 928//3877 1330//3877 891//3877
f 928//3878 891//3878 890//3878
f 1330//3879 1321//3879 902//3879
f 1330//3880 902//3880 891//3880
f 1322//3881 902//3881 1321//3881
f 1322//3882 1321//3882 1318//3882
f 2071//3883 2070//3883 354//3883
f 2071//3884 354//3884 353//3884
f 2072//3885 2071//3885 353//3885
f 2072//3886 353//3886 115//3886
f 2073//3887 2072//3887 115//3887
f 2073//3888 115//3888 1648//3888
f 113//3889 2074//3889 2073//3889
f 113//3890 2073//3890 1648//3890
f 2075//3891 2186//3891 2187//3891
f 2075//3892 2187//3892 1176//3892
f 2076//3893 2075//3893 1176//3893
f 2076//3894 1176//3894 1145//3894
f 109//3895 2077//3895 2076//3895
f 109//3896 2076//3896 1145//3896
f 1303//3897 1304//3897 2078//3897
f 1303//3898 2078//3898 950//3898
f 7//3899 2080//3899 2079//3899
f 7//3900 2079//3900 1307//3900
f 933//3901 2081//3901 2080//3901
f 933//3902 2080//3902 7//3902
f 2083//3903 2082//3903 2070//3903
f 2083//3904 2070//3904 2071//3904
f 2085//3905 2084//3905 2072//3905
f 2085//3906 2072//3906 2073//3906
f 2087//3907 2185//3907 2186//3907
f 2087//3908 2186//3908 2075//3908
f 2076//3909 2088//3909 2087//3909
f 2076//3910 2087//3910 2075//3910
f 2089//3911 2088//3911 2076//3911
f 2089//3912 2076//3912 2077//3912
f 1304//3913 2091//3913 2090//3913
f 1304//3914 2090//3914 2078//3914
f 932//3915 1322//3915 1318//3915
f 932//3916 1318//3916 2081//3916
f 931//3917 932//3917 2081//3917
f 931//3918 2081//3918 933//3918
f 1387//3919 931//3919 933//3919
f 1387//3920 933//3920 1388//3920
f 978//3921 1387//3921 1388//3921
f 978//3922 1388//3922 979//3922
f 1209//3923 1208//3923 1212//3923
f 1209//3924 1212//3924 2092//3924
f 1663//3925 2092//3925 1212//3925
f 1663//3926 1212//3926 1662//3926
f 1663//3927 1662//3927 2093//3927
f 1663//3928 2093//3928 2094//3928
f 1663//3929 2094//3929 1664//3929
f 1663//3930 1664//3930 421//3930
f 2094//3931 2093//3931 2095//3931
f 2094//3932 2095//3932 2096//3932
f 2094//3933 2096//3933 420//3933
f 2094//3934 420//3934 1664//3934
f 2096//3935 2095//3935 1776//3935
f 2096//3936 1776//3936 1777//3936
f 420//3937 2096//3937 1777//3937
f 420//3938 1777//3938 1778//3938
f 1049//3939 1195//3939 2098//3939
f 1049//3940 2098//3940 2097//3940
f 232//3941 2099//3941 2098//3941
f 232//3942 2098//3942 1195//3942
f 2100//3943 2099//3943 232//3943
f 2100//3944 232//3944 865//3944
f 853//3945 2101//3945 2100//3945
f 853//3946 2100//3946 865//3946
f 231//3947 2102//3947 2101//3947
f 231//3948 2101//3948 853//3948
f 231//3949 1638//3949 2103//3949
f 231//3950 2103//3950 2102//3950
f 1638//3951 1184//3951 2104//3951
f 1638//3952 2104//3952 2103//3952
f 248//3953 2105//3953 2104//3953
f 248//3954 2104//3954 1184//3954
f 248//3955 247//3955 2106//3955
f 248//3956 2106//3956 2105//3956
f 247//3957 257//3957 2107//3957
f 247//3958 2107//3958 2106//3958
f 2108//3959 2107//3959 257//3959
f 2108//3960 257//3960 716//3960
f 716//3961 256//3961 2109//3961
f 716//3962 2109//3962 2108//3962
f 731//3963 2110//3963 2109//3963
f 731//3964 2109//3964 256//3964
f 731//3965 267//3965 2111//3965
f 731//3966 2111//3966 2110//3966
f 267//3967 279//3967 2112//3967
f 267//3968 2112//3968 2111//3968
f 2113//3969 2112//3969 279//3969
f 2113//3970 279//3970 285//3970
f 285//3971 295//3971 2114//3971
f 285//3972 2114//3972 2113//3972
f 294//3973 2115//3973 2114//3973
f 294//3974 2114//3974 295//3974
f 998//3975 2116//3975 2115//3975
f 998//3976 2115//3976 294//3976
f 1953//3977 2117//3977 2116//3977
f 1953//3978 2116//3978 998//3978
f 308//3979 2118//3979 2117//3979
f 308//3980 2117//3980 1953//3980
f 309//3981 2119//3981 2118//3981
f 309//3982 2118//3982 308//3982
f 2120//3983 2119//3983 309//3983
f 2120//3984 309//3984 1007//3984
f 492//3985 2121//3985 2120//3985
f 492//3986 2120//3986 1007//3986
f 492//3987 317//3987 2122//3987
f 492//3988 2122//3988 2121//3988
f 1982//3989 2123//3989 2122//3989
f 1982//3990 2122//3990 317//3990
f 480//3991 2124//3991 2123//3991
f 480//3992 2123//3992 1982//3992
f 2125//3993 2124//3993 480//3993
f 2125//3994 480//3994 1029//3994
f 1912//3995 2126//3995 2125//3995
f 1912//3996 2125//3996 1029//3996
f 2127//3997 2126//3997 1912//3997
f 2127//3998 1912//3998 328//3998
f 328//3999 329//3999 2128//3999
f 328//4000 2128//4000 2127//4000
f 329//4001 1421//4001 2129//4001
f 329//4002 2129//4002 2128//4002
f 2046//4003 2130//4003 2129//4003
f 2046//4004 2129//4004 1421//4004
f 2131//4005 2130//4005 2046//4005
f 2131//4006 2046//4006 1315//4006
f 2132//4007 2131//4007 1315//4007
f 2132//4008 1315//4008 2025//4008
f 2133//4009 2132//4009 2025//4009
f 2133//4010 2025//4010 436//4010
f 2134//4011 2133//4011 436//4011
f 2134//4012 436//4012 1432//4012
f 1256//4013 2135//4013 2134//4013
f 1256//4014 2134//4014 1432//4014
f 1255//4015 2136//4015 2135//4015
f 1255//4016 2135//4016 1256//4016
f 2137//4017 2136//4017 1255//4017
f 2137//4018 1255//4018 439//4018
f 2138//4019 2137//4019 439//4019
f 2138//4020 439//4020 1398//4020
f 2139//4021 2138//4021 1398//4021
f 2139//4022 1398//4022 973//4022
f 1775//4023 1776//4023 2095//4023
f 1775//4024 2095//4024 2140//4024
f 1774//4025 1775//4025 2140//4025
f 1774//4026 2140//4026 2141//4026
f 1773//4027 1774//4027 2141//4027
f 1773//4028 2141//4028 2142//4028
f 1772//4029 1773//4029 2142//4029
f 1772//4030 2142//4030 2097//4030
f 2144//4031 2143//4031 1338//4031
f 2144//4032 1338//4032 1058//4032
f 2145//4033 2144//4033 1058//4033
f 2145//4034 1058//4034 1065//4034
f 2146//4035 2145//4035 1065//4035
f 2146//4036 1065//4036 1072//4036
f 2147//4037 2146//4037 1072//4037
f 2147//4038 1072//4038 1079//4038
f 1086//4039 2148//4039 2147//4039
f 1086//4040 2147//4040 1079//4040
f 2149//4041 2148//4041 1086//4041
f 2149//4042 1086//4042 1130//4042
f 2150//4043 2149//4043 1130//4043
f 2150//4044 1130//4044 1161//4044
f 2167//4045 2168//4045 2150//4045
f 2167//4046 2150//4046 1161//4046
f 2151//4047 1151//4047 1156//4047
f 2151//4048 1156//4048 2152//4048
f 2153//4049 2152//4049 1156//4049
f 2153//4050 1156//4050 1202//4050
f 2154//4051 2153//4051 1202//4051
f 2154//4052 1202//4052 1206//4052
f 2155//4053 2154//4053 1206//4053
f 2155//4054 1206//4054 1210//4054
f 2156//4055 2155//4055 1210//4055
f 2156//4056 1210//4056 1213//4056
f 1213//4057 1661//4057 2157//4057
f 1213//4058 2157//4058 2156//4058
f 1659//4059 1049//4059 2158//4059
f 1659//4060 2158//4060 1660//4060
f 2158//4061 1049//4061 2097//4061
f 2158//4062 2097//4062 2142//4062
f 1660//4063 2158//4063 2159//4063
f 1660//4064 2159//4064 1661//4064
f 2159//4065 2158//4065 2142//4065
f 2159//4066 2142//4066 2141//4066
f 2141//4067 2140//4067 2160//4067
f 2141//4068 2160//4068 2159//4068
f 2160//4069 2140//4069 2095//4069
f 2160//4070 2095//4070 2093//4070
f 2157//4071 1661//4071 2159//4071
f 2157//4072 2159//4072 2160//4072
f 1662//4073 2157//4073 2160//4073
f 1662//4074 2160//4074 2093//4074
f 1245//4075 1246//4075 1189//4075
f 1245//4076 1189//4076 2161//4076
f 2161//4077 1189//4077 858//4077
f 2161//4078 858//4078 2162//4078
f 2162//4079 858//4079 857//4079
f 2162//4080 857//4080 869//4080
f 2163//4081 2162//4081 869//4081
f 2163//4082 869//4082 40//4082
f 1190//4083 2163//4083 40//4083
f 1190//4084 40//4084 1191//4084
f 1199//4085 1153//4085 2165//4085
f 1199//4086 2165//4086 2164//4086
f 1153//4087 1152//4087 2166//4087
f 1153//4088 2166//4088 2165//4088
f 1152//4089 1151//4089 2167//4089
f 1152//4090 2167//4090 2166//4090
f 1151//4091 2151//4091 2168//4091
f 1151//4092 2168//4092 2167//4092
f 2169//4093 2168//4093 2151//4093
f 2169//4094 2151//4094 1149//4094
f 1149//4095 1150//4095 2170//4095
f 1149//4096 2170//4096 2169//4096
f 2171//4097 2170//4097 1150//4097
f 2171//4098 1150//4098 910//4098
f 2219//4099 2220//4099 2171//4099
f 2219//4100 2171//4100 910//4100
f 2172//4101 2220//4101 2219//4101
f 2172//4102 2219//4102 30//4102
f 2173//4103 2172//4103 30//4103
f 2173//4104 30//4104 28//4104
f 28//4105 63//4105 2174//4105
f 28//4106 2174//4106 2173//4106
f 63//4107 67//4107 2175//4107
f 63//4108 2175//4108 2174//4108
f 67//4109 66//4109 2176//4109
f 67//4110 2176//4110 2175//4110
f 2177//4111 2176//4111 66//4111
f 2177//4112 66//4112 461//4112
f 2178//4113 2177//4113 461//4113
f 2178//4114 461//4114 92//4114
f 92//4115 91//4115 2179//4115
f 92//4116 2179//4116 2178//4116
f 2180//4117 2179//4117 91//4117
f 2180//4118 91//4118 90//4118
f 93//4119 2181//4119 2180//4119
f 93//4120 2180//4120 90//4120
f 93//4121 96//4121 2182//4121
f 93//4122 2182//4122 2181//4122
f 96//4123 117//4123 2183//4123
f 96//4124 2183//4124 2182//4124
f 117//4125 111//4125 2184//4125
f 117//4126 2184//4126 2183//4126
f 2086//4127 2185//4127 2184//4127
f 2086//4128 2184//4128 111//4128
f 2186//4129 2185//4129 2086//4129
f 2186//4130 2086//4130 2074//4130
f 2187//4131 2186//4131 2074//4131
f 2187//4132 2074//4132 113//4132
f 113//4133 4547//4133 4548//4133
f 113//4134 4548//4134 2187//4134
f 112//4135 116//4135 2189//4135
f 112//4136 2189//4136 2188//4136
f 2190//4137 2189//4137 116//4137
f 2190//4138 116//4138 5//4138
f 2164//4139 1158//4139 1106//4139
f 2164//4140 1106//4140 1109//4140
f 1190//4141 1199//4141 1244//4141
f 1190//4142 1244//4142 2163//4142
f 1109//4143 1112//4143 2191//4143
f 1109//4144 2191//4144 2164//4144
f 2164//4145 2191//4145 1244//4145
f 2164//4146 1244//4146 1199//4146
f 877//4147 2193//4147 2192//4147
f 877//4148 2192//4148 970//4148
f 2194//4149 2193//4149 877//4149
f 2194//4150 877//4150 304//4150
f 2195//4151 2194//4151 304//4151
f 2195//4152 304//4152 1496//4152
f 1446//4153 2196//4153 2195//4153
f 1446//4154 2195//4154 1496//4154
f 2197//4155 2196//4155 1446//4155
f 2197//4156 1446//4156 1445//4156
f 2198//4157 2197//4157 1445//4157
f 2198//4158 1445//4158 331//4158
f 331//4159 810//4159 2199//4159
f 331//4160 2199//4160 2198//4160
f 2200//4161 2199//4161 810//4161
f 2200//4162 810//4162 805//4162
f 2201//4163 2200//4163 805//4163
f 2201//4164 805//4164 251//4164
f 2202//4165 2201//4165 251//4165
f 2202//4166 251//4166 261//4166
f 2203//4167 2202//4167 261//4167
f 2203//4168 261//4168 280//4168
f 2204//4169 2203//4169 280//4169
f 2204//4170 280//4170 769//4170
f 218//4171 2204//4171 769//4171
f 218//4172 769//4172 774//4172
f 2230//4173 2229//4173 107//4173
f 2230//4174 107//4174 522//4174
f 522//4175 894//4175 2231//4175
f 522//4176 2231//4176 2230//4176
f 894//4177 887//4177 2232//4177
f 894//4178 2232//4178 2231//4178
f 598//4179 2233//4179 2232//4179
f 598//4180 2232//4180 887//4180
f 2234//4181 2233//4181 598//4181
f 2234//4182 598//4182 621//4182
f 1529//4183 2235//4183 2234//4183
f 1529//4184 2234//4184 621//4184
f 2236//4185 2235//4185 1529//4185
f 2236//4186 1529//4186 622//4186
f 2237//4187 2236//4187 622//4187
f 2237//4188 622//4188 623//4188
f 676//4189 2238//4189 2237//4189
f 676//4190 2237//4190 623//4190
f 2239//4191 2238//4191 676//4191
f 2239//4192 676//4192 675//4192
f 1375//4193 2240//4193 2239//4193
f 1375//4194 2239//4194 675//4194
f 1585//4195 2241//4195 2240//4195
f 1585//4196 2240//4196 1375//4196
f 1567//4197 2242//4197 2241//4197
f 1567//4198 2241//4198 1585//4198
f 2244//4199 2243//4199 1548//4199
f 2244//4200 1548//4200 1508//4200
f 2245//4201 2244//4201 1508//4201
f 2245//4202 1508//4202 571//4202
f 2246//4203 2245//4203 571//4203
f 2246//4204 571//4204 568//4204
f 2247//4205 2246//4205 568//4205
f 2247//4206 568//4206 712//4206
f 2248//4207 2247//4207 712//4207
f 2248//4208 712//4208 1126//4208
f 2249//4209 2248//4209 1126//4209
f 2249//4210 1126//4210 1125//4210
f 2249//4211 1125//4211 1123//4211
f 2249//4212 1123//4212 2250//4212
f 2250//4213 1123//4213 1122//4213
f 2250//4214 1122//4214 1631//4214
f 1630//4215 2250//4215 1631//4215
f 1630//4216 1631//4216 1247//4216
f 1118//4217 1630//4217 1247//4217
f 1118//4218 1247//4218 1246//4218
f 1115//4219 1118//4219 1246//4219
f 1115//4220 1246//4220 1245//4220
f 2163//4221 1244//4221 2161//4221
f 2163//4222 2161//4222 2162//4222
f 1244//4223 2191//4223 1245//4223
f 1244//4224 1245//4224 2161//4224
f 1245//4225 2191//4225 1112//4225
f 1245//4226 1112//4226 1115//4226
f 1410//4227 1408//4227 209//4227
f 1410//4228 209//4228 471//4228
f 1408//4229 1407//4229 772//4229
f 1408//4230 772//4230 209//4230
f 1407//4231 1409//4231 773//4231
f 1407//4232 773//4232 772//4232
f 1409//4233 763//4233 774//4233
f 1409//4234 774//4234 773//4234
f 763//4235 762//4235 218//4235
f 763//4236 218//4236 774//4236
f 3115//4237 3114//4237 3112//4237
f 3115//4238 3112//4238 2253//4238
f 3112//4239 3706//4239 3707//4239
f 3112//4240 3707//4240 2253//4240
f 2259//4241 2258//4241 3409//4241
f 2259//4242 3409//4242 3408//4242
f 2262//4243 2267//4243 2264//4243
f 2262//4244 2264//4244 2261//4244
f 2265//4245 2263//4245 2261//4245
f 2265//4246 2261//4246 2264//4246
f 2266//4247 2270//4247 2267//4247
f 2266//4248 2267//4248 2262//4248
f 2308//4249 2264//4249 2267//4249
f 2308//4250 2267//4250 2304//4250
f 3149//4251 3419//4251 3374//4251
f 3149//4252 3374//4252 3150//4252
f 3150//4253 3374//4253 3369//4253
f 3150//4254 3369//4254 3151//4254
f 2271//4255 2268//4255 4409//4255
f 2271//4256 4409//4256 4410//4256
f 2304//4257 2267//4257 2270//4257
f 2304//4258 2270//4258 2269//4258
f 3384//4259 4365//4259 4411//4259
f 3384//4260 4411//4260 4412//4260
f 2268//4261 2272//4261 4408//4261
f 2268//4262 4408//4262 4409//4262
f 3842//4263 2280//4263 2279//4263
f 3842//4264 2279//4264 3843//4264
f 2274//4265 2291//4265 2277//4265
f 2274//4266 2277//4266 2273//4266
f 2275//4267 2290//4267 2291//4267
f 2275//4268 2291//4268 2274//4268
f 2275//4269 2961//4269 2962//4269
f 2275//4270 2962//4270 2290//4270
f 2977//4271 2976//4271 2624//4271
f 2977//4272 2624//4272 2283//4272
f 2277//4273 3341//4273 3398//4273
f 2277//4274 3398//4274 2273//4274
f 2278//4275 3344//4275 3341//4275
f 2278//4276 3341//4276 2277//4276
f 3098//4277 2279//4277 2280//4277
f 3098//4278 2280//4278 3099//4278
f 2283//4279 2624//4279 2625//4279
f 2283//4280 2625//4280 2282//4280
f 2285//4281 2283//4281 2282//4281
f 2285//4282 2282//4282 2284//4282
f 2978//4283 2977//4283 2283//4283
f 2978//4284 2283//4284 2285//4284
f 2288//4285 2963//4285 2964//4285
f 2288//4286 2964//4286 2294//4286
f 2288//4287 2294//4287 2292//4287
f 2288//4288 2292//4288 2289//4288
f 2289//4289 2291//4289 2290//4289
f 2289//4290 2290//4290 2288//4290
f 2278//4291 2277//4291 2291//4291
f 2278//4292 2291//4292 2289//4292
f 2289//4293 2292//4293 2293//4293
f 2289//4294 2293//4294 2278//4294
f 2293//4295 3342//4295 3344//4295
f 2293//4296 3344//4296 2278//4296
f 2293//4297 2292//4297 2779//4297
f 2293//4298 2779//4298 2780//4298
f 2780//4299 3343//4299 3342//4299
f 2780//4300 3342//4300 2293//4300
f 2285//4301 2297//4301 2979//4301
f 2285//4302 2979//4302 2978//4302
f 2285//4303 2284//4303 2296//4303
f 2285//4304 2296//4304 2297//4304
f 2776//4305 2980//4305 2979//4305
f 2776//4306 2979//4306 2297//4306
f 2294//4307 2964//4307 2965//4307
f 2294//4308 2965//4308 2778//4308
f 2302//4309 2296//4309 2284//4309
f 2302//4310 2284//4310 2298//4310
f 2298//4311 2301//4311 2299//4311
f 2298//4312 2299//4312 2300//4312
f 2300//4313 2303//4313 2302//4313
f 2300//4314 2302//4314 2298//4314
f 2284//4315 2282//4315 2301//4315
f 2284//4316 2301//4316 2298//4316
f 2625//4317 2626//4317 2301//4317
f 2625//4318 2301//4318 2282//4318
f 2774//4319 2775//4319 2296//4319
f 2774//4320 2296//4320 2302//4320
f 2302//4321 2303//4321 2773//4321
f 2302//4322 2773//4322 2774//4322
f 2301//4323 2626//4323 2627//4323
f 2301//4324 2627//4324 2299//4324
f 4366//4325 3385//4325 3386//4325
f 4366//4326 3386//4326 4367//4326
f 3356//4327 2315//4327 2305//4327
f 3356//4328 2305//4328 3357//4328
f 4368//4329 3387//4329 3388//4329
f 4368//4330 3388//4330 4369//4330
f 3357//4331 2305//4331 2306//4331
f 3357//4332 2306//4332 3358//4332
f 2310//4333 3361//4333 3487//4333
f 2310//4334 3487//4334 3486//4334
f 2311//4335 3362//4335 3361//4335
f 2311//4336 3361//4336 2310//4336
f 2312//4337 3363//4337 3362//4337
f 2312//4338 3362//4338 2311//4338
f 2313//4339 3364//4339 3363//4339
f 2313//4340 3363//4340 2312//4340
f 2316//4341 2317//4341 2314//4341
f 2316//4342 2314//4342 2315//4342
f 2329//4343 2318//4343 2314//4343
f 2329//4344 2314//4344 2317//4344
f 3355//4345 2316//4345 2315//4345
f 3355//4346 2315//4346 3356//4346
f 4367//4347 3386//4347 3387//4347
f 4367//4348 3387//4348 4368//4348
f 2307//4349 2265//4349 2264//4349
f 2307//4350 2264//4350 2308//4350
f 4147//4351 3213//4351 3214//4351
f 4147//4352 3214//4352 4148//4352
f 2630//4353 3231//4353 3232//4353
f 2630//4354 3232//4354 2320//4354
f 2725//4355 3253//4355 3254//4355
f 2725//4356 3254//4356 2726//4356
f 2320//4357 3232//4357 3233//4357
f 2320//4358 3233//4358 2322//4358
f 4146//4359 3212//4359 3213//4359
f 4146//4360 3213//4360 4147//4360
f 2628//4361 3214//4361 3213//4361
f 2628//4362 3213//4362 2324//4362
f 2325//4363 2300//4363 2299//4363
f 2325//4364 2299//4364 2324//4364
f 2324//4365 2299//4365 2627//4365
f 2324//4366 2627//4366 2628//4366
f 2326//4367 3354//4367 4413//4367
f 2326//4368 4413//4368 4414//4368
f 2327//4369 2326//4369 4414//4369
f 2327//4370 4414//4370 4415//4370
f 2328//4371 2327//4371 4415//4371
f 2328//4372 4415//4372 4416//4372
f 3859//4373 2335//4373 2336//4373
f 3859//4374 2336//4374 3860//4374
f 2335//4375 3859//4375 3858//4375
f 2335//4376 3858//4376 2338//4376
f 2339//4377 3861//4377 3860//4377
f 2339//4378 3860//4378 2336//4378
f 2342//4379 2303//4379 2300//4379
f 2342//4380 2300//4380 2325//4380
f 3211//4381 2342//4381 2325//4381
f 3211//4382 2325//4382 3212//4382
f 3210//4383 2772//4383 2342//4383
f 3210//4384 2342//4384 3211//4384
f 4144//4385 3210//4385 3211//4385
f 4144//4386 3211//4386 4145//4386
f 4145//4387 3211//4387 3212//4387
f 4145//4388 3212//4388 4146//4388
f 2322//4389 3233//4389 3234//4389
f 2322//4390 3234//4390 2341//4390
f 2341//4391 3234//4391 3235//4391
f 2341//4392 3235//4392 2770//4392
f 2772//4393 2773//4393 2303//4393
f 2772//4394 2303//4394 2342//4394
f 2292//4395 2294//4395 2778//4395
f 2292//4396 2778//4396 2779//4396
f 2776//4397 2297//4397 2296//4397
f 2776//4398 2296//4398 2775//4398
f 2343//4399 2328//4399 4416//4399
f 2343//4400 4416//4400 4417//4400
f 2325//4401 2324//4401 3213//4401
f 2325//4402 3213//4402 3212//4402
f 4117//4403 2364//4403 2365//4403
f 4117//4404 2365//4404 4118//4404
f 4120//4405 2363//4405 2766//4405
f 4120//4406 2766//4406 4121//4406
f 4119//4407 2366//4407 2363//4407
f 4119//4408 2363//4408 4120//4408
f 2727//4409 3255//4409 3256//4409
f 2727//4410 3256//4410 2728//4410
f 2728//4411 3256//4411 3257//4411
f 2728//4412 3257//4412 2767//4412
f 2726//4413 3254//4413 3255//4413
f 2726//4414 3255//4414 2727//4414
f 3267//4415 2345//4415 3541//4415
f 3267//4416 3541//4416 4192//4416
f 2349//4417 2762//4417 4421//4417
f 2349//4418 4421//4418 4420//4418
f 2349//4419 3153//4419 3152//4419
f 2349//4420 3152//4420 2762//4420
f 2313//4421 4283//4421 4282//4421
f 2313//4422 4282//4422 3364//4422
f 4533//4423 4534//4423 3365//4423
f 4533//4424 3365//4424 2350//4424
f 2371//4425 6//4425 1148//4425
f 2371//4426 1148//4426 3367//4426
f 4377//4427 3394//4427 4281//4427
f 4377//4428 4281//4428 4378//4428
f 4380//4429 3395//4429 4535//4429
f 4380//4430 4535//4430 4536//4430
f 4538//4431 4539//4431 2356//4431
f 4538//4432 2356//4432 3855//4432
f 4278//4433 2360//4433 3856//4433
f 4278//4434 3856//4434 4279//4434
f 4381//4435 3396//4435 3397//4435
f 4381//4436 3397//4436 4382//4436
f 4375//4437 3392//4437 3393//4437
f 4375//4438 3393//4438 4376//4438
f 2338//4439 3858//4439 3857//4439
f 2338//4440 3857//4440 2359//4440
f 3856//4441 2360//4441 2359//4441
f 3856//4442 2359//4442 3857//4442
f 4376//4443 3393//4443 3394//4443
f 4376//4444 3394//4444 4377//4444
f 4374//4445 3391//4445 3392//4445
f 4374//4446 3392//4446 4375//4446
f 2764//4447 3827//4447 3829//4447
f 2764//4448 3829//4448 3540//4448
f 2345//4449 2344//4449 3542//4449
f 2345//4450 3542//4450 3541//4450
f 4118//4451 2365//4451 2366//4451
f 4118//4452 2366//4452 4119//4452
f 2363//4453 2367//4453 2765//4453
f 2363//4454 2765//4454 2766//4454
f 2368//4455 2369//4455 2365//4455
f 2368//4456 2365//4456 2364//4456
f 2366//4457 2365//4457 2369//4457
f 2366//4458 2369//4458 2370//4458
f 2370//4459 2367//4459 2363//4459
f 2370//4460 2363//4460 2366//4460
f 3143//4461 3578//4461 3577//4461
f 3143//4462 3577//4462 3539//4462
f 3576//4463 3173//4463 3539//4463
f 3576//4464 3539//4464 3577//4464
f 3575//4465 3172//4465 3173//4465
f 3575//4466 3173//4466 3576//4466
f 2371//4467 3367//4467 3366//4467
f 2371//4468 3366//4468 2351//4468
f 3397//4469 1179//4469 2190//4469
f 3397//4470 2190//4470 4382//4470
f 3853//4471 2372//4471 2355//4471
f 3853//4472 2355//4472 3854//4472
f 1645//4473 4//4473 2372//4473
f 1645//4474 2372//4474 3853//4474
f 2373//4475 2374//4475 2379//4475
f 2373//4476 2379//4476 2378//4476
f 2381//4477 2386//4477 2380//4477
f 2381//4478 2380//4478 2375//4478
f 2378//4479 2381//4479 2375//4479
f 2378//4480 2375//4480 2373//4480
f 2383//4481 2379//4481 2374//4481
f 2383//4482 2374//4482 2376//4482
f 2383//4483 2376//4483 2377//4483
f 2383//4484 2377//4484 2384//4484
f 2760//4485 2743//4485 2742//4485
f 2760//4486 2742//4486 2761//4486
f 2385//4487 2380//4487 2386//4487
f 2385//4488 2386//4488 2390//4488
f 2392//4489 2388//4489 2389//4489
f 2392//4490 2389//4490 2391//4490
f 2391//4491 2389//4491 2385//4491
f 2391//4492 2385//4492 2390//4492
f 2394//4493 2397//4493 2398//4493
f 2394//4494 2398//4494 2393//4494
f 2382//4495 2400//4495 2399//4495
f 2382//4496 2399//4496 2387//4496
f 2405//4497 2399//4497 2400//4497
f 2405//4498 2400//4498 2404//4498
f 2409//4499 2646//4499 2643//4499
f 2409//4500 2643//4500 2395//4500
f 2395//4501 2401//4501 2411//4501
f 2395//4502 2411//4502 2409//4502
f 2403//4503 4277//4503 4276//4503
f 2403//4504 4276//4504 2396//4504
f 2410//4505 2406//4505 2399//4505
f 2410//4506 2399//4506 2405//4506
f 2402//4507 2412//4507 2411//4507
f 2402//4508 2411//4508 2401//4508
f 2407//4509 2416//4509 2412//4509
f 2407//4510 2412//4510 2402//4510
f 2759//4511 2758//4511 2745//4511
f 2759//4512 2745//4512 2744//4512
f 2414//4513 2699//4513 2700//4513
f 2414//4514 2700//4514 2415//4514
f 2415//4515 2419//4515 2418//4515
f 2415//4516 2418//4516 2414//4516
f 2408//4517 2406//4517 2421//4517
f 2408//4518 2421//4518 2417//4518
f 2429//4519 2421//4519 2406//4519
f 2429//4520 2406//4520 2410//4520
f 2419//4521 2427//4521 2426//4521
f 2419//4522 2426//4522 2418//4522
f 2420//4523 2698//4523 2699//4523
f 2420//4524 2699//4524 2414//4524
f 2747//4525 2756//4525 2755//4525
f 2747//4526 2755//4526 2748//4526
f 2427//4527 2435//4527 2434//4527
f 2427//4528 2434//4528 2426//4528
f 2420//4529 2414//4529 2418//4529
f 2420//4530 2418//4530 2428//4530
f 2422//4531 2431//4531 2430//4531
f 2422//4532 2430//4532 2423//4532
f 2438//4533 2430//4533 2431//4533
f 2438//4534 2431//4534 2437//4534
f 2749//4535 2748//4535 2755//4535
f 2749//4536 2755//4536 2754//4536
f 2754//4537 2753//4537 2750//4537
f 2754//4538 2750//4538 2749//4538
f 2435//4539 2443//4539 2442//4539
f 2435//4540 2442//4540 2434//4540
f 2428//4541 2418//4541 2426//4541
f 2428//4542 2426//4542 2436//4542
f 2445//4543 2996//4543 2698//4543
f 2445//4544 2698//4544 2420//4544
f 2420//4545 2428//4545 2449//4545
f 2420//4546 2449//4546 2445//4546
f 2432//4547 2439//4547 2447//4547
f 2432//4548 2447//4548 2440//4548
f 2423//4549 2430//4549 2439//4549
f 2423//4550 2439//4550 2432//4550
f 2446//4551 2439//4551 2430//4551
f 2446//4552 2430//4552 2438//4552
f 2451//4553 2447//4553 2439//4553
f 2451//4554 2439//4554 2446//4554
f 3147//4555 3427//4555 3423//4555
f 3147//4556 3423//4556 3148//4556
f 2443//4557 3718//4557 2693//4557
f 2443//4558 2693//4558 2442//4558
f 2436//4559 2426//4559 2434//4559
f 2436//4560 2434//4560 2444//4560
f 2428//4561 2436//4561 2454//4561
f 2428//4562 2454//4562 2449//4562
f 2444//4563 2434//4563 2442//4563
f 2444//4564 2442//4564 2448//4564
f 2442//4565 2693//4565 2639//4565
f 2442//4566 2639//4566 2448//4566
f 2436//4567 2444//4567 2458//4567
f 2436//4568 2458//4568 2454//4568
f 2444//4569 2448//4569 2599//4569
f 2444//4570 2599//4570 2458//4570
f 2446//4571 3678//4571 3677//4571
f 2446//4572 3677//4572 2451//4572
f 2650//4573 2455//4573 4399//4573
f 2650//4574 4399//4574 4400//4574
f 2457//4575 3410//4575 3411//4575
f 2457//4576 3411//4576 2456//4576
f 2453//4577 2452//4577 3411//4577
f 2453//4578 3411//4578 3410//4578
f 2455//4579 3676//4579 4398//4579
f 2455//4580 4398//4580 4399//4580
f 2605//4581 3179//4581 3178//4581
f 2605//4582 3178//4582 2462//4582
f 3097//4583 3096//4583 2460//4583
f 3097//4584 2460//4584 2461//4584
f 2462//4585 3178//4585 3675//4585
f 2462//4586 3675//4586 3674//4586
f 2460//4587 3845//4587 3844//4587
f 2460//4588 3844//4588 2461//4588
f 3874//4589 2605//4589 2462//4589
f 3874//4590 2462//4590 3875//4590
f 3984//4591 2604//4591 2464//4591
f 3984//4592 2464//4592 3923//4592
f 2466//4593 2467//4593 2468//4593
f 2466//4594 2468//4594 2465//4594
f 3399//4595 3400//4595 2465//4595
f 3399//4596 2465//4596 2468//4596
f 2469//4597 3006//4597 4395//4597
f 2469//4598 4395//4598 4394//4598
f 3673//4599 3924//4599 3923//4599
f 3673//4600 3923//4600 2464//4600
f 3875//4601 2462//4601 3674//4601
f 3875//4602 3674//4602 3876//4602
f 2479//4603 2610//4603 2611//4603
f 2479//4604 2611//4604 2471//4604
f 3922//4605 2665//4605 3095//4605
f 3922//4605 3095//4605 3862//4605
f 4295//4606 3971//4606 3970//4606
f 4295//4607 3970//4607 4296//4607
f 2960//4608 2477//4608 2474//4608
f 2960//4609 2474//4609 2959//4609
f 2466//4610 2474//4610 2477//4610
f 2466//4611 2477//4611 2467//4611
f 3672//4612 3671//4612 2479//4612
f 3672//4613 2479//4613 2471//4613
f 2612//4614 2613//4614 2610//4614
f 2612//4615 2610//4615 2479//4615
f 3093//4616 3092//4616 2486//4616
f 3093//4617 2486//4617 2480//4617
f 4296//4618 3970//4618 3969//4618
f 4296//4619 3969//4619 4297//4619
f 2665//4620 3922//4620 3921//4620
f 2665//4621 3921//4621 3846//4621
f 2975//4622 2974//4622 2482//4622
f 2975//4623 2482//4623 2483//4623
f 2484//4624 2679//4624 4393//4624
f 2484//4625 4393//4625 4392//4625
f 3671//4626 3670//4626 2612//4626
f 3671//4627 2612//4627 2479//4627
f 3849//4628 3848//4628 2480//4628
f 3849//4629 2480//4629 2486//4629
f 3092//4630 3091//4630 2495//4630
f 3092//4631 2495//4631 2486//4631
f 4299//4632 3967//4632 3966//4632
f 4299//4633 3966//4633 4300//4633
f 3918//4634 2667//4634 2666//4634
f 3918//4635 2666//4635 3919//4635
f 2666//4636 3401//4636 3920//4636
f 2666//4637 3920//4637 3919//4637
f 4298//4638 3968//4638 3967//4638
f 4298//4639 3967//4639 4299//4639
f 2490//4640 2499//4640 2500//4640
f 2490//4641 2500//4641 2491//4641
f 2482//4642 2490//4642 2491//4642
f 2482//4643 2491//4643 2483//4643
f 2486//4644 2495//4644 3850//4644
f 2486//4645 3850//4645 3849//4645
f 2494//4646 2505//4646 2504//4646
f 2494//4647 2504//4647 2493//4647
f 2494//4648 3403//4648 3404//4648
f 2494//4649 3404//4649 2505//4649
f 3091//4650 4086//4650 4085//4650
f 3091//4651 4085//4651 2495//4651
f 3964//4652 4302//4652 4301//4652
f 3964//4653 4301//4653 3965//4653
f 3916//4654 2958//4654 2668//4654
f 3916//4655 2668//4655 3917//4655
f 3917//4656 2668//4656 2667//4656
f 3917//4657 2667//4657 3918//4657
f 4300//4658 3966//4658 3965//4658
f 4300//4659 3965//4659 4301//4659
f 2492//4660 2502//4660 2513//4660
f 2492//4661 2513//4661 2501//4661
f 3930//4662 3882//4662 3883//4662
f 3930//4663 3883//4663 3931//4663
f 2505//4664 3404//4664 3405//4664
f 2505//4665 3405//4665 2516//4665
f 2505//4666 2516//4666 2515//4666
f 2505//4667 2515//4667 2504//4667
f 2495//4668 4085//4668 4084//4668
f 2495//4669 4084//4669 3850//4669
f 2518//4670 2955//4670 2956//4670
f 2518//4671 2956//4671 2507//4671
f 2493//4672 2504//4672 2518//4672
f 2493//4673 2518//4673 2507//4673
f 3913//4674 2670//4674 2973//4674
f 3913//4675 2973//4675 3914//4675
f 4304//4676 3962//4676 3961//4676
f 4304//4677 3961//4677 4305//4677
f 2511//4678 2512//4678 2509//4678
f 2511//4679 2509//4679 2510//4679
f 2499//4680 2509//4680 2512//4680
f 2499//4681 2512//4681 2500//4681
f 2516//4682 4082//4682 4081//4682
f 2516//4683 4081//4683 2515//4683
f 2523//4684 2954//4684 2955//4684
f 2523//4685 2955//4685 2518//4685
f 2504//4686 2515//4686 2523//4686
f 2504//4687 2523//4687 2518//4687
f 2971//4688 2970//4688 2524//4688
f 2971//4689 2524//4689 2519//4689
f 3959//4690 4307//4690 4306//4690
f 3959//4691 4306//4691 3960//4691
f 3911//4692 2672//4692 2671//4692
f 3911//4693 2671//4693 3912//4693
f 3912//4694 2671//4694 2670//4694
f 3912//4695 2670//4695 3913//4695
f 4305//4696 3961//4696 3960//4696
f 4305//4697 3960//4697 4306//4697
f 3215//4698 2511//4698 2510//4698
f 3215//4699 2510//4699 3216//4699
f 3937//4700 3889//4700 3890//4700
f 3937//4701 3890//4701 3938//4701
f 3708//4702 3057//4702 2253//4702
f 3708//4703 2253//4703 3707//4703
f 2502//4704 2521//4704 2531//4704
f 2502//4705 2531//4705 2513//4705
f 2679//4706 2469//4706 4394//4706
f 2679//4707 4394//4707 4393//4707
f 2515//4708 4081//4708 4080//4708
f 2515//4709 4080//4709 2523//4709
f 4079//4710 2954//4710 2523//4710
f 4079//4711 2523//4711 4080//4711
f 2970//4712 2969//4712 2532//4712
f 2970//4713 2532//4713 2524//4713
f 2533//4714 2540//4714 2534//4714
f 2533//4715 2534//4715 2525//4715
f 2519//4716 2524//4716 2533//4716
f 2519//4717 2533//4717 2525//4717
f 2529//4718 2530//4718 2527//4718
f 2529//4719 2527//4719 2528//4719
f 4149//4720 3215//4720 3216//4720
f 4149//4721 3216//4721 4150//4721
f 2253//4722 3057//4722 3116//4722
f 2253//4723 3116//4723 3115//4723
f 2969//4724 4077//4724 4076//4724
f 2969//4725 4076//4725 2532//4725
f 2539//4726 2546//4726 2540//4726
f 2539//4727 2540//4727 2533//4727
f 2524//4728 2532//4728 2539//4728
f 2524//4729 2539//4729 2533//4729
f 4308//4730 3958//4730 3957//4730
f 4308//4731 3957//4731 4309//4731
f 2674//4732 2673//4732 3910//4732
f 2674//4733 3910//4733 3909//4733
f 3910//4734 2673//4734 2672//4734
f 3910//4735 2672//4735 3911//4735
f 4307//4736 3959//4736 3958//4736
f 4307//4737 3958//4737 4308//4737
f 2537//4738 2538//4738 2736//4738
f 2537//4739 2736//4739 2735//4739
f 2528//4740 3229//4740 3230//4740
f 2528//4741 3230//4741 2529//4741
f 4074//4742 2546//4742 2539//4742
f 4074//4743 2539//4743 4075//4743
f 2532//4744 4076//4744 4075//4744
f 2532//4745 4075//4745 2539//4745
f 2541//4746 2542//4746 2547//4746
f 2541//4747 2547//4747 2548//4747
f 2534//4748 2540//4748 2547//4748
f 2534//4749 2547//4749 2542//4749
f 4309//4750 3957//4750 3956//4750
f 4309//4751 3956//4751 4310//4751
f 3908//4752 3217//4752 2674//4752
f 3908//4753 2674//4753 3909//4753
f 4115//4754 2551//4754 2543//4754
f 4115//4755 2543//4755 4116//4755
f 2723//4756 3251//4756 3252//4756
f 2723//4757 3252//4757 2724//4757
f 2544//4758 2368//4758 2364//4758
f 2544//4759 2364//4759 2543//4759
f 4116//4760 2543//4760 2364//4760
f 4116//4761 2364//4761 4117//4761
f 3632//4762 3631//4762 2368//4762
f 3632//4763 2368//4763 2544//4763
f 4219//4764 4220//4764 3531//4764
f 4219//4765 3531//4765 3945//4765
f 4221//4766 4326//4766 4325//4766
f 4221//4767 4325//4767 3897//4767
f 2540//4768 2546//4768 2554//4768
f 2540//4769 2554//4769 2547//4769
f 2548//4770 2547//4770 2554//4770
f 2548//4771 2554//4771 2555//4771
f 2541//4772 2548//4772 3220//4772
f 2541//4773 3220//4773 3219//4773
f 4310//4774 3956//4774 4154//4774
f 4310//4775 4154//4775 4311//4775
f 4312//4776 3955//4776 3954//4776
f 4312//4777 3954//4777 4313//4777
f 2676//4778 2675//4778 3907//4778
f 2676//4779 3907//4779 3906//4779
f 4151//4780 3217//4780 3908//4780
f 4151//4781 3908//4781 4152//4781
f 2552//4782 2544//4782 2543//4782
f 2552//4783 2543//4783 2551//4783
f 3633//4784 3632//4784 2544//4784
f 3633//4785 2544//4785 2552//4785
f 4219//4786 3944//4786 2553//4786
f 4219//4787 2553//4787 4220//4787
f 4221//4788 3896//4788 4327//4788
f 4221//4789 4327//4789 4326//4789
f 4217//4790 4218//4790 3530//4790
f 4217//4791 3530//4791 3529//4791
f 2546//4792 4074//4792 4073//4792
f 2546//4793 4073//4793 2554//4793
f 2555//4794 2554//4794 4073//4794
f 2555//4795 4073//4795 4072//4795
f 2548//4796 2555//4796 3221//4796
f 2548//4797 3221//4797 3220//4797
f 4155//4798 3219//4798 3220//4798
f 4155//4799 3220//4799 4156//4799
f 2557//4800 2556//4800 2562//4800
f 2557//4801 2562//4801 2563//4801
f 3953//4802 4314//4802 4313//4802
f 3953//4803 4313//4803 3954//4803
f 4315//4804 3952//4804 3951//4804
f 4315//4805 3951//4805 4316//4805
f 3903//4806 2678//4806 2734//4806
f 3903//4807 2734//4807 3904//4807
f 3905//4808 3228//4808 2676//4808
f 3905//4809 2676//4809 3906//4809
f 3942//4810 3475//4810 3645//4810
f 3942//4811 3645//4811 3943//4811
f 3940//4812 2559//4812 3472//4812
f 3940//4813 3472//4813 3941//4813
f 3892//4814 4331//4814 4330//4814
f 3892//4815 4330//4815 3893//4815
f 3894//4816 4329//4816 4328//4816
f 3894//4817 4328//4817 3895//4817
f 4217//4818 2565//4818 2560//4818
f 4217//4819 2560//4819 4218//4819
f 4216//4820 4217//4820 3529//4820
f 4216//4821 3529//4821 3528//4821
f 4071//4822 3221//4822 2555//4822
f 4071//4823 2555//4823 4072//4823
f 4156//4824 3220//4824 3221//4824
f 4156//4825 3221//4825 4157//4825
f 2563//4826 2562//4826 2566//4826
f 2563//4827 2566//4827 2567//4827
f 2563//4828 3225//4828 3226//4828
f 2563//4829 3226//4829 2557//4829
f 2732//4830 2731//4830 2568//4830
f 2732//4831 2568//4831 2564//4831
f 3949//4832 4319//4832 4318//4832
f 3949//4833 4318//4833 3950//4833
f 3948//4834 4321//4834 4320//4834
f 3948//4835 4320//4835 4111//4835
f 3900//4836 2681//4836 4114//4836
f 3900//4837 4114//4837 4113//4837
f 3901//4838 3250//4838 2722//4838
f 3901//4839 2722//4839 3902//4839
f 2559//4840 3940//4840 3939//4840
f 2559//4841 3939//4841 3612//4841
f 4331//4842 3892//4842 3891//4842
f 4331//4843 3891//4843 4332//4843
f 3477//4844 3476//4844 3644//4844
f 3477//4845 3644//4845 3643//4845
f 3470//4846 3823//4846 3822//4846
f 3470//4847 3822//4847 3471//4847
f 4216//4848 2571//4848 2565//4848
f 4216//4849 2565//4849 4217//4849
f 4215//4850 4216//4850 3528//4850
f 4215//4851 3528//4851 4059//4851
f 4157//4852 3221//4852 4071//4852
f 4157//4853 4071//4853 4158//4853
f 2567//4854 2566//4854 4070//4854
f 2567//4855 4070//4855 4069//4855
f 2567//4856 3224//4856 3225//4856
f 2567//4857 3225//4857 2563//4857
f 2731//4858 2730//4858 2575//4858
f 2731//4859 2575//4859 2568//4859
f 2719//4860 3247//4860 3248//4860
f 2719//4861 3248//4861 2720//4861
f 4109//4862 2582//4862 2576//4862
f 4109//4863 2576//4863 4110//4863
f 4321//4864 3948//4864 3947//4864
f 4321//4865 3947//4865 4322//4865
f 3899//4866 2682//4866 2681//4866
f 3899//4867 2681//4867 3900//4867
f 4322//4868 3947//4868 3946//4868
f 4322//4869 3946//4869 4323//4869
f 3898//4870 3634//4870 2682//4870
f 3898//4871 2682//4871 3899//4871
f 3822//4872 3823//4872 3610//4872
f 3822//4873 3610//4873 3611//4873
f 3478//4874 3477//4874 3643//4874
f 3478//4875 3643//4875 3642//4875
f 3469//4876 3824//4876 3823//4876
f 3469//4877 3823//4877 3470//4877
f 4215//4878 4058//4878 2571//4878
f 4215//4879 2571//4879 4216//4879
f 4068//4880 3224//4880 2567//4880
f 4068//4881 2567//4881 4069//4881
f 2730//4882 4067//4882 4066//4882
f 2730//4883 4066//4883 2575//4883
f 2718//4884 3246//4884 3247//4884
f 2718//4885 3247//4885 2719//4885
f 4108//4886 2584//4886 2582//4886
f 4108//4887 2582//4887 4109//4887
f 2576//4888 2582//4888 2581//4888
f 2576//4889 2581//4889 2577//4889
f 2577//4890 2581//4890 3637//4890
f 2577//4891 3637//4891 3636//4891
f 3823//4892 3824//4892 3609//4892
f 3823//4893 3609//4893 3610//4893
f 4056//4894 3478//4894 3642//4894
f 4056//4895 3642//4895 4057//4895
f 4054//4896 3824//4896 3469//4896
f 4054//4897 3469//4897 4055//4897
f 4063//4898 2584//4898 4108//4898
f 4063//4899 4108//4899 4107//4899
f 4064//4900 3246//4900 2718//4900
f 4064//4901 2718//4901 4065//4901
f 2582//4902 2584//4902 2585//4902
f 2582//4903 2585//4903 2581//4903
f 2581//4904 2585//4904 3638//4904
f 2581//4905 3638//4905 3637//4905
f 3824//4906 4054//4906 4053//4906
f 3824//4907 4053//4907 3609//4907
f 3045//4908 2484//4908 4392//4908
f 3045//4909 4392//4909 4391//4909
f 2584//4910 4063//4910 4062//4910
f 2584//4911 4062//4911 2585//4911
f 2585//4912 4062//4912 4061//4912
f 2585//4913 4061//4913 3638//4913
f 2501//4914 3047//4914 3046//4914
f 2501//4915 3046//4915 2492//4915
f 2596//4916 2640//4916 2641//4916
f 2596//4917 2641//4917 2587//4917
f 2738//4918 2737//4918 2591//4918
f 2738//4919 2591//4919 2321//4919
f 2739//4920 2738//4920 2321//4920
f 2739//4921 2321//4921 2347//4921
f 2347//4922 2346//4922 2740//4922
f 2347//4923 2740//4923 2739//4923
f 2740//4924 2346//4924 2768//4924
f 2740//4925 2768//4925 2769//4925
f 2370//4926 3629//4926 3628//4926
f 2370//4927 3628//4927 2367//4927
f 2370//4928 2369//4928 3630//4928
f 2370//4929 3630//4929 3629//4929
f 2368//4930 3631//4930 3630//4930
f 2368//4931 3630//4931 2369//4931
f 2320//4932 2319//4932 2629//4932
f 2320//4933 2629//4933 2630//4933
f 2322//4934 2323//4934 2319//4934
f 2322//4935 2319//4935 2320//4935
f 2341//4936 2340//4936 2323//4936
f 2341//4937 2323//4937 2322//4937
f 2770//4938 2771//4938 2340//4938
f 2770//4939 2340//4939 2341//4939
f 3482//4940 3648//4940 4193//4940
f 3482//4941 4193//4941 4194//4941
f 2258//4942 2453//4942 3410//4942
f 2258//4943 3410//4943 3409//4943
f 2281//4944 3409//4944 3410//4944
f 2281//4944 3410//4944 2457//4944
f 3098//4945 3097//4945 2461//4945
f 3098//4946 2461//4946 2279//4946
f 2279//4947 2461//4947 3844//4947
f 2279//4948 3844//4948 3843//4948
f 3398//4949 3399//4949 2468//4949
f 3398//4950 2468//4950 2273//4950
f 2273//4951 2468//4951 2467//4951
f 2273//4952 2467//4952 2274//4952
f 2961//4953 2275//4953 2477//4953
f 2961//4954 2477//4954 2960//4954
f 2477//4955 2275//4955 2274//4955
f 2477//4956 2274//4956 2467//4956
f 4//4957 2//4957 2592//4957
f 4//4958 2592//4958 2372//4958
f 2372//4959 2592//4959 2593//4959
f 2372//4960 2593//4960 2355//4960
f 4539//4961 4540//4961 2594//4961
f 4539//4962 2594//4962 2356//4962
f 2398//4963 2403//4963 2396//4963
f 2398//4964 2396//4964 2393//4964
f 2392//4965 2397//4965 2394//4965
f 2392//4966 2394//4966 2388//4966
f 2597//4967 2598//4967 2596//4967
f 2597//4968 2596//4968 2587//4968
f 2441//4969 2260//4969 2598//4969
f 2441//4970 2598//4970 2597//4970
f 3148//4971 3423//4971 3419//4971
f 3148//4972 3419//4972 3149//4972
f 2600//4973 3983//4973 3982//4973
f 2600//4974 3982//4974 2601//4974
f 3872//4975 2603//4975 2602//4975
f 3872//4976 2602//4976 3873//4976
f 2600//4977 2604//4977 3984//4977
f 2600//4978 3984//4978 3983//4978
f 2607//4979 2609//4979 2608//4979
f 2607//4980 2608//4980 2606//4980
f 2609//4981 2614//4981 2615//4981
f 2609//4982 2615//4982 2608//4982
f 2609//4983 2610//4983 2613//4983
f 2609//4984 2613//4984 2614//4984
f 2607//4985 2611//4985 2610//4985
f 2607//4986 2610//4986 2609//4986
f 3670//4987 4101//4987 4100//4987
f 3670//4988 4100//4988 2612//4988
f 4099//4989 2613//4989 2612//4989
f 4099//4990 2612//4990 4100//4990
f 2614//4991 2613//4991 4099//4991
f 2614//4992 4099//4992 4098//4992
f 2614//4993 4098//4993 4097//4993
f 2614//4994 4097//4994 2615//4994
f 4039//4995 3062//4995 2257//4995
f 4039//4996 2257//4996 4040//4996
f 4040//4997 2257//4997 2254//4997
f 4040//4998 2254//4998 3985//4998
f 3981//4999 2661//4999 2601//4999
f 3981//5000 2601//5000 3982//5000
f 2621//5001 2620//5001 2606//5001
f 2621//5002 2606//5002 2608//5002
f 2608//5003 2615//5003 2622//5003
f 2608//5004 2622//5004 2621//5004
f 2615//5005 4097//5005 4096//5005
f 2615//5006 4096//5006 2622//5006
f 3985//5007 2254//5007 2255//5007
f 3985//5008 2255//5008 3986//5008
f 2976//5009 2975//5009 2483//5009
f 2976//5010 2483//5010 2624//5010
f 2483//5011 2491//5011 2625//5011
f 2483//5012 2625//5012 2624//5012
f 2500//5013 2626//5013 2625//5013
f 2500//5014 2625//5014 2491//5014
f 2500//5015 2512//5015 2627//5015
f 2500//5016 2627//5016 2626//5016
f 2628//5017 2627//5017 2512//5017
f 2628//5018 2512//5018 2511//5018
f 3215//5019 3214//5019 2628//5019
f 3215//5020 2628//5020 2511//5020
f 4148//5021 3214//5021 3215//5021
f 4148//5022 3215//5022 4149//5022
f 2630//5023 2629//5023 2530//5023
f 2630//5024 2530//5024 2529//5024
f 2529//5025 3230//5025 3231//5025
f 2529//5026 3231//5026 2630//5026
f 2538//5027 2591//5027 2737//5027
f 2538//5028 2737//5028 2736//5028
f 2724//5029 3252//5029 3253//5029
f 2724//5030 3253//5030 2725//5030
f 3008//5031 3013//5031 2450//5031
f 3008//5032 2450//5032 2631//5032
f 2633//5033 3008//5033 2631//5033
f 2633//5034 2631//5034 2632//5034
f 2632//5035 2634//5035 2635//5035
f 2632//5036 2635//5036 2633//5036
f 2531//5037 3009//5037 3008//5037
f 2531//5038 3008//5038 2633//5038
f 2634//5039 2636//5039 2637//5039
f 2634//5040 2637//5040 2635//5040
f 2636//5041 3035//5041 3039//5041
f 2636//5042 3039//5042 2637//5042
f 2448//5043 2639//5043 2638//5043
f 2448//5044 2638//5044 2599//5044
f 2266//5045 2641//5045 2640//5045
f 2266//5046 2640//5046 2272//5046
f 4540//5047 4541//5047 2642//5047
f 4540//5048 2642//5048 2594//5048
f 4541//5049 4542//5049 3//5049
f 4541//5050 3//5050 2642//5050
f 2595//5051 2594//5051 2642//5051
f 2595//5052 2642//5052 2413//5052
f 4277//5053 4278//5053 4266//5053
f 4277//5054 4266//5054 4265//5054
f 4277//5055 2403//5055 2360//5055
f 4277//5056 2360//5056 4278//5056
f 2398//5057 2359//5057 2360//5057
f 2398//5058 2360//5058 2403//5058
f 2397//5059 2338//5059 2359//5059
f 2397//5060 2359//5060 2398//5060
f 2392//5061 2335//5061 2338//5061
f 2392//5062 2338//5062 2397//5062
f 2391//5063 2336//5063 2335//5063
f 2391//5064 2335//5064 2392//5064
f 2642//5065 3//5065 1//5065
f 2642//5066 1//5066 2413//5066
f 2386//5067 2644//5067 2339//5067
f 2386//5068 2339//5068 2390//5068
f 2336//5069 2391//5069 2390//5069
f 2336//5070 2390//5070 2339//5070
f 2643//5071 2381//5071 2378//5071
f 2643//5072 2378//5072 2395//5072
f 2395//5073 2378//5073 2379//5073
f 2395//5074 2379//5074 2401//5074
f 2383//5075 2402//5075 2401//5075
f 2383//5076 2401//5076 2379//5076
f 2384//5077 2407//5077 2402//5077
f 2384//5078 2402//5078 2383//5078
f 2387//5079 2399//5079 2406//5079
f 2387//5080 2406//5080 2408//5080
f 2760//5081 2759//5081 2744//5081
f 2760//5082 2744//5082 2743//5082
f 2645//5083 2644//5083 2643//5083
f 2645//5084 2643//5084 2646//5084
f 2643//5085 2644//5085 2386//5085
f 2643//5086 2386//5086 2381//5086
f 2648//5087 2656//5087 2657//5087
f 2648//5088 2657//5088 2647//5088
f 2647//5089 2657//5089 2587//5089
f 2647//5090 2587//5090 2641//5090
f 2648//5091 2261//5091 2263//5091
f 2648//5092 2263//5092 2649//5092
f 2647//5093 2262//5093 2261//5093
f 2647//5094 2261//5094 2648//5094
f 2266//5095 2262//5095 2647//5095
f 2266//5096 2647//5096 2641//5096
f 2272//5097 2640//5097 4407//5097
f 2272//5098 4407//5098 4408//5098
f 2649//5099 2655//5099 2656//5099
f 2649//5100 2656//5100 2648//5100
f 2602//5101 3180//5101 3179//5101
f 2602//5102 3179//5102 2605//5102
f 2651//5103 2650//5103 4400//5103
f 2651//5104 4400//5104 4401//5104
f 2603//5105 3181//5105 3180//5105
f 2603//5106 3180//5106 2602//5106
f 2424//5107 2652//5107 2653//5107
f 2424//5108 2653//5108 2425//5108
f 2654//5109 2652//5109 2424//5109
f 2654//5110 2424//5110 2433//5110
f 2433//5111 2441//5111 2597//5111
f 2433//5112 2597//5112 2654//5112
f 2652//5113 2656//5113 2655//5113
f 2652//5114 2655//5114 2653//5114
f 2657//5115 2656//5115 2652//5115
f 2657//5116 2652//5116 2654//5116
f 2654//5117 2597//5117 2587//5117
f 2654//5118 2587//5118 2657//5118
f 3713//5119 3714//5119 3018//5119
f 3713//5120 3018//5120 3038//5120
f 3038//5121 3018//5121 3122//5121
f 3038//5122 3122//5122 3121//5122
f 3121//5123 3122//5123 964//5123
f 3121//5124 964//5124 963//5124
f 3655//5125 3664//5125 3663//5125
f 3655//5126 3663//5126 3656//5126
f 3714//5127 3715//5127 2659//5127
f 3714//5128 2659//5128 3018//5128
f 3018//5129 2659//5129 3123//5129
f 3018//5130 3123//5130 3122//5130
f 3122//5131 3123//5131 965//5131
f 3122//5132 965//5132 964//5132
f 2521//5133 3010//5133 3009//5133
f 2521//5134 3009//5134 2531//5134
f 2640//5135 2596//5135 4406//5135
f 2640//5136 4406//5136 4407//5136
f 3871//5137 2662//5137 2603//5137
f 3871//5138 2603//5138 3872//5138
f 2662//5139 3182//5139 3181//5139
f 2662//5140 3181//5140 2603//5140
f 2637//5141 3039//5141 3047//5141
f 2637//5142 3047//5142 2501//5142
f 2663//5143 3412//5143 3411//5143
f 2663//5144 3411//5144 2452//5144
f 2456//5145 3411//5145 3412//5145
f 2456//5146 3412//5146 2664//5146
f 3095//5147 2665//5147 2460//5147
f 3095//5148 2460//5148 3096//5148
f 2665//5149 3846//5149 3845//5149
f 2665//5150 3845//5150 2460//5150
f 2465//5151 3400//5151 3401//5151
f 2465//5152 3401//5152 2666//5152
f 2465//5153 2666//5153 2667//5153
f 2465//5154 2667//5154 2466//5154
f 2667//5155 2668//5155 2474//5155
f 2667//5156 2474//5156 2466//5156
f 2668//5157 2958//5157 2959//5157
f 2668//5158 2959//5158 2474//5158
f 2482//5159 2974//5159 2973//5159
f 2482//5160 2973//5160 2670//5160
f 3656//5161 3663//5161 3662//5161
f 3656//5162 3662//5162 3657//5162
f 2670//5163 2671//5163 2490//5163
f 2670//5164 2490//5164 2482//5164
f 3657//5165 3662//5165 3661//5165
f 3657//5166 3661//5166 3658//5166
f 2671//5167 2672//5167 2499//5167
f 2671//5168 2499//5168 2490//5168
f 3711//5169 3712//5169 3042//5169
f 3711//5170 3042//5170 3044//5170
f 2672//5171 2673//5171 2509//5171
f 2672//5172 2509//5172 2499//5172
f 3712//5173 3713//5173 3038//5173
f 3712//5174 3038//5174 3042//5174
f 2510//5175 2509//5175 2673//5175
f 2510//5176 2673//5176 2674//5176
f 2674//5177 3217//5177 3216//5177
f 2674//5178 3216//5178 2510//5178
f 3044//5179 3042//5179 3120//5179
f 3044//5180 3120//5180 3119//5180
f 4150//5181 3216//5181 3217//5181
f 4150//5182 3217//5182 4151//5182
f 3042//5183 3038//5183 3121//5183
f 3042//5184 3121//5184 3120//5184
f 2528//5185 2527//5185 2675//5185
f 2528//5186 2675//5186 2676//5186
f 3119//5187 3120//5187 967//5187
f 3119//5188 967//5188 966//5188
f 2676//5189 3228//5189 3229//5189
f 2676//5190 3229//5190 2528//5190
f 2734//5191 2678//5191 2537//5191
f 2734//5192 2537//5192 2735//5192
f 2722//5193 3250//5193 3251//5193
f 2722//5194 3251//5194 2723//5194
f 4114//5195 2681//5195 2551//5195
f 4114//5196 2551//5196 4115//5196
f 3929//5197 3881//5197 3882//5197
f 3929//5198 3882//5198 3930//5198
f 3928//5199 3880//5199 3881//5199
f 3928//5200 3881//5200 3929//5200
f 2682//5201 2552//5201 2551//5201
f 2682//5202 2551//5202 2681//5202
f 3633//5203 2552//5203 2682//5203
f 3633//5204 2682//5204 3634//5204
f 3986//5205 2255//5205 2256//5205
f 3986//5206 2256//5206 3987//5206
f 4095//5207 2685//5207 2622//5207
f 4095//5208 2622//5208 4096//5208
f 2684//5209 3466//5209 2620//5209
f 2684//5210 2620//5210 2621//5210
f 2637//5211 2501//5211 2513//5211
f 2637//5212 2513//5212 2635//5212
f 2531//5213 2633//5213 2635//5213
f 2531//5214 2635//5214 2513//5214
f 2621//5215 2622//5215 2685//5215
f 2621//5216 2685//5216 2684//5216
f 3146//5217 4286//5217 3427//5217
f 3146//5218 3427//5218 3147//5218
f 2596//5219 2598//5219 4405//5219
f 2596//5220 4405//5220 4406//5220
f 2598//5221 2260//5221 4404//5221
f 2598//5222 4404//5222 4405//5222
f 2662//5223 3870//5223 3183//5223
f 2662//5224 3183//5224 3182//5224
f 2260//5225 2751//5225 4403//5225
f 2260//5226 4403//5226 4404//5226
f 3353//5227 3352//5227 3308//5227
f 3353//5228 3308//5228 3184//5228
f 3184//5229 3308//5229 3301//5229
f 3184//5230 3301//5230 3185//5230
f 3879//5231 3006//5231 2469//5231
f 3879//5232 2469//5232 3880//5232
f 3881//5233 2679//5233 2484//5233
f 3881//5234 2484//5234 3882//5234
f 2752//5235 2651//5235 4401//5235
f 2752//5236 4401//5236 4402//5236
f 3880//5237 2469//5237 2679//5237
f 3880//5238 2679//5238 3881//5238
f 2751//5239 2752//5239 4402//5239
f 2751//5240 4402//5240 4403//5240
f 2265//5241 2703//5241 2704//5241
f 2265//5242 2704//5242 2263//5242
f 2703//5243 2645//5243 2646//5243
f 2703//5244 2646//5244 2704//5244
f 2701//5245 3359//5245 3358//5245
f 2701//5246 3358//5246 2306//5246
f 3484//5247 3359//5247 2701//5247
f 3484//5248 2701//5248 3483//5248
f 2333//5249 2645//5249 2703//5249
f 2333//5250 2703//5250 2702//5250
f 2702//5251 2703//5251 2265//5251
f 2702//5252 2265//5252 2307//5252
f 3389//5253 4370//5253 4369//5253
f 3389//5254 4369//5254 3388//5254
f 3389//5255 3485//5255 4371//5255
f 3389//5256 4371//5256 4370//5256
f 2747//5257 2746//5257 2757//5257
f 2747//5258 2757//5258 2756//5258
f 2746//5259 2745//5259 2758//5259
f 2746//5260 2758//5260 2757//5260
f 2709//5261 2710//5261 2431//5261
f 2709//5262 2431//5262 2422//5262
f 2417//5263 2421//5263 2710//5263
f 2417//5264 2710//5264 2709//5264
f 2437//5265 2431//5265 2710//5265
f 2437//5266 2710//5266 2711//5266
f 2711//5267 2710//5267 2421//5267
f 2711//5268 2421//5268 2429//5268
f 2711//5269 2429//5269 3682//5269
f 2711//5270 3682//5270 3681//5270
f 2449//5271 2713//5271 2712//5271
f 2449//5272 2712//5272 2445//5272
f 2714//5273 2632//5273 2631//5273
f 2714//5274 2631//5274 2713//5274
f 2454//5275 2714//5275 2713//5275
f 2454//5276 2713//5276 2449//5276
f 2715//5277 2634//5277 2632//5277
f 2715//5278 2632//5278 2714//5278
f 2458//5279 2715//5279 2714//5279
f 2458//5280 2714//5280 2454//5280
f 2716//5281 2636//5281 2634//5281
f 2716//5282 2634//5282 2715//5282
f 2599//5283 2716//5283 2715//5283
f 2599//5284 2715//5284 2458//5284
f 2638//5285 2741//5285 2716//5285
f 2638//5286 2716//5286 2599//5286
f 2716//5287 2741//5287 3035//5287
f 2716//5288 3035//5288 2636//5288
f 2455//5289 2451//5289 3677//5289
f 2455//5290 3677//5290 3676//5290
f 2409//5291 2705//5291 2704//5291
f 2409//5292 2704//5292 2646//5292
f 2705//5293 2649//5293 2263//5293
f 2705//5294 2263//5294 2704//5294
f 2706//5295 2655//5295 2649//5295
f 2706//5296 2649//5296 2705//5296
f 2706//5297 2705//5297 2409//5297
f 2706//5298 2409//5298 2411//5298
f 2655//5299 2706//5299 2707//5299
f 2655//5300 2707//5300 2653//5300
f 2706//5301 2411//5301 2412//5301
f 2706//5302 2412//5302 2707//5302
f 2653//5303 2707//5303 2708//5303
f 2653//5304 2708//5304 2425//5304
f 2707//5305 2412//5305 2416//5305
f 2707//5306 2416//5306 2708//5306
f 2309//5307 3360//5307 3484//5307
f 2309//5308 3484//5308 3483//5308
f 2712//5309 3624//5309 2996//5309
f 2712//5310 2996//5310 2445//5310
f 2268//5311 2270//5311 2266//5311
f 2268//5312 2266//5312 2272//5312
f 2269//5313 2270//5313 2268//5313
f 2269//5314 2268//5314 2271//5314
f 2327//5315 2328//5315 2329//5315
f 2327//5316 2329//5316 2317//5316
f 2326//5317 2327//5317 2317//5317
f 2326//5318 2317//5318 2316//5318
f 3355//5319 3354//5319 2326//5319
f 3355//5320 2326//5320 2316//5320
f 2329//5321 2328//5321 2343//5321
f 2329//5322 2343//5322 2330//5322
f 3384//5323 3385//5323 4366//5323
f 3384//5324 4366//5324 4365//5324
f 2753//5325 2752//5325 2751//5325
f 2753//5326 2751//5326 2750//5326
f 2440//5327 2447//5327 2650//5327
f 2440//5328 2650//5328 2651//5328
f 2455//5329 2650//5329 2447//5329
f 2455//5330 2447//5330 2451//5330
f 3172//5331 3575//5331 3601//5331
f 3172//5332 3601//5332 3602//5332
f 2639//5333 2687//5333 2686//5333
f 2639//5334 2686//5334 2638//5334
f 2693//5335 2692//5335 2687//5335
f 2693//5336 2687//5336 2639//5336
f 2689//5337 3651//5337 3650//5337
f 2689//5338 3650//5338 2688//5338
f 8//5339 3126//5339 3127//5339
f 8//5340 3127//5340 11//5340
f 2688//5341 3127//5341 3126//5341
f 2688//5342 3126//5342 2689//5342
f 2691//5343 3650//5343 3651//5343
f 2691//5344 3651//5344 2690//5344
f 3123//5345 3124//5345 969//5345
f 3123//5346 969//5346 965//5346
f 2659//5347 2694//5347 3124//5347
f 2659//5348 3124//5348 3123//5348
f 3715//5349 3716//5349 2694//5349
f 3715//5350 2694//5350 2659//5350
f 3653//5351 3666//5351 3665//5351
f 3653//5352 3665//5352 3654//5352
f 2686//5353 2687//5353 2695//5353
f 2686//5354 2695//5354 2658//5354
f 3124//5355 3125//5355 9//5355
f 3124//5356 9//5356 969//5356
f 2694//5357 2696//5357 3125//5357
f 2694//5358 3125//5358 3124//5358
f 3716//5359 3717//5359 2696//5359
f 3716//5360 2696//5360 2694//5360
f 3652//5361 3667//5361 3666//5361
f 3652//5362 3666//5362 3653//5362
f 2687//5363 2692//5363 2697//5363
f 2687//5364 2697//5364 2695//5364
f 9//5365 3125//5365 3126//5365
f 9//5366 3126//5366 8//5366
f 2689//5367 3126//5367 3125//5367
f 2689//5368 3125//5368 2696//5368
f 4102//5369 2987//5369 2998//5369
f 4102//5370 2998//5370 4103//5370
f 2998//5371 2987//5371 2988//5371
f 2998//5372 2988//5372 2999//5372
f 2999//5373 2988//5373 2989//5373
f 2999//5374 2989//5374 3000//5374
f 3925//5375 2990//5375 3001//5375
f 3925//5376 3001//5376 3926//5376
f 3877//5377 2991//5377 3002//5377
f 3877//5378 3002//5378 3878//5378
f 2991//5379 3177//5379 3176//5379
f 2991//5380 3176//5380 3002//5380
f 2992//5381 3003//5381 4396//5381
f 2992//5382 4396//5382 4397//5382
f 3003//5383 2992//5383 2993//5383
f 3003//5384 2993//5384 3004//5384
f 4186//5385 2575//5385 4066//5385
f 4186//5386 4066//5386 4187//5386
f 4185//5387 2568//5387 2575//5387
f 4185//5388 2575//5388 4186//5388
f 4184//5389 2564//5389 2568//5389
f 4184//5390 2568//5390 4185//5390
f 4316//5391 3951//5391 4183//5391
f 4316//5392 4183//5392 4317//5392
f 4180//5393 2678//5393 3903//5393
f 4180//5394 3903//5394 4181//5394
f 4179//5395 2537//5395 2678//5395
f 4179//5396 2678//5396 4180//5396
f 4178//5397 2538//5397 2537//5397
f 4178//5398 2537//5398 4179//5398
f 4177//5399 2591//5399 2538//5399
f 4177//5400 2538//5400 4178//5400
f 4176//5401 2321//5401 2591//5401
f 4176//5402 2591//5402 4177//5402
f 4175//5403 2347//5403 2321//5403
f 4175//5404 2321//5404 4176//5404
f 4174//5405 2346//5405 2347//5405
f 4174//5406 2347//5406 4175//5406
f 4173//5407 2768//5407 2346//5407
f 4173//5408 2346//5408 4174//5408
f 2730//5409 3224//5409 4068//5409
f 2730//5410 4068//5410 4067//5410
f 2731//5411 3225//5411 3224//5411
f 2731//5412 3224//5412 2730//5412
f 2732//5413 3226//5413 3225//5413
f 2732//5414 3225//5414 2731//5414
f 4314//5415 3953//5415 3952//5415
f 4314//5416 3952//5416 4315//5416
f 3904//5417 2734//5417 3228//5417
f 3904//5418 3228//5418 3905//5418
f 3228//5419 2734//5419 2735//5419
f 3228//5420 2735//5420 3229//5420
f 2736//5421 3230//5421 3229//5421
f 2736//5422 3229//5422 2735//5422
f 2737//5423 3231//5423 3230//5423
f 2737//5424 3230//5424 2736//5424
f 2738//5425 3232//5425 3231//5425
f 2738//5426 3231//5426 2737//5426
f 3233//5427 3232//5427 2738//5427
f 3233//5428 2738//5428 2739//5428
f 2739//5429 2740//5429 3234//5429
f 2739//5430 3234//5430 3233//5430
f 3234//5431 2740//5431 2769//5431
f 3234//5432 2769//5432 3235//5432
f 2686//5433 3016//5433 2741//5433
f 2686//5434 2741//5434 2638//5434
f 3664//5435 3655//5435 3654//5435
f 3664//5436 3654//5436 3665//5436
f 2658//5437 3017//5437 3016//5437
f 2658//5438 3016//5438 2686//5438
f 2743//5439 2384//5439 2377//5439
f 2743//5440 2377//5440 2742//5440
f 2744//5441 2407//5441 2384//5441
f 2744//5442 2384//5442 2743//5442
f 2744//5443 2745//5443 2416//5443
f 2744//5444 2416//5444 2407//5444
f 2746//5445 2708//5445 2416//5445
f 2746//5446 2416//5446 2745//5446
f 2747//5447 2425//5447 2708//5447
f 2747//5448 2708//5448 2746//5448
f 2425//5449 2747//5449 2748//5449
f 2425//5450 2748//5450 2424//5450
f 2433//5451 2424//5451 2748//5451
f 2433//5452 2748//5452 2749//5452
f 2749//5453 2750//5453 2441//5453
f 2749//5454 2441//5454 2433//5454
f 2750//5455 2751//5455 2260//5455
f 2750//5456 2260//5456 2441//5456
f 2753//5457 2440//5457 2651//5457
f 2753//5458 2651//5458 2752//5458
f 2754//5459 2432//5459 2440//5459
f 2754//5460 2440//5460 2753//5460
f 2754//5461 2755//5461 2423//5461
f 2754//5462 2423//5462 2432//5462
f 2756//5463 2422//5463 2423//5463
f 2756//5464 2423//5464 2755//5464
f 2757//5465 2709//5465 2422//5465
f 2757//5466 2422//5466 2756//5466
f 2757//5467 2758//5467 2417//5467
f 2757//5468 2417//5468 2709//5468
f 2759//5469 2408//5469 2417//5469
f 2759//5470 2417//5470 2758//5470
f 2760//5471 2387//5471 2408//5471
f 2760//5472 2408//5472 2759//5472
f 2387//5473 2760//5473 2761//5473
f 2387//5474 2761//5474 2382//5474
f 2781//5475 3156//5475 2775//5475
f 2781//5476 2775//5476 2774//5476
f 3340//5477 3837//5477 3836//5477
f 3340//5478 3836//5478 2782//5478
f 3334//5479 3337//5479 2783//5479
f 3334//5480 2783//5480 2784//5480
f 3331//5481 3334//5481 2784//5481
f 3331//5482 2784//5482 3100//5482
f 2786//5483 2787//5483 2783//5483
f 2786//5484 2783//5484 2782//5484
f 3337//5485 3340//5485 2782//5485
f 3337//5486 2782//5486 2783//5486
f 4142//5487 3208//5487 3209//5487
f 4142//5488 3209//5488 4143//5488
f 4143//5489 3209//5489 3210//5489
f 4143//5490 3210//5490 4144//5490
f 3236//5491 2790//5491 2770//5491
f 3236//5492 2770//5492 3235//5492
f 2918//5493 3258//5493 3259//5493
f 2918//5494 3259//5494 2919//5494
f 2790//5495 3236//5495 3237//5495
f 2790//5496 3237//5496 2793//5496
f 3258//5497 2918//5497 2767//5497
f 3258//5498 2767//5498 3257//5498
f 2893//5499 4122//5499 4121//5499
f 2893//5500 4121//5500 2766//5500
f 3207//5501 2944//5501 2794//5501
f 3207//5502 2794//5502 3208//5502
f 3208//5503 2794//5503 2795//5503
f 3208//5504 2795//5504 3209//5504
f 2794//5505 2797//5505 2796//5505
f 2794//5506 2796//5506 2795//5506
f 3205//5507 2945//5507 2948//5507
f 3205//5508 2948//5508 3206//5508
f 4141//5509 3207//5509 3208//5509
f 4141//5510 3208//5510 4142//5510
f 2793//5511 3237//5511 3238//5511
f 2793//5512 3238//5512 2935//5512
f 2919//5513 3259//5513 3260//5513
f 2919//5514 3260//5514 2938//5514
f 4123//5515 2891//5515 2939//5515
f 4123//5516 2939//5516 4124//5516
f 2883//5517 2880//5517 4126//5517
f 2883//5518 4126//5518 4125//5518
f 2920//5519 3261//5519 3262//5519
f 2920//5520 3262//5520 2921//5520
f 2802//5521 3239//5521 3240//5521
f 2802//5522 3240//5522 2805//5522
f 2805//5523 3240//5523 3241//5523
f 2805//5524 3241//5524 2806//5524
f 4138//5525 3204//5525 3205//5525
f 4138//5526 3205//5526 4139//5526
f 4139//5527 3205//5527 3206//5527
f 4139//5528 3206//5528 4140//5528
f 3209//5529 2795//5529 2772//5529
f 3209//5530 2772//5530 3210//5530
f 2795//5531 2796//5531 2773//5531
f 2795//5532 2773//5532 2772//5532
f 2810//5533 2809//5533 2798//5533
f 2810//5534 2798//5534 2947//5534
f 3203//5535 3202//5535 2810//5535
f 3203//5536 2810//5536 2947//5536
f 2811//5537 2812//5537 2809//5537
f 2811//5538 2809//5538 2810//5538
f 2810//5539 3202//5539 3201//5539
f 2810//5540 3201//5540 2811//5540
f 2817//5541 2814//5541 2815//5541
f 2817//5542 2815//5542 2816//5542
f 2821//5543 2818//5543 2819//5543
f 2821//5544 2819//5544 2820//5544
f 2825//5545 2822//5545 2823//5545
f 2825//5546 2823//5546 2824//5546
f 2820//5547 2819//5547 2826//5547
f 2820//5548 2826//5548 2827//5548
f 3325//5549 3328//5549 2785//5549
f 3325//5550 2785//5550 2828//5550
f 2785//5551 2822//5551 2825//5551
f 2785//5552 2825//5552 2828//5552
f 3725//5553 3765//5553 3766//5553
f 3725//5554 3766//5554 3726//5554
f 3727//5555 3767//5555 3768//5555
f 3727//5556 3768//5556 3728//5556
f 3101//5557 2830//5557 2829//5557
f 3101//5558 2829//5558 3102//5558
f 2787//5559 2831//5559 2829//5559
f 2787//5560 2829//5560 2830//5560
f 3724//5561 3764//5561 3765//5561
f 3724//5562 3765//5562 3725//5562
f 3770//5563 3730//5563 3729//5563
f 3770//5564 3729//5564 3769//5564
f 3732//5565 3772//5565 3773//5565
f 3732//5566 3773//5566 3733//5566
f 2817//5567 2834//5567 2833//5567
f 2817//5568 2833//5568 2814//5568
f 2815//5569 3322//5569 3318//5569
f 2815//5570 3318//5570 2816//5570
f 2840//5571 3606//5571 3597//5571
f 2840//5572 3597//5572 2837//5572
f 3776//5573 3736//5573 3735//5573
f 3776//5574 3735//5574 3775//5574
f 2837//5575 2836//5575 2832//5575
f 2837//5576 2832//5576 2840//5576
f 3593//5577 2842//5577 2841//5577
f 3593//5578 2841//5578 3594//5578
f 3592//5579 2844//5579 3740//5579
f 3592//5580 3740//5580 3739//5580
f 3740//5581 2844//5581 2846//5581
f 3740//5582 2846//5582 3741//5582
f 2830//5583 2784//5583 2783//5583
f 2830//5584 2783//5584 2787//5584
f 2813//5585 2831//5585 2787//5585
f 2813//5586 2787//5586 2786//5586
f 3764//5587 3724//5587 3723//5587
f 3764//5588 3723//5588 3763//5588
f 2782//5589 3836//5589 3835//5589
f 2782//5590 3835//5590 2786//5590
f 3100//5591 2784//5591 2830//5591
f 3100//5592 2830//5592 3101//5592
f 2848//5593 3243//5593 3244//5593
f 2848//5594 3244//5594 2847//5594
f 4136//5595 3202//5595 3203//5595
f 4136//5596 3203//5596 4137//5596
f 2855//5597 3242//5597 3243//5597
f 2855//5598 3243//5598 2848//5598
f 2923//5599 3264//5599 3265//5599
f 2923//5600 3265//5600 2924//5600
f 2924//5601 3265//5601 3266//5601
f 2924//5602 3266//5602 2925//5602
f 4128//5603 2896//5603 2854//5603
f 4128//5604 2854//5604 4129//5604
f 2854//5605 2896//5605 2895//5605
f 2854//5606 2895//5606 2853//5606
f 2806//5607 3241//5607 3242//5607
f 2806//5608 3242//5608 2855//5608
f 3203//5609 2947//5609 2946//5609
f 3203//5610 2946//5610 3204//5610
f 4137//5611 3203//5611 3204//5611
f 4137//5612 3204//5612 4138//5612
f 4135//5613 3201//5613 3202//5613
f 4135//5614 3202//5614 4136//5614
f 3795//5615 3760//5615 4134//5615
f 3795//5616 4134//5616 4133//5616
f 3796//5617 3761//5617 3760//5617
f 3796//5618 3760//5618 3795//5618
f 3751//5619 3787//5619 3788//5619
f 3751//5620 3788//5620 3752//5620
f 4129//5621 2854//5621 2859//5621
f 4129//5622 2859//5622 4130//5622
f 2854//5623 2853//5623 2858//5623
f 2854//5624 2858//5624 2859//5624
f 2861//5625 3831//5625 2900//5625
f 2861//5626 2900//5626 2860//5626
f 2894//5627 2888//5627 3831//5627
f 2894//5628 3831//5628 2861//5628
f 3750//5629 3749//5629 3785//5629
f 3750//5630 3785//5630 3786//5630
f 2838//5631 2843//5631 4425//5631
f 2838//5632 4425//5632 4424//5632
f 2864//5633 2875//5633 2867//5633
f 2864//5634 2867//5634 2863//5634
f 2866//5635 2865//5635 2846//5635
f 2866//5636 2846//5636 2844//5636
f 3744//5637 3743//5637 2863//5637
f 3744//5638 2863//5638 2867//5638
f 2874//5639 3745//5639 3744//5639
f 2874//5640 3744//5640 2867//5640
f 3747//5641 3746//5641 2897//5641
f 3747//5642 2897//5642 3588//5642
f 3586//5643 2871//5643 2870//5643
f 3586//5644 2870//5644 3587//5644
f 2869//5645 2872//5645 2873//5645
f 2869//5646 2873//5646 2868//5646
f 2873//5647 2839//5647 2862//5647
f 2873//5648 2862//5648 2868//5648
f 2796//5649 2781//5649 2774//5649
f 2796//5650 2774//5650 2773//5650
f 3204//5651 2946//5651 2945//5651
f 3204//5652 2945//5652 3205//5652
f 2921//5653 3262//5653 3263//5653
f 2921//5654 3263//5654 2922//5654
f 4127//5655 2879//5655 2896//5655
f 4127//5656 2896//5656 4128//5656
f 2880//5657 2877//5657 2878//5657
f 2880//5658 2878//5658 2879//5658
f 2882//5659 2886//5659 2887//5659
f 2882//5660 2887//5660 2881//5660
f 2884//5661 2877//5661 2880//5661
f 2884//5662 2880//5662 2883//5662
f 2885//5663 2889//5663 2886//5663
f 2885//5664 2886//5664 2882//5664
f 2887//5665 2910//5665 2909//5665
f 2887//5666 2909//5666 2888//5666
f 2881//5667 2887//5667 2888//5667
f 2881//5668 2888//5668 2894//5668
f 2886//5669 2911//5669 2910//5669
f 2886//5670 2910//5670 2887//5670
f 2912//5671 2911//5671 2886//5671
f 2912//5672 2886//5672 2889//5672
f 2939//5673 2891//5673 2892//5673
f 2939//5674 2892//5674 2940//5674
f 2895//5675 2896//5675 2879//5675
f 2895//5676 2879//5676 2878//5676
f 4126//5677 2880//5677 2879//5677
f 4126//5678 2879//5678 4127//5678
f 2922//5679 3263//5679 3264//5679
f 2922//5680 3264//5680 2923//5680
f 4430//5681 2866//5681 3591//5681
f 4430//5682 3591//5682 4431//5682
f 3591//5683 2866//5683 2844//5683
f 3591//5684 2844//5684 3592//5684
f 3588//5685 2897//5685 2898//5685
f 3588//5686 2898//5686 3589//5686
f 3785//5687 3749//5687 3748//5687
f 3785//5688 3748//5688 3784//5688
f 2901//5689 2874//5689 2867//5689
f 2901//5690 2867//5690 2875//5690
f 4122//5691 2893//5691 2891//5691
f 4122//5692 2891//5692 4123//5692
f 2825//5693 2820//5693 2827//5693
f 2825//5694 2827//5694 2828//5694
f 2824//5695 2821//5695 2820//5695
f 2824//5696 2820//5696 2825//5696
f 3769//5697 3729//5697 3728//5697
f 3769//5698 3728//5698 3768//5698
f 2819//5699 2904//5699 2903//5699
f 2819//5700 2903//5700 2826//5700
f 2818//5701 2905//5701 2904//5701
f 2818//5702 2904//5702 2819//5702
f 3771//5703 3731//5703 3730//5703
f 3771//5704 3730//5704 3770//5704
f 2835//5705 3569//5705 3549//5705
f 2835//5706 3549//5706 3548//5706
f 2833//5707 2832//5707 2836//5707
f 2833//5708 2836//5708 2814//5708
f 3733//5709 3773//5709 3774//5709
f 3733//5710 3774//5710 3734//5710
f 2904//5711 2817//5711 2816//5711
f 2904//5712 2816//5712 2903//5712
f 2905//5713 2834//5713 2817//5713
f 2905//5714 2817//5714 2904//5714
f 3731//5715 3771//5715 3772//5715
f 3731//5716 3772//5716 3732//5716
f 2827//5717 3321//5717 3325//5717
f 2827//5718 3325//5718 2828//5718
f 4131//5719 3752//5719 3788//5719
f 4131//5720 3788//5720 4132//5720
f 2906//5721 3831//5721 2888//5721
f 2906//5722 2888//5722 2909//5722
f 2907//5723 3572//5723 3573//5723
f 2907//5724 3573//5724 2841//5724
f 3594//5725 2841//5725 3573//5725
f 3594//5726 3573//5726 3595//5726
f 2899//5727 2900//5727 3831//5727
f 2899//5728 3831//5728 2906//5728
f 2943//5729 2942//5729 3828//5729
f 2943//5730 3828//5730 2913//5730
f 2874//5731 2901//5731 2898//5731
f 2874//5732 2898//5732 2897//5732
f 2897//5733 3746//5733 3745//5733
f 2897//5734 3745//5734 2874//5734
f 2869//5735 2870//5735 2871//5735
f 2869//5736 2871//5736 2872//5736
f 3585//5737 3137//5737 2871//5737
f 3585//5738 2871//5738 3586//5738
f 3584//5739 3136//5739 3137//5739
f 3584//5740 3137//5740 3585//5740
f 3583//5741 3138//5741 3136//5741
f 3583//5742 3136//5742 3584//5742
f 3582//5743 3139//5743 3138//5743
f 3582//5744 3138//5744 3583//5744
f 3580//5745 3131//5745 3140//5745
f 3580//5746 3140//5746 3581//5746
f 3578//5747 3143//5747 3132//5747
f 3578//5748 3132//5748 3579//5748
f 2907//5749 2845//5749 2843//5749
f 2907//5750 2843//5750 2838//5750
f 2845//5751 2907//5751 2841//5751
f 2845//5752 2841//5752 2842//5752
f 3579//5753 3132//5753 3131//5753
f 3579//5754 3131//5754 3580//5754
f 2791//5755 2926//5755 2769//5755
f 2791//5756 2769//5756 2768//5756
f 2792//5757 2927//5757 2926//5757
f 2792//5758 2926//5758 2791//5758
f 2927//5759 2792//5759 2937//5759
f 2927//5760 2937//5760 2936//5760
f 2803//5761 2804//5761 2929//5761
f 2803//5762 2929//5762 2928//5762
f 2929//5763 2804//5763 2876//5763
f 2929//5764 2876//5764 2930//5764
f 2852//5765 2931//5765 2930//5765
f 2852//5766 2930//5766 2876//5766
f 2852//5767 2850//5767 2932//5767
f 2852//5768 2932//5768 2931//5768
f 2932//5769 2850//5769 2851//5769
f 2932//5770 2851//5770 2933//5770
f 3755//5771 3790//5771 3791//5771
f 3755//5772 3791//5772 3756//5772
f 2853//5773 2861//5773 2860//5773
f 2853//5774 2860//5774 2858//5774
f 2895//5775 2894//5775 2861//5775
f 2895//5776 2861//5776 2853//5776
f 2878//5777 2881//5777 2894//5777
f 2878//5778 2894//5778 2895//5778
f 2877//5779 2882//5779 2881//5779
f 2877//5780 2881//5780 2878//5780
f 2885//5781 2882//5781 2877//5781
f 2885//5782 2877//5782 2884//5782
f 2892//5783 2890//5783 2941//5783
f 2892//5784 2941//5784 2940//5784
f 2790//5785 2788//5785 2771//5785
f 2790//5786 2771//5786 2770//5786
f 2793//5787 2789//5787 2788//5787
f 2793//5788 2788//5788 2790//5788
f 2935//5789 2934//5789 2789//5789
f 2935//5790 2789//5790 2793//5790
f 2805//5791 2807//5791 2801//5791
f 2805//5792 2801//5792 2802//5792
f 2806//5793 2808//5793 2807//5793
f 2806//5794 2807//5794 2805//5794
f 2855//5795 2856//5795 2808//5795
f 2855//5796 2808//5796 2806//5796
f 2848//5797 2849//5797 2856//5797
f 2848//5798 2856//5798 2855//5798
f 2847//5799 2857//5799 2849//5799
f 2847//5800 2849//5800 2848//5800
f 3794//5801 3759//5801 3758//5801
f 3794//5802 3758//5802 3793//5802
f 3787//5803 3751//5803 3750//5803
f 3787//5804 3750//5804 3786//5804
f 3741//5805 2846//5805 2914//5805
f 3741//5806 2914//5806 3742//5806
f 2914//5807 4427//5807 4426//5807
f 2914//5808 4426//5808 3742//5808
f 2914//5809 2915//5809 4428//5809
f 2914//5810 4428//5810 4427//5810
f 2846//5811 2865//5811 2915//5811
f 2846//5812 2915//5812 2914//5812
f 3589//5813 2898//5813 2916//5813
f 3589//5814 2916//5814 3590//5814
f 2901//5815 2917//5815 2916//5815
f 2901//5816 2916//5816 2898//5816
f 2865//5817 2866//5817 4430//5817
f 2865//5818 4430//5818 4429//5818
f 4172//5819 2791//5819 2768//5819
f 4172//5820 2768//5820 4173//5820
f 4171//5821 2792//5821 2791//5821
f 4171//5822 2791//5822 4172//5822
f 4170//5823 2937//5823 2792//5823
f 4170//5824 2792//5824 4171//5824
f 4168//5825 2804//5825 2803//5825
f 4168//5826 2803//5826 4169//5826
f 4167//5827 2876//5827 2804//5827
f 4167//5828 2804//5828 4168//5828
f 4166//5829 2852//5829 2876//5829
f 4166//5830 2876//5830 4167//5830
f 4165//5831 2850//5831 2852//5831
f 4165//5832 2852//5832 4166//5832
f 4164//5833 2851//5833 2850//5833
f 4164//5834 2850//5834 4165//5834
f 3790//5835 3755//5835 4163//5835
f 3790//5836 4163//5836 4162//5836
f 2926//5837 3236//5837 3235//5837
f 2926//5838 3235//5838 2769//5838
f 2927//5839 3237//5839 3236//5839
f 2927//5840 3236//5840 2926//5840
f 3237//5841 2927//5841 2936//5841
f 3237//5842 2936//5842 3238//5842
f 2928//5843 2929//5843 3240//5843
f 2928//5844 3240//5844 3239//5844
f 3240//5845 2929//5845 2930//5845
f 3240//5846 2930//5846 3241//5846
f 2931//5847 3242//5847 3241//5847
f 2931//5848 3241//5848 2930//5848
f 2932//5849 3243//5849 3242//5849
f 2932//5850 3242//5850 2931//5850
f 3243//5851 2932//5851 2933//5851
f 3243//5852 2933//5852 3244//5852
f 3756//5853 3791//5853 3792//5853
f 3756//5854 3792//5854 3757//5854
f 3833//5855 3832//5855 3763//5855
f 3833//5856 3763//5856 3723//5856
f 3834//5857 2813//5857 2786//5857
f 3834//5858 2786//5858 3835//5858
f 3206//5859 2948//5859 2944//5859
f 3206//5860 2944//5860 3207//5860
f 4140//5861 3206//5861 3207//5861
f 4140//5862 3207//5862 4141//5862
f 2802//5863 2801//5863 2934//5863
f 2802//5864 2934//5864 2935//5864
f 2935//5865 3238//5865 3239//5865
f 2935//5866 3239//5866 2802//5866
f 2936//5867 2928//5867 3239//5867
f 2936//5868 3239//5868 3238//5868
f 2937//5869 2803//5869 2928//5869
f 2937//5870 2928//5870 2936//5870
f 4169//5871 2803//5871 2937//5871
f 4169//5872 2937//5872 4170//5872
f 2938//5873 3260//5873 3261//5873
f 2938//5874 3261//5874 2920//5874
f 2939//5875 2883//5875 4125//5875
f 2939//5876 4125//5876 4124//5876
f 2884//5877 2883//5877 2939//5877
f 2884//5878 2939//5878 2940//5878
f 2941//5879 2885//5879 2884//5879
f 2941//5880 2884//5880 2940//5880
f 2941//5881 2942//5881 2889//5881
f 2941//5882 2889//5882 2885//5882
f 2943//5883 2912//5883 2889//5883
f 2943//5884 2889//5884 2942//5884
f 3581//5885 3140//5885 3139//5885
f 3581//5886 3139//5886 3582//5886
f 2944//5887 2800//5887 2797//5887
f 2944//5888 2797//5888 2794//5888
f 2948//5889 2949//5889 2800//5889
f 2948//5890 2800//5890 2944//5890
f 2947//5891 2798//5891 2950//5891
f 2947//5892 2950//5892 2946//5892
f 2946//5893 2950//5893 2799//5893
f 2946//5894 2799//5894 2945//5894
f 2945//5895 2799//5895 2949//5895
f 2945//5896 2949//5896 2948//5896
f 2777//5897 2965//5897 2964//5897
f 2777//5898 2964//5898 2295//5898
f 2964//5899 2963//5899 2287//5899
f 2964//5900 2287//5900 2295//5900
f 2963//5901 2962//5901 2286//5901
f 2963//5902 2286//5902 2287//5902
f 2962//5903 2961//5903 2276//5903
f 2962//5904 2276//5904 2286//5904
f 2961//5905 2960//5905 2476//5905
f 2961//5906 2476//5906 2276//5906
f 2960//5907 2959//5907 2475//5907
f 2960//5908 2475//5908 2476//5908
f 2475//5909 2959//5909 2958//5909
f 2475//5910 2958//5910 2669//5910
f 2958//5911 3916//5911 3915//5911
f 2958//5912 3915//5912 2669//5912
f 4302//5913 3964//5913 3963//5913
f 4302//5914 3963//5914 4303//5914
f 2956//5915 2955//5915 2517//5915
f 2956//5916 2517//5916 2506//5916
f 2955//5917 2954//5917 2522//5917
f 2955//5918 2522//5918 2517//5918
f 2954//5919 4079//5919 4078//5919
f 2954//5920 4078//5920 2522//5920
f 2908//5921 3574//5921 3607//5921
f 2908//5922 3607//5922 2951//5922
f 2798//5923 2809//5923 2953//5923
f 2798//5924 2953//5924 2952//5924
f 2288//5925 2290//5925 2962//5925
f 2288//5926 2962//5926 2963//5926
f 2953//5927 3346//5927 3155//5927
f 2953//5928 3155//5928 2952//5928
f 2952//5929 3155//5929 3157//5929
f 2952//5930 3157//5930 2966//5930
f 2952//5931 2966//5931 2950//5931
f 2952//5932 2950//5932 2798//5932
f 2966//5933 3157//5933 3158//5933
f 2966//5934 3158//5934 2967//5934
f 2966//5935 2967//5935 2799//5935
f 2966//5936 2799//5936 2950//5936
f 2522//5937 4078//5937 4077//5937
f 2522//5938 4077//5938 2969//5938
f 2970//5939 2517//5939 2522//5939
f 2970//5940 2522//5940 2969//5940
f 2971//5941 2506//5941 2517//5941
f 2971//5942 2517//5942 2970//5942
f 4303//5943 3963//5943 3962//5943
f 4303//5944 3962//5944 4304//5944
f 3914//5945 2973//5945 2669//5945
f 3914//5946 2669//5946 3915//5946
f 2669//5947 2973//5947 2974//5947
f 2669//5948 2974//5948 2475//5948
f 2975//5949 2476//5949 2475//5949
f 2975//5950 2475//5950 2974//5950
f 2976//5951 2276//5951 2476//5951
f 2976//5952 2476//5952 2975//5952
f 2977//5953 2286//5953 2276//5953
f 2977//5954 2276//5954 2976//5954
f 2287//5955 2286//5955 2977//5955
f 2287//5956 2977//5956 2978//5956
f 2978//5957 2979//5957 2295//5957
f 2978//5958 2295//5958 2287//5958
f 2295//5959 2979//5959 2980//5959
f 2295//5960 2980//5960 2777//5960
f 2949//5961 2799//5961 2967//5961
f 2949//5962 2967//5962 2982//5962
f 2949//5963 2982//5963 2981//5963
f 2949//5964 2981//5964 2800//5964
f 2982//5965 3159//5965 3160//5965
f 2982//5966 3160//5966 2981//5966
f 2967//5967 3158//5967 3159//5967
f 2967//5968 3159//5968 2982//5968
f 2981//5969 2968//5969 2797//5969
f 2981//5970 2797//5970 2800//5970
f 2981//5971 3160//5971 3161//5971
f 2981//5972 3161//5972 2968//5972
f 2917//5973 2901//5973 2875//5973
f 2917//5974 2875//5974 2864//5974
f 2865//5975 4429//5975 4428//5975
f 2865//5976 4428//5976 2915//5976
f 3873//5977 2602//5977 2605//5977
f 3873//5978 2605//5978 3874//5978
f 2983//5979 2700//5979 2699//5979
f 2983//5980 2699//5980 2984//5980
f 2699//5981 2698//5981 2985//5981
f 2699//5982 2985//5982 2984//5982
f 3684//5983 2405//5983 2404//5983
f 3684//5984 2404//5984 3685//5984
f 2405//5985 3684//5985 3683//5985
f 2405//5986 3683//5986 2410//5986
f 4037//5987 3668//5987 3066//5987
f 4037//5988 3066//5988 4038//5988
f 4035//5989 3064//5989 3065//5989
f 4035//5990 3065//5990 4036//5990
f 2985//5991 2698//5991 2996//5991
f 2985//5992 2996//5992 2995//5992
f 2410//5993 3683//5993 3682//5993
f 2410//5994 3682//5994 2429//5994
f 3020//5995 3063//5995 3064//5995
f 3020//5996 3064//5996 4035//5996
f 4103//5997 2998//5997 2503//5997
f 4103//5998 2503//5998 3019//5998
f 2998//5999 2999//5999 2485//5999
f 2998//6000 2485//6000 2503//6000
f 2999//6001 3000//6001 2478//6001
f 2999//6002 2478//6002 2485//6002
f 3926//6003 3001//6003 2470//6003
f 3926//6004 2470//6004 3087//6004
f 3878//6005 3002//6005 2463//6005
f 3878//6006 2463//6006 3012//6006
f 3176//6007 3175//6007 2463//6007
f 3176//6008 2463//6008 3002//6008
f 3624//6009 2994//6009 2995//6009
f 3624//6010 2995//6010 2996//6010
f 3007//6011 3023//6011 3024//6011
f 3007//6012 3024//6012 3005//6012
f 3927//6013 3879//6013 3880//6013
f 3927//6014 3880//6014 3928//6014
f 3005//6015 2470//6015 3012//6015
f 3005//6016 3012//6016 3007//6016
f 3086//6017 3087//6017 2470//6017
f 3086//6018 2470//6018 3005//6018
f 3006//6019 3011//6019 2459//6019
f 3006//6020 2459//6020 4395//6020
f 2463//6021 3175//6021 3879//6021
f 2463//6022 3879//6022 3927//6022
f 3009//6023 3014//6023 3013//6023
f 3009//6024 3013//6024 3008//6024
f 3010//6025 3015//6025 3014//6025
f 3010//6026 3014//6026 3009//6026
f 3175//6027 3011//6027 3006//6027
f 3175//6028 3006//6028 3879//6028
f 3003//6029 2459//6029 3011//6029
f 3003//6030 3011//6030 4396//6030
f 3066//6031 3062//6031 4039//6031
f 3066//6032 4039//6032 4038//6032
f 3016//6033 3036//6033 3035//6033
f 3016//6034 3035//6034 2741//6034
f 3017//6035 3037//6035 3036//6035
f 3017//6036 3036//6036 3016//6036
f 4034//6037 3021//6037 3019//6037
f 4034//6038 3019//6038 2503//6038
f 2514//6039 3070//6039 3022//6039
f 2514//6040 3022//6040 3020//6040
f 3020//6041 3022//6041 3071//6041
f 3020//6042 3071//6042 3063//6042
f 4033//6043 3025//6043 3021//6043
f 4033//6044 3021//6044 4034//6044
f 3070//6045 3069//6045 3026//6045
f 3070//6046 3026//6046 3022//6046
f 3022//6047 3026//6047 3072//6047
f 3022//6048 3072//6048 3071//6048
f 3023//6049 3028//6049 3027//6049
f 3023//6050 3027//6050 3024//6050
f 4032//6051 3029//6051 3025//6051
f 4032//6052 3025//6052 4033//6052
f 3069//6053 3068//6053 3030//6053
f 3069//6054 3030//6054 3026//6054
f 3026//6055 3030//6055 3073//6055
f 3026//6056 3073//6056 3072//6056
f 3085//6057 3086//6057 3005//6057
f 3085//6058 3005//6058 3024//6058
f 3084//6059 3085//6059 3024//6059
f 3084//6060 3024//6060 3027//6060
f 3028//6061 3032//6061 3031//6061
f 3028//6062 3031//6062 3027//6062
f 4031//6063 3033//6063 3029//6063
f 4031//6064 3029//6064 4032//6064
f 3068//6065 3067//6065 3034//6065
f 3068//6066 3034//6066 3030//6066
f 3030//6067 3034//6067 3074//6067
f 3030//6068 3074//6068 3073//6068
f 3083//6069 3084//6069 3027//6069
f 3083//6070 3027//6070 3031//6070
f 3032//6071 3049//6071 3048//6071
f 3032//6072 3048//6072 3031//6072
f 3036//6073 3040//6073 3039//6073
f 3036//6074 3039//6074 3035//6074
f 3037//6075 3041//6075 3040//6075
f 3037//6076 3040//6076 3036//6076
f 3040//6077 3050//6077 3047//6077
f 3040//6078 3047//6078 3039//6078
f 3041//6079 3043//6079 3050//6079
f 3041//6080 3050//6080 3040//6080
f 3660//6081 3659//6081 3658//6081
f 3660//6082 3658//6082 3661//6082
f 2545//6083 3710//6083 3711//6083
f 2545//6084 3711//6084 3044//6084
f 3044//6085 3119//6085 3118//6085
f 3044//6086 3118//6086 2545//6086
f 3882//6087 2484//6087 3045//6087
f 3882//6088 3045//6088 3883//6088
f 3082//6089 3083//6089 3031//6089
f 3082//6090 3031//6090 3048//6090
f 3052//6091 3045//6091 4391//6091
f 3052//6092 4391//6092 4390//6092
f 3931//6093 3883//6093 3884//6093
f 3931//6094 3884//6094 3932//6094
f 3047//6095 3050//6095 3051//6095
f 3047//6096 3051//6096 3046//6096
f 3052//6097 3884//6097 3883//6097
f 3052//6098 3883//6098 3045//6098
f 3049//6099 3054//6099 3053//6099
f 3049//6100 3053//6100 3048//6100
f 3053//6101 3081//6101 3082//6101
f 3053//6102 3082//6102 3048//6102
f 3043//6103 2572//6103 3051//6103
f 3043//6104 3051//6104 3050//6104
f 3055//6105 3886//6105 3885//6105
f 3055//6106 3885//6106 3059//6106
f 3886//6107 3055//6107 3090//6107
f 3886//6108 3090//6108 3887//6108
f 3933//6109 3885//6109 3886//6109
f 3933//6110 3886//6110 3934//6110
f 3934//6111 3886//6111 3887//6111
f 3934//6112 3887//6112 3935//6112
f 3936//6113 3888//6113 3889//6113
f 3936//6114 3889//6114 3937//6114
f 3056//6115 3058//6115 3061//6115
f 3056//6116 3061//6116 3060//6116
f 3088//6117 3058//6117 3056//6117
f 3088//6118 3056//6118 3089//6118
f 3058//6119 3079//6119 3080//6119
f 3058//6120 3080//6120 3061//6120
f 3079//6121 3058//6121 3088//6121
f 3079//6122 3088//6122 3113//6122
f 3059//6123 3885//6123 3884//6123
f 3059//6124 3884//6124 3052//6124
f 3932//6125 3884//6125 3885//6125
f 3932//6126 3885//6126 3933//6126
f 3060//6127 3061//6127 3053//6127
f 3060//6128 3053//6128 3054//6128
f 3061//6129 3080//6129 3081//6129
f 3061//6130 3081//6130 3053//6130
f 3079//6131 4048//6131 4047//6131
f 3079//6132 4047//6132 3080//6132
f 3080//6133 4047//6133 4046//6133
f 3080//6134 4046//6134 3081//6134
f 4045//6135 3082//6135 3081//6135
f 4045//6136 3081//6136 4046//6136
f 3082//6137 4045//6137 4044//6137
f 3082//6138 4044//6138 3083//6138
f 3083//6139 4044//6139 4043//6139
f 3083//6140 4043//6140 3084//6140
f 3084//6141 4043//6141 4042//6141
f 3084//6142 4042//6142 3085//6142
f 3085//6143 4042//6143 4041//6143
f 3085//6144 4041//6144 3086//6144
f 3086//6145 4041//6145 2478//6145
f 3086//6146 2478//6146 3087//6146
f 3113//6147 4049//6147 4048//6147
f 3113//6148 4048//6148 3079//6148
f 3068//6149 3029//6149 3033//6149
f 3068//6150 3033//6150 3067//6150
f 3069//6151 3025//6151 3029//6151
f 3069//6152 3029//6152 3068//6152
f 3070//6153 3021//6153 3025//6153
f 3070//6154 3025//6154 3069//6154
f 2514//6155 3019//6155 3021//6155
f 2514//6156 3021//6156 3070//6156
f 3707//6157 3706//6157 3113//6157
f 3707//6158 3113//6158 3088//6158
f 3089//6159 3708//6159 3707//6159
f 3089//6160 3707//6160 3088//6160
f 3935//6161 3887//6161 3888//6161
f 3935//6162 3888//6162 3936//6162
f 3103//6163 4087//6163 4086//6163
f 3103//6164 4086//6164 3091//6164
f 3092//6165 3104//6165 3103//6165
f 3092//6166 3103//6166 3091//6166
f 3093//6167 3105//6167 3104//6167
f 3093//6168 3104//6168 3092//6168
f 4294//6169 3972//6169 3971//6169
f 4294//6170 3971//6170 4295//6170
f 3862//6171 3095//6171 3107//6171
f 3862//6172 3107//6172 3863//6172
f 3107//6173 3095//6173 3096//6173
f 3107//6174 3096//6174 3108//6174
f 3097//6175 3109//6175 3108//6175
f 3097//6176 3108//6176 3096//6176
f 3098//6177 3110//6177 3109//6177
f 3098//6178 3109//6178 3097//6178
f 3101//6179 2822//6179 2785//6179
f 3101//6180 2785//6180 3100//6180
f 3102//6181 2823//6181 2822//6181
f 3102//6182 2822//6182 3101//6182
f 3767//6183 3727//6183 3726//6183
f 3767//6184 3726//6184 3766//6184
f 2496//6185 4088//6185 4087//6185
f 2496//6186 4087//6186 3103//6186
f 3103//6187 3104//6187 2487//6187
f 3103//6188 2487//6188 2496//6188
f 3104//6189 3105//6189 2481//6189
f 3104//6190 2481//6190 2487//6190
f 3972//6191 4294//6191 4293//6191
f 3972//6192 4293//6192 3973//6192
f 3863//6193 3107//6193 2664//6193
f 3863//6194 2664//6194 3864//6194
f 2664//6195 3107//6195 3108//6195
f 2664//6196 3108//6196 2456//6196
f 3109//6197 2457//6197 2456//6197
f 3109//6198 2456//6198 3108//6198
f 3110//6199 2281//6199 2457//6199
f 3110//6200 2457//6200 3109//6200
f 3328//6201 3331//6201 3100//6201
f 3328//6202 3100//6202 2785//6202
f 3059//6203 3052//6203 4390//6203
f 3059//6204 4390//6204 4389//6204
f 3090//6205 3055//6205 4388//6205
f 3090//6206 4388//6206 4387//6206
f 3111//6207 3709//6207 4386//6207
f 3111//6208 4386//6208 4385//6208
f 3117//6209 3111//6209 4385//6209
f 3117//6210 4385//6210 4384//6210
f 3709//6211 3888//6211 3887//6211
f 3709//6212 3887//6212 3090//6212
f 3888//6213 3709//6213 3111//6213
f 3888//6214 3111//6214 3889//6214
f 3117//6215 3890//6215 3889//6215
f 3117//6216 3889//6216 3111//6216
f 3706//6217 4050//6217 4049//6217
f 3706//6218 4049//6218 3113//6218
f 3115//6219 961//6219 971//6219
f 3115//6220 971//6220 3114//6220
f 3116//6221 962//6221 961//6221
f 3116//6222 961//6222 3115//6222
f 3938//6223 3890//6223 1684//6223
f 3938//6224 1684//6224 1734//6224
f 968//6225 1684//6225 3890//6225
f 968//6226 3890//6226 3117//6226
f 2192//6227 968//6227 3117//6227
f 2192//6228 3117//6228 4384//6228
f 966//6229 970//6229 3118//6229
f 966//6230 3118//6230 3119//6230
f 3120//6231 3121//6231 963//6231
f 3120//6232 963//6232 967//6232
f 4386//6233 3709//6233 3090//6233
f 4386//6234 3090//6234 4387//6234
f 3572//6235 2907//6235 2838//6235
f 3572//6236 2838//6236 3144//6236
f 4423//6237 3144//6237 2838//6237
f 4423//6238 2838//6238 4424//6238
f 2873//6239 3129//6239 3128//6239
f 2873//6240 3128//6240 2839//6240
f 2872//6241 3130//6241 3129//6241
f 2872//6242 3129//6242 2873//6242
f 3129//6243 3134//6243 3135//6243
f 3129//6244 3135//6244 3128//6244
f 3136//6245 3133//6245 3130//6245
f 3136//6246 3130//6246 3137//6246
f 2872//6247 2871//6247 3137//6247
f 2872//6248 3137//6248 3130//6248
f 3185//6249 3301//6249 3294//6249
f 3185//6250 3294//6250 3186//6250
f 3186//6251 3294//6251 3287//6251
f 3186//6252 3287//6252 3187//6252
f 3187//6253 3287//6253 3280//6253
f 3187//6254 3280//6254 3188//6254
f 2968//6255 3161//6255 3156//6255
f 2968//6256 3156//6256 2781//6256
f 2968//6257 2781//6257 2796//6257
f 2968//6258 2796//6258 2797//6258
f 4422//6259 3145//6259 3144//6259
f 4422//6260 3144//6260 4423//6260
f 4421//6261 2762//6261 3145//6261
f 4421//6262 3145//6262 4422//6262
f 4364//6263 4363//6263 3382//6263
f 4364//6264 3382//6264 3383//6264
f 3145//6265 3570//6265 3571//6265
f 3145//6266 3571//6266 3144//6266
f 2762//6267 3152//6267 3570//6267
f 2762//6268 3570//6268 3145//6268
f 3153//6269 3277//6269 3276//6269
f 3153//6270 3276//6270 3152//6270
f 3154//6271 3345//6271 3343//6271
f 3154//6272 3343//6272 2780//6272
f 3155//6273 3346//6273 3345//6273
f 3155//6274 3345//6274 3154//6274
f 3156//6275 3162//6275 2776//6275
f 3156//6276 2776//6276 2775//6276
f 3155//6277 3154//6277 3163//6277
f 3155//6278 3163//6278 3157//6278
f 3157//6279 3163//6279 3164//6279
f 3157//6280 3164//6280 3158//6280
f 3158//6281 3164//6281 3165//6281
f 3158//6282 3165//6282 3159//6282
f 3160//6283 3166//6283 3167//6283
f 3160//6284 3167//6284 3161//6284
f 3159//6285 3165//6285 3166//6285
f 3159//6286 3166//6286 3160//6286
f 3161//6287 3167//6287 3162//6287
f 3161//6288 3162//6288 3156//6288
f 3163//6289 3154//6289 2780//6289
f 3163//6290 2780//6290 2779//6290
f 3164//6291 3163//6291 2779//6291
f 3164//6292 2779//6292 2778//6292
f 3165//6293 3164//6293 2778//6293
f 3165//6294 2778//6294 2965//6294
f 3167//6295 3166//6295 2777//6295
f 3167//6296 2777//6296 2980//6296
f 3166//6297 3165//6297 2965//6297
f 3166//6298 2965//6298 2777//6298
f 3162//6299 3167//6299 2980//6299
f 3162//6300 2980//6300 2776//6300
f 3142//6301 3168//6301 3170//6301
f 3142//6302 3170//6302 3141//6302
f 3168//6303 3169//6303 3171//6303
f 3168//6304 3171//6304 3170//6304
f 3169//6305 3547//6305 3546//6305
f 3169//6306 3546//6306 3171//6306
f 3535//6307 3534//6307 3537//6307
f 3535//6308 3537//6308 3538//6308
f 3170//6309 3543//6309 2348//6309
f 3170//6310 2348//6310 3141//6310
f 3171//6311 3544//6311 3543//6311
f 3171//6312 3543//6312 3170//6312
f 2251//6313 3174//6313 3603//6313
f 2251//6314 3603//6314 3604//6314
f 3534//6315 3535//6315 4275//6315
f 3534//6316 4275//6316 4274//6316
f 1359//6317 978//6317 3602//6317
f 1359//6318 3602//6318 3601//6318
f 3891//6319 1685//6319 2139//6319
f 3891//6320 2139//6320 4332//6320
f 3610//6321 974//6321 976//6321
f 3610//6322 976//6322 3611//6322
f 4053//6323 1852//6323 977//6323
f 4053//6324 977//6324 3609//6324
f 3939//6325 1735//6325 975//6325
f 3939//6326 975//6326 3612//6326
f 3609//6327 977//6327 974//6327
f 3609//6328 974//6328 3610//6328
f 3603//6329 979//6329 972//6329
f 3603//6330 972//6330 3604//6330
f 972//6331 1308//6331 3605//6331
f 972//6332 3605//6332 3604//6332
f 3547//6333 3538//6333 3537//6333
f 3547//6334 3537//6334 3546//6334
f 3533//6335 3534//6335 4274//6335
f 3533//6336 4274//6336 4273//6336
f 3525//6337 2251//6337 3604//6337
f 3525//6338 3604//6338 3605//6338
f 3546//6339 3545//6339 3544//6339
f 3546//6340 3544//6340 3171//6340
f 3534//6341 3533//6341 3536//6341
f 3534//6342 3536//6342 3537//6342
f 2330//6343 3196//6343 2318//6343
f 2330//6344 2318//6344 2329//6344
f 3195//6345 3197//6345 3198//6345
f 3195//6346 3198//6346 3196//6346
f 2315//6347 2314//6347 3199//6347
f 2315//6348 3199//6348 2305//6348
f 3198//6349 3200//6349 2318//6349
f 3198//6350 2318//6350 3196//6350
f 3200//6351 3199//6351 2314//6351
f 3200//6352 2314//6352 2318//6352
f 4052//6353 3114//6353 971//6353
f 4052//6354 971//6354 1851//6354
f 3761//6355 3796//6355 3762//6355
f 3761//6356 3762//6356 3722//6356
f 3793//6357 3758//6357 3757//6357
f 3793//6358 3757//6358 3792//6358
f 2367//6359 3628//6359 3627//6359
f 2367//6360 3627//6360 2765//6360
f 3268//6361 4090//6361 4089//6361
f 3268//6362 4089//6362 3416//6362
f 3416//6363 3415//6363 3271//6363
f 3416//6364 3271//6364 3268//6364
f 2663//6365 3866//6365 3865//6365
f 2663//6366 3865//6366 3412//6366
f 4291//6367 3975//6367 3974//6367
f 4291//6368 3974//6368 4292//6368
f 3270//6369 3271//6369 3415//6369
f 3270//6370 3415//6370 3414//6370
f 2664//6371 3412//6371 3865//6371
f 2664//6372 3865//6372 3864//6372
f 4292//6373 3974//6373 3973//6373
f 4292//6374 3973//6374 4293//6374
f 2481//6375 3414//6375 3415//6375
f 2481//6376 3415//6376 2487//6376
f 2487//6377 3415//6377 3416//6377
f 2487//6378 3416//6378 2496//6378
f 3416//6379 4089//6379 4088//6379
f 3416//6380 4088//6380 2496//6380
f 3553//6381 3276//6381 3277//6381
f 3553//6382 3277//6382 3554//6382
f 3285//6383 3289//6383 3282//6383
f 3285//6384 3282//6384 3278//6384
f 3279//6385 3286//6385 4338//6385
f 3279//6386 4338//6386 4337//6386
f 3280//6387 3287//6387 3286//6387
f 3280//6388 3286//6388 3279//6388
f 3282//6389 3289//6389 3288//6389
f 3282//6390 3288//6390 3281//6390
f 3283//6391 3290//6391 3291//6391
f 3283//6392 3291//6392 3284//6392
f 3292//6393 3296//6393 3289//6393
f 3292//6394 3289//6394 3285//6394
f 3286//6395 3293//6395 4339//6395
f 3286//6396 4339//6396 4338//6396
f 3287//6397 3294//6397 3293//6397
f 3287//6398 3293//6398 3286//6398
f 3289//6399 3296//6399 3295//6399
f 3289//6400 3295//6400 3288//6400
f 3288//6401 3295//6401 3290//6401
f 3288//6402 3290//6402 3283//6402
f 3290//6403 3297//6403 3298//6403
f 3290//6404 3298//6404 3291//6404
f 3292//6405 3299//6405 3303//6405
f 3292//6406 3303//6406 3296//6406
f 3293//6407 3300//6407 4340//6407
f 3293//6408 4340//6408 4339//6408
f 3294//6409 3301//6409 3300//6409
f 3294//6410 3300//6410 3293//6410
f 3296//6411 3303//6411 3302//6411
f 3296//6412 3302//6412 3295//6412
f 3295//6413 3302//6413 3297//6413
f 3295//6414 3297//6414 3290//6414
f 3305//6415 3298//6415 3297//6415
f 3305//6416 3297//6416 3304//6416
f 3310//6417 3303//6417 3299//6417
f 3310//6418 3299//6418 3306//6418
f 4340//6419 3300//6419 3307//6419
f 4340//6420 3307//6420 4341//6420
f 3307//6421 3300//6421 3301//6421
f 3307//6422 3301//6422 3308//6422
f 3309//6423 3302//6423 3303//6423
f 3309//6424 3303//6424 3310//6424
f 3304//6425 3297//6425 3302//6425
f 3304//6426 3302//6426 3309//6426
f 3304//6427 3347//6427 3311//6427
f 3304//6428 3311//6428 3305//6428
f 3306//6429 3350//6429 3349//6429
f 3306//6430 3349//6430 3310//6430
f 3307//6431 3351//6431 4342//6431
f 3307//6432 4342//6432 4341//6432
f 3308//6433 3352//6433 3351//6433
f 3308//6434 3351//6434 3307//6434
f 3310//6435 3349//6435 3348//6435
f 3310//6436 3348//6436 3309//6436
f 3309//6437 3348//6437 3347//6437
f 3309//6438 3347//6438 3304//6438
f 3551//6439 3567//6439 3566//6439
f 3551//6440 3566//6440 3552//6440
f 3552//6441 3566//6441 3276//6441
f 3552//6442 3276//6442 3553//6442
f 3281//6443 3288//6443 3283//6443
f 3281//6444 3283//6444 3313//6444
f 3313//6445 3283//6445 3284//6445
f 3313//6446 3284//6446 3312//6446
f 3315//6447 3314//6447 3284//6447
f 3315//6448 3284//6448 3291//6448
f 3314//6449 3315//6449 3319//6449
f 3314//6450 3319//6450 3318//6450
f 3316//6451 3315//6451 3291//6451
f 3316//6452 3291//6452 3298//6452
f 3315//6453 3316//6453 3320//6453
f 3315//6454 3320//6454 3319//6454
f 3317//6455 3316//6455 3298//6455
f 3317//6456 3298//6456 3305//6456
f 3321//6457 3320//6457 3316//6457
f 3321//6458 3316//6458 3317//6458
f 2902//6459 3830//6459 3827//6459
f 2902//6460 3827//6460 2764//6460
f 2913//6461 3828//6461 3830//6461
f 2913//6462 3830//6462 2902//6462
f 3319//6463 2903//6463 2816//6463
f 3319//6464 2816//6464 3318//6464
f 3320//6465 2826//6465 2903//6465
f 3320//6466 2903//6466 3319//6466
f 2827//6467 2826//6467 3320//6467
f 2827//6468 3320//6468 3321//6468
f 3550//6469 3568//6469 3567//6469
f 3550//6470 3567//6470 3551//6470
f 3318//6471 3322//6471 3323//6471
f 3318//6472 3323//6472 3314//6472
f 3549//6473 3569//6473 3568//6473
f 3549//6474 3568//6474 3550//6474
f 3314//6475 3323//6475 3312//6475
f 3314//6476 3312//6476 3284//6476
f 3324//6477 3317//6477 3305//6477
f 3324//6478 3305//6478 3311//6478
f 3317//6479 3324//6479 3325//6479
f 3317//6480 3325//6480 3321//6480
f 3327//6481 3324//6481 3311//6481
f 3327//6482 3311//6482 3326//6482
f 3324//6483 3327//6483 3328//6483
f 3324//6484 3328//6484 3325//6484
f 3327//6485 3330//6485 3331//6485
f 3327//6486 3331//6486 3328//6486
f 3330//6487 3327//6487 3326//6487
f 3330//6488 3326//6488 3329//6488
f 3333//6489 3330//6489 3329//6489
f 3333//6490 3329//6490 3332//6490
f 3330//6491 3333//6491 3334//6491
f 3330//6492 3334//6492 3331//6492
f 3336//6493 3333//6493 3332//6493
f 3336//6494 3332//6494 3335//6494
f 3333//6495 3336//6495 3337//6495
f 3333//6496 3337//6496 3334//6496
f 3339//6497 3336//6497 3335//6497
f 3339//6498 3335//6498 3338//6498
f 3336//6499 3339//6499 3340//6499
f 3336//6500 3340//6500 3337//6500
f 3348//6501 3378//6501 3377//6501
f 3348//6502 3377//6502 3347//6502
f 3349//6503 3379//6503 3378//6503
f 3349//6504 3378//6504 3348//6504
f 3350//6505 3380//6505 3379//6505
f 3350//6506 3379//6506 3349//6506
f 3351//6507 3381//6507 4343//6507
f 3351//6508 4343//6508 4342//6508
f 3352//6509 3382//6509 3381//6509
f 3352//6510 3381//6510 3351//6510
f 3353//6511 3383//6511 3382//6511
f 3353//6512 3382//6512 3352//6512
f 3384//6513 4412//6513 4413//6513
f 3384//6514 4413//6514 3354//6514
f 3354//6515 3355//6515 3385//6515
f 3354//6516 3385//6516 3384//6516
f 3355//6517 3356//6517 3386//6517
f 3355//6518 3386//6518 3385//6518
f 3357//6519 3387//6519 3386//6519
f 3357//6520 3386//6520 3356//6520
f 3387//6521 3357//6521 3358//6521
f 3387//6522 3358//6522 3388//6522
f 3359//6523 3389//6523 3388//6523
f 3359//6524 3388//6524 3358//6524
f 3359//6525 3484//6525 3485//6525
f 3359//6526 3485//6526 3389//6526
f 3360//6527 3390//6527 3485//6527
f 3360//6528 3485//6528 3484//6528
f 3487//6529 3361//6529 3391//6529
f 3487//6530 3391//6530 3488//6530
f 3362//6531 3392//6531 3391//6531
f 3362//6532 3391//6532 3361//6532
f 3392//6533 3362//6533 3363//6533
f 3392//6534 3363//6534 3393//6534
f 3393//6535 3363//6535 3364//6535
f 3393//6536 3364//6536 3394//6536
f 4281//6537 3394//6537 3364//6537
f 4281//6538 3364//6538 4282//6538
f 4534//6539 4535//6539 3395//6539
f 4534//6540 3395//6540 3365//6540
f 3396//6541 3366//6541 3367//6541
f 3396//6542 3367//6542 3397//6542
f 3367//6543 1148//6543 1179//6543
f 3367//6544 1179//6544 3397//6544
f 4362//6545 3381//6545 3382//6545
f 4362//6546 3382//6546 4363//6546
f 4343//6547 3381//6547 4362//6547
f 4343//6548 4362//6548 4361//6548
f 4359//6549 3379//6549 3380//6549
f 4359//6550 3380//6550 4360//6550
f 4358//6551 3378//6551 3379//6551
f 4358//6552 3379//6552 4359//6552
f 3369//6553 3374//6553 3373//6553
f 3369//6554 3373//6554 3368//6554
f 3368//6555 3373//6555 4345//6555
f 3368//6556 4345//6556 4344//6556
f 3370//6557 3375//6557 3376//6557
f 3370//6558 3376//6558 3371//6558
f 3371//6559 3376//6559 2259//6559
f 3371//6560 2259//6560 3372//6560
f 3838//6561 3339//6561 3338//6561
f 3838//6562 3338//6562 3839//6562
f 3339//6563 3838//6563 3837//6563
f 3339//6564 3837//6564 3340//6564
f 4082//6565 2516//6565 3405//6565
f 4082//6566 3405//6566 4083//6566
f 3841//6567 3406//6567 2280//6567
f 3841//6568 2280//6568 3842//6568
f 3465//6569 3406//6569 3841//6569
f 3465//6570 3841//6570 3840//6570
f 3406//6571 3407//6571 3099//6571
f 3406//6572 3099//6572 2280//6572
f 3406//6573 3465//6573 3464//6573
f 3406//6574 3464//6574 3407//6574
f 3372//6575 2259//6575 3408//6575
f 3372//6576 3408//6576 3417//6576
f 4357//6577 3377//6577 3378//6577
f 4357//6578 3378//6578 4358//6578
f 3374//6579 3419//6579 3418//6579
f 3374//6580 3418//6580 3373//6580
f 3373//6581 3418//6581 4346//6581
f 3373//6582 4346//6582 4345//6582
f 3420//6583 3421//6583 3376//6583
f 3420//6584 3376//6584 3375//6584
f 3376//6585 3421//6585 2258//6585
f 3376//6586 2258//6586 2259//6586
f 3419//6587 3423//6587 3422//6587
f 3419//6588 3422//6588 3418//6588
f 3418//6589 3422//6589 4347//6589
f 3418//6590 4347//6590 4346//6590
f 3420//6591 3424//6591 3425//6591
f 3420//6592 3425//6592 3421//6592
f 3421//6593 3425//6593 2453//6593
f 3421//6594 2453//6594 2258//6594
f 3423//6595 3427//6595 3426//6595
f 3423//6596 3426//6596 3422//6596
f 3422//6597 3426//6597 4348//6597
f 3422//6598 4348//6598 4347//6598
f 3424//6599 3428//6599 3429//6599
f 3424//6600 3429//6600 3425//6600
f 3425//6601 3429//6601 2452//6601
f 3425//6602 2452//6602 2453//6602
f 3426//6603 3430//6603 4349//6603
f 3426//6604 4349//6604 4348//6604
f 3431//6605 3432//6605 3429//6605
f 3431//6606 3429//6606 3428//6606
f 3429//6607 3432//6607 2663//6607
f 3429//6608 2663//6608 2452//6608
f 3867//6609 3432//6609 3431//6609
f 3867//6610 3431//6610 3868//6610
f 3432//6611 3867//6611 3866//6611
f 3432//6612 3866//6612 2663//6612
f 4349//6613 3430//6613 3869//6613
f 4349//6614 3869//6614 4350//6614
f 3274//6615 3275//6615 3436//6615
f 3274//6616 3436//6616 3433//6616
f 3433//6617 3436//6617 3437//6617
f 3433//6618 3437//6618 3434//6618
f 3437//6619 3438//6619 3435//6619
f 3437//6620 3435//6620 3434//6620
f 3435//6621 3438//6621 3271//6621
f 3435//6622 3271//6622 3270//6622
f 3275//6623 3273//6623 3439//6623
f 3275//6624 3439//6624 3436//6624
f 3436//6625 3439//6625 3440//6625
f 3436//6626 3440//6626 3437//6626
f 3440//6627 3441//6627 3438//6627
f 3440//6628 3438//6628 3437//6628
f 3438//6629 3441//6629 3268//6629
f 3438//6630 3268//6630 3271//6630
f 3273//6631 4094//6631 4093//6631
f 3273//6632 4093//6632 3439//6632
f 3439//6633 4093//6633 4092//6633
f 3439//6634 4092//6634 3440//6634
f 4091//6635 3441//6635 3440//6635
f 4091//6636 3440//6636 4092//6636
f 3441//6637 4091//6637 4090//6637
f 3441//6638 4090//6638 3268//6638
f 3347//6639 3377//6639 3326//6639
f 3347//6640 3326//6640 3311//6640
f 3183//6641 3870//6641 4286//6641
f 3183//6642 4286//6642 3146//6642
f 2684//6643 3275//6643 3274//6643
f 2684//6644 3274//6644 3466//6644
f 2684//6645 2685//6645 3273//6645
f 2684//6646 3273//6646 3275//6646
f 4094//6647 3273//6647 2685//6647
f 4094//6648 2685//6648 4095//6648
f 3987//6649 2256//6649 3467//6649
f 3987//6650 3467//6650 3988//6650
f 3469//6651 3478//6651 4056//6651
f 3469//6652 4056//6652 4055//6652
f 3470//6653 3477//6653 3478//6653
f 3470//6654 3478//6654 3469//6654
f 3471//6655 3476//6655 3477//6655
f 3471//6656 3477//6656 3470//6656
f 3472//6657 3475//6657 3942//6657
f 3472//6658 3942//6658 3941//6658
f 4329//6659 3894//6659 3893//6659
f 4329//6660 3893//6660 4330//6660
f 3480//6661 3482//6661 4194//6661
f 3480//6662 4194//6662 4195//6662
f 3481//6663 3625//6663 3482//6663
f 3481//6664 3482//6664 3480//6664
f 2892//6665 3625//6665 3481//6665
f 2892//6666 3481//6666 2890//6666
f 3487//6667 3360//6667 2309//6667
f 3487//6668 2309//6668 3486//6668
f 3390//6669 3360//6669 3487//6669
f 3390//6670 3487//6670 3488//6670
f 4373//6671 3488//6671 3391//6671
f 4373//6672 3391//6672 4374//6672
f 3488//6673 4373//6673 4372//6673
f 3488//6674 4372//6674 3390//6674
f 4371//6675 3485//6675 3390//6675
f 4371//6676 3390//6676 4372//6676
f 3988//6677 3467//6677 3489//6677
f 3988//6678 3489//6678 3989//6678
f 3989//6679 3489//6679 3490//6679
f 3989//6680 3490//6680 3990//6680
f 3490//6681 3491//6681 3991//6681
f 3490//6682 3991//6682 3990//6682
f 3991//6683 3491//6683 3492//6683
f 3991//6684 3492//6684 3992//6684
f 3992//6685 3492//6685 3493//6685
f 3992//6686 3493//6686 3993//6686
f 3493//6687 3494//6687 3994//6687
f 3493//6688 3994//6688 3993//6688
f 3994//6689 3494//6689 3495//6689
f 3994//6690 3495//6690 3995//6690
f 3995//6691 3495//6691 3496//6691
f 3995//6692 3496//6692 3996//6692
f 3496//6693 3497//6693 3997//6693
f 3496//6694 3997//6694 3996//6694
f 3497//6695 3852//6695 3998//6695
f 3497//6696 3998//6696 3997//6696
f 3498//6697 3499//6697 4000//6697
f 3498//6698 4000//6698 3999//6698
f 4000//6699 3499//6699 3515//6699
f 4000//6700 3515//6700 4001//6700
f 3500//6701 3501//6701 4008//6701
f 3500//6702 4008//6702 4007//6702
f 4009//6703 3503//6703 3502//6703
f 4009//6704 3502//6704 4010//6704
f 4008//6705 3501//6705 3503//6705
f 4008//6706 3503//6706 4009//6706
f 3502//6707 3504//6707 4011//6707
f 3502//6708 4011//6708 4010//6708
f 3504//6709 4161//6709 4160//6709
f 3504//6710 4160//6710 4011//6710
f 4012//6711 3505//6711 3506//6711
f 4012//6712 3506//6712 4013//6712
f 4015//6713 3508//6713 3507//6713
f 4015//6714 3507//6714 4016//6714
f 3506//6715 3514//6715 4014//6715
f 3506//6716 4014//6716 4013//6716
f 3509//6717 3510//6717 4018//6717
f 3509//6718 4018//6718 4017//6718
f 4104//6719 3511//6719 4019//6719
f 4104//6720 4019//6720 4105//6720
f 4019//6721 3511//6721 3512//6721
f 4019//6722 3512//6722 4020//6722
f 4020//6723 3512//6723 3640//6723
f 4020//6724 3640//6724 4021//6724
f 3507//6725 4190//6725 4189//6725
f 3507//6726 4189//6726 4016//6726
f 4014//6727 3514//6727 3508//6727
f 4014//6728 3508//6728 4015//6728
f 4001//6729 3515//6729 3516//6729
f 4001//6730 3516//6730 4002//6730
f 4005//6731 3518//6731 3517//6731
f 4005//6732 3517//6732 4006//6732
f 4006//6733 3517//6733 3500//6733
f 4006//6734 3500//6734 4007//6734
f 4003//6735 3520//6735 3519//6735
f 4003//6736 3519//6736 4004//6736
f 4004//6737 3519//6737 3518//6737
f 4004//6738 3518//6738 4005//6738
f 3516//6739 3520//6739 4003//6739
f 3516//6740 4003//6740 4002//6740
f 3523//6741 2343//6741 4417//6741
f 3523//6742 4417//6742 4418//6742
f 3523//6743 3524//6743 2330//6743
f 3523//6744 2330//6744 2343//6744
f 3546//6745 3537//6745 3536//6745
f 3546//6746 3536//6746 3545//6746
f 4059//6747 3528//6747 2590//6747
f 4059//6748 2590//6748 4022//6748
f 3528//6749 3529//6749 4060//6749
f 3528//6750 4060//6750 2590//6750
f 3529//6751 3530//6751 2586//6751
f 3529//6752 2586//6752 4060//6752
f 3945//6753 3531//6753 2578//6753
f 3945//6754 2578//6754 2583//6754
f 4417//6755 3187//6755 3188//6755
f 4417//6756 3188//6756 4418//6756
f 4416//6757 3186//6757 3187//6757
f 4416//6758 3187//6758 4417//6758
f 4415//6759 3185//6759 3186//6759
f 4415//6760 3186//6760 4416//6760
f 4414//6761 3184//6761 3185//6761
f 4414//6762 3185//6762 4415//6762
f 4413//6763 3353//6763 3184//6763
f 4413//6764 3184//6764 4414//6764
f 4412//6765 3383//6765 3353//6765
f 4412//6766 3353//6766 4413//6766
f 4364//6767 3383//6767 4412//6767
f 4364//6768 4412//6768 4411//6768
f 4409//6769 3150//6769 3151//6769
f 4409//6770 3151//6770 4410//6770
f 4408//6771 3149//6771 3150//6771
f 4408//6772 3150//6772 4409//6772
f 4407//6773 3148//6773 3149//6773
f 4407//6774 3149//6774 4408//6774
f 4406//6775 3147//6775 3148//6775
f 4406//6776 3148//6776 4407//6776
f 4405//6777 3146//6777 3147//6777
f 4405//6778 3147//6778 4406//6778
f 3183//6779 3146//6779 4405//6779
f 3183//6780 4405//6780 4404//6780
f 3183//6781 4404//6781 4403//6781
f 3183//6782 4403//6782 3182//6782
f 3182//6783 4403//6783 4402//6783
f 3182//6784 4402//6784 3181//6784
f 3181//6785 4402//6785 4401//6785
f 3181//6786 4401//6786 3180//6786
f 4400//6787 3179//6787 3180//6787
f 4400//6788 3180//6788 4401//6788
f 3178//6789 3179//6789 4400//6789
f 3178//6790 4400//6790 4399//6790
f 3675//6791 3178//6791 4399//6791
f 3675//6792 4399//6792 4398//6792
f 4396//6793 3176//6793 3177//6793
f 4396//6794 3177//6794 4397//6794
f 3011//6795 3175//6795 3176//6795
f 3011//6796 3176//6796 4396//6796
f 3540//6797 3829//6797 2660//6797
f 3540//6798 2660//6798 2361//6798
f 3524//6799 3195//6799 3196//6799
f 3524//6800 3196//6800 2330//6800
f 3548//6801 3549//6801 3322//6801
f 3548//6802 3322//6802 2815//6802
f 3550//6803 3323//6803 3322//6803
f 3550//6804 3322//6804 3549//6804
f 3323//6805 3550//6805 3551//6805
f 3323//6806 3551//6806 3312//6806
f 3552//6807 3313//6807 3312//6807
f 3552//6808 3312//6808 3551//6808
f 3553//6809 3281//6809 3313//6809
f 3553//6810 3313//6810 3552//6810
f 3554//6811 3282//6811 3281//6811
f 3554//6812 3281//6812 3553//6812
f 3555//6813 3278//6813 3282//6813
f 3555//6814 3282//6814 3554//6814
f 3556//6815 3279//6815 4337//6815
f 3556//6816 4337//6816 4336//6816
f 3557//6817 3280//6817 3279//6817
f 3557//6818 3279//6818 3556//6818
f 3558//6819 3188//6819 3280//6819
f 3558//6820 3280//6820 3557//6820
f 4418//6821 3188//6821 3558//6821
f 4418//6822 3558//6822 4419//6822
f 3523//6823 4418//6823 4419//6823
f 3523//6824 4419//6824 3559//6824
f 3560//6825 3524//6825 3523//6825
f 3560//6826 3523//6826 3559//6826
f 3560//6827 3561//6827 3195//6827
f 3560//6828 3195//6828 3524//6828
f 3194//6829 3193//6829 3561//6829
f 3194//6830 3561//6830 3562//6830
f 3563//6831 3189//6831 3194//6831
f 3563//6832 3194//6832 3562//6832
f 4284//6833 3189//6833 3563//6833
f 4284//6834 3563//6834 4285//6834
f 4531//6835 4532//6835 3190//6835
f 4531//6836 3190//6836 3521//6836
f 3565//6837 3191//6837 3192//6837
f 3565//6838 3192//6838 3564//6838
f 3565//6839 1349//6839 980//6839
f 3565//6840 980//6840 3191//6840
f 3197//6841 3195//6841 3561//6841
f 3197//6842 3561//6842 3193//6842
f 3548//6843 2836//6843 2837//6843
f 3548//6844 2837//6844 2835//6844
f 2837//6845 3597//6845 3596//6845
f 2837//6846 3596//6846 2835//6846
f 2815//6847 2814//6847 2836//6847
f 2815//6848 2836//6848 3548//6848
f 3276//6849 3566//6849 3570//6849
f 3276//6850 3570//6850 3152//6850
f 3566//6851 3567//6851 3571//6851
f 3566//6852 3571//6852 3570//6852
f 3568//6853 3598//6853 3571//6853
f 3568//6854 3571//6854 3567//6854
f 3569//6855 3599//6855 3598//6855
f 3569//6856 3598//6856 3568//6856
f 3596//6857 3599//6857 3569//6857
f 3596//6858 3569//6858 2835//6858
f 3598//6859 3572//6859 3144//6859
f 3598//6860 3144//6860 3571//6860
f 1359//6861 3601//6861 3600//6861
f 1359//6862 3600//6862 934//6862
f 3575//6863 2362//6863 3600//6863
f 3575//6864 3600//6864 3601//6864
f 2362//6865 3575//6865 3576//6865
f 2362//6866 3576//6866 2361//6866
f 3540//6867 2361//6867 3576//6867
f 3540//6868 3576//6868 3577//6868
f 2764//6869 3540//6869 3577//6869
f 2764//6870 3577//6870 3578//6870
f 3579//6871 2902//6871 2764//6871
f 3579//6872 2764//6872 3578//6872
f 3580//6873 2913//6873 2902//6873
f 3580//6874 2902//6874 3579//6874
f 3581//6875 2943//6875 2913//6875
f 3581//6876 2913//6876 3580//6876
f 3582//6877 2912//6877 2943//6877
f 3582//6878 2943//6878 3581//6878
f 3583//6879 2911//6879 2912//6879
f 3583//6880 2912//6880 3582//6880
f 2911//6881 3583//6881 3584//6881
f 2911//6882 3584//6882 2910//6882
f 2910//6883 3584//6883 3585//6883
f 2910//6884 3585//6884 2909//6884
f 3586//6885 2906//6885 2909//6885
f 3586//6886 2909//6886 3585//6886
f 3587//6887 2899//6887 2906//6887
f 3587//6888 2906//6888 3586//6888
f 3589//6889 3798//6889 3797//6889
f 3589//6890 3797//6890 3588//6890
f 3590//6891 3799//6891 3798//6891
f 3590//6892 3798//6892 3589//6892
f 4431//6893 3591//6893 3800//6893
f 4431//6894 3800//6894 4432//6894
f 3592//6895 3801//6895 3800//6895
f 3592//6896 3800//6896 3591//6896
f 2951//6897 3593//6897 3594//6897
f 2951//6898 3594//6898 2908//6898
f 3595//6899 3574//6899 2908//6899
f 3595//6900 2908//6900 3594//6900
f 3595//6901 3596//6901 3597//6901
f 3595//6902 3597//6902 3574//6902
f 3573//6903 3599//6903 3596//6903
f 3573//6904 3596//6904 3595//6904
f 3572//6905 3598//6905 3599//6905
f 3572//6906 3599//6906 3573//6906
f 3606//6907 3607//6907 3574//6907
f 3606//6908 3574//6908 3597//6908
f 3777//6909 3737//6909 3736//6909
f 3777//6910 3736//6910 3776//6910
f 3778//6911 3738//6911 3737//6911
f 3778//6912 3737//6912 3777//6912
f 2437//6913 3680//6913 3679//6913
f 2437//6914 3679//6914 2438//6914
f 2438//6915 3679//6915 3678//6915
f 2438//6916 3678//6916 2446//6916
f 2711//6917 3681//6917 3680//6917
f 2711//6918 3680//6918 2437//6918
f 3621//6919 3618//6919 3619//6919
f 3621//6920 3619//6920 3622//6920
f 3623//6921 3620//6921 3618//6921
f 3623//6922 3618//6922 3621//6922
f 2993//6923 3620//6923 3623//6923
f 2993//6924 3623//6924 3004//6924
f 3622//6925 3619//6925 2994//6925
f 3622//6926 2994//6926 3624//6926
f 2713//6927 2631//6927 2450//6927
f 2713//6928 2450//6928 2712//6928
f 2892//6929 2891//6929 2893//6929
f 2892//6930 2893//6930 3626//6930
f 3626//6931 2893//6931 2766//6931
f 3626//6932 2766//6932 2765//6932
f 3628//6933 2345//6933 3267//6933
f 3628//6934 3267//6934 3627//6934
f 3628//6935 3629//6935 2344//6935
f 3628//6936 2344//6936 2345//6936
f 3642//6937 2571//6937 4058//6937
f 3642//6938 4058//6938 4057//6938
f 3643//6939 2565//6939 2571//6939
f 3643//6940 2571//6940 3642//6940
f 3644//6941 2560//6941 2565//6941
f 3644//6942 2565//6942 3643//6942
f 3645//6943 2553//6943 3944//6943
f 3645//6944 3944//6944 3943//6944
f 3895//6945 4328//6945 4327//6945
f 3895//6946 4327//6946 3896//6946
f 3648//6947 3267//6947 4192//6947
f 3648//6948 4192//6948 4193//6948
f 3649//6949 3626//6949 2765//6949
f 3649//6950 2765//6950 3627//6950
f 3648//6951 3649//6951 3627//6951
f 3648//6952 3627//6952 3267//6952
f 3649//6953 3625//6953 2892//6953
f 3649//6954 2892//6954 3626//6954
f 3648//6955 3482//6955 3625//6955
f 3648//6956 3625//6956 3649//6956
f 3652//6957 3653//6957 2695//6957
f 3652//6958 2695//6958 2697//6958
f 3653//6959 3654//6959 2658//6959
f 3653//6960 2658//6960 2695//6960
f 3654//6961 3655//6961 3017//6961
f 3654//6962 3017//6962 2658//6962
f 3655//6963 3656//6963 3037//6963
f 3655//6964 3037//6964 3017//6964
f 3656//6965 3657//6965 3041//6965
f 3656//6966 3041//6966 3037//6966
f 3657//6967 3658//6967 3043//6967
f 3657//6968 3043//6968 3041//6968
f 2572//6969 3043//6969 3658//6969
f 2572//6970 3658//6970 3659//6970
f 3059//6971 4389//6971 4388//6971
f 3059//6972 4388//6972 3055//6972
f 3661//6973 3711//6973 3710//6973
f 3661//6974 3710//6974 3660//6974
f 3662//6975 3712//6975 3711//6975
f 3662//6976 3711//6976 3661//6976
f 3663//6977 3713//6977 3712//6977
f 3663//6978 3712//6978 3662//6978
f 3664//6979 3714//6979 3713//6979
f 3664//6980 3713//6980 3663//6980
f 3665//6981 3715//6981 3714//6981
f 3665//6982 3714//6982 3664//6982
f 3666//6983 3716//6983 3715//6983
f 3666//6984 3715//6984 3665//6984
f 3667//6985 3717//6985 3716//6985
f 3667//6986 3716//6986 3666//6986
f 4036//6987 3065//6987 3668//6987
f 4036//6988 3668//6988 4037//6988
f 3670//6989 2987//6989 4102//6989
f 3670//6990 4102//6990 4101//6990
f 3671//6991 2988//6991 2987//6991
f 3671//6992 2987//6992 3670//6992
f 3672//6993 2989//6993 2988//6993
f 3672//6994 2988//6994 3671//6994
f 3673//6995 2990//6995 3925//6995
f 3673//6996 3925//6996 3924//6996
f 3876//6997 3674//6997 2991//6997
f 3876//6998 2991//6998 3877//6998
f 3675//6999 3177//6999 2991//6999
f 3675//7000 2991//7000 3674//7000
f 4397//7001 3177//7001 3675//7001
f 4397//7002 3675//7002 4398//7002
f 2992//7003 4397//7003 4398//7003
f 2992//7004 4398//7004 3676//7004
f 3676//7005 3677//7005 2993//7005
f 3676//7006 2993//7006 2992//7006
f 3677//7007 3678//7007 3620//7007
f 3677//7008 3620//7008 2993//7008
f 3679//7009 3618//7009 3620//7009
f 3679//7010 3620//7010 3678//7010
f 3680//7011 3619//7011 3618//7011
f 3680//7012 3618//7012 3679//7012
f 3681//7013 2994//7013 3619//7013
f 3681//7014 3619//7014 3680//7014
f 3681//7015 3682//7015 2995//7015
f 3681//7016 2995//7016 2994//7016
f 3682//7017 3683//7017 2985//7017
f 3682//7018 2985//7018 2995//7018
f 3683//7019 3684//7019 2984//7019
f 3683//7020 2984//7020 2985//7020
f 2984//7021 3684//7021 3685//7021
f 2984//7022 3685//7022 2983//7022
f 4030//7023 3686//7023 3033//7023
f 4030//7024 3033//7024 4031//7024
f 3067//7025 3688//7025 3687//7025
f 3067//7026 3687//7026 3034//7026
f 3034//7027 3687//7027 3689//7027
f 3034//7028 3689//7028 3074//7028
f 3033//7029 3686//7029 3688//7029
f 3033//7030 3688//7030 3067//7030
f 3694//7031 3693//7031 3687//7031
f 3694//7032 3687//7032 3688//7032
f 3693//7033 3695//7033 3689//7033
f 3693//7034 3689//7034 3687//7034
f 3693//7035 3698//7035 3697//7035
f 3693//7036 3697//7036 3695//7036
f 3694//7037 3699//7037 3698//7037
f 3694//7038 3698//7038 3693//7038
f 3700//7039 3814//7039 3813//7039
f 3700//7040 3813//7040 3701//7040
f 3701//7041 3813//7041 3812//7041
f 3701//7042 3812//7042 3702//7042
f 3701//7043 3704//7043 3703//7043
f 3701//7044 3703//7044 3700//7044
f 3704//7045 3804//7045 3805//7045
f 3704//7046 3805//7046 3703//7046
f 3705//7047 3803//7047 3804//7047
f 3705//7048 3804//7048 3704//7048
f 3112//7049 4051//7049 4050//7049
f 3112//7050 4050//7050 3706//7050
f 2696//7051 3717//7051 3651//7051
f 2696//7052 3651//7052 2689//7052
f 3667//7053 2690//7053 3651//7053
f 3667//7054 3651//7054 3717//7054
f 3718//7055 3719//7055 2692//7055
f 3718//7056 2692//7056 2693//7056
f 3720//7057 2697//7057 2692//7057
f 3720//7058 2692//7058 3719//7058
f 2690//7059 3721//7059 3720//7059
f 2690//7060 3720//7060 2691//7060
f 3667//7061 3652//7061 3721//7061
f 3667//7062 3721//7062 2690//7062
f 3721//7063 3652//7063 2697//7063
f 3721//7064 2697//7064 3720//7064
f 2811//7065 3761//7065 3722//7065
f 2811//7066 3722//7066 2812//7066
f 3833//7067 3723//7067 2813//7067
f 3833//7068 2813//7068 3834//7068
f 3723//7069 3724//7069 2831//7069
f 3723//7070 2831//7070 2813//7070
f 2831//7071 3724//7071 3725//7071
f 2831//7072 3725//7072 2829//7072
f 3102//7073 2829//7073 3725//7073
f 3102//7074 3725//7074 3726//7074
f 3726//7075 3727//7075 2823//7075
f 3726//7076 2823//7076 3102//7076
f 3728//7077 2824//7077 2823//7077
f 3728//7078 2823//7078 3727//7078
f 3728//7079 3729//7079 2821//7079
f 3728//7080 2821//7080 2824//7080
f 3729//7081 3730//7081 2818//7081
f 3729//7082 2818//7082 2821//7082
f 3730//7083 3731//7083 2905//7083
f 3730//7084 2905//7084 2818//7084
f 3732//7085 2834//7085 2905//7085
f 3732//7086 2905//7086 3731//7086
f 2834//7087 3732//7087 3733//7087
f 2834//7088 3733//7088 2833//7088
f 3734//7089 2832//7089 2833//7089
f 3734//7090 2833//7090 3733//7090
f 3735//7091 3736//7091 3606//7091
f 3735//7092 3606//7092 2840//7092
f 3736//7093 3737//7093 3607//7093
f 3736//7094 3607//7094 3606//7094
f 3737//7095 3738//7095 2951//7095
f 3737//7096 2951//7096 3607//7096
f 3740//7097 2842//7097 3593//7097
f 3740//7098 3593//7098 3739//7098
f 3741//7099 2845//7099 2842//7099
f 3741//7100 2842//7100 3740//7100
f 2845//7101 3741//7101 3742//7101
f 2845//7102 3742//7102 2843//7102
f 4425//7103 2843//7103 3742//7103
f 4425//7104 3742//7104 4426//7104
f 3744//7105 2868//7105 2862//7105
f 3744//7106 2862//7106 3743//7106
f 3745//7107 2869//7107 2868//7107
f 3745//7108 2868//7108 3744//7108
f 3746//7109 2870//7109 2869//7109
f 3746//7110 2869//7110 3745//7110
f 3747//7111 3587//7111 2870//7111
f 3747//7112 2870//7112 3746//7112
f 3748//7113 2899//7113 3587//7113
f 3748//7114 3587//7114 3747//7114
f 3748//7115 3749//7115 2900//7115
f 3748//7116 2900//7116 2899//7116
f 2860//7117 2900//7117 3749//7117
f 2860//7118 3749//7118 3750//7118
f 3750//7119 3751//7119 2858//7119
f 3750//7120 2858//7120 2860//7120
f 2859//7121 2858//7121 3751//7121
f 2859//7122 3751//7122 3752//7122
f 3752//7123 4131//7123 4130//7123
f 3752//7124 4130//7124 2859//7124
f 4163//7125 3755//7125 2851//7125
f 4163//7126 2851//7126 4164//7126
f 2933//7127 2851//7127 3755//7127
f 2933//7128 3755//7128 3756//7128
f 3244//7129 2933//7129 3756//7129
f 3244//7130 3756//7130 3757//7130
f 3757//7131 3758//7131 2847//7131
f 3757//7132 2847//7132 3244//7132
f 3758//7133 3759//7133 2857//7133
f 3758//7134 2857//7134 2847//7134
f 4134//7135 3760//7135 3201//7135
f 4134//7136 3201//7136 4135//7136
f 3760//7137 3761//7137 2811//7137
f 3760//7138 2811//7138 3201//7138
f 3779//7139 3801//7139 3738//7139
f 3779//7140 3738//7140 3778//7140
f 3780//7141 3800//7141 3801//7141
f 3780//7142 3801//7142 3779//7142
f 4432//7143 3800//7143 3780//7143
f 4432//7144 3780//7144 4433//7144
f 3799//7145 3781//7145 3782//7145
f 3799//7146 3782//7146 3798//7146
f 3783//7147 3797//7147 3798//7147
f 3783//7148 3798//7148 3782//7148
f 3748//7149 3797//7149 3783//7149
f 3748//7150 3783//7150 3784//7150
f 3593//7151 2951//7151 3738//7151
f 3593//7152 3738//7152 3739//7152
f 3592//7153 3739//7153 3738//7153
f 3592//7154 3738//7154 3801//7154
f 3747//7155 3588//7155 3797//7155
f 3747//7156 3797//7156 3748//7156
f 3114//7157 4052//7157 4051//7157
f 3114//7158 4051//7158 3112//7158
f 3806//7159 1597//7159 1596//7159
f 3806//7160 1596//7160 3807//7160
f 3807//7161 1596//7161 1595//7161
f 3807//7162 1595//7162 3808//7162
f 3817//7163 4027//7163 4026//7163
f 3817//7164 4026//7164 3818//7164
f 4025//7165 3819//7165 3818//7165
f 4025//7166 3818//7166 4026//7166
f 4024//7167 3820//7167 3819//7167
f 4024//7168 3819//7168 4025//7168
f 3804//7169 3803//7169 3806//7169
f 3804//7170 3806//7170 3807//7170
f 3805//7171 3804//7171 3807//7171
f 3805//7172 3807//7172 3808//7172
f 3820//7173 4024//7173 4023//7173
f 3820//7174 4023//7174 3821//7174
f 1820//7175 1612//7175 3821//7175
f 1820//7176 3821//7176 4023//7176
f 3699//7177 3812//7177 3813//7177
f 3699//7178 3813//7178 3698//7178
f 3698//7179 3813//7179 3814//7179
f 3698//7180 3814//7180 3697//7180
f 3817//7181 3816//7181 4028//7181
f 3817//7182 4028//7182 4027//7182
f 3815//7183 4029//7183 4028//7183
f 3815//7184 4028//7184 3816//7184
f 3815//7185 3686//7185 4030//7185
f 3815//7186 4030//7186 4029//7186
f 3702//7187 3705//7187 3704//7187
f 3702//7188 3704//7188 3701//7188
f 3815//7189 3694//7189 3688//7189
f 3815//7190 3688//7190 3686//7190
f 3699//7191 3694//7191 3815//7191
f 3699//7192 3815//7192 3816//7192
f 3699//7193 3816//7193 3817//7193
f 3699//7194 3817//7194 3812//7194
f 3818//7195 3702//7195 3812//7195
f 3818//7196 3812//7196 3817//7196
f 3818//7197 3819//7197 3705//7197
f 3818//7198 3705//7198 3702//7198
f 3819//7199 3820//7199 3803//7199
f 3819//7200 3803//7200 3705//7200
f 3821//7201 3806//7201 3803//7201
f 3821//7202 3803//7202 3820//7202
f 3821//7203 1612//7203 1597//7203
f 3821//7204 1597//7204 3806//7204
f 3734//7205 3735//7205 2840//7205
f 3734//7206 2840//7206 2832//7206
f 3775//7207 3735//7207 3734//7207
f 3775//7208 3734//7208 3774//7208
f 3833//7209 4435//7209 4434//7209
f 3833//7210 4434//7210 3832//7210
f 3834//7211 4436//7211 4435//7211
f 3834//7212 4435//7212 3833//7212
f 3835//7213 4437//7213 4436//7213
f 3835//7214 4436//7214 3834//7214
f 3836//7215 4438//7215 4437//7215
f 3836//7216 4437//7216 3835//7216
f 3837//7217 4439//7217 4438//7217
f 3837//7218 4438//7218 3836//7218
f 3838//7219 4440//7219 4439//7219
f 3838//7220 4439//7220 3837//7220
f 4440//7221 3838//7221 3839//7221
f 4440//7222 3839//7222 4441//7222
f 3841//7223 3344//7223 3342//7223
f 3841//7224 3342//7224 3840//7224
f 3842//7225 3341//7225 3344//7225
f 3842//7226 3344//7226 3841//7226
f 3843//7227 3398//7227 3341//7227
f 3843//7228 3341//7228 3842//7228
f 3844//7229 3399//7229 3398//7229
f 3844//7230 3398//7230 3843//7230
f 3845//7231 3400//7231 3399//7231
f 3845//7232 3399//7232 3844//7232
f 3846//7233 3401//7233 3400//7233
f 3846//7234 3400//7234 3845//7234
f 3920//7235 3401//7235 3846//7235
f 3920//7236 3846//7236 3921//7236
f 4297//7237 3969//7237 3968//7237
f 4297//7238 3968//7238 4298//7238
f 3848//7239 3849//7239 3404//7239
f 3848//7240 3404//7240 3403//7240
f 3849//7241 3850//7241 3405//7241
f 3849//7242 3405//7242 3404//7242
f 3850//7243 4084//7243 4083//7243
f 3850//7244 4083//7244 3405//7244
f 3998//7245 3852//7245 3498//7245
f 3998//7246 3498//7246 3999//7246
f 5//7247 1645//7247 3853//7247
f 5//7248 3853//7248 2357//7248
f 2357//7249 3853//7249 3854//7249
f 2357//7250 3854//7250 2353//7250
f 4537//7251 4538//7251 3855//7251
f 4537//7252 3855//7252 2354//7252
f 4268//7253 4267//7253 4279//7253
f 4268//7254 4279//7254 4280//7254
f 4280//7255 4279//7255 3856//7255
f 4280//7256 3856//7256 2352//7256
f 2352//7257 3856//7257 3857//7257
f 2352//7258 3857//7258 2358//7258
f 2358//7259 3857//7259 3858//7259
f 2358//7260 3858//7260 2337//7260
f 2337//7261 3858//7261 3859//7261
f 2337//7262 3859//7262 2334//7262
f 2334//7263 3859//7263 3860//7263
f 2334//7264 3860//7264 2331//7264
f 2331//7265 3860//7265 3861//7265
f 2331//7266 3861//7266 2332//7266
f 2332//7267 3861//7267 2645//7267
f 2332//7268 2645//7268 2333//7268
f 2644//7269 2645//7269 3861//7269
f 2644//7270 3861//7270 2339//7270
f 3094//7271 3862//7271 3863//7271
f 3094//7272 3863//7272 3106//7272
f 3106//7273 3863//7273 3864//7273
f 3106//7274 3864//7274 2473//7274
f 3865//7275 3413//7275 2473//7275
f 3865//7276 2473//7276 3864//7276
f 3866//7277 3269//7277 3413//7277
f 3866//7278 3413//7278 3865//7278
f 2661//7279 3871//7279 3872//7279
f 2661//7280 3872//7280 2601//7280
f 2601//7281 3872//7281 3873//7281
f 2601//7282 3873//7282 2600//7282
f 2600//7283 3873//7283 3874//7283
f 2600//7284 3874//7284 2604//7284
f 2464//7285 2604//7285 3874//7285
f 2464//7286 3874//7286 3875//7286
f 2464//7287 3875//7287 3876//7287
f 2464//7288 3876//7288 3673//7288
f 3673//7289 3876//7289 3877//7289
f 3673//7290 3877//7290 2990//7290
f 2990//7291 3877//7291 3878//7291
f 2990//7292 3878//7292 3001//7292
f 3001//7293 3878//7293 3012//7293
f 3001//7294 3012//7294 2470//7294
f 3891//7295 3612//7295 975//7295
f 3891//7296 975//7296 1685//7296
f 2559//7297 3612//7297 3891//7297
f 2559//7298 3891//7298 3892//7298
f 3472//7299 2559//7299 3892//7299
f 3472//7300 3892//7300 3893//7300
f 3894//7301 3475//7301 3472//7301
f 3894//7302 3472//7302 3893//7302
f 3475//7303 3894//7303 3895//7303
f 3475//7304 3895//7304 3645//7304
f 3645//7305 3895//7305 3896//7305
f 3645//7306 3896//7306 2553//7306
f 4220//7307 2553//7307 3896//7307
f 4220//7308 3896//7308 4221//7308
f 4221//7309 3897//7309 3531//7309
f 4221//7310 3531//7310 4220//7310
f 3531//7311 3897//7311 4243//7311
f 3531//7312 4243//7312 2578//7312
f 3635//7313 3898//7313 3899//7313
f 3635//7314 3899//7314 2570//7314
f 2570//7315 3899//7315 3900//7315
f 2570//7316 3900//7316 2569//7316
f 2569//7317 3900//7317 4113//7317
f 2569//7318 4113//7318 4112//7318
f 2721//7319 3249//7319 3901//7319
f 2721//7320 3901//7320 3902//7320
f 3903//7321 2558//7321 4182//7321
f 3903//7322 4182//7322 4181//7322
f 2558//7323 3903//7323 3904//7323
f 2558//7324 3904//7324 2733//7324
f 2733//7325 3904//7325 3905//7325
f 2733//7326 3905//7326 3227//7326
f 2550//7327 3227//7327 3905//7327
f 2550//7328 3905//7328 3906//7328
f 3907//7329 2549//7329 2550//7329
f 3907//7330 2550//7330 3906//7330
f 3908//7331 3218//7331 4153//7331
f 3908//7332 4153//7332 4152//7332
f 3218//7333 3908//7333 3909//7333
f 3218//7334 3909//7334 2535//7334
f 3910//7335 2536//7335 2535//7335
f 3910//7336 2535//7336 3909//7336
f 2536//7337 3910//7337 3911//7337
f 2536//7338 3911//7338 2526//7338
f 2526//7339 3911//7339 3912//7339
f 2526//7340 3912//7340 2520//7340
f 2520//7341 3912//7341 3913//7341
f 2520//7342 3913//7342 2508//7342
f 2508//7343 3913//7343 3914//7343
f 2508//7344 3914//7344 2972//7344
f 2972//7345 3914//7345 3915//7345
f 2972//7346 3915//7346 2497//7346
f 3916//7347 2957//7347 2497//7347
f 3916//7348 2497//7348 3915//7348
f 2498//7349 2957//7349 3916//7349
f 2498//7350 3916//7350 3917//7350
f 2498//7351 3917//7351 3918//7351
f 2498//7352 3918//7352 2488//7352
f 2488//7353 3918//7353 3919//7353
f 2488//7354 3919//7354 2489//7354
f 3920//7355 3402//7355 2489//7355
f 3920//7356 2489//7356 3919//7356
f 3847//7357 3402//7357 3920//7357
f 3847//7358 3920//7358 3921//7358
f 3922//7359 2472//7359 3847//7359
f 3922//7360 3847//7360 3921//7360
f 2472//7361 3922//7361 3862//7361
f 2472//7362 3862//7362 3094//7362
f 3924//7363 3672//7363 2471//7363
f 3924//7364 2471//7364 3923//7364
f 3925//7365 2989//7365 3672//7365
f 3925//7366 3672//7366 3924//7366
f 3000//7367 2989//7367 3925//7367
f 3000//7368 3925//7368 3926//7368
f 3000//7369 3926//7369 3087//7369
f 3000//7370 3087//7370 2478//7370
f 3007//7371 3012//7371 2463//7371
f 3007//7372 2463//7372 3927//7372
f 3928//7373 3023//7373 3007//7373
f 3928//7374 3007//7374 3927//7374
f 3929//7375 3028//7375 3023//7375
f 3929//7376 3023//7376 3928//7376
f 3930//7377 3032//7377 3028//7377
f 3930//7378 3028//7378 3929//7378
f 3931//7379 3049//7379 3032//7379
f 3931//7380 3032//7380 3930//7380
f 3932//7381 3054//7381 3049//7381
f 3932//7382 3049//7382 3931//7382
f 3933//7383 3060//7383 3054//7383
f 3933//7384 3054//7384 3932//7384
f 3934//7385 3056//7385 3060//7385
f 3934//7386 3060//7386 3933//7386
f 3089//7387 3056//7387 3934//7387
f 3089//7388 3934//7388 3935//7388
f 3936//7389 3708//7389 3089//7389
f 3936//7390 3089//7390 3935//7390
f 3057//7391 3708//7391 3936//7391
f 3057//7392 3936//7392 3937//7392
f 3938//7393 3116//7393 3057//7393
f 3938//7394 3057//7394 3937//7394
f 1734//7395 962//7395 3116//7395
f 1734//7396 3116//7396 3938//7396
f 3939//7397 3611//7397 976//7397
f 3939//7398 976//7398 1735//7398
f 3822//7399 3611//7399 3939//7399
f 3822//7400 3939//7400 3940//7400
f 3471//7401 3822//7401 3940//7401
f 3471//7402 3940//7402 3941//7402
f 3942//7403 3476//7403 3471//7403
f 3942//7404 3471//7404 3941//7404
f 3476//7405 3942//7405 3943//7405
f 3476//7406 3943//7406 3644//7406
f 3944//7407 2560//7407 3644//7407
f 3944//7408 3644//7408 3943//7408
f 4218//7409 2560//7409 3944//7409
f 4218//7410 3944//7410 4219//7410
f 4219//7411 3945//7411 3530//7411
f 4219//7412 3530//7412 4218//7412
f 3530//7413 3945//7413 2583//7413
f 3530//7414 2583//7414 2586//7414
f 3947//7415 2577//7415 3636//7415
f 3947//7416 3636//7416 3946//7416
f 3948//7417 2576//7417 2577//7417
f 3948//7418 2577//7418 3947//7418
f 4110//7419 2576//7419 3948//7419
f 4110//7420 3948//7420 4111//7420
f 2720//7421 3248//7421 3949//7421
f 2720//7422 3949//7422 3950//7422
f 3951//7423 2564//7423 4184//7423
f 3951//7424 4184//7424 4183//7424
f 3952//7425 2732//7425 2564//7425
f 3952//7426 2564//7426 3951//7426
f 3953//7427 3226//7427 2732//7427
f 3953//7428 2732//7428 3952//7428
f 2557//7429 3226//7429 3953//7429
f 2557//7430 3953//7430 3954//7430
f 3955//7431 2556//7431 2557//7431
f 3955//7432 2557//7432 3954//7432
f 3956//7433 3219//7433 4155//7433
f 3956//7434 4155//7434 4154//7434
f 3957//7435 2541//7435 3219//7435
f 3957//7436 3219//7436 3956//7436
f 3958//7437 2542//7437 2541//7437
f 3958//7438 2541//7438 3957//7438
f 3959//7439 2534//7439 2542//7439
f 3959//7440 2542//7440 3958//7440
f 2525//7441 2534//7441 3959//7441
f 2525//7442 3959//7442 3960//7442
f 3961//7443 2519//7443 2525//7443
f 3961//7444 2525//7444 3960//7444
f 3962//7445 2971//7445 2519//7445
f 3962//7446 2519//7446 3961//7446
f 3963//7447 2506//7447 2971//7447
f 3963//7448 2971//7448 3962//7448
f 3964//7449 2956//7449 2506//7449
f 3964//7450 2506//7450 3963//7450
f 2507//7451 2956//7451 3964//7451
f 2507//7452 3964//7452 3965//7452
f 3966//7453 2493//7453 2507//7453
f 3966//7454 2507//7454 3965//7454
f 3967//7455 2494//7455 2493//7455
f 3967//7456 2493//7456 3966//7456
f 3968//7457 3403//7457 2494//7457
f 3968//7458 2494//7458 3967//7458
f 3969//7459 3848//7459 3403//7459
f 3969//7460 3403//7460 3968//7460
f 3970//7461 2480//7461 3848//7461
f 3970//7462 3848//7462 3969//7462
f 3971//7463 3093//7463 2480//7463
f 3971//7464 2480//7464 3970//7464
f 3972//7465 3105//7465 3093//7465
f 3972//7466 3093//7466 3971//7466
f 3105//7467 3972//7467 3973//7467
f 3105//7468 3973//7468 2481//7468
f 3974//7469 3414//7469 2481//7469
f 3974//7470 2481//7470 3973//7470
f 3975//7471 3270//7471 3414//7471
f 3975//7472 3414//7472 3974//7472
f 3976//7473 3435//7473 3270//7473
f 3976//7474 3270//7474 3975//7474
f 3434//7475 3435//7475 3976//7475
f 3434//7476 3976//7476 3977//7476
f 3978//7477 3433//7477 3434//7477
f 3978//7478 3434//7478 3977//7478
f 3979//7479 3274//7479 3433//7479
f 3979//7480 3433//7480 3978//7480
f 3980//7481 3466//7481 3274//7481
f 3980//7482 3274//7482 3979//7482
f 2620//7483 3466//7483 3980//7483
f 2620//7484 3980//7484 3981//7484
f 2620//7485 3981//7485 3982//7485
f 2620//7486 3982//7486 2606//7486
f 3983//7487 2607//7487 2606//7487
f 3983//7488 2606//7488 3982//7488
f 3984//7489 2611//7489 2607//7489
f 3984//7490 2607//7490 3983//7490
f 2471//7491 2611//7491 3984//7491
f 2471//7492 3984//7492 3923//7492
f 2619//7493 3985//7493 3986//7493
f 2619//7494 3986//7494 2623//7494
f 2623//7495 3986//7495 3987//7495
f 2623//7496 3987//7496 2683//7496
f 2683//7497 3987//7497 3988//7497
f 2683//7498 3988//7498 3272//7498
f 3272//7499 3988//7499 3989//7499
f 3272//7500 3989//7500 3459//7500
f 3459//7501 3989//7501 3990//7501
f 3459//7502 3990//7502 3460//7502
f 3991//7503 3461//7503 3460//7503
f 3991//7504 3460//7504 3990//7504
f 3461//7505 3991//7505 3992//7505
f 3461//7506 3992//7506 3458//7506
f 3458//7507 3992//7507 3993//7507
f 3458//7508 3993//7508 3457//7508
f 3994//7509 3456//7509 3457//7509
f 3994//7510 3457//7510 3993//7510
f 3456//7511 3994//7511 3995//7511
f 3456//7512 3995//7512 3455//7512
f 3455//7513 3995//7513 3996//7513
f 3455//7514 3996//7514 3443//7514
f 3997//7515 3442//7515 3443//7515
f 3997//7516 3443//7516 3996//7516
f 3998//7517 3851//7517 3442//7517
f 3998//7518 3442//7518 3997//7518
f 3851//7519 3998//7519 3999//7519
f 3851//7520 3999//7520 3444//7520
f 4000//7521 3446//7521 3444//7521
f 4000//7522 3444//7522 3999//7522
f 3446//7523 4000//7523 4001//7523
f 3446//7524 4001//7524 3445//7524
f 3445//7525 4001//7525 4002//7525
f 3445//7526 4002//7526 3447//7526
f 4003//7527 3454//7527 3447//7527
f 4003//7528 3447//7528 4002//7528
f 3454//7529 4003//7529 4004//7529
f 3454//7530 4004//7530 3453//7530
f 3453//7531 4004//7531 4005//7531
f 3453//7532 4005//7532 3449//7532
f 3449//7533 4005//7533 4006//7533
f 3449//7534 4006//7534 3448//7534
f 3448//7535 4006//7535 4007//7535
f 3448//7536 4007//7536 3450//7536
f 4008//7537 3451//7537 3450//7537
f 4008//7538 3450//7538 4007//7538
f 3451//7539 4008//7539 4009//7539
f 3451//7540 4009//7540 3452//7540
f 3452//7541 4009//7541 4010//7541
f 3452//7542 4010//7542 2561//7542
f 4011//7543 3222//7543 2561//7543
f 4011//7544 2561//7544 4010//7544
f 4159//7545 3222//7545 4011//7545
f 4159//7546 4011//7546 4160//7546
f 2573//7547 4012//7547 4013//7547
f 2573//7548 4013//7548 2574//7548
f 4014//7549 3223//7549 2574//7549
f 4014//7550 2574//7550 4013//7550
f 3223//7551 4014//7551 4015//7551
f 3223//7552 4015//7552 2729//7552
f 2729//7553 4015//7553 4016//7553
f 2729//7554 4016//7554 2580//7554
f 4188//7555 2580//7555 4016//7555
f 4188//7556 4016//7556 4189//7556
f 4018//7557 3245//7557 2717//7557
f 4018//7558 2717//7558 4017//7558
f 4019//7559 2588//7559 4106//7559
f 4019//7560 4106//7560 4105//7560
f 2588//7561 4019//7561 4020//7561
f 2588//7562 4020//7562 2589//7562
f 2589//7563 4020//7563 4021//7563
f 2589//7564 4021//7564 3639//7564
f 1599//7565 1820//7565 4023//7565
f 1599//7566 4023//7566 3811//7566
f 4024//7567 3810//7567 3811//7567
f 4024//7568 3811//7568 4023//7568
f 3809//7569 3810//7569 4024//7569
f 3809//7570 4024//7570 4025//7570
f 3809//7571 4025//7571 4026//7571
f 3809//7572 4026//7572 3802//7572
f 4027//7573 3696//7573 3802//7573
f 4027//7574 3802//7574 4026//7574
f 4028//7575 3692//7575 3696//7575
f 4028//7576 3696//7576 4027//7576
f 4029//7577 3691//7577 3692//7577
f 4029//7578 3692//7578 4028//7578
f 4030//7579 3690//7579 3691//7579
f 4030//7580 3691//7580 4029//7580
f 3078//7581 3690//7581 4030//7581
f 3078//7582 4030//7582 4031//7582
f 3077//7583 3078//7583 4031//7583
f 3077//7584 4031//7584 4032//7584
f 3076//7585 3077//7585 4032//7585
f 3076//7586 4032//7586 4033//7586
f 3075//7587 3076//7587 4033//7587
f 3075//7588 4033//7588 4034//7588
f 2485//7589 3075//7589 4034//7589
f 2485//7590 4034//7590 2503//7590
f 2514//7591 3020//7591 4035//7591
f 2514//7592 4035//7592 2997//7592
f 2997//7593 4035//7593 4036//7593
f 2997//7594 4036//7594 2986//7594
f 3669//7595 2986//7595 4036//7595
f 3669//7596 4036//7596 4037//7596
f 3669//7597 4037//7597 4038//7597
f 3669//7598 4038//7598 2616//7598
f 4039//7599 2617//7599 2616//7599
f 4039//7600 2616//7600 4038//7600
f 2617//7601 4039//7601 4040//7601
f 2617//7602 4040//7602 2618//7602
f 2618//7603 4040//7603 3985//7603
f 2618//7604 3985//7604 2619//7604
f 4041//7605 3075//7605 2485//7605
f 4041//7606 2485//7606 2478//7606
f 4042//7607 3076//7607 3075//7607
f 4042//7608 3075//7608 4041//7608
f 4043//7609 3077//7609 3076//7609
f 4043//7610 3076//7610 4042//7610
f 4044//7611 3078//7611 3077//7611
f 4044//7612 3077//7612 4043//7612
f 4045//7613 3690//7613 3078//7613
f 4045//7614 3078//7614 4044//7614
f 3690//7615 4045//7615 4046//7615
f 3690//7616 4046//7616 3691//7616
f 4047//7617 3692//7617 3691//7617
f 4047//7618 3691//7618 4046//7618
f 4048//7619 3696//7619 3692//7619
f 4048//7620 3692//7620 4047//7620
f 4049//7621 3802//7621 3696//7621
f 4049//7622 3696//7622 4048//7622
f 4050//7623 3809//7623 3802//7623
f 4050//7624 3802//7624 4049//7624
f 4051//7625 3810//7625 3809//7625
f 4051//7626 3809//7626 4050//7626
f 4052//7627 3811//7627 3810//7627
f 4052//7628 3810//7628 4051//7628
f 1599//7629 3811//7629 4052//7629
f 1599//7630 4052//7630 1851//7630
f 4053//7631 3608//7631 1644//7631
f 4053//7632 1644//7632 1852//7632
f 3825//7633 3608//7633 4053//7633
f 3825//7634 4053//7634 4054//7634
f 3468//7635 3825//7635 4054//7635
f 3468//7636 4054//7636 4055//7636
f 4056//7637 3479//7637 3468//7637
f 4056//7638 3468//7638 4055//7638
f 3479//7639 4056//7639 4057//7639
f 3479//7640 4057//7640 3641//7640
f 4058//7641 2579//7641 3641//7641
f 4058//7642 3641//7642 4057//7642
f 4214//7643 2579//7643 4058//7643
f 4214//7644 4058//7644 4215//7644
f 4215//7645 4059//7645 3527//7645
f 4215//7646 3527//7646 4214//7646
f 3527//7647 4059//7647 4022//7647
f 3527//7648 4022//7648 3513//7648
f 4062//7649 2589//7649 3639//7649
f 4062//7650 3639//7650 4061//7650
f 4063//7651 2588//7651 2589//7651
f 4063//7652 2589//7652 4062//7652
f 4106//7653 2588//7653 4063//7653
f 4106//7654 4063//7654 4107//7654
f 2717//7655 3245//7655 4064//7655
f 2717//7656 4064//7656 4065//7656
f 4066//7657 2580//7657 4188//7657
f 4066//7658 4188//7658 4187//7658
f 4067//7659 2729//7659 2580//7659
f 4067//7660 2580//7660 4066//7660
f 4068//7661 3223//7661 2729//7661
f 4068//7662 2729//7662 4067//7662
f 2574//7663 3223//7663 4068//7663
f 2574//7664 4068//7664 4069//7664
f 4070//7665 2573//7665 2574//7665
f 4070//7666 2574//7666 4069//7666
f 4071//7667 3222//7667 4159//7667
f 4071//7668 4159//7668 4158//7668
f 2561//7669 3222//7669 4071//7669
f 2561//7670 4071//7670 4072//7670
f 4073//7671 3452//7671 2561//7671
f 4073//7672 2561//7672 4072//7672
f 4074//7673 3451//7673 3452//7673
f 4074//7674 3452//7674 4073//7674
f 3450//7675 3451//7675 4074//7675
f 3450//7676 4074//7676 4075//7676
f 4076//7677 3448//7677 3450//7677
f 4076//7678 3450//7678 4075//7678
f 4077//7679 3449//7679 3448//7679
f 4077//7680 3448//7680 4076//7680
f 4078//7681 3453//7681 3449//7681
f 4078//7682 3449//7682 4077//7682
f 4079//7683 3454//7683 3453//7683
f 4079//7684 3453//7684 4078//7684
f 3447//7685 3454//7685 4079//7685
f 3447//7686 4079//7686 4080//7686
f 4081//7687 3445//7687 3447//7687
f 4081//7688 3447//7688 4080//7688
f 4082//7689 3446//7689 3445//7689
f 4082//7690 3445//7690 4081//7690
f 3444//7691 3446//7691 4082//7691
f 3444//7692 4082//7692 4083//7692
f 4084//7693 3851//7693 3444//7693
f 4084//7694 3444//7694 4083//7694
f 4085//7695 3442//7695 3851//7695
f 4085//7696 3851//7696 4084//7696
f 4086//7697 3443//7697 3442//7697
f 4086//4650 3442//4650 4085//4650
f 4087//7698 3455//7698 3443//7698
f 4087//7699 3443//7699 4086//7699
f 4088//7700 3456//7700 3455//7700
f 4088//7701 3455//7701 4087//7701
f 4089//7702 3457//7702 3456//7702
f 4089//7703 3456//7703 4088//7703
f 4090//7704 3458//7704 3457//7704
f 4090//7705 3457//7705 4089//7705
f 4091//7706 3461//7706 3458//7706
f 4091//7707 3458//7707 4090//7707
f 3460//7708 3461//7708 4091//7708
f 3460//7709 4091//7709 4092//7709
f 4093//7710 3459//7710 3460//7710
f 4093//7711 3460//7711 4092//7711
f 4094//7712 3272//7712 3459//7712
f 4094//7713 3459//7713 4093//7713
f 2683//7714 3272//7714 4094//7714
f 2683//7715 4094//7715 4095//7715
f 2683//7716 4095//7716 4096//7716
f 2683//7717 4096//7717 2623//7717
f 4097//7718 2619//7718 2623//7718
f 4097//7719 2623//7719 4096//7719
f 4098//7720 2618//7720 2619//7720
f 4098//7721 2619//7721 4097//7721
f 4099//7722 2617//7722 2618//7722
f 4099//7723 2618//7723 4098//7723
f 2616//7724 2617//7724 4099//7724
f 2616//7725 4099//7725 4100//7725
f 4101//7726 3669//7726 2616//7726
f 4101//7727 2616//7727 4100//7727
f 4102//7728 2986//7728 3669//7728
f 4102//7729 3669//7729 4101//7729
f 2997//7730 2986//7730 4102//7730
f 2997//7731 4102//7731 4103//7731
f 2997//7732 4103//7732 3019//7732
f 2997//7733 3019//7733 2514//7733
f 3510//7734 4104//7734 4105//7734
f 3510//7735 4105//7735 4018//7735
f 4106//7736 3245//7736 4018//7736
f 4106//7737 4018//7737 4105//7737
f 3245//7738 4106//7738 4107//7738
f 3245//7739 4107//7739 4064//7739
f 4108//7740 3246//7740 4064//7740
f 4108//7741 4064//7741 4107//7741
f 3246//7742 4108//7742 4109//7742
f 3246//7743 4109//7743 3247//7743
f 3247//7744 4109//7744 4110//7744
f 3247//7745 4110//7745 3248//7745
f 3248//7746 4110//7746 4111//7746
f 3248//7747 4111//7747 3949//7747
f 4319//7748 3949//7748 4111//7748
f 4319//7749 4111//7749 4320//7749
f 4113//7750 3901//7750 3249//7750
f 4113//7751 3249//7751 4112//7751
f 4114//7752 3250//7752 3901//7752
f 4114//7753 3901//7753 4113//7753
f 3250//7754 4114//7754 4115//7754
f 3250//7755 4115//7755 3251//7755
f 3251//7756 4115//7756 4116//7756
f 3251//7757 4116//7757 3252//7757
f 3253//7758 3252//7758 4116//7758
f 3253//7759 4116//7759 4117//7759
f 3253//7760 4117//7760 4118//7760
f 3253//7761 4118//7761 3254//7761
f 3255//7762 3254//7762 4118//7762
f 3255//7763 4118//7763 4119//7763
f 3255//7764 4119//7764 4120//7764
f 3255//7765 4120//7765 3256//7765
f 3256//7766 4120//7766 4121//7766
f 3256//7767 4121//7767 3257//7767
f 4122//7768 3258//7768 3257//7768
f 4122//7769 3257//7769 4121//7769
f 3258//7770 4122//7770 4123//7770
f 3258//7771 4123//7771 3259//7771
f 3259//7772 4123//7772 4124//7772
f 3259//7773 4124//7773 3260//7773
f 4125//7774 3261//7774 3260//7774
f 4125//7775 3260//7775 4124//7775
f 4126//7776 3262//7776 3261//7776
f 4126//7777 3261//7777 4125//7777
f 3262//7778 4126//7778 4127//7778
f 3262//7779 4127//7779 3263//7779
f 3263//7780 4127//7780 4128//7780
f 3263//7781 4128//7781 3264//7781
f 3264//7782 4128//7782 4129//7782
f 3264//7783 4129//7783 3265//7783
f 3265//7784 4129//7784 4130//7784
f 3265//7785 4130//7785 3266//7785
f 4131//7786 3753//7786 3266//7786
f 4131//7787 3266//7787 4130//7787
f 3789//7788 3753//7788 4131//7788
f 3789//7789 4131//7789 4132//7789
f 4134//7790 3759//7790 3794//7790
f 4134//7791 3794//7791 4133//7791
f 3759//7792 4134//7792 4135//7792
f 3759//7793 4135//7793 2857//7793
f 2857//7794 4135//7794 4136//7794
f 2857//7795 4136//7795 2849//7795
f 2849//7796 4136//7796 4137//7796
f 2849//7797 4137//7797 2856//7797
f 2856//7798 4137//7798 4138//7798
f 2856//7799 4138//7799 2808//7799
f 2808//7800 4138//7800 4139//7800
f 2808//7801 4139//7801 2807//7801
f 2807//7802 4139//7802 4140//7802
f 2807//7803 4140//7803 2801//7803
f 2801//7804 4140//7804 4141//7804
f 2801//7805 4141//7805 2934//7805
f 2934//7806 4141//7806 4142//7806
f 2934//7807 4142//7807 2789//7807
f 2789//7808 4142//7808 4143//7808
f 2789//7809 4143//7809 2788//7809
f 2788//7810 4143//7810 4144//7810
f 2788//7811 4144//7811 2771//7811
f 2771//7812 4144//7812 4145//7812
f 2771//7813 4145//7813 2340//7813
f 2340//7814 4145//7814 4146//7814
f 2340//7815 4146//7815 2323//7815
f 2323//7816 4146//7816 4147//7816
f 2323//7817 4147//7817 2319//7817
f 2319//7818 4147//7818 4148//7818
f 2319//7819 4148//7819 2629//7819
f 2629//7820 4148//7820 4149//7820
f 2629//7821 4149//7821 2530//7821
f 2530//7822 4149//7822 4150//7822
f 2530//7823 4150//7823 2527//7823
f 2527//7824 4150//7824 4151//7824
f 2527//7825 4151//7825 2675//7825
f 2675//7826 4151//7826 4152//7826
f 2675//7827 4152//7827 3907//7827
f 4153//7828 2549//7828 3907//7828
f 4153//7829 3907//7829 4152//7829
f 4311//7830 4154//7830 3955//7830
f 4311//7831 3955//7831 4312//7831
f 4155//7832 2556//7832 3955//7832
f 4155//7833 3955//7833 4154//7833
f 2556//7834 4155//7834 4156//7834
f 2556//7835 4156//7835 2562//7835
f 2562//7836 4156//7836 4157//7836
f 2562//7837 4157//7837 2566//7837
f 2566//7838 4157//7838 4158//7838
f 2566//7839 4158//7839 4070//7839
f 4159//7840 2573//7840 4070//7840
f 4159//7841 4070//7841 4158//7841
f 4012//7842 2573//7842 4159//7842
f 4012//7843 4159//7843 4160//7843
f 4161//7844 3505//7844 4012//7844
f 4161//7845 4012//7845 4160//7845
f 2925//7846 4164//7846 4165//7846
f 2925//7847 4165//7847 2924//7847
f 2924//7848 4165//7848 4166//7848
f 2924//7849 4166//7849 2923//7849
f 2923//7850 4166//7850 4167//7850
f 2923//7851 4167//7851 2922//7851
f 2922//7852 4167//7852 4168//7852
f 2922//7853 4168//7853 2921//7853
f 2921//7854 4168//7854 4169//7854
f 2921//7855 4169//7855 2920//7855
f 2920//7856 4169//7856 4170//7856
f 2920//7857 4170//7857 2938//7857
f 2938//7858 4170//7858 4171//7858
f 2938//7859 4171//7859 2919//7859
f 2919//7860 4171//7860 4172//7860
f 2919//7861 4172//7861 2918//7861
f 2918//7862 4172//7862 4173//7862
f 2918//7863 4173//7863 2767//7863
f 2767//7864 4173//7864 4174//7864
f 2767//7865 4174//7865 2728//7865
f 2728//7866 4174//7866 4175//7866
f 2728//7867 4175//7867 2727//7867
f 2727//7868 4175//7868 4176//7868
f 2727//7869 4176//7869 2726//7869
f 2726//7870 4176//7870 4177//7870
f 2726//7871 4177//7871 2725//7871
f 2725//7872 4177//7872 4178//7872
f 2725//7873 4178//7873 2724//7873
f 2724//7874 4178//7874 4179//7874
f 2724//7875 4179//7875 2723//7875
f 2723//7876 4179//7876 4180//7876
f 2723//7877 4180//7877 2722//7877
f 2722//7878 4180//7878 4181//7878
f 2722//7879 4181//7879 3902//7879
f 4182//7880 2721//7880 3902//7880
f 4182//7881 3902//7881 4181//7881
f 4317//7882 4183//7882 3950//7882
f 4317//7883 3950//7883 4318//7883
f 4184//7884 2720//7884 3950//7884
f 4184//7885 3950//7885 4183//7885
f 2720//7886 4184//7886 4185//7886
f 2720//7887 4185//7887 2719//7887
f 2719//7888 4185//7888 4186//7888
f 2719//7889 4186//7889 2718//7889
f 2718//7890 4186//7890 4187//7890
f 2718//7891 4187//7891 4065//7891
f 4188//7892 2717//7892 4065//7892
f 4188//7893 4065//7893 4187//7893
f 4017//7894 2717//7894 4188//7894
f 4017//7895 4188//7895 4189//7895
f 4190//7896 3509//7896 4017//7896
f 4190//7897 4017//7897 4189//7897
f 2925//7898 4191//7898 4163//7898
f 2925//7899 4163//7899 4164//7899
f 4191//7900 3754//7900 4162//7900
f 4191//7901 4162//7901 4163//7901
f 3753//7902 4191//7902 2925//7902
f 3753//7903 2925//7903 3266//7903
f 3754//7904 4191//7904 3753//7904
f 3754//7905 3753//7905 3789//7905
f 2890//7906 3828//7906 2942//7906
f 2890//7907 2942//7907 2941//7907
f 2890//7908 3481//7908 3830//7908
f 2890//7909 3830//7909 3828//7909
f 3829//7910 3827//7910 3480//7910
f 3829//7911 3480//7911 4195//7911
f 3480//7912 3827//7912 3830//7912
f 3480//7913 3830//7913 3481//7913
f 3541//7914 3542//7914 4229//7914
f 3541//7915 4229//7915 4196//7915
f 4192//7916 3541//7916 4196//7916
f 4192//7917 4196//7917 4197//7917
f 4193//7918 4192//7918 4197//7918
f 4193//7919 4197//7919 4198//7919
f 4194//7920 4193//7920 4198//7920
f 4194//7921 4198//7921 4199//7921
f 4195//7922 4194//7922 4199//7922
f 4195//7923 4199//7923 4200//7923
f 3829//7924 4195//7924 4200//7924
f 3829//7925 4200//7925 2660//7925
f 4196//7926 4201//7926 4202//7926
f 4196//7927 4202//7927 4197//7927
f 4203//7928 4198//7928 4197//7928
f 4203//7929 4197//7929 4202//7929
f 4198//7930 4203//7930 4204//7930
f 4198//7931 4204//7931 4199//7931
f 4199//7932 4204//7932 4205//7932
f 4199//7933 4205//7933 4200//7933
f 4200//7934 4205//7934 2252//7934
f 4200//7935 2252//7935 2660//7935
f 4223//7936 4206//7936 4207//7936
f 4223//7937 4207//7937 4224//7937
f 4208//7938 4225//7938 4224//7938
f 4208//7939 4224//7939 4207//7939
f 4225//7938 4208//7938 4209//7938
f 4225//7940 4209//7940 4226//7940
f 4226//7941 4209//7941 4210//7941
f 4226//7942 4210//7942 4227//7942
f 3617//7943 4207//7943 4206//7943
f 3617//7944 4206//7944 3647//7944
f 3616//7945 4208//7945 4207//7945
f 3616//7946 4207//7946 3617//7946
f 3826//7947 4209//7947 4208//7947
f 3826//7948 4208//7948 3616//7948
f 3615//7949 4210//7949 4209//7949
f 3615//7950 4209//7950 3826//7950
f 4211//7951 4212//7951 2252//7951
f 4211//7952 2252//7952 4205//7952
f 4211//7953 2013//7953 2014//7953
f 4211//7954 2014//7954 4212//7954
f 1399//7955 2016//7955 4213//7955
f 1399//7956 4213//7956 3614//7956
f 3614//7957 4213//7957 4210//7957
f 3614//7958 4210//7958 3615//7958
f 4228//7959 4213//7959 2016//7959
f 4228//7960 2016//7960 2032//7960
f 4213//7961 4228//7961 4227//7961
f 4213//7962 4227//7962 4210//7962
f 4201//7963 4223//7963 4224//7963
f 4201//7964 4224//7964 4202//7964
f 4225//7965 4203//7965 4202//7965
f 4225//7966 4202//7966 4224//7966
f 4203//7967 4225//7967 4226//7967
f 4203//7968 4226//7968 4204//7968
f 4204//7969 4226//7969 4227//7969
f 4204//7970 4227//7970 4205//7970
f 4228//7971 4211//7971 4205//7971
f 4228//7972 4205//7972 4227//7972
f 2032//7973 2013//7973 4211//7973
f 2032//7974 4211//7974 4228//7974
f 4196//7975 4229//7975 4230//7975
f 4196//7976 4230//7976 4201//7976
f 4201//7977 4230//7977 4231//7977
f 4201//7978 4231//7978 4223//7978
f 4223//7979 4231//7979 4232//7979
f 4223//7980 4232//7980 4206//7980
f 3542//7981 2344//7981 4233//7981
f 3542//7982 4233//7982 4234//7982
f 3629//7983 3630//7983 4233//7983
f 3629//7984 4233//7984 2344//7984
f 4229//7985 3542//7985 4234//7985
f 4229//7986 4234//7986 4230//7986
f 4206//7987 4232//7987 4235//7987
f 4206//7988 4235//7988 3647//7988
f 4234//7989 4233//7989 4236//7989
f 4234//7990 4236//7990 4237//7990
f 3630//7991 3631//7991 4236//7991
f 3630//7992 4236//7992 4233//7992
f 4230//7993 4234//7993 4237//7993
f 4230//7994 4237//7994 4231//7994
f 4237//7995 4236//7995 4238//7995
f 4237//7996 4238//7996 4239//7996
f 3631//7997 3632//7997 4238//7997
f 3631//7998 4238//7998 4236//7998
f 4231//7999 4237//7999 4239//7999
f 4231//8000 4239//8000 4232//8000
f 4239//8001 4238//8001 4240//8001
f 4239//8002 4240//8002 4241//8002
f 3632//8003 3633//8003 4240//8003
f 3632//8004 4240//8004 4238//8004
f 4232//8005 4239//8005 4241//8005
f 4232//8006 4241//8006 4235//8006
f 2578//8007 3636//8007 3637//8007
f 2578//8008 3637//8008 2583//8008
f 2583//8009 3637//8009 3638//8009
f 2583//8010 3638//8010 2586//8010
f 2586//8011 3638//8011 4061//8011
f 2586//8012 4061//8012 4060//8012
f 4022//8013 4021//8013 3640//8013
f 4022//8014 3640//8014 3513//8014
f 2590//8015 3639//8015 4021//8015
f 2590//8016 4021//8016 4022//8016
f 4060//8017 4061//8017 3639//8017
f 4060//8018 3639//8018 2590//8018
f 4323//8019 3946//8019 4243//8019
f 4323//8020 4243//8020 4324//8020
f 4245//8021 3634//8021 3898//8021
f 4245//8022 3898//8022 4244//8022
f 4244//8023 3898//8023 3635//8023
f 4244//8024 3635//8024 4242//8024
f 4243//8025 3946//8025 3636//8025
f 4243//8026 3636//8026 2578//8026
f 2014//8027 934//8027 3600//8027
f 2014//8028 3600//8028 4212//8028
f 2252//8029 4212//8029 3600//8029
f 2252//8030 3600//8030 2362//8030
f 2252//8031 2362//8031 2361//8031
f 2252//8032 2361//8032 2660//8032
f 4245//8033 4240//8033 3633//8033
f 4245//8034 3633//8034 3634//8034
f 4235//8035 4252//8035 4246//8035
f 4235//8036 4246//8036 3647//8036
f 4253//8037 4241//8037 4240//8037
f 4253//8038 4240//8038 4245//8038
f 3617//8039 3647//8039 4246//8039
f 3617//8040 4246//8040 4247//8040
f 1399//8041 3614//8041 4248//8041
f 1399//8042 4248//8042 2053//8042
f 3614//8043 3615//8043 4249//8043
f 3614//8044 4249//8044 4248//8044
f 3615//8045 3826//8045 4250//8045
f 3615//8046 4250//8046 4249//8046
f 4251//8047 3616//8047 3617//8047
f 4251//8048 3617//8048 4247//8048
f 3826//8049 3616//8049 4251//8049
f 3826//8050 4251//8050 4250//8050
f 4235//8051 4241//8051 4253//8051
f 4235//8052 4253//8052 4252//8052
f 4248//8053 4254//8053 2059//8053
f 4248//8054 2059//8054 2053//8054
f 4254//8055 4248//8055 4249//8055
f 4254//8056 4249//8056 4255//8056
f 4255//8057 4249//8057 4250//8057
f 4255//8058 4250//8058 4256//8058
f 4256//8059 4250//8059 4251//8059
f 4256//8060 4251//8060 4257//8060
f 4257//8061 4251//8061 4247//8061
f 4257//8062 4247//8062 4258//8062
f 4246//8063 4259//8063 4258//8063
f 4246//8064 4258//8064 4247//8064
f 4252//8065 4260//8065 4259//8065
f 4252//8066 4259//8066 4246//8066
f 4260//8067 4252//8067 4253//8067
f 4260//8068 4253//8068 4261//8068
f 4254//8069 3613//8069 973//8069
f 4254//8070 973//8070 2059//8070
f 3613//8071 4254//8071 4255//8071
f 3613//8072 4255//8072 2680//8072
f 2680//8073 4255//8073 4256//8073
f 2680//8074 4256//8074 3473//8074
f 3473//8075 4256//8075 4257//8075
f 3473//8076 4257//8076 3474//8076
f 3474//8077 4257//8077 4258//8077
f 3474//8078 4258//8078 3646//8078
f 4259//8079 2677//8079 3646//8079
f 4259//8080 3646//8080 4258//8080
f 4260//8081 4222//8081 2677//8081
f 4260//8082 2677//8082 4259//8082
f 4222//8083 4260//8083 4261//8083
f 4222//8084 4261//8084 3532//8084
f 4261//8085 4253//8085 4245//8085
f 4261//8086 4245//8086 4244//8086
f 3897//8087 4325//8087 4324//8087
f 3897//8088 4324//8088 4243//8088
f 3532//8089 4261//8089 4244//8089
f 3532//8090 4244//8090 4242//8090
f 3130//8091 3133//8091 3134//8091
f 3130//8092 3134//8092 3129//8092
f 3138//8093 4262//8093 3133//8093
f 3138//8094 3133//8094 3136//8094
f 3133//8095 4262//8095 4263//8095
f 3133//8096 4263//8096 3134//8096
f 4263//8097 2763//8097 3135//8097
f 4263//8098 3135//8098 3134//8098
f 4262//8099 3142//8099 3141//8099
f 4262//8100 3141//8100 4263//8100
f 4263//8101 3141//8101 2348//8101
f 4263//8102 2348//8102 2763//8102
f 4262//8103 3138//8103 3139//8103
f 4262//8104 3139//8104 3142//8104
f 3140//8105 3168//8105 3142//8105
f 3140//8106 3142//8106 3139//8106
f 3131//8107 3169//8107 3168//8107
f 3131//8108 3168//8108 3140//8108
f 3169//8109 3131//8109 3132//8109
f 3169//8110 3132//8110 3547//8110
f 3547//8111 3132//8111 3143//8111
f 3547//8112 3143//8112 3538//8112
f 4265//8113 2594//8113 2595//8113
f 4265//8114 2595//8114 4264//8114
f 4266//8115 2356//8115 2594//8115
f 4266//8116 2594//8116 4265//8116
f 4267//8117 3855//8117 2356//8117
f 4267//8118 2356//8118 4266//8118
f 2354//8119 3855//8119 4267//8119
f 2354//8120 4267//8120 4268//8120
f 4269//8121 3395//8121 4380//8121
f 4269//8122 4380//8122 4379//8122
f 4270//8123 3365//8123 3395//8123
f 4270//8124 3395//8124 4269//8124
f 2350//8125 3365//8125 4270//8125
f 2350//8126 4270//8126 4271//8126
f 3521//8127 3190//8127 4272//8127
f 3521//8128 4272//8128 3522//8128
f 2251//8129 3525//8129 4273//8129
f 2251//8130 4273//8130 4274//8130
f 4275//8131 3174//8131 2251//8131
f 4275//8132 2251//8132 4274//8132
f 4277//8133 4265//8133 4264//8133
f 4277//8134 4264//8134 4276//8134
f 4279//8135 4267//8135 4266//8135
f 4279//8136 4266//8136 4278//8136
f 4281//8137 4269//8137 4379//8137
f 4281//8138 4379//8138 4378//8138
f 4270//8139 4269//8139 4281//8139
f 4270//8140 4281//8140 4282//8140
f 4283//8141 4271//8141 4270//8141
f 4283//8142 4270//8142 4282//8142
f 3522//8143 4272//8143 4284//8143
f 3522//8144 4284//8144 4285//8144
f 3535//8145 3538//8145 3143//8145
f 3535//8146 3143//8146 3539//8146
f 4275//8147 3535//8147 3539//8147
f 4275//8148 3539//8148 3173//8148
f 3172//8149 3174//8149 4275//8149
f 3172//8150 4275//8150 3173//8150
f 3603//8151 3174//8151 3172//8151
f 3603//8152 3172//8152 3602//8152
f 978//8153 979//8153 3603//8153
f 978//8154 3603//8154 3602//8154
f 3427//8155 4286//8155 3430//8155
f 3427//8156 3430//8156 3426//8156
f 3870//8157 3869//8157 3430//8157
f 3870//8158 3430//8158 4286//8158
f 3870//8159 4288//8159 4287//8159
f 3870//8160 4287//8160 3869//8160
f 3870//8161 2662//8161 3871//8161
f 3870//8162 3871//8162 4288//8162
f 4288//8163 4290//8163 4289//8163
f 4288//8164 4289//8164 4287//8164
f 4288//8165 3871//8165 2661//8165
f 4288//8166 2661//8166 4290//8166
f 4290//8167 3980//8167 3979//8167
f 4290//8168 3979//8168 4289//8168
f 2661//8169 3981//8169 3980//8169
f 2661//8170 3980//8170 4290//8170
f 3269//8171 4291//8171 4292//8171
f 3269//8172 4292//8172 3413//8172
f 2473//8173 3413//8173 4292//8173
f 2473//8174 4292//8174 4293//8174
f 4294//8175 3106//8175 2473//8175
f 4294//8176 2473//8176 4293//8176
f 3094//8177 3106//8177 4294//8177
f 3094//8178 4294//8178 4295//8178
f 2472//8179 3094//8179 4295//8179
f 2472//8180 4295//8180 4296//8180
f 2472//8181 4296//8181 4297//8181
f 2472//8182 4297//8182 3847//8182
f 3847//8183 4297//8183 4298//8183
f 3847//8184 4298//8184 3402//8184
f 2489//8185 3402//8185 4298//8185
f 2489//8186 4298//8186 4299//8186
f 2489//8187 4299//8187 4300//8187
f 2489//8188 4300//8188 2488//8188
f 2488//8189 4300//8189 4301//8189
f 2488//8190 4301//8190 2498//8190
f 4302//8191 2957//8191 2498//8191
f 4302//8192 2498//8192 4301//8192
f 2957//8193 4302//8193 4303//8193
f 2957//8194 4303//8194 2497//8194
f 2972//8195 2497//8195 4303//8195
f 2972//8196 4303//8196 4304//8196
f 2972//8197 4304//8197 4305//8197
f 2972//8198 4305//8198 2508//8198
f 2508//8199 4305//8199 4306//8199
f 2508//8200 4306//8200 2520//8200
f 4307//8201 2526//8201 2520//8201
f 4307//8202 2520//8202 4306//8202
f 2526//8203 4307//8203 4308//8203
f 2526//8204 4308//8204 2536//8204
f 2535//8205 2536//8205 4308//8205
f 2535//8206 4308//8206 4309//8206
f 3218//8207 2535//8207 4309//8207
f 3218//8208 4309//8208 4310//8208
f 4153//8209 3218//8209 4310//8209
f 4153//8210 4310//8210 4311//8210
f 2549//8211 4153//8211 4311//8211
f 2549//8212 4311//8212 4312//8212
f 2550//8213 2549//8213 4312//8213
f 2550//8214 4312//8214 4313//8214
f 4314//8215 3227//8215 2550//8215
f 4314//8216 2550//8216 4313//8216
f 2733//8217 3227//8217 4314//8217
f 2733//8218 4314//8218 4315//8218
f 2733//8219 4315//8219 4316//8219
f 2733//8220 4316//8220 2558//8220
f 4182//8221 2558//8221 4316//8221
f 4182//8222 4316//8222 4317//8222
f 2721//8223 4182//8223 4317//8223
f 2721//8224 4317//8224 4318//8224
f 4319//8225 3249//8225 2721//8225
f 4319//8226 2721//8226 4318//8226
f 4112//8227 3249//8227 4319//8227
f 4112//8228 4319//8228 4320//8228
f 4321//8229 2569//8229 4112//8229
f 4321//8230 4112//8230 4320//8230
f 2569//8231 4321//8231 4322//8231
f 2569//8232 4322//8232 2570//8232
f 2570//8233 4322//8233 4323//8233
f 2570//8234 4323//8234 3635//8234
f 4242//8235 3635//8235 4323//8235
f 4242//8236 4323//8236 4324//8236
f 3532//8237 4242//8237 4324//8237
f 3532//8238 4324//8238 4325//8238
f 4222//8239 3532//8239 4325//8239
f 4222//8240 4325//8240 4326//8240
f 4327//8241 2677//8241 4222//8241
f 4327//8242 4222//8242 4326//8242
f 4328//8243 3646//8243 2677//8243
f 4328//8244 2677//8244 4327//8244
f 4329//8245 3474//8245 3646//8245
f 4329//8246 3646//8246 4328//8246
f 3473//8247 3474//8247 4329//8247
f 3473//8248 4329//8248 4330//8248
f 4331//8249 2680//8249 3473//8249
f 4331//8250 3473//8250 4330//8250
f 3613//8251 2680//8251 4331//8251
f 3613//8252 4331//8252 4332//8252
f 2139//8253 973//8253 3613//8253
f 2139//8254 3613//8254 4332//8254
f 3978//8255 4333//8255 4289//8255
f 3978//8256 4289//8256 3979//8256
f 3977//8257 4334//8257 4333//8257
f 3977//8258 4333//8258 3978//8258
f 3976//8259 4335//8259 4334//8259
f 3976//8260 4334//8260 3977//8260
f 3975//8261 4291//8261 4335//8261
f 3975//8262 4335//8262 3976//8262
f 4337//8263 3278//8263 3555//8263
f 4337//8264 3555//8264 4336//8264
f 4338//8265 3285//8265 3278//8265
f 4338//8266 3278//8266 4337//8266
f 4339//8267 3292//8267 3285//8267
f 4339//8268 3285//8268 4338//8268
f 4340//8269 3299//8269 3292//8269
f 4340//8270 3292//8270 4339//8270
f 3306//8271 3299//8271 4340//8271
f 3306//8272 4340//8272 4341//8272
f 4342//8273 3350//8273 3306//8273
f 4342//8274 3306//8274 4341//8274
f 4343//8275 3380//8275 3350//8275
f 4343//8276 3350//8276 4342//8276
f 4360//8277 3380//8277 4343//8277
f 4360//8278 4343//8278 4361//8278
f 4344//8279 4345//8279 3375//8279
f 4344//8280 3375//8280 3370//8280
f 4346//8281 3420//8281 3375//8281
f 4346//8282 3375//8282 4345//8282
f 4347//8283 3424//8283 3420//8283
f 4347//8284 3420//8284 4346//8284
f 4348//8285 3428//8285 3424//8285
f 4348//8286 3424//8286 4347//8286
f 4349//8287 3431//8287 3428//8287
f 4349//8288 3428//8288 4348//8288
f 3431//8289 4349//8289 4350//8289
f 3431//8290 4350//8290 3868//8290
f 3866//8291 3867//8291 4351//8291
f 3866//8292 4351//8292 3269//8292
f 4351//8293 4335//8293 4291//8293
f 4351//8294 4291//8294 3269//8294
f 3867//8295 3868//8295 4352//8295
f 3867//8296 4352//8296 4351//8296
f 4352//8297 4334//8297 4335//8297
f 4352//8298 4335//8298 4351//8298
f 4334//8299 4352//8299 4353//8299
f 4334//8300 4353//8300 4333//8300
f 4353//8301 4287//8301 4289//8301
f 4353//8302 4289//8302 4333//8302
f 4350//8303 4353//8303 4352//8303
f 4350//8304 4352//8304 3868//8304
f 3869//8305 4287//8305 4353//8305
f 3869//8306 4353//8306 4350//8306
f 3463//8307 4354//8307 3407//8307
f 3463//8308 3407//8308 3464//8308
f 4354//8309 4355//8309 3099//8309
f 4354//8310 3099//8310 3407//8310
f 4355//8311 3110//8311 3098//8311
f 4355//8312 3098//8312 3099//8312
f 4356//8313 2281//8313 3110//8313
f 4356//8314 3110//8314 4355//8314
f 3408//8315 3409//8315 2281//8315
f 3408//8316 2281//8316 4356//8316
f 3417//8317 4357//8317 4358//8317
f 3417//8318 4358//8318 3372//8318
f 3372//8319 4358//8319 4359//8319
f 3372//8320 4359//8320 3371//8320
f 3371//8321 4359//8321 4360//8321
f 3371//8322 4360//8322 3370//8322
f 3370//8323 4360//8323 4361//8323
f 3370//8324 4361//8324 4344//8324
f 4362//8325 3368//8325 4344//8325
f 4362//8326 4344//8326 4361//8326
f 3368//8327 4362//8327 4363//8327
f 3368//8328 4363//8328 3369//8328
f 4364//8329 3151//8329 3369//8329
f 4364//8330 3369//8330 4363//8330
f 4410//8331 3151//8331 4364//8331
f 4410//8332 4364//8332 4411//8332
f 2271//8333 4410//8333 4411//8333
f 2271//8334 4411//8334 4365//8334
f 4366//8335 2269//8335 2271//8335
f 4366//8336 2271//8336 4365//8336
f 2269//8337 4366//8337 4367//8337
f 2269//8338 4367//8338 2304//8338
f 2304//8339 4367//8339 4368//8339
f 2304//8340 4368//8340 2308//8340
f 2308//8341 4368//8341 4369//8341
f 2308//8342 4369//8342 2307//8342
f 4370//8343 2702//8343 2307//8343
f 4370//8344 2307//8344 4369//8344
f 4371//8345 2333//8345 2702//8345
f 4371//8346 2702//8346 4370//8346
f 2333//8347 4371//8347 4372//8347
f 2333//8348 4372//8348 2332//8348
f 4373//8349 2331//8349 2332//8349
f 4373//8350 2332//8350 4372//8350
f 2334//8351 2331//8351 4373//8351
f 2334//8352 4373//8352 4374//8352
f 2334//8353 4374//8353 4375//8353
f 2334//8354 4375//8354 2337//8354
f 2337//8355 4375//8355 4376//8355
f 2337//8356 4376//8356 2358//8356
f 2358//8357 4376//8357 4377//8357
f 2358//8358 4377//8358 2352//8358
f 4280//8359 2352//8359 4377//8359
f 4280//8360 4377//8360 4378//8360
f 4379//8361 4268//8361 4280//8361
f 4379//8362 4280//8362 4378//8362
f 4380//8363 2354//8363 4268//8363
f 4380//8364 4268//8364 4379//8364
f 2354//8365 4380//8365 4536//8365
f 2354//8366 4536//8366 4537//8366
f 2353//8367 4381//8367 4382//8367
f 2353//8368 4382//8368 2357//8368
f 2190//8369 5//8369 2357//8369
f 2190//8370 2357//8370 4382//8370
f 4357//8371 3329//8371 3326//8371
f 4357//8372 3326//8372 3377//8372
f 3408//8373 4356//8373 3462//8373
f 3408//8374 3462//8374 3417//8374
f 3329//8375 4357//8375 4383//8375
f 3329//8376 4383//8376 3332//8376
f 4357//8377 3417//8377 3462//8377
f 4357//8378 3462//8378 4383//8378
f 3118//8379 970//8379 2192//8379
f 3118//8380 2192//8380 4384//8380
f 4385//8381 2545//8381 3118//8381
f 4385//8382 3118//8382 4384//8382
f 4386//8383 3710//8383 2545//8383
f 4386//8384 2545//8384 4385//8384
f 3660//8385 3710//8385 4386//8385
f 3660//8386 4386//8386 4387//8386
f 4388//8387 3659//8387 3660//8387
f 4388//8388 3660//8388 4387//8388
f 4389//8389 2572//8389 3659//8389
f 4389//8390 3659//8390 4388//8390
f 2572//8391 4389//8391 4390//8391
f 2572//8392 4390//8392 3051//8392
f 4391//8393 3046//8393 3051//8393
f 4391//8394 3051//8394 4390//8394
f 4392//8395 2492//8395 3046//8395
f 4392//8396 3046//8396 4391//8396
f 4393//8397 2502//8397 2492//8397
f 4393//8398 2492//8398 4392//8398
f 4394//8399 2521//8399 2502//8399
f 4394//8400 2502//8400 4393//8400
f 4395//8401 3010//8401 2521//8401
f 4395//8402 2521//8402 4394//8402
f 2459//8403 3015//8403 3010//8403
f 2459//8404 3010//8404 4395//8404
f 4421//8405 2763//8405 2348//8405
f 4421//8406 2348//8406 4420//8406
f 2763//8407 4421//8407 4422//8407
f 2763//8408 4422//8408 3135//8408
f 3135//8409 4422//8409 4423//8409
f 3135//8410 4423//8410 3128//8410
f 2839//8411 3128//8411 4423//8411
f 2839//8412 4423//8412 4424//8412
f 4425//8413 2862//8413 2839//8413
f 4425//8414 2839//8414 4424//8414
f 3743//8415 2862//8415 4425//8415
f 3743//8416 4425//8416 4426//8416
f 4427//8417 2863//8417 3743//8417
f 4427//8418 3743//8418 4426//8418
f 4428//8419 2864//8419 2863//8419
f 4428//8420 2863//8420 4427//8420
f 4429//8421 2917//8421 2864//8421
f 4429//8422 2864//8422 4428//8422
f 4430//8423 2916//8423 2917//8423
f 4430//8424 2917//8424 4429//8424
f 3590//8425 2916//8425 4430//8425
f 3590//8426 4430//8426 4431//8426
f 3799//8427 3590//8427 4431//8427
f 3799//8428 4431//8428 4432//8428
f 3781//8429 3799//8429 4432//8429
f 3781//8430 4432//8430 4433//8430
f 4435//8431 3722//8431 3762//8431
f 4435//8432 3762//8432 4434//8432
f 4436//8433 2812//8433 3722//8433
f 4436//8434 3722//8434 4435//8434
f 4437//8435 2809//8435 2812//8435
f 4437//8436 2812//8436 4436//8436
f 4438//8437 2953//8437 2809//8437
f 4438//8438 2809//8438 4437//8438
f 4439//8439 3346//8439 2953//8439
f 4439//8440 2953//8440 4438//8440
f 4440//8441 3345//8441 3346//8441
f 4440//8442 3346//8442 4439//8442
f 3345//8443 4440//8443 4441//8443
f 3345//8444 4441//8444 3343//8444
f 4441//8445 3840//8445 3342//8445
f 4441//8446 3342//8446 3343//8446
f 3839//8447 3465//8447 3840//8447
f 3839//8448 3840//8448 4441//8448
f 3338//8449 3464//8449 3465//8449
f 3338//8450 3465//8450 3839//8450
f 3335//8451 3463//8451 3464//8451
f 3335//8452 3464//8452 3338//8452
f 4356//8453 4355//8453 4354//8453
f 4356//8454 4354//8454 3462//8454
f 3462//8455 4354//8455 3463//8455
f 3462//8456 3463//8456 4383//8456
f 3463//8457 3335//8457 3332//8457
f 3463//8458 3332//8458 4383//8458
f 3624//8459 2712//8459 2450//8459
f 3624//8460 2450//8460 3622//8460
f 3622//8461 2450//8461 3013//8461
f 3622//8462 3013//8462 3621//8462
f 3621//8463 3013//8463 3014//8463
f 3621//8464 3014//8464 3623//8464
f 3623//8465 3014//8465 3015//8465
f 3623//8466 3015//8466 3004//8466
f 3004//8467 3015//8467 2459//8467
f 3004//8468 2459//8468 3003//8468
f 107//8469 2229//8469 4442//8469
f 107//8470 4442//8470 1326//8470
f 4420//8471 2348//8471 3543//8471
f 4420//8472 3543//8472 4443//8472
f 2229//8473 108//8473 4444//8473
f 2229//8474 4444//8474 4442//8474
f 2349//8475 4420//8475 4443//8475
f 2349//8476 4443//8476 4445//8476
f 108//8477 912//8477 4446//8477
f 108//8478 4446//8478 4444//8478
f 3153//8479 2349//8479 4445//8479
f 3153//8480 4445//8480 4447//8480
f 912//8481 1057//8481 4448//8481
f 912//8482 4448//8482 4446//8482
f 3277//8483 3153//8483 4447//8483
f 3277//8484 4447//8484 4449//8484
f 4448//8485 1057//8485 1337//8485
f 4448//8486 1337//8486 1338//8486
f 3277//8487 4449//8487 3555//8487
f 3277//8488 3555//8488 3554//8488
f 1327//8489 1326//8489 4442//8489
f 1327//8490 4442//8490 4450//8490
f 3543//8491 3544//8491 4451//8491
f 3543//8492 4451//8492 4443//8492
f 4450//8493 4442//8493 4444//8493
f 4450//8494 4444//8494 4452//8494
f 4443//8495 4451//8495 4453//8495
f 4443//8496 4453//8496 4445//8496
f 4452//8497 4444//8497 4446//8497
f 4452//8498 4446//8498 4454//8498
f 4445//8499 4453//8499 4455//8499
f 4445//8500 4455//8500 4447//8500
f 4454//8501 4446//8501 4448//8501
f 4454//8502 4448//8502 4456//8502
f 4447//8503 4455//8503 4457//8503
f 4447//8504 4457//8504 4449//8504
f 4456//8505 4448//8505 1338//8505
f 4456//8506 1338//8506 2143//8506
f 4449//8507 4457//8507 4336//8507
f 4449//8508 4336//8508 3555//8508
f 1340//8509 1341//8509 4460//8509
f 1340//8510 4460//8510 4459//8510
f 2143//8511 1339//8511 4461//8511
f 2143//8512 4461//8512 4456//8512
f 1339//8513 1340//8513 4459//8513
f 1339//8514 4459//8514 4461//8514
f 1341//8515 2228//8515 4462//8515
f 1341//8516 4462//8516 4460//8516
f 4462//8517 2228//8517 1342//8517
f 4462//8518 1342//8518 4458//8518
f 4463//8519 3559//8519 4419//8519
f 4463//8520 4419//8520 4467//8520
f 3558//8521 3557//8521 4465//8521
f 3558//8522 4465//8522 4464//8522
f 3556//8523 4336//8523 4457//8523
f 3556//8524 4457//8524 4466//8524
f 3557//8525 3556//8525 4466//8525
f 3557//8526 4466//8526 4465//8526
f 4419//8527 3558//8527 4464//8527
f 4419//8528 4464//8528 4467//8528
f 4459//8529 4460//8529 4469//8529
f 4459//8530 4469//8530 4468//8530
f 4464//8531 4465//8531 4471//8531
f 4464//8532 4471//8532 4470//8532
f 4456//8533 4461//8533 4472//8533
f 4456//8534 4472//8534 4454//8534
f 4461//8535 4459//8535 4468//8535
f 4461//8536 4468//8536 4472//8536
f 4466//8537 4457//8537 4455//8537
f 4466//8538 4455//8538 4473//8538
f 4465//8539 4466//8539 4473//8539
f 4465//8540 4473//8540 4471//8540
f 4468//8541 4469//8541 4475//8541
f 4468//8542 4475//8542 4474//8542
f 4470//8543 4471//8543 4477//8543
f 4470//8544 4477//8544 4476//8544
f 4454//8545 4472//8545 4478//8545
f 4454//8546 4478//8546 4452//8546
f 4472//8547 4468//8547 4474//8547
f 4472//8548 4474//8548 4478//8548
f 4473//8549 4455//8549 4453//8549
f 4473//8550 4453//8550 4479//8550
f 4471//8551 4473//8551 4479//8551
f 4471//8552 4479//8552 4477//8552
f 4474//8553 4475//8553 4481//8553
f 4474//8554 4481//8554 4480//8554
f 4476//8555 4477//8555 4483//8555
f 4476//8556 4483//8556 4482//8556
f 4452//8557 4478//8557 4484//8557
f 4452//8558 4484//8558 4450//8558
f 4478//8559 4474//8559 4480//8559
f 4478//8560 4480//8560 4484//8560
f 4479//8561 4453//8561 4451//8561
f 4479//8562 4451//8562 4485//8562
f 4477//8563 4479//8563 4485//8563
f 4477//8564 4485//8564 4483//8564
f 4480//8565 4481//8565 1316//8565
f 4480//8566 1316//8566 1319//8566
f 4482//8567 4483//8567 3536//8567
f 4482//8568 3536//8568 3533//8568
f 4450//8569 4484//8569 1328//8569
f 4450//8570 1328//8570 1327//8570
f 4484//8571 4480//8571 1319//8571
f 4484//8572 1319//8572 1328//8572
f 4485//8573 4451//8573 3544//8573
f 4485//8574 3544//8574 3545//8574
f 4483//8575 4485//8575 3545//8575
f 4483//8576 3545//8576 3536//8576
f 4460//8577 4462//8577 4486//8577
f 4460//8578 4486//8578 4469//8578
f 4467//8579 4464//8579 4470//8579
f 4467//8580 4470//8580 4487//8580
f 4469//8581 4486//8581 4488//8581
f 4469//8582 4488//8582 4475//8582
f 4487//8583 4470//8583 4476//8583
f 4487//8584 4476//8584 4489//8584
f 4475//8585 4488//8585 4490//8585
f 4475//8586 4490//8586 4481//8586
f 4489//8587 4476//8587 4482//8587
f 4489//8588 4482//8588 4491//8588
f 4481//8589 4490//8589 1309//8589
f 4481//8590 1309//8590 1316//8590
f 4491//8591 4482//8591 3533//8591
f 4491//8592 3533//8592 3526//8592
f 4486//8593 4462//8593 4458//8593
f 4486//8594 4458//8594 4492//8594
f 4493//8595 4463//8595 4467//8595
f 4493//8596 4467//8596 4487//8596
f 4493//8597 4487//8597 4489//8597
f 4493//8598 4489//8598 4494//8598
f 4486//8599 4492//8599 4495//8599
f 4486//8600 4495//8600 4488//8600
f 4497//8601 1309//8601 4490//8601
f 4497//8602 4490//8602 4498//8602
f 3526//8603 4496//8603 4499//8603
f 3526//8604 4499//8604 4491//8604
f 4498//8605 4490//8605 4488//8605
f 4498//8606 4488//8606 4495//8606
f 4491//8607 4499//8607 4494//8607
f 4491//8608 4494//8608 4489//8608
f 1304//8609 1303//8609 4503//8609
f 1304//8610 4503//8610 4504//8610
f 3521//8611 3522//8611 4501//8611
f 3521//8612 4501//8612 4502//8612
f 2091//8613 1304//8613 4504//8613
f 2091//8614 4504//8614 4505//8614
f 3522//8615 4285//8615 4500//8615
f 3522//8616 4500//8616 4501//8616
f 4501//8617 4500//8617 4494//8617
f 4501//8618 4494//8618 4499//8618
f 4502//8619 4501//8619 4499//8619
f 4502//8620 4499//8620 4496//8620
f 4504//8621 4503//8621 4497//8621
f 4504//8622 4497//8622 4498//8622
f 4505//8623 4504//8623 4498//8623
f 4505//8624 4498//8624 4495//8624
f 4285//8625 3563//8625 4506//8625
f 4285//8626 4506//8626 4500//8626
f 1346//8627 2091//8627 4505//8627
f 1346//8628 4505//8628 4507//8628
f 1345//8629 1346//8629 4507//8629
f 1345//8630 4507//8630 4508//8630
f 3563//8631 3562//8631 4509//8631
f 3563//8632 4509//8632 4506//8632
f 1344//8633 1345//8633 4508//8633
f 1344//8634 4508//8634 1343//8634
f 3562//8635 3561//8635 3560//8635
f 3562//8636 3560//8636 4509//8636
f 4508//8637 4507//8637 4492//8637
f 4508//8638 4492//8638 4458//8638
f 4506//8639 4509//8639 4463//8639
f 4506//8640 4463//8640 4493//8640
f 4500//8641 4506//8641 4493//8641
f 4500//8642 4493//8642 4494//8642
f 4507//8643 4505//8643 4495//8643
f 4507//8644 4495//8644 4492//8644
f 1343//8645 4508//8645 4458//8645
f 1343//8646 4458//8646 1342//8646
f 4509//8647 3560//8647 3559//8647
f 4509//8648 3559//8648 4463//8648
f 4522//8649 4523//8649 4512//8649
f 4522//8650 4512//8650 4513//8650
f 4523//8651 4524//8651 4511//8651
f 4523//8652 4511//8652 4512//8652
f 4521//8653 4522//8653 4513//8653
f 4521//8654 4513//8654 4514//8654
f 4524//8655 4525//8655 4510//8655
f 4524//8656 4510//8656 4511//8656
f 4511//8657 4510//8657 3525//8657
f 4511//8658 3525//8658 3605//8658
f 4512//8659 4511//8659 3605//8659
f 4512//8660 3605//8660 1308//8660
f 4513//8661 4512//8661 1308//8661
f 4513//8662 1308//8662 1390//8662
f 4514//8663 4513//8663 1390//8663
f 4514//8664 1390//8664 1307//8664
f 1307//8665 2079//8665 4515//8665
f 1307//8666 4515//8666 4514//8666
f 4273//8667 3525//8667 4510//8667
f 4273//8668 4510//8668 4516//8668
f 4515//8669 2079//8669 1316//8669
f 4515//8670 1316//8670 1309//8670
f 3526//8671 3533//8671 4273//8671
f 3526//8672 4273//8672 4516//8672
f 3526//8673 4516//8673 4520//8673
f 3526//8674 4520//8674 4496//8674
f 4515//8675 1309//8675 4497//8675
f 4515//8676 4497//8676 4519//8676
f 4526//8677 4527//8677 4522//8677
f 4526//8678 4522//8678 4521//8678
f 4527//8679 4528//8679 4523//8679
f 4527//8680 4523//8680 4522//8680
f 4528//8681 4529//8681 4524//8681
f 4528//8682 4524//8682 4523//8682
f 4529//8683 4530//8683 4525//8683
f 4529//8684 4525//8684 4524//8684
f 1347//8685 1348//8685 4527//8685
f 1347//8686 4527//8686 4526//8686
f 1348//8687 1349//8687 4528//8687
f 1348//8688 4528//8688 4527//8688
f 1349//8689 3565//8689 4529//8689
f 1349//8690 4529//8690 4528//8690
f 3565//8691 3564//8691 4530//8691
f 3565//8692 4530//8692 4529//8692
f 4526//8693 4521//8693 4519//8693
f 4526//8694 4519//8694 4517//8694
f 4525//8695 4530//8695 4518//8695
f 4525//8696 4518//8696 4520//8696
f 4521//8697 4514//8697 4515//8697
f 4521//8698 4515//8698 4519//8698
f 4510//8699 4525//8699 4520//8699
f 4510//8700 4520//8700 4516//8700
f 3564//8701 3192//8701 4532//8701
f 3564//8702 4532//8702 4531//8702
f 2351//8703 3366//8703 4534//8703
f 2351//8704 4534//8704 4533//8704
f 3366//8705 3396//8705 4535//8705
f 3366//8706 4535//8706 4534//8706
f 4536//8707 4535//8707 3396//8707
f 4536//8708 3396//8708 4381//8708
f 4537//8709 4536//8709 4381//8709
f 4537//8710 4381//8710 2353//8710
f 2353//8711 3854//8711 4538//8711
f 2353//8712 4538//8712 4537//8712
f 3854//8713 2355//8713 4539//8713
f 3854//8714 4539//8714 4538//8714
f 2355//8715 2593//8715 4540//8715
f 2355//8716 4540//8716 4539//8716
f 2592//8717 4541//8717 4540//8717
f 2592//8718 4540//8718 2593//8718
f 2592//8719 2//8719 4542//8719
f 2592//8720 4542//8720 4541//8720
f 351//8721 4543//8721 4542//8721
f 351//8722 4542//8722 2//8722
f 351//8723 352//8723 4544//8723
f 351//8724 4544//8724 4543//8724
f 114//8725 4545//8725 4544//8725
f 114//8726 4544//8726 352//8726
f 1647//8727 4546//8727 4545//8727
f 1647//8728 4545//8728 114//8728
f 112//8729 4547//8729 4546//8729
f 112//8730 4546//8730 1647//8730
f 4548//8731 4547//8731 112//8731
f 4548//8732 112//8732 2188//8732
f 4549//8733 4548//8733 2188//8733
f 4549//8734 2188//8734 1177//8734
f 1146//8735 4550//8735 4549//8735
f 1146//8736 4549//8736 1177//8736
f 110//8737 4551//8737 4550//8737
f 110//8738 4550//8738 1146//8738
f 1347//8739 4553//8739 4552//8739
f 1347//8740 4552//8740 952//8740
f 4526//8741 4517//8741 4553//8741
f 4526//8742 4553//8742 1347//8742
f 4518//8743 4530//8743 3564//8743
f 4518//8744 3564//8744 4531//8744
f 1303//8745 4553//8745 4517//8745
f 1303//8746 4517//8746 4503//8746
f 4531//8747 3521//8747 4502//8747
f 4531//8748 4502//8748 4518//8748
f 4503//8749 4517//8749 4519//8749
f 4503//8750 4519//8750 4497//8750
f 4518//8751 4502//8751 4496//8751
f 4518//8752 4496//8752 4520//8752
f 4872//8753 1268//8753 69//8753
f 4872//8754 69//8754 4560//8754
f 64//8755 65//8755 4567//8755
f 64//8756 4567//8756 4566//8756
f 5013//8757 5014//8757 4783//8757
f 5013//8758 4783//8758 4784//8758
f 4975//8759 4976//8759 5013//8759
f 4975//8760 5013//8760 5012//8760
f 5012//8761 5013//8761 4784//8761
f 5012//8762 4784//8762 4808//8762
f 5015//8763 5016//8763 4785//8763
f 5015//8764 4785//8764 4782//8764
f 4584//8765 4581//8765 4582//8765
f 4584//8766 4582//8766 4583//8766
f 4585//8767 4584//8767 4583//8767
f 4585//8768 4583//8768 4562//8768
f 4785//8769 5016//8769 5017//8769
f 4785//8770 5017//8770 4786//8770
f 5504//8771 5505//8771 4731//8771
f 5504//8772 4731//8772 4590//8772
f 4842//8773 4729//8773 4589//8773
f 4842//8774 4589//8774 4554//8774
f 5503//8775 5504//8775 4590//8775
f 5503//8776 4590//8776 4775//8776
f 4594//8777 4593//8777 4558//8777
f 4594//8778 4558//8778 4555//8778
f 5501//8779 5502//8779 4578//8779
f 5501//8780 4578//8780 4596//8780
f 4589//8781 4777//8781 4778//8781
f 4589//8782 4778//8782 4554//8782
f 72//8783 2089//8783 4988//8783
f 72//8784 4988//8784 4612//8784
f 109//8785 4601//8785 4600//8785
f 109//8786 4600//8786 4599//8786
f 4917//8787 4918//8787 4603//8787
f 4917//8788 4603//8788 4602//8788
f 4605//8789 4604//8789 4599//8789
f 4605//8790 4599//8790 4600//8790
f 4916//8791 4917//8791 4602//8791
f 4916//8792 4602//8792 4606//8792
f 4918//8793 5497//8793 5498//8793
f 4918//8794 5498//8794 4603//8794
f 4603//8795 4610//8795 4609//8795
f 4603//8796 4609//8796 4602//8796
f 5498//8797 5499//8797 4610//8797
f 5498//8798 4610//8798 4603//8798
f 4551//8799 5496//8799 4601//8799
f 4551//8800 4601//8800 109//8800
f 4612//8801 4615//8801 4614//8801
f 4612//8802 4614//8802 4613//8802
f 4564//8803 4613//8803 4614//8803
f 4564//8804 4614//8804 4616//8804
f 4617//8805 4565//8805 4564//8805
f 4617//8806 4564//8806 4616//8806
f 4618//8807 4587//8807 4565//8807
f 4618//8808 4565//8808 4617//8808
f 4618//8809 4619//8809 4586//8809
f 4618//8810 4586//8810 4587//8810
f 4933//8811 4934//8811 4621//8811
f 4933//8812 4621//8812 4622//8812
f 4934//8813 4935//8813 4596//8813
f 4934//8814 4596//8814 4621//8814
f 4935//8815 5500//8815 5501//8815
f 4935//8816 5501//8816 4596//8816
f 4620//8817 4606//8817 4602//8817
f 4620//8818 4602//8818 4609//8818
f 4593//8819 4937//8819 4950//8819
f 4593//8820 4950//8820 4558//8820
f 4623//8821 4624//8821 4557//8821
f 4623//8822 4557//8822 4556//8822
f 4586//8823 4619//8823 4626//8823
f 4586//8824 4626//8824 4580//8824
f 4563//8825 4585//8825 4562//8825
f 4563//8826 4562//8826 4560//8826
f 4578//8827 4576//8827 4621//8827
f 4578//8828 4621//8828 4596//8828
f 4576//8829 4577//8829 4622//8829
f 4576//8830 4622//8830 4621//8830
f 4589//8831 4729//8831 4730//8831
f 4589//8832 4730//8832 4591//8832
f 4589//8833 4591//8833 4776//8833
f 4589//8834 4776//8834 4777//8834
f 4593//8835 4594//8835 4592//8835
f 4593//8836 4592//8836 4595//8836
f 4593//8837 4595//8837 4936//8837
f 4593//8838 4936//8838 4937//8838
f 4607//8839 4624//8839 4623//8839
f 4607//8840 4623//8840 4611//8840
f 4919//8841 4920//8841 4624//8841
f 4919//8842 4624//8842 4607//8842
f 130//8843 4627//8843 4608//8843
f 130//8844 4608//8844 110//8844
f 4627//8845 130//8845 6//8845
f 4627//8846 6//8846 4559//8846
f 4624//8847 4920//8847 4921//8847
f 4624//8848 4921//8848 4557//8848
f 4634//8849 460//8849 1265//8849
f 4634//8850 1265//8850 4857//8850
f 4567//8851 65//8851 460//8851
f 4567//8852 460//8852 4634//8852
f 5021//8853 5022//8853 4568//8853
f 5021//8854 4568//8854 4632//8854
f 4847//8855 5020//8855 5021//8855
f 4847//8856 5021//8856 4632//8856
f 4629//8857 4630//8857 4845//8857
f 4629//8858 4845//8858 4844//8858
f 4625//8859 4628//8859 4630//8859
f 4625//8860 4630//8860 4629//8860
f 4733//8861 4734//8861 4571//8861
f 4733//8862 4571//8862 4633//8862
f 4848//8863 4733//8863 4633//8863
f 4848//8864 4633//8864 4849//8864
f 5508//8865 5509//8865 4631//8865
f 5508//8866 4631//8866 4846//8866
f 5509//8867 5510//8867 4569//8867
f 5509//8868 4569//8868 4631//8868
f 68//8869 4561//8869 4857//8869
f 68//8870 4857//8870 1265//8870
f 5019//8871 5020//8871 4847//8871
f 5019//8872 4847//8872 4570//8872
f 4732//8873 4848//8873 4849//8873
f 4732//8874 4849//8874 4575//8874
f 4844//8875 4845//8875 4597//8875
f 4844//8876 4597//8876 4588//8876
f 5507//8877 5508//8877 4846//8877
f 5507//8878 4846//8878 4598//8878
f 4840//8879 4629//8879 4844//8879
f 4840//8880 4844//8880 4843//8880
f 4844//8881 4588//8881 4839//8881
f 4844//8882 4839//8882 4843//8882
f 4625//8883 4629//8883 4840//8883
f 4625//8884 4840//8884 4841//8884
f 4612//8885 4988//8885 4989//8885
f 4612//8886 4989//8886 4615//8886
f 4586//8887 4580//8887 4581//8887
f 4586//8888 4581//8888 4584//8888
f 4587//8889 4586//8889 4584//8889
f 4587//8890 4584//8890 4585//8890
f 4565//8891 4587//8891 4585//8891
f 4565//8892 4585//8892 4563//8892
f 4564//8893 4565//8893 4563//8893
f 4564//8894 4563//8894 70//8894
f 70//8895 4563//8895 4560//8895
f 70//8896 4560//8896 69//8896
f 4613//8897 4564//8897 70//8897
f 4613//8898 70//8898 71//8898
f 4612//8899 4613//8899 71//8899
f 4612//8900 71//8900 72//8900
f 4579//8901 4788//8901 4789//8901
f 4579//8902 4789//8902 4636//8902
f 4604//8903 4605//8903 4637//8903
f 4604//8904 4637//8904 4638//8904
f 4915//8905 4916//8905 4606//8905
f 4915//8906 4606//8906 4639//8906
f 4614//8907 4615//8907 4640//8907
f 4614//8908 4640//8908 4641//8908
f 4616//8909 4614//8909 4641//8909
f 4616//8910 4641//8910 4642//8910
f 4617//8911 4616//8911 4642//8911
f 4617//8912 4642//8912 4643//8912
f 4618//8913 4617//8913 4643//8913
f 4618//8914 4643//8914 4644//8914
f 4619//8915 4618//8915 4644//8915
f 4619//8916 4644//8916 4645//8916
f 4933//8917 4622//8917 4646//8917
f 4933//8918 4646//8918 4932//8918
f 4626//8919 4619//8919 4645//8919
f 4626//8920 4645//8920 4647//8920
f 4622//8921 4577//8921 4635//8921
f 4622//8922 4635//8922 4646//8922
f 4615//8923 4989//8923 4990//8923
f 4615//8924 4990//8924 4640//8924
f 4620//8925 4648//8925 4639//8925
f 4620//8926 4639//8926 4606//8926
f 5011//8927 5012//8927 4808//8927
f 5011//8928 4808//8928 4809//8928
f 4643//8929 4642//8929 4650//8929
f 4643//8930 4650//8930 4649//8930
f 4641//8931 4640//8931 4651//8931
f 4641//8932 4651//8932 4652//8932
f 4642//8933 4641//8933 4652//8933
f 4642//8934 4652//8934 4650//8934
f 5010//8935 5011//8935 4809//8935
f 5010//8936 4809//8936 4810//8936
f 4636//8937 4789//8937 4790//8937
f 4636//8938 4790//8938 4653//8938
f 4647//8939 4645//8939 4654//8939
f 4647//8940 4654//8940 4655//8940
f 4818//8941 4819//8941 4790//8941
f 4818//8942 4790//8942 4789//8942
f 4654//8943 4645//8943 4644//8943
f 4654//8944 4644//8944 4656//8944
f 4656//8945 4644//8945 4643//8945
f 4656//8946 4643//8946 4649//8946
f 4638//8947 4637//8947 4657//8947
f 4638//8948 4657//8948 4658//8948
f 4914//8949 4915//8949 4639//8949
f 4914//8950 4639//8950 4659//8950
f 4932//8951 4646//8951 4660//8951
f 4932//8952 4660//8952 4931//8952
f 4646//8953 4635//8953 4661//8953
f 4646//8954 4661//8954 4660//8954
f 4639//8955 4648//8955 4662//8955
f 4639//8956 4662//8956 4659//8956
f 4640//8957 4990//8957 4991//8957
f 4640//8958 4991//8958 4651//8958
f 4913//8959 4914//8959 4659//8959
f 4913//8960 4659//8960 4664//8960
f 4652//8961 4651//8961 4666//8961
f 4652//8962 4666//8962 4667//8962
f 4650//8963 4652//8963 4667//8963
f 4650//8964 4667//8964 4663//8964
f 4658//8965 4657//8965 4665//8965
f 4658//8966 4665//8966 4668//8966
f 4651//8967 4991//8967 4992//8967
f 4651//8968 4992//8968 4666//8968
f 5009//8969 5010//8969 4810//8969
f 5009//8970 4810//8970 4811//8970
f 4653//8971 4790//8971 4791//8971
f 4653//8972 4791//8972 4669//8972
f 4655//8973 4654//8973 4671//8973
f 4655//8974 4671//8974 4670//8974
f 4819//8975 4820//8975 4791//8975
f 4819//8976 4791//8976 4790//8976
f 4931//8977 4660//8977 4672//8977
f 4931//8978 4672//8978 4930//8978
f 4660//8979 4661//8979 4673//8979
f 4660//8980 4673//8980 4672//8980
f 4659//8981 4662//8981 4674//8981
f 4659//8982 4674//8982 4664//8982
f 5008//8983 5009//8983 4811//8983
f 5008//8984 4811//8984 4812//8984
f 4666//8985 4992//8985 4993//8985
f 4666//8986 4993//8986 4679//8986
f 4670//8987 4671//8987 4680//8987
f 4670//8988 4680//8988 4681//8988
f 4820//8989 4821//8989 4792//8989
f 4820//8990 4792//8990 4791//8990
f 4791//8991 4792//8991 4675//8991
f 4791//8992 4675//8992 4669//8992
f 4679//8993 4993//8993 4994//8993
f 4679//8994 4994//8994 4725//8994
f 4680//8995 4678//8995 4682//8995
f 4680//8996 4682//8996 4684//8996
f 4681//8997 4680//8997 4684//8997
f 4681//8998 4684//8998 4685//8998
f 4821//8999 4822//8999 4793//8999
f 4821//9000 4793//9000 4792//9000
f 4675//9001 4792//9001 4793//9001
f 4675//9002 4793//9002 4686//9002
f 5007//9003 5008//9003 4812//9003
f 5007//9004 4812//9004 4813//9004
f 5006//9005 5007//9005 4813//9005
f 5006//9006 4813//9006 4814//9006
f 4686//9007 4793//9007 4794//9007
f 4686//9008 4794//9008 4688//9008
f 4685//9009 4684//9009 4690//9009
f 4685//9010 4690//9010 4689//9010
f 4682//9011 4691//9011 4690//9011
f 4682//9012 4690//9012 4684//9012
f 4822//9013 4823//9013 4794//9013
f 4822//9014 4794//9014 4793//9014
f 4994//9015 4995//9015 4726//9015
f 4994//9016 4726//9016 4725//9016
f 4688//9017 4794//9017 4795//9017
f 4688//9018 4795//9018 4692//9018
f 4823//9019 4824//9019 4795//9019
f 4823//9020 4795//9020 4794//9020
f 5005//9021 5006//9021 4814//9021
f 5005//9022 4814//9022 4815//9022
f 4689//9023 4690//9023 4694//9023
f 4689//9024 4694//9024 4693//9024
f 4690//9025 4691//9025 4695//9025
f 4690//9026 4695//9026 4694//9026
f 4995//9027 4996//9027 4727//9027
f 4995//9028 4727//9028 4726//9028
f 4692//9029 4795//9029 4796//9029
f 4692//9030 4796//9030 4696//9030
f 4693//9031 4694//9031 4698//9031
f 4693//9032 4698//9032 4697//9032
f 4694//9033 4695//9033 4699//9033
f 4694//9034 4699//9034 4698//9034
f 4996//9035 4997//9035 4728//9035
f 4996//9036 4728//9036 4727//9036
f 5004//9037 5005//9037 4815//9037
f 5004//9038 4815//9038 4816//9038
f 4824//9039 4825//9039 4796//9039
f 4824//9040 4796//9040 4795//9040
f 4997//9041 4998//9041 4714//9041
f 4997//9042 4714//9042 4728//9042
f 4698//9043 4699//9043 4700//9043
f 4698//9044 4700//9044 4701//9044
f 4697//9045 4698//9045 4701//9045
f 4697//9046 4701//9046 4702//9046
f 4825//9047 4826//9047 4797//9047
f 4825//9048 4797//9048 4796//9048
f 4696//9049 4796//9049 4797//9049
f 4696//9050 4797//9050 4703//9050
f 5003//9051 5004//9051 4816//9051
f 5003//9052 4816//9052 4817//9052
f 4649//9053 4650//9053 4663//9053
f 4649//9054 4663//9054 4704//9054
f 4656//9055 4649//9055 4704//9055
f 4656//9056 4704//9056 4705//9056
f 4654//9057 4656//9057 4705//9057
f 4654//9058 4705//9058 4671//9058
f 4671//9059 4705//9059 4678//9059
f 4671//9060 4678//9060 4680//9060
f 4667//9061 4666//9061 4679//9061
f 4667//9062 4679//9062 4706//9062
f 4663//9063 4667//9063 4706//9063
f 4663//9064 4706//9064 4707//9064
f 4704//9065 4663//9065 4707//9065
f 4704//9066 4707//9066 4708//9066
f 4705//9067 4704//9067 4708//9067
f 4705//9068 4708//9068 4678//9068
f 4682//9069 4678//9069 4708//9069
f 4682//9070 4708//9070 4709//9070
f 4691//9071 4682//9071 4709//9071
f 4691//9072 4709//9072 4710//9072
f 4695//9073 4691//9073 4710//9073
f 4695//9074 4710//9074 4711//9074
f 4699//9075 4695//9075 4711//9075
f 4699//9076 4711//9076 4712//9076
f 4700//9077 4699//9077 4712//9077
f 4700//9078 4712//9078 4713//9078
f 4716//9079 4713//9079 4712//9079
f 4716//9080 4712//9080 4717//9080
f 4717//9081 4712//9081 4711//9081
f 4717//9082 4711//9082 4718//9082
f 4718//9083 4711//9083 4710//9083
f 4718//9084 4710//9084 4719//9084
f 4719//9085 4710//9085 4709//9085
f 4719//9086 4709//9086 4720//9086
f 4708//9087 4707//9087 4720//9087
f 4708//9088 4720//9088 4709//9088
f 4715//9089 4716//9089 4717//9089
f 4715//9090 4717//9090 4721//9090
f 4721//9091 4717//9091 4718//9091
f 4721//9092 4718//9092 4722//9092
f 4722//9093 4718//9093 4719//9093
f 4722//9094 4719//9094 4723//9094
f 4723//9095 4719//9095 4720//9095
f 4723//9096 4720//9096 4724//9096
f 4724//9097 4720//9097 4707//9097
f 4724//9098 4707//9098 4706//9098
f 4724//9099 4706//9099 4679//9099
f 4724//9100 4679//9100 4725//9100
f 4723//9101 4724//9101 4725//9101
f 4723//9102 4725//9102 4726//9102
f 4722//9103 4723//9103 4726//9103
f 4722//9104 4726//9104 4727//9104
f 4721//9105 4722//9105 4727//9105
f 4721//9106 4727//9106 4728//9106
f 4715//9107 4721//9107 4728//9107
f 4715//9108 4728//9108 4714//9108
f 4944//9109 954//9109 953//9109
f 4944//9110 953//9110 4574//9110
f 949//9111 4945//9111 5024//9111
f 949//9112 5024//9112 2090//9112
f 951//9113 4948//9113 4949//9113
f 951//9114 4949//9114 980//9114
f 4947//9115 4948//9115 951//9115
f 4947//9116 951//9116 952//9116
f 4946//9117 5512//9117 4552//9117
f 4946//9118 4552//9118 950//9118
f 4847//9119 4848//9119 4732//9119
f 4847//9120 4732//9120 4570//9120
f 4632//9121 4733//9121 4848//9121
f 4632//9122 4848//9122 4847//9122
f 4734//9123 4733//9123 4632//9123
f 4734//9124 4632//9124 4568//9124
f 4944//9125 4945//9125 949//9125
f 4944//9126 949//9126 954//9126
f 953//9127 957//9127 4573//9127
f 953//9128 4573//9128 4574//9128
f 957//9129 958//9129 4735//9129
f 957//9130 4735//9130 4573//9130
f 64//9131 4566//9131 4736//9131
f 64//9132 4736//9132 959//9132
f 4735//9133 958//9133 960//9133
f 4735//9134 960//9134 4737//9134
f 4737//9135 960//9135 959//9135
f 4737//9136 959//9136 4736//9136
f 4566//9137 4738//9137 4739//9137
f 4566//9138 4739//9138 4736//9138
f 4566//9139 4567//9139 4740//9139
f 4566//9140 4740//9140 4738//9140
f 4737//9141 4736//9141 4739//9141
f 4737//9142 4739//9142 4741//9142
f 4735//9143 4737//9143 4741//9143
f 4735//9144 4741//9144 4742//9144
f 4573//9145 4735//9145 4742//9145
f 4573//9146 4742//9146 4743//9146
f 4574//9147 4573//9147 4743//9147
f 4574//9148 4743//9148 4572//9148
f 4740//9149 4567//9149 4634//9149
f 4740//9150 4634//9150 4744//9150
f 4744//9151 4634//9151 4857//9151
f 4744//9152 4857//9152 4856//9152
f 4856//9153 4857//9153 4561//9153
f 4856//9154 4561//9154 4745//9154
f 4871//9155 4872//9155 4560//9155
f 4871//9156 4560//9156 4562//9156
f 4870//9157 4871//9157 4562//9157
f 4870//9158 4562//9158 4583//9158
f 4741//9159 4739//9159 4747//9159
f 4741//9160 4747//9160 4751//9160
f 4738//9161 4748//9161 4747//9161
f 4738//9162 4747//9162 4739//9162
f 4738//9163 4740//9163 4749//9163
f 4738//9164 4749//9164 4748//9164
f 4749//9165 4740//9165 4744//9165
f 4749//9166 4744//9166 4750//9166
f 4750//9167 4744//9167 4856//9167
f 4750//9168 4856//9168 4855//9168
f 4855//9169 4856//9169 4745//9169
f 4855//9170 4745//9170 4746//9170
f 4742//9171 4741//9171 4751//9171
f 4742//9172 4751//9172 4752//9172
f 4743//9173 4742//9173 4752//9173
f 4743//9174 4752//9174 4753//9174
f 4572//9175 4743//9175 4753//9175
f 4572//9176 4753//9176 4571//9176
f 4633//9177 4755//9177 4850//9177
f 4633//9178 4850//9178 4849//9178
f 4633//9179 4571//9179 4753//9179
f 4633//9180 4753//9180 4755//9180
f 4575//9181 4849//9181 4850//9181
f 4575//9182 4850//9182 4754//9182
f 4755//9183 4757//9183 4851//9183
f 4755//9184 4851//9184 4850//9184
f 4755//9185 4753//9185 4752//9185
f 4755//9186 4752//9186 4757//9186
f 4754//9187 4850//9187 4851//9187
f 4754//9188 4851//9188 4756//9188
f 4869//9189 4870//9189 4583//9189
f 4869//9190 4583//9190 4582//9190
f 4854//9191 4855//9191 4746//9191
f 4854//9192 4746//9192 4758//9192
f 4759//9193 4750//9193 4855//9193
f 4759//9194 4855//9194 4854//9194
f 4749//9195 4750//9195 4759//9195
f 4749//9196 4759//9196 4748//9196
f 4580//9197 4626//9197 4761//9197
f 4580//9198 4761//9198 4760//9198
f 4760//9199 4761//9199 4788//9199
f 4760//9200 4788//9200 4781//9200
f 4581//9201 4580//9201 4760//9201
f 4581//9202 4760//9202 4762//9202
f 4762//9203 4760//9203 4781//9203
f 4762//9204 4781//9204 4774//9204
f 4582//9205 4581//9205 4762//9205
f 4582//9206 4762//9206 4763//9206
f 4763//9207 4762//9207 4774//9207
f 4763//9208 4774//9208 4771//9208
f 4869//9209 4582//9209 4763//9209
f 4869//9210 4763//9210 4868//9210
f 4854//9211 4758//9211 4764//9211
f 4854//9212 4764//9212 4853//9212
f 4759//9213 4854//9213 4853//9213
f 4759//9214 4853//9214 4765//9214
f 4748//9215 4759//9215 4765//9215
f 4748//9216 4765//9216 4747//9216
f 4868//9217 4763//9217 4771//9217
f 4868//9218 4771//9218 4867//9218
f 4853//9219 4764//9219 4767//9219
f 4853//9220 4767//9220 4852//9220
f 4751//9221 4747//9221 4765//9221
f 4751//9222 4765//9222 4766//9222
f 4757//9223 4752//9223 4751//9223
f 4757//9224 4751//9224 4766//9224
f 4853//9225 4852//9225 4766//9225
f 4853//9226 4766//9226 4765//9226
f 4757//9227 4766//9227 4852//9227
f 4757//9228 4852//9228 4851//9228
f 4851//9229 4852//9229 4767//9229
f 4851//9230 4767//9230 4756//9230
f 4787//9231 4863//9231 4864//9231
f 4787//9232 4864//9232 4768//9232
f 4864//9233 4865//9233 4769//9233
f 4864//9234 4769//9234 4768//9234
f 4865//9235 4866//9235 4770//9235
f 4865//9236 4770//9236 4769//9236
f 4866//9237 4867//9237 4771//9237
f 4866//9238 4771//9238 4770//9238
f 4769//9239 4770//9239 4773//9239
f 4769//9240 4773//9240 4772//9240
f 4770//9241 4771//9241 4774//9241
f 4770//9242 4774//9242 4773//9242
f 5014//9243 5015//9243 4782//9243
f 5014//9244 4782//9244 4783//9244
f 5502//9245 5503//9245 4775//9245
f 5502//9246 4775//9246 4578//9246
f 4777//9247 4776//9247 4592//9247
f 4777//9248 4592//9248 4594//9248
f 4777//9249 4594//9249 4555//9249
f 4777//9250 4555//9250 4778//9250
f 4772//9251 4773//9251 4780//9251
f 4772//9252 4780//9252 4779//9252
f 4773//9253 4774//9253 4781//9253
f 4773//9254 4781//9254 4780//9254
f 4769//9255 4772//9255 4783//9255
f 4769//9256 4783//9256 4782//9256
f 4772//9257 4779//9257 4784//9257
f 4772//9258 4784//9258 4783//9258
f 4785//9259 4786//9259 4787//9259
f 4785//9260 4787//9260 4768//9260
f 4768//9261 4769//9261 4782//9261
f 4768//9262 4782//9262 4785//9262
f 4729//9263 4842//9263 4858//9263
f 4729//9264 4858//9264 4859//9264
f 4730//9265 4729//9265 4859//9265
f 4730//9266 4859//9266 4860//9266
f 4731//9267 5505//9267 5506//9267
f 4731//9268 5506//9268 4861//9268
f 5017//9269 4980//9269 4981//9269
f 5017//9270 4981//9270 5018//9270
f 4786//9271 5017//9271 5018//9271
f 4786//9272 5018//9272 4862//9272
f 4787//9273 4786//9273 4862//9273
f 4787//9274 4862//9274 4863//9274
f 4818//9275 4789//9275 4788//9275
f 4818//9276 4788//9276 4761//9276
f 4788//9277 4579//9277 4780//9277
f 4788//9278 4780//9278 4781//9278
f 4799//9279 4798//9279 4579//9279
f 4799//9280 4579//9280 4636//9280
f 4800//9281 4799//9281 4636//9281
f 4800//9282 4636//9282 4653//9282
f 4801//9283 4800//9283 4653//9283
f 4801//9284 4653//9284 4669//9284
f 4802//9285 4801//9285 4669//9285
f 4802//9286 4669//9286 4675//9286
f 4803//9287 4802//9287 4675//9287
f 4803//9288 4675//9288 4686//9288
f 4804//9289 4803//9289 4686//9289
f 4804//9290 4686//9290 4688//9290
f 4805//9291 4804//9291 4688//9291
f 4805//9292 4688//9292 4692//9292
f 4806//9293 4805//9293 4692//9293
f 4806//9294 4692//9294 4696//9294
f 4807//9295 4806//9295 4696//9295
f 4807//9296 4696//9296 4703//9296
f 4579//9297 4798//9297 4779//9297
f 4579//9298 4779//9298 4780//9298
f 4809//9299 4808//9299 4798//9299
f 4809//9300 4798//9300 4799//9300
f 4810//9301 4809//9301 4799//9301
f 4810//9302 4799//9302 4800//9302
f 4811//9303 4810//9303 4800//9303
f 4811//9304 4800//9304 4801//9304
f 4812//9305 4811//9305 4801//9305
f 4812//9306 4801//9306 4802//9306
f 4813//9307 4812//9307 4802//9307
f 4813//9308 4802//9308 4803//9308
f 4814//9309 4813//9309 4803//9309
f 4814//9310 4803//9310 4804//9310
f 4815//9311 4814//9311 4804//9311
f 4815//9312 4804//9312 4805//9312
f 4816//9313 4815//9313 4805//9313
f 4816//9314 4805//9314 4806//9314
f 4817//9315 4816//9315 4806//9315
f 4817//9316 4806//9316 4807//9316
f 4798//9317 4808//9317 4784//9317
f 4798//9318 4784//9318 4779//9318
f 4647//9319 4655//9319 4819//9319
f 4647//9320 4819//9320 4818//9320
f 4821//9321 4820//9321 4670//9321
f 4821//9322 4670//9322 4681//9322
f 4822//9323 4821//9323 4681//9323
f 4822//9324 4681//9324 4685//9324
f 4823//9325 4822//9325 4685//9325
f 4823//9326 4685//9326 4689//9326
f 4824//9327 4823//9327 4689//9327
f 4824//9328 4689//9328 4693//9328
f 4825//9329 4824//9329 4693//9329
f 4825//9330 4693//9330 4697//9330
f 4826//9331 4825//9331 4697//9331
f 4826//9332 4697//9332 4702//9332
f 4626//9333 4647//9333 4818//9333
f 4626//9334 4818//9334 4761//9334
f 4714//9335 4998//9335 4999//9335
f 4714//9336 4999//9336 4832//9336
f 4807//9337 4703//9337 4827//9337
f 4807//9338 4827//9338 4833//9338
f 4817//9339 4807//9339 4833//9339
f 4817//9340 4833//9340 4834//9340
f 5002//9341 5003//9341 4817//9341
f 5002//9342 4817//9342 4834//9342
f 4797//9343 4826//9343 4827//9343
f 4797//9344 4827//9344 4703//9344
f 4701//9345 4700//9345 4828//9345
f 4701//9346 4828//9346 4829//9346
f 4716//9347 4715//9347 4830//9347
f 4716//9348 4830//9348 4828//9348
f 4701//9349 4829//9349 4831//9349
f 4701//9350 4831//9350 4702//9350
f 4827//9351 4826//9351 4702//9351
f 4827//9352 4702//9352 4831//9352
f 4828//9353 4700//9353 4713//9353
f 4828//9354 4713//9354 4716//9354
f 4715//9355 4714//9355 4832//9355
f 4715//9356 4832//9356 4830//9356
f 4833//9357 4827//9357 4831//9357
f 4833//9358 4831//9358 4835//9358
f 4834//9359 4833//9359 4835//9359
f 4834//9360 4835//9360 4836//9360
f 5001//9361 5002//9361 4834//9361
f 5001//9362 4834//9362 4836//9362
f 4835//9363 4831//9363 4829//9363
f 4835//9364 4829//9364 4837//9364
f 4836//9365 4835//9365 4837//9365
f 4836//9366 4837//9366 4838//9366
f 4836//9367 4838//9367 5000//9367
f 4836//9368 5000//9368 5001//9368
f 4830//9369 4832//9369 4838//9369
f 4830//9370 4838//9370 4837//9370
f 4837//9371 4829//9371 4828//9371
f 4837//9372 4828//9372 4830//9372
f 4838//9373 4832//9373 4999//9373
f 4838//9374 4999//9374 5000//9374
f 4858//9375 4839//9375 4588//9375
f 4858//9376 4588//9376 4859//9376
f 4860//9377 4859//9377 4588//9377
f 4860//9378 4588//9378 4597//9378
f 4861//9379 5506//9379 5507//9379
f 4861//9380 5507//9380 4598//9380
f 5018//9381 4981//9381 4982//9381
f 5018//9382 4982//9382 5019//9382
f 4862//9383 5018//9383 5019//9383
f 4862//9384 5019//9384 4570//9384
f 4863//9385 4862//9385 4570//9385
f 4863//9386 4570//9386 4732//9386
f 4864//9387 4863//9387 4732//9387
f 4864//9388 4732//9388 4575//9388
f 4575//9389 4754//9389 4865//9389
f 4575//9390 4865//9390 4864//9390
f 4754//9391 4756//9391 4866//9391
f 4754//9392 4866//9392 4865//9392
f 4756//9393 4767//9393 4867//9393
f 4756//9394 4867//9394 4866//9394
f 4868//9395 4867//9395 4767//9395
f 4868//9396 4767//9396 4764//9396
f 4758//9397 4869//9397 4868//9397
f 4758//9398 4868//9398 4764//9398
f 4746//9399 4870//9399 4869//9399
f 4746//9400 4869//9400 4758//9400
f 4745//9401 4871//9401 4870//9401
f 4745//9402 4870//9402 4746//9402
f 4561//9403 4872//9403 4871//9403
f 4561//9404 4871//9404 4745//9404
f 4561//9405 68//9405 1268//9405
f 4561//9406 1268//9406 4872//9406
f 4929//9407 4930//9407 4672//9407
f 4929//9408 4672//9408 4879//9408
f 4664//9409 4674//9409 4873//9409
f 4664//9410 4873//9410 4874//9410
f 4912//9411 4913//9411 4664//9411
f 4912//9412 4664//9412 4874//9412
f 4665//9413 4875//9413 4677//9413
f 4665//9414 4677//9414 4668//9414
f 4874//9415 4873//9415 4876//9415
f 4874//9416 4876//9416 4877//9416
f 4911//9417 4912//9417 4874//9417
f 4911//9418 4874//9418 4877//9418
f 4677//9419 4875//9419 4878//9419
f 4677//9420 4878//9420 4683//9420
f 4672//9421 4673//9421 4676//9421
f 4672//9422 4676//9422 4879//9422
f 4879//9423 4676//9423 4687//9423
f 4879//9424 4687//9424 4880//9424
f 4880//9425 4687//9425 4881//9425
f 4880//9426 4881//9426 4882//9426
f 4882//9427 4881//9427 4883//9427
f 4882//9428 4883//9428 4884//9428
f 4928//9429 4929//9429 4879//9429
f 4928//9430 4879//9430 4880//9430
f 4927//9431 4928//9431 4880//9431
f 4927//9432 4880//9432 4882//9432
f 4877//9433 4876//9433 4885//9433
f 4877//9434 4885//9434 4887//9434
f 4910//9435 4911//9435 4877//9435
f 4910//9436 4877//9436 4887//9436
f 4683//9437 4878//9437 4888//9437
f 4683//9438 4888//9438 4886//9438
f 4927//9439 4882//9439 4884//9439
f 4927//9440 4884//9440 4926//9440
f 4887//9441 4885//9441 4889//9441
f 4887//9442 4889//9442 4891//9442
f 4909//9443 4910//9443 4887//9443
f 4909//9444 4887//9444 4891//9444
f 4886//9445 4888//9445 4892//9445
f 4886//9446 4892//9446 4890//9446
f 4884//9447 4883//9447 4893//9447
f 4884//9448 4893//9448 4894//9448
f 4926//9449 4884//9449 4894//9449
f 4926//9450 4894//9450 4925//9450
f 4891//9451 4889//9451 4895//9451
f 4891//9452 4895//9452 4896//9452
f 4908//9453 4909//9453 4891//9453
f 4908//9454 4891//9454 4896//9454
f 4890//9455 4892//9455 4897//9455
f 4890//9456 4897//9456 4898//9456
f 4894//9457 4893//9457 4899//9457
f 4894//9458 4899//9458 4900//9458
f 4898//9459 4897//9459 4902//9459
f 4898//9460 4902//9460 4901//9460
f 4907//9461 4908//9461 4896//9461
f 4907//9462 4896//9462 4903//9462
f 4896//9463 4895//9463 4904//9463
f 4896//9464 4904//9464 4903//9464
f 4924//9465 4925//9465 4894//9465
f 4924//9466 4894//9466 4900//9466
f 4924//9467 4900//9467 4899//9467
f 4924//9468 4899//9468 4923//9468
f 4903//9469 4904//9469 4905//9469
f 4903//9470 4905//9470 4906//9470
f 4897//9471 4908//9471 4907//9471
f 4897//9472 4907//9472 4902//9472
f 4892//9473 4909//9473 4908//9473
f 4892//9474 4908//9474 4897//9474
f 4888//9475 4910//9475 4909//9475
f 4888//9476 4909//9476 4892//9476
f 4878//9477 4911//9477 4910//9477
f 4878//9478 4910//9478 4888//9478
f 4875//9479 4912//9479 4911//9479
f 4875//9480 4911//9480 4878//9480
f 4665//9481 4913//9481 4912//9481
f 4665//9482 4912//9482 4875//9482
f 4657//9483 4914//9483 4913//9483
f 4657//9484 4913//9484 4665//9484
f 4637//9485 4915//9485 4914//9485
f 4637//9486 4914//9486 4657//9486
f 4605//9487 4916//9487 4915//9487
f 4605//9488 4915//9488 4637//9488
f 4605//9489 4600//9489 4917//9489
f 4605//9490 4917//9490 4916//9490
f 4600//9491 4601//9491 4918//9491
f 4600//9492 4918//9492 4917//9492
f 4601//9493 5496//9493 5497//9493
f 4601//9494 5497//9494 4918//9494
f 4608//9495 4627//9495 4920//9495
f 4608//9496 4920//9496 4919//9496
f 4920//9497 4627//9497 4559//9497
f 4920//9498 4559//9498 4921//9498
f 4907//9499 4903//9499 4906//9499
f 4907//9500 4906//9500 4922//9500
f 4901//9501 4902//9501 4907//9501
f 4901//9502 4907//9502 4922//9502
f 4924//9503 4923//9503 4905//9503
f 4924//9504 4905//9504 4904//9504
f 4925//9505 4924//9505 4904//9505
f 4925//9506 4904//9506 4895//9506
f 4926//9507 4925//9507 4895//9507
f 4926//9508 4895//9508 4889//9508
f 4927//9509 4926//9509 4889//9509
f 4927//9510 4889//9510 4885//9510
f 4928//9511 4927//9511 4885//9511
f 4928//9512 4885//9512 4876//9512
f 4929//9513 4928//9513 4876//9513
f 4929//9514 4876//9514 4873//9514
f 4930//9515 4929//9515 4873//9515
f 4930//9516 4873//9516 4674//9516
f 4931//9517 4930//9517 4674//9517
f 4931//9518 4674//9518 4662//9518
f 4932//9519 4931//9519 4662//9519
f 4932//9520 4662//9520 4648//9520
f 4933//9521 4932//9521 4648//9521
f 4933//9522 4648//9522 4620//9522
f 4934//9523 4933//9523 4620//9523
f 4934//9524 4620//9524 4609//9524
f 4935//9525 4934//9525 4609//9525
f 4935//9526 4609//9526 4610//9526
f 5499//9527 5500//9527 4935//9527
f 5499//9528 4935//9528 4610//9528
f 4937//9529 4936//9529 4611//9529
f 4937//9530 4611//9530 4623//9530
f 4950//9531 4937//9531 4623//9531
f 4950//9532 4623//9532 4556//9532
f 4819//9533 4655//9533 4670//9533
f 4819//9534 4670//9534 4820//9534
f 4571//9535 4734//9535 4938//9535
f 4571//9536 4938//9536 4572//9536
f 4568//9537 4939//9537 4938//9537
f 4568//9538 4938//9538 4734//9538
f 4939//9539 4568//9539 5022//9539
f 4939//9540 5022//9540 5023//9540
f 5510//9541 5511//9541 4940//9541
f 5510//9542 4940//9542 4569//9542
f 4625//9543 4942//9543 4941//9543
f 4625//9544 4941//9544 4628//9544
f 4942//9545 4625//9545 4841//9545
f 4942//9546 4841//9546 4943//9546
f 4572//9547 4938//9547 4944//9547
f 4572//9548 4944//9548 4574//9548
f 4938//9549 4939//9549 4945//9549
f 4938//9550 4945//9550 4944//9550
f 5023//9551 5024//9551 4945//9551
f 5023//9552 4945//9552 4939//9552
f 4940//9553 5511//9553 5512//9553
f 4940//9554 5512//9554 4946//9554
f 4941//9555 4942//9555 4948//9555
f 4941//9556 4948//9556 4947//9556
f 4948//9557 4942//9557 4943//9557
f 4948//9558 4943//9558 4949//9558
f 109//9559 4599//9559 4951//9559
f 109//9560 4951//9560 2077//9560
f 4952//9561 4951//9561 4599//9561
f 4952//9562 4599//9562 4604//9562
f 4953//9563 4952//9563 4604//9563
f 4953//9564 4604//9564 4638//9564
f 4954//9565 4953//9565 4638//9565
f 4954//9566 4638//9566 4658//9566
f 4955//9567 4954//9567 4658//9567
f 4955//9568 4658//9568 4668//9568
f 4956//9569 4955//9569 4668//9569
f 4956//9570 4668//9570 4677//9570
f 4957//9571 4956//9571 4677//9571
f 4957//9572 4677//9572 4683//9572
f 4958//9573 4957//9573 4683//9573
f 4958//9574 4683//9574 4886//9574
f 4959//9575 4958//9575 4886//9575
f 4959//9576 4886//9576 4890//9576
f 4890//9577 4898//9577 4960//9577
f 4890//9578 4960//9578 4959//9578
f 4961//9579 4960//9579 4898//9579
f 4961//9580 4898//9580 4901//9580
f 4901//9581 4922//9581 4962//9581
f 4901//9582 4962//9582 4961//9582
f 4922//9583 4906//9583 4963//9583
f 4922//9584 4963//9584 4962//9584
f 4906//9585 4905//9585 4964//9585
f 4906//9586 4964//9586 4963//9586
f 4923//9587 4965//9587 4964//9587
f 4923//9588 4964//9588 4905//9588
f 4899//9589 4966//9589 4965//9589
f 4899//9590 4965//9590 4923//9590
f 4893//9591 4967//9591 4966//9591
f 4893//9592 4966//9592 4899//9592
f 4883//9593 4968//9593 4967//9593
f 4883//9594 4967//9594 4893//9594
f 4881//9595 4969//9595 4968//9595
f 4881//9596 4968//9596 4883//9596
f 4687//9597 4970//9597 4969//9597
f 4687//9598 4969//9598 4881//9598
f 4676//9599 4971//9599 4970//9599
f 4676//9600 4970//9600 4687//9600
f 4673//9601 4972//9601 4971//9601
f 4673//9602 4971//9602 4676//9602
f 4661//9603 4973//9603 4972//9603
f 4661//9604 4972//9604 4673//9604
f 4635//9605 4974//9605 4973//9605
f 4635//9606 4973//9606 4661//9606
f 4975//9607 4974//9607 4635//9607
f 4975//9608 4635//9608 4577//9608
f 4577//9609 4576//9609 4976//9609
f 4577//9610 4976//9610 4975//9610
f 4576//9611 4578//9611 4977//9611
f 4576//9612 4977//9612 4976//9612
f 4775//9613 4978//9613 4977//9613
f 4775//9614 4977//9614 4578//9614
f 4590//9615 4979//9615 4978//9615
f 4590//9616 4978//9616 4775//9616
f 4979//9617 4590//9617 4731//9617
f 4979//9618 4731//9618 4980//9618
f 4981//9619 4980//9619 4731//9619
f 4981//9620 4731//9620 4861//9620
f 4982//9621 4981//9621 4861//9621
f 4982//9622 4861//9622 4598//9622
f 4846//9623 4983//9623 4982//9623
f 4846//9624 4982//9624 4598//9624
f 4631//9625 4984//9625 4983//9625
f 4631//9626 4983//9626 4846//9626
f 4569//9627 4985//9627 4984//9627
f 4569//9628 4984//9628 4631//9628
f 4569//9629 4940//9629 4986//9629
f 4569//9630 4986//9630 4985//9630
f 4987//9631 4986//9631 4940//9631
f 4987//9632 4940//9632 4946//9632
f 2078//9633 4987//9633 4946//9633
f 2078//9634 4946//9634 950//9634
f 4988//9635 2089//9635 2077//9635
f 4988//9636 2077//9636 4951//9636
f 4989//9637 4988//9637 4951//9637
f 4989//9638 4951//9638 4952//9638
f 4990//9639 4989//9639 4952//9639
f 4990//9640 4952//9640 4953//9640
f 4991//9641 4990//9641 4953//9641
f 4991//9642 4953//9642 4954//9642
f 4992//9643 4991//9643 4954//9643
f 4992//9644 4954//9644 4955//9644
f 4993//9645 4992//9645 4955//9645
f 4993//9646 4955//9646 4956//9646
f 4994//9647 4993//9647 4956//9647
f 4994//9648 4956//9648 4957//9648
f 4995//9649 4994//9649 4957//9649
f 4995//9650 4957//9650 4958//9650
f 4996//9651 4995//9651 4958//9651
f 4996//9652 4958//9652 4959//9652
f 4997//9653 4996//9653 4959//9653
f 4997//9654 4959//9654 4960//9654
f 4998//9655 4997//9655 4960//9655
f 4998//9656 4960//9656 4961//9656
f 4999//9657 4998//9657 4961//9657
f 4999//9658 4961//9658 4962//9658
f 4963//9659 5000//9659 4999//9659
f 4963//9660 4999//9660 4962//9660
f 4964//9661 5001//9661 5000//9661
f 4964//9662 5000//9662 4963//9662
f 4965//9663 5002//9663 5001//9663
f 4965//9664 5001//9664 4964//9664
f 4966//9665 5003//9665 5002//9665
f 4966//9666 5002//9666 4965//9666
f 4967//9667 5004//9667 5003//9667
f 4967//9668 5003//9668 4966//9668
f 4968//9669 5005//9669 5004//9669
f 4968//9670 5004//9670 4967//9670
f 4969//9671 5006//9671 5005//9671
f 4969//9672 5005//9672 4968//9672
f 4970//9673 5007//9673 5006//9673
f 4970//9674 5006//9674 4969//9674
f 4971//9675 5008//9675 5007//9675
f 4971//9676 5007//9676 4970//9676
f 4972//9677 5009//9677 5008//9677
f 4972//9678 5008//9678 4971//9678
f 4973//9679 5010//9679 5009//9679
f 4973//9680 5009//9680 4972//9680
f 4974//9681 5011//9681 5010//9681
f 4974//9682 5010//9682 4973//9682
f 4975//9683 5012//9683 5011//9683
f 4975//9684 5011//9684 4974//9684
f 5014//9685 5013//9685 4976//9685
f 5014//9686 4976//9686 4977//9686
f 4978//9687 5015//9687 5014//9687
f 4978//9688 5014//9688 4977//9688
f 5016//9689 5015//9689 4978//9689
f 5016//9690 4978//9690 4979//9690
f 5017//9691 5016//9691 4979//9691
f 5017//9692 4979//9692 4980//9692
f 4983//9693 5020//9693 5019//9693
f 4983//9694 5019//9694 4982//9694
f 4984//9695 5021//9695 5020//9695
f 4984//9696 5020//9696 4983//9696
f 5022//9697 5021//9697 4984//9697
f 5022//9698 4984//9698 4985//9698
f 5023//9699 5022//9699 4985//9699
f 5023//9700 4985//9700 4986//9700
f 4987//9701 5024//9701 5023//9701
f 4987//9702 5023//9702 4986//9702
f 2090//9703 5024//9703 4987//9703
f 2090//9704 4987//9704 2078//9704
f 5330//9705 5025//9705 2310//9705
f 5330//9706 2310//9706 3486//9706
f 2305//9707 5031//9707 5032//9707
f 2305//9708 5032//9708 2306//9708
f 5467//9709 5248//9709 5247//9709
f 5467//9710 5247//9710 5468//9710
f 5429//9711 5466//9711 5467//9711
f 5429//9712 5467//9712 5430//9712
f 5466//9713 5272//9713 5248//9713
f 5466//9714 5248//9714 5467//9714
f 5469//9715 5246//9715 5249//9715
f 5469//9716 5249//9716 5470//9716
f 5049//9717 5048//9717 5047//9717
f 5049//9718 5047//9718 5046//9718
f 5050//9719 5027//9719 5048//9719
f 5050//9720 5048//9720 5049//9720
f 5470//9721 5249//9721 5250//9721
f 5470//9722 5250//9722 5471//9722
f 5196//9723 5486//9723 5487//9723
f 5196//9724 5487//9724 5055//9724
f 5194//9725 4842//9725 4554//9725
f 5194//9726 4554//9726 5054//9726
f 5487//9727 5488//9727 5240//9727
f 5487//9728 5240//9728 5055//9728
f 5059//9729 4555//9729 4558//9729
f 5059//9730 4558//9730 5058//9730
f 5489//9731 5490//9731 5061//9731
f 5489//9732 5061//9732 5043//9732
f 5054//9733 4554//9733 4778//9733
f 5054//9734 4778//9734 5242//9734
f 2313//9735 5077//9735 5442//9735
f 2313//9736 5442//9736 4283//9736
f 2350//9737 5064//9737 5065//9737
f 2350//9738 5065//9738 5066//9738
f 5375//9739 5067//9739 5068//9739
f 5375//9740 5068//9740 5376//9740
f 5070//9741 5065//9741 5064//9741
f 5070//9742 5064//9742 5069//9742
f 5374//9743 5071//9743 5067//9743
f 5374//9744 5067//9744 5375//9744
f 5376//9745 5068//9745 5493//9745
f 5376//9746 5493//9746 5494//9746
f 5068//9747 5067//9747 5074//9747
f 5068//9748 5074//9748 5075//9748
f 5492//9749 5493//9749 5068//9749
f 5492//9750 5068//9750 5075//9750
f 5495//9751 4533//9751 2350//9751
f 5495//9752 2350//9752 5066//9752
f 5077//9753 5078//9753 5079//9753
f 5077//9754 5079//9754 5080//9754
f 5029//9755 5081//9755 5079//9755
f 5029//9756 5079//9756 5078//9756
f 5082//9757 5081//9757 5029//9757
f 5082//9758 5029//9758 5030//9758
f 5083//9759 5082//9759 5030//9759
f 5083//9760 5030//9760 5052//9760
f 5083//9761 5052//9761 5051//9761
f 5083//9762 5051//9762 5084//9762
f 5390//9763 5087//9763 5086//9763
f 5390//9764 5086//9764 5391//9764
f 5391//9765 5086//9765 5061//9765
f 5391//9766 5061//9766 5392//9766
f 5392//9767 5061//9767 5490//9767
f 5392//9768 5490//9768 5491//9768
f 5085//9769 5074//9769 5067//9769
f 5085//9770 5067//9770 5071//9770
f 5058//9771 4558//9771 4950//9771
f 5058//9772 4950//9772 5394//9772
f 5088//9773 4556//9773 4557//9773
f 5088//9774 4557//9774 5089//9774
f 5051//9775 5045//9775 5091//9775
f 5051//9776 5091//9776 5084//9776
f 5028//9777 5025//9777 5027//9777
f 5028//9778 5027//9778 5050//9778
f 5043//9779 5061//9779 5086//9779
f 5043//9780 5086//9780 5041//9780
f 5041//9781 5086//9781 5087//9781
f 5041//9782 5087//9782 5042//9782
f 5056//9783 5195//9783 5194//9783
f 5056//9784 5194//9784 5054//9784
f 5054//9785 5242//9785 5241//9785
f 5054//9786 5241//9786 5056//9786
f 5058//9787 5060//9787 5057//9787
f 5058//9788 5057//9788 5059//9788
f 5058//9789 5394//9789 5393//9789
f 5058//9790 5393//9790 5060//9790
f 5072//9791 5076//9791 5088//9791
f 5072//9792 5088//9792 5089//9792
f 5377//9793 5072//9793 5089//9793
f 5377//9794 5089//9794 5378//9794
f 2371//9795 2351//9795 5073//9795
f 2371//9796 5073//9796 5092//9796
f 5092//9797 4559//9797 6//9797
f 5092//9798 6//9798 2371//9798
f 5089//9799 4557//9799 4921//9799
f 5089//9800 4921//9800 5378//9800
f 5099//9801 5316//9801 3483//9801
f 5099//9802 3483//9802 2701//9802
f 5032//9803 5099//9803 2701//9803
f 5032//9804 2701//9804 2306//9804
f 5475//9805 5097//9805 5033//9805
f 5475//9806 5033//9806 5476//9806
f 5306//9807 5097//9807 5475//9807
f 5306//9808 5475//9808 5474//9808
f 5094//9809 5303//9809 5304//9809
f 5094//9810 5304//9810 5095//9810
f 5090//9811 5094//9811 5095//9811
f 5090//9812 5095//9812 5093//9812
f 5199//9813 5198//9813 5098//9813
f 5199//9814 5098//9814 5036//9814
f 5198//9815 5307//9815 5308//9815
f 5198//9816 5308//9816 5098//9816
f 5482//9817 5483//9817 5305//9817
f 5482//9818 5305//9818 5096//9818
f 5481//9819 5482//9819 5096//9819
f 5481//9820 5096//9820 5034//9820
f 2309//9821 3483//9821 5316//9821
f 2309//9822 5316//9822 5026//9822
f 5473//9823 5035//9823 5306//9823
f 5473//9824 5306//9824 5474//9824
f 5308//9825 5307//9825 5197//9825
f 5308//9826 5197//9826 5040//9826
f 5303//9827 5053//9827 5062//9827
f 5303//9828 5062//9828 5304//9828
f 5483//9829 5484//9829 5063//9829
f 5483//9830 5063//9830 5305//9830
f 4840//9831 4843//9831 5303//9831
f 4840//9832 5303//9832 5094//9832
f 5303//9833 4843//9833 4839//9833
f 5303//9834 4839//9834 5053//9834
f 5090//9835 4841//9835 4840//9835
f 5090//9836 4840//9836 5094//9836
f 5077//9837 5080//9837 5443//9837
f 5077//9838 5443//9838 5442//9838
f 5051//9839 5049//9839 5046//9839
f 5051//9840 5046//9840 5045//9840
f 5052//9841 5050//9841 5049//9841
f 5052//9842 5049//9842 5051//9842
f 5030//9843 5028//9843 5050//9843
f 5030//9844 5050//9844 5052//9844
f 5029//9845 2311//9845 5028//9845
f 5029//9846 5028//9846 5030//9846
f 2311//9847 2310//9847 5025//9847
f 2311//9848 5025//9848 5028//9848
f 5078//9849 2312//9849 2311//9849
f 5078//9850 2311//9850 5029//9850
f 5077//9851 2313//9851 2312//9851
f 5077//9852 2312//9852 5078//9852
f 5044//9853 5101//9853 5253//9853
f 5044//9854 5253//9854 5252//9854
f 5069//9855 5103//9855 5102//9855
f 5069//9856 5102//9856 5070//9856
f 5373//9857 5104//9857 5071//9857
f 5373//9858 5071//9858 5374//9858
f 5079//9859 5106//9859 5105//9859
f 5079//9860 5105//9860 5080//9860
f 5081//9861 5107//9861 5106//9861
f 5081//9862 5106//9862 5079//9862
f 5082//9863 5108//9863 5107//9863
f 5082//9864 5107//9864 5081//9864
f 5083//9865 5109//9865 5108//9865
f 5083//9866 5108//9866 5082//9866
f 5084//9867 5110//9867 5109//9867
f 5084//9868 5109//9868 5083//9868
f 5390//9869 5389//9869 5111//9869
f 5390//9870 5111//9870 5087//9870
f 5091//9871 5112//9871 5110//9871
f 5091//9872 5110//9872 5084//9872
f 5087//9873 5111//9873 5100//9873
f 5087//9874 5100//9874 5042//9874
f 5080//9875 5105//9875 5444//9875
f 5080//9876 5444//9876 5443//9876
f 5085//9877 5071//9877 5104//9877
f 5085//9878 5104//9878 5113//9878
f 5465//9879 5273//9879 5272//9879
f 5465//9880 5272//9880 5466//9880
f 5108//9881 5114//9881 5115//9881
f 5108//9882 5115//9882 5107//9882
f 5106//9883 5117//9883 5116//9883
f 5106//9884 5116//9884 5105//9884
f 5107//9885 5115//9885 5117//9885
f 5107//9886 5117//9886 5106//9886
f 5464//9887 5274//9887 5273//9887
f 5464//9888 5273//9888 5465//9888
f 5101//9889 5118//9889 5254//9889
f 5101//9890 5254//9890 5253//9890
f 5112//9891 5120//9891 5119//9891
f 5112//9892 5119//9892 5110//9892
f 5282//9893 5253//9893 5254//9893
f 5282//9894 5254//9894 5283//9894
f 5119//9895 5121//9895 5109//9895
f 5119//9896 5109//9896 5110//9896
f 5121//9897 5114//9897 5108//9897
f 5121//9898 5108//9898 5109//9898
f 5103//9899 5123//9899 5122//9899
f 5103//9900 5122//9900 5102//9900
f 5372//9901 5124//9901 5104//9901
f 5372//9902 5104//9902 5373//9902
f 5389//9903 5388//9903 5125//9903
f 5389//9904 5125//9904 5111//9904
f 5111//9905 5125//9905 5126//9905
f 5111//9906 5126//9906 5100//9906
f 5104//9907 5124//9907 5127//9907
f 5104//9908 5127//9908 5113//9908
f 5105//9909 5116//9909 5445//9909
f 5105//9910 5445//9910 5444//9910
f 5371//9911 5129//9911 5124//9911
f 5371//9912 5124//9912 5372//9912
f 5117//9913 5132//9913 5131//9913
f 5117//9914 5131//9914 5116//9914
f 5115//9915 5128//9915 5132//9915
f 5115//9916 5132//9916 5117//9916
f 5123//9917 5133//9917 5130//9917
f 5123//9918 5130//9918 5122//9918
f 5116//9919 5131//9919 5446//9919
f 5116//9920 5446//9920 5445//9920
f 5463//9921 5275//9921 5274//9921
f 5463//9922 5274//9922 5464//9922
f 5118//9923 5134//9923 5255//9923
f 5118//9924 5255//9924 5254//9924
f 5120//9925 5135//9925 5136//9925
f 5120//9926 5136//9926 5119//9926
f 5283//9927 5254//9927 5255//9927
f 5283//9928 5255//9928 5284//9928
f 5388//9929 5387//9929 5137//9929
f 5388//9930 5137//9930 5125//9930
f 5125//9931 5137//9931 5138//9931
f 5125//9932 5138//9932 5126//9932
f 5124//9933 5129//9933 5139//9933
f 5124//9934 5139//9934 5127//9934
f 5462//9935 5276//9935 5275//9935
f 5462//9936 5275//9936 5463//9936
f 5131//9937 5144//9937 5447//9937
f 5131//9938 5447//9938 5446//9938
f 5135//9939 5146//9939 5145//9939
f 5135//9940 5145//9940 5136//9940
f 5284//9941 5255//9941 5256//9941
f 5284//9942 5256//9942 5285//9942
f 5255//9943 5134//9943 5140//9943
f 5255//9944 5140//9944 5256//9944
f 5144//9945 5190//9945 5448//9945
f 5144//9946 5448//9946 5447//9946
f 5145//9947 5149//9947 5147//9947
f 5145//9948 5147//9948 5143//9948
f 5146//9949 5150//9949 5149//9949
f 5146//9950 5149//9950 5145//9950
f 5285//9951 5256//9951 5257//9951
f 5285//9952 5257//9952 5286//9952
f 5140//9953 5151//9953 5257//9953
f 5140//9954 5257//9954 5256//9954
f 5461//9955 5277//9955 5276//9955
f 5461//9956 5276//9956 5462//9956
f 5460//9957 5278//9957 5277//9957
f 5460//9958 5277//9958 5461//9958
f 5151//9959 5153//9959 5258//9959
f 5151//9960 5258//9960 5257//9960
f 5150//9961 5154//9961 5155//9961
f 5150//9962 5155//9962 5149//9962
f 5147//9963 5149//9963 5155//9963
f 5147//9964 5155//9964 5156//9964
f 5286//9965 5257//9965 5258//9965
f 5286//9966 5258//9966 5287//9966
f 5448//9967 5190//9967 5191//9967
f 5448//9968 5191//9968 5449//9968
f 5153//9969 5157//9969 5259//9969
f 5153//9970 5259//9970 5258//9970
f 5287//9971 5258//9971 5259//9971
f 5287//9972 5259//9972 5288//9972
f 5459//9973 5279//9973 5278//9973
f 5459//9974 5278//9974 5460//9974
f 5154//9975 5158//9975 5159//9975
f 5154//9976 5159//9976 5155//9976
f 5155//9977 5159//9977 5160//9977
f 5155//9978 5160//9978 5156//9978
f 5449//9979 5191//9979 5192//9979
f 5449//9980 5192//9980 5450//9980
f 5157//9981 5161//9981 5260//9981
f 5157//9982 5260//9982 5259//9982
f 5158//9983 5162//9983 5163//9983
f 5158//9984 5163//9984 5159//9984
f 5159//9985 5163//9985 5164//9985
f 5159//9986 5164//9986 5160//9986
f 5450//9987 5192//9987 5193//9987
f 5450//9988 5193//9988 5451//9988
f 5458//9989 5280//9989 5279//9989
f 5458//9990 5279//9990 5459//9990
f 5288//9991 5259//9991 5260//9991
f 5288//9992 5260//9992 5289//9992
f 5451//9993 5193//9993 5179//9993
f 5451//9994 5179//9994 5452//9994
f 5163//9995 5166//9995 5165//9995
f 5163//9996 5165//9996 5164//9996
f 5162//9997 5167//9997 5166//9997
f 5162//9998 5166//9998 5163//9998
f 5289//9999 5260//9999 5261//9999
f 5289//10000 5261//10000 5290//10000
f 5161//10001 5168//10001 5261//10001
f 5161//10002 5261//10002 5260//10002
f 5457//10003 5281//10003 5280//10003
f 5457//10004 5280//10004 5458//10004
f 5114//10005 5169//10005 5128//10005
f 5114//10006 5128//10006 5115//10006
f 5121//10007 5170//10007 5169//10007
f 5121//10008 5169//10008 5114//10008
f 5119//10009 5136//10009 5170//10009
f 5119//10010 5170//10010 5121//10010
f 5136//10011 5145//10011 5143//10011
f 5136//10012 5143//10012 5170//10012
f 5132//10013 5171//10013 5144//10013
f 5132//10014 5144//10014 5131//10014
f 5128//10015 5172//10015 5171//10015
f 5128//10016 5171//10016 5132//10016
f 5169//10017 5173//10017 5172//10017
f 5169//10018 5172//10018 5128//10018
f 5170//10019 5143//10019 5173//10019
f 5170//10020 5173//10020 5169//10020
f 5147//10021 5174//10021 5173//10021
f 5147//10022 5173//10022 5143//10022
f 5156//10023 5175//10023 5174//10023
f 5156//10024 5174//10024 5147//10024
f 5160//10025 5176//10025 5175//10025
f 5160//10026 5175//10026 5156//10026
f 5164//10027 5177//10027 5176//10027
f 5164//10028 5176//10028 5160//10028
f 5165//10029 5178//10029 5177//10029
f 5165//10030 5177//10030 5164//10030
f 5181//10031 5182//10031 5177//10031
f 5181//10032 5177//10032 5178//10032
f 5182//10033 5183//10033 5176//10033
f 5182//10034 5176//10034 5177//10034
f 5183//10035 5184//10035 5175//10035
f 5183//10036 5175//10036 5176//10036
f 5184//10037 5185//10037 5174//10037
f 5184//10038 5174//10038 5175//10038
f 5173//10039 5174//10039 5185//10039
f 5173//10040 5185//10040 5172//10040
f 5180//10041 5186//10041 5182//10041
f 5180//10042 5182//10042 5181//10042
f 5186//10043 5187//10043 5183//10043
f 5186//10044 5183//10044 5182//10044
f 5187//10045 5188//10045 5184//10045
f 5187//10046 5184//10046 5183//10046
f 5188//10047 5189//10047 5185//10047
f 5188//10048 5185//10048 5184//10048
f 5189//10049 5171//10049 5172//10049
f 5189//10050 5172//10050 5185//10050
f 5189//10051 5190//10051 5144//10051
f 5189//10052 5144//10052 5171//10052
f 5188//10053 5191//10053 5190//10053
f 5188//10054 5190//10054 5189//10054
f 5187//10055 5192//10055 5191//10055
f 5187//10056 5191//10056 5188//10056
f 5186//10057 5193//10057 5192//10057
f 5186//10058 5192//10058 5187//10058
f 5180//10059 5179//10059 5193//10059
f 5180//10060 5193//10060 5186//10060
f 3194//10061 5400//10061 5039//10061
f 3194//10062 5039//10062 3193//10062
f 3189//10063 4284//10063 5478//10063
f 3189//10064 5478//10064 5401//10064
f 3191//10065 980//10065 4949//10065
f 3191//10066 4949//10066 5404//10066
f 5403//10067 3192//10067 3191//10067
f 5403//10068 3191//10068 5404//10068
f 5402//10069 3190//10069 4532//10069
f 5402//10070 4532//10070 5479//10070
f 5306//10071 5035//10071 5197//10071
f 5306//10072 5197//10072 5307//10072
f 5097//10073 5306//10073 5307//10073
f 5097//10074 5307//10074 5198//10074
f 5199//10075 5033//10075 5097//10075
f 5199//10076 5097//10076 5198//10076
f 5400//10077 3194//10077 3189//10077
f 5400//10078 3189//10078 5401//10078
f 3193//10079 5039//10079 5038//10079
f 3193//10080 5038//10080 3197//10080
f 3197//10081 5038//10081 5200//10081
f 3197//10082 5200//10082 3198//10082
f 2305//10083 3199//10083 5201//10083
f 2305//10084 5201//10084 5031//10084
f 5200//10085 5202//10085 3200//10085
f 5200//10086 3200//10086 3198//10086
f 5202//10087 5201//10087 3199//10087
f 5202//10088 3199//10088 3200//10088
f 5031//10089 5201//10089 5204//10089
f 5031//10090 5204//10090 5203//10090
f 5031//10091 5203//10091 5205//10091
f 5031//10092 5205//10092 5032//10092
f 5202//10093 5206//10093 5204//10093
f 5202//10094 5204//10094 5201//10094
f 5200//10095 5207//10095 5206//10095
f 5200//10096 5206//10096 5202//10096
f 5038//10097 5208//10097 5207//10097
f 5038//10098 5207//10098 5200//10098
f 5039//10099 5037//10099 5208//10099
f 5039//10100 5208//10100 5038//10100
f 5205//10101 5209//10101 5099//10101
f 5205//10102 5099//10102 5032//10102
f 5209//10103 5315//10103 5316//10103
f 5209//10104 5316//10104 5099//10104
f 5315//10105 5210//10105 5026//10105
f 5315//10106 5026//10106 5316//10106
f 5329//10107 5027//10107 5025//10107
f 5329//10108 5025//10108 5330//10108
f 5328//10109 5048//10109 5027//10109
f 5328//10110 5027//10110 5329//10110
f 5206//10111 5216//10111 5212//10111
f 5206//10112 5212//10112 5204//10112
f 5203//10113 5204//10113 5212//10113
f 5203//10114 5212//10114 5213//10114
f 5203//10115 5213//10115 5214//10115
f 5203//10116 5214//10116 5205//10116
f 5214//10117 5215//10117 5209//10117
f 5214//10118 5209//10118 5205//10118
f 5215//10119 5314//10119 5315//10119
f 5215//10120 5315//10120 5209//10120
f 5314//10121 5211//10121 5210//10121
f 5314//10122 5210//10122 5315//10122
f 5207//10123 5217//10123 5216//10123
f 5207//10124 5216//10124 5206//10124
f 5208//10125 5218//10125 5217//10125
f 5208//10126 5217//10126 5207//10126
f 5037//10127 5036//10127 5218//10127
f 5037//10128 5218//10128 5208//10128
f 5098//10129 5308//10129 5309//10129
f 5098//10130 5309//10130 5220//10130
f 5098//10131 5220//10131 5218//10131
f 5098//10132 5218//10132 5036//10132
f 5040//10133 5219//10133 5309//10133
f 5040//10134 5309//10134 5308//10134
f 5220//10135 5309//10135 5310//10135
f 5220//10136 5310//10136 5222//10136
f 5220//10137 5222//10137 5217//10137
f 5220//10138 5217//10138 5218//10138
f 5219//10139 5221//10139 5310//10139
f 5219//10140 5310//10140 5309//10140
f 5327//10141 5047//10141 5048//10141
f 5327//10142 5048//10142 5328//10142
f 5313//10143 5223//10143 5211//10143
f 5313//10144 5211//10144 5314//10144
f 5224//10145 5313//10145 5314//10145
f 5224//10146 5314//10146 5215//10146
f 5214//10147 5213//10147 5224//10147
f 5214//10148 5224//10148 5215//10148
f 5045//10149 5225//10149 5226//10149
f 5045//10150 5226//10150 5091//10150
f 5225//10151 5245//10151 5252//10151
f 5225//10152 5252//10152 5226//10152
f 5046//10153 5227//10153 5225//10153
f 5046//10154 5225//10154 5045//10154
f 5227//10155 5239//10155 5245//10155
f 5227//10156 5245//10156 5225//10156
f 5047//10157 5228//10157 5227//10157
f 5047//10158 5227//10158 5046//10158
f 5228//10159 5236//10159 5239//10159
f 5228//10160 5239//10160 5227//10160
f 5327//10161 5326//10161 5228//10161
f 5327//10162 5228//10162 5047//10162
f 5313//10163 5312//10163 5229//10163
f 5313//10164 5229//10164 5223//10164
f 5224//10165 5230//10165 5312//10165
f 5224//10166 5312//10166 5313//10166
f 5213//10167 5212//10167 5230//10167
f 5213//10168 5230//10168 5224//10168
f 5326//10169 5325//10169 5236//10169
f 5326//10170 5236//10170 5228//10170
f 5312//10171 5311//10171 5232//10171
f 5312//10172 5232//10172 5229//10172
f 5216//10173 5231//10173 5230//10173
f 5216//10174 5230//10174 5212//10174
f 5222//10175 5231//10175 5216//10175
f 5222//10176 5216//10176 5217//10176
f 5312//10177 5230//10177 5231//10177
f 5312//10178 5231//10178 5311//10178
f 5222//10179 5310//10179 5311//10179
f 5222//10180 5311//10180 5231//10180
f 5310//10181 5221//10181 5232//10181
f 5310//10182 5232//10182 5311//10182
f 5321//10183 5251//10183 5233//10183
f 5321//10184 5233//10184 5322//10184
f 5322//10185 5233//10185 5234//10185
f 5322//10186 5234//10186 5323//10186
f 5323//10187 5234//10187 5235//10187
f 5323//10188 5235//10188 5324//10188
f 5324//10189 5235//10189 5236//10189
f 5324//10190 5236//10190 5325//10190
f 5234//10191 5237//10191 5238//10191
f 5234//10192 5238//10192 5235//10192
f 5235//10193 5238//10193 5239//10193
f 5235//10194 5239//10194 5236//10194
f 5468//10195 5247//10195 5246//10195
f 5468//10196 5246//10196 5469//10196
f 5488//10197 5489//10197 5043//10197
f 5488//10198 5043//10198 5240//10198
f 5242//10199 5059//10199 5057//10199
f 5242//10200 5057//10200 5241//10200
f 5242//10201 4778//10201 4555//10201
f 5242//10202 4555//10202 5059//10202
f 5237//10203 5243//10203 5244//10203
f 5237//10204 5244//10204 5238//10204
f 5238//10205 5244//10205 5245//10205
f 5238//10206 5245//10206 5239//10206
f 5234//10207 5246//10207 5247//10207
f 5234//10208 5247//10208 5237//10208
f 5237//10209 5247//10209 5248//10209
f 5237//10210 5248//10210 5243//10210
f 5233//10211 5251//10211 5250//10211
f 5233//10212 5250//10212 5249//10212
f 5233//10213 5249//10213 5246//10213
f 5233//10214 5246//10214 5234//10214
f 5194//10215 5317//10215 4858//10215
f 5194//10216 4858//10216 4842//10216
f 5195//10217 5318//10217 5317//10217
f 5195//10218 5317//10218 5194//10218
f 5196//10219 5319//10219 5485//10219
f 5196//10220 5485//10220 5486//10220
f 5471//10221 5472//10221 5435//10221
f 5471//10222 5435//10222 5434//10222
f 5250//10223 5320//10223 5472//10223
f 5250//10224 5472//10224 5471//10224
f 5251//10225 5321//10225 5320//10225
f 5251//10226 5320//10226 5250//10226
f 5282//10227 5226//10227 5252//10227
f 5282//10228 5252//10228 5253//10228
f 5252//10229 5245//10229 5244//10229
f 5252//10230 5244//10230 5044//10230
f 5263//10231 5101//10231 5044//10231
f 5263//10232 5044//10232 5262//10232
f 5264//10233 5118//10233 5101//10233
f 5264//10234 5101//10234 5263//10234
f 5265//10235 5134//10235 5118//10235
f 5265//10236 5118//10236 5264//10236
f 5266//10237 5140//10237 5134//10237
f 5266//10238 5134//10238 5265//10238
f 5267//10239 5151//10239 5140//10239
f 5267//10240 5140//10240 5266//10240
f 5268//10241 5153//10241 5151//10241
f 5268//10242 5151//10242 5267//10242
f 5269//10243 5157//10243 5153//10243
f 5269//10244 5153//10244 5268//10244
f 5270//10245 5161//10245 5157//10245
f 5270//10246 5157//10246 5269//10246
f 5271//10247 5168//10247 5161//10247
f 5271//10248 5161//10248 5270//10248
f 5044//10249 5244//10249 5243//10249
f 5044//10250 5243//10250 5262//10250
f 5273//10251 5263//10251 5262//10251
f 5273//10252 5262//10252 5272//10252
f 5274//10253 5264//10253 5263//10253
f 5274//10254 5263//10254 5273//10254
f 5275//10255 5265//10255 5264//10255
f 5275//10256 5264//10256 5274//10256
f 5276//10257 5266//10257 5265//10257
f 5276//10258 5265//10258 5275//10258
f 5277//10259 5267//10259 5266//10259
f 5277//10260 5266//10260 5276//10260
f 5278//10261 5268//10261 5267//10261
f 5278//10262 5267//10262 5277//10262
f 5279//10263 5269//10263 5268//10263
f 5279//10264 5268//10264 5278//10264
f 5280//10265 5270//10265 5269//10265
f 5280//10266 5269//10266 5279//10266
f 5281//10267 5271//10267 5270//10267
f 5281//10268 5270//10268 5280//10268
f 5262//10269 5243//10269 5248//10269
f 5262//10270 5248//10270 5272//10270
f 5112//10271 5282//10271 5283//10271
f 5112//10272 5283//10272 5120//10272
f 5285//10273 5146//10273 5135//10273
f 5285//10274 5135//10274 5284//10274
f 5286//10275 5150//10275 5146//10275
f 5286//10276 5146//10276 5285//10276
f 5287//10277 5154//10277 5150//10277
f 5287//10278 5150//10278 5286//10278
f 5288//10279 5158//10279 5154//10279
f 5288//10280 5154//10280 5287//10280
f 5289//10281 5162//10281 5158//10281
f 5289//10282 5158//10282 5288//10282
f 5290//10283 5167//10283 5162//10283
f 5290//10284 5162//10284 5289//10284
f 5091//10285 5226//10285 5282//10285
f 5091//10286 5282//10286 5112//10286
f 5179//10287 5296//10287 5453//10287
f 5179//10288 5453//10288 5452//10288
f 5271//10289 5297//10289 5291//10289
f 5271//10290 5291//10290 5168//10290
f 5281//10291 5298//10291 5297//10291
f 5281//10292 5297//10292 5271//10292
f 5456//10293 5298//10293 5281//10293
f 5456//10294 5281//10294 5457//10294
f 5261//10295 5168//10295 5291//10295
f 5261//10296 5291//10296 5290//10296
f 5166//10297 5293//10297 5292//10297
f 5166//10298 5292//10298 5165//10298
f 5181//10299 5292//10299 5294//10299
f 5181//10300 5294//10300 5180//10300
f 5166//10301 5167//10301 5295//10301
f 5166//10302 5295//10302 5293//10302
f 5291//10303 5295//10303 5167//10303
f 5291//10304 5167//10304 5290//10304
f 5292//10305 5181//10305 5178//10305
f 5292//10306 5178//10306 5165//10306
f 5180//10307 5294//10307 5296//10307
f 5180//10308 5296//10308 5179//10308
f 5297//10309 5299//10309 5295//10309
f 5297//10310 5295//10310 5291//10310
f 5298//10311 5300//10311 5299//10311
f 5298//10312 5299//10312 5297//10312
f 5455//10313 5300//10313 5298//10313
f 5455//10314 5298//10314 5456//10314
f 5299//10315 5301//10315 5293//10315
f 5299//10316 5293//10316 5295//10316
f 5300//10317 5302//10317 5301//10317
f 5300//10318 5301//10318 5299//10318
f 5300//10319 5455//10319 5454//10319
f 5300//10320 5454//10320 5302//10320
f 5294//10321 5301//10321 5302//10321
f 5294//10322 5302//10322 5296//10322
f 5301//10323 5294//10323 5292//10323
f 5301//10324 5292//10324 5293//10324
f 5302//10325 5454//10325 5453//10325
f 5302//10326 5453//10326 5296//10326
f 4858//10327 5317//10327 5053//10327
f 4858//10328 5053//10328 4839//10328
f 5318//10329 5062//10329 5053//10329
f 5318//10330 5053//10330 5317//10330
f 5319//10331 5063//10331 5484//10331
f 5319//10332 5484//10332 5485//10332
f 5472//10333 5473//10333 5436//10333
f 5472//10334 5436//10334 5435//10334
f 5320//10335 5035//10335 5473//10335
f 5320//10336 5473//10336 5472//10336
f 5321//10337 5197//10337 5035//10337
f 5321//10338 5035//10338 5320//10338
f 5040//10339 5197//10339 5321//10339
f 5040//10340 5321//10340 5322//10340
f 5040//10341 5322//10341 5323//10341
f 5040//10342 5323//10342 5219//10342
f 5219//10343 5323//10343 5324//10343
f 5219//10344 5324//10344 5221//10344
f 5221//10345 5324//10345 5325//10345
f 5221//10346 5325//10346 5232//10346
f 5326//10347 5229//10347 5232//10347
f 5326//10348 5232//10348 5325//10348
f 5223//10349 5229//10349 5326//10349
f 5223//10350 5326//10350 5327//10350
f 5211//10351 5223//10351 5327//10351
f 5211//10352 5327//10352 5328//10352
f 5210//10353 5211//10353 5328//10353
f 5210//10354 5328//10354 5329//10354
f 5026//10355 5210//10355 5329//10355
f 5026//10356 5329//10356 5330//10356
f 5026//10357 5330//10357 3486//10357
f 5026//10358 3486//10358 2309//10358
f 5386//10359 5337//10359 5137//10359
f 5386//10360 5137//10360 5387//10360
f 5129//10361 5332//10361 5331//10361
f 5129//10362 5331//10362 5139//10362
f 5370//10363 5332//10363 5129//10363
f 5370//10364 5129//10364 5371//10364
f 5130//10365 5133//10365 5142//10365
f 5130//10366 5142//10366 5333//10366
f 5332//10367 5335//10367 5334//10367
f 5332//10368 5334//10368 5331//10368
f 5369//10369 5335//10369 5332//10369
f 5369//10370 5332//10370 5370//10370
f 5142//10371 5148//10371 5336//10371
f 5142//10372 5336//10372 5333//10372
f 5137//10373 5337//10373 5141//10373
f 5137//10374 5141//10374 5138//10374
f 5337//10375 5338//10375 5152//10375
f 5337//10376 5152//10376 5141//10376
f 5338//10377 5340//10377 5339//10377
f 5338//10378 5339//10378 5152//10378
f 5340//10379 5342//10379 5341//10379
f 5340//10380 5341//10380 5339//10380
f 5385//10381 5338//10381 5337//10381
f 5385//10382 5337//10382 5386//10382
f 5384//10383 5340//10383 5338//10383
f 5384//10384 5338//10384 5385//10384
f 5335//10385 5345//10385 5343//10385
f 5335//10386 5343//10386 5334//10386
f 5368//10387 5345//10387 5335//10387
f 5368//10388 5335//10388 5369//10388
f 5148//10389 5344//10389 5346//10389
f 5148//10390 5346//10390 5336//10390
f 5384//10391 5383//10391 5342//10391
f 5384//10392 5342//10392 5340//10392
f 5345//10393 5349//10393 5347//10393
f 5345//10394 5347//10394 5343//10394
f 5367//10395 5349//10395 5345//10395
f 5367//10396 5345//10396 5368//10396
f 5344//10397 5348//10397 5350//10397
f 5344//10398 5350//10398 5346//10398
f 5342//10399 5352//10399 5351//10399
f 5342//10400 5351//10400 5341//10400
f 5383//10401 5382//10401 5352//10401
f 5383//10402 5352//10402 5342//10402
f 5349//10403 5354//10403 5353//10403
f 5349//10404 5353//10404 5347//10404
f 5366//10405 5354//10405 5349//10405
f 5366//10406 5349//10406 5367//10406
f 5348//10407 5356//10407 5355//10407
f 5348//10408 5355//10408 5350//10408
f 5352//10409 5358//10409 5357//10409
f 5352//10410 5357//10410 5351//10410
f 5356//10411 5359//10411 5360//10411
f 5356//10412 5360//10412 5355//10412
f 5365//10413 5361//10413 5354//10413
f 5365//10414 5354//10414 5366//10414
f 5354//10415 5361//10415 5362//10415
f 5354//10416 5362//10416 5353//10416
f 5381//10417 5358//10417 5352//10417
f 5381//10418 5352//10418 5382//10418
f 5381//10419 5380//10419 5357//10419
f 5381//10420 5357//10420 5358//10420
f 5361//10421 5364//10421 5363//10421
f 5361//10422 5363//10422 5362//10422
f 5355//10423 5360//10423 5365//10423
f 5355//10424 5365//10424 5366//10424
f 5350//10425 5355//10425 5366//10425
f 5350//10426 5366//10426 5367//10426
f 5346//10427 5350//10427 5367//10427
f 5346//10428 5367//10428 5368//10428
f 5336//10429 5346//10429 5368//10429
f 5336//10430 5368//10430 5369//10430
f 5333//10431 5336//10431 5369//10431
f 5333//10432 5369//10432 5370//10432
f 5130//10433 5333//10433 5370//10433
f 5130//10434 5370//10434 5371//10434
f 5122//10435 5130//10435 5371//10435
f 5122//10436 5371//10436 5372//10436
f 5102//10437 5122//10437 5372//10437
f 5102//10438 5372//10438 5373//10438
f 5070//10439 5102//10439 5373//10439
f 5070//10440 5373//10440 5374//10440
f 5070//10441 5374//10441 5375//10441
f 5070//10442 5375//10442 5065//10442
f 5065//10443 5375//10443 5376//10443
f 5065//10444 5376//10444 5066//10444
f 5066//10445 5376//10445 5494//10445
f 5066//10446 5494//10446 5495//10446
f 5073//10447 5377//10447 5378//10447
f 5073//10448 5378//10448 5092//10448
f 5378//10449 4921//10449 4559//10449
f 5378//10450 4559//10450 5092//10450
f 5365//10451 5379//10451 5364//10451
f 5365//10452 5364//10452 5361//10452
f 5359//10453 5379//10453 5365//10453
f 5359//10454 5365//10454 5360//10454
f 5381//10455 5362//10455 5363//10455
f 5381//10456 5363//10456 5380//10456
f 5382//10457 5353//10457 5362//10457
f 5382//10458 5362//10458 5381//10458
f 5383//10459 5347//10459 5353//10459
f 5383//10460 5353//10460 5382//10460
f 5384//10461 5343//10461 5347//10461
f 5384//10462 5347//10462 5383//10462
f 5385//10463 5334//10463 5343//10463
f 5385//10464 5343//10464 5384//10464
f 5386//10465 5331//10465 5334//10465
f 5386//10466 5334//10466 5385//10466
f 5387//10467 5139//10467 5331//10467
f 5387//10468 5331//10468 5386//10468
f 5388//10469 5127//10469 5139//10469
f 5388//10470 5139//10470 5387//10470
f 5389//10471 5113//10471 5127//10471
f 5389//10472 5127//10472 5388//10472
f 5390//10473 5085//10473 5113//10473
f 5390//10474 5113//10474 5389//10474
f 5391//10475 5074//10475 5085//10475
f 5391//10476 5085//10476 5390//10476
f 5392//10477 5075//10477 5074//10477
f 5392//10478 5074//10478 5391//10478
f 5491//10479 5492//10479 5075//10479
f 5491//10480 5075//10480 5392//10480
f 5394//10481 5088//10481 5076//10481
f 5394//10482 5076//10482 5393//10482
f 4950//10483 4556//10483 5088//10483
f 4950//10484 5088//10484 5394//10484
f 5283//10485 5284//10485 5135//10485
f 5283//10486 5135//10486 5120//10486
f 5395//10487 5199//10487 5036//10487
f 5395//10488 5036//10488 5037//10488
f 5033//10489 5199//10489 5395//10489
f 5033//10490 5395//10490 5396//10490
f 5396//10491 5477//10491 5476//10491
f 5396//10492 5476//10492 5033//10492
f 5480//10493 5481//10493 5034//10493
f 5480//10494 5034//10494 5397//10494
f 5090//10495 5093//10495 5398//10495
f 5090//10496 5398//10496 5399//10496
f 5399//10497 4943//10497 4841//10497
f 5399//10498 4841//10498 5090//10498
f 5400//10499 5395//10499 5037//10499
f 5400//10500 5037//10500 5039//10500
f 5395//10501 5400//10501 5401//10501
f 5395//10502 5401//10502 5396//10502
f 5477//10503 5396//10503 5401//10503
f 5477//10504 5401//10504 5478//10504
f 5397//10505 5402//10505 5479//10505
f 5397//10506 5479//10506 5480//10506
f 5398//10507 5403//10507 5404//10507
f 5398//10508 5404//10508 5399//10508
f 5404//10509 4949//10509 4943//10509
f 5404//10510 4943//10510 5399//10510
f 2350//10511 4271//10511 5405//10511
f 2350//10512 5405//10512 5064//10512
f 5406//10513 5069//10513 5064//10513
f 5406//10514 5064//10514 5405//10514
f 5407//10515 5103//10515 5069//10515
f 5407//10516 5069//10516 5406//10516
f 5408//10517 5123//10517 5103//10517
f 5408//10518 5103//10518 5407//10518
f 5409//10519 5133//10519 5123//10519
f 5409//10520 5123//10520 5408//10520
f 5410//10521 5142//10521 5133//10521
f 5410//10522 5133//10522 5409//10522
f 5411//10523 5148//10523 5142//10523
f 5411//10524 5142//10524 5410//10524
f 5412//10525 5344//10525 5148//10525
f 5412//10526 5148//10526 5411//10526
f 5413//10527 5348//10527 5344//10527
f 5413//10528 5344//10528 5412//10528
f 5348//10529 5413//10529 5414//10529
f 5348//10530 5414//10530 5356//10530
f 5415//10531 5359//10531 5356//10531
f 5415//10532 5356//10532 5414//10532
f 5359//10533 5415//10533 5416//10533
f 5359//10534 5416//10534 5379//10534
f 5379//10535 5416//10535 5417//10535
f 5379//10536 5417//10536 5364//10536
f 5364//10537 5417//10537 5418//10537
f 5364//10538 5418//10538 5363//10538
f 5380//10539 5363//10539 5418//10539
f 5380//10540 5418//10540 5419//10540
f 5357//10541 5380//10541 5419//10541
f 5357//10542 5419//10542 5420//10542
f 5351//10543 5357//10543 5420//10543
f 5351//10544 5420//10544 5421//10544
f 5341//10545 5351//10545 5421//10545
f 5341//10546 5421//10546 5422//10546
f 5339//10547 5341//10547 5422//10547
f 5339//10548 5422//10548 5423//10548
f 5152//10549 5339//10549 5423//10549
f 5152//10550 5423//10550 5424//10550
f 5141//10551 5152//10551 5424//10551
f 5141//10552 5424//10552 5425//10552
f 5138//10553 5141//10553 5425//10553
f 5138//10554 5425//10554 5426//10554
f 5126//10555 5138//10555 5426//10555
f 5126//10556 5426//10556 5427//10556
f 5100//10557 5126//10557 5427//10557
f 5100//10558 5427//10558 5428//10558
f 5429//10559 5042//10559 5100//10559
f 5429//10560 5100//10560 5428//10560
f 5042//10561 5429//10561 5430//10561
f 5042//10562 5430//10562 5041//10562
f 5041//10563 5430//10563 5431//10563
f 5041//10564 5431//10564 5043//10564
f 5240//10565 5043//10565 5431//10565
f 5240//10566 5431//10566 5432//10566
f 5055//10567 5240//10567 5432//10567
f 5055//10568 5432//10568 5433//10568
f 5196//10569 5055//10569 5433//10569
f 5196//10570 5433//10570 5434//10570
f 5435//10571 5319//10571 5196//10571
f 5435//10572 5196//10572 5434//10572
f 5436//10573 5063//10573 5319//10573
f 5436//10574 5319//10574 5435//10574
f 5305//10575 5063//10575 5436//10575
f 5305//10576 5436//10576 5437//10576
f 5096//10577 5305//10577 5437//10577
f 5096//10578 5437//10578 5438//10578
f 5034//10579 5096//10579 5438//10579
f 5034//10580 5438//10580 5439//10580
f 5034//10581 5439//10581 5440//10581
f 5034//10582 5440//10582 5397//10582
f 5441//10583 5402//10583 5397//10583
f 5441//10584 5397//10584 5440//10584
f 4272//10585 3190//10585 5402//10585
f 4272//10586 5402//10586 5441//10586
f 5442//10587 5405//10587 4271//10587
f 5442//10588 4271//10588 4283//10588
f 5443//10589 5406//10589 5405//10589
f 5443//10590 5405//10590 5442//10590
f 5444//10591 5407//10591 5406//10591
f 5444//10592 5406//10592 5443//10592
f 5445//10593 5408//10593 5407//10593
f 5445//10594 5407//10594 5444//10594
f 5446//10595 5409//10595 5408//10595
f 5446//10596 5408//10596 5445//10596
f 5447//10597 5410//10597 5409//10597
f 5447//10598 5409//10598 5446//10598
f 5448//10599 5411//10599 5410//10599
f 5448//10600 5410//10600 5447//10600
f 5449//10601 5412//10601 5411//10601
f 5449//10602 5411//10602 5448//10602
f 5450//10603 5413//10603 5412//10603
f 5450//10604 5412//10604 5449//10604
f 5451//10605 5414//10605 5413//10605
f 5451//10606 5413//10606 5450//10606
f 5452//10607 5415//10607 5414//10607
f 5452//10608 5414//10608 5451//10608
f 5453//10609 5416//10609 5415//10609
f 5453//10610 5415//10610 5452//10610
f 5417//10611 5416//10611 5453//10611
f 5417//10612 5453//10612 5454//10612
f 5418//10613 5417//10613 5454//10613
f 5418//10614 5454//10614 5455//10614
f 5419//10615 5418//10615 5455//10615
f 5419//10616 5455//10616 5456//10616
f 5420//10617 5419//10617 5456//10617
f 5420//10618 5456//10618 5457//10618
f 5421//10619 5420//10619 5457//10619
f 5421//10620 5457//10620 5458//10620
f 5422//10621 5421//10621 5458//10621
f 5422//10622 5458//10622 5459//10622
f 5423//10623 5422//10623 5459//10623
f 5423//10624 5459//10624 5460//10624
f 5424//10625 5423//10625 5460//10625
f 5424//10626 5460//10626 5461//10626
f 5425//10627 5424//10627 5461//10627
f 5425//10628 5461//10628 5462//10628
f 5426//10629 5425//10629 5462//10629
f 5426//10630 5462//10630 5463//10630
f 5427//10631 5426//10631 5463//10631
f 5427//10632 5463//10632 5464//10632
f 5428//10633 5427//10633 5464//10633
f 5428//10634 5464//10634 5465//10634
f 5429//10635 5428//10635 5465//10635
f 5429//10636 5465//10636 5466//10636
f 5468//10637 5431//10637 5430//10637
f 5468//10638 5430//10638 5467//10638
f 5432//10639 5431//10639 5468//10639
f 5432//10640 5468//10640 5469//10640
f 5470//10641 5433//10641 5432//10641
f 5470//10642 5432//10642 5469//10642
f 5434//10643 5433//10643 5470//10643
f 5434//10644 5470//10644 5471//10644
f 5437//10645 5436//10645 5473//10645
f 5437//10646 5473//10646 5474//10646
f 5438//10647 5437//10647 5474//10647
f 5438//10648 5474//10648 5475//10648
f 5476//10649 5439//10649 5438//10649
f 5476//10650 5438//10650 5475//10650
f 5477//10651 5440//10651 5439//10651
f 5477//10652 5439//10652 5476//10652
f 5441//10653 5440//10653 5477//10653
f 5441//10654 5477//10654 5478//10654
f 4284//10655 4272//10655 5441//10655
f 4284//10656 5441//10656 5478//10656
f 5479//10657 4532//10657 3192//10657
f 5479//10658 3192//10658 5403//10658
f 5480//10659 5479//10659 5403//10659
f 5480//10660 5403//10660 5398//10660
f 5093//10661 5481//10661 5480//10661
f 5093//10662 5480//10662 5398//10662
f 5093//10663 5095//10663 5482//10663
f 5093//10664 5482//10664 5481//10664
f 5095//10665 5304//10665 5483//10665
f 5095//10666 5483//10666 5482//10666
f 5304//10667 5062//10667 5484//10667
f 5304//10668 5484//10668 5483//10668
f 5485//10669 5484//10669 5062//10669
f 5485//10670 5062//10670 5318//10670
f 5486//10671 5485//10671 5318//10671
f 5486//10672 5318//10672 5195//10672
f 5487//10673 5486//10673 5195//10673
f 5487//10674 5195//10674 5056//10674
f 5056//10675 5241//10675 5488//10675
f 5056//10676 5488//10676 5487//10676
f 5241//10677 5057//10677 5489//10677
f 5241//10678 5489//10678 5488//10678
f 5057//10679 5060//10679 5490//10679
f 5057//10680 5490//10680 5489//10680
f 5491//10681 5490//10681 5060//10681
f 5491//10682 5060//10682 5393//10682
f 5393//10683 5076//10683 5492//10683
f 5393//10684 5492//10684 5491//10684
f 5072//10685 5493//10685 5492//10685
f 5072//10686 5492//10686 5076//10686
f 5494//10687 5493//10687 5072//10687
f 5494//10688 5072//10688 5377//10688
f 5495//10689 5494//10689 5377//10689
f 5495//10690 5377//10690 5073//10690
f 2351//10691 4533//10691 5495//10691
f 2351//10692 5495//10692 5073//10692
f 110//10693 4608//10693 5496//10693
f 110//10694 5496//10694 4551//10694
f 5497//10695 5496//10695 4608//10695
f 5497//10696 4608//10696 4919//10696
f 5498//10697 5497//10697 4919//10697
f 5498//10698 4919//10698 4607//10698
f 4607//10699 4611//10699 5499//10699
f 4607//10700 5499//10700 5498//10700
f 4936//10701 5500//10701 5499//10701
f 4936//10702 5499//10702 4611//10702
f 5501//10703 5500//10703 4936//10703
f 5501//10704 4936//10704 4595//10704
f 4592//10705 5502//10705 5501//10705
f 4592//10706 5501//10706 4595//10706
f 4776//10707 5503//10707 5502//10707
f 4776//10708 5502//10708 4592//10708
f 4591//10709 5504//10709 5503//10709
f 4591//10710 5503//10710 4776//10710
f 4730//10711 5505//10711 5504//10711
f 4730//10712 5504//10712 4591//10712
f 5506//10713 5505//10713 4730//10713
f 5506//10714 4730//10714 4860//10714
f 5507//10715 5506//10715 4860//10715
f 5507//10716 4860//10716 4597//10716
f 4845//10717 5508//10717 5507//10717
f 4845//10718 5507//10718 4597//10718
f 4630//10719 5509//10719 5508//10719
f 4630//10720 5508//10720 4845//10720
f 4628//10721 5510//10721 5509//10721
f 4628//10722 5509//10722 4630//10722
f 4628//10723 4941//10723 5511//10723
f 4628//10724 5511//10724 5510//10724
f 5512//10725 5511//10725 4941//10725
f 5512//10726 4941//10726 4947//10726
f 4552//10727 5512//10727 4947//10727
f 4552//10728 4947//10728 952//10728
f 5568//10729 5567//10729 5574//10729
f 5568//10730 5574//10730 5575//10730
f 5570//10731 5567//10731 5568//10731
f 5570//10732 5568//10732 5571//10732
f 5578//10733 5569//10733 5576//10733
f 5578//10734 5576//10734 5589//10734
f 5576//10735 5569//10735 5577//10735
f 5576//10736 5577//10736 5588//10736
f 5567//10737 5570//10737 5577//10737
f 5567//10738 5577//10738 5569//10738
f 5574//10739 5567//10739 5569//10739
f 5574//10740 5569//10740 5578//10740
f 5579//10741 5570//10741 5571//10741
f 5579//10742 5571//10742 5580//10742
f 5572//10743 5568//10743 5575//10743
f 5572//10744 5575//10744 5583//10744
f 5568//10745 5572//10745 5581//10745
f 5568//10746 5581//10746 5571//10746
f 5572//10747 5573//10747 5582//10747
f 5572//10748 5582//10748 5581//10748
f 5573//10749 5572//10749 5583//10749
f 5573//10750 5583//10750 5584//10750
f 5575//10751 5574//10751 5585//10751
f 5575//10752 5585//10752 5586//10752
f 5588//10753 5577//10753 5590//10753
f 5588//10754 5590//10754 5607//10754
f 5570//10755 5579//10755 5590//10755
f 5570//10756 5590//10756 5577//10756
f 5591//10757 5578//10757 5589//10757
f 5591//10758 5589//10758 5608//10758
f 5585//10759 5574//10759 5578//10759
f 5585//10760 5578//10760 5591//10760
f 5592//10761 5579//10761 5580//10761
f 5592//10762 5580//10762 5595//10762
f 5571//10763 5581//10763 5596//10763
f 5571//10764 5596//10764 5580//10764
f 5581//10765 5582//10765 5597//10765
f 5581//10766 5597//10766 5596//10766
f 5598//10767 5918//10767 5919//10767
f 5598//10768 5919//10768 5622//10768
f 5918//10769 5598//10769 5620//10769
f 5918//10770 5620//10770 5917//10770
f 5583//10771 5575//10771 5586//10771
f 5583//10772 5586//10772 5599//10772
f 5584//10773 5583//10773 5599//10773
f 5584//10774 5599//10774 5600//10774
f 5586//10775 5585//10775 5601//10775
f 5586//10776 5601//10776 5602//10776
f 5576//10777 5587//10777 5606//10777
f 5576//10778 5606//10778 5589//10778
f 5605//10779 5587//10779 5576//10779
f 5605//10780 5576//10780 5588//10780
f 5607//10781 5590//10781 5609//10781
f 5607//10782 5609//10782 5633//10782
f 5579//10783 5592//10783 5609//10783
f 5579//10784 5609//10784 5590//10784
f 5611//10785 5591//10785 5608//10785
f 5611//10786 5608//10786 5635//10786
f 5601//10787 5585//10787 5591//10787
f 5601//10788 5591//10788 5611//10788
f 5593//10789 5592//10789 5595//10789
f 5593//10790 5595//10790 5594//10790
f 5580//10791 5596//10791 5616//10791
f 5580//10792 5616//10792 5595//10792
f 5596//10793 5597//10793 5619//10793
f 5596//10794 5619//10794 5616//10794
f 5917//10795 5620//10795 5647//10795
f 5917//10796 5647//10796 5916//10796
f 5598//10797 5621//10797 5648//10797
f 5598//10798 5648//10798 5620//10798
f 5621//10799 5598//10799 5622//10799
f 5621//10800 5622//10800 5651//10800
f 5622//10801 5919//10801 5920//10801
f 5622//10802 5920//10802 5652//10802
f 5599//10803 5586//10803 5602//10803
f 5599//10804 5602//10804 5623//10804
f 5600//10805 5599//10805 5623//10805
f 5600//10806 5623//10806 5624//10806
f 5602//10807 5601//10807 5625//10807
f 5602//10808 5625//10808 5626//10808
f 5604//10809 5603//10809 5629//10809
f 5604//10810 5629//10810 5630//10810
f 5603//10811 5604//10811 5628//10811
f 5603//10812 5628//10812 5627//10812
f 5604//10813 5587//10813 5605//10813
f 5604//10814 5605//10814 5628//10814
f 5587//10815 5604//10815 5630//10815
f 5587//10816 5630//10816 5606//10816
f 5631//10817 5605//10817 5588//10817
f 5631//10818 5588//10818 5607//10818
f 5589//10819 5606//10819 5632//10819
f 5589//10820 5632//10820 5608//10820
f 5609//10821 5610//10821 5634//10821
f 5609//10822 5634//10822 5633//10822
f 5592//10823 5593//10823 5610//10823
f 5592//10824 5610//10824 5609//10824
f 5638//10825 5611//10825 5635//10825
f 5638//10826 5635//10826 5666//10826
f 5625//10827 5601//10827 5611//10827
f 5625//10828 5611//10828 5638//10828
f 5612//10829 5593//10829 5594//10829
f 5612//10830 5594//10830 5615//10830
f 5613//10831 5612//10831 5615//10831
f 5613//10832 5615//10832 5614//10832
f 5616//10833 5617//10833 5594//10833
f 5616//10834 5594//10834 5595//10834
f 5616//10835 5619//10835 5618//10835
f 5616//10836 5618//10836 5617//10836
f 5916//10837 5647//10837 5673//10837
f 5916//10838 5673//10838 5915//10838
f 5620//10839 5648//10839 5675//10839
f 5620//10840 5675//10840 5647//10840
f 5648//10841 5621//10841 5649//10841
f 5648//10842 5649//10842 5676//10842
f 5621//10843 5651//10843 5679//10843
f 5621//10844 5679//10844 5649//10844
f 5651//10845 5622//10845 5652//10845
f 5651//10846 5652//10846 5681//10846
f 5652//10847 5920//10847 5921//10847
f 5652//10848 5921//10848 5682//10848
f 5623//10849 5602//10849 5626//10849
f 5623//10850 5626//10850 5653//10850
f 5624//10851 5623//10851 5653//10851
f 5624//10852 5653//10852 5654//10852
f 5627//10853 5628//10853 5658//10853
f 5627//10854 5658//10854 5657//10854
f 5628//10855 5605//10855 5631//10855
f 5628//10856 5631//10856 5658//10856
f 5630//10857 5629//10857 5659//10857
f 5630//10858 5659//10858 5660//10858
f 5606//10859 5630//10859 5660//10859
f 5606//10860 5660//10860 5632//10860
f 5661//10861 5631//10861 5607//10861
f 5661//10862 5607//10862 5633//10862
f 5608//10863 5632//10863 5663//10863
f 5608//10864 5663//10864 5635//10864
f 5610//10865 5636//10865 5664//10865
f 5610//10866 5664//10866 5634//10866
f 5612//10867 5613//10867 5637//10867
f 5612//10868 5637//10868 5636//10868
f 5593//10869 5612//10869 5636//10869
f 5593//10870 5636//10870 5610//10870
f 5639//10871 5613//10871 5614//10871
f 5639//10872 5614//10872 5642//10872
f 5643//10873 5615//10873 5594//10873
f 5643//10874 5594//10874 5617//10874
f 5643//10875 5644//10875 5614//10875
f 5643//10876 5614//10876 5615//10876
f 5643//10877 5646//10877 5645//10877
f 5643//10878 5645//10878 5644//10878
f 5643//10879 5617//10879 5618//10879
f 5643//10880 5618//10880 5646//10880
f 5914//10881 5915//10881 5673//10881
f 5914//10882 5673//10882 5674//10882
f 5647//10883 5675//10883 5701//10883
f 5647//10884 5701//10884 5673//10884
f 5675//10885 5648//10885 5676//10885
f 5675//10886 5676//10886 5703//10886
f 5650//10887 5677//10887 5676//10887
f 5650//10888 5676//10888 5649//10888
f 5680//10889 5650//10889 5649//10889
f 5680//10890 5649//10890 5679//10890
f 5651//10891 5681//10891 5707//10891
f 5651//10892 5707//10892 5679//10892
f 5681//10893 5652//10893 5682//10893
f 5681//10894 5682//10894 5709//10894
f 132//10895 133//10895 5626//10895
f 132//10896 5626//10896 5625//10896
f 5655//10897 5656//10897 5687//10897
f 5655//10898 5687//10898 5686//10898
f 5656//10899 5655//10899 5684//10899
f 5656//10900 5684//10900 5685//10900
f 5657//10901 5658//10901 5689//10901
f 5657//10902 5689//10902 5688//10902
f 5658//10903 5631//10903 5661//10903
f 5658//10904 5661//10904 5689//10904
f 5660//10905 5659//10905 5692//10905
f 5660//10906 5692//10906 5693//10906
f 5632//10907 5660//10907 5693//10907
f 5632//10908 5693//10908 5663//10908
f 5662//10909 5661//10909 5633//10909
f 5662//10910 5633//10910 5634//10910
f 5635//10911 5663//10911 5696//10911
f 5635//10912 5696//10912 5666//10912
f 5637//10913 5667//10913 5697//10913
f 5637//10914 5697//10914 5665//10914
f 5613//10915 5639//10915 5667//10915
f 5613//10916 5667//10916 5637//10916
f 139//10917 134//10917 5638//10917
f 139//10918 5638//10918 5666//10918
f 134//10919 132//10919 5625//10919
f 134//10920 5625//10920 5638//10920
f 5669//10921 5642//10921 5614//10921
f 5669//10922 5614//10922 5644//10922
f 5669//10923 5644//10923 5645//10923
f 5669//10924 5645//10924 5672//10924
f 5913//10925 5914//10925 5674//10925
f 5913//10926 5674//10926 5699//10926
f 5912//10927 5913//10927 5699//10927
f 5912//10928 5699//10928 5700//10928
f 5674//10929 5673//10929 5701//10929
f 5674//10930 5701//10930 5702//10930
f 5701//10931 5675//10931 5703//10931
f 5701//10932 5703//10932 5728//10932
f 5677//10933 5704//10933 5703//10933
f 5677//10934 5703//10934 5676//10934
f 5993//10935 5650//10935 5680//10935
f 5993//10936 5680//10936 5992//10936
f 5650//10937 5993//10937 5994//10937
f 5650//10938 5994//10938 5677//10938
f 5705//10939 5678//10939 5893//10939
f 5705//10940 5893//10940 5894//10940
f 5678//10941 5706//10941 5892//10941
f 5678//10942 5892//10942 5893//10942
f 5708//10943 5680//10943 5679//10943
f 5708//10944 5679//10944 5707//10944
f 5681//10945 5709//10945 5734//10945
f 5681//10946 5734//10946 5707//10946
f 133//10947 135//10947 5653//10947
f 133//10948 5653//10948 5626//10948
f 135//10949 136//10949 5654//10949
f 135//10950 5654//10950 5653//10950
f 5711//10951 5683//10951 6040//10951
f 5711//10952 6040//10952 6041//10952
f 5683//10953 5710//10953 6039//10953
f 5683//10954 6039//10954 6040//10954
f 5685//10955 5684//10955 5712//10955
f 5685//10956 5712//10956 5713//10956
f 5686//10957 5687//10957 5715//10957
f 5686//10958 5715//10958 5714//10958
f 5689//10959 5691//10959 5690//10959
f 5689//10960 5690//10960 5688//10960
f 5689//10961 5661//10961 5662//10961
f 5689//10962 5662//10962 5691//10962
f 5693//10963 5692//10963 5720//10963
f 5693//10964 5720//10964 5721//10964
f 5663//10965 5693//10965 5721//10965
f 5663//10966 5721//10966 5696//10966
f 5694//10967 5662//10967 5634//10967
f 5694//10968 5634//10968 5664//10968
f 5911//10969 5912//10969 5700//10969
f 5911//10970 5700//10970 5724//10970
f 5700//10971 5699//10971 5726//10971
f 5700//10972 5726//10972 5727//10972
f 5699//10973 5674//10973 5702//10973
f 5699//10974 5702//10974 5726//10974
f 5702//10975 5701//10975 5728//10975
f 5702//10976 5728//10976 5729//10976
f 5704//10977 5731//10977 5728//10977
f 5704//10978 5728//10978 5703//10978
f 5677//10979 5994//10979 5995//10979
f 5677//10980 5995//10980 5704//10980
f 5732//10981 5705//10981 5894//10981
f 5732//10982 5894//10982 5895//10982
f 5992//10983 5680//10983 5708//10983
f 5992//10984 5708//10984 5991//10984
f 5706//10985 5733//10985 5891//10985
f 5706//10986 5891//10986 5892//10986
f 5735//10987 5708//10987 5707//10987
f 5735//10988 5707//10988 5734//10988
f 6038//10989 6039//10989 5710//10989
f 6038//10990 5710//10990 5737//10990
f 5738//10991 5711//10991 6041//10991
f 5738//10992 6041//10992 6042//10992
f 5713//10993 5712//10993 5739//10993
f 5713//10994 5739//10994 5740//10994
f 5714//10995 5715//10995 5744//10995
f 5714//10996 5744//10996 5743//10996
f 5690//10997 5691//10997 5717//10997
f 5690//10997 5717//10997 5716//10997
f 5717//10998 5691//10998 5662//10998
f 5717//10999 5662//10999 5694//10999
f 5722//11000 5695//11000 5665//11000
f 5722//11001 5665//11001 5697//11001
f 5696//11002 144//11002 139//11002
f 5696//11003 139//11003 5666//11003
f 5724//11004 5700//11004 5727//11004
f 5724//11005 5727//11005 5749//11005
f 5727//11006 5726//11006 5751//11006
f 5727//11007 5751//11007 5752//11007
f 5726//11008 5702//11008 5729//11008
f 5726//11009 5729//11009 5751//11009
f 5731//11010 5730//11010 5729//11010
f 5731//11011 5729//11011 5728//11011
f 5704//11012 5995//11012 5996//11012
f 5704//11013 5996//11013 5731//11013
f 5755//11014 5732//11014 5895//11014
f 5755//11015 5895//11015 5896//11015
f 5991//11016 5708//11016 5735//11016
f 5991//11017 5735//11017 5990//11017
f 5733//11018 5758//11018 5890//11018
f 5733//11019 5890//11019 5891//11019
f 5761//11020 5736//11020 5759//11020
f 5761//11021 5759//11021 5781//11021
f 5759//11022 5736//11022 5760//11022
f 5759//11023 5760//11023 5780//11023
f 6037//11024 6038//11024 5737//11024
f 6037//11025 5737//11025 5762//11025
f 5764//11026 5738//11026 6042//11026
f 5764//11027 6042//11027 6043//11027
f 5742//11028 5740//11028 5739//11028
f 5742//11029 5739//11029 5741//11029
f 5743//11030 5744//11030 5770//11030
f 5743//11031 5770//11031 5769//11031
f 5925//11032 5926//11032 5719//11032
f 5925//11033 5719//11033 5746//11033
f 5746//11034 5719//11034 5695//11034
f 5746//11035 5695//11035 5722//11035
f 147//11036 148//11036 5721//11036
f 147//11037 5721//11037 5720//11037
f 148//11038 144//11038 5696//11038
f 148//11039 5696//11039 5721//11039
f 5749//11040 5727//11040 5752//11040
f 5749//11041 5752//11041 5771//11041
f 5754//11042 5753//11042 5752//11042
f 5754//11043 5752//11043 5751//11043
f 5730//11044 5754//11044 5751//11044
f 5730//11045 5751//11045 5729//11045
f 5996//11046 5997//11046 5730//11046
f 5996//11047 5730//11047 5731//11047
f 5756//11048 5755//11048 5896//11048
f 5756//11049 5896//11049 5897//11049
f 5779//11050 5757//11050 5893//11050
f 5779//11051 5893//11051 5892//11051
f 5757//11052 5777//11052 5894//11052
f 5757//11053 5894//11053 5893//11053
f 5777//11054 5757//11054 5778//11054
f 5777//11055 5778//11055 5793//11055
f 5778//11056 5757//11056 5779//11056
f 5778//11057 5779//11057 5795//11057
f 5781//11058 5759//11058 5528//11058
f 5781//11059 5528//11059 5523//11059
f 5527//11060 5528//11060 5759//11060
f 5527//11061 5759//11061 5780//11061
f 5780//11062 5760//11062 5782//11062
f 5780//11063 5782//11063 5797//11063
f 5783//11064 5761//11064 5781//11064
f 5783//11065 5781//11065 5798//11065
f 5762//11066 5763//11066 6036//11066
f 5762//11067 6036//11067 6037//11067
f 5785//11068 5764//11068 6043//11068
f 5785//11069 6043//11069 6044//11069
f 5766//11070 5742//11070 5741//11070
f 5766//11071 5741//11071 5765//11071
f 5753//11072 5774//11072 5771//11072
f 5753//11073 5771//11073 5752//11073
f 5997//11074 5998//11074 5754//11074
f 5997//11075 5754//11075 5730//11075
f 5998//11076 5999//11076 5753//11076
f 5998//11077 5753//11077 5754//11077
f 5776//11078 5775//11078 5898//11078
f 5776//11079 5898//11079 5899//11079
f 5775//11080 5756//11080 5897//11080
f 5775//11081 5897//11081 5898//11081
f 5777//11082 5792//11082 5895//11082
f 5777//11083 5895//11083 5894//11083
f 5792//11084 5777//11084 5793//11084
f 5792//11085 5793//11085 5805//11085
f 5793//11086 5778//11086 5794//11086
f 5793//11087 5794//11087 5806//11087
f 5794//11088 5778//11088 5795//11088
f 5794//11089 5795//11089 5808//11089
f 5796//11090 5779//11090 5892//11090
f 5796//11091 5892//11091 5891//11091
f 5795//11092 5779//11092 5796//11092
f 5795//11093 5796//11093 5809//11093
f 5527//11094 5780//11094 5797//11094
f 5527//11095 5797//11095 5534//11095
f 5798//11096 5781//11096 5523//11096
f 5798//11097 5523//11097 5524//11097
f 5797//11098 5782//11098 5799//11098
f 5797//11099 5799//11099 5811//11099
f 5801//11100 5783//11100 5798//11100
f 5801//11101 5798//11101 5813//11101
f 6035//11102 6036//11102 5763//11102
f 6035//11103 5763//11103 5784//11103
f 5787//11104 5768//11104 5767//11104
f 5787//11105 5767//11105 5786//11105
f 152//11106 153//11106 5769//11106
f 152//11107 5769//11107 5770//11107
f 5999//11108 6000//11108 5774//11108
f 5999//11109 5774//11109 5753//11109
f 5790//11110 5776//11110 5899//11110
f 5790//11111 5899//11111 5900//11111
f 5792//11112 5803//11112 5896//11112
f 5792//11113 5896//11113 5895//11113
f 5803//11114 5792//11114 5805//11114
f 5803//11115 5805//11115 5821//11115
f 5805//11116 5793//11116 5806//11116
f 5805//11117 5806//11117 5823//11117
f 5806//11118 5794//11118 5807//11118
f 5806//11119 5807//11119 5824//11119
f 5807//11120 5794//11120 5808//11120
f 5807//11121 5808//11121 5826//11121
f 5808//11122 5795//11122 5809//11122
f 5808//11123 5809//11123 5827//11123
f 5810//11124 5796//11124 5891//11124
f 5810//11125 5891//11125 5890//11125
f 5809//11126 5796//11126 5810//11126
f 5809//11127 5810//11127 5828//11127
f 5533//11128 5534//11128 5797//11128
f 5533//11129 5797//11129 5811//11129
f 5813//11130 5798//11130 5524//11130
f 5813//11131 5524//11131 5525//11131
f 5799//11132 5800//11132 5812//11132
f 5799//11133 5812//11133 5811//11133
f 5816//11134 5801//11134 5813//11134
f 5816//11135 5813//11135 5830//11135
f 6033//11136 6034//11136 5768//11136
f 6033//11137 5768//11137 5787//11137
f 6044//11138 2082//11138 155//11138
f 6044//11139 155//11139 5785//11139
f 5803//11140 5804//11140 5897//11140
f 5803//11141 5897//11141 5896//11141
f 5804//11142 5803//11142 5821//11142
f 5804//11143 5821//11143 5822//11143
f 5821//11144 5805//11144 5823//11144
f 5821//11145 5823//11145 5837//11145
f 5823//11146 5806//11146 5824//11146
f 5823//11147 5824//11147 5839//11147
f 5824//11148 5807//11148 5825//11148
f 5824//11149 5825//11149 5840//11149
f 5825//11150 5807//11150 5826//11150
f 5825//11151 5826//11151 5841//11151
f 5826//11152 5808//11152 5827//11152
f 5826//11153 5827//11153 5842//11153
f 5827//11154 5809//11154 5828//11154
f 5827//11155 5828//11155 5843//11155
f 5903//11156 5810//11156 5890//11156
f 5903//11157 5890//11157 5902//11157
f 5828//11158 5810//11158 5903//11158
f 5828//11159 5903//11159 5904//11159
f 5811//11160 5812//11160 5532//11160
f 5811//11161 5532//11161 5533//11161
f 5830//11162 5813//11162 5525//11162
f 5830//11163 5525//11163 5526//11163
f 5800//11164 5814//11164 5829//11164
f 5800//11165 5829//11165 5812//11165
f 5804//11166 5819//11166 5898//11166
f 5804//11167 5898//11167 5897//11167
f 5819//11168 5820//11168 5899//11168
f 5819//11169 5899//11169 5898//11169
f 5820//11170 5819//11170 5835//11170
f 5820//11171 5835//11171 5836//11171
f 5819//11172 5804//11172 5822//11172
f 5819//11173 5822//11173 5835//11173
f 5822//11174 5821//11174 5837//11174
f 5822//11175 5837//11175 5838//11175
f 5837//11176 5823//11176 5839//11176
f 5837//11177 5839//11177 5848//11177
f 5839//11178 5824//11178 5840//11178
f 5839//11179 5840//11179 5850//11179
f 5840//11180 5825//11180 5852//11180
f 5840//11181 5852//11181 5851//11181
f 5825//11182 5841//11182 5862//11182
f 5825//11183 5862//11183 5852//11183
f 5841//11184 5826//11184 5842//11184
f 5841//11185 5842//11185 5853//11185
f 5842//11186 5827//11186 5843//11186
f 5842//11187 5843//11187 5854//11187
f 5843//11188 5828//11188 5904//11188
f 5843//11189 5904//11189 5905//11189
f 5831//11190 5815//11190 5802//11190
f 5831//11191 5802//11191 5817//11191
f 5820//11192 5833//11192 5900//11192
f 5820//11193 5900//11193 5899//11193
f 5833//11194 5820//11194 5836//11194
f 5833//11195 5836//11195 5844//11195
f 5836//11196 5835//11196 5846//11196
f 5836//11197 5846//11197 5847//11197
f 5835//11198 5822//11198 5838//11198
f 5835//11199 5838//11199 5846//11199
f 5838//11200 5837//11200 5848//11200
f 5838//11201 5848//11201 5849//11201
f 5848//11202 5839//11202 5850//11202
f 5848//11203 5850//11203 5859//11203
f 5850//11204 5840//11204 5851//11204
f 5850//11205 5851//11205 5861//11205
f 5841//11206 5853//11206 5871//11206
f 5841//11207 5871//11207 5862//11207
f 5853//11208 5842//11208 5854//11208
f 5853//11209 5854//11209 5863//11209
f 5854//11210 5843//11210 5905//11210
f 5854//11211 5905//11211 5906//11211
f 172//11212 5830//11212 5526//11212
f 172//11213 5526//11213 1//11213
f 5844//11214 5836//11214 5847//11214
f 5844//11215 5847//11215 5855//11215
f 5847//11216 5846//11216 5857//11216
f 5847//11217 5857//11217 5858//11217
f 5846//11218 5838//11218 5849//11218
f 5846//11219 5849//11219 5857//11219
f 5849//11220 5848//11220 5859//11220
f 5849//11221 5859//11221 5860//11221
f 5859//11222 5850//11222 5861//11222
f 5859//11223 5861//11223 5868//11223
f 5969//11224 5851//11224 5852//11224
f 5969//11225 5852//11225 5970//11225
f 5853//11226 5863//11226 5878//11226
f 5853//11227 5878//11227 5871//11227
f 5863//11228 5854//11228 5906//11228
f 5863//11229 5906//11229 5907//11229
f 5855//11230 5847//11230 5858//11230
f 5855//11231 5858//11231 5864//11231
f 5858//11232 5857//11232 5866//11232
f 5858//11233 5866//11233 5867//11233
f 5857//11234 5849//11234 5860//11234
f 5857//11235 5860//11235 5866//11235
f 5860//11236 5859//11236 5868//11236
f 5860//11237 5868//11237 5875//11237
f 5968//11238 5861//11238 5851//11238
f 5968//11239 5851//11239 5969//11239
f 5956//11240 5979//11240 5980//11240
f 5956//11241 5980//11241 5955//11241
f 5869//11242 5870//11242 6008//11242
f 5869//11243 6008//11243 6007//11243
f 5970//11244 5852//11244 5862//11244
f 5970//11245 5862//11245 5971//11245
f 5863//11246 5907//11246 5908//11246
f 5863//11247 5908//11247 5878//11247
f 5864//11248 5858//11248 5867//11248
f 5864//11249 5867//11249 5872//11249
f 5867//11250 5866//11250 5874//11250
f 5867//11251 5874//11251 5880//11251
f 5866//11252 5860//11252 5875//11252
f 5866//11253 5875//11253 5874//11253
f 5967//11254 5868//11254 5861//11254
f 5967//11255 5861//11255 5968//11255
f 5955//11256 5980//11256 5981//11256
f 5955//11257 5981//11257 5954//11257
f 5870//11258 5876//11258 6009//11258
f 5870//11259 6009//11259 6008//11259
f 5937//11260 5870//11260 5869//11260
f 5937//11261 5869//11261 5936//11261
f 5957//11262 5978//11262 5979//11262
f 5957//11263 5979//11263 5956//11263
f 5877//11264 5869//11264 6007//11264
f 5877//11265 6007//11265 6006//11265
f 5971//11266 5862//11266 5871//11266
f 5971//11267 5871//11267 5972//11267
f 5872//11268 5867//11268 5880//11268
f 5872//11269 5880//11269 5879//11269
f 5874//11270 5875//11270 5966//11270
f 5874//11271 5966//11271 5965//11271
f 5875//11272 5868//11272 5967//11272
f 5875//11273 5967//11273 5966//11273
f 5954//11274 5981//11274 5982//11274
f 5954//11275 5982//11275 5953//11275
f 5876//11276 5881//11276 6010//11276
f 5876//11277 6010//11277 6009//11277
f 5938//11278 5876//11278 5870//11278
f 5938//11279 5870//11279 5937//11279
f 5937//11280 5936//11280 5515//11280
f 5937//11281 5515//11281 5517//11281
f 5936//11282 5869//11282 5877//11282
f 5936//11283 5877//11283 5935//11283
f 5958//11284 5977//11284 5978//11284
f 5958//11285 5978//11285 5957//11285
f 5882//11286 5877//11286 6006//11286
f 5882//11287 6006//11287 6005//11287
f 5972//11288 5871//11288 5878//11288
f 5972//11289 5878//11289 5973//11289
f 5879//11290 5880//11290 5964//11290
f 5879//11291 5964//11291 5963//11291
f 5880//11292 5874//11292 5965//11292
f 5880//11293 5965//11293 5964//11293
f 5982//11294 5983//11294 5952//11294
f 5982//11295 5952//11295 5953//11295
f 5983//11296 5984//11296 5951//11296
f 5983//11297 5951//11297 5952//11297
f 5884//11298 5885//11298 6012//11298
f 5884//11299 6012//11299 6011//11299
f 5881//11300 5884//11300 6011//11300
f 5881//11301 6011//11301 6010//11301
f 5939//11302 5881//11302 5876//11302
f 5939//11303 5876//11303 5938//11303
f 5938//11304 5937//11304 5517//11304
f 5938//11305 5517//11305 5516//11305
f 5935//11306 5877//11306 5882//11306
f 5935//11307 5882//11307 5934//11307
f 5959//11308 5976//11308 5977//11308
f 5959//11309 5977//11309 5958//11309
f 5886//11310 5882//11310 6005//11310
f 5886//11311 6005//11311 6004//11311
f 5973//11312 5878//11312 5908//11312
f 5973//11313 5908//11313 5974//11313
f 5984//11314 5985//11314 5950//11314
f 5984//11315 5950//11315 5951//11315
f 5985//11316 5986//11316 5949//11316
f 5985//11317 5949//11317 5950//11317
f 5887//11318 5888//11318 6014//11318
f 5887//11319 6014//11319 6013//11319
f 5885//11320 5887//11320 6013//11320
f 5885//11321 6013//11321 6012//11321
f 5885//11322 5884//11322 5940//11322
f 5885//11323 5940//11323 5941//11323
f 5884//11324 5881//11324 5939//11324
f 5884//11325 5939//11325 5940//11325
f 5939//11326 5938//11326 5516//11326
f 5939//11327 5516//11327 5518//11327
f 5935//11328 5934//11328 5519//11328
f 5935//11329 5519//11329 5946//11329
f 5934//11330 5882//11330 5886//11330
f 5934//11331 5886//11331 5933//11331
f 5960//11332 5975//11332 5976//11332
f 5960//11333 5976//11333 5959//11333
f 5909//11334 5886//11334 6004//11334
f 5909//11335 6004//11335 6003//11335
f 5888//11336 5887//11336 5942//11336
f 5888//11337 5942//11337 5943//11337
f 5887//11338 5885//11338 5941//11338
f 5887//11339 5941//11339 5942//11339
f 5518//11340 5520//11340 5940//11340
f 5518//11341 5940//11341 5939//11341
f 5934//11342 5933//11342 5521//11342
f 5934//11343 5521//11343 5519//11343
f 5933//11344 5886//11344 5909//11344
f 5933//11345 5909//11345 5932//11345
f 5933//11346 5932//11346 5529//11346
f 5933//11347 5529//11347 5521//11347
f 5815//11348 5831//11348 5530//11348
f 5815//11349 5530//11349 5514//11349
f 5816//11350 5830//11350 172//11350
f 5816//11351 172//11351 354//11351
f 5784//11352 5763//11352 5742//11352
f 5784//11353 5742//11353 5766//11353
f 5763//11354 5762//11354 5740//11354
f 5763//11355 5740//11355 5742//11355
f 5713//11356 5740//11356 5762//11356
f 5713//11357 5762//11357 5737//11357
f 5685//11358 5713//11358 5737//11358
f 5685//11359 5737//11359 5710//11359
f 5656//11360 5685//11360 5710//11360
f 5656//11361 5710//11361 5683//11361
f 5656//11362 5683//11362 5711//11362
f 5656//11363 5711//11363 5687//11363
f 5687//11364 5711//11364 5738//11364
f 5687//11365 5738//11365 5715//11365
f 5715//11366 5738//11366 5764//11366
f 5715//11367 5764//11367 5744//11367
f 5744//11368 5764//11368 5785//11368
f 5744//11369 5785//11369 5770//11369
f 155//11370 152//11370 5770//11370
f 155//11371 5770//11371 5785//11371
f 5786//11372 5767//11372 5718//11372
f 5786//11373 5718//11373 5745//11373
f 5765//11374 5741//11374 5690//11374
f 5765//11375 5690//11375 5716//11375
f 5741//11376 5739//11376 5688//11376
f 5741//11377 5688//11377 5690//11377
f 5657//11378 5688//11378 5739//11378
f 5657//11379 5739//11379 5712//11379
f 5627//11380 5657//11380 5712//11380
f 5627//11381 5712//11381 5684//11381
f 5603//11382 5627//11382 5684//11382
f 5603//11383 5684//11383 5655//11383
f 5603//11384 5655//11384 5686//11384
f 5603//11385 5686//11385 5629//11385
f 5629//11386 5686//11386 5714//11386
f 5629//11387 5714//11387 5659//11387
f 5659//11388 5714//11388 5743//11388
f 5659//11389 5743//11389 5692//11389
f 5692//11390 5743//11390 5769//11390
f 5692//11391 5769//11391 5720//11391
f 153//11392 147//11392 5720//11392
f 153//11393 5720//11393 5769//11393
f 459//11394 174//11394 5903//11394
f 459//11395 5903//11395 5902//11395
f 174//11396 178//11396 5904//11396
f 174//11397 5904//11397 5903//11397
f 178//11398 186//11398 5905//11398
f 178//11399 5905//11399 5904//11399
f 186//11400 194//11400 5906//11400
f 186//11401 5906//11401 5905//11401
f 194//11402 202//11402 5907//11402
f 194//11403 5907//11403 5906//11403
f 447//11404 886//11404 5932//11404
f 447//11405 5932//11405 5909//11405
f 886//11406 11//11406 5529//11406
f 886//11407 5529//11407 5932//11407
f 5812//11408 5829//11408 5535//11408
f 5812//11409 5535//11409 5532//11409
f 5672//11410 5645//11410 5912//11410
f 5672//11411 5912//11411 5911//11411
f 5645//11412 5646//11412 5913//11412
f 5645//11413 5913//11413 5912//11413
f 5646//11414 5618//11414 5914//11414
f 5646//11415 5914//11415 5913//11415
f 5618//11416 5619//11416 5915//11416
f 5618//11417 5915//11417 5914//11417
f 5916//11418 5915//11418 5619//11418
f 5916//11419 5619//11419 5597//11419
f 5917//11420 5916//11420 5597//11420
f 5917//11421 5597//11421 5582//11421
f 5918//11422 5917//11422 5582//11422
f 5918//11423 5582//11423 5573//11423
f 5918//11424 5573//11424 5584//11424
f 5918//11425 5584//11425 5919//11425
f 5919//11426 5584//11426 5600//11426
f 5919//11427 5600//11427 5920//11427
f 5920//11428 5600//11428 5624//11428
f 5920//11429 5624//11429 5921//11429
f 5921//11430 5624//11430 5654//11430
f 5921//11431 5654//11431 5922//11431
f 5922//11432 5654//11432 136//11432
f 5922//11433 136//11433 501//11433
f 5718//11434 5926//11434 5925//11434
f 5718//11435 5925//11435 5745//11435
f 5636//11436 5637//11436 5665//11436
f 5636//11437 5665//11437 5664//11437
f 5694//11438 5664//11438 5665//11438
f 5694//11439 5665//11439 5695//11439
f 5695//11440 5719//11440 5717//11440
f 5695//11441 5717//11441 5694//11441
f 5719//11442 5926//11442 5716//11442
f 5719//11443 5716//11443 5717//11443
f 5926//11444 5718//11444 5765//11444
f 5926//11445 5765//11445 5716//11445
f 5718//11446 5767//11446 5766//11446
f 5718//11447 5766//11447 5765//11447
f 5767//11448 5768//11448 5784//11448
f 5767//11449 5784//11449 5766//11449
f 6034//11450 6035//11450 5784//11450
f 6034//11451 5784//11451 5768//11451
f 5814//11452 5802//11452 5815//11452
f 5814//11453 5815//11453 5829//11453
f 5829//11454 5815//11454 5514//11454
f 5829//11455 5514//11455 5535//11455
f 5537//11456 5538//11456 5943//11456
f 5537//11457 5943//11457 5942//11457
f 5539//11458 5537//11458 5942//11458
f 5539//11459 5942//11459 5941//11459
f 5520//11460 5539//11460 5941//11460
f 5520//11461 5941//11461 5940//11461
f 5640//11462 5639//11462 5642//11462
f 5640//11463 5642//11463 5641//11463
f 5667//11464 5668//11464 5698//11464
f 5667//11465 5698//11465 5697//11465
f 5667//11466 5639//11466 5640//11466
f 5667//11467 5640//11467 5668//11467
f 5557//11468 5556//11468 5640//11468
f 5557//11469 5640//11469 5641//11469
f 5669//11470 5670//11470 5641//11470
f 5669//11471 5641//11471 5642//11471
f 5669//11472 5672//11472 5671//11472
f 5669//11473 5671//11473 5670//11473
f 5668//11474 5559//11474 5560//11474
f 5668//11475 5560//11475 5698//11475
f 5640//11476 5556//11476 5559//11476
f 5640//11477 5559//11477 5668//11477
f 5558//11478 5557//11478 5641//11478
f 5558//11479 5641//11479 5670//11479
f 5558//11480 5670//11480 5671//11480
f 5558//11481 5671//11481 5553//11481
f 5910//11482 5911//11482 5724//11482
f 5910//11483 5724//11483 5725//11483
f 5723//11484 5722//11484 5697//11484
f 5723//11485 5697//11485 5698//11485
f 5563//11486 5552//11486 5910//11486
f 5563//11487 5910//11487 5725//11487
f 5725//11488 5724//11488 5749//11488
f 5725//11489 5749//11489 5750//11489
f 5746//11490 5748//11490 5924//11490
f 5746//11491 5924//11491 5925//11491
f 5746//11492 5722//11492 5723//11492
f 5746//11493 5723//11493 5748//11493
f 5560//11494 5548//11494 5723//11494
f 5560//11495 5723//11495 5698//11495
f 5549//11496 5563//11496 5725//11496
f 5549//11497 5725//11497 5750//11497
f 5750//11498 5749//11498 5771//11498
f 5750//11499 5771//11499 5772//11499
f 5923//11500 5924//11500 5748//11500
f 5923//11501 5748//11501 5546//11501
f 5546//11502 5748//11502 5723//11502
f 5546//11503 5723//11503 5548//11503
f 5549//11504 5750//11504 5772//11504
f 5549//11505 5772//11505 5562//11505
f 5774//11506 5773//11506 5772//11506
f 5774//11507 5772//11507 5771//11507
f 5789//11508 5787//11508 5786//11508
f 5789//11509 5786//11509 5788//11509
f 5773//11510 5564//11510 5562//11510
f 5773//11511 5562//11511 5772//11511
f 6000//11512 6001//11512 5773//11512
f 6000//11513 5773//11513 5774//11513
f 5791//11514 5790//11514 5900//11514
f 5791//11515 5900//11515 5901//11515
f 6032//11516 6033//11516 5787//11516
f 6032//11517 5787//11517 5789//11517
f 5545//11518 5789//11518 5788//11518
f 5545//11519 5788//11519 5554//11519
f 6001//11520 6002//11520 5564//11520
f 6001//11521 5564//11521 5773//11521
f 5566//11522 5565//11522 5791//11522
f 5566//11523 5791//11523 5901//11523
f 5545//11524 6031//11524 6032//11524
f 5545//11525 6032//11525 5789//11525
f 5832//11526 5831//11526 5817//11526
f 5832//11527 5817//11527 5818//11527
f 5900//11528 5833//11528 5834//11528
f 5900//11529 5834//11529 5901//11529
f 5834//11530 5833//11530 5844//11530
f 5834//11531 5844//11531 5845//11531
f 5547//11532 5832//11532 5818//11532
f 5547//11533 5818//11533 5561//11533
f 5834//11534 5550//11534 5566//11534
f 5834//11535 5566//11535 5901//11535
f 5544//11536 5550//11536 5834//11536
f 5544//11537 5834//11537 5845//11537
f 5845//11538 5844//11538 5855//11538
f 5845//11539 5855//11539 5856//11539
f 5541//11540 5544//11540 5845//11540
f 5541//11541 5845//11541 5856//11541
f 5856//11542 5855//11542 5864//11542
f 5856//11543 5864//11543 5865//11543
f 5543//11544 5541//11544 5856//11544
f 5543//11545 5856//11545 5865//11545
f 5865//11546 5864//11546 5872//11546
f 5865//11547 5872//11547 5873//11547
f 5540//11548 5543//11548 5865//11548
f 5540//11549 5865//11549 5873//11549
f 5873//11550 5872//11550 5879//11550
f 5873//11551 5879//11551 5883//11551
f 5542//11552 5540//11552 5873//11552
f 5542//11553 5873//11553 5883//11553
f 5542//11554 5883//11554 5962//11554
f 5542//11555 5962//11555 5961//11555
f 5883//11556 5879//11556 5963//11556
f 5883//11557 5963//11557 5962//11557
f 5986//11558 5987//11558 5948//11558
f 5986//11559 5948//11559 5949//11559
f 5987//11560 5988//11560 5947//11560
f 5987//11561 5947//11561 5948//11561
f 5888//11562 5889//11562 6015//11562
f 5888//11563 6015//11563 6014//11563
f 5889//11564 5888//11564 5943//11564
f 5889//11565 5943//11565 5944//11565
f 5832//11566 5547//11566 5536//11566
f 5832//11567 5536//11567 5531//11567
f 5831//11568 5832//11568 5531//11568
f 5831//11569 5531//11569 5530//11569
f 5554//11570 5788//11570 5747//11570
f 5554//11571 5747//11571 5555//11571
f 5788//11572 5786//11572 5745//11572
f 5788//11573 5745//11573 5747//11573
f 5944//11574 5945//11574 5551//11574
f 5944//11575 5551//11575 5889//11575
f 5889//11576 5551//11576 6016//11576
f 5889//11577 6016//11577 6015//11577
f 5522//11578 5513//11578 5945//11578
f 5522//11579 5945//11579 5944//11579
f 5910//11580 5552//11580 5553//11580
f 5910//11581 5553//11581 5671//11581
f 5671//11582 5672//11582 5911//11582
f 5671//11583 5911//11583 5910//11583
f 5747//11584 5924//11584 5923//11584
f 5747//11585 5923//11585 5555//11585
f 5925//11586 5924//11586 5747//11586
f 5925//11587 5747//11587 5745//11587
f 5538//11588 5522//11588 5944//11588
f 5538//11589 5944//11589 5943//11589
f 5682//11590 5921//11590 5922//11590
f 5682//11591 5922//11591 5927//11591
f 520//11592 141//11592 5928//11592
f 520//11593 5928//11593 5927//11593
f 5682//11594 5927//11594 5928//11594
f 5682//11595 5928//11595 5709//11595
f 5902//11596 5890//11596 5758//11596
f 5902//11597 5758//11597 5931//11597
f 163//11598 5929//11598 5930//11598
f 163//11599 5930//11599 159//11599
f 5709//11600 5928//11600 5930//11600
f 5709//11601 5930//11601 5734//11601
f 5990//11602 5735//11602 5929//11602
f 5990//11603 5929//11603 5989//11603
f 5929//11604 5735//11604 5734//11604
f 5929//11605 5734//11605 5930//11605
f 141//11606 159//11606 5930//11606
f 141//11607 5930//11607 5928//11607
f 163//11608 1471//11608 5989//11608
f 163//11609 5989//11609 5929//11609
f 742//11610 459//11610 5902//11610
f 742//11611 5902//11611 5931//11611
f 5515//11612 5936//11612 5935//11612
f 5515//11613 5935//11613 5946//11613
f 447//11614 5909//11614 6003//11614
f 447//11615 6003//11615 1436//11615
f 5975//11616 5960//11616 1506//11616
f 5975//11617 1506//11617 450//11617
f 5974//11618 5908//11618 1504//11618
f 5974//11619 1504//11619 1505//11619
f 202//11620 1504//11620 5908//11620
f 202//11621 5908//11621 5907//11621
f 5922//11622 501//11622 520//11622
f 5922//11623 520//11623 5927//11623
f 5948//11624 5947//11624 5961//11624
f 5948//11625 5961//11625 5962//11625
f 5949//11626 5948//11626 5962//11626
f 5949//11627 5962//11627 5963//11627
f 5950//11628 5949//11628 5963//11628
f 5950//11629 5963//11629 5964//11629
f 5951//11630 5950//11630 5964//11630
f 5951//11631 5964//11631 5965//11631
f 5952//11632 5951//11632 5965//11632
f 5952//11633 5965//11633 5966//11633
f 5953//11634 5952//11634 5966//11634
f 5953//11635 5966//11635 5967//11635
f 5954//11636 5953//11636 5967//11636
f 5954//11637 5967//11637 5968//11637
f 5955//11638 5954//11638 5968//11638
f 5955//11639 5968//11639 5969//11639
f 5956//11640 5955//11640 5969//11640
f 5956//11641 5969//11641 5970//11641
f 5957//11642 5956//11642 5970//11642
f 5957//11643 5970//11643 5971//11643
f 5958//11644 5957//11644 5971//11644
f 5958//11645 5971//11645 5972//11645
f 5959//11646 5958//11646 5972//11646
f 5959//11647 5972//11647 5973//11647
f 5960//11648 5959//11648 5973//11648
f 5960//11649 5973//11649 5974//11649
f 5960//11650 5974//11650 1505//11650
f 5960//11651 1505//11651 1506//11651
f 6003//11652 5975//11652 450//11652
f 6003//11653 450//11653 1436//11653
f 5976//11654 5975//11654 6003//11654
f 5976//11655 6003//11655 6004//11655
f 5977//11656 5976//11656 6004//11656
f 5977//11657 6004//11657 6005//11657
f 5978//11658 5977//11658 6005//11658
f 5978//11659 6005//11659 6006//11659
f 5979//11660 5978//11660 6006//11660
f 5979//11661 6006//11661 6007//11661
f 5980//11662 5979//11662 6007//11662
f 5980//11663 6007//11663 6008//11663
f 5981//11664 5980//11664 6008//11664
f 5981//11665 6008//11665 6009//11665
f 5982//11666 5981//11666 6009//11666
f 5982//11667 6009//11667 6010//11667
f 5983//11668 5982//11668 6010//11668
f 5983//11669 6010//11669 6011//11669
f 5984//11670 5983//11670 6011//11670
f 5984//11671 6011//11671 6012//11671
f 5985//11672 5984//11672 6012//11672
f 5985//11673 6012//11673 6013//11673
f 5986//11674 5985//11674 6013//11674
f 5986//11675 6013//11675 6014//11675
f 5987//11676 5986//11676 6014//11676
f 5987//11677 6014//11677 6015//11677
f 5988//11678 5987//11678 6015//11678
f 5988//11679 6015//11679 6016//11679
f 1471//11680 742//11680 5931//11680
f 1471//11681 5931//11681 5989//11681
f 5990//11682 5989//11682 5931//11682
f 5990//11683 5931//11683 5758//11683
f 5991//11684 5990//11684 5758//11684
f 5991//11685 5758//11685 5733//11685
f 5992//11686 5991//11686 5733//11686
f 5992//11687 5733//11687 5706//11687
f 5993//11688 5992//11688 5706//11688
f 5993//11689 5706//11689 5678//11689
f 5993//11690 5678//11690 5705//11690
f 5993//11691 5705//11691 5994//11691
f 5994//11692 5705//11692 5732//11692
f 5994//11693 5732//11693 5995//11693
f 5995//11694 5732//11694 5755//11694
f 5995//11695 5755//11695 5996//11695
f 5755//11696 5756//11696 5997//11696
f 5755//11697 5997//11697 5996//11697
f 5775//11698 5998//11698 5997//11698
f 5775//11699 5997//11699 5756//11699
f 5775//11700 5776//11700 5999//11700
f 5775//11701 5999//11701 5998//11701
f 5790//11702 6000//11702 5999//11702
f 5790//11703 5999//11703 5776//11703
f 5790//11704 5791//11704 6001//11704
f 5790//11705 6001//11705 6000//11705
f 5565//11706 6002//11706 6001//11706
f 5565//11707 6001//11707 5791//11707
f 5561//11708 5818//11708 6018//11708
f 5561//11709 6018//11709 6017//11709
f 5818//11710 5817//11710 6019//11710
f 5818//11711 6019//11711 6018//11711
f 5817//11712 5802//11712 6020//11712
f 5817//11713 6020//11713 6019//11713
f 6021//11714 6020//11714 5802//11714
f 6021//11715 5802//11715 5814//11715
f 5814//11716 5800//11716 6022//11716
f 5814//11717 6022//11717 6021//11717
f 5800//11718 5799//11718 6023//11718
f 5800//11719 6023//11719 6022//11719
f 6024//11720 6023//11720 5799//11720
f 6024//11721 5799//11721 5782//11721
f 6025//11722 6024//11722 5782//11722
f 6025//11723 5782//11723 5760//11723
f 6026//11724 6025//11724 5760//11724
f 6026//11725 5760//11725 5736//11725
f 6027//11726 6026//11726 5736//11726
f 6027//11727 5736//11727 5761//11727
f 6028//11728 6027//11728 5761//11728
f 6028//11729 5761//11729 5783//11729
f 6029//11730 6028//11730 5783//11730
f 6029//11731 5783//11731 5801//11731
f 6030//11732 6029//11732 5801//11732
f 6030//11733 5801//11733 5816//11733
f 354//11734 2070//11734 6030//11734
f 354//11735 6030//11735 5816//11735
f 6018//11736 6032//11736 6031//11736
f 6018//11737 6031//11737 6017//11737
f 6019//11738 6033//11738 6032//11738
f 6019//11739 6032//11739 6018//11739
f 6034//11740 6033//11740 6019//11740
f 6034//11741 6019//11741 6020//11741
f 6021//11742 6035//11742 6034//11742
f 6021//11743 6034//11743 6020//11743
f 6022//11744 6036//11744 6035//11744
f 6022//11745 6035//11745 6021//11745
f 6023//11746 6037//11746 6036//11746
f 6023//11747 6036//11747 6022//11747
f 6024//11748 6038//11748 6037//11748
f 6024//11749 6037//11749 6023//11749
f 6025//11750 6039//11750 6038//11750
f 6025//11751 6038//11751 6024//11751
f 6026//11752 6040//11752 6039//11752
f 6026//11753 6039//11753 6025//11753
f 6041//11754 6040//11754 6026//11754
f 6041//11755 6026//11755 6027//11755
f 6042//11756 6041//11756 6027//11756
f 6042//11757 6027//11757 6028//11757
f 6043//11758 6042//11758 6028//11758
f 6043//11759 6028//11759 6029//11759
f 6044//11760 6043//11760 6029//11760
f 6044//11761 6029//11761 6030//11761
f 2082//11762 6044//11762 6030//11762
f 2082//11763 6030//11763 2070//11763
f 6073//11764 6080//11764 6079//11764
f 6073//11765 6079//11765 6072//11765
f 6075//11766 6076//11766 6073//11766
f 6075//11767 6073//11767 6072//11767
f 6083//11768 6094//11768 6081//11768
f 6083//11769 6081//11769 6074//11769
f 6081//11770 6093//11770 6082//11770
f 6081//11771 6082//11771 6074//11771
f 6072//11772 6074//11772 6082//11772
f 6072//11773 6082//11773 6075//11773
f 6079//11774 6083//11774 6074//11774
f 6079//11775 6074//11775 6072//11775
f 6084//11776 6085//11776 6076//11776
f 6084//11777 6076//11777 6075//11777
f 6077//11778 6088//11778 6080//11778
f 6077//11779 6080//11779 6073//11779
f 6073//11780 6076//11780 6086//11780
f 6073//11781 6086//11781 6077//11781
f 6077//11782 6086//11782 6087//11782
f 6077//11783 6087//11783 6078//11783
f 6078//11784 6089//11784 6088//11784
f 6078//11785 6088//11785 6077//11785
f 6080//11786 6091//11786 6090//11786
f 6080//11787 6090//11787 6079//11787
f 6093//11788 6112//11788 6095//11788
f 6093//11789 6095//11789 6082//11789
f 6075//11790 6082//11790 6095//11790
f 6075//11791 6095//11791 6084//11791
f 6096//11792 6113//11792 6094//11792
f 6096//11793 6094//11793 6083//11793
f 6090//11794 6096//11794 6083//11794
f 6090//11795 6083//11795 6079//11795
f 6097//11796 6100//11796 6085//11796
f 6097//11797 6085//11797 6084//11797
f 6076//11798 6085//11798 6101//11798
f 6076//11799 6101//11799 6086//11799
f 6086//11800 6101//11800 6102//11800
f 6086//11801 6102//11801 6087//11801
f 6103//11802 6127//11802 6424//11802
f 6103//11803 6424//11803 6423//11803
f 6423//11804 6422//11804 6125//11804
f 6423//11805 6125//11805 6103//11805
f 6088//11806 6104//11806 6091//11806
f 6088//11807 6091//11807 6080//11807
f 6089//11808 6105//11808 6104//11808
f 6089//11809 6104//11809 6088//11809
f 6091//11810 6107//11810 6106//11810
f 6091//11811 6106//11811 6090//11811
f 6081//11812 6094//11812 6111//11812
f 6081//11813 6111//11813 6092//11813
f 6110//11814 6093//11814 6081//11814
f 6110//11815 6081//11815 6092//11815
f 6112//11816 6138//11816 6114//11816
f 6112//11817 6114//11817 6095//11817
f 6084//11818 6095//11818 6114//11818
f 6084//11819 6114//11819 6097//11819
f 6116//11820 6140//11820 6113//11820
f 6116//11821 6113//11821 6096//11821
f 6106//11822 6116//11822 6096//11822
f 6106//11823 6096//11823 6090//11823
f 6098//11824 6099//11824 6100//11824
f 6098//11825 6100//11825 6097//11825
f 6085//11826 6100//11826 6121//11826
f 6085//11827 6121//11827 6101//11827
f 6101//11828 6121//11828 6124//11828
f 6101//11829 6124//11829 6102//11829
f 6422//11830 6421//11830 6152//11830
f 6422//11831 6152//11831 6125//11831
f 6103//11832 6125//11832 6153//11832
f 6103//11833 6153//11833 6126//11833
f 6126//11834 6156//11834 6127//11834
f 6126//11835 6127//11835 6103//11835
f 6127//11836 6157//11836 6425//11836
f 6127//11837 6425//11837 6424//11837
f 6104//11838 6128//11838 6107//11838
f 6104//11839 6107//11839 6091//11839
f 6105//11840 6129//11840 6128//11840
f 6105//11841 6128//11841 6104//11841
f 6107//11842 6131//11842 6130//11842
f 6107//11843 6130//11843 6106//11843
f 6109//11844 6135//11844 6134//11844
f 6109//11845 6134//11845 6108//11845
f 6108//11846 6132//11846 6133//11846
f 6108//11847 6133//11847 6109//11847
f 6109//11848 6133//11848 6110//11848
f 6109//11849 6110//11849 6092//11849
f 6092//11850 6111//11850 6135//11850
f 6092//11851 6135//11851 6109//11851
f 6136//11852 6112//11852 6093//11852
f 6136//11853 6093//11853 6110//11853
f 6094//11854 6113//11854 6137//11854
f 6094//11855 6137//11855 6111//11855
f 6114//11856 6138//11856 6139//11856
f 6114//11857 6139//11857 6115//11857
f 6097//11858 6114//11858 6115//11858
f 6097//11859 6115//11859 6098//11859
f 6143//11860 6171//11860 6140//11860
f 6143//11861 6140//11861 6116//11861
f 6130//11862 6143//11862 6116//11862
f 6130//11863 6116//11863 6106//11863
f 6117//11864 6120//11864 6099//11864
f 6117//11865 6099//11865 6098//11865
f 6118//11866 6119//11866 6120//11866
f 6118//11867 6120//11867 6117//11867
f 6121//11868 6100//11868 6099//11868
f 6121//11869 6099//11869 6122//11869
f 6121//11870 6122//11870 6123//11870
f 6121//11871 6123//11871 6124//11871
f 6421//11872 6420//11872 6178//11872
f 6421//11873 6178//11873 6152//11873
f 6125//11874 6152//11874 6180//11874
f 6125//11875 6180//11875 6153//11875
f 6153//11876 6181//11876 6154//11876
f 6153//11877 6154//11877 6126//11877
f 6126//11878 6154//11878 6184//11878
f 6126//11879 6184//11879 6156//11879
f 6156//11880 6186//11880 6157//11880
f 6156//11881 6157//11881 6127//11881
f 6157//11882 6187//11882 6426//11882
f 6157//11883 6426//11883 6425//11883
f 6128//11884 6158//11884 6131//11884
f 6128//11885 6131//11885 6107//11885
f 6129//11886 6159//11886 6158//11886
f 6129//11887 6158//11887 6128//11887
f 6132//11888 6162//11888 6163//11888
f 6132//11889 6163//11889 6133//11889
f 6133//11890 6163//11890 6136//11890
f 6133//11891 6136//11891 6110//11891
f 6135//11892 6165//11892 6164//11892
f 6135//11893 6164//11893 6134//11893
f 6111//11894 6137//11894 6165//11894
f 6111//11895 6165//11895 6135//11895
f 6166//11896 6138//11896 6112//11896
f 6166//11897 6112//11897 6136//11897
f 6113//11898 6140//11898 6168//11898
f 6113//11899 6168//11899 6137//11899
f 6115//11900 6139//11900 6169//11900
f 6115//11901 6169//11901 6141//11901
f 6117//11902 6141//11902 6142//11902
f 6117//11903 6142//11903 6118//11903
f 6098//11904 6115//11904 6141//11904
f 6098//11905 6141//11905 6117//11905
f 6144//11906 6147//11906 6119//11906
f 6144//11907 6119//11907 6118//11907
f 6148//11908 6122//11908 6099//11908
f 6148//11909 6099//11909 6120//11909
f 6148//11910 6120//11910 6119//11910
f 6148//11911 6119//11911 6149//11911
f 6148//11912 6149//11912 6150//11912
f 6148//11913 6150//11913 6151//11913
f 6148//11914 6151//11914 6123//11914
f 6148//11915 6123//11915 6122//11915
f 6419//11916 6179//11916 6178//11916
f 6419//11917 6178//11917 6420//11917
f 6152//11918 6178//11918 6206//11918
f 6152//11919 6206//11919 6180//11919
f 6180//11920 6208//11920 6181//11920
f 6180//11921 6181//11921 6153//11921
f 6155//11922 6154//11922 6181//11922
f 6155//11923 6181//11923 6182//11923
f 6185//11924 6184//11924 6154//11924
f 6185//11925 6154//11925 6155//11925
f 6156//11926 6184//11926 6212//11926
f 6156//11927 6212//11927 6186//11927
f 6186//11928 6214//11928 6187//11928
f 6186//11929 6187//11929 6157//11929
f 2373//11930 6130//11930 6131//11930
f 2373//11931 6131//11931 2374//11931
f 6160//11932 6191//11932 6192//11932
f 6160//11933 6192//11933 6161//11933
f 6161//11934 6190//11934 6189//11934
f 6161//11935 6189//11935 6160//11935
f 6162//11936 6193//11936 6194//11936
f 6162//11937 6194//11937 6163//11937
f 6163//11938 6194//11938 6166//11938
f 6163//11939 6166//11939 6136//11939
f 6165//11940 6198//11940 6197//11940
f 6165//11941 6197//11941 6164//11941
f 6137//11942 6168//11942 6198//11942
f 6137//11943 6198//11943 6165//11943
f 6167//11944 6139//11944 6138//11944
f 6167//11945 6138//11945 6166//11945
f 6140//11946 6171//11946 6201//11946
f 6140//11947 6201//11947 6168//11947
f 6142//11948 6170//11948 6202//11948
f 6142//11949 6202//11949 6172//11949
f 6118//11950 6142//11950 6172//11950
f 6118//11951 6172//11951 6144//11951
f 2380//11952 6171//11952 6143//11952
f 2380//11953 6143//11953 2375//11953
f 2375//11954 6143//11954 6130//11954
f 2375//11955 6130//11955 2373//11955
f 6174//11956 6149//11956 6119//11956
f 6174//11957 6119//11957 6147//11957
f 6174//11958 6177//11958 6150//11958
f 6174//11959 6150//11959 6149//11959
f 6418//11960 6204//11960 6179//11960
f 6418//11961 6179//11961 6419//11961
f 6417//11962 6205//11962 6204//11962
f 6417//11963 6204//11963 6418//11963
f 6179//11964 6207//11964 6206//11964
f 6179//11965 6206//11965 6178//11965
f 6206//11966 6233//11966 6208//11966
f 6206//11967 6208//11967 6180//11967
f 6182//11968 6181//11968 6208//11968
f 6182//11969 6208//11969 6209//11969
f 6497//11970 6496//11970 6185//11970
f 6497//11971 6185//11971 6155//11971
f 6155//11972 6182//11972 6498//11972
f 6155//11973 6498//11973 6497//11973
f 6210//11974 6399//11974 6398//11974
f 6210//11975 6398//11975 6183//11975
f 6183//11976 6398//11976 6397//11976
f 6183//11977 6397//11977 6211//11977
f 6213//11978 6212//11978 6184//11978
f 6213//11979 6184//11979 6185//11979
f 6186//11980 6212//11980 6239//11980
f 6186//11981 6239//11981 6214//11981
f 2374//11982 6131//11982 6158//11982
f 2374//11983 6158//11983 2376//11983
f 2376//11984 6158//11984 6159//11984
f 2376//11985 6159//11985 2377//11985
f 6216//11986 6545//11986 6544//11986
f 6216//11987 6544//11987 6188//11987
f 6188//11988 6544//11988 6543//11988
f 6188//11989 6543//11989 6215//11989
f 6190//11990 6218//11990 6217//11990
f 6190//11991 6217//11991 6189//11991
f 6191//11992 6219//11992 6220//11992
f 6191//11993 6220//11993 6192//11993
f 6194//11994 6193//11994 6195//11994
f 6194//11995 6195//11995 6196//11995
f 6194//11996 6196//11996 6167//11996
f 6194//11997 6167//11997 6166//11997
f 6198//11998 6226//11998 6225//11998
f 6198//11999 6225//11999 6197//11999
f 6168//12000 6201//12000 6226//12000
f 6168//12001 6226//12001 6198//12001
f 6199//12002 6169//12002 6139//12002
f 6199//12003 6139//12003 6167//12003
f 6416//12004 6229//12004 6205//12004
f 6416//12005 6205//12005 6417//12005
f 6205//12006 6232//12006 6231//12006
f 6205//12007 6231//12007 6204//12007
f 6204//12008 6231//12008 6207//12008
f 6204//12009 6207//12009 6179//12009
f 6207//12010 6234//12010 6233//12010
f 6207//12011 6233//12011 6206//12011
f 6209//12012 6208//12012 6233//12012
f 6209//12013 6233//12013 6236//12013
f 6182//12014 6209//12014 6499//12014
f 6182//12015 6499//12015 6498//12015
f 6237//12016 6400//12016 6399//12016
f 6237//12017 6399//12017 6210//12017
f 6496//12018 6495//12018 6213//12018
f 6496//12019 6213//12019 6185//12019
f 6211//12020 6397//12020 6396//12020
f 6211//12021 6396//12021 6238//12021
f 6240//12022 6239//12022 6212//12022
f 6240//12023 6212//12023 6213//12023
f 6542//12024 6242//12024 6215//12024
f 6542//12025 6215//12025 6543//12025
f 6243//12026 6546//12026 6545//12026
f 6243//12027 6545//12027 6216//12027
f 6218//12028 6245//12028 6244//12028
f 6218//12029 6244//12029 6217//12029
f 6219//12030 6248//12030 6249//12030
f 6219//12031 6249//12031 6220//12031
f 6195//12032 6221//12032 6222//12032
f 6195//12032 6222//12032 6196//12032
f 6222//12033 6199//12033 6167//12033
f 6222//12034 6167//12034 6196//12034
f 6227//12035 6202//12035 6170//12035
f 6227//12036 6170//12036 6200//12036
f 6201//12037 6171//12037 2380//12037
f 6201//12038 2380//12038 2385//12038
f 6229//12039 6254//12039 6232//12039
f 6229//12040 6232//12040 6205//12040
f 6232//12041 6257//12041 6256//12041
f 6232//12042 6256//12042 6231//12042
f 6231//12043 6256//12043 6234//12043
f 6231//12044 6234//12044 6207//12044
f 6236//12045 6233//12045 6234//12045
f 6236//12046 6234//12046 6235//12046
f 6209//12047 6236//12047 6500//12047
f 6209//12048 6500//12048 6499//12048
f 6260//12049 6401//12049 6400//12049
f 6260//12050 6400//12050 6237//12050
f 6495//12051 6494//12051 6240//12051
f 6495//12052 6240//12052 6213//12052
f 6238//12053 6396//12053 6395//12053
f 6238//12054 6395//12054 6263//12054
f 6266//12055 6286//12055 6264//12055
f 6266//12056 6264//12056 6241//12056
f 6264//12057 6285//12057 6265//12057
f 6264//12058 6265//12058 6241//12058
f 6541//12059 6267//12059 6242//12059
f 6541//12060 6242//12060 6542//12060
f 6269//12061 6547//12061 6546//12061
f 6269//12062 6546//12062 6243//12062
f 6247//12063 6246//12063 6244//12063
f 6247//12064 6244//12064 6245//12064
f 6248//12065 6274//12065 6275//12065
f 6248//12066 6275//12066 6249//12066
f 6430//12067 6251//12067 6224//12067
f 6430//12068 6224//12068 6431//12068
f 6251//12069 6227//12069 6200//12069
f 6251//12070 6200//12070 6224//12070
f 2388//12071 6225//12071 6226//12071
f 2388//12072 6226//12072 2389//12072
f 2389//12073 6226//12073 6201//12073
f 2389//12074 6201//12074 2385//12074
f 6254//12075 6276//12075 6257//12075
f 6254//12076 6257//12076 6232//12076
f 6259//12077 6256//12077 6257//12077
f 6259//12078 6257//12078 6258//12078
f 6235//12079 6234//12079 6256//12079
f 6235//12080 6256//12080 6259//12080
f 6500//12081 6236//12081 6235//12081
f 6500//12082 6235//12082 6501//12082
f 6261//12083 6402//12083 6401//12083
f 6261//12084 6401//12084 6260//12084
f 6284//12085 6397//12085 6398//12085
f 6284//12086 6398//12086 6262//12086
f 6262//12087 6398//12087 6399//12087
f 6262//12088 6399//12088 6282//12088
f 6282//12089 6298//12089 6283//12089
f 6282//12090 6283//12090 6262//12090
f 6283//12091 6300//12091 6284//12091
f 6283//12092 6284//12092 6262//12092
f 6286//12093 5523//12093 5528//12093
f 6286//12094 5528//12094 6264//12094
f 5527//12095 6285//12095 6264//12095
f 5527//12096 6264//12096 5528//12096
f 6285//12097 6302//12097 6287//12097
f 6285//12098 6287//12098 6265//12098
f 6288//12099 6303//12099 6286//12099
f 6288//12100 6286//12100 6266//12100
f 6267//12101 6541//12101 6540//12101
f 6267//12102 6540//12102 6268//12102
f 6290//12103 6548//12103 6547//12103
f 6290//12104 6547//12104 6269//12104
f 6271//12105 6270//12105 6246//12105
f 6271//12106 6246//12106 6247//12106
f 6258//12107 6257//12107 6276//12107
f 6258//12108 6276//12108 6279//12108
f 6501//12109 6235//12109 6259//12109
f 6501//12110 6259//12110 6502//12110
f 6502//12111 6259//12111 6258//12111
f 6502//12112 6258//12112 6503//12112
f 6281//12113 6404//12113 6403//12113
f 6281//12114 6403//12114 6280//12114
f 6280//12115 6403//12115 6402//12115
f 6280//12116 6402//12116 6261//12116
f 6282//12117 6399//12117 6400//12117
f 6282//12118 6400//12118 6297//12118
f 6297//12119 6310//12119 6298//12119
f 6297//12120 6298//12120 6282//12120
f 6298//12121 6311//12121 6299//12121
f 6298//12122 6299//12122 6283//12122
f 6299//12123 6313//12123 6300//12123
f 6299//12124 6300//12124 6283//12124
f 6301//12125 6396//12125 6397//12125
f 6301//12126 6397//12126 6284//12126
f 6300//12127 6314//12127 6301//12127
f 6300//12128 6301//12128 6284//12128
f 5527//12129 5534//12129 6302//12129
f 5527//12130 6302//12130 6285//12130
f 6303//12131 5524//12131 5523//12131
f 6303//12132 5523//12132 6286//12132
f 6302//12133 6316//12133 6304//12133
f 6302//12134 6304//12134 6287//12134
f 6306//12135 6318//12135 6303//12135
f 6306//12136 6303//12136 6288//12136
f 6539//12137 6289//12137 6268//12137
f 6539//12138 6268//12138 6540//12138
f 6292//12139 6291//12139 6272//12139
f 6292//12140 6272//12140 6273//12140
f 2393//12141 6275//12141 6274//12141
f 2393//12142 6274//12142 2394//12142
f 6503//12143 6258//12143 6279//12143
f 6503//12144 6279//12144 6504//12144
f 6295//12145 6405//12145 6404//12145
f 6295//12146 6404//12146 6281//12146
f 6297//12147 6400//12147 6401//12147
f 6297//12148 6401//12148 6308//12148
f 6308//12149 6326//12149 6310//12149
f 6308//12150 6310//12150 6297//12150
f 6310//12151 6328//12151 6311//12151
f 6310//12152 6311//12152 6298//12152
f 6311//12153 6329//12153 6312//12153
f 6311//12154 6312//12154 6299//12154
f 6312//12155 6331//12155 6313//12155
f 6312//12156 6313//12156 6299//12156
f 6313//12157 6332//12157 6314//12157
f 6313//12158 6314//12158 6300//12158
f 6315//12159 6395//12159 6396//12159
f 6315//12160 6396//12160 6301//12160
f 6314//12161 6333//12161 6315//12161
f 6314//12162 6315//12162 6301//12162
f 5533//12163 6316//12163 6302//12163
f 5533//12164 6302//12164 5534//12164
f 6318//12165 5525//12165 5524//12165
f 6318//12166 5524//12166 6303//12166
f 6304//12167 6316//12167 6317//12167
f 6304//12168 6317//12168 6305//12168
f 6321//12169 6335//12169 6318//12169
f 6321//12170 6318//12170 6306//12170
f 6537//12171 6292//12171 6273//12171
f 6537//12172 6273//12172 6538//12172
f 6548//12173 6290//12173 2396//12173
f 6548//12174 2396//12174 4276//12174
f 6308//12175 6401//12175 6402//12175
f 6308//12176 6402//12176 6309//12176
f 6309//12177 6327//12177 6326//12177
f 6309//12178 6326//12178 6308//12178
f 6326//12179 6342//12179 6328//12179
f 6326//12180 6328//12180 6310//12180
f 6328//12181 6344//12181 6329//12181
f 6328//12182 6329//12182 6311//12182
f 6329//12183 6345//12183 6330//12183
f 6329//12184 6330//12184 6312//12184
f 6330//12185 6346//12185 6331//12185
f 6330//12186 6331//12186 6312//12186
f 6331//12187 6347//12187 6332//12187
f 6331//12188 6332//12188 6313//12188
f 6332//12189 6348//12189 6333//12189
f 6332//12190 6333//12190 6314//12190
f 6408//12191 6407//12191 6395//12191
f 6408//12192 6395//12192 6315//12192
f 6333//12193 6409//12193 6408//12193
f 6333//12194 6408//12194 6315//12194
f 6316//12195 5533//12195 5532//12195
f 6316//12196 5532//12196 6317//12196
f 6335//12197 5526//12197 5525//12197
f 6335//12198 5525//12198 6318//12198
f 6305//12199 6317//12199 6334//12199
f 6305//12200 6334//12200 6319//12200
f 6309//12201 6402//12201 6403//12201
f 6309//12202 6403//12202 6324//12202
f 6324//12203 6403//12203 6404//12203
f 6324//12204 6404//12204 6325//12204
f 6325//12205 6341//12205 6340//12205
f 6325//12206 6340//12206 6324//12206
f 6324//12207 6340//12207 6327//12207
f 6324//12208 6327//12208 6309//12208
f 6327//12209 6343//12209 6342//12209
f 6327//12210 6342//12210 6326//12210
f 6342//12211 6353//12211 6344//12211
f 6342//12212 6344//12212 6328//12212
f 6344//12213 6355//12213 6345//12213
f 6344//12214 6345//12214 6329//12214
f 6345//12215 6356//12215 6357//12215
f 6345//12216 6357//12216 6330//12216
f 6330//12217 6357//12217 6367//12217
f 6330//12218 6367//12218 6346//12218
f 6346//12219 6358//12219 6347//12219
f 6346//12220 6347//12220 6331//12220
f 6347//12221 6359//12221 6348//12221
f 6347//12222 6348//12222 6332//12222
f 6348//12223 6410//12223 6409//12223
f 6348//12224 6409//12224 6333//12224
f 6336//12225 6322//12225 6307//12225
f 6336//12226 6307//12226 6320//12226
f 6325//12227 6404//12227 6405//12227
f 6325//12228 6405//12228 6338//12228
f 6338//12229 6349//12229 6341//12229
f 6338//12230 6341//12230 6325//12230
f 6341//12231 6352//12231 6351//12231
f 6341//12232 6351//12232 6340//12232
f 6340//12233 6351//12233 6343//12233
f 6340//12234 6343//12234 6327//12234
f 6343//12235 6354//12235 6353//12235
f 6343//12236 6353//12236 6342//12236
f 6353//12237 6364//12237 6355//12237
f 6353//12238 6355//12238 6344//12238
f 6355//12239 6366//12239 6356//12239
f 6355//12240 6356//12240 6345//12240
f 6346//12241 6367//12241 6376//12241
f 6346//12242 6376//12242 6358//12242
f 6358//12243 6368//12243 6359//12243
f 6358//12244 6359//12244 6347//12244
f 6359//12245 6411//12245 6410//12245
f 6359//12246 6410//12246 6348//12246
f 2413//12247 1//12247 5526//12247
f 2413//12248 5526//12248 6335//12248
f 6349//12249 6360//12249 6352//12249
f 6349//12250 6352//12250 6341//12250
f 6352//12251 6363//12251 6362//12251
f 6352//12252 6362//12252 6351//12252
f 6351//12253 6362//12253 6354//12253
f 6351//12254 6354//12254 6343//12254
f 6354//12255 6365//12255 6364//12255
f 6354//12256 6364//12256 6353//12256
f 6364//12257 6373//12257 6366//12257
f 6364//12258 6366//12258 6355//12258
f 6473//12259 6474//12259 6357//12259
f 6473//12260 6357//12260 6356//12260
f 6358//12261 6376//12261 6383//12261
f 6358//12262 6383//12262 6368//12262
f 6368//12263 6412//12263 6411//12263
f 6368//12264 6411//12264 6359//12264
f 6360//12265 6369//12265 6363//12265
f 6360//12266 6363//12266 6352//12266
f 6363//12267 6372//12267 6371//12267
f 6363//12268 6371//12268 6362//12268
f 6362//12269 6371//12269 6365//12269
f 6362//12270 6365//12270 6354//12270
f 6365//12271 6380//12271 6373//12271
f 6365//12272 6373//12272 6364//12272
f 6472//12273 6473//12273 6356//12273
f 6472//12274 6356//12274 6366//12274
f 6460//12275 6459//12275 6484//12275
f 6460//12276 6484//12276 6483//12276
f 6374//12277 6511//12277 6512//12277
f 6374//12278 6512//12278 6375//12278
f 6474//12279 6475//12279 6367//12279
f 6474//12280 6367//12280 6357//12280
f 6368//12281 6383//12281 6413//12281
f 6368//12282 6413//12282 6412//12282
f 6369//12283 6377//12283 6372//12283
f 6369//12284 6372//12284 6363//12284
f 6372//12285 6385//12285 6379//12285
f 6372//12286 6379//12286 6371//12286
f 6371//12287 6379//12287 6380//12287
f 6371//12288 6380//12288 6365//12288
f 6471//12289 6472//12289 6366//12289
f 6471//12290 6366//12290 6373//12290
f 6459//12291 6458//12291 6485//12291
f 6459//12292 6485//12292 6484//12292
f 6375//12293 6512//12293 6513//12293
f 6375//12294 6513//12294 6381//12294
f 6442//12295 6441//12295 6374//12295
f 6442//12296 6374//12296 6375//12296
f 6461//12297 6460//12297 6483//12297
f 6461//12298 6483//12298 6482//12298
f 6382//12299 6510//12299 6511//12299
f 6382//12300 6511//12300 6374//12300
f 6475//12301 6476//12301 6376//12301
f 6475//12302 6376//12302 6367//12302
f 6377//12303 6384//12303 6385//12303
f 6377//12304 6385//12304 6372//12304
f 6379//12305 6469//12305 6470//12305
f 6379//12306 6470//12306 6380//12306
f 6380//12307 6470//12307 6471//12307
f 6380//12308 6471//12308 6373//12308
f 6458//12309 6457//12309 6486//12309
f 6458//12310 6486//12310 6485//12310
f 6381//12311 6513//12311 6514//12311
f 6381//12312 6514//12312 6386//12312
f 6443//12313 6442//12313 6375//12313
f 6443//12314 6375//12314 6381//12314
f 6442//12315 5517//12315 5515//12315
f 6442//12316 5515//12316 6441//12316
f 6441//12317 6440//12317 6382//12317
f 6441//12318 6382//12318 6374//12318
f 6462//12319 6461//12319 6482//12319
f 6462//12320 6482//12320 6481//12320
f 6387//12321 6509//12321 6510//12321
f 6387//12322 6510//12322 6382//12322
f 6476//12323 6477//12323 6383//12323
f 6476//12324 6383//12324 6376//12324
f 6384//12325 6467//12325 6468//12325
f 6384//12326 6468//12326 6385//12326
f 6385//12327 6468//12327 6469//12327
f 6385//12328 6469//12328 6379//12328
f 6486//12329 6457//12329 6456//12329
f 6486//12330 6456//12330 6487//12330
f 6487//12331 6456//12331 6455//12331
f 6487//12332 6455//12332 6488//12332
f 6389//12333 6515//12333 6516//12333
f 6389//12334 6516//12334 6390//12334
f 6386//12335 6514//12335 6515//12335
f 6386//12336 6515//12336 6389//12336
f 6444//12337 6443//12337 6381//12337
f 6444//12338 6381//12338 6386//12338
f 6443//12339 5516//12339 5517//12339
f 6443//12340 5517//12340 6442//12340
f 6440//12341 6439//12341 6387//12341
f 6440//12342 6387//12342 6382//12342
f 6463//12343 6462//12343 6481//12343
f 6463//12344 6481//12344 6480//12344
f 6391//12345 6508//12345 6509//12345
f 6391//12346 6509//12346 6387//12346
f 6477//12347 6478//12347 6413//12347
f 6477//12348 6413//12348 6383//12348
f 6488//12349 6455//12349 6454//12349
f 6488//12350 6454//12350 6489//12350
f 6489//12351 6454//12351 6453//12351
f 6489//12352 6453//12352 6490//12352
f 6392//12353 6517//12353 6518//12353
f 6392//12354 6518//12354 6393//12354
f 6390//12355 6516//12355 6517//12355
f 6390//12356 6517//12356 6392//12356
f 6390//12357 6446//12357 6445//12357
f 6390//12358 6445//12358 6389//12358
f 6389//12359 6445//12359 6444//12359
f 6389//12360 6444//12360 6386//12360
f 6444//12361 5518//12361 5516//12361
f 6444//12362 5516//12362 6443//12362
f 6440//12363 5946//12363 5519//12363
f 6440//12364 5519//12364 6439//12364
f 6439//12365 6438//12365 6391//12365
f 6439//12366 6391//12366 6387//12366
f 6464//12367 6463//12367 6480//12367
f 6464//12368 6480//12368 6479//12368
f 6414//12369 6507//12369 6508//12369
f 6414//12370 6508//12370 6391//12370
f 6393//12371 6448//12371 6447//12371
f 6393//12372 6447//12372 6392//12372
f 6392//12373 6447//12373 6446//12373
f 6392//12374 6446//12374 6390//12374
f 5518//12375 6444//12375 6445//12375
f 5518//12376 6445//12376 5520//12376
f 6439//12377 5519//12377 5521//12377
f 6439//12378 5521//12378 6438//12378
f 6438//12379 6437//12379 6414//12379
f 6438//12380 6414//12380 6391//12380
f 6438//12381 5521//12381 5529//12381
f 6438//12382 5529//12382 6437//12382
f 6320//12383 5514//12383 5530//12383
f 6320//12384 5530//12384 6336//12384
f 6321//12385 2595//12385 2413//12385
f 6321//12386 2413//12386 6335//12386
f 6289//12387 6271//12387 6247//12387
f 6289//12388 6247//12388 6268//12388
f 6268//12389 6247//12389 6245//12389
f 6268//12390 6245//12390 6267//12390
f 6218//12391 6242//12391 6267//12391
f 6218//12392 6267//12392 6245//12392
f 6190//12393 6215//12393 6242//12393
f 6190//12394 6242//12394 6218//12394
f 6161//12395 6188//12395 6215//12395
f 6161//12396 6215//12396 6190//12396
f 6161//12397 6192//12397 6216//12397
f 6161//12398 6216//12398 6188//12398
f 6192//12399 6220//12399 6243//12399
f 6192//12400 6243//12400 6216//12400
f 6220//12401 6249//12401 6269//12401
f 6220//12402 6269//12402 6243//12402
f 6249//12403 6275//12403 6290//12403
f 6249//12404 6290//12404 6269//12404
f 2396//12405 6290//12405 6275//12405
f 2396//12406 6275//12406 2393//12406
f 6291//12407 6250//12407 6223//12407
f 6291//12408 6223//12408 6272//12408
f 6270//12409 6221//12409 6195//12409
f 6270//12410 6195//12410 6246//12410
f 6246//12411 6195//12411 6193//12411
f 6246//12412 6193//12412 6244//12412
f 6162//12413 6217//12413 6244//12413
f 6162//12414 6244//12414 6193//12414
f 6132//12415 6189//12415 6217//12415
f 6132//12416 6217//12416 6162//12416
f 6108//12417 6160//12417 6189//12417
f 6108//12418 6189//12418 6132//12418
f 6108//12419 6134//12419 6191//12419
f 6108//12420 6191//12420 6160//12420
f 6134//12421 6164//12421 6219//12421
f 6134//12422 6219//12422 6191//12422
f 6164//12423 6197//12423 6248//12423
f 6164//12424 6248//12424 6219//12424
f 6197//12425 6225//12425 6274//12425
f 6197//12426 6274//12426 6248//12426
f 2394//12427 6274//12427 6225//12427
f 2394//12428 6225//12428 2388//12428
f 2700//12429 6407//12429 6408//12429
f 2700//12430 6408//12430 2415//12430
f 2415//12431 6408//12431 6409//12431
f 2415//12432 6409//12432 2419//12432
f 2419//12433 6409//12433 6410//12433
f 2419//12434 6410//12434 2427//12434
f 2427//12435 6410//12435 6411//12435
f 2427//12436 6411//12436 2435//12436
f 2435//12437 6411//12437 6412//12437
f 2435//12438 6412//12438 2443//12438
f 2688//12439 6414//12439 6437//12439
f 2688//12440 6437//12440 3127//12440
f 3127//12441 6437//12441 5529//12441
f 3127//12442 5529//12442 11//12442
f 6317//12443 5532//12443 5535//12443
f 6317//12444 5535//12444 6334//12444
f 6177//12445 6416//12445 6417//12445
f 6177//12446 6417//12446 6150//12446
f 6150//12447 6417//12447 6418//12447
f 6150//12448 6418//12448 6151//12448
f 6151//12449 6418//12449 6419//12449
f 6151//12450 6419//12450 6123//12450
f 6123//12451 6419//12451 6420//12451
f 6123//12452 6420//12452 6124//12452
f 6421//12453 6102//12453 6124//12453
f 6421//12454 6124//12454 6420//12454
f 6422//12455 6087//12455 6102//12455
f 6422//12456 6102//12456 6421//12456
f 6423//12457 6078//12457 6087//12457
f 6423//12458 6087//12458 6422//12458
f 6423//12459 6424//12459 6089//12459
f 6423//12460 6089//12460 6078//12460
f 6424//12461 6425//12461 6105//12461
f 6424//12462 6105//12462 6089//12462
f 6425//12463 6426//12463 6129//12463
f 6425//12464 6129//12464 6105//12464
f 6426//12465 6427//12465 6159//12465
f 6426//12466 6159//12466 6129//12466
f 6427//12467 2742//12467 2377//12467
f 6427//12468 2377//12468 6159//12468
f 6223//12469 6250//12469 6430//12469
f 6223//12470 6430//12470 6431//12470
f 6141//12471 6169//12471 6170//12471
f 6141//12472 6170//12472 6142//12472
f 6199//12473 6200//12473 6170//12473
f 6199//12474 6170//12474 6169//12474
f 6200//12475 6199//12475 6222//12475
f 6200//12476 6222//12476 6224//12476
f 6224//12477 6222//12477 6221//12477
f 6224//12478 6221//12478 6431//12478
f 6431//12479 6221//12479 6270//12479
f 6431//12480 6270//12480 6223//12480
f 6223//12481 6270//12481 6271//12481
f 6223//12482 6271//12482 6272//12482
f 6272//12483 6271//12483 6289//12483
f 6272//12483 6289//12483 6273//12483
f 6538//12484 6273//12484 6289//12484
f 6538//12485 6289//12485 6539//12485
f 6319//12486 6334//12486 6320//12486
f 6319//12487 6320//12487 6307//12487
f 6334//12488 5535//12488 5514//12488
f 6334//12489 5514//12489 6320//12489
f 5537//12490 6447//12490 6448//12490
f 5537//12491 6448//12491 5538//12491
f 5539//12492 6446//12492 6447//12492
f 5539//12493 6447//12493 5537//12493
f 5520//12494 6445//12494 6446//12494
f 5520//12495 6446//12495 5539//12495
f 6145//12496 6146//12496 6147//12496
f 6145//12497 6147//12497 6144//12497
f 6172//12498 6202//12498 6203//12498
f 6172//12499 6203//12499 6173//12499
f 6172//12500 6173//12500 6145//12500
f 6172//12501 6145//12501 6144//12501
f 6062//12502 6146//12502 6145//12502
f 6062//12503 6145//12503 6061//12503
f 6174//12504 6147//12504 6146//12504
f 6174//12505 6146//12505 6175//12505
f 6174//12506 6175//12506 6176//12506
f 6174//12507 6176//12507 6177//12507
f 6173//12508 6203//12508 6065//12508
f 6173//12509 6065//12509 6064//12509
f 6145//12510 6173//12510 6064//12510
f 6145//12511 6064//12511 6061//12511
f 6063//12512 6175//12512 6146//12512
f 6063//12513 6146//12513 6062//12513
f 6063//12514 6058//12514 6176//12514
f 6063//12515 6176//12515 6175//12515
f 6415//12516 6230//12516 6229//12516
f 6415//12517 6229//12517 6416//12517
f 6228//12518 6203//12518 6202//12518
f 6228//12519 6202//12519 6227//12519
f 6068//12520 6230//12520 6415//12520
f 6068//12521 6415//12521 6057//12521
f 6230//12522 6255//12522 6254//12522
f 6230//12523 6254//12523 6229//12523
f 6251//12524 6430//12524 6429//12524
f 6251//12525 6429//12525 6253//12525
f 6251//12526 6253//12526 6228//12526
f 6251//12527 6228//12527 6227//12527
f 6065//12528 6203//12528 6228//12528
f 6065//12529 6228//12529 6053//12529
f 6054//12530 6255//12530 6230//12530
f 6054//12531 6230//12531 6068//12531
f 6255//12532 6277//12532 6276//12532
f 6255//12533 6276//12533 6254//12533
f 6428//12534 6051//12534 6253//12534
f 6428//12535 6253//12535 6429//12535
f 6051//12536 6053//12536 6228//12536
f 6051//12537 6228//12537 6253//12537
f 6054//12538 6067//12538 6277//12538
f 6054//12539 6277//12539 6255//12539
f 6279//12540 6276//12540 6277//12540
f 6279//12541 6277//12541 6278//12541
f 6294//12542 6293//12542 6291//12542
f 6294//12543 6291//12543 6292//12543
f 6278//12544 6277//12544 6067//12544
f 6278//12545 6067//12545 6069//12545
f 6504//12546 6279//12546 6278//12546
f 6504//12547 6278//12547 6505//12547
f 6296//12548 6406//12548 6405//12548
f 6296//12549 6405//12549 6295//12549
f 6536//12550 6294//12550 6292//12550
f 6536//12551 6292//12551 6537//12551
f 6050//12552 6059//12552 6293//12552
f 6050//12553 6293//12553 6294//12553
f 6505//12554 6278//12554 6069//12554
f 6505//12555 6069//12555 6506//12555
f 6071//12556 6406//12556 6296//12556
f 6071//12557 6296//12557 6070//12557
f 6050//12558 6294//12558 6536//12558
f 6050//12559 6536//12559 6535//12559
f 6337//12560 6323//12560 6322//12560
f 6337//12561 6322//12561 6336//12561
f 6405//12562 6406//12562 6339//12562
f 6405//12563 6339//12563 6338//12563
f 6339//12564 6350//12564 6349//12564
f 6339//12565 6349//12565 6338//12565
f 6052//12566 6066//12566 6323//12566
f 6052//12567 6323//12567 6337//12567
f 6339//12568 6406//12568 6071//12568
f 6339//12569 6071//12569 6055//12569
f 6049//12570 6350//12570 6339//12570
f 6049//12571 6339//12571 6055//12571
f 6350//12572 6361//12572 6360//12572
f 6350//12573 6360//12573 6349//12573
f 6046//12574 6361//12574 6350//12574
f 6046//12575 6350//12575 6049//12575
f 6361//12576 6370//12576 6369//12576
f 6361//12577 6369//12577 6360//12577
f 6048//12578 6370//12578 6361//12578
f 6048//12579 6361//12579 6046//12579
f 6370//12580 6378//12580 6377//12580
f 6370//12581 6377//12581 6369//12581
f 6045//12582 6378//12582 6370//12582
f 6045//12583 6370//12583 6048//12583
f 6378//12584 6388//12584 6384//12584
f 6378//12585 6384//12585 6377//12585
f 6047//12586 6388//12586 6378//12586
f 6047//12587 6378//12587 6045//12587
f 6047//12588 6465//12588 6466//12588
f 6047//12589 6466//12589 6388//12589
f 6388//12590 6466//12590 6467//12590
f 6388//12591 6467//12591 6384//12591
f 6490//12592 6453//12592 6452//12592
f 6490//12593 6452//12593 6491//12593
f 6491//12594 6452//12594 6451//12594
f 6491//12595 6451//12595 6492//12595
f 6393//12596 6518//12596 6519//12596
f 6393//12597 6519//12597 6394//12597
f 6394//12598 6449//12598 6448//12598
f 6394//12599 6448//12599 6393//12599
f 6337//12600 5531//12600 5536//12600
f 6337//12601 5536//12601 6052//12601
f 6336//12602 5530//12602 5531//12602
f 6336//12603 5531//12603 6337//12603
f 6059//12604 6060//12604 6252//12604
f 6059//12605 6252//12605 6293//12605
f 6293//12606 6252//12606 6250//12606
f 6293//12607 6250//12607 6291//12607
f 6449//12608 6394//12608 6056//12608
f 6449//12609 6056//12609 6450//12609
f 6394//12610 6519//12610 6520//12610
f 6394//12611 6520//12611 6056//12611
f 5522//12612 6449//12612 6450//12612
f 5522//12613 6450//12613 5513//12613
f 6415//12614 6176//12614 6058//12614
f 6415//12615 6058//12615 6057//12615
f 6176//12616 6415//12616 6416//12616
f 6176//12617 6416//12617 6177//12617
f 6252//12618 6060//12618 6428//12618
f 6252//12619 6428//12619 6429//12619
f 6430//12620 6250//12620 6252//12620
f 6430//12621 6252//12621 6429//12621
f 5538//12622 6448//12622 6449//12622
f 5538//12623 6449//12623 5522//12623
f 6187//12624 6432//12624 6427//12624
f 6187//12625 6427//12625 6426//12625
f 2761//12626 6432//12626 6433//12626
f 2761//12627 6433//12627 2382//12627
f 6187//12628 6214//12628 6433//12628
f 6187//12629 6433//12629 6432//12629
f 6407//12630 6436//12630 6263//12630
f 6407//12631 6263//12631 6395//12631
f 2404//12632 2400//12632 6435//12632
f 2404//12633 6435//12633 6434//12633
f 6214//12634 6239//12634 6435//12634
f 6214//12635 6435//12635 6433//12635
f 6494//12636 6493//12636 6434//12636
f 6494//12637 6434//12637 6240//12637
f 6434//12638 6435//12638 6239//12638
f 6434//12639 6239//12639 6240//12639
f 2382//12640 6433//12640 6435//12640
f 2382//12641 6435//12641 2400//12641
f 2404//12642 6434//12642 6493//12642
f 2404//12643 6493//12643 3685//12643
f 2983//12644 6436//12644 6407//12644
f 2983//12645 6407//12645 2700//12645
f 5515//12646 5946//12646 6440//12646
f 5515//12647 6440//12647 6441//12647
f 2688//12648 3650//12648 6507//12648
f 2688//12649 6507//12649 6414//12649
f 6479//12650 2691//12650 3720//12650
f 6479//12651 3720//12651 6464//12651
f 6478//12652 3719//12652 3718//12652
f 6478//12653 3718//12653 6413//12653
f 2443//12654 6412//12654 6413//12654
f 2443//12655 6413//12655 3718//12655
f 6427//12656 6432//12656 2761//12656
f 6427//12657 2761//12657 2742//12657
f 6452//12658 6466//12658 6465//12658
f 6452//12659 6465//12659 6451//12659
f 6453//12660 6467//12660 6466//12660
f 6453//12661 6466//12661 6452//12661
f 6454//12662 6468//12662 6467//12662
f 6454//12663 6467//12663 6453//12663
f 6455//12664 6469//12664 6468//12664
f 6455//12665 6468//12665 6454//12665
f 6456//12666 6470//12666 6469//12666
f 6456//12667 6469//12667 6455//12667
f 6457//12668 6471//12668 6470//12668
f 6457//12669 6470//12669 6456//12669
f 6458//12670 6472//12670 6471//12670
f 6458//12671 6471//12671 6457//12671
f 6459//12672 6473//12672 6472//12672
f 6459//12673 6472//12673 6458//12673
f 6460//12674 6474//12674 6473//12674
f 6460//12675 6473//12675 6459//12675
f 6461//12676 6475//12676 6474//12676
f 6461//12677 6474//12677 6460//12677
f 6462//12678 6476//12678 6475//12678
f 6462//12679 6475//12679 6461//12679
f 6463//12680 6477//12680 6476//12680
f 6463//12681 6476//12681 6462//12681
f 6464//12682 6478//12682 6477//12682
f 6464//12683 6477//12683 6463//12683
f 6464//12684 3720//12684 3719//12684
f 6464//12685 3719//12685 6478//12685
f 6507//12686 3650//12686 2691//12686
f 6507//12687 2691//12687 6479//12687
f 6480//12688 6508//12688 6507//12688
f 6480//12689 6507//12689 6479//12689
f 6481//12690 6509//12690 6508//12690
f 6481//12691 6508//12691 6480//12691
f 6482//12692 6510//12692 6509//12692
f 6482//12693 6509//12693 6481//12693
f 6483//12694 6511//12694 6510//12694
f 6483//12695 6510//12695 6482//12695
f 6484//12696 6512//12696 6511//12696
f 6484//12697 6511//12697 6483//12697
f 6485//12698 6513//12698 6512//12698
f 6485//12699 6512//12699 6484//12699
f 6486//12700 6514//12700 6513//12700
f 6486//12701 6513//12701 6485//12701
f 6487//12702 6515//12702 6514//12702
f 6487//12703 6514//12703 6486//12703
f 6488//12704 6516//12704 6515//12704
f 6488//12705 6515//12705 6487//12705
f 6489//12706 6517//12706 6516//12706
f 6489//12707 6516//12707 6488//12707
f 6490//12708 6518//12708 6517//12708
f 6490//12709 6517//12709 6489//12709
f 6491//12710 6519//12710 6518//12710
f 6491//12711 6518//12711 6490//12711
f 6492//12712 6520//12712 6519//12712
f 6492//12713 6519//12713 6491//12713
f 3685//12714 6493//12714 6436//12714
f 3685//12715 6436//12715 2983//12715
f 6494//12716 6263//12716 6436//12716
f 6494//12717 6436//12717 6493//12717
f 6495//12718 6238//12718 6263//12718
f 6495//12719 6263//12719 6494//12719
f 6496//12720 6211//12720 6238//12720
f 6496//12721 6238//12721 6495//12721
f 6497//12722 6183//12722 6211//12722
f 6497//12723 6211//12723 6496//12723
f 6497//12724 6498//12724 6210//12724
f 6497//12725 6210//12725 6183//12725
f 6498//12726 6499//12726 6237//12726
f 6498//12727 6237//12727 6210//12727
f 6499//12728 6500//12728 6260//12728
f 6499//12729 6260//12729 6237//12729
f 6260//12730 6500//12730 6501//12730
f 6260//12731 6501//12731 6261//12731
f 6280//12732 6261//12732 6501//12732
f 6280//12733 6501//12733 6502//12733
f 6280//12734 6502//12734 6503//12734
f 6280//12735 6503//12735 6281//12735
f 6295//12736 6281//12736 6503//12736
f 6295//12737 6503//12737 6504//12737
f 6295//12738 6504//12738 6505//12738
f 6295//12739 6505//12739 6296//12739
f 6070//12740 6296//12740 6505//12740
f 6070//12741 6505//12741 6506//12741
f 6066//12742 6521//12742 6522//12742
f 6066//12743 6522//12743 6323//12743
f 6323//12744 6522//12744 6523//12744
f 6323//12745 6523//12745 6322//12745
f 6322//12746 6523//12746 6524//12746
f 6322//12747 6524//12747 6307//12747
f 6525//12748 6319//12748 6307//12748
f 6525//12749 6307//12749 6524//12749
f 6319//12750 6525//12750 6526//12750
f 6319//12751 6526//12751 6305//12751
f 6305//12752 6526//12752 6527//12752
f 6305//12753 6527//12753 6304//12753
f 6528//12754 6287//12754 6304//12754
f 6528//12755 6304//12755 6527//12755
f 6529//12756 6265//12756 6287//12756
f 6529//12757 6287//12757 6528//12757
f 6530//12758 6241//12758 6265//12758
f 6530//12759 6265//12759 6529//12759
f 6531//12760 6266//12760 6241//12760
f 6531//12761 6241//12761 6530//12761
f 6532//12762 6288//12762 6266//12762
f 6532//12763 6266//12763 6531//12763
f 6533//12764 6306//12764 6288//12764
f 6533//12765 6288//12765 6532//12765
f 6534//12766 6321//12766 6306//12766
f 6534//12767 6306//12767 6533//12767
f 2595//12768 6321//12768 6534//12768
f 2595//12769 6534//12769 4264//12769
f 6522//12770 6521//12770 6535//12770
f 6522//12771 6535//12771 6536//12771
f 6523//12772 6522//12772 6536//12772
f 6523//12773 6536//12773 6537//12773
f 6538//12774 6524//12774 6523//12774
f 6538//12775 6523//12775 6537//12775
f 6525//12776 6524//12776 6538//12776
f 6525//12777 6538//12777 6539//12777
f 6526//12778 6525//12778 6539//12778
f 6526//12779 6539//12779 6540//12779
f 6527//12780 6526//12780 6540//12780
f 6527//12781 6540//12781 6541//12781
f 6528//12782 6527//12782 6541//12782
f 6528//12783 6541//12783 6542//12783
f 6529//12784 6528//12784 6542//12784
f 6529//12785 6542//12785 6543//12785
f 6530//12786 6529//12786 6543//12786
f 6530//12787 6543//12787 6544//12787
f 6545//12788 6531//12788 6530//12788
f 6545//12789 6530//12789 6544//12789
f 6546//12790 6532//12790 6531//12790
f 6546//12791 6531//12791 6545//12791
f 6547//12792 6533//12792 6532//12792
f 6547//12793 6532//12793 6546//12793
f 6548//12794 6534//12794 6533//12794
f 6548//12795 6533//12795 6547//12795
f 4276//12796 4264//12796 6534//12796
f 4276//12797 6534//12797 6548//12797
f 6550//12798 6549//12798 3762//12798
f 6550//12799 3762//12799 3796//12799
f 6585//12800 6563//12800 3763//12800
f 6585//12801 3763//12801 3832//12801
f 3765//12802 6551//12802 6581//12802
f 3765//12803 6581//12803 3766//12803
f 3767//12804 6552//12804 6553//12804
f 3767//12805 6553//12805 3768//12805
f 3772//12806 6554//12806 6555//12806
f 3772//12807 6555//12807 3773//12807
f 6558//12808 6557//12808 3770//12808
f 6558//12809 3770//12809 3769//12809
f 6559//12810 6560//12810 3776//12810
f 6559//12811 3776//12811 3775//12811
f 6560//12812 6562//12812 3777//12812
f 6560//12813 3777//12813 3776//12813
f 6563//12814 6564//12814 3764//12814
f 6563//12815 3764//12815 3763//12815
f 3764//12816 6564//12816 6551//12816
f 3764//12817 6551//12817 3765//12817
f 3796//12818 3795//12818 6582//12818
f 3796//12819 6582//12819 6550//12819
f 6587//12820 6582//12820 3795//12820
f 6587//12821 3795//12821 4133//12821
f 3754//12822 3789//12822 6584//12822
f 3754//12823 6584//12823 6576//12823
f 4132//12824 3788//12824 6569//12824
f 4132//12825 6569//12825 6586//12825
f 3786//12826 3785//12826 6579//12826
f 3786//12827 6579//12827 6567//12827
f 3787//12828 6568//12828 6569//12828
f 3787//12829 6569//12829 3788//12829
f 3793//12830 3792//12830 6583//12830
f 3793//12831 6583//12831 6570//12831
f 3779//12832 6561//12832 6571//12832
f 3779//12833 6571//12833 3780//12833
f 6553//12834 6558//12834 3769//12834
f 6553//12835 3769//12835 3768//12835
f 6557//12836 6574//12836 3771//12836
f 6557//12837 3771//12837 3770//12837
f 3773//12838 6555//12838 6556//12838
f 3773//12839 6556//12839 3774//12839
f 3771//12840 6574//12840 6554//12840
f 3771//12841 6554//12841 3772//12841
f 3782//12842 6573//12842 6572//12842
f 3782//12843 6572//12843 3783//12843
f 3790//12844 6566//12844 6577//12844
f 3790//12845 6577//12845 3791//12845
f 3787//12846 3786//12846 6567//12846
f 3787//12847 6567//12847 6568//12847
f 6570//12848 6565//12848 3794//12848
f 6570//12849 3794//12849 3793//12849
f 6575//12850 6573//12850 3782//12850
f 6575//12851 3782//12851 3781//12851
f 6588//12852 6566//12852 3790//12852
f 6588//12853 3790//12853 4162//12853
f 3791//12854 6577//12854 6583//12854
f 3791//12855 6583//12855 3792//12855
f 6578//12856 3784//12856 3783//12856
f 6578//12857 3783//12857 6572//12857
f 6578//12858 6579//12858 3785//12858
f 6578//12859 3785//12859 3784//12859
f 6562//12860 6580//12860 3778//12860
f 6562//12861 3778//12861 3777//12861
f 6580//12862 6561//12862 3779//12862
f 6580//12863 3779//12863 3778//12863
f 6571//12864 6589//12864 4433//12864
f 6571//12865 4433//12865 3780//12865
f 6581//12866 6552//12866 3767//12866
f 6581//12867 3767//12867 3766//12867
f 3775//12868 3774//12868 6556//12868
f 3775//12869 6556//12869 6559//12869
f 6590//12870 6585//12870 3832//12870
f 6590//12871 3832//12871 4434//12871
f 3789//12872 4132//12872 6586//12872
f 3789//12873 6586//12873 6584//12873
f 6565//12874 6587//12874 4133//12874
f 6565//12875 4133//12875 3794//12875
f 6576//12876 6588//12876 4162//12876
f 6576//12877 4162//12877 3754//12877
f 6589//12878 6575//12878 3781//12878
f 6589//12879 3781//12879 4433//12879
f 3762//12880 6549//12880 6590//12880
f 3762//12881 6590//12881 4434//12881
f 6592//12882 1582//12882 1548//12882
f 6592//12883 1548//12883 6591//12883
f 6627//12884 1623//12884 1549//12884
f 6627//12885 1549//12885 6605//12885
f 1551//12886 1552//12886 6623//12886
f 1551//12887 6623//12887 6593//12887
f 1553//12888 1554//12888 6595//12888
f 1553//12889 6595//12889 6594//12889
f 1558//12890 1559//12890 6597//12890
f 1558//12891 6597//12891 6596//12891
f 6600//12892 1555//12892 1556//12892
f 6600//12893 1556//12893 6599//12893
f 6601//12894 1561//12894 1562//12894
f 6601//12895 1562//12895 6602//12895
f 6602//12896 1562//12896 1563//12896
f 6602//12897 1563//12897 6604//12897
f 6605//12898 1549//12898 1550//12898
f 6605//12899 1550//12899 6606//12899
f 1550//12900 1551//12900 6593//12900
f 1550//12901 6593//12901 6606//12901
f 1582//12902 6592//12902 6624//12902
f 1582//12903 6624//12903 1581//12903
f 6629//12904 1933//12904 1581//12904
f 6629//12905 1581//12905 6624//12905
f 1540//12906 6618//12906 6626//12906
f 1540//12907 6626//12907 1575//12907
f 1932//12908 6628//12908 6611//12908
f 1932//12909 6611//12909 1574//12909
f 1572//12910 6609//12910 6621//12910
f 1572//12911 6621//12911 1571//12911
f 1573//12912 1574//12912 6611//12912
f 1573//12913 6611//12913 6610//12913
f 1579//12914 6612//12914 6625//12914
f 1579//12915 6625//12915 1578//12915
f 1565//12916 1566//12916 6613//12916
f 1565//12917 6613//12917 6603//12917
f 6595//12918 1554//12918 1555//12918
f 6595//12919 1555//12919 6600//12919
f 6599//12920 1556//12920 1557//12920
f 6599//12921 1557//12921 6616//12921
f 1559//12922 1560//12922 6598//12922
f 1559//12923 6598//12923 6597//12923
f 1557//12924 1558//12924 6596//12924
f 1557//12925 6596//12925 6616//12925
f 1568//12926 1569//12926 6614//12926
f 1568//12927 6614//12927 6615//12927
f 1576//12928 1577//12928 6619//12928
f 1576//12929 6619//12929 6608//12929
f 1573//12930 6610//12930 6609//12930
f 1573//12931 6609//12931 1572//12931
f 6612//12932 1579//12932 1580//12932
f 6612//12933 1580//12933 6607//12933
f 6617//12934 1567//12934 1568//12934
f 6617//12935 1568//12935 6615//12935
f 6630//12936 1962//12936 1576//12936
f 6630//12937 1576//12937 6608//12937
f 1577//12938 1578//12938 6625//12938
f 1577//12939 6625//12939 6619//12939
f 6620//12940 6614//12940 1569//12940
f 6620//12941 1569//12941 1570//12941
f 6620//12942 1570//12942 1571//12942
f 6620//12943 1571//12943 6621//12943
f 6604//12944 1563//12944 1564//12944
f 6604//12945 1564//12945 6622//12945
f 6622//12946 1564//12946 1565//12946
f 6622//12947 1565//12947 6603//12947
f 6613//12948 1566//12948 2242//12948
f 6613//12949 2242//12949 6631//12949
f 6623//12950 1552//12950 1553//12950
f 6623//12951 1553//12951 6594//12951
f 1561//12952 6601//12952 6598//12952
f 1561//12953 6598//12953 1560//12953
f 6632//12954 2243//12954 1623//12954
f 6632//12955 1623//12955 6627//12955
f 1575//12956 6626//12956 6628//12956
f 1575//12957 6628//12957 1932//12957
f 6607//12958 1580//12958 1933//12958
f 6607//12959 1933//12959 6629//12959
f 6618//12960 1540//12960 1962//12960
f 6618//12961 1962//12961 6630//12961
f 6631//12962 2242//12962 1567//12962
f 6631//12963 1567//12963 6617//12963
f 1548//12964 2243//12964 6632//12964
f 1548//12965 6632//12965 6591//12965
f 6651//12966 5540//12966 5542//12966
f 6651//12967 5542//12967 6653//12967
f 5540//12968 6651//12968 6654//12968
f 5540//12969 6654//12969 5543//12969
f 6655//12970 5544//12970 5541//12970
f 6655//12971 5541//12971 6652//12971
f 6652//12972 5541//12972 5543//12972
f 6652//12973 5543//12973 6654//12973
f 5945//12974 6663//12974 6643//12974
f 5945//12975 6643//12975 5551//12975
f 5513//12976 6633//12976 6663//12976
f 5513//12977 6663//12977 5945//12977
f 6653//12978 5542//12978 5961//12978
f 6653//12979 5961//12979 6665//12979
f 6664//12980 5947//12980 5988//12980
f 6664//12981 5988//12981 6666//12981
f 5544//12982 6655//12982 6661//12982
f 5544//12983 6661//12983 5550//12983
f 5553//12984 5552//12984 6635//12984
f 5553//12985 6635//12985 6644//12985
f 6635//12986 5552//12986 5563//12986
f 6635//12987 5563//12987 6640//12987
f 5545//12988 6656//12988 6670//12988
f 5545//12989 6670//12989 6031//12989
f 6645//12990 6656//12990 5545//12990
f 6645//12991 5545//12991 5554//12991
f 5554//12992 5555//12992 6636//12992
f 5554//12993 6636//12993 6645//12993
f 6657//12994 5546//12994 5548//12994
f 6657//12995 5548//12995 6659//12995
f 6662//12996 5923//12996 5546//12996
f 6662//12997 5546//12997 6657//12997
f 6647//12998 5556//12998 5557//12998
f 6647//12999 5557//12999 6646//12999
f 5547//13000 6658//13000 6634//13000
f 5547//13001 6634//13001 5536//13001
f 6658//13002 5547//13002 5561//13002
f 6658//13003 5561//13003 6639//13003
f 5557//13004 5558//13004 6637//13004
f 5557//13005 6637//13005 6646//13005
f 5558//13006 5553//13006 6644//13006
f 5558//13007 6644//13007 6637//13007
f 5559//13008 6638//13008 6648//13008
f 5559//13009 6648//13009 5560//13009
f 5556//13010 6647//13010 6638//13010
f 5556//13011 6638//13011 5559//13011
f 5560//13012 6648//13012 6659//13012
f 5560//13013 6659//13013 5548//13013
f 5563//13014 5549//13014 6660//13014
f 5563//13015 6660//13015 6640//13015
f 6660//13016 5549//13016 5562//13016
f 6660//13017 5562//13017 6649//13017
f 5550//13018 6661//13018 6642//13018
f 5550//13019 6642//13019 5566//13019
f 5564//13020 6641//13020 6649//13020
f 5564//13021 6649//13021 5562//13021
f 5564//13022 6002//13022 6667//13022
f 5564//13023 6667//13023 6641//13023
f 5566//13024 6642//13024 6650//13024
f 5566//13025 6650//13025 5565//13025
f 5551//13026 6643//13026 6668//13026
f 5551//13027 6668//13027 6016//13027
f 6636//13028 5555//13028 5923//13028
f 6636//13029 5923//13029 6662//13029
f 6665//13030 5961//13030 5947//13030
f 6665//13031 5947//13031 6664//13031
f 6666//13032 5988//13032 6016//13032
f 6666//13033 6016//13033 6668//13033
f 6667//13034 6002//13034 5565//13034
f 6667//13035 5565//13035 6650//13035
f 6639//13036 5561//13036 6017//13036
f 6639//13037 6017//13037 6669//13037
f 6031//13038 6670//13038 6669//13038
f 6031//13039 6669//13039 6017//13039
f 6687//13040 6689//13040 6047//13040
f 6687//13041 6047//13041 6045//13041
f 6045//13042 6048//13042 6690//13042
f 6045//13043 6690//13043 6687//13043
f 6691//13044 6688//13044 6046//13044
f 6691//13045 6046//13045 6049//13045
f 6688//13046 6690//13046 6048//13046
f 6688//13047 6048//13047 6046//13047
f 6450//13048 6056//13048 6679//13048
f 6450//13049 6679//13049 6699//13049
f 5513//13050 6450//13050 6699//13050
f 5513//13051 6699//13051 6633//13051
f 6689//13052 6701//13052 6465//13052
f 6689//13053 6465//13053 6047//13053
f 6700//13054 6702//13054 6492//13054
f 6700//13055 6492//13055 6451//13055
f 6049//13056 6055//13056 6697//13056
f 6049//13057 6697//13057 6691//13057
f 6058//13058 6680//13058 6671//13058
f 6058//13059 6671//13059 6057//13059
f 6671//13060 6676//13060 6068//13060
f 6671//13061 6068//13061 6057//13061
f 6050//13062 6535//13062 6706//13062
f 6050//13063 6706//13063 6692//13063
f 6681//13064 6059//13064 6050//13064
f 6681//13065 6050//13065 6692//13065
f 6059//13066 6681//13066 6672//13066
f 6059//13067 6672//13067 6060//13067
f 6693//13068 6695//13068 6053//13068
f 6693//13069 6053//13069 6051//13069
f 6698//13070 6693//13070 6051//13070
f 6698//13071 6051//13071 6428//13071
f 6683//13072 6682//13072 6062//13072
f 6683//13073 6062//13073 6061//13073
f 6052//13074 5536//13074 6634//13074
f 6052//13075 6634//13075 6694//13075
f 6694//13076 6675//13076 6066//13076
f 6694//13077 6066//13077 6052//13077
f 6062//13078 6682//13078 6673//13078
f 6062//13079 6673//13079 6063//13079
f 6063//13080 6673//13080 6680//13080
f 6063//13081 6680//13081 6058//13081
f 6064//13082 6065//13082 6684//13082
f 6064//13083 6684//13083 6674//13083
f 6061//13084 6064//13084 6674//13084
f 6061//13085 6674//13085 6683//13085
f 6065//13086 6053//13086 6695//13086
f 6065//13087 6695//13087 6684//13087
f 6068//13088 6676//13088 6696//13088
f 6068//13089 6696//13089 6054//13089
f 6696//13090 6685//13090 6067//13090
f 6696//13091 6067//13091 6054//13091
f 6055//13092 6071//13092 6678//13092
f 6055//13093 6678//13093 6697//13093
f 6069//13094 6067//13094 6685//13094
f 6069//13095 6685//13095 6677//13095
f 6069//13096 6677//13096 6703//13096
f 6069//13097 6703//13097 6506//13097
f 6071//13098 6070//13098 6686//13098
f 6071//13099 6686//13099 6678//13099
f 6056//13100 6520//13100 6704//13100
f 6056//13101 6704//13101 6679//13101
f 6672//13102 6698//13102 6428//13102
f 6672//13103 6428//13103 6060//13103
f 6701//13104 6700//13104 6451//13104
f 6701//13105 6451//13105 6465//13105
f 6702//13106 6704//13106 6520//13106
f 6702//13107 6520//13107 6492//13107
f 6703//13108 6686//13108 6070//13108
f 6703//13109 6070//13109 6506//13109
f 6675//13110 6705//13110 6521//13110
f 6675//13111 6521//13111 6066//13111
f 6535//13112 6521//13112 6705//13112
f 6535//13113 6705//13113 6706//13113
