# Blender 4.2.1 LTS
# www.blender.org
v 0.000000 -2.659078 11.858304
v -0.000000 -2.285982 11.654155
v 0.000000 -2.514419 11.796700
v 0.000000 -2.156745 11.605821
v 0.000000 -1.830695 11.559877
v -0.000000 -1.176557 11.575441
v -0.503992 3.440800 10.645912
v -0.000000 -8.235627 8.752686
v 0.000000 -8.565628 8.712494
v -0.719403 4.599955 10.507784
v -0.000000 -7.974252 8.924322
v -1.003777 -10.401886 5.411754
v -6.972595 -1.590867 2.902649
v -7.056324 -1.140674 2.947484
v -7.108075 -0.734107 2.955505
v -6.844465 -2.156223 2.791820
v -5.496634 1.606008 8.352725
v -5.140832 1.731140 8.584455
v -4.364802 -2.242390 8.693029
v -2.971857 -1.781630 9.824442
v -3.226023 -1.507120 9.718925
v -2.748760 -2.043271 9.944722
v -2.794577 -1.510833 9.942067
v -2.577013 -1.770130 10.058062
v -3.507123 -1.227303 9.614409
v -3.040397 -1.232503 9.838864
v -3.586310 -0.661616 9.634241
v -3.093572 -0.696247 9.836935
v -3.308245 -0.951558 9.741212
v -3.356387 -0.406859 9.739021
v -3.805435 -0.938399 9.497693
v -5.863634 3.280462 7.522789
v -5.890525 3.438455 7.517130
v -5.911716 3.589612 7.530828
v -5.924707 3.886595 7.606067
v -5.650262 3.260223 7.758931
v -5.457648 3.258183 7.941129
v -5.743558 2.725564 7.671999
v -5.483029 2.766491 7.910044
v -5.607289 2.096037 8.024995
v -5.713602 4.188836 8.095601
v -5.747123 4.054872 7.978222
v -5.567648 4.060364 8.238736
v -5.599701 3.948048 8.132552
v -5.764756 3.793563 7.828536
v -5.608966 3.728675 8.001410
v -5.553423 3.500662 7.946114
v -5.512846 3.382337 7.935441
v -5.727166 3.533225 7.763186
v -5.692625 3.400315 7.752702
v -5.358655 3.384314 8.079621
v -5.298242 3.274138 8.084509
v -5.402497 3.487428 8.089645
v -5.473586 3.690634 8.132210
v -5.445323 3.968946 8.330997
v -5.473973 3.874429 8.239334
v -5.512807 4.175734 8.370824
v -5.591765 4.459069 8.396453
v -5.441772 4.288937 8.520686
v -5.659363 4.323977 8.238834
v -5.393668 4.065382 8.446176
v -5.318282 4.160852 8.582603
v -2.842319 -0.977822 9.924446
v -1.864175 -0.234001 10.276602
v -1.845525 -0.568624 10.339704
v -2.416420 -1.510751 10.126184
v -2.614191 -1.254700 10.018959
v -1.568807 -1.131344 10.647830
v -1.268767 -1.172320 10.873719
v -1.117860 -1.125990 10.992464
v -0.956348 -1.150990 11.110165
v -0.832985 -1.146620 11.212152
v -1.919234 0.282379 10.246661
v -2.067375 -0.000972 10.158656
v -2.274403 0.243127 10.068660
v -2.098599 0.490241 10.128392
v -1.790317 0.549083 10.353399
v -5.138913 5.000915 9.066900
v -4.983555 5.121782 9.223698
v -4.439380 5.402190 9.631416
v -4.834208 4.909704 9.320468
v -4.989732 4.792031 9.172177
v -5.507116 4.597764 8.559877
v -5.356798 4.414717 8.677821
v -2.475223 0.489137 9.963109
v -2.278454 0.706532 10.008471
v -2.093789 0.921191 10.066198
v -1.938316 0.732796 10.208579
v -1.786383 0.962507 10.300542
v -1.596000 -1.978670 10.869894
v -1.805680 -1.968566 10.689152
v -2.030837 -1.914990 10.483309
v -1.406731 -1.961125 11.027644
v -1.433947 -2.408625 11.161294
v -1.621186 -2.478384 11.001848
v -1.233747 -1.934872 11.159559
v -1.259670 -2.355217 11.296912
v -1.823200 -2.558771 10.812367
v -4.847580 4.618559 9.219971
v -4.690262 4.729928 9.362779
v -5.222786 4.269101 8.740446
v -1.920740 1.133335 10.135518
v -2.486928 5.363847 10.426395
v -2.396885 5.180249 10.351398
v -4.154128 4.990835 9.717163
v -4.298228 5.185095 9.701077
v -1.574244 3.100991 9.435339
v -1.737772 2.807821 9.472405
v -0.453520 -1.064463 11.464475
v -0.215898 -1.157714 11.549757
v -0.922076 -1.899363 11.371040
v -0.251125 -1.843506 11.569468
v -0.495272 -1.866683 11.542192
v -0.238392 -2.157752 11.629471
v -0.461861 -2.231499 11.658457
v -0.128432 -1.834836 11.563532
v -1.073522 -1.914553 11.276038
v -1.096842 -2.318014 11.411022
v -0.939683 -2.289156 11.508409
v -0.908489 4.294333 10.264990
v -0.639374 4.345402 10.457766
v -3.059048 5.124084 10.101724
v -3.358843 5.791996 10.171215
v -3.260250 5.558208 10.204887
v -3.153226 5.332331 10.182333
v -2.845022 5.133849 10.170118
v -3.119531 5.794712 10.275564
v -3.034489 5.562575 10.295245
v -2.937657 5.339881 10.259741
v -0.107545 -1.172984 11.567171
v -0.127765 -2.155113 11.613026
v -2.151491 -3.508151 10.287580
v -2.253735 -3.703192 10.063869
v -2.023106 -3.323655 10.527873
v -2.332036 -3.893301 9.872167
v -2.393574 -4.072729 9.705318
v -2.254434 -3.317163 10.224442
v -2.368035 -3.532743 10.003795
v -1.877782 -3.159438 10.755970
v -2.111673 -3.114736 10.459665
v -2.462075 -4.578041 9.321894
v -2.454796 -3.747618 9.817782
v -2.519995 -3.941335 9.662991
v -1.719799 -3.021904 10.965718
v -1.945989 -2.939695 10.690727
v -2.601844 -4.477250 9.300571
v -1.394850 -2.816991 11.301859
v -1.558126 -2.910210 11.148414
v -1.769034 -2.807416 10.899089
v -1.593132 -2.704484 11.081790
v -1.420393 -2.620968 11.237467
v -1.078246 -2.694376 11.543819
v -1.234065 -2.746209 11.433022
v -2.394575 -3.082473 10.146447
v -0.920425 -2.658217 11.638177
v -1.254196 -2.556286 11.373648
v -1.095829 -2.510499 11.487556
v -2.609293 -4.659484 9.200111
v -2.458967 -4.775388 9.218818
v -2.519696 -3.328998 9.932186
v -2.609269 -3.573666 9.750809
v -0.936819 -2.476099 11.586442
v -2.466012 -4.997745 9.118342
v -2.611473 -4.864496 9.101032
v -2.781120 -4.555772 9.151088
v -2.676302 -3.791906 9.598926
v -2.768549 -4.361913 9.252467
v -2.551609 -2.822538 10.043413
v -2.782137 -4.766993 9.047442
v -2.689306 -3.105171 9.837440
v -2.782061 -3.375990 9.662360
v -0.195850 -2.648634 11.848183
v -2.518662 -5.925861 8.814957
v -2.389926 -5.916111 8.911662
v -2.847632 -3.617637 9.511366
v -2.947517 -4.237167 9.169281
v -2.443134 -6.252316 8.788552
v -2.309766 -6.201413 8.911511
v -2.668946 -5.928808 8.702377
v -2.962812 -4.448643 9.065268
v -3.316429 -3.970158 8.916006
v -3.528854 -3.831041 8.760857
v -3.421136 -2.986284 9.187484
v -3.198517 -3.217812 9.302553
v -2.345161 -6.588743 8.760311
v -2.206671 -6.508303 8.910333
v -2.600236 -6.292784 8.646061
v -2.965385 -4.678579 8.963498
v -3.542658 -4.116014 8.644627
v -3.337939 -4.227185 8.804873
v -3.777052 -3.684521 8.582404
v -3.687524 -2.743849 9.056015
v -2.220464 -6.921096 8.725167
v -2.078668 -6.814499 8.898836
v -2.500566 -6.671873 8.593984
v -3.343340 -4.500556 8.700339
v -3.542248 -4.414512 8.538182
v -3.785653 -4.000715 8.452393
v -4.073328 -3.530002 8.367928
v -4.008343 -2.494299 8.895710
v -2.063919 -7.236232 8.684053
v -1.925109 -7.091538 8.879620
v -2.372387 -7.045025 8.540357
v -2.830681 -5.921595 8.573158
v -3.775307 -4.329797 8.340651
v -4.061908 -3.879102 8.230421
v -2.208701 -7.393913 8.491340
v -2.764289 -6.320085 8.496976
v -3.173691 -5.903131 8.278687
v -4.034620 -4.234366 8.109583
v -6.100863 1.343434 7.705957
v -5.820659 1.471798 8.051788
v -2.667586 -6.747347 8.419840
v -4.322075 -4.135887 7.838433
v -6.192563 1.931505 7.388337
v -5.922314 2.006721 7.718386
v -2.535110 -7.164281 8.354552
v -3.964762 -5.859548 7.402444
v -6.247260 2.706236 7.070824
v -6.010777 2.709579 7.375196
v -5.253668 -3.886813 6.847122
v -4.606259 -5.871669 6.370332
v -5.741440 -3.770091 6.111191
v -6.251220 3.365419 6.964572
v -6.242702 3.561820 6.971851
v -6.077805 3.495619 7.247599
v -6.067930 3.317708 7.247890
v -3.928082 -6.943306 6.832440
v -4.954248 -5.900178 5.698842
v -6.099019 -3.673916 5.324188
v -6.781310 2.739673 6.155604
v -6.774527 1.807267 6.335453
v -6.227908 3.752270 6.996214
v -6.182494 4.123763 7.104778
v -6.065807 4.002344 7.357583
v -6.083133 3.666940 7.264704
v -5.241487 -5.914275 5.028104
v -6.238926 -3.627198 4.923292
v -7.131033 2.821566 5.157701
v -7.144328 1.802408 5.210934
v -6.100491 4.493023 7.305352
v -6.007922 4.341046 7.547794
v -3.595026 -8.099569 6.653762
v -5.362964 -5.917911 4.700266
v -7.219044 2.859521 4.778954
v -7.236073 1.816754 4.805087
v -6.620706 3.773196 6.130836
v -6.674659 3.530447 6.110170
v -6.042984 4.676104 7.436666
v -5.960226 4.511202 7.678083
v -3.268127 -7.990651 7.318359
v -6.932245 4.001100 5.236938
v -6.998058 3.720751 5.196080
v -7.290481 2.900462 4.391372
v -7.296490 1.836155 4.388581
v -6.455400 4.470123 6.321847
v -6.566116 4.009056 6.171663
v -5.975219 4.855447 7.588794
v -5.898586 4.679868 7.826838
v -3.089339 -7.931032 7.588371
v -3.421879 -7.445684 7.376784
v -5.466071 -5.919594 4.378263
v -7.031399 4.084929 4.904906
v -7.095321 3.793069 4.850942
v -6.724194 4.814498 5.493160
v -6.862642 4.276218 5.298447
v -6.330701 4.916845 6.560422
v -5.895912 5.026620 7.752742
v -5.802192 5.191535 7.925909
v -5.732310 5.000085 8.159969
v -5.823677 4.842796 7.989875
v -3.237278 -7.414824 7.628830
v -5.621753 -5.931022 3.764510
v -7.128478 4.170355 4.556841
v -7.187384 3.867560 4.490822
v -6.829474 4.934524 5.197920
v -6.964643 4.372056 4.978796
v -6.583309 5.330212 5.780862
v -6.260531 5.132283 6.710464
v -3.542819 -6.895258 7.461990
v -6.938765 5.057270 4.887566
v -7.065392 4.469741 4.644014
v -6.687111 5.474010 5.506514
v -6.507092 5.575660 5.955467
v -6.184020 5.338218 6.877818
v -5.425918 5.627546 8.482898
v -5.265610 5.752722 8.668053
v -5.195322 5.555742 8.877103
v -5.356610 5.432725 8.701880
v -3.352777 -6.883819 7.702572
v -6.797657 5.621213 5.221082
v -6.609311 5.730384 5.690248
v -6.427064 5.810472 6.148426
v -6.004091 5.714892 7.249791
v -6.099571 5.532959 7.058379
v -4.718911 6.043197 9.173892
v -4.647610 5.839822 9.352179
v -6.718548 5.888715 5.416321
v -6.527813 5.977122 5.891589
v -6.252068 6.241524 6.572548
v -6.344110 6.034246 6.358017
v -3.440654 6.023253 10.093290
v -3.194419 6.024691 10.211345
v -0.924350 -10.341619 7.228047
v -6.635275 6.146376 5.626178
v -6.443283 6.209773 6.109199
v -6.349800 6.426324 6.332336
v -5.639045 6.185777 7.848763
v -5.488380 6.317883 8.052666
v -3.515252 6.245362 9.986206
v -3.260501 6.247440 10.120289
v -1.955913 7.595028 10.137641
v -6.546719 6.391250 5.850883
v -6.450408 6.616982 6.081810
v -5.896241 6.773799 7.235605
v -5.749120 6.917344 7.453006
v -4.926599 6.643774 8.652773
v -0.628053 7.384911 10.389642
v -2.050590 8.208607 9.901196
v -6.642590 7.003249 5.539602
v -5.987585 6.980454 7.016994
v -5.840019 7.129611 7.240049
v -5.208619 7.275145 8.101439
v -2.098792 8.536876 9.777954
v -6.081772 7.190006 6.784399
v -5.931530 7.343963 7.012836
v -5.307915 7.496562 7.894628
v -3.710540 6.912462 9.588015
v -3.443213 6.926589 9.757499
v -2.141930 8.875386 9.639540
v -2.555948 -9.338786 7.238997
v -6.256316 7.626974 6.276172
v -6.102049 7.790251 6.513522
v -5.403401 7.726139 7.679145
v -3.938777 7.645340 9.149058
v -3.652352 7.674198 9.338638
v -3.021884 7.687866 9.708317
v -2.204824 9.562520 9.278308
v -5.567931 8.204679 7.206629
v -3.729881 7.943825 9.192501
v -4.021481 7.907787 8.992842
v -3.087033 7.971265 9.577353
v -4.104749 8.180754 8.827878
v -3.808865 8.224849 9.038120
v -3.154376 8.267071 9.442085
v -3.827895 -1.835140 9.286326
v -4.252995 8.752356 8.454841
v -3.951102 8.815928 8.688604
v -3.278382 8.893277 9.135537
v -4.557447 5.627318 9.512769
v -0.127336 -2.274553 11.657330
v -0.217404 -2.253931 11.660504
v -0.385429 -2.417682 11.756307
v -0.391524 -2.623856 11.819850
v -4.164386 -1.550792 9.134260
v -3.934214 -2.160129 9.091947
v -4.287680 -1.886543 8.914617
v -2.365826 -7.550375 8.307863
v -6.091731 -2.766116 6.335408
v -6.248571 -2.268548 6.444474
v -5.498324 -2.954395 7.155154
v -5.599380 -2.473481 7.329634
v -5.922368 -3.266374 6.222071
v -5.388765 -3.417344 6.990306
v -6.642437 -2.115318 5.524252
v -6.483677 -2.623225 5.471978
v -6.786147 -2.041402 5.069480
v -6.630223 -2.552488 5.038539
v -6.444891 -3.082013 4.987805
v -6.300701 -3.144342 5.403541
v -6.354307 -3.578668 4.522427
v -6.562276 -3.017325 4.567843
v -6.744893 -2.478223 4.601237
v -6.896180 -1.965726 4.618587
v -6.502879 -3.499135 3.721075
v -6.701662 -2.924379 3.731840
v -6.871758 -2.357723 3.735649
v -7.007271 -1.826894 3.738716
v -6.778176 -1.616084 5.553712
v -6.913021 -1.549044 5.082131
v -7.017077 -1.479039 4.617647
v -7.108041 -1.347021 3.739611
v -5.891521 4.188264 7.776343
v -5.851258 4.343579 7.901974
v -5.797903 4.499265 8.051932
v -5.727111 4.650657 8.213481
v -5.641053 4.800911 8.382166
v -5.266774 5.224572 8.906661
v -5.107407 5.346828 9.072604
v -3.097134 -6.361452 8.176060
v -3.000448 -6.848078 8.082807
v -3.172204 -6.872400 7.903959
v -2.875328 -7.336557 8.013659
v -3.053457 -7.384260 7.836615
v -2.718394 -7.783807 7.983737
v -2.903890 -7.868199 7.805170
v -2.170031 -7.901462 8.283749
v -2.017248 -7.713145 8.446953
v -4.002168 -1.234683 9.331210
v -3.680573 -1.522588 9.465283
v -0.185329 -2.492062 11.788635
v -2.232442 -2.856740 10.369051
v -2.042238 -2.664579 10.590817
v -2.142438 -2.288841 10.466941
v -2.376237 -2.564349 10.253866
v -3.387410 -1.799513 9.578815
v -3.127379 -2.072132 9.685665
v -2.907372 -2.331561 9.794662
v -4.371337 -3.752818 7.970674
v -4.400651 -3.376064 8.117320
v -3.353900 -2.688127 9.352564
v -3.130282 -2.940120 9.454944
v -3.618747 -2.426941 9.234361
v -3.036562 -2.637964 9.625794
v -3.258042 -2.380832 9.521525
v -3.521856 -2.111096 9.412651
v -1.757272 -8.464650 8.310025
v -0.692265 -9.140187 8.557581
v -1.032272 4.513448 10.323298
v -6.394801 -1.758458 6.530964
v -5.693604 -1.943191 7.521222
v -6.337708 1.233863 7.329120
v -6.420736 1.871968 7.041461
v -6.449119 2.710796 6.769941
v -6.411502 3.418771 6.679223
v -6.384348 3.631908 6.693011
v -6.353495 3.838883 6.726085
v -6.280990 4.242880 6.852055
v -6.181664 4.638947 7.060111
v -6.116970 4.832903 7.194828
v -6.043726 5.023118 7.348958
v -5.960930 5.200547 7.516355
v -5.864463 5.369496 7.695456
v -5.492311 5.811619 8.263593
v -5.334946 5.941025 8.457705
v -1.833759 6.775885 10.481238
v -4.780194 6.241401 8.997863
v -3.783122 -7.531151 6.726140
v -0.590090 6.523617 10.656793
v -3.581006 6.464257 9.861871
v -3.322512 6.470938 10.010328
v -7.187500 -0.899954 3.731826
v -7.018616 -1.072548 5.077823
v -7.115484 -1.011892 4.607577
v -1.966622 -8.202020 8.284264
v -1.807853 -8.001032 8.418459
v -0.524301 -7.933242 8.910640
v -0.531492 -8.208257 8.722404
v -0.994513 -8.111248 8.657948
v -1.005050 -7.849328 8.843256
v -1.663358 -7.781944 8.595092
v -1.875241 -7.523369 8.640008
v -0.625559 -8.824837 8.628162
v -1.600809 -8.248348 8.419336
v -0.570958 -8.515731 8.668194
v -1.443597 -8.024268 8.557485
v -2.719595 -5.593260 8.764247
v -2.572283 -5.636804 8.850745
v -2.443861 -5.658263 8.925373
v -1.781844 -0.833002 10.402405
v -2.231025 -1.735516 10.285587
v -2.376264 -2.018595 10.226176
v -2.555797 -2.291235 10.091822
v -2.721039 -2.570614 9.916752
v -2.855421 -2.873900 9.731008
v -2.948294 -3.159238 9.562309
v -3.016483 -3.421180 9.412352
v -3.128423 -4.105677 9.052359
v -3.147824 -4.338891 8.946688
v -3.153154 -4.589208 8.843737
v -3.001597 -5.912083 8.431435
v -2.929548 -6.344167 8.341667
v -2.834774 -6.805748 8.252099
v -2.703040 -7.262254 8.181993
v -2.538471 -7.682037 8.144236
v -5.082960 8.467845 7.723164
v -4.922416 7.953823 8.158496
v -4.830626 7.707257 8.356070
v -4.735589 7.469228 8.541618
v -4.468256 6.791945 9.042154
v -4.328121 6.371127 9.361828
v -4.263962 6.164764 9.522693
v -4.190900 5.954991 9.674915
v -4.097478 5.732272 9.802321
v -3.985481 5.505314 9.884234
v -3.860677 5.281209 9.915803
v -3.732899 5.082419 9.891544
v -5.768566 8.065864 6.964466
v -5.597873 7.604210 7.450555
v -5.505534 7.381524 7.672214
v -5.410598 7.164021 7.884113
v -5.129985 6.548581 8.457488
v -4.979795 6.155995 8.821435
v -4.913389 5.961213 9.009987
v -4.843229 5.760514 9.198018
v -4.758062 5.551355 9.371120
v -4.639052 5.327147 9.501477
v -4.493871 5.110626 9.581966
v -4.343065 4.919967 9.611714
v -2.350306 -8.063846 8.140421
v -2.435261 -4.246681 9.556460
v -2.564533 -4.126321 9.528463
v -2.720287 -3.985131 9.473933
v -2.890789 -3.825933 9.390573
v -3.064453 -3.657493 9.283113
v -3.248830 -3.474746 9.163747
v -3.467240 -3.275555 9.033795
v -3.733717 -3.058707 8.885178
v -4.051259 -2.839942 8.704980
v -4.402925 -2.618428 8.481044
v -4.409853 -2.998391 8.287291
v -4.070495 -3.184119 8.526115
v -3.761225 -3.371801 8.727942
v -3.500353 -3.555275 8.893832
v -3.287729 -3.723489 9.034389
v -3.099908 -3.883410 9.164116
v -2.924050 -4.032732 9.275797
v -2.749839 -4.173967 9.358596
v -2.590369 -4.301632 9.408058
v -2.456406 -4.411072 9.430485
v -1.806721 2.869319 9.438362
v -1.642880 3.130288 9.392985
v -1.359606 4.199330 9.813882
v -2.746393 4.940613 10.044802
v -2.965545 4.933451 9.986308
v -3.621019 4.907320 9.841183
v -4.026960 4.826391 9.702553
v -4.218922 4.762008 9.609027
v -4.573284 4.583065 9.373341
v -4.732286 4.479964 9.236081
v -5.110776 4.152551 8.770491
v -5.218507 4.054514 8.612337
v -5.292697 3.970186 8.487884
v -5.348959 3.893918 8.383651
v -5.378762 3.825486 8.311874
v -5.359352 3.671347 8.236444
v -5.279694 3.491994 8.205607
v -5.222333 3.397032 8.202638
v -5.154709 3.299585 8.209785
v -5.212014 3.888153 8.509377
v -4.483133 3.082118 8.867418
v -4.362634 2.992583 8.998069
v -4.213264 2.917691 9.126438
v -3.817773 2.819989 9.358483
v -4.348491 3.155583 8.963731
v -4.222984 3.090041 9.081986
v -4.634181 4.359046 9.232985
v -4.553486 4.257777 9.221212
v -4.478686 4.460477 9.367235
v -3.923771 4.688812 9.675358
v -3.837557 4.572791 9.649320
v -4.398570 4.354712 9.352136
v -4.946194 3.969289 8.776654
v -5.023129 4.058082 8.779575
v -5.134567 3.960604 8.624823
v -5.062616 3.878232 8.627076
v -4.727558 3.461052 8.649651
v -4.847969 3.623418 8.621843
v -4.988486 3.791487 8.620853
v -4.418352 4.072225 9.208073
v -4.264251 4.158589 9.337164
v -3.709984 4.356730 9.610501
v -3.670028 4.252847 9.626271
v -4.223775 4.061366 9.365583
v -4.187642 3.960124 9.399878
v -4.374606 3.980442 9.242155
v -4.333879 3.881383 9.279885
v -4.636173 3.388204 8.643281
v -4.542124 3.491838 8.819958
v -4.473016 3.489977 8.770680
v -4.541106 3.404204 8.624956
v -4.278790 3.186453 8.942719
v -2.665388 2.996053 9.498619
v -2.639452 2.905383 9.509150
v -2.814457 2.857319 9.530668
v -2.827922 2.954933 9.529620
v -3.181995 2.950304 9.502725
v -3.187961 2.906459 9.535310
v -3.373926 2.902182 9.507812
v -3.356082 2.948460 9.470191
v -3.720759 2.938772 9.391053
v -3.700766 2.982373 9.351827
v -3.535493 2.958681 9.417608
v -3.559999 2.912570 9.459528
v -3.199530 2.796938 9.524511
v -3.407979 2.786011 9.491186
v -3.617378 2.794551 9.436302
v -4.029201 3.068911 9.162056
v -4.073075 3.034543 9.189556
v -4.164775 3.127981 9.051404
v -2.544967 3.086621 9.403973
v -2.688855 3.039340 9.452442
v -2.842175 2.998818 9.486044
v -2.346006 3.021428 9.432329
v -2.513811 3.041056 9.455843
v -2.379403 3.085927 9.401951
v -1.906506 3.120539 9.314118
v -1.784472 3.204638 9.255424
v -2.417034 3.125887 9.351317
v -2.043930 3.135586 9.300303
v -2.021556 3.171125 9.245494
v -1.898966 3.166253 9.258032
v -2.012462 3.236497 9.163989
v -1.955677 3.161650 9.257001
v -1.953304 3.224661 9.179806
v -4.047439 3.778410 9.310198
v -4.088391 3.796546 9.370196
v -4.220818 3.734428 9.255090
v -3.577939 3.950160 9.635886
v -3.557371 3.929832 9.579969
v -3.609684 4.036369 9.664924
v -2.577555 3.859766 9.552831
v -2.746782 3.916636 9.614657
v -4.141110 3.869884 9.401127
v -4.280714 3.798948 9.282157
v -4.174880 3.716286 9.198937
v -2.599769 3.838097 9.498295
v -2.757291 3.898181 9.566042
v -2.433252 3.758670 9.413486
v -2.409451 3.783322 9.479068
v -1.808881 3.227940 9.217915
v -1.864779 3.264632 9.175370
v -1.893441 3.279648 9.161304
v -1.950725 3.249999 9.161062
v -2.008146 3.268409 9.142512
v -1.867720 3.301003 9.167838
v -1.807897 3.293262 9.207049
v -1.848579 3.364670 9.212868
v -1.920476 3.430366 9.225388
v -1.888419 3.440919 9.277450
v -1.816218 3.367157 9.253802
v -1.769221 3.284723 9.233180
v -1.899714 3.345445 9.158134
v -1.888967 3.300605 9.159432
v -3.640015 4.145847 9.657101
v -2.536494 4.131322 9.584469
v -2.549439 4.027253 9.593377
v -2.731455 4.092382 9.644078
v -2.735731 4.197315 9.634067
v -2.352916 3.939635 9.523709
v -2.324307 4.029816 9.523115
v -2.744329 4.309554 9.638053
v -2.527131 4.234987 9.589206
v -2.298484 4.121532 9.528139
v -2.136345 3.922473 9.466398
v -2.173556 3.841941 9.459053
v -2.212340 3.762589 9.442211
v -2.093589 3.998605 9.481388
v -2.205791 4.313892 9.651223
v -2.799782 4.561224 9.761078
v -2.510769 4.503290 9.745317
v -2.878802 4.743829 9.867093
v -2.378015 3.856972 9.510919
v -2.566440 3.936809 9.582656
v -2.735428 3.994692 9.638295
v -1.958667 3.396588 9.144978
v -1.973907 3.367433 9.126966
v -2.144530 3.575620 9.266234
v -2.280873 3.670871 9.337324
v -1.917566 3.328743 9.143932
v -1.572472 4.118319 9.653138
v -3.000673 2.821131 9.539935
v -3.003684 2.923909 9.542648
v -3.008570 2.970523 9.502798
v -2.110334 3.600821 9.339458
v -1.978588 3.118032 9.311874
v -2.154509 3.168577 9.263746
v -2.063980 3.657436 9.382181
v -2.015954 3.723309 9.403766
v -1.964878 3.796215 9.409651
v -1.908961 3.867638 9.426970
v -1.736423 4.023125 9.548554
v -1.910486 3.223626 9.188047
v -1.919353 3.242708 9.172067
v -1.987771 3.334347 9.124340
v -1.930273 3.302440 9.143050
v -3.521211 4.753531 9.786970
v -3.437060 4.622699 9.742409
v -3.323721 4.395822 9.683586
v -3.290235 4.285678 9.686329
v -3.263867 4.174444 9.709216
v -3.241112 4.067507 9.713369
v -3.222576 3.978843 9.683685
v -3.216840 3.959821 9.633265
v -4.115210 4.629537 9.592975
v -4.033667 4.518368 9.572332
v -3.909172 4.308279 9.539985
v -3.871665 4.204515 9.559366
v -3.842151 4.098709 9.591848
v -3.804138 3.992279 9.595965
v -3.764700 3.910050 9.566504
v -3.732911 3.888470 9.508084
v -4.481018 4.166224 9.204915
v -4.327108 4.258647 9.336945
v -3.965970 4.412624 9.552699
v -3.766931 4.464961 9.626319
v -3.372120 4.507242 9.708439
v -2.763778 4.423317 9.682223
v -2.520852 4.347975 9.641127
v -2.263469 4.210174 9.571132
v -2.040938 4.074876 9.521745
v -1.841880 3.938937 9.469595
v -4.866647 3.882318 8.766175
v -4.736109 3.710619 8.787313
v -4.687500 3.624771 8.818775
v -4.622961 3.552662 8.829941
v -4.790665 3.801147 8.764528
v -4.911605 3.710559 8.614382
v -4.793990 3.538018 8.640789
v -2.169030 3.202234 9.214170
v -4.811003 3.415863 8.546824
v -4.730166 3.340230 8.564516
v -7.002706 4.765040 4.753597
v -6.896702 4.655657 5.075989
v -6.792625 4.547181 5.383585
v -6.511160 4.242118 6.235132
v -6.321809 4.042044 6.778955
v -6.208873 3.938869 7.042398
v -6.078152 3.835501 7.301773
v -5.922624 3.739326 7.560623
v -5.750968 3.665244 7.788558
v -5.585255 3.614358 7.968174
v -5.445119 3.590229 8.104452
v -5.322503 3.582310 8.216968
v -4.879602 3.490949 8.525195
v -4.944229 3.569855 8.507360
v -5.148580 3.806435 8.510267
v -6.869983 5.342884 5.044478
v -6.760580 5.207646 5.341939
v -6.654301 5.076139 5.626520
v -6.395505 4.695755 6.431202
v -6.234976 4.441792 6.945499
v -6.144518 4.308487 7.194875
v -6.041898 4.170845 7.439044
v -5.914225 4.035871 7.677508
v -5.763284 3.924463 7.889671
v -5.612888 3.838301 8.054895
v -5.483706 3.783981 8.175359
v -5.379642 3.752127 8.266221
v -5.087611 3.730197 8.508045
v -5.018389 3.650075 8.503507
v -2.475022 -5.440082 8.959773
v -2.603770 -5.368861 8.911346
v -2.753536 -5.282735 8.845963
v -6.062123 -4.716699 3.708663
v -5.905943 -4.740638 4.425910
v -5.793418 -4.754478 4.795421
v -5.658348 -4.769241 5.164673
v -5.339509 -4.802928 5.896828
v -4.938505 -4.843185 6.589073
v -4.173687 -4.945621 7.614344
v -3.924519 -4.993195 7.902030
v -3.104601 -5.162899 8.633664
v -2.922183 -5.217198 8.753114
v -2.881183 -5.549551 8.655507
v -5.841033 -5.326749 3.727704
v -5.686279 -5.330453 4.396620
v -5.574967 -5.333695 4.743075
v -5.444037 -5.334826 5.092302
v -5.136497 -5.338551 5.793546
v -4.767046 -5.345108 6.475889
v -4.073508 -5.389988 7.505962
v -3.844093 -5.418356 7.792284
v -4.766893 -6.479802 5.601742
v -4.055922 -6.375890 6.961132
v -4.614992 -6.457103 5.923380
v -3.268739 -6.369494 8.000390
v -3.451429 -6.368032 7.803706
v -3.647128 -6.365283 7.569187
v -4.185323 -5.856574 7.075059
v -4.788436 -5.885990 6.032208
v -3.352081 -5.893209 8.114717
v -3.542395 -5.884836 7.919112
v -3.749702 -5.872325 7.683694
v -2.144816 -8.387449 8.161167
v -1.926881 -8.676476 8.206265
v -0.765244 -9.456406 8.446548
v -5.552211 -5.924295 4.064991
v -5.673517 -5.942666 3.474861
v -5.312546 -6.514508 4.080391
v -5.415724 -6.542900 3.528719
v -4.429065 -7.041412 5.816878
v -4.563928 -7.061842 5.516543
v -5.033643 -7.095963 4.092223
v -5.121074 -7.138134 3.573339
v -4.326645 -7.621649 5.451233
v -4.215913 -7.616617 5.739344
v -4.722417 -7.660750 4.114976
v -4.790404 -7.722966 3.625852
v -4.043365 -8.143834 5.407766
v -3.952660 -8.151911 5.686380
v -4.368909 -8.199596 4.155679
v -4.416695 -8.277493 3.713013
v -2.537920 -8.196194 7.985609
v -2.335080 -8.556315 8.015863
v -2.109531 -8.880198 8.060941
v -0.827004 -9.773511 8.261628
v -2.725765 -8.308540 7.805863
v -2.519114 -8.709735 7.824264
v -2.279093 -9.066641 7.856797
v -0.876811 -10.047482 7.994555
v -2.432540 -9.227203 7.581738
v -0.908182 -10.240363 7.638944
v -3.347046 -8.616158 6.599238
v -3.069308 -8.492874 7.287154
v -2.904128 -8.406789 7.574784
v -3.717743 -8.622643 5.385159
v -3.638224 -8.629145 5.658701
v -2.685810 -8.838383 7.577085
v -2.834790 -8.942672 7.266914
v -3.041409 -9.061629 6.553449
v -3.346328 -9.055923 5.370230
v -3.284689 -9.062629 5.638185
v -2.302010 -9.766880 6.488602
v -2.456066 -9.767562 5.609562
v -1.006067 -10.400065 5.614969
v -2.487671 -9.772503 5.359750
v -2.693713 -9.437522 6.513188
v -2.888868 -9.440929 5.618077
v -2.937626 -9.441695 5.361032
v -6.699161 -2.853419 2.892246
v -5.710774 -5.960442 3.192902
v -5.935792 -5.344752 3.111830
v -6.142041 -4.716078 3.038727
v -6.531226 -3.475978 2.945320
v -4.399879 -8.235243 3.929385
v -4.765419 -7.687868 3.869760
v -5.083436 -7.112388 3.831253
v -5.371043 -6.525825 3.800147
v -5.445528 -6.567368 3.259307
v -5.141323 -7.171725 3.314098
v -4.798343 -7.762924 3.395465
v -4.431706 -8.329339 3.520839
v -5.138415 -6.504352 4.666822
v -4.888400 -7.082169 4.640055
v -4.602962 -7.633750 4.623116
v -4.271823 -8.152646 4.623103
v -2.507318 -9.792212 5.144352
v -2.974135 -9.453695 5.125818
v -3.401116 -9.059513 5.121314
v -3.786271 -8.616758 5.126631
v -4.129296 -8.139939 5.137169
v -4.424755 -7.621327 5.168792
v -4.683574 -7.070811 5.220089
v -4.905051 -6.494074 5.284106
v -5.105325 -5.909306 5.361684
v -2.003928 -10.046323 5.373174
v -1.990856 -10.041866 5.606823
v -1.871135 -10.046949 6.477804
v -7.298325 2.555746 4.378222
v -7.231879 2.523846 4.775767
v -7.147581 2.495767 5.166346
v -6.795290 2.446805 6.199189
v -6.449732 2.446481 6.838805
v -6.233737 2.459185 7.156925
v -5.986408 2.482577 7.466055
v -5.698481 2.521013 7.768615
v -5.421332 2.584599 8.004994
v -4.037233 2.863340 9.245317
v -3.909766 2.982151 9.293017
v -3.874231 3.022662 9.259356
v -7.297951 2.200038 4.378145
v -7.236024 2.175346 4.785222
v -7.152126 2.155510 5.183422
v -6.791249 2.135460 6.263219
v -6.440560 2.166534 6.928766
v -6.218764 2.201246 7.259877
v -5.955569 2.250450 7.580926
v -5.653465 2.313156 7.887175
v -0.941604 -10.402841 6.459777
v -0.997742 -10.419766 5.255520
v -2.008251 -10.066909 5.180320
v -0.495599 -10.507998 5.279712
v -0.501112 -10.488715 5.429049
v -0.503599 -10.488646 5.619466
v -0.470547 -10.478635 6.443871
v -0.462045 -10.412997 7.232410
v -0.453374 -10.311782 7.647421
v -0.439169 -10.123364 8.009137
v -0.416822 -9.848975 8.284747
v -0.387190 -9.530497 8.470419
v -0.354149 -9.206226 8.592025
v -0.321733 -8.877761 8.663569
v -0.294768 -8.552382 8.700409
v -0.273707 -8.228912 8.744015
v -0.270380 -7.960190 8.924789
v -1.754194 3.179424 9.305653
v -1.733715 3.272381 9.274032
v -1.776356 3.372744 9.289407
v -1.404202 3.680664 9.465979
v -1.242293 3.723687 9.588826
v -1.725337 3.380804 9.322353
v -1.689960 3.266265 9.318775
v -1.709042 3.157278 9.348629
v -1.786936 3.495222 9.338528
v -1.843663 3.464112 9.315173
v -1.721087 3.533179 9.348769
v -1.641177 3.580161 9.361587
v -1.541170 3.637976 9.393755
v -1.543603 3.256997 9.400818
v -1.559158 3.416149 9.369205
v -1.068863 3.764164 9.777801
v -1.934863 3.023828 9.385615
v -1.872371 2.940853 9.418312
v -5.071821 -1.260896 8.468147
v -4.886914 -0.910429 8.774353
v -4.667047 -0.600899 9.030660
v -4.416680 -0.312629 9.242828
v -4.155301 -0.046397 9.402527
v -3.882894 0.196979 9.515871
v -1.939634 2.752131 9.444277
v -1.874116 2.673944 9.474577
v -5.025610 3.332323 8.322449
v -4.909154 3.372477 8.432804
v -5.278297 3.829379 8.412072
v -4.983320 3.452631 8.414557
v -5.053984 3.532374 8.404754
v -5.121894 3.609863 8.405607
v -5.179533 3.689539 8.410830
v -5.228271 3.763515 8.415751
v -5.317039 3.796395 8.353125
v -5.098145 3.419814 8.309703
v -5.164944 3.506979 8.308725
v -5.220626 3.590900 8.314376
v -5.263439 3.670932 8.325481
v -5.296413 3.743291 8.340539
v -1.456667 3.439633 9.405559
v -1.323480 3.456304 9.478461
v -1.442296 3.247981 9.450686
v -1.315167 3.241399 9.524791
v -0.540981 3.884464 10.474148
v -0.747704 3.837523 10.263490
v -0.514079 3.661671 10.537094
v 0.000000 4.389166 10.650544
v -4.403706 -5.861569 6.722598
v -4.545641 -5.350706 6.829521
v -4.692623 -4.871630 6.940989
v -4.952649 -3.963092 7.200685
v -5.047778 -3.524516 7.348051
v -5.127925 -3.082022 7.515855
v -5.191229 -2.632679 7.703088
v -5.230633 -2.161187 7.911543
v -5.216327 -1.671965 8.154713
v -2.851984 0.967281 9.723414
v -2.619536 1.134905 9.756429
v -2.398832 1.302042 9.793660
v -2.188485 1.471536 9.832496
v -1.990432 1.647680 9.881660
v -1.077536 1.428490 11.179493
v -0.697769 1.850333 11.602133
v -0.203962 2.066906 11.900572
v -0.390191 2.023565 11.830592
v -1.321060 1.064667 10.898215
v -1.199408 1.253673 11.037657
v -1.532445 1.020459 10.582703
v -1.662272 0.794452 10.466186
v -1.443301 0.857439 10.764188
v -1.559024 0.632862 10.634348
v -1.764174 0.110075 10.388161
v -1.666670 0.384883 10.508585
v -0.000000 -10.521070 5.433643
v 0.000000 -10.519648 5.609742
v 0.000000 -9.868830 8.285295
v 0.000000 -9.553182 8.475674
v 0.000000 -9.228481 8.601020
v 0.000000 -10.333692 7.653385
v -0.000000 -10.142318 8.011065
v -0.000000 -10.506999 6.437308
v -0.000000 -8.897949 8.675056
v 0.000000 -10.437870 7.235753
v -0.000000 -10.542442 5.286946
v -0.000000 3.523191 10.845354
v 0.000001 6.471416 10.672473
v 0.000000 8.320042 10.110774
v 0.000001 7.326195 10.422141
v 0.000000 7.977545 10.219803
v 0.000000 8.678508 9.991151
v 0.000000 3.940330 10.676225
v 0.000000 3.730312 10.741232
v -0.000000 2.086735 11.934058
v -4.389798 3.573294 8.928205
v -4.453560 3.578041 8.976415
v -4.525229 3.637572 8.992807
v -4.587969 3.709803 8.988857
v -4.629650 3.800202 8.946566
v -4.676489 3.889877 8.914942
v -4.747701 3.976881 8.913111
v -4.822135 4.062732 8.928737
v -4.903080 4.155882 8.934455
v -4.995128 4.262138 8.932005
v -5.110728 4.385504 8.906629
v -5.252677 4.541412 8.845040
v -5.402553 4.736017 8.731576
v -5.535856 4.948006 8.556635
v -5.625665 5.152022 8.339540
v -5.694057 5.345864 8.108565
v -5.755234 5.527658 7.882277
v -5.895654 5.884553 7.447458
v -6.149786 6.433136 6.792461
v -6.243845 6.626467 6.559451
v -6.341313 6.824996 6.315283
v -6.527797 7.232600 5.786318
v -5.942107 7.931213 6.738894
v -5.772197 7.478332 7.232347
v -5.680939 7.259980 7.455712
v -5.588732 7.044767 7.667199
v -5.319354 6.439072 8.257874
v -5.163120 6.054492 8.642667
v -5.093857 5.863671 8.843307
v -5.022569 5.665963 9.042640
v -4.935206 5.455931 9.227344
v -4.815490 5.232234 9.368423
v -4.668137 5.017037 9.457502
v -4.521836 4.832252 9.494741
v -4.401624 4.680375 9.501354
v -4.304173 4.551978 9.490884
v -4.225507 4.443473 9.472203
v -4.156489 4.342385 9.454176
v -4.100832 4.238972 9.447109
v -4.059584 4.137271 9.470032
v -4.028861 4.032570 9.500386
v -3.985711 3.934012 9.501072
v -3.938824 3.853832 9.469605
v -3.903445 3.836198 9.416281
v -4.814651 8.579326 7.975477
v -4.657741 8.045970 8.390273
v -4.568513 7.790356 8.576649
v -4.477507 7.543705 8.752566
v -4.221009 6.844877 9.230784
v -4.082927 6.415332 9.538479
v -4.018228 6.205433 9.689022
v -3.942947 5.990424 9.826385
v -3.850921 5.764099 9.934720
v -3.743428 5.531943 9.998144
v -3.623529 5.307754 10.010874
v -3.503981 5.105171 9.968158
v -3.399555 4.926179 9.893967
v -3.307088 4.761302 9.823110
v -3.232633 4.619458 9.763857
v -3.188229 4.502662 9.718130
v -3.141291 4.383230 9.684247
v -3.114925 4.271860 9.686203
v -3.091064 4.162651 9.702390
v -3.073118 4.055156 9.705536
v -3.064453 3.973282 9.674479
v -3.065433 3.950780 9.626117
v -2.277923 5.009304 10.254686
v -7.291328 1.078552 4.442919
v -6.713099 1.095321 6.540165
v -7.116457 1.054394 5.309556
v -7.216790 1.063235 4.878241
v -7.239630 -0.472980 3.712321
v -7.193688 -0.564640 4.585269
v -6.984474 -0.653775 5.538445
v -7.104474 -0.611629 5.058193
v -2.101762 2.631534 9.452543
v -2.042947 2.543102 9.474035
v -2.373691 2.197402 9.508781
v -2.203617 1.930997 9.627766
v -2.102900 1.793243 9.742016
v -2.485605 2.425493 9.465549
v -2.436472 2.317407 9.479192
v -2.729026 2.436094 9.464599
v -2.760209 2.542328 9.479814
v -2.593837 2.083097 9.502333
v -2.422632 1.792512 9.607823
v -2.313079 1.636275 9.706133
v -2.695534 2.328422 9.464942
v -2.651682 2.211258 9.478840
v -2.958184 2.357231 9.446319
v -2.982256 2.473299 9.463802
v -2.826999 1.974710 9.489271
v -2.653327 1.661077 9.586226
v -2.534523 1.487884 9.677393
v -2.922750 2.237925 9.446788
v -2.883110 2.112345 9.464676
v -3.204885 2.287292 9.408298
v -3.225722 2.417317 9.427707
v -3.080051 1.874180 9.463570
v -2.896068 1.532190 9.555612
v -2.768785 1.342411 9.643745
v -3.177139 2.156316 9.411680
v -3.136020 2.020366 9.434027
v -3.479203 2.236441 9.342663
v -3.483365 2.379911 9.365943
v -3.356545 1.777373 9.418866
v -3.153888 1.404860 9.516874
v -3.014534 1.194857 9.607985
v -3.455647 2.088543 9.350563
v -3.417656 1.936077 9.381609
v -3.762626 2.368589 9.270532
v -2.559543 2.619390 9.476463
v -2.525492 2.523522 9.464927
v -2.783896 2.648959 9.501472
v -2.998579 2.590847 9.492331
v -3.228320 2.547698 9.463096
v -3.473050 2.523136 9.410329
v -2.801468 2.754163 9.520746
v -3.003203 2.708334 9.521085
v -3.220002 2.676924 9.497890
v -3.446336 2.661973 9.456641
v -2.614324 2.812371 9.504953
v -2.589812 2.717101 9.492883
v -3.727766 2.520413 9.328239
v -3.676717 2.664584 9.389505
v -4.059086 2.389713 9.133712
v -3.992943 2.552499 9.207714
v -3.911822 2.692251 9.293221
v -4.350641 2.453324 8.950589
v -4.247732 2.615594 9.054025
v -4.146187 2.749971 9.158247
v -4.559316 2.559047 8.787095
v -4.437442 2.694854 8.902891
v -4.332304 2.814605 9.021261
v -4.713720 2.682215 8.630933
v -4.585607 2.799750 8.756183
v -4.469101 2.907957 8.890989
v -4.829675 2.826414 8.490892
v -4.701284 2.911971 8.615502
v -4.585620 3.004224 8.750611
v -5.601831 3.109427 7.785838
v -5.234408 3.157001 8.110337
v -5.083757 3.195726 8.236995
v -5.405102 3.125975 7.964648
v -4.946853 3.242455 8.348708
v -4.831620 3.290770 8.461128
v -3.778278 2.205028 9.242905
v -3.762282 2.033031 9.258997
v -3.719351 1.859684 9.302349
v -3.650529 1.679744 9.355062
v -3.428741 1.274951 9.476698
v -3.272914 1.041493 9.567357
v -3.094070 0.793095 9.685958
v -2.683068 0.271560 9.920039
v -2.461514 0.004744 10.014242
v -2.249152 -0.253899 10.089516
v -2.054013 -0.509232 10.151567
v -1.933993 -0.779686 10.235300
v -1.824311 -1.021522 10.336294
v -1.576768 -1.321867 10.597122
v -1.275595 -1.383300 10.865276
v -1.123953 -1.374216 10.997363
v -0.985178 -1.350976 11.120581
v -0.858098 -1.329411 11.226393
v -0.470433 -1.281355 11.446800
v -0.226684 -1.308039 11.510967
v -0.112552 -1.312846 11.522601
v 0.000000 -1.309514 11.524317
v -4.327304 0.802629 9.292557
v -4.123000 0.503654 9.406047
v -4.613582 1.350361 9.049893
v -4.706653 1.601175 8.916319
v -4.792200 1.845671 8.776405
v -4.643404 0.594111 9.167288
v -4.416765 0.274737 9.286810
v -4.962586 1.196531 8.892963
v -5.063373 1.471264 8.740960
v -4.110959 2.198858 9.095761
v -4.088606 1.991421 9.132293
v -4.036215 1.788838 9.197689
v -3.959849 1.583656 9.272520
v -3.719705 1.142091 9.429328
v -3.546502 0.882523 9.527457
v -3.348430 0.610067 9.643204
v -2.900585 0.055253 9.872595
v -2.665858 -0.223711 9.961208
v -2.447070 -0.493572 10.036139
v -2.242968 -0.756405 10.106996
v -2.083015 -1.008205 10.198501
v -1.941774 -1.231534 10.321620
v -1.651714 -1.501132 10.621901
v -1.321608 -1.562309 10.911808
v -1.163049 -1.552497 11.042965
v -1.019555 -1.532285 11.159077
v -0.883372 -1.511888 11.259566
v -0.486469 -1.481416 11.463810
v -0.237913 -1.480970 11.512937
v -0.118933 -1.478523 11.516957
v 0.000000 -1.474048 11.516076
v -5.829859 3.110701 7.547886
v -6.055878 3.129133 7.266306
v -6.255444 3.159096 6.976756
v -6.429668 3.195004 6.689117
v -6.718011 3.279322 6.109389
v -7.054735 3.432778 5.170307
v -7.151223 3.493554 4.814084
v -7.237006 3.557239 4.443510
v -5.265904 2.827249 8.091275
v -5.184485 2.656000 8.192257
v -5.213265 1.973641 8.424457
v -5.555704 1.861684 8.185215
v -5.876812 1.749407 7.879612
v -6.155065 1.646445 7.539022
v -6.389090 1.561484 7.173154
v -6.749043 1.461666 6.426115
v -7.128930 1.437199 5.251846
v -7.226642 1.447900 4.835352
v -7.294858 1.463953 4.411991
v -4.877072 2.091337 8.633036
v -4.952300 0.363840 8.975272
v -4.702124 0.023989 9.112131
v -5.307968 1.021942 8.681839
v -5.418893 1.326206 8.522906
v -5.245409 0.117839 8.718433
v -4.975813 -0.247527 8.873626
v -5.630042 0.837159 8.397020
v -5.743260 1.168334 8.228890
v -5.526065 -0.134056 8.399062
v -5.234175 -0.537728 8.579306
v -5.915224 0.654742 8.049218
v -6.025567 1.013934 7.876504
v -5.798389 -0.390838 8.018906
v -6.168486 0.492715 7.660124
v -6.267979 0.879898 7.490717
v -7.049894 -0.197480 5.497491
v -7.090500 0.240168 5.440898
v -7.106496 0.657002 5.374734
v -7.166146 -0.168624 5.023560
v -7.198740 0.260171 4.975602
v -7.210321 0.670858 4.924085
v -7.246987 -0.132347 4.554958
v -7.275063 0.285313 4.512508
v -7.285261 0.688460 4.475651
v -7.391640 2.997698 3.575773
v -7.376791 2.633936 3.533507
v -7.379367 3.687660 3.684600
v -7.308076 4.341056 3.837500
v -7.348521 4.017454 3.749876
v -7.260462 4.662366 3.947475
v -7.018839 5.917893 4.612037
v -7.091074 5.613607 4.413277
v -6.937974 6.211326 4.828575
v -6.848747 6.491796 5.057936
v -6.749224 6.756515 5.295500
v -7.154469 5.300336 4.234444
v -7.210921 4.982384 4.078917
v -7.356970 2.256584 3.511283
v -7.335613 1.870949 3.528291
v -7.318711 1.488834 3.560924
v -7.309080 1.106762 3.601229
v -7.268691 -0.062286 3.690798
v -7.285048 0.334965 3.669911
v -7.296079 0.721818 3.638912
v -4.992681 2.292364 8.474952
v -4.884548 2.569926 8.493392
v -4.993326 2.738852 8.351969
v -5.085701 2.896799 8.242702
v -6.891909 -1.128282 5.558418
v -7.133403 -0.353291 2.947772
v -1.079190 9.480746 9.576380
v -1.043183 8.763265 9.896107
v -1.019215 8.410813 10.022401
v -0.993906 8.071760 10.136053
v -0.943138 7.432553 10.354360
v -0.880760 6.579055 10.640196
v -1.181947 6.642745 10.609033
v -1.269515 7.488306 10.301426
v -1.334881 8.118827 10.076367
v -1.368697 8.455063 9.959206
v -1.398534 8.802960 9.829082
v -1.443994 9.511489 9.497746
v -1.743315 4.538654 9.962320
v -2.004769 4.432461 9.779089
v -1.945324 4.697191 10.052960
v -1.689608 -1.020740 10.522027
v -1.707748 -1.210785 10.467990
v -1.805900 -1.404136 10.472083
v -1.409208 -1.181060 10.773706
v -1.422174 -1.375180 10.734049
v -1.484201 -1.544528 10.769717
v -7.149429 0.019099 2.933315
v -7.170765 0.386553 2.914140
v -7.195894 0.752106 2.875854
v -7.221954 1.113852 2.820309
v -7.253684 1.480075 2.740300
v -7.297624 1.866040 2.631993
v -7.363600 2.327348 2.469515
v -7.427829 2.767614 2.623456
v -7.467649 3.139488 2.734391
v -7.497744 3.829572 2.910059
v -7.487625 4.169190 2.998278
v -7.150051 6.531827 4.188774
v -7.054937 6.843429 4.433544
v -6.829779 7.409906 4.947577
v -6.948239 7.137365 4.687672
v -6.702153 7.655653 5.205816
v -6.416320 8.074552 5.710158
v -6.259243 8.245136 5.951238
v -5.705680 8.707969 6.675175
v -5.917685 8.544707 6.418122
v -5.201890 9.012787 7.224219
v -4.926734 9.141938 7.494110
v -4.354697 9.351647 8.004848
v -4.045406 9.430566 8.253394
v -3.358391 9.538820 8.727731
v -6.095257 8.399146 6.184478
v -7.467756 4.507503 3.101826
v -7.439579 4.848429 3.226780
v -7.229903 6.207872 3.954915
v -7.296422 5.874517 3.739703
v -7.353133 5.533784 3.545862
v -7.400745 5.190811 3.374153
v -0.729773 2.074277 11.375879
v -0.864130 1.936077 11.233514
v -1.751616 1.339296 10.213352
v -1.636407 1.182377 10.396829
v -0.500432 3.218253 10.800945
v -0.000000 3.314155 10.983575
v -0.854269 2.717229 10.618154
v -2.981941 9.566212 8.940940
v -2.907328 8.904058 9.332434
v -2.854939 8.578758 9.486823
v -2.794636 8.262228 9.622888
v -2.673493 7.670192 9.875429
v -2.523074 6.880799 10.244283
v -0.898056 2.952699 10.288744
v -0.849269 3.276591 10.151038
v -0.856619 3.546077 10.063821
v -1.061328 2.991499 9.935820
v -1.004591 3.251077 9.873744
v -1.006444 3.509384 9.811783
v -0.911216 3.798092 10.017032
v -1.138365 4.250535 10.036610
v -2.157902 5.237447 10.461161
v -2.256750 5.385943 10.506516
v -1.479950 3.075007 9.492239
v -1.356363 3.042622 9.565567
v -1.212613 3.017176 9.705511
v -1.162973 3.240655 9.659534
v -1.167710 3.480850 9.610594
v -2.483157 2.962232 9.474448
v -2.450228 2.879220 9.478026
v -2.414361 2.793538 9.472753
v -2.375672 2.704761 9.462902
v -2.331767 2.617544 9.457582
v -2.286200 2.528310 9.460852
v -2.233224 2.429004 9.477689
v -2.164751 2.317663 9.508289
v -1.994673 2.078110 9.647675
v -1.900765 1.959607 9.781113
v -1.800701 1.832097 9.938533
v -1.589062 1.544272 10.303406
v -1.490691 1.390256 10.501120
v -1.397865 1.229169 10.700397
v -1.265043 1.424154 10.825459
v -1.132194 1.607365 10.956818
v -0.409795 2.278769 11.628456
v -0.213507 2.328061 11.703029
v 0.000000 2.346687 11.736722
v -2.153300 2.716998 9.444653
v -2.205271 2.798661 9.444779
v -2.259248 2.876009 9.447153
v -2.303802 2.950770 9.446058
v -1.998413 2.828036 9.432358
v -2.061781 2.901258 9.424685
v -2.031536 3.048359 9.370590
v -2.096985 3.080574 9.350790
v -2.197496 3.149980 9.298821
v 0.000000 4.158341 10.646068
v -0.581576 4.110638 10.447950
v -0.814003 4.068211 10.245138
v -1.005573 4.034574 10.007109
v -1.192140 3.997453 9.777953
v -1.387067 3.937665 9.604908
v -1.550214 3.866716 9.498956
v -1.667723 3.791061 9.423852
v -1.751161 3.725924 9.381235
v -1.819460 3.664861 9.366419
v -1.882806 3.608784 9.361708
v -1.939887 3.560184 9.341553
v -1.989126 3.517727 9.304013
v -2.017641 3.503303 9.238547
v -2.039656 3.449464 9.133582
v -2.045158 3.410850 9.114038
v -2.053120 3.372518 9.106736
v -2.071882 3.292416 9.121275
v -2.084235 3.255933 9.142873
v -2.092275 3.183374 9.230347
v -2.104557 3.151284 9.278094
v -2.150341 3.114743 9.326835
v -2.232281 3.074120 9.381485
v -2.274716 3.123942 9.348084
v -2.129415 2.963148 9.415621
v -2.186319 3.021061 9.405479
v -0.331352 4.377733 10.591506
v -0.305541 4.143716 10.588891
v -0.286610 3.923334 10.619638
v -0.273775 3.710208 10.685246
v -0.267574 3.499369 10.792685
v -0.262225 3.288518 10.937377
v -2.308528 3.159256 9.299258
v -2.231299 3.184697 9.254036
v -0.363199 9.428208 9.670996
v -0.349696 8.693541 9.977668
v -0.340973 8.336280 10.098778
v -0.332134 7.990585 10.209677
v -0.315248 7.347123 10.412518
v -0.297528 6.486888 10.667074
v 0.000001 5.725997 10.777237
v -0.296931 5.739711 10.770793
v -0.588108 5.772003 10.761861
v -1.159343 5.894562 10.735751
v -1.447392 5.968701 10.708614
v -3.487548 -5.077276 8.335157
v -3.292915 -5.115305 8.491354
v -3.692419 -5.040026 8.138016
v -3.424430 -5.463123 8.227105
v -3.239690 -5.482009 8.389457
v -3.625150 -5.439986 8.033633
v -3.056043 -5.510650 8.527370
v -2.234376 4.601859 9.867476
v -2.647339 4.738814 9.899093
v -2.524592 4.964792 10.131299
v -2.628548 5.149770 10.252887
v -2.721646 5.348916 10.339260
v -2.802469 5.563123 10.380300
v -2.876558 5.788435 10.374578
v -2.938905 6.014139 10.326173
v -2.994860 6.238314 10.250810
v -3.049721 6.463399 10.156137
v -3.159543 6.926990 9.924293
v -3.348102 7.688820 9.526083
v -3.420010 7.965506 9.387721
v -3.492155 8.254268 9.245173
v -3.627058 8.863972 8.919022
v -3.713684 9.492726 8.495481
v -1.819178 9.539777 9.399233
v -1.765745 8.842054 9.744570
v -1.728272 8.498477 9.878818
v -1.688666 8.166609 9.998716
v -1.607676 7.542861 10.230760
v -1.499689 6.709522 10.557344
v -1.751078 6.043915 10.662731
v -2.125642 4.852630 10.154448
v -2.398346 4.785554 9.995492
v -0.765477 -7.896059 8.884767
v -0.774028 -8.165023 8.686463
v -1.260155 -8.234406 8.537444
v -1.391625 -8.457881 8.451869
v -1.534275 -8.695646 8.364363
v -1.686356 -8.936613 8.267500
v -1.854084 -9.172527 8.118909
v -2.004285 -9.387727 7.895322
v -2.133018 -9.566468 7.585815
v -2.219466 -9.686593 7.213415
v -1.822616 -9.985909 7.210438
v -1.771485 -9.866094 7.598777
v -1.677821 -9.675199 7.935093
v -1.553181 -9.428571 8.173882
v -1.415381 -9.155833 8.335808
v -1.287277 -8.884344 8.434288
v -1.164343 -8.616540 8.511103
v -1.058484 -8.362737 8.575724
v -6.343635 -4.079437 2.987486
v -6.284066 -4.100773 3.712085
v -6.129086 -4.152427 4.469680
v -6.016193 -4.185691 4.855630
v -5.880907 -4.216408 5.243062
v -5.545255 -4.280506 6.002269
v -5.102263 -4.360135 6.717719
v -4.830047 -4.411670 7.065513
v -4.254746 -4.531235 7.721632
v -3.986083 -4.601976 8.003409
v -3.742839 -4.672434 8.240682
v -3.525892 -4.732450 8.434526
v -3.329688 -4.791841 8.596128
v -3.137618 -4.861659 8.737909
v -2.950594 -4.931590 8.856984
v -2.772113 -5.005580 8.944619
v -2.611978 -5.108307 9.000301
v -2.479349 -5.231076 9.023174
v -3.967995 -8.703950 4.225340
v -4.003429 -8.805200 3.844866
v -3.991994 -8.752330 4.027690
v -4.022446 -8.870326 3.683762
v -3.898617 -8.644958 4.645241
v -3.479679 -9.099645 4.685647
v -3.017307 -9.499821 4.745614
v -3.551427 -9.283156 4.011954
v -3.544612 -9.224369 4.160964
v -3.583111 -9.363840 3.874463
v -2.526171 -9.853827 4.817132
v -3.131237 -9.804816 4.080326
v -3.087070 -9.712161 4.195813
v -3.066570 -9.640946 4.314511
v -2.156908 -10.536887 4.493138
v -2.106051 -10.426667 4.590672
v -2.061759 -10.341222 4.664829
v -1.643215 -10.823168 4.647164
v -1.591408 -10.699601 4.741190
v -1.552109 -10.599196 4.810770
v -1.501131 -10.276616 5.225298
v -1.506743 -10.258079 5.393835
v -1.507293 -10.255287 5.614219
v -1.411265 -10.261553 6.468569
v -1.382531 -10.205086 7.219666
v -1.354249 -10.096451 7.620942
v -1.297423 -9.900345 7.969378
v -1.209996 -9.633229 8.222876
v -1.110286 -9.330711 8.396277
v -1.006996 -9.032516 8.503265
v -0.909610 -8.739598 8.574223
v -0.827828 -8.454461 8.624421
v -1.743272 -7.345592 8.856775
v -1.530917 -7.576849 8.825245
v -1.272856 -7.802899 8.773681
v -1.171300 -8.050960 8.636620
v -4.455591 3.421830 8.603959
v -4.236132 3.207687 8.925948
v -4.126070 3.153542 9.030626
v -3.992172 3.101253 9.135825
v -3.848456 3.060150 9.227840
v -3.680756 3.019702 9.318896
v -3.520181 2.995428 9.386507
v -3.347014 2.983678 9.438796
v -3.179800 2.986159 9.466014
v -3.009706 3.004835 9.467706
v -2.854579 3.032045 9.449445
v -2.709293 3.074179 9.412741
v -2.565489 3.117982 9.363012
v -2.444743 3.154481 9.307848
v -2.344081 3.192575 9.250181
v -2.260956 3.222269 9.193164
v -2.195801 3.245796 9.138656
v -2.091903 3.218499 9.180696
v -2.017174 3.203093 9.197508
v -1.952502 3.194499 9.210144
v -1.905754 3.198548 9.216500
v -1.839662 3.248659 9.193516
v -1.841133 3.299321 9.184115
v -1.874307 3.357963 9.179914
v -1.942565 3.420425 9.176417
v -2.039131 3.479586 9.184191
v -2.177779 3.559680 9.183653
v -2.305745 3.657801 9.274022
v -2.450577 3.738847 9.364532
v -2.612785 3.820790 9.451201
v -2.765162 3.880823 9.524305
v -3.064528 3.930372 9.581337
v -3.207093 3.924978 9.554923
v -3.533197 3.908453 9.525652
v -3.705848 3.867615 9.456064
v -3.866777 3.816051 9.358006
v -4.005542 3.758620 9.251490
v -4.129976 3.696348 9.146260
v -4.342347 3.566679 8.888652
v -4.416038 3.491595 8.735054
v -4.440081 3.427083 8.577737
v -4.225059 3.199570 8.907310
v -4.118228 3.148500 9.007709
v -3.978722 3.098689 9.112835
v -3.842726 3.061774 9.206468
v -3.677359 3.031223 9.290694
v -3.513552 2.995461 9.352928
v -3.342486 2.980744 9.405645
v -3.173655 2.977787 9.434358
v -3.005212 2.998569 9.433309
v -2.857996 3.019463 9.414776
v -2.708313 3.062329 9.381994
v -2.571361 3.107464 9.325903
v -2.450172 3.142161 9.273478
v -2.344920 3.178573 9.211443
v -2.260941 3.207645 9.157043
v -2.196218 3.242630 9.109206
v -2.157902 3.283010 9.083266
v -2.136561 3.322192 9.072724
v -2.118435 3.407960 9.077180
v -2.121938 3.459154 9.092654
v -2.139814 3.515142 9.119424
v -2.190553 3.569124 9.164112
v -2.311323 3.660285 9.251969
v -2.451265 3.746122 9.342418
v -2.611457 3.824510 9.429480
v -2.769681 3.877860 9.499987
v -3.065242 3.929647 9.556275
v -3.523047 3.903035 9.499168
v -3.691876 3.862134 9.429740
v -3.849413 3.804961 9.331964
v -3.994044 3.755200 9.231346
v -4.112526 3.697693 9.121317
v -4.323559 3.575435 8.867312
v -4.400769 3.501272 8.707577
v -2.132205 3.506529 9.127754
v -2.117950 3.455647 9.102740
v -2.118497 3.407916 9.091043
v -2.137203 3.323292 9.092450
v -2.156977 3.283811 9.105135
v -2.013679 -10.143143 4.895627
v -1.042134 -10.791801 4.925906
v -1.073856 -10.900036 4.864756
v -1.110172 -11.030948 4.771336
v -0.522086 -10.904676 5.006633
v -0.540280 -11.023471 4.956626
v -0.558250 -11.162441 4.860109
v -0.000000 -11.216267 4.906139
v -0.000000 -11.075593 5.001626
v -0.000000 -10.948548 5.044934
v -1.497733 -10.365722 4.976085
v -0.000000 -10.656461 5.079958
v -0.991805 -10.525319 5.029610
v -0.491280 -10.627672 5.062700
v -2.567203 -10.020049 4.490151
v -2.602961 -10.098835 4.396917
v -2.652365 -10.199091 4.296866
v -3.527941 -9.172578 4.327865
v -3.048680 -9.584945 4.448047
v -2.545916 -9.955265 4.590436
v -2.030197 -10.261975 4.735194
v -1.520568 -10.505736 4.864590
v -1.015931 -10.689086 4.963700
v -0.506901 -10.803368 5.028939
v 0.000000 -10.846488 5.057027
v -0.661922 8.027852 10.180046
v -0.679512 8.369961 10.068901
v -0.695595 8.723424 9.946676
v -0.722275 9.451683 9.634296
v -0.875587 5.826848 10.751547
v -1.545805 4.374330 9.882280
v -1.957976 4.161509 9.594200
v -1.296717 4.444352 10.100032
v -1.786002 4.273304 9.713418
v -2.249235 3.691287 9.402800
v -4.298285 3.258350 8.806384
v -4.318485 3.262244 8.826581
v -4.374132 3.248420 8.830050
v -4.446116 3.229404 8.841901
v -4.573761 3.162628 8.745835
v -4.674703 3.095105 8.628726
v -4.791995 3.024885 8.502792
v -4.924777 2.962190 8.379562
v -5.161162 3.021079 8.166206
v -5.336670 2.972626 8.016579
v -5.546563 2.945330 7.834257
v -5.789681 2.928346 7.596408
v -6.035475 2.927478 7.307837
v -6.253224 2.939802 7.013924
v -6.443354 2.959373 6.718689
v -6.754534 3.015990 6.124669
v -7.099358 3.134252 5.158511
v -7.192830 3.183377 4.790815
v -7.271001 3.234562 4.413372
v -7.393208 3.348055 3.627681
v -7.490407 3.488242 2.826368
v 0.000000 9.415396 9.688223
v -0.000000 -2.002995 11.578550
v -0.130969 -2.005485 11.585506
v -0.250130 -2.012077 11.598280
v -0.489377 -2.053589 11.590867
v -0.933918 -2.095709 11.435527
v -1.089636 -2.117967 11.340780
v -1.253454 -2.145365 11.226284
v -1.431409 -2.185782 11.090931
v -1.626716 -2.231593 10.930197
v -1.855111 -2.266354 10.730905
v -6.637269 2.442928 6.518632
v -6.631228 2.145427 6.594855
v -6.611342 1.831873 6.690005
v -6.582913 1.500432 6.800405
v -6.537790 1.150345 6.939142
v -6.477669 0.775084 7.086258
v -6.395960 0.363715 7.244744
v -6.087118 -0.619533 7.571520
v -5.768314 -1.283611 7.736425
v -6.097169 -1.837418 7.034754
v -5.962658 -2.357645 6.902615
v -5.823449 -2.852776 6.759086
v -5.681613 -3.331378 6.612630
v -5.518296 -3.821001 6.483230
v -5.340877 -4.316967 6.364631
v -5.151312 -4.822248 6.247908
v -4.961574 -5.341745 6.135418
v -4.256445 -6.398389 6.605289
v -4.111965 -6.980319 6.477199
v -3.942730 -7.570277 6.377834
v -3.727377 -8.131486 6.310985
v -3.448106 -8.632453 6.263930
v -3.122828 -9.073417 6.227967
v -2.760130 -9.449539 6.200823
v -2.356200 -9.774607 6.177684
v -1.917866 -10.054958 6.168335
v -1.451351 -10.273864 6.161364
v -0.969295 -10.418491 6.155046
v -0.484582 -10.502475 6.145267
v -0.000000 -10.533943 6.137209
v 0.000001 7.025887 10.516621
v -0.308117 7.045667 10.509097
v -0.612987 7.083873 10.490537
v -0.920206 7.136323 10.460700
v -1.237216 7.192475 10.414661
v -1.570318 7.253506 10.349111
v -1.912813 7.310070 10.260698
v -2.619539 7.394584 10.002642
v -3.104017 6.692572 10.045671
v -3.382150 6.695885 9.887661
v -3.644528 6.685707 9.727116
v -4.148026 6.628077 9.383547
v -4.394465 6.579103 9.200788
v -4.848595 6.441347 8.823665
v -5.050010 6.351564 8.638339
v -5.237508 6.245277 8.448276
v -5.408955 6.127943 8.252986
v -5.562123 5.996911 8.053019
v -5.821532 5.707345 7.661787
v -5.932442 5.544006 7.470737
v -6.028536 5.367592 7.286782
v -6.112877 5.181924 7.114070
v -6.188347 4.984890 6.953544
v -6.257238 4.780221 6.810973
v -6.317198 4.571256 6.690674
v -6.371360 4.358198 6.589234
v -6.421067 4.143164 6.509342
v -6.464333 3.924336 6.450609
v -6.507697 3.702559 6.412044
v -6.550329 3.473664 6.394572
v -6.583573 3.235518 6.398802
v -6.609358 2.985543 6.421442
v -6.626980 2.721939 6.463638
v -5.933769 -3.722595 5.721691
v -5.723882 -4.248476 5.627265
v -5.506882 -4.784990 5.532285
v -5.297480 -5.336086 5.444053
v -4.445553 -6.426419 6.255130
v -4.281128 -7.013762 6.136489
v -4.091753 -7.603006 6.047010
v -3.848196 -8.149323 5.991587
v -3.552293 -8.639491 5.951748
v -3.209041 -9.072837 5.922361
v -2.827173 -9.444616 5.897595
v -2.411909 -9.771361 5.883323
v -1.963300 -10.051048 5.878069
v -1.486288 -10.262346 5.871761
v -0.994597 -10.413918 5.873173
v -0.498433 -10.499772 5.863817
v 0.000000 -10.534089 5.857424
v 0.000000 7.643993 10.322659
v -0.323261 7.660321 10.311636
v -0.644639 7.697364 10.285827
v -0.968128 7.745681 10.246123
v -1.301735 7.796103 10.188198
v -1.646814 7.847469 10.113904
v -2.003036 7.895073 10.018234
v -2.733238 7.959527 9.748268
v -3.280094 7.422707 9.662600
v -3.577033 7.413676 9.482048
v -3.857053 7.390423 9.298782
v -4.386946 7.303380 8.918212
v -4.641760 7.237661 8.715802
v -5.109737 7.061484 8.296744
v -5.313333 6.954957 8.084415
v -5.496898 6.837125 7.870097
v -5.659961 6.710548 7.656788
v -5.806515 6.571912 7.445124
v -6.060001 6.246544 7.016200
v -6.162925 6.062565 6.802549
v -6.254565 5.863584 6.596193
v -6.337231 5.649506 6.397460
v -6.414954 5.424330 6.213467
v -6.489897 5.188336 6.046909
v -6.559108 4.945592 5.900535
v -6.626053 4.697563 5.775951
v -6.693226 4.443473 5.675143
v -6.762412 4.185219 5.599834
v -6.832459 3.922474 5.548254
v -6.896441 3.653973 5.516642
v -6.951584 3.377121 5.502693
v -6.995921 3.089316 5.502223
v -7.026821 2.788193 5.515680
v -7.044250 2.472172 5.536749
v -7.048322 2.140656 5.565232
v -7.036624 1.794381 5.604393
v -7.017858 1.433308 5.659302
v -6.999486 1.053303 5.730895
v -6.981194 0.653021 5.814827
v -6.954881 0.231662 5.899498
v -6.911086 -0.214924 5.975821
v -6.837797 -0.687515 6.030838
v -6.734637 -1.183287 6.056520
v -6.608133 -1.685512 6.036897
v -6.465668 -2.187479 5.980308
v -6.303907 -2.694239 5.905023
v -6.127836 -3.203385 5.814826
v -7.005955 -1.730163 3.310913
v -7.098476 -1.254552 3.324733
v -7.164093 -0.823302 3.325877
v -7.199356 -0.415146 3.310240
v -7.215579 -0.020819 3.291761
v -7.230230 0.362246 3.272650
v -7.246469 0.740028 3.237853
v -7.266975 1.116728 3.194505
v -7.291571 1.492798 3.141908
v -7.323479 1.880871 3.083529
v -7.364338 2.288539 3.036254
v -7.404658 2.688724 3.086251
v -7.432868 3.060213 3.154213
v -7.445154 3.414241 3.224812
v -7.440722 3.757657 3.296520
v -7.421314 4.093522 3.374524
v -7.391058 4.425501 3.470181
v -7.351696 4.756650 3.588481
v -7.306721 5.087933 3.728621
v -7.254622 5.418204 3.894916
v -7.194678 5.745440 4.081571
v -7.124876 6.063355 4.290138
v -7.044390 6.372852 4.515671
v -6.952092 6.667392 4.753280
v -6.849516 6.945985 4.998603
v -6.736492 7.203516 5.249145
v -6.616778 7.439943 5.501290
v -6.338896 7.848757 6.000262
v -6.183771 8.016174 6.239234
v -6.022065 8.162627 6.468698
v -5.845600 8.304591 6.700331
v -5.640709 8.453568 6.948027
v -5.148313 8.736851 7.480676
v -4.877046 8.857611 7.742320
v -4.310396 9.048648 8.240046
v -4.004590 9.120760 8.482731
v -3.676996 9.176306 8.720052
v -3.324382 9.214759 8.945663
v 0.000000 -10.747095 5.064262
v -0.494706 -10.708506 5.041946
v -0.997461 -10.600683 4.993174
v -1.501741 -10.426545 4.911621
v -2.016857 -10.200387 4.807079
v -2.531039 -9.898235 4.694870
v -3.034150 -9.536084 4.589211
v -3.507202 -9.130416 4.499896
v -3.936941 -8.668800 4.427076
v -4.329075 -8.174146 4.385394
v -4.672613 -7.644484 4.365867
v -4.970091 -7.087492 4.361907
v -5.235536 -6.508087 4.369651
v -5.895605 -5.333612 3.413002
v -6.108677 -4.709560 3.365797
v -6.324620 -4.082328 3.342103
v -6.531269 -3.483062 3.326625
v -6.721493 -2.884494 3.311361
v -6.883471 -2.279598 3.288161
v -5.028897 -6.499385 4.971866
v -4.793794 -7.078403 4.926883
v -4.521061 -7.628715 4.890226
v -4.204660 -8.141387 4.875155
v -3.848119 -8.624743 4.878708
v -3.445071 -9.076198 4.891230
v -3.001227 -9.476253 4.920050
v -2.518948 -9.816606 4.969707
v -2.010162 -10.097207 5.025928
v -1.497442 -10.308416 5.086997
v -0.992221 -10.458653 5.126592
v -0.491133 -10.556149 5.149015
v -0.000000 -10.585629 5.166609
v 0.000000 9.044152 9.852795
v -0.357176 9.057876 9.837691
v -0.709876 9.084696 9.803752
v -1.062865 9.119081 9.749683
v -1.423121 9.153726 9.678276
v -1.796042 9.189914 9.587037
v -2.177457 9.217755 9.474707
v -2.950164 9.233753 9.151735
v -3.220227 8.575634 9.298833
v -3.563220 8.554396 9.090051
v -3.883674 8.516511 8.872217
v -4.183815 8.462977 8.649884
v -4.740840 8.309496 8.190269
v -5.008058 8.207894 7.948473
v -5.490035 7.961580 7.450289
v -5.685711 7.831854 7.213940
v -5.858014 7.702450 6.993532
v -6.017563 7.565237 6.771142
v -6.171070 7.406295 6.537930
v -6.437375 7.026690 6.057929
v -6.547057 6.808612 5.817308
v -6.648075 6.572197 5.579690
v -6.743246 6.318900 5.350093
v -6.829705 6.050384 5.129252
v -6.909714 5.770077 4.923124
v -6.981896 5.478858 4.734937
v -7.047816 5.179912 4.566526
v -7.108229 4.874935 4.420625
v -7.165933 4.565894 4.298371
v -7.220806 4.255567 4.200794
v -7.271539 3.942414 4.121220
v -7.312082 3.621006 4.067533
v -7.336306 3.288870 4.025142
v -7.347496 2.945618 3.990923
v -7.344952 2.591813 3.965970
v -7.337215 2.227268 3.954827
v -7.328512 1.854881 3.963737
v -7.325200 1.478320 3.989092
v -7.324097 1.092523 4.022127
v -7.315155 0.703925 4.054455
v -7.304137 0.308357 4.085477
v -7.281261 -0.098929 4.112134
v -7.237412 -0.521884 4.137715
v -7.169747 -0.960644 4.159585
v -7.081010 -1.419362 4.174177
v -6.967937 -1.902585 4.178925
v -6.823906 -2.415504 4.167080
v -6.650447 -2.960425 4.148736
v -6.442868 -3.535602 4.121514
v -6.217298 -4.126211 4.088644
v -5.996729 -4.728495 4.062820
v -5.773344 -5.327361 4.057210
v -4.645994 9.254775 7.752074
v -4.598892 8.960828 7.994448
v -4.539391 8.673756 8.218739
v -4.466855 8.394381 8.423509
v -4.386495 8.121810 8.613403
v -4.300120 7.856730 8.788996
v -4.212493 7.601576 8.954368
v -4.125899 7.353669 9.111579
v -3.968313 6.885023 9.412745
v -3.898502 6.663064 9.559962
v -3.833982 6.446307 9.706388
v -3.766565 6.232363 9.844258
v -3.690613 6.012700 9.965509
v -3.601655 5.782657 10.058219
v -3.499272 5.548260 10.105623
v -3.382198 5.322414 10.101108
v -3.277747 5.116302 10.036112
v -3.179873 4.933499 9.939668
v -3.093502 4.755485 9.847233
v -3.025508 4.598246 9.768370
v -2.990621 4.473195 9.709382
v -2.957559 4.354803 9.672039
v -2.932960 4.244542 9.670280
v -2.919822 4.137907 9.682248
v -2.912904 4.033819 9.680291
v -2.907135 3.951583 9.649650
v -2.912462 3.934394 9.603385
v -2.914575 3.914556 9.563331
v -2.914024 3.919157 9.537337
v -4.217110 3.635301 9.015079
v -4.242730 3.637425 9.033940
v -4.292386 3.649699 9.075286
v -4.346432 3.663498 9.128203
v -4.409824 3.722986 9.148912
v -4.464288 3.803752 9.144815
v -4.504925 3.894195 9.106408
v -4.551442 3.984401 9.073442
v -4.614997 4.074625 9.064042
v -4.689468 4.160752 9.079236
v -4.773584 4.257960 9.086808
v -4.869880 4.370198 9.085921
v -4.988237 4.504655 9.064738
v -5.129164 4.669066 9.009994
v -5.279912 4.872155 8.901304
v -5.410933 5.091212 8.733403
v -5.501494 5.298005 8.521291
v -5.569055 5.490881 8.294380
v -5.632548 5.674163 8.071372
v -5.698939 5.857531 7.856637
v -5.773634 6.041734 7.648033
v -5.941076 6.416103 7.231548
v -6.030762 6.611341 7.015107
v -6.124704 6.810468 6.788826
v -6.218596 7.016591 6.551116
v -6.312556 7.227164 6.299630
v -6.400201 7.440517 6.032664
v -6.484907 7.656417 5.752868
v -6.564571 7.878320 5.461052
v -3.357820 3.925010 9.543751
v -3.364220 3.929084 9.570258
v -3.380044 3.952472 9.620982
v -3.391216 3.973707 9.675095
v -3.417221 4.060447 9.701203
v -3.447199 4.172300 9.694790
v -3.476678 4.279964 9.667950
v -3.513959 4.387339 9.659614
v -3.569666 4.500006 9.679803
v -3.639124 4.607927 9.705995
v -3.728060 4.729119 9.738658
v -3.830706 4.875237 9.778030
v -3.951091 5.044744 9.809875
v -4.085541 5.241175 9.811185
v -4.219778 5.460855 9.760958
v -4.336649 5.688240 9.659198
v -4.426825 5.904404 9.515882
v -4.499043 6.111275 9.348599
v -4.562352 6.313284 9.179233
v -4.628634 6.517036 9.012902
v -4.704958 6.724505 8.847668
v -4.884407 7.156112 8.507506
v -4.982161 7.379138 8.323865
v -5.079446 7.608866 8.126958
v -5.174748 7.845383 7.918857
v -5.261922 8.089812 7.699544
v -5.339305 8.340552 7.463765
v -5.406513 8.599936 7.211227
v -5.464124 8.866395 6.947578
v -3.209200 3.932658 9.584258
v -2.018631 5.087788 10.405119
v -1.856238 4.939619 10.339570
v -1.672191 4.787015 10.265255
v -1.476196 4.623276 10.184840
v -1.965320 5.320343 10.552732
v -1.797760 5.198641 10.537300
v -1.611034 5.061741 10.506297
v -1.406973 4.910099 10.460331
v -1.191080 4.728789 10.405484
v -1.848665 5.452376 10.621857
v -1.635771 5.350423 10.632901
v -1.408127 5.232099 10.624893
v -1.155777 5.094106 10.608011
v -0.831685 4.911044 10.604075
v -1.754406 5.826355 10.675157
v -1.468146 5.746339 10.711917
v -1.191727 5.662937 10.733212
v -0.905380 5.582376 10.744153
v -0.618385 5.520201 10.753749
v -0.388553 4.918348 10.680923
v -0.363044 4.634044 10.623960
v 0.000001 4.920059 10.719879
v 0.000001 4.641423 10.679049
v -0.313222 5.487940 10.767547
v 0.000001 5.475763 10.775379
v -2.594301 9.572729 9.125443
v -2.563543 9.233405 9.329981
v -2.523719 8.896707 9.502546
v -2.475627 8.564790 9.648369
v -2.421498 8.241341 9.776410
v -2.365896 7.932433 9.895926
v -2.314134 7.637966 10.019549
v -2.264304 7.357727 10.144335
v -2.177815 6.834236 10.376680
v -1.784625 5.625373 10.663426
v -1.524948 5.536420 10.689603
v -1.262415 5.437960 10.698831
v -0.992107 5.337070 10.701129
v -0.694384 5.245224 10.710549
v -0.348370 5.214581 10.737719
v 0.000001 5.206732 10.754421
v -2.086024 5.409614 10.556013
v -2.062006 5.524694 10.596615
v -2.052165 5.696969 10.618935
v -2.050200 5.895568 10.618086
v -2.555686 5.561108 10.464569
v -2.299978 5.552453 10.541603
v -2.070401 6.113904 10.589699
v -2.609421 5.770976 10.468039
v -2.328635 5.742588 10.551605
v -2.658190 5.989318 10.437152
v -2.357203 5.950779 10.535744
v -2.704825 6.212717 10.379334
v -2.392533 6.170730 10.493570
v -2.851937 6.911903 10.089931
v -2.959810 7.417041 9.840383
v -2.802169 6.673266 10.202343
v -2.752476 6.441049 10.300430
v -1.770884 6.276705 10.624983
v -1.448348 6.202647 10.681884
v -0.294492 5.983706 10.754700
v 0.000001 5.965178 10.760601
v -0.582666 6.018516 10.747054
v -0.865073 6.070004 10.735739
v -1.149941 6.132103 10.715551
v -2.100843 6.344627 10.539104
v -2.433431 6.399846 10.430281
v 0.000001 6.209536 10.725877
v -0.294853 6.227439 10.720298
v -0.583956 6.265056 10.711858
v -0.867958 6.318060 10.698941
v -1.159513 6.381409 10.674717
v -1.470900 6.451043 10.631759
v -1.798269 6.520977 10.564179
v -2.137271 6.584412 10.467010
v -2.477118 6.636896 10.347207
v -1.656853 3.398216 9.344675
v -1.623422 3.262413 9.361243
v -0.580989 -2.624196 11.778515
v -0.594075 -2.437416 11.725449
v -0.618966 -2.253299 11.638435
v -0.630687 -2.067531 11.563864
v -0.629878 -1.875513 11.507573
v -0.617977 -1.486837 11.415765
v -0.603299 -1.292617 11.388849
v -0.591959 -1.106667 11.376814
v -0.827561 1.728696 11.465169
v -0.700341 3.106620 10.584191
v -0.693526 3.359156 10.423996
v -0.705492 3.600814 10.319088
v -0.757215 -2.636474 11.714829
v -0.773260 -2.454301 11.665667
v -0.781431 -2.269457 11.585122
v -0.780736 -2.080735 11.509663
v -0.774046 -1.886405 11.448287
v -0.749961 -1.495739 11.348099
v -0.732157 -1.309971 11.315512
v -0.714052 -1.130365 11.298967
v -0.954262 1.587287 11.322791
v -0.996160 1.778602 11.092424
v -5.483139 -0.869221 8.212205
v -6.400876 -0.700323 7.057619
v -6.238999 -1.274171 7.123113
v -6.649642 -0.709633 6.539474
v -6.532344 -1.233368 6.571955
v -6.865601 1.064867 6.139151
v -6.891957 1.441009 6.048162
v -6.914882 1.796684 5.979197
v -6.929290 2.134758 5.923362
v -6.928118 2.456577 5.878886
v -6.912771 2.761350 5.844247
v -6.881661 3.050801 5.822025
v -6.840236 3.325961 5.813323
v -6.788889 3.590129 5.819833
v -6.728525 3.846230 5.844483
v -6.664181 4.095787 5.888597
v -6.600224 4.341290 5.957389
v -6.536927 4.582449 6.051088
v -6.474278 4.819154 6.168357
v -6.406174 5.050721 6.306405
v -6.333954 5.277046 6.464005
v -6.257148 5.493268 6.639521
v -6.174482 5.697277 6.828342
v -6.081107 5.887912 7.028204
v -5.975670 6.063890 7.233913
v -5.855031 6.227036 7.441249
v -5.720998 6.376543 7.648288
v -5.573232 6.511513 7.855377
v -5.406156 6.636805 8.067029
v -5.218871 6.750293 8.275251
v -5.014164 6.850506 8.478667
v -4.791086 6.937943 8.681623
v -4.551075 7.011225 8.881889
v -4.301253 7.069968 9.077007
v -4.044308 7.114888 9.264156
v -3.781195 7.146620 9.445472
v -3.508351 7.164870 9.621402
v -3.217288 7.168014 9.796351
v -2.904654 7.158502 9.968005
v -2.568736 7.132299 10.128047
v -2.220598 7.091563 10.265489
v -1.871800 7.038744 10.377615
v -1.532964 6.976544 10.461085
v -1.208193 6.913157 10.519944
v -0.899178 6.851616 10.557987
v -0.600150 6.796066 10.581638
v -0.302067 6.753360 10.598194
v 0.000001 6.737978 10.603666
v -6.741051 -0.214943 6.463028
v -6.794555 0.243814 6.355377
v -6.832738 0.666821 6.245944
v -2.084428 2.198939 9.560020
v -2.296128 2.066162 9.549928
v -2.516829 1.942205 9.541204
v -2.751453 1.824673 9.524824
v -3.002488 1.712190 9.497421
v -3.270736 1.602016 9.461026
v -3.555667 1.488709 9.410393
v -3.854611 1.370042 9.349664
v -4.490008 1.085122 9.175418
v -4.826950 0.905979 9.033900
v -5.154455 0.697306 8.833462
v -5.463031 0.481440 8.558969
v -5.752662 0.269922 8.223031
v -6.020445 0.068615 7.837868
v -6.276248 -0.095742 7.409796
v -6.664401 0.705563 6.670058
v -6.607292 0.284076 6.807965
v -6.524744 -0.181715 6.942849
v -5.095545 2.471480 8.329239
v -5.350914 2.390957 8.133168
v -5.283996 2.191257 8.271025
v -4.503013 2.224185 8.861650
v -4.436961 1.944169 8.964055
v -4.368138 1.708193 9.067266
v -4.280472 1.477514 9.171689
v -4.165394 1.238280 9.274960
v -4.017960 0.984921 9.374709
v -3.831993 0.706899 9.479842
v -3.613291 0.414198 9.593223
v -3.124820 -0.168328 9.816113
v -2.876411 -0.454290 9.905108
v -2.644519 -0.731573 9.983453
v -2.430450 -1.001384 10.069522
v -2.248586 -1.248854 10.171012
v -2.085568 -1.469815 10.312914
v -1.919457 -1.637526 10.481732
v -1.732001 -1.711342 10.652750
v -1.542336 -1.743874 10.817914
v -1.367188 -1.751170 10.968481
v -1.203186 -1.735880 11.099261
v -1.049667 -1.718266 11.212695
v -0.904489 -1.703992 11.310627
v -0.764162 -1.691230 11.393826
v -0.626117 -1.681313 11.457335
v -0.493945 -1.675050 11.499218
v -0.245382 -1.663555 11.536805
v -0.123494 -1.657263 11.537875
v 0.000000 -1.652229 11.536450
v -4.736972 2.416681 8.653720
v 0.000000 -10.486322 6.818802
v -0.465530 -10.459560 6.818050
v -0.931038 -10.384338 6.821598
v -1.393260 -10.246882 6.824237
v -1.842772 -10.031858 6.825321
v -2.262200 -9.747245 6.838007
v -2.636930 -9.407448 6.864936
v -2.953687 -9.013956 6.909713
v -3.220240 -8.567941 6.953128
v -3.438528 -8.053451 6.997958
v -3.605518 -7.486104 7.071119
v -3.736238 -6.911695 7.172211
v -3.850575 -6.364166 7.290255
v -4.311499 -5.367432 7.177087
v -4.431579 -4.905597 7.287055
v -4.541161 -4.466895 7.402564
v -4.631857 -4.043691 7.530952
v -4.701968 -3.634485 7.673443
v -4.753603 -3.224359 7.832708
v -4.783612 -2.811356 8.014427
v -4.790690 -2.392583 8.215553
v -4.758434 -1.973344 8.446740
v -4.665898 -1.593312 8.704678
v -4.522312 -1.246402 8.961321
v -4.336169 -0.930880 9.186291
v -4.111495 -0.635326 9.372154
v -3.872038 -0.361151 9.518903
v -3.622953 -0.109112 9.628727
v -3.373733 0.121423 9.708366
v -3.131428 0.334094 9.764457
v -2.895280 0.536131 9.808767
v -2.668619 0.730817 9.845746
v -2.453136 0.921942 9.881167
v -2.250210 1.111884 9.925665
v -2.057049 1.302861 9.979056
v -1.872241 1.496394 10.041110
v -1.694908 1.692532 10.116678
v -1.636513 2.951974 9.463079
v -1.703076 2.999632 9.422171
v -1.770589 3.054888 9.387057
v -1.818280 3.103901 9.344862
v -1.836541 3.154462 9.289597
v -1.848024 3.187193 9.241220
v -1.864744 3.214943 9.207993
v -1.880102 3.237205 9.183575
v -1.904721 3.256758 9.167083
v -1.942638 3.275811 9.150140
v -1.998616 3.300343 9.129312
v -2.061384 3.332829 9.109048
v -2.125449 3.364891 9.087729
v -2.124952 3.363152 9.073011
v -4.381353 3.331201 8.685274
v -4.393400 3.334973 8.710583
v -4.462653 3.319066 8.719625
v -4.537803 3.303488 8.722726
v -4.648896 3.244308 8.636118
v -4.752433 3.189062 8.527797
v -4.868412 3.135612 8.411828
v -5.007134 3.079031 8.295216
v 0.503992 3.440798 10.645912
v 0.719412 4.599802 10.507769
v 1.003777 -10.401886 5.411754
v 6.972595 -1.590867 2.902649
v 7.056324 -1.140674 2.947484
v 7.108075 -0.734107 2.955505
v 6.844465 -2.156223 2.791820
v 5.496559 1.605900 8.352261
v 5.140779 1.730996 8.583980
v 4.364802 -2.242390 8.693029
v 2.971857 -1.781630 9.824442
v 3.226023 -1.507120 9.718925
v 2.748760 -2.043271 9.944722
v 2.794577 -1.510833 9.942067
v 2.577013 -1.770130 10.058062
v 3.507123 -1.227303 9.614409
v 3.040397 -1.232503 9.838864
v 3.586310 -0.661616 9.634241
v 3.093572 -0.696247 9.836935
v 3.308245 -0.951558 9.741212
v 3.356387 -0.406859 9.739021
v 3.805435 -0.938399 9.497693
v 5.863458 3.280140 7.522607
v 5.890356 3.438124 7.516977
v 5.911554 3.589275 7.530698
v 5.924562 3.886245 7.605975
v 5.650078 3.259878 7.758697
v 5.457462 3.257782 7.940860
v 5.743370 2.725293 7.671673
v 5.482835 2.766200 7.909657
v 5.607125 2.095837 8.024443
v 5.713496 4.188443 8.095473
v 5.746999 4.054485 7.978099
v 5.567551 4.059913 8.238526
v 5.599591 3.947609 8.132355
v 5.764605 3.793190 7.828399
v 5.608836 3.728250 8.001204
v 5.553267 3.500241 7.945883
v 5.512676 3.381920 7.935189
v 5.726997 3.532862 7.763010
v 5.692447 3.399961 7.752501
v 5.358454 3.383735 8.079350
v 5.298022 3.273544 8.084234
v 5.402309 3.486839 8.089375
v 5.473442 3.690088 8.131947
v 5.445157 3.968324 8.330707
v 5.473832 3.873864 8.239067
v 5.512710 4.175271 8.370590
v 5.591697 4.458675 8.396348
v 5.441644 4.288432 8.520470
v 5.659277 4.323579 8.238707
v 5.393419 4.064642 8.445843
v 5.317963 4.160012 8.582248
v 2.842319 -0.977822 9.924446
v 1.864175 -0.234001 10.276602
v 1.845525 -0.568624 10.339704
v 2.416420 -1.510751 10.126184
v 2.614191 -1.254700 10.018959
v 1.568807 -1.131344 10.647830
v 1.268767 -1.172320 10.873719
v 1.117860 -1.125990 10.992464
v 0.956348 -1.150990 11.110165
v 0.832985 -1.146620 11.212152
v 1.919234 0.282379 10.246661
v 2.067375 -0.000972 10.158656
v 2.274403 0.243127 10.068660
v 2.098599 0.490241 10.128392
v 1.790317 0.549083 10.353399
v 5.138908 5.000533 9.066946
v 4.983562 5.121400 9.223765
v 4.439428 5.401815 9.631603
v 4.834188 4.909259 9.320506
v 4.989671 4.791553 9.172147
v 5.507065 4.597375 8.559813
v 5.356669 4.414199 8.677652
v 2.475223 0.489137 9.963109
v 2.278454 0.706532 10.008471
v 2.093789 0.921191 10.066198
v 1.938316 0.732796 10.208579
v 1.786383 0.962507 10.300542
v 1.596000 -1.978670 10.869894
v 1.805680 -1.968566 10.689152
v 2.030837 -1.914990 10.483309
v 1.406731 -1.961125 11.027644
v 1.433947 -2.408625 11.161294
v 1.621186 -2.478384 11.001848
v 1.233747 -1.934872 11.159559
v 1.259670 -2.355217 11.296912
v 1.823200 -2.558771 10.812367
v 4.847409 4.617868 9.219810
v 4.690182 4.729346 9.362753
v 5.222454 4.268230 8.740108
v 1.920740 1.133335 10.135518
v 2.486947 5.363448 10.426478
v 2.396905 5.179849 10.351467
v 4.154276 4.990418 9.717646
v 4.298321 5.184712 9.701391
v 1.573935 3.100927 9.434875
v 1.736799 2.808276 9.472326
v 0.453520 -1.064463 11.464475
v 0.215898 -1.157714 11.549757
v 0.922076 -1.899363 11.371040
v 0.251125 -1.843506 11.569468
v 0.495272 -1.866683 11.542192
v 0.238392 -2.157752 11.629471
v 0.461861 -2.231499 11.658457
v 0.128432 -1.834836 11.563532
v 1.073522 -1.914553 11.276038
v 1.096842 -2.318014 11.411022
v 0.939683 -2.289156 11.508409
v 0.908493 4.294186 10.264938
v 0.639378 4.345313 10.457738
v 3.059121 5.123680 10.101929
v 3.358866 5.791603 10.171339
v 3.260288 5.557815 10.205043
v 3.153287 5.331936 10.182536
v 2.845068 5.133443 10.170240
v 3.119550 5.794316 10.275675
v 3.034513 5.562178 10.295364
v 2.937691 5.339481 10.259866
v 0.107545 -1.172984 11.567171
v 0.127765 -2.155113 11.613026
v 2.151491 -3.508151 10.287580
v 2.253735 -3.703192 10.063869
v 2.023106 -3.323655 10.527873
v 2.332036 -3.893301 9.872167
v 2.393574 -4.072729 9.705318
v 2.254434 -3.317163 10.224442
v 2.368035 -3.532743 10.003795
v 1.877782 -3.159438 10.755970
v 2.111673 -3.114736 10.459665
v 2.462075 -4.578041 9.321894
v 2.454796 -3.747618 9.817782
v 2.519995 -3.941335 9.662991
v 1.719799 -3.021904 10.965718
v 1.945989 -2.939695 10.690727
v 2.601844 -4.477250 9.300571
v 1.394850 -2.816991 11.301859
v 1.558126 -2.910210 11.148414
v 1.769034 -2.807416 10.899089
v 1.593132 -2.704484 11.081790
v 1.420393 -2.620968 11.237467
v 1.078246 -2.694376 11.543819
v 1.234065 -2.746209 11.433022
v 2.394575 -3.082473 10.146447
v 0.920425 -2.658217 11.638177
v 1.254196 -2.556286 11.373648
v 1.095829 -2.510499 11.487556
v 2.609293 -4.659484 9.200111
v 2.458967 -4.775388 9.218818
v 2.519696 -3.328998 9.932186
v 2.609269 -3.573666 9.750809
v 0.936819 -2.476099 11.586442
v 2.466012 -4.997745 9.118342
v 2.611473 -4.864496 9.101032
v 2.781120 -4.555772 9.151088
v 2.676302 -3.791906 9.598926
v 2.768549 -4.361913 9.252467
v 2.551609 -2.822538 10.043413
v 2.782137 -4.766993 9.047442
v 2.689306 -3.105171 9.837440
v 2.782061 -3.375990 9.662360
v 0.195850 -2.648634 11.848183
v 2.518662 -5.925861 8.814957
v 2.389926 -5.916111 8.911662
v 2.847632 -3.617637 9.511366
v 2.947517 -4.237167 9.169281
v 2.443134 -6.252316 8.788552
v 2.309766 -6.201413 8.911511
v 2.668946 -5.928808 8.702377
v 2.962812 -4.448643 9.065268
v 3.316429 -3.970158 8.916006
v 3.528854 -3.831041 8.760857
v 3.421136 -2.986284 9.187484
v 3.198517 -3.217812 9.302553
v 2.345161 -6.588743 8.760311
v 2.206671 -6.508303 8.910333
v 2.600236 -6.292784 8.646061
v 2.965385 -4.678579 8.963498
v 3.542658 -4.116014 8.644627
v 3.337939 -4.227185 8.804873
v 3.777052 -3.684521 8.582404
v 3.687524 -2.743849 9.056015
v 2.220464 -6.921096 8.725167
v 2.078668 -6.814499 8.898836
v 2.500566 -6.671873 8.593984
v 3.343340 -4.500556 8.700339
v 3.542248 -4.414512 8.538182
v 3.785653 -4.000715 8.452393
v 4.073328 -3.530002 8.367928
v 4.008343 -2.494299 8.895710
v 2.063919 -7.236232 8.684053
v 1.925109 -7.091538 8.879620
v 2.372387 -7.045025 8.540357
v 2.830681 -5.921595 8.573158
v 3.775307 -4.329797 8.340651
v 4.061908 -3.879102 8.230421
v 2.208701 -7.393913 8.491340
v 2.764289 -6.320085 8.496976
v 3.173691 -5.903131 8.278687
v 4.034620 -4.234366 8.109583
v 6.100784 1.343350 7.705723
v 5.820594 1.471723 8.051537
v 2.667586 -6.747347 8.419840
v 4.322075 -4.135887 7.838433
v 6.192398 1.931324 7.388002
v 5.922145 2.006528 7.717943
v 2.535110 -7.164281 8.354552
v 3.964762 -5.859548 7.402444
v 6.247092 2.705997 7.070646
v 6.010601 2.709323 7.374949
v 5.253668 -3.886813 6.847122
v 4.606259 -5.871669 6.370332
v 5.741440 -3.770091 6.111191
v 6.251068 3.365142 6.964480
v 6.242557 3.561535 6.971777
v 6.077648 3.495311 7.247492
v 6.067767 3.317407 7.247758
v 3.928082 -6.943306 6.832440
v 4.954248 -5.900178 5.698842
v 6.099019 -3.673916 5.324188
v 6.781160 2.739488 6.155533
v 6.774367 1.807119 6.335299
v 6.227770 3.751977 6.996156
v 6.182371 4.123455 7.104746
v 6.065672 4.002016 7.357524
v 6.082984 3.666624 7.264617
v 5.241487 -5.914275 5.028104
v 6.238926 -3.627198 4.923292
v 7.130904 2.821383 5.157697
v 7.144214 1.802278 5.210882
v 6.100385 4.492699 7.305342
v 6.007805 4.340706 7.547759
v 3.595026 -8.099569 6.653762
v 5.362964 -5.917911 4.700266
v 7.218931 2.859331 4.778964
v 7.235966 1.816606 4.805048
v 6.620587 3.772975 6.130836
v 6.674532 3.530236 6.110157
v 6.042890 4.675773 7.436668
v 5.960123 4.510857 7.678061
v 3.268127 -7.990651 7.318359
v 6.932148 4.000896 5.236993
v 6.997952 3.720553 5.196124
v 7.290390 2.900269 4.391389
v 7.296388 1.835988 4.388546
v 6.455304 4.469871 6.321876
v 6.566005 4.008826 6.171674
v 5.975141 4.855114 7.588811
v 5.898501 4.679520 7.826832
v 3.089339 -7.931032 7.588371
v 3.421879 -7.445684 7.376784
v 5.466071 -5.919594 4.378263
v 7.031314 4.084722 4.904970
v 7.095229 3.792868 4.850995
v 6.724120 4.814270 5.493238
v 6.862552 4.276007 5.298512
v 6.330623 4.916568 6.560468
v 5.895852 5.026285 7.752776
v 5.802153 5.191198 7.925961
v 5.732270 4.999739 8.160007
v 5.823614 4.842447 7.989889
v 3.237278 -7.414824 7.628830
v 5.621753 -5.931022 3.764510
v 7.128413 4.170148 4.556910
v 7.187312 3.867358 4.490880
v 6.829412 4.934298 5.198008
v 6.964566 4.371844 4.978868
v 6.583253 5.329963 5.780954
v 6.260463 5.131995 6.710519
v 3.542819 -6.895258 7.461990
v 6.938717 5.057048 4.887659
v 7.065331 4.469531 4.644092
v 6.687064 5.473767 5.506615
v 6.507045 5.575402 5.955563
v 6.183962 5.337923 6.877882
v 5.425918 5.627205 8.482993
v 5.265614 5.752376 8.668154
v 5.195327 5.555388 8.877195
v 5.356612 5.432377 8.701968
v 3.352777 -6.883819 7.702572
v 6.797620 5.620977 5.221191
v 6.609272 5.730134 5.690355
v 6.427025 5.810206 6.148527
v 6.004062 5.714584 7.249879
v 6.099526 5.532656 7.058455
v 4.718918 6.042836 9.174001
v 4.647620 5.839455 9.352283
v 6.718516 5.888472 5.416437
v 6.527782 5.976865 5.891701
v 6.252048 6.241245 6.572665
v 6.344082 6.033973 6.358127
v 3.440668 6.022862 10.093404
v 3.194433 6.024297 10.211459
v 0.924350 -10.341619 7.228047
v 6.635252 6.146127 5.626299
v 6.443261 6.209508 6.109318
v 6.349784 6.426053 6.332462
v 5.639043 6.185456 7.848878
v 5.488381 6.317556 8.052786
v 3.515262 6.244975 9.986322
v 3.260511 6.247049 10.120405
v 1.955918 7.594643 10.137794
v 6.546700 6.390995 5.851011
v 6.450396 6.616719 6.081943
v 5.896240 6.773500 7.235741
v 5.749120 6.917037 7.453146
v 4.926604 6.643429 8.652901
v 0.628058 7.384714 10.389714
v 2.050592 8.208230 9.901366
v 6.642584 7.003004 5.539750
v 5.987584 6.980162 7.017139
v 5.840019 7.129312 7.240197
v 5.208621 7.274818 8.101587
v 2.098793 8.536506 9.778133
v 6.081771 7.189721 6.784551
v 5.931530 7.343670 7.012992
v 5.307917 7.496242 7.894783
v 3.710547 6.912088 9.588148
v 3.443220 6.926209 9.757633
v 2.141931 8.875022 9.639729
v 2.555948 -9.338786 7.238997
v 6.256315 7.626703 6.276339
v 6.102049 7.789972 6.513692
v 5.403402 7.725825 7.679308
v 3.938781 7.644980 9.149217
v 3.652356 7.673831 9.338798
v 3.021888 7.687489 9.708475
v 2.204824 9.562171 9.278515
v 5.567931 8.204380 7.206809
v 3.729883 7.943463 9.192668
v 4.021483 7.907432 8.993008
v 3.087036 7.970892 9.577520
v 4.104751 8.180404 8.828053
v 3.808867 8.224492 9.038298
v 3.154377 8.266701 9.442263
v 3.827895 -1.835140 9.286326
v 4.252996 8.752017 8.455033
v 3.951103 8.815581 8.688799
v 3.278382 8.892917 9.135732
v 4.557467 5.626945 9.512882
v 0.127336 -2.274553 11.657330
v 0.217404 -2.253931 11.660504
v 0.385429 -2.417682 11.756307
v 0.391524 -2.623856 11.819850
v 4.164386 -1.550792 9.134260
v 3.934214 -2.160129 9.091947
v 4.287680 -1.886543 8.914617
v 2.365826 -7.550375 8.307863
v 6.091731 -2.766116 6.335408
v 6.248571 -2.268548 6.444474
v 5.498324 -2.954395 7.155154
v 5.599380 -2.473481 7.329634
v 5.922368 -3.266374 6.222071
v 5.388765 -3.417344 6.990306
v 6.642437 -2.115318 5.524252
v 6.483677 -2.623225 5.471978
v 6.786147 -2.041402 5.069480
v 6.630223 -2.552488 5.038539
v 6.444891 -3.082013 4.987805
v 6.300701 -3.144342 5.403541
v 6.354307 -3.578668 4.522427
v 6.562276 -3.017325 4.567843
v 6.744893 -2.478223 4.601237
v 6.896180 -1.965726 4.618587
v 6.502879 -3.499135 3.721075
v 6.701662 -2.924379 3.731840
v 6.871758 -2.357723 3.735649
v 7.007271 -1.826894 3.738716
v 6.778176 -1.616084 5.553712
v 6.913021 -1.549044 5.082131
v 7.017077 -1.479039 4.617647
v 7.108041 -1.347021 3.739611
v 5.891394 4.187904 7.776274
v 5.851145 4.343214 7.901913
v 5.797810 4.498898 8.051884
v 5.727045 4.650291 8.213453
v 5.641011 4.800548 8.382168
v 5.266775 5.224210 8.906729
v 5.107414 5.346464 9.072683
v 3.097134 -6.361452 8.176060
v 3.000448 -6.848078 8.082807
v 3.172204 -6.872400 7.903959
v 2.875328 -7.336557 8.013659
v 3.053457 -7.384260 7.836615
v 2.718394 -7.783807 7.983737
v 2.903890 -7.868199 7.805170
v 2.170031 -7.901462 8.283749
v 2.017248 -7.713145 8.446953
v 4.002168 -1.234683 9.331210
v 3.680573 -1.522588 9.465283
v 0.185329 -2.492062 11.788635
v 2.232442 -2.856740 10.369051
v 2.042238 -2.664579 10.590817
v 2.142438 -2.288841 10.466941
v 2.376237 -2.564349 10.253866
v 3.387410 -1.799513 9.578815
v 3.127379 -2.072132 9.685665
v 2.907372 -2.331561 9.794662
v 4.371337 -3.752818 7.970674
v 4.400651 -3.376064 8.117320
v 3.353900 -2.688127 9.352564
v 3.130282 -2.940120 9.454944
v 3.618747 -2.426941 9.234361
v 3.036562 -2.637964 9.625794
v 3.258042 -2.380832 9.521525
v 3.521856 -2.111096 9.412651
v 1.757272 -8.464650 8.310025
v 0.692265 -9.140187 8.557581
v 1.032279 4.513231 10.323254
v 6.394801 -1.758458 6.530964
v 5.693604 -1.943191 7.521222
v 6.337698 1.233853 7.329103
v 6.420572 1.871799 7.041208
v 6.448956 2.710577 6.769808
v 6.411361 3.418519 6.679157
v 6.384213 3.631646 6.692963
v 6.353368 3.838612 6.726050
v 6.280876 4.242591 6.852043
v 6.181568 4.638638 7.060120
v 6.116886 4.832587 7.194850
v 6.043654 5.022796 7.348992
v 5.960876 5.200221 7.516404
v 5.864426 5.369167 7.695520
v 5.492310 5.811285 8.263696
v 5.334949 5.940685 8.457813
v 1.833770 6.775490 10.481365
v 4.780200 6.241045 8.997978
v 3.783122 -7.531151 6.726140
v 0.590098 6.523398 10.656859
v 3.581015 6.463875 9.861992
v 3.322520 6.470551 10.010448
v 7.187500 -0.899954 3.731826
v 7.018616 -1.072548 5.077823
v 7.115484 -1.011892 4.607577
v 1.966622 -8.202020 8.284264
v 1.807853 -8.001032 8.418459
v 0.524301 -7.933242 8.910640
v 0.531492 -8.208257 8.722404
v 0.994513 -8.111248 8.657948
v 1.005050 -7.849328 8.843256
v 1.663358 -7.781944 8.595092
v 1.875241 -7.523369 8.640008
v 0.625559 -8.824837 8.628162
v 1.600809 -8.248348 8.419336
v 0.570958 -8.515731 8.668194
v 1.443597 -8.024268 8.557485
v 2.719595 -5.593260 8.764247
v 2.572283 -5.636804 8.850745
v 2.443861 -5.658263 8.925373
v 1.781844 -0.833002 10.402405
v 2.231025 -1.735516 10.285587
v 2.376264 -2.018595 10.226176
v 2.555797 -2.291235 10.091822
v 2.721039 -2.570614 9.916752
v 2.855421 -2.873900 9.731008
v 2.948294 -3.159238 9.562309
v 3.016483 -3.421180 9.412352
v 3.128423 -4.105677 9.052359
v 3.147824 -4.338891 8.946688
v 3.153154 -4.589208 8.843737
v 3.001597 -5.912083 8.431435
v 2.929548 -6.344167 8.341667
v 2.834774 -6.805748 8.252099
v 2.703040 -7.262254 8.181993
v 2.538471 -7.682037 8.144236
v 5.082960 8.467530 7.723349
v 4.922418 7.953494 8.158664
v 4.830628 7.706923 8.356231
v 4.735592 7.468889 8.541771
v 4.468261 6.791589 9.042286
v 4.328128 6.370760 9.361946
v 4.263971 6.164392 9.522805
v 4.190913 5.954614 9.675025
v 4.097506 5.731892 9.802461
v 3.985555 5.504939 9.884498
v 3.860817 5.280839 9.916249
v 3.733109 5.082043 9.892175
v 5.768566 8.065572 6.964643
v 5.597874 7.603903 7.450716
v 5.505536 7.381210 7.672368
v 5.410601 7.163702 7.884260
v 5.129989 6.548242 8.457615
v 4.979800 6.155645 8.821549
v 4.913396 5.960857 9.010095
v 4.843239 5.760151 9.198120
v 4.758079 5.550985 9.371225
v 4.639086 5.326770 9.501619
v 4.493929 5.110229 9.582185
v 4.343146 4.919510 9.612028
v 2.350306 -8.063846 8.140421
v 2.435261 -4.246681 9.556460
v 2.564533 -4.126321 9.528463
v 2.720287 -3.985131 9.473933
v 2.890789 -3.825933 9.390573
v 3.064453 -3.657493 9.283113
v 3.248830 -3.474746 9.163747
v 3.467240 -3.275555 9.033795
v 3.733717 -3.058707 8.885178
v 4.051259 -2.839942 8.704980
v 4.402925 -2.618428 8.481044
v 4.409853 -2.998391 8.287291
v 4.070495 -3.184119 8.526115
v 3.761225 -3.371801 8.727942
v 3.500353 -3.555275 8.893832
v 3.287729 -3.723489 9.034389
v 3.099908 -3.883410 9.164116
v 2.924050 -4.032732 9.275797
v 2.749839 -4.173967 9.358596
v 2.590369 -4.301632 9.408058
v 2.456406 -4.411072 9.430485
v 1.805307 2.869951 9.438132
v 1.642405 3.130320 9.392441
v 1.359607 4.198912 9.813697
v 2.746441 4.940182 10.044888
v 2.965625 4.933014 9.986487
v 3.621238 4.906876 9.841819
v 4.027117 4.825848 9.703070
v 4.218986 4.761382 9.609322
v 4.573056 4.582039 9.373159
v 4.731884 4.478683 9.235688
v 5.110046 4.150916 8.769859
v 5.217865 4.053063 8.611779
v 5.292202 3.968957 8.487414
v 5.348603 3.892900 8.383254
v 5.378500 3.824630 8.311533
v 5.359076 3.670442 8.236109
v 5.279372 3.490869 8.205284
v 5.221992 3.395757 8.202331
v 5.154408 3.298340 8.209537
v 5.211218 3.886205 8.508741
v 4.483831 3.081185 8.867906
v 4.362967 2.991993 8.998418
v 4.212744 2.917380 9.126962
v 3.813380 2.820301 9.360158
v 4.348720 3.155107 8.964029
v 4.222804 3.089882 9.082238
v 4.633550 4.356894 9.232424
v 4.552635 4.253828 9.220764
v 4.478317 4.458714 9.366961
v 3.923885 4.687784 9.675813
v 3.837590 4.570728 9.649721
v 4.398098 4.351348 9.352047
v 4.944595 3.965232 8.775547
v 5.021980 4.055465 8.778672
v 5.133513 3.958200 8.624017
v 5.061147 3.874669 8.626047
v 4.726581 3.454705 8.649812
v 4.846440 3.616008 8.621248
v 4.986764 3.786180 8.619812
v 4.417212 4.061841 9.208811
v 4.263650 4.147948 9.338515
v 3.710043 4.345789 9.612395
v 3.670336 4.237159 9.629044
v 4.223092 4.047091 9.366846
v 4.186842 3.942205 9.400357
v 4.373279 3.966966 9.242723
v 4.332619 3.864968 9.279960
v 4.635556 3.384097 8.643858
v 4.540936 3.482266 8.819743
v 4.471854 3.479800 8.771743
v 4.543517 3.393494 8.624229
v 4.278098 3.186210 8.940136
v 2.658025 2.996389 9.498762
v 2.632426 2.906000 9.509000
v 2.806839 2.858012 9.530610
v 2.820009 2.955307 9.529875
v 3.171053 2.952049 9.502215
v 3.179386 2.906916 9.535870
v 3.365941 2.902595 9.508547
v 3.349159 2.948519 9.471968
v 3.715838 2.939080 9.392082
v 3.694449 2.982970 9.351532
v 3.530593 2.958817 9.419756
v 3.553436 2.912902 9.460455
v 3.191161 2.797632 9.524961
v 3.400239 2.786522 9.492064
v 3.611080 2.794930 9.437554
v 4.029774 3.071300 9.158637
v 4.071929 3.034615 9.190093
v 4.164142 3.128962 9.048587
v 2.537599 3.086189 9.403671
v 2.681180 3.039626 9.452511
v 2.834182 2.999601 9.486593
v 2.340293 3.021904 9.431929
v 2.507005 3.041383 9.455796
v 2.373234 3.086294 9.401538
v 1.904232 3.120970 9.313269
v 1.783311 3.204527 9.254704
v 2.410522 3.125373 9.350436
v 2.040076 3.135965 9.299335
v 2.018084 3.171466 9.244413
v 1.896759 3.166437 9.257147
v 2.009406 3.236673 9.162767
v 1.952729 3.161877 9.256020
v 1.950485 3.224649 9.178644
v 4.047753 3.752692 9.311584
v 4.088809 3.775459 9.370185
v 4.220983 3.715508 9.254755
v 3.577727 3.923894 9.635829
v 3.554212 3.902093 9.585305
v 3.609038 4.011476 9.665171
v 2.571166 3.840284 9.551130
v 2.740867 3.894883 9.613461
v 4.140708 3.849460 9.401210
v 4.280068 3.780552 9.281953
v 4.176562 3.692640 9.200449
v 2.595042 3.818683 9.497905
v 2.752539 3.873034 9.566980
v 2.427891 3.743240 9.411654
v 2.403823 3.767299 9.477450
v 1.807395 3.227618 9.217167
v 1.862684 3.264032 9.174350
v 1.891108 3.279017 9.160102
v 1.947977 3.249938 9.159780
v 2.005347 3.268497 9.141270
v 1.865549 3.299970 9.166679
v 1.806318 3.292215 9.206302
v 1.846621 3.362381 9.211908
v 1.917964 3.426531 9.223878
v 1.885984 3.436375 9.276843
v 1.814523 3.364746 9.253219
v 1.768003 3.283842 9.232551
v 1.897485 3.344111 9.156734
v 1.886701 3.299732 9.158183
v 3.639917 4.124644 9.659011
v 2.533261 4.119945 9.585907
v 2.544851 4.011815 9.594373
v 2.727303 4.074955 9.645530
v 2.732639 4.184606 9.636085
v 2.348854 3.926977 9.524467
v 2.321377 4.020163 9.524178
v 2.742319 4.301593 9.639534
v 2.525203 4.227744 9.590437
v 2.296637 4.114843 9.529281
v 2.133912 3.914796 9.467519
v 2.170273 3.832307 9.459987
v 2.208013 3.751120 9.441880
v 2.091981 3.992831 9.482646
v 2.205231 4.311234 9.651750
v 2.799545 4.559490 9.761431
v 2.510550 4.501730 9.745595
v 2.878839 4.743169 9.867232
v 2.372867 3.842054 9.510278
v 2.560832 3.918535 9.582088
v 2.730269 3.973925 9.638166
v 1.956365 3.394780 9.143278
v 1.971643 3.366340 9.125463
v 2.140940 3.567167 9.264266
v 2.276203 3.656776 9.334841
v 1.915200 3.327814 9.142475
v 1.572376 4.117286 9.653056
v 2.992485 2.821858 9.540106
v 2.995243 2.924337 9.543069
v 3.000139 2.970927 9.503284
v 2.106120 3.591373 9.338058
v 1.975460 3.118472 9.310955
v 2.149977 3.169027 9.262681
v 2.060250 3.648371 9.381883
v 2.013108 3.715462 9.404703
v 1.962860 3.789956 9.410799
v 1.907619 3.862571 9.428216
v 1.736000 4.020671 9.548978
v 1.908118 3.223537 9.187014
v 1.916858 3.242537 9.170949
v 1.985395 3.333798 9.122952
v 1.927796 3.301914 9.141655
v 3.521365 4.752720 9.787456
v 3.437096 4.620939 9.742890
v 3.322533 4.385821 9.686099
v 3.288898 4.270337 9.690074
v 3.262064 4.153192 9.711972
v 3.238659 4.042583 9.714207
v 3.219341 3.952818 9.684422
v 3.215919 3.932348 9.637118
v 4.115223 4.628349 9.593211
v 4.033615 4.515894 9.572602
v 3.909385 4.297286 9.541760
v 3.872072 4.189086 9.561721
v 3.842275 4.078349 9.593383
v 3.804024 3.968826 9.596241
v 3.764910 3.885144 9.566254
v 3.732534 3.864151 9.506760
v 4.479976 4.159318 9.205065
v 4.326506 4.252268 9.337595
v 3.965879 4.406775 9.553493
v 3.766855 4.459521 9.627229
v 3.371766 4.502278 9.709487
v 2.762631 4.418475 9.683002
v 2.519734 4.343294 9.641838
v 2.262234 4.205361 9.572021
v 2.039871 4.070601 9.522816
v 1.840992 3.935064 9.470526
v 4.864724 3.876157 8.765086
v 4.734293 3.701249 8.786674
v 4.685915 3.614583 8.818360
v 4.621590 3.542335 8.829619
v 4.788716 3.793127 8.763664
v 4.909899 3.703830 8.613524
v 4.792722 3.530556 8.640520
v 2.164769 3.202781 9.212990
v 4.810306 3.411232 8.546992
v 4.729824 3.336917 8.565141
v 7.002651 4.764825 4.753683
v 6.896631 4.655438 5.076070
v 6.792543 4.546961 5.383657
v 6.511056 4.241877 6.235152
v 6.321688 4.041764 6.778934
v 6.208742 3.938568 7.042353
v 6.078009 3.835178 7.301701
v 5.922470 3.738983 7.560513
v 5.750808 3.664874 7.788404
v 5.585109 3.613932 7.967957
v 5.444956 3.589669 8.104183
v 5.322214 3.581335 8.216641
v 4.878624 3.485401 8.524983
v 4.943069 3.564466 8.506863
v 5.147492 3.803604 8.509474
v 6.869940 5.342656 5.044580
v 6.760526 5.207411 5.342033
v 6.654235 5.075901 5.626605
v 6.395416 4.695490 6.431238
v 6.234870 4.441493 6.945498
v 6.144404 4.308171 7.194854
v 6.041772 4.170511 7.438997
v 5.914089 4.035516 7.677428
v 5.763145 3.924084 7.889545
v 5.612772 3.837873 8.054701
v 5.483571 3.783431 8.175096
v 5.379389 3.751279 8.265890
v 5.086318 3.726166 8.507196
v 5.017070 3.645156 8.502743
v 2.475022 -5.440082 8.959773
v 2.603770 -5.368861 8.911346
v 2.753536 -5.282735 8.845963
v 6.062123 -4.716699 3.708663
v 5.905943 -4.740638 4.425910
v 5.793418 -4.754478 4.795421
v 5.658348 -4.769241 5.164673
v 5.339509 -4.802928 5.896828
v 4.938505 -4.843185 6.589073
v 4.173687 -4.945621 7.614344
v 3.924519 -4.993195 7.902030
v 3.104601 -5.162899 8.633664
v 2.922183 -5.217198 8.753114
v 2.881183 -5.549551 8.655507
v 5.841033 -5.326749 3.727704
v 5.686279 -5.330453 4.396620
v 5.574967 -5.333695 4.743075
v 5.444037 -5.334826 5.092302
v 5.136497 -5.338551 5.793546
v 4.767046 -5.345108 6.475889
v 4.073508 -5.389988 7.505962
v 3.844093 -5.418356 7.792284
v 4.766893 -6.479802 5.601742
v 4.055922 -6.375890 6.961132
v 4.614992 -6.457103 5.923380
v 3.268739 -6.369494 8.000390
v 3.451429 -6.368032 7.803706
v 3.647128 -6.365283 7.569187
v 4.185323 -5.856574 7.075059
v 4.788436 -5.885990 6.032208
v 3.352081 -5.893209 8.114717
v 3.542395 -5.884836 7.919112
v 3.749702 -5.872325 7.683694
v 2.144816 -8.387449 8.161167
v 1.926881 -8.676476 8.206265
v 0.765244 -9.456406 8.446548
v 5.552211 -5.924295 4.064991
v 5.673517 -5.942666 3.474861
v 5.312546 -6.514508 4.080391
v 5.415724 -6.542900 3.528719
v 4.429065 -7.041412 5.816878
v 4.563928 -7.061842 5.516543
v 5.033643 -7.095963 4.092223
v 5.121074 -7.138134 3.573339
v 4.326645 -7.621649 5.451233
v 4.215913 -7.616617 5.739344
v 4.722417 -7.660750 4.114976
v 4.790404 -7.722966 3.625852
v 4.043365 -8.143834 5.407766
v 3.952660 -8.151911 5.686380
v 4.368909 -8.199596 4.155679
v 4.416695 -8.277493 3.713013
v 2.537920 -8.196194 7.985609
v 2.335080 -8.556315 8.015863
v 2.109531 -8.880198 8.060941
v 0.827004 -9.773511 8.261628
v 2.725765 -8.308540 7.805863
v 2.519114 -8.709735 7.824264
v 2.279093 -9.066641 7.856797
v 0.876811 -10.047482 7.994555
v 2.432540 -9.227203 7.581738
v 0.908182 -10.240363 7.638944
v 3.347046 -8.616158 6.599238
v 3.069308 -8.492874 7.287154
v 2.904128 -8.406789 7.574784
v 3.717743 -8.622643 5.385159
v 3.638224 -8.629145 5.658701
v 2.685810 -8.838383 7.577085
v 2.834790 -8.942672 7.266914
v 3.041409 -9.061629 6.553449
v 3.346328 -9.055923 5.370230
v 3.284689 -9.062629 5.638185
v 2.302010 -9.766880 6.488602
v 2.456066 -9.767562 5.609562
v 1.006067 -10.400065 5.614969
v 2.487671 -9.772503 5.359750
v 2.693713 -9.437522 6.513188
v 2.888868 -9.440929 5.618077
v 2.937626 -9.441695 5.361032
v 6.699161 -2.853419 2.892246
v 5.710774 -5.960442 3.192902
v 5.935792 -5.344752 3.111830
v 6.142041 -4.716078 3.038727
v 6.531226 -3.475978 2.945320
v 4.399879 -8.235243 3.929385
v 4.765419 -7.687868 3.869760
v 5.083436 -7.112388 3.831253
v 5.371043 -6.525825 3.800147
v 5.445528 -6.567368 3.259307
v 5.141323 -7.171725 3.314098
v 4.798343 -7.762924 3.395465
v 4.431706 -8.329339 3.520839
v 5.138415 -6.504352 4.666822
v 4.888400 -7.082169 4.640055
v 4.602962 -7.633750 4.623116
v 4.271823 -8.152646 4.623103
v 2.507318 -9.792212 5.144352
v 2.974135 -9.453695 5.125818
v 3.401116 -9.059513 5.121314
v 3.786271 -8.616758 5.126631
v 4.129296 -8.139939 5.137169
v 4.424755 -7.621327 5.168792
v 4.683574 -7.070811 5.220089
v 4.905051 -6.494074 5.284106
v 5.105325 -5.909306 5.361684
v 2.003928 -10.046323 5.373174
v 1.990856 -10.041866 5.606823
v 1.871135 -10.046949 6.477804
v 7.298227 2.555553 4.378222
v 7.231757 2.523659 4.775755
v 7.147444 2.495588 5.166320
v 6.795133 2.446631 6.199091
v 6.449565 2.446279 6.838635
v 6.233566 2.458964 7.156699
v 5.986230 2.482342 7.465745
v 5.698295 2.520765 7.768217
v 5.421157 2.584341 8.004542
v 4.035075 2.863413 9.246591
v 3.906845 2.982413 9.294041
v 3.871377 3.023016 9.260125
v 7.297845 2.199846 4.378123
v 7.235893 2.175159 4.785188
v 7.151984 2.155339 5.183373
v 6.791087 2.135298 6.263092
v 6.440391 2.166349 6.928554
v 6.218593 2.201045 7.259596
v 5.955393 2.250237 7.580549
v 5.653286 2.312932 7.886701
v 0.941604 -10.402841 6.459777
v 0.997742 -10.419766 5.255520
v 2.008251 -10.066909 5.180320
v 0.495599 -10.507998 5.279712
v 0.501112 -10.488715 5.429049
v 0.503599 -10.488646 5.619466
v 0.470547 -10.478635 6.443871
v 0.462045 -10.412997 7.232410
v 0.453374 -10.311782 7.647421
v 0.439169 -10.123364 8.009137
v 0.416822 -9.848975 8.284747
v 0.387190 -9.530497 8.470419
v 0.354149 -9.206226 8.592025
v 0.321733 -8.877761 8.663569
v 0.294768 -8.552382 8.700409
v 0.273707 -8.228912 8.744015
v 0.270380 -7.960190 8.924789
v 1.753329 3.179500 9.304932
v 1.732822 3.271739 9.273443
v 1.774943 3.370403 9.288992
v 1.404117 3.679645 9.465649
v 1.242279 3.723210 9.588520
v 1.724280 3.378593 9.322199
v 1.689350 3.265755 9.318150
v 1.708332 3.157381 9.347958
v 1.785214 3.490887 9.338920
v 1.841558 3.459602 9.315154
v 1.719790 3.529249 9.349216
v 1.640362 3.576886 9.361936
v 1.540751 3.635694 9.393761
v 1.543374 3.256526 9.400187
v 1.558761 3.414597 9.368908
v 1.068860 3.763973 9.777657
v 1.932483 3.024530 9.384871
v 1.870515 2.941590 9.417819
v 5.071821 -1.260896 8.468147
v 4.886914 -0.910429 8.774353
v 4.667047 -0.600899 9.030660
v 4.416680 -0.312629 9.242828
v 4.155301 -0.046397 9.402527
v 3.882894 0.196979 9.515871
v 1.937431 2.752987 9.444094
v 1.872472 2.674623 9.474600
v 5.025231 3.330169 8.322305
v 4.908644 3.369159 8.432817
v 5.277760 3.827948 8.411584
v 4.982614 3.448835 8.414323
v 5.053124 3.528505 8.404293
v 5.120995 3.606505 8.405026
v 5.178679 3.686952 8.410192
v 5.227558 3.761514 8.415173
v 5.316647 3.795258 8.352716
v 5.097652 3.417446 8.309416
v 5.164393 3.504793 8.308333
v 5.220064 3.588962 8.313923
v 5.262936 3.669339 8.325034
v 5.295972 3.742011 8.340111
v 1.456510 3.438599 9.405118
v 1.323457 3.455786 9.477973
v 1.442174 3.247559 9.450147
v 1.315138 3.241049 9.524384
v 0.540981 3.884453 10.474142
v 0.747704 3.837497 10.263474
v 0.514079 3.661668 10.537094
v 4.403706 -5.861569 6.722598
v 4.545641 -5.350706 6.829521
v 4.692623 -4.871630 6.940989
v 4.952649 -3.963092 7.200685
v 5.047778 -3.524516 7.348051
v 5.127925 -3.082022 7.515855
v 5.191229 -2.632679 7.703088
v 5.230633 -2.161187 7.911543
v 5.216327 -1.671965 8.154713
v 2.851984 0.967281 9.723414
v 2.619536 1.134905 9.756429
v 2.398832 1.302042 9.793660
v 2.188485 1.471536 9.832496
v 1.990426 1.647670 9.881634
v 1.077536 1.428490 11.179493
v 0.697769 1.850332 11.602133
v 0.203962 2.066905 11.900570
v 0.390191 2.023564 11.830592
v 1.321060 1.064667 10.898215
v 1.199408 1.253673 11.037657
v 1.532445 1.020459 10.582703
v 1.662272 0.794452 10.466186
v 1.443301 0.857439 10.764188
v 1.559024 0.632862 10.634348
v 1.764174 0.110075 10.388161
v 1.666670 0.384883 10.508585
v 4.388611 3.561357 8.927404
v 4.452219 3.564927 8.975703
v 4.523713 3.624266 8.992257
v 4.586376 3.697639 8.988350
v 4.627822 3.789547 8.946170
v 4.674629 3.881022 8.914305
v 4.745869 3.970177 8.912159
v 4.820610 4.058388 8.927682
v 4.901958 4.153184 8.933529
v 4.994417 4.260472 8.931374
v 5.110418 4.384649 8.906315
v 5.252566 4.540902 8.844922
v 5.402519 4.735632 8.731558
v 5.535833 4.947646 8.556664
v 5.625644 5.151677 8.339600
v 5.694036 5.345528 8.108637
v 5.755214 5.527329 7.882359
v 5.895636 5.884241 7.447556
v 6.149774 6.432850 6.792585
v 6.243837 6.626189 6.559584
v 6.341307 6.824727 6.315424
v 6.527793 7.232346 5.786474
v 5.942107 7.930928 6.739067
v 5.772198 7.478032 7.232506
v 5.680941 7.259673 7.455863
v 5.588733 7.044454 7.667342
v 5.319356 6.438739 8.257998
v 5.163124 6.054148 8.642778
v 5.093863 5.863320 8.843411
v 5.022577 5.665605 9.042737
v 4.935218 5.455564 9.227443
v 4.815508 5.231854 9.368517
v 4.668156 5.016622 9.457622
v 4.521840 4.831748 9.494873
v 4.401548 4.679570 9.501400
v 4.304025 4.550544 9.490884
v 4.225285 4.440629 9.472303
v 4.156219 4.336274 9.454965
v 4.100749 4.228182 9.448824
v 4.059550 4.122306 9.471896
v 4.028577 4.013374 9.501482
v 3.985502 3.912083 9.501360
v 3.939209 3.830785 9.469557
v 3.903367 3.813722 9.415080
v 4.814651 8.579001 7.975665
v 4.657743 8.045633 8.390444
v 4.568516 7.790014 8.576812
v 4.477510 7.543357 8.752722
v 4.221015 6.844515 9.230917
v 4.082935 6.414959 9.538598
v 4.018237 6.205056 9.689136
v 3.942960 5.990042 9.826497
v 3.850950 5.763715 9.934864
v 3.743498 5.531564 9.998396
v 3.623654 5.307380 10.011270
v 3.504155 5.104788 9.968670
v 3.399731 4.925745 9.894455
v 3.307202 4.760554 9.823481
v 3.232588 4.617719 9.764281
v 3.187509 4.498082 9.719075
v 3.139535 4.373929 9.686667
v 3.112682 4.257143 9.689641
v 3.088279 4.142306 9.705025
v 3.069595 4.031267 9.706224
v 3.060203 3.948064 9.674609
v 3.060077 3.924369 9.627198
v 2.277945 5.008897 10.254727
v 7.291328 1.078552 4.442919
v 6.713078 1.095302 6.540141
v 7.116457 1.054394 5.309556
v 7.216790 1.063235 4.878241
v 7.239630 -0.472980 3.712321
v 7.193688 -0.564640 4.585269
v 6.984474 -0.653775 5.538445
v 7.104474 -0.611629 5.058193
v 2.098813 2.632497 9.452427
v 2.040644 2.543917 9.474106
v 2.371492 2.197995 9.508695
v 2.203288 1.931085 9.627662
v 2.102827 1.793242 9.741940
v 2.481296 2.426574 9.465302
v 2.433120 2.318268 9.479065
v 2.723578 2.437355 9.464116
v 2.754012 2.543679 9.479291
v 2.591635 2.083622 9.502152
v 2.422409 1.792564 9.607751
v 2.313042 1.636273 9.706091
v 2.690993 2.329483 9.464559
v 2.648188 2.212071 9.478578
v 2.952306 2.358533 9.445938
v 2.975579 2.474664 9.463519
v 2.824898 1.975158 9.489005
v 2.653215 1.661103 9.586199
v 2.534523 1.487884 9.677393
v 2.917938 2.238981 9.446380
v 2.879565 2.113106 9.464314
v 3.199066 2.288474 9.408175
v 3.218924 2.418598 9.427837
v 3.078250 1.874532 9.463288
v 2.896057 1.532193 9.555610
v 2.768785 1.342411 9.643745
v 3.172461 2.157252 9.411344
v 3.132723 2.021007 9.433634
v 3.474251 2.237294 9.342699
v 3.477390 2.380881 9.366462
v 3.355283 1.777577 9.418597
v 3.153888 1.404860 9.516874
v 3.014534 1.194857 9.607985
v 3.451787 2.089182 9.350251
v 3.415110 1.936480 9.381206
v 3.758306 2.369205 9.271309
v 2.553973 2.620670 9.475886
v 2.520473 2.524765 9.464495
v 2.777145 2.650219 9.501013
v 2.991357 2.592164 9.492140
v 3.220899 2.548894 9.463380
v 3.466359 2.524078 9.411181
v 2.794243 2.755170 9.520455
v 2.995579 2.709401 9.521043
v 3.212188 2.677908 9.498248
v 3.439052 2.662722 9.457556
v 2.607729 2.813282 9.504570
v 2.583743 2.718247 9.492357
v 3.722723 2.521084 9.329629
v 3.671022 2.665135 9.390956
v 4.056759 2.389841 9.134163
v 3.990071 2.552791 9.208972
v 3.908279 2.692637 9.294991
v 4.350233 2.453069 8.950758
v 4.246936 2.615327 9.054435
v 4.144780 2.749845 9.159174
v 4.559704 2.558776 8.787365
v 4.437732 2.694426 8.903212
v 4.332338 2.814123 9.021626
v 4.714320 2.681931 8.631207
v 4.586328 2.799258 8.756567
v 4.469774 2.907336 8.891380
v 4.830099 2.825993 8.491126
v 4.701953 2.911305 8.615932
v 4.586437 3.003297 8.751133
v 5.601639 3.109096 7.785563
v 5.234195 3.156413 8.110068
v 5.083517 3.194565 8.236829
v 5.404906 3.125586 7.964354
v 4.946584 3.240474 8.348762
v 4.831331 3.287990 8.461464
v 3.774931 2.205448 9.242936
v 3.759846 2.033304 9.258665
v 3.717773 1.859852 9.301988
v 3.649805 1.679840 9.354859
v 3.428741 1.274951 9.476698
v 3.272914 1.041493 9.567357
v 3.094070 0.793095 9.685958
v 2.683068 0.271560 9.920039
v 2.461514 0.004744 10.014242
v 2.249152 -0.253899 10.089516
v 2.054013 -0.509232 10.151567
v 1.933993 -0.779686 10.235300
v 1.824311 -1.021522 10.336294
v 1.576768 -1.321867 10.597122
v 1.275595 -1.383300 10.865276
v 1.123953 -1.374216 10.997363
v 0.985178 -1.350976 11.120581
v 0.858098 -1.329411 11.226393
v 0.470433 -1.281355 11.446800
v 0.226684 -1.308039 11.510967
v 0.112552 -1.312846 11.522601
v 4.327304 0.802629 9.292557
v 4.123000 0.503654 9.406047
v 4.613582 1.350361 9.049893
v 4.706625 1.601122 8.916222
v 4.792157 1.845432 8.776031
v 4.643404 0.594111 9.167288
v 4.416765 0.274737 9.286810
v 4.962586 1.196531 8.892963
v 5.063355 1.471210 8.740761
v 4.109426 2.198850 9.095654
v 4.087524 1.991386 9.131978
v 4.035582 1.788819 9.197435
v 3.959634 1.583671 9.272419
v 3.719705 1.142091 9.429328
v 3.546502 0.882523 9.527457
v 3.348430 0.610067 9.643204
v 2.900585 0.055253 9.872595
v 2.665858 -0.223711 9.961208
v 2.447070 -0.493572 10.036139
v 2.242968 -0.756405 10.106996
v 2.083015 -1.008205 10.198501
v 1.941774 -1.231534 10.321620
v 1.651714 -1.501132 10.621901
v 1.321608 -1.562309 10.911808
v 1.163049 -1.552497 11.042965
v 1.019555 -1.532285 11.159077
v 0.883372 -1.511888 11.259566
v 0.486469 -1.481416 11.463810
v 0.237913 -1.480970 11.512937
v 0.118933 -1.478523 11.516957
v 5.829677 3.110393 7.547665
v 6.055709 3.128844 7.266143
v 6.255287 3.158830 6.976642
v 6.429520 3.194762 6.689033
v 6.717876 3.279120 6.109359
v 7.054621 3.432587 5.170338
v 7.151124 3.493357 4.814125
v 7.236928 3.557041 4.443555
v 5.265757 2.826939 8.090927
v 5.184410 2.655761 8.191876
v 5.213190 1.973461 8.423885
v 5.555574 1.861517 8.184637
v 5.876677 1.749253 7.879174
v 6.154933 1.646306 7.538693
v 6.389015 1.561408 7.173025
v 6.748942 1.461575 6.426001
v 7.128897 1.437161 5.251831
v 7.226599 1.447845 4.835335
v 7.294809 1.463875 4.411972
v 4.877109 2.091098 8.632690
v 4.952300 0.363840 8.975272
v 4.702124 0.023989 9.112131
v 5.307968 1.021942 8.681839
v 5.418887 1.326195 8.522853
v 5.245409 0.117839 8.718433
v 4.975813 -0.247527 8.873626
v 5.630042 0.837159 8.397020
v 5.743260 1.168334 8.228890
v 5.526065 -0.134056 8.399062
v 5.234175 -0.537728 8.579306
v 5.915224 0.654742 8.049218
v 6.025567 1.013934 7.876504
v 5.798389 -0.390838 8.018906
v 6.168486 0.492715 7.660124
v 6.267979 0.879898 7.490717
v 7.049894 -0.197480 5.497491
v 7.090500 0.240168 5.440898
v 7.106496 0.657002 5.374734
v 7.166146 -0.168624 5.023560
v 7.198740 0.260171 4.975602
v 7.210321 0.670858 4.924085
v 7.246987 -0.132347 4.554958
v 7.275063 0.285313 4.512508
v 7.285261 0.688460 4.475651
v 7.391600 2.997515 3.575801
v 7.376751 2.633755 3.533522
v 7.379332 3.687473 3.684651
v 7.308043 4.340863 3.837571
v 7.348487 4.017263 3.749938
v 7.260432 4.662169 3.947558
v 7.018819 5.917675 4.612156
v 7.091051 5.613395 4.413388
v 6.937957 6.211102 4.828702
v 6.848734 6.491566 5.058072
v 6.749215 6.756276 5.295641
v 7.154444 5.300130 4.234545
v 7.210894 4.982183 4.079008
v 7.356925 2.256403 3.511280
v 7.335569 1.870789 3.528277
v 7.318688 1.488751 3.560913
v 7.309080 1.106762 3.601229
v 7.268691 -0.062286 3.690798
v 7.285048 0.334965 3.669911
v 7.296079 0.721818 3.638912
v 4.992757 2.292217 8.474581
v 4.884881 2.569816 8.493346
v 4.993475 2.738619 8.351844
v 5.085667 2.896414 8.242523
v 6.891909 -1.128282 5.558418
v 7.133403 -0.353291 2.947772
v 1.079190 9.480532 9.576504
v 1.043184 8.763026 9.896225
v 1.019216 8.410563 10.022517
v 0.993909 8.071500 10.136168
v 0.943144 7.432265 10.354471
v 0.880773 6.578744 10.640291
v 1.181960 6.642381 10.609150
v 1.269522 7.487961 10.301559
v 1.334884 8.118502 10.076514
v 1.368699 8.454747 9.959354
v 1.398535 8.802658 9.829235
v 1.443994 9.511210 9.497906
v 1.743329 4.538179 9.962236
v 2.004728 4.431661 9.779105
v 1.945345 4.696743 10.052922
v 1.689608 -1.020740 10.522027
v 1.707748 -1.210785 10.467990
v 1.805900 -1.404136 10.472083
v 1.409208 -1.181060 10.773706
v 1.422174 -1.375180 10.734049
v 1.484201 -1.544528 10.769717
v 7.149429 0.019099 2.933315
v 7.170765 0.386553 2.914140
v 7.195894 0.752106 2.875854
v 7.221954 1.113852 2.820309
v 7.253680 1.480009 2.740295
v 7.297619 1.865905 2.631988
v 7.363595 2.327200 2.469524
v 7.427824 2.767462 2.623479
v 7.467638 3.139332 2.734426
v 7.497733 3.829408 2.910114
v 7.487613 4.169023 2.998343
v 7.150044 6.531623 4.188911
v 7.054931 6.843217 4.433691
v 6.829777 7.409678 4.947739
v 6.948235 7.137145 4.687827
v 6.702151 7.655416 5.205986
v 6.416320 8.074298 5.710340
v 6.259243 8.244874 5.951423
v 5.705680 8.707685 6.675370
v 5.917685 8.544431 6.418314
v 5.201890 9.012486 7.224418
v 4.926734 9.141627 7.494315
v 4.354697 9.351321 8.005060
v 4.045406 9.430232 8.253609
v 3.358391 9.538472 8.727948
v 6.095257 8.398877 6.184667
v 7.467743 4.507330 3.101901
v 7.439568 4.848254 3.226865
v 7.229895 6.207675 3.955043
v 7.296412 5.874326 3.739820
v 7.353122 5.533600 3.545968
v 7.400735 5.190632 3.374248
v 0.729773 2.074277 11.375879
v 0.864130 1.936077 11.233514
v 1.751616 1.339296 10.213352
v 1.636407 1.182377 10.396829
v 0.500432 3.218251 10.800945
v 0.854270 2.717221 10.618148
v 2.981941 9.565859 8.941157
v 2.907329 8.903691 9.332628
v 2.854941 8.578387 9.487008
v 2.794639 8.261854 9.623064
v 2.673497 7.669810 9.875587
v 2.523081 6.880407 10.244415
v 0.898056 2.952670 10.288711
v 0.849270 3.276550 10.150996
v 0.856619 3.546034 10.063788
v 1.061327 2.991405 9.935705
v 1.004589 3.250975 9.873640
v 1.006443 3.509262 9.811673
v 0.911215 3.798027 10.016984
v 1.138366 4.250298 10.036512
v 2.157921 5.237053 10.461230
v 2.256767 5.385547 10.506596
v 1.479779 3.074871 9.491871
v 1.356295 3.042447 9.565280
v 1.212589 3.017040 9.705322
v 1.162967 3.240456 9.659312
v 1.167706 3.480562 9.610314
v 2.476828 2.962776 9.474178
v 2.444389 2.880026 9.477540
v 2.409033 2.794591 9.472177
v 2.370861 2.705909 9.462393
v 2.327484 2.618682 9.457222
v 2.282533 2.529343 9.460706
v 2.230371 2.429857 9.477692
v 2.162898 2.318264 9.508301
v 1.994387 2.078186 9.647542
v 1.900692 1.959596 9.781008
v 1.800689 1.832074 9.938473
v 1.589062 1.544271 10.303402
v 1.490691 1.390256 10.501120
v 1.397865 1.229169 10.700397
v 1.265043 1.424154 10.825459
v 1.132194 1.607365 10.956816
v 0.409795 2.278769 11.628456
v 0.213507 2.328061 11.703029
v 2.149836 2.718047 9.444303
v 2.201271 2.799695 9.444243
v 2.254682 2.876925 9.446544
v 2.298653 2.951455 9.445517
v 1.995727 2.828965 9.431925
v 2.058561 2.902168 9.424032
v 2.028241 3.048962 9.369795
v 2.092947 3.081073 9.349977
v 2.192543 3.150417 9.297870
v 0.581578 4.110599 10.447935
v 0.814004 4.068140 10.245100
v 1.005573 4.034433 10.007026
v 1.192137 3.997149 9.777764
v 1.387035 3.936990 9.604645
v 1.549934 3.864776 9.499028
v 1.667006 3.787668 9.424423
v 1.750046 3.721464 9.382195
v 1.817677 3.659323 9.367334
v 1.880446 3.602495 9.362522
v 1.936974 3.553462 9.341522
v 1.985813 3.510818 9.303118
v 2.014712 3.497817 9.236626
v 2.037415 3.447098 9.131750
v 2.043130 3.409523 9.112614
v 2.051115 3.371798 9.105578
v 2.069183 3.292655 9.120191
v 2.081030 3.256291 9.141629
v 2.088393 3.183845 9.229203
v 2.100212 3.151663 9.277071
v 2.145628 3.115136 9.325974
v 2.227159 3.074573 9.380837
v 2.269212 3.124366 9.347346
v 2.125530 2.963920 9.414922
v 2.181795 3.021655 9.404801
v 0.331354 4.377693 10.591493
v 0.305542 4.143701 10.588885
v 0.286610 3.923331 10.619636
v 0.273775 3.710207 10.685245
v 0.267574 3.499369 10.792685
v 0.262225 3.288517 10.937377
v 2.302814 3.158503 9.298058
v 2.226097 3.183770 9.252795
v 0.363199 9.428142 9.671033
v 0.349696 8.693468 9.977704
v 0.340973 8.336202 10.098813
v 0.332135 7.990501 10.209713
v 0.315251 7.347026 10.412557
v 0.297532 6.486775 10.667108
v 0.296938 5.739596 10.770818
v 0.588122 5.771774 10.761920
v 1.159361 5.894203 10.735842
v 1.447409 5.968315 10.708714
v 3.487548 -5.077276 8.335157
v 3.292915 -5.115305 8.491354
v 3.692419 -5.040026 8.138016
v 3.424430 -5.463123 8.227105
v 3.239690 -5.482009 8.389457
v 3.625150 -5.439986 8.033633
v 3.056043 -5.510650 8.527370
v 2.234381 4.601258 9.867481
v 2.647368 4.738252 9.899158
v 2.524622 4.964370 10.131343
v 2.628576 5.149364 10.252967
v 2.721669 5.348516 10.339355
v 2.802489 5.562724 10.380404
v 2.876574 5.788037 10.374683
v 2.938919 6.013742 10.326282
v 2.994870 6.237919 10.250923
v 3.049731 6.463008 10.156258
v 3.159549 6.926607 9.924426
v 3.348106 7.688448 9.526240
v 3.420013 7.965139 9.387889
v 3.492157 8.253905 9.245350
v 3.627059 8.863619 8.919216
v 3.713684 9.492387 8.495696
v 1.819178 9.539454 9.399422
v 1.765745 8.841711 9.744746
v 1.728274 8.498124 9.878985
v 1.688669 8.166245 9.998878
v 1.607682 7.542484 10.230906
v 1.499701 6.709136 10.557468
v 1.751093 6.043519 10.662833
v 2.125665 4.852210 10.154449
v 2.398366 4.785055 9.995515
v 0.765477 -7.896059 8.884767
v 0.774028 -8.165023 8.686463
v 1.260155 -8.234406 8.537444
v 1.391625 -8.457881 8.451869
v 1.534275 -8.695646 8.364363
v 1.686356 -8.936613 8.267500
v 1.854084 -9.172527 8.118909
v 2.004285 -9.387727 7.895322
v 2.133018 -9.566468 7.585815
v 2.219466 -9.686593 7.213415
v 1.822616 -9.985909 7.210438
v 1.771485 -9.866094 7.598777
v 1.677821 -9.675199 7.935093
v 1.553181 -9.428571 8.173882
v 1.415381 -9.155833 8.335808
v 1.287277 -8.884344 8.434288
v 1.164343 -8.616540 8.511103
v 1.058484 -8.362737 8.575724
v 6.343635 -4.079437 2.987486
v 6.284066 -4.100773 3.712085
v 6.129086 -4.152427 4.469680
v 6.016193 -4.185691 4.855630
v 5.880907 -4.216408 5.243062
v 5.545255 -4.280506 6.002269
v 5.102263 -4.360135 6.717719
v 4.830047 -4.411670 7.065513
v 4.254746 -4.531235 7.721632
v 3.986083 -4.601976 8.003409
v 3.742839 -4.672434 8.240682
v 3.525892 -4.732450 8.434526
v 3.329688 -4.791841 8.596128
v 3.137618 -4.861659 8.737909
v 2.950594 -4.931590 8.856984
v 2.772113 -5.005580 8.944619
v 2.611978 -5.108307 9.000301
v 2.479349 -5.231076 9.023174
v 3.967995 -8.703950 4.225340
v 4.003429 -8.805200 3.844866
v 3.991994 -8.752330 4.027690
v 4.022446 -8.870326 3.683762
v 3.898617 -8.644958 4.645241
v 3.479679 -9.099645 4.685647
v 3.017307 -9.499821 4.745614
v 3.551427 -9.283156 4.011954
v 3.544612 -9.224369 4.160964
v 3.583111 -9.363840 3.874463
v 2.526171 -9.853827 4.817132
v 3.131237 -9.804816 4.080326
v 3.087070 -9.712161 4.195813
v 3.066570 -9.640946 4.314511
v 2.156908 -10.536887 4.493138
v 2.106051 -10.426667 4.590672
v 2.061759 -10.341222 4.664829
v 1.643215 -10.823168 4.647164
v 1.591408 -10.699601 4.741190
v 1.552109 -10.599196 4.810770
v 1.501131 -10.276616 5.225298
v 1.506743 -10.258079 5.393835
v 1.507293 -10.255287 5.614219
v 1.411265 -10.261553 6.468569
v 1.382531 -10.205086 7.219666
v 1.354249 -10.096451 7.620942
v 1.297423 -9.900345 7.969378
v 1.209996 -9.633229 8.222876
v 1.110286 -9.330711 8.396277
v 1.006996 -9.032516 8.503265
v 0.909610 -8.739598 8.574223
v 0.827828 -8.454461 8.624421
v 1.743272 -7.345592 8.856775
v 1.530917 -7.576849 8.825245
v 1.272856 -7.802899 8.773681
v 1.171300 -8.050960 8.636620
v 4.454504 3.419248 8.604432
v 4.235876 3.207738 8.926064
v 4.125608 3.153790 9.030673
v 3.990959 3.101638 9.136017
v 3.845786 3.060624 9.228263
v 3.676349 3.020219 9.319391
v 3.513973 2.995905 9.387079
v 3.339377 2.984205 9.439339
v 3.171511 2.986681 9.466494
v 3.001427 3.005308 9.468109
v 2.846628 3.032443 9.449739
v 2.701778 3.074599 9.412814
v 2.558566 3.118491 9.362695
v 2.438567 3.155042 9.307109
v 2.338727 3.193169 9.249199
v 2.256504 3.222840 9.192080
v 2.192114 3.246294 9.137530
v 2.088307 3.218933 9.179458
v 2.013948 3.203404 9.196321
v 1.949760 3.194626 9.209112
v 1.903666 3.198688 9.215728
v 1.838523 3.248732 9.192589
v 1.839216 3.298202 9.183177
v 1.872176 3.356121 9.178622
v 1.940170 3.417671 9.174638
v 2.036587 3.474715 9.182743
v 2.175052 3.554188 9.181157
v 2.301391 3.647373 9.270829
v 2.444817 3.723528 9.361397
v 2.606405 3.801986 9.448225
v 2.759028 3.859712 9.521570
v 3.059668 3.905910 9.578882
v 3.203337 3.902299 9.552969
v 3.531606 3.883621 9.522885
v 3.704995 3.844122 9.453729
v 3.866180 3.794271 9.355923
v 4.004857 3.738979 9.249616
v 4.128982 3.678963 9.144346
v 4.341313 3.555511 8.887984
v 4.415069 3.483845 8.734821
v 4.438898 3.424833 8.578052
v 4.224736 3.199700 8.907394
v 4.117652 3.148909 9.007644
v 3.977475 3.099233 9.112872
v 3.840181 3.062396 9.206703
v 3.673459 3.031880 9.290946
v 3.507908 2.996068 9.353321
v 3.335387 2.981416 9.406027
v 3.165827 2.978463 9.434665
v 2.997357 2.999159 9.433526
v 2.850240 3.019979 9.414922
v 2.700990 3.062867 9.381867
v 2.564658 3.108062 9.325432
v 2.444220 3.142782 9.272676
v 2.339867 3.179206 9.210450
v 2.256791 3.208212 9.156013
v 2.192763 3.243116 9.108171
v 2.154911 3.283426 9.082250
v 2.134171 3.322375 9.071852
v 2.116876 3.406991 9.076254
v 2.120534 3.457444 9.091573
v 2.138238 3.512416 9.118048
v 2.188071 3.563715 9.161889
v 2.307270 3.650353 9.248850
v 2.445885 3.731684 9.339123
v 2.605429 3.806413 9.426285
v 2.763941 3.857763 9.497136
v 3.060907 3.907282 9.554068
v 3.521606 3.880483 9.496780
v 3.691228 3.841190 9.427570
v 3.848891 3.785075 9.329945
v 3.993318 3.736509 9.229269
v 4.111741 3.681994 9.119714
v 4.322703 3.565740 8.866741
v 4.399824 3.494494 8.707251
v 2.130108 3.503516 9.125972
v 2.116248 3.454055 9.101484
v 2.116719 3.407053 9.089986
v 2.134624 3.323524 9.091465
v 2.153817 3.284210 9.103989
v 2.013679 -10.143143 4.895627
v 1.042134 -10.791801 4.925906
v 1.073856 -10.900036 4.864756
v 1.110172 -11.030948 4.771336
v 0.522086 -10.904676 5.006633
v 0.540280 -11.023471 4.956626
v 0.558250 -11.162441 4.860109
v 1.497733 -10.365722 4.976085
v 0.991805 -10.525319 5.029610
v 0.491280 -10.627672 5.062700
v 2.567203 -10.020049 4.490151
v 2.602961 -10.098835 4.396917
v 2.652365 -10.199091 4.296866
v 3.527941 -9.172578 4.327865
v 3.048680 -9.584945 4.448047
v 2.545916 -9.955265 4.590436
v 2.030197 -10.261975 4.735194
v 1.520568 -10.505736 4.864590
v 1.015931 -10.689086 4.963700
v 0.506901 -10.803368 5.028939
v 0.661923 8.027678 10.180122
v 0.679513 8.369796 10.068979
v 0.695596 8.723270 9.946754
v 0.722275 9.451544 9.634377
v 0.875605 5.826538 10.751624
v 1.545812 4.373863 9.882138
v 1.957439 4.158849 9.594814
v 1.296724 4.444040 10.099940
v 1.785917 4.272307 9.713421
v 2.244116 3.678822 9.401237
v 4.297992 3.258106 8.806830
v 4.318408 3.261750 8.827021
v 4.374500 3.247678 8.831575
v 4.446342 3.228494 8.842428
v 4.574364 3.161148 8.746555
v 4.675216 3.093693 8.629393
v 4.792291 3.023765 8.503254
v 4.924869 2.961457 8.379706
v 5.161001 3.020556 8.165977
v 5.336477 2.972260 8.016259
v 5.546364 2.945017 7.833932
v 5.789495 2.928055 7.596138
v 6.035301 2.927203 7.307637
v 6.253061 2.939547 7.013785
v 6.443197 2.959141 6.718583
v 6.754393 3.015797 6.124620
v 7.099236 3.134066 5.158525
v 7.192723 3.183184 4.790842
v 7.270917 3.234366 4.413404
v 7.393171 3.347871 3.627722
v 7.490396 3.488081 2.826413
v 0.130969 -2.005485 11.585506
v 0.250130 -2.012077 11.598280
v 0.489377 -2.053589 11.590867
v 0.933918 -2.095709 11.435527
v 1.089636 -2.117967 11.340780
v 1.253454 -2.145365 11.226284
v 1.431409 -2.185782 11.090931
v 1.626716 -2.231593 10.930197
v 1.855111 -2.266354 10.730905
v 6.637106 2.442744 6.518501
v 6.631063 2.145257 6.594692
v 6.611180 1.831716 6.689811
v 6.582832 1.500355 6.800298
v 6.537770 1.150324 6.939108
v 6.477669 0.775084 7.086258
v 6.395960 0.363715 7.244744
v 6.087118 -0.619533 7.571520
v 5.768314 -1.283611 7.736425
v 6.097169 -1.837418 7.034754
v 5.962658 -2.357645 6.902615
v 5.823449 -2.852776 6.759086
v 5.681613 -3.331378 6.612630
v 5.518296 -3.821001 6.483230
v 5.340877 -4.316967 6.364631
v 5.151312 -4.822248 6.247908
v 4.961574 -5.341745 6.135418
v 4.256445 -6.398389 6.605289
v 4.111965 -6.980319 6.477199
v 3.942730 -7.570277 6.377834
v 3.727377 -8.131486 6.310985
v 3.448106 -8.632453 6.263930
v 3.122828 -9.073417 6.227967
v 2.760130 -9.449539 6.200823
v 2.356200 -9.774607 6.177684
v 1.917866 -10.054958 6.168335
v 1.451351 -10.273864 6.161364
v 0.969295 -10.418491 6.155046
v 0.484582 -10.502475 6.145267
v 0.308120 7.045564 10.509128
v 0.612993 7.083667 10.490606
v 0.920214 7.136024 10.460806
v 1.237226 7.192123 10.414789
v 1.570327 7.253125 10.349253
v 1.912820 7.309680 10.260845
v 2.619544 7.394199 10.002790
v 3.104025 6.692185 10.045795
v 3.382157 6.695502 9.887789
v 3.644535 6.685328 9.727242
v 4.148032 6.627710 9.383672
v 4.394471 6.578742 9.200912
v 4.848600 6.440998 8.823787
v 5.050014 6.351221 8.638459
v 5.237512 6.244939 8.448392
v 5.408957 6.127610 8.253099
v 5.562122 5.996583 8.053128
v 5.821513 5.707025 7.661878
v 5.932407 5.543687 7.470813
v 6.028487 5.367279 7.286846
v 6.112813 5.181617 7.114121
v 6.188271 4.984588 6.953583
v 6.257151 4.779929 6.811001
v 6.317101 4.570974 6.690691
v 6.371256 4.357928 6.589243
v 6.420956 4.142904 6.509342
v 6.464214 3.924087 6.450598
v 6.507572 3.702321 6.412022
v 6.550196 3.473435 6.394534
v 6.583432 3.235298 6.398746
v 6.609210 2.985334 6.421365
v 6.626824 2.721741 6.463536
v 5.933769 -3.722595 5.721691
v 5.723882 -4.248476 5.627265
v 5.506882 -4.784990 5.532285
v 5.297480 -5.336086 5.444053
v 4.445553 -6.426419 6.255130
v 4.281128 -7.013762 6.136489
v 4.091753 -7.603006 6.047010
v 3.848196 -8.149323 5.991587
v 3.552293 -8.639491 5.951748
v 3.209041 -9.072837 5.922361
v 2.827173 -9.444616 5.897595
v 2.411909 -9.771361 5.883323
v 1.963300 -10.051048 5.878069
v 1.486288 -10.262346 5.871761
v 0.994597 -10.413918 5.873173
v 0.498433 -10.499772 5.863817
v 0.323263 7.660230 10.311669
v 0.644642 7.697175 10.285904
v 0.968133 7.745405 10.246238
v 1.301740 7.795768 10.188337
v 1.646819 7.847098 10.114058
v 2.003040 7.894692 10.018397
v 2.733241 7.959148 9.748436
v 3.280099 7.422331 9.662749
v 3.577038 7.413306 9.482198
v 3.857058 7.390059 9.298932
v 4.386950 7.303029 8.918359
v 4.641764 7.237316 8.715949
v 5.109740 7.061153 8.296885
v 5.313335 6.954631 8.084556
v 5.496900 6.836805 7.870234
v 5.659961 6.710235 7.656921
v 5.806513 6.571606 7.445253
v 6.059987 6.246250 7.016315
v 6.162902 6.062277 6.802656
v 6.254532 5.863303 6.596292
v 6.337185 5.649233 6.397550
v 6.414900 5.424066 6.213552
v 6.489833 5.188081 6.046988
v 6.559033 4.945350 5.900606
v 6.625970 4.697332 5.776015
v 6.693135 4.443252 5.675201
v 6.762313 4.185006 5.599884
v 6.832351 3.922270 5.548295
v 6.896326 3.653777 5.516671
v 6.951461 3.376933 5.502708
v 6.995790 3.089134 5.502221
v 7.026683 2.788016 5.515657
v 7.044105 2.472000 5.536703
v 7.048174 2.140495 5.565163
v 7.036523 1.794276 5.604338
v 7.017832 1.433284 5.659283
v 6.999486 1.053303 5.730895
v 6.981194 0.653021 5.814827
v 6.954881 0.231662 5.899498
v 6.911086 -0.214924 5.975821
v 6.837797 -0.687515 6.030838
v 6.734637 -1.183287 6.056520
v 6.608133 -1.685512 6.036897
v 6.465668 -2.187479 5.980308
v 6.303907 -2.694239 5.905023
v 6.127836 -3.203385 5.814826
v 7.005955 -1.730163 3.310913
v 7.098476 -1.254552 3.324733
v 7.164093 -0.823302 3.325877
v 7.199356 -0.415146 3.310240
v 7.215579 -0.020819 3.291761
v 7.230230 0.362246 3.272650
v 7.246469 0.740028 3.237853
v 7.266975 1.116728 3.194505
v 7.291561 1.492722 3.141901
v 7.323461 1.880731 3.083522
v 7.364320 2.288373 3.036258
v 7.404641 2.688555 3.086270
v 7.432848 3.060043 3.154244
v 7.445133 3.414068 3.224853
v 7.440699 3.757482 3.296573
v 7.421289 4.093343 3.374588
v 7.391035 4.425318 3.470255
v 7.351675 4.756464 3.588565
v 7.306703 5.087742 3.728715
v 7.254605 5.418010 3.895019
v 7.194663 5.745238 4.081684
v 7.124863 6.063146 4.290261
v 7.044378 6.372638 4.515803
v 6.952085 6.667171 4.753421
v 6.849510 6.945756 4.998752
v 6.736487 7.203279 5.249300
v 6.616776 7.439697 5.501453
v 6.338896 7.848494 6.000435
v 6.183771 8.015904 6.239413
v 6.022065 8.162350 6.468879
v 5.845600 8.304307 6.700516
v 5.640709 8.453278 6.948214
v 5.148313 8.736541 7.480869
v 4.877046 8.857294 7.742516
v 4.310397 9.048315 8.240249
v 4.004590 9.120420 8.482936
v 3.676996 9.175959 8.720258
v 3.324382 9.214406 8.945869
v 0.494706 -10.708506 5.041946
v 0.997461 -10.600683 4.993174
v 1.501741 -10.426545 4.911621
v 2.016857 -10.200387 4.807079
v 2.531039 -9.898235 4.694870
v 3.034150 -9.536084 4.589211
v 3.507202 -9.130416 4.499896
v 3.936941 -8.668800 4.427076
v 4.329075 -8.174146 4.385394
v 4.672613 -7.644484 4.365867
v 4.970091 -7.087492 4.361907
v 5.235536 -6.508087 4.369651
v 5.895605 -5.333612 3.413002
v 6.108677 -4.709560 3.365797
v 6.324620 -4.082328 3.342103
v 6.531269 -3.483062 3.326625
v 6.721493 -2.884494 3.311361
v 6.883471 -2.279598 3.288161
v 5.028897 -6.499385 4.971866
v 4.793794 -7.078403 4.926883
v 4.521061 -7.628715 4.890226
v 4.204660 -8.141387 4.875155
v 3.848119 -8.624743 4.878708
v 3.445071 -9.076198 4.891230
v 3.001227 -9.476253 4.920050
v 2.518948 -9.816606 4.969707
v 2.010162 -10.097207 5.025928
v 1.497442 -10.308416 5.086997
v 0.992221 -10.458653 5.126592
v 0.491133 -10.556149 5.149015
v 0.357176 9.057804 9.837729
v 0.709877 9.084552 9.803829
v 1.062865 9.118855 9.749804
v 1.423121 9.153437 9.678432
v 1.796042 9.189581 9.587218
v 2.177458 9.217398 9.474904
v 2.950164 9.233394 9.151941
v 3.220228 8.575270 9.299018
v 3.563221 8.554037 9.090236
v 3.883675 8.516159 8.872402
v 4.183816 8.462631 8.650067
v 4.740841 8.309166 8.190448
v 5.008059 8.207572 7.948650
v 5.490036 7.961274 7.450460
v 5.685712 7.831555 7.214108
v 5.858014 7.702157 6.993698
v 6.017563 7.564951 6.771305
v 6.171069 7.406017 6.538089
v 6.437370 7.026427 6.058078
v 6.547048 6.808358 5.817449
v 6.648062 6.571950 5.579826
v 6.743228 6.318660 5.350223
v 6.829683 6.050150 5.129375
v 6.909687 5.769850 4.923240
v 6.981866 5.478637 4.735044
v 7.047780 5.179697 4.566624
v 7.108191 4.874725 4.420714
v 7.165890 4.565688 4.298450
v 7.220759 4.255365 4.200865
v 7.271489 3.942215 4.121281
v 7.312027 3.620810 4.067583
v 7.336246 3.288678 4.025179
v 7.347433 2.945427 3.990947
v 7.344882 2.591622 3.965977
v 7.337141 2.227078 3.954818
v 7.328442 1.854719 3.963715
v 7.325157 1.478236 3.989076
v 7.324097 1.092523 4.022127
v 7.315155 0.703925 4.054455
v 7.304137 0.308357 4.085477
v 7.281261 -0.098929 4.112134
v 7.237412 -0.521884 4.137715
v 7.169747 -0.960644 4.159585
v 7.081010 -1.419362 4.174177
v 6.967937 -1.902585 4.178925
v 6.823906 -2.415504 4.167080
v 6.650447 -2.960425 4.148736
v 6.442868 -3.535602 4.121514
v 6.217298 -4.126211 4.088644
v 5.996729 -4.728495 4.062820
v 5.773344 -5.327361 4.057210
v 4.645994 9.254457 7.752284
v 4.598892 8.960504 7.994648
v 4.539391 8.673424 8.218930
v 4.466856 8.394043 8.423691
v 4.386497 8.121465 8.613576
v 4.300123 7.856380 8.789162
v 4.212497 7.601222 8.954524
v 4.125904 7.353310 9.111727
v 3.968319 6.884655 9.412879
v 3.898510 6.662691 9.560088
v 3.833990 6.445929 9.706508
v 3.766575 6.231981 9.844374
v 3.690627 6.012313 9.965625
v 3.601683 5.782269 10.058361
v 3.499325 5.547873 10.105823
v 3.382290 5.322029 10.101402
v 3.277867 5.115908 10.036458
v 3.179994 4.933061 9.939980
v 3.093569 4.754767 9.847475
v 3.025353 4.596426 9.768734
v 2.989599 4.468282 9.710286
v 2.955585 4.346012 9.674010
v 2.930153 4.230688 9.673070
v 2.916193 4.118877 9.684218
v 2.908317 4.011346 9.680579
v 2.901791 3.927497 9.648899
v 2.905404 3.909027 9.604195
v 2.909101 3.891445 9.560882
v 2.908782 3.897256 9.534765
v 4.216308 3.623083 9.014057
v 4.241647 3.623048 9.032613
v 4.293799 3.634282 9.078655
v 4.346069 3.647282 9.127555
v 4.408940 3.706922 9.148423
v 4.462854 3.789335 9.144463
v 4.503390 3.882078 9.106251
v 4.549918 3.974647 9.073337
v 4.613514 4.067660 9.063508
v 4.688221 4.156430 9.078394
v 4.772672 4.255462 9.086006
v 4.869288 4.368658 9.085358
v 4.987981 4.503852 9.064485
v 5.129083 4.668579 9.009926
v 5.279894 4.871771 8.901322
v 5.410924 5.090852 8.733456
v 5.501487 5.297659 8.521366
v 5.569046 5.490544 8.294465
v 5.632539 5.673832 8.071465
v 5.698931 5.857208 7.856738
v 5.773626 6.041419 7.648141
v 5.941070 6.415803 7.231671
v 6.030757 6.611049 7.015238
v 6.124700 6.810183 6.788966
v 6.218594 7.016315 6.551263
v 6.312553 7.226893 6.299785
v 6.400199 7.440254 6.032825
v 6.484906 7.656163 5.753036
v 6.564570 7.878074 5.461228
v 3.355308 3.902177 9.541478
v 3.361182 3.903499 9.567280
v 3.378682 3.925011 9.626016
v 3.388997 3.947196 9.675682
v 3.415312 4.035202 9.701784
v 3.446235 4.150804 9.697312
v 3.476290 4.264231 9.671402
v 3.513439 4.376965 9.661846
v 3.569519 4.495029 9.680800
v 3.639190 4.606108 9.706477
v 3.728219 4.728210 9.739182
v 3.830912 4.874749 9.778660
v 3.951289 5.044357 9.810486
v 4.085673 5.240805 9.811610
v 4.219841 5.460481 9.761187
v 4.336674 5.687863 9.659326
v 4.426837 5.904032 9.515990
v 4.499051 6.110908 9.348710
v 4.562358 6.312923 9.179349
v 4.628640 6.516681 9.013026
v 4.704963 6.724154 8.847798
v 4.884410 7.155773 8.507649
v 4.982163 7.378805 8.324017
v 5.079449 7.608538 8.127115
v 5.174750 7.845062 7.919023
v 5.261923 8.089499 7.699718
v 5.339306 8.340245 7.463947
v 5.406513 8.599636 7.211417
v 5.464124 8.866103 6.947775
v 3.204560 3.907258 9.581686
v 2.018651 5.087395 10.405169
v 1.856258 4.939228 10.339591
v 1.672209 4.786627 10.265236
v 1.476209 4.622912 10.184779
v 1.965338 5.319954 10.552807
v 1.797778 5.198261 10.537361
v 1.611052 5.061372 10.506330
v 1.406989 4.909759 10.460342
v 1.191093 4.728504 10.405467
v 1.848682 5.451990 10.621938
v 1.635789 5.350050 10.632968
v 1.408146 5.231745 10.624949
v 1.155795 5.093796 10.608045
v 0.831700 4.910824 10.604083
v 1.754422 5.825961 10.675254
v 1.468164 5.745959 10.712008
v 1.191747 5.662583 10.733292
v 0.905399 5.582072 10.744219
v 0.618401 5.519976 10.753797
v 0.388561 4.918240 10.680926
v 0.363050 4.633966 10.623950
v 0.313230 5.487825 10.767568
v 2.594301 9.572374 9.125657
v 2.563543 9.233044 9.330184
v 2.523720 8.896337 9.502740
v 2.475629 8.564416 9.648553
v 2.421500 8.240962 9.776584
v 2.365900 7.932051 9.896091
v 2.314139 7.637580 10.019706
v 2.264310 7.357338 10.144483
v 2.177824 6.833841 10.376810
v 1.784642 5.624983 10.663518
v 1.524967 5.536044 10.689686
v 1.262435 5.437608 10.698903
v 0.992127 5.336764 10.701186
v 0.694400 5.245000 10.710585
v 0.348378 5.214469 10.737736
v 2.086040 5.409223 10.556094
v 2.062023 5.524302 10.596699
v 2.052180 5.696573 10.619026
v 2.050215 5.895170 10.618186
v 2.555702 5.560709 10.464661
v 2.299994 5.552055 10.541695
v 2.070415 6.113505 10.589804
v 2.609435 5.770576 10.468139
v 2.328650 5.742188 10.551702
v 2.658202 5.988920 10.437257
v 2.357217 5.950380 10.535849
v 2.704836 6.212320 10.379450
v 2.392545 6.170331 10.493684
v 2.851944 6.911515 10.090063
v 2.959814 7.416661 9.840533
v 2.802176 6.672875 10.202466
v 2.752485 6.440655 10.300547
v 1.770898 6.276309 10.625098
v 1.448363 6.202259 10.681992
v 0.294499 5.983594 10.754730
v 0.582678 6.018292 10.747113
v 0.865089 6.069690 10.735823
v 1.149958 6.131739 10.715654
v 2.100855 6.344230 10.539223
v 2.433441 6.399448 10.430401
v 0.294859 6.227325 10.720328
v 0.583966 6.264836 10.711921
v 0.867972 6.317748 10.699029
v 1.159528 6.381044 10.674820
v 1.470914 6.450655 10.631875
v 1.798281 6.520580 10.564301
v 2.137281 6.584016 10.467132
v 2.477127 6.636500 10.347332
v 1.656127 3.396202 9.344508
v 1.623041 3.261958 9.360594
v 0.580989 -2.624196 11.778515
v 0.594075 -2.437416 11.725449
v 0.618966 -2.253299 11.638435
v 0.630687 -2.067531 11.563864
v 0.629878 -1.875513 11.507573
v 0.617977 -1.486837 11.415765
v 0.603299 -1.292617 11.388849
v 0.591959 -1.106667 11.376814
v 0.827561 1.728696 11.465169
v 0.700341 3.106613 10.584186
v 0.693527 3.359146 10.423988
v 0.705492 3.600801 10.319080
v 0.757215 -2.636474 11.714829
v 0.773260 -2.454301 11.665667
v 0.781431 -2.269457 11.585122
v 0.780736 -2.080735 11.509663
v 0.774046 -1.886405 11.448287
v 0.749961 -1.495739 11.348099
v 0.732157 -1.309971 11.315512
v 0.714052 -1.130365 11.298967
v 0.954262 1.587287 11.322791
v 0.996160 1.778602 11.092424
v 5.483139 -0.869221 8.212205
v 6.400876 -0.700323 7.057619
v 6.238999 -1.274171 7.123113
v 6.649642 -0.709633 6.539474
v 6.532344 -1.233368 6.571955
v 6.865577 1.064847 6.139125
v 6.891914 1.440971 6.048122
v 6.914784 1.796590 5.979122
v 6.929141 2.134605 5.923272
v 6.927966 2.456407 5.878817
v 6.912627 2.761174 5.844202
v 6.881524 3.050617 5.822001
v 6.840106 3.325769 5.813316
v 6.788767 3.589929 5.819842
v 6.728411 3.846020 5.844504
v 6.664075 4.095568 5.888628
v 6.600126 4.341062 5.957428
v 6.536837 4.582210 6.051134
v 6.474195 4.818904 6.168408
v 6.406103 5.050456 6.306467
v 6.333893 5.276772 6.464076
v 6.257097 5.492985 6.639599
v 6.174443 5.696986 6.828430
v 6.081079 5.887614 7.028301
v 5.975655 6.063587 7.234021
v 5.855023 6.226728 7.441364
v 5.720996 6.376229 7.648411
v 5.573232 6.511193 7.855504
v 5.406158 6.636479 8.067160
v 5.218874 6.749960 8.275384
v 5.014168 6.850168 8.478802
v 4.791090 6.937599 8.681759
v 4.551080 7.010874 8.882027
v 4.301259 7.069610 9.077147
v 4.044313 7.114525 9.264297
v 3.781201 7.146251 9.445614
v 3.508357 7.164496 9.621545
v 3.217294 7.167635 9.796494
v 2.904659 7.158118 9.968147
v 2.568742 7.131911 10.128189
v 2.220605 7.091171 10.265631
v 1.871809 7.038352 10.377750
v 1.532974 6.976160 10.461210
v 1.208204 6.912797 10.520061
v 0.899189 6.851309 10.558090
v 0.600157 6.795852 10.581709
v 0.302072 6.753253 10.598225
v 6.741051 -0.214943 6.463028
v 6.794555 0.243814 6.355377
v 6.832738 0.666821 6.245944
v 2.083569 2.199237 9.559943
v 2.295104 2.066455 9.549815
v 2.515843 1.942444 9.541056
v 2.750723 1.824836 9.524684
v 3.002050 1.712284 9.497339
v 3.270658 1.602026 9.461002
v 3.555508 1.488727 9.410337
v 3.854575 1.370045 9.349647
v 4.490008 1.085122 9.175418
v 4.826950 0.905979 9.033900
v 5.154455 0.697306 8.833462
v 5.463031 0.481440 8.558969
v 5.752662 0.269922 8.223031
v 6.020445 0.068615 7.837868
v 6.276248 -0.095742 7.409796
v 6.664401 0.705563 6.670058
v 6.607292 0.284076 6.807965
v 6.524744 -0.181715 6.942849
v 5.095563 2.471324 8.328840
v 5.350777 2.390741 8.132647
v 5.283899 2.191074 8.270452
v 4.502982 2.223895 8.861599
v 4.436725 1.943928 8.963768
v 4.368000 1.708084 9.067100
v 4.280472 1.477514 9.171689
v 4.165394 1.238280 9.274960
v 4.017960 0.984921 9.374709
v 3.831993 0.706899 9.479842
v 3.613291 0.414198 9.593223
v 3.124820 -0.168328 9.816113
v 2.876411 -0.454290 9.905108
v 2.644519 -0.731573 9.983453
v 2.430450 -1.001384 10.069522
v 2.248586 -1.248854 10.171012
v 2.085568 -1.469815 10.312914
v 1.919457 -1.637526 10.481732
v 1.732001 -1.711342 10.652750
v 1.542336 -1.743874 10.817914
v 1.367188 -1.751170 10.968481
v 1.203186 -1.735880 11.099261
v 1.049667 -1.718266 11.212695
v 0.904489 -1.703992 11.310627
v 0.764162 -1.691230 11.393826
v 0.626117 -1.681313 11.457335
v 0.493945 -1.675050 11.499218
v 0.245382 -1.663555 11.536805
v 0.123494 -1.657263 11.537875
v 4.737283 2.416501 8.653749
v 0.465530 -10.459560 6.818050
v 0.931038 -10.384338 6.821598
v 1.393260 -10.246882 6.824237
v 1.842772 -10.031858 6.825321
v 2.262200 -9.747245 6.838007
v 2.636930 -9.407448 6.864936
v 2.953687 -9.013956 6.909713
v 3.220240 -8.567941 6.953128
v 3.438528 -8.053451 6.997958
v 3.605518 -7.486104 7.071119
v 3.736238 -6.911695 7.172211
v 3.850575 -6.364166 7.290255
v 4.311499 -5.367432 7.177087
v 4.431579 -4.905597 7.287055
v 4.541161 -4.466895 7.402564
v 4.631857 -4.043691 7.530952
v 4.701968 -3.634485 7.673443
v 4.753603 -3.224359 7.832708
v 4.783612 -2.811356 8.014427
v 4.790690 -2.392583 8.215553
v 4.758434 -1.973344 8.446740
v 4.665898 -1.593312 8.704678
v 4.522312 -1.246402 8.961321
v 4.336169 -0.930880 9.186291
v 4.111495 -0.635326 9.372154
v 3.872038 -0.361151 9.518903
v 3.622953 -0.109112 9.628727
v 3.373733 0.121423 9.708366
v 3.131428 0.334094 9.764457
v 2.895280 0.536131 9.808767
v 2.668619 0.730817 9.845746
v 2.453136 0.921942 9.881167
v 2.250210 1.111884 9.925665
v 2.057049 1.302861 9.979056
v 1.872240 1.496391 10.041104
v 1.694907 1.692524 10.116661
v 1.635969 2.952174 9.462829
v 1.702214 2.999974 9.421793
v 1.769455 3.055354 9.386512
v 1.816880 3.104337 9.344145
v 1.835014 3.154700 9.288803
v 1.846299 3.187215 9.240401
v 1.862976 3.215139 9.206952
v 1.877888 3.236919 9.182595
v 1.902317 3.256397 9.165958
v 1.940034 3.275596 9.148828
v 1.996088 3.300184 9.128034
v 2.059189 3.332627 9.108001
v 2.123443 3.364604 9.086808
v 2.123100 3.362818 9.072195
v 4.380520 3.330684 8.685874
v 4.392712 3.334233 8.711231
v 4.462039 3.317974 8.720307
v 4.537624 3.301725 8.723492
v 4.649053 3.241833 8.636928
v 4.752477 3.186975 8.528417
v 4.868357 3.134032 8.412158
v 5.007019 3.078053 8.295222
v -1.544941 2.903045 9.517435
v 1.544609 2.903123 9.517250
v -1.649785 2.740965 9.517501
v 1.649196 2.741216 9.517427
v -1.790523 2.589132 9.511475
v 1.789503 2.589595 9.511517
v -1.966296 2.446443 9.507063
v 1.964766 2.447029 9.507136
v -1.438060 2.856564 9.594373
v 1.437919 2.856530 9.594193
v -1.545197 2.671691 9.585004
v 1.544917 2.671766 9.584876
v -1.699169 2.500676 9.578077
v 1.698721 2.500860 9.577988
v -1.884135 2.344319 9.571733
v 1.883399 2.344597 9.571668
v -1.432679 1.748362 10.403776
v -1.708594 2.141390 9.823364
v -1.616503 2.025612 10.001765
v -1.793620 2.240528 9.674574
v -1.524935 1.894365 10.198375
v 1.432679 1.748358 10.403769
v 1.616490 2.025580 10.001691
v 1.708530 2.141361 9.823232
v 1.793398 2.240583 9.674432
v 1.524933 1.894349 10.198339
v -1.523787 2.333734 9.867417
v -1.437229 2.228220 10.065630
v 1.437224 2.228175 10.065546
v 1.523744 2.333686 9.867275
v -1.610066 2.420904 9.701673
v 1.609918 2.420915 9.701512
v -1.350784 2.535837 9.904653
v -1.260462 2.436549 10.130344
v 1.260460 2.436501 10.130272
v 1.350770 2.535762 9.904510
v -1.445853 2.612080 9.717596
v 1.445788 2.612015 9.717414
v -1.193907 2.750546 9.931796
v -1.083526 2.662992 10.201266
v 1.083526 2.662948 10.201208
v 1.193902 2.750461 9.931670
v -1.312792 2.808432 9.724204
v 1.312763 2.808328 9.724024
v -1.355209 2.096980 10.283908
v 1.355207 2.096959 10.283872
v -1.185768 2.302216 10.374989
v 1.185768 2.302196 10.374958
v -1.020216 2.509276 10.481996
v 1.020216 2.509261 10.481971
v -1.277007 1.947150 10.509012
v 1.277006 1.947143 10.509001
v 1.120453 2.142231 10.620767
v -1.120453 2.142238 10.620774
v 0.814868 2.507321 10.893243
v -0.814868 2.507323 10.893243
v -0.968180 2.330209 10.748000
v 0.968180 2.330206 10.747995
v 1.055383 1.965160 10.859631
v 0.913326 2.138211 10.995877
v 0.770998 2.294491 11.141709
v -0.770998 2.294492 11.141711
v -0.913326 2.138212 10.995877
v -1.055383 1.965161 10.859632
v 1.199394 1.782716 10.732971
v -1.199394 1.782717 10.732974
v -1.345223 1.590304 10.613707
v 1.345223 1.590303 10.613705
v 0.485502 2.995447 10.995080
v 0.252604 3.069137 11.111426
v 0.000000 3.099145 11.150334
v -0.252604 3.069137 11.111426
v -0.485502 2.995448 10.995080
v -0.682120 2.877116 10.818284
v 0.682120 2.877114 10.818280
v -0.616909 2.429007 11.290618
v 0.616909 2.429007 11.290618
v -0.652622 2.656041 11.059132
v 0.652622 2.656041 11.059129
v -0.462548 2.769196 11.205296
v -0.240214 2.835603 11.303379
v 0.000000 2.863487 11.339035
v 0.240214 2.835603 11.303379
v 0.462548 2.769196 11.205296
v -0.437448 2.526817 11.418900
v -0.225969 2.586717 11.502176
v -0.000000 2.609599 11.537416
v 0.225969 2.586717 11.502176
v 0.437448 2.526817 11.418900
v 0.581784 2.190110 11.512656
v 0.553255 1.951344 11.728097
v 0.326646 -1.125063 11.517482
v 0.344045 -1.296663 11.487456
v 0.359049 -1.480512 11.495354
v 0.367817 -1.669382 11.524326
v 0.371210 -1.855745 11.563750
v 0.366124 -2.032853 11.598899
v 0.339790 -2.188024 11.647832
v 0.276786 -2.312283 11.698919
v 0.150206 -2.376713 11.713998
v -0.000000 -2.397872 11.718287
v -0.150206 -2.376713 11.713998
v -0.276786 -2.312283 11.698919
v -0.339790 -2.188024 11.647832
v -0.366124 -2.032853 11.598899
v -0.371210 -1.855745 11.563750
v -0.367817 -1.669382 11.524326
v -0.359049 -1.480512 11.495354
v -0.344045 -1.296663 11.487456
v -0.326646 -1.125063 11.517482
v -0.553255 1.951344 11.728097
v -0.581784 2.190111 11.512656
v -0.000000 -0.250983 12.973124
v 0.000000 -0.650370 12.587955
v -0.000000 -0.902982 12.023385
v 0.000000 -0.956587 11.886139
v -0.000000 -0.762498 12.380332
v 0.000000 -1.081842 11.661610
v -1.344216 -1.067146 10.936933
v -1.615351 -1.008381 10.724403
v -1.430017 -0.964292 11.030950
v -1.234868 -1.016133 11.003874
v -1.062631 -0.950306 11.071023
v -1.153737 -0.913136 11.063958
v -1.780604 -0.202436 10.480173
v -1.813512 -0.461635 10.464304
v -1.044075 0.909511 11.818620
v -0.681061 1.207481 12.228024
v -1.092865 0.418851 12.235589
v -1.265083 0.602993 11.478755
v -1.252440 0.745159 11.291986
v -1.385247 0.699536 10.948738
v -1.269116 0.900225 11.096668
v -1.300649 0.201621 11.946174
v -0.579699 -0.388170 12.096852
v -0.547557 -0.264244 11.973093
v -0.611730 -0.456881 12.267804
v -1.092201 -0.382741 11.717863
v -1.328193 -0.674130 11.339146
v -1.426925 -0.710703 11.332191
v -1.538409 -0.715155 11.293767
v -1.495818 -0.862365 11.139980
v -1.391118 -0.833513 11.192319
v -1.330696 -0.927753 11.086356
v -1.295558 -0.776145 11.214558
v -1.246719 -0.854084 11.120266
v -0.239591 0.639267 12.936728
v -0.246060 -0.238112 12.938106
v -0.782944 -0.150226 12.642179
v -0.458094 -0.211804 12.858614
v -0.378795 -0.591742 12.510671
v -0.175709 -0.746051 12.365758
v -0.202819 -0.633912 12.570575
v -0.328784 -0.704279 12.309018
v -0.461846 -0.544168 12.128733
v -0.450465 0.623383 12.863179
v -0.770728 0.567662 12.639221
v -0.521646 -0.897253 11.446695
v -0.463588 -0.823583 11.523182
v -0.396328 -0.931692 11.559560
v -0.379942 -0.686871 11.692819
v -0.358911 -0.772647 11.756640
v -0.546902 -0.754036 11.388535
v -0.477778 -0.709945 11.457947
v -0.358756 -0.598133 11.602098
v -0.230133 -0.902408 11.848140
v -0.209573 -1.043906 11.628330
v -0.350832 -0.619274 11.794584
v -0.352488 -0.702652 11.872216
v -0.256206 -0.841295 11.976417
v -0.829295 -0.971391 11.215688
v -0.942243 -0.968201 11.134296
v -0.937726 -0.805740 11.127366
v -0.831061 -0.809900 11.191207
v -1.036400 -0.793154 11.089607
v -1.120936 -0.772494 11.081836
v -1.198816 -0.720048 11.117070
v -1.244030 -0.655533 11.199039
v -0.334427 -0.527607 11.696769
v -0.447829 -0.450687 12.025595
v -0.424042 -0.332659 11.912186
v -0.140859 -0.886998 12.011366
v -0.125983 -0.940198 11.874587
v -0.203599 1.333238 12.478954
v -1.256465 -0.590514 11.317889
v -0.107466 -1.070448 11.649354
v -0.384091 1.306947 12.414486
v -0.213639 1.114150 12.646481
v -0.401442 1.088505 12.583939
v -0.701753 1.002971 12.395881
v -1.060063 0.744813 11.986815
v -1.290153 0.469639 11.651987
v -1.785926 -0.692553 10.490212
v -0.522127 -0.127659 11.823541
v -1.050516 -0.235319 11.579963
v -0.424709 -0.631869 11.323958
v -0.502488 -0.668330 11.257840
v -0.304952 -0.509047 11.484934
v -0.817279 -0.701834 11.062962
v -0.931223 -0.682601 11.022958
v -1.030850 -0.657075 11.005736
v -1.113690 -0.620788 11.023747
v -1.173298 -0.573473 11.070416
v -1.223345 -0.520229 11.139092
v -0.389653 -0.195944 11.773707
v -1.232147 -0.453405 11.237813
v -0.279919 -0.426341 11.564740
v -1.135698 -0.487216 10.876679
v -1.048735 -0.552097 10.851321
v -0.802563 -0.644826 10.887173
v -0.930755 -0.606609 10.854239
v -1.070085 -0.036566 11.416798
v -1.249384 -0.334371 10.997903
v -1.257468 -0.280451 11.106111
v -1.200904 -0.420025 10.930829
v -0.356318 -0.569516 11.162498
v -0.445848 -0.616750 11.087238
v -0.232022 -0.412685 11.317333
v -0.347851 -0.030401 11.619381
v -0.481971 0.037610 11.654282
v -0.206232 -0.313700 11.405394
v -1.055555 -0.464714 10.674525
v -0.149376 -0.312351 11.113219
v -0.280148 -0.502270 10.945110
v -0.790876 -0.589121 10.694822
v -0.929425 -0.541463 10.669554
v -0.391629 -0.559123 10.876465
v -1.121234 0.162653 11.259267
v -1.325722 -0.113474 10.938064
v -1.302322 -0.190746 10.832833
v -0.277959 0.158086 11.457149
v -0.420005 0.243931 11.494508
v -0.125105 -0.192205 11.210557
v -1.148424 0.337042 11.085164
v -0.341730 0.425528 11.314397
v -0.344642 -0.497417 10.660079
v -1.232311 -0.173208 10.586309
v -0.776474 -0.527408 10.501028
v -1.294438 -0.067892 10.657990
v -1.329629 0.035633 10.751955
v -1.200058 -0.066830 10.413681
v -0.315747 -0.416379 10.455054
v -1.256674 0.036379 10.484088
v -1.291329 0.152406 10.570916
v -1.135923 0.481054 10.885956
v -0.285538 0.553012 11.089034
v -1.092699 0.577729 10.680024
v -1.235093 0.233551 10.406836
v -1.207611 0.115977 10.325206
v -1.161104 0.013922 10.256110
v -1.035739 0.618864 10.491728
v -1.170045 0.294151 10.256873
v -1.152174 0.181196 10.179855
v -1.115892 0.082197 10.112263
v -0.974665 0.610064 10.326397
v -1.097500 0.339158 10.126980
v -1.089328 0.233516 10.059987
v -1.063158 0.135657 9.995099
v -0.997484 0.168406 9.909059
v -1.012023 0.269086 9.963273
v -1.013241 0.371560 10.030436
v -0.929323 0.584579 10.177236
v -1.160785 -0.371159 10.710915
v -1.231453 -0.285097 10.766777
v -0.923651 -0.469724 10.484412
v -1.051410 -0.378189 10.492802
v -1.156142 -0.271328 10.530372
v -1.126878 -0.168446 10.344355
v -1.095472 -0.083219 10.186025
v -1.057161 -0.013343 10.050969
v -1.014516 0.051858 9.936368
v -0.980373 0.095990 9.882200
v -0.675658 -0.026243 9.779064
v -0.818640 0.013542 9.792619
v -0.917423 0.062132 9.838643
v -0.942251 -0.020729 9.885499
v -0.975700 -0.111482 9.995949
v -1.007861 -0.198463 10.137032
v -1.032400 -0.285531 10.310529
v -0.842345 -0.105173 9.851912
v -0.871397 -0.215620 9.968772
v -0.897230 -0.310913 10.120012
v -0.910905 -0.391765 10.299518
v -0.762083 -0.460768 10.311136
v -0.746701 -0.386049 10.128186
v -0.726636 -0.294244 9.964437
v -0.702035 -0.171599 9.831325
v -0.255670 0.047106 13.036648
v -0.479515 0.058027 12.952608
v -0.810835 0.081713 12.716278
v -1.189952 0.329675 12.092173
v -1.167551 0.615237 11.820076
v -1.149462 0.764616 11.648989
v -1.505825 0.486772 10.813677
v -1.711737 0.043031 10.572345
v -1.619675 0.269498 10.685902
v -1.771266 -0.194650 10.623589
v -1.717223 0.000309 10.723999
v -1.807432 -0.391949 10.583708
v -1.632967 0.190019 10.849600
v -1.517004 0.370506 10.987037
v -1.380397 0.559613 11.137361
v -1.808108 -0.577931 10.614580
v -1.667980 -0.886446 10.829515
v -1.713998 -0.754572 10.968938
v -1.731050 -0.054471 10.862496
v -1.778525 -0.219375 10.752037
v -1.800452 -0.352125 10.680507
v -1.812673 -0.460673 10.732753
v -1.651452 0.107477 11.008951
v -1.543544 0.264938 11.157964
v -1.406892 0.436331 11.317522
v -1.428571 0.039357 11.789690
v -1.434625 0.311874 11.490946
v -1.543491 -0.101434 11.649056
v -1.572476 0.153548 11.329647
v -1.723978 -0.582429 11.146553
v -1.795296 -0.306462 10.875296
v -1.316601 -0.557571 11.500431
v -1.236463 -0.515584 11.469712
v -1.409876 -0.564004 11.503448
v -1.516600 -0.552397 11.478619
v -1.704010 -0.411489 11.317485
v -1.749842 -0.150034 11.011219
v -1.671139 0.012716 11.175441
v -1.635079 -0.238184 11.493773
v -1.197174 -0.025363 12.154875
v -1.246176 -0.204413 12.017767
v -1.381489 -0.305661 11.806227
v -1.465933 -0.409074 11.642005
v -1.154688 -0.334067 11.963458
v -1.278305 -0.375910 11.821120
v -1.360034 -0.457120 11.663393
v -0.727883 -0.341491 12.499479
v -0.426324 -0.433396 12.704860
v -0.228868 -0.471484 12.775028
v 0.000000 -0.492485 12.803718
v -1.083813 -0.369587 11.905540
v -1.179649 -0.403733 11.795124
v -1.258969 -0.470100 11.652071
v -1.085430 -0.214995 12.180929
v -1.023620 -0.324253 12.086066
v -0.968714 -0.353287 11.988225
v -1.103636 -0.064463 12.280964
v -1.108045 0.096095 12.332129
v -1.163958 0.089649 12.228567
v -1.165757 -0.426973 11.605584
v -1.128595 -0.298312 11.487504
v -1.155345 -0.104170 11.335742
v -1.246633 0.097517 11.174709
v -1.251516 0.260753 10.981006
v -1.231481 0.390710 10.784702
v -1.188472 0.488444 10.588420
v -1.124844 0.532191 10.418784
v -1.054539 0.540182 10.280062
v -1.001432 0.537596 10.185178
v -1.010489 -0.346645 11.800913
v -0.975035 -0.185856 11.644037
v -0.981670 0.012889 11.484260
v -1.007846 0.219492 11.341989
v -1.020915 0.409325 11.179624
v -1.014142 0.568907 10.982275
v -0.965994 0.653690 10.761007
v -0.911958 0.689792 10.553127
v -0.854304 0.674188 10.357152
v -0.805680 0.615437 10.183943
v -0.911951 -0.312570 11.860702
v -0.879307 -0.154964 11.711455
v -0.870540 0.051204 11.555914
v -0.872979 0.257538 11.413446
v -0.863437 0.448919 11.243893
v -0.843904 0.623585 11.054940
v -0.811396 0.735429 10.825514
v -0.757847 0.746547 10.588785
v -0.704123 0.711812 10.380424
v -0.666322 0.638302 10.195701
v -1.199863 -0.389347 11.372820
v -1.229881 -0.188490 11.221222
v -1.320568 0.007619 11.048644
v -1.326878 0.157428 10.864837
v -1.295321 0.282845 10.671432
v -1.239429 0.358978 10.498269
v -1.167773 0.407653 10.343060
v -1.091987 0.444468 10.209409
v -1.010988 0.466896 10.112881
v -0.911728 0.500199 10.059176
v -0.910084 0.163276 9.850321
v -0.908066 0.280177 9.897222
v -0.796138 0.136009 9.813450
v -0.906543 0.391853 9.966307
v -0.660442 0.107675 9.807866
v -0.786096 0.523615 10.041688
v -0.645633 0.523435 10.048332
v -0.779078 0.397178 9.942295
v -0.644554 0.384988 9.947429
v -0.782806 0.269301 9.867992
v -0.648166 0.245612 9.867016
v -0.000000 0.646186 12.965399
v -0.000000 1.123062 12.676289
v 0.000000 1.340026 12.511849
v -0.000000 0.042324 13.066968
v -0.000000 0.900829 12.829060
v -0.224436 0.891249 12.800399
v -0.423696 0.869386 12.733490
v -0.732964 0.793723 12.532301
v -1.077585 0.581232 12.123351
v -1.185430 0.470084 11.966420
v -1.303541 0.337612 11.812097
v -1.444166 0.179304 11.651213
v -1.576408 0.032930 11.503943
v -1.674833 -0.108760 11.347490
v -1.752504 -0.276134 11.167082
v -1.794182 -0.437026 11.014091
v -1.790674 -0.605285 10.844001
v -1.768461 -0.750030 10.708205
v -1.732729 -0.891130 10.601510
v -0.000000 0.356433 13.057615
v -0.251796 0.354493 13.029214
v -0.473601 0.350009 12.948848
v -0.799027 0.328306 12.706229
v -1.098891 0.252447 12.303723
v -1.178287 0.192117 12.177242
v -1.264576 0.076080 12.057831
v -1.366046 -0.082022 11.910829
v -1.478756 -0.217087 11.748396
v -1.560901 -0.345548 11.593833
v -1.621242 -0.512236 11.419820
v -1.643167 -0.685478 11.243576
v -1.599899 -0.843996 11.076038
v -1.540964 -0.965299 10.947750
v -1.465612 -1.073866 10.859267
v -0.090935 -0.060032 11.011723
v -0.108033 -0.202490 10.899882
v -0.232501 -0.430741 10.725418
v -0.088153 0.049816 10.801102
v -0.105185 -0.108429 10.693112
v -0.213694 -0.338230 10.524283
v -0.199460 0.299535 11.253097
v -0.170719 0.403177 11.017502
v -0.276728 0.601088 10.839544
v -0.187035 0.449941 10.783778
v -0.287853 0.601509 10.617558
v -0.204072 0.482528 10.584348
v -0.100661 0.133111 10.592778
v -0.298883 -0.327091 10.279144
v -0.106918 -0.022302 10.491169
v -0.207206 -0.241952 10.343431
v -0.121283 0.208961 10.420171
v -0.281705 -0.235686 10.125029
v -0.117126 0.062526 10.324890
v -0.196274 -0.155074 10.188375
v -0.287138 0.581196 10.432333
v -0.216373 0.490932 10.422050
v -0.151324 0.258593 10.268813
v -0.139099 0.128105 10.186070
v -0.195554 -0.075868 10.067407
v -0.270653 -0.139984 10.003446
v -0.278645 0.538498 10.284320
v -0.229989 0.490997 10.317990
v -0.264265 -0.044764 9.936119
v -0.207714 -0.019668 9.995008
v -0.177832 0.168965 10.068593
v -0.187781 0.294090 10.155346
v -0.260103 0.308587 10.069095
v -0.253344 0.173838 9.983912
v -0.188340 0.057975 10.014583
v -0.153293 0.019205 10.112668
v -0.143002 -0.049132 10.239942
v -0.144629 -0.131063 10.393089
v -0.151820 -0.233396 10.594884
v -0.167893 -0.337017 10.804379
v -0.205520 -0.416350 11.024255
v -0.283020 -0.500535 11.240170
v -0.356725 -0.579082 11.399094
v -0.426203 -0.652959 11.527280
v -0.417612 -0.752180 11.604027
v -0.370650 -0.842401 11.653174
v -0.215420 -0.965316 11.731833
v -0.113752 -0.997087 11.755760
v -0.000000 -1.012983 11.767473
v -0.260988 0.062981 9.937917
v -0.269214 0.432104 10.175467
v -0.208041 0.407840 10.251017
v -0.172944 0.389588 10.360359
v -0.146902 0.355450 10.514546
v -0.122562 0.301718 10.706704
v -0.108659 0.230820 10.926348
v -0.124210 0.126268 11.149493
v -0.166243 -0.005231 11.351615
v -0.240034 -0.165769 11.523459
v -0.302214 -0.309424 11.676650
v -0.349708 -0.432552 11.808697
v -0.367867 -0.533226 11.908492
v -0.376126 -0.623531 11.995756
v -0.284279 -0.778657 12.129597
v -0.155274 -0.824570 12.174968
v -1.142826 0.920739 11.456579
v -1.039661 1.079940 11.621495
v -0.671946 1.415264 12.035278
v -0.375070 1.532688 12.227725
v -0.198098 1.563819 12.293103
v 0.000000 1.578207 12.325072
v -1.156805 1.084683 11.250297
v -1.046670 1.250121 11.402483
v -0.676679 1.629619 11.822931
v -0.376120 1.772374 12.029301
v -0.197847 1.812221 12.096453
v -0.000000 1.828739 12.130173
v -0.000000 -0.840539 12.189559
v -0.615978 -0.940006 11.368134
v -0.629043 -0.784413 11.324867
v -0.585434 -0.692601 11.196136
v -0.536215 -0.640506 11.023513
v -0.510198 -0.584283 10.812896
v -0.479680 -0.534782 10.597750
v -0.453565 -0.468816 10.399948
v -0.427846 -0.387256 10.218723
v -0.402753 -0.296924 10.058414
v -0.378890 -0.186970 9.929679
v -0.367948 -0.054911 9.866305
v -0.363135 0.071049 9.878839
v -0.359887 0.190009 9.926137
v -0.370215 0.335295 10.008913
v -0.371515 0.478458 10.112457
v -0.381163 0.591619 10.248846
v -0.403331 0.647125 10.422238
v -0.413842 0.695473 10.627294
v -0.421068 0.710769 10.867072
v -0.457090 0.638088 11.112937
v -0.514786 0.472082 11.324293
v -0.565593 0.281072 11.499961
v -0.607911 0.070271 11.640983
v -0.643877 -0.111607 11.814606
v -0.683530 -0.252703 11.960423
v -0.715739 -0.349822 12.089118
v -0.764019 -0.377637 12.229842
v -0.846128 -0.286441 12.408689
v -0.900204 -0.119001 12.526161
v -0.927346 0.091474 12.588056
v -0.913276 0.312431 12.575771
v -0.889593 0.531669 12.511718
v -0.855840 0.740196 12.412179
v -0.831115 0.935903 12.274022
v -0.809483 1.129647 12.110512
v -0.803016 1.325206 11.911385
v -0.808473 1.524845 11.693262
v -0.719883 -0.962556 11.292636
v -0.726118 -0.802591 11.262223
v -0.700444 -0.706098 11.125943
v -0.671590 -0.655848 10.946445
v -0.646856 -0.600025 10.745134
v -0.626512 -0.547065 10.542393
v -0.604317 -0.481657 10.348558
v -0.580212 -0.408871 10.162413
v -0.556663 -0.322224 9.997494
v -0.529825 -0.205327 9.855799
v -0.514816 -0.050453 9.804686
v -0.511031 0.083616 9.827311
v -0.503744 0.224194 9.885431
v -0.505866 0.362643 9.971709
v -0.504150 0.508140 10.073012
v -0.515102 0.633261 10.215377
v -0.547162 0.696090 10.402893
v -0.581040 0.747734 10.616611
v -0.612969 0.759641 10.861161
v -0.658882 0.642897 11.097279
v -0.692147 0.473881 11.292848
v -0.723811 0.280962 11.466614
v -0.745042 0.063385 11.607608
v -0.769780 -0.129038 11.776196
v -0.804774 -0.277937 11.918610
v -0.846756 -0.342108 12.042665
v -0.897112 -0.336330 12.167676
v -0.961507 -0.244022 12.304433
v -1.004658 -0.090128 12.407878
v -1.024367 0.095905 12.462985
v -1.011259 0.290403 12.443171
v -0.993052 0.484763 12.378425
v -0.964909 0.672889 12.280822
v -0.947301 0.851373 12.141744
v -0.929896 1.031430 11.976866
v -0.925897 1.213422 11.772883
v -0.932116 1.398152 11.551144
v 1.344216 -1.067146 10.936933
v 1.615351 -1.008381 10.724403
v 1.430017 -0.964292 11.030950
v 1.234868 -1.016133 11.003874
v 1.062631 -0.950306 11.071023
v 1.153737 -0.913136 11.063958
v 1.780604 -0.202436 10.480173
v 1.813512 -0.461635 10.464304
v 1.044075 0.909511 11.818620
v 0.681061 1.207481 12.228024
v 1.092865 0.418851 12.235589
v 1.265083 0.602993 11.478755
v 1.252440 0.745159 11.291986
v 1.385247 0.699536 10.948738
v 1.269116 0.900225 11.096668
v 1.300649 0.201621 11.946174
v 0.579699 -0.388170 12.096852
v 0.547557 -0.264244 11.973093
v 0.611730 -0.456881 12.267804
v 1.092201 -0.382741 11.717863
v 1.328193 -0.674130 11.339146
v 1.426925 -0.710703 11.332191
v 1.538409 -0.715155 11.293767
v 1.495818 -0.862365 11.139980
v 1.391118 -0.833513 11.192319
v 1.330696 -0.927753 11.086356
v 1.295558 -0.776145 11.214558
v 1.246719 -0.854084 11.120266
v 0.239591 0.639267 12.936728
v 0.246060 -0.238112 12.938106
v 0.782944 -0.150226 12.642179
v 0.458094 -0.211804 12.858614
v 0.378795 -0.591742 12.510671
v 0.175709 -0.746051 12.365758
v 0.202819 -0.633912 12.570575
v 0.328784 -0.704279 12.309018
v 0.461846 -0.544168 12.128733
v 0.450465 0.623383 12.863179
v 0.770728 0.567662 12.639221
v 0.521646 -0.897253 11.446695
v 0.463588 -0.823583 11.523182
v 0.396328 -0.931692 11.559560
v 0.379942 -0.686871 11.692819
v 0.358911 -0.772647 11.756640
v 0.546902 -0.754036 11.388535
v 0.477778 -0.709945 11.457947
v 0.358756 -0.598133 11.602098
v 0.230133 -0.902408 11.848140
v 0.209573 -1.043906 11.628330
v 0.350832 -0.619274 11.794584
v 0.352488 -0.702652 11.872216
v 0.256206 -0.841295 11.976417
v 0.829295 -0.971391 11.215688
v 0.942243 -0.968201 11.134296
v 0.937726 -0.805740 11.127366
v 0.831061 -0.809900 11.191207
v 1.036400 -0.793154 11.089607
v 1.120936 -0.772494 11.081836
v 1.198816 -0.720048 11.117070
v 1.244030 -0.655533 11.199039
v 0.334427 -0.527607 11.696769
v 0.447829 -0.450687 12.025595
v 0.424042 -0.332659 11.912186
v 0.140859 -0.886998 12.011366
v 0.125983 -0.940198 11.874587
v 0.203599 1.333238 12.478954
v 1.256465 -0.590514 11.317889
v 0.107466 -1.070448 11.649354
v 0.384091 1.306947 12.414486
v 0.213639 1.114150 12.646481
v 0.401442 1.088505 12.583939
v 0.701753 1.002971 12.395881
v 1.060063 0.744813 11.986815
v 1.290153 0.469639 11.651987
v 1.785926 -0.692553 10.490212
v 0.522127 -0.127659 11.823541
v 1.050516 -0.235319 11.579963
v 0.424709 -0.631869 11.323958
v 0.502488 -0.668330 11.257840
v 0.304952 -0.509047 11.484934
v 0.817279 -0.701834 11.062962
v 0.931223 -0.682601 11.022958
v 1.030850 -0.657075 11.005736
v 1.113690 -0.620788 11.023747
v 1.173298 -0.573473 11.070416
v 1.223345 -0.520229 11.139092
v 0.389653 -0.195944 11.773707
v 1.232147 -0.453405 11.237813
v 0.279919 -0.426341 11.564740
v 1.135698 -0.487216 10.876679
v 1.048735 -0.552097 10.851321
v 0.802563 -0.644826 10.887173
v 0.930755 -0.606609 10.854239
v 1.070085 -0.036566 11.416798
v 1.249384 -0.334371 10.997903
v 1.257468 -0.280451 11.106111
v 1.200904 -0.420025 10.930829
v 0.356318 -0.569516 11.162498
v 0.445848 -0.616750 11.087238
v 0.232022 -0.412685 11.317333
v 0.347851 -0.030401 11.619381
v 0.481971 0.037610 11.654282
v 0.206232 -0.313700 11.405394
v 1.055555 -0.464714 10.674525
v 0.149376 -0.312351 11.113219
v 0.280148 -0.502270 10.945110
v 0.790876 -0.589121 10.694822
v 0.929425 -0.541463 10.669554
v 0.391629 -0.559123 10.876465
v 1.121234 0.162653 11.259267
v 1.325722 -0.113474 10.938064
v 1.302322 -0.190746 10.832833
v 0.277959 0.158086 11.457149
v 0.420005 0.243931 11.494508
v 0.125105 -0.192205 11.210557
v 1.148424 0.337042 11.085164
v 0.341730 0.425528 11.314397
v 0.344642 -0.497417 10.660079
v 1.232311 -0.173208 10.586309
v 0.776474 -0.527408 10.501028
v 1.294438 -0.067892 10.657990
v 1.329629 0.035633 10.751955
v 1.200058 -0.066830 10.413681
v 0.315747 -0.416379 10.455054
v 1.256674 0.036379 10.484088
v 1.291329 0.152406 10.570916
v 1.135923 0.481054 10.885956
v 0.285538 0.553012 11.089034
v 1.092699 0.577729 10.680024
v 1.235093 0.233551 10.406836
v 1.207611 0.115977 10.325206
v 1.161104 0.013922 10.256110
v 1.035739 0.618864 10.491728
v 1.170045 0.294151 10.256873
v 1.152174 0.181196 10.179855
v 1.115892 0.082197 10.112263
v 0.974665 0.610064 10.326397
v 1.097500 0.339158 10.126980
v 1.089328 0.233516 10.059987
v 1.063158 0.135657 9.995099
v 0.997484 0.168406 9.909059
v 1.012023 0.269086 9.963273
v 1.013241 0.371560 10.030436
v 0.929323 0.584579 10.177236
v 1.160785 -0.371159 10.710915
v 1.231453 -0.285097 10.766777
v 0.923651 -0.469724 10.484412
v 1.051410 -0.378189 10.492802
v 1.156142 -0.271328 10.530372
v 1.126878 -0.168446 10.344355
v 1.095472 -0.083219 10.186025
v 1.057161 -0.013343 10.050969
v 1.014516 0.051858 9.936368
v 0.980373 0.095990 9.882200
v 0.675658 -0.026243 9.779064
v 0.818640 0.013542 9.792619
v 0.917423 0.062132 9.838643
v 0.942251 -0.020729 9.885499
v 0.975700 -0.111482 9.995949
v 1.007861 -0.198463 10.137032
v 1.032400 -0.285531 10.310529
v 0.842345 -0.105173 9.851912
v 0.871397 -0.215620 9.968772
v 0.897230 -0.310913 10.120012
v 0.910905 -0.391765 10.299518
v 0.762083 -0.460768 10.311136
v 0.746701 -0.386049 10.128186
v 0.726636 -0.294244 9.964437
v 0.702035 -0.171599 9.831325
v 0.255670 0.047106 13.036648
v 0.479515 0.058027 12.952608
v 0.810835 0.081713 12.716278
v 1.189952 0.329675 12.092173
v 1.167551 0.615237 11.820076
v 1.149462 0.764616 11.648989
v 1.505825 0.486772 10.813677
v 1.711737 0.043031 10.572345
v 1.619675 0.269498 10.685902
v 1.771266 -0.194650 10.623589
v 1.717223 0.000309 10.723999
v 1.807432 -0.391949 10.583708
v 1.632967 0.190019 10.849600
v 1.517004 0.370506 10.987037
v 1.380397 0.559613 11.137361
v 1.808108 -0.577931 10.614580
v 1.667980 -0.886446 10.829515
v 1.713998 -0.754572 10.968938
v 1.731050 -0.054471 10.862496
v 1.778525 -0.219375 10.752037
v 1.800452 -0.352125 10.680507
v 1.812673 -0.460673 10.732753
v 1.651452 0.107477 11.008951
v 1.543544 0.264938 11.157964
v 1.406892 0.436331 11.317522
v 1.428571 0.039357 11.789690
v 1.434625 0.311874 11.490946
v 1.543491 -0.101434 11.649056
v 1.572476 0.153548 11.329647
v 1.723978 -0.582429 11.146553
v 1.795296 -0.306462 10.875296
v 1.316601 -0.557571 11.500431
v 1.236463 -0.515584 11.469712
v 1.409876 -0.564004 11.503448
v 1.516600 -0.552397 11.478619
v 1.704010 -0.411489 11.317485
v 1.749842 -0.150034 11.011219
v 1.671139 0.012716 11.175441
v 1.635079 -0.238184 11.493773
v 1.197174 -0.025363 12.154875
v 1.246176 -0.204413 12.017767
v 1.381489 -0.305661 11.806227
v 1.465933 -0.409074 11.642005
v 1.154688 -0.334067 11.963458
v 1.278305 -0.375910 11.821120
v 1.360034 -0.457120 11.663393
v 0.727883 -0.341491 12.499479
v 0.426324 -0.433396 12.704860
v 0.228868 -0.471484 12.775028
v 1.083813 -0.369587 11.905540
v 1.179649 -0.403733 11.795124
v 1.258969 -0.470100 11.652071
v 1.085430 -0.214995 12.180929
v 1.023620 -0.324253 12.086066
v 0.968714 -0.353287 11.988225
v 1.103636 -0.064463 12.280964
v 1.108045 0.096095 12.332129
v 1.163958 0.089649 12.228567
v 1.165757 -0.426973 11.605584
v 1.128595 -0.298312 11.487504
v 1.155345 -0.104170 11.335742
v 1.246633 0.097517 11.174709
v 1.251516 0.260753 10.981006
v 1.231481 0.390710 10.784702
v 1.188472 0.488444 10.588420
v 1.124844 0.532191 10.418784
v 1.054539 0.540182 10.280062
v 1.001432 0.537596 10.185178
v 1.010489 -0.346645 11.800913
v 0.975035 -0.185856 11.644037
v 0.981670 0.012889 11.484260
v 1.007846 0.219492 11.341989
v 1.020915 0.409325 11.179624
v 1.014142 0.568907 10.982275
v 0.965994 0.653690 10.761007
v 0.911958 0.689792 10.553127
v 0.854304 0.674188 10.357152
v 0.805680 0.615437 10.183943
v 0.911951 -0.312570 11.860702
v 0.879307 -0.154964 11.711455
v 0.870540 0.051204 11.555914
v 0.872979 0.257538 11.413446
v 0.863437 0.448919 11.243893
v 0.843904 0.623585 11.054940
v 0.811396 0.735429 10.825514
v 0.757847 0.746547 10.588785
v 0.704123 0.711812 10.380424
v 0.666322 0.638302 10.195701
v 1.199863 -0.389347 11.372820
v 1.229881 -0.188490 11.221222
v 1.320568 0.007619 11.048644
v 1.326878 0.157428 10.864837
v 1.295321 0.282845 10.671432
v 1.239429 0.358978 10.498269
v 1.167773 0.407653 10.343060
v 1.091987 0.444468 10.209409
v 1.010988 0.466896 10.112881
v 0.911728 0.500199 10.059176
v 0.910084 0.163276 9.850321
v 0.908066 0.280177 9.897222
v 0.796138 0.136009 9.813450
v 0.906543 0.391853 9.966307
v 0.660442 0.107675 9.807866
v 0.786096 0.523615 10.041688
v 0.645633 0.523435 10.048332
v 0.779078 0.397178 9.942295
v 0.644554 0.384988 9.947429
v 0.782806 0.269301 9.867992
v 0.648166 0.245612 9.867016
v 0.224436 0.891249 12.800399
v 0.423696 0.869386 12.733490
v 0.732964 0.793723 12.532301
v 1.077585 0.581232 12.123351
v 1.185430 0.470084 11.966420
v 1.303541 0.337612 11.812097
v 1.444166 0.179304 11.651213
v 1.576408 0.032930 11.503943
v 1.674833 -0.108760 11.347490
v 1.752504 -0.276134 11.167082
v 1.794182 -0.437026 11.014091
v 1.790674 -0.605285 10.844001
v 1.768461 -0.750030 10.708205
v 1.732729 -0.891130 10.601510
v 0.251796 0.354493 13.029214
v 0.473601 0.350009 12.948848
v 0.799027 0.328306 12.706229
v 1.098891 0.252447 12.303723
v 1.178287 0.192117 12.177242
v 1.264576 0.076080 12.057831
v 1.366046 -0.082022 11.910829
v 1.478756 -0.217087 11.748396
v 1.560901 -0.345548 11.593833
v 1.621242 -0.512236 11.419820
v 1.643167 -0.685478 11.243576
v 1.599899 -0.843996 11.076038
v 1.540964 -0.965299 10.947750
v 1.465612 -1.073866 10.859267
v 0.090935 -0.060032 11.011723
v 0.108033 -0.202490 10.899882
v 0.232501 -0.430741 10.725418
v 0.088153 0.049816 10.801102
v 0.105185 -0.108429 10.693112
v 0.213694 -0.338230 10.524283
v 0.199460 0.299535 11.253097
v 0.170719 0.403177 11.017502
v 0.276728 0.601088 10.839544
v 0.187035 0.449941 10.783778
v 0.287853 0.601509 10.617558
v 0.204072 0.482528 10.584348
v 0.100661 0.133111 10.592778
v 0.298883 -0.327091 10.279144
v 0.106918 -0.022302 10.491169
v 0.207206 -0.241952 10.343431
v 0.121283 0.208961 10.420171
v 0.281705 -0.235686 10.125029
v 0.117126 0.062526 10.324890
v 0.196274 -0.155074 10.188375
v 0.287138 0.581196 10.432333
v 0.216373 0.490932 10.422050
v 0.151324 0.258593 10.268813
v 0.139099 0.128105 10.186070
v 0.195554 -0.075868 10.067407
v 0.270653 -0.139984 10.003446
v 0.278645 0.538498 10.284320
v 0.229989 0.490997 10.317990
v 0.264265 -0.044764 9.936119
v 0.207714 -0.019668 9.995008
v 0.177832 0.168965 10.068593
v 0.187781 0.294090 10.155346
v 0.260103 0.308587 10.069095
v 0.253344 0.173838 9.983912
v 0.188340 0.057975 10.014583
v 0.153293 0.019205 10.112668
v 0.143002 -0.049132 10.239942
v 0.144629 -0.131063 10.393089
v 0.151820 -0.233396 10.594884
v 0.167893 -0.337017 10.804379
v 0.205520 -0.416350 11.024255
v 0.283020 -0.500535 11.240170
v 0.356725 -0.579082 11.399094
v 0.426203 -0.652959 11.527280
v 0.417612 -0.752180 11.604027
v 0.370650 -0.842401 11.653174
v 0.215420 -0.965316 11.731833
v 0.113752 -0.997087 11.755760
v 0.260988 0.062981 9.937917
v 0.269214 0.432104 10.175467
v 0.208041 0.407840 10.251017
v 0.172944 0.389588 10.360359
v 0.146902 0.355450 10.514546
v 0.122562 0.301718 10.706704
v 0.108659 0.230820 10.926348
v 0.124210 0.126268 11.149493
v 0.166243 -0.005231 11.351615
v 0.240034 -0.165769 11.523459
v 0.302214 -0.309424 11.676650
v 0.349708 -0.432552 11.808697
v 0.367867 -0.533226 11.908492
v 0.376126 -0.623531 11.995756
v 0.284279 -0.778657 12.129597
v 0.155274 -0.824570 12.174968
v 1.142826 0.920739 11.456579
v 1.039661 1.079940 11.621495
v 0.671946 1.415264 12.035278
v 0.375070 1.532688 12.227725
v 0.198098 1.563819 12.293103
v 1.156805 1.084683 11.250297
v 1.046670 1.250121 11.402483
v 0.676679 1.629618 11.822926
v 0.376120 1.772370 12.029297
v 0.197847 1.812220 12.096453
v 0.615978 -0.940006 11.368134
v 0.629043 -0.784413 11.324867
v 0.585434 -0.692601 11.196136
v 0.536215 -0.640506 11.023513
v 0.510198 -0.584283 10.812896
v 0.479680 -0.534782 10.597750
v 0.453565 -0.468816 10.399948
v 0.427846 -0.387256 10.218723
v 0.402753 -0.296924 10.058414
v 0.378890 -0.186970 9.929679
v 0.367948 -0.054911 9.866305
v 0.363135 0.071049 9.878839
v 0.359887 0.190009 9.926137
v 0.370215 0.335295 10.008913
v 0.371515 0.478458 10.112457
v 0.381163 0.591619 10.248846
v 0.403331 0.647125 10.422238
v 0.413842 0.695473 10.627294
v 0.421068 0.710769 10.867072
v 0.457090 0.638088 11.112937
v 0.514786 0.472082 11.324293
v 0.565593 0.281072 11.499961
v 0.607911 0.070271 11.640983
v 0.643877 -0.111607 11.814606
v 0.683530 -0.252703 11.960423
v 0.715739 -0.349822 12.089118
v 0.764019 -0.377637 12.229842
v 0.846128 -0.286441 12.408689
v 0.900204 -0.119001 12.526161
v 0.927346 0.091474 12.588056
v 0.913276 0.312431 12.575771
v 0.889593 0.531669 12.511718
v 0.855840 0.740196 12.412179
v 0.831115 0.935903 12.274022
v 0.809483 1.129647 12.110512
v 0.803016 1.325206 11.911385
v 0.808473 1.524845 11.693262
v 0.719883 -0.962556 11.292636
v 0.726118 -0.802591 11.262223
v 0.700444 -0.706098 11.125943
v 0.671590 -0.655848 10.946445
v 0.646856 -0.600025 10.745134
v 0.626512 -0.547065 10.542393
v 0.604317 -0.481657 10.348558
v 0.580212 -0.408871 10.162413
v 0.556663 -0.322224 9.997494
v 0.529825 -0.205327 9.855799
v 0.514816 -0.050453 9.804686
v 0.511031 0.083616 9.827311
v 0.503744 0.224194 9.885431
v 0.505866 0.362643 9.971709
v 0.504150 0.508140 10.073012
v 0.515102 0.633261 10.215377
v 0.547162 0.696090 10.402893
v 0.581040 0.747734 10.616611
v 0.612969 0.759641 10.861161
v 0.658882 0.642897 11.097279
v 0.692147 0.473881 11.292848
v 0.723811 0.280962 11.466614
v 0.745042 0.063385 11.607608
v 0.769780 -0.129038 11.776196
v 0.804774 -0.277937 11.918610
v 0.846756 -0.342108 12.042665
v 0.897112 -0.336330 12.167676
v 0.961507 -0.244022 12.304433
v 1.004658 -0.090128 12.407878
v 1.024367 0.095905 12.462985
v 1.011259 0.290403 12.443171
v 0.993052 0.484763 12.378425
v 0.964909 0.672889 12.280822
v 0.947301 0.851373 12.141744
v 0.929896 1.031430 11.976866
v 0.925897 1.213422 11.772883
v 0.932116 1.398152 11.551144
v 0.535278 1.711883 11.935244
v 0.531024 1.483426 12.140577
v 0.540757 1.265137 12.330903
v 0.560916 1.052397 12.498982
v 0.593089 0.837408 12.640819
v 0.627071 0.598917 12.758974
v 0.656992 0.340464 12.834878
v 0.660860 0.070759 12.836491
v 0.637507 -0.181598 12.755406
v 0.591661 -0.389414 12.609809
v 0.518326 -0.535401 12.409630
v 0.427513 -0.632679 12.223742
v 0.362717 -0.708229 12.066711
v 0.326828 -0.778534 11.928646
v 0.309004 -0.844912 11.807934
v 0.300826 -0.913282 11.696485
v 0.303178 -0.998924 11.596774
v -0.303178 -0.998924 11.596774
v -0.300826 -0.913282 11.696485
v -0.309004 -0.844912 11.807934
v -0.326828 -0.778534 11.928646
v -0.362717 -0.708229 12.066711
v -0.427513 -0.632679 12.223742
v -0.518326 -0.535401 12.409630
v -0.591661 -0.389414 12.609809
v -0.637507 -0.181598 12.755406
v -0.660860 0.070759 12.836491
v -0.656992 0.340464 12.834878
v -0.627071 0.598917 12.758974
v -0.593089 0.837408 12.640819
v -0.560916 1.052397 12.498982
v -0.540757 1.265137 12.330903
v -0.531024 1.483426 12.140577
v -0.535278 1.711888 11.935247
v -0.000000 -6.977832 9.019485
v 0.000000 -3.366674 10.957382
v 0.000000 -7.119767 10.061474
v -0.000000 -6.736726 9.885441
v 0.000000 -6.905999 10.005439
v 0.000000 -6.626748 9.721164
v 0.000000 -7.590154 9.822965
v 0.000000 -6.613391 9.557288
v -0.000000 -7.689636 9.496142
v 0.000000 -6.890680 9.110412
v 0.000000 -3.251291 11.707167
v 0.000000 -3.108775 11.800534
v -0.000000 -2.960007 11.860215
v -0.000000 -2.809743 11.880608
v -0.000000 -3.462389 11.436554
v -0.000000 -3.372210 11.581553
v 0.000000 -7.796136 9.192101
v 0.000000 -3.298669 10.910849
v -0.000000 -3.223591 10.872003
v -0.000000 -3.479743 11.087228
v -0.000000 -3.514789 11.184811
v 0.000000 -3.511771 11.297909
v 0.000000 -3.426845 11.014029
v -0.000000 -3.142211 10.839351
v -0.000000 -6.727833 9.314287
v 0.000000 -6.803884 9.211056
v -0.000000 -6.659758 9.423716
v -1.288255 -6.121270 9.009342
v -1.591038 -5.720776 8.927916
v -1.128548 -6.303393 9.025414
v -1.446382 -5.924069 8.979423
v -1.728538 -5.521428 8.865929
v -0.748295 -3.252828 10.672191
v -1.236019 -3.484031 10.353175
v -0.181612 -3.146440 10.829217
v -1.368162 -3.562991 10.228288
v -2.085805 -4.332429 9.031970
v -1.847760 -5.308763 8.816271
v -0.343128 -6.908852 9.019549
v -2.034496 -4.175116 9.167704
v -1.996388 -4.129803 9.238716
v -0.868218 -3.300462 10.609560
v -0.987500 -3.352754 10.538259
v -1.760958 -3.871722 9.680950
v -1.871126 -3.994875 9.467583
v -1.943181 -4.078001 9.328217
v -1.635806 -3.756267 9.889195
v -1.502852 -3.655571 10.072974
v -0.348164 -3.161111 10.806108
v -2.093521 -4.454475 8.975348
v -2.063415 -4.245146 9.093395
v -2.076742 -4.614455 8.914307
v -2.006412 -4.865110 8.851050
v -1.938174 -5.088413 8.813968
v -1.786165 -4.040476 10.144876
v -1.884367 -4.175678 9.932534
v -1.673633 -3.909675 10.360667
v -1.740991 -4.091193 10.071074
v -1.841930 -4.220344 9.861885
v -1.960802 -4.306306 9.743151
v -2.014671 -4.411365 9.598666
v -1.843467 -3.979392 10.218035
v -1.939811 -4.121624 9.998894
v -1.552151 -3.789217 10.571836
v -1.626033 -3.970161 10.283426
v -1.732543 -3.839763 10.440168
v -1.703050 -4.129674 9.990346
v -1.810039 -4.247742 9.780617
v -1.919240 -4.345005 9.682138
v -1.974869 -4.436152 9.556603
v -2.017898 -4.258792 9.799314
v -2.069469 -4.374277 9.643249
v -1.911882 -3.899802 10.280005
v -2.004308 -4.049167 10.056605
v -1.423514 -3.683033 10.759653
v -1.503497 -3.860168 10.487172
v -1.611879 -3.706141 10.659053
v -1.587391 -4.015191 10.203763
v -1.802086 -3.747542 10.512527
v -1.682089 -4.133279 9.914164
v -1.677439 -4.116225 9.850728
v -1.798006 -4.215716 9.656356
v -1.799288 -4.237960 9.710194
v -1.888257 -4.353278 9.616093
v -1.945270 -4.422746 9.499857
v -2.057175 -4.605770 9.394445
v -2.079503 -4.193397 9.852764
v -2.133143 -4.321236 9.684658
v -1.987470 -3.796399 10.319918
v -2.078444 -3.959233 10.089834
v -1.159910 -3.521102 11.067443
v -1.291023 -3.593507 10.926211
v -1.375621 -3.761819 10.669061
v -1.481340 -3.589069 10.852585
v -1.463864 -3.909470 10.403548
v -1.677590 -3.602226 10.736248
v -1.563084 -4.020267 10.127848
v -1.555654 -4.008950 10.056064
v -1.876760 -3.632926 10.558902
v -1.684662 -4.088950 9.797994
v -1.704070 -4.043884 9.762123
v -1.818598 -4.164876 9.547386
v -1.804353 -4.189808 9.605983
v -1.882058 -4.326213 9.556770
v -1.889318 -4.300772 9.504588
v -1.942416 -4.358127 9.400768
v -1.935836 -4.390711 9.445561
v -2.018159 -4.599260 9.361894
v -2.059358 -4.756846 9.284398
v -2.111277 -4.598319 9.405040
v -2.149890 -4.115643 9.886720
v -2.206922 -4.262302 9.712774
v -2.067124 -3.668731 10.322601
v -2.161596 -3.846946 10.095052
v -1.115906 -3.607891 10.963171
v -1.244429 -3.677964 10.827991
v -1.209698 -3.415162 11.165631
v -1.346475 -3.493347 11.021878
v -1.336308 -3.817409 10.580380
v -1.544922 -3.476845 10.929335
v -1.437152 -3.921297 10.324468
v -1.426938 -3.908460 10.249970
v -1.748761 -3.479239 10.785934
v -1.561045 -3.979555 10.002508
v -1.578654 -3.934496 9.968281
v -1.949128 -3.494140 10.562752
v -1.722895 -3.999943 9.722521
v -1.741085 -3.944101 9.695370
v -1.852291 -4.063267 9.481599
v -1.837287 -4.120878 9.505928
v -1.893721 -4.272999 9.458868
v -1.899254 -4.238602 9.413694
v -1.952515 -4.280777 9.328374
v -1.946188 -4.322049 9.364975
v -1.995067 -4.562942 9.326591
v -2.021554 -4.747573 9.259107
v -2.069752 -4.923929 9.183908
v -2.065689 -5.115267 9.126984
v -2.114924 -4.748943 9.299795
v -2.180012 -4.573190 9.421954
v -2.234001 -4.023321 9.893127
v -2.291338 -4.187439 9.719627
v -1.031195 -3.463639 11.187876
v -0.904053 -3.420546 11.289695
v -1.078735 -3.670813 10.857700
v -1.202956 -3.735674 10.731817
v -1.259936 -3.290251 11.244639
v -1.403760 -3.373473 11.100216
v -1.307163 -3.836111 10.494075
v -1.294871 -3.818909 10.421160
v -1.610681 -3.350573 10.981237
v -1.431432 -3.877729 10.194440
v -1.447346 -3.831561 10.159076
v -1.816253 -3.335304 10.791636
v -1.596825 -3.887608 9.931608
v -1.616255 -3.826699 9.906675
v -1.913401 -4.188162 9.380384
v -1.926785 -4.135083 9.352042
v -1.978315 -4.181188 9.269178
v -1.963657 -4.235858 9.295853
v -1.984772 -4.518343 9.282145
v -1.989110 -4.463512 9.253572
v -1.999141 -4.695215 9.236405
v -2.031300 -4.891438 9.170658
v -2.027204 -5.027425 9.126481
v -2.027427 -5.311680 9.150994
v -2.122253 -4.958947 9.187401
v -2.117554 -5.129444 9.142783
v -2.185214 -4.747977 9.303607
v -2.260384 -4.535197 9.440785
v -0.776886 -3.389393 11.373298
v -0.991223 -3.553988 11.075447
v -0.869874 -3.512725 11.172385
v -1.075439 -3.351930 11.289010
v -0.941192 -3.304508 11.393190
v -1.049362 -3.695019 10.755024
v -1.175249 -3.758507 10.636672
v -1.038420 -3.680167 10.673550
v -1.161769 -3.742779 10.561427
v -1.311403 -3.150728 11.303246
v -1.461689 -3.241863 11.156400
v -1.300516 -3.785419 10.365137
v -1.314062 -3.741343 10.322720
v -1.671466 -3.200701 10.998290
v -1.465022 -3.783942 10.122403
v -1.483726 -3.723161 10.095040
v -1.995930 -4.409289 9.231442
v -2.005381 -4.379159 9.193821
v -1.997583 -4.615658 9.208947
v -2.006845 -4.553826 9.184025
v -2.007197 -4.861907 9.148146
v -2.000448 -4.974189 9.111099
v -1.986537 -5.231173 9.131634
v -2.085422 -5.389937 9.141110
v -2.189359 -4.974708 9.192305
v -2.184667 -5.154140 9.133245
v -2.267439 -4.706972 9.321187
v -0.748756 -3.484930 11.252615
v -0.807229 -3.271055 11.479977
v -0.959171 -3.619429 10.964117
v -0.842328 -3.580684 11.054886
v -1.117974 -3.220942 11.371394
v -0.977147 -3.170453 11.474807
v -1.042031 -3.640221 10.613679
v -1.167410 -3.706367 10.503839
v -0.934425 -3.539987 10.649939
v -1.181134 -3.664286 10.452924
v -1.358029 -2.993762 11.325211
v -1.515138 -3.089620 11.174284
v -1.331211 -3.690655 10.284101
v -1.349133 -3.631329 10.252366
v -2.019828 -4.338021 9.161099
v -2.039648 -4.288947 9.130508
v -2.009179 -4.487483 9.169345
v -2.017938 -4.460294 9.133828
v -1.998964 -4.791343 9.123729
v -1.998592 -4.722551 9.105062
v -1.982947 -4.862868 9.057650
v -1.985974 -4.916187 9.085756
v -1.956120 -5.181344 9.096799
v -2.157915 -5.434446 9.112369
v -2.269996 -4.955091 9.196963
v -2.266929 -5.164117 9.113692
v -0.350070 -3.360105 11.540568
v -0.726322 -3.551756 11.129019
v -0.835616 -3.133994 11.562518
v -0.932409 -3.645790 10.854565
v -0.819688 -3.606860 10.939642
v -0.921044 -3.627953 10.767739
v -0.809711 -3.584267 10.850332
v -1.161173 -3.076172 11.426788
v -1.012091 -3.022645 11.529737
v -0.948753 -3.485395 10.605027
v -1.197665 -3.611825 10.412825
v -0.966848 -3.422668 10.568262
v -1.216236 -3.552652 10.379087
v -2.033589 -4.420202 9.101992
v -2.056713 -4.373260 9.070344
v -2.006416 -4.670593 9.082328
v -2.020594 -4.630672 9.056165
v -2.003613 -4.802449 8.994114
v -1.988784 -4.819492 9.030261
v -1.943441 -5.123736 9.062247
v -1.940983 -5.106444 9.013693
v -1.926010 -5.621894 9.236220
v -2.252885 -5.465478 9.062600
v -0.181189 -3.367086 11.569604
v -0.339820 -3.453877 11.408565
v -0.358470 -3.238105 11.653035
v -0.706910 -3.578333 11.009702
v -0.699623 -3.551910 10.916340
v -0.863180 -2.985737 11.616145
v -0.924914 -3.587514 10.704090
v -0.812118 -3.543180 10.779997
v -0.820470 -3.493311 10.723725
v -0.707664 -3.454154 10.785258
v -1.201114 -2.918018 11.452538
v -1.047865 -2.864699 11.556053
v -2.035323 -4.562914 9.038735
v -2.061588 -4.510708 9.007854
v -2.044806 -4.665037 8.950605
v -2.021043 -4.731106 8.976654
v -1.939803 -5.064199 8.979456
v -1.948509 -5.029916 8.942591
v -1.874361 -5.517184 9.225121
v -1.847153 -5.799143 9.320336
v -1.993654 -5.702616 9.221739
v -0.177832 -3.456280 11.432299
v -0.184604 -3.246011 11.688929
v -0.333930 -3.513219 11.274932
v -0.366148 -3.097734 11.740184
v -0.700790 -3.507524 10.843088
v -0.892953 -2.827666 11.644819
v -0.832990 -3.436354 10.677433
v -0.717908 -3.392615 10.739147
v -0.849045 -3.370824 10.640344
v -0.731699 -3.326487 10.701626
v -1.960975 -4.987037 8.910085
v -1.979423 -4.937409 8.878404
v -1.834663 -5.430740 9.186110
v -1.789544 -5.686456 9.310937
v -1.749832 -5.976365 9.425936
v -1.921949 -5.897313 9.300246
v -2.076683 -5.779405 9.176316
v -0.174926 -3.509528 11.297854
v -0.187712 -3.104759 11.781026
v -0.331844 -3.524384 11.153337
v -0.327183 -3.492083 11.056469
v -0.374976 -2.950975 11.798653
v -0.328958 -3.378169 10.922489
v -1.808108 -5.378310 9.142715
v -1.789940 -5.343476 9.092079
v -1.744979 -5.592179 9.275068
v -1.690356 -5.859198 9.412797
v -1.641254 -6.167170 9.539540
v -1.829758 -6.098833 9.398659
v -2.008621 -5.986095 9.241012
v -2.175231 -5.840861 9.095201
v -0.173371 -3.516799 11.178876
v -0.174099 -3.482976 11.078515
v -0.191887 -2.957795 11.839983
v -0.326468 -3.439010 10.980012
v -0.172693 -3.369497 10.945701
v -0.384502 -2.794772 11.828580
v -0.334215 -3.312127 10.875009
v -0.339671 -3.239530 10.836696
v -1.781330 -5.337904 9.042339
v -1.789595 -5.333397 8.981783
v -1.710884 -5.528133 9.226148
v -1.683450 -5.458413 9.165648
v -1.643709 -5.755224 9.375707
v -1.575255 -6.024126 9.526046
v -1.513041 -6.344110 9.655142
v -1.715267 -6.318172 9.503519
v -1.917730 -6.221378 9.324256
v -2.104756 -6.073125 9.138927
v -0.172414 -3.429687 11.004545
v -0.194771 -2.805764 11.865438
v -0.174003 -3.301279 10.899234
v -0.176833 -3.227220 10.860958
v -1.801240 -5.332642 8.925999
v -1.821911 -5.325077 8.870257
v -1.669308 -5.487588 9.107918
v -1.671847 -5.494206 9.043670
v -1.603176 -5.669004 9.321898
v -1.567507 -5.610819 9.245351
v -1.525449 -5.903680 9.479473
v -1.447714 -6.180595 9.638074
v -1.587431 -6.522526 9.606686
v -1.798637 -6.468889 9.406461
v -2.007097 -6.335500 9.192881
v -1.681764 -5.501842 8.983650
v -1.702416 -5.513732 8.924372
v -1.542276 -5.599941 9.177026
v -1.541083 -5.650399 9.106378
v -1.485107 -5.813623 9.413131
v -1.440740 -5.761343 9.321742
v -1.393151 -6.047393 9.580331
v -1.306535 -6.324719 9.741186
v -1.371366 -6.504718 9.765346
v -1.653995 -6.700086 9.493394
v -1.873720 -6.604074 9.248786
v -1.549380 -5.675041 9.046960
v -1.566758 -5.697132 8.988048
v -1.410372 -5.773813 9.235139
v -1.400937 -5.807421 9.161758
v -1.347156 -5.957249 9.495184
v -1.301170 -5.899870 9.391812
v -1.250133 -6.180286 9.669428
v -1.437913 -6.706340 9.709453
v -1.717729 -6.847438 9.297482
v -1.407101 -5.846939 9.099725
v -1.423873 -5.886588 9.039760
v -1.262468 -5.892427 9.291834
v -1.251402 -5.966696 9.204675
v -1.200267 -6.079295 9.567693
v -0.453250 -7.048803 10.055599
v -0.423678 -6.832392 10.001863
v -1.493076 -6.904056 9.570389
v -1.254742 -6.018314 9.135629
v -1.269053 -6.069904 9.071216
v -1.115692 -6.064386 9.325406
v -1.154423 -6.047118 9.441406
v -0.398536 -6.664593 9.882942
v -0.482212 -7.301897 9.990461
v -1.545756 -7.063954 9.335354
v -1.099109 -6.183114 9.160859
v -1.098340 -6.122333 9.236088
v -0.375704 -6.545739 9.725234
v -0.496583 -7.521916 9.797568
v -1.110029 -6.244387 9.090927
v -0.357451 -6.533576 9.553873
v -0.346275 -6.583895 9.415370
v -0.502694 -7.638858 9.467724
v -0.342196 -6.653007 9.307500
v -0.339974 -6.732110 9.205336
v -0.339911 -6.819168 9.107989
v -2.223593 -5.637116 9.067661
v -2.125896 -5.595290 9.131712
v -2.048661 -5.542748 9.167805
v -1.986926 -5.460166 9.180196
v -1.940546 -5.359365 9.167406
v -1.904694 -5.298842 9.126611
v -1.889107 -5.240104 9.087145
v -1.877769 -5.217031 9.041311
v -1.877977 -5.190187 8.991912
v -1.884660 -5.174861 8.942786
v -1.897244 -5.156467 8.896925
v -1.917192 -5.121291 8.854775
v -2.332627 -5.658423 8.994135
v -2.278483 -5.885415 9.003963
v -2.201947 -6.142714 9.025972
v -2.097131 -6.425004 9.052094
v -1.962799 -6.707498 9.070253
v -1.804545 -6.965427 9.082367
v -1.629408 -7.191818 9.087471
v -0.515220 -7.749400 9.169089
v -2.013315 -4.230531 9.196432
v -1.997629 -4.277690 9.232789
v -1.985249 -4.318162 9.268685
v -1.975692 -4.360719 9.294118
v -1.972422 -4.393967 9.332351
v -1.970458 -4.435268 9.367810
v -1.980995 -4.463724 9.423530
v -2.008436 -4.499865 9.466921
v -2.047067 -4.498014 9.495485
v -2.099685 -4.477724 9.517094
v -2.166620 -4.440983 9.545251
v -2.243522 -4.396189 9.568904
v -2.332198 -4.337928 9.575769
v -1.108511 -3.413793 10.453922
v -1.087680 -3.482114 10.482720
v -1.069207 -3.542565 10.518223
v -1.053261 -3.596769 10.561149
v -2.350886 -4.484127 9.447553
v -2.354743 -4.659064 9.329672
v -2.357662 -5.116966 9.108178
v -2.353977 -4.885677 9.214205
v -2.361624 -5.469632 9.005839
v -0.265388 -7.778986 9.186552
v -0.257752 -7.672609 9.484502
v -0.255484 -7.571267 9.817626
v -0.246864 -7.355178 10.005143
v -0.233100 -7.099802 10.061269
v -0.219244 -6.885812 10.005918
v -0.206952 -6.715951 9.885720
v -0.194444 -6.601800 9.726287
v -0.183344 -6.590019 9.557310
v -0.176848 -6.635090 9.419189
v -0.174320 -6.707016 9.310588
v -0.172850 -6.784944 9.208083
v -0.172831 -6.871773 9.107574
v -0.174964 -6.958517 9.017642
v -0.000000 -7.374499 10.010978
v -0.813823 -6.609016 9.032453
v -0.803982 -6.535258 9.109190
v -0.798506 -6.458991 9.189075
v -0.799291 -6.384464 9.275681
v -0.811581 -6.315846 9.377208
v -0.843181 -6.274181 9.511771
v -0.888098 -6.297880 9.666364
v -0.931711 -6.411075 9.799836
v -0.980144 -6.564456 9.901891
v -1.043086 -6.769548 9.940134
v -1.094775 -7.012640 9.865119
v -1.113935 -7.236999 9.699100
v -1.158121 -7.395197 9.389828
v -1.207060 -7.551128 9.085338
v -0.969569 -6.465338 9.032572
v -0.955185 -6.400565 9.103674
v -0.947767 -6.331691 9.178050
v -0.947729 -6.262801 9.259721
v -0.962329 -6.198285 9.356487
v -0.998960 -6.163102 9.483914
v -1.048873 -6.194519 9.623220
v -1.096112 -6.304638 9.741964
v -1.147578 -6.454354 9.830388
v -1.213700 -6.646241 9.862637
v -1.276790 -6.870063 9.794925
v -1.310908 -7.087826 9.638871
v -1.356907 -7.250226 9.364939
v -1.428972 -7.390151 9.085711
v -0.980028 -7.645382 9.117810
v -0.951774 -7.499086 9.417692
v -0.929483 -7.348479 9.738823
v -0.906821 -7.127725 9.918950
v -0.858662 -6.880009 9.996936
v -0.804277 -6.669439 9.952644
v -0.759840 -6.508523 9.841166
v -0.722287 -6.390627 9.696630
v -0.684622 -6.368930 9.534712
v -0.660428 -6.413090 9.394548
v -0.650505 -6.484827 9.288665
v -0.648263 -6.563646 9.195651
v -0.651935 -6.646560 9.110504
v -0.660189 -6.729302 9.029739
v -2.368293 -5.306219 9.041331
v -2.265028 -5.318498 9.077688
v -2.175099 -5.293085 9.112664
v -2.106139 -5.253953 9.133327
v -2.051815 -5.200209 9.133562
v -2.017246 -5.137141 9.114731
v -1.985167 -5.081082 9.091126
v -1.971307 -5.033448 9.061769
v -1.967110 -5.009387 9.022231
v -1.966821 -4.942152 8.999244
v -1.978446 -4.906749 8.965708
v -1.995771 -4.864028 8.935140
v -2.015546 -4.811799 8.905589
v -2.045005 -4.730347 8.880705
v -0.752193 -7.706632 9.148859
v -0.734956 -7.580937 9.447876
v -0.724437 -7.441633 9.775941
v -0.703457 -7.221386 9.964222
v -0.664589 -6.972927 10.034801
v -0.621377 -6.758837 9.985650
v -0.584490 -6.592211 9.868352
v -0.553482 -6.472965 9.716995
v -0.524596 -6.453456 9.548100
v -0.506683 -6.499189 9.408072
v -0.499909 -6.574492 9.299573
v -0.497496 -6.654598 9.201332
v -0.499346 -6.741877 9.109985
v -0.504944 -6.830698 9.025602
v -0.493350 -3.182470 10.771955
v -0.482710 -3.259485 10.801760
v -0.475202 -3.331192 10.839125
v -0.468130 -3.397656 10.884728
v -0.463283 -3.456377 10.943608
v -0.464496 -3.505687 11.019855
v -0.469402 -3.535726 11.116414
v -0.479333 -3.517733 11.241576
v -0.489034 -3.455033 11.370694
v -0.503809 -3.360442 11.495995
v -0.519844 -3.238638 11.608065
v -0.533185 -3.100086 11.691960
v -0.547834 -2.951435 11.749738
v -0.564522 -2.794535 11.782411
v -0.625046 -3.213258 10.726708
v -0.610908 -3.287694 10.756431
v -0.599956 -3.358143 10.793069
v -0.591349 -3.422620 10.838908
v -0.587168 -3.478827 10.897137
v -0.585357 -3.526956 10.972598
v -0.591564 -3.556207 11.067589
v -0.604851 -3.531039 11.191524
v -0.622627 -3.465099 11.319092
v -0.644506 -3.370115 11.442606
v -0.668484 -3.248999 11.550320
v -0.689254 -3.111235 11.632665
v -0.710486 -2.962827 11.687505
v -0.734318 -2.804664 11.717955
v 1.288255 -6.121270 9.009342
v 1.591038 -5.720776 8.927916
v 1.128548 -6.303393 9.025414
v 1.446382 -5.924069 8.979423
v 1.728538 -5.521428 8.865929
v 0.748308 -3.247959 10.673761
v 1.236172 -3.480382 10.355158
v 0.181608 -3.145574 10.829247
v 1.368281 -3.560976 10.229516
v 2.085805 -4.332429 9.031970
v 1.847760 -5.308763 8.816271
v 0.343128 -6.908852 9.019549
v 2.033816 -4.178443 9.164619
v 1.995733 -4.133025 9.235751
v 0.868284 -3.293695 10.612132
v 0.987583 -3.348252 10.540278
v 1.759232 -3.882445 9.672085
v 1.869465 -4.003695 9.459772
v 1.942561 -4.081118 9.325388
v 1.634887 -3.763548 9.883700
v 1.502852 -3.655571 10.072974
v 0.348126 -3.158364 10.806453
v 2.093521 -4.454475 8.975348
v 2.063415 -4.245146 9.093395
v 2.076742 -4.614455 8.914307
v 2.006412 -4.865110 8.851050
v 1.938174 -5.088413 8.813968
v 1.786165 -4.040476 10.144876
v 1.884367 -4.175678 9.932534
v 1.673633 -3.909675 10.360667
v 1.740991 -4.091193 10.071074
v 1.841930 -4.220344 9.861885
v 1.960802 -4.306306 9.743151
v 2.014671 -4.411365 9.598666
v 1.843467 -3.979392 10.218035
v 1.939811 -4.121624 9.998894
v 1.552151 -3.789217 10.571836
v 1.626033 -3.970161 10.283426
v 1.732543 -3.839763 10.440168
v 1.703050 -4.129674 9.990346
v 1.810039 -4.247742 9.780617
v 1.919240 -4.345005 9.682138
v 1.974869 -4.436152 9.556603
v 2.017898 -4.258792 9.799317
v 2.069469 -4.374277 9.643249
v 1.911882 -3.899802 10.280005
v 2.004308 -4.049167 10.056605
v 1.423514 -3.683033 10.759653
v 1.503497 -3.860168 10.487172
v 1.611879 -3.706141 10.659053
v 1.587391 -4.015191 10.203763
v 1.802086 -3.747542 10.512527
v 1.682089 -4.133279 9.914164
v 1.677439 -4.116225 9.850728
v 1.798006 -4.215716 9.656356
v 1.799288 -4.237960 9.710194
v 1.888257 -4.353278 9.616093
v 1.945270 -4.422746 9.499857
v 2.057175 -4.605770 9.394445
v 2.079503 -4.193397 9.852764
v 2.133143 -4.321236 9.684658
v 1.987470 -3.796399 10.319918
v 2.078444 -3.959233 10.089834
v 1.159910 -3.521102 11.067443
v 1.291023 -3.593507 10.926211
v 1.375621 -3.761819 10.669061
v 1.481340 -3.589069 10.852585
v 1.463864 -3.909470 10.403548
v 1.677590 -3.602226 10.736248
v 1.563084 -4.020267 10.127848
v 1.555654 -4.008950 10.056064
v 1.876760 -3.632926 10.558902
v 1.684662 -4.088950 9.797994
v 1.703628 -4.046657 9.759894
v 1.818598 -4.164876 9.547386
v 1.804353 -4.189808 9.605983
v 1.882058 -4.326213 9.556770
v 1.889318 -4.300772 9.504588
v 1.942416 -4.358127 9.400768
v 1.935836 -4.390711 9.445561
v 2.018159 -4.599260 9.361894
v 2.059358 -4.756846 9.284398
v 2.111277 -4.598319 9.405040
v 2.149890 -4.115643 9.886720
v 2.206922 -4.262302 9.712774
v 2.067124 -3.668731 10.322601
v 2.161596 -3.846946 10.095052
v 1.115906 -3.607891 10.963171
v 1.244429 -3.677964 10.827991
v 1.209698 -3.415162 11.165631
v 1.346475 -3.493347 11.021878
v 1.336308 -3.817409 10.580380
v 1.544922 -3.476845 10.929335
v 1.437152 -3.921297 10.324468
v 1.426938 -3.908460 10.249970
v 1.748761 -3.479239 10.785934
v 1.561045 -3.979555 10.002508
v 1.578328 -3.936979 9.966439
v 1.949128 -3.494140 10.562752
v 1.722460 -4.002712 9.720269
v 1.740658 -3.946830 9.693124
v 1.851733 -4.066272 9.478955
v 1.836720 -4.123951 9.503269
v 1.893721 -4.272999 9.458868
v 1.899254 -4.238602 9.413694
v 1.952515 -4.280777 9.328374
v 1.946188 -4.322049 9.364975
v 1.995067 -4.562942 9.326591
v 2.021554 -4.747573 9.259107
v 2.069752 -4.923929 9.183908
v 2.065689 -5.115267 9.126984
v 2.114924 -4.748943 9.299795
v 2.180012 -4.573190 9.421954
v 2.234001 -4.023321 9.893127
v 2.291338 -4.187439 9.719627
v 1.031195 -3.463639 11.187876
v 0.904053 -3.420546 11.289695
v 1.078735 -3.670813 10.857700
v 1.202956 -3.735674 10.731817
v 1.259936 -3.290251 11.244639
v 1.403760 -3.373473 11.100216
v 1.307163 -3.836111 10.494075
v 1.294871 -3.818909 10.421160
v 1.610681 -3.350573 10.981237
v 1.431432 -3.877729 10.194440
v 1.447122 -3.833772 10.157565
v 1.816253 -3.335304 10.791636
v 1.596516 -3.890096 9.929746
v 1.615646 -3.831632 9.902942
v 1.912766 -4.191423 9.377509
v 1.926166 -4.138267 9.349173
v 1.977663 -4.184486 9.266201
v 1.963657 -4.235858 9.295853
v 1.984772 -4.518343 9.282145
v 1.989110 -4.463512 9.253572
v 1.999141 -4.695215 9.236405
v 2.031300 -4.891438 9.170658
v 2.027204 -5.027425 9.126481
v 2.027427 -5.311680 9.150994
v 2.122253 -4.958947 9.187401
v 2.117554 -5.129444 9.142783
v 2.185214 -4.747977 9.303607
v 2.260384 -4.535197 9.440785
v 0.776886 -3.389393 11.373298
v 0.991223 -3.553988 11.075447
v 0.869874 -3.512725 11.172385
v 1.075439 -3.351930 11.289010
v 0.941192 -3.304508 11.393190
v 1.049362 -3.695019 10.755024
v 1.175249 -3.758507 10.636672
v 1.038420 -3.680167 10.673550
v 1.161769 -3.742779 10.561427
v 1.311403 -3.150728 11.303246
v 1.461689 -3.241863 11.156400
v 1.300516 -3.785419 10.365137
v 1.314062 -3.741343 10.322720
v 1.671466 -3.200701 10.998290
v 1.464815 -3.786172 10.120882
v 1.483329 -3.727614 10.091955
v 1.995930 -4.409289 9.231442
v 2.005381 -4.379159 9.193821
v 1.997583 -4.615658 9.208947
v 2.006845 -4.553826 9.184025
v 2.007197 -4.861907 9.148146
v 2.000448 -4.974189 9.111099
v 1.986537 -5.231173 9.131634
v 2.085422 -5.389937 9.141110
v 2.189359 -4.974708 9.192305
v 2.184667 -5.154140 9.133245
v 2.267439 -4.706972 9.321187
v 0.748756 -3.484930 11.252615
v 0.807229 -3.271055 11.479977
v 0.959171 -3.619429 10.964117
v 0.842328 -3.580684 11.054886
v 1.117974 -3.220942 11.371394
v 0.977147 -3.170453 11.474807
v 1.042031 -3.640221 10.613679
v 1.167410 -3.706367 10.503839
v 0.934680 -3.535746 10.651751
v 1.181247 -3.662527 10.453866
v 1.358029 -2.993762 11.325211
v 1.515138 -3.089620 11.174284
v 1.331211 -3.690655 10.284101
v 1.349133 -3.631329 10.252366
v 2.019828 -4.338021 9.161099
v 2.039648 -4.288947 9.130508
v 2.009179 -4.487483 9.169345
v 2.017938 -4.460294 9.133828
v 1.998964 -4.791343 9.123729
v 1.998592 -4.722551 9.105062
v 1.982947 -4.862868 9.057650
v 1.985974 -4.916187 9.085756
v 1.956120 -5.181344 9.096799
v 2.157915 -5.434446 9.112369
v 2.269996 -4.955091 9.196963
v 2.266929 -5.164117 9.113692
v 0.350070 -3.360105 11.540568
v 0.726322 -3.551756 11.129019
v 0.835616 -3.133994 11.562518
v 0.932409 -3.645790 10.854565
v 0.819688 -3.606860 10.939642
v 0.921044 -3.627953 10.767739
v 0.809711 -3.584267 10.850332
v 1.161173 -3.076172 11.426788
v 1.012091 -3.022645 11.529737
v 0.948956 -3.481055 10.606881
v 1.197768 -3.610037 10.413785
v 0.966987 -3.418245 10.570157
v 1.216486 -3.547213 10.382013
v 2.033589 -4.420202 9.101992
v 2.056713 -4.373260 9.070344
v 2.006416 -4.670593 9.082328
v 2.020594 -4.630672 9.056165
v 2.003613 -4.802449 8.994114
v 1.988784 -4.819492 9.030261
v 1.943441 -5.123736 9.062247
v 1.940983 -5.106444 9.013693
v 1.926010 -5.621894 9.236220
v 2.252885 -5.465478 9.062600
v 0.181189 -3.367086 11.569604
v 0.339820 -3.453877 11.408565
v 0.358470 -3.238105 11.653035
v 0.706910 -3.578333 11.009702
v 0.699623 -3.551910 10.916340
v 0.863180 -2.985737 11.616145
v 0.925014 -3.586132 10.704618
v 0.812205 -3.541936 10.780441
v 0.820690 -3.489487 10.725123
v 0.707844 -3.450692 10.786268
v 1.201114 -2.918018 11.452538
v 1.047865 -2.864699 11.556053
v 2.035323 -4.562914 9.038735
v 2.061588 -4.510708 9.007854
v 2.044806 -4.665037 8.950605
v 2.021043 -4.731106 8.976654
v 1.939803 -5.064199 8.979456
v 1.948509 -5.029916 8.942591
v 1.874361 -5.517184 9.225121
v 1.847153 -5.799143 9.320336
v 1.993654 -5.702616 9.221739
v 0.177832 -3.456280 11.432299
v 0.184604 -3.246011 11.688929
v 0.333930 -3.513219 11.274932
v 0.366148 -3.097734 11.740184
v 0.700937 -3.505280 10.843761
v 0.892953 -2.827666 11.644819
v 0.833216 -3.431133 10.679378
v 0.718043 -3.389085 10.740203
v 0.849190 -3.365498 10.642351
v 0.731777 -3.322892 10.702730
v 1.960975 -4.987037 8.910085
v 1.979423 -4.937409 8.878404
v 1.834663 -5.430740 9.186110
v 1.789544 -5.686456 9.310937
v 1.749832 -5.976365 9.425936
v 1.921949 -5.897313 9.300246
v 2.076683 -5.779405 9.176316
v 0.174926 -3.509528 11.297854
v 0.187712 -3.104759 11.781026
v 0.331844 -3.524384 11.153337
v 0.327183 -3.492083 11.056469
v 0.374976 -2.950975 11.798653
v 0.328992 -3.376424 10.922641
v 1.808108 -5.378310 9.142715
v 1.789940 -5.343476 9.092079
v 1.744979 -5.592179 9.275068
v 1.690356 -5.859198 9.412797
v 1.641254 -6.167170 9.539540
v 1.829758 -6.098833 9.398659
v 2.008621 -5.986095 9.241012
v 2.175231 -5.840861 9.095201
v 0.173371 -3.516799 11.178876
v 0.174099 -3.482976 11.078515
v 0.191887 -2.957795 11.839983
v 0.326468 -3.439010 10.980012
v 0.172703 -3.368675 10.945690
v 0.384502 -2.794772 11.828580
v 0.334236 -3.310355 10.875174
v 0.339672 -3.237717 10.836997
v 1.781330 -5.337904 9.042339
v 1.789595 -5.333397 8.981783
v 1.710884 -5.528133 9.226148
v 1.683450 -5.458413 9.165648
v 1.643709 -5.755224 9.375707
v 1.575255 -6.024126 9.526046
v 1.513041 -6.344110 9.655142
v 1.715267 -6.318172 9.503519
v 1.917730 -6.221378 9.324256
v 2.104756 -6.073125 9.138927
v 0.172414 -3.429687 11.004545
v 0.194771 -2.805764 11.865438
v 0.174009 -3.300431 10.899235
v 0.176835 -3.226367 10.861065
v 1.801240 -5.332642 8.925999
v 1.821911 -5.325077 8.870257
v 1.669308 -5.487588 9.107918
v 1.671847 -5.494206 9.043670
v 1.603176 -5.669004 9.321898
v 1.567507 -5.610819 9.245351
v 1.525449 -5.903680 9.479473
v 1.447714 -6.180595 9.638074
v 1.587431 -6.522526 9.606686
v 1.798637 -6.468889 9.406461
v 2.007097 -6.335500 9.192881
v 1.681764 -5.501842 8.983650
v 1.702416 -5.513732 8.924372
v 1.542276 -5.599941 9.177026
v 1.541083 -5.650399 9.106378
v 1.485107 -5.813623 9.413131
v 1.440740 -5.761343 9.321742
v 1.393151 -6.047393 9.580331
v 1.306535 -6.324719 9.741186
v 1.371366 -6.504718 9.765346
v 1.653995 -6.700086 9.493394
v 1.873720 -6.604074 9.248786
v 1.549380 -5.675041 9.046960
v 1.566758 -5.697132 8.988048
v 1.410372 -5.773813 9.235139
v 1.400937 -5.807421 9.161758
v 1.347156 -5.957249 9.495184
v 1.301170 -5.899870 9.391812
v 1.250133 -6.180286 9.669428
v 1.437913 -6.706340 9.709453
v 1.717729 -6.847438 9.297482
v 1.407101 -5.846939 9.099725
v 1.423873 -5.886588 9.039760
v 1.262468 -5.892427 9.291834
v 1.251402 -5.966696 9.204675
v 1.200267 -6.079295 9.567693
v 0.453250 -7.048803 10.055599
v 0.423678 -6.832392 10.001863
v 1.493076 -6.904056 9.570389
v 1.254742 -6.018314 9.135629
v 1.269053 -6.069904 9.071216
v 1.115692 -6.064386 9.325406
v 1.154423 -6.047118 9.441406
v 0.398536 -6.664593 9.882942
v 0.482212 -7.301897 9.990461
v 1.545756 -7.063954 9.335354
v 1.099109 -6.183114 9.160859
v 1.098340 -6.122333 9.236088
v 0.375704 -6.545739 9.725234
v 0.496583 -7.521916 9.797568
v 1.110029 -6.244387 9.090927
v 0.357451 -6.533576 9.553873
v 0.346275 -6.583895 9.415370
v 0.502694 -7.638858 9.467724
v 0.342196 -6.653007 9.307500
v 0.339974 -6.732110 9.205336
v 0.339911 -6.819168 9.107989
v 2.223593 -5.637116 9.067661
v 2.125896 -5.595290 9.131712
v 2.048661 -5.542748 9.167805
v 1.986926 -5.460166 9.180196
v 1.940546 -5.359365 9.167406
v 1.904694 -5.298842 9.126611
v 1.889107 -5.240104 9.087145
v 1.877769 -5.217031 9.041311
v 1.877977 -5.190187 8.991912
v 1.884660 -5.174861 8.942786
v 1.897244 -5.156467 8.896925
v 1.917192 -5.121291 8.854775
v 2.332627 -5.658423 8.994135
v 2.278483 -5.885415 9.003963
v 2.201947 -6.142714 9.025972
v 2.097131 -6.425004 9.052094
v 1.962799 -6.707498 9.070253
v 1.804545 -6.965427 9.082367
v 1.629408 -7.191818 9.087471
v 0.515220 -7.749400 9.169089
v 2.013315 -4.230531 9.196432
v 1.997629 -4.277690 9.232789
v 1.985249 -4.318162 9.268685
v 1.975692 -4.360719 9.294118
v 1.972422 -4.393967 9.332351
v 1.970458 -4.435268 9.367810
v 1.980995 -4.463724 9.423530
v 2.008436 -4.499865 9.466921
v 2.047067 -4.498014 9.495485
v 2.099685 -4.477724 9.517094
v 2.166620 -4.440983 9.545251
v 2.243522 -4.396189 9.568904
v 2.332198 -4.337928 9.575769
v 1.108650 -3.408823 10.456349
v 1.087865 -3.477222 10.485100
v 1.069368 -3.539354 10.519752
v 1.053458 -3.593626 10.562636
v 2.350886 -4.484127 9.447553
v 2.354743 -4.659064 9.329672
v 2.357662 -5.116966 9.108178
v 2.353977 -4.885677 9.214205
v 2.361624 -5.469632 9.005839
v 0.265388 -7.778986 9.186552
v 0.257752 -7.672609 9.484502
v 0.255484 -7.571267 9.817626
v 0.246864 -7.355178 10.005143
v 0.233100 -7.099802 10.061269
v 0.219244 -6.885812 10.005918
v 0.206952 -6.715951 9.885720
v 0.194444 -6.601800 9.726287
v 0.183344 -6.590019 9.557310
v 0.176848 -6.635090 9.419189
v 0.174320 -6.707016 9.310588
v 0.172850 -6.784944 9.208083
v 0.172831 -6.871773 9.107574
v 0.174964 -6.958517 9.017642
v 0.813823 -6.609016 9.032453
v 0.803982 -6.535258 9.109190
v 0.798506 -6.458991 9.189075
v 0.799291 -6.384464 9.275681
v 0.811581 -6.315846 9.377208
v 0.843181 -6.274181 9.511771
v 0.888098 -6.297880 9.666364
v 0.931711 -6.411075 9.799836
v 0.980144 -6.564456 9.901891
v 1.043086 -6.769548 9.940134
v 1.094775 -7.012640 9.865119
v 1.113935 -7.236999 9.699100
v 1.158121 -7.395197 9.389828
v 1.207060 -7.551128 9.085338
v 0.969569 -6.465338 9.032572
v 0.955185 -6.400565 9.103674
v 0.947767 -6.331691 9.178050
v 0.947729 -6.262801 9.259721
v 0.962329 -6.198285 9.356487
v 0.998960 -6.163102 9.483914
v 1.048873 -6.194519 9.623220
v 1.096112 -6.304638 9.741964
v 1.147578 -6.454354 9.830388
v 1.213700 -6.646241 9.862637
v 1.276790 -6.870063 9.794925
v 1.310908 -7.087826 9.638871
v 1.356907 -7.250226 9.364939
v 1.428972 -7.390151 9.085711
v 0.980028 -7.645382 9.117810
v 0.951774 -7.499086 9.417692
v 0.929483 -7.348479 9.738823
v 0.906821 -7.127725 9.918950
v 0.858662 -6.880009 9.996936
v 0.804277 -6.669439 9.952644
v 0.759840 -6.508523 9.841166
v 0.722287 -6.390627 9.696630
v 0.684622 -6.368930 9.534712
v 0.660428 -6.413090 9.394548
v 0.650505 -6.484827 9.288665
v 0.648263 -6.563646 9.195651
v 0.651935 -6.646560 9.110504
v 0.660189 -6.729302 9.029739
v 2.368293 -5.306219 9.041331
v 2.265028 -5.318498 9.077688
v 2.175099 -5.293085 9.112664
v 2.106139 -5.253953 9.133327
v 2.051815 -5.200209 9.133562
v 2.017246 -5.137141 9.114731
v 1.985167 -5.081082 9.091126
v 1.971307 -5.033448 9.061769
v 1.967110 -5.009387 9.022231
v 1.966821 -4.942152 8.999244
v 1.978446 -4.906749 8.965708
v 1.995771 -4.864028 8.935140
v 2.015546 -4.811799 8.905589
v 2.045005 -4.730347 8.880705
v 0.752193 -7.706632 9.148859
v 0.734956 -7.580937 9.447876
v 0.724437 -7.441633 9.775941
v 0.703457 -7.221386 9.964222
v 0.664589 -6.972927 10.034801
v 0.621377 -6.758837 9.985650
v 0.584490 -6.592211 9.868352
v 0.553482 -6.472965 9.716995
v 0.524596 -6.453456 9.548100
v 0.506683 -6.499189 9.408072
v 0.499909 -6.574492 9.299573
v 0.497496 -6.654598 9.201332
v 0.499346 -6.741877 9.109985
v 0.504944 -6.830698 9.025602
v 0.493308 -3.179488 10.772551
v 0.482721 -3.256553 10.802308
v 0.475258 -3.328310 10.839626
v 0.468217 -3.394818 10.885195
v 0.463283 -3.456377 10.943608
v 0.464496 -3.505687 11.019855
v 0.469402 -3.535726 11.116414
v 0.479333 -3.517733 11.241576
v 0.489034 -3.455033 11.370694
v 0.503809 -3.360442 11.495995
v 0.519844 -3.238638 11.608065
v 0.533185 -3.100086 11.691960
v 0.547834 -2.951435 11.749738
v 0.564522 -2.794535 11.782411
v 0.625017 -3.208880 10.727898
v 0.610950 -3.284457 10.757291
v 0.600052 -3.354964 10.793809
v 0.591441 -3.420543 10.839378
v 0.587168 -3.478827 10.897137
v 0.585357 -3.526956 10.972598
v 0.591564 -3.556207 11.067589
v 0.604851 -3.531039 11.191524
v 0.622627 -3.465099 11.319092
v 0.644506 -3.370115 11.442606
v 0.668484 -3.248999 11.550320
v 0.689254 -3.111235 11.632665
v 0.710486 -2.962827 11.687505
v 0.734318 -2.804664 11.717955
v 4.445698 3.438802 8.520895
v 4.422771 3.557239 8.593962
v 4.005579 3.007629 8.968912
v 3.695278 2.921009 9.137633
v 3.524945 2.888738 9.198503
v 2.854300 2.896718 9.258556
v 2.702336 2.939182 9.234280
v 2.553472 2.985142 9.205652
v 3.179823 2.866066 9.264712
v 3.350060 2.869586 9.242964
v 2.413084 3.037557 9.171169
v 2.300938 3.096810 9.127491
v 2.092849 3.243729 9.029291
v 2.208705 3.146059 9.092243
v 4.240967 3.143526 8.787315
v 4.134368 3.070644 8.877040
v 4.198879 3.869130 8.929659
v 3.566037 4.164383 9.262641
v 2.405941 3.846786 9.244026
v 2.559469 3.961822 9.299113
v 2.721697 4.061303 9.329058
v 4.082532 3.965671 9.029417
v 2.054791 3.298723 9.009274
v 2.096987 3.547155 9.066957
v 2.063848 3.484280 9.036204
v 3.015437 2.876658 9.270248
v 2.044537 3.418795 9.016245
v 3.210573 4.193598 9.331784
v 3.749699 4.115962 9.200635
v 2.149444 3.623035 9.106458
v 2.252751 3.728314 9.168909
v 2.139724 3.191777 9.056860
v 3.862898 2.957561 9.058030
v 4.384091 3.669119 8.703293
v 3.923967 4.039495 9.127189
v 3.043993 4.166827 9.343019
v 4.329191 3.227066 8.693710
v 2.882784 4.120759 9.339270
v 4.300232 3.774460 8.821502
v 3.383819 4.199923 9.308392
v 2.043601 3.358714 9.010297
v 4.396327 3.325391 8.597592
v -4.446964 3.440728 8.520976
v -4.423576 3.561749 8.594373
v -4.006526 3.007040 8.969223
v -3.697579 2.920229 9.137488
v -3.528237 2.888046 9.198364
v -2.859396 2.896250 9.258949
v -2.707537 2.938725 9.234761
v -2.558440 2.984679 9.206241
v -3.184525 2.865455 9.264792
v -3.354108 2.868947 9.242871
v -2.417686 3.037046 9.171913
v -2.304938 3.096316 9.128356
v -2.095245 3.243463 9.030088
v -2.212226 3.145568 9.093174
v -4.241612 3.143145 8.787177
v -4.135051 3.070157 8.877261
v -4.198839 3.879719 8.929955
v -3.565767 4.177077 9.262821
v -2.409455 3.856503 9.245705
v -2.563295 3.973794 9.300466
v -2.725329 4.074394 9.329531
v -4.082359 3.977520 9.029870
v -2.056371 3.298794 9.009893
v -2.098267 3.549654 9.068190
v -2.064893 3.485835 9.037184
v -3.020500 2.876090 9.270508
v -2.045529 3.419764 9.017070
v -3.211585 4.205788 9.330978
v -3.749209 4.129125 9.201116
v -2.151257 3.627232 9.108015
v -2.255476 3.735128 9.170637
v -2.142781 3.191332 9.057749
v -3.864451 2.956831 9.058130
v -4.384438 3.675186 8.703531
v -3.923531 4.052181 9.127602
v -3.045707 4.179750 9.342292
v -4.329985 3.226767 8.693189
v -2.885668 4.134122 9.339148
v -4.300279 3.782485 8.821632
v -3.384113 4.212173 9.308056
v -2.044785 3.359206 9.010922
v -4.397439 3.325779 8.597102
v 0.000000 -7.065635 8.937515
v 0.000000 -3.053731 10.813248
v -2.055837 -4.130927 9.124600
v -1.008946 -3.278248 10.513592
v -1.963950 -4.009652 9.307178
v -1.656569 -3.677803 9.875769
v -0.357998 -3.075808 10.782134
v -2.090166 -4.196411 9.054561
v -2.117968 -4.548349 8.878201
v -1.970464 -5.036065 8.772053
v -0.349433 -6.996106 8.938087
v -2.014386 -4.074457 9.204233
v -0.889066 -3.222172 10.585967
v -1.891533 -3.923245 9.449523
v -1.781880 -3.796602 9.664737
v -1.522338 -3.576608 10.059168
v -2.128821 -4.405232 8.931196
v -2.037556 -4.807659 8.814440
v -1.313943 -6.167280 8.947372
v -1.620632 -5.741036 8.867411
v -1.150554 -6.360534 8.961008
v -1.472629 -5.958261 8.917482
v -1.758621 -5.523307 8.806518
v -0.766849 -3.173994 10.647817
v -1.256021 -3.408355 10.332466
v -0.186929 -3.059213 10.804754
v -1.387285 -3.489157 10.208748
v -2.117215 -4.292232 8.986150
v -1.876781 -5.285621 8.763011
v -1.130128 -3.338788 10.430997
v -0.179030 -7.047376 8.935771
v -0.828338 -6.680228 8.959156
v -0.986868 -6.529903 8.963055
v -0.672044 -6.810174 8.953199
v -2.086565 -4.667144 8.843222
v -0.513829 -6.916398 8.945915
v -0.506492 -3.099893 10.748176
v -0.640995 -3.133348 10.702411
v 2.055150 -4.134198 9.121537
v 1.008980 -3.270653 10.516858
v 1.961441 -4.021856 9.295982
v 1.654962 -3.689746 9.866868
v 0.357908 -3.073030 10.782495
v 2.090166 -4.196411 9.054561
v 2.117968 -4.548349 8.878201
v 1.970464 -5.036065 8.772053
v 0.349433 -6.996106 8.938087
v 2.013723 -4.077621 9.201298
v 0.889010 -3.215324 10.588502
v 1.888741 -3.937643 9.436740
v 1.779692 -3.809715 9.653962
v 1.522123 -3.578802 10.057682
v 2.128821 -4.405232 8.931196
v 2.037556 -4.807659 8.814440
v 1.313943 -6.167280 8.947372
v 1.620632 -5.741036 8.867411
v 1.150554 -6.360534 8.961008
v 1.472629 -5.958261 8.917482
v 1.758621 -5.523307 8.806518
v 0.766734 -3.167819 10.649813
v 1.256232 -3.402863 10.335388
v 0.186918 -3.058352 10.804870
v 1.387549 -3.485147 10.211156
v 2.117215 -4.292232 8.986150
v 1.876781 -5.285621 8.763011
v 1.130227 -3.333779 10.433375
v 0.179030 -7.047376 8.935771
v 0.828338 -6.680228 8.959156
v 0.986868 -6.529903 8.963055
v 0.672044 -6.810174 8.953199
v 2.086565 -4.667144 8.843222
v 0.513829 -6.916398 8.945915
v 0.506304 -3.094868 10.749191
v 0.640830 -3.127804 10.703917
vn -0.1728 -0.9793 0.1054
vn -0.1774 -0.9768 0.1196
vn -0.2768 -0.9558 0.0987
vn -0.2776 -0.9559 0.0959
vn -0.6103 0.3011 0.7327
vn -0.5943 0.3402 0.7288
vn -0.4583 -0.0843 0.8848
vn -0.4586 -0.0767 0.8853
vn -0.5079 -0.0412 0.8604
vn -0.5080 -0.0376 0.8605
vn -0.4322 -0.0994 0.8963
vn -0.4321 -0.1005 0.8962
vn -0.3895 -0.0066 0.9210
vn -0.3893 -0.0023 0.9211
vn -0.4705 -0.0660 0.8800
vn -0.4784 -0.0656 0.8757
vn -0.3974 0.0175 0.9175
vn -0.3873 0.0168 0.9218
vn -0.3987 -0.0173 0.9169
vn -0.3892 -0.0166 0.9210
vn -0.3676 -0.0393 0.9291
vn -0.3672 -0.0269 0.9298
vn -0.3288 0.0923 0.9399
vn -0.3018 0.0936 0.9488
vn -0.4480 -0.0844 0.8900
vn -0.4486 -0.0845 0.8897
vn -0.6992 0.1046 0.7072
vn -0.6788 0.0687 0.7311
vn -0.7424 -0.1026 0.6620
vn -0.7656 -0.2044 0.6100
vn -0.7682 -0.1638 0.6189
vn -0.7869 -0.2490 0.5646
vn -0.7868 -0.2503 0.5642
vn -0.8129 -0.1701 0.5570
vn -0.8559 -0.2137 0.4710
vn -0.8448 -0.1969 0.4976
vn -0.7432 -0.0492 0.6673
vn -0.7181 -0.1079 0.6875
vn -0.6848 -0.0909 0.7230
vn -0.6607 -0.1311 0.7391
vn -0.6615 0.1583 0.7330
vn -0.6785 0.1861 0.7106
vn -0.8655 -0.1897 0.4637
vn -0.8521 -0.1773 0.4923
vn -0.7878 -0.2892 0.5438
vn -0.7840 -0.2864 0.5507
vn -0.7845 -0.2926 0.5468
vn -0.7781 -0.2840 0.5602
vn -0.6577 -0.3674 0.6577
vn -0.6884 -0.3191 0.6514
vn -0.6523 -0.2870 0.7015
vn -0.6623 -0.3462 0.6645
vn -0.7174 -0.3026 0.6275
vn -0.7042 -0.2358 0.6696
vn -0.6980 -0.2801 0.6591
vn -0.6778 -0.1732 0.7146
vn -0.6339 -0.2483 0.7324
vn -0.6443 -0.3225 0.6934
vn -0.6561 -0.1285 0.7437
vn -0.6216 -0.1702 0.7646
vn -0.5804 -0.3488 0.7358
vn -0.6212 -0.3087 0.7203
vn -0.6294 -0.1761 0.7569
vn -0.5982 -0.2058 0.7745
vn -0.7136 -0.3455 0.6094
vn -0.7169 -0.3495 0.6032
vn -0.7174 -0.3606 0.5961
vn -0.7180 -0.3589 0.5964
vn -0.6761 -0.3756 0.6339
vn -0.6710 -0.3859 0.6331
vn -0.6268 -0.3825 0.6788
vn -0.6425 -0.3635 0.6746
vn -0.7120 -0.3551 0.6058
vn -0.7155 -0.3434 0.6084
vn -0.7764 -0.2680 0.5704
vn -0.7803 -0.2685 0.5648
vn -0.7120 -0.3551 0.6057
vn -0.6881 -0.3584 0.6310
vn -0.7812 -0.2720 0.5619
vn -0.7854 -0.2734 0.5554
vn -0.8612 -0.1642 0.4810
vn -0.8607 -0.1679 0.4806
vn -0.6515 -0.4119 0.6371
vn -0.6574 -0.3934 0.6427
vn -0.6444 -0.3973 0.6534
vn -0.6386 -0.4186 0.6458
vn -0.8606 -0.1405 0.4895
vn -0.8532 -0.1379 0.5031
vn -0.2894 0.0283 0.9568
vn -0.2891 0.0312 0.9568
vn -0.4298 -0.1107 0.8961
vn -0.4389 0.0706 0.8957
vn -0.3429 0.1296 0.9304
vn -0.3434 0.1203 0.9314
vn -0.6798 -0.0759 0.7294
vn -0.6494 0.1058 0.7530
vn -0.5700 -0.1277 0.8116
vn -0.6672 -0.0082 0.7448
vn -0.6161 -0.0116 0.7875
vn -0.6576 0.0310 0.7528
vn -0.5856 0.0304 0.8100
vn -0.6704 0.1346 0.7297
vn -0.6344 0.1311 0.7618
vn -0.6475 0.1472 0.7477
vn -0.4435 -0.0461 0.8951
vn -0.4550 0.1101 0.8836
vn -0.5077 0.0512 0.8600
vn -0.6775 0.0334 0.7348
vn -0.3441 -0.0093 0.9389
vn -0.3428 0.0550 0.9378
vn -0.2890 0.0752 0.9544
vn -0.2922 0.0308 0.9559
vn -0.4374 0.0384 0.8984
vn -0.4375 0.0349 0.8985
vn -0.8055 -0.0281 0.5920
vn -0.8044 -0.0157 0.5939
vn -0.6874 0.1042 0.7187
vn -0.6938 0.0800 0.7157
vn -0.4331 0.1092 0.8947
vn -0.4750 0.0204 0.8797
vn -0.6086 -0.0678 0.7906
vn -0.6130 -0.0950 0.7844
vn -0.7232 -0.1799 0.6668
vn -0.7233 -0.1663 0.6702
vn -0.8297 -0.0616 0.5549
vn -0.8297 -0.0642 0.5544
vn -0.7633 -0.2405 0.5995
vn -0.7640 -0.2347 0.6010
vn -0.8467 -0.1014 0.5223
vn -0.8468 -0.0990 0.5227
vn -0.3582 0.1601 0.9198
vn -0.2926 0.1617 0.9425
vn -0.4147 0.1897 0.8900
vn -0.3226 0.1919 0.9269
vn -0.5025 0.2065 0.8395
vn -0.3931 0.2103 0.8951
vn -0.6501 0.1984 0.7335
vn -0.6791 0.2280 0.6977
vn -0.6414 0.2617 0.7212
vn -0.6216 0.2423 0.7449
vn -0.7102 0.1816 0.6802
vn -0.6630 0.1329 0.7367
vn -0.6797 -0.3477 0.6459
vn -0.6806 -0.3433 0.6472
vn -0.6620 -0.3386 0.6687
vn -0.6649 -0.3221 0.6739
vn -0.5934 -0.4141 0.6902
vn -0.5984 -0.3955 0.6968
vn -0.5669 -0.3842 0.7287
vn -0.5674 -0.3816 0.7297
vn -0.6332 -0.3060 0.7109
vn -0.6345 -0.2955 0.7142
vn -0.5162 -0.2184 0.8282
vn -0.5180 -0.2449 0.8196
vn -0.4542 -0.3015 0.8383
vn -0.4541 -0.3233 0.8302
vn -0.6176 -0.4225 0.6634
vn -0.6244 -0.3980 0.6721
vn -0.5987 -0.3836 0.7031
vn -0.6392 -0.3389 0.6903
vn -0.6567 -0.3907 0.6451
vn -0.6766 -0.3966 0.6204
vn -0.5940 0.2330 0.7700
vn -0.4712 0.2392 0.8490
vn -0.7496 -0.2117 0.6271
vn -0.7497 -0.2117 0.6270
vn -0.3841 0.0189 0.9231
vn -0.4200 -0.0466 0.9063
vn -0.2709 -0.4749 0.8373
vn -0.2584 -0.4354 0.8624
vn -0.2549 -0.6044 0.7548
vn -0.2451 -0.5317 0.8107
vn -0.1801 -0.5327 0.8269
vn -0.2149 -0.5808 0.7852
vn -0.2496 -0.4040 0.8800
vn -0.2803 -0.4541 0.8457
vn -0.2777 -0.2902 0.9158
vn -0.3102 -0.3679 0.8766
vn -0.1840 -0.3785 0.9071
vn -0.2337 -0.4855 0.8424
vn -0.3642 -0.0720 0.9285
vn -0.4050 -0.1655 0.8992
vn -0.3379 0.2952 0.8937
vn -0.2097 0.2830 0.9359
vn -0.2088 0.2840 0.9358
vn -0.1917 0.2108 0.9585
vn -0.5863 0.1427 0.7974
vn -0.5961 0.1330 0.7918
vn -0.4286 -0.1134 0.8963
vn -0.3116 -0.0530 0.9487
vn -0.0055 -0.3034 0.9528
vn -0.0834 -0.3577 0.9301
vn -0.5117 0.2308 0.8276
vn -0.5549 0.2701 0.7869
vn -0.1996 0.1576 0.9671
vn -0.2374 0.1836 0.9539
vn -0.1096 0.2820 0.9531
vn -0.0428 0.3490 0.9361
vn -0.4368 0.3354 0.8347
vn -0.4449 0.3273 0.8336
vn -0.0147 0.1166 0.9931
vn -0.0362 0.1310 0.9907
vn -0.5877 0.3105 0.7471
vn -0.6184 0.3512 0.7031
vn -0.5929 0.2857 0.7529
vn -0.5813 0.2750 0.7659
vn -0.5269 0.2984 0.7958
vn -0.5412 0.3105 0.7814
vn -0.5566 0.2700 0.7857
vn -0.5941 0.3102 0.7422
vn -0.6035 0.3518 0.7156
vn -0.6079 0.3592 0.7081
vn -0.4305 -0.6869 0.5855
vn -0.4367 -0.5814 0.6865
vn -0.3214 -0.1852 0.9287
vn -0.3610 -0.2605 0.8954
vn -0.1932 -0.5758 0.7945
vn -0.2167 -0.6066 0.7649
vn -0.3991 -0.0363 0.9162
vn -0.3700 -0.0569 0.9273
vn -0.3155 -0.2817 0.9062
vn -0.3547 -0.2578 0.8987
vn -0.2866 -0.4558 0.8427
vn -0.2475 -0.4779 0.8428
vn -0.7416 -0.3922 0.5443
vn -0.7268 -0.2634 0.6344
vn -0.7564 -0.1671 0.6324
vn -0.7767 -0.2864 0.5611
vn -0.6396 -0.1234 0.7588
vn -0.7079 -0.0454 0.7048
vn -0.1862 -0.2329 0.9545
vn -0.1092 -0.2983 0.9482
vn 0.0067 0.1161 0.9932
vn 0.0031 0.1136 0.9935
vn 0.0923 0.2156 0.9721
vn 0.1403 0.1820 0.9732
vn 0.0487 0.1817 0.9822
vn 0.0577 0.1744 0.9830
vn -0.7675 -0.2140 0.6042
vn -0.7481 -0.2916 0.5961
vn -0.7874 -0.1377 0.6008
vn -0.7880 -0.0627 0.6125
vn -0.7772 -0.2246 0.5877
vn -0.7890 -0.1391 0.5985
vn -0.6937 -0.3494 0.6298
vn -0.7241 -0.2605 0.6386
vn -0.6099 -0.3592 0.7064
vn -0.6933 -0.3487 0.6307
vn -0.5116 -0.4802 0.7125
vn -0.5463 -0.4180 0.7258
vn -0.7689 0.0220 0.6390
vn -0.7793 -0.0566 0.6241
vn -0.6946 0.1120 0.7106
vn -0.7176 0.1312 0.6839
vn -0.7318 0.0433 0.6802
vn -0.7690 0.0747 0.6348
vn -0.6089 0.1783 0.7729
vn -0.6079 0.1775 0.7739
vn -0.4270 -0.4231 0.7992
vn -0.4264 -0.4240 0.7990
vn -0.4289 -0.3607 0.8282
vn -0.4064 -0.3941 0.8243
vn -0.7133 -0.1605 0.6823
vn -0.7161 -0.0789 0.6936
vn -0.7091 -0.1558 0.6877
vn -0.6940 -0.2383 0.6794
vn -0.4384 0.2089 0.8742
vn -0.4485 0.1958 0.8721
vn -0.4679 -0.3805 0.7977
vn -0.4621 -0.3889 0.7970
vn -0.6979 -0.2438 0.6735
vn -0.6484 -0.2441 0.7211
vn -0.6686 -0.2754 0.6908
vn -0.6431 -0.2727 0.7156
vn -0.6421 -0.3239 0.6948
vn -0.6019 -0.3113 0.7354
vn -0.5844 -0.1645 0.7946
vn -0.5170 -0.1990 0.8325
vn -0.5791 -0.1979 0.7909
vn -0.6297 -0.1773 0.7564
vn -0.5761 -0.3268 0.7492
vn -0.5620 -0.3544 0.7474
vn -0.5289 -0.3718 0.7629
vn -0.5556 -0.3313 0.7626
vn -0.6068 -0.2403 0.7577
vn -0.6540 -0.2225 0.7230
vn -0.5842 -0.2056 0.7852
vn -0.5425 -0.2308 0.8077
vn -0.6626 -0.2710 0.6983
vn -0.6668 -0.2591 0.6987
vn -0.6118 -0.3066 0.7292
vn -0.6432 -0.2954 0.7064
vn -0.6197 -0.2329 0.7494
vn -0.5851 -0.1990 0.7862
vn -0.6728 -0.2512 0.6959
vn -0.6764 -0.2439 0.6950
vn -0.6746 -0.2520 0.6938
vn -0.6770 -0.2480 0.6929
vn -0.6515 -0.2940 0.6994
vn -0.6333 -0.2851 0.7195
vn -0.6210 -0.3075 0.7210
vn -0.6468 -0.3229 0.6909
vn -0.5856 -0.3840 0.7139
vn -0.5978 -0.3803 0.7057
vn -0.6342 -0.2665 0.7258
vn -0.6168 -0.2425 0.7489
vn -0.6135 -0.2318 0.7549
vn -0.5862 -0.2501 0.7706
vn -0.6117 -0.2457 0.7520
vn -0.6323 -0.2337 0.7386
vn -0.6565 -0.2950 0.6943
vn -0.6722 -0.2658 0.6910
vn -0.6620 -0.2696 0.6994
vn -0.6711 -0.2519 0.6973
vn -0.6772 -0.2480 0.6927
vn -0.6717 -0.2571 0.6948
vn -0.6938 -0.2510 0.6750
vn -0.6734 -0.2839 0.6826
vn -0.6140 -0.1968 0.7644
vn -0.6323 -0.1970 0.7493
vn -0.5295 -0.4575 0.7143
vn -0.5457 -0.4539 0.7044
vn -0.6181 -0.3158 0.7199
vn -0.6139 -0.3072 0.7271
vn -0.6216 -0.2732 0.7341
vn -0.6353 -0.2666 0.7248
vn -0.5710 -0.3708 0.7324
vn -0.5735 -0.3796 0.7260
vn -0.5274 -0.4191 0.7391
vn -0.4731 -0.4289 0.7696
vn -0.6159 -0.3092 0.7247
vn -0.6057 -0.3132 0.7315
vn -0.5850 -0.3452 0.7339
vn -0.5356 -0.3587 0.7645
vn -0.6940 -0.2829 0.6621
vn -0.7119 -0.2580 0.6532
vn -0.6945 -0.3130 0.6479
vn -0.7119 -0.3366 0.6163
vn -0.7794 0.2096 0.5904
vn -0.7869 0.2217 0.5759
vn -0.7875 0.2019 0.5823
vn -0.7958 0.1767 0.5792
vn -0.7149 -0.3073 0.6281
vn -0.7335 -0.3364 0.5906
vn -0.7428 -0.3815 0.5501
vn -0.7275 -0.3551 0.5871
vn -0.7806 0.1582 0.6047
vn -0.7758 0.1694 0.6079
vn -0.7532 -0.3865 0.5323
vn -0.7451 -0.3707 0.5544
vn -0.7863 0.0994 0.6098
vn -0.7948 0.1244 0.5940
vn -0.7769 -0.3898 0.4945
vn -0.7713 -0.3781 0.5120
vn -0.8460 -0.3828 0.3711
vn -0.8466 -0.3850 0.3676
vn -0.8383 0.0162 0.5450
vn -0.8622 -0.0470 0.5043
vn -0.8397 -0.0006 0.5431
vn -0.8199 0.0505 0.5703
vn -0.8197 -0.2959 0.4904
vn -0.8099 -0.2802 0.5153
vn -0.8399 -0.4009 0.3658
vn -0.7828 -0.3950 0.4807
vn -0.7782 -0.3846 0.4964
vn -0.8871 -0.3776 0.2656
vn -0.8942 -0.3680 0.2550
vn -0.8562 0.1301 0.5000
vn -0.8550 0.1326 0.5013
vn -0.9391 0.0851 0.3329
vn -0.9433 0.0736 0.3236
vn -0.8958 -0.0185 0.4441
vn -0.8874 -0.0738 0.4550
vn -0.8637 -0.0766 0.4981
vn -0.8792 0.0074 0.4764
vn -0.8813 -0.3935 0.2617
vn -0.8805 -0.3847 0.2770
vn -0.9047 -0.3673 0.2159
vn -0.9132 -0.3546 0.2006
vn -0.9713 0.0555 0.2313
vn -0.9764 0.0353 0.2133
vn -0.9292 0.1265 0.3472
vn -0.9360 0.1110 0.3340
vn -0.8620 0.1215 0.4921
vn -0.8544 0.1373 0.5011
vn -0.9399 -0.0298 0.3402
vn -0.9237 -0.0090 0.3831
vn -0.8409 -0.3326 0.4269
vn -0.8301 -0.3046 0.4671
vn -0.8986 -0.3841 0.2121
vn -0.8984 -0.3738 0.2306
vn -0.9701 0.0700 0.2324
vn -0.9615 0.0967 0.2573
vn -0.9821 0.0358 0.1848
vn -0.9860 0.0161 0.1661
vn -0.9128 0.1799 0.3666
vn -0.9156 0.1756 0.3618
vn -0.8812 0.1294 0.4547
vn -0.9038 0.0880 0.4189
vn -0.8809 0.1310 0.4549
vn -0.8744 0.0921 0.4764
vn -0.9171 0.1694 0.3610
vn -0.9195 0.1652 0.3568
vn -0.9373 0.0369 0.3465
vn -0.9363 0.0603 0.3459
vn -0.9358 -0.0076 0.3525
vn -0.9358 0.0429 0.3501
vn -0.9748 0.0712 0.2115
vn -0.9816 0.0450 0.1857
vn -0.9312 0.1718 0.3214
vn -0.9427 0.1515 0.2974
vn -0.9450 0.1400 0.2956
vn -0.9454 0.1607 0.2835
vn -0.9896 0.0171 0.1428
vn -0.9937 -0.0150 0.1111
vn -0.9227 0.1428 0.3581
vn -0.9240 0.1411 0.3555
vn -0.9167 0.0759 0.3924
vn -0.9308 0.0510 0.3618
vn -0.9010 0.1029 0.4214
vn -0.9170 0.0741 0.3919
vn -0.9153 0.1716 0.3645
vn -0.9148 0.1722 0.3653
vn -0.7753 -0.2671 0.5723
vn -0.7586 -0.2772 0.5896
vn -0.8110 -0.5125 0.2822
vn -0.8098 -0.4828 0.3333
vn -0.9569 0.1122 0.2678
vn -0.9576 0.1483 0.2471
vn -0.9420 0.1509 0.2998
vn -0.9544 0.1268 0.2702
vn -0.9840 0.0460 0.1720
vn -0.9896 0.0180 0.1429
vn -0.9316 0.1346 0.3376
vn -0.9307 0.1026 0.3511
vn -0.9261 0.1577 0.3428
vn -0.9391 0.1372 0.3151
vn -0.9376 0.0734 0.3398
vn -0.9437 0.0668 0.3241
vn -0.9373 0.0725 0.3408
vn -0.9412 0.0690 0.3307
vn -0.9177 0.1258 0.3769
vn -0.9177 0.1255 0.3769
vn -0.9321 0.0738 0.3545
vn -0.9306 0.0916 0.3545
vn -0.9527 0.1250 0.2770
vn -0.9662 0.0957 0.2394
vn -0.9411 0.1167 0.3173
vn -0.9394 0.0753 0.3344
vn -0.9372 0.1352 0.3215
vn -0.9492 0.1147 0.2929
vn -0.9285 0.0349 0.3696
vn -0.9313 0.0327 0.3629
vn -0.9410 0.0515 0.3345
vn -0.9373 0.0533 0.3445
vn -0.9387 0.0881 0.3332
vn -0.9377 0.0888 0.3360
vn -0.9392 0.0844 0.3327
vn -0.9400 0.0837 0.3308
vn -0.9383 0.0626 0.3401
vn -0.9399 0.0615 0.3358
vn -0.9025 0.1586 0.4003
vn -0.9023 0.1601 0.4004
vn -0.1705 -0.9854 -0.0011
vn -0.1707 -0.9853 -0.0007
vn -0.2753 -0.9613 0.0115
vn -0.2775 -0.9607 0.0055
vn -0.7666 -0.2489 0.5919
vn -0.7519 -0.2591 0.6063
vn -0.8348 -0.2904 0.4677
vn -0.8261 -0.2746 0.4920
vn -0.9457 0.1102 0.3058
vn -0.9593 0.0850 0.2691
vn -0.9537 0.0616 0.2945
vn -0.9424 0.0795 0.3249
vn -0.9277 0.0257 0.3725
vn -0.9355 0.0192 0.3528
vn -0.9300 0.0152 0.3673
vn -0.9295 0.0062 0.3687
vn -0.9281 0.0238 0.3716
vn -0.9312 0.0219 0.3638
vn -0.8104 0.2652 0.5224
vn -0.7976 0.3027 0.5217
vn -0.8784 0.2020 0.4332
vn -0.8772 0.2067 0.4333
vn -0.1702 -0.9854 -0.0019
vn -0.1737 -0.9848 0.0069
vn -0.9334 0.0150 0.3586
vn -0.9389 0.0104 0.3440
vn -0.9282 0.0031 0.3720
vn -0.9278 -0.0040 0.3731
vn -0.9265 0.0116 0.3762
vn -0.9309 0.0088 0.3651
vn -0.9240 0.0559 0.3783
vn -0.9311 0.0549 0.3605
vn -0.9218 0.1168 0.3696
vn -0.9198 0.1344 0.3686
vn -0.9331 0.1033 0.3446
vn -0.9309 0.1042 0.3500
vn -0.9331 0.0482 0.3564
vn -0.9391 0.0464 0.3406
vn -0.6854 0.3557 0.6354
vn -0.6632 0.3482 0.6625
vn -0.7544 0.3318 0.5663
vn -0.7691 0.2946 0.5672
vn -0.9321 0.0022 0.3622
vn -0.9307 0.0029 0.3658
vn -0.9308 0.0087 0.3653
vn -0.9350 0.0061 0.3547
vn -0.9245 0.0064 0.3811
vn -0.9247 0.0169 0.3804
vn -0.9293 -0.0015 0.3694
vn -0.9314 -0.0021 0.3640
vn -0.9101 0.0672 0.4089
vn -0.9202 0.0671 0.3856
vn -0.9061 0.1544 0.3940
vn -0.9043 0.1546 0.3979
vn -0.4430 0.3110 0.8409
vn -0.4867 0.2413 0.8396
vn -0.5218 0.3745 0.7665
vn -0.5688 0.2921 0.7689
vn -0.4282 0.1489 0.8913
vn -0.3978 0.1243 0.9090
vn -0.4200 0.1948 0.8864
vn -0.4555 0.1353 0.8799
vn -0.4026 0.1222 0.9072
vn -0.3736 0.0947 0.9228
vn -0.3340 0.3143 0.8886
vn -0.3272 0.3227 0.8881
vn -0.3156 0.3497 0.8821
vn -0.3054 0.3620 0.8808
vn -0.9298 -0.0063 0.3679
vn -0.9282 -0.0058 0.3721
vn -0.9258 0.0082 0.3780
vn -0.9258 0.0102 0.3779
vn -0.9170 0.0331 0.3976
vn -0.9166 0.0331 0.3984
vn -0.8901 0.0904 0.4467
vn -0.9004 0.0913 0.4254
vn -0.8472 0.1418 0.5121
vn -0.8552 0.1436 0.4981
vn -0.8383 0.2162 0.5005
vn -0.8273 0.2563 0.4998
vn -0.8885 0.1750 0.4241
vn -0.8847 0.1937 0.4239
vn -0.4514 0.2599 0.8536
vn -0.4215 0.2332 0.8763
vn -0.4224 0.2328 0.8760
vn -0.3944 0.2029 0.8963
vn -0.2586 0.3349 0.9061
vn -0.2732 0.3183 0.9078
vn -0.2328 0.3710 0.8990
vn -0.2511 0.3508 0.9022
vn -0.3661 0.2889 0.8846
vn -0.3461 0.3141 0.8840
vn -0.9343 0.0108 0.3564
vn -0.9285 0.0126 0.3710
vn -0.9310 0.0323 0.3636
vn -0.9310 0.0245 0.3643
vn -0.9176 0.0365 0.3959
vn -0.9174 0.0365 0.3962
vn -0.9037 0.0560 0.4245
vn -0.9025 0.0725 0.4245
vn -0.8633 0.1217 0.4898
vn -0.8603 0.1387 0.4906
vn -0.8290 0.1703 0.5327
vn -0.8196 0.1674 0.5479
vn -0.7393 0.2152 0.6380
vn -0.7571 0.2231 0.6140
vn -0.7147 0.3238 0.6199
vn -0.7006 0.3171 0.6391
vn -0.7983 0.2723 0.5372
vn -0.7823 0.2680 0.5623
vn -0.1521 0.3272 0.9326
vn -0.1397 0.3390 0.9304
vn -0.0680 0.3211 0.9446
vn -0.0590 0.3119 0.9483
vn -0.0372 0.3207 0.9465
vn -0.0195 0.3009 0.9534
vn -0.1215 0.3390 0.9329
vn -0.0974 0.3617 0.9272
vn -0.2779 0.3130 0.9082
vn -0.2905 0.2986 0.9091
vn -0.3780 0.3259 0.8665
vn -0.3555 0.3534 0.8653
vn -0.9255 0.0513 0.3753
vn -0.9216 0.0517 0.3846
vn -0.9065 0.0677 0.4167
vn -0.9065 0.0675 0.4167
vn -0.8675 0.1367 0.4784
vn -0.8666 0.1417 0.4785
vn -0.8345 0.1688 0.5245
vn -0.8376 0.1557 0.5237
vn -0.7680 0.2181 0.6022
vn -0.7832 0.2235 0.5803
vn -0.6406 0.2705 0.7186
vn -0.6315 0.2641 0.7290
vn -0.5730 0.2932 0.7653
vn -0.5667 0.2881 0.7719
vn -0.5355 0.3575 0.7652
vn -0.5104 0.3354 0.7918
vn -0.6008 0.3608 0.7134
vn -0.5882 0.3507 0.7287
vn -0.0315 0.3136 0.9490
vn -0.0412 0.3054 0.9513
vn -0.0098 0.3014 0.9535
vn -0.0217 0.2911 0.9565
vn -0.1719 0.3087 0.9355
vn -0.1621 0.3181 0.9341
vn -0.0843 0.3110 0.9467
vn -0.0933 0.3033 0.9483
vn -0.2810 0.3516 0.8930
vn -0.3029 0.3274 0.8950
vn -0.3863 0.3841 0.8386
vn -0.3629 0.4111 0.8362
vn -0.9107 0.0780 0.4056
vn -0.9102 0.0839 0.4055
vn -0.8717 0.1650 0.4614
vn -0.8715 0.1659 0.4614
vn -0.8406 0.1819 0.5101
vn -0.8439 0.1684 0.5094
vn -0.7830 0.2203 0.5817
vn -0.7981 0.2253 0.5588
vn -0.6546 0.2846 0.7004
vn -0.6686 0.2522 0.6995
vn -0.5851 0.2900 0.7574
vn -0.6007 0.2606 0.7558
vn -0.5313 0.2976 0.7932
vn -0.5392 0.3047 0.7852
vn -0.5003 0.3409 0.7960
vn -0.4781 0.3194 0.8182
vn -0.4929 0.3062 0.8145
vn -0.5002 0.3139 0.8070
vn -0.4640 0.3261 0.8236
vn -0.4429 0.3020 0.8442
vn -0.0508 0.3062 0.9506
vn -0.0537 0.3038 0.9512
vn -0.1780 0.3313 0.9266
vn -0.1653 0.3432 0.9246
vn -0.0889 0.3306 0.9396
vn -0.1002 0.3211 0.9417
vn -0.2877 0.4096 0.8657
vn -0.3100 0.3861 0.8688
vn -0.8504 0.2006 0.4864
vn -0.8471 0.2002 0.4923
vn -0.7989 0.2415 0.5509
vn -0.8086 0.2444 0.5353
vn -0.6682 0.2976 0.6819
vn -0.6858 0.2571 0.6809
vn -0.5986 0.2976 0.7437
vn -0.6187 0.2594 0.7415
vn -0.5502 0.2701 0.7902
vn -0.5654 0.2830 0.7747
vn -0.5141 0.2730 0.8131
vn -0.5253 0.2838 0.8022
vn -0.0511 0.3243 0.9446
vn -0.0572 0.3193 0.9459
vn -0.1854 0.3771 0.9074
vn -0.1659 0.3948 0.9037
vn -0.1048 0.3735 0.9217
vn -0.0933 0.3631 0.9271
vn -0.6389 0.3040 0.7067
vn -0.6174 0.2886 0.7318
vn -0.7003 0.2996 0.6480
vn -0.6856 0.2904 0.6675
vn -0.5666 0.2687 0.7790
vn -0.5833 0.2824 0.7616
vn -0.5270 0.2667 0.8069
vn -0.5432 0.2818 0.7909
vn -0.0517 0.3656 0.9293
vn -0.0626 0.3568 0.9321
vn -0.8274 -0.4347 0.3557
vn -0.8197 -0.3848 0.4243
vn -0.5832 0.2835 0.7613
vn -0.6019 0.2985 0.7407
vn -0.5434 0.2803 0.7913
vn -0.5607 0.2961 0.7733
vn -0.7508 -0.3327 0.5706
vn -0.7778 -0.3183 0.5419
vn -0.5439 -0.2090 0.8127
vn -0.5409 -0.2270 0.8099
vn -0.5738 0.1256 0.8093
vn -0.6051 0.1350 0.7846
vn -0.5049 -0.0518 0.8616
vn -0.5334 -0.0436 0.8448
vn -0.4459 -0.2172 0.8683
vn -0.4075 -0.2291 0.8840
vn -0.3415 -0.2836 0.8961
vn -0.3530 -0.3501 0.8677
vn -0.2807 -0.4862 0.8276
vn -0.2830 -0.4899 0.8245
vn -0.3195 -0.2932 0.9011
vn -0.3292 -0.2866 0.8997
vn -0.3437 -0.0464 0.9379
vn -0.3777 -0.1008 0.9204
vn -0.7374 0.0466 0.6738
vn -0.7336 0.0653 0.6765
vn -0.6562 -0.1224 0.7446
vn -0.6524 -0.0865 0.7529
vn -0.5563 -0.2596 0.7894
vn -0.5561 -0.2362 0.7968
vn -0.4925 -0.3345 0.8034
vn -0.4938 -0.3167 0.8099
vn -0.2611 -0.7216 0.6412
vn -0.2669 -0.6626 0.6998
vn -0.7118 0.2624 0.6515
vn -0.7127 0.2599 0.6515
vn -0.7092 0.2800 0.6471
vn -0.7113 0.2832 0.6433
vn -0.7390 0.1476 0.6574
vn -0.7233 0.1883 0.6644
vn -0.7596 0.0683 0.6468
vn -0.7410 0.1202 0.6607
vn -0.8052 -0.0732 0.5885
vn -0.7794 0.0114 0.6264
vn -0.8270 -0.1211 0.5490
vn -0.8047 -0.0437 0.5921
vn -0.8675 -0.0823 0.4906
vn -0.8504 -0.1616 0.5008
vn -0.8265 -0.0813 0.5570
vn -0.8503 -0.1645 0.4999
vn 0.0572 0.3474 0.9360
vn 0.0547 0.3498 0.9352
vn 0.1311 0.3302 0.9348
vn 0.1120 0.3459 0.9315
vn -0.0469 0.3594 0.9320
vn 0.0116 0.4689 0.8832
vn -0.5361 0.1997 0.8202
vn -0.5474 0.1827 0.8167
vn -0.6644 0.1537 0.7314
vn -0.6620 0.1588 0.7325
vn -0.5775 -0.2716 0.7699
vn -0.5933 -0.2766 0.7559
vn -0.6031 -0.3002 0.7390
vn -0.6259 -0.3100 0.7156
vn -0.5426 -0.1385 0.8285
vn -0.5696 -0.1376 0.8103
vn -0.8704 -0.3502 0.3460
vn -0.8669 -0.3320 0.3719
vn -0.7627 -0.3685 0.5315
vn -0.7570 -0.3575 0.5470
vn -0.8589 -0.3613 0.3631
vn -0.8506 -0.3721 0.3716
vn -0.9193 -0.3120 0.2398
vn -0.9185 -0.2961 0.2622
vn -0.9379 -0.2970 0.1790
vn -0.9383 -0.2837 0.1979
vn -0.9267 -0.3255 0.1877
vn -0.9177 -0.3408 0.2040
vn -0.9060 -0.3411 0.2506
vn -0.9000 -0.3501 0.2597
vn -0.9135 -0.3734 0.1617
vn -0.9142 -0.3596 0.1869
vn -0.9248 -0.3417 0.1676
vn -0.9237 -0.3541 0.1463
vn -0.9438 -0.3047 0.1277
vn -0.9332 -0.3255 0.1521
vn -0.9517 -0.2848 0.1144
vn -0.9532 -0.2708 0.1344
vn -0.9551 -0.2611 -0.1400
vn -0.9747 -0.2129 -0.0677
vn -0.9663 -0.2092 -0.1503
vn -0.9726 -0.1959 -0.1251
vn -0.8849 -0.2921 0.3629
vn -0.8882 -0.3118 0.3375
vn -0.9347 -0.2474 0.2552
vn -0.9357 -0.2680 0.2295
vn -0.9522 -0.2499 0.1757
vn -0.9524 -0.2362 0.1928
vn -0.9650 -0.2395 0.1069
vn -0.9663 -0.2249 0.1254
vn -0.9692 -0.1838 -0.1638
vn -0.9762 -0.1679 -0.1371
vn -0.9142 -0.1156 0.3883
vn -0.8989 -0.0940 0.4280
vn -0.9106 -0.0903 0.4034
vn -0.9131 -0.0536 0.4043
vn -0.9086 -0.0349 0.4161
vn -0.9251 -0.0460 0.3769
vn -0.9143 -0.0048 0.4051
vn -0.9137 0.0136 0.4062
vn -0.9022 0.0626 0.4267
vn -0.9042 0.0405 0.4252
vn -0.8888 0.0934 0.4488
vn -0.8856 0.0940 0.4547
vn -0.8630 0.1244 0.4897
vn -0.8593 0.1439 0.4907
vn -0.7883 0.2096 0.5785
vn -0.7814 0.2325 0.5791
vn -0.7330 0.2741 0.6225
vn -0.7466 0.2363 0.6218
vn -0.6625 0.2988 0.6869
vn -0.6226 0.2862 0.7283
vn -0.4822 0.2738 0.8322
vn -0.5314 0.1801 0.8277
vn -0.6834 -0.2664 0.6798
vn -0.6576 -0.2827 0.6983
vn -0.6769 -0.2660 0.6863
vn -0.6844 -0.2619 0.6805
vn -0.6815 -0.2487 0.6883
vn -0.6427 -0.2663 0.7184
vn -0.7112 -0.2616 0.6525
vn -0.7077 -0.2639 0.6554
vn -0.6489 -0.2473 0.7195
vn -0.6046 -0.2625 0.7521
vn -0.6117 -0.2463 0.7518
vn -0.5857 -0.2528 0.7701
vn -0.5399 -0.3536 0.7639
vn -0.4258 -0.3701 0.8257
vn -0.4886 -0.1578 0.8581
vn -0.4895 -0.1465 0.8596
vn 0.0945 0.3991 0.9120
vn 0.0600 0.5293 0.8463
vn 0.0507 0.5316 0.8455
vn 0.0312 0.5579 0.8293
vn -0.0890 0.3593 0.9290
vn -0.0444 0.2954 0.9543
vn -0.3253 0.3677 0.8712
vn -0.3228 0.3660 0.8728
vn -0.4441 0.3413 0.8284
vn -0.4463 0.3389 0.8282
vn -0.5494 0.3147 0.7740
vn -0.5413 0.3082 0.7823
vn -0.6127 0.2892 0.7355
vn -0.5932 0.2729 0.7574
vn -0.6700 0.2487 0.6995
vn -0.6403 0.2228 0.7351
vn -0.7073 0.1982 0.6785
vn -0.6749 0.1701 0.7181
vn -0.0292 0.3571 0.9336
vn 0.0072 0.3918 0.9200
vn -0.7767 0.0498 0.6280
vn -0.7124 0.0056 0.7017
vn -0.7007 0.0940 0.7072
vn -0.7508 0.1354 0.6465
vn -0.6957 -0.1848 0.6941
vn -0.7810 -0.1529 0.6056
vn -0.6743 -0.2589 0.6916
vn -0.7473 -0.2403 0.6195
vn -0.6967 -0.2876 0.6572
vn -0.6388 -0.2934 0.7113
vn -0.6580 -0.3223 0.6805
vn -0.6054 -0.3210 0.7284
vn -0.4890 -0.3791 0.7856
vn -0.4708 -0.4111 0.7806
vn -0.5993 -0.3913 0.6984
vn -0.5362 -0.3773 0.7551
vn -0.6565 -0.0259 0.7539
vn -0.7631 0.0096 0.6462
vn -0.7569 -0.1293 0.6407
vn -0.7494 -0.0219 0.6617
vn -0.5442 -0.1997 0.8148
vn -0.5436 -0.2029 0.8144
vn -0.5269 -0.2214 0.8205
vn -0.5289 -0.2102 0.8222
vn -0.5539 -0.1238 0.8233
vn -0.5571 -0.0958 0.8249
vn -0.4992 -0.1411 0.8549
vn -0.5000 -0.1340 0.8556
vn -0.4801 -0.1542 0.8636
vn -0.4748 -0.1532 0.8667
vn -0.4981 -0.1492 0.8542
vn -0.5053 -0.1502 0.8497
vn -0.5907 -0.1695 0.7889
vn -0.5873 -0.1865 0.7876
vn -0.7242 -0.3770 0.5774
vn -0.7118 -0.3581 0.6042
vn -0.6741 -0.3129 0.6691
vn -0.6934 -0.3350 0.6379
vn -0.7108 -0.3671 0.6000
vn -0.7026 -0.3558 0.6162
vn -0.6346 -0.2461 0.7326
vn -0.6303 -0.2624 0.7307
vn -0.6174 -0.2797 0.7352
vn -0.6057 -0.2765 0.7461
vn -0.5893 -0.2953 0.7520
vn -0.6029 -0.3003 0.7391
vn -0.6122 -0.2367 0.7545
vn -0.6154 -0.2236 0.7558
vn -0.5905 -0.2517 0.7668
vn -0.5757 -0.2487 0.7789
vn -0.5640 -0.2679 0.7811
vn -0.5774 -0.2717 0.7700
vn -0.2517 -0.4505 0.8566
vn -0.2755 -0.4081 0.8704
vn -0.1385 -0.4891 0.8611
vn -0.1481 -0.4765 0.8666
vn -0.0257 -0.5163 0.8560
vn -0.0411 -0.5004 0.8648
vn -0.3931 -0.2735 0.8779
vn -0.4426 -0.2818 0.8513
vn -0.2354 -0.2732 0.9327
vn -0.2472 -0.2503 0.9361
vn -0.1250 -0.3372 0.9331
vn -0.1538 -0.2956 0.9429
vn -0.0337 -0.3599 0.9324
vn -0.0456 -0.3467 0.9369
vn -0.7511 -0.2624 0.6058
vn -0.7408 -0.2702 0.6150
vn -0.5497 -0.2200 0.8059
vn -0.5722 -0.2248 0.7887
vn -0.7602 -0.3376 0.5551
vn -0.7595 -0.3362 0.5570
vn -0.7031 -0.3488 0.6197
vn -0.6946 -0.3387 0.6347
vn -0.6856 -0.2860 0.6694
vn -0.6981 -0.2813 0.6584
vn -0.8560 0.1235 0.5021
vn -0.8487 0.1129 0.5167
vn -0.8382 0.1384 0.5276
vn -0.8481 0.1560 0.5063
vn -0.8210 0.1473 0.5516
vn -0.8205 0.1459 0.5527
vn -0.8242 0.1141 0.5547
vn -0.8295 0.1312 0.5429
vn -0.8607 0.0920 0.5007
vn -0.8517 0.0482 0.5219
vn -0.8891 0.0216 0.4571
vn -0.8630 0.0776 0.4993
vn -0.8904 0.0110 0.4551
vn -0.8970 0.0638 0.4375
vn -0.9081 -0.0110 0.4187
vn -0.9132 0.0368 0.4059
vn -0.9379 0.0543 0.3428
vn -0.9373 0.0152 0.3481
vn -0.4838 -0.4452 0.7535
vn -0.5146 -0.4478 0.7312
vn -0.9388 0.0505 0.3408
vn -0.9380 0.0783 0.3377
vn -0.5327 -0.6178 0.5784
vn -0.6011 -0.6115 0.5145
vn -0.9398 0.0718 0.3341
vn -0.9386 0.0920 0.3325
vn -0.2874 -0.8311 0.4761
vn -0.3119 -0.8053 0.5041
vn -0.9340 0.1061 0.3410
vn -0.9332 0.1141 0.3407
vn -0.2690 -0.6468 0.7137
vn -0.2963 -0.6047 0.7393
vn -0.9216 0.1442 0.3604
vn -0.9214 0.1453 0.3603
vn -0.9056 0.1802 0.3839
vn -0.9070 0.1728 0.3840
vn -0.1460 -0.8750 0.4615
vn -0.1653 -0.8608 0.4814
vn -0.8856 0.2020 0.4181
vn -0.8806 0.2237 0.4178
vn -0.1440 -0.6954 0.7040
vn -0.1645 -0.6730 0.7211
vn -0.8272 0.2548 0.5008
vn -0.8122 0.3018 0.4992
vn -0.0488 -0.8807 0.4712
vn -0.0402 -0.8855 0.4628
vn -0.7701 0.3278 0.5473
vn -0.7834 0.2923 0.5485
vn -0.6848 0.3727 0.6262
vn -0.7003 0.3406 0.6274
vn -0.5589 0.3947 0.7293
vn -0.5890 0.3432 0.7316
vn -0.4717 0.3678 0.8014
vn -0.5147 0.3013 0.8027
vn -0.8447 -0.4113 0.3425
vn -0.8333 -0.3688 0.4118
vn -0.8463 -0.3349 0.4143
vn -0.8373 -0.3154 0.4467
vn -0.4779 0.3209 0.8177
vn -0.4473 0.2918 0.8454
vn -0.4510 0.2504 0.8567
vn -0.4110 0.3081 0.8580
vn -0.9721 -0.1474 -0.1825
vn -0.9816 -0.1221 -0.1465
vn -0.9759 -0.1851 0.1158
vn -0.9745 -0.2032 0.0948
vn -0.9479 -0.2079 0.2415
vn -0.9486 -0.2233 0.2242
vn -0.7038 -0.2605 0.6609
vn -0.6979 -0.2525 0.6702
vn -0.7077 -0.2459 0.6623
vn -0.7135 -0.2516 0.6540
vn -0.9623 -0.2117 0.1709
vn -0.9623 -0.1987 0.1856
vn -0.6682 -0.2573 0.6980
vn -0.6754 -0.2578 0.6909
vn -0.5972 -0.2739 0.7539
vn -0.6233 -0.2817 0.7295
vn -0.6323 -0.3061 0.7117
vn -0.6483 -0.3132 0.6940
vn -0.6937 -0.3042 0.6529
vn -0.6996 -0.2920 0.6521
vn -0.6505 -0.3219 0.6880
vn -0.6558 -0.3252 0.6813
vn -0.3151 0.2406 0.9181
vn -0.2866 0.2369 0.9283
vn -0.3197 0.2642 0.9099
vn -0.2901 0.2599 0.9210
vn -0.8314 -0.3082 0.4624
vn -0.8242 -0.2953 0.4831
vn -0.8541 -0.3711 0.3643
vn -0.8426 -0.3327 0.4235
vn -0.6581 -0.3223 0.6805
vn -0.6745 -0.3378 0.6564
vn -0.8489 -0.3150 0.4244
vn -0.8372 -0.2903 0.4636
vn -0.6570 -0.3329 0.6764
vn -0.6591 -0.3346 0.6735
vn -0.5822 0.0289 0.8125
vn -0.6233 0.0253 0.7816
vn -0.6361 0.0391 0.7707
vn -0.6962 0.0363 0.7169
vn -0.7424 -0.0200 0.6696
vn -0.7479 -0.0633 0.6608
vn -0.8413 -0.0720 0.5357
vn -0.7787 -0.0441 0.6259
vn -0.6195 0.1564 0.7692
vn -0.6190 0.1510 0.7707
vn -0.5538 0.1268 0.8229
vn -0.5538 0.1109 0.8252
vn -0.4407 0.2033 0.8743
vn -0.4391 0.2333 0.8676
vn -0.5245 0.2873 0.8015
vn -0.5230 0.2877 0.8023
vn -0.6849 -0.2490 0.6847
vn -0.6887 -0.2504 0.6805
vn -0.6664 -0.2629 0.6977
vn -0.6815 -0.2683 0.6809
vn -0.6782 -0.2431 0.6935
vn -0.6707 -0.2591 0.6950
vn -0.6525 -0.2671 0.7092
vn -0.6352 -0.3034 0.7103
vn -0.6572 -0.2747 0.7019
vn -0.6697 -0.2537 0.6980
vn -0.6123 -0.3142 0.7255
vn -0.6310 -0.2835 0.7221
vn -0.5911 -0.3211 0.7399
vn -0.6150 -0.3362 0.7133
vn -0.6268 -0.2458 0.7394
vn -0.6416 -0.2571 0.7226
vn -0.6622 -0.2715 0.6984
vn -0.6550 -0.2657 0.7074
vn -0.6371 -0.2742 0.7204
vn -0.6331 -0.2707 0.7252
vn -0.6452 -0.2944 0.7050
vn -0.6140 -0.2626 0.7443
vn -0.6175 -0.3094 0.7232
vn -0.5996 -0.2877 0.7468
vn -0.5969 -0.3009 0.7437
vn -0.5620 -0.2499 0.7885
vn -0.5699 -0.3403 0.7479
vn -0.5377 -0.2823 0.7945
vn -0.5013 -0.3344 0.7980
vn -0.4645 -0.2374 0.8532
vn -0.5652 -0.2438 0.7881
vn -0.5017 -0.2555 0.8264
vn -0.7263 -0.3056 0.6157
vn -0.7077 -0.2807 0.6483
vn -0.7236 -0.0683 0.6868
vn -0.6645 -0.0730 0.7437
vn -0.6633 -0.0744 0.7447
vn -0.6112 -0.0739 0.7880
vn -0.6689 -0.1495 0.7281
vn -0.6352 -0.1498 0.7577
vn -0.6915 -0.1740 0.7011
vn -0.7019 -0.1190 0.7022
vn -0.6654 -0.2003 0.7191
vn -0.6742 -0.2007 0.7107
vn -0.6805 -0.1960 0.7061
vn -0.7079 -0.1962 0.6785
vn -0.6732 -0.2217 0.7054
vn -0.6802 -0.2227 0.6984
vn -0.6751 -0.2263 0.7022
vn -0.7037 -0.2293 0.6725
vn -0.7629 -0.1084 0.6373
vn -0.7528 -0.1398 0.6433
vn -0.6264 -0.2486 0.7388
vn -0.6077 -0.2616 0.7498
vn -0.4395 -0.0928 0.8934
vn -0.4404 -0.0930 0.8930
vn -0.3823 -0.0348 0.9234
vn -0.3818 -0.0253 0.9239
vn -0.5094 0.0527 0.8589
vn -0.5076 0.2121 0.8350
vn -0.4012 0.0645 0.9137
vn -0.3964 0.1705 0.9021
vn -0.3783 0.0866 0.9216
vn -0.2936 0.0921 0.9515
vn -0.6774 0.1607 0.7178
vn -0.5423 0.1737 0.8220
vn -0.2881 0.0474 0.9564
vn -0.3042 0.0463 0.9515
vn -0.6448 -0.3238 0.6924
vn -0.6577 -0.3326 0.6759
vn -0.6659 -0.3150 0.6763
vn -0.6819 -0.2873 0.6727
vn -0.7079 -0.2756 0.6504
vn -0.6823 -0.3154 0.6595
vn -0.4977 0.0111 0.8673
vn -0.4611 0.0836 0.8834
vn -0.4772 -0.3216 0.8178
vn -0.3315 -0.3286 0.8844
vn -0.4785 -0.4241 0.7689
vn -0.3542 -0.4341 0.8283
vn -0.1727 -0.5533 0.8149
vn -0.2193 -0.5745 0.7886
vn -0.0271 -0.5487 0.8356
vn -0.0399 -0.5574 0.8293
vn -0.1136 -0.5591 0.8212
vn -0.1048 -0.5542 0.8258
vn -0.2402 -0.5671 0.7879
vn -0.2470 -0.5699 0.7837
vn -0.0385 -0.2184 0.9751
vn -0.0479 -0.2081 0.9769
vn -0.1375 -0.1978 0.9705
vn -0.1457 -0.1866 0.9716
vn -0.2231 -0.1677 0.9603
vn -0.2294 -0.1565 0.9607
vn -0.3580 -0.1257 0.9252
vn -0.3272 -0.1187 0.9375
vn -0.3615 -0.1988 0.9109
vn -0.3636 -0.3013 0.8815
vn -0.0425 -0.1118 0.9928
vn -0.0456 -0.1087 0.9930
vn -0.1324 -0.1007 0.9861
vn -0.1289 -0.1049 0.9861
vn -0.2115 -0.0887 0.9734
vn -0.1937 -0.1160 0.9742
vn -0.3465 -0.1507 0.9259
vn -0.2655 -0.1324 0.9550
vn -0.3570 -0.2958 0.8860
vn -0.3445 -0.4410 0.8288
vn -0.0344 -0.1208 0.9921
vn -0.0465 -0.1305 0.9904
vn -0.1348 -0.1553 0.9786
vn -0.0930 -0.1271 0.9875
vn -0.9110 -0.3420 0.2306
vn -0.9114 -0.3502 0.2162
vn -0.8889 -0.3608 0.2822
vn -0.9003 -0.3483 0.2611
vn -0.8699 -0.3712 0.3249
vn -0.8807 -0.3600 0.3078
vn -0.8408 -0.3810 0.3846
vn -0.8437 -0.3908 0.3681
vn -0.8009 -0.3908 0.4537
vn -0.7956 -0.3785 0.4730
vn -0.7871 -0.3787 0.4868
vn -0.7786 -0.3587 0.5150
vn -0.7648 -0.3102 0.5647
vn -0.7754 -0.3298 0.5385
vn -0.7600 -0.2935 0.5799
vn -0.7431 -0.3119 0.5920
vn -0.7747 0.2462 0.5824
vn -0.7604 0.2866 0.5827
vn -0.7588 0.2303 0.6092
vn -0.7484 0.2611 0.6097
vn -0.7467 0.2214 0.6272
vn -0.7347 0.2570 0.6279
vn -0.7029 0.2351 0.6713
vn -0.7151 0.2417 0.6560
vn -0.6788 0.3191 0.6614
vn -0.6650 0.3482 0.6607
vn -0.6651 0.3463 0.6616
vn -0.6441 0.3869 0.6599
vn -0.6478 0.3293 0.6869
vn -0.6198 0.3831 0.6849
vn -0.6224 0.2353 0.7465
vn -0.5834 0.3175 0.7476
vn -0.5657 0.0767 0.8211
vn -0.5327 0.1587 0.8313
vn -0.4860 -0.0984 0.8684
vn -0.4572 -0.0119 0.8893
vn -0.3856 -0.2698 0.8823
vn -0.3642 -0.1947 0.9107
vn -0.2998 -0.3775 0.8761
vn -0.2778 -0.2960 0.9139
vn -0.8270 0.2191 0.5178
vn -0.8212 0.2382 0.5186
vn -0.8183 0.1978 0.5396
vn -0.8142 0.2125 0.5403
vn -0.8118 0.1852 0.5538
vn -0.8082 0.1986 0.5545
vn -0.7797 0.1950 0.5950
vn -0.7959 0.2010 0.5712
vn -0.7576 0.2969 0.5813
vn -0.7457 0.2926 0.5986
vn -0.7306 0.3508 0.5858
vn -0.7462 0.3139 0.5870
vn -0.7302 0.3135 0.6071
vn -0.7120 0.3544 0.6062
vn -0.7067 0.2576 0.6589
vn -0.6926 0.2920 0.6596
vn -0.6558 0.0878 0.7498
vn -0.6414 0.1332 0.7555
vn -0.5565 -0.0653 0.8283
vn -0.5799 -0.0608 0.8124
vn -0.4880 -0.2160 0.8457
vn -0.4540 -0.2246 0.8622
vn -0.3945 -0.2740 0.8771
vn -0.3991 -0.3283 0.8561
vn -0.4250 -0.2862 0.8588
vn -0.4065 -0.2010 0.8913
vn -0.3762 -0.1539 0.9137
vn -0.3530 -0.1485 0.9238
vn -0.3878 -0.2213 0.8948
vn -0.3797 -0.1437 0.9139
vn -0.5692 -0.4515 0.6871
vn -0.6125 -0.3631 0.7021
vn -0.5910 -0.3765 0.7134
vn -0.6095 -0.3281 0.7217
vn -0.6571 -0.2982 0.6923
vn -0.6253 -0.2905 0.7243
vn -0.6773 -0.2590 0.6886
vn -0.6829 -0.2389 0.6904
vn -0.6833 -0.2387 0.6900
vn -0.6832 -0.2390 0.6900
vn -0.6503 -0.2730 0.7089
vn -0.6557 -0.2554 0.7105
vn -0.6366 -0.2935 0.7131
vn -0.6216 -0.2880 0.7285
vn -0.6063 -0.3087 0.7329
vn -0.6238 -0.3168 0.7145
vn -0.6275 -0.3150 0.7121
vn -0.6450 -0.3246 0.6918
vn -0.6565 -0.3228 0.6818
vn -0.6653 -0.3060 0.6810
vn -0.6450 -0.3134 0.6969
vn -0.6559 -0.2909 0.6965
vn -0.6651 -0.2871 0.6893
vn -0.6465 -0.2761 0.7112
vn -0.6690 -0.2656 0.6942
vn -0.6736 -0.2546 0.6939
vn -0.6849 -0.2489 0.6848
vn -0.6819 -0.2569 0.6849
vn -0.6538 -0.2713 0.7064
vn -0.6726 -0.2797 0.6851
vn -0.6027 -0.3132 0.7339
vn -0.5855 -0.3536 0.7295
vn -0.5348 -0.3745 0.7575
vn -0.5097 -0.4247 0.7482
vn -0.4567 -0.4741 0.7528
vn -0.4821 -0.4342 0.7609
vn -0.6091 -0.4234 0.6706
vn -0.6391 -0.4143 0.6481
vn -0.7743 0.0769 0.6281
vn -0.7767 0.0770 0.6251
vn -0.6556 -0.0133 0.7550
vn -0.6986 -0.0259 0.7150
vn -0.5739 -0.0748 0.8155
vn -0.6114 -0.0955 0.7856
vn -0.6422 0.2110 0.7369
vn -0.6085 0.2138 0.7643
vn -0.7225 0.0352 0.6905
vn -0.7601 0.0266 0.6492
vn -0.4856 -0.4772 0.7325
vn -0.4881 -0.4693 0.7359
vn -0.5181 -0.4387 0.7343
vn -0.5232 -0.4363 0.7321
vn -0.3992 -0.3714 0.8383
vn -0.4162 -0.3627 0.8338
vn -0.1025 -0.3792 0.9196
vn -0.1338 -0.4410 0.8875
vn -0.3736 -0.4023 0.8358
vn -0.3723 -0.4130 0.8311
vn -0.1323 -0.4531 0.8816
vn -0.1752 -0.4265 0.8874
vn -0.1064 -0.5637 0.8191
vn -0.1816 -0.5211 0.8339
vn -0.4656 -0.5324 0.7069
vn -0.4713 -0.5172 0.7144
vn -0.5126 -0.4888 0.7060
vn -0.5182 -0.4724 0.7130
vn -0.5347 -0.4861 0.6912
vn -0.5453 -0.4571 0.7027
vn -0.7403 -0.1560 0.6540
vn -0.7210 -0.2744 0.6363
vn -0.4475 -0.5158 0.7305
vn -0.4462 -0.5195 0.7287
vn -0.3721 -0.4086 0.8334
vn -0.3728 -0.4035 0.8356
vn -0.0577 -0.3115 0.9485
vn -0.1020 -0.3961 0.9125
vn 0.0154 -0.4230 0.9060
vn -0.0553 -0.5065 0.8605
vn 0.1616 0.0203 0.9867
vn 0.1756 -0.0215 0.9842
vn 0.0027 0.0257 0.9997
vn -0.0025 0.0170 0.9999
vn -0.5430 0.0193 0.8395
vn -0.5466 -0.0331 0.8367
vn -0.5590 0.0801 0.8253
vn -0.5597 0.0750 0.8253
vn -0.7653 -0.0722 0.6396
vn -0.7663 -0.0538 0.6402
vn -0.7361 -0.1374 0.6627
vn -0.7346 -0.1504 0.6616
vn -0.5425 -0.4537 0.7070
vn -0.5551 -0.4476 0.7011
vn -0.5618 -0.4548 0.6910
vn -0.5920 -0.4394 0.6756
vn -0.4348 -0.6755 0.5955
vn -0.4629 -0.6348 0.6187
vn -0.4289 -0.6695 0.6064
vn -0.4200 -0.6732 0.6086
vn 0.2517 -0.8873 0.3865
vn 0.2280 -0.8819 0.4126
vn 0.2303 -0.9052 0.3571
vn 0.2160 -0.9017 0.3745
vn 0.1148 0.0265 0.9930
vn 0.1470 0.1555 0.9768
vn -0.1253 0.6545 0.7456
vn -0.1527 0.6028 0.7831
vn -0.1698 0.7108 0.6826
vn -0.1791 0.7021 0.6891
vn -0.1522 -0.0962 0.9837
vn -0.1439 -0.0820 0.9862
vn -0.3748 -0.1578 0.9136
vn -0.3907 -0.1742 0.9039
vn -0.3628 -0.0070 0.9319
vn -0.3829 0.0599 0.9219
vn 0.1969 0.9722 0.1267
vn 0.2408 0.9700 0.0327
vn 0.1378 0.9901 0.0282
vn 0.0556 0.9219 0.3833
vn -0.1990 0.7237 0.6609
vn -0.1735 0.7408 0.6490
vn -0.1832 0.7461 0.6402
vn -0.1728 0.7651 0.6202
vn 0.3104 0.9476 0.0759
vn 0.3828 0.9210 -0.0716
vn 0.0317 0.9960 -0.0838
vn 0.0265 0.9677 -0.2508
vn -0.3411 0.8734 -0.3475
vn -0.3222 0.8996 -0.2947
vn -0.0485 0.7163 0.6961
vn -0.0285 0.6997 0.7139
vn 0.1425 -0.0770 0.9868
vn 0.0904 -0.0205 0.9957
vn 0.0247 0.7936 0.6080
vn 0.0242 0.8179 0.5748
vn -0.4408 0.8648 -0.2404
vn -0.4792 0.8287 -0.2891
vn 0.0108 0.7888 0.6145
vn 0.0112 0.7546 0.6561
vn 0.0097 0.8288 0.5595
vn 0.0263 0.8338 0.5514
vn -0.0112 0.7118 0.7023
vn -0.0153 0.7093 0.7047
vn -0.0437 0.7079 0.7050
vn -0.0455 0.7108 0.7020
vn -0.5584 0.0901 0.8247
vn -0.5593 0.2429 0.7926
vn -0.1629 0.7795 0.6049
vn -0.1838 0.7722 0.6082
vn 0.4931 0.8659 -0.0842
vn 0.4674 0.8834 -0.0344
vn -0.6558 0.2859 0.6987
vn -0.6673 0.2868 0.6873
vn -0.4855 0.1772 0.8561
vn -0.5163 0.1656 0.8402
vn 0.1103 -0.9280 0.3558
vn 0.1044 -0.9215 0.3740
vn -0.3972 -0.6491 0.6488
vn -0.3947 -0.6531 0.6463
vn -0.3068 -0.5486 0.7778
vn -0.3130 -0.5000 0.8075
vn 0.0445 -0.3088 0.9501
vn 0.0177 -0.3530 0.9355
vn -0.0394 -0.9364 0.3488
vn -0.0073 -0.9066 0.4220
vn 0.1297 -0.3382 0.9321
vn 0.1546 -0.3069 0.9391
vn 0.2026 -0.3788 0.9030
vn 0.1996 -0.3105 0.9294
vn -0.4596 -0.2251 0.8591
vn -0.4595 -0.1951 0.8665
vn -0.6145 -0.5004 0.6098
vn -0.6293 -0.4671 0.6211
vn -0.6049 -0.3722 0.7039
vn -0.5738 -0.4614 0.6767
vn 0.1582 -0.9040 0.3973
vn 0.1946 -0.9172 0.3476
vn 0.1334 -0.9483 0.2881
vn 0.4955 -0.8648 0.0814
vn 0.5353 -0.8348 0.1288
vn 0.6286 -0.7739 0.0767
vn -0.2902 -0.9420 0.1687
vn -0.3849 -0.9055 -0.1786
vn -0.1295 -0.9245 0.3584
vn -0.1186 -0.9195 0.3747
vn -0.1808 -0.9059 0.3830
vn -0.1490 -0.8966 0.4170
vn -0.2826 -0.8596 0.4257
vn -0.2981 -0.8608 0.4125
vn 0.1607 -0.4488 0.8791
vn 0.0662 -0.5087 0.8584
vn -0.6125 -0.7564 -0.2298
vn -0.4777 -0.8782 0.0219
vn -0.1816 0.7939 0.5803
vn -0.1156 0.7775 0.6182
vn -0.3660 0.1603 0.9167
vn -0.3657 0.1599 0.9169
vn -0.1057 0.5650 0.8183
vn -0.0664 0.5978 0.7989
vn -0.5112 0.1345 0.8489
vn -0.5191 0.1413 0.8430
vn -0.5641 -0.2332 0.7921
vn -0.5183 -0.2343 0.8224
vn -0.5341 -0.7240 0.4365
vn -0.3463 -0.6536 0.6730
vn -0.5174 -0.7602 0.3929
vn -0.4670 -0.7654 0.4427
vn -0.6911 -0.4404 0.5731
vn -0.5602 -0.4870 0.6700
vn -0.5313 0.1468 0.8344
vn -0.6959 0.3122 0.6468
vn -0.5930 -0.4404 0.6741
vn -0.6151 -0.4322 0.6595
vn -0.8024 -0.0942 0.5894
vn -0.7840 -0.2331 0.5753
vn 0.0531 0.2133 0.9755
vn 0.0125 0.1493 0.9887
vn 0.2296 -0.0030 0.9733
vn 0.1829 -0.0655 0.9809
vn 0.3009 0.1027 0.9481
vn 0.2570 0.0506 0.9651
vn 0.2953 -0.0874 0.9514
vn 0.1908 -0.1762 0.9657
vn 0.2134 -0.0183 0.9768
vn 0.2209 -0.0644 0.9732
vn 0.2254 -0.1164 0.9673
vn 0.0797 -0.2355 0.9686
vn 0.1777 -0.2867 0.9414
vn 0.0628 -0.3518 0.9340
vn 0.2614 -0.2246 0.9387
vn 0.1818 -0.2884 0.9401
vn 0.2015 -0.1809 0.9626
vn 0.1728 -0.1989 0.9647
vn 0.1067 -0.2495 0.9625
vn 0.0917 -0.3019 0.9489
vn -0.0317 -0.5554 0.8310
vn -0.0546 -0.5063 0.8606
vn 0.2134 -0.1545 0.9647
vn 0.2908 -0.0683 0.9543
vn 0.2283 0.1363 0.9640
vn 0.2031 0.1012 0.9739
vn 0.0501 0.0494 0.9975
vn 0.0419 0.0362 0.9985
vn -0.1374 0.3194 0.9376
vn -0.1434 0.4143 0.8988
vn -0.1031 0.5323 0.8402
vn -0.0625 0.5630 0.8241
vn -0.3811 -0.3737 0.8456
vn -0.3518 -0.3520 0.8674
vn -0.5999 -0.8001 0.0055
vn -0.5824 -0.8110 0.0560
vn -0.5544 -0.1090 0.8251
vn -0.3662 -0.0610 0.9285
vn -0.0476 -0.4642 0.8845
vn -0.1066 -0.5333 0.8392
vn -0.2555 -0.0656 0.9646
vn -0.2540 -0.0637 0.9651
vn -0.1407 0.7059 0.6942
vn -0.1761 0.6609 0.7295
vn 0.0805 0.9966 0.0169
vn 0.0902 0.9931 -0.0756
vn -0.0660 -0.0910 0.9937
vn -0.0372 -0.0275 0.9989
vn -0.0886 0.6019 0.7937
vn -0.0753 0.6434 0.7618
vn -0.1194 0.9539 -0.2755
vn -0.1052 0.9758 -0.1915
vn 0.2370 0.1355 0.9620
vn 0.0922 0.2427 0.9657
vn -0.0205 0.7242 0.6893
vn -0.0203 0.7451 0.6667
vn -0.3491 0.9146 -0.2040
vn -0.4167 0.8437 -0.3384
vn 0.0545 -0.0248 0.9982
vn 0.0703 0.0204 0.9973
vn -0.0574 0.6453 0.7618
vn -0.0463 0.6962 0.7163
vn -0.1999 0.9272 -0.3168
vn -0.1621 0.9669 -0.1973
vn -0.2557 -0.2221 0.9409
vn -0.2772 -0.1773 0.9443
vn -0.3119 -0.9344 -0.1720
vn -0.1798 -0.9719 0.1518
vn -0.0678 -0.5650 0.8223
vn 0.0617 -0.5071 0.8597
vn 0.0417 0.6534 0.7558
vn 0.0643 0.6141 0.7866
vn 0.1531 0.7163 0.6808
vn -0.0720 0.7112 0.6993
vn -0.3382 -0.8299 0.4436
vn -0.3553 -0.8298 0.4304
vn -0.1742 -0.5486 0.8177
vn -0.1543 -0.5427 0.8256
vn -0.4427 -0.2923 0.8477
vn -0.4387 -0.2620 0.8596
vn -0.4944 -0.3672 0.7878
vn -0.5202 -0.5309 0.6690
vn -0.5479 -0.6886 0.4750
vn -0.5465 -0.6889 0.4762
vn -0.1812 -0.5251 0.8315
vn -0.3481 -0.5559 0.7548
vn -0.0609 -0.3205 0.9453
vn -0.1883 -0.3465 0.9189
vn 0.0600 -0.1507 0.9867
vn -0.0538 -0.1720 0.9836
vn -0.0572 -0.1745 0.9830
vn -0.0553 -0.1742 0.9832
vn -0.2894 -0.4094 0.8652
vn -0.3241 -0.4058 0.8545
vn -0.5299 -0.4142 0.7400
vn -0.6533 -0.3457 0.6736
vn -0.0465 0.7913 0.6096
vn -0.0745 0.7779 0.6240
vn 0.0238 0.8344 0.5507
vn 0.0906 0.7608 0.6426
vn -0.3551 -0.4261 0.8321
vn -0.4888 -0.3894 0.7806
vn -0.2660 -0.3750 0.8880
vn -0.3122 -0.3514 0.8827
vn -0.2591 -0.3908 0.8833
vn -0.2550 -0.3541 0.8998
vn -0.2502 -0.3292 0.9105
vn -0.2535 -0.3578 0.8987
vn -0.3442 0.0507 0.9375
vn -0.3194 0.0210 0.9474
vn -0.3411 0.1876 0.9211
vn -0.3466 0.1686 0.9227
vn -0.3038 -0.0161 0.9526
vn -0.3177 -0.0769 0.9451
vn -0.2173 -0.4199 0.8812
vn -0.2461 -0.3895 0.8875
vn 0.0638 -0.9244 0.3762
vn 0.0652 -0.9299 0.3620
vn 0.1203 -0.9572 0.2632
vn 0.1312 -0.9602 0.2467
vn -0.2001 -0.8798 0.4311
vn -0.2209 -0.8838 0.4124
vn 0.2215 -0.3797 0.8982
vn 0.1477 -0.4450 0.8833
vn 0.2886 -0.1660 0.9429
vn 0.2380 -0.2187 0.9463
vn 0.3484 0.0368 0.9366
vn 0.2454 -0.0715 0.9668
vn 0.2273 -0.0649 0.9717
vn 0.2242 -0.1161 0.9676
vn -0.0700 -0.5526 0.8305
vn -0.1035 -0.5712 0.8142
vn -0.4465 -0.3848 0.8078
vn -0.4479 -0.3841 0.8074
vn -0.4141 -0.4283 0.8032
vn -0.4149 -0.4242 0.8050
vn -0.4093 -0.4316 0.8039
vn -0.4028 -0.4597 0.7914
vn -0.6300 -0.0355 0.7758
vn -0.6295 -0.0116 0.7769
vn -0.6426 0.0300 0.7656
vn -0.6428 0.0273 0.7655
vn -0.5252 -0.2596 0.8104
vn -0.5190 -0.3128 0.7955
vn -0.3490 -0.5659 0.7469
vn -0.3355 -0.6119 0.7162
vn 0.1197 -0.9247 0.3613
vn 0.1098 -0.9160 0.3858
vn 0.2014 -0.9402 0.2746
vn 0.3196 -0.9316 0.1733
vn -0.5317 -0.8093 -0.2497
vn -0.5168 -0.8380 -0.1751
vn -0.1555 0.6985 0.6985
vn -0.1107 0.7364 0.6674
vn -0.1528 0.7286 0.6676
vn -0.1898 0.6632 0.7240
vn -0.1219 0.5458 0.8290
vn -0.2552 0.5483 0.7964
vn -0.1375 0.5981 0.7896
vn -0.1383 0.5973 0.7900
vn -0.3194 -0.1129 0.9409
vn -0.1801 -0.0026 0.9836
vn -0.2660 0.0350 0.9633
vn -0.2607 0.0937 0.9609
vn -0.1467 0.4241 0.8937
vn -0.1557 0.4167 0.8956
vn -0.2099 -0.3892 0.8969
vn -0.2530 -0.3667 0.8953
vn -0.2083 -0.3941 0.8951
vn -0.1987 -0.3528 0.9144
vn -0.1993 -0.3504 0.9151
vn -0.1935 -0.3242 0.9260
vn -0.2418 -0.0086 0.9703
vn -0.2188 0.0637 0.9737
vn -0.2309 0.1754 0.9570
vn -0.2156 0.2141 0.9527
vn -0.1925 0.0047 0.9813
vn -0.1874 0.0183 0.9821
vn -0.1362 -0.3227 0.9366
vn -0.1472 -0.3640 0.9197
vn 0.0389 -0.9274 0.3720
vn 0.0376 -0.9347 0.3536
vn 0.0844 -0.9816 0.1712
vn 0.0602 -0.9732 0.2221
vn -0.3247 -0.3602 0.8746
vn -0.3585 -0.3429 0.8683
vn -0.3096 -0.3882 0.8680
vn -0.3097 -0.3750 0.8738
vn -0.3150 -0.3709 0.8736
vn -0.3151 -0.3644 0.8763
vn -0.4426 0.0226 0.8965
vn -0.4328 0.0119 0.9014
vn -0.4698 0.1159 0.8752
vn -0.4652 0.1386 0.8743
vn -0.4056 -0.1098 0.9074
vn -0.4117 -0.1740 0.8946
vn -0.2982 -0.4455 0.8442
vn -0.2956 -0.4938 0.8178
vn 0.0878 -0.9270 0.3648
vn 0.0828 -0.9194 0.3846
vn 0.0394 -0.9096 0.4136
vn 0.1660 -0.9442 0.2847
vn 0.5689 0.8222 -0.0201
vn 0.3990 0.8882 0.2278
vn -0.1169 0.8051 0.5815
vn -0.1750 0.7926 0.5840
vn -0.5453 -0.4312 0.7189
vn -0.5207 -0.5014 0.6910
vn -0.5878 -0.3374 0.7353
vn -0.5575 -0.4415 0.7031
vn -0.5025 -0.3139 0.8056
vn -0.5033 -0.3084 0.8072
vn -0.4401 -0.2746 0.8549
vn -0.4389 -0.2942 0.8490
vn -0.3668 -0.2585 0.8937
vn -0.3306 -0.2894 0.8983
vn -0.2735 -0.2617 0.9256
vn -0.2614 -0.2729 0.9259
vn -0.2068 -0.2707 0.9402
vn -0.1997 -0.2438 0.9490
vn -0.0191 -0.2255 0.9740
vn -0.0576 -0.2934 0.9543
vn 0.0513 -0.2873 0.9565
vn 0.0746 -0.3498 0.9338
vn 0.0238 -0.4185 0.9079
vn 0.0908 -0.3469 0.9335
vn 0.0229 -0.4185 0.9079
vn 0.0198 -0.4426 0.8965
vn -0.0460 -0.4212 0.9058
vn -0.0632 -0.4323 0.8995
vn -0.0607 -0.4338 0.8990
vn -0.0685 -0.4636 0.8834
vn -0.2357 -0.3024 0.9236
vn -0.1331 -0.2960 0.9459
vn -0.4845 -0.5272 0.6981
vn -0.5011 -0.4799 0.7201
vn -0.4993 -0.4820 0.7199
vn -0.4860 -0.5180 0.7039
vn -0.6347 -0.4736 0.6106
vn -0.6334 -0.4766 0.6096
vn -0.7585 -0.2024 0.6194
vn -0.7309 -0.3293 0.5978
vn -0.6819 -0.2368 0.6921
vn -0.6396 -0.4115 0.6493
vn -0.6598 -0.3682 0.6550
vn -0.6320 -0.4060 0.6601
vn -0.6975 -0.3678 0.6150
vn -0.6866 -0.3307 0.6475
vn -0.7603 -0.3218 0.5643
vn -0.7446 -0.2702 0.6104
vn -0.8329 -0.2442 0.4967
vn -0.8130 -0.1822 0.5530
vn -0.8880 -0.1470 0.4357
vn -0.8687 -0.0981 0.4855
vn -0.9174 -0.0636 0.3929
vn -0.8962 -0.0216 0.4431
vn -0.9227 0.0484 0.3824
vn -0.9193 -0.0016 0.3935
vn -0.9350 0.0630 0.3491
vn -0.9260 0.0767 0.3697
vn -0.9313 0.1094 0.3475
vn -0.9317 0.1089 0.3464
vn -0.9266 0.0872 0.3659
vn -0.9361 0.0755 0.3434
vn -0.9321 0.0692 0.3556
vn -0.9428 0.0555 0.3288
vn -0.9396 0.0504 0.3384
vn -0.9489 0.0381 0.3133
vn 0.1078 0.8369 0.5366
vn 0.1017 0.8219 0.5604
vn -0.5788 -0.4613 0.6724
vn -0.3693 -0.5299 0.7634
vn -0.7396 -0.3218 0.5912
vn -0.7235 -0.2538 0.6420
vn -0.5784 -0.4607 0.6732
vn -0.5989 -0.3127 0.7373
vn -0.6152 -0.3600 0.7014
vn -0.6090 -0.4087 0.6798
vn -0.5953 -0.4362 0.6748
vn -0.6476 -0.4059 0.6449
vn -0.5889 -0.3140 0.7447
vn -0.5801 -0.4290 0.6924
vn -0.7033 -0.3017 0.6437
vn -0.6264 -0.3563 0.6933
vn -0.9354 0.0318 0.3522
vn -0.9440 0.0226 0.3293
vn -0.9338 0.0290 0.3566
vn -0.9354 0.0515 0.3498
vn -0.9296 0.0413 0.3663
vn -0.9311 0.0658 0.3588
vn -0.9383 0.0819 0.3359
vn -0.9373 0.0830 0.3384
vn -0.9335 0.0699 0.3517
vn -0.9405 0.0606 0.3342
vn -0.9298 0.0117 0.3679
vn -0.9311 0.0453 0.3620
vn -0.9218 0.0004 0.3877
vn -0.9170 -0.0605 0.3942
vn -0.8973 -0.0824 0.4338
vn -0.8879 -0.1463 0.4360
vn -0.8439 -0.1823 0.5047
vn -0.8333 -0.2262 0.5045
vn -0.7781 -0.2977 0.5531
vn -0.7636 -0.2662 0.5883
vn -0.7020 -0.3324 0.6299
vn -0.7130 -0.3564 0.6039
vn -0.6535 -0.4008 0.6421
vn -0.6728 -0.3693 0.6411
vn -0.5145 -0.4403 0.7358
vn -0.6093 -0.3857 0.6928
vn -0.4843 -0.5165 0.7062
vn -0.4945 -0.4687 0.7320
vn -0.5216 -0.4902 0.6983
vn -0.5270 -0.4293 0.7335
vn -0.5185 -0.4442 0.7306
vn -0.5169 -0.4610 0.7213
vn -0.5087 -0.4857 0.7109
vn -0.5537 -0.4630 0.6921
vn -0.5597 -0.4675 0.6842
vn -0.5653 -0.4197 0.7101
vn -0.3654 0.1457 0.9194
vn -0.3470 0.1567 0.9247
vn -0.2062 0.4354 0.8763
vn -0.1534 0.4684 0.8701
vn -0.7699 -0.3841 0.5096
vn -0.7625 -0.3696 0.5311
vn -0.4578 -0.2470 0.8540
vn -0.5172 -0.2049 0.8310
vn -0.5033 -0.2465 0.8282
vn -0.5455 -0.2685 0.7939
vn -0.4390 -0.3177 0.8404
vn -0.4172 -0.3463 0.8403
vn -0.4631 -0.3671 0.8067
vn -0.4925 -0.3315 0.8047
vn -0.9453 -0.3261 -0.0062
vn -0.9547 -0.2934 0.0488
vn -0.9437 -0.3145 0.1025
vn -0.9458 -0.2944 0.1371
vn -0.5466 -0.2973 0.7829
vn -0.5867 -0.2655 0.7651
vn -0.5257 -0.3560 0.7726
vn -0.5265 -0.3550 0.7725
vn -0.9350 -0.3271 0.1369
vn -0.9354 -0.3229 0.1440
vn -0.9079 -0.3330 0.2546
vn -0.9092 -0.3470 0.2301
vn -0.8940 -0.3431 0.2881
vn -0.8944 -0.3454 0.2841
vn -0.8795 -0.3433 0.3297
vn -0.8796 -0.3439 0.3287
vn -0.8539 -0.3425 0.3919
vn -0.8541 -0.3431 0.3910
vn -0.8194 -0.3472 0.4562
vn -0.8172 -0.3425 0.4635
vn -0.7986 -0.3430 0.4946
vn -0.8153 -0.3266 0.4782
vn -0.6067 -0.2920 0.7393
vn -0.5837 -0.3108 0.7501
vn -0.8361 -0.3530 0.4198
vn -0.8478 -0.3434 0.4041
vn -0.8344 -0.3237 0.4461
vn -0.8263 -0.3088 0.4710
vn -0.8422 -0.3361 0.4215
vn -0.8354 -0.3421 0.4301
vn -0.8561 -0.3417 0.3877
vn -0.8533 -0.3442 0.3917
vn -0.8011 -0.3117 0.5109
vn -0.7930 -0.2976 0.5316
vn -0.8178 -0.3342 0.4684
vn -0.8149 -0.3280 0.4779
vn -0.7045 -0.2798 0.6523
vn -0.6924 -0.2883 0.6614
vn -0.7376 -0.2851 0.6121
vn -0.7247 -0.2954 0.6225
vn -0.8140 -0.3281 0.4794
vn -0.8058 -0.3113 0.5037
vn -0.7923 -0.3006 0.5310
vn -0.7792 -0.3141 0.5423
vn -0.9530 -0.3030 -0.0057
vn -0.9615 -0.2654 -0.0709
vn -0.4971 -0.2627 0.8270
vn -0.4782 -0.1975 0.8557
vn -0.4642 -0.2160 0.8590
vn -0.4622 -0.2017 0.8636
vn -0.8996 -0.3561 0.2527
vn -0.8999 -0.3590 0.2476
vn -0.9099 -0.3748 0.1777
vn -0.9112 -0.3737 0.1735
vn -0.9124 -0.3829 0.1447
vn -0.9147 -0.3807 0.1358
vn -0.8805 -0.4067 0.2435
vn -0.8811 -0.4182 0.2208
vn -0.8878 -0.4265 0.1730
vn -0.8880 -0.4263 0.1721
vn -0.8897 -0.4353 0.1380
vn -0.8928 -0.4325 0.1258
vn -0.8269 -0.3970 0.3983
vn -0.8662 -0.3667 0.3393
vn -0.8616 -0.4586 0.2175
vn -0.8613 -0.4665 0.2012
vn -0.8639 -0.4729 0.1733
vn -0.8689 -0.4697 0.1566
vn -0.8653 -0.4841 0.1303
vn -0.8692 -0.4813 0.1134
vn -0.8636 -0.3537 0.3592
vn -0.8466 -0.3678 0.3847
vn -0.8652 -0.4017 0.3001
vn -0.8348 -0.4251 0.3498
vn -0.8202 -0.4719 0.3235
vn -0.8546 -0.4465 0.2653
vn -0.8257 -0.5282 0.1982
vn -0.8259 -0.5266 0.2016
vn -0.8299 -0.5339 0.1618
vn -0.8281 -0.5346 0.1688
vn -0.8453 -0.5207 0.1194
vn -0.8262 -0.5244 0.2060
vn -0.8396 -0.4771 0.2598
vn -0.8250 -0.4874 0.2860
vn -0.7967 -0.5533 0.2433
vn -0.8082 -0.5454 0.2220
vn -0.5806 -0.2623 0.7707
vn -0.5812 -0.2641 0.7697
vn -0.5660 -0.2865 0.7730
vn -0.5696 -0.3138 0.7597
vn -0.6795 -0.3197 0.6604
vn -0.6860 -0.3436 0.6414
vn -0.6598 -0.3849 0.6453
vn -0.6626 -0.4242 0.6173
vn -0.6141 -0.7278 0.3054
vn -0.5578 -0.7433 0.3693
vn -0.3069 -0.9212 0.2391
vn -0.2796 -0.9216 0.2692
vn -0.1503 -0.9585 0.2421
vn -0.1550 -0.9590 0.2371
vn -0.8290 -0.4878 0.2736
vn -0.8259 -0.4344 0.3594
vn -0.8056 -0.5574 0.2009
vn -0.7853 -0.5703 0.2412
vn -0.7814 -0.5636 0.2678
vn -0.7882 -0.5053 0.3513
vn -0.7588 -0.6155 0.2129
vn -0.7646 -0.5859 0.2684
vn -0.7341 -0.4072 0.5434
vn -0.7729 -0.3883 0.5018
vn -0.7826 -0.5640 0.2633
vn -0.7773 -0.5910 0.2158
vn -0.7405 -0.6416 0.2000
vn -0.7613 -0.6285 0.1594
vn -0.7434 -0.6435 0.1824
vn -0.7421 -0.6476 0.1727
vn -0.7257 -0.4667 0.5055
vn -0.7215 -0.5386 0.4351
vn -0.6289 -0.7602 0.1630
vn -0.6175 -0.7763 0.1269
vn -0.5344 -0.8390 0.1024
vn -0.5394 -0.8342 0.1147
vn -0.6125 -0.7831 0.1073
vn -0.6178 -0.7765 0.1240
vn -0.5271 -0.8468 0.0711
vn -0.5351 -0.8397 0.0920
vn -0.2946 -0.9556 0.0109
vn -0.2874 -0.9578 -0.0034
vn -0.5969 -0.7939 0.1156
vn -0.5897 -0.8025 0.0905
vn -0.5072 -0.8607 0.0448
vn -0.4927 -0.8666 0.0795
vn -0.5869 -0.7988 0.1319
vn -0.5856 -0.8006 0.1267
vn -0.4853 -0.8682 0.1036
vn -0.4914 -0.8621 0.1237
vn -0.7082 -0.6766 0.2017
vn -0.7022 -0.6899 0.1759
vn -0.6860 -0.7140 0.1401
vn -0.6988 -0.6880 0.1958
vn -0.6806 -0.7195 0.1385
vn -0.6789 -0.7224 0.1309
vn -0.6758 -0.7197 0.1591
vn -0.6723 -0.7266 0.1414
vn -0.5834 -0.7955 0.1640
vn -0.5803 -0.8004 0.1504
vn -0.6683 -0.7218 0.1800
vn -0.6660 -0.7269 0.1674
vn -0.7353 -0.6512 0.1877
vn -0.7373 -0.6438 0.2047
vn -0.7876 -0.5717 0.2297
vn -0.7867 -0.5787 0.2149
vn -0.8218 -0.4863 0.2970
vn -0.8230 -0.5150 0.2396
vn -0.8428 -0.4268 0.3279
vn -0.8454 -0.4392 0.3039
vn -0.8616 -0.3695 0.3480
vn -0.8638 -0.3767 0.3345
vn -0.8673 -0.3447 0.3592
vn -0.8689 -0.3494 0.3506
vn -0.4850 -0.8611 0.1526
vn -0.4902 -0.8541 0.1737
vn -0.8252 -0.5297 0.1964
vn -0.8257 -0.5264 0.2030
vn -0.8628 -0.4632 0.2025
vn -0.8625 -0.4675 0.1940
vn -0.8846 -0.4234 0.1954
vn -0.8847 -0.4203 0.2016
vn -0.9064 -0.3698 0.2041
vn -0.9062 -0.3623 0.2179
vn -0.3934 -0.9132 0.1063
vn -0.3873 -0.9177 0.0880
vn -0.3929 -0.9187 0.0395
vn -0.4039 -0.9147 0.0106
vn -0.4048 -0.9143 0.0125
vn -0.4235 -0.9043 0.0541
vn -0.9937 -0.0011 0.1123
vn -0.9956 -0.0239 0.0908
vn -0.9863 -0.0011 0.1648
vn -0.9884 0.0159 0.1513
vn -0.9771 0.0174 0.2121
vn -0.9780 0.0235 0.2072
vn -0.9452 0.0481 0.3230
vn -0.9481 0.0388 0.3157
vn -0.8663 0.1074 0.4879
vn -0.8559 0.1326 0.4999
vn -0.8272 0.1662 0.5367
vn -0.8207 0.1503 0.5512
vn -0.7729 0.1960 0.6035
vn -0.7729 0.1960 0.6036
vn -0.7195 0.2289 0.6557
vn -0.7165 0.2220 0.6613
vn -0.4379 0.1117 0.8920
vn -0.4371 0.1123 0.8924
vn -0.1832 0.7184 0.6711
vn -0.1995 0.7044 0.6812
vn 0.1267 0.9860 0.1089
vn 0.0168 0.9249 0.3799
vn -0.9957 -0.0014 0.0923
vn -0.9970 -0.0215 0.0742
vn -0.9896 0.0001 0.1436
vn -0.9885 0.0085 0.1509
vn -0.9752 0.0124 0.2209
vn -0.9786 -0.0056 0.2059
vn -0.9511 0.0028 0.3089
vn -0.9488 0.0117 0.3156
vn -0.8799 0.0860 0.4674
vn -0.8648 0.1276 0.4857
vn -0.8366 0.1672 0.5216
vn -0.8286 0.1505 0.5392
vn -0.7716 0.2109 0.6002
vn -0.7784 0.2244 0.5862
vn -0.7127 0.2683 0.6481
vn -0.7102 0.2634 0.6529
vn -0.4716 -0.1004 0.8761
vn -0.5205 -0.1460 0.8413
vn -0.7137 -0.6787 0.1732
vn -0.7363 -0.6228 0.2646
vn -0.5418 -0.8366 0.0806
vn -0.5558 -0.8240 0.1096
vn -0.2866 -0.9563 0.0573
vn -0.2843 -0.9572 0.0539
vn -0.1569 -0.9862 0.0524
vn -0.1589 -0.9858 0.0550
vn -0.4199 -0.9034 0.0868
vn -0.4219 -0.9020 0.0912
vn -0.2857 -0.9554 0.0750
vn -0.2860 -0.9553 0.0756
vn -0.1564 -0.9856 0.0648
vn -0.1684 -0.9819 0.0863
vn -0.3895 -0.9029 0.1820
vn -0.3934 -0.8982 0.1960
vn -0.0706 -0.9896 0.1252
vn -0.0651 -0.9875 0.1439
vn -0.0644 -0.9979 -0.0005
vn -0.0613 -0.9981 0.0081
vn -0.0687 -0.9976 0.0005
vn -0.0649 -0.9979 -0.0064
vn -0.0588 -0.9949 0.0822
vn -0.0631 -0.9940 0.0892
vn -0.0593 -0.9968 0.0540
vn -0.0574 -0.9970 0.0516
vn -0.0500 -0.9701 0.2376
vn -0.0539 -0.9689 0.2417
vn -0.0336 -0.7077 0.7057
vn -0.0346 -0.7068 0.7065
vn -0.4205 -0.9043 0.0736
vn -0.4307 -0.9006 0.0589
vn 0.0381 0.6269 0.7782
vn -0.0458 0.6025 0.7968
vn -0.1054 0.7161 0.6900
vn -0.1531 0.6161 0.7727
vn -0.7389 0.3073 0.5997
vn -0.6431 0.3698 0.6706
vn -0.5450 -0.4823 0.6858
vn -0.7483 -0.3991 0.5298
vn -0.5358 0.3753 0.7563
vn -0.6601 0.3038 0.6870
vn -0.1666 -0.3794 0.9101
vn -0.4640 -0.3640 0.8076
vn -0.5075 -0.5588 0.6559
vn -0.3366 -0.5698 0.7497
vn -0.3663 0.2864 0.8853
vn -0.3031 0.2771 0.9118
vn -0.4214 0.3294 0.8449
vn -0.3280 0.3172 0.8898
vn -0.5108 0.3560 0.7825
vn -0.4028 0.3455 0.8476
vn -0.5884 -0.4494 0.6722
vn -0.5949 -0.4134 0.6893
vn -0.5529 -0.4640 0.6921
vn -0.5866 -0.4480 0.6747
vn -0.1168 0.5803 0.8060
vn -0.0689 0.3204 0.9448
vn -0.1553 0.3877 0.9086
vn -0.0890 0.1922 0.9773
vn -0.3060 0.1751 0.9358
vn -0.2635 0.1709 0.9494
vn -0.0395 0.3404 0.9394
vn 0.0099 0.1127 0.9936
vn -0.0747 0.2050 0.9759
vn -0.0554 0.1129 0.9921
vn -0.1399 0.2537 0.9571
vn -0.1239 0.1558 0.9800
vn -0.5856 -0.2923 0.7560
vn -0.5811 -0.1896 0.7914
vn -0.5969 -0.3065 0.7414
vn -0.5953 -0.3075 0.7423
vn -0.6382 -0.4124 0.6502
vn -0.6325 -0.4123 0.6557
vn -0.5708 -0.3602 0.7378
vn -0.5706 -0.3659 0.7352
vn -0.5479 -0.3948 0.7375
vn -0.5476 -0.4115 0.7285
vn -0.5424 -0.4829 0.6874
vn -0.5419 -0.4090 0.7343
vn -0.6028 -0.4413 0.6648
vn -0.6015 -0.4160 0.6820
vn -0.5795 -0.4631 0.6706
vn -0.5766 -0.4068 0.7086
vn -0.6211 -0.4353 0.6517
vn -0.6226 -0.4011 0.6719
vn -0.5689 -0.3642 0.7374
vn -0.5682 -0.3393 0.7497
vn -0.5716 -0.4302 0.6987
vn -0.5682 -0.3662 0.7369
vn -0.5998 -0.4429 0.6664
vn -0.5934 -0.3711 0.7143
vn -0.6283 -0.4223 0.6534
vn -0.6235 -0.4035 0.6697
vn -0.6146 -0.4027 0.6783
vn -0.6322 -0.4025 0.6621
vn -0.6329 -0.4036 0.6608
vn -0.3605 0.1477 0.9210
vn -0.4218 0.1777 0.8891
vn -0.4894 0.1649 0.8563
vn -0.4902 0.1655 0.8557
vn -0.6532 0.1353 0.7450
vn -0.6561 0.1382 0.7419
vn -0.8602 0.1356 0.4916
vn -0.8715 0.1084 0.4782
vn -0.4053 0.2727 0.8726
vn -0.4315 0.2984 0.8513
vn -0.4685 0.3015 0.8305
vn -0.4390 0.2670 0.8579
vn -0.5552 0.3470 0.7558
vn -0.5406 0.3693 0.7559
vn -0.8776 0.1258 0.4627
vn -0.8639 0.1640 0.4763
vn -0.1882 0.1198 0.9748
vn -0.1996 0.1343 0.9706
vn -0.0025 0.2915 0.9566
vn -0.0048 0.2894 0.9572
vn -0.0171 0.3050 0.9522
vn -0.0191 0.3033 0.9527
vn -0.0206 0.3582 0.9334
vn -0.0259 0.3538 0.9350
vn -0.0087 0.3064 0.9519
vn -0.0174 0.2987 0.9542
vn -0.0181 0.3206 0.9470
vn -0.0230 0.3165 0.9483
vn -0.2108 0.4389 0.8735
vn -0.2110 0.4390 0.8733
vn -0.2082 0.5498 0.8089
vn -0.1969 0.5408 0.8178
vn -0.7831 0.1093 0.6122
vn -0.7999 0.1346 0.5849
vn -0.8572 0.3054 0.4146
vn -0.8674 0.2830 0.4093
vn -0.5386 0.4758 0.6954
vn -0.5473 0.4641 0.6965
vn -0.6357 0.2794 0.7196
vn -0.6411 0.2887 0.7111
vn -0.8403 0.3144 0.4417
vn -0.8562 0.2895 0.4279
vn -0.6261 0.1047 0.7727
vn -0.7506 0.0908 0.6545
vn -0.7814 0.1348 0.6093
vn -0.8399 0.1279 0.5274
vn -0.5786 -0.0945 0.8101
vn -0.6204 0.0821 0.7799
vn -0.7842 0.1303 0.6067
vn -0.7742 0.0151 0.6328
vn -0.7336 0.0848 0.6742
vn -0.7072 -0.0578 0.7046
vn -0.0684 -0.9390 0.3370
vn -0.0701 -0.9368 0.3427
vn 0.6193 -0.7551 0.2150
vn 0.7224 -0.6715 0.1650
vn 0.0298 -0.9123 0.4084
vn 0.1864 -0.9455 0.2669
vn -0.2295 -0.6093 0.7589
vn -0.2388 -0.6235 0.7445
vn -0.9974 -0.0034 0.0715
vn -0.9970 0.0038 0.0778
vn -0.9856 0.0045 0.1689
vn -0.9873 -0.0076 0.1588
vn -0.8897 0.0749 0.4504
vn -0.8933 0.0613 0.4452
vn -0.9514 0.0078 0.3079
vn -0.9502 0.0127 0.3113
vn -0.9735 0.0027 0.2285
vn -0.9740 0.0003 0.2266
vn -0.8800 0.0804 0.4681
vn -0.8894 0.0987 0.4463
vn -0.9511 -0.0014 0.3089
vn -0.9514 -0.0026 0.3081
vn -0.9754 -0.0069 0.2203
vn -0.9735 -0.0155 0.2280
vn -0.9896 0.0047 0.1438
vn -0.9873 -0.0122 0.1586
vn -0.9972 0.0004 0.0752
vn -0.9974 -0.0040 0.0714
vn -0.0618 0.1347 0.9890
vn -0.0649 0.1947 0.9787
vn -0.1208 0.1776 0.9767
vn -0.0743 0.1473 0.9863
vn -0.2368 0.3580 0.9032
vn -0.2487 0.2589 0.9333
vn -0.3496 0.4333 0.8307
vn -0.3704 0.2946 0.8809
vn -0.0503 0.1025 0.9935
vn -0.0505 0.0990 0.9938
vn -0.0250 -0.1489 0.9885
vn -0.0258 -0.1541 0.9877
vn -0.1150 0.1287 0.9850
vn -0.1154 0.1290 0.9849
vn -0.2082 0.2853 0.9355
vn -0.2176 0.2259 0.9495
vn -0.2871 0.3578 0.8886
vn -0.3019 0.2736 0.9132
vn -0.1097 0.0765 0.9910
vn -0.1063 0.1072 0.9885
vn -0.0728 -0.0195 0.9972
vn -0.0726 -0.0177 0.9972
vn -0.1063 -0.1696 0.9798
vn -0.1049 -0.1632 0.9810
vn -0.1591 0.1105 0.9811
vn -0.1544 0.1386 0.9782
vn -0.2077 0.2321 0.9503
vn -0.2173 0.1815 0.9591
vn -0.2723 0.2953 0.9158
vn -0.2831 0.2412 0.9283
vn -0.1639 0.0882 0.9825
vn -0.1599 0.1128 0.9807
vn -0.1416 -0.0382 0.9892
vn -0.1357 -0.0032 0.9907
vn -0.2010 -0.1626 0.9660
vn -0.2051 -0.1766 0.9627
vn -0.2078 0.1470 0.9671
vn -0.2146 0.1139 0.9700
vn -0.1962 0.1579 0.9678
vn -0.2297 0.1738 0.9576
vn -0.2716 0.2257 0.9356
vn -0.2652 0.2541 0.9301
vn -0.2218 0.1412 0.9648
vn -0.2340 0.0884 0.9682
vn -0.2183 0.0173 0.9757
vn -0.2286 -0.0233 0.9733
vn -0.3132 -0.1610 0.9359
vn -0.3013 -0.1307 0.9445
vn -0.2798 0.1160 0.9530
vn -0.2644 0.1766 0.9481
vn -0.2265 0.1388 0.9641
vn -0.2197 0.1676 0.9611
vn -0.2507 0.2405 0.9377
vn -0.2626 0.1919 0.9456
vn -0.3035 0.1169 0.9456
vn -0.2893 0.1642 0.9430
vn -0.3164 0.0003 0.9486
vn -0.2958 0.0617 0.9532
vn 0.0828 -0.0191 0.9964
vn 0.0790 0.0488 0.9957
vn 0.0191 0.0463 0.9987
vn 0.0156 0.1013 0.9947
vn -0.0037 0.0049 1.0000
vn -0.0038 0.0020 1.0000
vn 0.0550 -0.1000 0.9935
vn 0.0527 -0.1264 0.9906
vn 0.0217 -0.2330 0.9722
vn -0.0082 -0.2008 0.9796
vn 0.0410 -0.1734 0.9840
vn 0.0227 -0.2368 0.9713
vn -0.0731 -0.2626 0.9621
vn -0.0865 -0.2463 0.9653
vn -0.0689 -0.2397 0.9684
vn -0.0748 -0.2548 0.9641
vn -0.1754 -0.2799 0.9439
vn -0.1891 -0.2607 0.9467
vn -0.1752 -0.2810 0.9436
vn -0.1579 -0.2472 0.9560
vn -0.3124 -0.6153 0.7238
vn -0.2507 -0.6310 0.7342
vn -0.1840 -0.5660 0.8036
vn -0.1883 -0.5662 0.8025
vn 0.0228 -0.0929 0.9954
vn 0.0812 -0.1661 0.9828
vn -0.0817 -0.1625 0.9833
vn -0.0504 -0.2081 0.9768
vn -0.1610 -0.2183 0.9625
vn -0.1452 -0.1906 0.9709
vn 0.1789 -0.0312 0.9834
vn 0.0886 0.0313 0.9956
vn 0.1007 -0.1630 0.9815
vn 0.1134 -0.0961 0.9889
vn 0.1597 0.0061 0.9871
vn 0.1604 0.1100 0.9809
vn 0.1049 -0.1755 0.9789
vn 0.0716 -0.1437 0.9870
vn -0.2917 -0.2806 0.9144
vn -0.3025 -0.2622 0.9164
vn -0.2731 -0.2567 0.9271
vn -0.2913 -0.2850 0.9132
vn -0.4256 -0.2255 0.8764
vn -0.4210 -0.2362 0.8758
vn -0.3920 -0.2388 0.8885
vn -0.4251 -0.2799 0.8608
vn -0.5256 -0.2008 0.8267
vn -0.5431 -0.2184 0.8107
vn -0.5405 -0.1810 0.8217
vn -0.5492 -0.1506 0.8220
vn -0.6406 -0.0765 0.7640
vn -0.6399 -0.0813 0.7642
vn -0.6173 -0.1347 0.7751
vn -0.6546 -0.1564 0.7396
vn -0.7016 0.0055 0.7125
vn -0.7019 0.0228 0.7119
vn -0.7116 -0.0666 0.6995
vn -0.7264 -0.0697 0.6837
vn -0.7270 0.1019 0.6791
vn -0.7304 0.0723 0.6792
vn -0.7634 0.0175 0.6457
vn -0.7654 0.0175 0.6433
vn -0.4048 0.0478 0.9132
vn -0.3727 0.1218 0.9199
vn -0.3737 0.1369 0.9174
vn -0.3480 0.2053 0.9147
vn -0.3391 0.1427 0.9299
vn -0.3147 0.2197 0.9234
vn -0.2525 0.1467 0.9564
vn -0.2415 0.1896 0.9517
vn -0.2470 0.2031 0.9475
vn -0.2500 0.1920 0.9490
vn -0.2773 0.2440 0.9293
vn -0.2918 0.1864 0.9381
vn -0.3053 0.1506 0.9403
vn -0.3125 0.1073 0.9438
vn -0.2785 0.0699 0.9579
vn -0.3206 0.0674 0.9448
vn -0.2863 0.0338 0.9576
vn -0.2976 0.0333 0.9541
vn -0.2810 0.0184 0.9595
vn -0.2800 0.0411 0.9591
vn -0.3755 0.0964 0.9218
vn -0.3731 0.1193 0.9201
vn -0.4579 0.1577 0.8749
vn -0.4535 0.1929 0.8701
vn -0.5542 0.2546 0.7925
vn -0.4958 0.2692 0.8257
vn -0.5365 0.2891 0.7928
vn -0.5410 0.3329 0.7723
vn -0.5889 0.3673 0.7199
vn -0.6160 0.3427 0.7093
vn -0.6286 0.3430 0.6980
vn -0.6157 0.3193 0.7204
vn -0.6280 0.2737 0.7285
vn -0.6586 0.3188 0.6816
vn -0.6002 0.2228 0.7682
vn -0.6424 0.2738 0.7158
vn -0.5864 0.1941 0.7864
vn -0.5576 0.2226 0.7997
vn -0.2984 0.0652 0.9522
vn -0.2397 0.1013 0.9655
vn -0.0331 -0.0328 0.9989
vn -0.1006 0.0179 0.9948
vn 0.0087 -0.0344 0.9994
vn -0.0137 -0.0500 0.9987
vn -0.2679 0.1788 0.9467
vn -0.2678 0.1792 0.9467
vn -0.3049 0.1900 0.9332
vn -0.2655 0.1743 0.9482
vn -0.3678 0.2639 0.8917
vn -0.3974 0.1803 0.8998
vn -0.4076 0.2635 0.8743
vn -0.4471 0.1680 0.8786
vn -0.4062 0.0683 0.9112
vn -0.4092 0.0506 0.9110
vn -0.4372 0.1179 0.8916
vn -0.4356 0.1249 0.8914
vn -0.4998 0.2553 0.8276
vn -0.4927 0.2759 0.8253
vn -0.5313 0.2731 0.8020
vn -0.5101 0.3270 0.7955
vn -0.7064 0.1275 0.6963
vn -0.7173 0.0663 0.6936
vn -0.7805 0.0684 0.6214
vn -0.7471 0.0606 0.6620
vn -0.9739 0.0879 0.2094
vn -0.9630 0.1169 0.2429
vn -0.6596 0.0822 0.7471
vn -0.6509 0.0715 0.7558
vn -0.6575 0.0629 0.7508
vn -0.6568 0.0662 0.7512
vn -0.6586 0.1604 0.7352
vn -0.6398 0.1412 0.7554
vn -0.6662 0.1175 0.7364
vn -0.6655 0.1204 0.7366
vn -0.5728 0.2565 0.7785
vn -0.5372 0.3468 0.7688
vn -0.4482 0.2119 0.8685
vn -0.5057 0.0965 0.8573
vn -0.5072 -0.0377 0.8610
vn -0.5058 -0.0251 0.8623
vn -0.5406 0.0413 0.8403
vn -0.5427 0.0280 0.8395
vn -0.5865 0.2166 0.7804
vn -0.5714 0.2066 0.7942
vn -0.5911 0.2795 0.7566
vn -0.5844 0.2970 0.7552
vn -0.5960 -0.1190 0.7941
vn -0.5951 -0.1005 0.7973
vn -0.6391 -0.0614 0.7667
vn -0.6373 -0.0440 0.7694
vn -0.6973 0.1153 0.7074
vn -0.6958 0.1215 0.7079
vn -0.7107 0.2108 0.6712
vn -0.7108 0.2104 0.6712
vn -0.6635 -0.1812 0.7259
vn -0.6633 -0.1525 0.7326
vn -0.7120 -0.1230 0.6913
vn -0.7099 -0.0940 0.6980
vn -0.7886 0.0418 0.6135
vn -0.7860 0.0547 0.6158
vn -0.7942 0.1422 0.5907
vn -0.7999 0.1214 0.5877
vn -0.7687 -0.1615 0.6189
vn -0.7662 -0.1217 0.6310
vn -0.8389 0.0040 0.5443
vn -0.8487 0.0132 0.5287
vn -0.8538 0.0718 0.5157
vn -0.8551 0.0663 0.5142
vn -0.8783 0.0097 0.4780
vn -0.8850 -0.0239 0.4650
vn -0.8919 0.0303 0.4511
vn -0.8909 0.0348 0.4529
vn -0.8281 -0.1307 0.5451
vn -0.7935 -0.1513 0.5894
vn -0.9661 -0.1179 0.2298
vn -0.9659 -0.1164 0.2311
vn -0.9727 -0.0613 0.2236
vn -0.9708 -0.0475 0.2352
vn -0.9740 -0.0014 0.2265
vn -0.9745 0.0007 0.2245
vn -0.9739 0.0128 0.2268
vn -0.9744 0.0102 0.2248
vn -0.9794 -0.1239 0.1594
vn -0.9788 -0.1085 0.1739
vn -0.9856 -0.0571 0.1593
vn -0.9849 -0.0493 0.1661
vn -0.9867 -0.0075 0.1622
vn -0.9863 -0.0099 0.1644
vn -0.9856 0.0035 0.1689
vn -0.9863 -0.0015 0.1648
vn -0.9908 -0.1174 0.0678
vn -0.9914 -0.0975 0.0875
vn -0.9961 -0.0604 0.0646
vn -0.9960 -0.0511 0.0732
vn -0.9975 -0.0226 0.0667
vn -0.9974 -0.0188 0.0701
vn -0.9970 -0.0090 0.0773
vn -0.9974 -0.0171 0.0702
vn -0.4230 -0.1114 0.8993
vn -0.4023 -0.0721 0.9127
vn -0.6832 -0.2755 0.6763
vn -0.6969 -0.2790 0.6607
vn -0.9566 -0.1769 0.2317
vn -0.9596 -0.1692 0.2249
vn -0.9707 -0.1738 0.1659
vn -0.9706 -0.1608 0.1792
vn -0.9839 -0.1466 0.1024
vn -0.9826 -0.1678 0.0800
vn -0.9768 -0.0918 -0.1934
vn -0.9838 -0.0688 -0.1654
vn -0.1463 0.3695 0.9176
vn -0.1295 0.3840 0.9142
vn -0.1400 0.3256 0.9351
vn -0.1259 0.3381 0.9327
vn -0.1317 0.3062 0.9428
vn -0.1211 0.3157 0.9411
vn -0.1157 0.3162 0.9416
vn -0.0948 0.3349 0.9375
vn -0.0529 0.3194 0.9461
vn -0.0748 0.3449 0.9357
vn -0.2897 -0.7259 0.6238
vn -0.2955 -0.6822 0.6688
vn -0.2169 -0.6779 0.7024
vn -0.2278 -0.6749 0.7018
vn -0.1374 -0.6093 0.7810
vn -0.1364 -0.5972 0.7904
vn -0.6368 -0.1133 0.7627
vn -0.6849 -0.1605 0.7107
vn -0.5621 0.3625 0.7434
vn -0.5562 0.3375 0.7594
vn -0.5997 0.3593 0.7150
vn -0.5949 0.3486 0.7243
vn -0.5752 0.3296 0.7487
vn -0.5812 0.3474 0.7359
vn -0.5636 0.3266 0.7587
vn -0.5587 0.3038 0.7717
vn -0.9812 -0.0491 -0.1865
vn -0.9811 -0.0495 -0.1870
vn -0.9850 -0.0460 -0.1665
vn -0.9799 -0.0667 -0.1883
vn -0.9842 -0.0577 -0.1672
vn -0.9866 -0.0825 -0.1406
vn -0.9906 -0.0676 -0.1187
vn -0.9857 -0.0926 -0.1408
vn -0.9928 -0.0777 -0.0912
vn -0.9868 -0.1112 -0.1179
vn -0.9913 -0.0951 -0.0905
vn -0.9904 -0.1275 -0.0525
vn -0.9949 -0.1007 -0.0082
vn -0.9859 -0.1591 -0.0512
vn -0.9940 -0.1042 0.0320
vn -0.9900 -0.1406 -0.0109
vn -0.9960 -0.0822 0.0359
vn -0.9906 -0.1236 0.0587
vn -0.9961 -0.0492 0.0732
vn -0.9913 -0.0900 0.0959
vn -0.9884 0.0223 0.1500
vn -0.9852 -0.0150 0.1706
vn -0.9773 0.0286 0.2099
vn -0.9847 0.0044 0.1744
vn -0.9457 0.0357 0.3231
vn -0.9457 0.0347 0.3233
vn -0.9363 0.0775 0.3427
vn -0.9354 0.0777 0.3449
vn -0.9416 0.0541 0.3323
vn -0.9415 0.0542 0.3327
vn -0.9308 0.0949 0.3529
vn -0.9293 0.1134 0.3513
vn -0.9208 0.1362 0.3655
vn -0.9190 0.1497 0.3647
vn -0.8819 0.2282 0.4126
vn -0.8817 0.2283 0.4130
vn -0.8157 0.3133 0.4863
vn -0.8207 0.3144 0.4771
vn -0.8597 0.2655 0.4364
vn -0.8622 0.2574 0.4362
vn -0.7233 0.3895 0.5702
vn -0.7332 0.3699 0.5705
vn -0.6601 0.4121 0.6281
vn -0.6742 0.3888 0.6279
vn -0.6244 0.4100 0.6649
vn -0.6318 0.4155 0.6543
vn -0.5768 0.4272 0.6962
vn -0.5830 0.4324 0.6879
vn -0.7882 0.3451 0.5095
vn -0.7933 0.3329 0.5098
vn -0.8386 0.2901 0.4611
vn -0.8403 0.2902 0.4579
vn -0.9696 0.0285 0.2428
vn -0.9787 0.0057 0.2051
vn -0.9529 0.0104 0.3030
vn -0.9578 0.0057 0.2872
vn -0.9489 0.0172 0.3151
vn -0.9523 0.0148 0.3047
vn -0.9612 0.0129 0.2755
vn -0.9662 0.0051 0.2578
vn -0.9573 0.0106 0.2889
vn -0.9620 0.0048 0.2731
vn -0.9696 0.0289 0.2429
vn -0.9666 -0.0006 0.2562
vn -0.6547 0.2709 0.7056
vn -0.5545 0.2780 0.7843
vn -0.6241 0.2304 0.7466
vn -0.7324 0.2169 0.6454
vn -0.7856 0.2872 0.5481
vn -0.7734 0.3023 0.5572
vn -0.4610 0.3797 0.8021
vn -0.4367 0.4103 0.8006
vn -0.4510 0.3224 0.8323
vn -0.4312 0.3488 0.8321
vn -0.4409 0.2823 0.8520
vn -0.4244 0.3052 0.8525
vn -0.4076 0.2956 0.8640
vn -0.3988 0.3076 0.8639
vn -0.5875 0.3231 0.7420
vn -0.4887 0.3233 0.8103
vn -0.5156 0.2967 0.8038
vn -0.3970 0.2934 0.8697
vn -0.4331 0.2605 0.8629
vn -0.3469 0.2572 0.9019
vn -0.3633 0.2429 0.8994
vn -0.3045 0.2407 0.9216
vn -0.3345 0.2152 0.9175
vn -0.2980 0.2141 0.9303
vn -0.3320 0.1852 0.9249
vn -0.2904 0.1842 0.9390
vn -0.3162 0.1118 0.9421
vn -0.3043 0.1724 0.9369
vn -0.4010 -0.0028 0.9161
vn -0.3823 -0.0024 0.9240
vn -0.4531 -0.0795 0.8879
vn -0.4593 -0.0798 0.8847
vn -0.5113 -0.1441 0.8472
vn -0.5365 -0.1459 0.8312
vn -0.5829 -0.2149 0.7836
vn -0.5961 -0.2167 0.7731
vn -0.6284 -0.2775 0.7267
vn -0.6445 -0.2811 0.7110
vn -0.6485 -0.3130 0.6938
vn -0.6521 -0.3012 0.6957
vn -0.6472 -0.3240 0.6900
vn -0.6517 -0.3272 0.6842
vn -0.6606 -0.3490 0.6646
vn -0.6489 -0.3383 0.6815
vn -0.6786 -0.3619 0.6391
vn -0.6605 -0.3421 0.6684
vn -0.6796 -0.3383 0.6509
vn -0.6974 -0.3611 0.6191
vn -0.7153 -0.3359 0.6128
vn -0.6975 -0.3596 0.6198
vn -0.7418 -0.3352 0.5809
vn -0.7092 -0.3739 0.5976
vn -0.7688 -0.3303 0.5475
vn -0.7821 -0.3585 0.5096
vn -0.7945 -0.3134 0.5201
vn -0.8011 -0.3274 0.5010
vn -0.4977 -0.6088 0.6178
vn -0.4930 -0.4729 0.7303
vn -0.6974 0.1709 0.6960
vn -0.7971 0.1574 0.5829
vn 0.2121 0.0132 0.9771
vn 0.1246 0.0920 0.9879
vn 0.1595 0.0060 0.9872
vn 0.1505 -0.0861 0.9849
vn 0.1623 -0.1144 0.9801
vn 0.1034 -0.0650 0.9925
vn 0.0824 -0.0193 0.9964
vn 0.0815 -0.0905 0.9926
vn 0.0161 0.0448 0.9989
vn 0.0168 0.0132 0.9998
vn -0.0495 0.1412 0.9887
vn -0.0492 0.1030 0.9935
vn -0.1044 0.2033 0.9735
vn -0.1048 0.1861 0.9769
vn -0.2963 0.4068 0.8641
vn -0.3043 0.3103 0.9006
vn -0.4273 0.5055 0.7496
vn -0.4490 0.3526 0.8210
vn -0.5232 0.4684 0.7120
vn -0.5449 0.3218 0.7743
vn -0.6638 0.3443 0.6639
vn -0.5636 0.3489 0.7488
vn -0.6333 0.2972 0.7146
vn -0.7162 0.2888 0.6353
vn -0.7306 0.3127 0.6071
vn -0.7432 0.2007 0.6383
vn -0.7563 0.2212 0.6157
vn -0.8088 0.2123 0.5484
vn -0.8256 0.2327 0.5140
vn -0.8648 0.2256 0.4487
vn -0.8385 0.2678 0.4745
vn -0.8675 0.2616 0.4231
vn -0.8416 0.3302 0.4273
vn -0.8583 0.2761 0.4325
vn -0.7702 0.3741 0.5166
vn -0.7451 0.4183 0.5194
vn -0.4139 0.5455 0.7288
vn -0.4032 0.5426 0.7369
vn -0.1864 0.5884 0.7868
vn -0.1757 0.5952 0.7841
vn -0.8528 0.1879 0.4873
vn -0.7995 0.1952 0.5681
vn 0.0752 0.4565 0.8865
vn 0.2601 0.3165 0.9122
vn 0.1586 0.4867 0.8591
vn 0.1561 0.6383 0.7538
vn 0.1141 0.2700 0.9561
vn 0.2192 0.1742 0.9600
vn -0.0414 0.1236 0.9915
vn 0.0092 0.0974 0.9952
vn 0.0026 0.1064 0.9943
vn 0.0964 0.0598 0.9935
vn 0.1758 0.0926 0.9800
vn 0.0195 0.1658 0.9860
vn 0.1632 0.1116 0.9803
vn 0.1427 0.3051 0.9416
vn 0.2544 0.3287 0.9095
vn 0.0441 0.4431 0.8954
vn 0.1596 0.3116 0.9367
vn -0.0551 0.3546 0.9334
vn -0.1747 -0.0191 0.9844
vn -0.1824 -0.0311 0.9827
vn -0.4362 -0.1445 0.8882
vn -0.3930 -0.0536 0.9180
vn -0.5209 -0.2882 0.8035
vn -0.6265 -0.1859 0.7569
vn -0.7054 -0.3489 0.6170
vn -0.5842 -0.4514 0.6746
vn -0.6422 -0.4769 0.6001
vn -0.5252 -0.5511 0.6484
vn -0.4729 -0.5190 0.7120
vn -0.3520 -0.5613 0.7490
vn -0.2959 -0.5180 0.8026
vn -0.2208 -0.5237 0.8228
vn -0.2057 -0.5098 0.8354
vn -0.2152 -0.5109 0.8322
vn -0.1257 -0.4253 0.8963
vn -0.1202 -0.4236 0.8978
vn 0.0345 -0.2719 0.9617
vn 0.0441 -0.2679 0.9624
vn 0.1494 -0.1831 0.9717
vn 0.1067 -0.2023 0.9735
vn 0.0422 -0.3388 0.9399
vn -0.0189 -0.3640 0.9312
vn -0.1577 -0.5452 0.8234
vn -0.1206 -0.5332 0.8374
vn -0.4476 -0.8123 0.3739
vn -0.3656 -0.8142 0.4510
vn -0.2992 -0.3966 0.8678
vn -0.4213 -0.4924 0.7616
vn -0.2327 -0.1351 0.9631
vn -0.3388 -0.2203 0.9147
vn -0.2314 0.1740 0.9572
vn -0.2416 0.3380 0.9096
vn -0.1165 0.5348 0.8369
vn -0.2859 0.4200 0.8613
vn 0.1383 0.8378 0.5282
vn 0.0807 0.8175 0.5702
vn 0.0784 0.7609 0.6441
vn 0.1884 0.7532 0.6303
vn 0.1661 0.7402 0.6515
vn 0.1747 0.6466 0.7426
vn 0.1274 0.6950 0.7076
vn 0.1650 0.5215 0.8371
vn 0.0675 0.6183 0.7830
vn 0.1552 0.3163 0.9359
vn 0.0716 0.8311 0.5515
vn 0.0702 0.8134 0.5775
vn -0.4754 0.8306 -0.2899
vn -0.5073 0.7987 -0.3236
vn -0.6143 0.7313 -0.2963
vn -0.4054 0.9095 -0.0920
vn -0.6752 -0.2598 0.6904
vn -0.6594 -0.2805 0.6975
vn -0.6777 -0.2644 0.6862
vn -0.6824 -0.2581 0.6839
vn -0.6578 -0.2809 0.6988
vn -0.6350 -0.3109 0.7072
vn -0.6483 -0.2897 0.7041
vn -0.6318 -0.3031 0.7134
vn -0.6799 -0.2988 0.6697
vn -0.6905 -0.2892 0.6630
vn -0.7201 -0.2980 0.6266
vn -0.7108 -0.2871 0.6421
vn -0.6014 -0.3092 0.7367
vn -0.6225 -0.2921 0.7261
vn -0.6490 -0.2570 0.7161
vn -0.6632 -0.2673 0.6991
vn -0.1230 -0.5916 0.7968
vn -0.0577 -0.5198 0.8523
vn -0.1207 -0.6194 0.7758
vn -0.1915 -0.5837 0.7891
vn -0.2550 -0.6271 0.7360
vn -0.2446 -0.6008 0.7611
vn -0.2890 -0.4801 0.8282
vn -0.2763 -0.4882 0.8278
vn -0.2350 0.3839 0.8930
vn -0.2122 0.4059 0.8889
vn -0.2261 0.3330 0.9154
vn -0.2128 0.3465 0.9136
vn -0.2200 0.3081 0.9256
vn -0.2125 0.3159 0.9247
vn -0.2040 0.3277 0.9225
vn -0.1960 0.3359 0.9213
vn -0.1752 0.3672 0.9135
vn -0.1628 0.3509 0.9222
vn -0.2510 -0.6829 0.6861
vn -0.2520 -0.6089 0.7521
vn -0.1580 -0.6646 0.7303
vn -0.2179 -0.6394 0.7374
vn -0.2389 -0.6774 0.6958
vn -0.2239 -0.6839 0.6944
vn -0.1839 -0.6099 0.7708
vn -0.1123 -0.6337 0.7654
vn -0.2323 -0.6871 0.6884
vn -0.2120 -0.6947 0.6874
vn -0.2952 -0.3427 0.8918
vn -0.3165 -0.1711 0.9330
vn -0.3504 -0.2080 0.9132
vn -0.3567 -0.1266 0.9256
vn -0.3756 -0.1474 0.9150
vn -0.3758 -0.1315 0.9173
vn -0.4514 -0.2134 0.8664
vn -0.4515 -0.2232 0.8639
vn -0.5537 -0.3324 0.7635
vn -0.5521 -0.3837 0.7402
vn -0.6299 -0.4644 0.6225
vn -0.6195 -0.5401 0.5696
vn -0.6554 -0.6610 0.3654
vn -0.6770 -0.5925 0.4366
vn -0.6625 -0.7399 0.1171
vn -0.6285 -0.7598 0.1664
vn -0.4281 -0.8462 0.3174
vn -0.4772 -0.8392 0.2608
vn -0.4304 -0.7283 0.5332
vn -0.4765 -0.7307 0.4889
vn -0.3842 -0.5346 0.7527
vn -0.4278 -0.5446 0.7214
vn -0.3340 -0.3507 0.8749
vn -0.3773 -0.3638 0.8516
vn -0.2985 -0.1979 0.9337
vn -0.3378 -0.2120 0.9170
vn -0.3022 -0.1321 0.9441
vn -0.2973 -0.1303 0.9459
vn -0.2928 -0.1194 0.9487
vn -0.2435 -0.1000 0.9647
vn -0.9450 -0.3235 0.0480
vn -0.9506 -0.2928 0.1028
vn -0.9194 -0.3448 0.1891
vn -0.9077 -0.3603 0.2149
vn -0.9033 -0.3600 0.2332
vn -0.8903 -0.3759 0.2570
vn -0.8838 -0.3757 0.2788
vn -0.8687 -0.3926 0.3021
vn -0.8388 -0.4039 0.3651
vn -0.8387 -0.4040 0.3652
vn -0.7874 -0.4031 0.4664
vn -0.7833 -0.3937 0.4812
vn -0.7508 -0.3954 0.5291
vn -0.7753 -0.3702 0.5118
vn -0.7413 -0.3379 0.5800
vn -0.7584 -0.3716 0.5356
vn -0.7331 -0.3384 0.5899
vn -0.7673 -0.2972 0.5683
vn -0.7451 -0.3000 0.5957
vn -0.7292 -0.2769 0.6258
vn -0.7117 -0.2791 0.6446
vn -0.7108 -0.2780 0.6461
vn -0.6814 -0.2821 0.6753
vn -0.6927 -0.2698 0.6689
vn -0.6595 -0.2749 0.6996
vn -0.6318 -0.3029 0.7135
vn -0.6348 -0.3025 0.7110
vn -0.6216 -0.3162 0.7167
vn -0.5839 -0.3219 0.7453
vn -0.5915 -0.3269 0.7371
vn -0.5508 -0.3331 0.7653
vn -0.5207 -0.3171 0.7927
vn -0.5264 -0.3162 0.7892
vn -0.4781 -0.2972 0.8265
vn -0.4647 -0.2658 0.8446
vn -0.4282 -0.3040 0.8510
vn -0.7758 -0.5981 0.2008
vn -0.7780 -0.5877 0.2222
vn -0.7959 -0.5796 0.1750
vn -0.7861 -0.5789 0.2166
vn -0.8091 -0.5485 0.2112
vn -0.7846 -0.5371 0.3097
vn -0.7874 -0.5832 0.1996
vn -0.7762 -0.5842 0.2372
vn -0.7380 -0.6346 0.2297
vn -0.7447 -0.6085 0.2741
vn -0.7412 -0.5874 0.3249
vn -0.7447 -0.4864 0.4570
vn -0.7171 -0.5163 0.4682
vn -0.6546 -0.4474 0.6093
vn -0.7089 -0.6444 0.2867
vn -0.6615 -0.5872 0.4665
vn -0.5489 -0.3974 0.7353
vn -0.5683 -0.4238 0.7053
vn -0.5140 -0.3946 0.7617
vn -0.5801 -0.4988 0.6440
vn -0.4768 -0.4488 0.7558
vn -0.4506 -0.4132 0.7913
vn -0.3677 -0.4606 0.8079
vn -0.3726 -0.4683 0.8011
vn -0.3638 -0.4301 0.8262
vn -0.3393 -0.3854 0.8581
vn -0.2791 -0.9374 0.2081
vn -0.2939 -0.9185 0.2645
vn -0.1710 -0.1497 0.9738
vn -0.2045 -0.1687 0.9642
vn -0.2628 -0.1553 0.9523
vn -0.1864 -0.2621 0.9469
vn -0.4770 -0.5146 0.7125
vn -0.4562 -0.5176 0.7238
vn -0.3640 -0.5815 0.7276
vn -0.3871 -0.4738 0.7909
vn -0.2979 -0.5593 0.7736
vn -0.2824 -0.5499 0.7860
vn -0.2018 -0.2576 0.9449
vn -0.3601 -0.3027 0.8825
vn -0.2823 -0.5499 0.7861
vn -0.2930 -0.3410 0.8932
vn 0.2765 -0.8791 0.3882
vn 0.2679 -0.8817 0.3884
vn -0.1627 0.7999 0.5776
vn -0.1696 0.7978 0.5786
vn -0.1600 0.7894 0.5926
vn -0.1899 0.7762 0.6012
vn -0.1972 0.7438 0.6387
vn -0.1801 0.7701 0.6120
vn -0.2224 0.7124 0.6656
vn -0.1863 0.7387 0.6478
vn -0.1978 0.7069 0.6791
vn -0.1987 0.7061 0.6797
vn -0.1827 0.7037 0.6866
vn -0.1855 0.6787 0.7106
vn -0.1712 0.6771 0.7157
vn -0.1694 0.6798 0.7136
vn -0.1418 0.6788 0.7205
vn -0.1228 0.7136 0.6897
vn -0.0837 0.7154 0.6937
vn -0.0850 0.7110 0.6980
vn -0.0429 0.7137 0.6992
vn -0.0555 0.7298 0.6814
vn -0.0478 0.7385 0.6726
vn -0.0409 0.7328 0.6792
vn -0.0007 0.7514 0.6598
vn -0.0473 0.7815 0.6221
vn 0.0052 0.8370 0.5472
vn 0.0062 0.8294 0.5586
vn 0.0402 0.8400 0.5412
vn 0.0426 0.8593 0.5096
vn 0.0748 0.8645 0.4971
vn 0.0821 0.8756 0.4760
vn 0.0383 0.8156 0.5773
vn 0.0249 0.8309 0.5558
vn 0.0022 0.8321 0.5546
vn 0.0173 0.8182 0.5747
vn -0.0768 0.8189 0.5688
vn -0.1511 0.7682 0.6221
vn -0.1479 0.7212 0.6767
vn -0.1136 0.7752 0.6214
vn -0.5577 0.1357 0.8189
vn -0.5438 0.1457 0.8265
vn -0.7015 -0.3525 0.6194
vn -0.5708 -0.3843 0.7256
vn -0.5717 -0.5930 0.5670
vn -0.5776 -0.7091 0.4045
vn -0.4629 -0.8045 0.3721
vn -0.4743 -0.7226 0.5028
vn -0.4349 -0.7496 0.4990
vn -0.4121 -0.8493 0.3299
vn -0.4180 -0.8458 0.3316
vn -0.4117 -0.8469 0.3366
vn -0.2196 -0.8748 0.4319
vn -0.3485 -0.8814 0.3189
vn -0.2021 -0.8808 0.4282
vn -0.2390 -0.8882 0.3925
vn -0.1605 -0.9003 0.4047
vn -0.1809 -0.9059 0.3829
vn -0.1159 -0.9092 0.4000
vn -0.0847 -0.8911 0.4458
vn 0.0178 -0.9058 0.4232
vn 0.0151 -0.9281 0.3720
vn 0.0568 -0.9161 0.3968
vn 0.0579 -0.9199 0.3879
vn 0.0736 -0.9273 0.3669
vn 0.0648 -0.9141 0.4002
vn 0.0923 -0.9217 0.3768
vn 0.0924 -0.9217 0.3766
vn 0.1090 -0.9158 0.3865
vn 0.0945 -0.9017 0.4219
vn 0.1087 -0.9098 0.4006
vn 0.1570 -0.9260 0.3433
vn 0.1896 -0.9058 0.3789
vn 0.2346 -0.9130 0.3338
vn -0.7433 0.6661 -0.0611
vn -0.6982 0.7159 0.0033
vn -0.8758 0.4822 0.0194
vn -0.8996 0.4334 -0.0535
vn -0.9600 0.2725 -0.0646
vn -0.9627 0.2668 -0.0462
vn -0.9359 -0.0737 0.3444
vn -0.9978 -0.0668 -0.0047
vn -0.8946 -0.3899 0.2181
vn -0.8437 -0.4079 0.3489
vn -0.6837 -0.7233 0.0974
vn -0.7541 -0.6567 0.0097
vn -0.0192 0.8163 0.5773
vn 0.1177 0.8777 0.4646
vn -0.0909 0.7092 0.6991
vn -0.0913 0.7170 0.6911
vn -0.4633 -0.7994 0.3824
vn -0.4891 -0.7473 0.4499
vn -0.1792 -0.9440 0.2770
vn -0.1944 -0.9226 0.3332
vn -0.1126 -0.3708 0.9219
vn -0.0961 -0.3212 0.9421
vn -0.1214 -0.5556 0.8226
vn -0.1222 -0.5574 0.8212
vn -0.5249 -0.5958 0.6079
vn -0.5218 -0.7153 0.4649
vn -0.4149 -0.6515 0.6352
vn -0.3994 -0.3961 0.8268
vn -0.2887 -0.4372 0.8518
vn -0.2739 -0.2522 0.9281
vn -0.2364 -0.3460 0.9080
vn -0.2285 -0.4272 0.8748
vn -0.2561 -0.5288 0.8091
vn -0.2595 -0.5123 0.8187
vn -0.1517 -0.1151 0.9817
vn -0.1527 -0.2837 0.9467
vn -0.0547 -0.1287 0.9902
vn -0.0613 -0.0725 0.9955
vn -0.6622 -0.5866 0.4663
vn -0.5947 -0.4870 0.6396
vn -0.6491 -0.4526 0.6114
vn -0.6031 -0.3946 0.6932
vn -0.5817 -0.6762 0.4521
vn -0.6191 -0.7202 0.3130
vn -0.6640 -0.6829 0.3047
vn -0.6569 -0.7102 0.2532
vn -0.7286 -0.6397 0.2446
vn -0.7344 -0.6405 0.2246
vn -0.4577 -0.4355 0.7752
vn -0.4316 -0.3935 0.8117
vn -0.7330 -0.6348 0.2444
vn -0.7360 -0.6223 0.2666
vn -0.6582 -0.6588 0.3644
vn -0.6803 -0.6780 0.2784
vn -0.6263 -0.5875 0.5125
vn -0.6164 -0.6933 0.3733
vn -0.5377 -0.6516 0.5351
vn -0.5287 -0.4360 0.7282
vn -0.4577 -0.4814 0.7475
vn -0.3872 -0.3585 0.8495
vn -0.3382 -0.3813 0.8604
vn -0.2786 -0.2682 0.9222
vn -0.1867 -0.2970 0.9365
vn -0.1896 -0.1839 0.9645
vn -0.0885 -0.2015 0.9755
vn -0.0649 -0.1174 0.9910
vn 0.0054 0.7953 0.6062
vn -0.0011 0.8351 0.5501
vn -0.3499 0.9143 -0.2038
vn -0.3853 0.8863 -0.2568
vn 0.4133 0.8772 0.2442
vn 0.5628 0.8135 0.1466
vn -0.1584 0.7873 0.5959
vn -0.1055 0.7971 0.5945
vn -0.1114 0.7942 0.5974
vn -0.1390 0.7895 0.5978
vn -0.6669 0.2833 0.6892
vn -0.6791 0.2844 0.6767
vn -0.7824 0.1049 0.6139
vn -0.7435 0.0958 0.6618
vn -0.7516 0.0814 0.6546
vn -0.7211 0.0688 0.6894
vn -0.6696 0.1375 0.7299
vn -0.6891 0.0368 0.7238
vn -0.6433 -0.0322 0.7650
vn -0.6458 -0.0298 0.7630
vn -0.6528 -0.0350 0.7567
vn -0.6722 -0.0080 0.7403
vn -0.6983 -0.0241 0.7154
vn -0.7217 0.0250 0.6917
vn -0.7613 0.0048 0.6484
vn -0.7772 0.0505 0.6272
vn -0.8020 0.0416 0.5959
vn -0.8158 0.0886 0.5715
vn -0.8353 0.0837 0.5434
vn -0.8432 0.1149 0.5251
vn -0.8602 0.1333 0.4922
vn -0.8716 0.1106 0.4775
vn -0.9226 0.1501 0.3554
vn -0.9266 0.1422 0.3482
vn -0.9510 0.1311 0.2800
vn -0.9598 0.1093 0.2586
vn -0.9638 0.1111 0.2422
vn -0.9736 0.0827 0.2129
vn -0.9744 0.0832 0.2087
vn -0.9838 0.0497 0.1724
vn -0.9896 -0.0171 0.1428
vn -0.9935 -0.0469 0.1041
vn 0.0241 0.1273 0.9916
vn 0.0507 0.1076 0.9929
vn 0.0357 0.1686 0.9850
vn 0.0989 0.1256 0.9871
vn -0.1841 0.1862 0.9651
vn -0.1044 0.2476 0.9632
vn -0.3826 0.2902 0.8771
vn -0.3481 0.2651 0.8992
vn -0.4617 0.3018 0.8341
vn -0.4400 0.2842 0.8518
vn -0.5288 0.2952 0.7958
vn -0.5272 0.2937 0.7974
vn -0.5861 0.2942 0.7549
vn -0.5805 0.2884 0.7615
vn -0.6089 0.2763 0.7435
vn -0.6203 0.2892 0.7291
vn -0.6333 0.2514 0.7319
vn -0.6488 0.2715 0.7109
vn -0.6326 0.2095 0.7456
vn -0.6580 0.2493 0.7106
vn -0.6451 0.1599 0.7472
vn -0.6702 0.2110 0.7115
vn -0.7322 0.1075 0.6726
vn -0.6779 0.0608 0.7327
vn -0.8989 0.0771 0.4314
vn -0.8918 0.0952 0.4423
vn -0.9087 0.0451 0.4151
vn -0.8990 0.0739 0.4316
vn -0.9083 0.0600 0.4139
vn -0.9148 0.0380 0.4021
vn -0.9148 0.0413 0.4018
vn -0.9167 0.0340 0.3981
vn -0.8313 -0.3159 0.4574
vn -0.8349 -0.3281 0.4418
vn -0.8206 -0.3566 0.4467
vn -0.8215 -0.3593 0.4428
vn -0.8155 -0.3758 0.4402
vn -0.8156 -0.3762 0.4395
vn -0.8134 -0.3863 0.4350
vn -0.8121 -0.3877 0.4361
vn -0.8142 -0.4023 0.4187
vn -0.8111 -0.3936 0.4326
vn -0.8151 -0.4047 0.4146
vn -0.8142 -0.4022 0.4187
vn -0.8207 -0.3913 0.4163
vn -0.8203 -0.3902 0.4182
vn -0.8350 -0.3435 0.4299
vn -0.8364 -0.3466 0.4247
vn -0.0040 0.3001 0.9539
vn -0.0088 0.3049 0.9523
vn -0.0198 0.3046 0.9523
vn -0.0311 0.3162 0.9482
vn -0.0342 0.3353 0.9415
vn -0.0585 0.3146 0.9474
vn -0.0778 0.3315 0.9402
vn -0.0921 0.3472 0.9333
vn -0.1393 0.3407 0.9298
vn -0.1154 0.3632 0.9245
vn -0.1891 0.3651 0.9116
vn -0.1789 0.3526 0.9185
vn -0.2497 0.3565 0.9003
vn -0.2551 0.3506 0.9011
vn -0.3228 0.3438 0.8818
vn -0.3183 0.3378 0.8858
vn -0.3966 0.3196 0.8606
vn -0.3884 0.3305 0.8602
vn -0.4785 0.3320 0.8129
vn -0.4655 0.3175 0.8261
vn -0.5174 0.3330 0.7883
vn -0.5035 0.3196 0.8027
vn -0.5543 0.3319 0.7633
vn -0.5406 0.3199 0.7781
vn -0.6036 0.3312 0.7252
vn -0.6182 0.3030 0.7253
vn -0.6796 0.2875 0.6749
vn -0.6893 0.2935 0.6623
vn -0.7298 0.2774 0.6249
vn -0.7144 0.2698 0.6457
vn -0.7674 0.2542 0.5886
vn -0.7555 0.2494 0.6058
vn -0.7970 0.2477 0.5509
vn -0.8108 0.1985 0.5506
vn -0.8359 0.1926 0.5140
vn -0.8449 0.1947 0.4982
vn -0.8840 0.1449 0.4445
vn -0.8917 0.1454 0.4286
vn -0.9112 0.1253 0.3924
vn -0.9009 0.1257 0.4155
vn -0.9192 0.1051 0.3794
vn -0.9259 0.1039 0.3632
vn -0.9358 0.0896 0.3410
vn -0.9301 0.0917 0.3557
vn -0.9407 0.0821 0.3291
vn -0.9375 0.0839 0.3378
vn -0.9431 0.0831 0.3218
vn -0.9397 0.0857 0.3310
vn -0.9417 0.0858 0.3254
vn -0.9427 0.0848 0.3226
vn -0.9391 0.0883 0.3321
vn -0.9419 0.0847 0.3249
vn -0.9381 0.0929 0.3337
vn -0.9344 0.0983 0.3425
vn -0.9273 0.0856 0.3644
vn -0.9286 0.1237 0.3498
vn -0.9059 0.1405 0.3994
vn -0.9213 0.1156 0.3713
vn -0.8918 0.1623 0.4223
vn -0.9064 0.1384 0.3990
vn -0.8981 0.1328 0.4192
vn -0.8874 0.1518 0.4352
vn -0.8851 0.1317 0.4465
vn -0.8881 0.1484 0.4350
vn -0.8852 0.1306 0.4464
vn -0.8826 0.1359 0.4500
vn -0.8905 0.1083 0.4418
vn -0.8846 0.1214 0.4502
vn -0.8627 -0.3999 0.3097
vn -0.8618 -0.3942 0.3193
vn -0.8583 -0.4033 0.3171
vn -0.8563 -0.3924 0.3360
vn -0.8539 -0.3812 0.3544
vn -0.8641 -0.3710 0.3401
vn -0.8678 -0.3432 0.3593
vn -0.8676 -0.3426 0.3603
vn -0.8267 -0.3336 0.4531
vn -0.8228 -0.3371 0.4576
vn -0.8300 -0.3241 0.4539
vn -0.8405 -0.3438 0.4188
vn -0.8437 -0.3349 0.4195
vn -0.8571 -0.3664 0.3621
vn -0.8392 -0.4103 0.3568
vn -0.8461 -0.4451 0.2934
vn -0.8111 -0.5125 0.2819
vn -0.8091 -0.5457 0.2180
vn -0.7611 -0.6165 0.2014
vn -0.7582 -0.6269 0.1793
vn -0.6838 -0.7127 0.1564
vn -0.6803 -0.7193 0.1407
vn -0.6109 -0.7818 0.1245
vn -0.5991 -0.7961 0.0856
vn -0.5287 -0.8485 0.0250
vn -0.5064 -0.8595 0.0697
vn -0.4049 -0.9143 0.0102
vn -0.4039 -0.9148 0.0079
vn -0.2943 -0.9550 -0.0382
vn -0.2775 -0.9607 -0.0037
vn -0.1712 -0.9842 -0.0452
vn -0.1731 -0.9840 -0.0411
vn -0.0692 -0.9966 -0.0439
vn -0.0625 -0.9964 -0.0581
vn -0.0177 0.2946 0.9554
vn -0.0176 0.2945 0.9555
vn -0.0428 0.2937 0.9550
vn -0.0514 0.3020 0.9519
vn -0.0693 0.3141 0.9468
vn -0.0863 0.2996 0.9502
vn -0.1171 0.3093 0.9437
vn -0.1215 0.3138 0.9417
vn -0.1641 0.3079 0.9372
vn -0.1542 0.3175 0.9356
vn -0.2082 0.3078 0.9284
vn -0.2130 0.3132 0.9255
vn -0.2762 0.3032 0.9120
vn -0.2807 0.2980 0.9124
vn -0.3490 0.2973 0.8887
vn -0.3392 0.2857 0.8963
vn -0.4295 0.2698 0.8618
vn -0.4066 0.3018 0.8623
vn -0.5038 0.2889 0.8141
vn -0.5113 0.2963 0.8067
vn -0.5419 0.2796 0.7926
vn -0.5488 0.2855 0.7857
vn -0.5736 0.2864 0.7675
vn -0.5868 0.2619 0.7662
vn -0.6404 0.2788 0.7157
vn -0.6550 0.2457 0.7146
vn -0.7146 0.2306 0.6604
vn -0.7341 0.2406 0.6349
vn -0.7565 0.2146 0.6178
vn -0.7680 0.2192 0.6017
vn -0.7943 0.1849 0.5787
vn -0.8073 0.1892 0.5590
vn -0.8288 0.1685 0.5336
vn -0.8325 0.1524 0.5327
vn -0.8530 0.1302 0.5054
vn -0.8591 0.1315 0.4946
vn -0.8963 0.0731 0.4374
vn -0.9028 0.0736 0.4237
vn -0.9142 0.0434 0.4030
vn -0.9198 0.0432 0.3901
vn -0.9239 0.0300 0.3814
vn -0.9285 0.0293 0.3701
vn -0.9308 0.0208 0.3648
vn -0.9365 0.0192 0.3502
vn -0.9348 0.0337 0.3536
vn -0.9346 0.0271 0.3546
vn -0.9326 0.0432 0.3584
vn -0.9357 0.0412 0.3505
vn -0.9333 0.0518 0.3553
vn -0.9359 0.0496 0.3488
vn -0.9311 0.0717 0.3576
vn -0.9332 0.0696 0.3526
vn -0.9263 0.1008 0.3631
vn -0.9315 0.0945 0.3512
vn -0.9249 0.1453 0.3514
vn -0.9245 0.1258 0.3599
vn -0.9174 0.1743 0.3577
vn -0.9277 0.1592 0.3376
vn -0.9227 0.1797 0.3411
vn -0.9286 0.1699 0.3298
vn -0.9290 0.1684 0.3296
vn -0.9357 0.1558 0.3165
vn -0.9380 0.1440 0.3152
vn -0.9447 0.1293 0.3012
vn -0.9476 0.1106 0.2996
vn -0.9533 0.0958 0.2864
vn -0.9559 0.0717 0.2849
vn -0.9608 0.0560 0.2716
vn -0.9620 0.0351 0.2706
vn -0.9644 0.0261 0.2632
vn -0.9645 -0.0007 0.2640
vn -0.9650 -0.0029 0.2622
vn -0.9645 -0.0100 0.2638
vn -0.9648 -0.0112 0.2629
vn -0.9648 0.0029 0.2630
vn -0.9635 0.0089 0.2675
vn -0.9635 0.0121 0.2675
vn -0.9615 0.0208 0.2740
vn -0.9590 -0.0029 0.2835
vn -0.9617 0.0066 0.2739
vn -0.9582 -0.0457 0.2825
vn -0.9595 -0.0533 0.2765
vn -0.9550 -0.1163 0.2729
vn -0.9544 -0.1120 0.2766
vn -0.9456 -0.1828 0.2692
vn -0.9446 -0.1725 0.2792
vn -0.9252 -0.2444 0.2905
vn -0.9368 -0.2210 0.2714
vn -0.9122 -0.2664 0.3114
vn -0.9147 -0.2912 0.2801
vn -0.8966 -0.3301 0.2953
vn -0.8944 -0.3125 0.3200
vn -0.8813 -0.3592 0.3070
vn -0.8802 -0.3510 0.3195
vn -0.8692 -0.3813 0.3147
vn -0.8714 -0.3786 0.3119
vn -0.9764 -0.2049 -0.0682
vn -0.9808 -0.1895 -0.0459
vn -0.9803 -0.1758 -0.0897
vn -0.9871 -0.1500 -0.0562
vn -0.9852 -0.1256 -0.1167
vn -0.9933 -0.0887 -0.0740
vn -0.9872 -0.0772 -0.1394
vn -0.9933 -0.0458 -0.1061
vn -0.9890 -0.0481 -0.1398
vn -0.9897 -0.0447 -0.1364
vn -0.9886 -0.0554 -0.1402
vn -0.9915 -0.0382 -0.1244
vn -0.9936 -0.0437 -0.1039
vn -0.9897 -0.0683 -0.1255
vn -0.9974 -0.0320 -0.0649
vn -0.9913 -0.0795 -0.1046
vn -0.9937 -0.0915 -0.0652
vn -0.9985 -0.0466 -0.0283
vn -0.9984 -0.0548 0.0118
vn -0.9942 -0.1031 -0.0294
vn -0.9969 -0.0556 0.0553
vn -0.9948 -0.1013 0.0086
vn -0.9950 -0.0850 0.0516
vn -0.9947 -0.0510 0.0897
vn -0.9946 -0.0524 0.0895
vn -0.9920 -0.0228 0.1242
vn -0.9873 0.0137 0.1585
vn -0.9920 -0.0134 0.1257
vn -0.9870 0.0200 0.1596
vn -0.9784 0.0519 0.2002
vn -0.9708 0.0583 0.2327
vn -0.9799 0.0326 0.1967
vn -0.9643 0.0541 0.2593
vn -0.9731 0.0343 0.2277
vn -0.9673 0.0246 0.2523
vn -0.9611 0.0363 0.2738
vn -0.9562 0.0272 0.2915
vn -0.9631 0.0168 0.2685
vn -0.9522 0.0187 0.3048
vn -0.9579 0.0119 0.2867
vn -0.9475 0.0163 0.3195
vn -0.9532 0.0111 0.3021
vn -0.9439 0.0168 0.3297
vn -0.9478 0.0143 0.3187
vn -0.9423 0.0259 0.3339
vn -0.9420 0.0261 0.3346
vn -0.9378 0.0434 0.3445
vn -0.9383 0.0432 0.3432
vn -0.9362 0.0625 0.3458
vn -0.9325 0.0634 0.3555
vn -0.9290 0.0865 0.3600
vn -0.9315 0.0861 0.3534
vn -0.9189 0.1247 0.3744
vn -0.9193 0.1204 0.3746
vn -0.8791 0.2047 0.4305
vn -0.8803 0.2047 0.4280
vn -0.8590 0.2390 0.4528
vn -0.8562 0.2390 0.4581
vn -0.8342 0.2655 0.4833
vn -0.8384 0.2658 0.4758
vn -0.8120 0.2893 0.5069
vn -0.8158 0.2902 0.5002
vn -0.7893 0.3109 0.5294
vn -0.7857 0.3202 0.5293
vn -0.7261 0.3546 0.5891
vn -0.7149 0.3479 0.6065
vn -0.6650 0.3693 0.6491
vn -0.6504 0.3592 0.6693
vn -0.6170 0.3632 0.6981
vn -0.6292 0.3726 0.6821
vn -0.5738 0.3728 0.7292
vn -0.5838 0.3815 0.7166
vn -0.0484 -0.2465 0.9679
vn -0.0577 -0.1703 0.9837
vn -0.1447 -0.2403 0.9599
vn -0.1454 -0.4218 0.8950
vn -0.3389 -0.6737 0.6567
vn -0.2231 -0.4107 0.8841
vn -0.4070 -0.7604 0.5062
vn -0.4144 -0.6489 0.6381
vn -0.5204 -0.7085 0.4767
vn -0.5028 -0.8058 0.3127
vn -0.5983 -0.7452 0.2945
vn -0.5903 -0.7700 0.2421
vn -0.6578 -0.7150 0.2366
vn -0.6548 -0.7240 0.2170
vn -0.7314 -0.6469 0.2156
vn -0.7294 -0.6543 0.1996
vn -0.7706 -0.5908 0.2390
vn -0.7848 -0.5859 0.2019
vn -0.8179 -0.5215 0.2432
vn -0.8175 -0.5217 0.2441
vn -0.8527 -0.4536 0.2591
vn -0.8566 -0.4510 0.2507
vn -0.8689 -0.4019 0.2890
vn -0.8801 -0.3932 0.2660
vn -0.8905 -0.3530 0.2870
vn -0.8868 -0.3563 0.2943
vn -0.9298 -0.3272 0.1684
vn -0.9300 -0.3209 0.1791
vn -0.9346 -0.3350 0.1199
vn -0.9366 -0.3070 0.1691
vn -0.9429 -0.3213 0.0873
vn -0.9338 -0.3372 0.1198
vn -0.9382 -0.3420 0.0536
vn -0.9425 -0.3227 0.0872
vn -0.9519 -0.3011 0.0562
vn -0.9449 -0.3271 0.0135
vn -0.9575 -0.2873 -0.0251
vn -0.9660 -0.2579 0.0211
vn -0.9673 -0.2466 -0.0587
vn -0.9761 -0.2171 -0.0124
vn -0.8770 -0.3503 0.3289
vn -0.8782 -0.3546 0.3211
vn -0.8695 -0.3778 0.3183
vn -0.8725 -0.3911 0.2929
vn -0.8507 -0.4407 0.2864
vn -0.8518 -0.4491 0.2696
vn -0.8182 -0.5126 0.2605
vn -0.8181 -0.5221 0.2413
vn -0.7832 -0.5760 0.2344
vn -0.7822 -0.5831 0.2197
vn -0.7296 -0.6547 0.1975
vn -0.7316 -0.6472 0.2143
vn -0.6637 -0.7224 0.1941
vn -0.6578 -0.7360 0.1601
vn -0.5801 -0.7984 0.1613
vn -0.5914 -0.7765 0.2174
vn -0.4894 -0.8416 0.2285
vn -0.5034 -0.8105 0.2993
vn -0.3933 -0.8637 0.3151
vn -0.4140 -0.8083 0.4187
vn -0.2875 -0.8506 0.4402
vn -0.3048 -0.7855 0.5386
vn -0.1826 -0.8106 0.5564
vn -0.1958 -0.7549 0.6259
vn -0.0690 -0.7724 0.6314
vn -0.0674 -0.7682 0.6367
vn -0.0231 0.4052 0.9140
vn -0.0288 0.4099 0.9117
vn -0.0565 0.4090 0.9108
vn -0.0655 0.4165 0.9068
vn -0.0962 0.4266 0.8993
vn -0.1130 0.4134 0.9035
vn -0.1369 0.4230 0.8957
vn -0.1540 0.4379 0.8857
vn -0.1984 0.4323 0.8796
vn -0.1692 0.4574 0.8730
vn -0.2220 0.4497 0.8651
vn -0.2396 0.4661 0.8517
vn -0.2921 0.4742 0.8306
vn -0.3159 0.4506 0.8350
vn -0.3864 0.4673 0.7952
vn -0.3727 0.4540 0.8093
vn -0.4663 0.4415 0.7666
vn -0.4446 0.4673 0.7642
vn -0.5593 0.3095 0.7690
vn -0.5793 0.3273 0.7465
vn -0.6005 0.3154 0.7348
vn -0.6203 0.3310 0.7111
vn -0.6361 0.3419 0.6917
vn -0.6540 0.3090 0.6905
vn -0.6986 0.3430 0.6279
vn -0.7166 0.3038 0.6278
vn -0.7756 0.2885 0.5614
vn -0.7862 0.2933 0.5440
vn -0.8092 0.2659 0.5240
vn -0.8117 0.2666 0.5197
vn -0.8284 0.2442 0.5042
vn -0.8336 0.2448 0.4952
vn -0.8520 0.2226 0.4739
vn -0.8547 0.2128 0.4735
vn -0.8741 0.1857 0.4488
vn -0.8774 0.1858 0.4424
vn -0.9166 0.1059 0.3855
vn -0.9166 0.1059 0.3854
vn -0.9288 0.0646 0.3648
vn -0.9284 0.0728 0.3643
vn -0.9346 0.0447 0.3528
vn -0.9315 0.0454 0.3610
vn -0.9351 0.0313 0.3531
vn -0.9340 0.0317 0.3560
vn -0.9378 0.0168 0.3467
vn -0.9377 0.0144 0.3471
vn -0.9384 0.0139 0.3453
vn -0.9418 0.0117 0.3359
vn -0.9412 0.0153 0.3374
vn -0.9454 0.0116 0.3258
vn -0.9438 0.0224 0.3297
vn -0.9504 0.0150 0.3107
vn -0.9476 0.0359 0.3174
vn -0.9552 0.0253 0.2950
vn -0.9583 0.0693 0.2772
vn -0.9550 0.0265 0.2954
vn -0.9566 0.0811 0.2800
vn -0.9674 0.0591 0.2463
vn -0.9631 0.0918 0.2530
vn -0.9746 0.0636 0.2149
vn -0.9779 0.0920 0.1878
vn -0.9760 0.0493 0.2123
vn -0.9823 0.0485 0.1810
vn -0.9894 0.0162 0.1441
vn -0.9894 0.0179 0.1443
vn -0.9945 -0.0198 0.1033
vn -0.9945 -0.0145 0.1039
vn -0.9965 -0.0486 0.0686
vn -0.9972 -0.0233 0.0711
vn -0.9977 -0.0548 0.0408
vn -0.9988 -0.0223 0.0430
vn -0.9984 -0.0547 0.0143
vn -0.9998 -0.0077 0.0160
vn -0.9988 -0.0456 -0.0163
vn -0.9999 -0.0042 -0.0153
vn -0.9989 -0.0290 -0.0366
vn -0.9990 -0.0260 -0.0365
vn -0.9981 -0.0384 -0.0475
vn -0.9984 -0.0316 -0.0479
vn -0.9984 -0.0323 -0.0472
vn -0.9970 -0.0592 -0.0496
vn -0.9985 -0.0429 -0.0335
vn -0.9937 -0.1054 -0.0388
vn -0.9975 -0.0707 -0.0029
vn -0.9883 -0.1514 0.0195
vn -0.9925 -0.1216 -0.0088
vn -0.9842 -0.1744 0.0322
vn -0.9818 -0.1895 0.0139
vn -0.9735 -0.2276 0.0227
vn -0.9773 -0.2053 0.0520
vn -0.9618 -0.2710 0.0393
vn -0.9662 -0.2471 0.0741
vn -0.9503 -0.3047 0.0646
vn -0.9535 -0.2868 0.0923
vn -0.9334 -0.3420 0.1087
vn -0.9410 -0.3271 0.0873
vn -0.9269 -0.3599 0.1061
vn -0.9296 -0.3402 0.1418
vn -0.9276 -0.3458 0.1411
vn -0.9283 -0.3354 0.1602
vn -0.9196 -0.3448 0.1883
vn -0.9296 -0.3319 0.1606
vn -0.9211 -0.3208 0.2204
vn -0.9217 -0.3390 0.1887
vn -0.6923 0.4021 0.5992
vn -0.7039 0.3813 0.5993
vn -0.6974 0.3459 0.6277
vn -0.6830 0.3730 0.6280
vn -0.6683 0.3428 0.6603
vn -0.6873 0.3048 0.6593
vn -0.6711 0.2803 0.6863
vn -0.6539 0.3157 0.6876
vn -0.6366 0.2968 0.7118
vn -0.6558 0.2566 0.7100
vn -0.6190 0.2917 0.7292
vn -0.6380 0.2524 0.7275
vn -0.6054 0.2843 0.7434
vn -0.6205 0.2538 0.7420
vn -0.5969 0.2772 0.7529
vn -0.6055 0.2836 0.7436
vn -0.5874 0.3108 0.7472
vn -0.5750 0.3330 0.7473
vn -0.5750 0.3335 0.7471
vn -0.5500 0.3751 0.7462
vn -0.5133 0.3901 0.7644
vn -0.5570 0.3187 0.7670
vn -0.4759 0.3491 0.8072
vn -0.5267 0.2639 0.8081
vn -0.4474 0.1800 0.8760
vn -0.4863 0.2085 0.8486
vn -0.4056 0.0614 0.9120
vn -0.4432 -0.0123 0.8963
vn -0.3335 -0.1914 0.9231
vn -0.3891 -0.1566 0.9078
vn -0.2550 -0.3412 0.9047
vn -0.2953 -0.4202 0.8580
vn -0.1663 -0.4588 0.8728
vn -0.2168 -0.5438 0.8107
vn -0.1106 -0.4998 0.8591
vn -0.1653 -0.4662 0.8691
vn -0.0620 -0.4123 0.9090
vn -0.1112 -0.4835 0.8682
vn -0.0139 -0.3691 0.9293
vn -0.0646 -0.4404 0.8955
vn -0.0028 -0.3015 0.9535
vn 0.0231 -0.2644 0.9641
vn 0.0661 -0.0012 0.9978
vn 0.0930 0.0395 0.9949
vn 0.1399 0.1750 0.9746
vn 0.1049 0.1237 0.9868
vn 0.1627 0.0560 0.9851
vn 0.1152 -0.0110 0.9933
vn 0.1000 -0.3437 0.9338
vn 0.1018 -0.3410 0.9345
vn -0.0343 -0.9059 0.4222
vn -0.0726 -0.9322 0.3547
vn -0.0298 -0.8951 0.4449
vn -0.0463 -0.9093 0.4135
vn -0.0900 -0.9804 -0.1754
vn -0.1011 -0.9944 0.0317
vn 0.1856 -0.9161 0.3553
vn 0.3168 -0.9329 0.1713
vn 0.0805 -0.9075 0.4122
vn 0.0948 -0.9175 0.3862
vn 0.1190 -0.9122 0.3921
vn 0.1295 -0.9192 0.3719
vn -0.3545 -0.6220 0.6982
vn -0.3548 -0.6213 0.6986
vn -0.5679 -0.3457 0.7470
vn -0.5680 -0.3451 0.7472
vn -0.7128 -0.0261 0.7009
vn -0.7127 -0.0225 0.7011
vn -0.6897 -0.0608 0.7215
vn -0.6884 -0.0921 0.7194
vn -0.5571 -0.3461 0.7549
vn -0.5629 -0.3170 0.7633
vn -0.4423 -0.4845 0.7547
vn -0.4351 -0.5074 0.7438
vn -0.4637 -0.4577 0.7587
vn -0.4631 -0.4598 0.7577
vn -0.4938 -0.4201 0.7614
vn -0.4957 -0.4192 0.7606
vn -0.5423 -0.3630 0.7577
vn -0.5430 -0.3583 0.7595
vn -0.6049 -0.2915 0.7410
vn -0.6062 -0.2706 0.7478
vn -0.6962 -0.1426 0.7036
vn -0.6960 -0.1397 0.7043
vn -0.7732 0.0122 0.6340
vn -0.7711 0.0263 0.6361
vn -0.8268 0.1706 0.5361
vn -0.8218 0.1908 0.5369
vn -0.8484 0.2327 0.4755
vn -0.8389 0.2652 0.4752
vn -0.8576 0.2355 0.4573
vn -0.8505 0.2609 0.4566
vn -0.8647 0.1986 0.4614
vn -0.8571 0.2296 0.4611
vn -0.8629 0.1834 0.4710
vn -0.8685 0.1554 0.4708
vn -0.8701 0.1170 0.4788
vn -0.8767 0.1181 0.4662
vn -0.8763 0.1158 0.4676
vn -0.8792 0.0940 0.4671
vn -0.8831 0.0957 0.4594
vn -0.8817 0.1063 0.4596
vn -0.8885 0.0981 0.4482
vn -0.8866 0.1133 0.4484
vn -0.8918 0.1267 0.4343
vn -0.8927 0.1202 0.4342
vn -0.8960 0.1533 0.4167
vn -0.8969 0.1479 0.4168
vn -0.9005 0.1671 0.4015
vn -0.8996 0.1671 0.4036
vn -0.9027 0.1862 0.3880
vn -0.9021 0.1891 0.3879
vn 0.0104 -0.9352 0.3540
vn 0.0142 -0.9298 0.3678
vn -0.0521 -0.3268 0.9436
vn -0.0395 -0.2988 0.9535
vn -0.0787 0.0220 0.9967
vn -0.0704 0.0383 0.9968
vn -0.1019 0.1773 0.9789
vn -0.0791 0.2207 0.9721
vn -0.1244 -0.0131 0.9921
vn -0.0993 0.0427 0.9941
vn -0.1285 -0.2688 0.9546
vn -0.1117 -0.2285 0.9671
vn -0.1411 -0.3516 0.9254
vn -0.1253 -0.3094 0.9426
vn -0.1614 -0.4096 0.8979
vn -0.1409 -0.3527 0.9251
vn -0.1594 -0.4186 0.8941
vn -0.2105 -0.3895 0.8967
vn -0.2554 -0.4144 0.8735
vn -0.2251 -0.3320 0.9160
vn -0.3489 -0.3312 0.8767
vn -0.3090 -0.2176 0.9258
vn -0.4439 -0.1221 0.8877
vn -0.4147 -0.0456 0.9088
vn -0.5198 0.0513 0.8528
vn -0.4817 0.1396 0.8652
vn -0.5770 0.2095 0.7894
vn -0.5298 0.3040 0.7918
vn -0.6101 0.3151 0.7270
vn -0.5711 0.3863 0.7243
vn -0.6284 0.3472 0.6961
vn -0.6033 0.3928 0.6940
vn -0.6424 0.3305 0.6915
vn -0.6273 0.3598 0.6907
vn -0.6432 0.3181 0.6965
vn -0.6555 0.2919 0.6965
vn -0.6642 0.2506 0.7043
vn -0.6778 0.2592 0.6881
vn -0.6778 0.2670 0.6851
vn -0.6902 0.2351 0.6843
vn -0.7071 0.2370 0.6662
vn -0.6909 0.2790 0.6669
vn -0.7211 0.2495 0.6464
vn -0.7078 0.2839 0.6468
vn -0.7352 0.2672 0.6230
vn -0.7215 0.3018 0.6232
vn -0.7347 0.3304 0.5925
vn -0.7480 0.2983 0.5928
vn -0.7592 0.3423 0.5536
vn -0.7472 0.3356 0.5737
vn -0.7576 0.3690 0.5385
vn -0.7652 0.3523 0.5389
vn 0.0091 -0.9070 0.4211
vn -0.0233 -0.8759 0.4819
vn 0.0089 -0.9880 0.1540
vn -0.0189 -0.9676 0.2520
vn -0.0348 -0.9097 0.4139
vn -0.0040 -0.8749 0.4843
vn 0.0326 -0.9991 0.0280
vn -0.0102 -0.9675 0.2526
vn -0.1520 -0.5498 0.8214
vn -0.1473 -0.5477 0.8236
vn -0.1740 -0.5806 0.7954
vn -0.1741 -0.5705 0.8027
vn -0.3401 -0.7095 0.6172
vn -0.3450 -0.6616 0.6658
vn -0.2485 -0.6411 0.7261
vn -0.2405 -0.6432 0.7269
vn -0.2341 -0.4231 0.8753
vn -0.2201 -0.3313 0.9175
vn -0.2299 -0.5216 0.8216
vn -0.2309 -0.4286 0.8735
vn -0.2295 -0.5930 0.7718
vn -0.2377 -0.5112 0.8259
vn -0.2381 -0.6420 0.7288
vn -0.2479 -0.5709 0.7827
vn -0.2810 -0.6725 0.6847
vn -0.2920 -0.5782 0.7618
vn -0.3669 -0.6726 0.6427
vn -0.3697 -0.5566 0.7440
vn -0.1871 -0.3728 0.9089
vn -0.1976 -0.3119 0.9293
vn -0.1806 -0.4080 0.8950
vn -0.1495 -0.4078 0.9007
vn -0.1593 -0.4765 0.8646
vn -0.1695 -0.4191 0.8920
vn -0.2088 -0.5024 0.8390
vn -0.2205 -0.4094 0.8853
vn -0.3158 -0.5326 0.7853
vn -0.2936 -0.3778 0.8781
vn -0.1243 -0.0716 0.9897
vn -0.1375 -0.0371 0.9898
vn -0.1110 -0.1160 0.9870
vn -0.0677 -0.0873 0.9939
vn -0.0645 -0.1502 0.9865
vn -0.0738 -0.1279 0.9890
vn -0.0729 -0.1351 0.9881
vn -0.0655 -0.1499 0.9865
vn -0.1349 0.0586 0.9891
vn -0.1202 0.0260 0.9924
vn -0.0933 0.0021 0.9956
vn -0.0704 0.0214 0.9973
vn -0.0563 -0.0031 0.9984
vn -0.0451 -0.0247 0.9987
vn -0.0407 -0.0253 0.9989
vn -0.0393 -0.0275 0.9988
vn -0.1638 -0.2079 0.9643
vn -0.2560 -0.3690 0.8935
vn -0.1427 -0.2067 0.9679
vn -0.0981 -0.1443 0.9847
vn -0.0222 -0.0115 0.9997
vn -0.0253 -0.0074 0.9997
vn -0.0319 -0.0108 0.9994
vn -0.0479 -0.0264 0.9985
vn -0.0495 -0.0776 0.9958
vn -0.0289 -0.1048 0.9941
vn -0.0556 -0.1012 0.9933
vn -0.0891 -0.1305 0.9874
vn -0.1489 -0.2061 0.9671
vn -0.1579 -0.1751 0.9718
vn -0.1287 -0.2533 0.9588
vn -0.0910 -0.2404 0.9664
vn -0.0990 -0.2973 0.9496
vn -0.1080 -0.2675 0.9575
vn -0.1306 -0.2519 0.9589
vn -0.1180 -0.2850 0.9512
vn -0.0925 -0.1754 0.9801
vn -0.1621 -0.2385 0.9575
vn -0.0512 -0.1814 0.9821
vn -0.0985 -0.1190 0.9880
vn -0.2117 -0.2999 0.9302
vn -0.1899 -0.2912 0.9376
vn -0.2028 -0.1572 0.9665
vn -0.1561 -0.1181 0.9807
vn -0.1956 -0.0278 0.9803
vn -0.1625 0.0058 0.9867
vn -0.2917 -0.2788 0.9150
vn -0.2862 -0.2681 0.9199
vn -0.3175 -0.2857 0.9042
vn -0.3113 -0.2908 0.9047
vn -0.2357 -0.2586 0.9368
vn -0.2469 -0.2762 0.9288
vn -0.2103 0.0589 0.9759
vn -0.1628 0.1124 0.9802
vn -0.2901 -0.0900 0.9528
vn -0.2927 -0.0942 0.9515
vn -0.3223 -0.0981 0.9415
vn -0.3340 -0.0860 0.9386
vn -0.2339 -0.0862 0.9684
vn -0.2523 -0.1101 0.9614
vn -0.2776 0.0735 0.9579
vn -0.3076 0.0302 0.9510
vn -0.3261 0.0606 0.9434
vn -0.3581 0.1001 0.9283
vn -0.2298 0.0426 0.9723
vn -0.2579 0.0067 0.9661
vn -0.2846 0.1841 0.9408
vn -0.3256 0.1273 0.9369
vn -0.3499 0.1656 0.9220
vn -0.3809 0.2078 0.9010
vn -0.2315 0.1472 0.9616
vn -0.2683 0.0997 0.9582
vn -0.3513 0.3380 0.8731
vn -0.3825 0.2971 0.8749
vn -0.4794 0.2749 0.8334
vn -0.4651 0.2963 0.8342
vn -0.4929 0.2665 0.8282
vn -0.4774 0.2902 0.8294
vn -0.5129 0.2690 0.8152
vn -0.4880 0.3068 0.8171
vn -0.5318 0.4335 0.7275
vn -0.5144 0.4559 0.7263
vn -0.5284 0.3744 0.7620
vn -0.5068 0.4041 0.7615
vn -0.5198 0.3134 0.7947
vn -0.5049 0.3353 0.7954
vn -0.4491 0.3166 0.8355
vn -0.4548 0.3236 0.8297
vn -0.4296 0.2718 0.8611
vn -0.3938 0.3217 0.8610
vn -0.4397 0.3061 0.8444
vn -0.4164 0.3383 0.8439
vn -0.4646 0.2998 0.8332
vn -0.4571 0.3107 0.8334
vn -0.1457 -0.1420 0.9791
vn -0.1706 -0.1106 0.9791
vn -0.3786 -0.1622 0.9112
vn -0.2753 -0.2680 0.9232
vn -0.3684 -0.4278 0.8254
vn -0.5116 -0.3177 0.7983
vn -0.4041 0.2692 0.8742
vn -0.3770 0.2313 0.8969
vn -0.1912 0.1412 0.9713
vn -0.2123 0.1825 0.9600
vn -0.3019 0.2545 0.9188
vn -0.3487 0.1912 0.9175
vn -0.1477 0.1117 0.9827
vn -0.1113 0.1498 0.9824
vn -0.0156 0.0694 0.9975
vn -0.0186 0.0660 0.9976
vn -0.0239 0.0605 0.9979
vn -0.0185 0.0660 0.9976
vn -0.0289 0.0606 0.9977
vn -0.0232 0.0659 0.9976
vn -0.0911 0.0880 0.9919
vn -0.0643 0.1130 0.9915
vn -0.0559 0.0672 0.9962
vn -0.0349 0.0860 0.9957
vn -0.2437 0.2176 0.9451
vn -0.2808 0.1701 0.9446
vn -0.0110 0.1407 0.9900
vn -0.0102 0.1397 0.9901
vn -0.0094 0.1397 0.9901
vn -0.0105 0.1413 0.9899
vn -0.0176 0.1465 0.9891
vn -0.0139 0.1412 0.9899
vn -0.0472 0.1597 0.9860
vn -0.0382 0.1462 0.9885
vn -0.1004 0.1571 0.9825
vn -0.0652 0.1917 0.9793
vn -0.1294 0.1848 0.9742
vn -0.1512 0.2228 0.9631
vn -0.2044 0.2148 0.9550
vn -0.2234 0.2494 0.9423
vn -0.2656 0.2404 0.9336
vn -0.2827 0.2704 0.9203
vn -0.3242 0.3084 0.8943
vn -0.3716 0.2453 0.8954
vn -0.0064 0.1998 0.9798
vn -0.0073 0.2009 0.9796
vn -0.0025 0.2009 0.9796
vn -0.0082 0.2081 0.9781
vn -0.0140 0.2189 0.9756
vn -0.0056 0.2082 0.9781
vn -0.0497 0.2394 0.9696
vn -0.0337 0.2179 0.9754
vn -0.1081 0.2336 0.9663
vn -0.0725 0.2685 0.9606
vn -0.1418 0.2592 0.9553
vn -0.1586 0.2855 0.9452
vn -0.2171 0.2746 0.9367
vn -0.2311 0.2974 0.9264
vn -0.2790 0.2862 0.9167
vn -0.3008 0.3221 0.8976
vn -0.3873 0.3355 0.8587
vn -0.3823 0.3422 0.8584
vn -0.4756 -0.3271 0.8166
vn -0.7103 -0.2400 0.6618
vn -0.0556 -0.1690 0.9840
vn -0.2697 -0.1572 0.9500
vn -0.2809 -0.1165 0.9526
vn -0.5390 -0.0300 0.8418
vn -0.4989 0.3091 0.8097
vn -0.4574 0.2708 0.8470
vn -0.2527 0.0556 0.9659
vn -0.4328 0.1348 0.8914
vn -0.4195 0.2700 0.8667
vn -0.4123 0.2733 0.8691
vn -0.2308 -0.0703 0.9705
vn -0.1103 -0.0826 0.9905
vn -0.2600 -0.0854 0.9618
vn -0.3171 -0.0789 0.9451
vn -0.4304 -0.1302 0.8932
vn -0.4653 -0.1186 0.8772
vn -0.6303 -0.1249 0.7662
vn -0.5693 -0.1600 0.8064
vn -0.7688 -0.1042 0.6310
vn -0.7107 -0.1568 0.6858
vn -0.8200 -0.1264 0.5583
vn -0.8506 -0.0880 0.5184
vn -0.2066 0.2540 0.9449
vn -0.1670 0.2949 0.9408
vn -0.1711 0.4020 0.8995
vn -0.1705 0.4027 0.8993
vn -0.1668 0.3582 0.9186
vn -0.2082 0.3191 0.9246
vn -0.2564 0.2729 0.9272
vn -0.2050 0.2406 0.9487
vn -0.3043 0.2113 0.9288
vn -0.3440 0.1817 0.9212
vn -0.3447 0.1544 0.9260
vn -0.4052 0.1096 0.9076
vn -0.5518 0.0873 0.8294
vn -0.3963 -0.0438 0.9171
vn -0.8266 0.3481 0.4422
vn -0.8151 0.3499 0.4617
vn -0.7713 0.3557 0.5279
vn -0.7712 0.3556 0.5281
vn -0.7624 0.2255 0.6065
vn -0.7798 0.2476 0.5749
vn -0.3451 0.2161 0.9133
vn -0.3275 0.2369 0.9147
vn -0.3232 0.3524 0.8783
vn -0.3462 0.3306 0.8780
vn -0.4201 0.2355 0.8764
vn -0.4575 0.2042 0.8655
vn -0.5048 0.1959 0.8407
vn -0.4589 0.1559 0.8747
vn -0.5036 0.1294 0.8542
vn -0.5476 0.0873 0.8322
vn -0.8441 0.3269 0.4250
vn -0.8436 0.3270 0.4259
vn -0.8254 -0.0749 0.5596
vn -0.8570 -0.0320 0.5143
vn -0.7172 0.0356 0.6959
vn -0.7607 0.0898 0.6429
vn -0.5089 0.1766 0.8425
vn -0.5437 0.2168 0.8108
vn -0.2019 0.2770 0.9394
vn -0.2121 0.2890 0.9335
vn -0.7156 -0.2217 0.6624
vn -0.7161 -0.2020 0.6681
vn -0.7356 -0.2268 0.6384
vn -0.7658 -0.2173 0.6053
vn -0.8069 -0.2551 0.5328
vn -0.7851 -0.1530 0.6002
vn -0.7629 -0.2833 0.5811
vn -0.7684 -0.2755 0.5776
vn -0.8819 -0.2000 0.4270
vn -0.8753 -0.1679 0.4534
vn -0.8603 -0.2596 0.4387
vn -0.8444 -0.2839 0.4543
vn -0.9241 -0.1863 0.3337
vn -0.9223 -0.1740 0.3451
vn -0.9065 -0.2632 0.3302
vn -0.9034 -0.2414 0.3544
vn -0.9355 0.0180 0.3528
vn -0.9350 0.0201 0.3540
vn -0.9305 0.0110 0.3662
vn -0.9355 0.0235 0.3525
vn -0.9304 0.0208 0.3659
vn -0.9259 0.0356 0.3760
vn -0.9216 0.0564 0.3839
vn -0.9246 0.0652 0.3754
vn -0.9152 0.0907 0.3927
vn -0.9179 0.1009 0.3837
vn -0.9083 0.1324 0.3968
vn -0.9104 0.1280 0.3933
vn -0.9056 0.1487 0.3973
vn -0.9055 0.1489 0.3975
vn -0.9055 0.1664 0.3904
vn -0.9043 0.1549 0.3977
vn -0.9074 0.1689 0.3848
vn -0.9034 0.1753 0.3914
vn -0.9192 0.1497 0.3643
vn -0.9081 0.1662 0.3843
vn -0.9218 0.1388 0.3619
vn -0.9307 0.1259 0.3434
vn -0.9393 0.1055 0.3266
vn -0.9337 0.1131 0.3398
vn -0.9419 0.0888 0.3240
vn -0.9419 0.0937 0.3225
vn -0.9417 0.0860 0.3251
vn -0.9428 0.0850 0.3225
vn -0.9417 0.0790 0.3270
vn -0.9438 0.0775 0.3213
vn -0.9434 0.0724 0.3236
vn -0.9386 0.0750 0.3368
vn -0.9315 0.0738 0.3561
vn -0.9397 0.0711 0.3346
vn -0.9261 0.0639 0.3718
vn -0.9242 0.0961 0.3696
vn -0.9118 0.0741 0.4039
vn -0.9085 0.1114 0.4028
vn -0.8921 0.0998 0.4406
vn -0.8887 0.1279 0.4404
vn -0.8715 0.1242 0.4745
vn -0.8674 0.1488 0.4748
vn -0.8480 0.1472 0.5092
vn -0.8425 0.1739 0.5099
vn -0.8220 0.1877 0.5377
vn -0.8092 0.1835 0.5582
vn -0.7796 0.1943 0.5953
vn -0.7665 0.2389 0.5961
vn -0.7281 0.2341 0.6442
vn -0.7409 0.2402 0.6272
vn -0.7030 0.2378 0.6703
vn -0.6894 0.2730 0.6709
vn -0.6642 0.2611 0.7005
vn -0.6558 0.2806 0.7009
vn -0.6306 0.2885 0.7205
vn -0.6195 0.2802 0.7333
vn -0.5962 0.2874 0.7496
vn -0.5881 0.3027 0.7500
vn -0.5647 0.3082 0.7656
vn -0.5578 0.3023 0.7730
vn -0.5205 0.3118 0.7949
vn -0.5285 0.3193 0.7866
vn -0.4808 0.3185 0.8169
vn -0.4893 0.3278 0.8082
vn -0.4490 0.3170 0.8354
vn -0.4330 0.3395 0.8350
vn -0.3822 0.3426 0.8582
vn -0.3749 0.3320 0.8656
vn -0.3076 0.3526 0.8838
vn -0.2972 0.3367 0.8935
vn -0.2378 0.3517 0.9054
vn -0.2230 0.3294 0.9175
vn -0.1654 0.3409 0.9254
vn -0.1499 0.3187 0.9359
vn -0.1129 0.3010 0.9469
vn -0.0840 0.3287 0.9407
vn -0.0611 0.2844 0.9567
vn -0.0328 0.3099 0.9502
vn -0.0224 0.2873 0.9576
vn -0.0044 0.2658 0.9640
vn -0.0155 0.2653 0.9640
vn -0.0026 0.2502 0.9682
vn -0.0048 0.2502 0.9682
vn -0.0046 0.2499 0.9683
vn -0.9342 -0.1052 0.3410
vn -0.9370 -0.1226 0.3270
vn -0.9435 -0.0363 0.3293
vn -0.9426 -0.0319 0.3324
vn -0.9434 0.0077 0.3316
vn -0.9455 -0.0011 0.3256
vn -0.9455 0.0249 0.3248
vn -0.9502 0.0051 0.3115
vn -0.2119 0.2664 0.9403
vn -0.1283 0.2269 0.9654
vn -0.1562 0.2102 0.9651
vn -0.1306 0.1967 0.9717
vn -0.1585 0.1811 0.9706
vn -0.1316 0.1653 0.9774
vn -0.1712 0.1447 0.9745
vn -0.1519 0.1320 0.9795
vn -0.1897 0.1408 0.9717
vn -0.1960 0.1098 0.9744
vn -0.2213 0.1243 0.9673
vn -0.2568 0.1491 0.9549
vn -0.2539 0.1506 0.9554
vn -0.3068 0.1859 0.9334
vn -0.3220 0.2404 0.9157
vn -0.3449 0.1639 0.9242
vn -0.4707 0.1886 0.8619
vn -0.4677 0.1994 0.8611
vn -0.5744 0.1243 0.8091
vn -0.5606 0.1178 0.8197
vn -0.6744 0.0257 0.7379
vn -0.6698 0.0234 0.7422
vn -0.7426 -0.0444 0.6682
vn -0.7645 -0.0322 0.6438
vn -0.8014 -0.0703 0.5939
vn -0.8265 -0.0537 0.5603
vn -0.8694 -0.0499 0.4916
vn -0.8438 -0.0717 0.5318
vn -0.9163 0.0188 0.4000
vn -0.9131 0.0134 0.4074
vn -0.9347 0.0016 0.3553
vn -0.9299 0.0217 0.3671
vn -0.9129 0.0098 0.4080
vn -0.8994 -0.0103 0.4370
vn -0.9293 -0.0051 0.3693
vn -0.9244 0.0152 0.3811
vn -0.9114 -0.0097 0.4115
vn -0.9212 -0.0516 0.3857
vn -0.9041 -0.1030 0.4147
vn -0.8943 -0.1181 0.4315
vn -0.8925 -0.0727 0.4451
vn -0.8811 -0.0193 0.4725
vn -0.8589 -0.1599 0.4865
vn -0.8445 -0.0847 0.5289
vn -0.6739 0.1683 0.7194
vn -0.6603 0.2157 0.7193
vn -0.6453 0.2298 0.7285
vn -0.6380 0.2500 0.7283
vn -0.6615 0.2316 0.7133
vn -0.6484 0.2664 0.7132
vn -0.6482 0.2734 0.7107
vn -0.6318 0.3152 0.7082
vn -0.6321 0.2987 0.7150
vn -0.6107 0.3509 0.7099
vn -0.5090 0.2959 0.8083
vn -0.5566 0.1664 0.8140
vn -0.4673 0.3103 0.8279
vn -0.5025 0.2192 0.8363
vn -0.4259 0.2971 0.8546
vn -0.4542 0.2184 0.8637
vn -0.3867 0.2411 0.8901
vn -0.4012 0.1935 0.8953
vn -0.3560 0.1556 0.9214
vn -0.3500 0.1796 0.9194
vn -0.3285 0.1306 0.9354
vn -0.3276 0.1345 0.9352
vn -0.3232 0.1220 0.9384
vn -0.3318 0.0770 0.9402
vn -0.3616 0.0698 0.9297
vn -0.3268 0.0700 0.9425
vn -0.3463 0.0508 0.9367
vn -0.3482 0.0353 0.9368
vn -0.3260 0.0110 0.9453
vn -0.3247 0.0250 0.9455
vn -0.3087 0.0201 0.9509
vn -0.3095 0.0098 0.9509
vn -0.3292 0.0506 0.9429
vn -0.3300 0.0391 0.9432
vn -0.3837 0.0886 0.9192
vn -0.3836 0.0949 0.9186
vn -0.5003 0.1755 0.8479
vn -0.5003 0.1869 0.8454
vn -0.5693 0.2305 0.7892
vn -0.5695 0.2331 0.7882
vn -0.6107 0.2798 0.7408
vn -0.5991 0.2448 0.7623
vn -0.6031 0.2785 0.7474
vn -0.6141 0.3018 0.7293
vn -0.6101 0.3192 0.7252
vn -0.6267 0.3022 0.7183
vn -0.6053 0.3145 0.7312
vn -0.6089 0.3193 0.7262
vn -0.5842 0.3127 0.7490
vn -0.5870 0.3160 0.7454
vn -0.5289 0.2938 0.7962
vn -0.5517 0.3161 0.7718
vn -0.5102 0.2550 0.8214
vn -0.4619 0.2997 0.8348
vn -0.4187 0.2637 0.8690
vn -0.3847 0.2381 0.8918
vn -0.3034 0.2441 0.9210
vn -0.2564 0.2132 0.9428
vn -0.1852 0.2066 0.9607
vn -0.2000 0.2157 0.9558
vn 0.0378 0.1419 0.9892
vn -0.0179 0.1791 0.9837
vn 0.0056 0.1429 0.9897
vn 0.0240 0.1301 0.9912
vn -0.5139 -0.0308 0.8573
vn -0.5283 0.0219 0.8488
vn -0.5746 0.2756 0.7706
vn -0.6151 0.3109 0.7245
vn -0.6104 0.0198 0.7919
vn -0.6122 0.1028 0.7840
vn -0.6059 0.1141 0.7873
vn -0.5710 0.2789 0.7722
vn -0.0572 -0.9921 0.1120
vn -0.0542 -0.9919 0.1153
vn -0.1577 -0.9812 0.1116
vn -0.1527 -0.9826 0.1058
vn -0.2829 -0.9534 0.1049
vn -0.2857 -0.9522 0.1084
vn -0.4277 -0.8947 0.1291
vn -0.4451 -0.8892 0.1061
vn -0.5543 -0.8225 0.1272
vn -0.5898 -0.7839 0.1938
vn -0.6515 -0.7338 0.1927
vn -0.6815 -0.6793 0.2722
vn -0.7506 -0.5538 0.3604
vn -0.7340 -0.6219 0.2730
vn -0.7844 -0.5040 0.3617
vn -0.7833 -0.4286 0.4503
vn -0.8071 -0.3817 0.4505
vn -0.7983 -0.3466 0.4925
vn -0.8153 -0.3036 0.4931
vn -0.8052 -0.2830 0.5212
vn -0.8075 -0.2756 0.5216
vn -0.7964 -0.2595 0.5463
vn -0.7904 -0.2823 0.5436
vn -0.7789 -0.2680 0.5670
vn -0.7714 -0.2994 0.5615
vn -0.7660 -0.2924 0.5725
vn -0.3309 0.3045 0.8932
vn -0.3725 0.3625 0.8543
vn -0.3323 0.4999 0.7998
vn -0.2261 0.3104 0.9233
vn -0.3381 0.6435 0.6868
vn -0.2598 0.4723 0.8423
vn -0.2052 0.6874 0.6967
vn -0.4302 0.6758 0.5985
vn -0.3336 0.7421 0.5813
vn -0.3330 0.6884 0.6444
vn -0.3980 0.5956 0.6977
vn -0.1889 0.6180 0.7631
vn -0.3452 0.5752 0.7416
vn -0.3292 0.4347 0.8383
vn -0.2619 0.4080 0.8746
vn -0.2563 0.3535 0.8996
vn -0.2306 0.3489 0.9083
vn -0.2362 0.3457 0.9081
vn -0.1955 0.3360 0.9213
vn -0.1990 0.2036 0.9586
vn -0.2539 0.1089 0.9611
vn -0.1505 0.1899 0.9702
vn -0.3248 -0.0203 0.9456
vn -0.1833 0.0952 0.9784
vn -0.9876 0.1484 -0.0509
vn -0.9871 0.1598 -0.0039
vn 0.6945 0.6821 0.2289
vn 0.4223 0.8076 0.4116
vn -0.0857 0.7474 0.6588
vn 0.0091 0.7473 0.6645
vn -0.1136 0.6901 0.7147
vn 0.0209 0.6967 0.7170
vn -0.6200 0.0158 0.7845
vn -0.6480 0.0194 0.7614
vn -0.7036 -0.0682 0.7073
vn -0.6946 -0.0716 0.7158
vn -0.6904 -0.0652 0.7205
vn -0.6814 -0.0699 0.7285
vn -0.6312 -0.0051 0.7756
vn -0.6354 -0.0323 0.7715
vn -0.6378 -0.0350 0.7694
vn -0.6362 -0.0258 0.7711
vn -0.6572 0.0779 0.7497
vn -0.6606 0.0595 0.7484
vn -0.6721 0.1273 0.7294
vn -0.6764 0.1084 0.7285
vn -0.6841 0.1442 0.7150
vn -0.6807 0.1601 0.7148
vn -0.6125 0.2565 0.7477
vn -0.6386 0.2806 0.7165
vn -0.6234 0.1925 0.7578
vn -0.6593 0.2089 0.7222
vn -0.6616 0.1346 0.7376
vn -0.6646 0.1049 0.7398
vn -0.6032 -0.2900 0.7430
vn -0.6487 -0.2590 0.7156
vn -0.6479 -0.2928 0.7032
vn -0.6570 -0.2864 0.6974
vn -0.6799 -0.2989 0.6696
vn -0.6923 -0.2892 0.6612
vn -0.7199 -0.2995 0.6262
vn -0.7248 -0.2951 0.6226
vn -0.7582 -0.3029 0.5775
vn -0.7652 -0.2959 0.5717
vn 0.1774 -0.9768 0.1196
vn 0.1728 -0.9793 0.1054
vn 0.2776 -0.9559 0.0959
vn 0.2768 -0.9558 0.0987
vn 0.5943 0.3406 0.7286
vn 0.6104 0.3014 0.7325
vn 0.4586 -0.0767 0.8853
vn 0.4583 -0.0843 0.8848
vn 0.5080 -0.0376 0.8605
vn 0.5079 -0.0412 0.8604
vn 0.4321 -0.1005 0.8962
vn 0.4322 -0.0994 0.8963
vn 0.3893 -0.0023 0.9211
vn 0.3895 -0.0066 0.9210
vn 0.4784 -0.0656 0.8757
vn 0.4705 -0.0660 0.8800
vn 0.3873 0.0168 0.9218
vn 0.3974 0.0175 0.9175
vn 0.3942 -0.0221 0.9188
vn 0.3935 -0.0117 0.9193
vn 0.3672 -0.0269 0.9298
vn 0.3676 -0.0393 0.9291
vn 0.3170 0.0791 0.9451
vn 0.3126 0.1072 0.9438
vn 0.4483 -0.0841 0.8899
vn 0.4483 -0.0847 0.8899
vn 0.6787 0.0685 0.7312
vn 0.6991 0.1045 0.7073
vn 0.7655 -0.2045 0.6101
vn 0.7423 -0.1028 0.6621
vn 0.7869 -0.2492 0.5646
vn 0.7682 -0.1639 0.6189
vn 0.8129 -0.1702 0.5570
vn 0.7867 -0.2504 0.5642
vn 0.8447 -0.1970 0.4976
vn 0.8559 -0.2138 0.4709
vn 0.7180 -0.1081 0.6876
vn 0.7431 -0.0494 0.6674
vn 0.6607 -0.1313 0.7391
vn 0.6848 -0.0912 0.7230
vn 0.6784 0.1860 0.7107
vn 0.6614 0.1582 0.7331
vn 0.8521 -0.1775 0.4923
vn 0.8654 -0.1898 0.4637
vn 0.7840 -0.2865 0.5507
vn 0.7878 -0.2893 0.5438
vn 0.7781 -0.2841 0.5602
vn 0.7844 -0.2927 0.5468
vn 0.6884 -0.3192 0.6513
vn 0.6577 -0.3675 0.6576
vn 0.6623 -0.3463 0.6644
vn 0.6523 -0.2872 0.7014
vn 0.7042 -0.2360 0.6696
vn 0.7173 -0.3028 0.6275
vn 0.6777 -0.1734 0.7146
vn 0.6979 -0.2803 0.6591
vn 0.6443 -0.3226 0.6934
vn 0.6340 -0.2485 0.7323
vn 0.6218 -0.1702 0.7645
vn 0.6560 -0.1286 0.7437
vn 0.6215 -0.3090 0.7199
vn 0.5812 -0.3488 0.7352
vn 0.5990 -0.2056 0.7739
vn 0.6297 -0.1763 0.7566
vn 0.7169 -0.3495 0.6033
vn 0.7135 -0.3456 0.6095
vn 0.7179 -0.3590 0.5964
vn 0.7173 -0.3606 0.5962
vn 0.6709 -0.3859 0.6332
vn 0.6760 -0.3757 0.6340
vn 0.6426 -0.3636 0.6744
vn 0.6272 -0.3822 0.6786
vn 0.7153 -0.3433 0.6086
vn 0.7118 -0.3553 0.6059
vn 0.7802 -0.2688 0.5648
vn 0.7762 -0.2682 0.5705
vn 0.6877 -0.3587 0.6312
vn 0.7118 -0.3554 0.6058
vn 0.7853 -0.2736 0.5554
vn 0.7811 -0.2721 0.5620
vn 0.8607 -0.1680 0.4805
vn 0.8612 -0.1643 0.4810
vn 0.6572 -0.3933 0.6430
vn 0.6512 -0.4120 0.6373
vn 0.6382 -0.4189 0.6459
vn 0.6441 -0.3973 0.6537
vn 0.8532 -0.1381 0.5031
vn 0.8606 -0.1407 0.4895
vn 0.2891 0.0312 0.9568
vn 0.2894 0.0283 0.9568
vn 0.4389 0.0706 0.8957
vn 0.4298 -0.1107 0.8961
vn 0.3434 0.1203 0.9314
vn 0.3429 0.1296 0.9304
vn 0.6494 0.1058 0.7530
vn 0.6798 -0.0759 0.7294
vn 0.6672 -0.0082 0.7448
vn 0.5700 -0.1277 0.8116
vn 0.6576 0.0310 0.7528
vn 0.6161 -0.0116 0.7875
vn 0.6704 0.1346 0.7297
vn 0.5856 0.0304 0.8100
vn 0.6475 0.1472 0.7477
vn 0.6344 0.1311 0.7618
vn 0.4550 0.1101 0.8836
vn 0.4435 -0.0461 0.8951
vn 0.6775 0.0334 0.7348
vn 0.5077 0.0512 0.8600
vn 0.3428 0.0550 0.9378
vn 0.3441 -0.0093 0.9389
vn 0.2922 0.0308 0.9559
vn 0.2890 0.0752 0.9544
vn 0.4375 0.0349 0.8985
vn 0.4374 0.0384 0.8984
vn 0.8044 -0.0159 0.5938
vn 0.8055 -0.0282 0.5919
vn 0.6939 0.0800 0.7156
vn 0.6875 0.1041 0.7187
vn 0.4751 0.0209 0.8797
vn 0.4331 0.1098 0.8947
vn 0.6131 -0.0950 0.7843
vn 0.6087 -0.0681 0.7905
vn 0.7232 -0.1667 0.6702
vn 0.7231 -0.1803 0.6668
vn 0.8297 -0.0644 0.5544
vn 0.8297 -0.0618 0.5548
vn 0.7639 -0.2351 0.6010
vn 0.7632 -0.2409 0.5996
vn 0.8468 -0.0993 0.5226
vn 0.8467 -0.1016 0.5222
vn 0.3292 0.1293 0.9354
vn 0.3189 0.1952 0.9275
vn 0.3730 0.1464 0.9162
vn 0.3609 0.2399 0.9012
vn 0.4522 0.1527 0.8788
vn 0.4404 0.2699 0.8563
vn 0.6791 0.2280 0.6977
vn 0.6501 0.1984 0.7335
vn 0.6216 0.2423 0.7449
vn 0.6414 0.2617 0.7212
vn 0.6630 0.1329 0.7367
vn 0.7102 0.1816 0.6802
vn 0.6803 -0.3438 0.6473
vn 0.6793 -0.3483 0.6459
vn 0.6646 -0.3227 0.6740
vn 0.6616 -0.3392 0.6687
vn 0.5979 -0.3962 0.6968
vn 0.5930 -0.4147 0.6902
vn 0.5670 -0.3825 0.7295
vn 0.5665 -0.3849 0.7286
vn 0.6341 -0.2963 0.7142
vn 0.6329 -0.3067 0.7109
vn 0.5182 -0.2450 0.8194
vn 0.5165 -0.2190 0.8278
vn 0.4545 -0.3236 0.8299
vn 0.4546 -0.3023 0.8378
vn 0.6240 -0.3984 0.6722
vn 0.6171 -0.4231 0.6634
vn 0.6395 -0.3391 0.6900
vn 0.5994 -0.3834 0.7026
vn 0.6765 -0.3966 0.6205
vn 0.6564 -0.3906 0.6454
vn 0.5373 0.1683 0.8264
vn 0.5251 0.3095 0.7928
vn 0.7496 -0.2121 0.6270
vn 0.7495 -0.2121 0.6271
vn 0.4199 -0.0464 0.9064
vn 0.3840 0.0192 0.9231
vn 0.2144 -0.5807 0.7854
vn 0.1796 -0.5325 0.8271
vn 0.2800 -0.4540 0.8458
vn 0.2492 -0.4036 0.8804
vn 0.3102 -0.3673 0.8768
vn 0.2774 -0.2891 0.9162
vn 0.2333 -0.4853 0.8426
vn 0.1834 -0.3780 0.9074
vn 0.4050 -0.1649 0.8993
vn 0.3641 -0.0711 0.9286
vn 0.2159 -0.5904 0.7777
vn 0.2842 -0.5569 0.7805
vn 0.2106 0.2845 0.9352
vn 0.3391 0.2965 0.8928
vn 0.1934 0.2126 0.9578
vn 0.2102 0.2851 0.9352
vn 0.5961 0.1330 0.7918
vn 0.5863 0.1427 0.7974
vn 0.3180 -0.1320 0.9389
vn 0.4026 -0.0431 0.9144
vn 0.0834 -0.3577 0.9301
vn 0.0055 -0.3034 0.9528
vn 0.5549 0.2701 0.7869
vn 0.5117 0.2308 0.8276
vn 0.2374 0.1836 0.9539
vn 0.1996 0.1576 0.9671
vn 0.0227 0.2972 0.9546
vn 0.1175 0.3367 0.9342
vn 0.4449 0.3273 0.8336
vn 0.4368 0.3354 0.8347
vn 0.0362 0.1310 0.9907
vn 0.0147 0.1166 0.9931
vn 0.6184 0.3512 0.7031
vn 0.5877 0.3105 0.7471
vn 0.5813 0.2750 0.7659
vn 0.5929 0.2857 0.7529
vn 0.5412 0.3105 0.7814
vn 0.5269 0.2984 0.7958
vn 0.5941 0.3102 0.7422
vn 0.5566 0.2700 0.7857
vn 0.6079 0.3592 0.7081
vn 0.6035 0.3518 0.7156
vn 0.3811 -0.6592 0.6482
vn 0.4903 -0.6059 0.6265
vn 0.2499 -0.4687 0.8473
vn 0.2826 -0.4474 0.8485
vn 0.3609 -0.2602 0.8956
vn 0.3211 -0.1846 0.9289
vn 0.2165 -0.6066 0.7650
vn 0.1929 -0.5757 0.7946
vn 0.3699 -0.0568 0.9273
vn 0.3990 -0.0362 0.9162
vn 0.3546 -0.2575 0.8988
vn 0.3152 -0.2815 0.9063
vn 0.2472 -0.4778 0.8430
vn 0.2864 -0.4557 0.8428
vn 0.6918 -0.3660 0.6225
vn 0.7804 -0.2881 0.5550
vn 0.8047 -0.1864 0.5637
vn 0.7323 -0.2659 0.6269
vn 0.7079 -0.0454 0.7048
vn 0.6396 -0.1234 0.7587
vn 0.1092 -0.2983 0.9482
vn 0.1862 -0.2329 0.9545
vn -0.0031 0.1136 0.9935
vn -0.0067 0.1161 0.9932
vn -0.1403 0.1820 0.9732
vn -0.0923 0.2156 0.9721
vn -0.0577 0.1744 0.9830
vn -0.0487 0.1817 0.9822
vn 0.7481 -0.2916 0.5961
vn 0.7675 -0.2140 0.6042
vn 0.7880 -0.0627 0.6125
vn 0.7874 -0.1377 0.6008
vn 0.7890 -0.1391 0.5985
vn 0.7772 -0.2246 0.5877
vn 0.7241 -0.2605 0.6386
vn 0.6937 -0.3494 0.6298
vn 0.6933 -0.3487 0.6307
vn 0.6099 -0.3592 0.7064
vn 0.5463 -0.4180 0.7258
vn 0.5116 -0.4802 0.7125
vn 0.7793 -0.0566 0.6241
vn 0.7689 0.0220 0.6390
vn 0.7176 0.1312 0.6839
vn 0.6946 0.1120 0.7106
vn 0.7690 0.0747 0.6348
vn 0.7318 0.0433 0.6802
vn 0.6079 0.1775 0.7739
vn 0.6089 0.1783 0.7729
vn 0.4264 -0.4240 0.7990
vn 0.4270 -0.4231 0.7992
vn 0.4064 -0.3941 0.8243
vn 0.4289 -0.3607 0.8282
vn 0.7161 -0.0789 0.6936
vn 0.7133 -0.1605 0.6823
vn 0.6940 -0.2383 0.6794
vn 0.7091 -0.1558 0.6877
vn 0.4485 0.1958 0.8721
vn 0.4384 0.2089 0.8742
vn 0.4621 -0.3889 0.7970
vn 0.4679 -0.3805 0.7977
vn 0.6484 -0.2441 0.7211
vn 0.6979 -0.2438 0.6735
vn 0.6431 -0.2727 0.7156
vn 0.6686 -0.2754 0.6908
vn 0.6019 -0.3113 0.7354
vn 0.6421 -0.3239 0.6948
vn 0.5170 -0.1990 0.8325
vn 0.5844 -0.1645 0.7946
vn 0.6297 -0.1773 0.7564
vn 0.5791 -0.1979 0.7909
vn 0.5620 -0.3544 0.7474
vn 0.5761 -0.3268 0.7492
vn 0.5556 -0.3313 0.7626
vn 0.5289 -0.3718 0.7629
vn 0.6540 -0.2225 0.7230
vn 0.6068 -0.2403 0.7577
vn 0.5425 -0.2308 0.8077
vn 0.5842 -0.2056 0.7852
vn 0.6668 -0.2591 0.6987
vn 0.6626 -0.2710 0.6983
vn 0.6432 -0.2954 0.7064
vn 0.6118 -0.3066 0.7292
vn 0.5851 -0.1990 0.7862
vn 0.6197 -0.2329 0.7494
vn 0.6764 -0.2439 0.6950
vn 0.6728 -0.2512 0.6959
vn 0.6770 -0.2480 0.6929
vn 0.6746 -0.2520 0.6938
vn 0.6333 -0.2851 0.7195
vn 0.6515 -0.2940 0.6994
vn 0.6468 -0.3229 0.6909
vn 0.6210 -0.3075 0.7210
vn 0.5978 -0.3803 0.7057
vn 0.5856 -0.3840 0.7139
vn 0.6168 -0.2425 0.7489
vn 0.6342 -0.2665 0.7258
vn 0.5862 -0.2501 0.7706
vn 0.6135 -0.2318 0.7549
vn 0.6323 -0.2337 0.7386
vn 0.6117 -0.2457 0.7520
vn 0.6722 -0.2658 0.6910
vn 0.6565 -0.2950 0.6943
vn 0.6711 -0.2519 0.6973
vn 0.6620 -0.2696 0.6994
vn 0.6717 -0.2571 0.6948
vn 0.6772 -0.2480 0.6927
vn 0.6734 -0.2839 0.6826
vn 0.6938 -0.2510 0.6750
vn 0.6323 -0.1970 0.7493
vn 0.6140 -0.1968 0.7644
vn 0.5457 -0.4539 0.7044
vn 0.5295 -0.4575 0.7143
vn 0.6139 -0.3072 0.7271
vn 0.6181 -0.3158 0.7199
vn 0.6353 -0.2666 0.7248
vn 0.6216 -0.2732 0.7341
vn 0.5735 -0.3796 0.7260
vn 0.5710 -0.3708 0.7324
vn 0.4731 -0.4289 0.7696
vn 0.5274 -0.4191 0.7391
vn 0.6057 -0.3132 0.7315
vn 0.6159 -0.3092 0.7247
vn 0.5356 -0.3587 0.7645
vn 0.5850 -0.3452 0.7339
vn 0.7119 -0.2580 0.6532
vn 0.6940 -0.2829 0.6621
vn 0.7148 -0.3086 0.6276
vn 0.6931 -0.3401 0.6356
vn 0.7868 0.2219 0.5759
vn 0.7793 0.2098 0.5905
vn 0.7958 0.1770 0.5791
vn 0.7874 0.2025 0.5823
vn 0.7387 -0.3036 0.6018
vn 0.7116 -0.3392 0.6153
vn 0.7275 -0.3551 0.5871
vn 0.7428 -0.3815 0.5501
vn 0.7757 0.1693 0.6080
vn 0.7805 0.1581 0.6048
vn 0.7451 -0.3707 0.5544
vn 0.7532 -0.3865 0.5323
vn 0.7947 0.1243 0.5941
vn 0.7862 0.0993 0.6099
vn 0.7713 -0.3781 0.5120
vn 0.7769 -0.3898 0.4945
vn 0.8466 -0.3850 0.3676
vn 0.8460 -0.3828 0.3711
vn 0.8622 -0.0471 0.5044
vn 0.8382 0.0161 0.5451
vn 0.8198 0.0504 0.5704
vn 0.8396 -0.0007 0.5432
vn 0.8051 -0.2977 0.5129
vn 0.8251 -0.2783 0.4917
vn 0.8399 -0.4009 0.3658
vn 0.7782 -0.3846 0.4964
vn 0.7828 -0.3950 0.4807
vn 0.8942 -0.3680 0.2550
vn 0.8871 -0.3776 0.2656
vn 0.8550 0.1325 0.5014
vn 0.8561 0.1301 0.5001
vn 0.9433 0.0736 0.3236
vn 0.9391 0.0851 0.3330
vn 0.8874 -0.0739 0.4551
vn 0.8958 -0.0186 0.4441
vn 0.8792 0.0073 0.4765
vn 0.8637 -0.0767 0.4982
vn 0.8805 -0.3847 0.2770
vn 0.8813 -0.3935 0.2617
vn 0.9132 -0.3546 0.2006
vn 0.9047 -0.3673 0.2159
vn 0.9763 0.0353 0.2133
vn 0.9713 0.0554 0.2313
vn 0.9360 0.1109 0.3340
vn 0.9292 0.1265 0.3473
vn 0.8544 0.1373 0.5012
vn 0.8620 0.1214 0.4922
vn 0.9236 -0.0091 0.3832
vn 0.9399 -0.0298 0.3402
vn 0.8207 -0.3309 0.4657
vn 0.8507 -0.3055 0.4277
vn 0.8984 -0.3738 0.2306
vn 0.8986 -0.3841 0.2121
vn 0.9615 0.0967 0.2574
vn 0.9701 0.0700 0.2325
vn 0.9860 0.0161 0.1661
vn 0.9821 0.0358 0.1849
vn 0.9156 0.1755 0.3618
vn 0.9128 0.1798 0.3666
vn 0.9037 0.0880 0.4190
vn 0.8812 0.1293 0.4548
vn 0.8744 0.0920 0.4764
vn 0.8808 0.1310 0.4549
vn 0.9195 0.1651 0.3568
vn 0.9171 0.1693 0.3610
vn 0.9363 0.0602 0.3459
vn 0.9373 0.0368 0.3465
vn 0.9358 0.0428 0.3501
vn 0.9358 -0.0077 0.3525
vn 0.9816 0.0450 0.1857
vn 0.9748 0.0711 0.2116
vn 0.9427 0.1514 0.2974
vn 0.9312 0.1717 0.3215
vn 0.9454 0.1607 0.2835
vn 0.9450 0.1400 0.2957
vn 0.9937 -0.0150 0.1111
vn 0.9896 0.0170 0.1429
vn 0.9240 0.1410 0.3556
vn 0.9227 0.1427 0.3581
vn 0.9308 0.0510 0.3619
vn 0.9167 0.0759 0.3924
vn 0.9170 0.0740 0.3920
vn 0.9010 0.1028 0.4215
vn 0.9148 0.1721 0.3653
vn 0.9153 0.1715 0.3645
vn 0.7586 -0.2772 0.5896
vn 0.7753 -0.2671 0.5723
vn 0.8098 -0.4828 0.3333
vn 0.8110 -0.5125 0.2822
vn 0.9576 0.1483 0.2472
vn 0.9569 0.1121 0.2679
vn 0.9544 0.1267 0.2703
vn 0.9420 0.1508 0.2998
vn 0.9896 0.0180 0.1430
vn 0.9840 0.0460 0.1720
vn 0.9307 0.1026 0.3511
vn 0.9316 0.1346 0.3377
vn 0.9391 0.1372 0.3151
vn 0.9261 0.1576 0.3428
vn 0.9437 0.0667 0.3241
vn 0.9376 0.0733 0.3399
vn 0.9412 0.0689 0.3307
vn 0.9373 0.0724 0.3409
vn 0.9178 0.1254 0.3768
vn 0.9177 0.1257 0.3768
vn 0.9306 0.0915 0.3545
vn 0.9322 0.0737 0.3545
vn 0.9662 0.0957 0.2394
vn 0.9527 0.1249 0.2770
vn 0.9394 0.0753 0.3345
vn 0.9411 0.1167 0.3173
vn 0.9492 0.1147 0.2930
vn 0.9372 0.1351 0.3215
vn 0.9313 0.0326 0.3629
vn 0.9285 0.0349 0.3696
vn 0.9373 0.0532 0.3445
vn 0.9410 0.0514 0.3345
vn 0.9377 0.0887 0.3361
vn 0.9387 0.0880 0.3332
vn 0.9400 0.0837 0.3308
vn 0.9392 0.0843 0.3328
vn 0.9399 0.0614 0.3359
vn 0.9383 0.0625 0.3401
vn 0.9023 0.1600 0.4003
vn 0.9026 0.1585 0.4003
vn 0.1707 -0.9853 -0.0007
vn 0.1705 -0.9854 -0.0011
vn 0.2775 -0.9607 0.0055
vn 0.2753 -0.9613 0.0115
vn 0.7519 -0.2591 0.6063
vn 0.7666 -0.2489 0.5919
vn 0.8212 -0.2912 0.4908
vn 0.8402 -0.2736 0.4683
vn 0.9593 0.0850 0.2692
vn 0.9457 0.1102 0.3058
vn 0.9424 0.0794 0.3249
vn 0.9536 0.0615 0.2946
vn 0.9355 0.0192 0.3528
vn 0.9277 0.0257 0.3725
vn 0.9295 0.0062 0.3687
vn 0.9300 0.0151 0.3673
vn 0.9312 0.0218 0.3638
vn 0.9281 0.0238 0.3716
vn 0.7976 0.3026 0.5217
vn 0.8104 0.2652 0.5224
vn 0.8773 0.2067 0.4332
vn 0.8784 0.2019 0.4332
vn 0.1737 -0.9848 0.0069
vn 0.1702 -0.9854 -0.0019
vn 0.9389 0.0104 0.3441
vn 0.9334 0.0150 0.3586
vn 0.9278 -0.0041 0.3731
vn 0.9282 0.0030 0.3720
vn 0.9309 0.0088 0.3651
vn 0.9265 0.0115 0.3762
vn 0.9311 0.0549 0.3605
vn 0.9240 0.0559 0.3783
vn 0.9198 0.1343 0.3686
vn 0.9219 0.1167 0.3695
vn 0.9310 0.1041 0.3500
vn 0.9331 0.1032 0.3446
vn 0.9391 0.0463 0.3406
vn 0.9331 0.0481 0.3564
vn 0.6632 0.3482 0.6625
vn 0.6854 0.3556 0.6354
vn 0.7691 0.2946 0.5672
vn 0.7544 0.3318 0.5663
vn 0.9307 0.0028 0.3658
vn 0.9321 0.0022 0.3622
vn 0.9350 0.0060 0.3547
vn 0.9308 0.0086 0.3653
vn 0.9247 0.0168 0.3804
vn 0.9245 0.0064 0.3811
vn 0.9314 -0.0021 0.3640
vn 0.9293 -0.0015 0.3694
vn 0.9202 0.0670 0.3856
vn 0.9101 0.0672 0.4089
vn 0.9044 0.1545 0.3978
vn 0.9061 0.1543 0.3940
vn 0.4867 0.2413 0.8396
vn 0.4430 0.3110 0.8409
vn 0.5688 0.2921 0.7689
vn 0.5218 0.3745 0.7665
vn 0.3977 0.1243 0.9090
vn 0.4282 0.1489 0.8913
vn 0.4555 0.1354 0.8799
vn 0.4199 0.1950 0.8864
vn 0.3736 0.0947 0.9228
vn 0.4026 0.1222 0.9072
vn 0.3286 0.3159 0.8901
vn 0.3327 0.3210 0.8867
vn 0.3078 0.3518 0.8840
vn 0.3133 0.3595 0.8790
vn 0.9282 -0.0058 0.3721
vn 0.9298 -0.0063 0.3679
vn 0.9258 0.0102 0.3779
vn 0.9258 0.0082 0.3780
vn 0.9166 0.0331 0.3984
vn 0.9170 0.0331 0.3976
vn 0.9004 0.0913 0.4254
vn 0.8901 0.0904 0.4467
vn 0.8552 0.1436 0.4981
vn 0.8472 0.1418 0.5121
vn 0.8273 0.2563 0.4998
vn 0.8383 0.2162 0.5005
vn 0.8848 0.1937 0.4239
vn 0.8885 0.1749 0.4241
vn 0.4215 0.2332 0.8763
vn 0.4514 0.2599 0.8536
vn 0.3944 0.2028 0.8963
vn 0.4224 0.2328 0.8760
vn 0.2732 0.3183 0.9078
vn 0.2585 0.3349 0.9061
vn 0.2511 0.3508 0.9022
vn 0.2328 0.3710 0.8990
vn 0.3496 0.2937 0.8897
vn 0.3630 0.3087 0.8791
vn 0.9285 0.0126 0.3710
vn 0.9343 0.0108 0.3564
vn 0.9310 0.0245 0.3643
vn 0.9310 0.0323 0.3636
vn 0.9174 0.0364 0.3962
vn 0.9176 0.0364 0.3959
vn 0.9025 0.0724 0.4245
vn 0.9037 0.0560 0.4245
vn 0.8603 0.1387 0.4906
vn 0.8633 0.1217 0.4898
vn 0.8196 0.1674 0.5479
vn 0.8290 0.1702 0.5327
vn 0.7571 0.2231 0.6140
vn 0.7393 0.2152 0.6380
vn 0.7006 0.3171 0.6392
vn 0.7147 0.3238 0.6199
vn 0.7823 0.2679 0.5623
vn 0.7983 0.2723 0.5372
vn 0.1421 0.3286 0.9337
vn 0.1499 0.3373 0.9294
vn 0.0590 0.3119 0.9483
vn 0.0680 0.3211 0.9446
vn 0.0195 0.3009 0.9534
vn 0.0372 0.3207 0.9465
vn 0.1027 0.3414 0.9343
vn 0.1165 0.3587 0.9262
vn 0.2905 0.2986 0.9091
vn 0.2779 0.3130 0.9082
vn 0.3594 0.3312 0.8724
vn 0.3745 0.3476 0.8596
vn 0.9217 0.0517 0.3846
vn 0.9255 0.0513 0.3753
vn 0.9065 0.0674 0.4167
vn 0.9065 0.0676 0.4167
vn 0.8666 0.1417 0.4786
vn 0.8675 0.1367 0.4784
vn 0.8376 0.1557 0.5237
vn 0.8345 0.1688 0.5245
vn 0.7832 0.2235 0.5803
vn 0.7680 0.2181 0.6022
vn 0.6315 0.2641 0.7290
vn 0.6406 0.2705 0.7186
vn 0.5667 0.2881 0.7719
vn 0.5730 0.2932 0.7653
vn 0.5105 0.3354 0.7918
vn 0.5355 0.3575 0.7652
vn 0.5882 0.3507 0.7287
vn 0.6008 0.3607 0.7134
vn 0.0401 0.3131 0.9489
vn 0.0327 0.3057 0.9516
vn 0.0203 0.3009 0.9534
vn 0.0114 0.2913 0.9566
vn 0.1637 0.3099 0.9366
vn 0.1703 0.3168 0.9331
vn 0.0933 0.3033 0.9483
vn 0.0843 0.3110 0.9467
vn 0.3029 0.3274 0.8950
vn 0.2810 0.3516 0.8930
vn 0.3671 0.3895 0.8447
vn 0.3824 0.4054 0.8303
vn 0.9102 0.0839 0.4055
vn 0.9107 0.0780 0.4056
vn 0.8715 0.1659 0.4614
vn 0.8717 0.1650 0.4614
vn 0.8439 0.1684 0.5094
vn 0.8406 0.1819 0.5101
vn 0.7981 0.2253 0.5588
vn 0.7830 0.2203 0.5817
vn 0.6686 0.2522 0.6995
vn 0.6546 0.2846 0.7004
vn 0.6007 0.2606 0.7558
vn 0.5851 0.2899 0.7574
vn 0.5392 0.3046 0.7852
vn 0.5313 0.2976 0.7932
vn 0.4781 0.3194 0.8182
vn 0.5003 0.3408 0.7960
vn 0.5002 0.3139 0.8070
vn 0.4929 0.3062 0.8145
vn 0.4429 0.3020 0.8442
vn 0.4640 0.3261 0.8236
vn 0.0534 0.3060 0.9505
vn 0.0511 0.3039 0.9513
vn 0.1673 0.3327 0.9281
vn 0.1761 0.3415 0.9232
vn 0.1002 0.3211 0.9417
vn 0.0888 0.3306 0.9396
vn 0.3100 0.3861 0.8688
vn 0.2878 0.4096 0.8657
vn 0.8471 0.2002 0.4923
vn 0.8504 0.2006 0.4864
vn 0.8086 0.2444 0.5353
vn 0.7989 0.2415 0.5509
vn 0.6858 0.2571 0.6809
vn 0.6682 0.2976 0.6819
vn 0.6187 0.2594 0.7415
vn 0.5986 0.2976 0.7437
vn 0.5654 0.2829 0.7747
vn 0.5502 0.2700 0.7902
vn 0.5253 0.2838 0.8022
vn 0.5141 0.2730 0.8131
vn 0.0566 0.3240 0.9444
vn 0.0517 0.3195 0.9462
vn 0.1690 0.3793 0.9097
vn 0.1825 0.3924 0.9015
vn 0.0932 0.3631 0.9271
vn 0.1048 0.3735 0.9217
vn 0.6174 0.2885 0.7318
vn 0.6389 0.3040 0.7067
vn 0.6856 0.2904 0.6675
vn 0.7003 0.2996 0.6480
vn 0.5833 0.2823 0.7616
vn 0.5666 0.2687 0.7790
vn 0.5432 0.2818 0.7909
vn 0.5270 0.2666 0.8069
vn 0.0616 0.3651 0.9289
vn 0.0527 0.3572 0.9325
vn 0.7996 -0.4283 0.4209
vn 0.8482 -0.3910 0.3572
vn 0.6019 0.2985 0.7407
vn 0.5832 0.2834 0.7613
vn 0.5607 0.2960 0.7733
vn 0.5434 0.2803 0.7913
vn 0.7778 -0.3183 0.5419
vn 0.7508 -0.3327 0.5706
vn 0.5409 -0.2270 0.8099
vn 0.5439 -0.2090 0.8127
vn 0.6052 0.1351 0.7846
vn 0.5740 0.1257 0.8091
vn 0.5336 -0.0434 0.8446
vn 0.5053 -0.0515 0.8614
vn 0.4083 -0.2288 0.8837
vn 0.4464 -0.2171 0.8681
vn 0.3536 -0.3501 0.8674
vn 0.3422 -0.2840 0.8957
vn 0.2829 -0.4899 0.8246
vn 0.2805 -0.4861 0.8276
vn 0.3291 -0.2865 0.8998
vn 0.3193 -0.2932 0.9012
vn 0.3777 -0.1008 0.9204
vn 0.3437 -0.0463 0.9380
vn 0.7336 0.0652 0.6765
vn 0.7374 0.0465 0.6738
vn 0.6525 -0.0870 0.7528
vn 0.6562 -0.1226 0.7445
vn 0.5562 -0.2370 0.7966
vn 0.5563 -0.2599 0.7893
vn 0.4939 -0.3176 0.8094
vn 0.4927 -0.3350 0.8032
vn 0.2319 -0.7060 0.6692
vn 0.2954 -0.6822 0.6688
vn 0.7125 0.2606 0.6515
vn 0.7117 0.2629 0.6515
vn 0.7111 0.2834 0.6434
vn 0.7090 0.2802 0.6471
vn 0.7232 0.1882 0.6645
vn 0.7389 0.1475 0.6575
vn 0.7409 0.1202 0.6608
vn 0.7595 0.0682 0.6469
vn 0.7794 0.0112 0.6265
vn 0.8051 -0.0733 0.5885
vn 0.8046 -0.0438 0.5922
vn 0.8270 -0.1212 0.5490
vn 0.8503 -0.1617 0.5008
vn 0.8674 -0.0824 0.4907
vn 0.8503 -0.1646 0.4999
vn 0.8264 -0.0814 0.5571
vn -0.0547 0.3498 0.9352
vn -0.0572 0.3474 0.9360
vn -0.1120 0.3459 0.9315
vn -0.1311 0.3302 0.9348
vn -0.0787 0.4129 0.9074
vn 0.0782 0.4384 0.8953
vn 0.5474 0.1827 0.8167
vn 0.5361 0.1997 0.8202
vn 0.6620 0.1588 0.7325
vn 0.6644 0.1537 0.7314
vn 0.5933 -0.2766 0.7559
vn 0.5775 -0.2716 0.7699
vn 0.6259 -0.3100 0.7156
vn 0.6031 -0.3002 0.7390
vn 0.5696 -0.1376 0.8103
vn 0.5426 -0.1385 0.8285
vn 0.8669 -0.3320 0.3719
vn 0.8704 -0.3502 0.3460
vn 0.7570 -0.3575 0.5470
vn 0.7627 -0.3685 0.5315
vn 0.8506 -0.3721 0.3716
vn 0.8589 -0.3613 0.3631
vn 0.9185 -0.2961 0.2622
vn 0.9193 -0.3120 0.2398
vn 0.9383 -0.2837 0.1979
vn 0.9379 -0.2970 0.1790
vn 0.9177 -0.3408 0.2040
vn 0.9267 -0.3255 0.1877
vn 0.9000 -0.3501 0.2597
vn 0.9060 -0.3411 0.2506
vn 0.9142 -0.3596 0.1869
vn 0.9135 -0.3734 0.1617
vn 0.9237 -0.3541 0.1463
vn 0.9248 -0.3417 0.1676
vn 0.9332 -0.3255 0.1521
vn 0.9438 -0.3047 0.1277
vn 0.9532 -0.2708 0.1344
vn 0.9517 -0.2848 0.1144
vn 0.9747 -0.2129 -0.0677
vn 0.9551 -0.2611 -0.1400
vn 0.9726 -0.1959 -0.1251
vn 0.9663 -0.2092 -0.1503
vn 0.8882 -0.3118 0.3375
vn 0.8849 -0.2921 0.3629
vn 0.9357 -0.2680 0.2295
vn 0.9347 -0.2474 0.2552
vn 0.9524 -0.2362 0.1928
vn 0.9522 -0.2499 0.1757
vn 0.9663 -0.2249 0.1254
vn 0.9650 -0.2395 0.1069
vn 0.9762 -0.1679 -0.1371
vn 0.9692 -0.1838 -0.1638
vn 0.8988 -0.0941 0.4280
vn 0.9142 -0.1157 0.3883
vn 0.9131 -0.0537 0.4043
vn 0.9105 -0.0904 0.4034
vn 0.9251 -0.0461 0.3769
vn 0.9086 -0.0351 0.4161
vn 0.9137 0.0134 0.4062
vn 0.9143 -0.0050 0.4051
vn 0.9042 0.0403 0.4252
vn 0.9022 0.0625 0.4267
vn 0.8857 0.0939 0.4547
vn 0.8888 0.0933 0.4487
vn 0.8594 0.1438 0.4907
vn 0.8630 0.1243 0.4897
vn 0.7814 0.2324 0.5791
vn 0.7883 0.2096 0.5785
vn 0.7466 0.2363 0.6218
vn 0.7331 0.2740 0.6225
vn 0.6226 0.2862 0.7283
vn 0.6625 0.2988 0.6869
vn 0.5314 0.1803 0.8277
vn 0.4822 0.2739 0.8321
vn 0.6576 -0.2827 0.6983
vn 0.6834 -0.2664 0.6798
vn 0.6844 -0.2619 0.6805
vn 0.6769 -0.2660 0.6863
vn 0.6427 -0.2663 0.7184
vn 0.6815 -0.2487 0.6883
vn 0.7077 -0.2639 0.6554
vn 0.7112 -0.2616 0.6525
vn 0.6046 -0.2625 0.7521
vn 0.6489 -0.2473 0.7195
vn 0.5857 -0.2528 0.7701
vn 0.6117 -0.2463 0.7518
vn 0.4258 -0.3701 0.8257
vn 0.5399 -0.3536 0.7639
vn 0.4895 -0.1465 0.8596
vn 0.4886 -0.1578 0.8581
vn -0.1548 0.5031 0.8503
vn -0.0262 0.4570 0.8891
vn -0.0549 0.5574 0.8285
vn -0.0281 0.5370 0.8431
vn 0.0444 0.2954 0.9543
vn 0.0890 0.3593 0.9290
vn 0.3228 0.3660 0.8728
vn 0.3253 0.3677 0.8712
vn 0.4463 0.3389 0.8282
vn 0.4441 0.3413 0.8284
vn 0.5413 0.3082 0.7823
vn 0.5494 0.3147 0.7740
vn 0.5932 0.2729 0.7574
vn 0.6127 0.2892 0.7355
vn 0.6403 0.2228 0.7351
vn 0.6700 0.2487 0.6995
vn 0.6749 0.1701 0.7181
vn 0.7073 0.1982 0.6785
vn -0.0072 0.3918 0.9200
vn 0.0292 0.3571 0.9336
vn 0.7124 0.0056 0.7017
vn 0.7767 0.0498 0.6280
vn 0.7508 0.1354 0.6465
vn 0.7007 0.0940 0.7072
vn 0.7810 -0.1529 0.6056
vn 0.6957 -0.1848 0.6941
vn 0.7473 -0.2403 0.6195
vn 0.6743 -0.2589 0.6916
vn 0.6388 -0.2934 0.7113
vn 0.6967 -0.2876 0.6572
vn 0.6054 -0.3210 0.7284
vn 0.6580 -0.3223 0.6805
vn 0.4708 -0.4111 0.7806
vn 0.4890 -0.3791 0.7856
vn 0.5362 -0.3773 0.7551
vn 0.5993 -0.3913 0.6984
vn 0.7631 0.0096 0.6462
vn 0.6565 -0.0259 0.7539
vn 0.7494 -0.0219 0.6617
vn 0.7569 -0.1293 0.6407
vn 0.5436 -0.2029 0.8144
vn 0.5442 -0.1997 0.8148
vn 0.5289 -0.2102 0.8222
vn 0.5269 -0.2214 0.8205
vn 0.5571 -0.0958 0.8249
vn 0.5539 -0.1238 0.8233
vn 0.5000 -0.1340 0.8556
vn 0.4992 -0.1411 0.8549
vn 0.4748 -0.1532 0.8667
vn 0.4801 -0.1542 0.8636
vn 0.5022 -0.1455 0.8524
vn 0.5016 -0.1540 0.8513
vn 0.5873 -0.1865 0.7876
vn 0.5907 -0.1695 0.7889
vn 0.7118 -0.3581 0.6042
vn 0.7242 -0.3770 0.5774
vn 0.6947 -0.3072 0.6504
vn 0.6745 -0.3395 0.6555
vn 0.7026 -0.3558 0.6162
vn 0.7108 -0.3671 0.6000
vn 0.6303 -0.2624 0.7307
vn 0.6346 -0.2461 0.7326
vn 0.6057 -0.2765 0.7461
vn 0.6174 -0.2797 0.7352
vn 0.6029 -0.3003 0.7391
vn 0.5893 -0.2953 0.7520
vn 0.6154 -0.2236 0.7558
vn 0.6122 -0.2367 0.7545
vn 0.5757 -0.2487 0.7789
vn 0.5905 -0.2517 0.7668
vn 0.5774 -0.2717 0.7700
vn 0.5640 -0.2679 0.7811
vn 0.2755 -0.4081 0.8704
vn 0.2517 -0.4505 0.8566
vn 0.1481 -0.4765 0.8666
vn 0.1385 -0.4891 0.8611
vn 0.0411 -0.5004 0.8648
vn 0.0257 -0.5163 0.8560
vn 0.4426 -0.2818 0.8513
vn 0.3931 -0.2735 0.8779
vn 0.2472 -0.2503 0.9361
vn 0.2354 -0.2732 0.9327
vn 0.1538 -0.2956 0.9429
vn 0.1250 -0.3372 0.9331
vn 0.0456 -0.3467 0.9369
vn 0.0337 -0.3599 0.9324
vn 0.7408 -0.2702 0.6150
vn 0.7511 -0.2624 0.6058
vn 0.5636 -0.2087 0.7992
vn 0.5596 -0.2363 0.7944
vn 0.7595 -0.3362 0.5570
vn 0.7602 -0.3376 0.5551
vn 0.6946 -0.3387 0.6347
vn 0.7031 -0.3488 0.6197
vn 0.6981 -0.2813 0.6584
vn 0.6856 -0.2860 0.6694
vn 0.8485 0.1133 0.5169
vn 0.8558 0.1240 0.5023
vn 0.8479 0.1563 0.5065
vn 0.8381 0.1388 0.5276
vn 0.8205 0.1458 0.5528
vn 0.8210 0.1472 0.5517
vn 0.8295 0.1311 0.5430
vn 0.8242 0.1140 0.5548
vn 0.8516 0.0482 0.5219
vn 0.8607 0.0920 0.5007
vn 0.8629 0.0776 0.4993
vn 0.8891 0.0215 0.4572
vn 0.8969 0.0637 0.4375
vn 0.8904 0.0109 0.4551
vn 0.9132 0.0367 0.4059
vn 0.9081 -0.0111 0.4187
vn 0.9373 0.0151 0.3482
vn 0.9378 0.0543 0.3428
vn 0.5146 -0.4478 0.7312
vn 0.4838 -0.4452 0.7535
vn 0.9380 0.0782 0.3377
vn 0.9388 0.0504 0.3408
vn 0.6011 -0.6115 0.5145
vn 0.5327 -0.6178 0.5784
vn 0.9386 0.0920 0.3325
vn 0.9398 0.0716 0.3340
vn 0.3119 -0.8053 0.5041
vn 0.2874 -0.8311 0.4761
vn 0.9333 0.1140 0.3406
vn 0.9341 0.1060 0.3410
vn 0.2963 -0.6047 0.7393
vn 0.2690 -0.6468 0.7137
vn 0.9215 0.1452 0.3603
vn 0.9216 0.1441 0.3603
vn 0.9070 0.1727 0.3840
vn 0.9057 0.1801 0.3838
vn 0.1653 -0.8608 0.4814
vn 0.1460 -0.8750 0.4615
vn 0.8806 0.2236 0.4178
vn 0.8857 0.2019 0.4181
vn 0.1645 -0.6730 0.7211
vn 0.1440 -0.6954 0.7040
vn 0.8122 0.3018 0.4992
vn 0.8272 0.2548 0.5008
vn 0.0402 -0.8855 0.4628
vn 0.0488 -0.8807 0.4712
vn 0.7834 0.2923 0.5485
vn 0.7701 0.3277 0.5473
vn 0.7003 0.3406 0.6274
vn 0.6848 0.3727 0.6262
vn 0.5890 0.3432 0.7317
vn 0.5589 0.3947 0.7293
vn 0.5147 0.3013 0.8027
vn 0.4717 0.3678 0.8014
vn 0.8333 -0.3688 0.4118
vn 0.8447 -0.4113 0.3425
vn 0.8373 -0.3154 0.4467
vn 0.8463 -0.3349 0.4143
vn 0.4473 0.2918 0.8454
vn 0.4779 0.3209 0.8177
vn 0.4110 0.3081 0.8580
vn 0.4510 0.2504 0.8567
vn 0.9816 -0.1221 -0.1465
vn 0.9721 -0.1474 -0.1825
vn 0.9745 -0.2032 0.0948
vn 0.9759 -0.1851 0.1158
vn 0.9486 -0.2233 0.2242
vn 0.9479 -0.2079 0.2415
vn 0.6979 -0.2525 0.6702
vn 0.7038 -0.2605 0.6609
vn 0.7135 -0.2516 0.6540
vn 0.7077 -0.2459 0.6623
vn 0.9623 -0.1987 0.1856
vn 0.9623 -0.2117 0.1709
vn 0.6754 -0.2578 0.6909
vn 0.6682 -0.2573 0.6980
vn 0.6152 -0.2608 0.7440
vn 0.6071 -0.2946 0.7380
vn 0.6445 -0.2986 0.7039
vn 0.6374 -0.3204 0.7008
vn 0.6996 -0.2920 0.6521
vn 0.6937 -0.3042 0.6529
vn 0.6550 -0.3196 0.6847
vn 0.6517 -0.3272 0.6842
vn 0.2866 0.2369 0.9283
vn 0.3151 0.2406 0.9181
vn 0.2901 0.2599 0.9210
vn 0.3197 0.2642 0.9099
vn 0.8242 -0.2953 0.4831
vn 0.8314 -0.3082 0.4624
vn 0.8426 -0.3327 0.4235
vn 0.8541 -0.3711 0.3643
vn 0.6742 -0.3167 0.6672
vn 0.6597 -0.3423 0.6690
vn 0.8372 -0.2903 0.4636
vn 0.8489 -0.3150 0.4244
vn 0.6589 -0.3321 0.6749
vn 0.6573 -0.3353 0.6749
vn 0.6233 0.0253 0.7816
vn 0.5822 0.0289 0.8125
vn 0.6962 0.0363 0.7169
vn 0.6361 0.0391 0.7707
vn 0.7479 -0.0633 0.6608
vn 0.7424 -0.0200 0.6696
vn 0.7787 -0.0441 0.6259
vn 0.8413 -0.0720 0.5357
vn 0.6190 0.1510 0.7707
vn 0.6195 0.1564 0.7692
vn 0.5538 0.1109 0.8252
vn 0.5538 0.1268 0.8229
vn 0.4391 0.2333 0.8676
vn 0.4407 0.2033 0.8743
vn 0.5230 0.2877 0.8023
vn 0.5245 0.2873 0.8015
vn 0.6887 -0.2504 0.6805
vn 0.6849 -0.2490 0.6847
vn 0.6815 -0.2683 0.6809
vn 0.6664 -0.2629 0.6977
vn 0.6707 -0.2591 0.6950
vn 0.6782 -0.2431 0.6935
vn 0.6352 -0.3034 0.7103
vn 0.6525 -0.2671 0.7092
vn 0.6697 -0.2537 0.6980
vn 0.6572 -0.2747 0.7019
vn 0.6310 -0.2835 0.7221
vn 0.6123 -0.3142 0.7255
vn 0.6150 -0.3362 0.7133
vn 0.5911 -0.3211 0.7399
vn 0.6416 -0.2571 0.7226
vn 0.6268 -0.2458 0.7394
vn 0.6550 -0.2657 0.7074
vn 0.6622 -0.2715 0.6984
vn 0.6331 -0.2707 0.7252
vn 0.6371 -0.2742 0.7204
vn 0.6140 -0.2626 0.7443
vn 0.6452 -0.2944 0.7050
vn 0.5996 -0.2877 0.7468
vn 0.6175 -0.3094 0.7232
vn 0.5620 -0.2499 0.7885
vn 0.5969 -0.3009 0.7437
vn 0.5377 -0.2823 0.7945
vn 0.5699 -0.3403 0.7479
vn 0.4645 -0.2374 0.8532
vn 0.5013 -0.3344 0.7980
vn 0.5017 -0.2555 0.8264
vn 0.5652 -0.2438 0.7881
vn 0.7077 -0.2807 0.6483
vn 0.7263 -0.3056 0.6157
vn 0.6645 -0.0730 0.7437
vn 0.7236 -0.0683 0.6868
vn 0.6112 -0.0739 0.7880
vn 0.6633 -0.0744 0.7447
vn 0.6352 -0.1498 0.7577
vn 0.6689 -0.1495 0.7281
vn 0.7019 -0.1190 0.7022
vn 0.6915 -0.1740 0.7011
vn 0.6742 -0.2007 0.7107
vn 0.6654 -0.2003 0.7191
vn 0.7079 -0.1962 0.6785
vn 0.6805 -0.1960 0.7061
vn 0.6802 -0.2227 0.6984
vn 0.6732 -0.2217 0.7054
vn 0.7037 -0.2293 0.6725
vn 0.6751 -0.2263 0.7022
vn 0.7528 -0.1398 0.6433
vn 0.7629 -0.1084 0.6373
vn 0.6077 -0.2616 0.7498
vn 0.6264 -0.2486 0.7388
vn 0.4404 -0.0930 0.8930
vn 0.4395 -0.0928 0.8934
vn 0.3818 -0.0253 0.9239
vn 0.3823 -0.0348 0.9234
vn 0.5076 0.2121 0.8350
vn 0.5094 0.0527 0.8589
vn 0.3964 0.1705 0.9021
vn 0.4012 0.0645 0.9137
vn 0.2936 0.0921 0.9515
vn 0.3783 0.0866 0.9216
vn 0.5423 0.1737 0.8220
vn 0.6774 0.1607 0.7178
vn 0.3042 0.0463 0.9515
vn 0.2881 0.0474 0.9564
vn 0.6577 -0.3326 0.6759
vn 0.6448 -0.3238 0.6924
vn 0.6819 -0.2873 0.6727
vn 0.6659 -0.3150 0.6763
vn 0.6823 -0.3154 0.6595
vn 0.7079 -0.2756 0.6504
vn 0.4567 0.0211 0.8894
vn 0.5038 0.0768 0.8604
vn 0.3315 -0.3286 0.8844
vn 0.4772 -0.3216 0.8178
vn 0.3542 -0.4341 0.8283
vn 0.4785 -0.4241 0.7689
vn 0.2193 -0.5745 0.7886
vn 0.1727 -0.5533 0.8149
vn 0.0399 -0.5574 0.8293
vn 0.0271 -0.5487 0.8356
vn 0.1048 -0.5542 0.8258
vn 0.1136 -0.5591 0.8212
vn 0.2470 -0.5699 0.7837
vn 0.2402 -0.5671 0.7879
vn 0.0479 -0.2081 0.9769
vn 0.0385 -0.2184 0.9751
vn 0.1457 -0.1866 0.9716
vn 0.1375 -0.1978 0.9705
vn 0.2294 -0.1565 0.9607
vn 0.2231 -0.1677 0.9603
vn 0.3272 -0.1187 0.9375
vn 0.3580 -0.1257 0.9252
vn 0.3636 -0.3013 0.8815
vn 0.3615 -0.1988 0.9109
vn 0.0456 -0.1087 0.9930
vn 0.0425 -0.1118 0.9928
vn 0.1289 -0.1049 0.9861
vn 0.1324 -0.1007 0.9861
vn 0.1937 -0.1160 0.9742
vn 0.2115 -0.0887 0.9734
vn 0.2655 -0.1324 0.9550
vn 0.3465 -0.1507 0.9259
vn 0.3445 -0.4410 0.8288
vn 0.3570 -0.2958 0.8860
vn 0.0465 -0.1305 0.9904
vn 0.0344 -0.1208 0.9921
vn 0.0930 -0.1271 0.9875
vn 0.1348 -0.1553 0.9786
vn 0.9114 -0.3502 0.2162
vn 0.9110 -0.3420 0.2306
vn 0.9003 -0.3483 0.2611
vn 0.8889 -0.3608 0.2822
vn 0.8807 -0.3600 0.3078
vn 0.8699 -0.3712 0.3249
vn 0.8437 -0.3908 0.3681
vn 0.8408 -0.3810 0.3846
vn 0.7956 -0.3785 0.4730
vn 0.8009 -0.3908 0.4537
vn 0.7786 -0.3587 0.5150
vn 0.7871 -0.3787 0.4868
vn 0.7805 -0.3086 0.5437
vn 0.7605 -0.3308 0.5588
vn 0.7431 -0.3119 0.5920
vn 0.7600 -0.2935 0.5799
vn 0.7604 0.2866 0.5828
vn 0.7747 0.2462 0.5824
vn 0.7484 0.2610 0.6098
vn 0.7588 0.2303 0.6093
vn 0.7347 0.2569 0.6279
vn 0.7467 0.2214 0.6272
vn 0.7150 0.2417 0.6560
vn 0.7029 0.2351 0.6713
vn 0.6650 0.3481 0.6607
vn 0.6788 0.3191 0.6614
vn 0.6441 0.3869 0.6599
vn 0.6651 0.3462 0.6616
vn 0.6199 0.3831 0.6849
vn 0.6478 0.3293 0.6869
vn 0.5834 0.3174 0.7476
vn 0.6224 0.2354 0.7465
vn 0.5329 0.1589 0.8311
vn 0.5658 0.0771 0.8210
vn 0.4577 -0.0117 0.8890
vn 0.4863 -0.0977 0.8683
vn 0.3648 -0.1943 0.9106
vn 0.3862 -0.2693 0.8822
vn 0.2783 -0.2960 0.9138
vn 0.3003 -0.3775 0.8760
vn 0.8212 0.2382 0.5186
vn 0.8270 0.2191 0.5178
vn 0.8142 0.2125 0.5404
vn 0.8183 0.1978 0.5396
vn 0.8082 0.1986 0.5545
vn 0.8118 0.1851 0.5538
vn 0.7959 0.2010 0.5712
vn 0.7797 0.1949 0.5950
vn 0.7457 0.2926 0.5986
vn 0.7576 0.2969 0.5813
vn 0.7462 0.3138 0.5871
vn 0.7306 0.3507 0.5858
vn 0.7120 0.3544 0.6062
vn 0.7302 0.3135 0.6071
vn 0.6926 0.2919 0.6596
vn 0.7067 0.2576 0.6589
vn 0.6416 0.1331 0.7554
vn 0.6559 0.0879 0.7497
vn 0.5801 -0.0609 0.8123
vn 0.5569 -0.0653 0.8280
vn 0.4547 -0.2246 0.8618
vn 0.4883 -0.2161 0.8455
vn 0.3997 -0.3285 0.8558
vn 0.3951 -0.2747 0.8766
vn 0.4065 -0.2010 0.8913
vn 0.4250 -0.2862 0.8588
vn 0.3530 -0.1485 0.9238
vn 0.3762 -0.1539 0.9137
vn 0.3797 -0.1437 0.9139
vn 0.3878 -0.2213 0.8948
vn 0.6125 -0.3631 0.7021
vn 0.5692 -0.4515 0.6871
vn 0.6095 -0.3281 0.7217
vn 0.5910 -0.3765 0.7134
vn 0.6253 -0.2905 0.7243
vn 0.6571 -0.2982 0.6923
vn 0.6829 -0.2389 0.6904
vn 0.6773 -0.2590 0.6886
vn 0.6832 -0.2390 0.6900
vn 0.6833 -0.2387 0.6900
vn 0.6557 -0.2554 0.7105
vn 0.6503 -0.2730 0.7089
vn 0.6216 -0.2880 0.7285
vn 0.6366 -0.2935 0.7131
vn 0.6238 -0.3168 0.7145
vn 0.6063 -0.3087 0.7329
vn 0.6450 -0.3246 0.6918
vn 0.6275 -0.3150 0.7121
vn 0.6653 -0.3060 0.6810
vn 0.6565 -0.3228 0.6818
vn 0.6559 -0.2909 0.6965
vn 0.6450 -0.3134 0.6969
vn 0.6465 -0.2761 0.7112
vn 0.6651 -0.2871 0.6893
vn 0.6736 -0.2546 0.6939
vn 0.6690 -0.2656 0.6942
vn 0.6819 -0.2569 0.6849
vn 0.6849 -0.2489 0.6848
vn 0.6726 -0.2797 0.6851
vn 0.6538 -0.2713 0.7064
vn 0.5855 -0.3536 0.7295
vn 0.6027 -0.3132 0.7339
vn 0.5097 -0.4247 0.7482
vn 0.5348 -0.3745 0.7575
vn 0.4821 -0.4342 0.7609
vn 0.4567 -0.4741 0.7528
vn 0.6299 -0.3954 0.6685
vn 0.6182 -0.4366 0.6536
vn 0.7772 0.0776 0.6244
vn 0.7740 0.0774 0.6284
vn 0.6970 -0.0265 0.7165
vn 0.6541 -0.0140 0.7563
vn 0.6099 -0.0961 0.7867
vn 0.5726 -0.0753 0.8164
vn 0.6072 0.2143 0.7651
vn 0.6408 0.2115 0.7380
vn 0.7596 0.0263 0.6499
vn 0.7212 0.0351 0.6919
vn 0.4913 -0.4669 0.7353
vn 0.4892 -0.4735 0.7324
vn 0.5217 -0.4348 0.7340
vn 0.5203 -0.4399 0.7319
vn 0.4093 -0.3566 0.8398
vn 0.4080 -0.3762 0.8318
vn 0.1335 -0.4381 0.8889
vn 0.1022 -0.3767 0.9207
vn 0.3754 -0.4095 0.8315
vn 0.3767 -0.3977 0.8366
vn 0.1370 -0.4072 0.9030
vn 0.1667 -0.4666 0.8686
vn 0.1061 -0.4980 0.8607
vn 0.1729 -0.5794 0.7965
vn 0.4778 -0.5123 0.7136
vn 0.4731 -0.5253 0.7072
vn 0.5203 -0.4709 0.7124
vn 0.5154 -0.4858 0.7060
vn 0.5464 -0.4563 0.7024
vn 0.5365 -0.4840 0.6913
vn 0.7248 -0.2706 0.6336
vn 0.7428 -0.1530 0.6518
vn 0.4545 -0.5132 0.7280
vn 0.4567 -0.5070 0.7310
vn 0.3809 -0.3913 0.8378
vn 0.3802 -0.3966 0.8355
vn 0.1020 -0.3850 0.9173
vn 0.0564 -0.2992 0.9525
vn 0.0531 -0.4959 0.8667
vn -0.0195 -0.4104 0.9117
vn -0.1809 -0.0140 0.9834
vn -0.1653 0.0284 0.9858
vn 0.0015 0.0251 0.9997
vn -0.0051 0.0359 0.9993
vn 0.5496 -0.0319 0.8348
vn 0.5456 0.0160 0.8379
vn 0.5603 0.0650 0.8257
vn 0.5594 0.0705 0.8259
vn 0.7677 -0.0531 0.6386
vn 0.7668 -0.0723 0.6378
vn 0.7376 -0.1479 0.6588
vn 0.7388 -0.1367 0.6599
vn 0.5512 -0.4433 0.7069
vn 0.5468 -0.4571 0.7015
vn 0.5827 -0.4291 0.6901
vn 0.5711 -0.4644 0.6769
vn 0.4611 -0.6458 0.6085
vn 0.4361 -0.6821 0.5870
vn 0.4238 -0.6781 0.6005
vn 0.4298 -0.6756 0.5990
vn -0.1819 -0.8847 0.4293
vn -0.2300 -0.8972 0.3770
vn -0.2196 -0.9082 0.3564
vn -0.2173 -0.9076 0.3593
vn -0.1489 0.1528 0.9770
vn -0.1166 0.0233 0.9929
vn 0.1446 0.6085 0.7802
vn 0.1253 0.6457 0.7532
vn 0.1717 0.7124 0.6805
vn 0.1833 0.7016 0.6886
vn 0.1425 -0.0831 0.9863
vn 0.1498 -0.0955 0.9841
vn 0.3865 -0.1749 0.9055
vn 0.3700 -0.1578 0.9155
vn 0.3786 0.0628 0.9234
vn 0.3580 -0.0063 0.9337
vn -0.2357 0.9711 0.0364
vn -0.1922 0.9727 0.1299
vn -0.0549 0.9219 0.3835
vn -0.1361 0.9903 0.0292
vn 0.1693 0.7464 0.6436
vn 0.2008 0.7254 0.6584
vn 0.1666 0.7750 0.6096
vn 0.1793 0.7510 0.6356
vn -0.3768 0.9240 -0.0657
vn -0.3054 0.9489 0.0794
vn -0.0254 0.9690 -0.2457
vn -0.0308 0.9963 -0.0797
vn 0.3230 0.9012 -0.2891
vn 0.3418 0.8759 -0.3407
vn 0.0218 0.6951 0.7185
vn 0.0485 0.7174 0.6949
vn -0.0920 -0.0231 0.9955
vn -0.1441 -0.0797 0.9863
vn -0.0182 0.8277 0.5609
vn -0.0188 0.8008 0.5987
vn 0.4816 0.8289 -0.2845
vn 0.4424 0.8653 -0.2355
vn -0.0079 0.7606 0.6492
vn -0.0073 0.7969 0.6041
vn -0.0278 0.8344 0.5505
vn -0.0092 0.8288 0.5595
vn 0.0128 0.7109 0.7032
vn 0.0103 0.7125 0.7016
vn 0.0434 0.7124 0.7005
vn 0.0426 0.7111 0.7018
vn 0.5581 0.2431 0.7934
vn 0.5570 0.0906 0.8256
vn 0.1771 0.7813 0.5985
vn 0.1475 0.7911 0.5937
vn -0.4611 0.8869 -0.0287
vn -0.4889 0.8685 -0.0822
vn 0.6665 0.2885 0.6874
vn 0.6547 0.2875 0.6991
vn 0.5154 0.1664 0.8406
vn 0.4831 0.1788 0.8571
vn -0.1044 -0.9274 0.3592
vn -0.0870 -0.9065 0.4132
vn 0.3997 -0.6592 0.6369
vn 0.4046 -0.6512 0.6420
vn 0.3196 -0.4975 0.8064
vn 0.3141 -0.5459 0.7768
vn -0.0205 -0.3531 0.9354
vn -0.0495 -0.3049 0.9511
vn -0.0008 -0.8945 0.4470
vn 0.0218 -0.9181 0.3957
vn -0.1571 -0.3137 0.9364
vn -0.1358 -0.3409 0.9302
vn -0.2031 -0.3168 0.9265
vn -0.2072 -0.3834 0.9000
vn 0.4630 -0.1979 0.8640
vn 0.4635 -0.2227 0.8576
vn 0.6332 -0.4677 0.6167
vn 0.6204 -0.4975 0.6063
vn 0.5811 -0.4606 0.6709
vn 0.6124 -0.3670 0.7002
vn -0.1944 -0.9257 0.3245
vn -0.1421 -0.9084 0.3933
vn -0.5178 -0.8545 0.0422
vn -0.1787 -0.9536 0.2422
vn -0.6358 -0.7700 0.0541
vn -0.5613 -0.8221 0.0958
vn 0.3814 -0.9027 -0.1991
vn 0.2934 -0.9465 0.1345
vn 0.0840 -0.8935 0.4411
vn 0.1209 -0.9140 0.3874
vn 0.1329 -0.8962 0.4233
vn 0.1112 -0.8884 0.4455
vn 0.2776 -0.8636 0.4209
vn 0.2805 -0.8638 0.4185
vn -0.0702 -0.5152 0.8542
vn -0.1666 -0.4535 0.8756
vn 0.4666 -0.8845 0.0049
vn 0.6053 -0.7564 -0.2479
vn 0.1165 0.7792 0.6158
vn 0.1836 0.7956 0.5773
vn 0.3693 0.1634 0.9148
vn 0.3708 0.1655 0.9138
vn 0.0628 0.6008 0.7970
vn 0.1049 0.5659 0.8178
vn 0.5329 0.1509 0.8326
vn 0.5191 0.1386 0.8434
vn 0.5597 -0.2566 0.7880
vn 0.5299 -0.1975 0.8247
vn 0.3393 -0.6677 0.6626
vn 0.5353 -0.7391 0.4090
vn 0.4663 -0.7755 0.4257
vn 0.5173 -0.7692 0.3752
vn 0.6606 -0.5185 0.5429
vn 0.5770 -0.3888 0.7182
vn 0.6993 0.3143 0.6420
vn 0.5366 0.1487 0.8306
vn 0.6079 -0.4214 0.6730
vn 0.6004 -0.4484 0.6621
vn 0.7868 -0.2297 0.5729
vn 0.8037 -0.0927 0.5878
vn -0.0126 0.1354 0.9907
vn -0.0514 0.1949 0.9795
vn -0.1829 -0.0768 0.9801
vn -0.2285 -0.0162 0.9734
vn -0.2583 0.0479 0.9649
vn -0.2995 0.0963 0.9492
vn -0.1941 -0.1737 0.9655
vn -0.2982 -0.0850 0.9507
vn -0.2260 -0.0577 0.9724
vn -0.2170 -0.0108 0.9761
vn -0.0824 -0.2322 0.9692
vn -0.2293 -0.1120 0.9669
vn -0.0605 -0.3593 0.9313
vn -0.1782 -0.2924 0.9396
vn -0.1828 -0.2942 0.9381
vn -0.2617 -0.2306 0.9372
vn -0.1757 -0.1974 0.9644
vn -0.2057 -0.1785 0.9622
vn -0.0955 -0.3003 0.9491
vn -0.1105 -0.2460 0.9629
vn 0.0516 -0.4957 0.8670
vn 0.0273 -0.5465 0.8370
vn -0.2902 -0.0780 0.9538
vn -0.2135 -0.1634 0.9632
vn -0.2044 0.0939 0.9744
vn -0.2268 0.1246 0.9659
vn -0.0410 0.0177 0.9990
vn -0.0492 0.0306 0.9983
vn 0.1393 0.4160 0.8986
vn 0.1336 0.3195 0.9381
vn 0.0586 0.5640 0.8237
vn 0.1033 0.5299 0.8418
vn 0.3517 -0.3539 0.8666
vn 0.3781 -0.3738 0.8469
vn 0.5734 -0.8182 0.0425
vn 0.5888 -0.8083 -0.0018
vn 0.5108 -0.1802 0.8406
vn 0.3705 0.1378 0.9185
vn 0.1060 -0.5303 0.8412
vn 0.0467 -0.4609 0.8862
vn 0.2512 -0.0629 0.9659
vn 0.2522 -0.0642 0.9655
vn 0.1753 0.6518 0.7379
vn 0.1425 0.6953 0.7045
vn -0.0883 0.9934 -0.0726
vn -0.0789 0.9967 0.0190
vn 0.0362 -0.0299 0.9989
vn 0.0645 -0.0922 0.9936
vn 0.0758 0.6429 0.7622
vn 0.0882 0.6059 0.7907
vn 0.1052 0.9769 -0.1861
vn 0.1192 0.9560 -0.2681
vn -0.0938 0.2417 0.9658
vn -0.2399 0.1331 0.9616
vn 0.0200 0.7523 0.6585
vn 0.0203 0.7253 0.6882
vn 0.4176 0.8461 -0.3313
vn 0.3502 0.9153 -0.1989
vn -0.0720 0.0173 0.9973
vn -0.0564 -0.0273 0.9980
vn 0.0467 0.6904 0.7219
vn 0.0566 0.6449 0.7622
vn 0.1612 0.9682 -0.1911
vn 0.1998 0.9289 -0.3118
vn 0.2733 -0.1778 0.9454
vn 0.2524 -0.2216 0.9419
vn 0.1770 -0.9776 0.1136
vn 0.3077 -0.9280 -0.2102
vn -0.0660 -0.5138 0.8554
vn 0.0673 -0.5736 0.8164
vn -0.0649 0.6155 0.7854
vn -0.0418 0.6554 0.7541
vn 0.0721 0.7130 0.6975
vn -0.1544 0.7175 0.6793
vn 0.3274 -0.8380 0.4365
vn 0.3332 -0.8380 0.4321
vn 0.1486 -0.5381 0.8297
vn 0.1698 -0.5445 0.8214
vn 0.4416 -0.2689 0.8560
vn 0.4446 -0.2917 0.8469
vn 0.5240 -0.5360 0.6619
vn 0.4995 -0.3728 0.7820
vn 0.5493 -0.6969 0.4612
vn 0.5458 -0.6976 0.4641
vn 0.3492 -0.5650 0.7475
vn 0.1817 -0.5350 0.8251
vn 0.1891 -0.3550 0.9156
vn 0.0640 -0.3297 0.9419
vn 0.0516 -0.1758 0.9831
vn -0.0639 -0.1540 0.9860
vn 0.0514 -0.1767 0.9829
vn 0.0533 -0.1770 0.9828
vn 0.3197 -0.4062 0.8560
vn 0.2827 -0.4098 0.8672
vn 0.6533 -0.3457 0.6735
vn 0.5295 -0.4144 0.7402
vn 0.0770 0.7976 0.5983
vn 0.0476 0.7792 0.6250
vn -0.0913 0.7626 0.6404
vn -0.0249 0.8350 0.5497
vn 0.4882 -0.3895 0.7810
vn 0.3511 -0.4268 0.8334
vn 0.2853 -0.3314 0.8993
vn 0.2942 -0.3920 0.8716
vn 0.2562 -0.3509 0.9007
vn 0.2606 -0.3891 0.8836
vn 0.2579 -0.3465 0.9019
vn 0.2542 -0.3178 0.9135
vn 0.3223 0.0272 0.9463
vn 0.3451 0.0538 0.9370
vn 0.3455 0.1532 0.9258
vn 0.3394 0.1730 0.9246
vn 0.3154 -0.0855 0.9451
vn 0.3020 -0.0306 0.9528
vn 0.2499 -0.3867 0.8877
vn 0.2199 -0.4186 0.8812
vn -0.0362 -0.9113 0.4101
vn -0.0432 -0.9345 0.3533
vn -0.1536 -0.9724 0.1757
vn -0.1470 -0.9714 0.1862
vn 0.2111 -0.8906 0.4028
vn 0.1735 -0.8830 0.4362
vn -0.1531 -0.4498 0.8799
vn -0.2266 -0.3841 0.8951
vn -0.2393 -0.2254 0.9444
vn -0.2891 -0.1735 0.9414
vn -0.2484 -0.0702 0.9661
vn -0.3494 0.0358 0.9363
vn -0.2290 -0.1119 0.9670
vn -0.2312 -0.0581 0.9712
vn 0.0997 -0.5637 0.8199
vn 0.0646 -0.5441 0.8365
vn 0.4482 -0.3835 0.8075
vn 0.4481 -0.3848 0.8070
vn 0.4189 -0.4200 0.8051
vn 0.4181 -0.4240 0.8034
vn 0.4126 -0.4489 0.7926
vn 0.4188 -0.4201 0.8051
vn 0.6320 -0.0157 0.7748
vn 0.6326 -0.0371 0.7736
vn 0.6437 0.0226 0.7649
vn 0.6438 0.0219 0.7649
vn 0.5258 -0.3086 0.7927
vn 0.5310 -0.2567 0.8076
vn 0.3449 -0.6112 0.7124
vn 0.3584 -0.5634 0.7444
vn -0.0545 -0.9035 0.4250
vn -0.0648 -0.9140 0.4005
vn -0.3433 -0.9307 0.1258
vn -0.2162 -0.9470 0.2376
vn 0.5102 -0.8384 -0.1919
vn 0.5255 -0.8068 -0.2702
vn 0.1194 0.7058 0.6983
vn 0.1594 0.7341 0.6600
vn 0.1919 0.6703 0.7169
vn 0.1548 0.7350 0.6601
vn 0.2551 0.5533 0.7930
vn 0.1231 0.5508 0.8255
vn 0.1396 0.6010 0.7870
vn 0.1397 0.6010 0.7869
vn 0.1775 -0.0010 0.9841
vn 0.3129 -0.1097 0.9434
vn 0.2592 0.0955 0.9611
vn 0.2648 0.0375 0.9636
vn 0.1533 0.4187 0.8951
vn 0.1445 0.4259 0.8931
vn 0.2234 -0.3469 0.9109
vn 0.2390 -0.4052 0.8824
vn 0.1992 -0.3508 0.9150
vn 0.2090 -0.3923 0.8958
vn 0.1960 -0.3127 0.9294
vn 0.2023 -0.3393 0.9187
vn 0.2218 0.0680 0.9727
vn 0.2442 0.0017 0.9697
vn 0.2157 0.1964 0.9565
vn 0.2316 0.1579 0.9599
vn 0.1860 0.0027 0.9825
vn 0.1922 -0.0135 0.9813
vn 0.1496 -0.3618 0.9202
vn 0.1381 -0.3193 0.9375
vn -0.0251 -0.9136 0.4059
vn -0.0254 -0.9108 0.4121
vn -0.0765 -0.9860 0.1479
vn -0.1090 -0.9912 0.0756
vn 0.3412 -0.3297 0.8803
vn 0.3431 -0.3721 0.8625
vn 0.3119 -0.3713 0.8746
vn 0.3118 -0.3855 0.8684
vn 0.3211 -0.3532 0.8787
vn 0.3211 -0.3582 0.8767
vn 0.4365 0.0154 0.8996
vn 0.4434 0.0227 0.8960
vn 0.4647 0.1256 0.8765
vn 0.4691 0.1048 0.8769
vn 0.4122 -0.1764 0.8939
vn 0.4059 -0.1181 0.9063
vn 0.3005 -0.4910 0.8177
vn 0.3024 -0.4437 0.8437
vn -0.0825 -0.9249 0.3712
vn -0.0876 -0.9327 0.3498
vn -0.2063 -0.9545 0.2155
vn -0.0624 -0.9271 0.3697
vn -0.3898 0.8908 0.2334
vn -0.5636 0.8258 -0.0193
vn 0.1523 0.7959 0.5859
vn 0.1257 0.8015 0.5846
vn 0.5284 -0.4955 0.6893
vn 0.5524 -0.4242 0.7176
vn 0.5659 -0.4354 0.7001
vn 0.5953 -0.3296 0.7328
vn 0.5124 -0.2990 0.8051
vn 0.5120 -0.3014 0.8043
vn 0.4482 -0.2783 0.8495
vn 0.4488 -0.2629 0.8541
vn 0.3393 -0.2716 0.9006
vn 0.3736 -0.2426 0.8953
vn 0.2673 -0.2547 0.9293
vn 0.2795 -0.2437 0.9287
vn 0.2038 -0.2260 0.9526
vn 0.2111 -0.2519 0.9445
vn 0.0562 -0.2724 0.9605
vn 0.0163 -0.2035 0.9789
vn -0.0820 -0.3349 0.9387
vn -0.0564 -0.2695 0.9613
vn -0.0994 -0.3316 0.9382
vn -0.0286 -0.4074 0.9128
vn -0.0260 -0.4349 0.9001
vn -0.0292 -0.4074 0.9128
vn 0.0589 -0.4267 0.9025
vn 0.0398 -0.4142 0.9093
vn 0.0629 -0.4593 0.8861
vn 0.0551 -0.4288 0.9017
vn 0.1272 -0.2967 0.9465
vn 0.2287 -0.3031 0.9251
vn 0.5058 -0.4758 0.7196
vn 0.4903 -0.5216 0.6982
vn 0.4925 -0.5133 0.7028
vn 0.5060 -0.4755 0.7196
vn 0.6354 -0.4799 0.6049
vn 0.6382 -0.4736 0.6070
vn 0.7339 -0.3271 0.5953
vn 0.7606 -0.1986 0.6180
vn 0.6439 -0.4084 0.6470
vn 0.6846 -0.2325 0.6908
vn 0.6323 -0.4058 0.6600
vn 0.6598 -0.3683 0.6550
vn 0.6866 -0.3308 0.6474
vn 0.6975 -0.3679 0.6149
vn 0.7445 -0.2703 0.6104
vn 0.7602 -0.3219 0.5643
vn 0.8129 -0.1823 0.5531
vn 0.8328 -0.2444 0.4967
vn 0.8687 -0.0982 0.4855
vn 0.8880 -0.1471 0.4358
vn 0.8962 -0.0217 0.4431
vn 0.9174 -0.0636 0.3929
vn 0.9193 -0.0017 0.3935
vn 0.9227 0.0483 0.3824
vn 0.9260 0.0766 0.3697
vn 0.9350 0.0629 0.3491
vn 0.9317 0.1088 0.3465
vn 0.9313 0.1094 0.3475
vn 0.9361 0.0755 0.3434
vn 0.9266 0.0872 0.3659
vn 0.9427 0.0555 0.3289
vn 0.9321 0.0692 0.3556
vn 0.9489 0.0381 0.3133
vn 0.9396 0.0504 0.3385
vn -0.0898 0.8314 0.5484
vn -0.0917 0.8362 0.5407
vn 0.3664 -0.5364 0.7603
vn 0.5801 -0.4649 0.6689
vn 0.7234 -0.2540 0.6420
vn 0.7395 -0.3219 0.5912
vn 0.6008 -0.3126 0.7357
vn 0.5795 -0.4639 0.6701
vn 0.6109 -0.4100 0.6773
vn 0.6171 -0.3610 0.6992
vn 0.6493 -0.4076 0.6421
vn 0.5972 -0.4385 0.6717
vn 0.5831 -0.4292 0.6898
vn 0.5914 -0.3116 0.7438
vn 0.6294 -0.3546 0.6915
vn 0.7061 -0.2991 0.6419
vn 0.9439 0.0226 0.3293
vn 0.9354 0.0318 0.3522
vn 0.9354 0.0515 0.3498
vn 0.9338 0.0289 0.3566
vn 0.9311 0.0658 0.3588
vn 0.9296 0.0413 0.3663
vn 0.9373 0.0830 0.3384
vn 0.9383 0.0819 0.3359
vn 0.9405 0.0605 0.3343
vn 0.9335 0.0698 0.3517
vn 0.9311 0.0453 0.3620
vn 0.9298 0.0116 0.3679
vn 0.9170 -0.0606 0.3943
vn 0.9218 0.0003 0.3877
vn 0.8879 -0.1464 0.4361
vn 0.8972 -0.0825 0.4338
vn 0.8332 -0.2264 0.5045
vn 0.8438 -0.1824 0.5047
vn 0.7636 -0.2663 0.5882
vn 0.7781 -0.2978 0.5530
vn 0.7129 -0.3565 0.6039
vn 0.7019 -0.3326 0.6298
vn 0.6727 -0.3694 0.6411
vn 0.6536 -0.4008 0.6420
vn 0.6136 -0.3826 0.6907
vn 0.5188 -0.4383 0.7340
vn 0.4991 -0.4668 0.7301
vn 0.4902 -0.5114 0.7058
vn 0.5300 -0.4271 0.7326
vn 0.5254 -0.4875 0.6973
vn 0.5205 -0.4596 0.7196
vn 0.5220 -0.4415 0.7298
vn 0.5562 -0.4598 0.6923
vn 0.5133 -0.4815 0.7104
vn 0.5670 -0.4190 0.7092
vn 0.5622 -0.4642 0.6845
vn 0.3624 0.1471 0.9204
vn 0.3608 0.1619 0.9185
vn 0.1808 0.4329 0.8831
vn 0.1852 0.4991 0.8465
vn 0.7625 -0.3696 0.5311
vn 0.7699 -0.3841 0.5096
vn 0.5172 -0.2049 0.8310
vn 0.4578 -0.2470 0.8540
vn 0.5455 -0.2685 0.7939
vn 0.5033 -0.2465 0.8282
vn 0.4172 -0.3463 0.8403
vn 0.4390 -0.3177 0.8404
vn 0.4925 -0.3315 0.8047
vn 0.4631 -0.3671 0.8067
vn 0.9547 -0.2934 0.0488
vn 0.9453 -0.3261 -0.0062
vn 0.9458 -0.2944 0.1371
vn 0.9437 -0.3145 0.1025
vn 0.5867 -0.2655 0.7651
vn 0.5466 -0.2973 0.7829
vn 0.5265 -0.3550 0.7725
vn 0.5257 -0.3560 0.7726
vn 0.9354 -0.3229 0.1440
vn 0.9350 -0.3271 0.1369
vn 0.9092 -0.3470 0.2301
vn 0.9079 -0.3330 0.2546
vn 0.8944 -0.3454 0.2841
vn 0.8940 -0.3431 0.2881
vn 0.8796 -0.3439 0.3287
vn 0.8795 -0.3433 0.3297
vn 0.8541 -0.3431 0.3910
vn 0.8539 -0.3425 0.3919
vn 0.8172 -0.3425 0.4635
vn 0.8194 -0.3472 0.4562
vn 0.8153 -0.3266 0.4782
vn 0.7986 -0.3430 0.4946
vn 0.5837 -0.3108 0.7501
vn 0.6067 -0.2920 0.7393
vn 0.8478 -0.3434 0.4041
vn 0.8361 -0.3530 0.4198
vn 0.8263 -0.3088 0.4710
vn 0.8344 -0.3237 0.4461
vn 0.8354 -0.3421 0.4301
vn 0.8422 -0.3361 0.4215
vn 0.8533 -0.3442 0.3917
vn 0.8561 -0.3417 0.3877
vn 0.7891 -0.3126 0.5288
vn 0.8055 -0.2964 0.5131
vn 0.8149 -0.3280 0.4779
vn 0.8178 -0.3342 0.4684
vn 0.6924 -0.2883 0.6614
vn 0.7045 -0.2798 0.6523
vn 0.7247 -0.2954 0.6225
vn 0.7376 -0.2851 0.6121
vn 0.8058 -0.3113 0.5037
vn 0.8140 -0.3281 0.4794
vn 0.7923 -0.3006 0.5310
vn 0.7792 -0.3141 0.5423
vn 0.9615 -0.2654 -0.0709
vn 0.9530 -0.3030 -0.0057
vn 0.4782 -0.1975 0.8557
vn 0.4971 -0.2627 0.8270
vn 0.4622 -0.2017 0.8636
vn 0.4642 -0.2160 0.8590
vn 0.8999 -0.3590 0.2476
vn 0.8996 -0.3561 0.2527
vn 0.9112 -0.3737 0.1735
vn 0.9099 -0.3748 0.1777
vn 0.9147 -0.3807 0.1358
vn 0.9124 -0.3829 0.1447
vn 0.8811 -0.4182 0.2208
vn 0.8805 -0.4067 0.2435
vn 0.8880 -0.4263 0.1721
vn 0.8878 -0.4265 0.1730
vn 0.8928 -0.4325 0.1258
vn 0.8897 -0.4353 0.1380
vn 0.8662 -0.3667 0.3393
vn 0.8269 -0.3970 0.3983
vn 0.8613 -0.4665 0.2012
vn 0.8616 -0.4586 0.2175
vn 0.8688 -0.4697 0.1566
vn 0.8639 -0.4729 0.1733
vn 0.8692 -0.4813 0.1134
vn 0.8653 -0.4841 0.1303
vn 0.8466 -0.3678 0.3847
vn 0.8636 -0.3537 0.3592
vn 0.8348 -0.4251 0.3498
vn 0.8652 -0.4017 0.3001
vn 0.8546 -0.4465 0.2653
vn 0.8202 -0.4719 0.3235
vn 0.8259 -0.5266 0.2016
vn 0.8257 -0.5282 0.1982
vn 0.8281 -0.5346 0.1688
vn 0.8299 -0.5339 0.1618
vn 0.8262 -0.5244 0.2060
vn 0.8453 -0.5207 0.1194
vn 0.8250 -0.4874 0.2860
vn 0.8396 -0.4771 0.2598
vn 0.8082 -0.5454 0.2220
vn 0.7967 -0.5533 0.2433
vn 0.5812 -0.2641 0.7697
vn 0.5806 -0.2623 0.7707
vn 0.5696 -0.3138 0.7597
vn 0.5660 -0.2865 0.7730
vn 0.6860 -0.3436 0.6414
vn 0.6795 -0.3197 0.6604
vn 0.6626 -0.4242 0.6173
vn 0.6598 -0.3849 0.6453
vn 0.5578 -0.7433 0.3693
vn 0.6141 -0.7278 0.3054
vn 0.2796 -0.9216 0.2692
vn 0.3069 -0.9212 0.2391
vn 0.1550 -0.9590 0.2371
vn 0.1503 -0.9585 0.2421
vn 0.8259 -0.4344 0.3594
vn 0.8290 -0.4878 0.2736
vn 0.7853 -0.5703 0.2412
vn 0.8056 -0.5574 0.2009
vn 0.7565 -0.5546 0.3466
vn 0.8149 -0.5132 0.2693
vn 0.7646 -0.5859 0.2684
vn 0.7588 -0.6155 0.2129
vn 0.7729 -0.3883 0.5018
vn 0.7341 -0.4072 0.5434
vn 0.7773 -0.5910 0.2158
vn 0.7826 -0.5640 0.2633
vn 0.7613 -0.6285 0.1594
vn 0.7405 -0.6416 0.2000
vn 0.7421 -0.6476 0.1727
vn 0.7434 -0.6435 0.1824
vn 0.7215 -0.5386 0.4351
vn 0.7257 -0.4667 0.5055
vn 0.6175 -0.7763 0.1269
vn 0.6289 -0.7602 0.1630
vn 0.5394 -0.8342 0.1147
vn 0.5344 -0.8390 0.1024
vn 0.6178 -0.7765 0.1240
vn 0.6125 -0.7831 0.1073
vn 0.5351 -0.8397 0.0920
vn 0.5271 -0.8468 0.0711
vn 0.2874 -0.9578 -0.0034
vn 0.2946 -0.9556 0.0109
vn 0.5897 -0.8025 0.0905
vn 0.5969 -0.7939 0.1156
vn 0.4927 -0.8666 0.0795
vn 0.5072 -0.8607 0.0448
vn 0.5856 -0.8006 0.1267
vn 0.5869 -0.7988 0.1319
vn 0.4914 -0.8621 0.1237
vn 0.4853 -0.8682 0.1036
vn 0.7022 -0.6899 0.1759
vn 0.7082 -0.6766 0.2017
vn 0.6988 -0.6880 0.1958
vn 0.6860 -0.7140 0.1401
vn 0.6789 -0.7224 0.1309
vn 0.6806 -0.7195 0.1385
vn 0.6723 -0.7266 0.1414
vn 0.6758 -0.7197 0.1591
vn 0.5803 -0.8004 0.1504
vn 0.5834 -0.7955 0.1640
vn 0.6660 -0.7269 0.1674
vn 0.6683 -0.7218 0.1800
vn 0.7373 -0.6438 0.2047
vn 0.7353 -0.6512 0.1877
vn 0.7867 -0.5787 0.2149
vn 0.7876 -0.5717 0.2297
vn 0.8230 -0.5150 0.2396
vn 0.8218 -0.4863 0.2970
vn 0.8454 -0.4392 0.3039
vn 0.8428 -0.4268 0.3279
vn 0.8638 -0.3767 0.3345
vn 0.8616 -0.3695 0.3480
vn 0.8689 -0.3494 0.3506
vn 0.8673 -0.3447 0.3592
vn 0.4902 -0.8541 0.1737
vn 0.4850 -0.8611 0.1526
vn 0.8257 -0.5264 0.2030
vn 0.8252 -0.5297 0.1964
vn 0.8625 -0.4675 0.1940
vn 0.8628 -0.4632 0.2025
vn 0.8847 -0.4203 0.2016
vn 0.8846 -0.4234 0.1954
vn 0.9062 -0.3623 0.2179
vn 0.9064 -0.3698 0.2041
vn 0.3873 -0.9177 0.0880
vn 0.3934 -0.9132 0.1063
vn 0.4039 -0.9147 0.0106
vn 0.3929 -0.9187 0.0395
vn 0.4235 -0.9043 0.0541
vn 0.4048 -0.9143 0.0125
vn 0.9956 -0.0239 0.0909
vn 0.9937 -0.0011 0.1124
vn 0.9883 0.0158 0.1514
vn 0.9863 -0.0011 0.1648
vn 0.9780 0.0234 0.2073
vn 0.9771 0.0173 0.2122
vn 0.9480 0.0387 0.3158
vn 0.9452 0.0481 0.3230
vn 0.8559 0.1325 0.4999
vn 0.8662 0.1074 0.4879
vn 0.8207 0.1502 0.5513
vn 0.8272 0.1661 0.5368
vn 0.7728 0.1959 0.6037
vn 0.7728 0.1960 0.6037
vn 0.7164 0.2220 0.6615
vn 0.7194 0.2288 0.6558
vn 0.4328 0.1151 0.8941
vn 0.4355 0.1132 0.8931
vn 0.1868 0.7142 0.6745
vn 0.1813 0.7189 0.6710
vn -0.0158 0.9246 0.3807
vn -0.1233 0.9859 0.1131
vn 0.9970 -0.0215 0.0743
vn 0.9957 -0.0013 0.0923
vn 0.9885 0.0086 0.1510
vn 0.9896 0.0001 0.1436
vn 0.9786 -0.0055 0.2059
vn 0.9752 0.0124 0.2209
vn 0.9488 0.0118 0.3156
vn 0.9511 0.0029 0.3089
vn 0.8647 0.1276 0.4858
vn 0.8798 0.0860 0.4674
vn 0.8285 0.1505 0.5393
vn 0.8366 0.1671 0.5217
vn 0.7783 0.2244 0.5864
vn 0.7715 0.2109 0.6003
vn 0.7100 0.2634 0.6530
vn 0.7126 0.2682 0.6483
vn 0.5191 -0.1467 0.8420
vn 0.4689 -0.0994 0.8776
vn 0.6946 -0.6704 0.2608
vn 0.7569 -0.6293 0.1760
vn 0.5399 -0.8347 0.1084
vn 0.5580 -0.8259 0.0814
vn 0.2867 -0.9565 0.0540
vn 0.2843 -0.9570 0.0572
vn 0.1568 -0.9861 0.0550
vn 0.1589 -0.9859 0.0524
vn 0.4219 -0.9020 0.0912
vn 0.4199 -0.9034 0.0868
vn 0.2860 -0.9553 0.0756
vn 0.2857 -0.9554 0.0750
vn 0.1684 -0.9819 0.0863
vn 0.1564 -0.9856 0.0648
vn 0.3934 -0.8982 0.1960
vn 0.3895 -0.9029 0.1820
vn 0.0651 -0.9875 0.1439
vn 0.0706 -0.9896 0.1252
vn 0.0613 -0.9981 0.0081
vn 0.0644 -0.9979 -0.0005
vn 0.0649 -0.9979 -0.0064
vn 0.0687 -0.9976 0.0005
vn 0.0631 -0.9940 0.0892
vn 0.0588 -0.9949 0.0822
vn 0.0593 -0.9968 0.0540
vn 0.0574 -0.9970 0.0516
vn 0.0539 -0.9689 0.2417
vn 0.0500 -0.9701 0.2376
vn 0.0346 -0.7068 0.7065
vn 0.0336 -0.7077 0.7057
vn 0.4212 -0.9051 0.0587
vn 0.4302 -0.8997 0.0742
vn 0.0475 0.6661 0.7443
vn -0.0240 0.5914 0.8060
vn 0.1549 0.6178 0.7710
vn 0.1065 0.7178 0.6881
vn 0.6467 0.3712 0.6663
vn 0.7407 0.3095 0.5963
vn 0.5945 -0.3666 0.7157
vn 0.7147 -0.5281 0.4586
vn 0.6622 0.3043 0.6847
vn 0.5366 0.3770 0.7550
vn 0.4659 -0.3723 0.8027
vn 0.1658 -0.3896 0.9060
vn 0.3363 -0.5802 0.7418
vn 0.5057 -0.5681 0.6493
vn 0.3031 0.2771 0.9118
vn 0.3663 0.2864 0.8853
vn 0.3279 0.3173 0.8898
vn 0.4215 0.3295 0.8448
vn 0.4027 0.3458 0.8475
vn 0.5109 0.3563 0.7823
vn 0.5952 -0.4126 0.6895
vn 0.5890 -0.4484 0.6723
vn 0.5871 -0.4470 0.6749
vn 0.5537 -0.4628 0.6923
vn 0.0705 0.3224 0.9440
vn 0.1181 0.5817 0.8048
vn 0.0905 0.1945 0.9767
vn 0.1563 0.3887 0.9080
vn 0.2635 0.1709 0.9494
vn 0.3060 0.1751 0.9358
vn -0.0088 0.1147 0.9934
vn 0.0408 0.3424 0.9387
vn 0.0571 0.1150 0.9917
vn 0.0764 0.2070 0.9753
vn 0.1253 0.1575 0.9795
vn 0.1412 0.2553 0.9565
vn 0.5585 -0.2571 0.7887
vn 0.6110 -0.2172 0.7612
vn 0.5974 -0.3076 0.7406
vn 0.5987 -0.3068 0.7399
vn 0.6326 -0.4196 0.6509
vn 0.6363 -0.4087 0.6543
vn 0.5725 -0.3667 0.7333
vn 0.5727 -0.3609 0.7360
vn 0.5503 -0.4115 0.7265
vn 0.5505 -0.3945 0.7358
vn 0.5445 -0.4088 0.7324
vn 0.5457 -0.4812 0.6860
vn 0.6023 -0.4152 0.6818
vn 0.6037 -0.4402 0.6646
vn 0.5785 -0.4063 0.7073
vn 0.5817 -0.4602 0.6707
vn 0.6228 -0.4009 0.6718
vn 0.6216 -0.4345 0.6519
vn 0.5629 -0.3570 0.7455
vn 0.5770 -0.3456 0.7400
vn 0.5520 -0.4128 0.7245
vn 0.5917 -0.3791 0.7114
vn 0.5745 -0.4264 0.6986
vn 0.6226 -0.3807 0.6837
vn 0.6191 -0.4192 0.6641
vn 0.6330 -0.4027 0.6612
vn 0.6098 -0.4183 0.6731
vn 0.6236 -0.4042 0.6692
vn 0.6331 -0.4024 0.6613
vn 0.6321 -0.4039 0.6613
vn 0.3667 0.1873 0.9113
vn 0.4290 0.1350 0.8932
vn 0.4900 0.1660 0.8558
vn 0.4914 0.1647 0.8552
vn 0.6540 0.1388 0.7437
vn 0.6571 0.1348 0.7417
vn 0.8702 0.1301 0.4753
vn 0.8613 0.1127 0.4954
vn 0.4320 0.2996 0.8506
vn 0.4061 0.2741 0.8718
vn 0.4395 0.2676 0.8575
vn 0.4693 0.3026 0.8296
vn 0.5417 0.3514 0.7636
vn 0.5547 0.3648 0.7479
vn 0.8651 0.1329 0.4836
vn 0.8776 0.1537 0.4541
vn 0.1996 0.1343 0.9706
vn 0.1882 0.1199 0.9748
vn 0.0048 0.2894 0.9572
vn 0.0025 0.2915 0.9566
vn 0.0190 0.3033 0.9527
vn 0.0170 0.3050 0.9522
vn 0.0259 0.3538 0.9350
vn 0.0206 0.3582 0.9334
vn 0.0174 0.2987 0.9542
vn 0.0087 0.3064 0.9519
vn 0.0229 0.3165 0.9483
vn 0.0180 0.3206 0.9470
vn 0.2108 0.4391 0.8734
vn 0.2110 0.4389 0.8734
vn 0.1969 0.5408 0.8178
vn 0.2082 0.5498 0.8089
vn 0.7825 0.1400 0.6067
vn 0.8023 0.1041 0.5878
vn 0.8646 0.3012 0.4021
vn 0.8583 0.2912 0.4226
vn 0.5463 0.4729 0.6913
vn 0.5392 0.4672 0.7007
vn 0.6415 0.2888 0.7107
vn 0.6363 0.2799 0.7189
vn 0.8497 0.3095 0.4269
vn 0.8458 0.2917 0.4467
vn 0.7506 0.0908 0.6545
vn 0.6261 0.1047 0.7727
vn 0.8399 0.1279 0.5274
vn 0.7814 0.1348 0.6093
vn 0.6204 0.0821 0.7799
vn 0.5786 -0.0945 0.8101
vn 0.7742 0.0151 0.6328
vn 0.7842 0.1303 0.6067
vn 0.7072 -0.0578 0.7046
vn 0.7336 0.0848 0.6742
vn 0.0701 -0.9368 0.3427
vn 0.0684 -0.9390 0.3370
vn -0.7269 -0.6719 0.1424
vn -0.6082 -0.7689 0.1970
vn -0.2028 -0.9517 0.2305
vn -0.0568 -0.9287 0.3665
vn 0.2386 -0.6235 0.7445
vn 0.2294 -0.6093 0.7590
vn 0.9970 0.0039 0.0778
vn 0.9974 -0.0033 0.0715
vn 0.9873 -0.0075 0.1588
vn 0.9856 0.0047 0.1689
vn 0.8934 0.0615 0.4451
vn 0.8897 0.0752 0.4503
vn 0.9502 0.0128 0.3113
vn 0.9514 0.0079 0.3079
vn 0.9740 0.0004 0.2266
vn 0.9736 0.0028 0.2284
vn 0.8894 0.0991 0.4463
vn 0.8800 0.0808 0.4681
vn 0.9513 -0.0024 0.3081
vn 0.9511 -0.0012 0.3089
vn 0.9735 -0.0153 0.2280
vn 0.9754 -0.0067 0.2203
vn 0.9873 -0.0121 0.1586
vn 0.9896 0.0049 0.1438
vn 0.9974 -0.0039 0.0714
vn 0.9972 0.0005 0.0753
vn 0.0660 0.1961 0.9784
vn 0.0630 0.1358 0.9887
vn 0.0752 0.1479 0.9861
vn 0.1216 0.1782 0.9764
vn 0.2491 0.2599 0.9330
vn 0.2372 0.3584 0.9029
vn 0.3705 0.2950 0.8808
vn 0.3496 0.4337 0.8305
vn 0.0516 0.0999 0.9937
vn 0.0514 0.1034 0.9933
vn 0.0252 -0.1546 0.9877
vn 0.0243 -0.1481 0.9887
vn 0.1164 0.1301 0.9846
vn 0.1158 0.1297 0.9848
vn 0.2179 0.2269 0.9492
vn 0.2085 0.2862 0.9352
vn 0.3018 0.2739 0.9132
vn 0.2870 0.3582 0.8884
vn 0.1072 0.1081 0.9883
vn 0.1105 0.0780 0.9908
vn 0.0730 -0.0173 0.9972
vn 0.0731 -0.0180 0.9972
vn 0.1036 -0.1640 0.9810
vn 0.1047 -0.1693 0.9800
vn 0.1550 0.1403 0.9779
vn 0.1597 0.1123 0.9808
vn 0.2175 0.1822 0.9589
vn 0.2078 0.2332 0.9500
vn 0.2831 0.2412 0.9283
vn 0.2722 0.2956 0.9157
vn 0.1602 0.1137 0.9805
vn 0.1641 0.0899 0.9823
vn 0.1353 -0.0035 0.9908
vn 0.1409 -0.0369 0.9893
vn 0.2030 -0.1765 0.9631
vn 0.1993 -0.1642 0.9661
vn 0.2149 0.1164 0.9697
vn 0.2081 0.1491 0.9667
vn 0.2300 0.1744 0.9574
vn 0.1959 0.1582 0.9678
vn 0.2652 0.2541 0.9301
vn 0.2716 0.2257 0.9356
vn 0.2337 0.0902 0.9681
vn 0.2217 0.1423 0.9647
vn 0.2274 -0.0226 0.9735
vn 0.2175 0.0168 0.9759
vn 0.2994 -0.1333 0.9448
vn 0.3106 -0.1618 0.9367
vn 0.2644 0.1786 0.9478
vn 0.2795 0.1190 0.9528
vn 0.2198 0.1679 0.9610
vn 0.2267 0.1389 0.9640
vn 0.2626 0.1919 0.9456
vn 0.2507 0.2405 0.9377
vn 0.2887 0.1655 0.9430
vn 0.3027 0.1190 0.9456
vn 0.2946 0.0613 0.9536
vn 0.3150 0.0006 0.9491
vn -0.0787 0.0503 0.9956
vn -0.0825 -0.0180 0.9964
vn -0.0146 0.1032 0.9946
vn -0.0180 0.0480 0.9987
vn 0.0048 0.0027 1.0000
vn 0.0046 0.0063 1.0000
vn -0.0525 -0.1263 0.9906
vn -0.0549 -0.0988 0.9936
vn -0.0128 -0.1971 0.9803
vn -0.0044 -0.2361 0.9717
vn -0.0244 -0.2385 0.9708
vn -0.0427 -0.1753 0.9836
vn 0.0748 -0.2455 0.9665
vn 0.0803 -0.2634 0.9613
vn 0.0726 -0.2556 0.9640
vn 0.0668 -0.2411 0.9682
vn 0.1754 -0.2616 0.9491
vn 0.1829 -0.2802 0.9424
vn 0.1549 -0.2480 0.9563
vn 0.1722 -0.2818 0.9439
vn 0.2498 -0.6304 0.7350
vn 0.3113 -0.6148 0.7247
vn 0.1846 -0.5630 0.8055
vn 0.1806 -0.5629 0.8065
vn -0.0831 -0.1688 0.9821
vn -0.0246 -0.0952 0.9952
vn 0.0489 -0.2093 0.9766
vn 0.0796 -0.1645 0.9832
vn 0.1426 -0.1916 0.9711
vn 0.1581 -0.2188 0.9629
vn -0.1315 0.0615 0.9894
vn -0.1343 -0.0514 0.9896
vn -0.1147 -0.0980 0.9885
vn -0.1020 -0.1651 0.9810
vn -0.1620 0.1091 0.9807
vn -0.1613 0.0048 0.9869
vn -0.0927 -0.1382 0.9861
vn -0.0863 -0.1810 0.9797
vn 0.2895 -0.2649 0.9198
vn 0.2974 -0.2807 0.9125
vn 0.2874 -0.2860 0.9141
vn 0.2691 -0.2574 0.9281
vn 0.4229 -0.2368 0.8747
vn 0.4194 -0.2314 0.8778
vn 0.4222 -0.2828 0.8612
vn 0.3878 -0.2397 0.8900
vn 0.5417 -0.2203 0.8112
vn 0.5240 -0.2024 0.8273
vn 0.5372 -0.1603 0.8281
vn 0.5485 -0.1734 0.8179
vn 0.6396 -0.0813 0.7644
vn 0.6380 -0.0804 0.7659
vn 0.6528 -0.1582 0.7409
vn 0.6158 -0.1365 0.7760
vn 0.6971 0.0146 0.7168
vn 0.7056 0.0126 0.7085
vn 0.7256 -0.0712 0.6844
vn 0.7102 -0.0679 0.7008
vn 0.7356 0.0844 0.6721
vn 0.7235 0.0846 0.6851
vn 0.7658 0.0167 0.6429
vn 0.7630 0.0168 0.6462
vn 0.3714 0.1219 0.9204
vn 0.4033 0.0482 0.9138
vn 0.3471 0.2066 0.9148
vn 0.3725 0.1388 0.9176
vn 0.3143 0.2211 0.9232
vn 0.3383 0.1453 0.9297
vn 0.2416 0.1897 0.9517
vn 0.2525 0.1472 0.9563
vn 0.2500 0.1920 0.9490
vn 0.2470 0.2031 0.9475
vn 0.2918 0.1864 0.9381
vn 0.2773 0.2440 0.9293
vn 0.2885 0.1291 0.9487
vn 0.3310 0.1277 0.9350
vn 0.3206 0.0674 0.9448
vn 0.2785 0.0699 0.9579
vn 0.2976 0.0333 0.9541
vn 0.2863 0.0338 0.9576
vn 0.2800 0.0411 0.9591
vn 0.2810 0.0184 0.9595
vn 0.3731 0.1193 0.9201
vn 0.3755 0.0964 0.9218
vn 0.4535 0.1929 0.8701
vn 0.4579 0.1577 0.8749
vn 0.4958 0.2692 0.8257
vn 0.5542 0.2546 0.7925
vn 0.5410 0.3329 0.7723
vn 0.5365 0.2891 0.7928
vn 0.6160 0.3427 0.7093
vn 0.5889 0.3673 0.7199
vn 0.6157 0.3193 0.7204
vn 0.6286 0.3430 0.6980
vn 0.6586 0.3188 0.6816
vn 0.6280 0.2737 0.7285
vn 0.6424 0.2738 0.7158
vn 0.6002 0.2228 0.7682
vn 0.5576 0.2226 0.7997
vn 0.5864 0.1941 0.7864
vn 0.2403 0.0612 0.9688
vn 0.2931 0.1043 0.9504
vn 0.1006 0.0179 0.9948
vn 0.0331 -0.0328 0.9989
vn 0.0137 -0.0500 0.9987
vn -0.0087 -0.0344 0.9994
vn 0.2678 0.1792 0.9467
vn 0.2679 0.1788 0.9467
vn 0.2655 0.1744 0.9482
vn 0.3048 0.1900 0.9333
vn 0.3969 0.1819 0.8997
vn 0.3675 0.2649 0.8915
vn 0.4463 0.1695 0.8787
vn 0.4070 0.2644 0.8743
vn 0.4092 0.0506 0.9110
vn 0.4062 0.0683 0.9112
vn 0.4356 0.1249 0.8914
vn 0.4372 0.1179 0.8916
vn 0.4928 0.2764 0.8251
vn 0.5000 0.2555 0.8274
vn 0.5104 0.3277 0.7951
vn 0.5315 0.2739 0.8016
vn 0.7269 0.0973 0.6798
vn 0.7014 0.0907 0.7069
vn 0.7482 0.0609 0.6607
vn 0.7811 0.0687 0.6206
vn 0.9630 0.1169 0.2430
vn 0.9739 0.0878 0.2094
vn 0.6510 0.0715 0.7557
vn 0.6596 0.0820 0.7471
vn 0.6573 0.0658 0.7507
vn 0.6578 0.0636 0.7505
vn 0.6401 0.1411 0.7552
vn 0.6587 0.1602 0.7352
vn 0.6661 0.1207 0.7360
vn 0.6671 0.1169 0.7357
vn 0.5374 0.3470 0.7686
vn 0.5732 0.2560 0.7784
vn 0.5042 0.0970 0.8581
vn 0.4473 0.2113 0.8691
vn 0.5058 -0.0251 0.8623
vn 0.5072 -0.0377 0.8610
vn 0.5427 0.0280 0.8395
vn 0.5406 0.0413 0.8403
vn 0.5712 0.2068 0.7943
vn 0.5867 0.2171 0.7802
vn 0.5842 0.2981 0.7548
vn 0.5911 0.2803 0.7563
vn 0.5951 -0.1005 0.7973
vn 0.5960 -0.1190 0.7941
vn 0.6373 -0.0440 0.7694
vn 0.6391 -0.0614 0.7667
vn 0.6958 0.1215 0.7079
vn 0.6973 0.1155 0.7074
vn 0.7108 0.2111 0.6710
vn 0.7105 0.2120 0.6710
vn 0.6633 -0.1525 0.7326
vn 0.6635 -0.1812 0.7259
vn 0.7099 -0.0940 0.6980
vn 0.7120 -0.1230 0.6913
vn 0.7860 0.0547 0.6158
vn 0.7886 0.0418 0.6135
vn 0.8000 0.1219 0.5875
vn 0.7943 0.1428 0.5906
vn 0.7662 -0.1217 0.6310
vn 0.7687 -0.1615 0.6189
vn 0.8487 0.0132 0.5287
vn 0.8389 0.0040 0.5443
vn 0.8551 0.0664 0.5142
vn 0.8536 0.0725 0.5159
vn 0.8850 -0.0239 0.4650
vn 0.8783 0.0097 0.4780
vn 0.8909 0.0349 0.4528
vn 0.8920 0.0303 0.4511
vn 0.7935 -0.1513 0.5894
vn 0.8281 -0.1307 0.5451
vn 0.9659 -0.1164 0.2311
vn 0.9661 -0.1179 0.2298
vn 0.9708 -0.0475 0.2352
vn 0.9727 -0.0613 0.2236
vn 0.9745 0.0007 0.2245
vn 0.9740 -0.0014 0.2265
vn 0.9744 0.0102 0.2248
vn 0.9739 0.0128 0.2268
vn 0.9788 -0.1085 0.1739
vn 0.9794 -0.1239 0.1594
vn 0.9849 -0.0493 0.1661
vn 0.9856 -0.0571 0.1593
vn 0.9863 -0.0099 0.1644
vn 0.9867 -0.0075 0.1622
vn 0.9863 -0.0015 0.1648
vn 0.9856 0.0035 0.1689
vn 0.9914 -0.0975 0.0875
vn 0.9908 -0.1174 0.0678
vn 0.9960 -0.0511 0.0732
vn 0.9961 -0.0604 0.0646
vn 0.9974 -0.0188 0.0701
vn 0.9975 -0.0226 0.0667
vn 0.9974 -0.0171 0.0702
vn 0.9970 -0.0090 0.0773
vn 0.4007 -0.0737 0.9133
vn 0.4213 -0.1131 0.8998
vn 0.6969 -0.2790 0.6607
vn 0.6832 -0.2755 0.6763
vn 0.9596 -0.1692 0.2249
vn 0.9566 -0.1769 0.2317
vn 0.9706 -0.1608 0.1792
vn 0.9707 -0.1738 0.1659
vn 0.9826 -0.1678 0.0800
vn 0.9839 -0.1466 0.1024
vn 0.9838 -0.0688 -0.1654
vn 0.9768 -0.0918 -0.1934
vn 0.1295 0.3840 0.9142
vn 0.1463 0.3695 0.9176
vn 0.1258 0.3380 0.9327
vn 0.1400 0.3255 0.9351
vn 0.1211 0.3157 0.9411
vn 0.1317 0.3062 0.9428
vn 0.0948 0.3349 0.9375
vn 0.1157 0.3162 0.9416
vn 0.0748 0.3449 0.9357
vn 0.0529 0.3194 0.9461
vn 0.2688 -0.7129 0.6477
vn 0.3165 -0.6958 0.6448
vn 0.2278 -0.6744 0.7023
vn 0.2163 -0.6776 0.7029
vn 0.1350 -0.5954 0.7920
vn 0.1357 -0.6043 0.7851
vn 0.6849 -0.1605 0.7107
vn 0.6368 -0.1133 0.7627
vn 0.5562 0.3375 0.7594
vn 0.5621 0.3625 0.7434
vn 0.5949 0.3486 0.7243
vn 0.5997 0.3593 0.7150
vn 0.5812 0.3474 0.7359
vn 0.5752 0.3296 0.7487
vn 0.5587 0.3038 0.7717
vn 0.5636 0.3266 0.7587
vn 0.9811 -0.0495 -0.1870
vn 0.9812 -0.0491 -0.1865
vn 0.9799 -0.0667 -0.1883
vn 0.9850 -0.0460 -0.1665
vn 0.9866 -0.0825 -0.1406
vn 0.9842 -0.0577 -0.1672
vn 0.9857 -0.0926 -0.1408
vn 0.9906 -0.0676 -0.1187
vn 0.9868 -0.1113 -0.1179
vn 0.9928 -0.0777 -0.0912
vn 0.9904 -0.1275 -0.0525
vn 0.9913 -0.0951 -0.0905
vn 0.9859 -0.1590 -0.0512
vn 0.9949 -0.1007 -0.0082
vn 0.9900 -0.1406 -0.0109
vn 0.9940 -0.1042 0.0320
vn 0.9906 -0.1236 0.0587
vn 0.9960 -0.0822 0.0359
vn 0.9913 -0.0900 0.0959
vn 0.9961 -0.0492 0.0733
vn 0.9852 -0.0150 0.1707
vn 0.9884 0.0223 0.1500
vn 0.9847 0.0044 0.1745
vn 0.9773 0.0286 0.2099
vn 0.9457 0.0347 0.3233
vn 0.9457 0.0357 0.3231
vn 0.9354 0.0777 0.3449
vn 0.9362 0.0775 0.3427
vn 0.9415 0.0541 0.3327
vn 0.9416 0.0541 0.3323
vn 0.9293 0.1134 0.3513
vn 0.9308 0.0949 0.3529
vn 0.9190 0.1497 0.3647
vn 0.9208 0.1362 0.3655
vn 0.8817 0.2282 0.4130
vn 0.8819 0.2282 0.4126
vn 0.8207 0.3144 0.4772
vn 0.8157 0.3133 0.4863
vn 0.8622 0.2574 0.4363
vn 0.8597 0.2655 0.4364
vn 0.7332 0.3699 0.5705
vn 0.7233 0.3895 0.5702
vn 0.6742 0.3888 0.6279
vn 0.6601 0.4121 0.6281
vn 0.6318 0.4155 0.6543
vn 0.6243 0.4099 0.6649
vn 0.5830 0.4324 0.6879
vn 0.5768 0.4272 0.6962
vn 0.7933 0.3329 0.5098
vn 0.7882 0.3451 0.5095
vn 0.8403 0.2902 0.4579
vn 0.8386 0.2901 0.4611
vn 0.9787 0.0057 0.2051
vn 0.9696 0.0285 0.2428
vn 0.9578 0.0057 0.2872
vn 0.9529 0.0104 0.3031
vn 0.9523 0.0147 0.3047
vn 0.9489 0.0172 0.3151
vn 0.9662 0.0051 0.2578
vn 0.9612 0.0129 0.2756
vn 0.9620 0.0047 0.2731
vn 0.9573 0.0106 0.2889
vn 0.9666 -0.0007 0.2562
vn 0.9696 0.0288 0.2429
vn 0.6105 0.2131 0.7628
vn 0.5979 0.3379 0.7269
vn 0.7324 0.2169 0.6454
vn 0.6241 0.2304 0.7466
vn 0.7737 0.3023 0.5569
vn 0.7857 0.2873 0.5478
vn 0.4410 0.3866 0.8100
vn 0.4571 0.4029 0.7929
vn 0.4345 0.3281 0.8388
vn 0.4481 0.3424 0.8258
vn 0.4271 0.2872 0.8574
vn 0.4386 0.2997 0.8472
vn 0.4005 0.2981 0.8665
vn 0.4061 0.3047 0.8615
vn 0.4886 0.3234 0.8104
vn 0.5875 0.3231 0.7419
vn 0.3970 0.2934 0.8697
vn 0.5156 0.2967 0.8038
vn 0.3469 0.2572 0.9019
vn 0.4331 0.2605 0.8629
vn 0.3045 0.2407 0.9216
vn 0.3633 0.2429 0.8994
vn 0.2980 0.2141 0.9303
vn 0.3345 0.2152 0.9175
vn 0.2904 0.1842 0.9390
vn 0.3320 0.1852 0.9249
vn 0.3043 0.1724 0.9369
vn 0.3162 0.1118 0.9421
vn 0.3823 -0.0024 0.9240
vn 0.4010 -0.0028 0.9161
vn 0.4593 -0.0798 0.8847
vn 0.4531 -0.0795 0.8879
vn 0.5365 -0.1459 0.8312
vn 0.5113 -0.1441 0.8472
vn 0.5961 -0.2167 0.7731
vn 0.5829 -0.2149 0.7836
vn 0.6445 -0.2811 0.7110
vn 0.6284 -0.2775 0.7267
vn 0.6521 -0.3012 0.6957
vn 0.6485 -0.3130 0.6938
vn 0.6472 -0.3240 0.6900
vn 0.6489 -0.3383 0.6815
vn 0.6606 -0.3490 0.6646
vn 0.6605 -0.3421 0.6684
vn 0.6786 -0.3619 0.6391
vn 0.6974 -0.3611 0.6191
vn 0.6796 -0.3383 0.6509
vn 0.6975 -0.3596 0.6198
vn 0.7153 -0.3359 0.6128
vn 0.7092 -0.3739 0.5976
vn 0.7418 -0.3352 0.5809
vn 0.7821 -0.3585 0.5096
vn 0.7688 -0.3303 0.5475
vn 0.8011 -0.3274 0.5010
vn 0.7945 -0.3134 0.5201
vn 0.4320 -0.5794 0.6911
vn 0.5633 -0.4945 0.6619
vn 0.7971 0.1574 0.5829
vn 0.6974 0.1709 0.6960
vn -0.1268 0.0898 0.9879
vn -0.2147 0.0105 0.9766
vn -0.1522 -0.0881 0.9844
vn -0.1363 -0.0505 0.9894
vn -0.1311 -0.1260 0.9833
vn -0.0810 -0.0896 0.9927
vn -0.0820 -0.0183 0.9965
vn -0.0156 0.0144 0.9998
vn -0.0150 0.0465 0.9988
vn 0.0504 0.1038 0.9933
vn 0.0507 0.1422 0.9885
vn 0.1057 0.1865 0.9768
vn 0.1053 0.2033 0.9734
vn 0.3047 0.3110 0.9002
vn 0.2967 0.4067 0.8640
vn 0.4492 0.3531 0.8207
vn 0.4274 0.5057 0.7494
vn 0.5450 0.3221 0.7741
vn 0.5232 0.4686 0.7118
vn 0.5635 0.3490 0.7487
vn 0.6638 0.3445 0.6638
vn 0.6332 0.2973 0.7146
vn 0.7162 0.2889 0.6353
vn 0.7432 0.2007 0.6383
vn 0.7306 0.3127 0.6070
vn 0.8088 0.2123 0.5484
vn 0.7563 0.2212 0.6157
vn 0.8523 0.1887 0.4878
vn 0.8389 0.2673 0.4742
vn 0.8675 0.2616 0.4230
vn 0.8385 0.2678 0.4745
vn 0.8583 0.2761 0.4325
vn 0.8416 0.3302 0.4273
vn 0.7449 0.3957 0.5372
vn 0.7709 0.3948 0.4998
vn 0.4032 0.5426 0.7369
vn 0.4139 0.5455 0.7288
vn 0.1757 0.5952 0.7841
vn 0.1864 0.5884 0.7868
vn 0.7995 0.1952 0.5681
vn 0.8528 0.1879 0.4873
vn -0.2642 0.3146 0.9117
vn -0.0762 0.4572 0.8861
vn -0.1579 0.6395 0.7524
vn -0.1607 0.4873 0.8583
vn -0.2220 0.1716 0.9598
vn -0.1161 0.2682 0.9563
vn -0.0083 0.0995 0.9950
vn 0.0428 0.1259 0.9911
vn -0.0965 0.0615 0.9934
vn -0.0017 0.1086 0.9941
vn -0.0815 0.2314 0.9694
vn -0.1082 0.0452 0.9931
vn -0.1443 0.3056 0.9411
vn -0.1652 0.1110 0.9800
vn -0.0451 0.4439 0.8949
vn -0.2579 0.3277 0.9089
vn 0.0149 0.4820 0.8761
vn -0.0791 0.2290 0.9702
vn 0.1824 -0.0311 0.9827
vn 0.1748 -0.0191 0.9844
vn 0.3830 -0.1325 0.9142
vn 0.4483 -0.0594 0.8919
vn 0.6266 -0.1859 0.7569
vn 0.5209 -0.2882 0.8035
vn 0.6341 -0.3266 0.7009
vn 0.6491 -0.4799 0.5902
vn 0.5799 -0.4495 0.6795
vn 0.5810 -0.5833 0.5676
vn 0.3505 -0.5615 0.7496
vn 0.4725 -0.5190 0.7123
vn 0.2162 -0.5224 0.8249
vn 0.2926 -0.5168 0.8046
vn 0.2095 -0.5085 0.8352
vn 0.2000 -0.5073 0.8382
vn 0.1138 -0.4207 0.9000
vn 0.1199 -0.4226 0.8984
vn -0.0477 -0.2672 0.9625
vn -0.0379 -0.2713 0.9618
vn -0.1089 -0.2027 0.9732
vn -0.1531 -0.1828 0.9712
vn 0.0219 -0.3722 0.9279
vn -0.0398 -0.3468 0.9371
vn 0.1213 -0.5419 0.8317
vn 0.1589 -0.5540 0.8172
vn 0.3569 -0.8246 0.4389
vn 0.4468 -0.8213 0.3548
vn 0.4172 -0.4944 0.7625
vn 0.2960 -0.3973 0.8686
vn 0.3362 -0.2206 0.9156
vn 0.2272 -0.1319 0.9649
vn 0.2403 0.3376 0.9101
vn 0.2306 0.1714 0.9578
vn 0.2872 0.4152 0.8632
vn 0.1169 0.5324 0.8384
vn -0.0817 0.8176 0.5699
vn -0.1398 0.8379 0.5275
vn -0.1902 0.7539 0.6288
vn -0.0798 0.7617 0.6430
vn -0.1766 0.6476 0.7412
vn -0.1678 0.7410 0.6502
vn -0.1670 0.5220 0.8364
vn -0.1286 0.6964 0.7060
vn -0.1569 0.3169 0.9354
vn -0.0681 0.6197 0.7819
vn -0.0614 0.8236 0.5638
vn -0.0625 0.8399 0.5391
vn 0.5102 0.7984 -0.3198
vn 0.4772 0.8311 -0.2854
vn 0.4069 0.9091 -0.0894
vn 0.6166 0.7313 -0.2917
vn 0.6594 -0.2805 0.6975
vn 0.6752 -0.2598 0.6904
vn 0.6824 -0.2581 0.6839
vn 0.6777 -0.2644 0.6862
vn 0.6350 -0.3109 0.7072
vn 0.6578 -0.2809 0.6988
vn 0.6318 -0.3031 0.7134
vn 0.6483 -0.2897 0.7041
vn 0.6905 -0.2892 0.6630
vn 0.6799 -0.2988 0.6697
vn 0.7108 -0.2871 0.6421
vn 0.7201 -0.2980 0.6266
vn 0.6225 -0.2921 0.7261
vn 0.6014 -0.3092 0.7367
vn 0.6632 -0.2673 0.6991
vn 0.6490 -0.2570 0.7161
vn 0.0564 -0.5165 0.8544
vn 0.1227 -0.5894 0.7985
vn 0.1243 -0.5679 0.8136
vn 0.1801 -0.6322 0.7536
vn 0.2445 -0.6008 0.7611
vn 0.2549 -0.6271 0.7360
vn 0.2762 -0.4882 0.8279
vn 0.2890 -0.4801 0.8282
vn 0.2122 0.4059 0.8889
vn 0.2350 0.3839 0.8930
vn 0.2128 0.3464 0.9136
vn 0.2261 0.3330 0.9154
vn 0.2125 0.3159 0.9247
vn 0.2200 0.3081 0.9256
vn 0.1960 0.3358 0.9213
vn 0.2040 0.3277 0.9225
vn 0.1628 0.3508 0.9222
vn 0.1752 0.3671 0.9135
vn 0.2136 -0.6654 0.7153
vn 0.2885 -0.6338 0.7177
vn 0.1740 -0.6310 0.7560
vn 0.2017 -0.6777 0.7071
vn 0.2328 -0.6861 0.6893
vn 0.2300 -0.6732 0.7027
vn 0.1104 -0.6325 0.7666
vn 0.1845 -0.6081 0.7722
vn 0.2117 -0.6946 0.6876
vn 0.2322 -0.6869 0.6887
vn 0.3165 -0.1711 0.9330
vn 0.2952 -0.3427 0.8918
vn 0.3567 -0.1266 0.9256
vn 0.3504 -0.2080 0.9132
vn 0.3758 -0.1315 0.9173
vn 0.3756 -0.1474 0.9150
vn 0.4515 -0.2232 0.8639
vn 0.4514 -0.2134 0.8664
vn 0.5521 -0.3837 0.7402
vn 0.5537 -0.3324 0.7635
vn 0.6195 -0.5401 0.5696
vn 0.6299 -0.4644 0.6225
vn 0.6770 -0.5925 0.4366
vn 0.6554 -0.6610 0.3654
vn 0.6554 -0.7362 0.1687
vn 0.6350 -0.7638 0.1153
vn 0.4772 -0.8392 0.2608
vn 0.4281 -0.8462 0.3174
vn 0.4765 -0.7307 0.4889
vn 0.4304 -0.7283 0.5332
vn 0.4278 -0.5446 0.7214
vn 0.3842 -0.5346 0.7527
vn 0.3773 -0.3638 0.8516
vn 0.3340 -0.3507 0.8749
vn 0.3378 -0.2120 0.9170
vn 0.2985 -0.1979 0.9337
vn 0.2973 -0.1303 0.9459
vn 0.3022 -0.1321 0.9441
vn 0.2435 -0.1000 0.9647
vn 0.2928 -0.1194 0.9487
vn 0.9506 -0.2928 0.1028
vn 0.9450 -0.3235 0.0480
vn 0.9077 -0.3603 0.2149
vn 0.9194 -0.3448 0.1891
vn 0.8903 -0.3759 0.2570
vn 0.9033 -0.3600 0.2332
vn 0.8687 -0.3926 0.3021
vn 0.8838 -0.3757 0.2788
vn 0.8387 -0.4040 0.3652
vn 0.8388 -0.4039 0.3651
vn 0.7833 -0.3937 0.4812
vn 0.7874 -0.4031 0.4664
vn 0.7753 -0.3702 0.5118
vn 0.7508 -0.3954 0.5291
vn 0.7584 -0.3716 0.5356
vn 0.7413 -0.3379 0.5800
vn 0.7593 -0.3363 0.5571
vn 0.7391 -0.3006 0.6028
vn 0.7292 -0.2769 0.6258
vn 0.7451 -0.3000 0.5957
vn 0.7108 -0.2780 0.6461
vn 0.7117 -0.2791 0.6446
vn 0.6927 -0.2698 0.6689
vn 0.6814 -0.2821 0.6753
vn 0.6318 -0.3029 0.7135
vn 0.6595 -0.2749 0.6996
vn 0.6216 -0.3162 0.7167
vn 0.6348 -0.3025 0.7110
vn 0.5915 -0.3269 0.7371
vn 0.5839 -0.3219 0.7453
vn 0.5207 -0.3171 0.7927
vn 0.5508 -0.3331 0.7653
vn 0.4781 -0.2972 0.8265
vn 0.5264 -0.3162 0.7892
vn 0.4282 -0.3040 0.8510
vn 0.4647 -0.2658 0.8446
vn 0.7780 -0.5877 0.2222
vn 0.7758 -0.5981 0.2008
vn 0.7861 -0.5789 0.2166
vn 0.7959 -0.5796 0.1750
vn 0.7846 -0.5371 0.3097
vn 0.8091 -0.5485 0.2112
vn 0.7762 -0.5842 0.2372
vn 0.7874 -0.5832 0.1996
vn 0.7447 -0.6085 0.2741
vn 0.7380 -0.6346 0.2297
vn 0.7447 -0.4864 0.4570
vn 0.7412 -0.5874 0.3249
vn 0.6546 -0.4474 0.6093
vn 0.7171 -0.5163 0.4682
vn 0.6615 -0.5872 0.4665
vn 0.7089 -0.6444 0.2867
vn 0.5683 -0.4238 0.7053
vn 0.5489 -0.3974 0.7353
vn 0.5801 -0.4988 0.6440
vn 0.5140 -0.3946 0.7617
vn 0.4506 -0.4132 0.7913
vn 0.4768 -0.4488 0.7558
vn 0.3726 -0.4683 0.8011
vn 0.3677 -0.4606 0.8079
vn 0.3393 -0.3854 0.8581
vn 0.3638 -0.4301 0.8262
vn 0.2939 -0.9185 0.2645
vn 0.2791 -0.9374 0.2081
vn 0.2045 -0.1687 0.9642
vn 0.1710 -0.1497 0.9738
vn 0.1864 -0.2621 0.9469
vn 0.2628 -0.1553 0.9523
vn 0.4562 -0.5176 0.7238
vn 0.4770 -0.5146 0.7125
vn 0.3871 -0.4738 0.7909
vn 0.3640 -0.5815 0.7276
vn 0.2824 -0.5499 0.7860
vn 0.2979 -0.5593 0.7736
vn 0.3601 -0.3027 0.8825
vn 0.2018 -0.2576 0.9449
vn 0.2930 -0.3410 0.8932
vn 0.2823 -0.5499 0.7861
vn -0.2923 -0.8892 0.3521
vn -0.3315 -0.8756 0.3513
vn 0.2004 0.7803 0.5925
vn 0.1521 0.7960 0.5858
vn 0.2072 0.7632 0.6120
vn 0.1907 0.7711 0.6075
vn 0.1963 0.7556 0.6250
vn 0.2061 0.7405 0.6396
vn 0.1937 0.7336 0.6514
vn 0.2209 0.7136 0.6649
vn 0.2052 0.6946 0.6895
vn 0.1916 0.7071 0.6807
vn 0.1866 0.6952 0.6942
vn 0.1869 0.6923 0.6970
vn 0.1648 0.6898 0.7050
vn 0.1630 0.6924 0.7029
vn 0.1224 0.7118 0.6916
vn 0.1347 0.6885 0.7126
vn 0.0845 0.7110 0.6981
vn 0.0833 0.7150 0.6942
vn 0.0591 0.7353 0.6752
vn 0.0421 0.7137 0.6992
vn 0.0434 0.7385 0.6728
vn 0.0433 0.7384 0.6730
vn 0.0371 0.7755 0.6303
vn -0.0012 0.7506 0.6607
vn -0.0171 0.8213 0.5702
vn -0.0160 0.8298 0.5578
vn -0.0545 0.8519 0.5209
vn -0.0518 0.8321 0.5523
vn -0.0833 0.8760 0.4750
vn -0.0694 0.8544 0.5150
vn -0.0265 0.8317 0.5546
vn -0.0399 0.8165 0.5760
vn -0.0184 0.8192 0.5732
vn -0.0036 0.8329 0.5534
vn 0.1521 0.8149 0.5593
vn 0.0761 0.7805 0.6205
vn 0.1126 0.7748 0.6221
vn 0.1463 0.7223 0.6759
vn 0.5507 0.1474 0.8216
vn 0.5487 0.1488 0.8227
vn 0.6731 -0.4344 0.5985
vn 0.5860 -0.2735 0.7628
vn 0.5787 -0.7163 0.3899
vn 0.5759 -0.6003 0.5550
vn 0.4692 -0.7266 0.5020
vn 0.4545 -0.8182 0.3522
vn 0.4074 -0.8619 0.3018
vn 0.4359 -0.7495 0.4983
vn 0.4242 -0.8569 0.2928
vn 0.4113 -0.8596 0.3031
vn 0.3672 -0.8885 0.2750
vn 0.2068 -0.8852 0.4168
vn 0.2446 -0.9008 0.3587
vn 0.1890 -0.8909 0.4131
vn 0.1658 -0.9227 0.3480
vn 0.2066 -0.9305 0.3025
vn 0.0946 -0.9196 0.3813
vn 0.1495 -0.9428 0.2980
vn -0.0345 -0.9549 0.2951
vn -0.0399 -0.9344 0.3541
vn -0.0675 -0.9498 0.3055
vn -0.0590 -0.9233 0.3794
vn -0.0667 -0.9215 0.3826
vn -0.0741 -0.9326 0.3532
vn -0.1409 -0.9416 0.3059
vn -0.1184 -0.9188 0.3765
vn -0.1488 -0.9243 0.3515
vn -0.1610 -0.9342 0.3182
vn -0.1572 -0.9319 0.3268
vn -0.1248 -0.9221 0.3663
vn -0.2620 -0.9164 0.3026
vn -0.1966 -0.9078 0.3705
vn 0.6994 0.7147 0.0094
vn 0.7454 0.6643 -0.0554
vn 0.9034 0.4264 -0.0458
vn 0.8793 0.4754 0.0271
vn 0.9653 0.2584 -0.0374
vn 0.9629 0.2641 -0.0549
vn 0.9971 -0.0758 0.0117
vn 0.9247 -0.0817 0.3719
vn 0.8261 -0.4184 0.3776
vn 0.8825 -0.4018 0.2442
vn 0.7427 -0.6696 0.0100
vn 0.6736 -0.7333 0.0925
vn -0.1194 0.8782 0.4631
vn 0.0174 0.8171 0.5763
vn 0.0901 0.7172 0.6910
vn 0.0896 0.7092 0.6993
vn 0.4906 -0.7629 0.4211
vn 0.4674 -0.8072 0.3605
vn 0.1944 -0.9226 0.3332
vn 0.1792 -0.9440 0.2770
vn 0.0961 -0.3212 0.9421
vn 0.1126 -0.3708 0.9219
vn 0.1222 -0.5574 0.8212
vn 0.1214 -0.5556 0.8226
vn 0.5218 -0.7153 0.4649
vn 0.5249 -0.5958 0.6079
vn 0.3994 -0.3961 0.8268
vn 0.4149 -0.6515 0.6352
vn 0.2739 -0.2522 0.9281
vn 0.2887 -0.4372 0.8518
vn 0.2285 -0.4272 0.8748
vn 0.2364 -0.3460 0.9080
vn 0.2595 -0.5123 0.8187
vn 0.2561 -0.5288 0.8091
vn 0.1527 -0.2837 0.9467
vn 0.1517 -0.1151 0.9817
vn 0.0613 -0.0725 0.9955
vn 0.0547 -0.1287 0.9902
vn 0.5947 -0.4870 0.6396
vn 0.6622 -0.5866 0.4663
vn 0.6031 -0.3946 0.6932
vn 0.6491 -0.4526 0.6114
vn 0.6191 -0.7202 0.3130
vn 0.5817 -0.6762 0.4521
vn 0.6569 -0.7102 0.2532
vn 0.6640 -0.6829 0.3047
vn 0.7344 -0.6405 0.2246
vn 0.7286 -0.6397 0.2446
vn 0.4316 -0.3935 0.8117
vn 0.4577 -0.4355 0.7752
vn 0.7360 -0.6223 0.2666
vn 0.7330 -0.6348 0.2444
vn 0.6803 -0.6780 0.2784
vn 0.6582 -0.6588 0.3644
vn 0.6164 -0.6933 0.3733
vn 0.6263 -0.5875 0.5125
vn 0.5287 -0.4360 0.7282
vn 0.5377 -0.6516 0.5351
vn 0.3872 -0.3585 0.8495
vn 0.4577 -0.4814 0.7475
vn 0.2786 -0.2682 0.9222
vn 0.3382 -0.3813 0.8604
vn 0.1896 -0.1839 0.9645
vn 0.1867 -0.2970 0.9365
vn 0.0649 -0.1174 0.9910
vn 0.0885 -0.2015 0.9755
vn -0.0080 0.8275 0.5614
vn -0.0142 0.7888 0.6145
vn 0.3870 0.8869 -0.2522
vn 0.3509 0.9151 -0.1987
vn -0.5569 0.8162 0.1535
vn -0.4052 0.8791 0.2510
vn 0.1100 0.7990 0.5913
vn 0.1505 0.7916 0.5922
vn 0.1445 0.7892 0.5968
vn 0.1216 0.7931 0.5968
vn 0.6793 0.2882 0.6749
vn 0.6664 0.2871 0.6882
vn 0.7446 0.0979 0.6602
vn 0.7832 0.1072 0.6125
vn 0.7223 0.0701 0.6880
vn 0.7530 0.0830 0.6528
vn 0.7027 0.0976 0.7048
vn 0.6605 0.0758 0.7470
vn 0.6458 -0.0299 0.7629
vn 0.6436 -0.0321 0.7647
vn 0.6722 -0.0082 0.7404
vn 0.6528 -0.0352 0.7567
vn 0.7216 0.0249 0.6918
vn 0.6981 -0.0242 0.7155
vn 0.7772 0.0504 0.6273
vn 0.7612 0.0047 0.6485
vn 0.8158 0.0885 0.5716
vn 0.8019 0.0415 0.5960
vn 0.8432 0.1148 0.5252
vn 0.8352 0.0836 0.5435
vn 0.8716 0.1105 0.4776
vn 0.8602 0.1333 0.4922
vn 0.9266 0.1421 0.3482
vn 0.9226 0.1501 0.3555
vn 0.9598 0.1093 0.2586
vn 0.9510 0.1311 0.2800
vn 0.9736 0.0827 0.2129
vn 0.9638 0.1111 0.2423
vn 0.9838 0.0497 0.1725
vn 0.9744 0.0831 0.2087
vn 0.9935 -0.0469 0.1041
vn 0.9896 -0.0171 0.1429
vn -0.0507 0.1076 0.9929
vn -0.0241 0.1273 0.9916
vn -0.0989 0.1256 0.9871
vn -0.0357 0.1686 0.9850
vn 0.0958 0.1911 0.9769
vn 0.1868 0.2421 0.9521
vn 0.3481 0.2651 0.8992
vn 0.3826 0.2902 0.8771
vn 0.4400 0.2842 0.8518
vn 0.4617 0.3018 0.8341
vn 0.5272 0.2937 0.7974
vn 0.5288 0.2952 0.7958
vn 0.5805 0.2884 0.7615
vn 0.5861 0.2942 0.7549
vn 0.6203 0.2892 0.7291
vn 0.6089 0.2763 0.7435
vn 0.6488 0.2715 0.7109
vn 0.6333 0.2514 0.7319
vn 0.6580 0.2493 0.7106
vn 0.6326 0.2095 0.7456
vn 0.6702 0.2110 0.7115
vn 0.6451 0.1599 0.7472
vn 0.6779 0.0608 0.7327
vn 0.7322 0.1075 0.6726
vn 0.8918 0.0952 0.4424
vn 0.8988 0.0770 0.4315
vn 0.8990 0.0739 0.4316
vn 0.9086 0.0450 0.4151
vn 0.9148 0.0382 0.4020
vn 0.9083 0.0603 0.4139
vn 0.9167 0.0343 0.3981
vn 0.9148 0.0415 0.4017
vn 0.8349 -0.3281 0.4418
vn 0.8313 -0.3159 0.4574
vn 0.8215 -0.3593 0.4428
vn 0.8206 -0.3566 0.4467
vn 0.8156 -0.3762 0.4395
vn 0.8155 -0.3758 0.4402
vn 0.8121 -0.3877 0.4361
vn 0.8134 -0.3863 0.4350
vn 0.8111 -0.3936 0.4326
vn 0.8142 -0.4023 0.4187
vn 0.8142 -0.4022 0.4187
vn 0.8151 -0.4047 0.4146
vn 0.8203 -0.3902 0.4182
vn 0.8207 -0.3913 0.4163
vn 0.8364 -0.3466 0.4247
vn 0.8350 -0.3435 0.4299
vn 0.0088 0.3049 0.9524
vn 0.0040 0.3001 0.9539
vn 0.0329 0.3042 0.9520
vn 0.0180 0.3169 0.9483
vn 0.0585 0.3146 0.9474
vn 0.0342 0.3353 0.9415
vn 0.0921 0.3472 0.9333
vn 0.0778 0.3315 0.9402
vn 0.1204 0.3434 0.9315
vn 0.1348 0.3601 0.9231
vn 0.1789 0.3526 0.9185
vn 0.1891 0.3650 0.9116
vn 0.2550 0.3506 0.9011
vn 0.2497 0.3565 0.9003
vn 0.3165 0.3457 0.8834
vn 0.3245 0.3360 0.8842
vn 0.3901 0.3218 0.8627
vn 0.3950 0.3279 0.8582
vn 0.4655 0.3175 0.8261
vn 0.4785 0.3320 0.8129
vn 0.5036 0.3196 0.8027
vn 0.5174 0.3329 0.7883
vn 0.5406 0.3199 0.7781
vn 0.5543 0.3319 0.7633
vn 0.6182 0.3029 0.7253
vn 0.6036 0.3312 0.7252
vn 0.6893 0.2935 0.6623
vn 0.6796 0.2875 0.6749
vn 0.7144 0.2698 0.6457
vn 0.7298 0.2773 0.6249
vn 0.7555 0.2494 0.6058
vn 0.7674 0.2542 0.5886
vn 0.8108 0.1985 0.5506
vn 0.7970 0.2477 0.5509
vn 0.8449 0.1946 0.4982
vn 0.8359 0.1926 0.5140
vn 0.8918 0.1453 0.4286
vn 0.8840 0.1449 0.4445
vn 0.9009 0.1256 0.4155
vn 0.9112 0.1252 0.3924
vn 0.9259 0.1038 0.3631
vn 0.9193 0.1050 0.3794
vn 0.9301 0.0916 0.3556
vn 0.9358 0.0895 0.3410
vn 0.9375 0.0838 0.3378
vn 0.9407 0.0820 0.3291
vn 0.9397 0.0856 0.3310
vn 0.9431 0.0830 0.3218
vn 0.9427 0.0847 0.3227
vn 0.9417 0.0858 0.3254
vn 0.9419 0.0847 0.3250
vn 0.9391 0.0883 0.3322
vn 0.9344 0.0982 0.3425
vn 0.9381 0.0928 0.3337
vn 0.9286 0.1237 0.3498
vn 0.9273 0.0855 0.3644
vn 0.9213 0.1155 0.3713
vn 0.9059 0.1405 0.3994
vn 0.9064 0.1383 0.3991
vn 0.8918 0.1622 0.4223
vn 0.8874 0.1518 0.4353
vn 0.8981 0.1328 0.4192
vn 0.8881 0.1484 0.4351
vn 0.8850 0.1317 0.4465
vn 0.8826 0.1359 0.4501
vn 0.8852 0.1306 0.4465
vn 0.8846 0.1213 0.4503
vn 0.8905 0.1082 0.4419
vn 0.8618 -0.3942 0.3193
vn 0.8627 -0.3999 0.3097
vn 0.8563 -0.3924 0.3360
vn 0.8583 -0.4033 0.3171
vn 0.8641 -0.3710 0.3401
vn 0.8539 -0.3812 0.3544
vn 0.8676 -0.3426 0.3603
vn 0.8678 -0.3432 0.3593
vn 0.8228 -0.3371 0.4576
vn 0.8267 -0.3336 0.4531
vn 0.8405 -0.3438 0.4188
vn 0.8300 -0.3241 0.4539
vn 0.8571 -0.3664 0.3621
vn 0.8437 -0.3349 0.4195
vn 0.8461 -0.4451 0.2934
vn 0.8392 -0.4103 0.3568
vn 0.8091 -0.5457 0.2180
vn 0.8111 -0.5125 0.2819
vn 0.7582 -0.6269 0.1793
vn 0.7611 -0.6165 0.2014
vn 0.6803 -0.7193 0.1407
vn 0.6838 -0.7127 0.1564
vn 0.5991 -0.7961 0.0856
vn 0.6109 -0.7818 0.1245
vn 0.5064 -0.8595 0.0697
vn 0.5287 -0.8485 0.0250
vn 0.4039 -0.9148 0.0079
vn 0.4049 -0.9143 0.0102
vn 0.2775 -0.9607 -0.0037
vn 0.2943 -0.9550 -0.0382
vn 0.1731 -0.9840 -0.0411
vn 0.1712 -0.9842 -0.0452
vn 0.0625 -0.9964 -0.0581
vn 0.0692 -0.9966 -0.0439
vn 0.0175 0.2945 0.9555
vn 0.0177 0.2946 0.9554
vn 0.0526 0.2933 0.9546
vn 0.0416 0.3026 0.9522
vn 0.0863 0.2996 0.9502
vn 0.0693 0.3141 0.9469
vn 0.1215 0.3138 0.9417
vn 0.1171 0.3093 0.9437
vn 0.1560 0.3090 0.9382
vn 0.1625 0.3160 0.9347
vn 0.2130 0.3131 0.9255
vn 0.2082 0.3078 0.9284
vn 0.2807 0.2980 0.9124
vn 0.2762 0.3031 0.9120
vn 0.3364 0.3013 0.8922
vn 0.3515 0.2821 0.8927
vn 0.4106 0.2766 0.8689
vn 0.4260 0.2942 0.8555
vn 0.5113 0.2963 0.8068
vn 0.5038 0.2889 0.8141
vn 0.5488 0.2855 0.7857
vn 0.5419 0.2796 0.7926
vn 0.5868 0.2618 0.7662
vn 0.5736 0.2863 0.7675
vn 0.6550 0.2457 0.7146
vn 0.6404 0.2788 0.7157
vn 0.7341 0.2406 0.6349
vn 0.7146 0.2306 0.6605
vn 0.7680 0.2192 0.6017
vn 0.7565 0.2146 0.6178
vn 0.8073 0.1891 0.5590
vn 0.7943 0.1849 0.5787
vn 0.8325 0.1524 0.5327
vn 0.8288 0.1685 0.5336
vn 0.8591 0.1314 0.4946
vn 0.8530 0.1302 0.5054
vn 0.9028 0.0736 0.4237
vn 0.8963 0.0731 0.4374
vn 0.9198 0.0432 0.3901
vn 0.9142 0.0433 0.4030
vn 0.9285 0.0292 0.3701
vn 0.9239 0.0299 0.3814
vn 0.9365 0.0191 0.3502
vn 0.9308 0.0207 0.3648
vn 0.9346 0.0270 0.3547
vn 0.9348 0.0337 0.3536
vn 0.9357 0.0412 0.3505
vn 0.9326 0.0432 0.3584
vn 0.9359 0.0496 0.3488
vn 0.9333 0.0518 0.3553
vn 0.9332 0.0695 0.3526
vn 0.9311 0.0716 0.3576
vn 0.9315 0.0945 0.3512
vn 0.9263 0.1008 0.3632
vn 0.9245 0.1258 0.3599
vn 0.9249 0.1452 0.3515
vn 0.9277 0.1592 0.3376
vn 0.9174 0.1743 0.3578
vn 0.9286 0.1699 0.3298
vn 0.9227 0.1797 0.3412
vn 0.9357 0.1558 0.3165
vn 0.9290 0.1684 0.3296
vn 0.9447 0.1293 0.3013
vn 0.9380 0.1439 0.3152
vn 0.9533 0.0958 0.2865
vn 0.9476 0.1106 0.2997
vn 0.9608 0.0560 0.2716
vn 0.9558 0.0717 0.2850
vn 0.9644 0.0261 0.2632
vn 0.9620 0.0350 0.2706
vn 0.9650 -0.0028 0.2623
vn 0.9645 -0.0007 0.2640
vn 0.9648 -0.0110 0.2629
vn 0.9645 -0.0098 0.2638
vn 0.9635 0.0090 0.2675
vn 0.9648 0.0030 0.2630
vn 0.9615 0.0208 0.2740
vn 0.9635 0.0121 0.2675
vn 0.9617 0.0066 0.2739
vn 0.9590 -0.0029 0.2835
vn 0.9595 -0.0533 0.2765
vn 0.9582 -0.0457 0.2825
vn 0.9544 -0.1120 0.2766
vn 0.9550 -0.1163 0.2729
vn 0.9446 -0.1725 0.2792
vn 0.9456 -0.1828 0.2692
vn 0.9368 -0.2210 0.2714
vn 0.9252 -0.2444 0.2905
vn 0.9147 -0.2912 0.2801
vn 0.9122 -0.2664 0.3114
vn 0.8944 -0.3125 0.3200
vn 0.8966 -0.3301 0.2953
vn 0.8802 -0.3510 0.3195
vn 0.8813 -0.3592 0.3070
vn 0.8714 -0.3786 0.3119
vn 0.8692 -0.3813 0.3147
vn 0.9808 -0.1895 -0.0459
vn 0.9764 -0.2049 -0.0682
vn 0.9871 -0.1500 -0.0562
vn 0.9803 -0.1758 -0.0897
vn 0.9933 -0.0887 -0.0740
vn 0.9852 -0.1256 -0.1167
vn 0.9933 -0.0458 -0.1061
vn 0.9872 -0.0772 -0.1394
vn 0.9897 -0.0447 -0.1364
vn 0.9890 -0.0481 -0.1398
vn 0.9915 -0.0382 -0.1244
vn 0.9886 -0.0554 -0.1402
vn 0.9897 -0.0683 -0.1255
vn 0.9936 -0.0437 -0.1039
vn 0.9913 -0.0795 -0.1046
vn 0.9974 -0.0319 -0.0649
vn 0.9985 -0.0465 -0.0282
vn 0.9937 -0.0915 -0.0652
vn 0.9942 -0.1031 -0.0294
vn 0.9984 -0.0548 0.0119
vn 0.9948 -0.1013 0.0087
vn 0.9969 -0.0556 0.0553
vn 0.9947 -0.0510 0.0898
vn 0.9950 -0.0850 0.0516
vn 0.9920 -0.0229 0.1242
vn 0.9946 -0.0524 0.0896
vn 0.9920 -0.0135 0.1257
vn 0.9873 0.0136 0.1586
vn 0.9784 0.0519 0.2003
vn 0.9870 0.0199 0.1597
vn 0.9799 0.0326 0.1967
vn 0.9708 0.0583 0.2327
vn 0.9731 0.0343 0.2278
vn 0.9643 0.0541 0.2593
vn 0.9611 0.0363 0.2738
vn 0.9673 0.0246 0.2523
vn 0.9631 0.0167 0.2685
vn 0.9562 0.0272 0.2915
vn 0.9579 0.0119 0.2867
vn 0.9522 0.0187 0.3049
vn 0.9532 0.0111 0.3021
vn 0.9475 0.0162 0.3195
vn 0.9478 0.0142 0.3187
vn 0.9439 0.0168 0.3297
vn 0.9420 0.0260 0.3346
vn 0.9423 0.0259 0.3339
vn 0.9383 0.0432 0.3432
vn 0.9378 0.0434 0.3445
vn 0.9325 0.0634 0.3555
vn 0.9362 0.0625 0.3458
vn 0.9315 0.0860 0.3534
vn 0.9290 0.0865 0.3600
vn 0.9193 0.1204 0.3746
vn 0.9189 0.1247 0.3744
vn 0.8803 0.2047 0.4280
vn 0.8791 0.2047 0.4305
vn 0.8562 0.2390 0.4581
vn 0.8590 0.2390 0.4528
vn 0.8384 0.2658 0.4758
vn 0.8342 0.2655 0.4833
vn 0.8158 0.2902 0.5003
vn 0.8120 0.2893 0.5069
vn 0.7857 0.3202 0.5293
vn 0.7893 0.3109 0.5294
vn 0.7149 0.3479 0.6065
vn 0.7261 0.3546 0.5891
vn 0.6504 0.3592 0.6693
vn 0.6650 0.3693 0.6491
vn 0.6292 0.3726 0.6821
vn 0.6170 0.3632 0.6981
vn 0.5838 0.3815 0.7166
vn 0.5738 0.3728 0.7292
vn 0.0577 -0.1703 0.9837
vn 0.0484 -0.2465 0.9679
vn 0.1454 -0.4218 0.8950
vn 0.1447 -0.2403 0.9599
vn 0.2231 -0.4107 0.8841
vn 0.3389 -0.6737 0.6567
vn 0.4144 -0.6489 0.6381
vn 0.4070 -0.7604 0.5062
vn 0.5028 -0.8058 0.3127
vn 0.5204 -0.7085 0.4767
vn 0.5903 -0.7700 0.2421
vn 0.5983 -0.7452 0.2945
vn 0.6548 -0.7240 0.2170
vn 0.6578 -0.7150 0.2366
vn 0.7294 -0.6543 0.1996
vn 0.7314 -0.6469 0.2156
vn 0.7848 -0.5859 0.2019
vn 0.7706 -0.5908 0.2390
vn 0.8175 -0.5217 0.2441
vn 0.8179 -0.5215 0.2432
vn 0.8566 -0.4510 0.2507
vn 0.8527 -0.4536 0.2591
vn 0.8801 -0.3932 0.2660
vn 0.8689 -0.4019 0.2890
vn 0.8868 -0.3563 0.2943
vn 0.8905 -0.3530 0.2870
vn 0.9300 -0.3209 0.1791
vn 0.9298 -0.3272 0.1684
vn 0.9366 -0.3070 0.1691
vn 0.9346 -0.3350 0.1199
vn 0.9338 -0.3372 0.1198
vn 0.9429 -0.3213 0.0873
vn 0.9425 -0.3227 0.0872
vn 0.9382 -0.3420 0.0536
vn 0.9449 -0.3271 0.0135
vn 0.9519 -0.3011 0.0562
vn 0.9660 -0.2579 0.0211
vn 0.9575 -0.2873 -0.0251
vn 0.9761 -0.2171 -0.0124
vn 0.9673 -0.2466 -0.0587
vn 0.8782 -0.3546 0.3211
vn 0.8770 -0.3503 0.3289
vn 0.8725 -0.3911 0.2929
vn 0.8695 -0.3778 0.3183
vn 0.8518 -0.4491 0.2696
vn 0.8507 -0.4407 0.2864
vn 0.8181 -0.5221 0.2413
vn 0.8182 -0.5126 0.2605
vn 0.7822 -0.5831 0.2197
vn 0.7832 -0.5760 0.2344
vn 0.7316 -0.6472 0.2143
vn 0.7296 -0.6547 0.1975
vn 0.6578 -0.7360 0.1601
vn 0.6637 -0.7224 0.1941
vn 0.5914 -0.7765 0.2174
vn 0.5801 -0.7984 0.1613
vn 0.5034 -0.8105 0.2993
vn 0.4894 -0.8416 0.2285
vn 0.4140 -0.8083 0.4187
vn 0.3933 -0.8637 0.3151
vn 0.3048 -0.7855 0.5386
vn 0.2875 -0.8506 0.4402
vn 0.1958 -0.7549 0.6259
vn 0.1826 -0.8106 0.5564
vn 0.0674 -0.7682 0.6367
vn 0.0690 -0.7724 0.6314
vn 0.0288 0.4099 0.9117
vn 0.0231 0.4052 0.9140
vn 0.0663 0.4087 0.9103
vn 0.0556 0.4170 0.9072
vn 0.1129 0.4134 0.9035
vn 0.0962 0.4266 0.8993
vn 0.1540 0.4379 0.8857
vn 0.1368 0.4230 0.8957
vn 0.1738 0.4355 0.8832
vn 0.1941 0.4539 0.8696
vn 0.2396 0.4661 0.8517
vn 0.2220 0.4497 0.8652
vn 0.3159 0.4506 0.8350
vn 0.2921 0.4741 0.8306
vn 0.3687 0.4723 0.8006
vn 0.3901 0.4491 0.8038
vn 0.4487 0.4475 0.7736
vn 0.4625 0.4608 0.7574
vn 0.5793 0.3273 0.7465
vn 0.5593 0.3095 0.7690
vn 0.6203 0.3310 0.7111
vn 0.6005 0.3153 0.7348
vn 0.6540 0.3090 0.6905
vn 0.6361 0.3418 0.6918
vn 0.7166 0.3037 0.6279
vn 0.6986 0.3430 0.6280
vn 0.7862 0.2933 0.5440
vn 0.7756 0.2885 0.5614
vn 0.8117 0.2666 0.5197
vn 0.8092 0.2659 0.5240
vn 0.8336 0.2448 0.4952
vn 0.8283 0.2442 0.5042
vn 0.8547 0.2128 0.4735
vn 0.8520 0.2226 0.4739
vn 0.8774 0.1858 0.4424
vn 0.8741 0.1857 0.4488
vn 0.9166 0.1059 0.3854
vn 0.9166 0.1059 0.3855
vn 0.9284 0.0728 0.3643
vn 0.9288 0.0646 0.3648
vn 0.9315 0.0454 0.3610
vn 0.9346 0.0447 0.3529
vn 0.9340 0.0316 0.3560
vn 0.9351 0.0312 0.3531
vn 0.9377 0.0144 0.3472
vn 0.9378 0.0168 0.3467
vn 0.9418 0.0116 0.3359
vn 0.9384 0.0139 0.3453
vn 0.9454 0.0116 0.3258
vn 0.9412 0.0152 0.3374
vn 0.9504 0.0150 0.3107
vn 0.9438 0.0223 0.3297
vn 0.9552 0.0253 0.2950
vn 0.9476 0.0359 0.3174
vn 0.9550 0.0265 0.2954
vn 0.9583 0.0692 0.2772
vn 0.9674 0.0590 0.2463
vn 0.9566 0.0811 0.2800
vn 0.9746 0.0636 0.2149
vn 0.9631 0.0917 0.2530
vn 0.9760 0.0492 0.2123
vn 0.9779 0.0919 0.1879
vn 0.9894 0.0162 0.1441
vn 0.9823 0.0485 0.1811
vn 0.9945 -0.0198 0.1033
vn 0.9894 0.0178 0.1444
vn 0.9965 -0.0487 0.0687
vn 0.9945 -0.0145 0.1040
vn 0.9977 -0.0548 0.0409
vn 0.9972 -0.0234 0.0712
vn 0.9984 -0.0547 0.0143
vn 0.9988 -0.0223 0.0431
vn 0.9988 -0.0455 -0.0162
vn 0.9998 -0.0076 0.0161
vn 0.9989 -0.0290 -0.0366
vn 0.9999 -0.0040 -0.0152
vn 0.9981 -0.0384 -0.0475
vn 0.9990 -0.0260 -0.0365
vn 0.9984 -0.0323 -0.0472
vn 0.9984 -0.0316 -0.0479
vn 0.9985 -0.0429 -0.0335
vn 0.9970 -0.0592 -0.0496
vn 0.9975 -0.0707 -0.0029
vn 0.9937 -0.1054 -0.0388
vn 0.9925 -0.1216 -0.0088
vn 0.9883 -0.1514 0.0195
vn 0.9818 -0.1895 0.0139
vn 0.9842 -0.1744 0.0322
vn 0.9773 -0.2053 0.0520
vn 0.9735 -0.2276 0.0227
vn 0.9662 -0.2471 0.0741
vn 0.9618 -0.2710 0.0393
vn 0.9535 -0.2868 0.0923
vn 0.9503 -0.3047 0.0646
vn 0.9410 -0.3271 0.0873
vn 0.9334 -0.3420 0.1087
vn 0.9296 -0.3402 0.1418
vn 0.9269 -0.3599 0.1061
vn 0.9283 -0.3354 0.1602
vn 0.9276 -0.3458 0.1411
vn 0.9296 -0.3319 0.1606
vn 0.9196 -0.3448 0.1883
vn 0.9217 -0.3390 0.1887
vn 0.9211 -0.3208 0.2204
vn 0.7039 0.3813 0.5993
vn 0.6923 0.4021 0.5992
vn 0.6830 0.3730 0.6280
vn 0.6974 0.3459 0.6277
vn 0.6873 0.3048 0.6594
vn 0.6683 0.3428 0.6603
vn 0.6539 0.3156 0.6876
vn 0.6711 0.2803 0.6863
vn 0.6558 0.2566 0.7100
vn 0.6366 0.2968 0.7118
vn 0.6380 0.2524 0.7275
vn 0.6190 0.2917 0.7292
vn 0.6205 0.2538 0.7420
vn 0.6054 0.2842 0.7434
vn 0.6055 0.2836 0.7436
vn 0.5969 0.2771 0.7530
vn 0.5750 0.3330 0.7473
vn 0.5874 0.3108 0.7472
vn 0.5500 0.3751 0.7462
vn 0.5750 0.3335 0.7471
vn 0.5569 0.3187 0.7670
vn 0.5133 0.3900 0.7645
vn 0.5267 0.2639 0.8081
vn 0.4759 0.3491 0.8072
vn 0.4863 0.2086 0.8485
vn 0.4474 0.1801 0.8760
vn 0.4432 -0.0120 0.8963
vn 0.4054 0.0619 0.9120
vn 0.3891 -0.1558 0.9079
vn 0.3332 -0.1908 0.9233
vn 0.2950 -0.4199 0.8583
vn 0.2544 -0.3404 0.9052
vn 0.2162 -0.5436 0.8110
vn 0.1656 -0.4585 0.8731
vn 0.1119 -0.4445 0.8888
vn 0.1576 -0.5139 0.8433
vn 0.1107 -0.4804 0.8700
vn 0.0616 -0.4095 0.9102
vn 0.0634 -0.4288 0.9012
vn 0.0124 -0.3575 0.9338
vn -0.0301 -0.2416 0.9699
vn 0.0003 -0.2845 0.9587
vn -0.0972 0.0477 0.9941
vn -0.0697 0.0072 0.9975
vn -0.1059 0.1117 0.9881
vn -0.1400 0.1607 0.9770
vn -0.1166 -0.0251 0.9929
vn -0.1615 0.0378 0.9862
vn -0.1058 -0.3442 0.9329
vn -0.1070 -0.3426 0.9334
vn 0.0571 -0.9211 0.3852
vn 0.0222 -0.8943 0.4469
vn 0.0471 -0.9332 0.3561
vn 0.0355 -0.9249 0.3785
vn 0.1014 -0.9936 -0.0499
vn 0.0916 -0.9718 -0.2174
vn -0.3402 -0.9322 0.1234
vn -0.2205 -0.9283 0.2994
vn -0.1113 -0.9291 0.3527
vn -0.1216 -0.9357 0.3313
vn -0.0977 -0.9309 0.3520
vn -0.0577 -0.9023 0.4272
vn 0.3628 -0.6245 0.6917
vn 0.3642 -0.6211 0.6940
vn 0.5755 -0.3408 0.7434
vn 0.7141 -0.0238 0.6997
vn 0.7143 -0.0294 0.6993
vn 0.6913 -0.0926 0.7167
vn 0.6922 -0.0635 0.7189
vn 0.5715 -0.3105 0.7596
vn 0.5668 -0.3360 0.7522
vn 0.4452 -0.4993 0.7433
vn 0.4529 -0.4737 0.7553
vn 0.4671 -0.4566 0.7572
vn 0.4680 -0.4532 0.7587
vn 0.4956 -0.4187 0.7610
vn 0.4953 -0.4203 0.7603
vn 0.5428 -0.3594 0.7591
vn 0.5422 -0.3636 0.7575
vn 0.6060 -0.2715 0.7477
vn 0.6047 -0.2920 0.7410
vn 0.6959 -0.1401 0.7043
vn 0.6961 -0.1429 0.7036
vn 0.7712 0.0262 0.6361
vn 0.7732 0.0121 0.6340
vn 0.8218 0.1907 0.5369
vn 0.8268 0.1705 0.5361
vn 0.8390 0.2652 0.4752
vn 0.8484 0.2326 0.4755
vn 0.8506 0.2609 0.4566
vn 0.8576 0.2354 0.4573
vn 0.8571 0.2296 0.4611
vn 0.8647 0.1986 0.4614
vn 0.8685 0.1554 0.4708
vn 0.8629 0.1834 0.4709
vn 0.8768 0.1181 0.4662
vn 0.8701 0.1170 0.4788
vn 0.8792 0.0940 0.4671
vn 0.8763 0.1158 0.4676
vn 0.8817 0.1063 0.4596
vn 0.8831 0.0956 0.4594
vn 0.8866 0.1133 0.4484
vn 0.8885 0.0981 0.4482
vn 0.8927 0.1202 0.4342
vn 0.8918 0.1267 0.4343
vn 0.8969 0.1478 0.4168
vn 0.8960 0.1533 0.4167
vn 0.8996 0.1671 0.4036
vn 0.9005 0.1671 0.4015
vn 0.9021 0.1891 0.3879
vn 0.9027 0.1862 0.3880
vn -0.0131 -0.9120 0.4101
vn -0.0099 -0.9174 0.3977
vn 0.0394 -0.2949 0.9547
vn 0.0528 -0.3247 0.9443
vn 0.0710 0.0196 0.9973
vn 0.0794 0.0033 0.9968
vn 0.0803 0.2017 0.9761
vn 0.1030 0.1599 0.9817
vn 0.1007 0.0510 0.9936
vn 0.1259 -0.0025 0.9920
vn 0.1136 -0.2099 0.9711
vn 0.1302 -0.2478 0.9600
vn 0.1263 -0.2980 0.9462
vn 0.1425 -0.3401 0.9295
vn 0.1411 -0.3508 0.9258
vn 0.1615 -0.4073 0.8989
vn 0.1702 -0.3658 0.9150
vn 0.1973 -0.4372 0.8774
vn 0.2251 -0.3317 0.9161
vn 0.2555 -0.4143 0.8735
vn 0.3092 -0.2168 0.9259
vn 0.3492 -0.3305 0.8768
vn 0.4149 -0.0448 0.9088
vn 0.4442 -0.1214 0.8877
vn 0.4818 0.1399 0.8650
vn 0.5198 0.0518 0.8527
vn 0.5298 0.3040 0.7918
vn 0.5770 0.2096 0.7893
vn 0.5711 0.3863 0.7243
vn 0.6101 0.3151 0.7270
vn 0.6034 0.3928 0.6940
vn 0.6284 0.3472 0.6961
vn 0.6273 0.3598 0.6907
vn 0.6424 0.3305 0.6915
vn 0.6555 0.2919 0.6965
vn 0.6432 0.3181 0.6965
vn 0.6778 0.2592 0.6881
vn 0.6642 0.2506 0.7043
vn 0.6902 0.2351 0.6843
vn 0.6778 0.2670 0.6851
vn 0.6909 0.2790 0.6669
vn 0.7071 0.2370 0.6662
vn 0.7078 0.2839 0.6468
vn 0.7211 0.2495 0.6464
vn 0.7215 0.3018 0.6232
vn 0.7352 0.2672 0.6230
vn 0.7480 0.2983 0.5929
vn 0.7347 0.3304 0.5925
vn 0.7472 0.3356 0.5737
vn 0.7592 0.3423 0.5536
vn 0.7652 0.3523 0.5389
vn 0.7576 0.3690 0.5385
vn 0.0158 -0.9121 0.4096
vn -0.0184 -0.9371 0.3487
vn 0.0120 -0.9854 0.1696
vn -0.0189 -0.9983 0.0554
vn 0.0005 -0.9111 0.4123
vn 0.0251 -0.9339 0.3566
vn 0.0059 -0.9854 0.1699
vn -0.0354 -0.9978 -0.0569
vn 0.1430 -0.5420 0.8281
vn 0.1465 -0.5435 0.8265
vn 0.1711 -0.5671 0.8057
vn 0.1710 -0.5766 0.7989
vn 0.3399 -0.7095 0.6173
vn 0.3448 -0.6617 0.6658
vn 0.2395 -0.6427 0.7277
vn 0.2482 -0.6404 0.7268
vn 0.2019 -0.4066 0.8910
vn 0.2579 -0.3814 0.8877
vn 0.1903 -0.4947 0.8480
vn 0.2657 -0.4725 0.8403
vn 0.1943 -0.5672 0.8003
vn 0.2681 -0.5457 0.7940
vn 0.2070 -0.6189 0.7577
vn 0.2753 -0.5987 0.7521
vn 0.2376 -0.6425 0.7285
vn 0.3303 -0.6112 0.7192
vn 0.3068 -0.6414 0.7032
vn 0.4308 -0.5814 0.6902
vn 0.1976 -0.3120 0.9293
vn 0.1870 -0.3729 0.9088
vn 0.1636 -0.4250 0.8903
vn 0.1701 -0.3888 0.9055
vn 0.1694 -0.4192 0.8919
vn 0.1592 -0.4766 0.8646
vn 0.2204 -0.4096 0.8852
vn 0.2087 -0.5026 0.8390
vn 0.2936 -0.3779 0.8781
vn 0.3157 -0.5327 0.7852
vn 0.1375 -0.0371 0.9898
vn 0.1243 -0.0716 0.9897
vn 0.0817 -0.1255 0.9887
vn 0.1000 -0.0784 0.9919
vn 0.0737 -0.1280 0.9890
vn 0.0644 -0.1503 0.9865
vn 0.0654 -0.1500 0.9865
vn 0.0728 -0.1352 0.9881
vn 0.1202 0.0259 0.9924
vn 0.1349 0.0585 0.9891
vn 0.0768 -0.0002 0.9970
vn 0.0879 0.0230 0.9959
vn 0.0451 -0.0248 0.9987
vn 0.0563 -0.0031 0.9984
vn 0.0393 -0.0275 0.9988
vn 0.0406 -0.0253 0.9989
vn 0.2844 -0.2129 0.9348
vn 0.1549 -0.3429 0.9265
vn 0.0980 -0.1443 0.9847
vn 0.1427 -0.2068 0.9679
vn 0.0252 -0.0074 0.9997
vn 0.0221 -0.0115 0.9997
vn 0.0461 -0.0099 0.9989
vn 0.0336 -0.0282 0.9990
vn 0.0288 -0.1048 0.9941
vn 0.0494 -0.0776 0.9958
vn 0.0864 -0.0971 0.9915
vn 0.0592 -0.1390 0.9885
vn 0.1579 -0.1751 0.9718
vn 0.1489 -0.2062 0.9671
vn 0.1060 -0.2689 0.9573
vn 0.1182 -0.2246 0.9673
vn 0.1079 -0.2676 0.9575
vn 0.0990 -0.2974 0.9496
vn 0.1179 -0.2852 0.9512
vn 0.1305 -0.2520 0.9589
vn 0.1659 -0.1640 0.9724
vn 0.0987 -0.2651 0.9591
vn 0.0985 -0.1190 0.9880
vn 0.0511 -0.1814 0.9821
vn 0.1898 -0.2912 0.9376
vn 0.2117 -0.3000 0.9302
vn 0.1561 -0.1182 0.9807
vn 0.2028 -0.1572 0.9665
vn 0.1625 0.0058 0.9867
vn 0.1956 -0.0278 0.9803
vn 0.2917 -0.2788 0.9150
vn 0.2862 -0.2682 0.9199
vn 0.3113 -0.2908 0.9047
vn 0.3175 -0.2857 0.9042
vn 0.2357 -0.2587 0.9368
vn 0.2469 -0.2762 0.9288
vn 0.1628 0.1124 0.9802
vn 0.2103 0.0589 0.9759
vn 0.2901 -0.0901 0.9528
vn 0.2927 -0.0942 0.9516
vn 0.3340 -0.0860 0.9386
vn 0.3223 -0.0981 0.9416
vn 0.2339 -0.0862 0.9684
vn 0.2523 -0.1102 0.9614
vn 0.2776 0.0735 0.9579
vn 0.3077 0.0302 0.9510
vn 0.3581 0.1001 0.9283
vn 0.3261 0.0606 0.9434
vn 0.2298 0.0425 0.9723
vn 0.2579 0.0066 0.9661
vn 0.2846 0.1840 0.9408
vn 0.3256 0.1273 0.9369
vn 0.3809 0.2078 0.9010
vn 0.3499 0.1656 0.9221
vn 0.2314 0.1472 0.9617
vn 0.2683 0.0997 0.9582
vn 0.4651 0.2962 0.8342
vn 0.4794 0.2749 0.8334
vn 0.4774 0.2901 0.8294
vn 0.4929 0.2665 0.8282
vn 0.4880 0.3068 0.8172
vn 0.5129 0.2690 0.8152
vn 0.5144 0.4558 0.7263
vn 0.5318 0.4334 0.7275
vn 0.5068 0.4040 0.7615
vn 0.5284 0.3744 0.7620
vn 0.5049 0.3353 0.7954
vn 0.5198 0.3134 0.7947
vn 0.4548 0.3235 0.8297
vn 0.4491 0.3166 0.8355
vn 0.3938 0.3217 0.8611
vn 0.4296 0.2718 0.8612
vn 0.4164 0.3383 0.8439
vn 0.4397 0.3060 0.8444
vn 0.4571 0.3107 0.8334
vn 0.4646 0.2998 0.8332
vn 0.1707 -0.1106 0.9791
vn 0.1457 -0.1420 0.9791
vn 0.2927 -0.1557 0.9435
vn 0.3560 -0.2868 0.8894
vn 0.5115 -0.3178 0.7983
vn 0.3684 -0.4279 0.8254
vn 0.3770 0.2312 0.8969
vn 0.4041 0.2692 0.8742
vn 0.2123 0.1824 0.9600
vn 0.1912 0.1412 0.9713
vn 0.3126 0.2006 0.9284
vn 0.3385 0.2434 0.9089
vn 0.1113 0.1498 0.9824
vn 0.1477 0.1116 0.9827
vn 0.0185 0.0660 0.9976
vn 0.0155 0.0694 0.9975
vn 0.0238 0.0605 0.9979
vn 0.0184 0.0660 0.9977
vn 0.0232 0.0658 0.9976
vn 0.0289 0.0606 0.9977
vn 0.0711 0.0873 0.9936
vn 0.0850 0.1127 0.9900
vn 0.0349 0.0860 0.9957
vn 0.0559 0.0671 0.9962
vn 0.2436 0.2176 0.9451
vn 0.2808 0.1700 0.9446
vn 0.0102 0.1397 0.9901
vn 0.0109 0.1407 0.9900
vn 0.0093 0.1397 0.9901
vn 0.0105 0.1413 0.9899
vn 0.0139 0.1412 0.9899
vn 0.0176 0.1465 0.9891
vn 0.0381 0.1462 0.9885
vn 0.0472 0.1597 0.9860
vn 0.0736 0.1584 0.9846
vn 0.0926 0.1888 0.9776
vn 0.1512 0.2228 0.9631
vn 0.1294 0.1848 0.9742
vn 0.2234 0.2494 0.9423
vn 0.2043 0.2148 0.9550
vn 0.2656 0.2403 0.9336
vn 0.2827 0.2704 0.9203
vn 0.0073 0.2009 0.9796
vn 0.0064 0.1998 0.9798
vn 0.0024 0.2009 0.9796
vn 0.0082 0.2081 0.9781
vn 0.0056 0.2082 0.9781
vn 0.0139 0.2189 0.9756
vn 0.0337 0.2179 0.9754
vn 0.0497 0.2394 0.9696
vn 0.0807 0.2364 0.9683
vn 0.1003 0.2649 0.9590
vn 0.1586 0.2854 0.9452
vn 0.1418 0.2592 0.9553
vn 0.2311 0.2974 0.9264
vn 0.2171 0.2745 0.9367
vn 0.2790 0.2862 0.9167
vn 0.3008 0.3221 0.8977
vn 0.3359 0.2558 0.9065
vn 0.3609 0.2962 0.8843
vn 0.3834 0.3369 0.8599
vn 0.3862 0.3407 0.8572
vn 0.3591 0.3046 0.8822
vn 0.3754 0.3297 0.8662
vn 0.5166 -0.1899 0.8349
vn 0.6858 -0.3896 0.6147
vn 0.2689 -0.1622 0.9494
vn 0.0523 -0.1748 0.9832
vn 0.3190 0.0349 0.9471
vn 0.5366 -0.1956 0.8209
vn 0.4590 0.2721 0.8458
vn 0.4999 0.3100 0.8087
vn 0.2685 0.1618 0.9496
vn 0.4452 -0.0024 0.8954
vn 0.4129 0.2747 0.8684
vn 0.4202 0.2713 0.8659
vn 0.1069 -0.0862 0.9905
vn 0.2293 -0.0736 0.9706
vn 0.3159 -0.0805 0.9454
vn 0.2560 -0.0874 0.9627
vn 0.4650 -0.1192 0.8773
vn 0.4281 -0.1315 0.8941
vn 0.5690 -0.1606 0.8065
vn 0.6308 -0.1251 0.7658
vn 0.7109 -0.1569 0.6856
vn 0.7690 -0.1042 0.6307
vn 0.1670 0.2949 0.9408
vn 0.2066 0.2540 0.9449
vn 0.1705 0.4027 0.8993
vn 0.1711 0.4020 0.8995
vn 0.2082 0.3191 0.9246
vn 0.1668 0.3582 0.9186
vn 0.2050 0.2406 0.9487
vn 0.2564 0.2729 0.9272
vn 0.3440 0.1817 0.9212
vn 0.3043 0.2113 0.9288
vn 0.4052 0.1096 0.9076
vn 0.3447 0.1544 0.9260
vn 0.3963 -0.0438 0.9171
vn 0.5518 0.0873 0.8294
vn 0.8151 0.3499 0.4617
vn 0.8266 0.3481 0.4422
vn 0.7712 0.3555 0.5281
vn 0.7713 0.3557 0.5279
vn 0.7605 0.2587 0.5955
vn 0.7803 0.2161 0.5869
vn 0.3275 0.2369 0.9147
vn 0.3451 0.2161 0.9133
vn 0.3462 0.3306 0.8780
vn 0.3232 0.3524 0.8783
vn 0.4575 0.2042 0.8655
vn 0.4201 0.2355 0.8764
vn 0.4589 0.1559 0.8747
vn 0.5048 0.1959 0.8407
vn 0.5476 0.0873 0.8322
vn 0.5036 0.1294 0.8542
vn 0.8436 0.3270 0.4259
vn 0.8441 0.3269 0.4250
vn 0.8427 -0.1370 0.5207
vn 0.8277 -0.0760 0.5560
vn 0.8489 -0.0871 0.5212
vn 0.8319 -0.0180 0.5547
vn 0.7607 0.0898 0.6428
vn 0.7173 0.0356 0.6959
vn 0.5417 0.1674 0.8238
vn 0.5094 0.2250 0.8306
vn 0.2121 0.2890 0.9335
vn 0.2019 0.2770 0.9394
vn 0.7161 -0.2020 0.6681
vn 0.7156 -0.2217 0.6624
vn 0.7658 -0.2173 0.6053
vn 0.7356 -0.2268 0.6384
vn 0.7851 -0.1530 0.6002
vn 0.8069 -0.2551 0.5328
vn 0.7684 -0.2755 0.5776
vn 0.7629 -0.2833 0.5811
vn 0.8753 -0.1679 0.4534
vn 0.8819 -0.2000 0.4270
vn 0.8444 -0.2839 0.4543
vn 0.8603 -0.2596 0.4387
vn 0.9223 -0.1740 0.3451
vn 0.9241 -0.1863 0.3337
vn 0.9034 -0.2414 0.3544
vn 0.9065 -0.2632 0.3302
vn 0.9350 0.0202 0.3540
vn 0.9355 0.0184 0.3529
vn 0.9355 0.0237 0.3526
vn 0.9304 0.0113 0.3665
vn 0.9259 0.0356 0.3761
vn 0.9303 0.0210 0.3661
vn 0.9245 0.0652 0.3755
vn 0.9216 0.0564 0.3840
vn 0.9179 0.1009 0.3838
vn 0.9152 0.0907 0.3928
vn 0.9104 0.1280 0.3934
vn 0.9083 0.1324 0.3968
vn 0.9054 0.1488 0.3975
vn 0.9056 0.1486 0.3973
vn 0.9043 0.1548 0.3978
vn 0.9055 0.1663 0.3905
vn 0.9034 0.1752 0.3915
vn 0.9074 0.1689 0.3848
vn 0.9081 0.1662 0.3844
vn 0.9192 0.1496 0.3643
vn 0.9307 0.1259 0.3434
vn 0.9218 0.1387 0.3619
vn 0.9337 0.1130 0.3398
vn 0.9393 0.1054 0.3266
vn 0.9419 0.0937 0.3225
vn 0.9419 0.0887 0.3240
vn 0.9428 0.0850 0.3225
vn 0.9417 0.0859 0.3252
vn 0.9438 0.0774 0.3213
vn 0.9417 0.0790 0.3270
vn 0.9386 0.0749 0.3368
vn 0.9434 0.0724 0.3236
vn 0.9397 0.0710 0.3346
vn 0.9315 0.0737 0.3561
vn 0.9242 0.0961 0.3696
vn 0.9261 0.0638 0.3718
vn 0.9085 0.1114 0.4027
vn 0.9118 0.0741 0.4039
vn 0.8887 0.1278 0.4404
vn 0.8922 0.0997 0.4406
vn 0.8674 0.1488 0.4748
vn 0.8715 0.1242 0.4745
vn 0.8425 0.1739 0.5099
vn 0.8480 0.1472 0.5092
vn 0.8092 0.1835 0.5582
vn 0.8220 0.1877 0.5377
vn 0.7665 0.2389 0.5961
vn 0.7796 0.1943 0.5953
vn 0.7409 0.2402 0.6272
vn 0.7281 0.2341 0.6442
vn 0.6894 0.2730 0.6709
vn 0.7030 0.2377 0.6703
vn 0.6558 0.2806 0.7009
vn 0.6642 0.2611 0.7005
vn 0.6195 0.2801 0.7333
vn 0.6306 0.2884 0.7205
vn 0.5881 0.3027 0.7500
vn 0.5962 0.2874 0.7496
vn 0.5578 0.3022 0.7730
vn 0.5647 0.3082 0.7656
vn 0.5285 0.3193 0.7866
vn 0.5205 0.3117 0.7949
vn 0.4893 0.3278 0.8082
vn 0.4808 0.3184 0.8170
vn 0.4330 0.3395 0.8350
vn 0.4490 0.3170 0.8354
vn 0.3715 0.3464 0.8614
vn 0.3852 0.3286 0.8623
vn 0.2921 0.3570 0.8873
vn 0.3124 0.3325 0.8899
vn 0.2230 0.3294 0.9175
vn 0.2378 0.3517 0.9054
vn 0.1499 0.3187 0.9359
vn 0.1654 0.3409 0.9255
vn 0.0905 0.3037 0.9485
vn 0.1068 0.3254 0.9395
vn 0.0328 0.3099 0.9502
vn 0.0612 0.2844 0.9568
vn 0.0043 0.2657 0.9640
vn 0.0224 0.2873 0.9576
vn 0.0005 0.2659 0.9640
vn 0.0179 0.2499 0.9681
vn 0.0046 0.2499 0.9683
vn 0.0048 0.2502 0.9682
vn 0.9370 -0.1226 0.3270
vn 0.9342 -0.1052 0.3410
vn 0.9426 -0.0319 0.3324
vn 0.9435 -0.0363 0.3293
vn 0.9455 -0.0011 0.3256
vn 0.9434 0.0077 0.3316
vn 0.9502 0.0052 0.3115
vn 0.9455 0.0249 0.3248
vn 0.1290 0.2269 0.9653
vn 0.2123 0.2664 0.9402
vn 0.1313 0.1972 0.9715
vn 0.1566 0.2107 0.9649
vn 0.1325 0.1665 0.9771
vn 0.1588 0.1821 0.9704
vn 0.1526 0.1339 0.9792
vn 0.1716 0.1465 0.9742
vn 0.1964 0.1122 0.9741
vn 0.1901 0.1430 0.9713
vn 0.2566 0.1506 0.9547
vn 0.2222 0.1264 0.9668
vn 0.3063 0.1868 0.9334
vn 0.2541 0.1519 0.9552
vn 0.3446 0.1646 0.9242
vn 0.3220 0.2404 0.9157
vn 0.4677 0.1994 0.8611
vn 0.4707 0.1886 0.8619
vn 0.5606 0.1178 0.8197
vn 0.5744 0.1243 0.8091
vn 0.6698 0.0234 0.7422
vn 0.6744 0.0257 0.7379
vn 0.7645 -0.0322 0.6438
vn 0.7426 -0.0444 0.6682
vn 0.8265 -0.0537 0.5603
vn 0.8014 -0.0703 0.5939
vn 0.8438 -0.0717 0.5318
vn 0.8694 -0.0499 0.4916
vn 0.9131 0.0135 0.4074
vn 0.9163 0.0189 0.4000
vn 0.9299 0.0218 0.3671
vn 0.9347 0.0017 0.3553
vn 0.8994 -0.0103 0.4370
vn 0.9129 0.0098 0.4080
vn 0.9244 0.0152 0.3811
vn 0.9293 -0.0051 0.3693
vn 0.9212 -0.0516 0.3857
vn 0.9114 -0.0097 0.4115
vn 0.8943 -0.1181 0.4315
vn 0.9041 -0.1030 0.4147
vn 0.8811 -0.0193 0.4725
vn 0.8925 -0.0727 0.4451
vn 0.8445 -0.0847 0.5289
vn 0.8589 -0.1599 0.4865
vn 0.6615 0.2149 0.7185
vn 0.6749 0.1681 0.7185
vn 0.6385 0.2496 0.7280
vn 0.6456 0.2298 0.7283
vn 0.6484 0.2662 0.7133
vn 0.6614 0.2316 0.7134
vn 0.6318 0.3150 0.7082
vn 0.6482 0.2734 0.7107
vn 0.6107 0.3509 0.7098
vn 0.6322 0.2987 0.7150
vn 0.5568 0.1653 0.8141
vn 0.5089 0.2957 0.8084
vn 0.5026 0.2199 0.8361
vn 0.4671 0.3114 0.8276
vn 0.4541 0.2193 0.8636
vn 0.4260 0.2974 0.8545
vn 0.4012 0.1935 0.8953
vn 0.3867 0.2411 0.8901
vn 0.3500 0.1796 0.9194
vn 0.3560 0.1556 0.9214
vn 0.3276 0.1345 0.9352
vn 0.3285 0.1306 0.9354
vn 0.3318 0.0770 0.9402
vn 0.3232 0.1220 0.9384
vn 0.3268 0.0700 0.9425
vn 0.3616 0.0698 0.9297
vn 0.3403 0.0433 0.9393
vn 0.3548 0.0425 0.9340
vn 0.3247 0.0250 0.9455
vn 0.3260 0.0110 0.9453
vn 0.3095 0.0098 0.9509
vn 0.3087 0.0201 0.9509
vn 0.3300 0.0391 0.9432
vn 0.3292 0.0506 0.9429
vn 0.3836 0.0949 0.9186
vn 0.3837 0.0886 0.9192
vn 0.5003 0.1869 0.8454
vn 0.5003 0.1755 0.8479
vn 0.5695 0.2331 0.7882
vn 0.5693 0.2305 0.7892
vn 0.5991 0.2448 0.7623
vn 0.6107 0.2798 0.7408
vn 0.6141 0.3018 0.7293
vn 0.6031 0.2785 0.7474
vn 0.6267 0.3022 0.7183
vn 0.6101 0.3192 0.7252
vn 0.6089 0.3193 0.7262
vn 0.6053 0.3145 0.7312
vn 0.5870 0.3160 0.7454
vn 0.5842 0.3127 0.7490
vn 0.5517 0.3161 0.7718
vn 0.5289 0.2938 0.7962
vn 0.4619 0.2997 0.8348
vn 0.5102 0.2550 0.8214
vn 0.3847 0.2381 0.8918
vn 0.4187 0.2637 0.8690
vn 0.2564 0.2132 0.9428
vn 0.3034 0.2441 0.9210
vn 0.2000 0.2157 0.9558
vn 0.1852 0.2066 0.9607
vn 0.0179 0.1791 0.9837
vn -0.0378 0.1419 0.9892
vn -0.0240 0.1301 0.9912
vn -0.0056 0.1429 0.9897
vn 0.5267 0.0204 0.8498
vn 0.5124 -0.0317 0.8582
vn 0.6157 0.3106 0.7242
vn 0.5750 0.2751 0.7705
vn 0.6117 0.1025 0.7845
vn 0.6097 0.0168 0.7925
vn 0.5712 0.2785 0.7721
vn 0.6065 0.1118 0.7872
vn 0.0542 -0.9919 0.1153
vn 0.0572 -0.9921 0.1120
vn 0.1527 -0.9826 0.1058
vn 0.1577 -0.9812 0.1116
vn 0.2857 -0.9522 0.1084
vn 0.2829 -0.9534 0.1049
vn 0.4451 -0.8892 0.1061
vn 0.4277 -0.8947 0.1291
vn 0.5898 -0.7839 0.1938
vn 0.5543 -0.8225 0.1272
vn 0.6815 -0.6793 0.2722
vn 0.6515 -0.7338 0.1927
vn 0.7340 -0.6219 0.2730
vn 0.7506 -0.5538 0.3604
vn 0.7833 -0.4286 0.4503
vn 0.7844 -0.5040 0.3617
vn 0.7983 -0.3466 0.4925
vn 0.8071 -0.3817 0.4505
vn 0.8052 -0.2830 0.5212
vn 0.8153 -0.3036 0.4931
vn 0.7964 -0.2595 0.5463
vn 0.8075 -0.2756 0.5216
vn 0.7789 -0.2680 0.5670
vn 0.7904 -0.2823 0.5436
vn 0.7660 -0.2924 0.5725
vn 0.7714 -0.2994 0.5615
vn 0.3731 0.3634 0.8537
vn 0.3319 0.3061 0.8923
vn 0.2271 0.3120 0.9226
vn 0.3331 0.5013 0.7986
vn 0.2613 0.4742 0.8407
vn 0.3389 0.6442 0.6856
vn 0.4329 0.6767 0.5956
vn 0.2060 0.6892 0.6947
vn 0.3353 0.6911 0.6403
vn 0.3357 0.7438 0.5780
vn 0.1848 0.6176 0.7645
vn 0.4048 0.5925 0.6965
vn 0.3434 0.4442 0.8275
vn 0.3592 0.5756 0.7346
vn 0.2591 0.3605 0.8961
vn 0.2641 0.4131 0.8715
vn 0.2334 0.3552 0.9052
vn 0.2335 0.3505 0.9070
vn 0.1964 0.2074 0.9583
vn 0.1922 0.3402 0.9205
vn 0.1451 0.1928 0.9705
vn 0.2486 0.1107 0.9623
vn 0.1801 0.0977 0.9788
vn 0.3221 -0.0199 0.9465
vn 0.9878 0.1557 0.0106
vn 0.9889 0.1431 -0.0407
vn -0.4069 0.8147 0.4131
vn -0.6846 0.6908 0.2325
vn 0.0726 0.7533 0.6537
vn 0.0912 0.7528 0.6520
vn -0.0690 0.7346 0.6750
vn 0.1272 0.7245 0.6774
vn 0.6479 0.0244 0.7613
vn 0.6202 0.0207 0.7841
vn 0.6961 -0.0698 0.7145
vn 0.7053 -0.0663 0.7058
vn 0.6829 -0.0687 0.7273
vn 0.6921 -0.0638 0.7189
vn 0.6412 -0.0143 0.7672
vn 0.6282 -0.0226 0.7778
vn 0.6369 -0.0261 0.7705
vn 0.6384 -0.0337 0.7690
vn 0.6617 0.0594 0.7474
vn 0.6580 0.0790 0.7488
vn 0.6778 0.1079 0.7273
vn 0.6732 0.1281 0.7283
vn 0.6819 0.1597 0.7138
vn 0.6854 0.1434 0.7139
vn 0.6391 0.2803 0.7162
vn 0.6130 0.2563 0.7474
vn 0.6605 0.2079 0.7214
vn 0.6243 0.1914 0.7574
vn 0.6652 0.1026 0.7396
vn 0.6621 0.1340 0.7373
vn 0.6487 -0.2590 0.7156
vn 0.6032 -0.2900 0.7430
vn 0.6570 -0.2864 0.6974
vn 0.6479 -0.2928 0.7032
vn 0.6923 -0.2892 0.6612
vn 0.6799 -0.2989 0.6696
vn 0.7248 -0.2951 0.6226
vn 0.7199 -0.2995 0.6262
vn 0.7652 -0.2959 0.5717
vn 0.7582 -0.3029 0.5775
vn -0.3558 0.3126 0.8807
vn -0.4349 0.2893 0.8528
vn 0.4190 0.3334 0.8446
vn 0.3794 0.2738 0.8838
vn -0.2796 0.2562 0.9253
vn -0.3904 0.2529 0.8853
vn 0.3586 0.3094 0.8808
vn 0.3182 0.2066 0.9252
vn -0.1996 0.2188 0.9551
vn -0.2948 0.2365 0.9258
vn 0.2608 0.2805 0.9237
vn 0.2375 0.1825 0.9541
vn -0.1604 0.2029 0.9660
vn -0.2007 0.2177 0.9552
vn 0.1848 0.2341 0.9545
vn 0.1783 0.1895 0.9655
vn -0.1214 0.2334 0.9648
vn -0.1198 0.1939 0.9737
vn 0.1380 0.2211 0.9654
vn 0.1042 0.2040 0.9734
vn -0.4316 0.2884 0.8547
vn -0.4540 0.3276 0.8286
vn 0.4217 0.3172 0.8494
vn 0.4685 0.2997 0.8311
vn -0.4668 0.3023 0.8311
vn -0.4311 0.2053 0.8786
vn 0.4947 0.2444 0.8340
vn 0.3978 0.2579 0.8805
vn -0.3660 0.3044 0.8794
vn -0.3633 0.2912 0.8850
vn 0.3705 0.2980 0.8797
vn 0.3581 0.2968 0.8853
vn -0.3064 0.3501 0.8852
vn -0.3039 0.3231 0.8963
vn 0.3172 0.3390 0.8857
vn 0.2927 0.3323 0.8966
vn -0.2382 0.3756 0.8957
vn -0.2360 0.2495 0.9392
vn 0.2934 0.3318 0.8966
vn 0.1812 0.2873 0.9405
vn -0.6222 0.3661 0.6920
vn -0.6025 0.4907 0.6295
vn -0.3864 0.3361 0.8589
vn -0.3815 0.4611 0.8011
vn -0.5421 0.4016 0.7381
vn -0.5240 0.5396 0.6590
vn -0.6877 0.3142 0.6545
vn -0.6669 0.4378 0.6029
vn -0.6918 0.3208 0.6469
vn -0.7657 0.3094 0.5639
vn 0.7378 0.2587 0.6235
vn 0.7207 0.3697 0.5864
vn 0.5624 0.4306 0.7059
vn 0.6605 0.4269 0.6176
vn 0.3285 0.3828 0.8634
vn 0.4386 0.4104 0.7995
vn 0.4755 0.4649 0.7469
vn 0.5913 0.4734 0.6529
vn 0.6323 0.3816 0.6742
vn 0.7218 0.3715 0.5840
vn -0.6775 0.4061 0.6133
vn -0.6590 0.5056 0.5569
vn 0.6297 0.4620 0.6245
vn 0.7048 0.4510 0.5476
vn -0.4804 0.3693 0.7955
vn -0.4791 0.5386 0.6931
vn -0.6174 0.4445 0.6490
vn -0.6069 0.5284 0.5938
vn 0.4024 0.4432 0.8010
vn 0.5536 0.4589 0.6950
vn 0.5768 0.4885 0.6547
vn 0.6452 0.4847 0.5905
vn -0.7151 0.4375 0.5452
vn -0.7001 0.5066 0.5031
vn 0.6806 0.4807 0.5528
vn 0.7315 0.4661 0.4976
vn -0.5736 0.4349 0.6942
vn -0.5759 0.4921 0.6528
vn -0.6647 0.4606 0.5883
vn -0.6575 0.5193 0.5459
vn 0.5481 0.4652 0.6951
vn 0.5991 0.4600 0.6554
vn 0.6353 0.4964 0.5915
vn 0.6839 0.4850 0.5450
vn -0.7538 0.4346 0.4929
vn -0.7430 0.4845 0.4618
vn 0.7290 0.4696 0.4981
vn 0.7639 0.4528 0.4598
vn -0.6336 0.4072 0.6578
vn -0.6187 0.3223 0.7165
vn -0.7090 0.4493 0.5435
vn -0.7080 0.4618 0.5342
vn 0.6661 0.3526 0.6572
vn 0.5926 0.3776 0.7115
vn 0.7031 0.4581 0.5438
vn 0.7132 0.4534 0.5346
vn -0.8065 0.3793 0.4536
vn -0.7991 0.4327 0.4173
vn 0.7822 0.4228 0.4576
vn 0.8163 0.3954 0.4210
vn -0.6041 0.3538 0.7140
vn -0.6113 0.3762 0.6963
vn -0.7429 0.3998 0.5369
vn -0.7431 0.4044 0.5332
vn 0.5954 0.3721 0.7121
vn 0.6180 0.3593 0.6993
vn 0.7410 0.4037 0.5366
vn 0.7447 0.4008 0.5336
vn -0.7275 0.3638 0.5817
vn -0.7076 0.4559 0.5400
vn 0.6847 0.4175 0.5974
vn 0.7485 0.4054 0.5248
vn -0.7571 0.3938 0.5212
vn -0.7355 0.4735 0.4846
vn 0.7185 0.4430 0.5362
vn 0.7716 0.4281 0.4705
vn -0.7940 0.3969 0.4604
vn -0.7717 0.4682 0.4304
vn 0.7592 0.4442 0.4756
vn 0.8031 0.4275 0.4151
vn -0.8256 0.3952 0.4026
vn -0.8221 0.4058 0.3993
vn 0.8205 0.4028 0.4055
vn 0.8265 0.4003 0.3959
vn -0.7266 0.3622 0.5838
vn -0.7884 0.3493 0.5064
vn 0.7690 0.3048 0.5619
vn 0.7474 0.4032 0.5280
vn 0.7564 0.3921 0.5236
vn 0.8022 0.3800 0.4605
vn -0.7910 0.3456 0.5048
vn -0.7693 0.4224 0.4794
vn -0.8242 0.3870 0.4134
vn -0.8282 0.3763 0.4153
vn 0.8287 0.3814 0.4097
vn 0.8234 0.3829 0.4188
vn -0.7994 0.4142 0.4352
vn -0.8180 0.3579 0.4503
vn 0.8232 0.3832 0.4190
vn 0.7927 0.3928 0.4662
vn -0.8253 0.3315 0.4571
vn -0.8277 0.3311 0.4530
vn 0.8255 0.3339 0.4549
vn 0.8275 0.3290 0.4550
vn -0.8421 0.3121 0.4398
vn -0.8283 0.3152 0.4633
vn 0.8401 0.2985 0.4529
vn 0.8307 0.3273 0.4504
vn 0.8287 0.3173 0.4610
vn 0.8171 0.3540 0.4550
vn 0.8286 0.3387 0.4457
vn 0.8248 0.3492 0.4447
vn -0.8292 0.3438 0.4408
vn -0.8241 0.3448 0.4494
vn -0.8319 0.3342 0.4430
vn -0.8134 0.3389 0.4728
vn 0.8327 0.2861 0.4741
vn 0.8221 0.3236 0.4685
vn -0.8366 0.3035 0.4560
vn -0.8177 0.3077 0.4865
vn -0.8405 0.2744 0.4673
vn -0.8025 0.2825 0.5255
vn 0.8299 0.2409 0.5033
vn 0.8137 0.3132 0.4896
vn -0.8293 0.2418 0.5038
vn -0.7841 0.2506 0.5678
vn 0.8134 0.2048 0.5445
vn 0.8005 0.2854 0.5271
vn -0.8099 0.3023 0.5026
vn -0.7717 0.3104 0.5552
vn 0.7983 0.2720 0.5373
vn 0.7840 0.3386 0.5203
vn 0.8142 0.2960 0.4994
vn 0.7965 0.3614 0.4848
vn -0.8227 0.3260 0.4658
vn -0.7870 0.3346 0.5184
vn -0.7960 0.2755 0.5390
vn -0.7520 0.2836 0.5951
vn 0.7800 0.2425 0.5769
vn 0.7684 0.3148 0.5571
vn -0.1852 0.6142 0.7671
vn -0.1909 0.6172 0.7633
vn 0.1852 0.6181 0.7640
vn 0.1909 0.6136 0.7662
vn -0.4693 0.5457 0.6942
vn -0.5053 0.5593 0.6572
vn 0.4678 0.5757 0.6707
vn 0.5071 0.5310 0.6788
vn 0.5062 0.5470 0.6667
vn 0.5358 0.5102 0.6727
vn 0.1909 0.6049 0.7730
vn 0.1953 0.6011 0.7750
vn -0.1909 0.6016 0.7757
vn -0.1952 0.6043 0.7725
vn -0.5076 0.5217 0.6857
vn -0.5331 0.5352 0.6552
vn -0.7630 0.4309 0.4818
vn -0.7335 0.4179 0.5360
vn 0.7682 0.3906 0.5073
vn 0.7308 0.4582 0.5060
vn -0.8542 0.3365 0.3964
vn -0.8282 0.3979 0.3945
vn 0.8498 0.3688 0.3765
vn 0.8298 0.3649 0.4223
vn 0.8299 0.3566 0.4290
vn 0.8082 0.4066 0.4260
vn -0.8293 0.3806 0.4092
vn -0.8083 0.3811 0.4488
vn -0.4363 0.5462 0.7151
vn -0.4688 0.5562 0.6862
vn -0.1821 0.6054 0.7748
vn -0.1852 0.6068 0.7730
vn 0.1821 0.6073 0.7733
vn 0.1852 0.6051 0.7743
vn 0.4358 0.5693 0.6972
vn 0.4696 0.5344 0.7027
vn -0.4139 0.5458 0.7286
vn -0.4362 0.5518 0.7108
vn -0.1757 0.5947 0.7845
vn -0.1823 0.5976 0.7808
vn 0.1756 0.5985 0.7816
vn 0.1823 0.5940 0.7835
vn 0.4134 0.5603 0.7178
vn 0.4364 0.5386 0.7207
vn -0.6972 0.4320 0.5721
vn -0.6681 0.4771 0.5710
vn 0.6685 0.4515 0.5909
vn 0.6970 0.4552 0.5540
vn -0.7333 0.4213 0.5336
vn -0.6960 0.4845 0.5300
vn 0.6971 0.4488 0.5591
vn 0.7310 0.4558 0.5079
vn 0.6095 0.4629 0.6436
vn 0.6467 0.4669 0.6031
vn 0.2125 -0.2298 0.9497
vn 0.3132 -0.1328 0.9404
vn 0.1435 0.0206 0.9894
vn 0.1907 0.0577 0.9799
vn 0.1413 0.1565 0.9775
vn 0.1068 0.1332 0.9853
vn 0.1090 0.2076 0.9721
vn 0.0651 0.1802 0.9815
vn 0.0249 0.1683 0.9854
vn 0.0662 0.1924 0.9791
vn -0.1110 0.2166 0.9699
vn 0.0474 0.2931 0.9549
vn -0.2459 0.3458 0.9055
vn -0.0464 0.3999 0.9154
vn -0.1288 0.4588 0.8791
vn -0.1334 0.4466 0.8847
vn -0.0661 0.4962 0.8657
vn -0.0422 0.4774 0.8777
vn 0.0422 0.4774 0.8777
vn 0.0661 0.4962 0.8657
vn 0.1334 0.4466 0.8847
vn 0.1288 0.4588 0.8791
vn 0.0464 0.3999 0.9154
vn 0.2459 0.3458 0.9055
vn -0.0474 0.2931 0.9549
vn 0.1110 0.2166 0.9699
vn -0.0662 0.1924 0.9791
vn -0.0249 0.1683 0.9854
vn -0.0676 0.2077 0.9759
vn -0.1082 0.1809 0.9775
vn -0.1075 0.1556 0.9820
vn -0.1419 0.1340 0.9808
vn -0.1907 0.0577 0.9799
vn -0.1435 0.0206 0.9894
vn -0.3132 -0.1328 0.9404
vn -0.2125 -0.2298 0.9497
vn -0.6467 0.4669 0.6031
vn -0.6095 0.4629 0.6436
vn -0.6685 0.4512 0.5912
vn -0.6466 0.4489 0.6167
vn 0.6684 0.4351 0.6033
vn 0.6467 0.4661 0.6038
vn -0.7700 0.3699 0.5198
vn -0.7921 0.3689 0.4864
vn 0.7708 0.3907 0.5031
vn 0.7908 0.3502 0.5019
vn -0.7921 0.3702 0.4853
vn -0.8080 0.3694 0.4591
vn 0.7928 0.3866 0.4711
vn 0.8073 0.3543 0.4720
vn -0.3903 -0.6910 0.6084
vn -0.3781 -0.6609 0.6483
vn -0.9673 -0.0061 0.2537
vn -0.9260 0.0952 0.3654
vn -0.0989 -0.9951 0.0061
vn -0.0314 -0.9629 0.2681
vn 0.1547 -0.8068 -0.5702
vn 0.3059 -0.8839 -0.3537
vn 0.2499 -0.8919 -0.3768
vn 0.3679 -0.9207 -0.1302
vn -0.7241 -0.5129 0.4610
vn -0.6780 -0.4619 0.5718
vn -0.1838 -0.7615 0.6216
vn -0.1309 -0.7340 0.6664
vn -0.1015 -0.7714 0.6282
vn -0.0866 -0.7533 0.6520
vn -0.7873 -0.2503 0.5634
vn -0.8271 -0.1912 0.5286
vn -0.6109 -0.2929 0.7355
vn -0.6252 -0.3047 0.7186
vn -0.1173 -0.3278 0.9374
vn -0.1498 -0.3013 0.9417
vn -0.5842 -0.5482 0.5985
vn -0.6279 -0.5734 0.5262
vn -0.1206 -0.8774 0.4644
vn -0.1114 -0.8744 0.4722
vn -0.6837 -0.7282 0.0471
vn -0.6900 -0.6369 -0.3439
vn -0.1535 -0.5736 0.8046
vn -0.1450 -0.5682 0.8100
vn -0.5904 0.0099 0.8070
vn -0.5750 -0.0044 0.8181
vn -0.6930 -0.1979 0.6932
vn -0.6775 -0.2008 0.7076
vn -0.9024 -0.3028 0.3065
vn -0.9306 0.0424 0.3636
vn -0.7436 0.1348 0.6549
vn -0.8573 0.1716 0.4854
vn -0.9447 0.1455 0.2938
vn -0.7875 0.5224 0.3271
vn -0.7646 -0.5728 0.2953
vn -0.8692 -0.3587 0.3404
vn -0.9986 0.0457 0.0278
vn -0.9575 -0.0207 0.2877
vn -0.9527 -0.3029 0.0259
vn -0.8713 -0.3968 0.2887
vn -0.5599 -0.3638 0.7444
vn -0.4990 -0.3521 0.7918
vn -0.5060 0.1239 0.8536
vn -0.5829 0.0508 0.8109
vn -0.4587 0.0506 0.8871
vn -0.3625 -0.0496 0.9307
vn -0.1168 -0.0984 0.9883
vn -0.1148 -0.0978 0.9886
vn 0.4471 -0.1387 0.8837
vn 0.2968 -0.1882 0.9362
vn 0.7549 -0.2442 0.6086
vn 0.7558 -0.2557 0.6028
vn -0.8728 -0.2551 -0.4162
vn -0.8809 -0.2233 -0.4172
vn -0.8736 -0.2945 -0.3874
vn -0.8730 -0.2964 -0.3873
vn -0.9180 -0.3298 -0.2202
vn -0.8174 -0.5380 -0.2058
vn -0.9609 0.2735 0.0432
vn -0.9579 0.2714 0.0937
vn -0.1291 -0.9218 0.3655
vn -0.1172 -0.9192 0.3760
vn -0.1521 -0.9266 0.3439
vn -0.1355 -0.9229 0.3605
vn 0.8947 -0.3458 0.2828
vn 0.6957 -0.4556 0.5553
vn -0.1026 -0.7359 0.6693
vn -0.0929 -0.7129 0.6951
vn -0.5595 -0.7274 -0.3972
vn -0.7340 -0.4506 -0.5082
vn -0.5885 -0.4898 -0.6433
vn -0.5830 -0.4988 -0.6414
vn -0.3469 -0.3167 0.8828
vn -0.3670 -0.3319 0.8690
vn -0.3499 -0.5674 0.7454
vn -0.3718 -0.5500 0.7478
vn -0.3433 -0.8422 0.4157
vn -0.3720 -0.8467 0.3803
vn -0.3489 -0.8932 0.2837
vn -0.4134 -0.8568 0.3083
vn -0.3914 -0.8712 0.2963
vn -0.4306 -0.8456 0.3154
vn -0.3556 -0.8567 0.3736
vn -0.4004 -0.8262 0.3962
vn -0.3076 -0.5949 0.7426
vn -0.2075 -0.5480 0.8104
vn -0.0805 -0.6233 0.7778
vn -0.1539 -0.6649 0.7309
vn -0.1676 -0.8958 0.4116
vn -0.1550 -0.8923 0.4241
vn -0.9126 -0.2354 0.3342
vn -0.9568 -0.2859 -0.0528
vn -0.9242 -0.1382 0.3561
vn -0.9872 -0.1043 0.1210
vn -0.8635 0.3835 0.3276
vn -0.8468 0.4180 0.3288
vn -0.8425 0.3804 0.3815
vn -0.8516 0.3866 0.3539
vn -0.3301 0.5548 0.7637
vn -0.3196 0.5489 0.7724
vn -0.3462 0.5920 0.7278
vn -0.3272 0.5834 0.7434
vn -0.8914 0.3839 0.2409
vn -0.8586 0.4587 0.2289
vn -0.8702 0.3988 0.2893
vn -0.8560 0.4318 0.2845
vn -0.6197 0.4947 0.6093
vn -0.6248 0.4897 0.6082
vn -0.6343 0.5154 0.5762
vn -0.6127 0.5375 0.5793
vn -0.8134 -0.4966 0.3031
vn -0.8041 -0.4814 0.3488
vn -0.8473 0.3389 0.4090
vn -0.8338 0.3648 0.4143
vn -0.8643 0.3507 0.3605
vn -0.8687 0.3383 0.3619
vn -0.3270 0.4683 0.8208
vn -0.3225 0.4653 0.8243
vn -0.6352 0.4136 0.6522
vn -0.6342 0.4146 0.6526
vn -0.1370 0.5673 0.8120
vn -0.1283 0.5618 0.8173
vn -0.1180 0.4780 0.8704
vn -0.1316 0.4679 0.8739
vn -0.1347 0.6058 0.7842
vn -0.1473 0.5974 0.7883
vn -0.5774 0.1307 0.8060
vn -0.5622 0.1179 0.8186
vn 0.2226 -0.7249 0.6519
vn 0.2587 -0.6921 0.6739
vn 0.2476 -0.6799 0.6902
vn 0.2689 -0.6385 0.7212
vn 0.1494 -0.5489 0.8224
vn 0.1492 -0.5833 0.7984
vn -0.2168 -0.3588 0.9079
vn -0.2274 -0.3371 0.9136
vn -0.3186 -0.4273 0.8461
vn -0.3362 -0.6505 0.6810
vn -0.4793 -0.2283 0.8474
vn -0.5939 -0.0601 0.8023
vn -0.5847 -0.0617 0.8089
vn -0.6371 -0.0021 0.7708
vn 0.7942 -0.5192 -0.3158
vn 0.7936 -0.5199 -0.3159
vn -0.6483 0.7410 0.1750
vn -0.5964 0.7490 0.2885
vn -0.6705 0.7393 0.0627
vn -0.8284 0.5583 0.0441
vn -0.3237 0.7404 0.5891
vn -0.1545 0.6437 0.7495
vn -0.2022 0.6395 0.7417
vn -0.0126 0.5250 0.8510
vn 0.0495 0.5226 0.8511
vn 0.3340 0.3231 0.8855
vn 0.5447 0.2771 0.7915
vn 0.6683 0.1174 0.7345
vn 0.8760 0.0010 0.4824
vn 0.8410 0.1064 0.5304
vn -0.8791 -0.2116 -0.4272
vn -0.8374 -0.2157 -0.5023
vn 0.9852 -0.0845 0.1493
vn 0.9851 -0.0885 0.1477
vn -0.5935 -0.5415 -0.5954
vn -0.5251 -0.5368 -0.6604
vn -0.3828 0.7865 0.4847
vn -0.2946 0.7461 0.5971
vn -0.9233 0.3720 -0.0959
vn -0.8995 0.4280 -0.0877
vn 0.5123 -0.6534 -0.5573
vn 0.4950 -0.6493 -0.5774
vn 0.4379 0.7663 0.4702
vn 0.6101 0.6298 0.4807
vn 0.0506 0.9488 0.3119
vn 0.1639 0.8993 0.4055
vn 0.1604 0.8998 0.4057
vn 0.3537 0.7921 0.4975
vn 0.5066 -0.6041 -0.6152
vn 0.3593 -0.5717 -0.7376
vn 0.8189 -0.2791 -0.5014
vn 0.7763 -0.3525 -0.5225
vn 0.9907 0.1360 -0.0037
vn 0.9893 0.1458 0.0013
vn 0.8813 -0.1936 -0.4310
vn 0.8946 -0.1921 -0.4034
vn 0.8629 0.3767 0.3368
vn 0.9121 0.3533 0.2080
vn 0.7430 0.5186 0.4232
vn 0.7967 0.5019 0.3366
vn -0.5021 0.8567 0.1182
vn -0.5196 0.8502 0.0845
vn -0.7745 0.6307 -0.0475
vn -0.8410 0.5380 -0.0567
vn -0.8432 -0.2370 -0.4826
vn -0.7973 -0.2437 -0.5522
vn -0.5261 -0.5427 -0.6548
vn -0.4580 -0.5415 -0.7049
vn -0.9053 0.4031 -0.1337
vn -0.9056 0.3881 -0.1710
vn -0.1013 0.9621 0.2531
vn -0.0574 0.9511 0.3036
vn -0.8290 0.5532 -0.0819
vn -0.8455 0.5275 -0.0831
vn 0.2063 0.9365 0.2837
vn 0.2545 0.9114 0.3233
vn 0.3927 0.8664 0.3084
vn 0.4935 0.7871 0.3700
vn -0.5180 0.8514 0.0819
vn -0.5025 0.8581 0.1054
vn -0.0378 0.9641 0.2627
vn -0.0239 0.9606 0.2767
vn 0.3663 -0.5309 -0.7642
vn 0.3575 -0.5278 -0.7705
vn 0.7474 -0.1737 -0.6413
vn 0.6435 -0.3663 -0.6721
vn 0.9586 0.2770 -0.0664
vn 0.9389 0.3415 -0.0420
vn 0.8710 -0.0287 -0.4904
vn 0.8494 -0.0359 -0.5265
vn -0.7843 -0.2113 -0.5833
vn -0.8143 -0.2064 -0.5425
vn -0.4364 -0.4653 -0.7701
vn -0.4771 -0.4650 -0.7458
vn -0.9162 0.3718 -0.1496
vn -0.9161 0.3473 -0.2002
vn 0.3422 -0.6592 -0.6696
vn 0.2958 -0.6417 -0.7076
vn -0.0145 0.9678 0.2513
vn 0.0403 0.9512 0.3059
vn 0.9841 0.1214 0.1297
vn 0.9693 0.2015 0.1411
vn 0.8989 -0.3240 -0.2949
vn 0.8986 -0.3242 -0.2958
vn 0.7743 -0.4741 -0.4191
vn 0.6479 -0.4852 -0.5872
vn 0.0348 0.9457 0.3231
vn 0.0455 0.9415 0.3339
vn 0.8921 0.2908 0.3459
vn 0.9013 0.2561 0.3493
vn 0.9610 0.0889 0.2620
vn 0.9608 0.0910 0.2619
vn 0.9041 -0.4105 -0.1187
vn 0.8832 -0.4274 -0.1928
vn 0.7482 -0.5858 -0.3115
vn 0.8062 -0.5024 -0.3126
vn 0.2806 -0.7493 -0.5998
vn 0.2244 -0.7271 -0.6489
vn 0.1863 -0.8946 -0.4061
vn 0.1827 -0.8937 -0.4098
vn 0.7584 -0.6344 -0.1497
vn 0.7464 -0.6488 -0.1479
vn 0.9476 0.0466 0.3160
vn 0.9464 -0.0030 0.3229
vn 0.9232 0.1976 0.3295
vn 0.8935 0.2250 0.3886
vn 0.8990 -0.4256 0.1031
vn 0.8792 -0.4745 -0.0436
vn 0.0512 0.9278 0.3694
vn 0.0322 0.9243 0.3802
vn 0.6545 -0.7543 0.0510
vn 0.6776 -0.7341 0.0446
vn 0.8562 -0.4497 0.2543
vn 0.8569 -0.4757 0.1987
vn 0.1098 -0.9920 0.0626
vn 0.0136 -0.9989 -0.0438
vn 0.9374 -0.0222 0.3476
vn 0.9269 -0.0999 0.3617
vn 0.9148 0.1682 0.3673
vn 0.9201 0.0747 0.3845
vn 0.0535 0.8808 0.4704
vn 0.0185 0.8711 0.4907
vn 0.5673 -0.7871 0.2422
vn 0.5531 -0.7958 0.2467
vn 0.9007 -0.1383 0.4119
vn 0.8833 -0.2005 0.4238
vn 0.9040 0.0408 0.4255
vn 0.8941 -0.0556 0.4445
vn 0.0585 0.7646 0.6419
vn -0.0104 0.7363 0.6765
vn -0.0297 -0.9727 0.2303
vn -0.1177 -0.9840 0.1337
vn 0.7909 -0.5323 0.3019
vn 0.7859 -0.4957 0.3697
vn -0.1017 0.3206 0.9417
vn -0.0648 0.3480 0.9353
vn 0.8129 -0.1549 0.5615
vn 0.7998 -0.1909 0.5691
vn 0.7976 -0.2778 0.5354
vn 0.7609 -0.3493 0.5468
vn 0.6950 -0.5578 0.4536
vn 0.7049 -0.5786 0.4103
vn 0.5171 -0.7974 0.3112
vn 0.5438 -0.7840 0.2993
vn -0.1368 -0.9461 0.2936
vn -0.0772 -0.9317 0.3550
vn 0.6245 0.7095 0.3266
vn 0.6875 0.6396 0.3438
vn 0.7902 0.5518 0.2668
vn 0.8223 0.5050 0.2622
vn 0.9067 0.3926 0.1540
vn 0.8420 0.5105 0.1742
vn 0.8512 0.4478 0.2736
vn 0.8981 0.3398 0.2792
vn 0.2581 0.9149 0.3105
vn 0.3068 0.8842 0.3522
vn 0.5007 0.8018 0.3263
vn 0.5575 0.7445 0.3672
vn 0.6887 0.6484 0.3244
vn 0.7280 0.5919 0.3460
vn 0.8234 0.4874 0.2907
vn 0.8290 0.4771 0.2919
vn 0.8198 0.4063 0.4036
vn 0.8573 0.3814 0.3458
vn 0.8527 0.3484 0.3893
vn 0.8734 0.3350 0.3536
vn 0.8653 0.2893 0.4093
vn 0.8738 0.2839 0.3948
vn 0.8503 0.2144 0.4806
vn 0.8756 0.2001 0.4397
vn 0.7893 0.0284 0.6133
vn 0.8454 0.0016 0.5342
vn 0.6511 0.3333 0.6819
vn 0.6862 0.1913 0.7018
vn 0.7611 0.3998 0.5107
vn 0.7764 0.3509 0.5235
vn 0.7965 0.4143 0.4403
vn 0.7953 0.4180 0.4390
vn 0.8040 0.4422 0.3975
vn 0.7726 0.5169 0.3687
vn 0.7251 0.5804 0.3707
vn 0.7665 0.5033 0.3989
vn 0.5195 0.2973 0.8011
vn 0.5198 0.2964 0.8012
vn 0.6244 0.5001 0.6000
vn 0.6345 0.4768 0.6083
vn 0.6759 0.5485 0.4922
vn 0.6614 0.5784 0.4774
vn 0.6822 0.6102 0.4027
vn 0.6329 0.6867 0.3575
vn 0.6223 0.6697 0.4053
vn 0.5599 0.7490 0.3544
vn 0.2980 0.8721 0.3882
vn 0.3753 0.8654 0.3321
vn 0.3581 0.8408 0.4060
vn 0.3975 0.8373 0.3754
vn 0.3518 0.7637 0.5413
vn 0.4295 0.7642 0.4811
vn 0.3630 0.6305 0.6861
vn 0.3983 0.6367 0.6603
vn 0.3062 0.3757 0.8747
vn 0.1737 0.3051 0.9363
vn -0.8774 0.2742 0.3937
vn -0.8912 0.2061 0.4041
vn -0.8769 0.3087 0.3683
vn -0.8656 0.3412 0.3665
vn -0.1830 0.5966 0.7814
vn -0.1862 0.5946 0.7822
vn -0.3991 0.5530 0.7314
vn -0.4027 0.5539 0.7287
vn -0.7015 0.4354 0.5642
vn -0.7449 0.4349 0.5059
vn -0.8696 0.3446 0.3535
vn -0.8634 0.3394 0.3734
vn -0.8830 0.3828 0.2718
vn -0.8669 0.3709 0.3331
vn -0.8799 0.4001 0.2563
vn -0.8997 0.3515 0.2587
vn -0.8960 0.2779 0.3463
vn -0.8717 0.2833 0.3998
vn -0.8638 0.2149 0.4556
vn -0.8877 0.2126 0.4085
vn -0.8798 0.2056 0.4285
vn -0.8688 0.2066 0.4501
vn -0.9245 0.1241 0.3603
vn -0.9311 0.1652 0.3252
vn -0.8937 0.1794 0.4113
vn -0.8898 0.2369 0.3900
vn -0.9193 0.1707 0.3547
vn -0.9192 0.2050 0.3363
vn -0.9688 0.2428 0.0499
vn -0.9657 0.2569 0.0374
vn -0.9916 0.1273 -0.0238
vn -0.9840 0.1693 0.0549
vn -0.9353 0.3480 0.0642
vn -0.9316 0.3510 0.0948
vn -0.9069 0.4033 0.1222
vn -0.8879 0.4065 0.2154
vn -0.9014 0.3842 0.1995
vn -0.8705 0.3844 0.3075
vn -0.9063 0.3279 0.2666
vn -0.8826 0.3285 0.3362
vn -0.9881 -0.1055 0.1119
vn -0.9876 -0.0222 -0.1556
vn -0.9709 -0.2355 0.0439
vn -0.9723 -0.2333 -0.0171
vn -0.8184 -0.4638 0.3392
vn -0.8548 -0.4972 0.1488
vn -0.3424 -0.7248 0.5978
vn -0.3738 -0.7761 0.5079
vn -0.3913 -0.7516 0.5309
vn -0.4245 -0.7749 0.4683
vn -0.9256 0.3743 0.0556
vn -0.9230 0.3749 0.0871
vn -0.9608 0.2772 -0.0009
vn -0.9647 0.2634 0.0079
vn -0.9835 0.1810 -0.0035
vn -0.9844 0.1745 -0.0220
vn -0.9977 0.0146 0.0660
vn -0.9929 0.0632 -0.1010
vn -0.9797 -0.1599 0.1209
vn -0.9885 -0.1510 -0.0008
vn -0.8748 -0.3961 0.2791
vn -0.9121 -0.4021 0.0793
vn -0.8774 0.4599 0.1364
vn -0.8755 0.4599 0.1481
vn -0.8575 0.4865 0.1673
vn -0.8497 0.4849 0.2069
vn -0.8736 0.4519 0.1807
vn -0.8482 0.4476 0.2833
vn -0.8381 0.4438 0.3172
vn -0.8436 0.4467 0.2978
vn -0.8427 0.4786 0.2465
vn -0.8247 0.5136 0.2367
vn -0.8487 0.3621 0.3855
vn -0.8669 0.2984 0.3992
vn -0.8481 0.4445 0.2885
vn -0.8400 0.4416 0.3153
vn -0.8504 0.4824 0.2102
vn -0.8302 0.5210 0.1981
vn -0.8415 0.3297 0.4280
vn -0.8593 0.2632 0.4386
vn -0.4588 -0.7015 0.5453
vn -0.4596 -0.7017 0.5444
vn -0.9303 -0.2702 0.2481
vn -0.9414 -0.2670 0.2059
vn -0.9875 -0.0314 0.1544
vn -0.9999 -0.0148 -0.0059
vn -0.9937 0.1119 0.0001
vn -0.9853 0.1702 -0.0138
vn 0.7683 -0.6084 0.1991
vn 0.5441 -0.6981 0.4654
vn 0.5240 -0.8121 0.2569
vn 0.5131 -0.8134 0.2742
vn 0.2545 -0.7924 0.5544
vn 0.0733 -0.7610 0.6446
vn 0.0758 -0.8759 0.4764
vn -0.0427 -0.8245 0.5643
vn -0.1944 -0.7353 0.6492
vn -0.2311 -0.7165 0.6582
vn -0.2215 -0.7775 0.5886
vn -0.4148 -0.6164 0.6693
vn -0.4730 -0.6329 0.6130
vn -0.5591 -0.5555 0.6156
vn -0.9377 -0.1847 0.2942
vn -0.9577 -0.0245 0.2867
vn -0.9828 0.1304 0.1306
vn -0.9766 0.1751 0.1250
vn -0.9685 0.2453 0.0416
vn -0.9670 0.2518 0.0396
vn -0.5609 -0.5283 0.6374
vn -0.6237 -0.4451 0.6426
vn -0.9418 0.0343 0.3345
vn -0.9409 0.0824 0.3286
vn -0.9280 0.3556 0.1112
vn -0.9298 0.3561 0.0927
vn -0.8760 0.4585 0.1499
vn -0.8800 0.4500 0.1521
vn -0.9505 0.2630 0.1653
vn -0.9456 0.2607 0.1948
vn -0.8988 0.3670 0.2398
vn -0.9003 0.3672 0.2338
vn -0.8977 0.1792 0.4025
vn -0.9088 0.1826 0.3752
vn -0.8588 0.1283 0.4959
vn -0.8560 -0.0801 0.5108
vn -0.7361 -0.1428 0.6617
vn -0.8713 -0.1249 0.4746
vn -0.6652 -0.2781 0.6929
vn -0.7672 -0.2275 0.5997
vn -0.6163 -0.4128 0.6706
vn -0.7033 -0.3800 0.6009
vn -0.5031 -0.6089 0.6133
vn -0.5004 -0.6103 0.6140
vn -0.4230 -0.6527 0.6285
vn -0.5115 -0.6268 0.5878
vn -0.4992 -0.8088 0.3108
vn -0.4242 -0.7185 0.5512
vn -0.5506 -0.7575 0.3507
vn -0.6713 -0.7404 0.0322
vn -0.3409 -0.7677 0.5426
vn -0.3669 -0.7506 0.5495
vn -0.1159 -0.7848 0.6088
vn -0.1465 -0.7983 0.5842
vn -0.1507 -0.9053 0.3970
vn -0.1321 -0.9088 0.3957
vn -0.0585 -0.8749 0.4808
vn -0.1217 -0.8729 0.4724
vn -0.5143 -0.6138 0.5989
vn -0.5259 -0.7075 0.4722
vn -0.1452 -0.9127 0.3820
vn -0.1287 -0.9681 0.2151
vn -0.8617 -0.1754 0.4761
vn -0.8151 -0.1268 0.5653
vn -0.6864 -0.3143 0.6558
vn -0.7905 -0.4024 0.4617
vn -0.1172 0.0296 0.9927
vn -0.1122 0.0254 0.9934
vn -0.3502 0.0270 0.9363
vn -0.3409 0.0190 0.9399
vn -0.6248 0.0136 0.7807
vn -0.6729 0.0623 0.7371
vn -0.7859 0.0841 0.6126
vn -0.8080 0.1134 0.5782
vn -0.8372 0.1110 0.5355
vn -0.8551 0.1407 0.4990
vn -0.8753 0.1356 0.4642
vn -0.8658 0.1220 0.4853
vn 0.8776 -0.4362 -0.1991
vn 0.8909 -0.4093 -0.1967
vn 0.3457 -0.9280 0.1391
vn 0.4729 -0.8697 0.1413
vn 0.6940 -0.5753 -0.4328
vn 0.7148 -0.5748 -0.3984
vn 0.7314 -0.4123 -0.5432
vn 0.6872 -0.4193 -0.5932
vn 0.6843 -0.3528 -0.6382
vn 0.6605 -0.3540 -0.6621
vn 0.6622 -0.4602 -0.5914
vn 0.6820 -0.4607 -0.5680
vn 0.6694 -0.5887 -0.4531
vn 0.7192 -0.5837 -0.3769
vn 0.6513 -0.7451 -0.1438
vn 0.6046 -0.7623 -0.2310
vn 0.5203 -0.8539 -0.0131
vn 0.5094 -0.8598 -0.0337
vn 0.4142 -0.8896 0.1927
vn 0.4198 -0.8848 0.2022
vn 0.3542 -0.8509 0.3880
vn 0.2239 -0.9471 0.2299
vn 0.3614 -0.9311 0.0491
vn 0.2786 -0.9589 0.0548
vn 0.5500 -0.6315 -0.5466
vn 0.5715 -0.6342 -0.5208
vn 0.6011 -0.4975 -0.6255
vn 0.5848 -0.4963 -0.6416
vn 0.5881 -0.4548 -0.6688
vn 0.5142 -0.4413 -0.7355
vn 0.5020 -0.5874 -0.6348
vn 0.4293 -0.5698 -0.7008
vn 0.4156 -0.6889 -0.5939
vn 0.4588 -0.6986 -0.5491
vn 0.4184 -0.8384 -0.3494
vn 0.5226 -0.8279 -0.2035
vn 0.4472 -0.8925 0.0592
vn 0.3587 -0.9309 -0.0684
vn 0.2892 -0.9294 0.2295
vn 0.2199 -0.9652 0.1415
vn 0.1655 -0.9042 0.3937
vn 0.1229 -0.9288 0.3495
vn 0.3882 -0.9139 -0.1190
vn 0.1945 -0.9778 -0.0781
vn 0.9761 -0.0219 -0.2164
vn 0.9747 -0.0223 -0.2225
vn 0.9992 -0.0064 -0.0395
vn 0.9997 -0.0018 -0.0224
vn 0.9900 -0.1075 0.0918
vn 0.9845 -0.0871 0.1521
vn 0.9580 -0.1561 0.2406
vn 0.9556 -0.1512 0.2527
vn 0.9097 -0.2236 0.3499
vn 0.9215 -0.2464 0.3002
vn 0.8592 -0.3202 0.3990
vn 0.8675 -0.3340 0.3687
vn 0.7353 -0.4412 0.5145
vn 0.7426 -0.4480 0.4978
vn 0.9639 -0.2393 -0.1170
vn 0.9620 -0.2728 0.0079
vn -0.1786 -0.1588 0.9710
vn -0.1568 -0.1906 0.9691
vn 0.1653 -0.7906 0.5897
vn 0.2264 -0.8039 0.5500
vn 0.0901 -0.8311 0.5488
vn -0.0300 -0.7904 0.6119
vn -0.1098 -0.7508 0.6514
vn -0.1876 -0.7873 0.5873
vn 0.5198 -0.6441 0.5612
vn 0.4969 -0.6693 0.5524
vn 0.5082 -0.3503 0.7868
vn 0.5318 -0.3232 0.7827
vn 0.3230 -0.2161 0.9214
vn 0.2770 -0.1300 0.9520
vn 0.5112 -0.4572 0.7278
vn 0.5195 -0.4640 0.7175
vn 0.5315 -0.5612 0.6344
vn 0.5051 -0.5476 0.6671
vn 0.5418 -0.1767 0.8217
vn 0.5136 -0.1351 0.8473
vn 0.0331 -0.2137 0.9763
vn 0.0053 -0.1686 0.9857
vn 0.2210 -0.6286 0.7457
vn 0.1719 -0.6029 0.7791
vn -0.0379 -0.6189 0.7846
vn -0.0839 -0.5873 0.8050
vn -0.2008 -0.5582 0.8051
vn -0.2301 -0.5744 0.7856
vn 0.1791 -0.5194 0.8356
vn 0.1555 -0.4997 0.8521
vn -0.0782 -0.4992 0.8630
vn -0.0811 -0.4965 0.8642
vn -0.1812 -0.4879 0.8539
vn -0.2278 -0.5175 0.8248
vn -0.0437 -0.3905 0.9196
vn -0.0589 -0.3730 0.9260
vn 0.1807 -0.3689 0.9117
vn 0.1984 -0.3881 0.9000
vn -0.1787 -0.3743 0.9099
vn -0.1712 -0.3688 0.9136
vn -0.1219 0.3010 0.9458
vn -0.1089 0.3113 0.9441
vn -0.3299 0.3044 0.8936
vn -0.3339 0.3075 0.8910
vn -0.6573 0.2814 0.6991
vn -0.6502 0.2751 0.7082
vn -0.7985 0.2467 0.5491
vn -0.8053 0.2539 0.5357
vn -0.8504 0.2363 0.4701
vn -0.8444 0.2289 0.4844
vn -0.8701 0.2134 0.4443
vn -0.8652 0.2086 0.4560
vn -0.8757 0.1981 0.4403
vn -0.8546 0.1858 0.4850
vn -0.8267 0.1222 0.5491
vn -0.8809 0.1470 0.4499
vn -0.8021 0.0613 0.5941
vn -0.8496 0.0824 0.5210
vn -0.8336 -0.0647 0.5486
vn -0.8633 -0.0520 0.5020
vn -0.8698 -0.1690 0.4635
vn -0.8437 -0.1791 0.5060
vn -0.8651 -0.2997 0.4022
vn -0.8644 -0.3014 0.4024
vn -0.7559 -0.5617 0.3363
vn -0.8681 -0.3800 0.3195
vn -0.6904 -0.6566 0.3037
vn -0.7489 -0.5868 0.3079
vn -0.6179 -0.7078 0.3423
vn -0.7084 -0.6107 0.3538
vn -0.6103 -0.5722 0.5478
vn -0.6434 -0.6549 0.3964
vn -0.8571 -0.3317 -0.3941
vn -0.8923 -0.1289 -0.4326
vn -0.9760 0.2165 -0.0238
vn -0.9776 0.1895 -0.0919
vn -0.8855 0.4643 0.0160
vn -0.9195 0.3923 0.0238
vn -0.5656 0.8124 0.1418
vn -0.5130 0.8484 0.1305
vn -0.9951 0.0921 0.0349
vn -0.9957 0.0889 0.0267
vn -0.9334 0.3450 0.0990
vn -0.9564 0.2705 0.1099
vn -0.6070 0.7420 0.2845
vn -0.6742 0.7144 0.1874
vn -0.4895 -0.4986 -0.7154
vn -0.6654 -0.4688 -0.5809
vn -0.6885 -0.5441 -0.4795
vn -0.8202 -0.4800 -0.3112
vn -0.8167 -0.5605 -0.1369
vn -0.8656 -0.4991 -0.0394
vn -0.8524 -0.5212 0.0417
vn -0.8205 -0.5712 -0.0233
vn -0.9367 -0.2873 -0.1999
vn -0.9495 -0.2276 -0.2160
vn -0.9470 -0.3183 -0.0428
vn -0.9196 -0.3926 -0.0143
vn -0.9954 0.0521 0.0806
vn -0.9994 0.0271 0.0201
vn -0.9559 0.2742 0.1050
vn -0.9655 0.2364 0.1091
vn -0.7024 0.6385 0.3147
vn -0.7461 0.6199 0.2431
vn -0.9146 -0.4041 0.0121
vn -0.9118 -0.4106 0.0007
vn -0.9939 -0.0292 0.1059
vn -0.9981 -0.0512 0.0351
vn -0.9660 0.2322 0.1139
vn -0.9832 0.1311 0.1272
vn -0.7515 0.5967 0.2814
vn -0.7588 0.5938 0.2676
vn -0.8080 -0.5860 0.0611
vn -0.7852 -0.6187 0.0275
vn -0.9013 -0.4308 0.0460
vn -0.9041 -0.4233 0.0590
vn -0.9800 -0.1272 0.1528
vn -0.9853 -0.1471 0.0865
vn -0.9825 0.1187 0.1432
vn -0.9862 0.0177 0.1645
vn -0.7669 0.5390 0.3484
vn -0.7633 0.5396 0.3553
vn -0.7723 -0.6208 0.1348
vn -0.7282 -0.6787 0.0949
vn -0.7696 0.4353 0.4672
vn -0.7369 0.4225 0.5276
vn -0.9484 -0.0828 0.3062
vn -0.9537 -0.0536 0.2958
vn -0.9445 -0.2344 0.2301
vn -0.9446 -0.2345 0.2299
vn -0.8537 -0.4835 0.1933
vn -0.9312 -0.3437 0.1216
vn -0.7672 -0.5128 0.3853
vn -0.7408 -0.5113 0.4356
vn -0.7261 -0.4298 0.5366
vn -0.6923 -0.4101 0.5938
vn -0.8928 0.2062 0.4005
vn -0.9443 0.1636 0.2856
vn -0.9082 0.3337 0.2526
vn -0.9271 0.3162 0.2015
vn -0.8888 0.4080 0.2088
vn -0.9107 0.3844 0.1512
vn -0.8951 0.4098 0.1759
vn -0.8890 0.4166 0.1899
vn -0.8710 0.4636 0.1625
vn -0.8884 0.4430 0.1207
vn -0.7894 0.6080 0.0843
vn -0.8252 0.5648 0.0049
vn -0.7001 0.7136 0.0269
vn -0.7325 0.6792 -0.0466
vn -0.6568 0.7511 0.0666
vn -0.6818 0.7315 -0.0063
vn -0.7360 0.6769 -0.0088
vn -0.6964 0.7049 0.1349
vn -0.9050 0.1211 0.4078
vn -0.8647 0.2584 0.4308
vn -0.7925 -0.3179 0.5205
vn -0.8159 -0.1161 0.5665
vn -0.6272 -0.5834 0.5159
vn -0.7342 -0.3792 0.5631
vn -0.3138 -0.7903 0.5263
vn -0.3643 -0.7515 0.5500
vn -0.1500 -0.8181 0.5552
vn -0.1707 -0.8260 0.5372
vn -0.7312 -0.2413 0.6381
vn -0.7145 -0.2255 0.6623
vn -0.7225 0.0060 0.6913
vn -0.7255 0.0106 0.6882
vn -0.7572 -0.4574 0.4662
vn -0.6899 -0.5340 0.4888
vn -0.9055 -0.3558 0.2313
vn -0.9320 -0.2980 0.2062
vn -0.9653 -0.2366 0.1106
vn -0.9640 -0.2410 0.1123
vn -0.9752 -0.2119 0.0643
vn -0.9860 -0.1601 0.0474
vn -0.9900 -0.1403 0.0174
vn -0.9927 -0.1204 0.0115
vn -0.9945 -0.0489 -0.0922
vn -0.9898 -0.1206 -0.0760
vn -0.9767 -0.0164 -0.2138
vn -0.9766 -0.0588 -0.2069
vn -0.9356 0.0570 -0.3485
vn -0.9349 0.0648 -0.3489
vn -0.9412 0.0514 -0.3339
vn -0.9327 0.1402 -0.3322
vn -0.9590 0.0778 -0.2724
vn -0.9498 0.1624 -0.2676
vn -0.9876 0.0242 -0.1553
vn -0.9877 0.0106 -0.1557
vn -0.9916 -0.0304 -0.1253
vn -0.9872 -0.0979 -0.1262
vn -0.9599 -0.2531 -0.1207
vn -0.9508 -0.3094 0.0163
vn -0.4079 -0.8689 0.2805
vn -0.4271 -0.8567 0.2893
vn -0.1280 -0.9303 0.3437
vn -0.1350 -0.9275 0.3485
vn 0.9504 0.0883 -0.2983
vn 0.9427 0.2023 -0.2655
vn -0.8941 0.3624 0.2632
vn -0.9062 0.3637 0.2155
vn -0.9106 0.3224 0.2584
vn -0.8994 0.3541 0.2563
vn -0.8624 0.3924 0.3199
vn -0.8689 0.3777 0.3199
vn -0.6593 0.5106 0.5519
vn -0.6302 0.5427 0.5553
vn -0.3692 0.5885 0.7192
vn -0.3443 0.6066 0.7166
vn -0.1450 0.6230 0.7687
vn -0.1693 0.6082 0.7755
vn -0.9100 0.2924 0.2941
vn -0.9046 0.2928 0.3097
vn -0.9113 0.3104 0.2704
vn -0.8979 0.3130 0.3096
vn -0.8774 0.3562 0.3214
vn -0.8690 0.3769 0.3207
vn -0.6609 0.4948 0.5642
vn -0.6984 0.4958 0.5161
vn -0.3704 0.5768 0.7281
vn -0.3972 0.5842 0.7078
vn -0.1691 0.6119 0.7727
vn -0.1827 0.6037 0.7760
vn -0.5895 -0.1559 0.7926
vn -0.5278 -0.0319 0.8488
vn -0.6713 0.1457 0.7267
vn -0.6441 0.1876 0.7416
vn -0.5523 0.7558 0.3519
vn -0.4948 0.7942 0.3527
vn -0.3871 0.9074 0.1635
vn -0.3553 0.9209 0.1605
vn -0.3759 0.9058 0.1954
vn -0.2958 0.9381 0.1804
vn -0.2931 0.9400 0.1747
vn -0.3417 0.9207 0.1884
vn -0.3641 0.8969 0.2511
vn -0.4364 0.8561 0.2769
vn -0.4448 0.8387 0.3143
vn -0.5247 0.7784 0.3448
vn -0.5264 0.7733 0.3534
vn -0.5734 0.7311 0.3697
vn -0.5986 0.6550 0.4611
vn -0.5890 0.6651 0.4589
vn -0.6278 0.3784 0.6802
vn -0.5119 0.5186 0.6849
vn -0.5006 0.0008 0.8657
vn -0.5533 -0.0615 0.8307
vn -0.4893 -0.3052 0.8169
vn -0.4943 -0.3095 0.8123
vn -0.5077 -0.4784 0.7165
vn -0.4761 -0.4606 0.7491
vn -0.6074 -0.4692 0.6410
vn -0.4930 -0.5883 0.6409
vn -0.5279 -0.6716 0.5199
vn -0.5990 -0.5980 0.5326
vn -0.4964 -0.8432 0.2065
vn -0.5064 -0.8358 0.2120
vn -0.5824 -0.7973 0.1581
vn -0.4975 -0.8625 0.0927
vn -0.6007 -0.7988 0.0329
vn -0.5962 -0.8023 0.0284
vn -0.4566 -0.8328 -0.3131
vn -0.6166 -0.7688 -0.1699
vn -0.2336 -0.7327 -0.6392
vn -0.4361 -0.7323 -0.5230
vn -0.1904 -0.6366 -0.7473
vn -0.2143 -0.6397 -0.7381
vn -0.0539 -0.5477 -0.8349
vn -0.1753 -0.5693 -0.8032
vn -0.0372 -0.6862 -0.7265
vn -0.1065 -0.6987 -0.7075
vn -0.0425 -0.7122 -0.7007
vn 0.0002 -0.7384 -0.6744
vn -0.1505 -0.6788 -0.7188
vn -0.0113 -0.7968 -0.6041
vn -0.3406 -0.8486 -0.4049
vn -0.2471 -0.9309 -0.2688
vn -0.5263 -0.8306 0.1819
vn -0.4890 -0.8535 0.1799
vn -0.6513 -0.5654 0.5061
vn -0.6516 -0.5651 0.5060
vn -0.7110 -0.2901 0.6405
vn -0.7211 -0.2794 0.6340
vn -0.7343 0.0842 0.6736
vn -0.7546 0.0628 0.6532
vn -0.7418 0.2607 0.6179
vn -0.7251 0.3887 0.5685
vn -0.7260 0.3894 0.5669
vn -0.7239 0.4566 0.5172
vn -0.7163 0.4529 0.5309
vn -0.7319 0.4854 0.4783
vn -0.7200 0.4823 0.4989
vn -0.7558 0.4628 0.4632
vn -0.7298 0.4994 0.4668
vn -0.7545 0.4746 0.4533
vn -0.7835 0.4285 0.4500
vn -0.7834 0.4294 0.4493
vn -0.8158 0.3682 0.4460
vn -0.5394 0.0130 0.8420
vn -0.5814 -0.0415 0.8126
vn -0.6009 0.1266 0.7892
vn -0.5569 0.1788 0.8111
vn -0.4418 0.7693 0.4615
vn -0.3713 0.8108 0.4525
vn -0.2474 0.9426 0.2241
vn -0.2324 0.9475 0.2197
vn -0.2390 0.9429 0.2321
vn -0.2213 0.9487 0.2259
vn -0.2212 0.9488 0.2256
vn -0.1564 0.9672 0.2003
vn -0.1894 0.9367 0.2944
vn -0.1789 0.9402 0.2899
vn -0.1929 0.9221 0.3355
vn -0.2616 0.8935 0.3650
vn -0.2766 0.8664 0.4157
vn -0.3095 0.8483 0.4296
vn -0.3448 0.7551 0.5576
vn -0.3662 0.7400 0.5642
vn -0.4477 0.3191 0.8353
vn -0.3382 0.4298 0.8372
vn -0.3866 -0.1428 0.9111
vn -0.3340 -0.0807 0.9391
vn -0.3307 -0.3459 0.8781
vn -0.3350 -0.3402 0.8786
vn -0.3215 -0.5043 0.8014
vn -0.3428 -0.4833 0.8055
vn -0.3486 -0.5328 0.7711
vn -0.3222 -0.5567 0.7657
vn -0.3704 -0.7116 0.5969
vn -0.3390 -0.7357 0.5864
vn -0.3418 -0.9071 0.2455
vn -0.3433 -0.9064 0.2463
vn -0.3039 -0.9359 0.1780
vn -0.3397 -0.9192 0.1993
vn -0.2472 -0.9689 0.0149
vn -0.3009 -0.9522 0.0517
vn 0.0128 -0.8973 -0.4412
vn -0.2260 -0.9247 -0.3065
vn 0.1057 -0.7612 -0.6399
vn 0.0287 -0.7899 -0.6126
vn 0.1526 -0.6751 -0.7217
vn 0.1197 -0.6891 -0.7147
vn 0.2240 -0.5453 -0.8078
vn 0.1697 -0.5713 -0.8030
vn 0.3027 -0.6498 -0.6973
vn 0.2024 -0.6969 -0.6880
vn 0.3605 -0.6876 -0.6303
vn 0.2907 -0.7259 -0.6234
vn -0.0657 -0.9976 0.0196
vn -0.1789 -0.9517 -0.2495
vn -0.5431 -0.7920 0.2788
vn -0.3968 -0.8786 0.2658
vn -0.6660 -0.5357 0.5191
vn -0.6870 -0.5528 0.4717
vn -0.7545 -0.2586 0.6032
vn -0.7653 -0.2704 0.5841
vn -0.7994 0.3665 0.4760
vn -0.7938 0.3618 0.4888
vn -0.7982 0.4173 0.4344
vn -0.7931 0.4150 0.4459
vn -0.7934 0.4510 0.4087
vn -0.8045 0.4330 0.4066
vn -0.8018 0.4536 0.3890
vn -0.8200 0.4215 0.3873
vn -0.8370 0.4086 0.3639
vn -0.8209 0.4109 0.3966
vn -0.8385 0.3769 0.3935
vn -0.8454 0.3612 0.3936
vn 0.3781 -0.6609 0.6483
vn 0.3903 -0.6910 0.6084
vn 0.9260 0.0952 0.3654
vn 0.9673 -0.0061 0.2537
vn 0.0314 -0.9629 0.2681
vn 0.0989 -0.9951 0.0061
vn -0.3059 -0.8839 -0.3537
vn -0.1547 -0.8068 -0.5702
vn -0.3679 -0.9207 -0.1302
vn -0.2499 -0.8919 -0.3768
vn 0.6780 -0.4619 0.5718
vn 0.7241 -0.5129 0.4610
vn 0.1309 -0.7340 0.6664
vn 0.1838 -0.7615 0.6216
vn 0.0866 -0.7533 0.6520
vn 0.1015 -0.7714 0.6282
vn 0.7915 -0.2052 0.5758
vn 0.8177 -0.2414 0.5225
vn 0.6109 -0.2929 0.7355
vn 0.6252 -0.3047 0.7186
vn 0.1178 -0.3026 0.9458
vn 0.1499 -0.3274 0.9329
vn 0.6382 -0.5312 0.5572
vn 0.5714 -0.5901 0.5704
vn 0.1114 -0.8744 0.4722
vn 0.1206 -0.8774 0.4644
vn 0.8529 -0.4982 -0.1559
vn 0.5604 -0.8237 -0.0870
vn 0.1450 -0.5682 0.8100
vn 0.1535 -0.5736 0.8046
vn 0.5750 -0.0044 0.8181
vn 0.5904 0.0099 0.8070
vn 0.6775 -0.2008 0.7076
vn 0.6930 -0.1979 0.6932
vn 0.9306 0.0424 0.3636
vn 0.9024 -0.3028 0.3065
vn 0.8573 0.1716 0.4854
vn 0.7436 0.1348 0.6549
vn 0.7875 0.5224 0.3271
vn 0.9447 0.1455 0.2938
vn 0.8692 -0.3587 0.3404
vn 0.7646 -0.5728 0.2953
vn 0.9575 -0.0207 0.2877
vn 0.9986 0.0457 0.0278
vn 0.8590 -0.4915 0.1434
vn 0.9649 -0.1975 0.1732
vn 0.5071 -0.3891 0.7690
vn 0.5424 -0.3220 0.7759
vn 0.5829 0.0508 0.8109
vn 0.5060 0.1239 0.8536
vn 0.3625 -0.0496 0.9307
vn 0.4587 0.0506 0.8871
vn 0.1148 -0.0978 0.9886
vn 0.1168 -0.0984 0.9883
vn -0.2968 -0.1882 0.9362
vn -0.4471 -0.1387 0.8837
vn -0.7558 -0.2557 0.6028
vn -0.7549 -0.2442 0.6086
vn 0.8809 -0.2233 -0.4172
vn 0.8728 -0.2551 -0.4162
vn 0.8730 -0.2964 -0.3873
vn 0.8736 -0.2945 -0.3874
vn 0.8174 -0.5380 -0.2058
vn 0.9180 -0.3298 -0.2202
vn 0.9579 0.2714 0.0937
vn 0.9609 0.2735 0.0432
vn 0.1172 -0.9192 0.3760
vn 0.1291 -0.9218 0.3655
vn 0.1355 -0.9229 0.3605
vn 0.1521 -0.9266 0.3439
vn -0.6957 -0.4556 0.5553
vn -0.8947 -0.3458 0.2828
vn 0.0929 -0.7129 0.6951
vn 0.1026 -0.7359 0.6693
vn 0.7340 -0.4506 -0.5082
vn 0.5595 -0.7274 -0.3972
vn 0.5830 -0.4988 -0.6414
vn 0.5885 -0.4898 -0.6433
vn 0.3456 -0.3330 0.8773
vn 0.3672 -0.3148 0.8753
vn 0.3718 -0.5500 0.7478
vn 0.3499 -0.5674 0.7454
vn 0.3720 -0.8467 0.3803
vn 0.3433 -0.8422 0.4157
vn 0.4134 -0.8568 0.3083
vn 0.3489 -0.8932 0.2837
vn 0.4306 -0.8456 0.3154
vn 0.3914 -0.8712 0.2963
vn 0.4004 -0.8262 0.3962
vn 0.3556 -0.8567 0.3736
vn 0.2075 -0.5480 0.8104
vn 0.3076 -0.5949 0.7426
vn 0.1539 -0.6649 0.7309
vn 0.0805 -0.6233 0.7778
vn 0.1550 -0.8923 0.4241
vn 0.1676 -0.8958 0.4116
vn 0.9568 -0.2859 -0.0528
vn 0.9126 -0.2354 0.3342
vn 0.9872 -0.1043 0.1210
vn 0.9242 -0.1382 0.3561
vn 0.8468 0.4180 0.3288
vn 0.8635 0.3835 0.3276
vn 0.8516 0.3866 0.3539
vn 0.8425 0.3804 0.3815
vn 0.3196 0.5489 0.7724
vn 0.3301 0.5548 0.7637
vn 0.3272 0.5834 0.7434
vn 0.3462 0.5920 0.7278
vn 0.8675 0.4165 0.2720
vn 0.8839 0.4236 0.1982
vn 0.8590 0.4121 0.3038
vn 0.8674 0.4171 0.2714
vn 0.6242 0.4932 0.6060
vn 0.6201 0.4913 0.6116
vn 0.6152 0.5238 0.5892
vn 0.6324 0.5287 0.5662
vn 0.8041 -0.4814 0.3488
vn 0.8134 -0.4966 0.3031
vn 0.8338 0.3648 0.4143
vn 0.8473 0.3389 0.4090
vn 0.8643 0.3507 0.3605
vn 0.8687 0.3383 0.3619
vn 0.3225 0.4653 0.8243
vn 0.3270 0.4683 0.8208
vn 0.6343 0.4139 0.6529
vn 0.6351 0.4144 0.6518
vn 0.1283 0.5618 0.8173
vn 0.1370 0.5673 0.8120
vn 0.1316 0.4679 0.8739
vn 0.1180 0.4780 0.8704
vn 0.1473 0.5974 0.7883
vn 0.1347 0.6058 0.7842
vn 0.5622 0.1179 0.8186
vn 0.5774 0.1307 0.8060
vn -0.2587 -0.6921 0.6739
vn -0.2226 -0.7249 0.6519
vn -0.2689 -0.6385 0.7212
vn -0.2476 -0.6799 0.6902
vn -0.1492 -0.5833 0.7984
vn -0.1494 -0.5489 0.8224
vn 0.2274 -0.3371 0.9136
vn 0.2168 -0.3588 0.9079
vn 0.3362 -0.6505 0.6810
vn 0.3186 -0.4273 0.8461
vn 0.5939 -0.0601 0.8023
vn 0.4793 -0.2283 0.8474
vn 0.6371 -0.0021 0.7708
vn 0.5847 -0.0617 0.8089
vn -0.7936 -0.5199 -0.3159
vn -0.7942 -0.5192 -0.3158
vn 0.5964 0.7490 0.2885
vn 0.6483 0.7410 0.1750
vn 0.8284 0.5583 0.0441
vn 0.6705 0.7393 0.0627
vn 0.1545 0.6437 0.7495
vn 0.3237 0.7404 0.5891
vn 0.0126 0.5250 0.8510
vn 0.2022 0.6395 0.7417
vn -0.3340 0.3231 0.8855
vn -0.0495 0.5226 0.8511
vn -0.6683 0.1174 0.7345
vn -0.5447 0.2771 0.7915
vn -0.8410 0.1064 0.5304
vn -0.8760 0.0010 0.4824
vn 0.8374 -0.2157 -0.5023
vn 0.8791 -0.2116 -0.4272
vn -0.9851 -0.0885 0.1477
vn -0.9852 -0.0845 0.1493
vn 0.5251 -0.5368 -0.6604
vn 0.5935 -0.5415 -0.5954
vn 0.2946 0.7461 0.5971
vn 0.3828 0.7865 0.4847
vn 0.8995 0.4280 -0.0877
vn 0.9233 0.3720 -0.0959
vn -0.4950 -0.6493 -0.5774
vn -0.5123 -0.6534 -0.5573
vn -0.6101 0.6298 0.4807
vn -0.4379 0.7663 0.4702
vn -0.1639 0.8993 0.4055
vn -0.0506 0.9488 0.3119
vn -0.3537 0.7921 0.4975
vn -0.1604 0.8998 0.4057
vn -0.3593 -0.5717 -0.7376
vn -0.5066 -0.6041 -0.6152
vn -0.7763 -0.3525 -0.5225
vn -0.8189 -0.2791 -0.5014
vn -0.9893 0.1458 0.0013
vn -0.9907 0.1360 -0.0037
vn -0.8946 -0.1921 -0.4034
vn -0.8813 -0.1936 -0.4310
vn -0.9121 0.3533 0.2080
vn -0.8629 0.3767 0.3368
vn -0.7967 0.5019 0.3366
vn -0.7430 0.5186 0.4232
vn 0.5196 0.8502 0.0845
vn 0.5021 0.8567 0.1182
vn 0.8410 0.5380 -0.0567
vn 0.7745 0.6308 -0.0475
vn 0.7973 -0.2437 -0.5522
vn 0.8432 -0.2370 -0.4826
vn 0.4580 -0.5415 -0.7049
vn 0.5261 -0.5427 -0.6548
vn 0.9056 0.3881 -0.1710
vn 0.9053 0.4031 -0.1337
vn 0.0574 0.9511 0.3036
vn 0.1013 0.9621 0.2531
vn 0.8455 0.5275 -0.0831
vn 0.8290 0.5532 -0.0819
vn -0.2545 0.9114 0.3233
vn -0.2063 0.9365 0.2837
vn -0.4935 0.7871 0.3700
vn -0.3927 0.8664 0.3084
vn 0.5025 0.8581 0.1054
vn 0.5180 0.8514 0.0819
vn 0.0239 0.9606 0.2767
vn 0.0378 0.9641 0.2627
vn -0.3575 -0.5278 -0.7705
vn -0.3663 -0.5309 -0.7642
vn -0.6435 -0.3663 -0.6721
vn -0.7474 -0.1737 -0.6413
vn -0.9389 0.3415 -0.0420
vn -0.9586 0.2770 -0.0664
vn -0.8494 -0.0359 -0.5265
vn -0.8710 -0.0287 -0.4904
vn 0.8143 -0.2064 -0.5425
vn 0.7843 -0.2113 -0.5833
vn 0.4771 -0.4650 -0.7458
vn 0.4364 -0.4653 -0.7701
vn 0.9161 0.3473 -0.2002
vn 0.9162 0.3718 -0.1496
vn -0.2958 -0.6417 -0.7076
vn -0.3422 -0.6592 -0.6696
vn -0.0403 0.9512 0.3059
vn 0.0145 0.9678 0.2513
vn -0.9693 0.2015 0.1411
vn -0.9841 0.1214 0.1297
vn -0.8986 -0.3242 -0.2958
vn -0.8989 -0.3240 -0.2949
vn -0.6479 -0.4852 -0.5872
vn -0.7743 -0.4741 -0.4191
vn -0.0455 0.9415 0.3339
vn -0.0348 0.9457 0.3231
vn -0.9013 0.2561 0.3493
vn -0.8921 0.2908 0.3459
vn -0.9608 0.0910 0.2619
vn -0.9610 0.0889 0.2620
vn -0.8832 -0.4274 -0.1928
vn -0.9041 -0.4105 -0.1187
vn -0.8062 -0.5024 -0.3126
vn -0.7482 -0.5858 -0.3115
vn -0.2244 -0.7271 -0.6489
vn -0.2806 -0.7493 -0.5998
vn -0.1827 -0.8937 -0.4098
vn -0.1863 -0.8946 -0.4061
vn -0.7464 -0.6488 -0.1479
vn -0.7584 -0.6344 -0.1497
vn -0.9464 -0.0030 0.3229
vn -0.9476 0.0466 0.3160
vn -0.8935 0.2250 0.3886
vn -0.9232 0.1976 0.3295
vn -0.8792 -0.4745 -0.0436
vn -0.8990 -0.4256 0.1031
vn -0.0322 0.9243 0.3802
vn -0.0512 0.9278 0.3694
vn -0.6776 -0.7341 0.0446
vn -0.6545 -0.7543 0.0510
vn -0.8569 -0.4757 0.1987
vn -0.8562 -0.4497 0.2543
vn -0.0136 -0.9989 -0.0438
vn -0.1098 -0.9920 0.0626
vn -0.9269 -0.0999 0.3617
vn -0.9374 -0.0222 0.3476
vn -0.9201 0.0747 0.3845
vn -0.9148 0.1682 0.3673
vn -0.0185 0.8711 0.4907
vn -0.0535 0.8808 0.4704
vn -0.5531 -0.7958 0.2467
vn -0.5673 -0.7871 0.2422
vn -0.8833 -0.2005 0.4238
vn -0.9007 -0.1383 0.4119
vn -0.8941 -0.0556 0.4445
vn -0.9040 0.0408 0.4255
vn 0.0104 0.7363 0.6765
vn -0.0585 0.7646 0.6419
vn 0.1177 -0.9840 0.1337
vn 0.0297 -0.9727 0.2303
vn -0.7859 -0.4957 0.3697
vn -0.7909 -0.5323 0.3019
vn 0.0648 0.3480 0.9353
vn 0.1017 0.3206 0.9417
vn -0.7998 -0.1909 0.5691
vn -0.8129 -0.1549 0.5615
vn -0.7609 -0.3493 0.5468
vn -0.7976 -0.2778 0.5354
vn -0.7049 -0.5786 0.4103
vn -0.6950 -0.5578 0.4536
vn -0.5438 -0.7840 0.2993
vn -0.5171 -0.7974 0.3112
vn 0.0772 -0.9317 0.3550
vn 0.1368 -0.9461 0.2936
vn -0.6875 0.6396 0.3438
vn -0.6245 0.7095 0.3266
vn -0.8223 0.5050 0.2622
vn -0.7902 0.5518 0.2668
vn -0.8420 0.5105 0.1742
vn -0.9067 0.3926 0.1540
vn -0.8981 0.3398 0.2792
vn -0.8512 0.4478 0.2736
vn -0.3068 0.8842 0.3522
vn -0.2581 0.9149 0.3105
vn -0.5575 0.7445 0.3672
vn -0.5007 0.8018 0.3263
vn -0.7280 0.5919 0.3460
vn -0.6887 0.6484 0.3244
vn -0.8290 0.4771 0.2919
vn -0.8234 0.4874 0.2907
vn -0.8573 0.3814 0.3458
vn -0.8198 0.4063 0.4036
vn -0.8734 0.3350 0.3536
vn -0.8527 0.3484 0.3893
vn -0.8738 0.2839 0.3948
vn -0.8653 0.2893 0.4093
vn -0.8756 0.2001 0.4397
vn -0.8503 0.2144 0.4806
vn -0.8454 0.0016 0.5342
vn -0.7893 0.0284 0.6133
vn -0.6862 0.1913 0.7018
vn -0.6511 0.3333 0.6819
vn -0.7764 0.3509 0.5235
vn -0.7611 0.3998 0.5107
vn -0.7953 0.4180 0.4390
vn -0.7965 0.4143 0.4403
vn -0.7726 0.5169 0.3687
vn -0.8040 0.4422 0.3975
vn -0.7665 0.5033 0.3989
vn -0.7251 0.5804 0.3707
vn -0.5198 0.2964 0.8012
vn -0.5195 0.2973 0.8011
vn -0.6345 0.4768 0.6083
vn -0.6244 0.5001 0.6000
vn -0.6614 0.5784 0.4774
vn -0.6759 0.5485 0.4922
vn -0.6329 0.6867 0.3575
vn -0.6822 0.6102 0.4027
vn -0.5599 0.7490 0.3544
vn -0.6223 0.6697 0.4053
vn -0.3753 0.8654 0.3321
vn -0.2980 0.8721 0.3882
vn -0.3975 0.8373 0.3754
vn -0.3581 0.8408 0.4060
vn -0.4295 0.7642 0.4811
vn -0.3518 0.7637 0.5413
vn -0.3983 0.6367 0.6603
vn -0.3630 0.6305 0.6861
vn -0.1737 0.3051 0.9363
vn -0.3062 0.3757 0.8747
vn 0.8979 0.2388 0.3697
vn 0.8698 0.2432 0.4292
vn 0.8656 0.3412 0.3665
vn 0.8769 0.3087 0.3683
vn 0.1862 0.5946 0.7822
vn 0.1830 0.5966 0.7814
vn 0.4027 0.5539 0.7287
vn 0.3991 0.5530 0.7314
vn 0.7449 0.4349 0.5059
vn 0.7015 0.4354 0.5642
vn 0.8634 0.3394 0.3734
vn 0.8696 0.3446 0.3535
vn 0.8669 0.3709 0.3331
vn 0.8830 0.3828 0.2718
vn 0.8997 0.3515 0.2587
vn 0.8799 0.4001 0.2563
vn 0.8717 0.2833 0.3998
vn 0.8960 0.2779 0.3463
vn 0.8877 0.2126 0.4085
vn 0.8638 0.2149 0.4556
vn 0.8688 0.2066 0.4501
vn 0.8798 0.2056 0.4285
vn 0.9311 0.1652 0.3252
vn 0.9245 0.1241 0.3603
vn 0.8898 0.2369 0.3900
vn 0.8937 0.1794 0.4113
vn 0.9192 0.2050 0.3363
vn 0.9193 0.1707 0.3547
vn 0.9657 0.2569 0.0374
vn 0.9688 0.2428 0.0499
vn 0.9840 0.1693 0.0549
vn 0.9916 0.1273 -0.0238
vn 0.9316 0.3510 0.0948
vn 0.9353 0.3480 0.0642
vn 0.8879 0.4065 0.2154
vn 0.9069 0.4033 0.1222
vn 0.8705 0.3844 0.3075
vn 0.9014 0.3842 0.1995
vn 0.8826 0.3285 0.3362
vn 0.9063 0.3279 0.2666
vn 0.9876 -0.0222 -0.1556
vn 0.9881 -0.1055 0.1119
vn 0.9723 -0.2333 -0.0171
vn 0.9709 -0.2355 0.0439
vn 0.8548 -0.4972 0.1488
vn 0.8184 -0.4638 0.3392
vn 0.3738 -0.7761 0.5079
vn 0.3424 -0.7248 0.5978
vn 0.4245 -0.7749 0.4683
vn 0.3913 -0.7516 0.5309
vn 0.9230 0.3749 0.0871
vn 0.9256 0.3743 0.0556
vn 0.9647 0.2634 0.0079
vn 0.9608 0.2772 -0.0009
vn 0.9844 0.1745 -0.0220
vn 0.9835 0.1810 -0.0035
vn 0.9929 0.0632 -0.1010
vn 0.9977 0.0146 0.0660
vn 0.9885 -0.1510 -0.0008
vn 0.9797 -0.1599 0.1209
vn 0.9121 -0.4021 0.0793
vn 0.8747 -0.3961 0.2791
vn 0.8755 0.4599 0.1481
vn 0.8774 0.4599 0.1364
vn 0.8497 0.4849 0.2069
vn 0.8575 0.4865 0.1673
vn 0.8482 0.4476 0.2833
vn 0.8736 0.4519 0.1807
vn 0.8436 0.4467 0.2978
vn 0.8381 0.4438 0.3172
vn 0.8247 0.5136 0.2367
vn 0.8427 0.4786 0.2465
vn 0.8669 0.2984 0.3992
vn 0.8487 0.3621 0.3855
vn 0.8400 0.4416 0.3153
vn 0.8481 0.4445 0.2885
vn 0.8302 0.5210 0.1981
vn 0.8504 0.4824 0.2102
vn 0.8593 0.2632 0.4386
vn 0.8415 0.3297 0.4280
vn 0.4596 -0.7017 0.5444
vn 0.4588 -0.7015 0.5453
vn 0.9414 -0.2670 0.2059
vn 0.9303 -0.2702 0.2481
vn 0.9999 -0.0148 -0.0059
vn 0.9875 -0.0314 0.1544
vn 0.9853 0.1702 -0.0138
vn 0.9937 0.1119 0.0001
vn -0.5441 -0.6981 0.4654
vn -0.7683 -0.6084 0.1991
vn -0.5131 -0.8134 0.2742
vn -0.5240 -0.8121 0.2569
vn -0.0733 -0.7610 0.6446
vn -0.2545 -0.7924 0.5544
vn 0.0427 -0.8245 0.5643
vn -0.0758 -0.8759 0.4764
vn 0.2311 -0.7165 0.6582
vn 0.1944 -0.7353 0.6492
vn 0.4148 -0.6164 0.6693
vn 0.2215 -0.7775 0.5886
vn 0.5591 -0.5555 0.6156
vn 0.4730 -0.6329 0.6130
vn 0.9577 -0.0245 0.2867
vn 0.9377 -0.1847 0.2942
vn 0.9766 0.1751 0.1250
vn 0.9828 0.1304 0.1306
vn 0.9670 0.2518 0.0396
vn 0.9685 0.2453 0.0416
vn 0.6237 -0.4451 0.6426
vn 0.5609 -0.5283 0.6374
vn 0.9409 0.0824 0.3286
vn 0.9418 0.0343 0.3345
vn 0.9298 0.3561 0.0927
vn 0.9280 0.3556 0.1112
vn 0.8800 0.4500 0.1521
vn 0.8760 0.4585 0.1499
vn 0.9456 0.2607 0.1948
vn 0.9505 0.2630 0.1653
vn 0.9003 0.3672 0.2338
vn 0.8988 0.3670 0.2398
vn 0.9088 0.1826 0.3752
vn 0.8977 0.1792 0.4025
vn 0.9352 0.0451 0.3512
vn 0.8157 0.0113 0.5784
vn 0.8713 -0.1249 0.4746
vn 0.7361 -0.1428 0.6617
vn 0.7672 -0.2275 0.5997
vn 0.6652 -0.2781 0.6929
vn 0.7033 -0.3800 0.6009
vn 0.6163 -0.4128 0.6706
vn 0.5004 -0.6103 0.6140
vn 0.5031 -0.6089 0.6133
vn 0.5115 -0.6268 0.5878
vn 0.4230 -0.6527 0.6285
vn 0.4242 -0.7185 0.5512
vn 0.4992 -0.8088 0.3108
vn 0.7704 -0.6155 0.1666
vn 0.4638 -0.8636 0.1976
vn 0.3669 -0.7506 0.5495
vn 0.3409 -0.7677 0.5426
vn 0.1465 -0.7983 0.5842
vn 0.1159 -0.7848 0.6088
vn 0.1321 -0.9088 0.3957
vn 0.1507 -0.9053 0.3970
vn 0.1217 -0.8729 0.4724
vn 0.0585 -0.8749 0.4808
vn 0.5259 -0.7075 0.4722
vn 0.5143 -0.6138 0.5989
vn 0.1287 -0.9681 0.2151
vn 0.1452 -0.9127 0.3820
vn 0.8774 -0.0522 0.4769
vn 0.8157 -0.1959 0.5444
vn 0.7905 -0.4024 0.4617
vn 0.6864 -0.3143 0.6558
vn 0.1122 0.0254 0.9934
vn 0.1172 0.0296 0.9927
vn 0.3409 0.0190 0.9399
vn 0.3502 0.0270 0.9363
vn 0.6729 0.0623 0.7371
vn 0.6248 0.0136 0.7807
vn 0.8080 0.1134 0.5782
vn 0.7859 0.0841 0.6126
vn 0.8551 0.1407 0.4990
vn 0.8372 0.1110 0.5355
vn 0.8658 0.1220 0.4853
vn 0.8753 0.1356 0.4642
vn -0.8909 -0.4093 -0.1967
vn -0.8776 -0.4362 -0.1991
vn -0.4729 -0.8697 0.1413
vn -0.3457 -0.9280 0.1391
vn -0.7148 -0.5748 -0.3984
vn -0.6940 -0.5753 -0.4328
vn -0.6872 -0.4193 -0.5932
vn -0.7314 -0.4123 -0.5432
vn -0.6605 -0.3540 -0.6621
vn -0.6843 -0.3528 -0.6382
vn -0.6820 -0.4607 -0.5680
vn -0.6622 -0.4602 -0.5914
vn -0.7192 -0.5837 -0.3769
vn -0.6694 -0.5887 -0.4531
vn -0.6046 -0.7623 -0.2310
vn -0.6513 -0.7451 -0.1438
vn -0.5094 -0.8598 -0.0337
vn -0.5203 -0.8539 -0.0131
vn -0.4198 -0.8848 0.2022
vn -0.4142 -0.8896 0.1927
vn -0.2239 -0.9471 0.2299
vn -0.3542 -0.8509 0.3880
vn -0.2786 -0.9589 0.0548
vn -0.3614 -0.9311 0.0491
vn -0.5715 -0.6342 -0.5208
vn -0.5500 -0.6315 -0.5466
vn -0.5848 -0.4963 -0.6416
vn -0.6011 -0.4975 -0.6255
vn -0.5142 -0.4413 -0.7355
vn -0.5881 -0.4548 -0.6688
vn -0.4293 -0.5698 -0.7008
vn -0.5020 -0.5874 -0.6348
vn -0.4588 -0.6986 -0.5491
vn -0.4156 -0.6889 -0.5939
vn -0.5226 -0.8279 -0.2035
vn -0.4184 -0.8384 -0.3494
vn -0.3587 -0.9309 -0.0684
vn -0.4472 -0.8925 0.0592
vn -0.2199 -0.9652 0.1415
vn -0.2892 -0.9294 0.2295
vn -0.1229 -0.9288 0.3495
vn -0.1655 -0.9042 0.3937
vn -0.1945 -0.9778 -0.0781
vn -0.3882 -0.9139 -0.1190
vn -0.9747 -0.0223 -0.2225
vn -0.9761 -0.0219 -0.2164
vn -0.9997 -0.0018 -0.0224
vn -0.9992 -0.0064 -0.0395
vn -0.9845 -0.0871 0.1521
vn -0.9900 -0.1075 0.0918
vn -0.9556 -0.1512 0.2527
vn -0.9580 -0.1561 0.2406
vn -0.9215 -0.2464 0.3002
vn -0.9097 -0.2236 0.3499
vn -0.8675 -0.3340 0.3687
vn -0.8592 -0.3202 0.3990
vn -0.7426 -0.4480 0.4978
vn -0.7353 -0.4412 0.5145
vn -0.9620 -0.2728 0.0079
vn -0.9639 -0.2393 -0.1170
vn 0.1568 -0.1906 0.9691
vn 0.1786 -0.1588 0.9710
vn -0.2264 -0.8039 0.5500
vn -0.1653 -0.7906 0.5897
vn 0.0300 -0.7904 0.6119
vn -0.0901 -0.8311 0.5488
vn 0.1876 -0.7873 0.5873
vn 0.1098 -0.7508 0.6514
vn -0.4969 -0.6693 0.5524
vn -0.5198 -0.6441 0.5612
vn -0.5318 -0.3232 0.7827
vn -0.5082 -0.3503 0.7868
vn -0.2770 -0.1300 0.9520
vn -0.3230 -0.2161 0.9214
vn -0.5195 -0.4640 0.7175
vn -0.5112 -0.4572 0.7278
vn -0.5051 -0.5476 0.6671
vn -0.5315 -0.5612 0.6344
vn -0.5136 -0.1351 0.8473
vn -0.5418 -0.1767 0.8217
vn -0.0053 -0.1686 0.9857
vn -0.0331 -0.2137 0.9763
vn -0.1719 -0.6029 0.7791
vn -0.2210 -0.6286 0.7457
vn 0.0839 -0.5873 0.8050
vn 0.0379 -0.6189 0.7846
vn 0.2301 -0.5744 0.7856
vn 0.2008 -0.5582 0.8051
vn -0.1555 -0.4997 0.8521
vn -0.1791 -0.5194 0.8356
vn 0.0811 -0.4965 0.8642
vn 0.0782 -0.4992 0.8630
vn 0.2278 -0.5175 0.8248
vn 0.1812 -0.4879 0.8539
vn 0.0589 -0.3730 0.9260
vn 0.0437 -0.3905 0.9196
vn -0.1984 -0.3881 0.9000
vn -0.1807 -0.3689 0.9117
vn 0.1712 -0.3688 0.9136
vn 0.1787 -0.3743 0.9099
vn 0.1089 0.3113 0.9441
vn 0.1219 0.3010 0.9458
vn 0.3339 0.3075 0.8910
vn 0.3299 0.3044 0.8936
vn 0.6502 0.2751 0.7082
vn 0.6573 0.2814 0.6991
vn 0.8053 0.2539 0.5357
vn 0.7985 0.2467 0.5491
vn 0.8444 0.2289 0.4844
vn 0.8504 0.2363 0.4701
vn 0.8652 0.2086 0.4560
vn 0.8701 0.2134 0.4443
vn 0.8596 0.2141 0.4640
vn 0.8687 0.1656 0.4668
vn 0.8809 0.1470 0.4499
vn 0.8267 0.1222 0.5491
vn 0.8496 0.0824 0.5210
vn 0.8021 0.0613 0.5941
vn 0.8633 -0.0520 0.5020
vn 0.8336 -0.0647 0.5486
vn 0.8437 -0.1791 0.5060
vn 0.8698 -0.1690 0.4635
vn 0.8644 -0.3014 0.4024
vn 0.8651 -0.2997 0.4022
vn 0.8681 -0.3800 0.3195
vn 0.7559 -0.5617 0.3363
vn 0.7489 -0.5868 0.3079
vn 0.6904 -0.6566 0.3037
vn 0.7084 -0.6107 0.3538
vn 0.6179 -0.7078 0.3423
vn 0.6434 -0.6549 0.3964
vn 0.6103 -0.5722 0.5478
vn 0.8923 -0.1289 -0.4326
vn 0.8571 -0.3317 -0.3941
vn 0.9776 0.1895 -0.0919
vn 0.9760 0.2165 -0.0238
vn 0.9195 0.3923 0.0238
vn 0.8855 0.4643 0.0160
vn 0.5130 0.8484 0.1305
vn 0.5656 0.8124 0.1418
vn 0.9957 0.0889 0.0267
vn 0.9951 0.0921 0.0349
vn 0.9564 0.2705 0.1099
vn 0.9334 0.3450 0.0990
vn 0.6742 0.7144 0.1874
vn 0.6070 0.7420 0.2845
vn 0.6654 -0.4688 -0.5809
vn 0.4895 -0.4986 -0.7154
vn 0.8202 -0.4800 -0.3112
vn 0.6885 -0.5441 -0.4795
vn 0.8656 -0.4991 -0.0394
vn 0.8167 -0.5605 -0.1369
vn 0.8205 -0.5712 -0.0233
vn 0.8524 -0.5212 0.0417
vn 0.9495 -0.2276 -0.2160
vn 0.9367 -0.2873 -0.1999
vn 0.9196 -0.3926 -0.0143
vn 0.9470 -0.3183 -0.0428
vn 0.9994 0.0271 0.0201
vn 0.9954 0.0521 0.0806
vn 0.9655 0.2364 0.1091
vn 0.9559 0.2742 0.1050
vn 0.7461 0.6199 0.2431
vn 0.7024 0.6385 0.3147
vn 0.9118 -0.4106 0.0007
vn 0.9146 -0.4041 0.0121
vn 0.9981 -0.0512 0.0351
vn 0.9939 -0.0292 0.1059
vn 0.9832 0.1311 0.1272
vn 0.9660 0.2322 0.1139
vn 0.7588 0.5938 0.2676
vn 0.7515 0.5967 0.2814
vn 0.7852 -0.6187 0.0275
vn 0.8080 -0.5860 0.0611
vn 0.9041 -0.4233 0.0590
vn 0.9013 -0.4308 0.0460
vn 0.9853 -0.1471 0.0865
vn 0.9800 -0.1272 0.1528
vn 0.9862 0.0177 0.1645
vn 0.9825 0.1187 0.1432
vn 0.7633 0.5396 0.3553
vn 0.7669 0.5390 0.3484
vn 0.7282 -0.6787 0.0949
vn 0.7723 -0.6208 0.1348
vn 0.7369 0.4225 0.5276
vn 0.7696 0.4353 0.4672
vn 0.9537 -0.0536 0.2958
vn 0.9484 -0.0828 0.3062
vn 0.9446 -0.2345 0.2299
vn 0.9445 -0.2344 0.2301
vn 0.9312 -0.3437 0.1216
vn 0.8537 -0.4835 0.1933
vn 0.7408 -0.5113 0.4356
vn 0.7672 -0.5128 0.3853
vn 0.6923 -0.4101 0.5938
vn 0.7261 -0.4298 0.5366
vn 0.9443 0.1636 0.2856
vn 0.8928 0.2062 0.4005
vn 0.9271 0.3162 0.2015
vn 0.9082 0.3337 0.2526
vn 0.9107 0.3844 0.1512
vn 0.8888 0.4080 0.2088
vn 0.8890 0.4166 0.1899
vn 0.8951 0.4098 0.1759
vn 0.8884 0.4430 0.1207
vn 0.8710 0.4636 0.1625
vn 0.8252 0.5648 0.0049
vn 0.7894 0.6080 0.0843
vn 0.7325 0.6792 -0.0466
vn 0.7001 0.7136 0.0269
vn 0.6818 0.7315 -0.0063
vn 0.6568 0.7511 0.0666
vn 0.6964 0.7049 0.1349
vn 0.7360 0.6769 -0.0088
vn 0.8647 0.2584 0.4308
vn 0.9050 0.1211 0.4078
vn 0.8159 -0.1161 0.5665
vn 0.7925 -0.3179 0.5205
vn 0.7342 -0.3792 0.5631
vn 0.6272 -0.5834 0.5159
vn 0.3643 -0.7515 0.5500
vn 0.3138 -0.7903 0.5263
vn 0.1707 -0.8260 0.5372
vn 0.1500 -0.8181 0.5552
vn 0.7145 -0.2255 0.6623
vn 0.7312 -0.2413 0.6381
vn 0.7255 0.0106 0.6882
vn 0.7225 0.0060 0.6913
vn 0.6899 -0.5340 0.4888
vn 0.7572 -0.4574 0.4662
vn 0.9320 -0.2980 0.2062
vn 0.9055 -0.3558 0.2313
vn 0.9640 -0.2410 0.1123
vn 0.9653 -0.2366 0.1106
vn 0.9860 -0.1601 0.0474
vn 0.9752 -0.2119 0.0643
vn 0.9927 -0.1204 0.0115
vn 0.9900 -0.1403 0.0174
vn 0.9898 -0.1206 -0.0760
vn 0.9945 -0.0489 -0.0922
vn 0.9766 -0.0588 -0.2069
vn 0.9767 -0.0164 -0.2138
vn 0.9349 0.0648 -0.3489
vn 0.9356 0.0570 -0.3485
vn 0.9327 0.1402 -0.3322
vn 0.9412 0.0514 -0.3339
vn 0.9498 0.1624 -0.2676
vn 0.9590 0.0778 -0.2724
vn 0.9877 0.0106 -0.1557
vn 0.9876 0.0242 -0.1553
vn 0.9872 -0.0979 -0.1262
vn 0.9916 -0.0304 -0.1253
vn 0.9314 -0.3591 -0.0593
vn 0.9776 -0.2027 -0.0572
vn 0.4271 -0.8567 0.2893
vn 0.4079 -0.8689 0.2805
vn 0.1350 -0.9275 0.3485
vn 0.1280 -0.9303 0.3437
vn -0.9427 0.2023 -0.2655
vn -0.9504 0.0883 -0.2983
vn 0.8941 0.3624 0.2632
vn 0.9062 0.3637 0.2155
vn 0.8994 0.3541 0.2563
vn 0.9106 0.3224 0.2584
vn 0.8689 0.3777 0.3199
vn 0.8624 0.3924 0.3199
vn 0.6330 0.5246 0.5693
vn 0.6573 0.5278 0.5379
vn 0.3443 0.6066 0.7166
vn 0.3692 0.5885 0.7192
vn 0.1693 0.6082 0.7755
vn 0.1450 0.6230 0.7687
vn 0.9100 0.2924 0.2941
vn 0.9046 0.2928 0.3097
vn 0.8979 0.3130 0.3096
vn 0.9113 0.3104 0.2704
vn 0.8690 0.3769 0.3207
vn 0.8774 0.3562 0.3214
vn 0.6984 0.4958 0.5161
vn 0.6609 0.4948 0.5642
vn 0.3972 0.5842 0.7078
vn 0.3704 0.5768 0.7281
vn 0.1827 0.6037 0.7760
vn 0.1691 0.6119 0.7727
vn 0.5278 -0.0319 0.8488
vn 0.5895 -0.1559 0.7926
vn 0.6441 0.1876 0.7416
vn 0.6713 0.1457 0.7267
vn 0.4948 0.7942 0.3527
vn 0.5523 0.7558 0.3519
vn 0.3553 0.9209 0.1605
vn 0.3871 0.9074 0.1635
vn 0.2958 0.9381 0.1804
vn 0.3759 0.9058 0.1954
vn 0.3417 0.9207 0.1884
vn 0.2931 0.9400 0.1747
vn 0.4364 0.8561 0.2769
vn 0.3641 0.8969 0.2511
vn 0.5247 0.7784 0.3448
vn 0.4448 0.8387 0.3143
vn 0.5734 0.7311 0.3697
vn 0.5264 0.7733 0.3534
vn 0.5890 0.6651 0.4589
vn 0.5986 0.6550 0.4611
vn 0.5119 0.5186 0.6849
vn 0.6278 0.3784 0.6802
vn 0.5533 -0.0615 0.8307
vn 0.5006 0.0008 0.8657
vn 0.4943 -0.3095 0.8123
vn 0.4893 -0.3052 0.8169
vn 0.4761 -0.4606 0.7491
vn 0.5077 -0.4784 0.7165
vn 0.4930 -0.5883 0.6409
vn 0.6074 -0.4692 0.6410
vn 0.5990 -0.5980 0.5326
vn 0.5279 -0.6716 0.5199
vn 0.5064 -0.8358 0.2120
vn 0.4964 -0.8432 0.2065
vn 0.4975 -0.8625 0.0927
vn 0.5824 -0.7973 0.1581
vn 0.5962 -0.8023 0.0284
vn 0.6007 -0.7988 0.0329
vn 0.6166 -0.7688 -0.1699
vn 0.4566 -0.8328 -0.3131
vn 0.4361 -0.7323 -0.5230
vn 0.2336 -0.7327 -0.6392
vn 0.2143 -0.6397 -0.7381
vn 0.1904 -0.6366 -0.7473
vn 0.1753 -0.5693 -0.8032
vn 0.0539 -0.5477 -0.8349
vn 0.1065 -0.6987 -0.7075
vn 0.0372 -0.6862 -0.7265
vn -0.0002 -0.7384 -0.6744
vn 0.0425 -0.7122 -0.7007
vn 0.0113 -0.7968 -0.6041
vn 0.1505 -0.6788 -0.7188
vn 0.2471 -0.9309 -0.2688
vn 0.3406 -0.8486 -0.4049
vn 0.4890 -0.8535 0.1799
vn 0.5263 -0.8306 0.1819
vn 0.6516 -0.5651 0.5060
vn 0.6513 -0.5654 0.5061
vn 0.7110 -0.2901 0.6405
vn 0.7211 -0.2794 0.6340
vn 0.7546 0.0628 0.6532
vn 0.7343 0.0842 0.6736
vn 0.7418 0.2607 0.6179
vn 0.7260 0.3894 0.5669
vn 0.7251 0.3887 0.5685
vn 0.7163 0.4529 0.5309
vn 0.7239 0.4566 0.5172
vn 0.7200 0.4823 0.4989
vn 0.7319 0.4854 0.4783
vn 0.7298 0.4994 0.4668
vn 0.7558 0.4628 0.4632
vn 0.7835 0.4285 0.4500
vn 0.7545 0.4746 0.4533
vn 0.8158 0.3682 0.4460
vn 0.7834 0.4294 0.4493
vn 0.5814 -0.0415 0.8126
vn 0.5394 0.0130 0.8420
vn 0.5569 0.1788 0.8111
vn 0.6009 0.1266 0.7892
vn 0.3713 0.8108 0.4525
vn 0.4418 0.7693 0.4615
vn 0.2324 0.9475 0.2197
vn 0.2474 0.9426 0.2241
vn 0.2213 0.9487 0.2259
vn 0.2390 0.9429 0.2321
vn 0.1564 0.9672 0.2003
vn 0.2212 0.9488 0.2256
vn 0.1789 0.9402 0.2899
vn 0.1894 0.9367 0.2944
vn 0.2616 0.8935 0.3650
vn 0.1929 0.9221 0.3355
vn 0.3095 0.8483 0.4296
vn 0.2766 0.8664 0.4157
vn 0.3662 0.7400 0.5642
vn 0.3448 0.7551 0.5576
vn 0.3382 0.4298 0.8372
vn 0.4477 0.3191 0.8353
vn 0.3340 -0.0807 0.9391
vn 0.3866 -0.1428 0.9111
vn 0.3350 -0.3402 0.8786
vn 0.3307 -0.3459 0.8781
vn 0.3428 -0.4833 0.8055
vn 0.3215 -0.5043 0.8014
vn 0.3222 -0.5567 0.7657
vn 0.3486 -0.5328 0.7711
vn 0.3390 -0.7357 0.5864
vn 0.3704 -0.7116 0.5969
vn 0.3433 -0.9064 0.2463
vn 0.3418 -0.9071 0.2455
vn 0.3397 -0.9192 0.1993
vn 0.3039 -0.9359 0.1780
vn 0.3009 -0.9522 0.0517
vn 0.2472 -0.9689 0.0149
vn 0.2260 -0.9247 -0.3065
vn -0.0128 -0.8973 -0.4412
vn -0.0287 -0.7899 -0.6126
vn -0.1057 -0.7612 -0.6399
vn -0.1197 -0.6891 -0.7147
vn -0.1526 -0.6751 -0.7217
vn -0.1697 -0.5713 -0.8030
vn -0.2240 -0.5453 -0.8078
vn -0.2024 -0.6969 -0.6880
vn -0.3027 -0.6498 -0.6973
vn -0.2907 -0.7259 -0.6234
vn -0.3605 -0.6876 -0.6303
vn 0.1789 -0.9517 -0.2495
vn 0.0657 -0.9976 0.0196
vn 0.3968 -0.8786 0.2658
vn 0.5431 -0.7920 0.2788
vn 0.6870 -0.5528 0.4717
vn 0.6660 -0.5357 0.5191
vn 0.7532 -0.2731 0.5984
vn 0.7683 -0.2553 0.5870
vn 0.7938 0.3618 0.4888
vn 0.7994 0.3665 0.4760
vn 0.7931 0.4150 0.4459
vn 0.7982 0.4173 0.4344
vn 0.8045 0.4330 0.4066
vn 0.7934 0.4510 0.4087
vn 0.8200 0.4215 0.3873
vn 0.8018 0.4536 0.3890
vn 0.8209 0.4109 0.3966
vn 0.8370 0.4086 0.3639
vn 0.8454 0.3612 0.3936
vn 0.8385 0.3769 0.3935
vn 0.6090 0.4923 0.6219
vn 0.5740 0.4880 0.6575
vn 0.5705 0.5431 0.6161
vn 0.5343 0.5376 0.6523
vn 0.4982 0.5823 0.6424
vn 0.5328 0.5520 0.6414
vn 0.4848 0.5598 0.6720
vn 0.5006 0.5654 0.6555
vn 0.4824 0.5267 0.6999
vn 0.4890 0.5302 0.6927
vn 0.4999 0.4458 0.7425
vn 0.4933 0.4416 0.7494
vn 0.5155 0.2959 0.8042
vn 0.5153 0.2957 0.8044
vn 0.5283 0.0126 0.8490
vn 0.5380 0.0217 0.8426
vn 0.5288 -0.3036 0.7926
vn 0.5124 -0.3185 0.7975
vn 0.5235 -0.5351 0.6630
vn 0.4792 -0.5721 0.6656
vn 0.5851 -0.6927 0.4217
vn 0.4485 -0.7924 0.4135
vn 0.6885 -0.6924 0.2157
vn 0.4900 -0.8475 0.2041
vn 0.6403 -0.7613 0.1021
vn 0.7118 -0.6936 0.1110
vn 0.7116 -0.6863 0.1503
vn 0.7254 -0.6711 0.1532
vn 0.6555 -0.6984 0.2872
vn 0.7176 -0.6741 0.1753
vn 0.6622 -0.6594 0.3559
vn 0.5867 -0.7410 0.3266
vn 0.5900 -0.6056 0.5340
vn 0.5062 -0.7004 0.5032
vn 0.3689 -0.4445 0.8163
vn 0.4787 -0.4807 0.7347
vn -0.4787 -0.4807 0.7347
vn -0.3689 -0.4445 0.8163
vn -0.5040 -0.6493 0.5696
vn -0.5930 -0.6571 0.4654
vn -0.5914 -0.7060 0.3897
vn -0.6563 -0.6953 0.2931
vn -0.7176 -0.6741 0.1753
vn -0.6555 -0.6984 0.2872
vn -0.7254 -0.6711 0.1532
vn -0.7116 -0.6863 0.1503
vn -0.6930 -0.7185 0.0597
vn -0.6589 -0.7386 0.1427
vn -0.4900 -0.8475 0.2041
vn -0.6885 -0.6924 0.2157
vn -0.4485 -0.7924 0.4135
vn -0.5851 -0.6927 0.4217
vn -0.4792 -0.5721 0.6656
vn -0.5235 -0.5351 0.6630
vn -0.5288 -0.3036 0.7926
vn -0.5124 -0.3185 0.7975
vn -0.5386 0.0128 0.8425
vn -0.5285 0.0216 0.8486
vn -0.5153 0.2959 0.8043
vn -0.5155 0.2957 0.8043
vn -0.4933 0.4416 0.7494
vn -0.4999 0.4458 0.7425
vn -0.4890 0.5302 0.6927
vn -0.4824 0.5267 0.6999
vn -0.5006 0.5654 0.6555
vn -0.4848 0.5598 0.6720
vn -0.5328 0.5520 0.6414
vn -0.4982 0.5823 0.6424
vn -0.5318 0.5606 0.6348
vn -0.5722 0.5215 0.6329
vn -0.5729 0.5112 0.6407
vn -0.6095 0.4706 0.6380
vn -0.1287 -0.8085 0.5743
vn -0.1054 -0.8123 0.5736
vn -0.0392 -0.8346 0.5495
vn -0.0116 -0.8483 0.5293
vn -0.1884 -0.8025 0.5661
vn -0.2149 -0.7764 0.5924
vn -0.1464 -0.8206 0.5524
vn -0.2041 -0.8049 0.5572
vn -0.0859 -0.8449 0.5280
vn -0.1271 -0.8175 0.5618
vn -0.1424 -0.8118 0.5663
vn -0.1612 -0.7973 0.5817
vn 0.1286 -0.8704 0.4753
vn 0.2236 -0.8937 0.3890
vn -0.0811 -0.8049 0.5879
vn -0.0906 -0.8038 0.5879
vn 0.0425 -0.8304 0.5556
vn 0.0494 -0.8305 0.5548
vn 0.0858 -0.8207 0.5648
vn 0.0671 -0.8213 0.5666
vn -0.0680 -0.7947 0.6032
vn -0.0469 -0.7955 0.6041
vn -0.3019 -0.7336 0.6089
vn -0.2832 -0.7390 0.6113
vn -0.0204 -0.8746 0.4844
vn -0.0481 -0.8702 0.4903
vn 0.0526 -0.8916 0.4497
vn 0.0040 -0.8697 0.4935
vn -0.3169 -0.7218 0.6153
vn -0.3414 -0.6900 0.6382
vn -0.2998 -0.7331 0.6105
vn -0.3116 -0.7208 0.6191
vn 0.5392 -0.8211 0.1872
vn 0.6676 -0.7445 -0.0015
vn 0.5032 -0.7963 0.3358
vn 0.3020 -0.8612 0.4088
vn 0.6923 -0.6941 0.1972
vn 0.4207 -0.8546 0.3044
vn 0.0345 -0.6853 0.7274
vn 0.0488 -0.6824 0.7294
vn 0.5737 -0.5883 0.5700
vn 0.4147 -0.6798 0.6049
vn -0.2777 -0.7375 0.6156
vn -0.2522 -0.7436 0.6192
vn -0.2414 -0.7402 0.6275
vn -0.2089 -0.7452 0.6333
vn -0.5050 -0.6063 0.6143
vn -0.4723 -0.6206 0.6259
vn -0.2574 -0.7549 0.6031
vn -0.1979 -0.7739 0.6016
vn -0.1979 -0.7890 0.5816
vn -0.1869 -0.8032 0.5657
vn 0.4332 -0.8794 0.1975
vn 0.3295 -0.9111 0.2476
vn 0.4931 -0.8520 0.1760
vn 0.4679 -0.8591 0.2073
vn -0.4891 -0.5816 0.6500
vn -0.5024 -0.5577 0.6608
vn -0.4931 -0.6026 0.6275
vn -0.5048 -0.5855 0.6343
vn 0.7650 -0.6338 -0.1143
vn 0.8021 -0.5585 -0.2116
vn 0.8778 -0.4637 -0.1199
vn 0.7180 -0.6959 0.0130
vn 0.8648 -0.4837 -0.1351
vn 0.8620 -0.4892 -0.1331
vn 0.9079 -0.3432 0.2408
vn 0.8923 -0.3738 0.2530
vn 0.5643 -0.4914 0.6634
vn 0.6130 -0.4595 0.6428
vn 0.0768 -0.5878 0.8054
vn 0.1434 -0.5692 0.8096
vn -0.0623 -0.6761 0.7341
vn -0.0671 -0.6769 0.7331
vn -0.4793 -0.6233 0.6179
vn -0.4068 -0.6490 0.6429
vn -0.4181 -0.6539 0.6306
vn -0.2898 -0.6828 0.6707
vn -0.6846 -0.4394 0.5816
vn -0.6099 -0.4809 0.6299
vn -0.2841 -0.7202 0.6330
vn -0.2421 -0.7369 0.6312
vn -0.1949 -0.7875 0.5847
vn -0.1812 -0.7921 0.5829
vn -0.2014 -0.7879 0.5819
vn -0.2739 -0.7393 0.6152
vn -0.2365 -0.7529 0.6141
vn -0.0645 -0.8581 0.5093
vn -0.0502 -0.8706 0.4895
vn -0.3757 -0.6587 0.6519
vn -0.3105 -0.6855 0.6585
vn 0.6602 -0.7495 -0.0498
vn 0.6554 -0.7542 -0.0401
vn 0.7597 -0.6398 -0.1163
vn 0.7202 -0.6929 -0.0347
vn -0.6784 -0.3714 0.6339
vn -0.6862 -0.3471 0.6392
vn -0.6698 -0.4306 0.6049
vn -0.6922 -0.3780 0.6149
vn 0.8559 -0.4020 -0.3252
vn 0.8552 -0.4091 -0.3182
vn 0.8572 -0.0396 -0.5135
vn 0.9048 -0.2655 -0.3329
vn 0.8703 -0.3841 -0.3083
vn 0.8545 -0.4870 -0.1809
vn 0.9214 -0.2372 -0.3079
vn 0.9029 -0.3233 -0.2832
vn 0.9822 -0.1826 0.0443
vn 0.9702 -0.2334 0.0643
vn 0.9116 -0.2481 0.3279
vn 0.9082 -0.2545 0.3323
vn 0.5703 -0.4491 0.6878
vn 0.6046 -0.4465 0.6596
vn 0.1731 -0.4694 0.8658
vn 0.3814 -0.4938 0.7815
vn -0.0076 -0.5726 0.8198
vn 0.0371 -0.5610 0.8270
vn -0.1624 -0.6641 0.7298
vn -0.1403 -0.6618 0.7365
vn -0.6286 -0.4935 0.6011
vn -0.5343 -0.5324 0.6566
vn -0.5473 -0.5428 0.6371
vn -0.4496 -0.5700 0.6877
vn -0.0512 -0.8659 0.4975
vn -0.0526 -0.8656 0.4979
vn -0.0671 -0.8585 0.5084
vn -0.0397 -0.8643 0.5015
vn -0.3915 -0.5992 0.6984
vn -0.3443 -0.6233 0.7021
vn -0.3962 -0.6274 0.6704
vn -0.3390 -0.6544 0.6759
vn 0.2641 -0.9203 0.2886
vn 0.2955 -0.9252 0.2382
vn -0.4905 -0.5374 0.6860
vn -0.4669 -0.5500 0.6925
vn 0.8340 -0.4440 -0.3276
vn 0.8328 -0.4530 -0.3181
vn 0.8614 -0.0324 -0.5068
vn 0.8649 -0.0420 -0.5003
vn 0.8665 -0.3850 -0.3178
vn 0.8652 -0.3977 -0.3054
vn 0.8890 -0.0308 -0.4568
vn 0.8931 -0.0426 -0.4479
vn 0.8687 -0.3873 -0.3087
vn 0.8716 -0.3772 -0.3130
vn 0.8787 -0.3218 -0.3527
vn 0.8788 -0.3231 -0.3511
vn 0.8961 -0.2096 -0.3912
vn 0.8633 -0.3449 -0.3684
vn 0.9029 -0.3232 -0.2833
vn 0.8941 -0.2649 -0.3612
vn 0.9920 -0.0519 -0.1154
vn 0.9817 -0.0210 -0.1894
vn 0.9997 -0.0233 -0.0109
vn 0.9836 -0.1714 0.0558
vn 0.9144 -0.2552 0.3143
vn 0.8206 -0.2979 0.4878
vn 0.5598 -0.2407 0.7929
vn 0.4906 -0.2389 0.8380
vn 0.3458 -0.2608 0.9013
vn 0.2236 -0.2410 0.9444
vn 0.0426 -0.4409 0.8966
vn 0.1735 -0.4694 0.8658
vn -0.0699 -0.5579 0.8270
vn -0.1069 -0.5652 0.8180
vn -0.7184 -0.3273 0.6137
vn -0.7817 -0.2903 0.5519
vn -0.2982 -0.6867 0.6630
vn -0.2644 -0.7027 0.6605
vn -0.1890 -0.7972 0.5734
vn -0.1863 -0.7982 0.5729
vn 0.2019 -0.9374 0.2838
vn 0.2087 -0.9369 0.2806
vn 0.2458 -0.9268 0.2838
vn 0.2322 -0.9283 0.2904
vn -0.4652 -0.4832 0.7417
vn -0.4250 -0.5072 0.7497
vn -0.4816 -0.5148 0.7093
vn -0.4541 -0.5307 0.7156
vn 0.6176 -0.7823 -0.0804
vn 0.6069 -0.7930 -0.0534
vn -0.6475 -0.3402 0.6819
vn -0.6556 -0.3342 0.6771
vn 0.8417 -0.0902 -0.5324
vn 0.8432 -0.0946 -0.5292
vn 0.8700 -0.0674 -0.4884
vn 0.8655 -0.0540 -0.4979
vn -0.7549 -0.1997 0.6247
vn -0.8000 -0.1628 0.5774
vn -0.7521 -0.2634 0.6041
vn -0.7962 -0.2311 0.5592
vn 0.8715 -0.0848 -0.4829
vn 0.8716 -0.0754 -0.4843
vn 0.8637 -0.0858 -0.4967
vn 0.8809 -0.1141 -0.4594
vn 0.9867 -0.0711 -0.1462
vn 0.9526 -0.0043 -0.3042
vn 0.9467 0.0205 -0.3215
vn 0.9678 -0.0106 -0.2516
vn 0.9866 -0.0070 -0.1633
vn 0.9587 0.0296 -0.2829
vn 0.9990 -0.0309 -0.0328
vn 0.9891 -0.0706 0.1295
vn 0.7285 -0.1748 0.6624
vn 0.7772 -0.1731 0.6050
vn 0.2601 0.1167 0.9585
vn 0.0646 -0.0697 0.9955
vn 0.2946 0.1215 0.9479
vn 0.2079 -0.0855 0.9744
vn 0.0548 0.2071 0.9768
vn -0.1788 0.2044 0.9624
vn -0.2918 0.0960 0.9516
vn -0.3202 0.0980 0.9423
vn -0.0438 -0.2540 0.9662
vn 0.1407 -0.3062 0.9415
vn -0.0319 -0.4472 0.8939
vn -0.0550 -0.4392 0.8967
vn -0.6529 -0.3874 0.6509
vn -0.7412 -0.3509 0.5723
vn -0.5847 -0.4358 0.6843
vn -0.6758 -0.4109 0.6120
vn -0.2585 -0.6825 0.6836
vn -0.2478 -0.6708 0.6991
vn -0.1832 -0.7911 0.5836
vn -0.1868 -0.7945 0.5779
vn -0.0916 -0.8698 0.4849
vn -0.0867 -0.8711 0.4835
vn -0.3799 -0.5532 0.7414
vn -0.3386 -0.5773 0.7430
vn 0.5125 -0.8543 -0.0868
vn 0.5125 -0.8543 -0.0869
vn 0.5782 -0.8105 -0.0937
vn 0.5530 -0.8298 -0.0744
vn -0.5791 -0.2792 0.7660
vn -0.5655 -0.2893 0.7724
vn -0.6244 -0.3037 0.7196
vn -0.5957 -0.3252 0.7344
vn 0.7985 -0.4778 -0.3661
vn 0.7965 -0.4994 -0.3408
vn 0.9570 0.0374 -0.2878
vn 0.9385 0.0590 -0.3402
vn 0.9730 0.0179 -0.2301
vn 0.9737 0.0171 -0.2270
vn 0.9645 0.0137 -0.2637
vn 0.9802 -0.0092 -0.1976
vn 0.9817 0.0768 -0.1743
vn 0.9972 0.0145 0.0733
vn 0.9019 -0.0370 0.4303
vn 0.9672 -0.0253 0.2529
vn 0.6229 -0.0272 0.7819
vn 0.5920 -0.0654 0.8033
vn 0.3694 0.3704 0.8523
vn 0.3508 0.3716 0.8596
vn -0.1094 -0.0853 0.9903
vn -0.2006 -0.1570 0.9670
vn -0.3863 0.0340 0.9218
vn -0.4494 0.0477 0.8921
vn -0.1838 -0.3117 0.9323
vn -0.0365 -0.3703 0.9282
vn -0.0955 -0.8897 0.4465
vn -0.0869 -0.8828 0.4616
vn -0.3121 -0.5367 0.7839
vn -0.3012 -0.5223 0.7978
vn 0.1166 -0.9588 0.2592
vn 0.1452 -0.9583 0.2462
vn -0.4437 -0.4025 0.8007
vn -0.4036 -0.4295 0.8078
vn 0.6892 -0.5800 -0.4343
vn 0.6867 -0.5849 -0.4317
vn 0.7385 -0.5348 -0.4105
vn 0.7386 -0.5433 -0.3992
vn 0.8068 -0.1603 -0.5687
vn 0.8021 -0.1478 -0.5785
vn -0.7658 -0.0911 0.6365
vn -0.7655 -0.1405 0.6279
vn 0.9464 0.0842 -0.3120
vn 0.9344 0.0913 -0.3444
vn 0.9810 0.0952 -0.1691
vn 0.9407 0.1284 -0.3139
vn 0.9990 0.0396 0.0199
vn 0.9856 0.0844 -0.1463
vn 0.9806 0.0449 0.1908
vn 0.9814 0.0453 0.1867
vn 0.8792 0.0369 0.4750
vn 0.8635 0.0048 0.5043
vn 0.4280 0.3937 0.8135
vn 0.4873 0.3942 0.7792
vn -0.2103 -0.1574 0.9649
vn -0.2989 -0.2202 0.9285
vn -0.4506 -0.0506 0.8913
vn -0.5459 -0.0079 0.8378
vn -0.1520 -0.6756 0.7215
vn -0.1758 -0.6935 0.6987
vn -0.1311 -0.8130 0.5673
vn -0.0917 -0.8361 0.5409
vn 0.0611 -0.9769 0.2049
vn 0.0719 -0.9710 0.2280
vn -0.3524 -0.3756 0.8572
vn -0.3477 -0.3684 0.8622
vn 0.4365 -0.8826 -0.1745
vn 0.4413 -0.8886 -0.1248
vn -0.4879 -0.2499 0.8364
vn -0.4778 -0.2574 0.8399
vn 0.7037 -0.3022 -0.6430
vn 0.6952 -0.2853 -0.6598
vn 0.7467 -0.2392 -0.6207
vn 0.7422 -0.2288 -0.6299
vn -0.6677 -0.0529 0.7426
vn -0.6779 -0.0443 0.7338
vn -0.7250 -0.0712 0.6851
vn -0.7220 -0.0738 0.6879
vn 0.9436 0.1250 -0.3065
vn 0.9428 0.1255 -0.3089
vn 0.9361 0.1976 -0.2909
vn 0.9553 0.1918 -0.2250
vn 0.9922 0.1232 -0.0164
vn 0.9906 0.1273 -0.0499
vn 0.9865 0.0709 0.1479
vn 0.9680 0.0719 0.2406
vn 0.8695 0.4497 0.2042
vn 0.7256 0.5257 0.4441
vn -0.3918 0.1659 0.9050
vn -0.4021 0.1655 0.9005
vn -0.2663 0.2306 0.9359
vn -0.2468 0.2329 0.9407
vn -0.3522 0.2688 0.8965
vn -0.3722 0.2645 0.8896
vn -0.4435 0.2156 0.8700
vn -0.4661 0.1778 0.8667
vn -0.0666 -0.7013 0.7097
vn -0.0888 -0.7176 0.6908
vn -0.0587 -0.8477 0.5272
vn -0.0418 -0.8383 0.5436
vn -0.0725 -0.9127 0.4021
vn -0.0314 -0.9295 0.3675
vn -0.1949 -0.5250 0.8285
vn -0.2082 -0.5374 0.8172
vn 0.3166 -0.9189 -0.2354
vn 0.3069 -0.9151 -0.2617
vn -0.3826 -0.2342 0.8938
vn -0.3798 -0.2297 0.8961
vn 0.5855 -0.6911 -0.4237
vn 0.5763 -0.6735 -0.4629
vn 0.9534 0.1723 -0.2476
vn 0.9690 0.1629 -0.1857
vn 0.9512 0.0962 0.2933
vn 0.9930 0.1146 -0.0301
vn 0.9653 0.2517 -0.0689
vn 0.9331 0.2358 -0.2716
vn 0.8692 0.4474 0.2108
vn 0.9151 0.4031 0.0013
vn 0.5927 0.4971 0.6338
vn 0.8621 0.4467 0.2391
vn 0.0002 0.4113 0.9115
vn 0.2636 0.4269 0.8650
vn -0.0522 0.4306 0.9010
vn -0.1491 0.4124 0.8987
vn -0.4171 0.2852 0.8630
vn -0.3860 0.2940 0.8744
vn -0.5087 0.2171 0.8331
vn -0.5322 0.1623 0.8309
vn -0.5436 0.0944 0.8341
vn -0.4698 0.0872 0.8784
vn -0.5615 0.1231 0.8182
vn -0.5996 0.0525 0.7986
vn -0.0407 -0.9293 0.3672
vn -0.0122 -0.9420 0.3355
vn -0.0979 -0.5451 0.8327
vn -0.0982 -0.5454 0.8324
vn 0.0099 -0.9957 0.0916
vn 0.0378 -0.9974 0.0614
vn -0.2210 -0.3724 0.9014
vn -0.2177 -0.3687 0.9037
vn 0.4116 -0.7639 -0.4971
vn 0.4211 -0.7727 -0.4749
vn 0.5429 -0.4438 -0.7129
vn 0.5489 -0.4513 -0.7037
vn -0.5755 -0.0175 0.8176
vn -0.5502 -0.0382 0.8342
vn 0.9495 0.2427 -0.1990
vn 0.9717 0.2360 -0.0057
vn 0.9004 0.3969 0.1782
vn 0.9273 0.3574 -0.1111
vn 0.3130 0.5065 0.8034
vn 0.2315 0.4995 0.8348
vn 0.2091 0.5585 0.8027
vn 0.1440 0.5511 0.8219
vn -0.1776 0.4222 0.8889
vn -0.2156 0.4124 0.8851
vn -0.3911 0.2963 0.8714
vn -0.4365 0.2820 0.8544
vn -0.5478 0.1753 0.8180
vn -0.5756 0.0882 0.8130
vn -0.6248 0.0927 0.7752
vn -0.6564 0.0133 0.7543
vn -0.6409 0.0146 0.7675
vn -0.5435 -0.0156 0.8392
vn -0.6451 0.0266 0.7636
vn -0.6931 -0.0753 0.7169
vn -0.0128 -0.9996 0.0267
vn 0.0095 -0.9981 0.0611
vn -0.1038 -0.3729 0.9221
vn -0.1016 -0.3704 0.9233
vn 0.1009 -0.9453 -0.3103
vn 0.0965 -0.9430 -0.3185
vn -0.2229 -0.1965 0.9548
vn -0.1973 -0.1655 0.9663
vn 0.4716 -0.4683 -0.7472
vn 0.4769 -0.4748 -0.7397
vn -0.4203 -0.0404 0.9065
vn -0.4147 -0.0316 0.9094
vn 0.5214 0.6041 0.6027
vn 0.6740 0.5793 0.4584
vn 0.4664 0.6417 0.6088
vn 0.1335 0.6190 0.7739
vn 0.1037 0.5683 0.8163
vn -0.0378 0.5418 0.8397
vn -0.2506 0.4231 0.8708
vn -0.2255 0.4311 0.8737
vn -0.4103 0.2715 0.8706
vn -0.4339 0.2633 0.8617
vn -0.5890 0.0973 0.8022
vn -0.5970 0.0312 0.8016
vn -0.6585 0.0159 0.7524
vn -0.6837 -0.0883 0.7244
vn -0.7152 -0.0292 0.6984
vn -0.7530 -0.1484 0.6411
vn -0.6488 -0.0514 0.7593
vn -0.5440 -0.0937 0.8338
vn -0.6481 -0.0536 0.7596
vn -0.7022 -0.1493 0.6962
vn 0.0336 -0.9470 -0.3194
vn 0.0225 -0.9409 -0.3379
vn -0.1053 -0.1662 0.9805
vn -0.0797 -0.1340 0.9878
vn 0.1391 -0.8141 -0.5638
vn 0.1311 -0.8058 -0.5775
vn 0.7867 0.5835 0.2015
vn 0.7047 0.6246 0.3365
vn 0.8635 0.4979 -0.0808
vn 0.8252 0.5613 0.0629
vn 0.8128 0.5786 -0.0679
vn 0.8198 0.5654 -0.0906
vn 0.6541 0.7309 0.1951
vn 0.8157 0.5715 -0.0890
vn 0.1255 0.6216 0.7732
vn 0.3840 0.6401 0.6655
vn -0.0495 0.5454 0.8367
vn 0.0684 0.5717 0.8176
vn -0.2333 0.4331 0.8706
vn -0.1764 0.4514 0.8747
vn -0.4000 0.2518 0.8812
vn -0.3846 0.2575 0.8865
vn -0.5595 0.0082 0.8288
vn -0.6221 -0.0117 0.7828
vn -0.6960 -0.0749 0.7141
vn -0.7004 -0.1784 0.6911
vn -0.7526 -0.1491 0.6414
vn -0.7671 -0.2587 0.5871
vn -0.7133 -0.1236 0.6899
vn -0.7515 -0.2215 0.6214
vn 0.1523 -0.5544 -0.8182
vn 0.1605 -0.5677 -0.8074
vn 0.8762 0.4483 -0.1768
vn 0.8607 0.5081 -0.0324
vn 0.8250 0.5406 -0.1649
vn 0.8311 0.5177 -0.2032
vn 0.6894 0.7173 -0.1011
vn 0.7823 0.5131 -0.3532
vn 0.8147 0.5728 -0.0899
vn 0.5244 0.7893 0.3193
vn 0.3177 0.6777 0.6632
vn 0.4381 0.6720 0.5971
vn 0.0206 0.5870 0.8093
vn 0.1930 0.6199 0.7606
vn -0.1774 0.4517 0.8743
vn -0.1035 0.4747 0.8741
vn -0.6401 -0.2281 0.7336
vn -0.7337 -0.2419 0.6349
vn -0.7669 -0.2590 0.5872
vn -0.7574 -0.3791 0.5316
vn -0.7423 -0.2383 0.6262
vn -0.7581 -0.3241 0.5660
vn -0.0750 0.1083 0.9913
vn -0.0433 0.1463 0.9883
vn 0.7894 0.5790 -0.2041
vn 0.8056 0.4990 -0.3194
vn 0.8006 0.4940 -0.3393
vn 0.7647 0.6174 -0.1845
vn 0.6257 0.7008 0.3426
vn 0.7556 0.6314 0.1741
vn 0.3850 0.7080 0.5920
vn 0.4122 0.7064 0.5755
vn 0.1301 0.6449 0.7531
vn 0.1792 0.6529 0.7360
vn -0.3201 0.2384 0.9169
vn -0.3235 0.2642 0.9086
vn -0.6918 -0.4508 0.5641
vn -0.7714 -0.4323 0.4670
vn -0.7365 -0.3572 0.5744
vn -0.7339 -0.4254 0.5295
vn 0.7583 0.5579 -0.3373
vn 0.7626 0.5085 -0.3997
vn 0.6617 0.7103 -0.2402
vn 0.7206 0.5702 -0.3944
vn 0.6657 0.7352 0.1276
vn 0.5382 0.7991 0.2678
vn 0.3419 0.7488 0.5678
vn 0.5819 0.7122 0.3927
vn -0.0471 0.4591 0.8871
vn -0.0529 0.5212 0.8518
vn -0.1511 0.2407 0.9588
vn -0.1444 0.2240 0.9638
vn 0.0096 0.2397 0.9708
vn -0.0145 0.2265 0.9739
vn -0.5548 -0.0471 0.8306
vn -0.5431 -0.0992 0.8338
vn -0.6683 -0.5047 0.5465
vn -0.7208 -0.4861 0.4940
vn 0.7142 0.5560 -0.4252
vn 0.7148 0.5431 -0.4406
vn 0.7388 0.5564 -0.3803
vn 0.7122 0.6440 -0.2794
vn 0.6250 0.7225 0.2957
vn 0.7377 0.6586 0.1483
vn 0.2148 0.6384 0.7391
vn 0.2103 0.6737 0.7084
vn 0.0890 0.5505 0.8301
vn 0.0977 0.5297 0.8425
vn 0.1524 0.5562 0.8170
vn 0.1370 0.5498 0.8240
vn 0.0422 0.2353 0.9710
vn 0.0326 0.2483 0.9681
vn -0.3850 -0.2082 0.8991
vn -0.3930 -0.1938 0.8989
vn -0.1756 -0.2265 0.9581
vn -0.1996 -0.2387 0.9504
vn -0.6650 -0.2966 0.6854
vn -0.6364 -0.3809 0.6707
vn 0.6774 0.5731 -0.4612
vn 0.6777 0.5686 -0.4663
vn 0.5832 0.8089 0.0743
vn 0.6596 0.7514 -0.0178
vn 0.4707 0.7989 0.3744
vn 0.4943 0.7930 0.3560
vn 0.2504 0.7173 0.6502
vn 0.2639 0.6914 0.6726
vn 0.2780 0.7474 0.6035
vn 0.2380 0.7386 0.6307
vn 0.1380 0.5589 0.8177
vn 0.1318 0.5662 0.8137
vn 0.0205 0.2491 0.9683
vn 0.0254 0.2535 0.9670
vn -0.0805 -0.2398 0.9675
vn -0.1077 -0.2079 0.9722
vn -0.4713 -0.5280 0.7064
vn -0.5024 -0.4862 0.7150
vn -0.3099 -0.6153 0.7249
vn -0.2844 -0.6072 0.7419
vn -0.7004 -0.5072 0.5021
vn -0.6583 -0.5939 0.4626
vn 0.6346 0.5980 -0.4896
vn 0.6357 0.5899 -0.4979
vn 0.6597 0.6825 -0.3146
vn 0.6695 0.6607 -0.3395
vn 0.4757 0.8504 0.2246
vn 0.4352 0.8624 0.2586
vn 0.5470 0.8209 -0.1642
vn 0.5227 0.8413 -0.1378
vn 0.4592 0.8462 -0.2704
vn 0.4270 0.8743 -0.2309
vn 0.4266 0.8978 0.1092
vn 0.3667 0.9150 0.1684
vn 0.2317 0.7605 0.6066
vn 0.2030 0.7886 0.5805
vn 0.0546 0.5741 0.8169
vn 0.0591 0.5773 0.8144
vn -0.1913 -0.6400 0.7442
vn -0.1927 -0.6387 0.7449
vn -0.4543 -0.7940 0.4039
vn -0.5315 -0.7209 0.4447
vn -0.3417 -0.8838 0.3197
vn -0.2542 -0.8873 0.3849
vn -0.6428 -0.5705 0.5112
vn -0.6172 -0.6280 0.4740
vn 0.5278 0.7253 -0.4419
vn 0.5223 0.7345 -0.4332
vn 0.4913 0.6703 -0.5562
vn 0.4950 0.6608 -0.5642
vn 0.3766 0.7364 -0.5620
vn 0.3871 0.7192 -0.5770
vn 0.4100 0.7750 -0.4810
vn 0.4223 0.7568 -0.4989
vn 0.2992 0.9043 -0.3044
vn 0.2831 0.9156 -0.2855
vn 0.2935 0.9508 0.0988
vn 0.3057 0.9482 0.0862
vn 0.0818 0.8073 0.5844
vn 0.1204 0.8249 0.5523
vn -0.0640 -0.6526 0.7550
vn -0.0691 -0.6556 0.7520
vn -0.2156 -0.9191 0.3298
vn -0.1501 -0.9456 0.2887
vn -0.3978 -0.8093 0.4323
vn -0.4476 -0.7647 0.4635
vn -0.2548 -0.9033 0.3451
vn -0.1957 -0.9000 0.3896
vn 0.2575 0.7667 -0.5881
vn 0.2536 0.7718 -0.5831
vn 0.2587 0.8178 -0.5141
vn 0.2690 0.8059 -0.5275
vn 0.1261 0.9887 0.0806
vn 0.1289 0.9886 0.0774
vn -0.0761 -0.9538 0.2907
vn -0.0766 -0.9539 0.2903
vn -0.1513 -0.9249 0.3487
vn -0.1339 -0.9322 0.3363
vn -0.0677 -0.9391 0.3370
vn -0.0770 -0.9410 0.3296
vn 0.0635 -0.5610 -0.8254
vn 0.0649 -0.5635 -0.8235
vn -0.1837 0.1061 0.9772
vn -0.1376 0.0449 0.9895
vn 0.4918 -0.7412 -0.4569
vn 0.4938 -0.7434 -0.4512
vn 0.3687 -0.9016 -0.2264
vn 0.3786 -0.9065 -0.1870
vn 0.0963 -0.9664 0.2384
vn 0.0939 -0.9684 0.2310
vn -0.0911 -0.8711 0.4825
vn -0.1014 -0.8827 0.4589
vn -0.1947 -0.7980 0.5703
vn -0.1889 -0.7909 0.5821
vn -0.2781 -0.6815 0.6769
vn -0.2659 -0.6877 0.6756
vn -0.3613 -0.5348 0.7638
vn -0.3308 -0.5539 0.7640
vn -0.4159 -0.3767 0.8277
vn -0.3838 -0.4000 0.8323
vn -0.4420 -0.2400 0.8643
vn -0.4378 -0.2434 0.8655
vn -0.5081 -0.0288 0.8608
vn -0.4885 -0.0451 0.8714
vn 0.6082 -0.4159 -0.6762
vn 0.6021 -0.4071 -0.6869
vn 0.6358 -0.6334 -0.4411
vn 0.6333 -0.6256 -0.4556
vn 0.4691 -0.8752 -0.1184
vn 0.4685 -0.8781 -0.0971
vn 0.1679 -0.9477 0.2714
vn 0.1679 -0.9483 0.2692
vn -0.0668 -0.8670 0.4937
vn -0.0669 -0.8685 0.4912
vn -0.1821 -0.7922 0.5825
vn -0.1827 -0.7971 0.5756
vn -0.2928 -0.7029 0.6483
vn -0.2553 -0.7191 0.6464
vn -0.3879 -0.5777 0.7182
vn -0.3518 -0.5973 0.7207
vn -0.4726 -0.4344 0.7668
vn -0.4048 -0.4770 0.7801
vn -0.5306 -0.2651 0.8051
vn -0.5252 -0.2690 0.8073
vn -0.6247 -0.0270 0.7804
vn -0.6210 -0.0301 0.7832
vn -0.6011 -0.1673 0.7814
vn -0.5239 -0.0883 0.8472
vn -0.6653 -0.1873 0.7227
vn -0.6144 -0.1160 0.7804
vn -0.6966 -0.2366 0.6773
vn -0.6678 -0.1812 0.7220
vn -0.6857 -0.3114 0.6579
vn -0.6748 -0.2769 0.6841
vn -0.6521 -0.4059 0.6403
vn -0.6485 -0.3666 0.6672
vn -0.1181 -0.8154 0.5667
vn -0.1357 -0.8051 0.5774
vn -0.0423 -0.8319 0.5533
vn -0.0649 -0.8199 0.5688
vn 0.0455 -0.8110 -0.5832
vn 0.0443 -0.8097 -0.5851
vn 0.8962 -0.0919 -0.4340
vn 0.9018 -0.0976 -0.4210
vn 0.9388 -0.1366 -0.3163
vn 0.8919 -0.0670 -0.4472
vn 0.9314 -0.2026 -0.3024
vn 0.9374 -0.2191 -0.2707
vn 0.9321 -0.2139 -0.2925
vn 0.9310 -0.2113 -0.2976
vn 0.8592 -0.5029 -0.0944
vn 0.8604 -0.4900 -0.1396
vn 0.7793 -0.6260 -0.0286
vn 0.7099 -0.6718 0.2116
vn 0.3089 -0.8261 0.4713
vn 0.1551 -0.7800 0.6063
vn 0.0039 -0.7664 0.6424
vn -0.0342 -0.7688 0.6386
vn -0.1909 -0.7361 0.6494
vn -0.1256 -0.7375 0.6636
vn -0.2971 -0.6879 0.6622
vn -0.1907 -0.6940 0.6943
vn -0.4656 -0.5857 0.6635
vn -0.3385 -0.6006 0.7244
vn -0.6051 -0.4581 0.6511
vn -0.5438 -0.4666 0.6975
vn 0.6615 -0.3362 -0.6703
vn 0.6524 -0.3720 -0.6603
vn 0.8405 -0.0787 -0.5360
vn 0.8490 -0.1042 -0.5181
vn 0.8209 -0.1409 -0.5534
vn 0.8137 -0.2533 -0.5231
vn 0.7493 -0.3970 -0.5300
vn 0.7680 -0.3056 -0.5628
vn 0.7017 -0.4680 -0.5371
vn 0.7122 -0.4347 -0.5512
vn 0.6584 -0.5046 -0.5585
vn 0.6583 -0.5049 -0.5584
vn 0.6006 -0.5520 -0.5784
vn 0.6052 -0.5426 -0.5825
vn 0.5350 -0.5882 -0.6065
vn 0.5323 -0.5928 -0.6043
vn 0.4588 -0.6226 -0.6339
vn 0.4603 -0.6244 -0.6310
vn 0.1448 -0.6766 -0.7220
vn 0.1543 -0.6903 -0.7068
vn 0.0597 -0.6977 -0.7139
vn 0.0513 -0.6846 -0.7272
vn 0.0979 0.8012 -0.5903
vn 0.1074 0.7922 -0.6007
vn 0.1119 0.8438 -0.5249
vn 0.1295 0.8281 -0.5454
vn 0.1388 0.9356 -0.3248
vn 0.1205 0.9454 -0.3028
vn 0.8721 0.0473 -0.4870
vn 0.8801 0.0290 -0.4740
vn 0.8123 0.0205 -0.5828
vn 0.8233 -0.0022 -0.5676
vn 0.8509 0.0220 -0.5249
vn 0.8465 0.0532 -0.5297
vn 0.8482 0.1306 -0.5133
vn 0.8486 0.1286 -0.5131
vn 0.8751 -0.0371 -0.4826
vn 0.8544 0.0031 -0.5196
vn 0.8631 -0.0149 -0.5048
vn 0.8610 -0.0531 -0.5059
vn 0.7902 0.0682 -0.6090
vn 0.8078 0.0365 -0.5884
vn 0.8221 0.1146 -0.5576
vn 0.8328 0.0958 -0.5452
vn 0.8478 0.1280 -0.5147
vn 0.8584 0.0329 -0.5119
vn 0.8443 0.0190 -0.5356
vn 0.8597 -0.0005 -0.5108
vn 0.9403 0.0535 -0.3362
vn 0.8952 0.0893 -0.4367
vn 0.7912 -0.0850 -0.6057
vn 0.7725 -0.0474 -0.6332
vn 0.8880 0.1077 -0.4470
vn 0.8886 0.1036 -0.4468
vn 0.9128 0.1265 -0.3884
vn 0.8857 0.1372 -0.4436
vn 0.6776 -0.1921 -0.7099
vn 0.6841 -0.2025 -0.7007
vn 0.7285 -0.1388 -0.6708
vn 0.7279 -0.1527 -0.6685
vn 0.7604 -0.0170 -0.6493
vn 0.7592 0.0023 -0.6509
vn 0.8850 0.0939 -0.4560
vn 0.8628 0.1661 -0.4774
vn 0.8982 0.1689 -0.4057
vn 0.8756 0.1739 -0.4507
vn 0.6601 -0.1118 -0.7428
vn 0.6495 -0.0975 -0.7541
vn 0.7077 -0.0618 -0.7038
vn 0.7028 -0.0542 -0.7093
vn 0.8667 0.1806 -0.4649
vn 0.8409 0.1831 -0.5093
vn 0.9282 0.2138 -0.3044
vn 0.8945 0.2197 -0.3894
vn 0.5402 -0.3273 -0.7753
vn 0.5302 -0.3155 -0.7870
vn 0.8730 0.2511 -0.4181
vn 0.8713 0.2511 -0.4216
vn 0.9487 0.2489 -0.1949
vn 0.9416 0.2496 -0.2260
vn 0.9361 0.3517 0.0058
vn 0.9286 0.3348 -0.1600
vn 0.4720 -0.3479 -0.8101
vn 0.4785 -0.3557 -0.8028
vn 0.5148 -0.2156 -0.8298
vn 0.5188 -0.2200 -0.8261
vn 0.9441 0.2989 -0.1392
vn 0.8819 0.2899 -0.3719
vn 0.9441 0.3080 -0.1174
vn 0.9197 0.3371 -0.2013
vn 0.4582 -0.2532 -0.8520
vn 0.4635 -0.2368 -0.8539
vn 0.1632 -0.4480 -0.8790
vn 0.1648 -0.4506 -0.8774
vn 0.8648 0.4279 -0.2626
vn 0.9053 0.4172 -0.0803
vn 0.8297 0.5043 -0.2392
vn 0.8286 0.4180 -0.3725
vn 0.1639 -0.3524 -0.9214
vn 0.1587 -0.3438 -0.9255
vn 0.8798 0.3577 -0.3131
vn 0.9018 0.4116 -0.1320
vn 0.8626 0.4165 -0.2871
vn 0.8170 0.3977 -0.4175
vn 0.7979 0.4735 -0.3730
vn 0.7970 0.4494 -0.4036
vn 0.8040 0.4254 -0.4154
vn 0.7781 0.4104 -0.4755
vn 0.7599 0.5024 -0.4125
vn 0.7528 0.4323 -0.4964
vn 0.7684 0.4258 -0.4777
vn 0.7395 0.4125 -0.5321
vn 0.6880 0.5018 -0.5242
vn 0.6857 0.4862 -0.5417
vn 0.6904 0.4702 -0.5497
vn 0.6647 0.4604 -0.5885
vn 0.6432 0.5216 -0.5606
vn 0.6433 0.5232 -0.5589
vn 0.6247 0.4945 -0.6044
vn 0.6154 0.4913 -0.6164
vn 0.5761 0.5197 -0.6309
vn 0.5787 0.5412 -0.6101
vn 0.6050 0.5496 -0.5761
vn 0.6051 0.5532 -0.5726
vn 0.4629 0.6250 -0.6286
vn 0.4629 0.6251 -0.6285
vn 0.4564 0.5978 -0.6591
vn 0.4540 0.6126 -0.6470
vn 0.3329 0.7030 -0.6285
vn 0.3483 0.6742 -0.6512
vn 0.2395 0.7238 -0.6471
vn 0.2303 0.7364 -0.6361
vn 0.0603 -0.3620 -0.9302
vn 0.0655 -0.3716 -0.9261
vn 0.0648 -0.4562 -0.8875
vn 0.0660 -0.4585 -0.8862
vn 0.5725 -0.1927 -0.7970
vn 0.5618 -0.1805 -0.8074
vn 0.5918 -0.2823 -0.7550
vn 0.5872 -0.2765 -0.7608
vn 0.1998 0.7029 -0.6827
vn 0.2130 0.6821 -0.6995
vn 0.2957 0.6653 -0.6855
vn 0.3044 0.6459 -0.7001
vn 0.0867 0.7192 -0.6894
vn 0.0897 0.7158 -0.6925
vn 0.8606 0.0673 -0.5048
vn 0.8889 0.0421 -0.4562
vn 0.8794 0.0035 -0.4761
vn 0.9069 -0.0228 -0.4208
vn 0.6167 -0.1386 -0.7749
vn 0.6152 -0.1504 -0.7739
vn 0.6363 -0.2368 -0.7342
vn 0.6403 -0.2425 -0.7288
vn 0.0932 0.7540 -0.6503
vn 0.0937 0.7534 -0.6508
vn -0.3474 -0.6124 0.7102
vn -0.2891 -0.6101 0.7377
vn -0.4212 -0.4844 0.7668
vn -0.4589 -0.4895 0.7415
vn -0.2434 -0.5383 0.8068
vn -0.2240 -0.5507 0.8041
vn -0.5485 -0.0690 0.8333
vn -0.4554 -0.1246 0.8815
vn -0.3451 -0.3866 0.8553
vn -0.3566 -0.3753 0.8555
vn -0.1607 -0.4485 0.8792
vn -0.1819 -0.4387 0.8800
vn -0.1755 -0.2256 0.9583
vn -0.3483 -0.2947 0.8898
vn -0.2429 -0.3621 0.9000
vn -0.1541 -0.4097 0.8991
vn -0.4129 -0.4268 0.8046
vn -0.3778 -0.4214 0.8244
vn -0.3674 -0.3332 0.8683
vn -0.2544 -0.3093 0.9163
vn -0.5149 -0.2048 0.8324
vn -0.3999 -0.1178 0.9089
vn -0.0192 -0.2136 0.9767
vn -0.0384 -0.1943 0.9802
vn -0.1927 -0.7964 0.5733
vn -0.1846 -0.7942 0.5789
vn -0.3730 -0.6817 0.6294
vn -0.2841 -0.7571 0.5883
vn -0.5406 -0.5520 0.6348
vn -0.5335 -0.5746 0.6207
vn -0.6063 -0.4903 0.6261
vn -0.6100 -0.4573 0.6472
vn -0.5431 -0.4656 0.6987
vn -0.4854 -0.5406 0.6871
vn 0.5309 0.5759 -0.6217
vn 0.5309 0.5703 -0.6269
vn 0.5451 0.5874 -0.5982
vn 0.5451 0.5873 -0.5982
vn 0.5718 0.6244 -0.5321
vn 0.5711 0.6273 -0.5294
vn 0.6079 0.6901 -0.3928
vn 0.6010 0.7039 -0.3786
vn 0.6203 0.7786 -0.0954
vn 0.5862 0.8083 -0.0547
vn 0.5248 0.8052 0.2759
vn 0.4404 0.8290 0.3448
vn 0.2640 0.6913 0.6726
vn 0.1916 0.6805 0.7073
vn 0.0549 0.5411 0.8392
vn -0.0270 0.5152 0.8566
vn -0.2379 0.2481 0.9391
vn -0.2497 0.2435 0.9372
vn -0.5000 -0.1565 0.8518
vn -0.4499 -0.1400 0.8821
vn -0.6021 -0.4410 0.6655
vn -0.5456 -0.4300 0.7193
vn -0.6256 -0.6547 0.4243
vn -0.5524 -0.6731 0.4918
vn -0.5630 -0.6954 0.4466
vn -0.5124 -0.7075 0.4868
vn -0.4556 -0.6295 0.6295
vn -0.4446 -0.6485 0.6178
vn -0.2837 -0.7572 0.5883
vn -0.2514 -0.7804 0.5724
vn -0.2886 -0.8495 0.4416
vn -0.3726 -0.8476 0.3778
vn -0.3713 -0.8305 0.4153
vn -0.4391 -0.8218 0.3630
vn -0.3867 -0.5589 0.7336
vn -0.4189 -0.5666 0.7095
vn -0.3111 -0.2298 0.9222
vn -0.2872 -0.2199 0.9323
vn -0.0816 0.2253 0.9709
vn -0.0603 0.2349 0.9701
vn 0.1158 0.5438 0.8312
vn 0.1349 0.5502 0.8240
vn 0.2428 0.7199 0.6503
vn 0.2782 0.7260 0.6289
vn 0.4073 0.8879 0.2137
vn 0.4479 0.8762 0.1778
vn 0.4709 0.8614 -0.1901
vn 0.4916 0.8444 -0.2129
vn 0.4630 0.7534 -0.4670
vn 0.4738 0.7371 -0.4820
vn 0.4501 0.6866 -0.5710
vn 0.4434 0.7000 -0.5599
vn 0.4126 0.6437 -0.6446
vn 0.4077 0.6561 -0.6351
vn 0.3874 0.6239 -0.6787
vn 0.3880 0.6218 -0.6803
vn -0.4221 -0.2712 0.8651
vn -0.2971 -0.2142 0.9305
vn -0.3469 -0.2126 0.9135
vn -0.4551 -0.1280 0.8812
vn -0.3293 -0.1233 0.9362
vn -0.4489 -0.0564 0.8918
vn -0.2687 -0.0347 0.9626
vn -0.3671 -0.0027 0.9302
vn -0.0528 0.0490 0.9974
vn -0.2814 0.0879 0.9556
vn 0.1131 0.1776 0.9776
vn 0.1314 0.2168 0.9673
vn 0.4623 0.3009 0.8341
vn 0.3843 0.1627 0.9088
vn 0.7074 0.2425 0.6639
vn 0.6965 0.2186 0.6835
vn 0.9596 0.2463 0.1363
vn 0.9193 0.2852 0.2711
vn 0.9044 0.1346 0.4049
vn 0.9257 0.2223 0.3061
vn 0.9713 0.2377 -0.0083
vn 0.9688 0.2296 -0.0935
vn 0.9475 0.2938 -0.1264
vn 0.9684 0.2445 -0.0488
vn 0.9513 0.2938 -0.0937
vn 0.9490 0.2925 -0.1181
vn 0.9442 0.3002 -0.1353
vn 0.9439 0.3009 -0.1360
vn 0.2669 -0.3250 -0.9073
vn 0.2611 -0.3168 -0.9118
vn 0.2769 -0.4322 -0.8582
vn 0.2702 -0.4225 -0.8651
vn 0.2899 -0.5434 -0.7879
vn 0.2760 -0.5237 -0.8060
vn 0.2806 -0.6680 -0.6893
vn 0.2708 -0.6555 -0.7050
vn 0.2271 -0.8010 -0.5539
vn 0.2430 -0.8163 -0.5240
vn 0.1594 -0.9388 -0.3054
vn 0.1694 -0.9435 -0.2849
vn 0.0425 -0.9885 0.1455
vn -0.0710 -0.8994 0.4314
vn -0.0946 -0.9114 0.4005
vn -0.1424 -0.7980 0.5856
vn -0.1615 -0.8104 0.5632
vn -0.2035 -0.6773 0.7070
vn -0.1968 -0.6718 0.7141
vn -0.2276 -0.5203 0.8231
vn -0.2297 -0.5224 0.8212
vn -0.2526 -0.3721 0.8932
vn -0.2519 -0.3712 0.8937
vn -0.2648 -0.2235 0.9380
vn -0.2438 -0.1968 0.9496
vn -0.2132 0.0017 0.9770
vn -0.2482 0.0392 0.9679
vn 0.3744 -0.2816 -0.8835
vn 0.3709 -0.2902 -0.8822
vn 0.3913 -0.3760 -0.8399
vn 0.3823 -0.3952 -0.8353
vn 0.3930 -0.4974 -0.7734
vn 0.3892 -0.4926 -0.7783
vn 0.3664 -0.6562 -0.6597
vn 0.3784 -0.6397 -0.6691
vn 0.3390 -0.7895 -0.5117
vn 0.3344 -0.7938 -0.5080
vn 0.2626 -0.9269 -0.2683
vn 0.2695 -0.9233 -0.2736
vn 0.0235 -0.9792 0.2014
vn 0.1050 -0.9831 0.1497
vn -0.1049 -0.8893 0.4451
vn -0.0765 -0.8992 0.4309
vn -0.1663 -0.7957 0.5824
vn -0.1647 -0.7965 0.5818
vn -0.2218 -0.6722 0.7064
vn -0.2256 -0.6755 0.7019
vn -0.2766 -0.5234 0.8059
vn -0.2713 -0.5175 0.8115
vn -0.3071 -0.3682 0.8776
vn -0.3091 -0.3708 0.8757
vn -0.3342 -0.2265 0.9149
vn -0.3339 -0.2261 0.9151
vn -0.3531 -0.0307 0.9351
vn -0.3392 -0.0113 0.9407
vn 0.1054 -0.8123 0.5736
vn 0.1287 -0.8085 0.5743
vn 0.0116 -0.8483 0.5293
vn 0.0392 -0.8346 0.5495
vn 0.2149 -0.7764 0.5924
vn 0.1884 -0.8025 0.5661
vn 0.2041 -0.8049 0.5572
vn 0.1464 -0.8206 0.5524
vn 0.1271 -0.8175 0.5618
vn 0.0859 -0.8449 0.5280
vn 0.1612 -0.7973 0.5817
vn 0.1424 -0.8118 0.5663
vn -0.2236 -0.8937 0.3890
vn -0.1286 -0.8704 0.4753
vn 0.0906 -0.8038 0.5879
vn 0.0811 -0.8049 0.5879
vn -0.0494 -0.8305 0.5548
vn -0.0425 -0.8304 0.5556
vn -0.0671 -0.8213 0.5666
vn -0.0858 -0.8207 0.5648
vn 0.0469 -0.7955 0.6041
vn 0.0680 -0.7947 0.6032
vn 0.2832 -0.7390 0.6113
vn 0.3019 -0.7336 0.6089
vn 0.0481 -0.8702 0.4903
vn 0.0204 -0.8746 0.4844
vn -0.0040 -0.8697 0.4935
vn -0.0526 -0.8916 0.4497
vn 0.3414 -0.6900 0.6382
vn 0.3169 -0.7218 0.6153
vn 0.3116 -0.7208 0.6191
vn 0.2998 -0.7331 0.6105
vn -0.6676 -0.7445 -0.0015
vn -0.5392 -0.8211 0.1872
vn -0.3020 -0.8612 0.4088
vn -0.5032 -0.7963 0.3358
vn -0.4207 -0.8546 0.3044
vn -0.6923 -0.6941 0.1972
vn -0.0488 -0.6824 0.7294
vn -0.0345 -0.6853 0.7274
vn -0.4147 -0.6798 0.6049
vn -0.5737 -0.5883 0.5700
vn 0.2522 -0.7436 0.6192
vn 0.2777 -0.7375 0.6156
vn 0.2089 -0.7452 0.6333
vn 0.2414 -0.7402 0.6275
vn 0.4723 -0.6206 0.6259
vn 0.5050 -0.6063 0.6143
vn 0.1979 -0.7739 0.6016
vn 0.2574 -0.7549 0.6031
vn 0.1869 -0.8032 0.5657
vn 0.1979 -0.7890 0.5816
vn -0.3295 -0.9111 0.2476
vn -0.4332 -0.8794 0.1975
vn -0.4679 -0.8591 0.2073
vn -0.4931 -0.8520 0.1760
vn 0.5024 -0.5577 0.6608
vn 0.4891 -0.5816 0.6500
vn 0.5048 -0.5855 0.6343
vn 0.4931 -0.6026 0.6275
vn -0.8021 -0.5585 -0.2116
vn -0.7650 -0.6338 -0.1143
vn -0.7180 -0.6959 0.0130
vn -0.8778 -0.4637 -0.1199
vn -0.8620 -0.4892 -0.1331
vn -0.8648 -0.4837 -0.1351
vn -0.8923 -0.3738 0.2530
vn -0.9079 -0.3432 0.2408
vn -0.6130 -0.4595 0.6428
vn -0.5643 -0.4914 0.6634
vn -0.1434 -0.5692 0.8096
vn -0.0768 -0.5878 0.8054
vn 0.0671 -0.6769 0.7331
vn 0.0623 -0.6761 0.7341
vn 0.4068 -0.6490 0.6429
vn 0.4793 -0.6233 0.6179
vn 0.2898 -0.6828 0.6707
vn 0.4181 -0.6539 0.6306
vn 0.6099 -0.4809 0.6299
vn 0.6846 -0.4394 0.5816
vn 0.2421 -0.7369 0.6312
vn 0.2841 -0.7202 0.6330
vn 0.1812 -0.7921 0.5829
vn 0.1949 -0.7875 0.5847
vn 0.2014 -0.7879 0.5819
vn 0.2365 -0.7529 0.6141
vn 0.2739 -0.7393 0.6152
vn 0.0502 -0.8706 0.4895
vn 0.0645 -0.8581 0.5093
vn 0.3105 -0.6855 0.6585
vn 0.3757 -0.6587 0.6519
vn -0.6554 -0.7542 -0.0401
vn -0.6602 -0.7495 -0.0498
vn -0.7202 -0.6929 -0.0347
vn -0.7597 -0.6398 -0.1163
vn 0.6862 -0.3471 0.6392
vn 0.6784 -0.3714 0.6339
vn 0.6922 -0.3780 0.6149
vn 0.6698 -0.4306 0.6049
vn -0.8552 -0.4091 -0.3182
vn -0.8559 -0.4020 -0.3252
vn -0.9014 -0.2735 -0.3355
vn -0.8620 -0.0662 -0.5026
vn -0.8545 -0.4870 -0.1809
vn -0.8703 -0.3841 -0.3083
vn -0.9029 -0.3233 -0.2832
vn -0.9214 -0.2372 -0.3079
vn -0.9702 -0.2334 0.0643
vn -0.9822 -0.1826 0.0443
vn -0.9082 -0.2545 0.3323
vn -0.9116 -0.2481 0.3279
vn -0.6046 -0.4465 0.6596
vn -0.5703 -0.4491 0.6878
vn -0.3814 -0.4938 0.7815
vn -0.1731 -0.4694 0.8658
vn -0.0371 -0.5610 0.8270
vn 0.0076 -0.5726 0.8198
vn 0.1403 -0.6618 0.7365
vn 0.1624 -0.6641 0.7298
vn 0.5343 -0.5324 0.6566
vn 0.6286 -0.4935 0.6011
vn 0.4496 -0.5700 0.6877
vn 0.5473 -0.5428 0.6371
vn 0.0526 -0.8656 0.4979
vn 0.0512 -0.8659 0.4975
vn 0.0397 -0.8643 0.5015
vn 0.0671 -0.8585 0.5084
vn 0.3443 -0.6233 0.7021
vn 0.3915 -0.5992 0.6984
vn 0.3390 -0.6544 0.6759
vn 0.3962 -0.6274 0.6704
vn -0.2955 -0.9252 0.2382
vn -0.2641 -0.9203 0.2886
vn 0.4669 -0.5500 0.6925
vn 0.4905 -0.5374 0.6860
vn -0.8328 -0.4530 -0.3181
vn -0.8340 -0.4440 -0.3276
vn -0.8688 -0.0634 -0.4912
vn -0.8668 -0.0575 -0.4953
vn -0.8652 -0.3977 -0.3054
vn -0.8665 -0.3850 -0.3178
vn -0.8982 -0.0700 -0.4339
vn -0.8870 -0.0350 -0.4604
vn -0.8716 -0.3772 -0.3130
vn -0.8687 -0.3873 -0.3087
vn -0.8788 -0.3231 -0.3511
vn -0.8787 -0.3218 -0.3527
vn -0.8633 -0.3449 -0.3684
vn -0.8961 -0.2096 -0.3912
vn -0.8941 -0.2649 -0.3612
vn -0.9029 -0.3232 -0.2833
vn -0.9817 -0.0210 -0.1894
vn -0.9920 -0.0519 -0.1154
vn -0.9836 -0.1714 0.0558
vn -0.9997 -0.0233 -0.0109
vn -0.8206 -0.2979 0.4878
vn -0.9144 -0.2552 0.3143
vn -0.4906 -0.2389 0.8380
vn -0.5598 -0.2407 0.7929
vn -0.2236 -0.2410 0.9444
vn -0.3458 -0.2608 0.9013
vn -0.1735 -0.4694 0.8658
vn -0.0426 -0.4409 0.8966
vn 0.1069 -0.5652 0.8180
vn 0.0699 -0.5579 0.8270
vn 0.7817 -0.2903 0.5519
vn 0.7184 -0.3273 0.6137
vn 0.2644 -0.7027 0.6605
vn 0.2982 -0.6867 0.6630
vn 0.1863 -0.7982 0.5729
vn 0.1890 -0.7972 0.5734
vn -0.2087 -0.9369 0.2806
vn -0.2019 -0.9374 0.2838
vn -0.2322 -0.9283 0.2904
vn -0.2458 -0.9268 0.2838
vn 0.4250 -0.5072 0.7497
vn 0.4652 -0.4832 0.7417
vn 0.4541 -0.5307 0.7156
vn 0.4816 -0.5148 0.7093
vn -0.6069 -0.7930 -0.0534
vn -0.6176 -0.7823 -0.0804
vn 0.6556 -0.3342 0.6771
vn 0.6475 -0.3402 0.6819
vn -0.8437 -0.0937 -0.5286
vn -0.8422 -0.0894 -0.5317
vn -0.8660 -0.0531 -0.4972
vn -0.8705 -0.0666 -0.4876
vn 0.8000 -0.1628 0.5774
vn 0.7549 -0.1997 0.6247
vn 0.7962 -0.2311 0.5592
vn 0.7521 -0.2634 0.6041
vn -0.8765 -0.1086 -0.4689
vn -0.8763 -0.1160 -0.4676
vn -0.8713 -0.1270 -0.4740
vn -0.8678 -0.1211 -0.4819
vn -0.9526 -0.0043 -0.3042
vn -0.9867 -0.0711 -0.1462
vn -0.9678 -0.0106 -0.2516
vn -0.9467 0.0205 -0.3215
vn -0.9587 0.0296 -0.2829
vn -0.9866 -0.0070 -0.1633
vn -0.9891 -0.0706 0.1295
vn -0.9990 -0.0309 -0.0328
vn -0.7772 -0.1731 0.6050
vn -0.7285 -0.1748 0.6624
vn -0.0646 -0.0697 0.9955
vn -0.2601 0.1167 0.9585
vn -0.2079 -0.0855 0.9744
vn -0.2946 0.1215 0.9479
vn 0.1788 0.2044 0.9624
vn -0.0548 0.2071 0.9768
vn 0.3202 0.0980 0.9423
vn 0.2918 0.0960 0.9516
vn -0.1407 -0.3062 0.9415
vn 0.0438 -0.2540 0.9662
vn 0.0550 -0.4392 0.8967
vn 0.0319 -0.4472 0.8939
vn 0.7412 -0.3509 0.5723
vn 0.6529 -0.3874 0.6509
vn 0.6758 -0.4109 0.6120
vn 0.5847 -0.4358 0.6843
vn 0.2478 -0.6708 0.6991
vn 0.2585 -0.6825 0.6836
vn 0.1868 -0.7945 0.5779
vn 0.1832 -0.7911 0.5836
vn 0.0867 -0.8711 0.4835
vn 0.0916 -0.8698 0.4849
vn 0.3386 -0.5773 0.7430
vn 0.3799 -0.5532 0.7414
vn -0.5125 -0.8543 -0.0869
vn -0.5125 -0.8543 -0.0868
vn -0.5530 -0.8298 -0.0744
vn -0.5782 -0.8105 -0.0937
vn 0.5655 -0.2893 0.7724
vn 0.5791 -0.2792 0.7660
vn 0.5957 -0.3252 0.7344
vn 0.6244 -0.3037 0.7196
vn -0.7965 -0.4994 -0.3408
vn -0.7985 -0.4778 -0.3661
vn -0.9385 0.0590 -0.3402
vn -0.9570 0.0374 -0.2878
vn -0.9737 0.0171 -0.2270
vn -0.9730 0.0179 -0.2301
vn -0.9802 -0.0092 -0.1976
vn -0.9645 0.0137 -0.2637
vn -0.9972 0.0145 0.0733
vn -0.9817 0.0768 -0.1743
vn -0.9672 -0.0253 0.2529
vn -0.9019 -0.0370 0.4303
vn -0.5920 -0.0654 0.8033
vn -0.6229 -0.0272 0.7819
vn -0.3508 0.3716 0.8596
vn -0.3694 0.3704 0.8523
vn 0.2006 -0.1570 0.9670
vn 0.1094 -0.0853 0.9903
vn 0.4494 0.0477 0.8921
vn 0.3863 0.0340 0.9218
vn 0.0365 -0.3703 0.9282
vn 0.1838 -0.3117 0.9323
vn 0.0869 -0.8828 0.4616
vn 0.0955 -0.8897 0.4465
vn 0.3012 -0.5223 0.7978
vn 0.3121 -0.5367 0.7839
vn -0.1452 -0.9583 0.2462
vn -0.1166 -0.9588 0.2592
vn 0.4036 -0.4295 0.8078
vn 0.4437 -0.4025 0.8007
vn -0.6867 -0.5849 -0.4317
vn -0.6892 -0.5800 -0.4343
vn -0.7386 -0.5433 -0.3992
vn -0.7385 -0.5348 -0.4105
vn -0.8054 -0.1438 -0.5751
vn -0.8101 -0.1565 -0.5651
vn 0.7655 -0.1405 0.6279
vn 0.7658 -0.0911 0.6365
vn -0.9344 0.0913 -0.3444
vn -0.9464 0.0842 -0.3120
vn -0.9407 0.1284 -0.3139
vn -0.9810 0.0952 -0.1691
vn -0.9856 0.0844 -0.1463
vn -0.9990 0.0396 0.0199
vn -0.9814 0.0453 0.1867
vn -0.9806 0.0449 0.1908
vn -0.8635 0.0048 0.5043
vn -0.8792 0.0369 0.4750
vn -0.4873 0.3942 0.7792
vn -0.4280 0.3937 0.8135
vn 0.2989 -0.2202 0.9285
vn 0.2103 -0.1574 0.9649
vn 0.5459 -0.0079 0.8378
vn 0.4506 -0.0506 0.8913
vn 0.1758 -0.6935 0.6987
vn 0.1520 -0.6756 0.7215
vn 0.0917 -0.8361 0.5409
vn 0.1311 -0.8130 0.5673
vn -0.0719 -0.9710 0.2280
vn -0.0611 -0.9769 0.2049
vn 0.3477 -0.3684 0.8622
vn 0.3524 -0.3756 0.8572
vn -0.4413 -0.8886 -0.1248
vn -0.4365 -0.8826 -0.1745
vn 0.4778 -0.2574 0.8399
vn 0.4879 -0.2499 0.8364
vn -0.6983 -0.2824 -0.6577
vn -0.7069 -0.2992 -0.6409
vn -0.7456 -0.2255 -0.6271
vn -0.7501 -0.2358 -0.6179
vn 0.6779 -0.0443 0.7338
vn 0.6677 -0.0529 0.7426
vn 0.7220 -0.0738 0.6879
vn 0.7250 -0.0712 0.6851
vn -0.9428 0.1255 -0.3089
vn -0.9436 0.1250 -0.3065
vn -0.9553 0.1918 -0.2250
vn -0.9361 0.1976 -0.2909
vn -0.9906 0.1273 -0.0499
vn -0.9922 0.1232 -0.0164
vn -0.9680 0.0719 0.2406
vn -0.9865 0.0709 0.1479
vn -0.7256 0.5257 0.4441
vn -0.8695 0.4497 0.2042
vn 0.4021 0.1655 0.9005
vn 0.3918 0.1659 0.9050
vn 0.2468 0.2329 0.9407
vn 0.2663 0.2306 0.9359
vn 0.3722 0.2645 0.8896
vn 0.3522 0.2688 0.8965
vn 0.4661 0.1778 0.8667
vn 0.4435 0.2156 0.8700
vn 0.0888 -0.7176 0.6908
vn 0.0666 -0.7013 0.7097
vn 0.0418 -0.8383 0.5436
vn 0.0587 -0.8477 0.5272
vn 0.0314 -0.9295 0.3675
vn 0.0725 -0.9127 0.4021
vn 0.2082 -0.5374 0.8172
vn 0.1949 -0.5250 0.8285
vn -0.3069 -0.9151 -0.2617
vn -0.3166 -0.9189 -0.2354
vn 0.3798 -0.2297 0.8961
vn 0.3826 -0.2342 0.8938
vn -0.5790 -0.6624 -0.4753
vn -0.5893 -0.6816 -0.4338
vn -0.9690 0.1629 -0.1857
vn -0.9534 0.1723 -0.2476
vn -0.9930 0.1146 -0.0301
vn -0.9512 0.0962 0.2933
vn -0.9331 0.2358 -0.2716
vn -0.9653 0.2517 -0.0689
vn -0.9151 0.4031 0.0013
vn -0.8692 0.4474 0.2108
vn -0.8621 0.4467 0.2391
vn -0.5927 0.4971 0.6338
vn -0.2636 0.4269 0.8650
vn -0.0002 0.4113 0.9115
vn 0.1491 0.4124 0.8987
vn 0.0522 0.4306 0.9010
vn 0.3860 0.2940 0.8744
vn 0.4171 0.2852 0.8630
vn 0.5322 0.1623 0.8309
vn 0.5087 0.2171 0.8331
vn 0.4698 0.0872 0.8784
vn 0.5436 0.0944 0.8341
vn 0.5996 0.0525 0.7986
vn 0.5615 0.1231 0.8182
vn 0.0122 -0.9420 0.3355
vn 0.0407 -0.9293 0.3672
vn 0.0982 -0.5454 0.8324
vn 0.0979 -0.5451 0.8327
vn -0.0378 -0.9974 0.0614
vn -0.0099 -0.9957 0.0916
vn 0.2177 -0.3687 0.9037
vn 0.2210 -0.3724 0.9014
vn -0.4112 -0.7635 -0.4980
vn -0.4116 -0.7639 -0.4971
vn -0.5398 -0.4445 -0.7148
vn -0.5401 -0.4448 -0.7145
vn 0.5502 -0.0382 0.8342
vn 0.5755 -0.0175 0.8176
vn -0.9717 0.2360 -0.0057
vn -0.9495 0.2427 -0.1990
vn -0.9273 0.3574 -0.1111
vn -0.9004 0.3969 0.1782
vn -0.2315 0.4995 0.8348
vn -0.3130 0.5065 0.8034
vn -0.1440 0.5511 0.8219
vn -0.2091 0.5585 0.8027
vn 0.2156 0.4124 0.8851
vn 0.1776 0.4222 0.8889
vn 0.4365 0.2820 0.8544
vn 0.3911 0.2963 0.8714
vn 0.5756 0.0882 0.8130
vn 0.5478 0.1753 0.8180
vn 0.6564 0.0133 0.7543
vn 0.6248 0.0927 0.7752
vn 0.5435 -0.0156 0.8392
vn 0.6409 0.0146 0.7675
vn 0.6931 -0.0753 0.7169
vn 0.6451 0.0266 0.7636
vn -0.0095 -0.9981 0.0611
vn 0.0128 -0.9996 0.0267
vn 0.1016 -0.3704 0.9233
vn 0.1038 -0.3729 0.9221
vn -0.0965 -0.9430 -0.3185
vn -0.1009 -0.9453 -0.3103
vn 0.1973 -0.1655 0.9663
vn 0.2229 -0.1965 0.9548
vn -0.4742 -0.4756 -0.7410
vn -0.4644 -0.4634 -0.7547
vn 0.4147 -0.0316 0.9094
vn 0.4203 -0.0404 0.9065
vn -0.6740 0.5793 0.4584
vn -0.5214 0.6041 0.6027
vn -0.1335 0.6190 0.7739
vn -0.4664 0.6417 0.6088
vn 0.0378 0.5418 0.8397
vn -0.1037 0.5683 0.8163
vn 0.2255 0.4311 0.8737
vn 0.2506 0.4231 0.8708
vn 0.4339 0.2633 0.8617
vn 0.4103 0.2715 0.8706
vn 0.5970 0.0312 0.8016
vn 0.5890 0.0973 0.8022
vn 0.6837 -0.0883 0.7244
vn 0.6585 0.0159 0.7524
vn 0.7530 -0.1484 0.6411
vn 0.7152 -0.0292 0.6984
vn 0.5440 -0.0937 0.8338
vn 0.6488 -0.0514 0.7593
vn 0.7022 -0.1493 0.6962
vn 0.6481 -0.0536 0.7596
vn -0.0225 -0.9409 -0.3379
vn -0.0336 -0.9470 -0.3194
vn 0.0797 -0.1340 0.9878
vn 0.1053 -0.1662 0.9805
vn -0.1311 -0.8058 -0.5775
vn -0.1391 -0.8141 -0.5638
vn -0.7047 0.6246 0.3365
vn -0.7867 0.5835 0.2015
vn -0.8252 0.5613 0.0629
vn -0.8635 0.4979 -0.0808
vn -0.8198 0.5654 -0.0906
vn -0.8128 0.5786 -0.0679
vn -0.8157 0.5715 -0.0890
vn -0.6541 0.7309 0.1951
vn -0.3840 0.6401 0.6655
vn -0.1255 0.6216 0.7732
vn -0.0684 0.5717 0.8176
vn 0.0495 0.5454 0.8367
vn 0.1764 0.4514 0.8747
vn 0.2333 0.4331 0.8706
vn 0.3846 0.2575 0.8865
vn 0.4000 0.2518 0.8812
vn 0.6221 -0.0117 0.7828
vn 0.5595 0.0082 0.8288
vn 0.7004 -0.1784 0.6911
vn 0.6960 -0.0749 0.7141
vn 0.7671 -0.2587 0.5871
vn 0.7526 -0.1491 0.6414
vn 0.7515 -0.2215 0.6214
vn 0.7133 -0.1236 0.6899
vn -0.1565 -0.5681 -0.8080
vn -0.1483 -0.5546 -0.8188
vn -0.8607 0.5081 -0.0324
vn -0.8762 0.4483 -0.1768
vn -0.8311 0.5177 -0.2032
vn -0.8250 0.5406 -0.1649
vn -0.7823 0.5131 -0.3532
vn -0.6894 0.7173 -0.1011
vn -0.5244 0.7893 0.3193
vn -0.8147 0.5728 -0.0899
vn -0.4381 0.6720 0.5971
vn -0.3177 0.6777 0.6632
vn -0.1930 0.6199 0.7606
vn -0.0206 0.5870 0.8093
vn 0.1035 0.4747 0.8741
vn 0.1774 0.4517 0.8743
vn 0.7337 -0.2419 0.6349
vn 0.6401 -0.2281 0.7336
vn 0.7574 -0.3791 0.5316
vn 0.7669 -0.2590 0.5872
vn 0.7581 -0.3241 0.5660
vn 0.7423 -0.2383 0.6262
vn 0.0433 0.1463 0.9883
vn 0.0750 0.1083 0.9913
vn -0.8056 0.4990 -0.3194
vn -0.7894 0.5790 -0.2041
vn -0.7647 0.6174 -0.1845
vn -0.8006 0.4940 -0.3393
vn -0.7556 0.6314 0.1741
vn -0.6257 0.7008 0.3426
vn -0.4122 0.7064 0.5755
vn -0.3850 0.7080 0.5920
vn -0.1792 0.6529 0.7360
vn -0.1301 0.6449 0.7531
vn 0.3235 0.2642 0.9086
vn 0.3201 0.2384 0.9169
vn 0.7714 -0.4323 0.4670
vn 0.6918 -0.4508 0.5641
vn 0.7339 -0.4254 0.5295
vn 0.7365 -0.3572 0.5744
vn -0.7626 0.5085 -0.3997
vn -0.7583 0.5579 -0.3373
vn -0.7206 0.5702 -0.3944
vn -0.6617 0.7103 -0.2402
vn -0.5382 0.7991 0.2678
vn -0.6657 0.7352 0.1276
vn -0.5819 0.7122 0.3927
vn -0.3419 0.7488 0.5678
vn 0.0529 0.5212 0.8518
vn 0.0471 0.4591 0.8871
vn 0.1444 0.2240 0.9638
vn 0.1511 0.2407 0.9588
vn 0.0145 0.2265 0.9739
vn -0.0096 0.2397 0.9708
vn 0.5431 -0.0992 0.8338
vn 0.5548 -0.0471 0.8306
vn 0.7208 -0.4861 0.4940
vn 0.6683 -0.5047 0.5465
vn -0.7148 0.5431 -0.4406
vn -0.7142 0.5560 -0.4252
vn -0.7122 0.6440 -0.2794
vn -0.7388 0.5564 -0.3803
vn -0.7377 0.6586 0.1483
vn -0.6250 0.7225 0.2957
vn -0.2103 0.6737 0.7084
vn -0.2148 0.6384 0.7391
vn -0.0977 0.5297 0.8425
vn -0.0890 0.5505 0.8301
vn -0.1370 0.5498 0.8240
vn -0.1524 0.5562 0.8170
vn -0.0326 0.2483 0.9681
vn -0.0422 0.2353 0.9710
vn 0.3930 -0.1938 0.8989
vn 0.3850 -0.2082 0.8991
vn 0.1996 -0.2387 0.9504
vn 0.1756 -0.2265 0.9581
vn 0.6364 -0.3809 0.6707
vn 0.6650 -0.2966 0.6854
vn -0.6777 0.5686 -0.4663
vn -0.6774 0.5731 -0.4612
vn -0.6596 0.7514 -0.0178
vn -0.5832 0.8089 0.0743
vn -0.4943 0.7930 0.3560
vn -0.4707 0.7989 0.3744
vn -0.2639 0.6914 0.6726
vn -0.2504 0.7173 0.6502
vn -0.2380 0.7386 0.6307
vn -0.2780 0.7474 0.6035
vn -0.1318 0.5662 0.8137
vn -0.1380 0.5589 0.8177
vn -0.0254 0.2535 0.9670
vn -0.0205 0.2491 0.9683
vn 0.1077 -0.2079 0.9722
vn 0.0805 -0.2398 0.9675
vn 0.5024 -0.4862 0.7150
vn 0.4713 -0.5280 0.7064
vn 0.2844 -0.6072 0.7419
vn 0.3099 -0.6153 0.7249
vn 0.6583 -0.5939 0.4626
vn 0.7004 -0.5072 0.5021
vn -0.6357 0.5899 -0.4979
vn -0.6346 0.5980 -0.4896
vn -0.6695 0.6607 -0.3395
vn -0.6597 0.6825 -0.3146
vn -0.4352 0.8624 0.2586
vn -0.4757 0.8504 0.2246
vn -0.5227 0.8413 -0.1378
vn -0.5470 0.8209 -0.1642
vn -0.4270 0.8743 -0.2309
vn -0.4592 0.8462 -0.2704
vn -0.3667 0.9150 0.1684
vn -0.4266 0.8978 0.1092
vn -0.2030 0.7886 0.5805
vn -0.2317 0.7605 0.6066
vn -0.0591 0.5773 0.8144
vn -0.0546 0.5741 0.8169
vn 0.1927 -0.6387 0.7449
vn 0.1913 -0.6400 0.7442
vn 0.5315 -0.7209 0.4447
vn 0.4543 -0.7940 0.4039
vn 0.2542 -0.8873 0.3849
vn 0.3417 -0.8838 0.3197
vn 0.6172 -0.6280 0.4740
vn 0.6428 -0.5705 0.5112
vn -0.5223 0.7345 -0.4332
vn -0.5278 0.7253 -0.4419
vn -0.4950 0.6608 -0.5642
vn -0.4913 0.6703 -0.5562
vn -0.3871 0.7192 -0.5770
vn -0.3766 0.7364 -0.5620
vn -0.4223 0.7568 -0.4989
vn -0.4100 0.7750 -0.4810
vn -0.2831 0.9156 -0.2855
vn -0.2992 0.9043 -0.3044
vn -0.3057 0.9482 0.0862
vn -0.2935 0.9508 0.0988
vn -0.1204 0.8249 0.5523
vn -0.0818 0.8073 0.5844
vn 0.0691 -0.6556 0.7520
vn 0.0640 -0.6526 0.7550
vn 0.1501 -0.9456 0.2887
vn 0.2156 -0.9191 0.3298
vn 0.4476 -0.7647 0.4635
vn 0.3978 -0.8093 0.4323
vn 0.1957 -0.9000 0.3896
vn 0.2548 -0.9033 0.3451
vn -0.2536 0.7718 -0.5831
vn -0.2575 0.7667 -0.5881
vn -0.2690 0.8059 -0.5275
vn -0.2587 0.8178 -0.5141
vn -0.1289 0.9886 0.0774
vn -0.1261 0.9887 0.0806
vn 0.0766 -0.9539 0.2903
vn 0.0761 -0.9538 0.2907
vn 0.1339 -0.9322 0.3363
vn 0.1513 -0.9249 0.3487
vn 0.0770 -0.9410 0.3296
vn 0.0677 -0.9391 0.3370
vn -0.0623 -0.5636 -0.8237
vn -0.0608 -0.5609 -0.8257
vn 0.1376 0.0449 0.9895
vn 0.1837 0.1061 0.9772
vn -0.5031 -0.7311 -0.4608
vn -0.4981 -0.7254 -0.4751
vn -0.3786 -0.9065 -0.1870
vn -0.3687 -0.9016 -0.2264
vn -0.0939 -0.9684 0.2310
vn -0.0963 -0.9664 0.2384
vn 0.1014 -0.8827 0.4589
vn 0.0911 -0.8711 0.4825
vn 0.1889 -0.7909 0.5821
vn 0.1947 -0.7980 0.5703
vn 0.2659 -0.6877 0.6756
vn 0.2781 -0.6815 0.6769
vn 0.3308 -0.5539 0.7640
vn 0.3613 -0.5348 0.7638
vn 0.3838 -0.4000 0.8323
vn 0.4159 -0.3767 0.8277
vn 0.4378 -0.2434 0.8655
vn 0.4420 -0.2400 0.8643
vn 0.4885 -0.0451 0.8714
vn 0.5081 -0.0288 0.8608
vn -0.6044 -0.4051 -0.6860
vn -0.6054 -0.4065 -0.6843
vn -0.6393 -0.6213 -0.4531
vn -0.6395 -0.6218 -0.4522
vn -0.4685 -0.8781 -0.0971
vn -0.4691 -0.8752 -0.1184
vn -0.1679 -0.9483 0.2692
vn -0.1679 -0.9477 0.2714
vn 0.0669 -0.8685 0.4912
vn 0.0668 -0.8670 0.4937
vn 0.1827 -0.7971 0.5756
vn 0.1821 -0.7922 0.5825
vn 0.2553 -0.7191 0.6464
vn 0.2928 -0.7029 0.6483
vn 0.3518 -0.5973 0.7207
vn 0.3879 -0.5777 0.7182
vn 0.4048 -0.4770 0.7801
vn 0.4726 -0.4344 0.7668
vn 0.5252 -0.2690 0.8073
vn 0.5306 -0.2651 0.8051
vn 0.6210 -0.0301 0.7832
vn 0.6247 -0.0270 0.7804
vn 0.5239 -0.0883 0.8472
vn 0.6011 -0.1673 0.7814
vn 0.6144 -0.1160 0.7804
vn 0.6653 -0.1873 0.7227
vn 0.6678 -0.1812 0.7220
vn 0.6966 -0.2366 0.6773
vn 0.6748 -0.2769 0.6841
vn 0.6857 -0.3114 0.6579
vn 0.6485 -0.3666 0.6672
vn 0.6521 -0.4059 0.6403
vn 0.1357 -0.8051 0.5774
vn 0.1181 -0.8154 0.5667
vn 0.0649 -0.8199 0.5688
vn 0.0423 -0.8319 0.5533
vn -0.0443 -0.8097 -0.5851
vn -0.0455 -0.8110 -0.5832
vn -0.9018 -0.0976 -0.4210
vn -0.8962 -0.0919 -0.4340
vn -0.8919 -0.0670 -0.4472
vn -0.9388 -0.1366 -0.3163
vn -0.9374 -0.2191 -0.2707
vn -0.9314 -0.2026 -0.3024
vn -0.9310 -0.2113 -0.2976
vn -0.9321 -0.2139 -0.2925
vn -0.8604 -0.4900 -0.1396
vn -0.8592 -0.5029 -0.0944
vn -0.7099 -0.6718 0.2116
vn -0.7793 -0.6260 -0.0286
vn -0.1551 -0.7800 0.6063
vn -0.3089 -0.8261 0.4713
vn 0.0342 -0.7688 0.6386
vn -0.0039 -0.7664 0.6424
vn 0.1256 -0.7375 0.6636
vn 0.1909 -0.7361 0.6494
vn 0.1907 -0.6940 0.6943
vn 0.2971 -0.6879 0.6622
vn 0.3385 -0.6006 0.7244
vn 0.4656 -0.5857 0.6635
vn 0.5438 -0.4666 0.6975
vn 0.6051 -0.4581 0.6511
vn -0.6555 -0.3693 -0.6587
vn -0.6644 -0.3337 -0.6688
vn -0.8515 -0.1235 -0.5095
vn -0.8449 -0.1018 -0.5251
vn -0.8175 -0.2487 -0.5195
vn -0.8234 -0.1623 -0.5438
vn -0.7680 -0.3056 -0.5628
vn -0.7544 -0.3756 -0.5383
vn -0.7134 -0.4169 -0.5633
vn -0.7080 -0.4354 -0.5560
vn -0.6667 -0.4701 -0.5784
vn -0.6643 -0.4767 -0.5758
vn -0.6078 -0.5164 -0.6033
vn -0.6002 -0.5324 -0.5969
vn -0.5404 -0.5676 -0.6211
vn -0.5331 -0.5807 -0.6154
vn -0.4531 -0.6187 -0.6418
vn -0.4480 -0.6125 -0.6513
vn -0.1548 -0.6855 -0.7114
vn -0.1411 -0.6659 -0.7326
vn -0.0513 -0.6846 -0.7272
vn -0.0567 -0.6930 -0.7187
vn -0.1074 0.7922 -0.6007
vn -0.0979 0.8012 -0.5903
vn -0.1295 0.8281 -0.5454
vn -0.1119 0.8438 -0.5249
vn -0.1205 0.9454 -0.3028
vn -0.1388 0.9356 -0.3248
vn -0.8805 0.0297 -0.4732
vn -0.8725 0.0480 -0.4862
vn -0.8273 -0.0158 -0.5615
vn -0.8182 0.0041 -0.5750
vn -0.8495 0.0367 -0.5263
vn -0.8514 0.0227 -0.5241
vn -0.8622 0.0916 -0.4982
vn -0.8631 0.0864 -0.4975
vn -0.8548 0.0037 -0.5189
vn -0.8754 -0.0362 -0.4820
vn -0.8613 -0.0523 -0.5054
vn -0.8609 -0.0571 -0.5055
vn -0.8017 0.0606 -0.5946
vn -0.8026 0.0591 -0.5936
vn -0.8355 0.0826 -0.5432
vn -0.8428 0.0687 -0.5338
vn -0.8588 0.0336 -0.5112
vn -0.8540 0.0846 -0.5133
vn -0.8600 0.0001 -0.5102
vn -0.8446 0.0196 -0.5351
vn -0.8952 0.0893 -0.4367
vn -0.9403 0.0535 -0.3362
vn -0.7827 -0.0586 -0.6196
vn -0.7942 -0.0821 -0.6021
vn -0.8886 0.1036 -0.4468
vn -0.8920 0.0793 -0.4450
vn -0.8857 0.1372 -0.4436
vn -0.9128 0.1265 -0.3884
vn -0.6848 -0.1887 -0.7039
vn -0.6702 -0.1661 -0.7234
vn -0.7320 -0.1210 -0.6705
vn -0.7316 -0.1363 -0.6680
vn -0.7567 0.0330 -0.6529
vn -0.7596 -0.0045 -0.6503
vn -0.8628 0.1661 -0.4774
vn -0.8850 0.0939 -0.4560
vn -0.8756 0.1739 -0.4507
vn -0.8982 0.1689 -0.4057
vn -0.6544 -0.1080 -0.7484
vn -0.6581 -0.1129 -0.7444
vn -0.7014 -0.0402 -0.7117
vn -0.7187 -0.0664 -0.6922
vn -0.8409 0.1831 -0.5093
vn -0.8667 0.1806 -0.4649
vn -0.8945 0.2197 -0.3894
vn -0.9282 0.2138 -0.3044
vn -0.5224 -0.3190 -0.7908
vn -0.5323 -0.3307 -0.7793
vn -0.8713 0.2511 -0.4216
vn -0.8730 0.2511 -0.4181
vn -0.9416 0.2496 -0.2260
vn -0.9487 0.2489 -0.1949
vn -0.9286 0.3348 -0.1600
vn -0.9361 0.3517 0.0058
vn -0.4763 -0.3562 -0.8039
vn -0.4693 -0.3478 -0.8116
vn -0.5098 -0.2150 -0.8330
vn -0.5066 -0.2114 -0.8359
vn -0.8819 0.2899 -0.3719
vn -0.9441 0.2989 -0.1392
vn -0.9197 0.3371 -0.2013
vn -0.9441 0.3080 -0.1174
vn -0.4603 -0.2299 -0.8575
vn -0.4543 -0.2482 -0.8556
vn -0.1612 -0.4497 -0.8785
vn -0.1598 -0.4474 -0.8799
vn -0.9053 0.4172 -0.0803
vn -0.8648 0.4279 -0.2626
vn -0.8286 0.4180 -0.3725
vn -0.8297 0.5043 -0.2392
vn -0.1532 -0.3407 -0.9276
vn -0.1608 -0.3534 -0.9215
vn -0.9018 0.4116 -0.1320
vn -0.8798 0.3577 -0.3131
vn -0.8170 0.3977 -0.4175
vn -0.8626 0.4165 -0.2871
vn -0.7970 0.4494 -0.4036
vn -0.7979 0.4735 -0.3730
vn -0.7781 0.4104 -0.4755
vn -0.8040 0.4254 -0.4154
vn -0.7528 0.4323 -0.4964
vn -0.7599 0.5024 -0.4125
vn -0.7395 0.4125 -0.5321
vn -0.7684 0.4258 -0.4777
vn -0.6857 0.4862 -0.5417
vn -0.6880 0.5018 -0.5242
vn -0.6647 0.4604 -0.5885
vn -0.6904 0.4702 -0.5497
vn -0.6433 0.5232 -0.5589
vn -0.6432 0.5216 -0.5606
vn -0.6154 0.4913 -0.6164
vn -0.6247 0.4945 -0.6044
vn -0.5787 0.5412 -0.6101
vn -0.5761 0.5197 -0.6309
vn -0.6051 0.5532 -0.5726
vn -0.6050 0.5496 -0.5761
vn -0.4629 0.6251 -0.6285
vn -0.4629 0.6250 -0.6286
vn -0.4540 0.6126 -0.6470
vn -0.4564 0.5978 -0.6591
vn -0.3483 0.6742 -0.6512
vn -0.3329 0.7030 -0.6285
vn -0.2303 0.7364 -0.6361
vn -0.2395 0.7238 -0.6471
vn -0.0631 -0.3716 -0.9262
vn -0.0585 -0.3628 -0.9300
vn -0.0638 -0.4586 -0.8863
vn -0.0621 -0.4553 -0.8881
vn -0.5660 -0.1772 -0.8052
vn -0.5722 -0.1842 -0.7991
vn -0.5889 -0.2752 -0.7599
vn -0.5936 -0.2810 -0.7541
vn -0.2130 0.6821 -0.6995
vn -0.1998 0.7029 -0.6827
vn -0.3044 0.6459 -0.7001
vn -0.2957 0.6653 -0.6855
vn -0.0897 0.7158 -0.6925
vn -0.0867 0.7192 -0.6894
vn -0.8816 0.0309 -0.4709
vn -0.8695 0.0417 -0.4921
vn -0.8994 -0.0366 -0.4355
vn -0.8868 -0.0246 -0.4614
vn -0.6130 -0.1507 -0.7756
vn -0.6145 -0.1396 -0.7765
vn -0.6428 -0.2407 -0.7273
vn -0.6318 -0.2255 -0.7416
vn -0.0937 0.7534 -0.6508
vn -0.0932 0.7540 -0.6503
vn 0.2891 -0.6101 0.7377
vn 0.3474 -0.6124 0.7102
vn 0.4589 -0.4895 0.7415
vn 0.4212 -0.4844 0.7668
vn 0.2240 -0.5507 0.8041
vn 0.2434 -0.5383 0.8068
vn 0.4554 -0.1246 0.8815
vn 0.5485 -0.0690 0.8333
vn 0.3566 -0.3753 0.8555
vn 0.3451 -0.3866 0.8553
vn 0.1819 -0.4387 0.8800
vn 0.1607 -0.4485 0.8792
vn 0.3483 -0.2947 0.8898
vn 0.1755 -0.2256 0.9583
vn 0.1541 -0.4097 0.8991
vn 0.2429 -0.3621 0.9000
vn 0.3778 -0.4214 0.8244
vn 0.4129 -0.4268 0.8046
vn 0.2544 -0.3093 0.9163
vn 0.3674 -0.3332 0.8683
vn 0.3999 -0.1178 0.9089
vn 0.5149 -0.2048 0.8324
vn 0.0384 -0.1943 0.9802
vn 0.0192 -0.2136 0.9767
vn 0.1846 -0.7942 0.5789
vn 0.1927 -0.7964 0.5733
vn 0.2841 -0.7571 0.5883
vn 0.3730 -0.6817 0.6294
vn 0.5335 -0.5746 0.6207
vn 0.5406 -0.5520 0.6348
vn 0.6100 -0.4573 0.6472
vn 0.6063 -0.4903 0.6261
vn 0.4854 -0.5406 0.6871
vn 0.5431 -0.4656 0.6987
vn -0.5309 0.5703 -0.6269
vn -0.5309 0.5759 -0.6217
vn -0.5451 0.5873 -0.5982
vn -0.5451 0.5874 -0.5982
vn -0.5711 0.6273 -0.5294
vn -0.5718 0.6244 -0.5321
vn -0.6010 0.7039 -0.3786
vn -0.6079 0.6901 -0.3928
vn -0.5862 0.8083 -0.0547
vn -0.6203 0.7786 -0.0954
vn -0.4404 0.8290 0.3448
vn -0.5248 0.8052 0.2759
vn -0.1916 0.6805 0.7073
vn -0.2640 0.6913 0.6726
vn 0.0270 0.5152 0.8566
vn -0.0549 0.5411 0.8392
vn 0.2497 0.2435 0.9372
vn 0.2379 0.2481 0.9391
vn 0.4499 -0.1400 0.8821
vn 0.5000 -0.1565 0.8518
vn 0.5456 -0.4300 0.7193
vn 0.6021 -0.4410 0.6655
vn 0.5524 -0.6731 0.4918
vn 0.6256 -0.6547 0.4243
vn 0.5124 -0.7075 0.4868
vn 0.5630 -0.6954 0.4466
vn 0.4446 -0.6485 0.6178
vn 0.4556 -0.6295 0.6295
vn 0.2514 -0.7804 0.5724
vn 0.2837 -0.7572 0.5883
vn 0.3726 -0.8476 0.3778
vn 0.2886 -0.8495 0.4416
vn 0.4391 -0.8218 0.3630
vn 0.3713 -0.8305 0.4153
vn 0.4189 -0.5666 0.7095
vn 0.3867 -0.5589 0.7336
vn 0.2872 -0.2199 0.9323
vn 0.3111 -0.2298 0.9222
vn 0.0603 0.2349 0.9701
vn 0.0816 0.2253 0.9709
vn -0.1349 0.5502 0.8240
vn -0.1158 0.5438 0.8312
vn -0.2782 0.7260 0.6289
vn -0.2428 0.7199 0.6503
vn -0.4479 0.8762 0.1778
vn -0.4073 0.8879 0.2137
vn -0.4916 0.8444 -0.2129
vn -0.4709 0.8614 -0.1901
vn -0.4738 0.7371 -0.4820
vn -0.4630 0.7534 -0.4670
vn -0.4434 0.7000 -0.5599
vn -0.4501 0.6866 -0.5710
vn -0.4077 0.6561 -0.6351
vn -0.4126 0.6437 -0.6446
vn -0.3880 0.6218 -0.6803
vn -0.3874 0.6239 -0.6787
vn 0.2971 -0.2142 0.9305
vn 0.4221 -0.2712 0.8651
vn 0.4551 -0.1280 0.8812
vn 0.3469 -0.2126 0.9135
vn 0.4489 -0.0564 0.8918
vn 0.3293 -0.1233 0.9362
vn 0.3671 -0.0027 0.9302
vn 0.2687 -0.0347 0.9626
vn 0.2814 0.0879 0.9556
vn 0.0528 0.0490 0.9974
vn -0.1314 0.2168 0.9673
vn -0.1131 0.1776 0.9776
vn -0.3843 0.1627 0.9088
vn -0.4623 0.3009 0.8341
vn -0.6965 0.2186 0.6835
vn -0.7074 0.2425 0.6639
vn -0.9193 0.2852 0.2711
vn -0.9596 0.2463 0.1363
vn -0.9257 0.2223 0.3061
vn -0.9044 0.1346 0.4049
vn -0.9688 0.2296 -0.0935
vn -0.9713 0.2377 -0.0083
vn -0.9684 0.2445 -0.0488
vn -0.9475 0.2938 -0.1264
vn -0.9490 0.2925 -0.1181
vn -0.9513 0.2938 -0.0937
vn -0.9439 0.3009 -0.1360
vn -0.9442 0.3002 -0.1353
vn -0.2592 -0.3167 -0.9124
vn -0.2629 -0.3221 -0.9095
vn -0.2658 -0.4229 -0.8663
vn -0.2718 -0.4317 -0.8601
vn -0.2703 -0.5246 -0.8073
vn -0.2842 -0.5444 -0.7892
vn -0.2720 -0.6443 -0.7148
vn -0.2763 -0.6498 -0.7081
vn -0.2430 -0.8163 -0.5240
vn -0.2271 -0.8010 -0.5539
vn -0.1694 -0.9435 -0.2849
vn -0.1594 -0.9388 -0.3054
vn -0.0425 -0.9885 0.1455
vn 0.0946 -0.9114 0.4005
vn 0.0710 -0.8994 0.4314
vn 0.1615 -0.8104 0.5632
vn 0.1424 -0.7980 0.5856
vn 0.1968 -0.6718 0.7141
vn 0.2035 -0.6773 0.7070
vn 0.2297 -0.5224 0.8212
vn 0.2276 -0.5203 0.8231
vn 0.2519 -0.3712 0.8937
vn 0.2526 -0.3721 0.8932
vn 0.2438 -0.1968 0.9496
vn 0.2648 -0.2235 0.9380
vn 0.2482 0.0392 0.9679
vn 0.2132 0.0017 0.9770
vn -0.3648 -0.2913 -0.8843
vn -0.3713 -0.2758 -0.8866
vn -0.3797 -0.3954 -0.8363
vn -0.3890 -0.3755 -0.8412
vn -0.3918 -0.4915 -0.7778
vn -0.3907 -0.4901 -0.7792
vn -0.3840 -0.6192 -0.6850
vn -0.3688 -0.6405 -0.6736
vn -0.3344 -0.7938 -0.5080
vn -0.3390 -0.7895 -0.5117
vn -0.2695 -0.9233 -0.2736
vn -0.2626 -0.9269 -0.2683
vn -0.1050 -0.9831 0.1497
vn -0.0235 -0.9792 0.2014
vn 0.0765 -0.8992 0.4309
vn 0.1049 -0.8893 0.4451
vn 0.1647 -0.7965 0.5818
vn 0.1663 -0.7957 0.5824
vn 0.2256 -0.6755 0.7019
vn 0.2218 -0.6722 0.7064
vn 0.2713 -0.5175 0.8115
vn 0.2766 -0.5234 0.8059
vn 0.3091 -0.3708 0.8757
vn 0.3071 -0.3682 0.8776
vn 0.3339 -0.2261 0.9151
vn 0.3342 -0.2265 0.9149
vn 0.3392 -0.0113 0.9407
vn 0.3531 -0.0307 0.9351
vn -0.9845 -0.1028 -0.1423
vn -0.9656 -0.0882 -0.2444
vn -0.8104 0.4810 -0.3345
vn -0.8283 0.4384 -0.3488
vn -0.5535 0.6495 -0.5213
vn -0.5412 0.6461 -0.5382
vn -0.3472 0.7357 -0.5815
vn -0.3705 0.7437 -0.5564
vn 0.3036 0.7521 -0.5850
vn 0.3408 0.7221 -0.6020
vn -0.0879 0.8275 -0.5545
vn -0.1103 0.8150 -0.5689
vn 0.5244 0.4683 -0.7112
vn 0.5669 0.4789 -0.6703
vn 0.5047 0.3964 -0.7669
vn 0.5957 0.4125 -0.6892
vn -0.7258 0.5451 -0.4196
vn -0.6657 0.6374 -0.3881
vn -0.6320 0.6264 -0.4563
vn -0.6007 0.6162 -0.5094
vn -0.9119 -0.0912 -0.4002
vn -0.9647 -0.0925 -0.2466
vn -0.8729 -0.1913 -0.4488
vn -0.8296 -0.2021 -0.5205
vn -0.0281 -0.6317 -0.7747
vn 0.0436 -0.6048 -0.7952
vn 0.3475 -0.5531 -0.7572
vn 0.2739 -0.6150 -0.7395
vn 0.6358 -0.2892 -0.7156
vn 0.6203 -0.3603 -0.6967
vn 0.4385 -0.4879 -0.7547
vn 0.4832 -0.4957 -0.7217
vn -0.6117 -0.3747 -0.6967
vn -0.6068 -0.3750 -0.7009
vn 0.5968 0.1245 -0.7927
vn 0.5962 0.1050 -0.7959
vn -0.2303 0.7927 -0.5644
vn -0.2410 0.7850 -0.5707
vn 0.0315 0.8012 -0.5976
vn 0.1060 0.8334 -0.5424
vn 0.3390 0.7226 -0.6025
vn 0.4678 0.5946 -0.6539
vn 0.1419 0.7993 -0.5840
vn 0.1861 0.7740 -0.6053
vn 0.6951 -0.0148 -0.7188
vn 0.7905 0.0398 -0.6112
vn -0.3936 -0.5474 -0.7385
vn -0.4231 -0.5218 -0.7408
vn 0.5757 -0.3927 -0.7172
vn 0.5664 -0.4151 -0.7119
vn -0.7461 -0.2705 -0.6084
vn -0.7181 -0.2771 -0.6383
vn 0.7012 0.0105 -0.7129
vn 0.6453 0.1788 -0.7427
vn -0.3030 -0.5777 -0.7580
vn -0.2815 -0.5746 -0.7685
vn -0.5111 -0.4801 -0.7129
vn -0.5812 -0.3954 -0.7113
vn 0.7330 -0.1439 -0.6648
vn 0.7198 -0.1441 -0.6791
vn 0.6724 -0.2457 -0.6982
vn 0.6742 -0.2198 -0.7051
vn 0.5578 0.2228 -0.7995
vn 0.6591 0.2260 -0.7173
vn 0.5988 0.1201 -0.7918
vn 0.6363 0.1062 -0.7641
vn 0.6054 0.1263 -0.7859
vn 0.5797 0.1655 -0.7979
vn -0.4240 0.7041 -0.5696
vn -0.4161 0.7120 -0.5656
vn 0.4599 0.5979 -0.6565
vn 0.3914 0.5763 -0.7174
vn -0.8982 0.2926 -0.3280
vn -0.7828 0.5969 -0.1760
vn 0.1380 -0.6429 -0.7534
vn 0.1926 -0.6115 -0.7674
vn -0.8048 -0.2428 -0.5416
vn -0.7549 -0.2600 -0.6021
vn -0.0842 -0.6092 -0.7885
vn -0.0606 -0.6027 -0.7957
vn 0.6434 0.0655 -0.7627
vn 0.6017 0.1567 -0.7832
vn -0.9202 0.3912 -0.0139
vn -0.9160 0.3557 -0.1853
vn 0.9662 -0.0885 -0.2420
vn 0.9842 -0.1028 -0.1441
vn 0.8312 0.4299 -0.3527
vn 0.8109 0.4787 -0.3366
vn 0.5443 0.6452 -0.5362
vn 0.5552 0.6482 -0.5212
vn 0.3728 0.7450 -0.5532
vn 0.3484 0.7366 -0.5797
vn -0.3388 0.7197 -0.6060
vn -0.3033 0.7488 -0.5893
vn 0.1109 0.8155 -0.5680
vn 0.0887 0.8278 -0.5540
vn -0.5628 0.4778 -0.6745
vn -0.5215 0.4675 -0.7138
vn -0.5916 0.4123 -0.6929
vn -0.5023 0.3965 -0.7685
vn 0.6688 0.6332 -0.3896
vn 0.7271 0.5432 -0.4200
vn 0.6029 0.6145 -0.5089
vn 0.6335 0.6245 -0.4568
vn 0.9645 -0.0963 -0.2458
vn 0.9128 -0.0950 -0.3971
vn 0.8317 -0.2072 -0.5152
vn 0.8740 -0.1963 -0.4445
vn -0.0446 -0.6233 -0.7807
vn 0.0287 -0.6511 -0.7584
vn -0.2785 -0.6309 -0.7242
vn -0.3545 -0.5657 -0.7445
vn -0.6251 -0.3669 -0.6890
vn -0.6396 -0.2945 -0.7101
vn -0.4877 -0.5066 -0.7110
vn -0.4437 -0.4997 -0.7439
vn 0.6083 -0.3866 -0.6932
vn 0.6126 -0.3863 -0.6895
vn -0.5933 0.1086 -0.7976
vn -0.5939 0.1273 -0.7944
vn 0.2429 0.7856 -0.5690
vn 0.2308 0.7943 -0.5620
vn -0.1060 0.8321 -0.5444
vn -0.0310 0.8001 -0.5990
vn -0.4648 0.5924 -0.6581
vn -0.3379 0.7200 -0.6062
vn -0.1861 0.7715 -0.6084
vn -0.1419 0.7974 -0.5866
vn -0.7894 0.0409 -0.6126
vn -0.6939 -0.0131 -0.7199
vn 0.4290 -0.5326 -0.7296
vn 0.3919 -0.5651 -0.7260
vn -0.5724 -0.4226 -0.7027
vn -0.5811 -0.4006 -0.7084
vn 0.7228 -0.2838 -0.6300
vn 0.7490 -0.2774 -0.6017
vn -0.6429 0.1810 -0.7442
vn -0.7000 0.0122 -0.7140
vn 0.2823 -0.5930 -0.7540
vn 0.3006 -0.5956 -0.7449
vn 0.5838 -0.4062 -0.7030
vn 0.5136 -0.4918 -0.7031
vn -0.7196 -0.1426 -0.6796
vn -0.7352 -0.1425 -0.6627
vn -0.6770 -0.2201 -0.7023
vn -0.6755 -0.2498 -0.6937
vn -0.6553 0.2271 -0.7205
vn -0.5559 0.2239 -0.8005
vn -0.6334 0.1088 -0.7662
vn -0.5961 0.1225 -0.7935
vn -0.5768 0.1691 -0.7992
vn -0.6032 0.1291 -0.7871
vn 0.4189 0.7112 -0.5645
vn 0.4246 0.7057 -0.5673
vn -0.3894 0.5749 -0.7196
vn -0.4564 0.5959 -0.6607
vn 0.7835 0.5949 -0.1795
vn 0.8978 0.2893 -0.3321
vn -0.1941 -0.6290 -0.7528
vn -0.1382 -0.6614 -0.7372
vn 0.7603 -0.2636 -0.5937
vn 0.8079 -0.2468 -0.5351
vn 0.0578 -0.6219 -0.7810
vn 0.0796 -0.6281 -0.7741
vn -0.5995 0.1601 -0.7842
vn -0.6413 0.0697 -0.7641
vn 0.9175 0.3501 -0.1889
vn 0.9228 0.3847 -0.0194
vn 0.6175 0.4870 -0.6176
vn 0.6139 0.4745 -0.6308
vn 0.6769 0.4283 -0.5986
vn 0.6897 0.4694 -0.5514
vn 0.8029 0.4232 -0.4199
vn 0.7862 0.3573 -0.5042
vn 0.7574 0.4103 -0.5079
vn 0.7513 0.3890 -0.5331
vn 0.1889 0.6607 -0.7265
vn 0.1876 0.6630 -0.7247
vn 0.0765 0.6804 -0.7288
vn 0.0821 0.6733 -0.7348
vn 0.5567 0.5178 -0.6496
vn 0.5596 0.5332 -0.6345
vn 0.4526 0.5931 -0.6659
vn 0.4535 0.5767 -0.6795
vn 0.8359 0.3361 -0.4339
vn 0.8622 0.4159 -0.2891
vn 0.8867 -0.0221 -0.4617
vn 0.8869 0.0005 -0.4620
vn 0.9142 0.0492 -0.4022
vn 0.8642 0.0784 -0.4969
vn 0.4378 -0.1699 -0.8828
vn 0.4453 -0.1779 -0.8775
vn 0.4927 -0.1491 -0.8573
vn 0.4981 -0.1259 -0.8579
vn 0.5469 -0.1170 -0.8290
vn 0.5492 -0.1037 -0.8293
vn 0.6915 -0.0149 -0.7222
vn 0.6900 -0.0128 -0.7237
vn 0.6365 -0.0518 -0.7695
vn 0.6310 -0.0451 -0.7744
vn 0.8499 0.1263 -0.5117
vn 0.8555 0.1165 -0.5045
vn 0.0516 -0.2667 -0.9624
vn 0.0600 -0.2825 -0.9574
vn 0.1550 -0.2580 -0.9536
vn 0.1508 -0.2513 -0.9561
vn 0.8565 0.1047 -0.5053
vn 0.8550 0.1161 -0.5055
vn 0.8665 -0.0288 -0.4984
vn 0.8632 0.1107 -0.4926
vn 0.7762 0.0988 -0.6227
vn 0.7842 0.0861 -0.6145
vn 0.8259 0.1107 -0.5528
vn 0.8197 0.1211 -0.5598
vn 0.7237 0.0584 -0.6876
vn 0.7497 0.0191 -0.6615
vn 0.8650 0.1208 -0.4870
vn 0.8721 0.0964 -0.4798
vn 0.8737 0.1582 -0.4601
vn 0.8495 0.1576 -0.5034
vn 0.8796 0.3422 -0.3306
vn 0.9001 0.3669 -0.2352
vn 0.8317 0.2472 -0.4972
vn 0.8731 0.2511 -0.4180
vn 0.8611 0.3443 -0.3742
vn 0.8655 0.3377 -0.3699
vn 0.9006 0.3193 -0.2950
vn 0.9082 0.3219 -0.2674
vn 0.2786 0.6446 -0.7120
vn 0.2812 0.6377 -0.7172
vn 0.5998 -0.0906 -0.7950
vn 0.5875 -0.0769 -0.8056
vn 0.5160 0.5599 -0.6483
vn 0.5161 0.5610 -0.6473
vn 0.3776 0.6067 -0.6995
vn 0.3771 0.6094 -0.6974
vn 0.8581 0.3319 -0.3917
vn 0.9093 0.3599 -0.2088
vn 0.2551 -0.2343 -0.9381
vn 0.2523 -0.2305 -0.9398
vn 0.3605 -0.2047 -0.9100
vn -0.6139 0.4745 -0.6308
vn -0.6175 0.4870 -0.6176
vn -0.6897 0.4694 -0.5514
vn -0.6769 0.4283 -0.5986
vn -0.7862 0.3573 -0.5042
vn -0.8029 0.4232 -0.4199
vn -0.7513 0.3890 -0.5331
vn -0.7574 0.4103 -0.5079
vn -0.1876 0.6630 -0.7247
vn -0.1889 0.6607 -0.7265
vn -0.0821 0.6733 -0.7348
vn -0.0765 0.6804 -0.7288
vn -0.5596 0.5332 -0.6345
vn -0.5567 0.5178 -0.6496
vn -0.4535 0.5767 -0.6795
vn -0.4526 0.5931 -0.6659
vn -0.8622 0.4159 -0.2891
vn -0.8359 0.3361 -0.4339
vn -0.8871 0.0011 -0.4615
vn -0.8870 -0.0214 -0.4612
vn -0.8581 0.0652 -0.5092
vn -0.9101 0.0369 -0.4128
vn -0.4417 -0.1742 -0.8801
vn -0.4332 -0.1652 -0.8860
vn -0.4917 -0.1296 -0.8611
vn -0.4879 -0.1450 -0.8607
vn -0.5455 -0.1064 -0.8313
vn -0.5466 -0.1002 -0.8314
vn -0.6876 -0.0011 -0.7261
vn -0.6909 -0.0056 -0.7229
vn -0.6259 -0.0367 -0.7790
vn -0.6384 -0.0516 -0.7680
vn -0.8697 0.0843 -0.4863
vn -0.8538 0.1136 -0.5081
vn -0.0585 -0.2825 -0.9575
vn -0.0497 -0.2660 -0.9627
vn -0.1468 -0.2517 -0.9566
vn -0.1504 -0.2576 -0.9545
vn -0.8653 0.0800 -0.4948
vn -0.8699 0.0329 -0.4921
vn -0.8675 0.0299 -0.4966
vn -0.8668 -0.0282 -0.4979
vn -0.7955 0.0801 -0.6006
vn -0.7958 0.0795 -0.6003
vn -0.8317 0.1017 -0.5459
vn -0.8333 0.0989 -0.5439
vn -0.7489 0.0300 -0.6620
vn -0.7356 0.0501 -0.6756
vn -0.8721 0.0964 -0.4798
vn -0.8650 0.1208 -0.4870
vn -0.8495 0.1576 -0.5034
vn -0.8737 0.1582 -0.4601
vn -0.9001 0.3669 -0.2352
vn -0.8796 0.3422 -0.3306
vn -0.8731 0.2511 -0.4180
vn -0.8317 0.2472 -0.4972
vn -0.8655 0.3377 -0.3699
vn -0.8611 0.3443 -0.3742
vn -0.9082 0.3219 -0.2674
vn -0.9006 0.3193 -0.2950
vn -0.2812 0.6377 -0.7172
vn -0.2786 0.6446 -0.7120
vn -0.5919 -0.0755 -0.8025
vn -0.5940 -0.0779 -0.8007
vn -0.5161 0.5610 -0.6473
vn -0.5160 0.5599 -0.6483
vn -0.3771 0.6094 -0.6974
vn -0.3776 0.6067 -0.6995
vn -0.9093 0.3599 -0.2088
vn -0.8581 0.3319 -0.3917
vn -0.2446 -0.2229 -0.9436
vn -0.2533 -0.2345 -0.9386
vn -0.3541 -0.1979 -0.9140
vn -0.3562 -0.2005 -0.9126
s 0
f 874//1 12//1 871//1
f 874//2 871//2 873//2
f 871//3 12//3 1493//3
f 871//4 1493//4 1492//4
f 18//5 1190//5 1191//5
f 18//6 1191//6 17//6
f 21//7 20//7 23//7
f 21//8 23//8 26//8
f 24//9 23//9 20//9
f 24//10 20//10 22//10
f 25//11 21//11 26//11
f 25//12 26//12 29//12
f 67//13 63//13 26//13
f 67//14 26//14 23//14
f 908//15 909//15 1155//15
f 908//16 1155//16 1201//16
f 909//17 910//17 1150//17
f 909//18 1150//18 1155//18
f 27//19 30//19 2219//19
f 27//20 2219//20 2218//20
f 63//21 28//21 29//21
f 63//22 29//22 26//22
f 2172//23 1165//23 2221//23
f 2172//24 2221//24 2220//24
f 31//25 27//25 2218//25
f 31//26 2218//26 2217//26
f 1633//27 1634//27 38//27
f 1633//28 38//28 39//28
f 33//29 32//29 36//29
f 33//30 36//30 50//30
f 34//31 33//31 50//31
f 34//32 50//32 49//32
f 34//33 49//33 721//33
f 34//34 721//34 720//34
f 736//35 42//35 383//35
f 736//36 383//36 735//36
f 36//37 32//37 1180//37
f 36//38 1180//38 1121//38
f 37//39 36//39 1121//39
f 37//40 1121//40 1124//40
f 857//41 858//41 39//41
f 857//42 39//42 38//42
f 42//43 41//43 384//43
f 42//44 384//44 383//44
f 44//45 43//45 41//45
f 44//46 41//46 42//46
f 737//47 44//47 42//47
f 737//48 42//48 736//48
f 47//49 53//49 723//49
f 47//50 723//50 722//50
f 47//51 48//51 51//51
f 47//52 51//52 53//52
f 48//53 47//53 49//53
f 48//54 49//54 50//54
f 37//55 48//55 50//55
f 37//56 50//56 36//56
f 48//57 37//57 52//57
f 48//58 52//58 51//58
f 52//59 37//59 1124//59
f 52//60 1124//60 1122//60
f 52//61 539//61 538//61
f 52//62 538//62 51//62
f 539//63 52//63 1122//63
f 539//64 1122//64 1123//64
f 44//65 737//65 738//65
f 44//66 738//66 56//66
f 44//67 56//67 55//67
f 44//68 55//68 43//68
f 535//69 56//69 738//69
f 535//70 738//70 739//70
f 53//71 537//71 724//71
f 53//72 724//72 723//72
f 61//73 57//73 43//73
f 61//74 43//74 55//74
f 57//75 59//75 58//75
f 57//76 58//76 60//76
f 59//77 57//77 61//77
f 59//78 61//78 62//78
f 43//79 57//79 60//79
f 43//80 60//80 41//80
f 384//81 41//81 60//81
f 384//82 60//82 385//82
f 533//83 61//83 55//83
f 533//84 55//84 534//84
f 61//85 533//85 532//85
f 61//86 532//86 62//86
f 60//87 58//87 386//87
f 60//88 386//88 385//88
f 2173//89 2174//89 1167//89
f 2173//90 1167//90 1166//90
f 1136//91 1137//91 64//91
f 1136//92 64//92 74//92
f 2175//93 2176//93 1169//93
f 2175//94 1169//94 1168//94
f 1137//95 1138//95 65//95
f 1137//96 65//96 64//96
f 69//97 1268//97 1269//97
f 69//98 1269//98 1141//98
f 70//99 69//99 1141//99
f 70//100 1141//100 1142//100
f 71//101 70//101 1142//101
f 71//102 1142//102 1143//102
f 72//103 71//103 1143//103
f 72//104 1143//104 1144//104
f 75//105 74//105 73//105
f 75//106 73//106 76//106
f 88//107 76//107 73//107
f 88//108 73//108 77//108
f 1135//109 1136//109 74//109
f 1135//110 74//110 75//110
f 2174//111 2175//111 1168//111
f 2174//112 1168//112 1167//112
f 66//113 67//113 23//113
f 66//114 23//114 24//114
f 1947//115 1948//115 994//115
f 1947//116 994//116 993//116
f 389//117 79//117 1012//117
f 389//118 1012//118 1011//118
f 484//119 485//119 1034//119
f 484//120 1034//120 1033//120
f 79//121 81//121 1013//121
f 79//122 1013//122 1012//122
f 1946//123 1947//123 993//123
f 1946//124 993//124 992//124
f 387//125 83//125 993//125
f 387//126 993//126 994//126
f 84//127 83//127 58//127
f 84//128 58//128 59//128
f 83//129 387//129 386//129
f 83//130 386//130 58//130
f 1134//131 85//131 2223//131
f 1134//132 2223//132 2222//132
f 85//133 86//133 2224//133
f 85//134 2224//134 2223//134
f 86//135 87//135 2225//135
f 86//136 2225//136 2224//136
f 1652//137 1653//137 95//137
f 1652//138 95//138 94//138
f 94//139 97//139 1651//139
f 94//140 1651//140 1652//140
f 98//141 95//141 1653//141
f 98//142 1653//142 1654//142
f 101//143 84//143 59//143
f 101//144 59//144 62//144
f 991//145 992//145 84//145
f 991//146 84//146 101//146
f 990//147 991//147 101//147
f 990//148 101//148 531//148
f 1944//149 1945//149 991//149
f 1944//150 991//150 990//150
f 1945//151 1946//151 992//151
f 1945//152 992//152 991//152
f 81//153 100//153 1014//153
f 81//154 1014//154 1013//154
f 100//155 529//155 1015//155
f 100//156 1015//156 1014//156
f 531//157 101//157 62//157
f 531//158 62//158 532//158
f 51//159 538//159 537//159
f 51//160 537//160 53//160
f 535//161 534//161 55//161
f 535//162 55//162 56//162
f 87//163 102//163 2226//163
f 87//164 2226//164 2225//164
f 84//165 992//165 993//165
f 84//166 993//166 83//166
f 1917//167 1918//167 124//167
f 1917//168 124//168 123//168
f 103//169 104//169 1324//169
f 103//170 1324//170 1325//170
f 104//171 1047//171 1992//171
f 104//172 1992//172 1324//172
f 1920//173 1921//173 525//173
f 1920//174 525//174 122//174
f 1919//175 1920//175 122//175
f 1919//176 122//176 125//176
f 486//177 487//177 1036//177
f 486//178 1036//178 1035//178
f 487//179 526//179 1037//179
f 487//180 1037//180 1036//180
f 485//181 486//181 1035//181
f 485//182 1035//182 1034//182
f 108//183 2229//183 2230//183
f 108//184 2230//184 521//184
f 108//185 521//185 911//185
f 108//186 911//186 912//186
f 72//187 1144//187 2088//187
f 72//188 2088//188 2089//188
f 4550//189 4551//189 109//189
f 4550//190 109//190 1145//190
f 130//191 1147//191 1148//191
f 130//192 1148//192 6//192
f 2184//193 2185//193 2087//193
f 2184//194 2087//194 1175//194
f 2187//195 4548//195 4549//195
f 2187//196 4549//196 1176//196
f 4545//197 4546//197 1648//197
f 4545//198 1648//198 115//198
f 2084//199 2085//199 1649//199
f 2084//200 1649//200 119//200
f 2188//201 2189//201 1178//201
f 2188//202 1178//202 1177//202
f 2182//203 2183//203 1174//203
f 2182//204 1174//204 1173//204
f 97//205 118//205 1650//205
f 97//206 1650//206 1651//206
f 1649//207 1650//207 118//207
f 1649//208 118//208 119//208
f 2183//209 2184//209 1175//209
f 2183//210 1175//210 1174//210
f 2181//211 2182//211 1173//211
f 2181//212 1173//212 1172//212
f 1618//213 523//213 1323//213
f 1618//214 1323//214 1620//214
f 1918//215 1919//215 125//215
f 1918//216 125//216 124//216
f 122//217 525//217 524//217
f 122//218 524//218 126//218
f 127//219 123//219 124//219
f 127//220 124//220 128//220
f 125//221 129//221 128//221
f 125//222 128//222 124//222
f 129//223 125//223 122//223
f 129//224 122//224 126//224
f 1363//225 902//225 1322//225
f 1363//226 1322//226 1362//226
f 932//227 1361//227 1362//227
f 932//228 1362//228 1322//228
f 1360//229 1361//229 932//229
f 1360//230 932//230 931//230
f 130//231 110//231 1146//231
f 130//232 1146//232 1147//232
f 1178//233 2189//233 2190//233
f 1178//234 2190//234 1179//234
f 1646//235 1647//235 114//235
f 1646//236 114//236 131//236
f 1645//237 1646//237 131//237
f 1645//238 131//238 4//238
f 132//239 137//239 138//239
f 132//240 138//240 133//240
f 140//241 134//241 139//241
f 140//242 139//242 145//242
f 137//243 132//243 134//243
f 137//244 134//244 140//244
f 142//245 135//245 133//245
f 142//246 133//246 138//246
f 142//247 143//247 136//247
f 142//248 136//248 135//248
f 519//249 520//249 501//249
f 519//250 501//250 502//250
f 144//251 149//251 145//251
f 144//252 145//252 139//252
f 151//253 150//253 148//253
f 151//254 148//254 147//254
f 150//255 149//255 144//255
f 150//256 144//256 148//256
f 153//257 152//257 157//257
f 153//258 157//258 156//258
f 141//259 146//259 158//259
f 141//260 158//260 159//260
f 164//261 163//261 159//261
f 164//262 159//262 158//262
f 168//263 154//263 402//263
f 168//264 402//264 405//264
f 154//265 168//265 170//265
f 154//266 170//266 160//266
f 162//267 155//267 2082//267
f 162//268 2082//268 2083//268
f 169//269 164//269 158//269
f 169//270 158//270 165//270
f 161//271 160//271 170//271
f 161//272 170//272 171//272
f 166//273 161//273 171//273
f 166//274 171//274 175//274
f 518//275 503//275 504//275
f 518//276 504//276 517//276
f 173//277 174//277 459//277
f 173//278 459//278 458//278
f 174//279 173//279 177//279
f 174//280 177//280 178//280
f 167//281 176//281 180//281
f 167//282 180//282 165//282
f 188//283 169//283 165//283
f 188//284 165//284 180//284
f 178//285 177//285 185//285
f 178//286 185//286 186//286
f 179//287 173//287 458//287
f 179//288 458//288 457//288
f 506//289 507//289 514//289
f 506//290 514//290 515//290
f 186//291 185//291 193//291
f 186//292 193//292 194//292
f 179//293 187//293 177//293
f 179//294 177//294 173//294
f 181//295 182//295 189//295
f 181//296 189//296 190//296
f 197//297 196//297 190//297
f 197//298 190//298 189//298
f 508//299 513//299 514//299
f 508//300 514//300 507//300
f 513//301 508//301 509//301
f 513//302 509//302 512//302
f 194//303 193//303 201//303
f 194//304 201//304 202//304
f 187//305 195//305 185//305
f 187//306 185//306 177//306
f 204//307 179//307 457//307
f 204//308 457//308 755//308
f 179//309 204//309 208//309
f 179//310 208//310 187//310
f 191//311 199//311 206//311
f 191//312 206//312 198//312
f 182//313 191//313 198//313
f 182//314 198//314 189//314
f 205//315 197//315 189//315
f 205//316 189//316 198//316
f 210//317 205//317 198//317
f 210//318 198//318 206//318
f 906//319 907//319 1205//319
f 906//320 1205//320 1209//320
f 202//321 201//321 452//321
f 202//322 452//322 1504//322
f 195//323 203//323 193//323
f 195//324 193//324 185//324
f 187//325 208//325 213//325
f 187//326 213//326 195//326
f 203//327 207//327 201//327
f 203//328 201//328 193//328
f 201//329 207//329 398//329
f 201//330 398//330 452//330
f 195//331 213//331 217//331
f 195//332 217//332 203//332
f 203//333 217//333 358//333
f 203//334 358//334 207//334
f 205//335 210//335 1463//335
f 205//336 1463//336 1464//336
f 214//337 409//337 2209//337
f 214//338 2209//338 2208//338
f 216//339 215//339 1193//339
f 216//340 1193//340 1192//340
f 212//341 1192//341 1193//341
f 212//342 1193//342 211//342
f 1462//343 214//343 2208//343
f 1462//344 2208//344 2207//344
f 364//345 221//345 938//345
f 364//346 938//346 939//346
f 856//347 220//347 219//347
f 856//348 219//348 855//348
f 221//349 1460//349 1461//349
f 221//350 1461//350 938//350
f 219//351 220//351 1635//351
f 219//352 1635//352 1636//352
f 1667//353 1668//353 221//353
f 1667//354 221//354 364//354
f 1781//355 1718//355 223//355
f 1781//356 223//356 363//356
f 225//357 224//357 227//357
f 225//358 227//358 226//358
f 1181//359 227//359 224//359
f 1181//360 224//360 1182//360
f 765//361 228//361 2203//361
f 765//362 2203//362 2204//362
f 1459//363 223//363 1718//363
f 1459//363 1718//363 1719//363
f 1668//364 1669//364 1460//364
f 1668//365 1460//365 221//365
f 238//366 230//366 370//366
f 238//367 370//367 369//367
f 1717//368 1655//368 854//368
f 1717//369 854//369 424//369
f 2101//370 2102//370 1767//370
f 2101//371 1767//371 1768//371
f 719//372 718//372 233//372
f 719//373 233//373 236//373
f 225//374 226//374 236//374
f 225//375 236//375 233//375
f 1458//376 230//376 238//376
f 1458//377 238//377 1457//377
f 371//378 238//378 369//378
f 371//379 369//379 372//379
f 852//380 239//380 245//380
f 852//381 245//381 851//381
f 2102//382 2103//382 1766//382
f 2102//383 1766//383 1767//383
f 424//384 1637//384 1716//384
f 424//385 1716//385 1717//385
f 734//386 242//386 241//386
f 734//387 241//387 733//387
f 438//388 243//388 2201//388
f 438//389 2201//389 2202//389
f 1457//390 238//390 371//390
f 1457//391 371//391 1456//391
f 1640//392 245//392 239//392
f 1640//393 239//393 1639//393
f 851//394 245//394 254//394
f 851//395 254//395 850//395
f 2105//396 2106//396 1763//396
f 2105//397 1763//397 1764//397
f 1713//398 1714//398 425//398
f 1713//399 425//399 426//399
f 425//400 1714//400 1715//400
f 425//401 1715//401 1183//401
f 2104//402 2105//402 1764//402
f 2104//403 1764//403 1765//403
f 249//404 250//404 259//404
f 249//405 259//405 258//405
f 241//406 242//406 250//406
f 241//407 250//407 249//407
f 245//408 1640//408 1641//408
f 245//409 1641//409 254//409
f 253//410 252//410 263//410
f 253//411 263//411 264//411
f 253//412 264//412 1186//412
f 253//413 1186//413 1185//413
f 850//414 254//414 1885//414
f 850//415 1885//415 1886//415
f 1761//416 1762//416 2107//416
f 1761//417 2107//417 2108//417
f 1711//418 1712//418 427//418
f 1711//419 427//419 717//419
f 1712//420 1713//420 426//420
f 1712//421 426//421 427//421
f 2106//422 2107//422 1762//422
f 2106//423 1762//423 1763//423
f 251//424 260//424 272//424
f 251//425 272//425 261//425
f 1725//426 1726//426 1676//426
f 1725//427 1676//427 1675//427
f 264//428 275//428 1187//428
f 264//429 1187//429 1186//429
f 264//430 263//430 274//430
f 264//431 274//431 275//431
f 254//432 1641//432 1884//432
f 254//433 1884//433 1885//433
f 277//434 266//434 715//434
f 277//435 715//435 714//435
f 252//436 266//436 277//436
f 252//437 277//437 263//437
f 1708//438 1709//438 732//438
f 1708//439 732//439 429//439
f 2110//440 2111//440 1758//440
f 2110//441 1758//441 1759//441
f 270//442 269//442 268//442
f 270//443 268//443 271//443
f 258//444 259//444 271//444
f 258//445 271//445 268//445
f 275//446 274//446 1881//446
f 275//447 1881//447 1882//447
f 282//448 277//448 714//448
f 282//449 714//449 713//449
f 263//450 277//450 282//450
f 263//451 282//451 274//451
f 730//452 278//452 283//452
f 730//453 283//453 729//453
f 1756//454 1757//454 2112//454
f 1756//455 2112//455 2113//455
f 1706//456 1707//456 430//456
f 1706//457 430//457 431//457
f 1707//458 1708//458 429//458
f 1707//459 429//459 430//459
f 2111//460 2112//460 1757//460
f 2111//461 1757//461 1758//461
f 995//462 996//462 269//462
f 995//463 269//463 270//463
f 1732//464 1733//464 1683//464
f 1732//465 1683//465 1682//465
f 1494//466 1493//466 12//466
f 1494//467 12//467 816//467
f 261//468 272//468 290//468
f 261//469 290//469 280//469
f 228//470 438//470 2202//470
f 228//471 2202//471 2203//471
f 274//472 282//472 1880//472
f 274//473 1880//473 1881//473
f 1879//474 1880//474 282//474
f 1879//475 282//475 713//475
f 729//476 283//476 291//476
f 729//477 291//477 728//477
f 292//478 284//478 293//478
f 292//479 293//479 299//479
f 278//480 284//480 292//480
f 278//481 292//481 283//481
f 288//482 287//482 286//482
f 288//483 286//483 289//483
f 1949//484 1950//484 996//484
f 1949//485 996//485 995//485
f 12//486 874//486 875//486
f 12//487 875//487 816//487
f 728//488 291//488 1876//488
f 728//489 1876//489 1877//489
f 298//490 292//490 299//490
f 298//491 299//491 305//491
f 283//492 292//492 298//492
f 283//493 298//493 291//493
f 2114//494 2115//494 1754//494
f 2114//495 1754//495 1755//495
f 433//496 1704//496 1705//496
f 433//497 1705//497 432//497
f 1705//498 1706//498 431//498
f 1705//499 431//499 432//499
f 2113//500 2114//500 1755//500
f 2113//501 1755//501 1756//501
f 296//502 494//502 495//502
f 296//503 495//503 297//503
f 287//504 288//504 1010//504
f 287//505 1010//505 1009//505
f 1874//506 1875//506 298//506
f 1874//507 298//507 305//507
f 291//508 298//508 1875//508
f 291//509 1875//509 1876//509
f 300//510 307//510 306//510
f 300//511 306//511 301//511
f 293//512 301//512 306//512
f 293//513 306//513 299//513
f 2115//514 2116//514 1753//514
f 2115//515 1753//515 1754//515
f 1703//516 1704//516 433//516
f 1703//517 433//517 997//517
f 1915//518 1916//518 302//518
f 1915//519 302//519 310//519
f 482//520 483//520 1032//520
f 482//521 1032//521 1031//521
f 303//522 302//522 123//522
f 303//523 123//523 127//523
f 1916//524 1917//524 123//524
f 1916//525 123//525 302//525
f 1418//526 303//526 127//526
f 1418//527 127//527 1417//527
f 2023//528 2022//528 1742//528
f 2023//529 1742//529 1314//529
f 2132//530 2024//530 1692//530
f 2132//531 1692//531 2131//531
f 299//532 306//532 313//532
f 299//533 313//533 305//533
f 307//534 314//534 313//534
f 307//535 313//535 306//535
f 300//536 999//536 1000//536
f 300//537 1000//537 307//537
f 2116//538 2117//538 1954//538
f 2116//539 1954//539 1753//539
f 2118//540 2119//540 1751//540
f 2118//541 1751//541 1752//541
f 435//542 1701//542 1702//542
f 435//543 1702//543 434//543
f 1951//544 1952//544 1703//544
f 1951//545 1703//545 997//545
f 311//546 310//546 302//546
f 311//547 302//547 303//547
f 1419//548 311//548 303//548
f 1419//549 303//549 1418//549
f 2022//550 2023//550 312//550
f 2022//551 312//551 1741//551
f 2024//552 2132//552 2133//552
f 2024//553 2133//553 1691//553
f 2021//554 2020//554 1312//554
f 2021//555 1312//555 1313//555
f 305//556 313//556 1873//556
f 305//557 1873//557 1874//557
f 314//558 1872//558 1873//558
f 314//559 1873//559 313//559
f 307//560 1000//560 1001//560
f 307//561 1001//561 314//561
f 1955//562 1956//562 1000//562
f 1955//563 1000//563 999//563
f 316//564 322//564 321//564
f 316//565 321//565 315//565
f 1750//566 1751//566 2119//566
f 1750//567 2119//567 2120//567
f 2121//568 2122//568 1748//568
f 2121//569 1748//569 1749//569
f 1698//570 1699//570 493//570
f 1698//571 493//571 437//571
f 1700//572 1701//572 435//572
f 1700//573 435//573 1008//573
f 1257//574 1739//574 1740//574
f 1257//575 1740//575 1431//575
f 1737//576 1738//576 1254//576
f 1737//577 1254//577 318//577
f 1687//578 1688//578 2136//578
f 1687//579 2136//579 2137//579
f 2135//580 1689//580 1690//580
f 2135//581 1690//581 2134//581
f 2020//582 2021//582 319//582
f 2020//583 319//583 324//583
f 2020//584 2019//584 1311//584
f 2020//585 1311//585 1312//585
f 1871//586 1872//586 314//586
f 1871//587 314//587 1001//587
f 1956//588 1957//588 1001//588
f 1956//589 1001//589 1000//589
f 322//590 326//590 325//590
f 322//591 325//591 321//591
f 322//592 316//592 1006//592
f 322//593 1006//593 1005//593
f 491//594 323//594 327//594
f 491//595 327//595 490//595
f 1746//596 1747//596 2124//596
f 1746//597 2124//597 2125//597
f 1745//598 1911//598 2126//598
f 1745//599 2126//599 2127//599
f 1695//600 1913//600 1914//600
f 1695//601 1914//601 440//601
f 1696//602 1697//602 481//602
f 1696//603 481//603 1030//603
f 1737//604 318//604 1397//604
f 1737//605 1397//605 1736//605
f 1687//606 2137//606 2138//606
f 1687//607 2138//607 1686//607
f 1258//608 1259//608 1429//608
f 1258//609 1429//609 1430//609
f 1252//610 1253//610 1613//610
f 1252//611 1613//611 1614//611
f 2019//612 2020//612 324//612
f 2019//613 324//613 330//613
f 2019//614 2018//614 1859//614
f 2019//615 1859//615 1311//615
f 1957//616 1958//616 1871//616
f 1957//617 1871//617 1001//617
f 326//618 1869//618 1870//618
f 326//619 1870//619 325//619
f 326//620 322//620 1005//620
f 326//621 1005//621 1004//621
f 490//622 327//622 334//622
f 490//623 334//623 489//623
f 478//624 479//624 1028//624
f 478//625 1028//625 1027//625
f 1909//626 1910//626 335//626
f 1909//627 335//627 341//627
f 2127//628 2128//628 1744//628
f 2127//629 1744//629 1745//629
f 1694//630 1695//630 440//630
f 1694//631 440//631 441//631
f 2128//632 2129//632 1743//632
f 2128//633 1743//633 1744//633
f 1693//634 1694//634 441//634
f 1693//635 441//635 1420//635
f 1614//636 1613//636 1396//636
f 1614//637 1396//637 1395//637
f 1259//638 1260//638 1428//638
f 1259//639 1428//639 1429//639
f 1251//640 1252//640 1614//640
f 1251//641 1614//641 1615//641
f 2018//642 2019//642 330//642
f 2018//643 330//643 1858//643
f 1868//644 1869//644 326//644
f 1868//645 326//645 1004//645
f 489//646 334//646 1866//646
f 489//647 1866//647 1867//647
f 477//648 478//648 1027//648
f 477//649 1027//649 1026//649
f 1908//650 1909//650 341//650
f 1908//651 341//651 343//651
f 335//652 336//652 340//652
f 335//653 340//653 341//653
f 336//654 1422//654 1423//654
f 336//655 1423//655 340//655
f 1615//656 1614//656 1395//656
f 1615//657 1395//657 1394//657
f 1260//658 1856//658 1857//658
f 1260//659 1857//659 1428//659
f 1854//660 1855//660 1251//660
f 1854//661 1251//661 1615//661
f 1863//662 1907//662 1908//662
f 1863//663 1908//663 343//663
f 1864//664 1865//664 477//664
f 1864//665 477//665 1026//665
f 341//666 340//666 344//666
f 341//667 344//667 343//667
f 340//668 1423//668 1424//668
f 340//669 1424//669 344//669
f 1854//670 1615//670 1394//670
f 1854//671 1394//671 1853//671
f 243//672 804//672 2200//672
f 243//673 2200//673 2201//673
f 343//674 344//674 1862//674
f 343//675 1862//675 1863//675
f 344//676 1424//676 1861//676
f 344//677 1861//677 1862//677
f 260//678 251//678 805//678
f 260//679 805//679 806//679
f 355//680 346//680 400//680
f 355//681 400//681 399//681
f 497//682 80//682 350//682
f 497//683 350//683 496//683
f 498//684 106//684 80//684
f 498//685 80//685 497//685
f 106//686 498//686 499//686
f 106//687 499//687 105//687
f 499//688 528//688 527//688
f 499//689 527//689 105//689
f 129//690 126//690 1414//690
f 129//691 1414//691 1415//691
f 129//692 1415//692 1416//692
f 129//693 1416//693 128//693
f 127//694 128//694 1416//694
f 127//695 1416//695 1417//695
f 79//696 389//696 388//696
f 79//697 388//697 78//697
f 81//698 79//698 78//698
f 81//699 78//699 82//699
f 100//700 81//700 82//700
f 100//701 82//701 99//701
f 529//702 100//702 99//702
f 529//703 99//703 530//703
f 1434//704 1264//704 1994//704
f 1434//705 1994//705 1993//705
f 17//706 1191//706 1192//706
f 17//707 1192//707 212//707
f 40//708 216//708 1192//708
f 40//709 1192//709 1191//709
f 857//710 38//710 220//710
f 857//711 220//711 856//711
f 38//712 1634//712 1635//712
f 38//713 1635//713 220//713
f 1180//714 32//714 227//714
f 1180//715 227//715 1181//715
f 32//716 33//716 226//716
f 32//717 226//717 227//717
f 720//718 719//718 236//718
f 720//719 236//719 34//719
f 236//720 226//720 33//720
f 236//721 33//721 34//721
f 4//722 131//722 351//722
f 4//723 351//723 2//723
f 131//724 114//724 352//724
f 131//725 352//725 351//725
f 4544//726 4545//726 115//726
f 4544//727 115//727 353//727
f 157//728 152//728 155//728
f 157//729 155//729 162//729
f 151//730 147//730 153//730
f 151//731 153//731 156//731
f 356//732 346//732 355//732
f 356//733 355//733 357//733
f 200//734 356//734 357//734
f 200//735 357//735 19//735
f 907//736 908//736 1201//736
f 907//737 1201//737 1205//737
f 359//738 360//738 1779//738
f 359//739 1779//739 1780//739
f 1665//740 1666//740 361//740
f 1665//741 361//741 362//741
f 359//742 1780//742 1781//742
f 359//743 1781//743 363//743
f 366//744 365//744 367//744
f 366//745 367//745 368//745
f 368//746 367//746 374//746
f 368//747 374//747 373//747
f 368//748 373//748 372//748
f 368//749 372//749 369//749
f 366//750 368//750 369//750
f 366//751 369//751 370//751
f 1456//752 371//752 1900//752
f 1456//753 1900//753 1901//753
f 1899//754 1900//754 371//754
f 1899//755 371//755 372//755
f 373//756 1898//756 1899//756
f 373//757 1899//757 372//757
f 373//758 374//758 1897//758
f 373//759 1897//759 1898//759
f 1837//760 1838//760 16//760
f 1837//761 16//761 821//761
f 1838//762 1782//762 13//762
f 1838//763 13//763 16//763
f 1778//764 1779//764 360//764
f 1778//765 360//765 420//765
f 380//766 367//766 365//766
f 380//767 365//767 379//767
f 367//768 380//768 381//768
f 367//769 381//769 374//769
f 374//770 381//770 1896//770
f 374//771 1896//771 1897//771
f 1782//772 1783//772 14//772
f 1782//773 14//773 13//773
f 735//774 383//774 242//774
f 735//775 242//775 734//775
f 242//776 383//776 384//776
f 242//777 384//777 250//777
f 259//778 250//778 384//778
f 259//779 384//779 385//779
f 259//780 385//780 386//780
f 259//781 386//781 271//781
f 387//782 270//782 271//782
f 387//783 271//783 386//783
f 995//784 270//784 387//784
f 995//785 387//785 994//785
f 1948//786 1949//786 995//786
f 1948//787 995//787 994//787
f 389//788 288//788 289//788
f 389//789 289//789 388//789
f 288//790 389//790 1011//790
f 288//791 1011//791 1010//791
f 297//792 495//792 496//792
f 297//793 496//793 350//793
f 483//794 484//794 1033//794
f 483//795 1033//795 1032//795
f 767//796 390//796 209//796
f 767//797 209//797 772//797
f 392//798 391//798 390//798
f 392//799 390//799 767//799
f 391//800 392//800 394//800
f 391//801 394//801 393//801
f 290//802 392//802 767//802
f 290//803 767//803 768//803
f 393//804 394//804 396//804
f 393//805 396//805 395//805
f 395//806 396//806 798//806
f 395//807 798//807 794//807
f 207//808 358//808 397//808
f 207//809 397//809 398//809
f 25//810 31//810 399//810
f 25//811 399//811 400//811
f 4543//812 4544//812 353//812
f 4543//813 353//813 401//813
f 4542//814 4543//814 401//814
f 4542//815 401//815 3//815
f 354//816 172//816 401//816
f 354//817 401//817 353//817
f 2083//818 2071//818 2072//818
f 2083//819 2072//819 2084//819
f 2083//820 2084//820 119//820
f 2083//821 119//821 162//821
f 157//822 162//822 119//822
f 157//823 119//823 118//823
f 156//824 157//824 118//824
f 156//825 118//825 97//825
f 151//826 156//826 97//826
f 151//827 97//827 94//827
f 150//828 151//828 94//828
f 150//829 94//829 95//829
f 401//830 172//830 1//830
f 401//831 1//831 3//831
f 145//832 149//832 98//832
f 145//833 98//833 403//833
f 95//834 98//834 149//834
f 95//835 149//835 150//835
f 402//836 154//836 137//836
f 402//837 137//837 140//837
f 154//838 160//838 138//838
f 154//839 138//839 137//839
f 142//840 138//840 160//840
f 142//841 160//841 161//841
f 143//842 142//842 161//842
f 143//843 161//843 166//843
f 146//844 167//844 165//844
f 146//845 165//845 158//845
f 519//846 502//846 503//846
f 519//847 503//847 518//847
f 404//848 405//848 402//848
f 404//849 402//849 403//849
f 402//850 140//850 145//850
f 402//851 145//851 403//851
f 407//852 406//852 416//852
f 407//853 416//853 415//853
f 406//854 400//854 346//854
f 406//855 346//855 416//855
f 407//856 408//856 22//856
f 407//857 22//857 20//857
f 406//858 407//858 20//858
f 406//859 20//859 21//859
f 25//860 400//860 406//860
f 25//861 406//861 21//861
f 399//862 31//862 2217//862
f 399//863 2217//863 2216//863
f 408//864 407//864 415//864
f 408//865 415//865 414//865
f 361//866 364//866 939//866
f 361//867 939//867 940//867
f 409//868 410//868 2210//868
f 409//869 2210//869 2209//869
f 362//870 361//870 940//870
f 362//871 940//871 941//871
f 183//872 184//872 412//872
f 183//873 412//873 411//873
f 413//874 192//874 183//874
f 413//875 183//875 411//875
f 192//876 413//876 356//876
f 192//877 356//877 200//877
f 411//878 412//878 414//878
f 411//879 414//879 415//879
f 416//880 413//880 411//880
f 416//881 411//881 415//881
f 413//882 416//882 346//882
f 413//883 346//883 356//883
f 1499//884 797//884 777//884
f 1499//885 777//885 1500//885
f 797//886 880//886 881//886
f 797//887 881//887 777//887
f 880//888 963//888 964//888
f 880//889 964//889 881//889
f 1441//890 1442//890 1449//890
f 1441//891 1449//891 1450//891
f 1500//892 777//892 418//892
f 1500//893 418//893 1501//893
f 777//894 881//894 882//894
f 777//895 882//895 418//895
f 881//896 964//896 965//896
f 881//897 965//897 882//897
f 280//898 290//898 768//898
f 280//899 768//899 769//899
f 355//900 399//900 2216//900
f 355//901 2216//901 2215//901
f 1664//902 1665//902 362//902
f 1664//903 362//903 421//903
f 421//904 362//904 941//904
f 421//905 941//905 942//905
f 396//906 260//906 806//906
f 396//907 806//907 798//907
f 422//908 211//908 1193//908
f 422//909 1193//909 1194//909
f 215//910 423//910 1194//910
f 215//911 1194//911 1193//911
f 854//912 855//912 219//912
f 854//913 219//913 424//913
f 424//914 219//914 1636//914
f 424//915 1636//915 1637//915
f 224//916 425//916 1183//916
f 224//917 1183//917 1182//917
f 224//918 225//918 426//918
f 224//919 426//919 425//919
f 426//920 225//920 233//920
f 426//921 233//921 427//921
f 427//922 233//922 718//922
f 427//923 718//923 717//923
f 241//924 429//924 732//924
f 241//925 732//925 733//925
f 1442//926 1443//926 1448//926
f 1442//927 1448//927 1449//927
f 429//928 241//928 249//928
f 429//929 249//929 430//929
f 1443//930 1444//930 1447//930
f 1443//931 1447//931 1448//931
f 430//932 249//932 258//932
f 430//933 258//933 431//933
f 1497//934 803//934 801//934
f 1497//935 801//935 1498//935
f 431//936 258//936 268//936
f 431//937 268//937 432//937
f 1498//938 801//938 797//938
f 1498//939 797//939 1499//939
f 269//940 433//940 432//940
f 269//941 432//941 268//941
f 433//942 269//942 996//942
f 433//943 996//943 997//943
f 803//944 878//944 879//944
f 803//945 879//945 801//945
f 1950//946 1951//946 997//946
f 1950//947 997//947 996//947
f 801//948 879//948 880//948
f 801//949 880//949 797//949
f 287//950 435//950 434//950
f 287//951 434//951 286//951
f 878//952 966//952 967//952
f 878//953 967//953 879//953
f 435//954 287//954 1009//954
f 435//955 1009//955 1008//955
f 493//956 494//956 296//956
f 493//957 296//957 437//957
f 481//958 482//958 1031//958
f 481//959 1031//959 1030//959
f 1914//960 1915//960 310//960
f 1914//961 310//961 440//961
f 1724//962 1725//962 1675//962
f 1724//963 1675//963 1674//963
f 1723//964 1724//964 1674//964
f 1723//965 1674//965 1673//965
f 441//966 440//966 310//966
f 441//967 310//967 311//967
f 1419//968 1420//968 441//968
f 1419//969 441//969 311//969
f 1783//970 1784//970 15//970
f 1783//971 15//971 14//971
f 1895//972 1896//972 381//972
f 1895//973 381//973 444//973
f 443//974 380//974 379//974
f 443//975 379//975 1248//975
f 396//976 394//976 272//976
f 396//977 272//977 260//977
f 290//978 272//978 394//978
f 290//979 394//979 392//979
f 380//980 443//980 444//980
f 380//981 444//981 381//981
f 905//982 906//982 1209//982
f 905//983 1209//983 2092//983
f 357//984 355//984 2215//984
f 357//985 2215//985 2214//985
f 19//986 357//986 2214//986
f 19//987 2214//987 2213//987
f 421//988 942//988 943//988
f 421//989 943//989 1663//989
f 510//990 19//990 2213//990
f 510//991 2213//991 2212//991
f 1133//992 944//992 1088//992
f 1133//993 1088//993 1132//993
f 944//994 945//994 1081//994
f 944//995 1081//995 1088//995
f 1672//996 1673//996 228//996
f 1672//997 228//997 765//997
f 1674//998 1675//998 243//998
f 1674//999 243//999 438//999
f 410//1000 511//1000 2211//1000
f 410//1001 2211//1001 2210//1001
f 1673//1002 1674//1002 438//1002
f 1673//1003 438//1003 228//1003
f 511//1004 510//1004 2212//1004
f 511//1005 2212//1005 2211//1005
f 24//1006 22//1006 463//1006
f 24//1007 463//1007 462//1007
f 462//1008 463//1008 405//1008
f 462//1009 405//1009 404//1009
f 460//1010 65//1010 1138//1010
f 460//1011 1138//1011 1139//1011
f 1266//1012 1265//1012 460//1012
f 1266//1013 460//1013 1139//1013
f 92//1014 461//1014 462//1014
f 92//1015 462//1015 404//1015
f 461//1016 66//1016 24//1016
f 461//1017 24//1017 462//1017
f 1170//1018 1169//1018 2176//1018
f 1170//1019 2176//1019 2177//1019
f 1170//1020 2177//1020 2178//1020
f 1170//1021 2178//1021 1267//1021
f 506//1022 515//1022 516//1022
f 506//1023 516//1023 505//1023
f 505//1024 516//1024 517//1024
f 505//1025 517//1025 504//1025
f 468//1026 181//1026 190//1026
f 468//1027 190//1027 469//1027
f 176//1028 468//1028 469//1028
f 176//1029 469//1029 180//1029
f 196//1030 470//1030 469//1030
f 196//1031 469//1031 190//1031
f 470//1032 188//1032 180//1032
f 470//1033 180//1033 469//1033
f 470//1034 1467//1034 1468//1034
f 470//1035 1468//1035 188//1035
f 208//1036 204//1036 471//1036
f 208//1037 471//1037 472//1037
f 473//1038 472//1038 390//1038
f 473//1039 390//1039 391//1039
f 213//1040 208//1040 472//1040
f 213//1041 472//1041 473//1041
f 474//1042 473//1042 391//1042
f 474//1043 391//1043 393//1043
f 217//1044 213//1044 473//1044
f 217//1045 473//1045 474//1045
f 475//1046 474//1046 393//1046
f 475//1047 393//1047 395//1047
f 358//1048 217//1048 474//1048
f 358//1049 474//1049 475//1049
f 397//1050 358//1050 475//1050
f 397//1051 475//1051 500//1051
f 475//1052 395//1052 794//1052
f 475//1053 794//1053 500//1053
f 214//1054 1462//1054 1463//1054
f 214//1055 1463//1055 210//1055
f 168//1056 405//1056 463//1056
f 168//1057 463//1057 464//1057
f 464//1058 463//1058 22//1058
f 464//1059 22//1059 408//1059
f 465//1060 464//1060 408//1060
f 465//1061 408//1061 414//1061
f 465//1062 170//1062 168//1062
f 465//1063 168//1063 464//1063
f 414//1064 412//1064 466//1064
f 414//1065 466//1065 465//1065
f 465//1066 466//1066 171//1066
f 465//1067 171//1067 170//1067
f 412//1068 184//1068 467//1068
f 412//1069 467//1069 466//1069
f 466//1070 467//1070 175//1070
f 466//1071 175//1071 171//1071
f 68//1072 1265//1072 1266//1072
f 68//1073 1266//1073 1140//1073
f 471//1074 204//1074 755//1074
f 471//1075 755//1075 1410//1075
f 27//1076 31//1076 25//1076
f 27//1077 25//1077 29//1077
f 28//1078 30//1078 27//1078
f 28//1079 27//1079 29//1079
f 86//1080 76//1080 88//1080
f 86//1081 88//1081 87//1081
f 85//1082 75//1082 76//1082
f 85//1083 76//1083 86//1083
f 1135//1084 75//1084 85//1084
f 1135//1085 85//1085 1134//1085
f 88//1086 89//1086 102//1086
f 88//1087 102//1087 87//1087
f 1165//1088 2172//1088 2173//1088
f 1165//1089 2173//1089 1166//1089
f 512//1090 509//1090 510//1090
f 512//1091 510//1091 511//1091
f 199//1092 410//1092 409//1092
f 199//1093 409//1093 206//1093
f 214//1094 210//1094 206//1094
f 214//1095 206//1095 409//1095
f 1360//1096 931//1096 1387//1096
f 1360//1097 1387//1097 1386//1097
f 398//1098 397//1098 445//1098
f 398//1099 445//1099 446//1099
f 452//1100 398//1100 446//1100
f 452//1101 446//1101 451//1101
f 448//1102 447//1102 1436//1102
f 448//1103 1436//1103 1437//1103
f 8//1104 11//1104 886//1104
f 8//1105 886//1105 885//1105
f 447//1106 448//1106 885//1106
f 447//1107 885//1107 886//1107
f 450//1108 449//1108 1437//1108
f 450//1109 1437//1109 1436//1109
f 882//1110 965//1110 969//1110
f 882//1111 969//1111 883//1111
f 418//1112 882//1112 883//1112
f 418//1113 883//1113 453//1113
f 1501//1114 418//1114 453//1114
f 1501//1115 453//1115 1502//1115
f 1439//1116 1440//1116 1451//1116
f 1439//1117 1451//1117 1452//1117
f 445//1118 417//1118 454//1118
f 445//1119 454//1119 446//1119
f 883//1120 969//1120 9//1120
f 883//1121 9//1121 884//1121
f 453//1122 883//1122 884//1122
f 453//1123 884//1123 455//1123
f 1502//1124 453//1124 455//1124
f 1502//1125 455//1125 1503//1125
f 1438//1126 1439//1126 1452//1126
f 1438//1127 1452//1127 1453//1127
f 446//1128 454//1128 456//1128
f 446//1129 456//1129 451//1129
f 9//1130 8//1130 885//1130
f 9//1131 885//1131 884//1131
f 448//1132 455//1132 884//1132
f 448//1133 884//1133 885//1133
f 1902//1134 1903//1134 757//1134
f 1902//1135 757//1135 746//1135
f 757//1136 758//1136 747//1136
f 757//1137 747//1137 746//1137
f 758//1138 759//1138 748//1138
f 758//1139 748//1139 747//1139
f 1720//1140 1721//1140 760//1140
f 1720//1141 760//1141 749//1141
f 1670//1142 1671//1142 761//1142
f 1670//1143 761//1143 750//1143
f 750//1144 761//1144 936//1144
f 750//1145 936//1145 937//1145
f 762//1146 751//1146 2206//1146
f 762//1147 2206//1147 2205//1147
f 762//1148 763//1148 752//1148
f 762//1149 752//1149 751//1149
f 1986//1150 1987//1150 1866//1150
f 1986//1151 1866//1151 334//1151
f 1985//1152 1986//1152 334//1152
f 1985//1153 334//1153 327//1153
f 1984//1154 1985//1154 327//1154
f 1984//1155 327//1155 323//1155
f 2122//1156 2123//1156 1983//1156
f 2122//1157 1983//1157 1748//1157
f 1980//1158 1981//1158 1698//1158
f 1980//1159 1698//1159 437//1159
f 1979//1160 1980//1160 437//1160
f 1979//1161 437//1161 296//1161
f 1978//1162 1979//1162 296//1162
f 1978//1163 296//1163 297//1163
f 1977//1164 1978//1164 297//1164
f 1977//1165 297//1165 350//1165
f 1976//1166 1977//1166 350//1166
f 1976//1167 350//1167 80//1167
f 1975//1168 1976//1168 80//1168
f 1975//1169 80//1169 106//1169
f 1974//1170 1975//1170 106//1170
f 1974//1171 106//1171 105//1171
f 1973//1172 1974//1172 105//1172
f 1973//1173 105//1173 527//1173
f 489//1174 1867//1174 1868//1174
f 489//1175 1868//1175 1004//1175
f 490//1176 489//1176 1004//1176
f 490//1177 1004//1177 1005//1177
f 491//1178 490//1178 1005//1178
f 491//1179 1005//1179 1006//1179
f 2120//1180 2121//1180 1749//1180
f 2120//1181 1749//1181 1750//1181
f 1699//1182 1700//1182 1008//1182
f 1699//1183 1008//1183 493//1183
f 1008//1184 1009//1184 494//1184
f 1008//1185 494//1185 493//1185
f 495//1186 494//1186 1009//1186
f 495//1187 1009//1187 1010//1187
f 496//1188 495//1188 1010//1188
f 496//1189 1010//1189 1011//1189
f 497//1190 496//1190 1011//1190
f 497//1191 1011//1191 1012//1191
f 1013//1192 498//1192 497//1192
f 1013//1193 497//1193 1012//1193
f 498//1194 1013//1194 1014//1194
f 498//1195 1014//1195 499//1195
f 1014//1196 1015//1196 528//1196
f 1014//1197 528//1197 499//1197
f 445//1198 397//1198 500//1198
f 445//1199 500//1199 775//1199
f 1450//1200 1451//1200 1440//1200
f 1450//1201 1440//1201 1441//1201
f 417//1202 445//1202 775//1202
f 417//1203 775//1203 776//1203
f 502//1204 501//1204 136//1204
f 502//1205 136//1205 143//1205
f 503//1206 502//1206 143//1206
f 503//1207 143//1207 166//1207
f 503//1208 166//1208 175//1208
f 503//1209 175//1209 504//1209
f 505//1210 504//1210 175//1210
f 505//1211 175//1211 467//1211
f 506//1212 505//1212 467//1212
f 506//1213 467//1213 184//1213
f 184//1214 183//1214 507//1214
f 184//1215 507//1215 506//1215
f 192//1216 508//1216 507//1216
f 192//1217 507//1217 183//1217
f 508//1218 192//1218 200//1218
f 508//1219 200//1219 509//1219
f 509//1220 200//1220 19//1220
f 509//1221 19//1221 510//1221
f 512//1222 511//1222 410//1222
f 512//1223 410//1223 199//1223
f 513//1224 512//1224 199//1224
f 513//1225 199//1225 191//1225
f 513//1226 191//1226 182//1226
f 513//1227 182//1227 514//1227
f 515//1228 514//1228 182//1228
f 515//1229 182//1229 181//1229
f 516//1230 515//1230 181//1230
f 516//1231 181//1231 468//1231
f 516//1232 468//1232 176//1232
f 516//1233 176//1233 517//1233
f 518//1234 517//1234 176//1234
f 518//1235 176//1235 167//1235
f 519//1236 518//1236 167//1236
f 519//1237 167//1237 146//1237
f 146//1238 141//1238 520//1238
f 146//1239 520//1239 519//1239
f 915//1240 540//1240 533//1240
f 915//1241 533//1241 534//1241
f 1120//1242 541//1242 1627//1242
f 1120//1243 1627//1243 1628//1243
f 1114//1244 543//1244 542//1244
f 1114//1245 542//1245 1117//1245
f 1111//1246 859//1246 543//1246
f 1111//1247 543//1247 1114//1247
f 545//1248 541//1248 542//1248
f 545//1249 542//1249 546//1249
f 1117//1250 542//1250 541//1250
f 1117//1251 541//1251 1120//1251
f 1942//1252 1943//1252 989//1252
f 1942//1253 989//1253 988//1253
f 989//1254 1943//1254 1944//1254
f 989//1255 1944//1255 990//1255
f 549//1256 1016//1256 1015//1256
f 549//1257 1015//1257 529//1257
f 677//1258 678//1258 1039//1258
f 677//1259 1039//1259 1038//1259
f 549//1260 552//1260 1017//1260
f 549//1261 1017//1261 1016//1261
f 677//1262 1038//1262 1037//1262
f 677//1263 1037//1263 526//1263
f 1922//1264 652//1264 525//1264
f 1922//1265 525//1265 1921//1265
f 987//1266 988//1266 553//1266
f 987//1267 553//1267 703//1267
f 988//1268 989//1268 554//1268
f 988//1269 554//1269 553//1269
f 553//1270 554//1270 555//1270
f 553//1271 555//1271 556//1271
f 985//1272 986//1272 707//1272
f 985//1273 707//1273 704//1273
f 1941//1274 1942//1274 988//1274
f 1941//1275 988//1275 987//1275
f 552//1276 694//1276 1018//1276
f 552//1277 1018//1277 1017//1277
f 678//1278 697//1278 1040//1278
f 678//1279 1040//1279 1039//1279
f 1923//1280 1924//1280 698//1280
f 1923//1281 698//1281 650//1281
f 642//1282 1925//1282 1926//1282
f 642//1283 1926//1283 639//1283
f 679//1284 680//1284 1042//1284
f 679//1285 1042//1285 1041//1285
f 561//1286 564//1286 1020//1286
f 561//1287 1020//1287 1019//1287
f 564//1288 565//1288 1021//1288
f 564//1289 1021//1289 1020//1289
f 1938//1290 1939//1290 985//1290
f 1938//1291 985//1291 984//1291
f 1939//1292 1940//1292 986//1292
f 1939//1293 986//1293 985//1293
f 554//1294 989//1294 990//1294
f 554//1295 990//1295 531//1295
f 555//1296 554//1296 531//1296
f 555//1297 531//1297 532//1297
f 569//1298 706//1298 557//1298
f 569//1299 557//1299 568//1299
f 983//1300 706//1300 569//1300
f 983//1301 569//1301 982//1301
f 570//1302 569//1302 568//1302
f 570//1303 568//1303 571//1303
f 569//1304 570//1304 981//1304
f 569//1305 981//1305 982//1305
f 576//1306 575//1306 574//1306
f 576//1307 574//1307 573//1307
f 580//1308 579//1308 578//1308
f 580//1309 578//1309 577//1309
f 584//1310 583//1310 582//1310
f 584//1311 582//1311 581//1311
f 579//1312 586//1312 585//1312
f 579//1313 585//1313 578//1313
f 1105//1314 587//1314 544//1314
f 1105//1315 544//1315 1108//1315
f 544//1316 587//1316 584//1316
f 544//1317 584//1317 581//1317
f 1511//1318 1512//1318 1552//1318
f 1511//1319 1552//1319 1551//1319
f 1513//1320 1514//1320 1554//1320
f 1513//1321 1554//1321 1553//1321
f 860//1322 861//1322 588//1322
f 860//1323 588//1323 589//1323
f 546//1324 589//1324 588//1324
f 546//1325 588//1325 590//1325
f 1510//1326 1511//1326 1551//1326
f 1510//1327 1551//1327 1550//1327
f 1556//1328 1555//1328 1515//1328
f 1556//1329 1515//1329 1516//1329
f 1518//1330 1519//1330 1559//1330
f 1518//1331 1559//1331 1558//1331
f 576//1332 573//1332 592//1332
f 576//1333 592//1333 593//1333
f 574//1334 575//1334 1098//1334
f 574//1335 1098//1335 1102//1335
f 599//1336 596//1336 1382//1336
f 599//1337 1382//1337 1391//1337
f 1562//1338 1561//1338 1521//1338
f 1562//1339 1521//1339 1522//1339
f 596//1340 599//1340 591//1340
f 596//1341 591//1341 595//1341
f 1378//1342 1379//1342 600//1342
f 1378//1343 600//1343 601//1343
f 1377//1344 1525//1344 1526//1344
f 1377//1345 1526//1345 603//1345
f 1526//1346 1527//1346 605//1346
f 1526//1347 605//1347 603//1347
f 589//1348 546//1348 542//1348
f 589//1349 542//1349 543//1349
f 572//1350 545//1350 546//1350
f 572//1351 546//1351 590//1351
f 1550//1352 1549//1352 1509//1352
f 1550//1353 1509//1353 1510//1353
f 541//1354 545//1354 1626//1354
f 541//1355 1626//1355 1627//1355
f 859//1356 860//1356 589//1356
f 859//1357 589//1357 543//1357
f 607//1358 606//1358 1024//1358
f 607//1359 1024//1359 1023//1359
f 1936//1360 1937//1360 983//1360
f 1936//1361 983//1361 982//1361
f 614//1362 607//1362 1023//1362
f 614//1363 1023//1363 1022//1363
f 682//1364 683//1364 1045//1364
f 682//1365 1045//1365 1044//1365
f 683//1366 684//1366 1046//1366
f 683//1367 1046//1367 1045//1367
f 1928//1368 1929//1368 613//1368
f 1928//1369 613//1369 655//1369
f 613//1370 612//1370 654//1370
f 613//1371 654//1371 655//1371
f 565//1372 614//1372 1022//1372
f 565//1373 1022//1373 1021//1373
f 983//1374 984//1374 705//1374
f 983//1375 705//1375 706//1375
f 1937//1376 1938//1376 984//1376
f 1937//1377 984//1377 983//1377
f 1935//1378 1936//1378 982//1378
f 1935//1379 982//1379 981//1379
f 1581//1380 1933//1380 1934//1380
f 1581//1381 1934//1381 1546//1381
f 1582//1382 1581//1382 1546//1382
f 1582//1383 1546//1383 1547//1383
f 1537//1384 1538//1384 1574//1384
f 1537//1385 1574//1385 1573//1385
f 1929//1386 1930//1386 618//1386
f 1929//1387 618//1387 613//1387
f 613//1388 618//1388 617//1388
f 613//1389 617//1389 612//1389
f 620//1390 619//1390 659//1390
f 620//1391 659//1391 1622//1391
f 653//1392 620//1392 1622//1392
f 653//1393 1622//1393 647//1393
f 1536//1394 1572//1394 1571//1394
f 1536//1395 1571//1395 1535//1395
f 597//1396 2233//1396 2234//1396
f 597//1397 2234//1397 602//1397
f 623//1398 622//1398 626//1398
f 623//1399 626//1399 634//1399
f 625//1400 603//1400 605//1400
f 625//1401 605//1401 624//1401
f 1530//1402 626//1402 622//1402
f 1530//1403 622//1403 1529//1403
f 1531//1404 633//1404 626//1404
f 1531//1405 626//1405 1530//1405
f 1533//1406 1373//1406 656//1406
f 1533//1407 656//1407 1532//1407
f 1371//1408 1372//1408 629//1408
f 1371//1409 629//1409 630//1409
f 631//1410 628//1410 627//1410
f 631//1411 627//1411 632//1411
f 632//1412 627//1412 621//1412
f 632//1413 621//1413 598//1413
f 540//1414 555//1414 532//1414
f 540//1415 532//1415 533//1415
f 984//1416 985//1416 704//1416
f 984//1417 704//1417 705//1417
f 680//1418 681//1418 1043//1418
f 680//1419 1043//1419 1042//1419
f 1927//1420 1928//1420 655//1420
f 1927//1421 655//1421 638//1421
f 639//1422 638//1422 637//1422
f 639//1423 637//1423 636//1423
f 641//1424 640//1424 646//1424
f 641//1425 646//1425 645//1425
f 643//1426 642//1426 639//1426
f 643//1427 639//1427 636//1427
f 644//1428 641//1428 645//1428
f 644//1429 645//1429 648//1429
f 646//1430 647//1430 668//1430
f 646//1431 668//1431 669//1431
f 640//1432 653//1432 647//1432
f 640//1433 647//1433 646//1433
f 645//1434 646//1434 669//1434
f 645//1435 669//1435 670//1435
f 671//1436 648//1436 645//1436
f 671//1437 645//1437 670//1437
f 698//1438 699//1438 651//1438
f 698//1439 651//1439 650//1439
f 654//1440 637//1440 638//1440
f 654//1441 638//1441 655//1441
f 1926//1442 1927//1442 638//1442
f 1926//1443 638//1443 639//1443
f 681//1444 682//1444 1044//1444
f 681//1445 1044//1445 1043//1445
f 2239//1446 2240//1446 1376//1446
f 2239//1447 1376//1447 625//1447
f 1376//1448 1377//1448 603//1448
f 1376//1449 603//1449 625//1449
f 1373//1450 1374//1450 657//1450
f 1373//1451 657//1451 656//1451
f 1571//1452 1570//1452 1534//1452
f 1571//1453 1534//1453 1535//1453
f 633//1454 660//1454 634//1454
f 633//1455 634//1455 626//1455
f 1922//1456 1923//1456 650//1456
f 1922//1457 650//1457 652//1457
f 584//1458 587//1458 586//1458
f 584//1459 586//1459 579//1459
f 583//1460 584//1460 579//1460
f 583//1461 579//1461 580//1461
f 1555//1462 1554//1462 1514//1462
f 1555//1463 1514//1463 1515//1463
f 578//1464 585//1464 662//1464
f 578//1465 662//1465 663//1465
f 577//1466 578//1466 663//1466
f 577//1467 663//1467 664//1467
f 1557//1468 1556//1468 1516//1468
f 1557//1469 1516//1469 1517//1469
f 594//1470 1331//1470 1332//1470
f 594//1471 1332//1471 1353//1471
f 592//1472 573//1472 595//1472
f 592//1473 595//1473 591//1473
f 1519//1474 1520//1474 1560//1474
f 1519//1475 1560//1475 1559//1475
f 663//1476 662//1476 575//1476
f 663//1477 575//1477 576//1477
f 664//1478 663//1478 576//1478
f 664//1479 576//1479 593//1479
f 1517//1480 1518//1480 1558//1480
f 1517//1481 1558//1481 1557//1481
f 586//1482 587//1482 1105//1482
f 586//1483 1105//1483 1101//1483
f 1931//1484 1932//1484 1574//1484
f 1931//1485 1574//1485 1538//1485
f 665//1486 668//1486 647//1486
f 665//1487 647//1487 1622//1487
f 666//1488 600//1488 1357//1488
f 666//1489 1357//1489 1356//1489
f 1379//1490 1380//1490 1357//1490
f 1379//1491 1357//1491 600//1491
f 658//1492 665//1492 1622//1492
f 658//1493 1622//1493 659//1493
f 702//1494 672//1494 1619//1494
f 702//1495 1619//1495 701//1495
f 633//1496 656//1496 657//1496
f 633//1497 657//1497 660//1497
f 656//1498 633//1498 1531//1498
f 656//1499 1531//1499 1532//1499
f 628//1500 631//1500 630//1500
f 628//1501 630//1501 629//1501
f 1370//1502 1371//1502 630//1502
f 1370//1503 630//1503 896//1503
f 1369//1504 1370//1504 896//1504
f 1369//1505 896//1505 895//1505
f 1368//1506 1369//1506 895//1506
f 1368//1507 895//1507 897//1507
f 1367//1508 1368//1508 897//1508
f 1367//1509 897//1509 898//1509
f 1365//1510 1366//1510 899//1510
f 1365//1511 899//1511 890//1511
f 1363//1512 1364//1512 891//1512
f 1363//1513 891//1513 902//1513
f 604//1514 666//1514 597//1514
f 604//1515 597//1515 602//1515
f 604//1516 601//1516 600//1516
f 604//1517 600//1517 666//1517
f 1364//1518 1365//1518 890//1518
f 1364//1519 890//1519 891//1519
f 685//1520 550//1520 527//1520
f 685//1521 527//1521 528//1521
f 551//1522 550//1522 685//1522
f 551//1523 685//1523 686//1523
f 686//1524 695//1524 696//1524
f 686//1525 696//1525 551//1525
f 562//1526 687//1526 688//1526
f 562//1527 688//1527 563//1527
f 688//1528 689//1528 635//1528
f 688//1529 635//1529 563//1529
f 611//1530 635//1530 689//1530
f 611//1531 689//1531 690//1531
f 611//1532 690//1532 691//1532
f 611//1533 691//1533 609//1533
f 691//1534 692//1534 610//1534
f 691//1535 610//1535 609//1535
f 1541//1536 1542//1536 1577//1536
f 1541//1537 1577//1537 1576//1537
f 612//1538 617//1538 619//1538
f 612//1539 619//1539 620//1539
f 654//1540 612//1540 620//1540
f 654//1541 620//1541 653//1541
f 637//1542 654//1542 653//1542
f 637//1543 653//1543 640//1543
f 636//1544 637//1544 640//1544
f 636//1545 640//1545 641//1545
f 644//1546 643//1546 636//1546
f 644//1547 636//1547 641//1547
f 651//1548 699//1548 700//1548
f 651//1549 700//1549 649//1549
f 547//1550 549//1550 529//1550
f 547//1551 529//1551 530//1551
f 552//1552 549//1552 547//1552
f 552//1553 547//1553 548//1553
f 694//1554 552//1554 548//1554
f 694//1555 548//1555 693//1555
f 564//1556 561//1556 560//1556
f 564//1557 560//1557 566//1557
f 565//1558 564//1558 566//1558
f 565//1559 566//1559 567//1559
f 614//1560 565//1560 567//1560
f 614//1561 567//1561 615//1561
f 607//1562 614//1562 615//1562
f 607//1563 615//1563 608//1563
f 606//1564 607//1564 608//1564
f 606//1565 608//1565 616//1565
f 1580//1566 1579//1566 1544//1566
f 1580//1567 1544//1567 1545//1567
f 1573//1568 1572//1568 1536//1568
f 1573//1569 1536//1569 1537//1569
f 605//1570 1527//1570 1528//1570
f 605//1571 1528//1571 673//1571
f 673//1572 1528//1572 2235//1572
f 673//1573 2235//1573 2236//1573
f 673//1574 2236//1574 2237//1574
f 673//1575 2237//1575 674//1575
f 624//1576 605//1576 673//1576
f 624//1577 673//1577 674//1577
f 1374//1578 1375//1578 675//1578
f 1374//1579 675//1579 657//1579
f 660//1580 657//1580 675//1580
f 660//1581 675//1581 676//1581
f 624//1582 2238//1582 2239//1582
f 624//1583 2239//1583 625//1583
f 550//1584 1972//1584 1973//1584
f 550//1585 1973//1585 527//1585
f 1971//1586 1972//1586 550//1586
f 1971//1587 550//1587 551//1587
f 1970//1588 1971//1588 551//1588
f 1970//1589 551//1589 696//1589
f 1968//1590 1969//1590 562//1590
f 1968//1591 562//1591 563//1591
f 1967//1592 1968//1592 563//1592
f 1967//1593 563//1593 635//1593
f 1966//1594 1967//1594 635//1594
f 1966//1595 635//1595 611//1595
f 1965//1596 1966//1596 611//1596
f 1965//1597 611//1597 609//1597
f 1964//1598 1965//1598 609//1598
f 1964//1599 609//1599 610//1599
f 1576//1600 1962//1600 1963//1600
f 1576//1601 1963//1601 1541//1601
f 1016//1602 685//1602 528//1602
f 1016//1603 528//1603 1015//1603
f 686//1604 685//1604 1016//1604
f 686//1605 1016//1605 1017//1605
f 1017//1606 1018//1606 695//1606
f 1017//1607 695//1607 686//1607
f 687//1608 1019//1608 1020//1608
f 687//1609 1020//1609 688//1609
f 1020//1610 1021//1610 689//1610
f 1020//1611 689//1611 688//1611
f 690//1612 689//1612 1021//1612
f 690//1613 1021//1613 1022//1613
f 691//1614 690//1614 1022//1614
f 691//1615 1022//1615 1023//1615
f 1023//1616 1024//1616 692//1616
f 1023//1617 692//1617 691//1617
f 1542//1618 1543//1618 1578//1618
f 1542//1619 1578//1619 1577//1619
f 1624//1620 1509//1620 1549//1620
f 1624//1621 1549//1621 1623//1621
f 1625//1622 1626//1622 545//1622
f 1625//1623 545//1623 572//1623
f 986//1624 987//1624 703//1624
f 986//1625 703//1625 707//1625
f 1940//1626 1941//1626 987//1626
f 1940//1627 987//1627 986//1627
f 561//1628 694//1628 693//1628
f 561//1629 693//1629 560//1629
f 694//1630 561//1630 1019//1630
f 694//1631 1019//1631 1018//1631
f 695//1632 1018//1632 1019//1632
f 695//1633 1019//1633 687//1633
f 696//1634 695//1634 687//1634
f 696//1635 687//1635 562//1635
f 1969//1636 1970//1636 696//1636
f 1969//1637 696//1637 562//1637
f 697//1638 679//1638 1041//1638
f 697//1639 1041//1639 1040//1639
f 698//1640 1924//1640 1925//1640
f 698//1641 1925//1641 642//1641
f 643//1642 699//1642 698//1642
f 643//1643 698//1643 642//1643
f 700//1644 699//1644 643//1644
f 700//1645 643//1645 644//1645
f 700//1646 644//1646 648//1646
f 700//1647 648//1647 701//1647
f 702//1648 701//1648 648//1648
f 702//1649 648//1649 671//1649
f 1366//1650 1367//1650 898//1650
f 1366//1651 898//1651 899//1651
f 703//1652 553//1652 556//1652
f 703//1653 556//1653 559//1653
f 707//1654 703//1654 559//1654
f 707//1655 559//1655 708//1655
f 706//1656 705//1656 709//1656
f 706//1657 709//1657 557//1657
f 705//1658 704//1658 558//1658
f 705//1659 558//1659 709//1659
f 704//1660 707//1660 708//1660
f 704//1661 708//1661 558//1661
f 536//1662 54//1662 723//1662
f 536//1663 723//1663 724//1663
f 723//1664 54//1664 46//1664
f 723//1665 46//1665 722//1665
f 722//1666 46//1666 45//1666
f 722//1667 45//1667 721//1667
f 721//1668 45//1668 35//1668
f 721//1669 35//1669 720//1669
f 720//1670 35//1670 235//1670
f 720//1671 235//1671 719//1671
f 719//1672 235//1672 234//1672
f 719//1673 234//1673 718//1673
f 234//1674 428//1674 717//1674
f 234//1675 717//1675 718//1675
f 717//1676 428//1676 1710//1676
f 717//1677 1710//1677 1711//1677
f 2108//1678 2109//1678 1760//1678
f 2108//1679 1760//1679 1761//1679
f 715//1680 265//1680 276//1680
f 715//1681 276//1681 714//1681
f 714//1682 276//1682 281//1682
f 714//1683 281//1683 713//1683
f 713//1684 281//1684 1878//1684
f 713//1685 1878//1685 1879//1685
f 667//1686 710//1686 1392//1686
f 667//1687 1392//1687 1358//1687
f 557//1688 711//1688 712//1688
f 557//1689 712//1689 568//1689
f 47//1690 722//1690 721//1690
f 47//1691 721//1691 49//1691
f 712//1692 711//1692 914//1692
f 712//1693 914//1693 1126//1693
f 711//1694 725//1694 916//1694
f 711//1695 916//1695 914//1695
f 711//1696 557//1696 709//1696
f 711//1697 709//1697 725//1697
f 725//1698 726//1698 917//1698
f 725//1699 917//1699 916//1699
f 725//1700 709//1700 558//1700
f 725//1701 558//1701 726//1701
f 281//1702 728//1702 1877//1702
f 281//1703 1877//1703 1878//1703
f 729//1704 728//1704 281//1704
f 729//1705 281//1705 276//1705
f 730//1706 729//1706 276//1706
f 730//1707 276//1707 265//1707
f 2109//1708 2110//1708 1759//1708
f 2109//1709 1759//1709 1760//1709
f 1709//1710 1710//1710 428//1710
f 1709//1711 428//1711 732//1711
f 428//1712 234//1712 733//1712
f 428//1713 733//1713 732//1713
f 734//1714 733//1714 234//1714
f 734//1715 234//1715 235//1715
f 735//1716 734//1716 235//1716
f 735//1717 235//1717 35//1717
f 736//1718 735//1718 35//1718
f 736//1719 35//1719 45//1719
f 46//1720 737//1720 736//1720
f 46//1721 736//1721 45//1721
f 737//1722 46//1722 54//1722
f 737//1723 54//1723 738//1723
f 54//1724 536//1724 739//1724
f 54//1725 739//1725 738//1725
f 708//1726 741//1726 726//1726
f 708//1727 726//1727 558//1727
f 708//1728 559//1728 740//1728
f 708//1729 740//1729 741//1729
f 741//1730 740//1730 919//1730
f 741//1731 919//1731 918//1731
f 726//1732 741//1732 918//1732
f 726//1733 918//1733 917//1733
f 740//1734 559//1734 556//1734
f 740//1735 556//1735 727//1735
f 740//1736 727//1736 920//1736
f 740//1737 920//1737 919//1737
f 660//1738 676//1738 623//1738
f 660//1739 623//1739 634//1739
f 2238//1740 624//1740 674//1740
f 2238//1741 674//1741 2237//1741
f 1666//1742 1667//1742 364//1742
f 1666//1743 364//1743 361//1743
f 742//1744 743//1744 458//1744
f 742//1745 458//1745 459//1745
f 458//1746 743//1746 744//1746
f 458//1747 744//1747 457//1747
f 1470//1748 1471//1748 163//1748
f 1470//1749 163//1749 164//1749
f 164//1750 169//1750 1469//1750
f 164//1751 1469//1751 1470//1751
f 1835//1752 1836//1752 825//1752
f 1835//1753 825//1753 1454//1753
f 1833//1754 1834//1754 824//1754
f 1833//1755 824//1755 823//1755
f 744//1756 754//1756 755//1756
f 744//1757 755//1757 457//1757
f 169//1758 188//1758 1468//1758
f 169//1759 1468//1759 1469//1759
f 779//1760 1833//1760 823//1760
f 779//1761 823//1761 822//1761
f 1903//1762 778//1762 262//1762
f 1903//1763 262//1763 757//1763
f 757//1764 262//1764 244//1764
f 757//1765 244//1765 758//1765
f 758//1766 244//1766 237//1766
f 758//1767 237//1767 759//1767
f 1721//1768 846//1768 229//1768
f 1721//1769 229//1769 760//1769
f 1671//1770 771//1770 222//1770
f 1671//1771 222//1771 761//1771
f 936//1772 761//1772 222//1772
f 936//1773 222//1773 935//1773
f 1410//1774 755//1774 754//1774
f 1410//1775 754//1775 753//1775
f 766//1776 764//1776 783//1776
f 766//1777 783//1777 782//1777
f 1722//1778 1723//1778 1673//1778
f 1722//1779 1673//1779 1672//1779
f 764//1780 766//1780 771//1780
f 764//1781 771//1781 229//1781
f 845//1782 764//1782 229//1782
f 845//1783 229//1783 846//1783
f 770//1784 765//1784 2204//1784
f 770//1785 2204//1785 218//1785
f 222//1786 1722//1786 1672//1786
f 222//1787 1672//1787 935//1787
f 768//1788 767//1788 772//1788
f 768//1789 772//1789 773//1789
f 769//1790 768//1790 773//1790
f 769//1791 773//1791 774//1791
f 935//1792 1672//1792 765//1792
f 935//1793 765//1793 770//1793
f 770//1794 218//1794 762//1794
f 770//1795 762//1795 2205//1795
f 825//1796 1836//1796 1837//1796
f 825//1797 1837//1797 821//1797
f 775//1798 500//1798 794//1798
f 775//1799 794//1799 795//1799
f 776//1800 775//1800 795//1800
f 776//1801 795//1801 796//1801
f 1832//1802 262//1802 778//1802
f 1832//1803 778//1803 780//1803
f 273//1804 779//1804 781//1804
f 273//1805 781//1805 829//1805
f 779//1806 822//1806 830//1806
f 779//1807 830//1807 781//1807
f 1831//1808 1832//1808 780//1808
f 1831//1809 780//1809 784//1809
f 829//1810 781//1810 785//1810
f 829//1811 785//1811 828//1811
f 781//1812 830//1812 831//1812
f 781//1813 831//1813 785//1813
f 782//1814 783//1814 786//1814
f 782//1815 786//1815 787//1815
f 1830//1816 1831//1816 784//1816
f 1830//1817 784//1817 788//1817
f 828//1818 785//1818 789//1818
f 828//1819 789//1819 827//1819
f 785//1820 831//1820 832//1820
f 785//1821 832//1821 789//1821
f 844//1822 783//1822 764//1822
f 844//1823 764//1823 845//1823
f 843//1824 786//1824 783//1824
f 843//1825 783//1825 844//1825
f 787//1826 786//1826 790//1826
f 787//1827 790//1827 791//1827
f 1829//1828 1830//1828 788//1828
f 1829//1829 788//1829 792//1829
f 827//1830 789//1830 793//1830
f 827//1831 793//1831 826//1831
f 789//1832 832//1832 833//1832
f 789//1833 833//1833 793//1833
f 842//1834 790//1834 786//1834
f 842//1835 786//1835 843//1835
f 791//1836 790//1836 807//1836
f 791//1837 807//1837 808//1837
f 795//1838 794//1838 798//1838
f 795//1839 798//1839 799//1839
f 796//1840 795//1840 799//1840
f 796//1841 799//1841 800//1841
f 799//1842 798//1842 806//1842
f 799//1843 806//1843 809//1843
f 800//1844 799//1844 809//1844
f 800//1845 809//1845 802//1845
f 1446//1846 1447//1846 1444//1846
f 1446//1847 1444//1847 1445//1847
f 304//1848 803//1848 1497//1848
f 304//1849 1497//1849 1496//1849
f 803//1850 304//1850 877//1850
f 803//1851 877//1851 878//1851
f 1675//1852 1676//1852 804//1852
f 1675//1853 804//1853 243//1853
f 841//1854 807//1854 790//1854
f 841//1855 790//1855 842//1855
f 804//1856 811//1856 2199//1856
f 804//1857 2199//1857 2200//1857
f 1726//1858 1727//1858 1677//1858
f 1726//1859 1677//1859 1676//1859
f 806//1860 805//1860 810//1860
f 806//1861 810//1861 809//1861
f 811//1862 804//1862 1676//1862
f 811//1863 1676//1863 1677//1863
f 808//1864 807//1864 812//1864
f 808//1865 812//1865 813//1865
f 812//1866 807//1866 841//1866
f 812//1867 841//1867 840//1867
f 802//1868 809//1868 810//1868
f 802//1869 810//1869 331//1869
f 814//1870 818//1870 1678//1870
f 814//1871 1678//1871 1679//1871
f 1679//1872 1680//1872 849//1872
f 1679//1873 849//1873 814//1873
f 1728//1874 1729//1874 1679//1874
f 1728//1875 1679//1875 1678//1875
f 1729//1876 1730//1876 1680//1876
f 1729//1877 1680//1877 1679//1877
f 1731//1878 1732//1878 1682//1878
f 1731//1879 1682//1879 1681//1879
f 815//1880 819//1880 820//1880
f 815//1881 820//1881 817//1881
f 847//1882 848//1882 815//1882
f 847//1883 815//1883 817//1883
f 817//1884 820//1884 839//1884
f 817//1885 839//1885 838//1885
f 838//1886 872//1886 847//1886
f 838//1887 847//1887 817//1887
f 818//1888 811//1888 1677//1888
f 818//1889 1677//1889 1678//1889
f 1727//1890 1728//1890 1678//1890
f 1727//1891 1678//1891 1677//1891
f 819//1892 813//1892 812//1892
f 819//1893 812//1893 820//1893
f 820//1894 812//1894 840//1894
f 820//1895 840//1895 839//1895
f 838//1896 839//1896 1845//1896
f 838//1897 1845//1897 1846//1897
f 839//1898 840//1898 1844//1898
f 839//1899 1844//1899 1845//1899
f 1843//1900 1844//1900 840//1900
f 1843//1901 840//1901 841//1901
f 841//1902 842//1902 1842//1902
f 841//1903 1842//1903 1843//1903
f 842//1904 843//1904 1841//1904
f 842//1905 1841//1905 1842//1905
f 843//1906 844//1906 1840//1906
f 843//1907 1840//1907 1841//1907
f 844//1908 845//1908 1839//1908
f 844//1909 1839//1909 1840//1909
f 845//1910 846//1910 237//1910
f 845//1911 237//1911 1839//1911
f 872//1912 838//1912 1846//1912
f 872//1913 1846//1913 1847//1913
f 827//1914 826//1914 792//1914
f 827//1915 792//1915 788//1915
f 828//1916 827//1916 788//1916
f 828//1917 788//1917 784//1917
f 829//1918 828//1918 784//1918
f 829//1919 784//1919 780//1919
f 273//1920 829//1920 780//1920
f 273//1921 780//1921 778//1921
f 1493//1922 847//1922 872//1922
f 1493//1923 872//1923 1492//1923
f 848//1924 847//1924 1493//1924
f 848//1925 1493//1925 1494//1925
f 1730//1926 1731//1926 1681//1926
f 1730//1927 1681//1927 1680//1927
f 862//1928 850//1928 1886//1928
f 862//1929 1886//1929 1887//1929
f 851//1930 850//1930 862//1930
f 851//1931 862//1931 863//1931
f 852//1932 851//1932 863//1932
f 852//1933 863//1933 864//1933
f 2100//1934 2101//1934 1768//1934
f 2100//1935 1768//1935 1769//1935
f 1655//1936 1656//1936 866//1936
f 1655//1937 866//1937 854//1937
f 866//1938 867//1938 855//1938
f 866//1939 855//1939 854//1939
f 856//1940 855//1940 867//1940
f 856//1941 867//1941 868//1941
f 857//1942 856//1942 868//1942
f 857//1943 868//1943 869//1943
f 860//1944 859//1944 544//1944
f 860//1945 544//1945 581//1945
f 861//1946 860//1946 581//1946
f 861//1947 581//1947 582//1947
f 1553//1948 1552//1948 1512//1948
f 1553//1949 1512//1949 1513//1949
f 255//1950 862//1950 1887//1950
f 255//1951 1887//1951 1888//1951
f 862//1952 255//1952 246//1952
f 862//1953 246//1953 863//1953
f 863//1954 246//1954 240//1954
f 863//1955 240//1955 864//1955
f 1769//1956 1770//1956 2099//1956
f 1769//1957 2099//1957 2100//1957
f 1656//1958 1657//1958 423//1958
f 1656//1959 423//1959 866//1959
f 423//1960 215//1960 867//1960
f 423//1961 867//1961 866//1961
f 868//1962 867//1962 215//1962
f 868//1963 215//1963 216//1963
f 869//1964 868//1964 216//1964
f 869//1965 216//1965 40//1965
f 1108//1966 544//1966 859//1966
f 1108//1967 859//1967 1111//1967
f 811//1968 818//1968 2198//1968
f 811//1969 2198//1969 2199//1969
f 814//1970 849//1970 2196//1970
f 814//1971 2196//1971 2197//1971
f 1495//1972 870//1972 2194//1972
f 1495//1973 2194//1973 2195//1973
f 870//1974 876//1974 2193//1974
f 870//1975 2193//1975 2194//1975
f 1495//1976 849//1976 1680//1976
f 1495//1977 1680//1977 1681//1977
f 1681//1978 1682//1978 870//1978
f 1681//1979 870//1979 1495//1979
f 876//1980 870//1980 1682//1980
f 876//1981 1682//1981 1683//1981
f 1492//1982 872//1982 1847//1982
f 1492//1983 1847//1983 1848//1983
f 874//1984 873//1984 971//1984
f 874//1985 971//1985 961//1985
f 875//1986 874//1986 961//1986
f 875//1987 961//1987 962//1987
f 1733//1988 1734//1988 1684//1988
f 1733//1989 1684//1989 1683//1989
f 968//1990 876//1990 1683//1990
f 968//1991 1683//1991 1684//1991
f 876//1992 968//1992 2192//1992
f 876//1993 2192//1993 2193//1993
f 966//1994 878//1994 877//1994
f 966//1995 877//1995 970//1995
f 879//1996 967//1996 963//1996
f 879//1997 963//1997 880//1997
f 2196//1998 849//1998 1495//1998
f 2196//1999 1495//1999 2195//1999
f 666//2000 1356//2000 903//2000
f 666//2001 903//2001 597//2001
f 2232//2002 2233//2002 597//2002
f 2232//2003 597//2003 903//2003
f 632//2004 598//2004 887//2004
f 632//2005 887//2005 888//2005
f 889//2006 631//2006 632//2006
f 889//2007 632//2007 888//2007
f 888//2008 887//2008 894//2008
f 888//2009 894//2009 893//2009
f 895//2010 896//2010 889//2010
f 895//2011 889//2011 892//2011
f 631//2012 889//2012 896//2012
f 631//2013 896//2013 630//2013
f 945//2014 946//2014 1074//2014
f 945//2015 1074//2015 1081//2015
f 946//2016 947//2016 1067//2016
f 946//2017 1067//2017 1074//2017
f 947//2018 948//2018 1060//2018
f 947//2019 1060//2019 1067//2019
f 727//2020 540//2020 915//2020
f 727//2021 915//2021 920//2021
f 727//2022 556//2022 555//2022
f 727//2023 555//2023 540//2023
f 2231//2024 2232//2024 903//2024
f 2231//2025 903//2025 904//2025
f 2230//2026 2231//2026 904//2026
f 2230//2027 904//2027 521//2027
f 2171//2028 1164//2028 1163//2028
f 2171//2029 1163//2029 2170//2029
f 904//2030 903//2030 1355//2030
f 904//2031 1355//2031 1354//2031
f 521//2032 904//2032 1354//2032
f 521//2033 1354//2033 911//2033
f 912//2034 911//2034 1056//2034
f 912//2035 1056//2035 1057//2035
f 1125//2036 913//2036 539//2036
f 1125//2037 539//2037 1123//2037
f 914//2038 913//2038 1125//2038
f 914//2039 1125//2039 1126//2039
f 921//2040 915//2040 534//2040
f 921//2041 534//2041 535//2041
f 914//2042 916//2042 922//2042
f 914//2043 922//2043 913//2043
f 916//2044 917//2044 923//2044
f 916//2045 923//2045 922//2045
f 917//2046 918//2046 924//2046
f 917//2047 924//2047 923//2047
f 919//2048 920//2048 926//2048
f 919//2049 926//2049 925//2049
f 918//2050 919//2050 925//2050
f 918//2051 925//2051 924//2051
f 920//2052 915//2052 921//2052
f 920//2053 921//2053 926//2053
f 913//2054 922//2054 538//2054
f 913//2055 538//2055 539//2055
f 922//2056 923//2056 537//2056
f 922//2057 537//2057 538//2057
f 923//2058 924//2058 724//2058
f 923//2059 724//2059 537//2059
f 925//2060 926//2060 739//2060
f 925//2061 739//2061 536//2061
f 924//157 925//157 536//157
f 924//2062 536//2062 724//2062
f 926//2063 921//2063 535//2063
f 926//2064 535//2064 739//2064
f 927//2065 901//2065 900//2065
f 927//2066 900//2066 929//2066
f 928//2067 927//2067 929//2067
f 928//2068 929//2068 930//2068
f 1330//2069 928//2069 930//2069
f 1330//2070 930//2070 1329//2070
f 1317//2071 1318//2071 1321//2071
f 1317//2072 1321//2072 1320//2072
f 929//2073 900//2073 107//2073
f 929//2074 107//2074 1326//2074
f 930//2075 929//2075 1326//2075
f 930//2076 1326//2076 1327//2076
f 933//2077 7//2077 1389//2077
f 933//2078 1389//2078 1388//2078
f 1318//2079 1317//2079 2080//2079
f 1318//2080 2080//2080 2081//2080
f 1359//2081 1386//2081 1387//2081
f 1359//2082 1387//2082 978//2082
f 1686//2083 2138//2083 2139//2083
f 1686//2084 2139//2084 1685//2084
f 1395//2085 1396//2085 976//2085
f 1395//2086 976//2086 974//2086
f 1853//2087 1394//2087 977//2087
f 1853//2088 977//2088 1852//2088
f 1736//2089 1397//2089 975//2089
f 1736//2090 975//2090 1735//2090
f 1394//2091 1395//2091 974//2091
f 1394//2092 974//2092 977//2092
f 979//2093 1388//2093 1389//2093
f 979//2094 1389//2094 972//2094
f 972//2095 1389//2095 1390//2095
f 972//2096 1390//2096 1308//2096
f 1321//2097 1330//2097 1329//2097
f 1321//2098 1329//2098 1320//2098
f 1317//2099 1316//2099 2079//2099
f 1317//2100 2079//2100 2080//2100
f 7//2101 1307//2101 1390//2101
f 7//2102 1390//2102 1389//2102
f 1329//2103 930//2103 1327//2103
f 1329//2104 1327//2104 1328//2104
f 1316//2105 1317//2105 1320//2105
f 1316//2106 1320//2106 1319//2106
f 89//2107 88//2107 77//2107
f 89//2108 77//2108 956//2108
f 955//2109 956//2109 958//2109
f 955//2110 958//2110 957//2110
f 74//2111 64//2111 959//2111
f 74//2112 959//2112 73//2112
f 958//2113 956//2113 77//2113
f 958//2114 77//2114 960//2114
f 960//2115 77//2115 73//2115
f 960//2116 73//2116 959//2116
f 1850//2117 1851//2117 971//2117
f 1850//2118 971//2118 873//2118
f 1547//2119 1508//2119 1548//2119
f 1547//2120 1548//2120 1582//2120
f 1579//2121 1578//2121 1543//2121
f 1579//2122 1543//2122 1544//2122
f 126//2123 524//2123 1413//2123
f 126//2124 1413//2124 1414//2124
f 1048//2125 1198//2125 1889//2125
f 1048//2126 1889//2126 1890//2126
f 1198//2127 1048//2127 1051//2127
f 1198//2128 1051//2128 1197//2128
f 422//2129 1194//2129 1658//2129
f 422//2130 1658//2130 1659//2130
f 2097//2131 2098//2131 1771//2131
f 2097//2132 1771//2132 1772//2132
f 1050//2133 1196//2133 1197//2133
f 1050//2134 1197//2134 1051//2134
f 423//2135 1657//2135 1658//2135
f 423//2136 1658//2136 1194//2136
f 2098//2137 2099//2137 1770//2137
f 2098//2138 1770//2138 1771//2138
f 240//2139 246//2139 1197//2139
f 240//2140 1197//2140 1196//2140
f 246//2141 255//2141 1198//2141
f 246//2142 1198//2142 1197//2142
f 1198//2143 255//2143 1888//2143
f 1198//2144 1888//2144 1889//2144
f 1336//2145 1337//2145 1057//2145
f 1336//2146 1057//2146 1056//2146
f 1065//2147 1058//2147 1062//2147
f 1065//2148 1062//2148 1069//2148
f 1059//2149 2144//2149 2145//2149
f 1059//2150 2145//2150 1066//2150
f 1060//2151 1059//2151 1066//2151
f 1060//2152 1066//2152 1067//2152
f 1062//2153 1061//2153 1068//2153
f 1062//2154 1068//2154 1069//2154
f 1063//2155 1064//2155 1071//2155
f 1063//2156 1071//2156 1070//2156
f 1072//2157 1065//2157 1069//2157
f 1072//2158 1069//2158 1076//2158
f 1066//2159 2145//2159 2146//2159
f 1066//2160 2146//2160 1073//2160
f 1067//2161 1066//2161 1073//2161
f 1067//2162 1073//2162 1074//2162
f 1069//2163 1068//2163 1075//2163
f 1069//2164 1075//2164 1076//2164
f 1068//2165 1063//2165 1070//2165
f 1068//2166 1070//2166 1075//2166
f 1070//2167 1071//2167 1078//2167
f 1070//2168 1078//2168 1077//2168
f 1072//2169 1076//2169 1083//2169
f 1072//2170 1083//2170 1079//2170
f 1073//2171 2146//2171 2147//2171
f 1073//2172 2147//2172 1080//2172
f 1074//2173 1073//2173 1080//2173
f 1074//2174 1080//2174 1081//2174
f 1076//2175 1075//2175 1082//2175
f 1076//2176 1082//2176 1083//2176
f 1075//2177 1070//2177 1077//2177
f 1075//2178 1077//2178 1082//2178
f 1085//2179 1084//2179 1077//2179
f 1085//2180 1077//2180 1078//2180
f 1090//2181 1086//2181 1079//2181
f 1090//2182 1079//2182 1083//2182
f 2147//2183 2148//2183 1087//2183
f 2147//2184 1087//2184 1080//2184
f 1087//2185 1088//2185 1081//2185
f 1087//2186 1081//2186 1080//2186
f 1089//2187 1090//2187 1083//2187
f 1089//2188 1083//2188 1082//2188
f 1084//2189 1089//2189 1082//2189
f 1084//2190 1082//2190 1077//2190
f 1084//2191 1085//2191 1091//2191
f 1084//2192 1091//2192 1127//2192
f 1086//2193 1090//2193 1129//2193
f 1086//2194 1129//2194 1130//2194
f 1087//2195 2148//2195 2149//2195
f 1087//2196 2149//2196 1131//2196
f 1088//2197 1087//2197 1131//2197
f 1088//2198 1131//2198 1132//2198
f 1090//2199 1089//2199 1128//2199
f 1090//2200 1128//2200 1129//2200
f 1089//2201 1084//2201 1127//2201
f 1089//2202 1127//2202 1128//2202
f 1334//2203 1335//2203 1350//2203
f 1334//2204 1350//2204 1351//2204
f 1335//2205 1336//2205 1056//2205
f 1335//2206 1056//2206 1350//2206
f 1061//2207 1093//2207 1063//2207
f 1061//2208 1063//2208 1068//2208
f 1093//2209 1092//2209 1064//2209
f 1093//2210 1064//2210 1063//2210
f 1094//2211 1095//2211 1071//2211
f 1094//2212 1071//2212 1064//2212
f 1094//2213 1098//2213 1099//2213
f 1094//2214 1099//2214 1095//2214
f 1095//2215 1096//2215 1078//2215
f 1095//2216 1078//2216 1071//2216
f 1095//2217 1099//2217 1100//2217
f 1095//2218 1100//2218 1096//2218
f 1096//2219 1097//2219 1085//2219
f 1096//2220 1085//2220 1078//2220
f 1101//2221 1097//2221 1096//2221
f 1101//2222 1096//2222 1100//2222
f 661//2223 523//2223 1618//2223
f 661//2224 1618//2224 1621//2224
f 672//2225 661//2225 1621//2225
f 672//2226 1621//2226 1619//2226
f 1099//2227 1098//2227 575//2227
f 1099//2228 575//2228 662//2228
f 1100//2229 1099//2229 662//2229
f 1100//2230 662//2230 585//2230
f 586//2231 1101//2231 1100//2231
f 586//2232 1100//2232 585//2232
f 1352//2233 1333//2233 1334//2233
f 1352//2234 1334//2234 1351//2234
f 1098//2235 1094//2235 1103//2235
f 1098//2236 1103//2236 1102//2236
f 1332//2237 1333//2237 1352//2237
f 1332//2238 1352//2238 1353//2238
f 1103//2239 1094//2239 1064//2239
f 1103//2240 1064//2240 1092//2240
f 1097//2241 1104//2241 1091//2241
f 1097//2242 1091//2242 1085//2242
f 1097//2243 1101//2243 1105//2243
f 1097//2244 1105//2244 1104//2244
f 1104//2245 1107//2245 1106//2245
f 1104//2246 1106//2246 1091//2246
f 1104//2247 1105//2247 1108//2247
f 1104//2248 1108//2248 1107//2248
f 1107//2249 1108//2249 1111//2249
f 1107//2250 1111//2250 1110//2250
f 1107//2251 1110//2251 1109//2251
f 1107//2252 1109//2252 1106//2252
f 1110//2253 1113//2253 1112//2253
f 1110//2254 1112//2254 1109//2254
f 1110//2255 1111//2255 1114//2255
f 1110//2256 1114//2256 1113//2256
f 1113//2257 1116//2257 1115//2257
f 1113//2258 1115//2258 1112//2258
f 1113//2259 1114//2259 1117//2259
f 1113//2260 1117//2260 1116//2260
f 1116//2261 1119//2261 1118//2261
f 1116//2262 1118//2262 1115//2262
f 1116//2263 1117//2263 1120//2263
f 1116//2264 1120//2264 1119//2264
f 1128//2265 1127//2265 1158//2265
f 1128//2266 1158//2266 1159//2266
f 1129//2267 1128//2267 1159//2267
f 1129//2268 1159//2268 1160//2268
f 1130//2269 1129//2269 1160//2269
f 1130//2270 1160//2270 1161//2270
f 1131//2271 2149//2271 2150//2271
f 1131//2272 2150//2272 1162//2272
f 1132//2273 1131//2273 1162//2273
f 1132//2274 1162//2274 1163//2274
f 1133//2275 1132//2275 1163//2275
f 1133//2276 1163//2276 1164//2276
f 1134//2277 2222//2277 2221//2277
f 1134//2278 2221//2278 1165//2278
f 1134//2279 1165//2279 1166//2279
f 1134//2280 1166//2280 1135//2280
f 1135//2281 1166//2281 1167//2281
f 1135//2282 1167//2282 1136//2282
f 1137//2283 1136//2283 1167//2283
f 1137//2284 1167//2284 1168//2284
f 1168//2285 1169//2285 1138//2285
f 1168//2286 1138//2286 1137//2286
f 1139//2287 1138//2287 1169//2287
f 1139//2288 1169//2288 1170//2288
f 1139//2289 1170//2289 1267//2289
f 1139//2290 1267//2290 1266//2290
f 1140//2291 1266//2291 1267//2291
f 1140//2292 1267//2292 1171//2292
f 1269//2293 1270//2293 1172//2293
f 1269//2294 1172//2294 1141//2294
f 1142//2295 1141//2295 1172//2295
f 1142//2296 1172//2296 1173//2296
f 1173//2297 1174//2297 1143//2297
f 1173//2298 1143//2298 1142//2298
f 1174//2299 1175//2299 1144//2299
f 1174//2300 1144//2300 1143//2300
f 2087//2301 2088//2301 1144//2301
f 2087//2302 1144//2302 1175//2302
f 4549//2303 4550//2303 1145//2303
f 4549//2304 1145//2304 1176//2304
f 1177//2305 1178//2305 1147//2305
f 1177//2306 1147//2306 1146//2306
f 1147//2307 1178//2307 1179//2307
f 1147//2308 1179//2308 1148//2308
f 2169//2309 2170//2309 1163//2309
f 2169//2310 1163//2310 1162//2310
f 2150//2311 2168//2311 2169//2311
f 2150//2312 2169//2312 1162//2312
f 2166//2313 2167//2313 1161//2313
f 2166//2314 1161//2314 1160//2314
f 2165//2315 2166//2315 1160//2315
f 2165//2316 1160//2316 1159//2316
f 1150//2317 1149//2317 1154//2317
f 1150//2318 1154//2318 1155//2318
f 1149//2319 2151//2319 2152//2319
f 1149//2320 2152//2320 1154//2320
f 1151//2321 1152//2321 1157//2321
f 1151//2322 1157//2322 1156//2322
f 1152//2323 1153//2323 18//2323
f 1152//2324 18//2324 1157//2324
f 1119//2325 1629//2325 1630//2325
f 1119//2326 1630//2326 1118//2326
f 1119//2327 1120//2327 1628//2327
f 1119//2328 1628//2328 1629//2328
f 1882//2329 1883//2329 1187//2329
f 1882//2330 1187//2330 275//2330
f 1632//2331 1633//2331 39//2331
f 1632//2332 39//2332 1188//2332
f 1247//2333 1631//2333 1632//2333
f 1247//2334 1632//2334 1188//2334
f 1188//2335 39//2335 858//2335
f 1188//2336 858//2336 1189//2336
f 1188//2337 1189//2337 1246//2337
f 1188//2338 1246//2338 1247//2338
f 1153//2339 1199//2339 1190//2339
f 1153//2340 1190//2340 18//2340
f 2164//2341 2165//2341 1159//2341
f 2164//2342 1159//2342 1158//2342
f 1155//2343 1154//2343 1200//2343
f 1155//2344 1200//2344 1201//2344
f 1154//2345 2152//2345 2153//2345
f 1154//2346 2153//2346 1200//2346
f 1202//2347 1156//2347 1157//2347
f 1202//2348 1157//2348 1203//2348
f 1157//2349 18//2349 17//2349
f 1157//2350 17//2350 1203//2350
f 1201//2351 1200//2351 1204//2351
f 1201//2352 1204//2352 1205//2352
f 1200//2353 2153//2353 2154//2353
f 1200//2354 2154//2354 1204//2354
f 1202//2355 1203//2355 1207//2355
f 1202//2356 1207//2356 1206//2356
f 1203//2357 17//2357 212//2357
f 1203//2358 212//2358 1207//2358
f 1205//2359 1204//2359 1208//2359
f 1205//2360 1208//2360 1209//2360
f 1204//2361 2154//2361 2155//2361
f 1204//2362 2155//2362 1208//2362
f 1206//2363 1207//2363 1211//2363
f 1206//2364 1211//2364 1210//2364
f 1207//2365 212//2365 211//2365
f 1207//2366 211//2366 1211//2366
f 1208//2367 2155//2367 2156//2367
f 1208//2368 2156//2368 1212//2368
f 1213//2369 1210//2369 1211//2369
f 1213//2370 1211//2370 1214//2370
f 1211//2371 211//2371 422//2371
f 1211//2372 422//2372 1214//2372
f 1660//2373 1661//2373 1213//2373
f 1660//2374 1213//2374 1214//2374
f 1214//2375 422//2375 1659//2375
f 1214//2376 1659//2376 1660//2376
f 2156//2377 2157//2377 1662//2377
f 2156//2378 1662//2378 1212//2378
f 1054//2379 1215//2379 1218//2379
f 1054//2380 1218//2380 1055//2380
f 1215//2381 1216//2381 1219//2381
f 1215//2382 1219//2382 1218//2382
f 1219//2383 1216//2383 1217//2383
f 1219//2384 1217//2384 1220//2384
f 1217//2385 1050//2385 1051//2385
f 1217//2386 1051//2386 1220//2386
f 1055//2387 1218//2387 1221//2387
f 1055//2388 1221//2388 1053//2388
f 1218//2389 1219//2389 1222//2389
f 1218//2390 1222//2390 1221//2390
f 1222//2391 1219//2391 1220//2391
f 1222//2392 1220//2392 1223//2392
f 1220//2393 1051//2393 1048//2393
f 1220//2394 1048//2394 1223//2394
f 1053//2395 1221//2395 1893//2395
f 1053//2396 1893//2396 1894//2396
f 1221//2397 1222//2397 1892//2397
f 1221//2398 1892//2398 1893//2398
f 1891//2399 1892//2399 1222//2399
f 1891//2400 1222//2400 1223//2400
f 1223//2401 1048//2401 1890//2401
f 1223//2402 1890//2402 1891//2402
f 1127//2403 1091//2403 1106//2403
f 1127//2404 1106//2404 1158//2404
f 943//2405 905//2405 2092//2405
f 943//2406 2092//2406 1663//2406
f 443//2407 1248//2407 1054//2407
f 443//2408 1054//2408 1055//2408
f 443//2409 1055//2409 1053//2409
f 443//2410 1053//2410 444//2410
f 1894//2411 1895//2411 444//2411
f 1894//2412 444//2412 1053//2412
f 1784//2413 1785//2413 1249//2413
f 1784//2414 1249//2414 15//2414
f 1251//2415 1855//2415 1856//2415
f 1251//2416 1856//2416 1260//2416
f 1252//2417 1251//2417 1260//2417
f 1252//2418 1260//2418 1259//2418
f 1253//2419 1252//2419 1259//2419
f 1253//2420 1259//2420 1258//2420
f 1254//2421 1738//2421 1739//2421
f 1254//2422 1739//2422 1257//2422
f 2135//2423 2136//2423 1688//2423
f 2135//2424 1688//2424 1689//2424
f 1264//2425 1262//2425 1995//2425
f 1264//2426 1995//2426 1994//2426
f 1263//2427 1262//2427 1264//2427
f 1263//2428 1264//2428 1411//2428
f 651//2429 649//2429 1263//2429
f 651//2430 1263//2430 1411//2430
f 1269//2431 1268//2431 68//2431
f 1269//2432 68//2432 1140//2432
f 1171//2433 1270//2433 1269//2433
f 1171//2434 1269//2434 1140//2434
f 2180//2435 2181//2435 1172//2435
f 2180//2436 1172//2436 1270//2436
f 1270//2437 1171//2437 2179//2437
f 1270//2438 2179//2438 2180//2438
f 2178//2439 2179//2439 1171//2439
f 2178//2440 1171//2440 1267//2440
f 1785//2441 1786//2441 1271//2441
f 1785//2442 1271//2442 1249//2442
f 1786//2443 1787//2443 1272//2443
f 1786//2444 1272//2444 1271//2444
f 1272//2445 1787//2445 1788//2445
f 1272//2446 1788//2446 1273//2446
f 1788//2447 1789//2447 1274//2447
f 1788//2448 1274//2448 1273//2448
f 1789//2449 1790//2449 1275//2449
f 1789//2450 1275//2450 1274//2450
f 1275//2451 1790//2451 1791//2451
f 1275//2452 1791//2452 1276//2452
f 1791//2453 1792//2453 1277//2453
f 1791//2454 1277//2454 1276//2454
f 1792//2455 1793//2455 1278//2455
f 1792//2456 1278//2456 1277//2456
f 1278//2457 1793//2457 1794//2457
f 1278//2458 1794//2458 1279//2458
f 1279//2459 1794//2459 1795//2459
f 1279//2460 1795//2460 1643//2460
f 1280//2461 1796//2461 1797//2461
f 1280//2462 1797//2462 1281//2462
f 1797//2463 1798//2463 1297//2463
f 1797//2464 1297//2464 1281//2464
f 1282//2465 1804//2465 1805//2465
f 1282//2466 1805//2466 1283//2466
f 1806//2467 1807//2467 1284//2467
f 1806//2468 1284//2468 1285//2468
f 1805//2469 1806//2469 1285//2469
f 1805//2470 1285//2470 1283//2470
f 1284//2471 1807//2471 1808//2471
f 1284//2472 1808//2472 1286//2472
f 1286//2473 1808//2473 1960//2473
f 1286//2474 1960//2474 1961//2474
f 1809//2475 1810//2475 1288//2475
f 1809//2476 1288//2476 1287//2476
f 1812//2477 1813//2477 1289//2477
f 1812//2478 1289//2478 1290//2478
f 1288//2479 1810//2479 1811//2479
f 1288//2480 1811//2480 1296//2480
f 1291//2481 1814//2481 1815//2481
f 1291//2482 1815//2482 1292//2482
f 1904//2483 1905//2483 1816//2483
f 1904//2484 1816//2484 1293//2484
f 1816//2485 1817//2485 1294//2485
f 1816//2486 1294//2486 1293//2486
f 1817//2487 1818//2487 1426//2487
f 1817//2488 1426//2488 1294//2488
f 1289//2489 1813//2489 1989//2489
f 1289//2490 1989//2490 1990//2490
f 1811//2491 1812//2491 1290//2491
f 1811//2492 1290//2492 1296//2492
f 1798//2493 1799//2493 1298//2493
f 1798//2494 1298//2494 1297//2494
f 1802//2495 1803//2495 1299//2495
f 1802//2496 1299//2496 1300//2496
f 1803//2497 1804//2497 1282//2497
f 1803//2498 1282//2498 1299//2498
f 1800//2499 1801//2499 1301//2499
f 1800//2500 1301//2500 1302//2500
f 1801//2501 1802//2501 1300//2501
f 1801//2502 1300//2502 1301//2502
f 1298//2503 1799//2503 1800//2503
f 1298//2504 1800//2504 1302//2504
f 102//2505 1305//2505 2227//2505
f 102//2506 2227//2506 2226//2506
f 1305//2507 102//2507 89//2507
f 1305//2508 89//2508 1306//2508
f 1329//2509 1328//2509 1319//2509
f 1329//2510 1319//2510 1320//2510
f 1311//2511 1859//2511 1819//2511
f 1311//2512 1819//2512 349//2512
f 1312//2513 1311//2513 349//2513
f 1312//2514 349//2514 1860//2514
f 1313//2515 1312//2515 1860//2515
f 1313//2516 1860//2516 345//2516
f 1314//2517 1742//2517 342//2517
f 1314//2518 342//2518 337//2518
f 2226//2519 2227//2519 948//2519
f 2226//2520 948//2520 947//2520
f 2225//2521 2226//2521 947//2521
f 2225//2522 947//2522 946//2522
f 2224//2523 2225//2523 946//2523
f 2224//2524 946//2524 945//2524
f 2223//2525 2224//2525 945//2525
f 2223//2526 945//2526 944//2526
f 2222//2527 2223//2527 944//2527
f 2222//2528 944//2528 1133//2528
f 2221//2529 2222//2529 1133//2529
f 2221//2530 1133//2530 1164//2530
f 2171//2531 2220//2531 2221//2531
f 2171//2532 2221//2532 1164//2532
f 2218//2533 2219//2533 910//2533
f 2218//2534 910//2534 909//2534
f 2217//2535 2218//2535 909//2535
f 2217//2536 909//2536 908//2536
f 2216//2537 2217//2537 908//2537
f 2216//2538 908//2538 907//2538
f 2215//2539 2216//2539 907//2539
f 2215//2540 907//2540 906//2540
f 2214//2541 2215//2541 906//2541
f 2214//2542 906//2542 905//2542
f 943//2543 2213//2543 2214//2543
f 943//2544 2214//2544 905//2544
f 943//2545 942//2545 2212//2545
f 943//2546 2212//2546 2213//2546
f 942//2547 941//2547 2211//2547
f 942//2548 2211//2548 2212//2548
f 941//2549 940//2549 2210//2549
f 941//2550 2210//2550 2211//2550
f 2209//2551 2210//2551 940//2551
f 2209//2552 940//2552 939//2552
f 938//2553 2208//2553 2209//2553
f 938//2554 2209//2554 939//2554
f 1461//2555 2207//2555 2208//2555
f 1461//2556 2208//2556 938//2556
f 2205//2557 2206//2557 937//2557
f 2205//2558 937//2558 936//2558
f 770//2559 2205//2559 936//2559
f 770//2560 936//2560 935//2560
f 1620//2561 1323//2561 120//2561
f 1620//2562 120//2562 419//2562
f 1306//2563 89//2563 956//2563
f 1306//2564 956//2564 955//2564
f 1331//2565 574//2565 1102//2565
f 1331//2566 1102//2566 1332//2566
f 1333//2567 1332//2567 1102//2567
f 1333//2568 1102//2568 1103//2568
f 1333//2569 1103//2569 1092//2569
f 1333//2570 1092//2570 1334//2570
f 1335//2571 1334//2571 1092//2571
f 1335//2572 1092//2572 1093//2572
f 1336//2573 1335//2573 1093//2573
f 1336//2574 1093//2574 1061//2574
f 1337//2575 1336//2575 1061//2575
f 1337//2576 1061//2576 1062//2576
f 1338//2577 1337//2577 1062//2577
f 1338//2578 1062//2578 1058//2578
f 1339//2579 2143//2579 2144//2579
f 1339//2580 2144//2580 1059//2580
f 1340//2581 1339//2581 1059//2581
f 1340//2582 1059//2582 1060//2582
f 1341//2583 1340//2583 1060//2583
f 1341//2584 1060//2584 948//2584
f 2227//2585 2228//2585 1341//2585
f 2227//2586 1341//2586 948//2586
f 2228//2587 2227//2587 1305//2587
f 2228//2588 1305//2588 1342//2588
f 1343//2589 1342//2589 1305//2589
f 1343//2590 1305//2590 1306//2590
f 1343//2591 1306//2591 955//2591
f 1343//2592 955//2592 1344//2592
f 1345//2593 1344//2593 953//2593
f 1345//2594 953//2594 954//2594
f 1346//2595 1345//2595 954//2595
f 1346//2596 954//2596 949//2596
f 2090//2597 2091//2597 1346//2597
f 2090//2598 1346//2598 949//2598
f 4552//2599 4553//2599 1303//2599
f 4552//2600 1303//2600 950//2600
f 1348//2601 1347//2601 952//2601
f 1348//2602 952//2602 951//2602
f 1348//2603 951//2603 980//2603
f 1348//2604 980//2604 1349//2604
f 957//2605 953//2605 1344//2605
f 957//2606 1344//2606 955//2606
f 1331//2607 594//2607 596//2607
f 1331//2608 596//2608 595//2608
f 596//2609 594//2609 1381//2609
f 596//2610 1381//2610 1382//2610
f 574//2611 1331//2611 595//2611
f 574//2612 595//2612 573//2612
f 1056//2613 911//2613 1354//2613
f 1056//2614 1354//2614 1350//2614
f 1350//2615 1354//2615 1355//2615
f 1350//2616 1355//2616 1351//2616
f 1383//2617 1352//2617 1351//2617
f 1383//2618 1351//2618 1355//2618
f 1353//2619 1352//2619 1383//2619
f 1353//2620 1383//2620 1384//2620
f 1381//2621 594//2621 1353//2621
f 1381//2622 1353//2622 1384//2622
f 1356//2623 1383//2623 1355//2623
f 1356//2624 1355//2624 903//2624
f 1359//2625 934//2625 1385//2625
f 1359//2626 1385//2626 1386//2626
f 121//2627 1360//2627 1386//2627
f 121//2628 1386//2628 1385//2628
f 121//2629 120//2629 1361//2629
f 121//2630 1361//2630 1360//2630
f 1362//2631 1361//2631 120//2631
f 1362//2632 120//2632 1323//2632
f 1363//2633 1362//2633 1323//2633
f 1363//2634 1323//2634 523//2634
f 1364//2635 1363//2635 523//2635
f 1364//2636 523//2636 661//2636
f 1365//2637 1364//2637 661//2637
f 1365//2638 661//2638 672//2638
f 1366//2639 1365//2639 672//2639
f 1366//2640 672//2640 702//2640
f 1367//2641 1366//2641 702//2641
f 1367//2642 702//2642 671//2642
f 1368//2643 1367//2643 671//2643
f 1368//2644 671//2644 670//2644
f 670//2645 669//2645 1369//2645
f 670//2646 1369//2646 1368//2646
f 669//2647 668//2647 1370//2647
f 669//2648 1370//2648 1369//2648
f 1371//2649 1370//2649 668//2649
f 1371//2650 668//2650 665//2650
f 1372//2651 1371//2651 665//2651
f 1372//2652 665//2652 658//2652
f 1374//2653 1373//2653 1583//2653
f 1374//2654 1583//2654 1584//2654
f 1375//2655 1374//2655 1584//2655
f 1375//2656 1584//2656 1585//2656
f 2240//2657 2241//2657 1586//2657
f 2240//2658 1586//2658 1376//2658
f 1377//2659 1376//2659 1586//2659
f 1377//2660 1586//2660 1587//2660
f 710//2661 667//2661 1379//2661
f 710//2662 1379//2662 1378//2662
f 1380//2663 1379//2663 667//2663
f 1380//2664 667//2664 1358//2664
f 1380//2665 1358//2665 1382//2665
f 1380//2666 1382//2666 1381//2666
f 1357//2667 1380//2667 1381//2667
f 1357//2668 1381//2668 1384//2668
f 1356//2669 1357//2669 1384//2669
f 1356//2670 1384//2670 1383//2670
f 1391//2671 1382//2671 1358//2671
f 1391//2672 1358//2672 1392//2672
f 1563//2673 1562//2673 1522//2673
f 1563//2674 1522//2674 1523//2674
f 1564//2675 1563//2675 1523//2675
f 1564//2676 1523//2676 1524//2676
f 196//2677 197//2677 1465//2677
f 196//2678 1465//2678 1466//2678
f 197//2679 205//2679 1464//2679
f 197//2680 1464//2680 1465//2680
f 470//2681 196//2681 1466//2681
f 470//2682 1466//2682 1467//2682
f 1407//2683 1408//2683 1405//2683
f 1407//2684 1405//2684 1404//2684
f 1409//2685 1407//2685 1404//2685
f 1409//2686 1404//2686 1406//2686
f 752//2687 763//2687 1409//2687
f 752//2688 1409//2688 1406//2688
f 1408//2689 1410//2689 753//2689
f 1408//2690 753//2690 1405//2690
f 472//2691 471//2691 209//2691
f 472//2692 209//2692 390//2692
f 651//2693 1412//2693 652//2693
f 651//2694 652//2694 650//2694
f 652//2695 1412//2695 524//2695
f 652//2696 524//2696 525//2696
f 1414//2697 1413//2697 1047//2697
f 1414//2698 1047//2698 104//2698
f 1414//2699 104//2699 103//2699
f 1414//2700 103//2700 1415//2700
f 1428//2701 1857//2701 1858//2701
f 1428//2702 1858//2702 330//2702
f 1429//2703 1428//2703 330//2703
f 1429//2704 330//2704 324//2704
f 1430//2705 1429//2705 324//2705
f 1430//2706 324//2706 319//2706
f 1431//2707 1740//2707 1741//2707
f 1431//2708 1741//2708 312//2708
f 1690//2709 1691//2709 2133//2709
f 1690//2710 2133//2710 2134//2710
f 1047//2711 1434//2711 1993//2711
f 1047//2712 1993//2712 1992//2712
f 1412//2713 1435//2713 1413//2713
f 1412//2714 1413//2714 524//2714
f 1435//2715 1434//2715 1047//2715
f 1435//2716 1047//2716 1413//2716
f 1435//2717 1412//2717 651//2717
f 1435//2718 651//2718 1411//2718
f 1434//2719 1435//2719 1411//2719
f 1434//2720 1411//2720 1264//2720
f 1438//2721 456//2721 454//2721
f 1438//2722 454//2722 1439//2722
f 1439//2723 454//2723 417//2723
f 1439//2724 417//2724 1440//2724
f 1440//2725 417//2725 776//2725
f 1440//2726 776//2726 1441//2726
f 1441//2727 776//2727 796//2727
f 1441//2728 796//2728 1442//2728
f 1442//2729 796//2729 800//2729
f 1442//2730 800//2730 1443//2730
f 1443//2731 800//2731 802//2731
f 1443//2732 802//2732 1444//2732
f 331//2733 1445//2733 1444//2733
f 331//2734 1444//2734 802//2734
f 814//2735 2197//2735 2198//2735
f 814//2736 2198//2736 818//2736
f 1447//2737 1446//2737 1496//2737
f 1447//2738 1496//2738 1497//2738
f 1448//2739 1447//2739 1497//2739
f 1448//2740 1497//2740 1498//2740
f 1449//2741 1448//2741 1498//2741
f 1449//2742 1498//2742 1499//2742
f 1450//2743 1449//2743 1499//2743
f 1450//2744 1499//2744 1500//2744
f 1451//2745 1450//2745 1500//2745
f 1451//2746 1500//2746 1501//2746
f 1452//2747 1451//2747 1501//2747
f 1452//2748 1501//2748 1502//2748
f 1453//2749 1452//2749 1502//2749
f 1453//2750 1502//2750 1503//2750
f 1834//2751 1835//2751 1454//2751
f 1834//2752 1454//2752 824//2752
f 1456//2753 1901//2753 1902//2753
f 1456//2754 1902//2754 746//2754
f 1457//2755 1456//2755 746//2755
f 1457//2756 746//2756 747//2756
f 1458//2757 1457//2757 747//2757
f 1458//2758 747//2758 748//2758
f 1459//2759 1719//2759 1720//2759
f 1459//2760 1720//2760 749//2760
f 1669//2761 1670//2761 750//2761
f 1669//2762 750//2762 1460//2762
f 1461//2763 1460//2763 750//2763
f 1461//2764 750//2764 937//2764
f 2206//2765 2207//2765 1461//2765
f 2206//2766 1461//2766 937//2766
f 1462//2767 2207//2767 2206//2767
f 1462//2768 2206//2768 751//2768
f 1462//2769 751//2769 752//2769
f 1462//2770 752//2770 1463//2770
f 1463//2771 752//2771 1406//2771
f 1463//2772 1406//2772 1464//2772
f 1465//2773 1464//2773 1406//2773
f 1465//2774 1406//2774 1404//2774
f 1466//2775 1465//2775 1404//2775
f 1466//2776 1404//2776 1405//2776
f 1467//2777 1466//2777 1405//2777
f 1467//2778 1405//2778 753//2778
f 1467//2779 753//2779 754//2779
f 1467//2780 754//2780 1468//2780
f 1468//2781 754//2781 744//2781
f 1468//2782 744//2782 1469//2782
f 1469//2783 744//2783 743//2783
f 1469//2784 743//2784 1470//2784
f 743//2785 742//2785 1471//2785
f 743//2786 1471//2786 1470//2786
f 1828//2787 1829//2787 792//2787
f 1828//2788 792//2788 1472//2788
f 826//2789 793//2789 1473//2789
f 826//2790 1473//2790 1474//2790
f 793//2791 833//2791 1475//2791
f 793//2792 1475//2792 1473//2792
f 792//2793 826//2793 1474//2793
f 792//2794 1474//2794 1472//2794
f 1480//2795 1474//2795 1473//2795
f 1480//2796 1473//2796 1479//2796
f 1479//2797 1473//2797 1475//2797
f 1479//2798 1475//2798 1481//2798
f 1479//2799 1481//2799 1483//2799
f 1479//2800 1483//2800 1484//2800
f 1480//2801 1479//2801 1484//2801
f 1480//2802 1484//2802 1485//2802
f 1486//2803 1487//2803 1603//2803
f 1486//2804 1603//2804 1604//2804
f 1487//2805 1488//2805 1602//2805
f 1487//2806 1602//2806 1603//2806
f 1487//2807 1486//2807 1489//2807
f 1487//2808 1489//2808 1490//2808
f 1490//2809 1489//2809 1591//2809
f 1490//2810 1591//2810 1590//2810
f 1491//2811 1490//2811 1590//2811
f 1491//2812 1590//2812 1589//2812
f 871//2813 1492//2813 1848//2813
f 871//2814 1848//2814 1849//2814
f 455//2815 448//2815 1437//2815
f 455//2816 1437//2816 1503//2816
f 1453//2817 1503//2817 1437//2817
f 1453//2818 1437//2818 449//2818
f 1504//2819 452//2819 451//2819
f 1504//2820 451//2820 1505//2820
f 1506//2821 1505//2821 451//2821
f 1506//2822 451//2822 456//2822
f 449//2823 450//2823 1506//2823
f 449//2824 1506//2824 1507//2824
f 1453//2825 449//2825 1507//2825
f 1453//2826 1507//2826 1438//2826
f 1507//2827 1506//2827 456//2827
f 1507//2828 456//2828 1438//2828
f 570//2829 571//2829 1508//2829
f 570//2830 1508//2830 1547//2830
f 1624//2831 1625//2831 572//2831
f 1624//2832 572//2832 1509//2832
f 1509//2833 572//2833 590//2833
f 1509//2834 590//2834 1510//2834
f 590//2835 588//2835 1511//2835
f 590//2836 1511//2836 1510//2836
f 861//2837 1512//2837 1511//2837
f 861//2838 1511//2838 588//2838
f 1512//2839 861//2839 582//2839
f 1512//2840 582//2840 1513//2840
f 1514//2841 1513//2841 582//2841
f 1514//2842 582//2842 583//2842
f 1514//2843 583//2843 580//2843
f 1514//2844 580//2844 1515//2844
f 1515//2845 580//2845 577//2845
f 1515//2846 577//2846 1516//2846
f 1516//2847 577//2847 664//2847
f 1516//2848 664//2848 1517//2848
f 1518//2849 1517//2849 664//2849
f 1518//2850 664//2850 593//2850
f 593//2851 592//2851 1519//2851
f 593//2852 1519//2852 1518//2852
f 1520//2853 1519//2853 592//2853
f 1520//2854 592//2854 591//2854
f 1521//2855 599//2855 1391//2855
f 1521//2856 1391//2856 1522//2856
f 1522//2857 1391//2857 1392//2857
f 1522//2858 1392//2858 1523//2858
f 1523//2859 1392//2859 710//2859
f 1523//2860 710//2860 1524//2860
f 1526//2861 1525//2861 1378//2861
f 1526//2862 1378//2862 601//2862
f 1527//2863 1526//2863 601//2863
f 1527//2864 601//2864 604//2864
f 1527//2865 604//2865 602//2865
f 1527//2866 602//2866 1528//2866
f 2234//2867 2235//2867 1528//2867
f 2234//2868 1528//2868 602//2868
f 1530//2869 1529//2869 621//2869
f 1530//2870 621//2870 627//2870
f 628//2871 1531//2871 1530//2871
f 628//2872 1530//2872 627//2872
f 1532//2873 1531//2873 628//2873
f 1532//2874 628//2874 629//2874
f 1533//2875 1532//2875 629//2875
f 1533//2876 629//2876 1372//2876
f 1534//2877 1533//2877 1372//2877
f 1534//2878 1372//2878 658//2878
f 1534//2879 658//2879 659//2879
f 1534//2880 659//2880 1535//2880
f 619//2881 1536//2881 1535//2881
f 619//2882 1535//2882 659//2882
f 1536//2883 619//2883 617//2883
f 1536//2884 617//2884 1537//2884
f 618//2885 1538//2885 1537//2885
f 618//2886 1537//2886 617//2886
f 1538//2887 618//2887 1930//2887
f 1538//2888 1930//2888 1931//2888
f 1963//2889 1964//2889 610//2889
f 1963//2890 610//2890 1541//2890
f 692//2891 1542//2891 1541//2891
f 692//2892 1541//2892 610//2892
f 1024//2893 1543//2893 1542//2893
f 1024//2894 1542//2894 692//2894
f 1543//2895 1024//2895 606//2895
f 1543//2896 606//2896 1544//2896
f 1544//2897 606//2897 616//2897
f 1544//2898 616//2898 1545//2898
f 1934//2899 1935//2899 981//2899
f 1934//2900 981//2900 1546//2900
f 1546//2901 981//2901 570//2901
f 1546//2902 570//2902 1547//2902
f 1565//2903 1564//2903 1524//2903
f 1565//2904 1524//2904 1587//2904
f 1566//2905 1565//2905 1587//2905
f 1566//2906 1587//2906 1586//2906
f 2241//2907 2242//2907 1566//2907
f 2241//2908 1566//2908 1586//2908
f 1585//2909 1584//2909 1568//2909
f 1585//2910 1568//2910 1567//2910
f 1569//2911 1568//2911 1584//2911
f 1569//2912 1584//2912 1583//2912
f 1534//2913 1570//2913 1569//2913
f 1534//2914 1569//2914 1583//2914
f 1378//2915 1525//2915 1524//2915
f 1378//2916 1524//2916 710//2916
f 1377//2917 1587//2917 1524//2917
f 1377//2918 1524//2918 1525//2918
f 1533//2919 1534//2919 1583//2919
f 1533//2920 1583//2920 1373//2920
f 873//2921 871//2921 1849//2921
f 873//2922 1849//2922 1850//2922
f 1592//2923 1593//2923 1596//2923
f 1592//2924 1596//2924 1597//2924
f 1593//2925 1594//2925 1595//2925
f 1593//2926 1595//2926 1596//2926
f 1607//2927 1608//2927 1824//2927
f 1607//2928 1824//2928 1825//2928
f 1823//2929 1824//2929 1608//2929
f 1823//2930 1608//2930 1609//2930
f 1822//2931 1823//2931 1609//2931
f 1822//2932 1609//2932 1610//2932
f 1590//2933 1593//2933 1592//2933
f 1590//2934 1592//2934 1589//2934
f 1591//2935 1594//2935 1593//2935
f 1591//2936 1593//2936 1590//2936
f 1610//2937 1611//2937 1821//2937
f 1610//2938 1821//2938 1822//2938
f 1820//2939 1821//2939 1611//2939
f 1820//2940 1611//2940 1612//2940
f 1485//2941 1484//2941 1603//2941
f 1485//2942 1603//2942 1602//2942
f 1484//2943 1483//2943 1604//2943
f 1484//2944 1604//2944 1603//2944
f 1607//2945 1825//2945 1826//2945
f 1607//2946 1826//2946 1606//2946
f 1605//2947 1606//2947 1826//2947
f 1605//2948 1826//2948 1827//2948
f 1605//2949 1827//2949 1828//2949
f 1605//2950 1828//2950 1472//2950
f 1488//2951 1487//2951 1490//2951
f 1488//2952 1490//2952 1491//2952
f 1605//2953 1472//2953 1474//2953
f 1605//2954 1474//2954 1480//2954
f 1485//2955 1606//2955 1605//2955
f 1485//2956 1605//2956 1480//2956
f 1485//2957 1602//2957 1607//2957
f 1485//2958 1607//2958 1606//2958
f 1608//2959 1607//2959 1602//2959
f 1608//2960 1602//2960 1488//2960
f 1608//2961 1488//2961 1491//2961
f 1608//2962 1491//2962 1609//2962
f 1609//2963 1491//2963 1589//2963
f 1609//2964 1589//2964 1610//2964
f 1611//2965 1610//2965 1589//2965
f 1611//2966 1589//2966 1592//2966
f 1611//2967 1592//2967 1597//2967
f 1611//2968 1597//2968 1612//2968
f 1520//2969 591//2969 599//2969
f 1520//2970 599//2970 1521//2970
f 1561//2971 1560//2971 1520//2971
f 1561//2972 1520//2972 1521//2972
f 1624//2973 1623//2973 2243//2973
f 1624//2974 2243//2974 2244//2974
f 1625//2975 1624//2975 2244//2975
f 1625//2976 2244//2976 2245//2976
f 1626//2977 1625//2977 2245//2977
f 1626//2978 2245//2978 2246//2978
f 1627//2979 1626//2979 2246//2979
f 1627//2980 2246//2980 2247//2980
f 1628//2981 1627//2981 2247//2981
f 1628//2982 2247//2982 2248//2982
f 1629//2983 1628//2983 2248//2983
f 1629//2984 2248//2984 2249//2984
f 1629//2985 2249//2985 2250//2985
f 1629//2986 2250//2986 1630//2986
f 1632//2987 1631//2987 1122//2987
f 1632//2988 1122//2988 1124//2988
f 1633//2989 1632//2989 1124//2989
f 1633//2990 1124//2990 1121//2990
f 1634//2991 1633//2991 1121//2991
f 1634//2992 1121//2992 1180//2992
f 1635//2993 1634//2993 1180//2993
f 1635//2994 1180//2994 1181//2994
f 1636//2995 1635//2995 1181//2995
f 1636//2996 1181//2996 1182//2996
f 1637//2997 1636//2997 1182//2997
f 1637//2998 1182//2998 1183//2998
f 1715//2999 1716//2999 1637//2999
f 1715//3000 1637//3000 1183//3000
f 2103//3001 2104//3001 1765//3001
f 2103//3002 1765//3002 1766//3002
f 1639//3003 1185//3003 1186//3003
f 1639//3004 1186//3004 1640//3004
f 1640//3005 1186//3005 1187//3005
f 1640//3006 1187//3006 1641//3006
f 1641//3007 1187//3007 1883//3007
f 1641//3008 1883//3008 1884//3008
f 1795//3009 1796//3009 1280//3009
f 1795//3010 1280//3010 1643//3010
f 5//3011 116//3011 1646//3011
f 5//3012 1646//3012 1645//3012
f 116//3013 112//3013 1647//3013
f 116//3014 1647//3014 1646//3014
f 4546//3015 4547//3015 113//3015
f 4546//3016 113//3016 1648//3016
f 2074//3017 2086//3017 2085//3017
f 2074//3018 2085//3018 2073//3018
f 2086//3019 111//3019 1649//3019
f 2086//3020 1649//3020 2085//3020
f 111//3021 117//3021 1650//3021
f 111//3022 1650//3022 1649//3022
f 117//3023 96//3023 1651//3023
f 117//3024 1651//3024 1650//3024
f 96//3025 93//3025 1652//3025
f 96//3026 1652//3026 1651//3026
f 93//3027 90//3027 1653//3027
f 93//3028 1653//3028 1652//3028
f 90//3029 91//3029 1654//3029
f 90//3030 1654//3030 1653//3030
f 91//3031 92//3031 404//3031
f 91//3032 404//3032 1654//3032
f 403//3033 98//3033 1654//3033
f 403//3034 1654//3034 404//3034
f 853//3035 865//3035 1656//3035
f 853//3036 1656//3036 1655//3036
f 865//3037 232//3037 1657//3037
f 865//3038 1657//3038 1656//3038
f 1658//3039 1657//3039 232//3039
f 1658//3040 232//3040 1195//3040
f 1659//3041 1658//3041 1195//3041
f 1659//3042 1195//3042 1049//3042
f 420//3043 360//3043 1665//3043
f 420//3044 1665//3044 1664//3044
f 360//3045 359//3045 1666//3045
f 360//3046 1666//3046 1665//3046
f 359//3047 363//3047 1667//3047
f 359//3048 1667//3048 1666//3048
f 223//3049 1668//3049 1667//3049
f 223//3050 1667//3050 363//3050
f 223//3051 1459//3051 1669//3051
f 223//3052 1669//3052 1668//3052
f 1459//3053 749//3053 1670//3053
f 1459//3054 1670//3054 1669//3054
f 749//3055 760//3055 1671//3055
f 749//3056 1671//3056 1670//3056
f 760//3057 229//3057 771//3057
f 760//3058 771//3058 1671//3058
f 1686//3059 1685//3059 975//3059
f 1686//3060 975//3060 1397//3060
f 1687//3061 1686//3061 1397//3061
f 1687//3062 1397//3062 318//3062
f 1254//3063 1688//3063 1687//3063
f 1254//3064 1687//3064 318//3064
f 1689//3065 1688//3065 1254//3065
f 1689//3066 1254//3066 1257//3066
f 1689//3067 1257//3067 1431//3067
f 1689//3068 1431//3068 1690//3068
f 1431//3069 312//3069 1691//3069
f 1431//3070 1691//3070 1690//3070
f 2023//3071 2024//3071 1691//3071
f 2023//3072 1691//3072 312//3072
f 2023//3073 1314//3073 1692//3073
f 2023//3074 1692//3074 2024//3074
f 1692//3075 1314//3075 337//3075
f 1692//3076 337//3076 2047//3076
f 1421//3077 329//3077 1694//3077
f 1421//3078 1694//3078 1693//3078
f 329//3079 328//3079 1695//3079
f 329//3080 1695//3080 1694//3080
f 328//3081 1912//3081 1913//3081
f 328//3082 1913//3082 1695//3082
f 480//3083 1697//3083 1696//3083
f 480//3084 1696//3084 1029//3084
f 1698//3085 1981//3085 1982//3085
f 1698//3086 1982//3086 317//3086
f 317//3087 492//3087 1699//3087
f 317//3088 1699//3088 1698//3088
f 492//3089 1007//3089 1700//3089
f 492//3090 1700//3090 1699//3090
f 309//3091 1701//3091 1700//3091
f 309//3092 1700//3092 1007//3092
f 1702//3093 1701//3093 309//3093
f 1702//3094 309//3094 308//3094
f 1703//3095 1952//3095 1953//3095
f 1703//3096 1953//3096 998//3096
f 998//3097 294//3097 1704//3097
f 998//3098 1704//3098 1703//3098
f 1705//3099 1704//3099 294//3099
f 1705//3100 294//3100 295//3100
f 295//3101 285//3101 1706//3101
f 295//3102 1706//3102 1705//3102
f 285//3103 279//3103 1707//3103
f 285//3104 1707//3104 1706//3104
f 279//3105 267//3105 1708//3105
f 279//3106 1708//3106 1707//3106
f 267//3107 731//3107 1709//3107
f 267//3108 1709//3108 1708//3108
f 731//3109 256//3109 1710//3109
f 731//3110 1710//3110 1709//3110
f 1711//3111 1710//3111 256//3111
f 1711//3112 256//3112 716//3112
f 257//3113 1712//3113 1711//3113
f 257//3114 1711//3114 716//3114
f 257//3115 247//3115 1713//3115
f 257//3116 1713//3116 1712//3116
f 247//3117 248//3117 1714//3117
f 247//3118 1714//3118 1713//3118
f 1715//3119 1714//3119 248//3119
f 1715//3120 248//3120 1184//3120
f 1638//3121 1716//3121 1715//3121
f 1638//3122 1715//3122 1184//3122
f 1717//3123 1716//3123 1638//3123
f 1717//3124 1638//3124 231//3124
f 231//3125 853//3125 1655//3125
f 231//3126 1655//3126 1717//3126
f 1719//3127 1718//3127 230//3127
f 1719//3128 230//3128 1458//3128
f 1720//3129 1719//3129 1458//3129
f 1720//3130 1458//3130 748//3130
f 759//3131 1721//3131 1720//3131
f 759//3132 1720//3132 748//3132
f 759//3133 237//3133 846//3133
f 759//3134 846//3134 1721//3134
f 766//3135 1722//3135 222//3135
f 766//3136 222//3136 771//3136
f 1723//3137 1722//3137 766//3137
f 1723//3138 766//3138 782//3138
f 1724//3139 1723//3139 782//3139
f 1724//3140 782//3140 787//3140
f 1725//3141 1724//3141 787//3141
f 1725//3142 787//3142 791//3142
f 1726//3143 1725//3143 791//3143
f 1726//3144 791//3144 808//3144
f 1727//3145 1726//3145 808//3145
f 1727//3146 808//3146 813//3146
f 1728//3147 1727//3147 813//3147
f 1728//3148 813//3148 819//3148
f 1729//3149 1728//3149 819//3149
f 1729//3150 819//3150 815//3150
f 848//3151 1730//3151 1729//3151
f 848//3152 1729//3152 815//3152
f 1731//3153 1730//3153 848//3153
f 1731//3154 848//3154 1494//3154
f 816//3155 1732//3155 1731//3155
f 816//3156 1731//3156 1494//3156
f 1733//3157 1732//3157 816//3157
f 1733//3158 816//3158 875//3158
f 1734//3159 1733//3159 875//3159
f 1734//3160 875//3160 962//3160
f 1736//3161 1735//3161 976//3161
f 1736//3162 976//3162 1396//3162
f 1737//3163 1736//3163 1396//3163
f 1737//3164 1396//3164 1613//3164
f 1253//3165 1738//3165 1737//3165
f 1253//3166 1737//3166 1613//3166
f 1739//3167 1738//3167 1253//3167
f 1739//3168 1253//3168 1258//3168
f 1739//3169 1258//3169 1430//3169
f 1739//3170 1430//3170 1740//3170
f 1741//3171 1740//3171 1430//3171
f 1741//3172 1430//3172 319//3172
f 2021//3173 2022//3173 1741//3173
f 2021//3174 1741//3174 319//3174
f 2021//3175 1313//3175 1742//3175
f 2021//3176 1742//3176 2022//3176
f 1742//3177 1313//3177 345//3177
f 1742//3178 345//3178 342//3178
f 1744//3179 1743//3179 1422//3179
f 1744//3180 1422//3180 336//3180
f 1745//3181 1744//3181 336//3181
f 1745//3182 336//3182 335//3182
f 1910//3183 1911//3183 1745//3183
f 1910//3184 1745//3184 335//3184
f 479//3185 1747//3185 1746//3185
f 479//3186 1746//3186 1028//3186
f 1748//3187 1983//3187 1984//3187
f 1748//3188 1984//3188 323//3188
f 1749//3189 1748//3189 323//3189
f 1749//3190 323//3190 491//3190
f 1750//3191 1749//3191 491//3191
f 1750//3192 491//3192 1006//3192
f 316//3193 1751//3193 1750//3193
f 316//3194 1750//3194 1006//3194
f 1752//3195 1751//3195 316//3195
f 1752//3196 316//3196 315//3196
f 1753//3197 1954//3197 1955//3197
f 1753//3198 1955//3198 999//3198
f 1754//3199 1753//3199 999//3199
f 1754//3200 999//3200 300//3200
f 1755//3201 1754//3201 300//3201
f 1755//3202 300//3202 301//3202
f 1756//3203 1755//3203 301//3203
f 1756//3204 301//3204 293//3204
f 284//3205 1757//3205 1756//3205
f 284//3206 1756//3206 293//3206
f 1758//3207 1757//3207 284//3207
f 1758//3208 284//3208 278//3208
f 1759//3209 1758//3209 278//3209
f 1759//3210 278//3210 730//3210
f 1760//3211 1759//3211 730//3211
f 1760//3212 730//3212 265//3212
f 1761//3213 1760//3213 265//3213
f 1761//3214 265//3214 715//3214
f 266//3215 1762//3215 1761//3215
f 266//3216 1761//3216 715//3216
f 1763//3217 1762//3217 266//3217
f 1763//3218 266//3218 252//3218
f 1764//3219 1763//3219 252//3219
f 1764//3220 252//3220 253//3220
f 1765//3221 1764//3221 253//3221
f 1765//3222 253//3222 1185//3222
f 1766//3223 1765//3223 1185//3223
f 1766//3224 1185//3224 1639//3224
f 1767//3225 1766//3225 1639//3225
f 1767//3226 1639//3226 239//3226
f 1768//3227 1767//3227 239//3227
f 1768//3228 239//3228 852//3228
f 1769//3229 1768//3229 852//3229
f 1769//3230 852//3230 864//3230
f 864//3231 240//3231 1770//3231
f 864//3232 1770//3232 1769//3232
f 1771//3233 1770//3233 240//3233
f 1771//3234 240//3234 1196//3234
f 1772//3235 1771//3235 1196//3235
f 1772//3236 1196//3236 1050//3236
f 1773//3237 1772//3237 1050//3237
f 1773//3238 1050//3238 1217//3238
f 1216//3239 1774//3239 1773//3239
f 1216//3240 1773//3240 1217//3240
f 1775//3241 1774//3241 1216//3241
f 1775//3242 1216//3242 1215//3242
f 1776//3243 1775//3243 1215//3243
f 1776//3244 1215//3244 1054//3244
f 1777//3245 1776//3245 1054//3245
f 1777//3246 1054//3246 1248//3246
f 379//3247 1778//3247 1777//3247
f 379//3248 1777//3248 1248//3248
f 379//3249 365//3249 1779//3249
f 379//3250 1779//3250 1778//3250
f 1780//3251 1779//3251 365//3251
f 1780//3252 365//3252 366//3252
f 1781//3253 1780//3253 366//3253
f 1781//3254 366//3254 370//3254
f 230//3255 1718//3255 1781//3255
f 230//3256 1781//3256 370//3256
f 378//3257 382//3257 1783//3257
f 378//3258 1783//3258 1782//3258
f 382//3259 442//3259 1784//3259
f 382//3260 1784//3260 1783//3260
f 442//3261 1052//3261 1785//3261
f 442//3262 1785//3262 1784//3262
f 1052//3263 1241//3263 1786//3263
f 1052//3264 1786//3264 1785//3264
f 1241//3265 1242//3265 1787//3265
f 1241//3266 1787//3266 1786//3266
f 1788//3267 1787//3267 1242//3267
f 1788//3268 1242//3268 1243//3268
f 1243//3269 1240//3269 1789//3269
f 1243//3270 1789//3270 1788//3270
f 1240//3271 1239//3271 1790//3271
f 1240//3272 1790//3272 1789//3272
f 1791//3273 1790//3273 1239//3273
f 1791//3274 1239//3274 1238//3274
f 1238//3275 1237//3275 1792//3275
f 1238//3276 1792//3276 1791//3276
f 1237//3277 1225//3277 1793//3277
f 1237//3278 1793//3278 1792//3278
f 1794//3279 1793//3279 1225//3279
f 1794//3280 1225//3280 1224//3280
f 1795//3281 1794//3281 1224//3281
f 1795//3282 1224//3282 1642//3282
f 1642//3283 1226//3283 1796//3283
f 1642//3284 1796//3284 1795//3284
f 1797//3285 1796//3285 1226//3285
f 1797//3286 1226//3286 1228//3286
f 1228//3287 1227//3287 1798//3287
f 1228//3288 1798//3288 1797//3288
f 1227//3289 1229//3289 1799//3289
f 1227//3290 1799//3290 1798//3290
f 1800//3291 1799//3291 1229//3291
f 1800//3292 1229//3292 1236//3292
f 1236//3293 1235//3293 1801//3293
f 1236//3294 1801//3294 1800//3294
f 1235//3295 1231//3295 1802//3295
f 1235//3296 1802//3296 1801//3296
f 1231//3297 1230//3297 1803//3297
f 1231//3298 1803//3298 1802//3298
f 1230//3299 1232//3299 1804//3299
f 1230//3300 1804//3300 1803//3300
f 1805//3301 1804//3301 1232//3301
f 1805//3302 1232//3302 1233//3302
f 1233//3303 1234//3303 1806//3303
f 1233//3304 1806//3304 1805//3304
f 1234//3305 320//3305 1807//3305
f 1234//3306 1807//3306 1806//3306
f 1808//3307 1807//3307 320//3307
f 1808//3308 320//3308 1002//3308
f 1959//3309 1960//3309 1808//3309
f 1959//3310 1808//3310 1002//3310
f 332//3311 333//3311 1810//3311
f 332//3312 1810//3312 1809//3312
f 1811//3313 1810//3313 333//3313
f 1811//3314 333//3314 1003//3314
f 1003//3315 488//3315 1812//3315
f 1003//3316 1812//3316 1811//3316
f 488//3317 339//3317 1813//3317
f 488//3318 1813//3318 1812//3318
f 1988//3319 1989//3319 1813//3319
f 1988//3320 1813//3320 339//3320
f 1815//3321 1814//3321 476//3321
f 1815//3322 476//3322 1025//3322
f 1816//3323 1905//3323 1906//3323
f 1816//3324 1906//3324 347//3324
f 347//3325 348//3325 1817//3325
f 347//3326 1817//3326 1816//3326
f 348//3327 1425//3327 1818//3327
f 348//3328 1818//3328 1817//3328
f 1599//3329 1601//3329 1821//3329
f 1599//3330 1821//3330 1820//3330
f 1822//3331 1821//3331 1601//3331
f 1822//3332 1601//3332 1600//3332
f 1598//3333 1823//3333 1822//3333
f 1598//3334 1822//3334 1600//3334
f 1598//3335 1588//3335 1824//3335
f 1598//3336 1824//3336 1823//3336
f 1825//3337 1824//3337 1588//3337
f 1825//3338 1588//3338 1482//3338
f 1826//3339 1825//3339 1482//3339
f 1826//3340 1482//3340 1478//3340
f 1827//3341 1826//3341 1478//3341
f 1827//3342 1478//3342 1477//3342
f 1828//3343 1827//3343 1477//3343
f 1828//3344 1477//3344 1476//3344
f 837//3345 1829//3345 1828//3345
f 837//3346 1828//3346 1476//3346
f 836//3347 1830//3347 1829//3347
f 836//3348 1829//3348 837//3348
f 835//3349 1831//3349 1830//3349
f 835//3350 1830//3350 836//3350
f 834//3351 1832//3351 1831//3351
f 834//3352 1831//3352 835//3352
f 244//3353 262//3353 1832//3353
f 244//3354 1832//3354 834//3354
f 273//3355 756//3355 1833//3355
f 273//3356 1833//3356 779//3356
f 756//3357 745//3357 1834//3357
f 756//3358 1834//3358 1833//3358
f 1455//3359 1835//3359 1834//3359
f 1455//3360 1834//3360 745//3360
f 1455//3361 375//3361 1836//3361
f 1455//3362 1836//3362 1835//3362
f 1837//3363 1836//3363 375//3363
f 1837//3364 375//3364 376//3364
f 376//3365 377//3365 1838//3365
f 376//3366 1838//3366 1837//3366
f 377//3367 378//3367 1782//3367
f 377//3368 1782//3368 1838//3368
f 1839//3369 237//3369 244//3369
f 1839//3370 244//3370 834//3370
f 1840//3371 1839//3371 834//3371
f 1840//3372 834//3372 835//3372
f 1841//3373 1840//3373 835//3373
f 1841//3374 835//3374 836//3374
f 1842//3375 1841//3375 836//3375
f 1842//3376 836//3376 837//3376
f 1843//3377 1842//3377 837//3377
f 1843//3378 837//3378 1476//3378
f 1476//3379 1477//3379 1844//3379
f 1476//3380 1844//3380 1843//3380
f 1845//3381 1844//3381 1477//3381
f 1845//3382 1477//3382 1478//3382
f 1846//3383 1845//3383 1478//3383
f 1846//3384 1478//3384 1482//3384
f 1847//3385 1846//3385 1482//3385
f 1847//3386 1482//3386 1588//3386
f 1848//3387 1847//3387 1588//3387
f 1848//3388 1588//3388 1598//3388
f 1849//3389 1848//3389 1598//3389
f 1849//3390 1598//3390 1600//3390
f 1850//3391 1849//3391 1600//3391
f 1850//3392 1600//3392 1601//3392
f 1599//3393 1851//3393 1850//3393
f 1599//3394 1850//3394 1601//3394
f 1853//3395 1852//3395 1644//3395
f 1853//3396 1644//3396 1393//3396
f 1854//3397 1853//3397 1393//3397
f 1854//3398 1393//3398 1616//3398
f 1250//3399 1855//3399 1854//3399
f 1250//3400 1854//3400 1616//3400
f 1856//3401 1855//3401 1250//3401
f 1856//3402 1250//3402 1261//3402
f 1856//3403 1261//3403 1427//3403
f 1856//3404 1427//3404 1857//3404
f 1858//3405 1857//3405 1427//3405
f 1858//3406 1427//3406 338//3406
f 2017//3407 2018//3407 1858//3407
f 2017//3408 1858//3408 338//3408
f 2017//3409 1310//3409 1859//3409
f 2017//3410 1859//3410 2018//3410
f 1859//3411 1310//3411 1295//3411
f 1859//3412 1295//3412 1819//3412
f 1862//3413 1861//3413 1425//3413
f 1862//3414 1425//3414 348//3414
f 1863//3415 1862//3415 348//3415
f 1863//3416 348//3416 347//3416
f 1906//3417 1907//3417 1863//3417
f 1906//3418 1863//3418 347//3418
f 476//3419 1865//3419 1864//3419
f 476//3420 1864//3420 1025//3420
f 1866//3421 1987//3421 1988//3421
f 1866//3422 1988//3422 339//3422
f 1867//3423 1866//3423 339//3423
f 1867//3424 339//3424 488//3424
f 1868//3425 1867//3425 488//3425
f 1868//3426 488//3426 1003//3426
f 333//3427 1869//3427 1868//3427
f 333//3428 1868//3428 1003//3428
f 1870//3429 1869//3429 333//3429
f 1870//3430 333//3430 332//3430
f 1871//3431 1958//3431 1959//3431
f 1871//3432 1959//3432 1002//3432
f 320//3433 1872//3433 1871//3433
f 320//3434 1871//3434 1002//3434
f 1873//3435 1872//3435 320//3435
f 1873//3436 320//3436 1234//3436
f 1874//3437 1873//3437 1234//3437
f 1874//3438 1234//3438 1233//3438
f 1232//3439 1875//3439 1874//3439
f 1232//3440 1874//3440 1233//3440
f 1876//3441 1875//3441 1232//3441
f 1876//3442 1232//3442 1230//3442
f 1877//3443 1876//3443 1230//3443
f 1877//3444 1230//3444 1231//3444
f 1878//3445 1877//3445 1231//3445
f 1878//3446 1231//3446 1235//3446
f 1879//3447 1878//3447 1235//3447
f 1879//3448 1235//3448 1236//3448
f 1229//3449 1880//3449 1879//3449
f 1229//3450 1879//3450 1236//3450
f 1881//3451 1880//3451 1229//3451
f 1881//3452 1229//3452 1227//3452
f 1882//3453 1881//3453 1227//3453
f 1882//3454 1227//3454 1228//3454
f 1226//3455 1883//3455 1882//3455
f 1226//3456 1882//3456 1228//3456
f 1884//3457 1883//3457 1226//3457
f 1884//3458 1226//3458 1642//3458
f 1885//3459 1884//3459 1642//3459
f 1885//3460 1642//3460 1224//3460
f 1886//3461 1885//3461 1224//3461
f 1886//3462 1224//3462 1225//3462
f 1887//3463 1886//3463 1225//3463
f 1887//3464 1225//3464 1237//3464
f 1888//3465 1887//3465 1237//3465
f 1888//3466 1237//3466 1238//3466
f 1889//3467 1888//3467 1238//3467
f 1889//3468 1238//3468 1239//3468
f 1890//3469 1889//3469 1239//3469
f 1890//3470 1239//3470 1240//3470
f 1891//3471 1890//3471 1240//3471
f 1891//3472 1240//3472 1243//3472
f 1242//3473 1892//3473 1891//3473
f 1242//3474 1891//3474 1243//3474
f 1893//3475 1892//3475 1242//3475
f 1893//3476 1242//3476 1241//3476
f 1894//3477 1893//3477 1241//3477
f 1894//3478 1241//3478 1052//3478
f 442//3479 1895//3479 1894//3479
f 442//3480 1894//3480 1052//3480
f 442//3481 382//3481 1896//3481
f 442//3482 1896//3482 1895//3482
f 1897//3483 1896//3483 382//3483
f 1897//3484 382//3484 378//3484
f 1898//3485 1897//3485 378//3485
f 1898//3486 378//3486 377//3486
f 1899//3487 1898//3487 377//3487
f 1899//3488 377//3488 376//3488
f 375//3489 1900//3489 1899//3489
f 375//3490 1899//3490 376//3490
f 1901//3491 1900//3491 375//3491
f 1901//3492 375//3492 1455//3492
f 1902//3493 1901//3493 1455//3493
f 1902//3494 1455//3494 745//3494
f 756//3495 1903//3495 1902//3495
f 756//3496 1902//3496 745//3496
f 756//3497 273//3497 778//3497
f 756//3498 778//3498 1903//3498
f 1292//3499 1815//3499 1905//3499
f 1292//3500 1905//3500 1904//3500
f 1906//3501 1905//3501 1815//3501
f 1906//3502 1815//3502 1025//3502
f 1025//3503 1864//3503 1907//3503
f 1025//3504 1907//3504 1906//3504
f 1908//3505 1907//3505 1864//3505
f 1908//3506 1864//3506 1026//3506
f 1026//3507 1027//3507 1909//3507
f 1026//3508 1909//3508 1908//3508
f 1027//3509 1028//3509 1910//3509
f 1027//3510 1910//3510 1909//3510
f 1028//3511 1746//3511 1911//3511
f 1028//3512 1911//3512 1910//3512
f 2125//3513 2126//3513 1911//3513
f 2125//3514 1911//3514 1746//3514
f 1913//3515 1912//3515 1029//3515
f 1913//3516 1029//3516 1696//3516
f 1914//3517 1913//3517 1696//3517
f 1914//3518 1696//3518 1030//3518
f 1030//3519 1031//3519 1915//3519
f 1030//3520 1915//3520 1914//3520
f 1031//3521 1032//3521 1916//3521
f 1031//3522 1916//3522 1915//3522
f 1033//3523 1917//3523 1916//3523
f 1033//3524 1916//3524 1032//3524
f 1033//3525 1034//3525 1918//3525
f 1033//3526 1918//3526 1917//3526
f 1035//3527 1919//3527 1918//3527
f 1035//3528 1918//3528 1034//3528
f 1035//3529 1036//3529 1920//3529
f 1035//3530 1920//3530 1919//3530
f 1036//3531 1037//3531 1921//3531
f 1036//3532 1921//3532 1920//3532
f 1038//3533 1922//3533 1921//3533
f 1038//3534 1921//3534 1037//3534
f 1038//3535 1039//3535 1923//3535
f 1038//3536 1923//3536 1922//3536
f 1039//3537 1040//3537 1924//3537
f 1039//3538 1924//3538 1923//3538
f 1925//3539 1924//3539 1040//3539
f 1925//3540 1040//3540 1041//3540
f 1926//3541 1925//3541 1041//3541
f 1926//3542 1041//3542 1042//3542
f 1042//3543 1043//3543 1927//3543
f 1042//3544 1927//3544 1926//3544
f 1043//3545 1044//3545 1928//3545
f 1043//3546 1928//3546 1927//3546
f 1044//3547 1045//3547 1929//3547
f 1044//3548 1929//3548 1928//3548
f 1045//3549 1046//3549 1930//3549
f 1045//3550 1930//3550 1929//3550
f 1931//3551 1930//3551 1046//3551
f 1931//3552 1046//3552 1539//3552
f 1575//3553 1932//3553 1931//3553
f 1575//3554 1931//3554 1539//3554
f 1934//3555 1933//3555 1580//3555
f 1934//3556 1580//3556 1545//3556
f 1545//3557 616//3557 1935//3557
f 1545//3558 1935//3558 1934//3558
f 616//3559 608//3559 1936//3559
f 616//3560 1936//3560 1935//3560
f 608//3561 615//3561 1937//3561
f 608//3562 1937//3562 1936//3562
f 615//3563 567//3563 1938//3563
f 615//3564 1938//3564 1937//3564
f 567//3565 566//3565 1939//3565
f 567//3566 1939//3566 1938//3566
f 566//3567 560//3567 1940//3567
f 566//3568 1940//3568 1939//3568
f 560//3569 693//3569 1941//3569
f 560//3570 1941//3570 1940//3570
f 693//3571 548//3571 1942//3571
f 693//3572 1942//3572 1941//3572
f 548//3573 547//3573 1943//3573
f 548//3574 1943//3574 1942//3574
f 1943//3575 547//3575 530//3575
f 1943//3576 530//3576 1944//3576
f 530//3577 99//3577 1945//3577
f 530//3578 1945//3578 1944//3578
f 99//3579 82//3579 1946//3579
f 99//3580 1946//3580 1945//3580
f 82//3581 78//3581 1947//3581
f 82//3582 1947//3582 1946//3582
f 78//3583 388//3583 1948//3583
f 78//3584 1948//3584 1947//3584
f 388//3585 289//3585 1949//3585
f 388//3586 1949//3586 1948//3586
f 289//3587 286//3587 1950//3587
f 289//3588 1950//3588 1949//3588
f 286//3589 434//3589 1951//3589
f 286//3590 1951//3590 1950//3590
f 434//3591 1702//3591 1952//3591
f 434//3592 1952//3592 1951//3592
f 1953//3593 1952//3593 1702//3593
f 1953//3594 1702//3594 308//3594
f 2117//3595 2118//3595 1752//3595
f 2117//3596 1752//3596 1954//3596
f 1955//3597 1954//3597 1752//3597
f 1955//3598 1752//3598 315//3598
f 315//3599 321//3599 1956//3599
f 315//3600 1956//3600 1955//3600
f 321//3601 325//3601 1957//3601
f 321//3602 1957//3602 1956//3602
f 325//3603 1870//3603 1958//3603
f 325//3604 1958//3604 1957//3604
f 1959//3605 1958//3605 1870//3605
f 1959//3606 1870//3606 332//3606
f 1809//3607 1960//3607 1959//3607
f 1809//3608 1959//3608 332//3608
f 1961//3609 1960//3609 1809//3609
f 1961//3610 1809//3610 1287//3610
f 684//3611 683//3611 1965//3611
f 684//3612 1965//3612 1964//3612
f 683//3613 682//3613 1966//3613
f 683//3614 1966//3614 1965//3614
f 682//3615 681//3615 1967//3615
f 682//3616 1967//3616 1966//3616
f 681//3617 680//3617 1968//3617
f 681//3618 1968//3618 1967//3618
f 680//3619 679//3619 1969//3619
f 680//3620 1969//3620 1968//3620
f 679//3621 697//3621 1970//3621
f 679//3622 1970//3622 1969//3622
f 697//3623 678//3623 1971//3623
f 697//3624 1971//3624 1970//3624
f 678//3625 677//3625 1972//3625
f 678//3626 1972//3626 1971//3626
f 1972//3627 677//3627 526//3627
f 1972//3628 526//3628 1973//3628
f 526//3629 487//3629 1974//3629
f 526//3630 1974//3630 1973//3630
f 487//3631 486//3631 1975//3631
f 487//3632 1975//3632 1974//3632
f 486//3633 485//3633 1976//3633
f 486//3634 1976//3634 1975//3634
f 485//3635 484//3635 1977//3635
f 485//3636 1977//3636 1976//3636
f 484//3637 483//3637 1978//3637
f 484//3638 1978//3638 1977//3638
f 483//3639 482//3639 1979//3639
f 483//3640 1979//3640 1978//3640
f 482//3641 481//3641 1980//3641
f 482//3642 1980//3642 1979//3642
f 481//3643 1697//3643 1981//3643
f 481//3644 1981//3644 1980//3644
f 1982//3645 1981//3645 1697//3645
f 1982//3646 1697//3646 480//3646
f 2123//3647 2124//3647 1747//3647
f 2123//3648 1747//3648 1983//3648
f 1984//3649 1983//3649 1747//3649
f 1984//3650 1747//3650 479//3650
f 479//3651 478//3651 1985//3651
f 479//3652 1985//3652 1984//3652
f 478//3653 477//3653 1986//3653
f 478//3654 1986//3654 1985//3654
f 477//3655 1865//3655 1987//3655
f 477//3656 1987//3656 1986//3656
f 1988//3657 1987//3657 1865//3657
f 1988//3658 1865//3658 476//3658
f 1814//3659 1989//3659 1988//3659
f 1814//3660 1988//3660 476//3660
f 1990//3661 1989//3661 1814//3661
f 1990//3662 1814//3662 1291//3662
f 684//3663 1964//3663 1963//3663
f 684//3664 1963//3664 1991//3664
f 1991//3665 1963//3665 1962//3665
f 1991//3666 1962//3666 1540//3666
f 1539//3667 1046//3667 684//3667
f 1539//3668 684//3668 1991//3668
f 1540//3669 1575//3669 1539//3669
f 1540//3670 1539//3670 1991//3670
f 649//3671 700//3671 701//3671
f 649//3672 701//3672 1619//3672
f 649//3673 1619//3673 1621//3673
f 649//3674 1621//3674 1263//3674
f 1262//3675 1618//3675 1620//3675
f 1262//3676 1620//3676 1995//3676
f 1262//3677 1263//3677 1621//3677
f 1262//3678 1621//3678 1618//3678
f 1325//3679 1324//3679 1996//3679
f 1325//3680 1996//3680 2033//3680
f 1324//3681 1992//3681 1997//3681
f 1324//3682 1997//3682 1996//3682
f 1992//3683 1993//3683 1998//3683
f 1992//3684 1998//3684 1997//3684
f 1993//3685 1994//3685 1999//3685
f 1993//3686 1999//3686 1998//3686
f 1994//3687 1995//3687 2000//3687
f 1994//3688 2000//3688 1999//3688
f 1995//3689 1620//3689 419//3689
f 1995//3690 419//3690 2000//3690
f 1996//3691 1997//3691 2002//3691
f 1996//3692 2002//3692 2001//3692
f 1998//3693 2003//3693 2002//3693
f 1998//3694 2002//3694 1997//3694
f 1998//3695 1999//3695 2004//3695
f 1998//3696 2004//3696 2003//3696
f 1999//3697 2000//3697 2005//3697
f 1999//3698 2005//3698 2004//3698
f 2000//3699 419//3699 10//3699
f 2000//3700 10//3700 2005//3700
f 2026//3701 2027//3701 2007//3701
f 2026//3702 2007//3702 2006//3702
f 2028//3703 2008//3703 2007//3703
f 2028//3704 2007//3704 2027//3704
f 2028//3705 2029//3705 2009//3705
f 2028//3706 2009//3706 2008//3706
f 2029//3707 2030//3707 2010//3707
f 2029//3708 2010//3708 2009//3708
f 1403//3709 1433//3709 2006//3709
f 1403//3710 2006//3710 2007//3710
f 2008//3711 1402//3711 1403//3711
f 2008//3712 1403//3712 2007//3712
f 1617//3713 1402//3713 2008//3713
f 1617//3714 2008//3714 2009//3714
f 1401//3715 1617//3715 2009//3715
f 1401//3716 2009//3716 2010//3716
f 2012//3717 2011//3717 2005//3717
f 2012//3718 2005//3718 10//3718
f 2011//3719 2012//3719 2014//3719
f 2011//3720 2014//3720 2013//3720
f 1399//3721 1400//3721 2015//3721
f 1399//3722 2015//3722 2016//3722
f 2015//3723 1400//3723 1401//3723
f 2015//3724 1401//3724 2010//3724
f 2031//3725 2032//3725 2016//3725
f 2031//3726 2016//3726 2015//3726
f 2031//3727 2015//3727 2010//3727
f 2031//3728 2010//3728 2030//3728
f 2001//3729 2002//3729 2027//3729
f 2001//3730 2027//3730 2026//3730
f 2003//3731 2028//3731 2027//3731
f 2003//3732 2027//3732 2002//3732
f 2003//3733 2004//3733 2029//3733
f 2003//3734 2029//3734 2028//3734
f 2004//3735 2005//3735 2030//3735
f 2004//3736 2030//3736 2029//3736
f 2011//3737 2031//3737 2030//3737
f 2011//3738 2030//3738 2005//3738
f 2032//3739 2031//3739 2011//3739
f 2032//3740 2011//3740 2013//3740
f 1996//3741 2001//3741 2034//3741
f 1996//3742 2034//3742 2033//3742
f 2001//3743 2026//3743 2035//3743
f 2001//3744 2035//3744 2034//3744
f 2026//3745 2006//3745 2036//3745
f 2026//3746 2036//3746 2035//3746
f 2037//3747 103//3747 1325//3747
f 2037//3748 1325//3748 2038//3748
f 1415//3749 103//3749 2037//3749
f 1415//3750 2037//3750 1416//3750
f 2038//3751 1325//3751 2033//3751
f 2038//3752 2033//3752 2034//3752
f 2006//3753 1433//3753 2039//3753
f 2006//3754 2039//3754 2036//3754
f 2040//3755 2037//3755 2038//3755
f 2040//3756 2038//3756 2041//3756
f 1416//3757 2037//3757 2040//3757
f 1416//3758 2040//3758 1417//3758
f 2041//3759 2038//3759 2034//3759
f 2041//3760 2034//3760 2035//3760
f 2042//3761 2040//3761 2041//3761
f 2042//3762 2041//3762 2043//3762
f 1417//3763 2040//3763 2042//3763
f 1417//3764 2042//3764 1418//3764
f 2043//3765 2041//3765 2035//3765
f 2043//3766 2035//3766 2036//3766
f 2044//3767 2042//3767 2043//3767
f 2044//3768 2043//3768 2045//3768
f 1418//3769 2042//3769 2044//3769
f 1418//3770 2044//3770 1419//3770
f 2045//3771 2043//3771 2036//3771
f 2045//3772 2036//3772 2039//3772
f 2046//3773 2048//3773 2067//3773
f 2046//3774 2067//3774 1315//3774
f 337//3775 342//3775 1423//3775
f 337//3776 1423//3776 1422//3776
f 342//3777 345//3777 1424//3777
f 342//3778 1424//3778 1423//3778
f 345//3779 1860//3779 1861//3779
f 345//3780 1861//3780 1424//3780
f 1819//3781 1295//3781 1426//3781
f 1819//3782 1426//3782 1818//3782
f 349//3783 1819//3783 1818//3783
f 349//3784 1818//3784 1425//3784
f 1860//3785 349//3785 1425//3785
f 1860//3786 1425//3786 1861//3786
f 2129//3787 2130//3787 2047//3787
f 2129//3788 2047//3788 1743//3788
f 2049//3789 2048//3789 1693//3789
f 2049//3790 1693//3790 1420//3790
f 2048//3791 2046//3791 1421//3791
f 2048//3792 1421//3792 1693//3792
f 2047//3793 337//3793 1422//3793
f 2047//3794 1422//3794 1743//3794
f 2014//3795 2012//3795 1385//3795
f 2014//3796 1385//3796 934//3796
f 121//3797 1385//3797 2012//3797
f 121//3798 2012//3798 10//3798
f 10//3799 419//3799 120//3799
f 10//3800 120//3800 121//3800
f 2049//3801 1420//3801 1419//3801
f 2049//3802 1419//3802 2044//3802
f 2039//3803 1433//3803 2050//3803
f 2039//3804 2050//3804 2057//3804
f 2049//3805 2044//3805 2045//3805
f 2049//3806 2045//3806 2058//3806
f 1403//3807 2051//3807 2050//3807
f 1403//3808 2050//3808 1433//3808
f 1399//3809 2053//3809 2052//3809
f 1399//3810 2052//3810 1400//3810
f 2054//3811 1401//3811 1400//3811
f 2054//3812 1400//3812 2052//3812
f 1401//3813 2054//3813 2055//3813
f 1401//3814 2055//3814 1617//3814
f 1402//3815 2056//3815 2051//3815
f 1402//3816 2051//3816 1403//3816
f 1617//3817 2055//3817 2056//3817
f 1617//3818 2056//3818 1402//3818
f 2058//3819 2045//3819 2039//3819
f 2058//3820 2039//3820 2057//3820
f 2052//3821 2053//3821 2059//3821
f 2052//3822 2059//3822 2060//3822
f 2054//3823 2052//3823 2060//3823
f 2054//3824 2060//3824 2061//3824
f 2061//3825 2062//3825 2055//3825
f 2061//3826 2055//3826 2054//3826
f 2062//3827 2063//3827 2056//3827
f 2062//3828 2056//3828 2055//3828
f 2056//3829 2063//3829 2064//3829
f 2056//3830 2064//3830 2051//3830
f 2050//3831 2051//3831 2064//3831
f 2050//3832 2064//3832 2065//3832
f 2057//3833 2050//3833 2065//3833
f 2057//3834 2065//3834 2066//3834
f 2058//3835 2057//3835 2066//3835
f 2058//3836 2066//3836 2067//3836
f 2048//3837 2049//3837 2058//3837
f 2048//3838 2058//3838 2067//3838
f 2060//3839 2059//3839 973//3839
f 2060//3840 973//3840 1398//3840
f 2061//3841 2060//3841 1398//3841
f 2061//3842 1398//3842 439//3842
f 439//3843 1255//3843 2062//3843
f 439//3844 2062//3844 2061//3844
f 1255//3845 1256//3845 2063//3845
f 1255//3846 2063//3846 2062//3846
f 2063//3847 1256//3847 1432//3847
f 2063//3848 1432//3848 2064//3848
f 2065//3849 2064//3849 1432//3849
f 2065//3850 1432//3850 436//3850
f 2066//3851 2065//3851 436//3851
f 2066//3852 436//3852 2025//3852
f 2067//3853 2066//3853 2025//3853
f 2067//3854 2025//3854 1315//3854
f 2131//3855 1692//3855 2047//3855
f 2131//3856 2047//3856 2130//3856
f 892//3857 889//3857 888//3857
f 892//3858 888//3858 893//3858
f 897//3859 895//3859 892//3859
f 897//3860 892//3860 2068//3860
f 2068//3861 892//3861 893//3861
f 2068//3862 893//3862 2069//3862
f 2069//3863 893//3863 894//3863
f 2069//3864 894//3864 522//3864
f 901//3865 2068//3865 2069//3865
f 901//3866 2069//3866 900//3866
f 2069//3867 522//3867 107//3867
f 2069//3868 107//3868 900//3868
f 2068//3869 901//3869 898//3869
f 2068//3870 898//3870 897//3870
f 899//3871 898//3871 901//3871
f 899//3872 901//3872 927//3872
f 890//3873 899//3873 927//3873
f 890//3874 927//3874 928//3874
f 928//3875 1330//3875 891//3875
f 928//3876 891//3876 890//3876
f 1330//3877 1321//3877 902//3877
f 1330//3878 902//3878 891//3878
f 1322//3879 902//3879 1321//3879
f 1322//3880 1321//3880 1318//3880
f 2071//3881 2070//3881 354//3881
f 2071//3882 354//3882 353//3882
f 2072//3883 2071//3883 353//3883
f 2072//3884 353//3884 115//3884
f 2073//3885 2072//3885 115//3885
f 2073//3886 115//3886 1648//3886
f 113//3887 2074//3887 2073//3887
f 113//3888 2073//3888 1648//3888
f 2075//3889 2186//3889 2187//3889
f 2075//3890 2187//3890 1176//3890
f 2076//3891 2075//3891 1176//3891
f 2076//3892 1176//3892 1145//3892
f 109//3893 2077//3893 2076//3893
f 109//3894 2076//3894 1145//3894
f 1303//3895 1304//3895 2078//3895
f 1303//3896 2078//3896 950//3896
f 7//3897 2080//3897 2079//3897
f 7//3898 2079//3898 1307//3898
f 933//3899 2081//3899 2080//3899
f 933//3900 2080//3900 7//3900
f 2083//3901 2082//3901 2070//3901
f 2083//3902 2070//3902 2071//3902
f 2085//3903 2084//3903 2072//3903
f 2085//3904 2072//3904 2073//3904
f 2087//3905 2185//3905 2186//3905
f 2087//3906 2186//3906 2075//3906
f 2076//3907 2088//3907 2087//3907
f 2076//3908 2087//3908 2075//3908
f 2089//3909 2088//3909 2076//3909
f 2089//3910 2076//3910 2077//3910
f 1304//3911 2091//3911 2090//3911
f 1304//3912 2090//3912 2078//3912
f 932//3913 1322//3913 1318//3913
f 932//3914 1318//3914 2081//3914
f 931//3915 932//3915 2081//3915
f 931//3916 2081//3916 933//3916
f 1387//3917 931//3917 933//3917
f 1387//3918 933//3918 1388//3918
f 978//3919 1387//3919 1388//3919
f 978//3920 1388//3920 979//3920
f 1209//3921 1208//3921 1212//3921
f 1209//3922 1212//3922 2092//3922
f 1663//3923 2092//3923 1212//3923
f 1663//3924 1212//3924 1662//3924
f 1663//3925 1662//3925 2093//3925
f 1663//3926 2093//3926 2094//3926
f 1663//3927 2094//3927 1664//3927
f 1663//3928 1664//3928 421//3928
f 2094//3929 2093//3929 2095//3929
f 2094//3930 2095//3930 2096//3930
f 2094//3931 2096//3931 420//3931
f 2094//3932 420//3932 1664//3932
f 2096//3933 2095//3933 1776//3933
f 2096//3934 1776//3934 1777//3934
f 420//3935 2096//3935 1777//3935
f 420//3936 1777//3936 1778//3936
f 1049//3937 1195//3937 2098//3937
f 1049//3938 2098//3938 2097//3938
f 232//3939 2099//3939 2098//3939
f 232//3940 2098//3940 1195//3940
f 2100//3941 2099//3941 232//3941
f 2100//3942 232//3942 865//3942
f 853//3943 2101//3943 2100//3943
f 853//3944 2100//3944 865//3944
f 231//3945 2102//3945 2101//3945
f 231//3946 2101//3946 853//3946
f 231//3947 1638//3947 2103//3947
f 231//3948 2103//3948 2102//3948
f 1638//3949 1184//3949 2104//3949
f 1638//3950 2104//3950 2103//3950
f 248//3951 2105//3951 2104//3951
f 248//3952 2104//3952 1184//3952
f 248//3953 247//3953 2106//3953
f 248//3954 2106//3954 2105//3954
f 247//3955 257//3955 2107//3955
f 247//3956 2107//3956 2106//3956
f 2108//3957 2107//3957 257//3957
f 2108//3958 257//3958 716//3958
f 716//3959 256//3959 2109//3959
f 716//3960 2109//3960 2108//3960
f 731//3961 2110//3961 2109//3961
f 731//3962 2109//3962 256//3962
f 731//3963 267//3963 2111//3963
f 731//3964 2111//3964 2110//3964
f 267//3965 279//3965 2112//3965
f 267//3966 2112//3966 2111//3966
f 2113//3967 2112//3967 279//3967
f 2113//3968 279//3968 285//3968
f 285//3969 295//3969 2114//3969
f 285//3970 2114//3970 2113//3970
f 294//3971 2115//3971 2114//3971
f 294//3972 2114//3972 295//3972
f 998//3973 2116//3973 2115//3973
f 998//3974 2115//3974 294//3974
f 1953//3975 2117//3975 2116//3975
f 1953//3976 2116//3976 998//3976
f 308//3977 2118//3977 2117//3977
f 308//3978 2117//3978 1953//3978
f 309//3979 2119//3979 2118//3979
f 309//3980 2118//3980 308//3980
f 2120//3981 2119//3981 309//3981
f 2120//3982 309//3982 1007//3982
f 492//3983 2121//3983 2120//3983
f 492//3984 2120//3984 1007//3984
f 492//3985 317//3985 2122//3985
f 492//3986 2122//3986 2121//3986
f 1982//3987 2123//3987 2122//3987
f 1982//3988 2122//3988 317//3988
f 480//3989 2124//3989 2123//3989
f 480//3990 2123//3990 1982//3990
f 2125//3991 2124//3991 480//3991
f 2125//3992 480//3992 1029//3992
f 1912//3993 2126//3993 2125//3993
f 1912//3994 2125//3994 1029//3994
f 2127//3995 2126//3995 1912//3995
f 2127//3996 1912//3996 328//3996
f 328//3997 329//3997 2128//3997
f 328//3998 2128//3998 2127//3998
f 329//3999 1421//3999 2129//3999
f 329//4000 2129//4000 2128//4000
f 2046//4001 2130//4001 2129//4001
f 2046//4002 2129//4002 1421//4002
f 2131//4003 2130//4003 2046//4003
f 2131//4004 2046//4004 1315//4004
f 2132//4005 2131//4005 1315//4005
f 2132//4006 1315//4006 2025//4006
f 2133//4007 2132//4007 2025//4007
f 2133//4008 2025//4008 436//4008
f 2134//4009 2133//4009 436//4009
f 2134//4010 436//4010 1432//4010
f 1256//4011 2135//4011 2134//4011
f 1256//4012 2134//4012 1432//4012
f 1255//4013 2136//4013 2135//4013
f 1255//4014 2135//4014 1256//4014
f 2137//4015 2136//4015 1255//4015
f 2137//4016 1255//4016 439//4016
f 2138//4017 2137//4017 439//4017
f 2138//4018 439//4018 1398//4018
f 2139//4019 2138//4019 1398//4019
f 2139//4020 1398//4020 973//4020
f 1775//4021 1776//4021 2095//4021
f 1775//4022 2095//4022 2140//4022
f 1774//4023 1775//4023 2140//4023
f 1774//4024 2140//4024 2141//4024
f 1773//4025 1774//4025 2141//4025
f 1773//4026 2141//4026 2142//4026
f 1772//4027 1773//4027 2142//4027
f 1772//4028 2142//4028 2097//4028
f 2144//4029 2143//4029 1338//4029
f 2144//4030 1338//4030 1058//4030
f 2145//4031 2144//4031 1058//4031
f 2145//4032 1058//4032 1065//4032
f 2146//4033 2145//4033 1065//4033
f 2146//4034 1065//4034 1072//4034
f 2147//4035 2146//4035 1072//4035
f 2147//4036 1072//4036 1079//4036
f 1086//4037 2148//4037 2147//4037
f 1086//4038 2147//4038 1079//4038
f 2149//4039 2148//4039 1086//4039
f 2149//4040 1086//4040 1130//4040
f 2150//4041 2149//4041 1130//4041
f 2150//4042 1130//4042 1161//4042
f 2167//4043 2168//4043 2150//4043
f 2167//4044 2150//4044 1161//4044
f 2151//4045 1151//4045 1156//4045
f 2151//4046 1156//4046 2152//4046
f 2153//4047 2152//4047 1156//4047
f 2153//4048 1156//4048 1202//4048
f 2154//4049 2153//4049 1202//4049
f 2154//4050 1202//4050 1206//4050
f 2155//4051 2154//4051 1206//4051
f 2155//4052 1206//4052 1210//4052
f 2156//4053 2155//4053 1210//4053
f 2156//4054 1210//4054 1213//4054
f 1213//4055 1661//4055 2157//4055
f 1213//4056 2157//4056 2156//4056
f 1659//4057 1049//4057 2158//4057
f 1659//4058 2158//4058 1660//4058
f 2158//4059 1049//4059 2097//4059
f 2158//4060 2097//4060 2142//4060
f 1660//4061 2158//4061 2159//4061
f 1660//4062 2159//4062 1661//4062
f 2159//4063 2158//4063 2142//4063
f 2159//4064 2142//4064 2141//4064
f 2141//4065 2140//4065 2160//4065
f 2141//4066 2160//4066 2159//4066
f 2160//4067 2140//4067 2095//4067
f 2160//4068 2095//4068 2093//4068
f 2157//4069 1661//4069 2159//4069
f 2157//4070 2159//4070 2160//4070
f 1662//4071 2157//4071 2160//4071
f 1662//4072 2160//4072 2093//4072
f 1245//4073 1246//4073 1189//4073
f 1245//4074 1189//4074 2161//4074
f 2161//4075 1189//4075 858//4075
f 2161//4076 858//4076 2162//4076
f 2162//4077 858//4077 857//4077
f 2162//4078 857//4078 869//4078
f 2163//4079 2162//4079 869//4079
f 2163//4080 869//4080 40//4080
f 1190//4081 2163//4081 40//4081
f 1190//4082 40//4082 1191//4082
f 1199//4083 1153//4083 2165//4083
f 1199//4084 2165//4084 2164//4084
f 1153//4085 1152//4085 2166//4085
f 1153//4086 2166//4086 2165//4086
f 1152//4087 1151//4087 2167//4087
f 1152//4088 2167//4088 2166//4088
f 1151//4089 2151//4089 2168//4089
f 1151//4090 2168//4090 2167//4090
f 2169//4091 2168//4091 2151//4091
f 2169//4092 2151//4092 1149//4092
f 1149//4093 1150//4093 2170//4093
f 1149//4094 2170//4094 2169//4094
f 2171//4095 2170//4095 1150//4095
f 2171//4096 1150//4096 910//4096
f 2219//4097 2220//4097 2171//4097
f 2219//4098 2171//4098 910//4098
f 2172//4099 2220//4099 2219//4099
f 2172//4100 2219//4100 30//4100
f 2173//4101 2172//4101 30//4101
f 2173//4102 30//4102 28//4102
f 28//4103 63//4103 2174//4103
f 28//4104 2174//4104 2173//4104
f 63//4105 67//4105 2175//4105
f 63//4106 2175//4106 2174//4106
f 67//4107 66//4107 2176//4107
f 67//4108 2176//4108 2175//4108
f 2177//4109 2176//4109 66//4109
f 2177//4110 66//4110 461//4110
f 2178//4111 2177//4111 461//4111
f 2178//4112 461//4112 92//4112
f 92//4113 91//4113 2179//4113
f 92//4114 2179//4114 2178//4114
f 2180//4115 2179//4115 91//4115
f 2180//4116 91//4116 90//4116
f 93//4117 2181//4117 2180//4117
f 93//4118 2180//4118 90//4118
f 93//4119 96//4119 2182//4119
f 93//4120 2182//4120 2181//4120
f 96//4121 117//4121 2183//4121
f 96//4122 2183//4122 2182//4122
f 117//4123 111//4123 2184//4123
f 117//4124 2184//4124 2183//4124
f 2086//4125 2185//4125 2184//4125
f 2086//4126 2184//4126 111//4126
f 2186//4127 2185//4127 2086//4127
f 2186//4128 2086//4128 2074//4128
f 2187//4129 2186//4129 2074//4129
f 2187//4130 2074//4130 113//4130
f 113//4131 4547//4131 4548//4131
f 113//4132 4548//4132 2187//4132
f 112//4133 116//4133 2189//4133
f 112//4134 2189//4134 2188//4134
f 2190//4135 2189//4135 116//4135
f 2190//4136 116//4136 5//4136
f 2164//4137 1158//4137 1106//4137
f 2164//4138 1106//4138 1109//4138
f 1190//4139 1199//4139 1244//4139
f 1190//4140 1244//4140 2163//4140
f 1109//4141 1112//4141 2191//4141
f 1109//4142 2191//4142 2164//4142
f 2164//4143 2191//4143 1244//4143
f 2164//4144 1244//4144 1199//4144
f 877//4145 2193//4145 2192//4145
f 877//4146 2192//4146 970//4146
f 2194//4147 2193//4147 877//4147
f 2194//4148 877//4148 304//4148
f 2195//4149 2194//4149 304//4149
f 2195//4150 304//4150 1496//4150
f 1446//4151 2196//4151 2195//4151
f 1446//4152 2195//4152 1496//4152
f 2197//4153 2196//4153 1446//4153
f 2197//4154 1446//4154 1445//4154
f 2198//4155 2197//4155 1445//4155
f 2198//4156 1445//4156 331//4156
f 331//4157 810//4157 2199//4157
f 331//4158 2199//4158 2198//4158
f 2200//4159 2199//4159 810//4159
f 2200//4160 810//4160 805//4160
f 2201//4161 2200//4161 805//4161
f 2201//4162 805//4162 251//4162
f 2202//4163 2201//4163 251//4163
f 2202//4164 251//4164 261//4164
f 2203//4165 2202//4165 261//4165
f 2203//4166 261//4166 280//4166
f 2204//4167 2203//4167 280//4167
f 2204//4168 280//4168 769//4168
f 218//4169 2204//4169 769//4169
f 218//4170 769//4170 774//4170
f 2230//4171 2229//4171 107//4171
f 2230//4172 107//4172 522//4172
f 522//4173 894//4173 2231//4173
f 522//4174 2231//4174 2230//4174
f 894//4175 887//4175 2232//4175
f 894//4176 2232//4176 2231//4176
f 598//4177 2233//4177 2232//4177
f 598//4178 2232//4178 887//4178
f 2234//4179 2233//4179 598//4179
f 2234//4180 598//4180 621//4180
f 1529//4181 2235//4181 2234//4181
f 1529//4182 2234//4182 621//4182
f 2236//4183 2235//4183 1529//4183
f 2236//4184 1529//4184 622//4184
f 2237//4185 2236//4185 622//4185
f 2237//4186 622//4186 623//4186
f 676//4187 2238//4187 2237//4187
f 676//4188 2237//4188 623//4188
f 2239//4189 2238//4189 676//4189
f 2239//4190 676//4190 675//4190
f 1375//4191 2240//4191 2239//4191
f 1375//4192 2239//4192 675//4192
f 1585//4193 2241//4193 2240//4193
f 1585//4194 2240//4194 1375//4194
f 1567//4195 2242//4195 2241//4195
f 1567//4196 2241//4196 1585//4196
f 2244//4197 2243//4197 1548//4197
f 2244//4198 1548//4198 1508//4198
f 2245//4199 2244//4199 1508//4199
f 2245//4200 1508//4200 571//4200
f 2246//4201 2245//4201 571//4201
f 2246//4202 571//4202 568//4202
f 2247//4203 2246//4203 568//4203
f 2247//4204 568//4204 712//4204
f 2248//4205 2247//4205 712//4205
f 2248//4206 712//4206 1126//4206
f 2249//4207 2248//4207 1126//4207
f 2249//4208 1126//4208 1125//4208
f 2249//4209 1125//4209 1123//4209
f 2249//4210 1123//4210 2250//4210
f 2250//4211 1123//4211 1122//4211
f 2250//4212 1122//4212 1631//4212
f 1630//4213 2250//4213 1631//4213
f 1630//4214 1631//4214 1247//4214
f 1118//4215 1630//4215 1247//4215
f 1118//4216 1247//4216 1246//4216
f 1115//4217 1118//4217 1246//4217
f 1115//4218 1246//4218 1245//4218
f 2163//4219 1244//4219 2161//4219
f 2163//4220 2161//4220 2162//4220
f 1244//4221 2191//4221 1245//4221
f 1244//4222 1245//4222 2161//4222
f 1245//4223 2191//4223 1112//4223
f 1245//4224 1112//4224 1115//4224
f 1410//4225 1408//4225 209//4225
f 1410//4226 209//4226 471//4226
f 1408//4227 1407//4227 772//4227
f 1408//4228 772//4228 209//4228
f 1407//4229 1409//4229 773//4229
f 1407//4230 773//4230 772//4230
f 1409//4231 763//4231 774//4231
f 1409//4232 774//4232 773//4232
f 763//4233 762//4233 218//4233
f 763//4234 218//4234 774//4234
f 3115//4235 3114//4235 3112//4235
f 3115//4236 3112//4236 2253//4236
f 3112//4237 3706//4237 3707//4237
f 3112//4238 3707//4238 2253//4238
f 2259//4239 2258//4239 3409//4239
f 2259//4240 3409//4240 3408//4240
f 2262//4241 2267//4241 2264//4241
f 2262//4242 2264//4242 2261//4242
f 2265//4243 2263//4243 2261//4243
f 2265//4244 2261//4244 2264//4244
f 2266//4245 2270//4245 2267//4245
f 2266//4246 2267//4246 2262//4246
f 2308//4247 2264//4247 2267//4247
f 2308//4248 2267//4248 2304//4248
f 3149//4249 3419//4249 3374//4249
f 3149//4250 3374//4250 3150//4250
f 3150//4251 3374//4251 3369//4251
f 3150//4252 3369//4252 3151//4252
f 2271//4253 2268//4253 4409//4253
f 2271//4254 4409//4254 4410//4254
f 2304//4255 2267//4255 2270//4255
f 2304//4256 2270//4256 2269//4256
f 3384//4257 4365//4257 4411//4257
f 3384//4258 4411//4258 4412//4258
f 2268//4259 2272//4259 4408//4259
f 2268//4260 4408//4260 4409//4260
f 3842//4261 2280//4261 2279//4261
f 3842//4262 2279//4262 3843//4262
f 2274//4263 2291//4263 2277//4263
f 2274//4264 2277//4264 2273//4264
f 2275//4265 2290//4265 2291//4265
f 2275//4266 2291//4266 2274//4266
f 2275//4267 2961//4267 2962//4267
f 2275//4268 2962//4268 2290//4268
f 2977//4269 2976//4269 2624//4269
f 2977//4270 2624//4270 2283//4270
f 2277//4271 3341//4271 3398//4271
f 2277//4272 3398//4272 2273//4272
f 2278//4273 3344//4273 3341//4273
f 2278//4274 3341//4274 2277//4274
f 3098//4275 2279//4275 2280//4275
f 3098//4276 2280//4276 3099//4276
f 2283//4277 2624//4277 2625//4277
f 2283//4278 2625//4278 2282//4278
f 2285//4279 2283//4279 2282//4279
f 2285//4280 2282//4280 2284//4280
f 2978//4281 2977//4281 2283//4281
f 2978//4282 2283//4282 2285//4282
f 2288//4283 2963//4283 2964//4283
f 2288//4284 2964//4284 2294//4284
f 2288//4285 2294//4285 2292//4285
f 2288//4286 2292//4286 2289//4286
f 2289//4287 2291//4287 2290//4287
f 2289//4288 2290//4288 2288//4288
f 2278//4289 2277//4289 2291//4289
f 2278//4290 2291//4290 2289//4290
f 2289//4291 2292//4291 2293//4291
f 2289//4292 2293//4292 2278//4292
f 2293//4293 3342//4293 3344//4293
f 2293//4294 3344//4294 2278//4294
f 2293//4295 2292//4295 2779//4295
f 2293//4296 2779//4296 2780//4296
f 2780//4297 3343//4297 3342//4297
f 2780//4298 3342//4298 2293//4298
f 2285//4299 2297//4299 2979//4299
f 2285//4300 2979//4300 2978//4300
f 2285//4301 2284//4301 2296//4301
f 2285//4302 2296//4302 2297//4302
f 2776//4303 2980//4303 2979//4303
f 2776//4304 2979//4304 2297//4304
f 2294//4305 2964//4305 2965//4305
f 2294//4306 2965//4306 2778//4306
f 2302//4307 2296//4307 2284//4307
f 2302//4308 2284//4308 2298//4308
f 2298//4309 2301//4309 2299//4309
f 2298//4310 2299//4310 2300//4310
f 2300//4311 2303//4311 2302//4311
f 2300//4312 2302//4312 2298//4312
f 2284//4313 2282//4313 2301//4313
f 2284//4314 2301//4314 2298//4314
f 2625//4315 2626//4315 2301//4315
f 2625//4316 2301//4316 2282//4316
f 2774//4317 2775//4317 2296//4317
f 2774//4318 2296//4318 2302//4318
f 2302//4319 2303//4319 2773//4319
f 2302//4320 2773//4320 2774//4320
f 2301//4321 2626//4321 2627//4321
f 2301//4322 2627//4322 2299//4322
f 4366//4323 3385//4323 3386//4323
f 4366//4324 3386//4324 4367//4324
f 3356//4325 2315//4325 2305//4325
f 3356//4326 2305//4326 3357//4326
f 4368//4327 3387//4327 3388//4327
f 4368//4328 3388//4328 4369//4328
f 3357//4329 2305//4329 2306//4329
f 3357//4330 2306//4330 3358//4330
f 2310//4331 3361//4331 3487//4331
f 2310//4332 3487//4332 3486//4332
f 2311//4333 3362//4333 3361//4333
f 2311//4334 3361//4334 2310//4334
f 2312//4335 3363//4335 3362//4335
f 2312//4336 3362//4336 2311//4336
f 2313//4337 3364//4337 3363//4337
f 2313//4338 3363//4338 2312//4338
f 2316//4339 2317//4339 2314//4339
f 2316//4340 2314//4340 2315//4340
f 2329//4341 2318//4341 2314//4341
f 2329//4342 2314//4342 2317//4342
f 3355//4343 2316//4343 2315//4343
f 3355//4344 2315//4344 3356//4344
f 4367//4345 3386//4345 3387//4345
f 4367//4346 3387//4346 4368//4346
f 2307//4347 2265//4347 2264//4347
f 2307//4348 2264//4348 2308//4348
f 4147//4349 3213//4349 3214//4349
f 4147//4350 3214//4350 4148//4350
f 2630//4351 3231//4351 3232//4351
f 2630//4352 3232//4352 2320//4352
f 2725//4353 3253//4353 3254//4353
f 2725//4354 3254//4354 2726//4354
f 2320//4355 3232//4355 3233//4355
f 2320//4356 3233//4356 2322//4356
f 4146//4357 3212//4357 3213//4357
f 4146//4358 3213//4358 4147//4358
f 2628//4359 3214//4359 3213//4359
f 2628//4360 3213//4360 2324//4360
f 2325//4361 2300//4361 2299//4361
f 2325//4362 2299//4362 2324//4362
f 2324//4363 2299//4363 2627//4363
f 2324//4364 2627//4364 2628//4364
f 2326//4365 3354//4365 4413//4365
f 2326//4366 4413//4366 4414//4366
f 2327//4367 2326//4367 4414//4367
f 2327//4368 4414//4368 4415//4368
f 2328//4369 2327//4369 4415//4369
f 2328//4370 4415//4370 4416//4370
f 3859//4371 2335//4371 2336//4371
f 3859//4372 2336//4372 3860//4372
f 2335//4373 3859//4373 3858//4373
f 2335//4374 3858//4374 2338//4374
f 2339//4375 3861//4375 3860//4375
f 2339//4376 3860//4376 2336//4376
f 2342//4377 2303//4377 2300//4377
f 2342//4378 2300//4378 2325//4378
f 3211//4379 2342//4379 2325//4379
f 3211//4380 2325//4380 3212//4380
f 3210//4381 2772//4381 2342//4381
f 3210//4382 2342//4382 3211//4382
f 4144//4383 3210//4383 3211//4383
f 4144//4384 3211//4384 4145//4384
f 4145//4385 3211//4385 3212//4385
f 4145//4386 3212//4386 4146//4386
f 2322//4387 3233//4387 3234//4387
f 2322//4388 3234//4388 2341//4388
f 2341//4389 3234//4389 3235//4389
f 2341//4390 3235//4390 2770//4390
f 2772//4391 2773//4391 2303//4391
f 2772//4392 2303//4392 2342//4392
f 2292//4393 2294//4393 2778//4393
f 2292//4394 2778//4394 2779//4394
f 2776//4395 2297//4395 2296//4395
f 2776//4396 2296//4396 2775//4396
f 2343//4397 2328//4397 4416//4397
f 2343//4398 4416//4398 4417//4398
f 2325//4399 2324//4399 3213//4399
f 2325//4400 3213//4400 3212//4400
f 4117//4401 2364//4401 2365//4401
f 4117//4402 2365//4402 4118//4402
f 4120//4403 2363//4403 2766//4403
f 4120//4404 2766//4404 4121//4404
f 4119//4405 2366//4405 2363//4405
f 4119//4406 2363//4406 4120//4406
f 2727//4407 3255//4407 3256//4407
f 2727//4408 3256//4408 2728//4408
f 2728//4409 3256//4409 3257//4409
f 2728//4410 3257//4410 2767//4410
f 2726//4411 3254//4411 3255//4411
f 2726//4412 3255//4412 2727//4412
f 3267//4413 2345//4413 3541//4413
f 3267//4414 3541//4414 4192//4414
f 2349//4415 2762//4415 4421//4415
f 2349//4416 4421//4416 4420//4416
f 2349//4417 3153//4417 3152//4417
f 2349//4418 3152//4418 2762//4418
f 2313//4419 4283//4419 4282//4419
f 2313//4420 4282//4420 3364//4420
f 4533//4421 4534//4421 3365//4421
f 4533//4422 3365//4422 2350//4422
f 2371//4423 6//4423 1148//4423
f 2371//4424 1148//4424 3367//4424
f 4377//4425 3394//4425 4281//4425
f 4377//4426 4281//4426 4378//4426
f 4380//4427 3395//4427 4535//4427
f 4380//4428 4535//4428 4536//4428
f 4538//4429 4539//4429 2356//4429
f 4538//4430 2356//4430 3855//4430
f 4278//4431 2360//4431 3856//4431
f 4278//4432 3856//4432 4279//4432
f 4381//4433 3396//4433 3397//4433
f 4381//4434 3397//4434 4382//4434
f 4375//4435 3392//4435 3393//4435
f 4375//4436 3393//4436 4376//4436
f 2338//4437 3858//4437 3857//4437
f 2338//4438 3857//4438 2359//4438
f 3856//4439 2360//4439 2359//4439
f 3856//4440 2359//4440 3857//4440
f 4376//4441 3393//4441 3394//4441
f 4376//4442 3394//4442 4377//4442
f 4374//4443 3391//4443 3392//4443
f 4374//4444 3392//4444 4375//4444
f 2764//4445 3827//4445 3829//4445
f 2764//4446 3829//4446 3540//4446
f 2345//4447 2344//4447 3542//4447
f 2345//4448 3542//4448 3541//4448
f 4118//4449 2365//4449 2366//4449
f 4118//4450 2366//4450 4119//4450
f 2363//4451 2367//4451 2765//4451
f 2363//4452 2765//4452 2766//4452
f 2368//4453 2369//4453 2365//4453
f 2368//4454 2365//4454 2364//4454
f 2366//4455 2365//4455 2369//4455
f 2366//4456 2369//4456 2370//4456
f 2370//4457 2367//4457 2363//4457
f 2370//4458 2363//4458 2366//4458
f 3143//4459 3578//4459 3577//4459
f 3143//4460 3577//4460 3539//4460
f 3576//4461 3173//4461 3539//4461
f 3576//4462 3539//4462 3577//4462
f 3575//4463 3172//4463 3173//4463
f 3575//4464 3173//4464 3576//4464
f 2371//4465 3367//4465 3366//4465
f 2371//4466 3366//4466 2351//4466
f 3397//4467 1179//4467 2190//4467
f 3397//4468 2190//4468 4382//4468
f 3853//4469 2372//4469 2355//4469
f 3853//4470 2355//4470 3854//4470
f 1645//4471 4//4471 2372//4471
f 1645//4472 2372//4472 3853//4472
f 2373//4473 2374//4473 2379//4473
f 2373//4474 2379//4474 2378//4474
f 2381//4475 2386//4475 2380//4475
f 2381//4476 2380//4476 2375//4476
f 2378//4477 2381//4477 2375//4477
f 2378//4478 2375//4478 2373//4478
f 2383//4479 2379//4479 2374//4479
f 2383//4480 2374//4480 2376//4480
f 2383//4481 2376//4481 2377//4481
f 2383//4482 2377//4482 2384//4482
f 2760//4483 2743//4483 2742//4483
f 2760//4484 2742//4484 2761//4484
f 2385//4485 2380//4485 2386//4485
f 2385//4486 2386//4486 2390//4486
f 2392//4487 2388//4487 2389//4487
f 2392//4488 2389//4488 2391//4488
f 2391//4489 2389//4489 2385//4489
f 2391//4490 2385//4490 2390//4490
f 2394//4491 2397//4491 2398//4491
f 2394//4492 2398//4492 2393//4492
f 2382//4493 2400//4493 2399//4493
f 2382//4494 2399//4494 2387//4494
f 2405//4495 2399//4495 2400//4495
f 2405//4496 2400//4496 2404//4496
f 2409//4497 2646//4497 2643//4497
f 2409//4498 2643//4498 2395//4498
f 2395//4499 2401//4499 2411//4499
f 2395//4500 2411//4500 2409//4500
f 2403//4501 4277//4501 4276//4501
f 2403//4502 4276//4502 2396//4502
f 2410//4503 2406//4503 2399//4503
f 2410//4504 2399//4504 2405//4504
f 2402//4505 2412//4505 2411//4505
f 2402//4506 2411//4506 2401//4506
f 2407//4507 2416//4507 2412//4507
f 2407//4508 2412//4508 2402//4508
f 2759//4509 2758//4509 2745//4509
f 2759//4510 2745//4510 2744//4510
f 2414//4511 2699//4511 2700//4511
f 2414//4512 2700//4512 2415//4512
f 2415//4513 2419//4513 2418//4513
f 2415//4514 2418//4514 2414//4514
f 2408//4515 2406//4515 2421//4515
f 2408//4516 2421//4516 2417//4516
f 2429//4517 2421//4517 2406//4517
f 2429//4518 2406//4518 2410//4518
f 2419//4519 2427//4519 2426//4519
f 2419//4520 2426//4520 2418//4520
f 2420//4521 2698//4521 2699//4521
f 2420//4522 2699//4522 2414//4522
f 2747//4523 2756//4523 2755//4523
f 2747//4524 2755//4524 2748//4524
f 2427//4525 2435//4525 2434//4525
f 2427//4526 2434//4526 2426//4526
f 2420//4527 2414//4527 2418//4527
f 2420//4528 2418//4528 2428//4528
f 2422//4529 2431//4529 2430//4529
f 2422//4530 2430//4530 2423//4530
f 2438//4531 2430//4531 2431//4531
f 2438//4532 2431//4532 2437//4532
f 2749//4533 2748//4533 2755//4533
f 2749//4534 2755//4534 2754//4534
f 2754//4535 2753//4535 2750//4535
f 2754//4536 2750//4536 2749//4536
f 2435//4537 2443//4537 2442//4537
f 2435//4538 2442//4538 2434//4538
f 2428//4539 2418//4539 2426//4539
f 2428//4540 2426//4540 2436//4540
f 2445//4541 2996//4541 2698//4541
f 2445//4542 2698//4542 2420//4542
f 2420//4543 2428//4543 2449//4543
f 2420//4544 2449//4544 2445//4544
f 2432//4545 2439//4545 2447//4545
f 2432//4546 2447//4546 2440//4546
f 2423//4547 2430//4547 2439//4547
f 2423//4548 2439//4548 2432//4548
f 2446//4549 2439//4549 2430//4549
f 2446//4550 2430//4550 2438//4550
f 2451//4551 2447//4551 2439//4551
f 2451//4552 2439//4552 2446//4552
f 3147//4553 3427//4553 3423//4553
f 3147//4554 3423//4554 3148//4554
f 2443//4555 3718//4555 2693//4555
f 2443//4556 2693//4556 2442//4556
f 2436//4557 2426//4557 2434//4557
f 2436//4558 2434//4558 2444//4558
f 2428//4559 2436//4559 2454//4559
f 2428//4560 2454//4560 2449//4560
f 2444//4561 2434//4561 2442//4561
f 2444//4562 2442//4562 2448//4562
f 2442//4563 2693//4563 2639//4563
f 2442//4564 2639//4564 2448//4564
f 2436//4565 2444//4565 2458//4565
f 2436//4566 2458//4566 2454//4566
f 2444//4567 2448//4567 2599//4567
f 2444//4568 2599//4568 2458//4568
f 2446//4569 3678//4569 3677//4569
f 2446//4570 3677//4570 2451//4570
f 2650//4571 2455//4571 4399//4571
f 2650//4572 4399//4572 4400//4572
f 2457//4573 3410//4573 3411//4573
f 2457//4574 3411//4574 2456//4574
f 2453//4575 2452//4575 3411//4575
f 2453//4576 3411//4576 3410//4576
f 2455//4577 3676//4577 4398//4577
f 2455//4578 4398//4578 4399//4578
f 2605//4579 3179//4579 3178//4579
f 2605//4580 3178//4580 2462//4580
f 3097//4581 3096//4581 2460//4581
f 3097//4582 2460//4582 2461//4582
f 2462//4583 3178//4583 3675//4583
f 2462//4584 3675//4584 3674//4584
f 2460//4585 3845//4585 3844//4585
f 2460//4586 3844//4586 2461//4586
f 3874//4587 2605//4587 2462//4587
f 3874//4588 2462//4588 3875//4588
f 3984//4589 2604//4589 2464//4589
f 3984//4590 2464//4590 3923//4590
f 2466//4591 2467//4591 2468//4591
f 2466//4592 2468//4592 2465//4592
f 3399//4593 3400//4593 2465//4593
f 3399//4594 2465//4594 2468//4594
f 2469//4595 3006//4595 4395//4595
f 2469//4596 4395//4596 4394//4596
f 3673//4597 3924//4597 3923//4597
f 3673//4597 3923//4597 2464//4597
f 3875//4598 2462//4598 3674//4598
f 3875//4599 3674//4599 3876//4599
f 2479//4600 2610//4600 2611//4600
f 2479//4601 2611//4601 2471//4601
f 3922//4602 2665//4602 3095//4602
f 3922//4603 3095//4603 3862//4603
f 4295//4604 3971//4604 3970//4604
f 4295//4605 3970//4605 4296//4605
f 2960//4606 2477//4606 2474//4606
f 2960//4607 2474//4607 2959//4607
f 2466//4608 2474//4608 2477//4608
f 2466//4609 2477//4609 2467//4609
f 3672//4610 3671//4610 2479//4610
f 3672//4611 2479//4611 2471//4611
f 2612//4612 2613//4612 2610//4612
f 2612//4613 2610//4613 2479//4613
f 3093//4614 3092//4614 2486//4614
f 3093//4615 2486//4615 2480//4615
f 4296//4616 3970//4616 3969//4616
f 4296//4617 3969//4617 4297//4617
f 2665//4618 3922//4618 3921//4618
f 2665//4619 3921//4619 3846//4619
f 2975//4620 2974//4620 2482//4620
f 2975//4621 2482//4621 2483//4621
f 2484//4622 2679//4622 4393//4622
f 2484//4623 4393//4623 4392//4623
f 3671//4624 3670//4624 2612//4624
f 3671//4625 2612//4625 2479//4625
f 3849//4626 3848//4626 2480//4626
f 3849//4627 2480//4627 2486//4627
f 3092//4628 3091//4628 2495//4628
f 3092//4629 2495//4629 2486//4629
f 4299//4630 3967//4630 3966//4630
f 4299//4631 3966//4631 4300//4631
f 3918//4632 2667//4632 2666//4632
f 3918//4633 2666//4633 3919//4633
f 2666//4634 3401//4634 3920//4634
f 2666//4635 3920//4635 3919//4635
f 4298//4636 3968//4636 3967//4636
f 4298//4637 3967//4637 4299//4637
f 2490//4638 2499//4638 2500//4638
f 2490//4639 2500//4639 2491//4639
f 2482//4640 2490//4640 2491//4640
f 2482//4641 2491//4641 2483//4641
f 2486//4642 2495//4642 3850//4642
f 2486//4643 3850//4643 3849//4643
f 2494//4644 2505//4644 2504//4644
f 2494//4645 2504//4645 2493//4645
f 2494//4646 3403//4646 3404//4646
f 2494//4647 3404//4647 2505//4647
f 3091//4648 4086//4648 4085//4648
f 3091//4649 4085//4649 2495//4649
f 3964//4650 4302//4650 4301//4650
f 3964//4651 4301//4651 3965//4651
f 3916//4652 2958//4652 2668//4652
f 3916//4653 2668//4653 3917//4653
f 3917//4654 2668//4654 2667//4654
f 3917//4655 2667//4655 3918//4655
f 4300//4656 3966//4656 3965//4656
f 4300//4657 3965//4657 4301//4657
f 2492//4658 2502//4658 2513//4658
f 2492//4659 2513//4659 2501//4659
f 3930//4660 3882//4660 3883//4660
f 3930//4661 3883//4661 3931//4661
f 2505//4662 3404//4662 3405//4662
f 2505//4663 3405//4663 2516//4663
f 2505//4664 2516//4664 2515//4664
f 2505//4665 2515//4665 2504//4665
f 2495//4666 4085//4666 4084//4666
f 2495//4667 4084//4667 3850//4667
f 2518//4668 2955//4668 2956//4668
f 2518//4669 2956//4669 2507//4669
f 2493//4670 2504//4670 2518//4670
f 2493//4671 2518//4671 2507//4671
f 3913//4672 2670//4672 2973//4672
f 3913//4673 2973//4673 3914//4673
f 4304//4674 3962//4674 3961//4674
f 4304//4675 3961//4675 4305//4675
f 2511//4676 2512//4676 2509//4676
f 2511//4677 2509//4677 2510//4677
f 2499//4678 2509//4678 2512//4678
f 2499//4679 2512//4679 2500//4679
f 2516//4680 4082//4680 4081//4680
f 2516//4681 4081//4681 2515//4681
f 2523//4682 2954//4682 2955//4682
f 2523//4683 2955//4683 2518//4683
f 2504//4684 2515//4684 2523//4684
f 2504//4685 2523//4685 2518//4685
f 2971//4686 2970//4686 2524//4686
f 2971//4687 2524//4687 2519//4687
f 3959//4688 4307//4688 4306//4688
f 3959//4689 4306//4689 3960//4689
f 3911//4690 2672//4690 2671//4690
f 3911//4691 2671//4691 3912//4691
f 3912//4692 2671//4692 2670//4692
f 3912//4693 2670//4693 3913//4693
f 4305//4694 3961//4694 3960//4694
f 4305//4695 3960//4695 4306//4695
f 3215//4696 2511//4696 2510//4696
f 3215//4697 2510//4697 3216//4697
f 3937//4698 3889//4698 3890//4698
f 3937//4699 3890//4699 3938//4699
f 3708//4700 3057//4700 2253//4700
f 3708//4701 2253//4701 3707//4701
f 2502//4702 2521//4702 2531//4702
f 2502//4703 2531//4703 2513//4703
f 2679//4704 2469//4704 4394//4704
f 2679//4705 4394//4705 4393//4705
f 2515//4706 4081//4706 4080//4706
f 2515//4707 4080//4707 2523//4707
f 4079//4708 2954//4708 2523//4708
f 4079//4709 2523//4709 4080//4709
f 2970//4710 2969//4710 2532//4710
f 2970//4711 2532//4711 2524//4711
f 2533//4712 2540//4712 2534//4712
f 2533//4713 2534//4713 2525//4713
f 2519//4714 2524//4714 2533//4714
f 2519//4715 2533//4715 2525//4715
f 2529//4716 2530//4716 2527//4716
f 2529//4717 2527//4717 2528//4717
f 4149//4718 3215//4718 3216//4718
f 4149//4719 3216//4719 4150//4719
f 2253//4720 3057//4720 3116//4720
f 2253//4721 3116//4721 3115//4721
f 2969//4722 4077//4722 4076//4722
f 2969//4723 4076//4723 2532//4723
f 2539//4724 2546//4724 2540//4724
f 2539//4725 2540//4725 2533//4725
f 2524//4726 2532//4726 2539//4726
f 2524//4727 2539//4727 2533//4727
f 4308//4728 3958//4728 3957//4728
f 4308//4729 3957//4729 4309//4729
f 2674//4730 2673//4730 3910//4730
f 2674//4731 3910//4731 3909//4731
f 3910//4732 2673//4732 2672//4732
f 3910//4733 2672//4733 3911//4733
f 4307//4734 3959//4734 3958//4734
f 4307//4735 3958//4735 4308//4735
f 2537//4736 2538//4736 2736//4736
f 2537//4737 2736//4737 2735//4737
f 2528//4738 3229//4738 3230//4738
f 2528//4739 3230//4739 2529//4739
f 4074//4740 2546//4740 2539//4740
f 4074//4741 2539//4741 4075//4741
f 2532//4742 4076//4742 4075//4742
f 2532//4743 4075//4743 2539//4743
f 2541//4744 2542//4744 2547//4744
f 2541//4745 2547//4745 2548//4745
f 2534//4746 2540//4746 2547//4746
f 2534//4747 2547//4747 2542//4747
f 4309//4748 3957//4748 3956//4748
f 4309//4749 3956//4749 4310//4749
f 3908//4750 3217//4750 2674//4750
f 3908//4751 2674//4751 3909//4751
f 4115//4752 2551//4752 2543//4752
f 4115//4753 2543//4753 4116//4753
f 2723//4754 3251//4754 3252//4754
f 2723//4755 3252//4755 2724//4755
f 2544//4756 2368//4756 2364//4756
f 2544//4757 2364//4757 2543//4757
f 4116//4758 2543//4758 2364//4758
f 4116//4759 2364//4759 4117//4759
f 3632//4760 3631//4760 2368//4760
f 3632//4761 2368//4761 2544//4761
f 4219//4762 4220//4762 3531//4762
f 4219//4763 3531//4763 3945//4763
f 4221//4764 4326//4764 4325//4764
f 4221//4765 4325//4765 3897//4765
f 2540//4766 2546//4766 2554//4766
f 2540//4767 2554//4767 2547//4767
f 2548//4768 2547//4768 2554//4768
f 2548//4769 2554//4769 2555//4769
f 2541//4770 2548//4770 3220//4770
f 2541//4771 3220//4771 3219//4771
f 4310//4772 3956//4772 4154//4772
f 4310//4773 4154//4773 4311//4773
f 4312//4774 3955//4774 3954//4774
f 4312//4775 3954//4775 4313//4775
f 2676//4776 2675//4776 3907//4776
f 2676//4777 3907//4777 3906//4777
f 4151//4778 3217//4778 3908//4778
f 4151//4779 3908//4779 4152//4779
f 2552//4780 2544//4780 2543//4780
f 2552//4781 2543//4781 2551//4781
f 3633//4782 3632//4782 2544//4782
f 3633//4783 2544//4783 2552//4783
f 4219//4784 3944//4784 2553//4784
f 4219//4785 2553//4785 4220//4785
f 4221//4786 3896//4786 4327//4786
f 4221//4787 4327//4787 4326//4787
f 4217//4788 4218//4788 3530//4788
f 4217//4789 3530//4789 3529//4789
f 2546//4790 4074//4790 4073//4790
f 2546//4791 4073//4791 2554//4791
f 2555//4792 2554//4792 4073//4792
f 2555//4793 4073//4793 4072//4793
f 2548//4794 2555//4794 3221//4794
f 2548//4795 3221//4795 3220//4795
f 4155//4796 3219//4796 3220//4796
f 4155//4797 3220//4797 4156//4797
f 2557//4798 2556//4798 2562//4798
f 2557//4799 2562//4799 2563//4799
f 3953//4800 4314//4800 4313//4800
f 3953//4801 4313//4801 3954//4801
f 4315//4802 3952//4802 3951//4802
f 4315//4803 3951//4803 4316//4803
f 3903//4804 2678//4804 2734//4804
f 3903//4805 2734//4805 3904//4805
f 3905//4806 3228//4806 2676//4806
f 3905//4807 2676//4807 3906//4807
f 3942//4808 3475//4808 3645//4808
f 3942//4809 3645//4809 3943//4809
f 3940//4810 2559//4810 3472//4810
f 3940//4811 3472//4811 3941//4811
f 3892//4812 4331//4812 4330//4812
f 3892//4813 4330//4813 3893//4813
f 3894//4814 4329//4814 4328//4814
f 3894//4815 4328//4815 3895//4815
f 4217//4816 2565//4816 2560//4816
f 4217//4817 2560//4817 4218//4817
f 4216//4818 4217//4818 3529//4818
f 4216//4819 3529//4819 3528//4819
f 4071//4820 3221//4820 2555//4820
f 4071//4821 2555//4821 4072//4821
f 4156//4822 3220//4822 3221//4822
f 4156//4823 3221//4823 4157//4823
f 2563//4824 2562//4824 2566//4824
f 2563//4825 2566//4825 2567//4825
f 2563//4826 3225//4826 3226//4826
f 2563//4827 3226//4827 2557//4827
f 2732//4828 2731//4828 2568//4828
f 2732//4829 2568//4829 2564//4829
f 3949//4830 4319//4830 4318//4830
f 3949//4831 4318//4831 3950//4831
f 3948//4832 4321//4832 4320//4832
f 3948//4833 4320//4833 4111//4833
f 3900//4834 2681//4834 4114//4834
f 3900//4835 4114//4835 4113//4835
f 3901//4836 3250//4836 2722//4836
f 3901//4837 2722//4837 3902//4837
f 2559//4838 3940//4838 3939//4838
f 2559//4839 3939//4839 3612//4839
f 4331//4840 3892//4840 3891//4840
f 4331//4841 3891//4841 4332//4841
f 3477//4842 3476//4842 3644//4842
f 3477//4843 3644//4843 3643//4843
f 3470//4844 3823//4844 3822//4844
f 3470//4845 3822//4845 3471//4845
f 4216//4846 2571//4846 2565//4846
f 4216//4847 2565//4847 4217//4847
f 4215//4848 4216//4848 3528//4848
f 4215//4849 3528//4849 4059//4849
f 4157//4850 3221//4850 4071//4850
f 4157//4851 4071//4851 4158//4851
f 2567//4852 2566//4852 4070//4852
f 2567//4853 4070//4853 4069//4853
f 2567//4854 3224//4854 3225//4854
f 2567//4855 3225//4855 2563//4855
f 2731//4856 2730//4856 2575//4856
f 2731//4857 2575//4857 2568//4857
f 2719//4858 3247//4858 3248//4858
f 2719//4859 3248//4859 2720//4859
f 4109//4860 2582//4860 2576//4860
f 4109//4861 2576//4861 4110//4861
f 4321//4862 3948//4862 3947//4862
f 4321//4863 3947//4863 4322//4863
f 3899//4864 2682//4864 2681//4864
f 3899//4865 2681//4865 3900//4865
f 4322//4866 3947//4866 3946//4866
f 4322//4867 3946//4867 4323//4867
f 3898//4868 3634//4868 2682//4868
f 3898//4869 2682//4869 3899//4869
f 3822//4870 3823//4870 3610//4870
f 3822//4871 3610//4871 3611//4871
f 3478//4872 3477//4872 3643//4872
f 3478//4873 3643//4873 3642//4873
f 3469//4874 3824//4874 3823//4874
f 3469//4875 3823//4875 3470//4875
f 4215//4876 4058//4876 2571//4876
f 4215//4877 2571//4877 4216//4877
f 4068//4878 3224//4878 2567//4878
f 4068//4879 2567//4879 4069//4879
f 2730//4880 4067//4880 4066//4880
f 2730//4881 4066//4881 2575//4881
f 2718//4882 3246//4882 3247//4882
f 2718//4883 3247//4883 2719//4883
f 4108//4884 2584//4884 2582//4884
f 4108//4885 2582//4885 4109//4885
f 2576//4886 2582//4886 2581//4886
f 2576//4887 2581//4887 2577//4887
f 2577//4888 2581//4888 3637//4888
f 2577//4889 3637//4889 3636//4889
f 3823//4890 3824//4890 3609//4890
f 3823//4891 3609//4891 3610//4891
f 4056//4892 3478//4892 3642//4892
f 4056//4893 3642//4893 4057//4893
f 4054//4894 3824//4894 3469//4894
f 4054//4895 3469//4895 4055//4895
f 4063//4896 2584//4896 4108//4896
f 4063//4897 4108//4897 4107//4897
f 4064//4898 3246//4898 2718//4898
f 4064//4899 2718//4899 4065//4899
f 2582//4900 2584//4900 2585//4900
f 2582//4901 2585//4901 2581//4901
f 2581//4902 2585//4902 3638//4902
f 2581//4903 3638//4903 3637//4903
f 3824//4904 4054//4904 4053//4904
f 3824//4905 4053//4905 3609//4905
f 3045//4906 2484//4906 4392//4906
f 3045//4907 4392//4907 4391//4907
f 2584//4908 4063//4908 4062//4908
f 2584//4909 4062//4909 2585//4909
f 2585//4910 4062//4910 4061//4910
f 2585//4911 4061//4911 3638//4911
f 2501//4912 3047//4912 3046//4912
f 2501//4913 3046//4913 2492//4913
f 2596//4914 2640//4914 2641//4914
f 2596//4915 2641//4915 2587//4915
f 2738//4916 2737//4916 2591//4916
f 2738//4917 2591//4917 2321//4917
f 2739//4918 2738//4918 2321//4918
f 2739//4919 2321//4919 2347//4919
f 2347//4920 2346//4920 2740//4920
f 2347//4921 2740//4921 2739//4921
f 2740//4922 2346//4922 2768//4922
f 2740//4923 2768//4923 2769//4923
f 2370//4924 3629//4924 3628//4924
f 2370//4925 3628//4925 2367//4925
f 2370//4926 2369//4926 3630//4926
f 2370//4927 3630//4927 3629//4927
f 2368//4928 3631//4928 3630//4928
f 2368//4929 3630//4929 2369//4929
f 2320//4930 2319//4930 2629//4930
f 2320//4931 2629//4931 2630//4931
f 2322//4932 2323//4932 2319//4932
f 2322//4933 2319//4933 2320//4933
f 2341//4934 2340//4934 2323//4934
f 2341//4935 2323//4935 2322//4935
f 2770//4936 2771//4936 2340//4936
f 2770//4937 2340//4937 2341//4937
f 3482//4938 3648//4938 4193//4938
f 3482//4939 4193//4939 4194//4939
f 2258//4940 2453//4940 3410//4940
f 2258//4941 3410//4941 3409//4941
f 2281//4942 3409//4942 3410//4942
f 2281//4943 3410//4943 2457//4943
f 3098//4944 3097//4944 2461//4944
f 3098//4945 2461//4945 2279//4945
f 2279//4946 2461//4946 3844//4946
f 2279//4947 3844//4947 3843//4947
f 3398//4948 3399//4948 2468//4948
f 3398//4949 2468//4949 2273//4949
f 2273//4950 2468//4950 2467//4950
f 2273//4951 2467//4951 2274//4951
f 2961//4952 2275//4952 2477//4952
f 2961//4953 2477//4953 2960//4953
f 2477//4954 2275//4954 2274//4954
f 2477//4955 2274//4955 2467//4955
f 4//4956 2//4956 2592//4956
f 4//4957 2592//4957 2372//4957
f 2372//4958 2592//4958 2593//4958
f 2372//4959 2593//4959 2355//4959
f 4539//4960 4540//4960 2594//4960
f 4539//4961 2594//4961 2356//4961
f 2398//4962 2403//4962 2396//4962
f 2398//4963 2396//4963 2393//4963
f 2392//4964 2397//4964 2394//4964
f 2392//4965 2394//4965 2388//4965
f 2597//4966 2598//4966 2596//4966
f 2597//4967 2596//4967 2587//4967
f 2441//4968 2260//4968 2598//4968
f 2441//4969 2598//4969 2597//4969
f 3148//4970 3423//4970 3419//4970
f 3148//4971 3419//4971 3149//4971
f 2600//4972 3983//4972 3982//4972
f 2600//4973 3982//4973 2601//4973
f 3872//4974 2603//4974 2602//4974
f 3872//4975 2602//4975 3873//4975
f 2600//4976 2604//4976 3984//4976
f 2600//4977 3984//4977 3983//4977
f 2607//4978 2609//4978 2608//4978
f 2607//4979 2608//4979 2606//4979
f 2609//4980 2614//4980 2615//4980
f 2609//4981 2615//4981 2608//4981
f 2609//4982 2610//4982 2613//4982
f 2609//4983 2613//4983 2614//4983
f 2607//4984 2611//4984 2610//4984
f 2607//4985 2610//4985 2609//4985
f 3670//4986 4101//4986 4100//4986
f 3670//4987 4100//4987 2612//4987
f 4099//4988 2613//4988 2612//4988
f 4099//4989 2612//4989 4100//4989
f 2614//4990 2613//4990 4099//4990
f 2614//4991 4099//4991 4098//4991
f 2614//4992 4098//4992 4097//4992
f 2614//4993 4097//4993 2615//4993
f 4039//4994 3062//4994 2257//4994
f 4039//4995 2257//4995 4040//4995
f 4040//4996 2257//4996 2254//4996
f 4040//4997 2254//4997 3985//4997
f 3981//4998 2661//4998 2601//4998
f 3981//4999 2601//4999 3982//4999
f 2621//5000 2620//5000 2606//5000
f 2621//5001 2606//5001 2608//5001
f 2608//5002 2615//5002 2622//5002
f 2608//5003 2622//5003 2621//5003
f 2615//5004 4097//5004 4096//5004
f 2615//5005 4096//5005 2622//5005
f 3985//5006 2254//5006 2255//5006
f 3985//5007 2255//5007 3986//5007
f 2976//5008 2975//5008 2483//5008
f 2976//5009 2483//5009 2624//5009
f 2483//5010 2491//5010 2625//5010
f 2483//5011 2625//5011 2624//5011
f 2500//5012 2626//5012 2625//5012
f 2500//5013 2625//5013 2491//5013
f 2500//5014 2512//5014 2627//5014
f 2500//5015 2627//5015 2626//5015
f 2628//5016 2627//5016 2512//5016
f 2628//5017 2512//5017 2511//5017
f 3215//5018 3214//5018 2628//5018
f 3215//5019 2628//5019 2511//5019
f 4148//5020 3214//5020 3215//5020
f 4148//5021 3215//5021 4149//5021
f 2630//5022 2629//5022 2530//5022
f 2630//5023 2530//5023 2529//5023
f 2529//5024 3230//5024 3231//5024
f 2529//5025 3231//5025 2630//5025
f 2538//5026 2591//5026 2737//5026
f 2538//5027 2737//5027 2736//5027
f 2724//5028 3252//5028 3253//5028
f 2724//5029 3253//5029 2725//5029
f 3008//5030 3013//5030 2450//5030
f 3008//5031 2450//5031 2631//5031
f 2633//5032 3008//5032 2631//5032
f 2633//5033 2631//5033 2632//5033
f 2632//5034 2634//5034 2635//5034
f 2632//5035 2635//5035 2633//5035
f 2531//5036 3009//5036 3008//5036
f 2531//5037 3008//5037 2633//5037
f 2634//5038 2636//5038 2637//5038
f 2634//5039 2637//5039 2635//5039
f 2636//5040 3035//5040 3039//5040
f 2636//5041 3039//5041 2637//5041
f 2448//5042 2639//5042 2638//5042
f 2448//5043 2638//5043 2599//5043
f 2266//5044 2641//5044 2640//5044
f 2266//5045 2640//5045 2272//5045
f 4540//5046 4541//5046 2642//5046
f 4540//5047 2642//5047 2594//5047
f 4541//5048 4542//5048 3//5048
f 4541//5049 3//5049 2642//5049
f 2595//5050 2594//5050 2642//5050
f 2595//5051 2642//5051 2413//5051
f 4277//5052 4278//5052 4266//5052
f 4277//5053 4266//5053 4265//5053
f 4277//5054 2403//5054 2360//5054
f 4277//5055 2360//5055 4278//5055
f 2398//5056 2359//5056 2360//5056
f 2398//5057 2360//5057 2403//5057
f 2397//5058 2338//5058 2359//5058
f 2397//5059 2359//5059 2398//5059
f 2392//5060 2335//5060 2338//5060
f 2392//5061 2338//5061 2397//5061
f 2391//5062 2336//5062 2335//5062
f 2391//5063 2335//5063 2392//5063
f 2642//5064 3//5064 1//5064
f 2642//5065 1//5065 2413//5065
f 2386//5066 2644//5066 2339//5066
f 2386//5067 2339//5067 2390//5067
f 2336//5068 2391//5068 2390//5068
f 2336//5069 2390//5069 2339//5069
f 2643//5070 2381//5070 2378//5070
f 2643//5071 2378//5071 2395//5071
f 2395//5072 2378//5072 2379//5072
f 2395//5073 2379//5073 2401//5073
f 2383//5074 2402//5074 2401//5074
f 2383//5075 2401//5075 2379//5075
f 2384//5076 2407//5076 2402//5076
f 2384//5077 2402//5077 2383//5077
f 2387//5078 2399//5078 2406//5078
f 2387//5079 2406//5079 2408//5079
f 2760//5080 2759//5080 2744//5080
f 2760//5081 2744//5081 2743//5081
f 2645//5082 2644//5082 2643//5082
f 2645//5083 2643//5083 2646//5083
f 2643//5084 2644//5084 2386//5084
f 2643//5085 2386//5085 2381//5085
f 2648//5086 2656//5086 2657//5086
f 2648//5087 2657//5087 2647//5087
f 2647//5088 2657//5088 2587//5088
f 2647//5089 2587//5089 2641//5089
f 2648//5090 2261//5090 2263//5090
f 2648//5091 2263//5091 2649//5091
f 2647//5092 2262//5092 2261//5092
f 2647//5093 2261//5093 2648//5093
f 2266//5094 2262//5094 2647//5094
f 2266//5095 2647//5095 2641//5095
f 2272//5096 2640//5096 4407//5096
f 2272//5097 4407//5097 4408//5097
f 2649//5098 2655//5098 2656//5098
f 2649//5099 2656//5099 2648//5099
f 2602//5100 3180//5100 3179//5100
f 2602//5101 3179//5101 2605//5101
f 2651//5102 2650//5102 4400//5102
f 2651//5103 4400//5103 4401//5103
f 2603//5104 3181//5104 3180//5104
f 2603//5105 3180//5105 2602//5105
f 2424//5106 2652//5106 2653//5106
f 2424//5107 2653//5107 2425//5107
f 2654//5108 2652//5108 2424//5108
f 2654//5109 2424//5109 2433//5109
f 2433//5110 2441//5110 2597//5110
f 2433//5111 2597//5111 2654//5111
f 2652//5112 2656//5112 2655//5112
f 2652//5113 2655//5113 2653//5113
f 2657//5114 2656//5114 2652//5114
f 2657//5115 2652//5115 2654//5115
f 2654//5116 2597//5116 2587//5116
f 2654//5117 2587//5117 2657//5117
f 3713//5118 3714//5118 3018//5118
f 3713//5119 3018//5119 3038//5119
f 3038//5120 3018//5120 3122//5120
f 3038//5121 3122//5121 3121//5121
f 3121//5122 3122//5122 964//5122
f 3121//5123 964//5123 963//5123
f 3655//5124 3664//5124 3663//5124
f 3655//5125 3663//5125 3656//5125
f 3714//5126 3715//5126 2659//5126
f 3714//5127 2659//5127 3018//5127
f 3018//5128 2659//5128 3123//5128
f 3018//5129 3123//5129 3122//5129
f 3122//5130 3123//5130 965//5130
f 3122//5131 965//5131 964//5131
f 2521//5132 3010//5132 3009//5132
f 2521//5133 3009//5133 2531//5133
f 2640//5134 2596//5134 4406//5134
f 2640//5135 4406//5135 4407//5135
f 3871//5136 2662//5136 2603//5136
f 3871//5137 2603//5137 3872//5137
f 2662//5138 3182//5138 3181//5138
f 2662//5139 3181//5139 2603//5139
f 2637//5140 3039//5140 3047//5140
f 2637//5141 3047//5141 2501//5141
f 2663//5142 3412//5142 3411//5142
f 2663//5143 3411//5143 2452//5143
f 2456//5144 3411//5144 3412//5144
f 2456//5145 3412//5145 2664//5145
f 3095//5146 2665//5146 2460//5146
f 3095//5147 2460//5147 3096//5147
f 2665//5148 3846//5148 3845//5148
f 2665//5149 3845//5149 2460//5149
f 2465//5150 3400//5150 3401//5150
f 2465//5151 3401//5151 2666//5151
f 2465//5152 2666//5152 2667//5152
f 2465//5153 2667//5153 2466//5153
f 2667//5154 2668//5154 2474//5154
f 2667//5155 2474//5155 2466//5155
f 2668//5156 2958//5156 2959//5156
f 2668//5157 2959//5157 2474//5157
f 2482//5158 2974//5158 2973//5158
f 2482//5159 2973//5159 2670//5159
f 3656//5160 3663//5160 3662//5160
f 3656//5161 3662//5161 3657//5161
f 2670//5162 2671//5162 2490//5162
f 2670//5163 2490//5163 2482//5163
f 3657//5164 3662//5164 3661//5164
f 3657//5165 3661//5165 3658//5165
f 2671//5166 2672//5166 2499//5166
f 2671//5167 2499//5167 2490//5167
f 3711//5168 3712//5168 3042//5168
f 3711//5169 3042//5169 3044//5169
f 2672//5170 2673//5170 2509//5170
f 2672//5171 2509//5171 2499//5171
f 3712//5172 3713//5172 3038//5172
f 3712//5173 3038//5173 3042//5173
f 2510//5174 2509//5174 2673//5174
f 2510//5175 2673//5175 2674//5175
f 2674//5176 3217//5176 3216//5176
f 2674//5177 3216//5177 2510//5177
f 3044//5178 3042//5178 3120//5178
f 3044//5179 3120//5179 3119//5179
f 4150//5180 3216//5180 3217//5180
f 4150//5181 3217//5181 4151//5181
f 3042//5182 3038//5182 3121//5182
f 3042//5183 3121//5183 3120//5183
f 2528//5184 2527//5184 2675//5184
f 2528//5185 2675//5185 2676//5185
f 3119//5186 3120//5186 967//5186
f 3119//5187 967//5187 966//5187
f 2676//5188 3228//5188 3229//5188
f 2676//5189 3229//5189 2528//5189
f 2734//5190 2678//5190 2537//5190
f 2734//5191 2537//5191 2735//5191
f 2722//5192 3250//5192 3251//5192
f 2722//5193 3251//5193 2723//5193
f 4114//5194 2681//5194 2551//5194
f 4114//5195 2551//5195 4115//5195
f 3929//5196 3881//5196 3882//5196
f 3929//5197 3882//5197 3930//5197
f 3928//5198 3880//5198 3881//5198
f 3928//5199 3881//5199 3929//5199
f 2682//5200 2552//5200 2551//5200
f 2682//5201 2551//5201 2681//5201
f 3633//5202 2552//5202 2682//5202
f 3633//5203 2682//5203 3634//5203
f 3986//5204 2255//5204 2256//5204
f 3986//5205 2256//5205 3987//5205
f 4095//5206 2685//5206 2622//5206
f 4095//5207 2622//5207 4096//5207
f 2684//5208 3466//5208 2620//5208
f 2684//5209 2620//5209 2621//5209
f 2637//5210 2501//5210 2513//5210
f 2637//5211 2513//5211 2635//5211
f 2531//5212 2633//5212 2635//5212
f 2531//5213 2635//5213 2513//5213
f 2621//5214 2622//5214 2685//5214
f 2621//5215 2685//5215 2684//5215
f 3146//5216 4286//5216 3427//5216
f 3146//5217 3427//5217 3147//5217
f 2596//5218 2598//5218 4405//5218
f 2596//5219 4405//5219 4406//5219
f 2598//5220 2260//5220 4404//5220
f 2598//5221 4404//5221 4405//5221
f 2662//5222 3870//5222 3183//5222
f 2662//5223 3183//5223 3182//5223
f 2260//5224 2751//5224 4403//5224
f 2260//5225 4403//5225 4404//5225
f 3353//5226 3352//5226 3308//5226
f 3353//5227 3308//5227 3184//5227
f 3184//5228 3308//5228 3301//5228
f 3184//5229 3301//5229 3185//5229
f 3879//5230 3006//5230 2469//5230
f 3879//5231 2469//5231 3880//5231
f 3881//5232 2679//5232 2484//5232
f 3881//5233 2484//5233 3882//5233
f 2752//5234 2651//5234 4401//5234
f 2752//5235 4401//5235 4402//5235
f 3880//5236 2469//5236 2679//5236
f 3880//5237 2679//5237 3881//5237
f 2751//5238 2752//5238 4402//5238
f 2751//5239 4402//5239 4403//5239
f 2265//5240 2703//5240 2704//5240
f 2265//5241 2704//5241 2263//5241
f 2703//5242 2645//5242 2646//5242
f 2703//5243 2646//5243 2704//5243
f 2701//5244 3359//5244 3358//5244
f 2701//5245 3358//5245 2306//5245
f 3484//5246 3359//5246 2701//5246
f 3484//5247 2701//5247 3483//5247
f 2333//5248 2645//5248 2703//5248
f 2333//5249 2703//5249 2702//5249
f 2702//5250 2703//5250 2265//5250
f 2702//5251 2265//5251 2307//5251
f 3389//5252 4370//5252 4369//5252
f 3389//5253 4369//5253 3388//5253
f 3389//5254 3485//5254 4371//5254
f 3389//5255 4371//5255 4370//5255
f 2747//5256 2746//5256 2757//5256
f 2747//5257 2757//5257 2756//5257
f 2746//5258 2745//5258 2758//5258
f 2746//5259 2758//5259 2757//5259
f 2709//5260 2710//5260 2431//5260
f 2709//5261 2431//5261 2422//5261
f 2417//5262 2421//5262 2710//5262
f 2417//5263 2710//5263 2709//5263
f 2437//5264 2431//5264 2710//5264
f 2437//5265 2710//5265 2711//5265
f 2711//5266 2710//5266 2421//5266
f 2711//5267 2421//5267 2429//5267
f 2711//5268 2429//5268 3682//5268
f 2711//5269 3682//5269 3681//5269
f 2449//5270 2713//5270 2712//5270
f 2449//5271 2712//5271 2445//5271
f 2714//5272 2632//5272 2631//5272
f 2714//5273 2631//5273 2713//5273
f 2454//5274 2714//5274 2713//5274
f 2454//5275 2713//5275 2449//5275
f 2715//5276 2634//5276 2632//5276
f 2715//5277 2632//5277 2714//5277
f 2458//5278 2715//5278 2714//5278
f 2458//5279 2714//5279 2454//5279
f 2716//5280 2636//5280 2634//5280
f 2716//5281 2634//5281 2715//5281
f 2599//5282 2716//5282 2715//5282
f 2599//5283 2715//5283 2458//5283
f 2638//5284 2741//5284 2716//5284
f 2638//5285 2716//5285 2599//5285
f 2716//5286 2741//5286 3035//5286
f 2716//5287 3035//5287 2636//5287
f 2455//5288 2451//5288 3677//5288
f 2455//5289 3677//5289 3676//5289
f 2409//5290 2705//5290 2704//5290
f 2409//5291 2704//5291 2646//5291
f 2705//5292 2649//5292 2263//5292
f 2705//5293 2263//5293 2704//5293
f 2706//5294 2655//5294 2649//5294
f 2706//5295 2649//5295 2705//5295
f 2706//5296 2705//5296 2409//5296
f 2706//5297 2409//5297 2411//5297
f 2655//5298 2706//5298 2707//5298
f 2655//5299 2707//5299 2653//5299
f 2706//5300 2411//5300 2412//5300
f 2706//5301 2412//5301 2707//5301
f 2653//5302 2707//5302 2708//5302
f 2653//5303 2708//5303 2425//5303
f 2707//5304 2412//5304 2416//5304
f 2707//5305 2416//5305 2708//5305
f 2309//5306 3360//5306 3484//5306
f 2309//5307 3484//5307 3483//5307
f 2712//5308 3624//5308 2996//5308
f 2712//5309 2996//5309 2445//5309
f 2268//5310 2270//5310 2266//5310
f 2268//5311 2266//5311 2272//5311
f 2269//5312 2270//5312 2268//5312
f 2269//5313 2268//5313 2271//5313
f 2327//5314 2328//5314 2329//5314
f 2327//5315 2329//5315 2317//5315
f 2326//5316 2327//5316 2317//5316
f 2326//5317 2317//5317 2316//5317
f 3355//5318 3354//5318 2326//5318
f 3355//5319 2326//5319 2316//5319
f 2329//5320 2328//5320 2343//5320
f 2329//5321 2343//5321 2330//5321
f 3384//5322 3385//5322 4366//5322
f 3384//5323 4366//5323 4365//5323
f 2753//5324 2752//5324 2751//5324
f 2753//5325 2751//5325 2750//5325
f 2440//5326 2447//5326 2650//5326
f 2440//5327 2650//5327 2651//5327
f 2455//5328 2650//5328 2447//5328
f 2455//5329 2447//5329 2451//5329
f 3172//5330 3575//5330 3601//5330
f 3172//5331 3601//5331 3602//5331
f 2639//5332 2687//5332 2686//5332
f 2639//5333 2686//5333 2638//5333
f 2693//5334 2692//5334 2687//5334
f 2693//5335 2687//5335 2639//5335
f 2689//5336 3651//5336 3650//5336
f 2689//5337 3650//5337 2688//5337
f 8//5338 3126//5338 3127//5338
f 8//5339 3127//5339 11//5339
f 2688//5340 3127//5340 3126//5340
f 2688//5341 3126//5341 2689//5341
f 2691//5342 3650//5342 3651//5342
f 2691//5343 3651//5343 2690//5343
f 3123//5344 3124//5344 969//5344
f 3123//5345 969//5345 965//5345
f 2659//5346 2694//5346 3124//5346
f 2659//5347 3124//5347 3123//5347
f 3715//5348 3716//5348 2694//5348
f 3715//5349 2694//5349 2659//5349
f 3653//5350 3666//5350 3665//5350
f 3653//5351 3665//5351 3654//5351
f 2686//5352 2687//5352 2695//5352
f 2686//5353 2695//5353 2658//5353
f 3124//5354 3125//5354 9//5354
f 3124//5355 9//5355 969//5355
f 2694//5356 2696//5356 3125//5356
f 2694//5357 3125//5357 3124//5357
f 3716//5358 3717//5358 2696//5358
f 3716//5359 2696//5359 2694//5359
f 3652//5360 3667//5360 3666//5360
f 3652//5361 3666//5361 3653//5361
f 2687//5362 2692//5362 2697//5362
f 2687//5363 2697//5363 2695//5363
f 9//5364 3125//5364 3126//5364
f 9//5365 3126//5365 8//5365
f 2689//5366 3126//5366 3125//5366
f 2689//5367 3125//5367 2696//5367
f 4102//5368 2987//5368 2998//5368
f 4102//5369 2998//5369 4103//5369
f 2998//5370 2987//5370 2988//5370
f 2998//5371 2988//5371 2999//5371
f 2999//5372 2988//5372 2989//5372
f 2999//5373 2989//5373 3000//5373
f 3925//5374 2990//5374 3001//5374
f 3925//5375 3001//5375 3926//5375
f 3877//5376 2991//5376 3002//5376
f 3877//5377 3002//5377 3878//5377
f 2991//5378 3177//5378 3176//5378
f 2991//5379 3176//5379 3002//5379
f 2992//5380 3003//5380 4396//5380
f 2992//5381 4396//5381 4397//5381
f 3003//5382 2992//5382 2993//5382
f 3003//5383 2993//5383 3004//5383
f 4186//5384 2575//5384 4066//5384
f 4186//5385 4066//5385 4187//5385
f 4185//5386 2568//5386 2575//5386
f 4185//5387 2575//5387 4186//5387
f 4184//5388 2564//5388 2568//5388
f 4184//5389 2568//5389 4185//5389
f 4316//5390 3951//5390 4183//5390
f 4316//5391 4183//5391 4317//5391
f 4180//5392 2678//5392 3903//5392
f 4180//5393 3903//5393 4181//5393
f 4179//5394 2537//5394 2678//5394
f 4179//5395 2678//5395 4180//5395
f 4178//5396 2538//5396 2537//5396
f 4178//5397 2537//5397 4179//5397
f 4177//5398 2591//5398 2538//5398
f 4177//5399 2538//5399 4178//5399
f 4176//5400 2321//5400 2591//5400
f 4176//5401 2591//5401 4177//5401
f 4175//5402 2347//5402 2321//5402
f 4175//5403 2321//5403 4176//5403
f 4174//5404 2346//5404 2347//5404
f 4174//5405 2347//5405 4175//5405
f 4173//5406 2768//5406 2346//5406
f 4173//5407 2346//5407 4174//5407
f 2730//5408 3224//5408 4068//5408
f 2730//5409 4068//5409 4067//5409
f 2731//5410 3225//5410 3224//5410
f 2731//5411 3224//5411 2730//5411
f 2732//5412 3226//5412 3225//5412
f 2732//5413 3225//5413 2731//5413
f 4314//5414 3953//5414 3952//5414
f 4314//5415 3952//5415 4315//5415
f 3904//5416 2734//5416 3228//5416
f 3904//5417 3228//5417 3905//5417
f 3228//5418 2734//5418 2735//5418
f 3228//5419 2735//5419 3229//5419
f 2736//5420 3230//5420 3229//5420
f 2736//5421 3229//5421 2735//5421
f 2737//5422 3231//5422 3230//5422
f 2737//5423 3230//5423 2736//5423
f 2738//5424 3232//5424 3231//5424
f 2738//5425 3231//5425 2737//5425
f 3233//5426 3232//5426 2738//5426
f 3233//5427 2738//5427 2739//5427
f 2739//5428 2740//5428 3234//5428
f 2739//5429 3234//5429 3233//5429
f 3234//5430 2740//5430 2769//5430
f 3234//5431 2769//5431 3235//5431
f 2686//5432 3016//5432 2741//5432
f 2686//5433 2741//5433 2638//5433
f 3664//5434 3655//5434 3654//5434
f 3664//5435 3654//5435 3665//5435
f 2658//5436 3017//5436 3016//5436
f 2658//5437 3016//5437 2686//5437
f 2743//5438 2384//5438 2377//5438
f 2743//5439 2377//5439 2742//5439
f 2744//5440 2407//5440 2384//5440
f 2744//5441 2384//5441 2743//5441
f 2744//5442 2745//5442 2416//5442
f 2744//5443 2416//5443 2407//5443
f 2746//5444 2708//5444 2416//5444
f 2746//5445 2416//5445 2745//5445
f 2747//5446 2425//5446 2708//5446
f 2747//5447 2708//5447 2746//5447
f 2425//5448 2747//5448 2748//5448
f 2425//5449 2748//5449 2424//5449
f 2433//5450 2424//5450 2748//5450
f 2433//5451 2748//5451 2749//5451
f 2749//5452 2750//5452 2441//5452
f 2749//5453 2441//5453 2433//5453
f 2750//5454 2751//5454 2260//5454
f 2750//5455 2260//5455 2441//5455
f 2753//5456 2440//5456 2651//5456
f 2753//5457 2651//5457 2752//5457
f 2754//5458 2432//5458 2440//5458
f 2754//5459 2440//5459 2753//5459
f 2754//5460 2755//5460 2423//5460
f 2754//5461 2423//5461 2432//5461
f 2756//5462 2422//5462 2423//5462
f 2756//5463 2423//5463 2755//5463
f 2757//5464 2709//5464 2422//5464
f 2757//5465 2422//5465 2756//5465
f 2757//5466 2758//5466 2417//5466
f 2757//5467 2417//5467 2709//5467
f 2759//5468 2408//5468 2417//5468
f 2759//5469 2417//5469 2758//5469
f 2760//5470 2387//5470 2408//5470
f 2760//5471 2408//5471 2759//5471
f 2387//5472 2760//5472 2761//5472
f 2387//5473 2761//5473 2382//5473
f 2781//5474 3156//5474 2775//5474
f 2781//5475 2775//5475 2774//5475
f 3340//5476 3837//5476 3836//5476
f 3340//5477 3836//5477 2782//5477
f 3334//5478 3337//5478 2783//5478
f 3334//5479 2783//5479 2784//5479
f 3331//5480 3334//5480 2784//5480
f 3331//5481 2784//5481 3100//5481
f 2786//5482 2787//5482 2783//5482
f 2786//5483 2783//5483 2782//5483
f 3337//5484 3340//5484 2782//5484
f 3337//5485 2782//5485 2783//5485
f 4142//5486 3208//5486 3209//5486
f 4142//5487 3209//5487 4143//5487
f 4143//5488 3209//5488 3210//5488
f 4143//5489 3210//5489 4144//5489
f 3236//5490 2790//5490 2770//5490
f 3236//5491 2770//5491 3235//5491
f 2918//5492 3258//5492 3259//5492
f 2918//5493 3259//5493 2919//5493
f 2790//5494 3236//5494 3237//5494
f 2790//5495 3237//5495 2793//5495
f 3258//5496 2918//5496 2767//5496
f 3258//5497 2767//5497 3257//5497
f 2893//5498 4122//5498 4121//5498
f 2893//5499 4121//5499 2766//5499
f 3207//5500 2944//5500 2794//5500
f 3207//5501 2794//5501 3208//5501
f 3208//5502 2794//5502 2795//5502
f 3208//5503 2795//5503 3209//5503
f 2794//5504 2797//5504 2796//5504
f 2794//5505 2796//5505 2795//5505
f 3205//5506 2945//5506 2948//5506
f 3205//5507 2948//5507 3206//5507
f 4141//5508 3207//5508 3208//5508
f 4141//5509 3208//5509 4142//5509
f 2793//5510 3237//5510 3238//5510
f 2793//5511 3238//5511 2935//5511
f 2919//5512 3259//5512 3260//5512
f 2919//5513 3260//5513 2938//5513
f 4123//5514 2891//5514 2939//5514
f 4123//5515 2939//5515 4124//5515
f 2883//5516 2880//5516 4126//5516
f 2883//5517 4126//5517 4125//5517
f 2920//5518 3261//5518 3262//5518
f 2920//5519 3262//5519 2921//5519
f 2802//5520 3239//5520 3240//5520
f 2802//5521 3240//5521 2805//5521
f 2805//5522 3240//5522 3241//5522
f 2805//5523 3241//5523 2806//5523
f 4138//5524 3204//5524 3205//5524
f 4138//5525 3205//5525 4139//5525
f 4139//5526 3205//5526 3206//5526
f 4139//5527 3206//5527 4140//5527
f 3209//5528 2795//5528 2772//5528
f 3209//5529 2772//5529 3210//5529
f 2795//5530 2796//5530 2773//5530
f 2795//5531 2773//5531 2772//5531
f 2810//5532 2809//5532 2798//5532
f 2810//5533 2798//5533 2947//5533
f 3203//5534 3202//5534 2810//5534
f 3203//5535 2810//5535 2947//5535
f 2811//5536 2812//5536 2809//5536
f 2811//5537 2809//5537 2810//5537
f 2810//5538 3202//5538 3201//5538
f 2810//5539 3201//5539 2811//5539
f 2817//5540 2814//5540 2815//5540
f 2817//5541 2815//5541 2816//5541
f 2821//5542 2818//5542 2819//5542
f 2821//5543 2819//5543 2820//5543
f 2825//5544 2822//5544 2823//5544
f 2825//5545 2823//5545 2824//5545
f 2820//5546 2819//5546 2826//5546
f 2820//5547 2826//5547 2827//5547
f 3325//5548 3328//5548 2785//5548
f 3325//5549 2785//5549 2828//5549
f 2785//5550 2822//5550 2825//5550
f 2785//5551 2825//5551 2828//5551
f 3725//5552 3765//5552 3766//5552
f 3725//5553 3766//5553 3726//5553
f 3727//5554 3767//5554 3768//5554
f 3727//5555 3768//5555 3728//5555
f 3101//5556 2830//5556 2829//5556
f 3101//5557 2829//5557 3102//5557
f 2787//5558 2831//5558 2829//5558
f 2787//5559 2829//5559 2830//5559
f 3724//5560 3764//5560 3765//5560
f 3724//5561 3765//5561 3725//5561
f 3770//5562 3730//5562 3729//5562
f 3770//5563 3729//5563 3769//5563
f 3732//5564 3772//5564 3773//5564
f 3732//5565 3773//5565 3733//5565
f 2817//5566 2834//5566 2833//5566
f 2817//5567 2833//5567 2814//5567
f 2815//5568 3322//5568 3318//5568
f 2815//5569 3318//5569 2816//5569
f 2840//5570 3606//5570 3597//5570
f 2840//5571 3597//5571 2837//5571
f 3776//5572 3736//5572 3735//5572
f 3776//5573 3735//5573 3775//5573
f 2837//5574 2836//5574 2832//5574
f 2837//5575 2832//5575 2840//5575
f 3593//5576 2842//5576 2841//5576
f 3593//5577 2841//5577 3594//5577
f 3592//5578 2844//5578 3740//5578
f 3592//5579 3740//5579 3739//5579
f 3740//5580 2844//5580 2846//5580
f 3740//5581 2846//5581 3741//5581
f 2830//5582 2784//5582 2783//5582
f 2830//5583 2783//5583 2787//5583
f 2813//5584 2831//5584 2787//5584
f 2813//5585 2787//5585 2786//5585
f 3764//5586 3724//5586 3723//5586
f 3764//5587 3723//5587 3763//5587
f 2782//5588 3836//5588 3835//5588
f 2782//5589 3835//5589 2786//5589
f 3100//5590 2784//5590 2830//5590
f 3100//5591 2830//5591 3101//5591
f 2848//5592 3243//5592 3244//5592
f 2848//5593 3244//5593 2847//5593
f 4136//5594 3202//5594 3203//5594
f 4136//5595 3203//5595 4137//5595
f 2855//5596 3242//5596 3243//5596
f 2855//5597 3243//5597 2848//5597
f 2923//5598 3264//5598 3265//5598
f 2923//5599 3265//5599 2924//5599
f 2924//5600 3265//5600 3266//5600
f 2924//5601 3266//5601 2925//5601
f 4128//5602 2896//5602 2854//5602
f 4128//5603 2854//5603 4129//5603
f 2854//5604 2896//5604 2895//5604
f 2854//5605 2895//5605 2853//5605
f 2806//5606 3241//5606 3242//5606
f 2806//5607 3242//5607 2855//5607
f 3203//5608 2947//5608 2946//5608
f 3203//5609 2946//5609 3204//5609
f 4137//5610 3203//5610 3204//5610
f 4137//5611 3204//5611 4138//5611
f 4135//5612 3201//5612 3202//5612
f 4135//5613 3202//5613 4136//5613
f 3795//5614 3760//5614 4134//5614
f 3795//5615 4134//5615 4133//5615
f 3796//5616 3761//5616 3760//5616
f 3796//5617 3760//5617 3795//5617
f 3751//5618 3787//5618 3788//5618
f 3751//5619 3788//5619 3752//5619
f 4129//5620 2854//5620 2859//5620
f 4129//5621 2859//5621 4130//5621
f 2854//5622 2853//5622 2858//5622
f 2854//5623 2858//5623 2859//5623
f 2861//5624 3831//5624 2900//5624
f 2861//5625 2900//5625 2860//5625
f 2894//5626 2888//5626 3831//5626
f 2894//5627 3831//5627 2861//5627
f 3750//5628 3749//5628 3785//5628
f 3750//5629 3785//5629 3786//5629
f 2838//5630 2843//5630 4425//5630
f 2838//5631 4425//5631 4424//5631
f 2864//5632 2875//5632 2867//5632
f 2864//5633 2867//5633 2863//5633
f 2866//5634 2865//5634 2846//5634
f 2866//5635 2846//5635 2844//5635
f 3744//5636 3743//5636 2863//5636
f 3744//5637 2863//5637 2867//5637
f 2874//5638 3745//5638 3744//5638
f 2874//5639 3744//5639 2867//5639
f 3747//5640 3746//5640 2897//5640
f 3747//5641 2897//5641 3588//5641
f 3586//5642 2871//5642 2870//5642
f 3586//5643 2870//5643 3587//5643
f 2869//5644 2872//5644 2873//5644
f 2869//5645 2873//5645 2868//5645
f 2873//5646 2839//5646 2862//5646
f 2873//5647 2862//5647 2868//5647
f 2796//5648 2781//5648 2774//5648
f 2796//5649 2774//5649 2773//5649
f 3204//5650 2946//5650 2945//5650
f 3204//5651 2945//5651 3205//5651
f 2921//5652 3262//5652 3263//5652
f 2921//5653 3263//5653 2922//5653
f 4127//5654 2879//5654 2896//5654
f 4127//5655 2896//5655 4128//5655
f 2880//5656 2877//5656 2878//5656
f 2880//5657 2878//5657 2879//5657
f 2882//5658 2886//5658 2887//5658
f 2882//5659 2887//5659 2881//5659
f 2884//5660 2877//5660 2880//5660
f 2884//5661 2880//5661 2883//5661
f 2885//5662 2889//5662 2886//5662
f 2885//5663 2886//5663 2882//5663
f 2887//5664 2910//5664 2909//5664
f 2887//5665 2909//5665 2888//5665
f 2881//5666 2887//5666 2888//5666
f 2881//5667 2888//5667 2894//5667
f 2886//5668 2911//5668 2910//5668
f 2886//5669 2910//5669 2887//5669
f 2912//5670 2911//5670 2886//5670
f 2912//5671 2886//5671 2889//5671
f 2939//5672 2891//5672 2892//5672
f 2939//5673 2892//5673 2940//5673
f 2895//5674 2896//5674 2879//5674
f 2895//5675 2879//5675 2878//5675
f 4126//5676 2880//5676 2879//5676
f 4126//5677 2879//5677 4127//5677
f 2922//5678 3263//5678 3264//5678
f 2922//5679 3264//5679 2923//5679
f 4430//5680 2866//5680 3591//5680
f 4430//5681 3591//5681 4431//5681
f 3591//5682 2866//5682 2844//5682
f 3591//5683 2844//5683 3592//5683
f 3588//5684 2897//5684 2898//5684
f 3588//5685 2898//5685 3589//5685
f 3785//5686 3749//5686 3748//5686
f 3785//5687 3748//5687 3784//5687
f 2901//5688 2874//5688 2867//5688
f 2901//5689 2867//5689 2875//5689
f 4122//5690 2893//5690 2891//5690
f 4122//5691 2891//5691 4123//5691
f 2825//5692 2820//5692 2827//5692
f 2825//5693 2827//5693 2828//5693
f 2824//5694 2821//5694 2820//5694
f 2824//5695 2820//5695 2825//5695
f 3769//5696 3729//5696 3728//5696
f 3769//5697 3728//5697 3768//5697
f 2819//5698 2904//5698 2903//5698
f 2819//5699 2903//5699 2826//5699
f 2818//5700 2905//5700 2904//5700
f 2818//5701 2904//5701 2819//5701
f 3771//5702 3731//5702 3730//5702
f 3771//5703 3730//5703 3770//5703
f 2835//5704 3569//5704 3549//5704
f 2835//5705 3549//5705 3548//5705
f 2833//5706 2832//5706 2836//5706
f 2833//5707 2836//5707 2814//5707
f 3733//5708 3773//5708 3774//5708
f 3733//5709 3774//5709 3734//5709
f 2904//5710 2817//5710 2816//5710
f 2904//5711 2816//5711 2903//5711
f 2905//5712 2834//5712 2817//5712
f 2905//5713 2817//5713 2904//5713
f 3731//5714 3771//5714 3772//5714
f 3731//5715 3772//5715 3732//5715
f 2827//5716 3321//5716 3325//5716
f 2827//5717 3325//5717 2828//5717
f 4131//5718 3752//5718 3788//5718
f 4131//5719 3788//5719 4132//5719
f 2906//5720 3831//5720 2888//5720
f 2906//5721 2888//5721 2909//5721
f 2907//5722 3572//5722 3573//5722
f 2907//5723 3573//5723 2841//5723
f 3594//5724 2841//5724 3573//5724
f 3594//5725 3573//5725 3595//5725
f 2899//5726 2900//5726 3831//5726
f 2899//5727 3831//5727 2906//5727
f 2943//5728 2942//5728 3828//5728
f 2943//5729 3828//5729 2913//5729
f 2874//5730 2901//5730 2898//5730
f 2874//5731 2898//5731 2897//5731
f 2897//5732 3746//5732 3745//5732
f 2897//5733 3745//5733 2874//5733
f 2869//5734 2870//5734 2871//5734
f 2869//5735 2871//5735 2872//5735
f 3585//5736 3137//5736 2871//5736
f 3585//5737 2871//5737 3586//5737
f 3584//5738 3136//5738 3137//5738
f 3584//5739 3137//5739 3585//5739
f 3583//5740 3138//5740 3136//5740
f 3583//5741 3136//5741 3584//5741
f 3582//5742 3139//5742 3138//5742
f 3582//5743 3138//5743 3583//5743
f 3580//5744 3131//5744 3140//5744
f 3580//5745 3140//5745 3581//5745
f 3578//5746 3143//5746 3132//5746
f 3578//5747 3132//5747 3579//5747
f 2907//5748 2845//5748 2843//5748
f 2907//5749 2843//5749 2838//5749
f 2845//5750 2907//5750 2841//5750
f 2845//5751 2841//5751 2842//5751
f 3579//5752 3132//5752 3131//5752
f 3579//5753 3131//5753 3580//5753
f 2791//5754 2926//5754 2769//5754
f 2791//5755 2769//5755 2768//5755
f 2792//5756 2927//5756 2926//5756
f 2792//5757 2926//5757 2791//5757
f 2927//5758 2792//5758 2937//5758
f 2927//5759 2937//5759 2936//5759
f 2803//5760 2804//5760 2929//5760
f 2803//5761 2929//5761 2928//5761
f 2929//5762 2804//5762 2876//5762
f 2929//5763 2876//5763 2930//5763
f 2852//5764 2931//5764 2930//5764
f 2852//5765 2930//5765 2876//5765
f 2852//5766 2850//5766 2932//5766
f 2852//5767 2932//5767 2931//5767
f 2932//5768 2850//5768 2851//5768
f 2932//5769 2851//5769 2933//5769
f 3755//5770 3790//5770 3791//5770
f 3755//5771 3791//5771 3756//5771
f 2853//5772 2861//5772 2860//5772
f 2853//5773 2860//5773 2858//5773
f 2895//5774 2894//5774 2861//5774
f 2895//5775 2861//5775 2853//5775
f 2878//5776 2881//5776 2894//5776
f 2878//5777 2894//5777 2895//5777
f 2877//5778 2882//5778 2881//5778
f 2877//5779 2881//5779 2878//5779
f 2885//5780 2882//5780 2877//5780
f 2885//5781 2877//5781 2884//5781
f 2892//5782 2890//5782 2941//5782
f 2892//5783 2941//5783 2940//5783
f 2790//5784 2788//5784 2771//5784
f 2790//5785 2771//5785 2770//5785
f 2793//5786 2789//5786 2788//5786
f 2793//5787 2788//5787 2790//5787
f 2935//5788 2934//5788 2789//5788
f 2935//5789 2789//5789 2793//5789
f 2805//5790 2807//5790 2801//5790
f 2805//5791 2801//5791 2802//5791
f 2806//5792 2808//5792 2807//5792
f 2806//5793 2807//5793 2805//5793
f 2855//5794 2856//5794 2808//5794
f 2855//5795 2808//5795 2806//5795
f 2848//5796 2849//5796 2856//5796
f 2848//5797 2856//5797 2855//5797
f 2847//5798 2857//5798 2849//5798
f 2847//5799 2849//5799 2848//5799
f 3794//5800 3759//5800 3758//5800
f 3794//5801 3758//5801 3793//5801
f 3787//5802 3751//5802 3750//5802
f 3787//5803 3750//5803 3786//5803
f 3741//5804 2846//5804 2914//5804
f 3741//5805 2914//5805 3742//5805
f 2914//5806 4427//5806 4426//5806
f 2914//5807 4426//5807 3742//5807
f 2914//5808 2915//5808 4428//5808
f 2914//5809 4428//5809 4427//5809
f 2846//5810 2865//5810 2915//5810
f 2846//5811 2915//5811 2914//5811
f 3589//5812 2898//5812 2916//5812
f 3589//5813 2916//5813 3590//5813
f 2901//5814 2917//5814 2916//5814
f 2901//5815 2916//5815 2898//5815
f 2865//5816 2866//5816 4430//5816
f 2865//5817 4430//5817 4429//5817
f 4172//5818 2791//5818 2768//5818
f 4172//5819 2768//5819 4173//5819
f 4171//5820 2792//5820 2791//5820
f 4171//5821 2791//5821 4172//5821
f 4170//5822 2937//5822 2792//5822
f 4170//5823 2792//5823 4171//5823
f 4168//5824 2804//5824 2803//5824
f 4168//5825 2803//5825 4169//5825
f 4167//5826 2876//5826 2804//5826
f 4167//5827 2804//5827 4168//5827
f 4166//5828 2852//5828 2876//5828
f 4166//5829 2876//5829 4167//5829
f 4165//5830 2850//5830 2852//5830
f 4165//5831 2852//5831 4166//5831
f 4164//5832 2851//5832 2850//5832
f 4164//5833 2850//5833 4165//5833
f 3790//5834 3755//5834 4163//5834
f 3790//5835 4163//5835 4162//5835
f 2926//5836 3236//5836 3235//5836
f 2926//5837 3235//5837 2769//5837
f 2927//5838 3237//5838 3236//5838
f 2927//5839 3236//5839 2926//5839
f 3237//5840 2927//5840 2936//5840
f 3237//5841 2936//5841 3238//5841
f 2928//5842 2929//5842 3240//5842
f 2928//5843 3240//5843 3239//5843
f 3240//5844 2929//5844 2930//5844
f 3240//5845 2930//5845 3241//5845
f 2931//5846 3242//5846 3241//5846
f 2931//5847 3241//5847 2930//5847
f 2932//5848 3243//5848 3242//5848
f 2932//5849 3242//5849 2931//5849
f 3243//5850 2932//5850 2933//5850
f 3243//5851 2933//5851 3244//5851
f 3756//5852 3791//5852 3792//5852
f 3756//5853 3792//5853 3757//5853
f 3833//5854 3832//5854 3763//5854
f 3833//5855 3763//5855 3723//5855
f 3834//5856 2813//5856 2786//5856
f 3834//5857 2786//5857 3835//5857
f 3206//5858 2948//5858 2944//5858
f 3206//5859 2944//5859 3207//5859
f 4140//5860 3206//5860 3207//5860
f 4140//5861 3207//5861 4141//5861
f 2802//5862 2801//5862 2934//5862
f 2802//5863 2934//5863 2935//5863
f 2935//5864 3238//5864 3239//5864
f 2935//5865 3239//5865 2802//5865
f 2936//5866 2928//5866 3239//5866
f 2936//5867 3239//5867 3238//5867
f 2937//5868 2803//5868 2928//5868
f 2937//5869 2928//5869 2936//5869
f 4169//5870 2803//5870 2937//5870
f 4169//5871 2937//5871 4170//5871
f 2938//5872 3260//5872 3261//5872
f 2938//5873 3261//5873 2920//5873
f 2939//5874 2883//5874 4125//5874
f 2939//5875 4125//5875 4124//5875
f 2884//5876 2883//5876 2939//5876
f 2884//5877 2939//5877 2940//5877
f 2941//5878 2885//5878 2884//5878
f 2941//5879 2884//5879 2940//5879
f 2941//5880 2942//5880 2889//5880
f 2941//5881 2889//5881 2885//5881
f 2943//5882 2912//5882 2889//5882
f 2943//5883 2889//5883 2942//5883
f 3581//5884 3140//5884 3139//5884
f 3581//5885 3139//5885 3582//5885
f 2944//5886 2800//5886 2797//5886
f 2944//5887 2797//5887 2794//5887
f 2948//5888 2949//5888 2800//5888
f 2948//5889 2800//5889 2944//5889
f 2947//5890 2798//5890 2950//5890
f 2947//5891 2950//5891 2946//5891
f 2946//5892 2950//5892 2799//5892
f 2946//5893 2799//5893 2945//5893
f 2945//5894 2799//5894 2949//5894
f 2945//5895 2949//5895 2948//5895
f 2777//5896 2965//5896 2964//5896
f 2777//5897 2964//5897 2295//5897
f 2964//5898 2963//5898 2287//5898
f 2964//5899 2287//5899 2295//5899
f 2963//5900 2962//5900 2286//5900
f 2963//5901 2286//5901 2287//5901
f 2962//5902 2961//5902 2276//5902
f 2962//5903 2276//5903 2286//5903
f 2961//5904 2960//5904 2476//5904
f 2961//5905 2476//5905 2276//5905
f 2960//5906 2959//5906 2475//5906
f 2960//5907 2475//5907 2476//5907
f 2475//5908 2959//5908 2958//5908
f 2475//5909 2958//5909 2669//5909
f 2958//5910 3916//5910 3915//5910
f 2958//5911 3915//5911 2669//5911
f 4302//5912 3964//5912 3963//5912
f 4302//5913 3963//5913 4303//5913
f 2956//5914 2955//5914 2517//5914
f 2956//5915 2517//5915 2506//5915
f 2955//5916 2954//5916 2522//5916
f 2955//5917 2522//5917 2517//5917
f 2954//5918 4079//5918 4078//5918
f 2954//5919 4078//5919 2522//5919
f 2908//5920 3574//5920 3607//5920
f 2908//5921 3607//5921 2951//5921
f 2798//5922 2809//5922 2953//5922
f 2798//5923 2953//5923 2952//5923
f 2288//5924 2290//5924 2962//5924
f 2288//5925 2962//5925 2963//5925
f 2953//5926 3346//5926 3155//5926
f 2953//5927 3155//5927 2952//5927
f 2952//5928 3155//5928 3157//5928
f 2952//5929 3157//5929 2966//5929
f 2952//5930 2966//5930 2950//5930
f 2952//5931 2950//5931 2798//5931
f 2966//5932 3157//5932 3158//5932
f 2966//5933 3158//5933 2967//5933
f 2966//5934 2967//5934 2799//5934
f 2966//5935 2799//5935 2950//5935
f 2522//5936 4078//5936 4077//5936
f 2522//5937 4077//5937 2969//5937
f 2970//5938 2517//5938 2522//5938
f 2970//5939 2522//5939 2969//5939
f 2971//5940 2506//5940 2517//5940
f 2971//5941 2517//5941 2970//5941
f 4303//5942 3963//5942 3962//5942
f 4303//5943 3962//5943 4304//5943
f 3914//5944 2973//5944 2669//5944
f 3914//5945 2669//5945 3915//5945
f 2669//5946 2973//5946 2974//5946
f 2669//5947 2974//5947 2475//5947
f 2975//5948 2476//5948 2475//5948
f 2975//5949 2475//5949 2974//5949
f 2976//5950 2276//5950 2476//5950
f 2976//5951 2476//5951 2975//5951
f 2977//5952 2286//5952 2276//5952
f 2977//5953 2276//5953 2976//5953
f 2287//5954 2286//5954 2977//5954
f 2287//5955 2977//5955 2978//5955
f 2978//5956 2979//5956 2295//5956
f 2978//5957 2295//5957 2287//5957
f 2295//5958 2979//5958 2980//5958
f 2295//5959 2980//5959 2777//5959
f 2949//5960 2799//5960 2967//5960
f 2949//5961 2967//5961 2982//5961
f 2949//5962 2982//5962 2981//5962
f 2949//5963 2981//5963 2800//5963
f 2982//5964 3159//5964 3160//5964
f 2982//5965 3160//5965 2981//5965
f 2967//5966 3158//5966 3159//5966
f 2967//5967 3159//5967 2982//5967
f 2981//5968 2968//5968 2797//5968
f 2981//5969 2797//5969 2800//5969
f 2981//5970 3160//5970 3161//5970
f 2981//5971 3161//5971 2968//5971
f 2917//5972 2901//5972 2875//5972
f 2917//5973 2875//5973 2864//5973
f 2865//5974 4429//5974 4428//5974
f 2865//5975 4428//5975 2915//5975
f 3873//5976 2602//5976 2605//5976
f 3873//5977 2605//5977 3874//5977
f 2983//5978 2700//5978 2699//5978
f 2983//5979 2699//5979 2984//5979
f 2699//5980 2698//5980 2985//5980
f 2699//5981 2985//5981 2984//5981
f 3684//5982 2405//5982 2404//5982
f 3684//5983 2404//5983 3685//5983
f 2405//5984 3684//5984 3683//5984
f 2405//5985 3683//5985 2410//5985
f 4037//5986 3668//5986 3066//5986
f 4037//5987 3066//5987 4038//5987
f 4035//5988 3064//5988 3065//5988
f 4035//5989 3065//5989 4036//5989
f 2985//5990 2698//5990 2996//5990
f 2985//5991 2996//5991 2995//5991
f 2410//5992 3683//5992 3682//5992
f 2410//5993 3682//5993 2429//5993
f 3020//5994 3063//5994 3064//5994
f 3020//5995 3064//5995 4035//5995
f 4103//5996 2998//5996 2503//5996
f 4103//5997 2503//5997 3019//5997
f 2998//5998 2999//5998 2485//5998
f 2998//5999 2485//5999 2503//5999
f 2999//6000 3000//6000 2478//6000
f 2999//6001 2478//6001 2485//6001
f 3926//6002 3001//6002 2470//6002
f 3926//6003 2470//6003 3087//6003
f 3878//6004 3002//6004 2463//6004
f 3878//6005 2463//6005 3012//6005
f 3176//6006 3175//6006 2463//6006
f 3176//6007 2463//6007 3002//6007
f 3624//6008 2994//6008 2995//6008
f 3624//6009 2995//6009 2996//6009
f 3007//6010 3023//6010 3024//6010
f 3007//6011 3024//6011 3005//6011
f 3927//6012 3879//6012 3880//6012
f 3927//6013 3880//6013 3928//6013
f 3005//6014 2470//6014 3012//6014
f 3005//6015 3012//6015 3007//6015
f 3086//6016 3087//6016 2470//6016
f 3086//6017 2470//6017 3005//6017
f 3006//6018 3011//6018 2459//6018
f 3006//6019 2459//6019 4395//6019
f 2463//6020 3175//6020 3879//6020
f 2463//6021 3879//6021 3927//6021
f 3009//6022 3014//6022 3013//6022
f 3009//6023 3013//6023 3008//6023
f 3010//6024 3015//6024 3014//6024
f 3010//6025 3014//6025 3009//6025
f 3175//6026 3011//6026 3006//6026
f 3175//6027 3006//6027 3879//6027
f 3003//6028 2459//6028 3011//6028
f 3003//6029 3011//6029 4396//6029
f 3066//6030 3062//6030 4039//6030
f 3066//6031 4039//6031 4038//6031
f 3016//6032 3036//6032 3035//6032
f 3016//6033 3035//6033 2741//6033
f 3017//6034 3037//6034 3036//6034
f 3017//6035 3036//6035 3016//6035
f 4034//6036 3021//6036 3019//6036
f 4034//6037 3019//6037 2503//6037
f 2514//6038 3070//6038 3022//6038
f 2514//6039 3022//6039 3020//6039
f 3020//6040 3022//6040 3071//6040
f 3020//6041 3071//6041 3063//6041
f 4033//6042 3025//6042 3021//6042
f 4033//6043 3021//6043 4034//6043
f 3070//6044 3069//6044 3026//6044
f 3070//6045 3026//6045 3022//6045
f 3022//6046 3026//6046 3072//6046
f 3022//6047 3072//6047 3071//6047
f 3023//6048 3028//6048 3027//6048
f 3023//6049 3027//6049 3024//6049
f 4032//6050 3029//6050 3025//6050
f 4032//6051 3025//6051 4033//6051
f 3069//6052 3068//6052 3030//6052
f 3069//6053 3030//6053 3026//6053
f 3026//6054 3030//6054 3073//6054
f 3026//6055 3073//6055 3072//6055
f 3085//6056 3086//6056 3005//6056
f 3085//6057 3005//6057 3024//6057
f 3084//6058 3085//6058 3024//6058
f 3084//6059 3024//6059 3027//6059
f 3028//6060 3032//6060 3031//6060
f 3028//6061 3031//6061 3027//6061
f 4031//6062 3033//6062 3029//6062
f 4031//6063 3029//6063 4032//6063
f 3068//6064 3067//6064 3034//6064
f 3068//6065 3034//6065 3030//6065
f 3030//6066 3034//6066 3074//6066
f 3030//6067 3074//6067 3073//6067
f 3083//6068 3084//6068 3027//6068
f 3083//6069 3027//6069 3031//6069
f 3032//6070 3049//6070 3048//6070
f 3032//6071 3048//6071 3031//6071
f 3036//6072 3040//6072 3039//6072
f 3036//6073 3039//6073 3035//6073
f 3037//6074 3041//6074 3040//6074
f 3037//6075 3040//6075 3036//6075
f 3040//6076 3050//6076 3047//6076
f 3040//6077 3047//6077 3039//6077
f 3041//6078 3043//6078 3050//6078
f 3041//6079 3050//6079 3040//6079
f 3660//6080 3659//6080 3658//6080
f 3660//6081 3658//6081 3661//6081
f 2545//6082 3710//6082 3711//6082
f 2545//6083 3711//6083 3044//6083
f 3044//6084 3119//6084 3118//6084
f 3044//6085 3118//6085 2545//6085
f 3882//6086 2484//6086 3045//6086
f 3882//6087 3045//6087 3883//6087
f 3082//6088 3083//6088 3031//6088
f 3082//6089 3031//6089 3048//6089
f 3052//6090 3045//6090 4391//6090
f 3052//6091 4391//6091 4390//6091
f 3931//6092 3883//6092 3884//6092
f 3931//6093 3884//6093 3932//6093
f 3047//6094 3050//6094 3051//6094
f 3047//6095 3051//6095 3046//6095
f 3052//6096 3884//6096 3883//6096
f 3052//6097 3883//6097 3045//6097
f 3049//6098 3054//6098 3053//6098
f 3049//6099 3053//6099 3048//6099
f 3053//6100 3081//6100 3082//6100
f 3053//6101 3082//6101 3048//6101
f 3043//6102 2572//6102 3051//6102
f 3043//6103 3051//6103 3050//6103
f 3055//6104 3886//6104 3885//6104
f 3055//6105 3885//6105 3059//6105
f 3886//6106 3055//6106 3090//6106
f 3886//6107 3090//6107 3887//6107
f 3933//6108 3885//6108 3886//6108
f 3933//6109 3886//6109 3934//6109
f 3934//6110 3886//6110 3887//6110
f 3934//6111 3887//6111 3935//6111
f 3936//6112 3888//6112 3889//6112
f 3936//6113 3889//6113 3937//6113
f 3056//6114 3058//6114 3061//6114
f 3056//6115 3061//6115 3060//6115
f 3088//6116 3058//6116 3056//6116
f 3088//6117 3056//6117 3089//6117
f 3058//6118 3079//6118 3080//6118
f 3058//6119 3080//6119 3061//6119
f 3079//6120 3058//6120 3088//6120
f 3079//6121 3088//6121 3113//6121
f 3059//6122 3885//6122 3884//6122
f 3059//6123 3884//6123 3052//6123
f 3932//6124 3884//6124 3885//6124
f 3932//6125 3885//6125 3933//6125
f 3060//6126 3061//6126 3053//6126
f 3060//6127 3053//6127 3054//6127
f 3061//6128 3080//6128 3081//6128
f 3061//6129 3081//6129 3053//6129
f 3079//6130 4048//6130 4047//6130
f 3079//6131 4047//6131 3080//6131
f 3080//6132 4047//6132 4046//6132
f 3080//6133 4046//6133 3081//6133
f 4045//6134 3082//6134 3081//6134
f 4045//6135 3081//6135 4046//6135
f 3082//6136 4045//6136 4044//6136
f 3082//6137 4044//6137 3083//6137
f 3083//6138 4044//6138 4043//6138
f 3083//6139 4043//6139 3084//6139
f 3084//6140 4043//6140 4042//6140
f 3084//6141 4042//6141 3085//6141
f 3085//6142 4042//6142 4041//6142
f 3085//6143 4041//6143 3086//6143
f 3086//6144 4041//6144 2478//6144
f 3086//6145 2478//6145 3087//6145
f 3113//6146 4049//6146 4048//6146
f 3113//6147 4048//6147 3079//6147
f 3068//6148 3029//6148 3033//6148
f 3068//6149 3033//6149 3067//6149
f 3069//6150 3025//6150 3029//6150
f 3069//6151 3029//6151 3068//6151
f 3070//6152 3021//6152 3025//6152
f 3070//6153 3025//6153 3069//6153
f 2514//6154 3019//6154 3021//6154
f 2514//6155 3021//6155 3070//6155
f 3707//6156 3706//6156 3113//6156
f 3707//6157 3113//6157 3088//6157
f 3089//6158 3708//6158 3707//6158
f 3089//6159 3707//6159 3088//6159
f 3935//6160 3887//6160 3888//6160
f 3935//6161 3888//6161 3936//6161
f 3103//6162 4087//6162 4086//6162
f 3103//6163 4086//6163 3091//6163
f 3092//6164 3104//6164 3103//6164
f 3092//6165 3103//6165 3091//6165
f 3093//6166 3105//6166 3104//6166
f 3093//6167 3104//6167 3092//6167
f 4294//6168 3972//6168 3971//6168
f 4294//6169 3971//6169 4295//6169
f 3862//6170 3095//6170 3107//6170
f 3862//6171 3107//6171 3863//6171
f 3107//6172 3095//6172 3096//6172
f 3107//6173 3096//6173 3108//6173
f 3097//6174 3109//6174 3108//6174
f 3097//6175 3108//6175 3096//6175
f 3098//6176 3110//6176 3109//6176
f 3098//6177 3109//6177 3097//6177
f 3101//6178 2822//6178 2785//6178
f 3101//6179 2785//6179 3100//6179
f 3102//6180 2823//6180 2822//6180
f 3102//6181 2822//6181 3101//6181
f 3767//6182 3727//6182 3726//6182
f 3767//6183 3726//6183 3766//6183
f 2496//6184 4088//6184 4087//6184
f 2496//6185 4087//6185 3103//6185
f 3103//6186 3104//6186 2487//6186
f 3103//6187 2487//6187 2496//6187
f 3104//6188 3105//6188 2481//6188
f 3104//6189 2481//6189 2487//6189
f 3972//6190 4294//6190 4293//6190
f 3972//6191 4293//6191 3973//6191
f 3863//6192 3107//6192 2664//6192
f 3863//6193 2664//6193 3864//6193
f 2664//6194 3107//6194 3108//6194
f 2664//6195 3108//6195 2456//6195
f 3109//6196 2457//6196 2456//6196
f 3109//6197 2456//6197 3108//6197
f 3110//6198 2281//6198 2457//6198
f 3110//6199 2457//6199 3109//6199
f 3328//6200 3331//6200 3100//6200
f 3328//6201 3100//6201 2785//6201
f 3059//6202 3052//6202 4390//6202
f 3059//6203 4390//6203 4389//6203
f 3090//6204 3055//6204 4388//6204
f 3090//6205 4388//6205 4387//6205
f 3111//6206 3709//6206 4386//6206
f 3111//6207 4386//6207 4385//6207
f 3117//6208 3111//6208 4385//6208
f 3117//6209 4385//6209 4384//6209
f 3709//6210 3888//6210 3887//6210
f 3709//6211 3887//6211 3090//6211
f 3888//6212 3709//6212 3111//6212
f 3888//6213 3111//6213 3889//6213
f 3117//6214 3890//6214 3889//6214
f 3117//6215 3889//6215 3111//6215
f 3706//6216 4050//6216 4049//6216
f 3706//6217 4049//6217 3113//6217
f 3115//6218 961//6218 971//6218
f 3115//6219 971//6219 3114//6219
f 3116//6220 962//6220 961//6220
f 3116//6221 961//6221 3115//6221
f 3938//6222 3890//6222 1684//6222
f 3938//6223 1684//6223 1734//6223
f 968//6224 1684//6224 3890//6224
f 968//6225 3890//6225 3117//6225
f 2192//6226 968//6226 3117//6226
f 2192//6227 3117//6227 4384//6227
f 966//6228 970//6228 3118//6228
f 966//6229 3118//6229 3119//6229
f 3120//6230 3121//6230 963//6230
f 3120//6231 963//6231 967//6231
f 4386//6232 3709//6232 3090//6232
f 4386//6233 3090//6233 4387//6233
f 3572//6234 2907//6234 2838//6234
f 3572//6235 2838//6235 3144//6235
f 4423//6236 3144//6236 2838//6236
f 4423//6237 2838//6237 4424//6237
f 2873//6238 3129//6238 3128//6238
f 2873//6239 3128//6239 2839//6239
f 2872//6240 3130//6240 3129//6240
f 2872//6241 3129//6241 2873//6241
f 3129//6242 3134//6242 3135//6242
f 3129//6243 3135//6243 3128//6243
f 3136//6244 3133//6244 3130//6244
f 3136//6245 3130//6245 3137//6245
f 2872//6246 2871//6246 3137//6246
f 2872//6247 3137//6247 3130//6247
f 3185//6248 3301//6248 3294//6248
f 3185//6249 3294//6249 3186//6249
f 3186//6250 3294//6250 3287//6250
f 3186//6251 3287//6251 3187//6251
f 3187//6252 3287//6252 3280//6252
f 3187//6253 3280//6253 3188//6253
f 2968//6254 3161//6254 3156//6254
f 2968//6255 3156//6255 2781//6255
f 2968//6256 2781//6256 2796//6256
f 2968//6257 2796//6257 2797//6257
f 4422//6258 3145//6258 3144//6258
f 4422//6259 3144//6259 4423//6259
f 4421//6260 2762//6260 3145//6260
f 4421//6261 3145//6261 4422//6261
f 4364//6262 4363//6262 3382//6262
f 4364//6263 3382//6263 3383//6263
f 3145//6264 3570//6264 3571//6264
f 3145//6265 3571//6265 3144//6265
f 2762//6266 3152//6266 3570//6266
f 2762//6267 3570//6267 3145//6267
f 3153//6268 3277//6268 3276//6268
f 3153//6269 3276//6269 3152//6269
f 3154//6270 3345//6270 3343//6270
f 3154//6271 3343//6271 2780//6271
f 3155//6272 3346//6272 3345//6272
f 3155//6273 3345//6273 3154//6273
f 3156//6274 3162//6274 2776//6274
f 3156//6275 2776//6275 2775//6275
f 3155//6276 3154//6276 3163//6276
f 3155//6277 3163//6277 3157//6277
f 3157//6278 3163//6278 3164//6278
f 3157//6279 3164//6279 3158//6279
f 3158//6280 3164//6280 3165//6280
f 3158//6281 3165//6281 3159//6281
f 3160//6282 3166//6282 3167//6282
f 3160//6283 3167//6283 3161//6283
f 3159//6284 3165//6284 3166//6284
f 3159//6285 3166//6285 3160//6285
f 3161//6286 3167//6286 3162//6286
f 3161//6287 3162//6287 3156//6287
f 3163//6288 3154//6288 2780//6288
f 3163//6289 2780//6289 2779//6289
f 3164//6290 3163//6290 2779//6290
f 3164//6291 2779//6291 2778//6291
f 3165//6292 3164//6292 2778//6292
f 3165//6293 2778//6293 2965//6293
f 3167//6294 3166//6294 2777//6294
f 3167//6295 2777//6295 2980//6295
f 3166//6296 3165//6296 2965//6296
f 3166//6297 2965//6297 2777//6297
f 3162//6298 3167//6298 2980//6298
f 3162//6299 2980//6299 2776//6299
f 3142//6300 3168//6300 3170//6300
f 3142//6301 3170//6301 3141//6301
f 3168//6302 3169//6302 3171//6302
f 3168//6303 3171//6303 3170//6303
f 3169//6304 3547//6304 3546//6304
f 3169//6305 3546//6305 3171//6305
f 3535//6306 3534//6306 3537//6306
f 3535//6307 3537//6307 3538//6307
f 3170//6308 3543//6308 2348//6308
f 3170//6309 2348//6309 3141//6309
f 3171//6310 3544//6310 3543//6310
f 3171//6311 3543//6311 3170//6311
f 2251//6312 3174//6312 3603//6312
f 2251//6313 3603//6313 3604//6313
f 3534//6314 3535//6314 4275//6314
f 3534//6315 4275//6315 4274//6315
f 1359//6316 978//6316 3602//6316
f 1359//6317 3602//6317 3601//6317
f 3891//6318 1685//6318 2139//6318
f 3891//6319 2139//6319 4332//6319
f 3610//6320 974//6320 976//6320
f 3610//6321 976//6321 3611//6321
f 4053//6322 1852//6322 977//6322
f 4053//6323 977//6323 3609//6323
f 3939//6324 1735//6324 975//6324
f 3939//6325 975//6325 3612//6325
f 3609//6326 977//6326 974//6326
f 3609//6327 974//6327 3610//6327
f 3603//6328 979//6328 972//6328
f 3603//6329 972//6329 3604//6329
f 972//6330 1308//6330 3605//6330
f 972//6331 3605//6331 3604//6331
f 3547//6332 3538//6332 3537//6332
f 3547//6333 3537//6333 3546//6333
f 3533//6334 3534//6334 4274//6334
f 3533//6335 4274//6335 4273//6335
f 3525//6336 2251//6336 3604//6336
f 3525//6337 3604//6337 3605//6337
f 3546//6338 3545//6338 3544//6338
f 3546//6339 3544//6339 3171//6339
f 3534//6340 3533//6340 3536//6340
f 3534//6341 3536//6341 3537//6341
f 2330//6342 3196//6342 2318//6342
f 2330//6343 2318//6343 2329//6343
f 3195//6344 3197//6344 3198//6344
f 3195//6345 3198//6345 3196//6345
f 2315//6346 2314//6346 3199//6346
f 2315//6347 3199//6347 2305//6347
f 3198//6348 3200//6348 2318//6348
f 3198//6349 2318//6349 3196//6349
f 3200//6350 3199//6350 2314//6350
f 3200//6351 2314//6351 2318//6351
f 4052//6352 3114//6352 971//6352
f 4052//6353 971//6353 1851//6353
f 3761//6354 3796//6354 3762//6354
f 3761//6355 3762//6355 3722//6355
f 3793//6356 3758//6356 3757//6356
f 3793//6357 3757//6357 3792//6357
f 2367//6358 3628//6358 3627//6358
f 2367//6359 3627//6359 2765//6359
f 3268//6360 4090//6360 4089//6360
f 3268//6361 4089//6361 3416//6361
f 3416//6362 3415//6362 3271//6362
f 3416//6363 3271//6363 3268//6363
f 2663//6364 3866//6364 3865//6364
f 2663//6365 3865//6365 3412//6365
f 4291//6366 3975//6366 3974//6366
f 4291//6367 3974//6367 4292//6367
f 3270//6368 3271//6368 3415//6368
f 3270//6369 3415//6369 3414//6369
f 2664//6370 3412//6370 3865//6370
f 2664//6371 3865//6371 3864//6371
f 4292//6372 3974//6372 3973//6372
f 4292//6373 3973//6373 4293//6373
f 2481//6374 3414//6374 3415//6374
f 2481//6375 3415//6375 2487//6375
f 2487//6376 3415//6376 3416//6376
f 2487//6377 3416//6377 2496//6377
f 3416//6378 4089//6378 4088//6378
f 3416//6379 4088//6379 2496//6379
f 3553//6380 3276//6380 3277//6380
f 3553//6381 3277//6381 3554//6381
f 3285//6382 3289//6382 3282//6382
f 3285//6383 3282//6383 3278//6383
f 3279//6384 3286//6384 4338//6384
f 3279//6385 4338//6385 4337//6385
f 3280//6386 3287//6386 3286//6386
f 3280//6387 3286//6387 3279//6387
f 3282//6388 3289//6388 3288//6388
f 3282//6389 3288//6389 3281//6389
f 3283//6390 3290//6390 3291//6390
f 3283//6391 3291//6391 3284//6391
f 3292//6392 3296//6392 3289//6392
f 3292//6393 3289//6393 3285//6393
f 3286//6394 3293//6394 4339//6394
f 3286//6395 4339//6395 4338//6395
f 3287//6396 3294//6396 3293//6396
f 3287//6397 3293//6397 3286//6397
f 3289//6398 3296//6398 3295//6398
f 3289//6399 3295//6399 3288//6399
f 3288//6400 3295//6400 3290//6400
f 3288//6401 3290//6401 3283//6401
f 3290//6402 3297//6402 3298//6402
f 3290//6403 3298//6403 3291//6403
f 3292//6404 3299//6404 3303//6404
f 3292//6405 3303//6405 3296//6405
f 3293//6406 3300//6406 4340//6406
f 3293//6407 4340//6407 4339//6407
f 3294//6408 3301//6408 3300//6408
f 3294//6409 3300//6409 3293//6409
f 3296//6410 3303//6410 3302//6410
f 3296//6411 3302//6411 3295//6411
f 3295//6412 3302//6412 3297//6412
f 3295//6413 3297//6413 3290//6413
f 3305//6414 3298//6414 3297//6414
f 3305//6415 3297//6415 3304//6415
f 3310//6416 3303//6416 3299//6416
f 3310//6417 3299//6417 3306//6417
f 4340//6418 3300//6418 3307//6418
f 4340//6419 3307//6419 4341//6419
f 3307//6420 3300//6420 3301//6420
f 3307//6421 3301//6421 3308//6421
f 3309//6422 3302//6422 3303//6422
f 3309//6423 3303//6423 3310//6423
f 3304//6424 3297//6424 3302//6424
f 3304//6425 3302//6425 3309//6425
f 3304//6426 3347//6426 3311//6426
f 3304//6427 3311//6427 3305//6427
f 3306//6428 3350//6428 3349//6428
f 3306//6429 3349//6429 3310//6429
f 3307//6430 3351//6430 4342//6430
f 3307//6431 4342//6431 4341//6431
f 3308//6432 3352//6432 3351//6432
f 3308//6433 3351//6433 3307//6433
f 3310//6434 3349//6434 3348//6434
f 3310//6435 3348//6435 3309//6435
f 3309//6436 3348//6436 3347//6436
f 3309//6437 3347//6437 3304//6437
f 3551//6438 3567//6438 3566//6438
f 3551//6439 3566//6439 3552//6439
f 3552//6440 3566//6440 3276//6440
f 3552//6441 3276//6441 3553//6441
f 3281//6442 3288//6442 3283//6442
f 3281//6443 3283//6443 3313//6443
f 3313//6444 3283//6444 3284//6444
f 3313//6445 3284//6445 3312//6445
f 3315//6446 3314//6446 3284//6446
f 3315//6447 3284//6447 3291//6447
f 3314//6448 3315//6448 3319//6448
f 3314//6449 3319//6449 3318//6449
f 3316//6450 3315//6450 3291//6450
f 3316//6451 3291//6451 3298//6451
f 3315//6452 3316//6452 3320//6452
f 3315//6453 3320//6453 3319//6453
f 3317//6454 3316//6454 3298//6454
f 3317//6455 3298//6455 3305//6455
f 3321//6456 3320//6456 3316//6456
f 3321//6457 3316//6457 3317//6457
f 2902//6458 3830//6458 3827//6458
f 2902//6459 3827//6459 2764//6459
f 2913//6460 3828//6460 3830//6460
f 2913//6461 3830//6461 2902//6461
f 3319//6462 2903//6462 2816//6462
f 3319//6463 2816//6463 3318//6463
f 3320//6464 2826//6464 2903//6464
f 3320//6465 2903//6465 3319//6465
f 2827//6466 2826//6466 3320//6466
f 2827//6467 3320//6467 3321//6467
f 3550//6468 3568//6468 3567//6468
f 3550//6469 3567//6469 3551//6469
f 3318//6470 3322//6470 3323//6470
f 3318//6471 3323//6471 3314//6471
f 3549//6472 3569//6472 3568//6472
f 3549//6473 3568//6473 3550//6473
f 3314//6474 3323//6474 3312//6474
f 3314//6475 3312//6475 3284//6475
f 3324//6476 3317//6476 3305//6476
f 3324//6477 3305//6477 3311//6477
f 3317//6478 3324//6478 3325//6478
f 3317//6479 3325//6479 3321//6479
f 3327//6480 3324//6480 3311//6480
f 3327//6481 3311//6481 3326//6481
f 3324//6482 3327//6482 3328//6482
f 3324//6483 3328//6483 3325//6483
f 3327//6484 3330//6484 3331//6484
f 3327//6485 3331//6485 3328//6485
f 3330//6486 3327//6486 3326//6486
f 3330//6487 3326//6487 3329//6487
f 3333//6488 3330//6488 3329//6488
f 3333//6489 3329//6489 3332//6489
f 3330//6490 3333//6490 3334//6490
f 3330//6491 3334//6491 3331//6491
f 3336//6492 3333//6492 3332//6492
f 3336//6493 3332//6493 3335//6493
f 3333//6494 3336//6494 3337//6494
f 3333//6495 3337//6495 3334//6495
f 3339//6496 3336//6496 3335//6496
f 3339//6497 3335//6497 3338//6497
f 3336//6498 3339//6498 3340//6498
f 3336//6499 3340//6499 3337//6499
f 3348//6500 3378//6500 3377//6500
f 3348//6501 3377//6501 3347//6501
f 3349//6502 3379//6502 3378//6502
f 3349//6503 3378//6503 3348//6503
f 3350//6504 3380//6504 3379//6504
f 3350//6505 3379//6505 3349//6505
f 3351//6506 3381//6506 4343//6506
f 3351//6507 4343//6507 4342//6507
f 3352//6508 3382//6508 3381//6508
f 3352//6509 3381//6509 3351//6509
f 3353//6510 3383//6510 3382//6510
f 3353//6511 3382//6511 3352//6511
f 3384//6512 4412//6512 4413//6512
f 3384//6513 4413//6513 3354//6513
f 3354//6514 3355//6514 3385//6514
f 3354//6515 3385//6515 3384//6515
f 3355//6516 3356//6516 3386//6516
f 3355//6517 3386//6517 3385//6517
f 3357//6518 3387//6518 3386//6518
f 3357//6519 3386//6519 3356//6519
f 3387//6520 3357//6520 3358//6520
f 3387//6521 3358//6521 3388//6521
f 3359//6522 3389//6522 3388//6522
f 3359//6523 3388//6523 3358//6523
f 3359//6524 3484//6524 3485//6524
f 3359//6525 3485//6525 3389//6525
f 3360//6526 3390//6526 3485//6526
f 3360//6527 3485//6527 3484//6527
f 3487//6528 3361//6528 3391//6528
f 3487//6529 3391//6529 3488//6529
f 3362//6530 3392//6530 3391//6530
f 3362//6531 3391//6531 3361//6531
f 3392//6532 3362//6532 3363//6532
f 3392//6533 3363//6533 3393//6533
f 3393//6534 3363//6534 3364//6534
f 3393//6535 3364//6535 3394//6535
f 4281//6536 3394//6536 3364//6536
f 4281//6537 3364//6537 4282//6537
f 4534//6538 4535//6538 3395//6538
f 4534//6539 3395//6539 3365//6539
f 3396//6540 3366//6540 3367//6540
f 3396//6541 3367//6541 3397//6541
f 3367//6542 1148//6542 1179//6542
f 3367//6543 1179//6543 3397//6543
f 4362//6544 3381//6544 3382//6544
f 4362//6545 3382//6545 4363//6545
f 4343//6546 3381//6546 4362//6546
f 4343//6547 4362//6547 4361//6547
f 4359//6548 3379//6548 3380//6548
f 4359//6549 3380//6549 4360//6549
f 4358//6550 3378//6550 3379//6550
f 4358//6551 3379//6551 4359//6551
f 3369//6552 3374//6552 3373//6552
f 3369//6553 3373//6553 3368//6553
f 3368//6554 3373//6554 4345//6554
f 3368//6555 4345//6555 4344//6555
f 3370//6556 3375//6556 3376//6556
f 3370//6557 3376//6557 3371//6557
f 3371//6558 3376//6558 2259//6558
f 3371//6559 2259//6559 3372//6559
f 3838//6560 3339//6560 3338//6560
f 3838//6561 3338//6561 3839//6561
f 3339//6562 3838//6562 3837//6562
f 3339//6563 3837//6563 3340//6563
f 4082//6564 2516//6564 3405//6564
f 4082//6565 3405//6565 4083//6565
f 3841//6566 3406//6566 2280//6566
f 3841//6567 2280//6567 3842//6567
f 3465//6568 3406//6568 3841//6568
f 3465//6569 3841//6569 3840//6569
f 3406//6570 3407//6570 3099//6570
f 3406//6571 3099//6571 2280//6571
f 3406//6572 3465//6572 3464//6572
f 3406//6573 3464//6573 3407//6573
f 3372//6574 2259//6574 3408//6574
f 3372//6575 3408//6575 3417//6575
f 4357//6576 3377//6576 3378//6576
f 4357//6577 3378//6577 4358//6577
f 3374//6578 3419//6578 3418//6578
f 3374//6579 3418//6579 3373//6579
f 3373//6580 3418//6580 4346//6580
f 3373//6581 4346//6581 4345//6581
f 3420//6582 3421//6582 3376//6582
f 3420//6583 3376//6583 3375//6583
f 3376//6584 3421//6584 2258//6584
f 3376//6585 2258//6585 2259//6585
f 3419//6586 3423//6586 3422//6586
f 3419//6587 3422//6587 3418//6587
f 3418//6588 3422//6588 4347//6588
f 3418//6589 4347//6589 4346//6589
f 3420//6590 3424//6590 3425//6590
f 3420//6591 3425//6591 3421//6591
f 3421//6592 3425//6592 2453//6592
f 3421//6593 2453//6593 2258//6593
f 3423//6594 3427//6594 3426//6594
f 3423//6595 3426//6595 3422//6595
f 3422//6596 3426//6596 4348//6596
f 3422//6597 4348//6597 4347//6597
f 3424//6598 3428//6598 3429//6598
f 3424//6599 3429//6599 3425//6599
f 3425//6600 3429//6600 2452//6600
f 3425//6601 2452//6601 2453//6601
f 3426//6602 3430//6602 4349//6602
f 3426//6603 4349//6603 4348//6603
f 3431//6604 3432//6604 3429//6604
f 3431//6605 3429//6605 3428//6605
f 3429//6606 3432//6606 2663//6606
f 3429//6607 2663//6607 2452//6607
f 3867//6608 3432//6608 3431//6608
f 3867//6609 3431//6609 3868//6609
f 3432//6610 3867//6610 3866//6610
f 3432//6611 3866//6611 2663//6611
f 4349//6612 3430//6612 3869//6612
f 4349//6613 3869//6613 4350//6613
f 3274//6614 3275//6614 3436//6614
f 3274//6615 3436//6615 3433//6615
f 3433//6616 3436//6616 3437//6616
f 3433//6617 3437//6617 3434//6617
f 3437//6618 3438//6618 3435//6618
f 3437//6619 3435//6619 3434//6619
f 3435//6620 3438//6620 3271//6620
f 3435//6621 3271//6621 3270//6621
f 3275//6622 3273//6622 3439//6622
f 3275//6623 3439//6623 3436//6623
f 3436//6624 3439//6624 3440//6624
f 3436//6625 3440//6625 3437//6625
f 3440//6626 3441//6626 3438//6626
f 3440//6627 3438//6627 3437//6627
f 3438//6628 3441//6628 3268//6628
f 3438//6629 3268//6629 3271//6629
f 3273//6630 4094//6630 4093//6630
f 3273//6631 4093//6631 3439//6631
f 3439//6632 4093//6632 4092//6632
f 3439//6633 4092//6633 3440//6633
f 4091//6634 3441//6634 3440//6634
f 4091//6635 3440//6635 4092//6635
f 3441//6636 4091//6636 4090//6636
f 3441//6637 4090//6637 3268//6637
f 3347//6638 3377//6638 3326//6638
f 3347//6639 3326//6639 3311//6639
f 3183//6640 3870//6640 4286//6640
f 3183//6641 4286//6641 3146//6641
f 2684//6642 3275//6642 3274//6642
f 2684//6643 3274//6643 3466//6643
f 2684//6644 2685//6644 3273//6644
f 2684//6645 3273//6645 3275//6645
f 4094//6646 3273//6646 2685//6646
f 4094//6647 2685//6647 4095//6647
f 3987//6648 2256//6648 3467//6648
f 3987//6649 3467//6649 3988//6649
f 3469//6650 3478//6650 4056//6650
f 3469//6651 4056//6651 4055//6651
f 3470//6652 3477//6652 3478//6652
f 3470//6653 3478//6653 3469//6653
f 3471//6654 3476//6654 3477//6654
f 3471//6655 3477//6655 3470//6655
f 3472//6656 3475//6656 3942//6656
f 3472//6657 3942//6657 3941//6657
f 4329//6658 3894//6658 3893//6658
f 4329//6659 3893//6659 4330//6659
f 3480//6660 3482//6660 4194//6660
f 3480//6661 4194//6661 4195//6661
f 3481//6662 3625//6662 3482//6662
f 3481//6663 3482//6663 3480//6663
f 2892//6664 3625//6664 3481//6664
f 2892//6665 3481//6665 2890//6665
f 3487//6666 3360//6666 2309//6666
f 3487//6667 2309//6667 3486//6667
f 3390//6668 3360//6668 3487//6668
f 3390//6669 3487//6669 3488//6669
f 4373//6670 3488//6670 3391//6670
f 4373//6671 3391//6671 4374//6671
f 3488//6672 4373//6672 4372//6672
f 3488//6673 4372//6673 3390//6673
f 4371//6674 3485//6674 3390//6674
f 4371//6675 3390//6675 4372//6675
f 3988//6676 3467//6676 3489//6676
f 3988//6677 3489//6677 3989//6677
f 3989//6678 3489//6678 3490//6678
f 3989//6679 3490//6679 3990//6679
f 3490//6680 3491//6680 3991//6680
f 3490//6681 3991//6681 3990//6681
f 3991//6682 3491//6682 3492//6682
f 3991//6683 3492//6683 3992//6683
f 3992//6684 3492//6684 3493//6684
f 3992//6685 3493//6685 3993//6685
f 3493//6686 3494//6686 3994//6686
f 3493//6687 3994//6687 3993//6687
f 3994//6688 3494//6688 3495//6688
f 3994//6689 3495//6689 3995//6689
f 3995//6690 3495//6690 3496//6690
f 3995//6691 3496//6691 3996//6691
f 3496//6692 3497//6692 3997//6692
f 3496//6693 3997//6693 3996//6693
f 3497//6694 3852//6694 3998//6694
f 3497//6695 3998//6695 3997//6695
f 3498//6696 3499//6696 4000//6696
f 3498//6697 4000//6697 3999//6697
f 4000//6698 3499//6698 3515//6698
f 4000//6699 3515//6699 4001//6699
f 3500//6700 3501//6700 4008//6700
f 3500//6701 4008//6701 4007//6701
f 4009//6702 3503//6702 3502//6702
f 4009//6703 3502//6703 4010//6703
f 4008//6704 3501//6704 3503//6704
f 4008//6705 3503//6705 4009//6705
f 3502//6706 3504//6706 4011//6706
f 3502//6707 4011//6707 4010//6707
f 3504//6708 4161//6708 4160//6708
f 3504//6709 4160//6709 4011//6709
f 4012//6710 3505//6710 3506//6710
f 4012//6711 3506//6711 4013//6711
f 4015//6712 3508//6712 3507//6712
f 4015//6713 3507//6713 4016//6713
f 3506//6714 3514//6714 4014//6714
f 3506//6715 4014//6715 4013//6715
f 3509//6716 3510//6716 4018//6716
f 3509//6717 4018//6717 4017//6717
f 4104//6718 3511//6718 4019//6718
f 4104//6719 4019//6719 4105//6719
f 4019//6720 3511//6720 3512//6720
f 4019//6721 3512//6721 4020//6721
f 4020//6722 3512//6722 3640//6722
f 4020//6723 3640//6723 4021//6723
f 3507//6724 4190//6724 4189//6724
f 3507//6725 4189//6725 4016//6725
f 4014//6726 3514//6726 3508//6726
f 4014//6727 3508//6727 4015//6727
f 4001//6728 3515//6728 3516//6728
f 4001//6729 3516//6729 4002//6729
f 4005//6730 3518//6730 3517//6730
f 4005//6731 3517//6731 4006//6731
f 4006//6732 3517//6732 3500//6732
f 4006//6733 3500//6733 4007//6733
f 4003//6734 3520//6734 3519//6734
f 4003//6735 3519//6735 4004//6735
f 4004//6736 3519//6736 3518//6736
f 4004//6737 3518//6737 4005//6737
f 3516//6738 3520//6738 4003//6738
f 3516//6739 4003//6739 4002//6739
f 3523//6740 2343//6740 4417//6740
f 3523//6741 4417//6741 4418//6741
f 3523//6742 3524//6742 2330//6742
f 3523//6743 2330//6743 2343//6743
f 3546//6744 3537//6744 3536//6744
f 3546//6745 3536//6745 3545//6745
f 4059//6746 3528//6746 2590//6746
f 4059//6747 2590//6747 4022//6747
f 3528//6748 3529//6748 4060//6748
f 3528//6749 4060//6749 2590//6749
f 3529//6750 3530//6750 2586//6750
f 3529//6751 2586//6751 4060//6751
f 3945//6752 3531//6752 2578//6752
f 3945//6753 2578//6753 2583//6753
f 4417//6754 3187//6754 3188//6754
f 4417//6755 3188//6755 4418//6755
f 4416//6756 3186//6756 3187//6756
f 4416//6757 3187//6757 4417//6757
f 4415//6758 3185//6758 3186//6758
f 4415//6759 3186//6759 4416//6759
f 4414//6760 3184//6760 3185//6760
f 4414//6761 3185//6761 4415//6761
f 4413//6762 3353//6762 3184//6762
f 4413//6763 3184//6763 4414//6763
f 4412//6764 3383//6764 3353//6764
f 4412//6765 3353//6765 4413//6765
f 4364//6766 3383//6766 4412//6766
f 4364//6767 4412//6767 4411//6767
f 4409//6768 3150//6768 3151//6768
f 4409//6769 3151//6769 4410//6769
f 4408//6770 3149//6770 3150//6770
f 4408//6771 3150//6771 4409//6771
f 4407//6772 3148//6772 3149//6772
f 4407//6773 3149//6773 4408//6773
f 4406//6774 3147//6774 3148//6774
f 4406//6775 3148//6775 4407//6775
f 4405//6776 3146//6776 3147//6776
f 4405//6777 3147//6777 4406//6777
f 3183//6778 3146//6778 4405//6778
f 3183//6779 4405//6779 4404//6779
f 3183//5225 4404//5225 4403//5225
f 3183//6780 4403//6780 3182//6780
f 3182//6781 4403//6781 4402//6781
f 3182//6782 4402//6782 3181//6782
f 3181//6783 4402//6783 4401//6783
f 3181//6784 4401//6784 3180//6784
f 4400//6785 3179//6785 3180//6785
f 4400//6786 3180//6786 4401//6786
f 3178//6787 3179//6787 4400//6787
f 3178//6788 4400//6788 4399//6788
f 3675//6789 3178//6789 4399//6789
f 3675//6790 4399//6790 4398//6790
f 4396//6791 3176//6791 3177//6791
f 4396//6792 3177//6792 4397//6792
f 3011//6793 3175//6793 3176//6793
f 3011//6794 3176//6794 4396//6794
f 3540//6795 3829//6795 2660//6795
f 3540//6796 2660//6796 2361//6796
f 3524//6797 3195//6797 3196//6797
f 3524//6798 3196//6798 2330//6798
f 3548//6799 3549//6799 3322//6799
f 3548//6800 3322//6800 2815//6800
f 3550//6801 3323//6801 3322//6801
f 3550//6473 3322//6473 3549//6473
f 3323//6802 3550//6802 3551//6802
f 3323//6803 3551//6803 3312//6803
f 3552//6804 3313//6804 3312//6804
f 3552//6805 3312//6805 3551//6805
f 3553//6806 3281//6806 3313//6806
f 3553//6807 3313//6807 3552//6807
f 3554//6808 3282//6808 3281//6808
f 3554//6809 3281//6809 3553//6809
f 3555//6810 3278//6810 3282//6810
f 3555//6811 3282//6811 3554//6811
f 3556//6812 3279//6812 4337//6812
f 3556//6813 4337//6813 4336//6813
f 3557//6814 3280//6814 3279//6814
f 3557//6815 3279//6815 3556//6815
f 3558//6816 3188//6816 3280//6816
f 3558//6817 3280//6817 3557//6817
f 4418//6818 3188//6818 3558//6818
f 4418//6819 3558//6819 4419//6819
f 3523//6820 4418//6820 4419//6820
f 3523//6821 4419//6821 3559//6821
f 3560//6822 3524//6822 3523//6822
f 3560//6823 3523//6823 3559//6823
f 3560//6824 3561//6824 3195//6824
f 3560//6825 3195//6825 3524//6825
f 3194//6826 3193//6826 3561//6826
f 3194//6827 3561//6827 3562//6827
f 3563//6828 3189//6828 3194//6828
f 3563//6829 3194//6829 3562//6829
f 4284//6830 3189//6830 3563//6830
f 4284//6831 3563//6831 4285//6831
f 4531//6832 4532//6832 3190//6832
f 4531//6833 3190//6833 3521//6833
f 3565//6834 3191//6834 3192//6834
f 3565//6835 3192//6835 3564//6835
f 3565//6836 1349//6836 980//6836
f 3565//6837 980//6837 3191//6837
f 3197//6838 3195//6838 3561//6838
f 3197//6839 3561//6839 3193//6839
f 3548//6840 2836//6840 2837//6840
f 3548//6841 2837//6841 2835//6841
f 2837//6842 3597//6842 3596//6842
f 2837//6843 3596//6843 2835//6843
f 2815//6844 2814//6844 2836//6844
f 2815//6845 2836//6845 3548//6845
f 3276//6846 3566//6846 3570//6846
f 3276//6847 3570//6847 3152//6847
f 3566//6848 3567//6848 3571//6848
f 3566//6849 3571//6849 3570//6849
f 3568//6850 3598//6850 3571//6850
f 3568//6851 3571//6851 3567//6851
f 3569//6852 3599//6852 3598//6852
f 3569//6853 3598//6853 3568//6853
f 3596//6854 3599//6854 3569//6854
f 3596//6855 3569//6855 2835//6855
f 3598//6856 3572//6856 3144//6856
f 3598//6857 3144//6857 3571//6857
f 1359//6858 3601//6858 3600//6858
f 1359//6859 3600//6859 934//6859
f 3575//6860 2362//6860 3600//6860
f 3575//6861 3600//6861 3601//6861
f 2362//6862 3575//6862 3576//6862
f 2362//6863 3576//6863 2361//6863
f 3540//6864 2361//6864 3576//6864
f 3540//6865 3576//6865 3577//6865
f 2764//6866 3540//6866 3577//6866
f 2764//6867 3577//6867 3578//6867
f 3579//6868 2902//6868 2764//6868
f 3579//6869 2764//6869 3578//6869
f 3580//6870 2913//6870 2902//6870
f 3580//6871 2902//6871 3579//6871
f 3581//6872 2943//6872 2913//6872
f 3581//6873 2913//6873 3580//6873
f 3582//6874 2912//6874 2943//6874
f 3582//6875 2943//6875 3581//6875
f 3583//6876 2911//6876 2912//6876
f 3583//6877 2912//6877 3582//6877
f 2911//6878 3583//6878 3584//6878
f 2911//6879 3584//6879 2910//6879
f 2910//6880 3584//6880 3585//6880
f 2910//6881 3585//6881 2909//6881
f 3586//6882 2906//6882 2909//6882
f 3586//6883 2909//6883 3585//6883
f 3587//6884 2899//6884 2906//6884
f 3587//6885 2906//6885 3586//6885
f 3589//6886 3798//6886 3797//6886
f 3589//6887 3797//6887 3588//6887
f 3590//6888 3799//6888 3798//6888
f 3590//6889 3798//6889 3589//6889
f 4431//6890 3591//6890 3800//6890
f 4431//6891 3800//6891 4432//6891
f 3592//6892 3801//6892 3800//6892
f 3592//6893 3800//6893 3591//6893
f 2951//6894 3593//6894 3594//6894
f 2951//6895 3594//6895 2908//6895
f 3595//6896 3574//6896 2908//6896
f 3595//6897 2908//6897 3594//6897
f 3595//6898 3596//6898 3597//6898
f 3595//6899 3597//6899 3574//6899
f 3573//6900 3599//6900 3596//6900
f 3573//6901 3596//6901 3595//6901
f 3572//6902 3598//6902 3599//6902
f 3572//6903 3599//6903 3573//6903
f 3606//6904 3607//6904 3574//6904
f 3606//6905 3574//6905 3597//6905
f 3777//6906 3737//6906 3736//6906
f 3777//6907 3736//6907 3776//6907
f 3778//6908 3738//6908 3737//6908
f 3778//6909 3737//6909 3777//6909
f 2437//6910 3680//6910 3679//6910
f 2437//6911 3679//6911 2438//6911
f 2438//6912 3679//6912 3678//6912
f 2438//6913 3678//6913 2446//6913
f 2711//6914 3681//6914 3680//6914
f 2711//6915 3680//6915 2437//6915
f 3621//6916 3618//6916 3619//6916
f 3621//6917 3619//6917 3622//6917
f 3623//6918 3620//6918 3618//6918
f 3623//6919 3618//6919 3621//6919
f 2993//6920 3620//6920 3623//6920
f 2993//6921 3623//6921 3004//6921
f 3622//6922 3619//6922 2994//6922
f 3622//6923 2994//6923 3624//6923
f 2713//6924 2631//6924 2450//6924
f 2713//6925 2450//6925 2712//6925
f 2892//6926 2891//6926 2893//6926
f 2892//6927 2893//6927 3626//6927
f 3626//6928 2893//6928 2766//6928
f 3626//6929 2766//6929 2765//6929
f 3628//6930 2345//6930 3267//6930
f 3628//6931 3267//6931 3627//6931
f 3628//6932 3629//6932 2344//6932
f 3628//6933 2344//6933 2345//6933
f 3642//6934 2571//6934 4058//6934
f 3642//6935 4058//6935 4057//6935
f 3643//6936 2565//6936 2571//6936
f 3643//6937 2571//6937 3642//6937
f 3644//6938 2560//6938 2565//6938
f 3644//6939 2565//6939 3643//6939
f 3645//6940 2553//6940 3944//6940
f 3645//6941 3944//6941 3943//6941
f 3895//6942 4328//6942 4327//6942
f 3895//6943 4327//6943 3896//6943
f 3648//6944 3267//6944 4192//6944
f 3648//6945 4192//6945 4193//6945
f 3649//6946 3626//6946 2765//6946
f 3649//6947 2765//6947 3627//6947
f 3648//6948 3649//6948 3627//6948
f 3648//6949 3627//6949 3267//6949
f 3649//6950 3625//6950 2892//6950
f 3649//6951 2892//6951 3626//6951
f 3648//6952 3482//6952 3625//6952
f 3648//6953 3625//6953 3649//6953
f 3652//6954 3653//6954 2695//6954
f 3652//6955 2695//6955 2697//6955
f 3653//6956 3654//6956 2658//6956
f 3653//6957 2658//6957 2695//6957
f 3654//6958 3655//6958 3017//6958
f 3654//6959 3017//6959 2658//6959
f 3655//6960 3656//6960 3037//6960
f 3655//6961 3037//6961 3017//6961
f 3656//6962 3657//6962 3041//6962
f 3656//6963 3041//6963 3037//6963
f 3657//6964 3658//6964 3043//6964
f 3657//6965 3043//6965 3041//6965
f 2572//6966 3043//6966 3658//6966
f 2572//6967 3658//6967 3659//6967
f 3059//6968 4389//6968 4388//6968
f 3059//6969 4388//6969 3055//6969
f 3661//6970 3711//6970 3710//6970
f 3661//6971 3710//6971 3660//6971
f 3662//6972 3712//6972 3711//6972
f 3662//6973 3711//6973 3661//6973
f 3663//6974 3713//6974 3712//6974
f 3663//6975 3712//6975 3662//6975
f 3664//6976 3714//6976 3713//6976
f 3664//6977 3713//6977 3663//6977
f 3665//6978 3715//6978 3714//6978
f 3665//6979 3714//6979 3664//6979
f 3666//6980 3716//6980 3715//6980
f 3666//6981 3715//6981 3665//6981
f 3667//6982 3717//6982 3716//6982
f 3667//6983 3716//6983 3666//6983
f 4036//6984 3065//6984 3668//6984
f 4036//6985 3668//6985 4037//6985
f 3670//6986 2987//6986 4102//6986
f 3670//6987 4102//6987 4101//6987
f 3671//6988 2988//6988 2987//6988
f 3671//6989 2987//6989 3670//6989
f 3672//6990 2989//6990 2988//6990
f 3672//6991 2988//6991 3671//6991
f 3673//6992 2990//6992 3925//6992
f 3673//6993 3925//6993 3924//6993
f 3876//6994 3674//6994 2991//6994
f 3876//6995 2991//6995 3877//6995
f 3675//6996 3177//6996 2991//6996
f 3675//6997 2991//6997 3674//6997
f 4397//6998 3177//6998 3675//6998
f 4397//6999 3675//6999 4398//6999
f 2992//7000 4397//7000 4398//7000
f 2992//7001 4398//7001 3676//7001
f 3676//7002 3677//7002 2993//7002
f 3676//7003 2993//7003 2992//7003
f 3677//7004 3678//7004 3620//7004
f 3677//7005 3620//7005 2993//7005
f 3679//7006 3618//7006 3620//7006
f 3679//7007 3620//7007 3678//7007
f 3680//7008 3619//7008 3618//7008
f 3680//7009 3618//7009 3679//7009
f 3681//7010 2994//7010 3619//7010
f 3681//7011 3619//7011 3680//7011
f 3681//7012 3682//7012 2995//7012
f 3681//7013 2995//7013 2994//7013
f 3682//7014 3683//7014 2985//7014
f 3682//7015 2985//7015 2995//7015
f 3683//7016 3684//7016 2984//7016
f 3683//7017 2984//7017 2985//7017
f 2984//7018 3684//7018 3685//7018
f 2984//7019 3685//7019 2983//7019
f 4030//7020 3686//7020 3033//7020
f 4030//7021 3033//7021 4031//7021
f 3067//7022 3688//7022 3687//7022
f 3067//7023 3687//7023 3034//7023
f 3034//7024 3687//7024 3689//7024
f 3034//7025 3689//7025 3074//7025
f 3033//7026 3686//7026 3688//7026
f 3033//7027 3688//7027 3067//7027
f 3694//7028 3693//7028 3687//7028
f 3694//7029 3687//7029 3688//7029
f 3693//7030 3695//7030 3689//7030
f 3693//7031 3689//7031 3687//7031
f 3693//7032 3698//7032 3697//7032
f 3693//7033 3697//7033 3695//7033
f 3694//7034 3699//7034 3698//7034
f 3694//7035 3698//7035 3693//7035
f 3700//7036 3814//7036 3813//7036
f 3700//7037 3813//7037 3701//7037
f 3701//7038 3813//7038 3812//7038
f 3701//7039 3812//7039 3702//7039
f 3701//7040 3704//7040 3703//7040
f 3701//7041 3703//7041 3700//7041
f 3704//7042 3804//7042 3805//7042
f 3704//7043 3805//7043 3703//7043
f 3705//7044 3803//7044 3804//7044
f 3705//7045 3804//7045 3704//7045
f 3112//7046 4051//7046 4050//7046
f 3112//7047 4050//7047 3706//7047
f 2696//7048 3717//7048 3651//7048
f 2696//7049 3651//7049 2689//7049
f 3667//7050 2690//7050 3651//7050
f 3667//7051 3651//7051 3717//7051
f 3718//7052 3719//7052 2692//7052
f 3718//7053 2692//7053 2693//7053
f 3720//7054 2697//7054 2692//7054
f 3720//7055 2692//7055 3719//7055
f 2690//7056 3721//7056 3720//7056
f 2690//7057 3720//7057 2691//7057
f 3667//7058 3652//7058 3721//7058
f 3667//7059 3721//7059 2690//7059
f 3721//7060 3652//7060 2697//7060
f 3721//7061 2697//7061 3720//7061
f 2811//7062 3761//7062 3722//7062
f 2811//7063 3722//7063 2812//7063
f 3833//7064 3723//7064 2813//7064
f 3833//7065 2813//7065 3834//7065
f 3723//7066 3724//7066 2831//7066
f 3723//7067 2831//7067 2813//7067
f 2831//7068 3724//7068 3725//7068
f 2831//7069 3725//7069 2829//7069
f 3102//7070 2829//7070 3725//7070
f 3102//7071 3725//7071 3726//7071
f 3726//7072 3727//7072 2823//7072
f 3726//7073 2823//7073 3102//7073
f 3728//7074 2824//7074 2823//7074
f 3728//7075 2823//7075 3727//7075
f 3728//7076 3729//7076 2821//7076
f 3728//7077 2821//7077 2824//7077
f 3729//7078 3730//7078 2818//7078
f 3729//7079 2818//7079 2821//7079
f 3730//7080 3731//7080 2905//7080
f 3730//7081 2905//7081 2818//7081
f 3732//7082 2834//7082 2905//7082
f 3732//7083 2905//7083 3731//7083
f 2834//7084 3732//7084 3733//7084
f 2834//7085 3733//7085 2833//7085
f 3734//7086 2832//7086 2833//7086
f 3734//7087 2833//7087 3733//7087
f 3735//7088 3736//7088 3606//7088
f 3735//7089 3606//7089 2840//7089
f 3736//7090 3737//7090 3607//7090
f 3736//7091 3607//7091 3606//7091
f 3737//7092 3738//7092 2951//7092
f 3737//7093 2951//7093 3607//7093
f 3740//7094 2842//7094 3593//7094
f 3740//7095 3593//7095 3739//7095
f 3741//7096 2845//7096 2842//7096
f 3741//7097 2842//7097 3740//7097
f 2845//7098 3741//7098 3742//7098
f 2845//7099 3742//7099 2843//7099
f 4425//7100 2843//7100 3742//7100
f 4425//7101 3742//7101 4426//7101
f 3744//7102 2868//7102 2862//7102
f 3744//7103 2862//7103 3743//7103
f 3745//7104 2869//7104 2868//7104
f 3745//7105 2868//7105 3744//7105
f 3746//7106 2870//7106 2869//7106
f 3746//7107 2869//7107 3745//7107
f 3747//7108 3587//7108 2870//7108
f 3747//7109 2870//7109 3746//7109
f 3748//7110 2899//7110 3587//7110
f 3748//7111 3587//7111 3747//7111
f 3748//7112 3749//7112 2900//7112
f 3748//7113 2900//7113 2899//7113
f 2860//7114 2900//7114 3749//7114
f 2860//7115 3749//7115 3750//7115
f 3750//7116 3751//7116 2858//7116
f 3750//7117 2858//7117 2860//7117
f 2859//7118 2858//7118 3751//7118
f 2859//7119 3751//7119 3752//7119
f 3752//7120 4131//7120 4130//7120
f 3752//7121 4130//7121 2859//7121
f 4163//7122 3755//7122 2851//7122
f 4163//7123 2851//7123 4164//7123
f 2933//7124 2851//7124 3755//7124
f 2933//7125 3755//7125 3756//7125
f 3244//7126 2933//7126 3756//7126
f 3244//7127 3756//7127 3757//7127
f 3757//7128 3758//7128 2847//7128
f 3757//7129 2847//7129 3244//7129
f 3758//7130 3759//7130 2857//7130
f 3758//7131 2857//7131 2847//7131
f 4134//7132 3760//7132 3201//7132
f 4134//7133 3201//7133 4135//7133
f 3760//7134 3761//7134 2811//7134
f 3760//7135 2811//7135 3201//7135
f 3779//7136 3801//7136 3738//7136
f 3779//7137 3738//7137 3778//7137
f 3780//7138 3800//7138 3801//7138
f 3780//7139 3801//7139 3779//7139
f 4432//7140 3800//7140 3780//7140
f 4432//7141 3780//7141 4433//7141
f 3799//7142 3781//7142 3782//7142
f 3799//7143 3782//7143 3798//7143
f 3783//7144 3797//7144 3798//7144
f 3783//7145 3798//7145 3782//7145
f 3748//7146 3797//7146 3783//7146
f 3748//7147 3783//7147 3784//7147
f 3593//7148 2951//7148 3738//7148
f 3593//7149 3738//7149 3739//7149
f 3592//7150 3739//7150 3738//7150
f 3592//7151 3738//7151 3801//7151
f 3747//7152 3588//7152 3797//7152
f 3747//7153 3797//7153 3748//7153
f 3114//7154 4052//7154 4051//7154
f 3114//7155 4051//7155 3112//7155
f 3806//7156 1597//7156 1596//7156
f 3806//7157 1596//7157 3807//7157
f 3807//7158 1596//7158 1595//7158
f 3807//7159 1595//7159 3808//7159
f 3817//7160 4027//7160 4026//7160
f 3817//7161 4026//7161 3818//7161
f 4025//7162 3819//7162 3818//7162
f 4025//7163 3818//7163 4026//7163
f 4024//7164 3820//7164 3819//7164
f 4024//7165 3819//7165 4025//7165
f 3804//7166 3803//7166 3806//7166
f 3804//7167 3806//7167 3807//7167
f 3805//7168 3804//7168 3807//7168
f 3805//7169 3807//7169 3808//7169
f 3820//7170 4024//7170 4023//7170
f 3820//7171 4023//7171 3821//7171
f 1820//7172 1612//7172 3821//7172
f 1820//7173 3821//7173 4023//7173
f 3699//7174 3812//7174 3813//7174
f 3699//7175 3813//7175 3698//7175
f 3698//7176 3813//7176 3814//7176
f 3698//7177 3814//7177 3697//7177
f 3817//7178 3816//7178 4028//7178
f 3817//7179 4028//7179 4027//7179
f 3815//7180 4029//7180 4028//7180
f 3815//7181 4028//7181 3816//7181
f 3815//7182 3686//7182 4030//7182
f 3815//7183 4030//7183 4029//7183
f 3702//7184 3705//7184 3704//7184
f 3702//7185 3704//7185 3701//7185
f 3815//7186 3694//7186 3688//7186
f 3815//7187 3688//7187 3686//7187
f 3699//7188 3694//7188 3815//7188
f 3699//7189 3815//7189 3816//7189
f 3699//7190 3816//7190 3817//7190
f 3699//7191 3817//7191 3812//7191
f 3818//7192 3702//7192 3812//7192
f 3818//7193 3812//7193 3817//7193
f 3818//7194 3819//7194 3705//7194
f 3818//7195 3705//7195 3702//7195
f 3819//7196 3820//7196 3803//7196
f 3819//7197 3803//7197 3705//7197
f 3821//7198 3806//7198 3803//7198
f 3821//7199 3803//7199 3820//7199
f 3821//7200 1612//7200 1597//7200
f 3821//7201 1597//7201 3806//7201
f 3734//7202 3735//7202 2840//7202
f 3734//7203 2840//7203 2832//7203
f 3775//7204 3735//7204 3734//7204
f 3775//7205 3734//7205 3774//7205
f 3833//7206 4435//7206 4434//7206
f 3833//7207 4434//7207 3832//7207
f 3834//7208 4436//7208 4435//7208
f 3834//7209 4435//7209 3833//7209
f 3835//7210 4437//7210 4436//7210
f 3835//7211 4436//7211 3834//7211
f 3836//7212 4438//7212 4437//7212
f 3836//7213 4437//7213 3835//7213
f 3837//7214 4439//7214 4438//7214
f 3837//7215 4438//7215 3836//7215
f 3838//7216 4440//7216 4439//7216
f 3838//7217 4439//7217 3837//7217
f 4440//7218 3838//7218 3839//7218
f 4440//7219 3839//7219 4441//7219
f 3841//7220 3344//7220 3342//7220
f 3841//7221 3342//7221 3840//7221
f 3842//7222 3341//7222 3344//7222
f 3842//7223 3344//7223 3841//7223
f 3843//7224 3398//7224 3341//7224
f 3843//7225 3341//7225 3842//7225
f 3844//7226 3399//7226 3398//7226
f 3844//7227 3398//7227 3843//7227
f 3845//7228 3400//7228 3399//7228
f 3845//7229 3399//7229 3844//7229
f 3846//7230 3401//7230 3400//7230
f 3846//7231 3400//7231 3845//7231
f 3920//7232 3401//7232 3846//7232
f 3920//7233 3846//7233 3921//7233
f 4297//7234 3969//7234 3968//7234
f 4297//7235 3968//7235 4298//7235
f 3848//7236 3849//7236 3404//7236
f 3848//7237 3404//7237 3403//7237
f 3849//7238 3850//7238 3405//7238
f 3849//7239 3405//7239 3404//7239
f 3850//7240 4084//7240 4083//7240
f 3850//7241 4083//7241 3405//7241
f 3998//7242 3852//7242 3498//7242
f 3998//7243 3498//7243 3999//7243
f 5//7244 1645//7244 3853//7244
f 5//7245 3853//7245 2357//7245
f 2357//7246 3853//7246 3854//7246
f 2357//7247 3854//7247 2353//7247
f 4537//7248 4538//7248 3855//7248
f 4537//7249 3855//7249 2354//7249
f 4268//7250 4267//7250 4279//7250
f 4268//7251 4279//7251 4280//7251
f 4280//7252 4279//7252 3856//7252
f 4280//7253 3856//7253 2352//7253
f 2352//7254 3856//7254 3857//7254
f 2352//7255 3857//7255 2358//7255
f 2358//7256 3857//7256 3858//7256
f 2358//7257 3858//7257 2337//7257
f 2337//7258 3858//7258 3859//7258
f 2337//7259 3859//7259 2334//7259
f 2334//7260 3859//7260 3860//7260
f 2334//7261 3860//7261 2331//7261
f 2331//7262 3860//7262 3861//7262
f 2331//7263 3861//7263 2332//7263
f 2332//7264 3861//7264 2645//7264
f 2332//7265 2645//7265 2333//7265
f 2644//7266 2645//7266 3861//7266
f 2644//7267 3861//7267 2339//7267
f 3094//7268 3862//7268 3863//7268
f 3094//7269 3863//7269 3106//7269
f 3106//7270 3863//7270 3864//7270
f 3106//7271 3864//7271 2473//7271
f 3865//7272 3413//7272 2473//7272
f 3865//7273 2473//7273 3864//7273
f 3866//7274 3269//7274 3413//7274
f 3866//7275 3413//7275 3865//7275
f 2661//7276 3871//7276 3872//7276
f 2661//7277 3872//7277 2601//7277
f 2601//7278 3872//7278 3873//7278
f 2601//7279 3873//7279 2600//7279
f 2600//7280 3873//7280 3874//7280
f 2600//7281 3874//7281 2604//7281
f 2464//7282 2604//7282 3874//7282
f 2464//7283 3874//7283 3875//7283
f 2464//7284 3875//7284 3876//7284
f 2464//7285 3876//7285 3673//7285
f 3673//7286 3876//7286 3877//7286
f 3673//7287 3877//7287 2990//7287
f 2990//7288 3877//7288 3878//7288
f 2990//7289 3878//7289 3001//7289
f 3001//7290 3878//7290 3012//7290
f 3001//7291 3012//7291 2470//7291
f 3891//7292 3612//7292 975//7292
f 3891//7293 975//7293 1685//7293
f 2559//7294 3612//7294 3891//7294
f 2559//7295 3891//7295 3892//7295
f 3472//7296 2559//7296 3892//7296
f 3472//7297 3892//7297 3893//7297
f 3894//7298 3475//7298 3472//7298
f 3894//7299 3472//7299 3893//7299
f 3475//7300 3894//7300 3895//7300
f 3475//7301 3895//7301 3645//7301
f 3645//7302 3895//7302 3896//7302
f 3645//7303 3896//7303 2553//7303
f 4220//7304 2553//7304 3896//7304
f 4220//7305 3896//7305 4221//7305
f 4221//7306 3897//7306 3531//7306
f 4221//7307 3531//7307 4220//7307
f 3531//7308 3897//7308 4243//7308
f 3531//7309 4243//7309 2578//7309
f 3635//7310 3898//7310 3899//7310
f 3635//7311 3899//7311 2570//7311
f 2570//7312 3899//7312 3900//7312
f 2570//7313 3900//7313 2569//7313
f 2569//7314 3900//7314 4113//7314
f 2569//7315 4113//7315 4112//7315
f 2721//7316 3249//7316 3901//7316
f 2721//7317 3901//7317 3902//7317
f 3903//7318 2558//7318 4182//7318
f 3903//7319 4182//7319 4181//7319
f 2558//7320 3903//7320 3904//7320
f 2558//7321 3904//7321 2733//7321
f 2733//7322 3904//7322 3905//7322
f 2733//7323 3905//7323 3227//7323
f 2550//7324 3227//7324 3905//7324
f 2550//7325 3905//7325 3906//7325
f 3907//7326 2549//7326 2550//7326
f 3907//7327 2550//7327 3906//7327
f 3908//7328 3218//7328 4153//7328
f 3908//7329 4153//7329 4152//7329
f 3218//7330 3908//7330 3909//7330
f 3218//7331 3909//7331 2535//7331
f 3910//7332 2536//7332 2535//7332
f 3910//7333 2535//7333 3909//7333
f 2536//7334 3910//7334 3911//7334
f 2536//7335 3911//7335 2526//7335
f 2526//7336 3911//7336 3912//7336
f 2526//7337 3912//7337 2520//7337
f 2520//7338 3912//7338 3913//7338
f 2520//7339 3913//7339 2508//7339
f 2508//7340 3913//7340 3914//7340
f 2508//7341 3914//7341 2972//7341
f 2972//7342 3914//7342 3915//7342
f 2972//7343 3915//7343 2497//7343
f 3916//7344 2957//7344 2497//7344
f 3916//7345 2497//7345 3915//7345
f 2498//7346 2957//7346 3916//7346
f 2498//7347 3916//7347 3917//7347
f 2498//7348 3917//7348 3918//7348
f 2498//7349 3918//7349 2488//7349
f 2488//7350 3918//7350 3919//7350
f 2488//7351 3919//7351 2489//7351
f 3920//7352 3402//7352 2489//7352
f 3920//7353 2489//7353 3919//7353
f 3847//7354 3402//7354 3920//7354
f 3847//7355 3920//7355 3921//7355
f 3922//7356 2472//7356 3847//7356
f 3922//7357 3847//7357 3921//7357
f 2472//7358 3922//7358 3862//7358
f 2472//7359 3862//7359 3094//7359
f 3924//7360 3672//7360 2471//7360
f 3924//7361 2471//7361 3923//7361
f 3925//7362 2989//7362 3672//7362
f 3925//7363 3672//7363 3924//7363
f 3000//7364 2989//7364 3925//7364
f 3000//7365 3925//7365 3926//7365
f 3000//7366 3926//7366 3087//7366
f 3000//7367 3087//7367 2478//7367
f 3007//7368 3012//7368 2463//7368
f 3007//7369 2463//7369 3927//7369
f 3928//7370 3023//7370 3007//7370
f 3928//7371 3007//7371 3927//7371
f 3929//7372 3028//7372 3023//7372
f 3929//7373 3023//7373 3928//7373
f 3930//7374 3032//7374 3028//7374
f 3930//7375 3028//7375 3929//7375
f 3931//7376 3049//7376 3032//7376
f 3931//7377 3032//7377 3930//7377
f 3932//7378 3054//7378 3049//7378
f 3932//7379 3049//7379 3931//7379
f 3933//7380 3060//7380 3054//7380
f 3933//7381 3054//7381 3932//7381
f 3934//7382 3056//7382 3060//7382
f 3934//7383 3060//7383 3933//7383
f 3089//7384 3056//7384 3934//7384
f 3089//7385 3934//7385 3935//7385
f 3936//7386 3708//7386 3089//7386
f 3936//7387 3089//7387 3935//7387
f 3057//7388 3708//7388 3936//7388
f 3057//7389 3936//7389 3937//7389
f 3938//7390 3116//7390 3057//7390
f 3938//7391 3057//7391 3937//7391
f 1734//7392 962//7392 3116//7392
f 1734//7393 3116//7393 3938//7393
f 3939//7394 3611//7394 976//7394
f 3939//7395 976//7395 1735//7395
f 3822//7396 3611//7396 3939//7396
f 3822//7397 3939//7397 3940//7397
f 3471//7398 3822//7398 3940//7398
f 3471//7399 3940//7399 3941//7399
f 3942//7400 3476//7400 3471//7400
f 3942//7401 3471//7401 3941//7401
f 3476//7402 3942//7402 3943//7402
f 3476//7403 3943//7403 3644//7403
f 3944//7404 2560//7404 3644//7404
f 3944//7405 3644//7405 3943//7405
f 4218//7406 2560//7406 3944//7406
f 4218//7407 3944//7407 4219//7407
f 4219//7408 3945//7408 3530//7408
f 4219//7409 3530//7409 4218//7409
f 3530//7410 3945//7410 2583//7410
f 3530//7411 2583//7411 2586//7411
f 3947//7412 2577//7412 3636//7412
f 3947//7413 3636//7413 3946//7413
f 3948//7414 2576//7414 2577//7414
f 3948//7415 2577//7415 3947//7415
f 4110//7416 2576//7416 3948//7416
f 4110//7417 3948//7417 4111//7417
f 2720//7418 3248//7418 3949//7418
f 2720//7419 3949//7419 3950//7419
f 3951//7420 2564//7420 4184//7420
f 3951//7421 4184//7421 4183//7421
f 3952//7422 2732//7422 2564//7422
f 3952//7423 2564//7423 3951//7423
f 3953//7424 3226//7424 2732//7424
f 3953//7425 2732//7425 3952//7425
f 2557//7426 3226//7426 3953//7426
f 2557//7427 3953//7427 3954//7427
f 3955//7428 2556//7428 2557//7428
f 3955//7429 2557//7429 3954//7429
f 3956//7430 3219//7430 4155//7430
f 3956//7431 4155//7431 4154//7431
f 3957//7432 2541//7432 3219//7432
f 3957//7433 3219//7433 3956//7433
f 3958//7434 2542//7434 2541//7434
f 3958//7435 2541//7435 3957//7435
f 3959//7436 2534//7436 2542//7436
f 3959//7437 2542//7437 3958//7437
f 2525//7438 2534//7438 3959//7438
f 2525//7439 3959//7439 3960//7439
f 3961//7440 2519//7440 2525//7440
f 3961//7441 2525//7441 3960//7441
f 3962//7442 2971//7442 2519//7442
f 3962//7443 2519//7443 3961//7443
f 3963//7444 2506//7444 2971//7444
f 3963//7445 2971//7445 3962//7445
f 3964//7446 2956//7446 2506//7446
f 3964//7447 2506//7447 3963//7447
f 2507//7448 2956//7448 3964//7448
f 2507//7449 3964//7449 3965//7449
f 3966//7450 2493//7450 2507//7450
f 3966//7451 2507//7451 3965//7451
f 3967//7452 2494//7452 2493//7452
f 3967//7453 2493//7453 3966//7453
f 3968//7454 3403//7454 2494//7454
f 3968//7455 2494//7455 3967//7455
f 3969//7456 3848//7456 3403//7456
f 3969//7457 3403//7457 3968//7457
f 3970//7458 2480//7458 3848//7458
f 3970//7459 3848//7459 3969//7459
f 3971//7460 3093//7460 2480//7460
f 3971//7461 2480//7461 3970//7461
f 3972//7462 3105//7462 3093//7462
f 3972//7463 3093//7463 3971//7463
f 3105//7464 3972//7464 3973//7464
f 3105//7465 3973//7465 2481//7465
f 3974//7466 3414//7466 2481//7466
f 3974//7467 2481//7467 3973//7467
f 3975//7468 3270//7468 3414//7468
f 3975//7469 3414//7469 3974//7469
f 3976//7470 3435//7470 3270//7470
f 3976//7471 3270//7471 3975//7471
f 3434//7472 3435//7472 3976//7472
f 3434//7473 3976//7473 3977//7473
f 3978//7474 3433//7474 3434//7474
f 3978//7475 3434//7475 3977//7475
f 3979//7476 3274//7476 3433//7476
f 3979//7477 3433//7477 3978//7477
f 3980//7478 3466//7478 3274//7478
f 3980//7479 3274//7479 3979//7479
f 2620//7480 3466//7480 3980//7480
f 2620//7481 3980//7481 3981//7481
f 2620//7482 3981//7482 3982//7482
f 2620//7483 3982//7483 2606//7483
f 3983//7484 2607//7484 2606//7484
f 3983//7485 2606//7485 3982//7485
f 3984//7486 2611//7486 2607//7486
f 3984//7487 2607//7487 3983//7487
f 2471//7488 2611//7488 3984//7488
f 2471//7489 3984//7489 3923//7489
f 2619//7490 3985//7490 3986//7490
f 2619//7491 3986//7491 2623//7491
f 2623//7492 3986//7492 3987//7492
f 2623//7493 3987//7493 2683//7493
f 2683//7494 3987//7494 3988//7494
f 2683//7495 3988//7495 3272//7495
f 3272//7496 3988//7496 3989//7496
f 3272//7497 3989//7497 3459//7497
f 3459//7498 3989//7498 3990//7498
f 3459//7499 3990//7499 3460//7499
f 3991//7500 3461//7500 3460//7500
f 3991//7501 3460//7501 3990//7501
f 3461//7502 3991//7502 3992//7502
f 3461//7503 3992//7503 3458//7503
f 3458//7504 3992//7504 3993//7504
f 3458//7505 3993//7505 3457//7505
f 3994//7506 3456//7506 3457//7506
f 3994//7507 3457//7507 3993//7507
f 3456//7508 3994//7508 3995//7508
f 3456//7509 3995//7509 3455//7509
f 3455//7510 3995//7510 3996//7510
f 3455//7511 3996//7511 3443//7511
f 3997//7512 3442//7512 3443//7512
f 3997//7513 3443//7513 3996//7513
f 3998//7514 3851//7514 3442//7514
f 3998//7515 3442//7515 3997//7515
f 3851//7516 3998//7516 3999//7516
f 3851//7517 3999//7517 3444//7517
f 4000//7518 3446//7518 3444//7518
f 4000//7519 3444//7519 3999//7519
f 3446//7520 4000//7520 4001//7520
f 3446//7521 4001//7521 3445//7521
f 3445//7522 4001//7522 4002//7522
f 3445//7523 4002//7523 3447//7523
f 4003//7524 3454//7524 3447//7524
f 4003//7525 3447//7525 4002//7525
f 3454//7526 4003//7526 4004//7526
f 3454//7527 4004//7527 3453//7527
f 3453//7528 4004//7528 4005//7528
f 3453//7529 4005//7529 3449//7529
f 3449//7530 4005//7530 4006//7530
f 3449//7531 4006//7531 3448//7531
f 3448//7532 4006//7532 4007//7532
f 3448//7533 4007//7533 3450//7533
f 4008//7534 3451//7534 3450//7534
f 4008//7535 3450//7535 4007//7535
f 3451//7536 4008//7536 4009//7536
f 3451//7537 4009//7537 3452//7537
f 3452//7538 4009//7538 4010//7538
f 3452//7539 4010//7539 2561//7539
f 4011//7540 3222//7540 2561//7540
f 4011//7541 2561//7541 4010//7541
f 4159//7542 3222//7542 4011//7542
f 4159//7543 4011//7543 4160//7543
f 2573//7544 4012//7544 4013//7544
f 2573//7545 4013//7545 2574//7545
f 4014//7546 3223//7546 2574//7546
f 4014//7547 2574//7547 4013//7547
f 3223//7548 4014//7548 4015//7548
f 3223//7549 4015//7549 2729//7549
f 2729//7550 4015//7550 4016//7550
f 2729//7551 4016//7551 2580//7551
f 4188//7552 2580//7552 4016//7552
f 4188//7553 4016//7553 4189//7553
f 4018//7554 3245//7554 2717//7554
f 4018//7555 2717//7555 4017//7555
f 4019//7556 2588//7556 4106//7556
f 4019//7557 4106//7557 4105//7557
f 2588//7558 4019//7558 4020//7558
f 2588//7559 4020//7559 2589//7559
f 2589//7560 4020//7560 4021//7560
f 2589//7561 4021//7561 3639//7561
f 1599//7562 1820//7562 4023//7562
f 1599//7563 4023//7563 3811//7563
f 4024//7564 3810//7564 3811//7564
f 4024//7565 3811//7565 4023//7565
f 3809//7566 3810//7566 4024//7566
f 3809//7567 4024//7567 4025//7567
f 3809//7568 4025//7568 4026//7568
f 3809//7569 4026//7569 3802//7569
f 4027//7570 3696//7570 3802//7570
f 4027//7571 3802//7571 4026//7571
f 4028//7572 3692//7572 3696//7572
f 4028//7573 3696//7573 4027//7573
f 4029//7574 3691//7574 3692//7574
f 4029//7575 3692//7575 4028//7575
f 4030//7576 3690//7576 3691//7576
f 4030//7577 3691//7577 4029//7577
f 3078//7578 3690//7578 4030//7578
f 3078//7579 4030//7579 4031//7579
f 3077//7580 3078//7580 4031//7580
f 3077//7581 4031//7581 4032//7581
f 3076//7582 3077//7582 4032//7582
f 3076//7583 4032//7583 4033//7583
f 3075//7584 3076//7584 4033//7584
f 3075//7585 4033//7585 4034//7585
f 2485//7586 3075//7586 4034//7586
f 2485//7587 4034//7587 2503//7587
f 2514//7588 3020//7588 4035//7588
f 2514//7589 4035//7589 2997//7589
f 2997//7590 4035//7590 4036//7590
f 2997//7591 4036//7591 2986//7591
f 3669//7592 2986//7592 4036//7592
f 3669//7593 4036//7593 4037//7593
f 3669//7594 4037//7594 4038//7594
f 3669//7595 4038//7595 2616//7595
f 4039//7596 2617//7596 2616//7596
f 4039//7597 2616//7597 4038//7597
f 2617//7598 4039//7598 4040//7598
f 2617//7599 4040//7599 2618//7599
f 2618//7600 4040//7600 3985//7600
f 2618//7601 3985//7601 2619//7601
f 4041//7602 3075//7602 2485//7602
f 4041//7603 2485//7603 2478//7603
f 4042//7604 3076//7604 3075//7604
f 4042//7605 3075//7605 4041//7605
f 4043//7606 3077//7606 3076//7606
f 4043//7607 3076//7607 4042//7607
f 4044//7608 3078//7608 3077//7608
f 4044//7609 3077//7609 4043//7609
f 4045//7610 3690//7610 3078//7610
f 4045//7611 3078//7611 4044//7611
f 3690//7612 4045//7612 4046//7612
f 3690//7613 4046//7613 3691//7613
f 4047//7614 3692//7614 3691//7614
f 4047//7615 3691//7615 4046//7615
f 4048//7616 3696//7616 3692//7616
f 4048//7617 3692//7617 4047//7617
f 4049//7618 3802//7618 3696//7618
f 4049//7619 3696//7619 4048//7619
f 4050//7620 3809//7620 3802//7620
f 4050//7621 3802//7621 4049//7621
f 4051//7622 3810//7622 3809//7622
f 4051//7623 3809//7623 4050//7623
f 4052//7624 3811//7624 3810//7624
f 4052//7625 3810//7625 4051//7625
f 1599//7626 3811//7626 4052//7626
f 1599//7627 4052//7627 1851//7627
f 4053//7628 3608//7628 1644//7628
f 4053//7629 1644//7629 1852//7629
f 3825//7630 3608//7630 4053//7630
f 3825//7631 4053//7631 4054//7631
f 3468//7632 3825//7632 4054//7632
f 3468//7633 4054//7633 4055//7633
f 4056//7634 3479//7634 3468//7634
f 4056//7635 3468//7635 4055//7635
f 3479//7636 4056//7636 4057//7636
f 3479//7637 4057//7637 3641//7637
f 4058//7638 2579//7638 3641//7638
f 4058//7639 3641//7639 4057//7639
f 4214//7640 2579//7640 4058//7640
f 4214//7641 4058//7641 4215//7641
f 4215//7642 4059//7642 3527//7642
f 4215//7643 3527//7643 4214//7643
f 3527//7644 4059//7644 4022//7644
f 3527//7645 4022//7645 3513//7645
f 4062//7646 2589//7646 3639//7646
f 4062//7647 3639//7647 4061//7647
f 4063//7648 2588//7648 2589//7648
f 4063//7649 2589//7649 4062//7649
f 4106//7650 2588//7650 4063//7650
f 4106//7651 4063//7651 4107//7651
f 2717//7652 3245//7652 4064//7652
f 2717//7653 4064//7653 4065//7653
f 4066//7654 2580//7654 4188//7654
f 4066//7655 4188//7655 4187//7655
f 4067//7656 2729//7656 2580//7656
f 4067//7657 2580//7657 4066//7657
f 4068//7658 3223//7658 2729//7658
f 4068//7659 2729//7659 4067//7659
f 2574//7660 3223//7660 4068//7660
f 2574//7661 4068//7661 4069//7661
f 4070//7662 2573//7662 2574//7662
f 4070//7663 2574//7663 4069//7663
f 4071//7664 3222//7664 4159//7664
f 4071//7665 4159//7665 4158//7665
f 2561//7666 3222//7666 4071//7666
f 2561//7667 4071//7667 4072//7667
f 4073//7668 3452//7668 2561//7668
f 4073//7669 2561//7669 4072//7669
f 4074//7670 3451//7670 3452//7670
f 4074//7671 3452//7671 4073//7671
f 3450//7672 3451//7672 4074//7672
f 3450//7673 4074//7673 4075//7673
f 4076//7674 3448//7674 3450//7674
f 4076//7675 3450//7675 4075//7675
f 4077//7676 3449//7676 3448//7676
f 4077//7677 3448//7677 4076//7677
f 4078//7678 3453//7678 3449//7678
f 4078//7679 3449//7679 4077//7679
f 4079//7680 3454//7680 3453//7680
f 4079//7681 3453//7681 4078//7681
f 3447//7682 3454//7682 4079//7682
f 3447//7683 4079//7683 4080//7683
f 4081//7684 3445//7684 3447//7684
f 4081//7685 3447//7685 4080//7685
f 4082//7686 3446//7686 3445//7686
f 4082//7687 3445//7687 4081//7687
f 3444//7688 3446//7688 4082//7688
f 3444//7689 4082//7689 4083//7689
f 4084//7690 3851//7690 3444//7690
f 4084//7691 3444//7691 4083//7691
f 4085//7692 3442//7692 3851//7692
f 4085//7693 3851//7693 4084//7693
f 4086//7694 3443//7694 3442//7694
f 4086//7695 3442//7695 4085//7695
f 4087//7696 3455//7696 3443//7696
f 4087//7697 3443//7697 4086//7697
f 4088//7698 3456//7698 3455//7698
f 4088//7699 3455//7699 4087//7699
f 4089//7700 3457//7700 3456//7700
f 4089//7701 3456//7701 4088//7701
f 4090//7702 3458//7702 3457//7702
f 4090//7703 3457//7703 4089//7703
f 4091//7704 3461//7704 3458//7704
f 4091//7705 3458//7705 4090//7705
f 3460//7706 3461//7706 4091//7706
f 3460//7707 4091//7707 4092//7707
f 4093//7708 3459//7708 3460//7708
f 4093//7709 3460//7709 4092//7709
f 4094//7710 3272//7710 3459//7710
f 4094//7711 3459//7711 4093//7711
f 2683//7712 3272//7712 4094//7712
f 2683//7713 4094//7713 4095//7713
f 2683//7714 4095//7714 4096//7714
f 2683//7715 4096//7715 2623//7715
f 4097//7716 2619//7716 2623//7716
f 4097//7717 2623//7717 4096//7717
f 4098//7718 2618//7718 2619//7718
f 4098//7719 2619//7719 4097//7719
f 4099//7720 2617//7720 2618//7720
f 4099//7721 2618//7721 4098//7721
f 2616//7722 2617//7722 4099//7722
f 2616//7723 4099//7723 4100//7723
f 4101//7724 3669//7724 2616//7724
f 4101//7725 2616//7725 4100//7725
f 4102//7726 2986//7726 3669//7726
f 4102//7727 3669//7727 4101//7727
f 2997//7728 2986//7728 4102//7728
f 2997//7729 4102//7729 4103//7729
f 2997//7730 4103//7730 3019//7730
f 2997//7731 3019//7731 2514//7731
f 3510//7732 4104//7732 4105//7732
f 3510//7733 4105//7733 4018//7733
f 4106//7734 3245//7734 4018//7734
f 4106//7735 4018//7735 4105//7735
f 3245//7736 4106//7736 4107//7736
f 3245//7737 4107//7737 4064//7737
f 4108//7738 3246//7738 4064//7738
f 4108//7739 4064//7739 4107//7739
f 3246//7740 4108//7740 4109//7740
f 3246//7741 4109//7741 3247//7741
f 3247//7742 4109//7742 4110//7742
f 3247//7743 4110//7743 3248//7743
f 3248//7744 4110//7744 4111//7744
f 3248//7745 4111//7745 3949//7745
f 4319//7746 3949//7746 4111//7746
f 4319//7747 4111//7747 4320//7747
f 4113//7748 3901//7748 3249//7748
f 4113//7749 3249//7749 4112//7749
f 4114//7750 3250//7750 3901//7750
f 4114//7751 3901//7751 4113//7751
f 3250//7752 4114//7752 4115//7752
f 3250//7753 4115//7753 3251//7753
f 3251//7754 4115//7754 4116//7754
f 3251//7755 4116//7755 3252//7755
f 3253//7756 3252//7756 4116//7756
f 3253//7757 4116//7757 4117//7757
f 3253//7758 4117//7758 4118//7758
f 3253//7759 4118//7759 3254//7759
f 3255//7760 3254//7760 4118//7760
f 3255//7761 4118//7761 4119//7761
f 3255//7762 4119//7762 4120//7762
f 3255//7763 4120//7763 3256//7763
f 3256//7764 4120//7764 4121//7764
f 3256//7765 4121//7765 3257//7765
f 4122//7766 3258//7766 3257//7766
f 4122//7767 3257//7767 4121//7767
f 3258//7768 4122//7768 4123//7768
f 3258//7769 4123//7769 3259//7769
f 3259//7770 4123//7770 4124//7770
f 3259//7771 4124//7771 3260//7771
f 4125//7772 3261//7772 3260//7772
f 4125//7773 3260//7773 4124//7773
f 4126//7774 3262//7774 3261//7774
f 4126//7775 3261//7775 4125//7775
f 3262//7776 4126//7776 4127//7776
f 3262//7777 4127//7777 3263//7777
f 3263//7778 4127//7778 4128//7778
f 3263//7779 4128//7779 3264//7779
f 3264//7780 4128//7780 4129//7780
f 3264//7781 4129//7781 3265//7781
f 3265//7782 4129//7782 4130//7782
f 3265//7783 4130//7783 3266//7783
f 4131//7784 3753//7784 3266//7784
f 4131//7785 3266//7785 4130//7785
f 3789//7786 3753//7786 4131//7786
f 3789//7787 4131//7787 4132//7787
f 4134//7788 3759//7788 3794//7788
f 4134//7789 3794//7789 4133//7789
f 3759//7790 4134//7790 4135//7790
f 3759//7791 4135//7791 2857//7791
f 2857//7792 4135//7792 4136//7792
f 2857//7793 4136//7793 2849//7793
f 2849//7794 4136//7794 4137//7794
f 2849//7795 4137//7795 2856//7795
f 2856//7796 4137//7796 4138//7796
f 2856//7796 4138//7796 2808//7796
f 2808//7797 4138//7797 4139//7797
f 2808//7798 4139//7798 2807//7798
f 2807//7799 4139//7799 4140//7799
f 2807//7800 4140//7800 2801//7800
f 2801//7801 4140//7801 4141//7801
f 2801//7802 4141//7802 2934//7802
f 2934//7803 4141//7803 4142//7803
f 2934//7804 4142//7804 2789//7804
f 2789//7805 4142//7805 4143//7805
f 2789//7806 4143//7806 2788//7806
f 2788//7807 4143//7807 4144//7807
f 2788//7808 4144//7808 2771//7808
f 2771//7809 4144//7809 4145//7809
f 2771//7810 4145//7810 2340//7810
f 2340//7811 4145//7811 4146//7811
f 2340//7812 4146//7812 2323//7812
f 2323//7813 4146//7813 4147//7813
f 2323//7814 4147//7814 2319//7814
f 2319//7815 4147//7815 4148//7815
f 2319//7816 4148//7816 2629//7816
f 2629//7817 4148//7817 4149//7817
f 2629//7818 4149//7818 2530//7818
f 2530//7819 4149//7819 4150//7819
f 2530//7820 4150//7820 2527//7820
f 2527//7821 4150//7821 4151//7821
f 2527//7822 4151//7822 2675//7822
f 2675//7823 4151//7823 4152//7823
f 2675//7824 4152//7824 3907//7824
f 4153//7825 2549//7825 3907//7825
f 4153//7826 3907//7826 4152//7826
f 4311//7827 4154//7827 3955//7827
f 4311//7828 3955//7828 4312//7828
f 4155//7829 2556//7829 3955//7829
f 4155//7830 3955//7830 4154//7830
f 2556//7831 4155//7831 4156//7831
f 2556//7832 4156//7832 2562//7832
f 2562//7833 4156//7833 4157//7833
f 2562//7834 4157//7834 2566//7834
f 2566//7835 4157//7835 4158//7835
f 2566//7836 4158//7836 4070//7836
f 4159//7837 2573//7837 4070//7837
f 4159//7838 4070//7838 4158//7838
f 4012//7839 2573//7839 4159//7839
f 4012//7840 4159//7840 4160//7840
f 4161//7841 3505//7841 4012//7841
f 4161//7842 4012//7842 4160//7842
f 2925//7843 4164//7843 4165//7843
f 2925//7844 4165//7844 2924//7844
f 2924//7845 4165//7845 4166//7845
f 2924//7846 4166//7846 2923//7846
f 2923//7847 4166//7847 4167//7847
f 2923//7848 4167//7848 2922//7848
f 2922//7849 4167//7849 4168//7849
f 2922//7850 4168//7850 2921//7850
f 2921//7851 4168//7851 4169//7851
f 2921//7852 4169//7852 2920//7852
f 2920//7853 4169//7853 4170//7853
f 2920//7854 4170//7854 2938//7854
f 2938//7855 4170//7855 4171//7855
f 2938//7856 4171//7856 2919//7856
f 2919//7857 4171//7857 4172//7857
f 2919//7858 4172//7858 2918//7858
f 2918//7859 4172//7859 4173//7859
f 2918//7860 4173//7860 2767//7860
f 2767//7861 4173//7861 4174//7861
f 2767//7862 4174//7862 2728//7862
f 2728//7863 4174//7863 4175//7863
f 2728//7864 4175//7864 2727//7864
f 2727//7865 4175//7865 4176//7865
f 2727//7866 4176//7866 2726//7866
f 2726//7867 4176//7867 4177//7867
f 2726//7868 4177//7868 2725//7868
f 2725//7869 4177//7869 4178//7869
f 2725//7870 4178//7870 2724//7870
f 2724//7871 4178//7871 4179//7871
f 2724//7872 4179//7872 2723//7872
f 2723//7873 4179//7873 4180//7873
f 2723//7874 4180//7874 2722//7874
f 2722//7875 4180//7875 4181//7875
f 2722//7876 4181//7876 3902//7876
f 4182//7877 2721//7877 3902//7877
f 4182//7878 3902//7878 4181//7878
f 4317//7879 4183//7879 3950//7879
f 4317//7880 3950//7880 4318//7880
f 4184//7881 2720//7881 3950//7881
f 4184//7882 3950//7882 4183//7882
f 2720//7883 4184//7883 4185//7883
f 2720//7884 4185//7884 2719//7884
f 2719//7885 4185//7885 4186//7885
f 2719//7886 4186//7886 2718//7886
f 2718//7887 4186//7887 4187//7887
f 2718//7888 4187//7888 4065//7888
f 4188//7889 2717//7889 4065//7889
f 4188//7890 4065//7890 4187//7890
f 4017//7891 2717//7891 4188//7891
f 4017//7892 4188//7892 4189//7892
f 4190//7893 3509//7893 4017//7893
f 4190//7894 4017//7894 4189//7894
f 2925//7895 4191//7895 4163//7895
f 2925//7896 4163//7896 4164//7896
f 4191//7897 3754//7897 4162//7897
f 4191//7898 4162//7898 4163//7898
f 3753//7899 4191//7899 2925//7899
f 3753//7900 2925//7900 3266//7900
f 3754//7901 4191//7901 3753//7901
f 3754//7902 3753//7902 3789//7902
f 2890//7903 3828//7903 2942//7903
f 2890//7904 2942//7904 2941//7904
f 2890//7905 3481//7905 3830//7905
f 2890//7906 3830//7906 3828//7906
f 3829//7907 3827//7907 3480//7907
f 3829//7908 3480//7908 4195//7908
f 3480//7909 3827//7909 3830//7909
f 3480//7910 3830//7910 3481//7910
f 3541//7911 3542//7911 4229//7911
f 3541//7912 4229//7912 4196//7912
f 4192//7913 3541//7913 4196//7913
f 4192//7914 4196//7914 4197//7914
f 4193//7915 4192//7915 4197//7915
f 4193//7916 4197//7916 4198//7916
f 4194//7917 4193//7917 4198//7917
f 4194//7918 4198//7918 4199//7918
f 4195//7919 4194//7919 4199//7919
f 4195//7920 4199//7920 4200//7920
f 3829//7921 4195//7921 4200//7921
f 3829//7922 4200//7922 2660//7922
f 4196//7923 4201//7923 4202//7923
f 4196//7924 4202//7924 4197//7924
f 4203//7925 4198//7925 4197//7925
f 4203//7926 4197//7926 4202//7926
f 4198//7927 4203//7927 4204//7927
f 4198//7928 4204//7928 4199//7928
f 4199//7929 4204//7929 4205//7929
f 4199//7930 4205//7930 4200//7930
f 4200//7931 4205//7931 2252//7931
f 4200//7932 2252//7932 2660//7932
f 4223//7933 4206//7933 4207//7933
f 4223//7934 4207//7934 4224//7934
f 4208//7935 4225//7935 4224//7935
f 4208//7936 4224//7936 4207//7936
f 4225//7937 4208//7937 4209//7937
f 4225//7938 4209//7938 4226//7938
f 4226//7939 4209//7939 4210//7939
f 4226//7940 4210//7940 4227//7940
f 3617//7941 4207//7941 4206//7941
f 3617//7942 4206//7942 3647//7942
f 3616//7943 4208//7943 4207//7943
f 3616//7944 4207//7944 3617//7944
f 3826//7945 4209//7945 4208//7945
f 3826//7946 4208//7946 3616//7946
f 3615//7947 4210//7947 4209//7947
f 3615//7948 4209//7948 3826//7948
f 4211//7949 4212//7949 2252//7949
f 4211//7950 2252//7950 4205//7950
f 4211//7951 2013//7951 2014//7951
f 4211//7952 2014//7952 4212//7952
f 1399//7953 2016//7953 4213//7953
f 1399//7954 4213//7954 3614//7954
f 3614//7955 4213//7955 4210//7955
f 3614//7956 4210//7956 3615//7956
f 4228//7957 4213//7957 2016//7957
f 4228//7958 2016//7958 2032//7958
f 4213//7959 4228//7959 4227//7959
f 4213//7960 4227//7960 4210//7960
f 4201//7961 4223//7961 4224//7961
f 4201//7962 4224//7962 4202//7962
f 4225//7963 4203//7963 4202//7963
f 4225//7964 4202//7964 4224//7964
f 4203//7965 4225//7965 4226//7965
f 4203//7966 4226//7966 4204//7966
f 4204//7967 4226//7967 4227//7967
f 4204//7968 4227//7968 4205//7968
f 4228//7969 4211//7969 4205//7969
f 4228//7970 4205//7970 4227//7970
f 2032//7971 2013//7971 4211//7971
f 2032//7972 4211//7972 4228//7972
f 4196//7973 4229//7973 4230//7973
f 4196//7974 4230//7974 4201//7974
f 4201//7975 4230//7975 4231//7975
f 4201//7976 4231//7976 4223//7976
f 4223//7977 4231//7977 4232//7977
f 4223//7978 4232//7978 4206//7978
f 3542//7979 2344//7979 4233//7979
f 3542//7980 4233//7980 4234//7980
f 3629//7981 3630//7981 4233//7981
f 3629//7982 4233//7982 2344//7982
f 4229//7983 3542//7983 4234//7983
f 4229//7984 4234//7984 4230//7984
f 4206//7985 4232//7985 4235//7985
f 4206//7986 4235//7986 3647//7986
f 4234//7987 4233//7987 4236//7987
f 4234//7988 4236//7988 4237//7988
f 3630//7989 3631//7989 4236//7989
f 3630//7990 4236//7990 4233//7990
f 4230//7991 4234//7991 4237//7991
f 4230//7992 4237//7992 4231//7992
f 4237//7993 4236//7993 4238//7993
f 4237//7994 4238//7994 4239//7994
f 3631//7995 3632//7995 4238//7995
f 3631//7996 4238//7996 4236//7996
f 4231//7997 4237//7997 4239//7997
f 4231//7998 4239//7998 4232//7998
f 4239//7999 4238//7999 4240//7999
f 4239//8000 4240//8000 4241//8000
f 3632//8001 3633//8001 4240//8001
f 3632//8002 4240//8002 4238//8002
f 4232//8003 4239//8003 4241//8003
f 4232//8004 4241//8004 4235//8004
f 2578//8005 3636//8005 3637//8005
f 2578//8006 3637//8006 2583//8006
f 2583//8007 3637//8007 3638//8007
f 2583//8008 3638//8008 2586//8008
f 2586//8009 3638//8009 4061//8009
f 2586//8010 4061//8010 4060//8010
f 4022//8011 4021//8011 3640//8011
f 4022//8012 3640//8012 3513//8012
f 2590//8013 3639//8013 4021//8013
f 2590//8014 4021//8014 4022//8014
f 4060//8015 4061//8015 3639//8015
f 4060//8016 3639//8016 2590//8016
f 4323//8017 3946//8017 4243//8017
f 4323//8018 4243//8018 4324//8018
f 4245//8019 3634//8019 3898//8019
f 4245//8020 3898//8020 4244//8020
f 4244//8021 3898//8021 3635//8021
f 4244//8022 3635//8022 4242//8022
f 4243//8023 3946//8023 3636//8023
f 4243//8024 3636//8024 2578//8024
f 2014//8025 934//8025 3600//8025
f 2014//8026 3600//8026 4212//8026
f 2252//8027 4212//8027 3600//8027
f 2252//8028 3600//8028 2362//8028
f 2252//8029 2362//8029 2361//8029
f 2252//8030 2361//8030 2660//8030
f 4245//8031 4240//8031 3633//8031
f 4245//8032 3633//8032 3634//8032
f 4235//8033 4252//8033 4246//8033
f 4235//8034 4246//8034 3647//8034
f 4253//8035 4241//8035 4240//8035
f 4253//8036 4240//8036 4245//8036
f 3617//8037 3647//8037 4246//8037
f 3617//8038 4246//8038 4247//8038
f 1399//8039 3614//8039 4248//8039
f 1399//8040 4248//8040 2053//8040
f 3614//8041 3615//8041 4249//8041
f 3614//8042 4249//8042 4248//8042
f 3615//8043 3826//8043 4250//8043
f 3615//8044 4250//8044 4249//8044
f 4251//8045 3616//8045 3617//8045
f 4251//8046 3617//8046 4247//8046
f 3826//8047 3616//8047 4251//8047
f 3826//8048 4251//8048 4250//8048
f 4235//8049 4241//8049 4253//8049
f 4235//8050 4253//8050 4252//8050
f 4248//8051 4254//8051 2059//8051
f 4248//8052 2059//8052 2053//8052
f 4254//8053 4248//8053 4249//8053
f 4254//8054 4249//8054 4255//8054
f 4255//8055 4249//8055 4250//8055
f 4255//8056 4250//8056 4256//8056
f 4256//8057 4250//8057 4251//8057
f 4256//8058 4251//8058 4257//8058
f 4257//8059 4251//8059 4247//8059
f 4257//8060 4247//8060 4258//8060
f 4246//8061 4259//8061 4258//8061
f 4246//8062 4258//8062 4247//8062
f 4252//8063 4260//8063 4259//8063
f 4252//8064 4259//8064 4246//8064
f 4260//8065 4252//8065 4253//8065
f 4260//8066 4253//8066 4261//8066
f 4254//8067 3613//8067 973//8067
f 4254//8068 973//8068 2059//8068
f 3613//8069 4254//8069 4255//8069
f 3613//8070 4255//8070 2680//8070
f 2680//8071 4255//8071 4256//8071
f 2680//8072 4256//8072 3473//8072
f 3473//8073 4256//8073 4257//8073
f 3473//8074 4257//8074 3474//8074
f 3474//8075 4257//8075 4258//8075
f 3474//8076 4258//8076 3646//8076
f 4259//8077 2677//8077 3646//8077
f 4259//8078 3646//8078 4258//8078
f 4260//8079 4222//8079 2677//8079
f 4260//8080 2677//8080 4259//8080
f 4222//8081 4260//8081 4261//8081
f 4222//8082 4261//8082 3532//8082
f 4261//8083 4253//8083 4245//8083
f 4261//8084 4245//8084 4244//8084
f 3897//8085 4325//8085 4324//8085
f 3897//8086 4324//8086 4243//8086
f 3532//8087 4261//8087 4244//8087
f 3532//8088 4244//8088 4242//8088
f 3130//8089 3133//8089 3134//8089
f 3130//8090 3134//8090 3129//8090
f 3138//8091 4262//8091 3133//8091
f 3138//8092 3133//8092 3136//8092
f 3133//8093 4262//8093 4263//8093
f 3133//8094 4263//8094 3134//8094
f 4263//8095 2763//8095 3135//8095
f 4263//8096 3135//8096 3134//8096
f 4262//8097 3142//8097 3141//8097
f 4262//8098 3141//8098 4263//8098
f 4263//8099 3141//8099 2348//8099
f 4263//8100 2348//8100 2763//8100
f 4262//8101 3138//8101 3139//8101
f 4262//8102 3139//8102 3142//8102
f 3140//8103 3168//8103 3142//8103
f 3140//8104 3142//8104 3139//8104
f 3131//8105 3169//8105 3168//8105
f 3131//8106 3168//8106 3140//8106
f 3169//8107 3131//8107 3132//8107
f 3169//8108 3132//8108 3547//8108
f 3547//8109 3132//8109 3143//8109
f 3547//8110 3143//8110 3538//8110
f 4265//8111 2594//8111 2595//8111
f 4265//8112 2595//8112 4264//8112
f 4266//8113 2356//8113 2594//8113
f 4266//8114 2594//8114 4265//8114
f 4267//8115 3855//8115 2356//8115
f 4267//8116 2356//8116 4266//8116
f 2354//8117 3855//8117 4267//8117
f 2354//8118 4267//8118 4268//8118
f 4269//8119 3395//8119 4380//8119
f 4269//8120 4380//8120 4379//8120
f 4270//8121 3365//8121 3395//8121
f 4270//8122 3395//8122 4269//8122
f 2350//8123 3365//8123 4270//8123
f 2350//8124 4270//8124 4271//8124
f 3521//8125 3190//8125 4272//8125
f 3521//8126 4272//8126 3522//8126
f 2251//8127 3525//8127 4273//8127
f 2251//8128 4273//8128 4274//8128
f 4275//8129 3174//8129 2251//8129
f 4275//8130 2251//8130 4274//8130
f 4277//8131 4265//8131 4264//8131
f 4277//8132 4264//8132 4276//8132
f 4279//8133 4267//8133 4266//8133
f 4279//8134 4266//8134 4278//8134
f 4281//8135 4269//8135 4379//8135
f 4281//8136 4379//8136 4378//8136
f 4270//8137 4269//8137 4281//8137
f 4270//8138 4281//8138 4282//8138
f 4283//8139 4271//8139 4270//8139
f 4283//8140 4270//8140 4282//8140
f 3522//8141 4272//8141 4284//8141
f 3522//8142 4284//8142 4285//8142
f 3535//8143 3538//8143 3143//8143
f 3535//8144 3143//8144 3539//8144
f 4275//8145 3535//8145 3539//8145
f 4275//8146 3539//8146 3173//8146
f 3172//8147 3174//8147 4275//8147
f 3172//8148 4275//8148 3173//8148
f 3603//8149 3174//8149 3172//8149
f 3603//8150 3172//8150 3602//8150
f 978//8151 979//8151 3603//8151
f 978//8152 3603//8152 3602//8152
f 3427//8153 4286//8153 3430//8153
f 3427//8154 3430//8154 3426//8154
f 3870//8155 3869//8155 3430//8155
f 3870//8156 3430//8156 4286//8156
f 3870//8157 4288//8157 4287//8157
f 3870//8158 4287//8158 3869//8158
f 3870//8159 2662//8159 3871//8159
f 3870//8160 3871//8160 4288//8160
f 4288//8161 4290//8161 4289//8161
f 4288//8162 4289//8162 4287//8162
f 4288//8163 3871//8163 2661//8163
f 4288//8164 2661//8164 4290//8164
f 4290//8165 3980//8165 3979//8165
f 4290//8166 3979//8166 4289//8166
f 2661//8167 3981//8167 3980//8167
f 2661//8168 3980//8168 4290//8168
f 3269//8169 4291//8169 4292//8169
f 3269//8170 4292//8170 3413//8170
f 2473//8171 3413//8171 4292//8171
f 2473//8172 4292//8172 4293//8172
f 4294//8173 3106//8173 2473//8173
f 4294//8174 2473//8174 4293//8174
f 3094//8175 3106//8175 4294//8175
f 3094//8176 4294//8176 4295//8176
f 2472//8177 3094//8177 4295//8177
f 2472//8178 4295//8178 4296//8178
f 2472//8179 4296//8179 4297//8179
f 2472//8180 4297//8180 3847//8180
f 3847//8181 4297//8181 4298//8181
f 3847//8182 4298//8182 3402//8182
f 2489//8183 3402//8183 4298//8183
f 2489//8184 4298//8184 4299//8184
f 2489//8185 4299//8185 4300//8185
f 2489//8186 4300//8186 2488//8186
f 2488//8187 4300//8187 4301//8187
f 2488//8188 4301//8188 2498//8188
f 4302//8189 2957//8189 2498//8189
f 4302//8190 2498//8190 4301//8190
f 2957//8191 4302//8191 4303//8191
f 2957//8192 4303//8192 2497//8192
f 2972//8193 2497//8193 4303//8193
f 2972//8194 4303//8194 4304//8194
f 2972//8195 4304//8195 4305//8195
f 2972//8196 4305//8196 2508//8196
f 2508//8197 4305//8197 4306//8197
f 2508//8198 4306//8198 2520//8198
f 4307//8199 2526//8199 2520//8199
f 4307//8200 2520//8200 4306//8200
f 2526//8201 4307//8201 4308//8201
f 2526//8202 4308//8202 2536//8202
f 2535//8203 2536//8203 4308//8203
f 2535//8204 4308//8204 4309//8204
f 3218//8205 2535//8205 4309//8205
f 3218//8206 4309//8206 4310//8206
f 4153//8207 3218//8207 4310//8207
f 4153//8208 4310//8208 4311//8208
f 2549//8209 4153//8209 4311//8209
f 2549//8210 4311//8210 4312//8210
f 2550//8211 2549//8211 4312//8211
f 2550//8212 4312//8212 4313//8212
f 4314//8213 3227//8213 2550//8213
f 4314//8214 2550//8214 4313//8214
f 2733//8215 3227//8215 4314//8215
f 2733//8216 4314//8216 4315//8216
f 2733//8217 4315//8217 4316//8217
f 2733//8218 4316//8218 2558//8218
f 4182//8219 2558//8219 4316//8219
f 4182//8220 4316//8220 4317//8220
f 2721//8221 4182//8221 4317//8221
f 2721//8222 4317//8222 4318//8222
f 4319//8223 3249//8223 2721//8223
f 4319//8224 2721//8224 4318//8224
f 4112//8225 3249//8225 4319//8225
f 4112//8226 4319//8226 4320//8226
f 4321//8227 2569//8227 4112//8227
f 4321//8228 4112//8228 4320//8228
f 2569//8229 4321//8229 4322//8229
f 2569//8230 4322//8230 2570//8230
f 2570//8231 4322//8231 4323//8231
f 2570//8232 4323//8232 3635//8232
f 4242//8233 3635//8233 4323//8233
f 4242//8234 4323//8234 4324//8234
f 3532//8235 4242//8235 4324//8235
f 3532//8236 4324//8236 4325//8236
f 4222//8237 3532//8237 4325//8237
f 4222//8238 4325//8238 4326//8238
f 4327//8239 2677//8239 4222//8239
f 4327//8240 4222//8240 4326//8240
f 4328//8241 3646//8241 2677//8241
f 4328//8242 2677//8242 4327//8242
f 4329//8243 3474//8243 3646//8243
f 4329//8244 3646//8244 4328//8244
f 3473//8245 3474//8245 4329//8245
f 3473//8246 4329//8246 4330//8246
f 4331//8247 2680//8247 3473//8247
f 4331//8248 3473//8248 4330//8248
f 3613//8249 2680//8249 4331//8249
f 3613//8250 4331//8250 4332//8250
f 2139//8251 973//8251 3613//8251
f 2139//8252 3613//8252 4332//8252
f 3978//8253 4333//8253 4289//8253
f 3978//8254 4289//8254 3979//8254
f 3977//8255 4334//8255 4333//8255
f 3977//8256 4333//8256 3978//8256
f 3976//8257 4335//8257 4334//8257
f 3976//8258 4334//8258 3977//8258
f 3975//8259 4291//8259 4335//8259
f 3975//8260 4335//8260 3976//8260
f 4337//8261 3278//8261 3555//8261
f 4337//8262 3555//8262 4336//8262
f 4338//8263 3285//8263 3278//8263
f 4338//8264 3278//8264 4337//8264
f 4339//8265 3292//8265 3285//8265
f 4339//8266 3285//8266 4338//8266
f 4340//8267 3299//8267 3292//8267
f 4340//8268 3292//8268 4339//8268
f 3306//8269 3299//8269 4340//8269
f 3306//8270 4340//8270 4341//8270
f 4342//8271 3350//8271 3306//8271
f 4342//8272 3306//8272 4341//8272
f 4343//8273 3380//8273 3350//8273
f 4343//8274 3350//8274 4342//8274
f 4360//8275 3380//8275 4343//8275
f 4360//8276 4343//8276 4361//8276
f 4344//8277 4345//8277 3375//8277
f 4344//8278 3375//8278 3370//8278
f 4346//8279 3420//8279 3375//8279
f 4346//8280 3375//8280 4345//8280
f 4347//8281 3424//8281 3420//8281
f 4347//8282 3420//8282 4346//8282
f 4348//8283 3428//8283 3424//8283
f 4348//8284 3424//8284 4347//8284
f 4349//8285 3431//8285 3428//8285
f 4349//8286 3428//8286 4348//8286
f 3431//8287 4349//8287 4350//8287
f 3431//8288 4350//8288 3868//8288
f 3866//8289 3867//8289 4351//8289
f 3866//8290 4351//8290 3269//8290
f 4351//8291 4335//8291 4291//8291
f 4351//8292 4291//8292 3269//8292
f 3867//8293 3868//8293 4352//8293
f 3867//8294 4352//8294 4351//8294
f 4352//8295 4334//8295 4335//8295
f 4352//8296 4335//8296 4351//8296
f 4334//8297 4352//8297 4353//8297
f 4334//8298 4353//8298 4333//8298
f 4353//8299 4287//8299 4289//8299
f 4353//8300 4289//8300 4333//8300
f 4350//8301 4353//8301 4352//8301
f 4350//8302 4352//8302 3868//8302
f 3869//8303 4287//8303 4353//8303
f 3869//8304 4353//8304 4350//8304
f 3463//8305 4354//8305 3407//8305
f 3463//8306 3407//8306 3464//8306
f 4354//8307 4355//8307 3099//8307
f 4354//8308 3099//8308 3407//8308
f 4355//8309 3110//8309 3098//8309
f 4355//8310 3098//8310 3099//8310
f 4356//8311 2281//8311 3110//8311
f 4356//8312 3110//8312 4355//8312
f 3408//8313 3409//8313 2281//8313
f 3408//8314 2281//8314 4356//8314
f 3417//8315 4357//8315 4358//8315
f 3417//8316 4358//8316 3372//8316
f 3372//8317 4358//8317 4359//8317
f 3372//8318 4359//8318 3371//8318
f 3371//8319 4359//8319 4360//8319
f 3371//8320 4360//8320 3370//8320
f 3370//8321 4360//8321 4361//8321
f 3370//8322 4361//8322 4344//8322
f 4362//8323 3368//8323 4344//8323
f 4362//8324 4344//8324 4361//8324
f 3368//8325 4362//8325 4363//8325
f 3368//8326 4363//8326 3369//8326
f 4364//8327 3151//8327 3369//8327
f 4364//8328 3369//8328 4363//8328
f 4410//8329 3151//8329 4364//8329
f 4410//8330 4364//8330 4411//8330
f 2271//8331 4410//8331 4411//8331
f 2271//8332 4411//8332 4365//8332
f 4366//8333 2269//8333 2271//8333
f 4366//8334 2271//8334 4365//8334
f 2269//8335 4366//8335 4367//8335
f 2269//8336 4367//8336 2304//8336
f 2304//8337 4367//8337 4368//8337
f 2304//8338 4368//8338 2308//8338
f 2308//8339 4368//8339 4369//8339
f 2308//8340 4369//8340 2307//8340
f 4370//8341 2702//8341 2307//8341
f 4370//8342 2307//8342 4369//8342
f 4371//8343 2333//8343 2702//8343
f 4371//8344 2702//8344 4370//8344
f 2333//8345 4371//8345 4372//8345
f 2333//8346 4372//8346 2332//8346
f 4373//8347 2331//8347 2332//8347
f 4373//8348 2332//8348 4372//8348
f 2334//8349 2331//8349 4373//8349
f 2334//8350 4373//8350 4374//8350
f 2334//8351 4374//8351 4375//8351
f 2334//8352 4375//8352 2337//8352
f 2337//8353 4375//8353 4376//8353
f 2337//8354 4376//8354 2358//8354
f 2358//8355 4376//8355 4377//8355
f 2358//8356 4377//8356 2352//8356
f 4280//8357 2352//8357 4377//8357
f 4280//8358 4377//8358 4378//8358
f 4379//8359 4268//8359 4280//8359
f 4379//8360 4280//8360 4378//8360
f 4380//8361 2354//8361 4268//8361
f 4380//8362 4268//8362 4379//8362
f 2354//8363 4380//8363 4536//8363
f 2354//8364 4536//8364 4537//8364
f 2353//8365 4381//8365 4382//8365
f 2353//8366 4382//8366 2357//8366
f 2190//8367 5//8367 2357//8367
f 2190//8368 2357//8368 4382//8368
f 4357//8369 3329//8369 3326//8369
f 4357//8370 3326//8370 3377//8370
f 3408//8371 4356//8371 3462//8371
f 3408//8372 3462//8372 3417//8372
f 3329//8373 4357//8373 4383//8373
f 3329//8374 4383//8374 3332//8374
f 4357//8375 3417//8375 3462//8375
f 4357//8376 3462//8376 4383//8376
f 3118//8377 970//8377 2192//8377
f 3118//8378 2192//8378 4384//8378
f 4385//8379 2545//8379 3118//8379
f 4385//8380 3118//8380 4384//8380
f 4386//8381 3710//8381 2545//8381
f 4386//8382 2545//8382 4385//8382
f 3660//8383 3710//8383 4386//8383
f 3660//8384 4386//8384 4387//8384
f 4388//8385 3659//8385 3660//8385
f 4388//8386 3660//8386 4387//8386
f 4389//8387 2572//8387 3659//8387
f 4389//8388 3659//8388 4388//8388
f 2572//8389 4389//8389 4390//8389
f 2572//8390 4390//8390 3051//8390
f 4391//8391 3046//8391 3051//8391
f 4391//8392 3051//8392 4390//8392
f 4392//8393 2492//8393 3046//8393
f 4392//8394 3046//8394 4391//8394
f 4393//8395 2502//8395 2492//8395
f 4393//8396 2492//8396 4392//8396
f 4394//8397 2521//8397 2502//8397
f 4394//8398 2502//8398 4393//8398
f 4395//8399 3010//8399 2521//8399
f 4395//8400 2521//8400 4394//8400
f 2459//8401 3015//8401 3010//8401
f 2459//8402 3010//8402 4395//8402
f 4421//8403 2763//8403 2348//8403
f 4421//8404 2348//8404 4420//8404
f 2763//8405 4421//8405 4422//8405
f 2763//8406 4422//8406 3135//8406
f 3135//8407 4422//8407 4423//8407
f 3135//8408 4423//8408 3128//8408
f 2839//8409 3128//8409 4423//8409
f 2839//8410 4423//8410 4424//8410
f 4425//8411 2862//8411 2839//8411
f 4425//8412 2839//8412 4424//8412
f 3743//8413 2862//8413 4425//8413
f 3743//8414 4425//8414 4426//8414
f 4427//8415 2863//8415 3743//8415
f 4427//8416 3743//8416 4426//8416
f 4428//8417 2864//8417 2863//8417
f 4428//8418 2863//8418 4427//8418
f 4429//8419 2917//8419 2864//8419
f 4429//8420 2864//8420 4428//8420
f 4430//8421 2916//8421 2917//8421
f 4430//8422 2917//8422 4429//8422
f 3590//8423 2916//8423 4430//8423
f 3590//8424 4430//8424 4431//8424
f 3799//8425 3590//8425 4431//8425
f 3799//8426 4431//8426 4432//8426
f 3781//8427 3799//8427 4432//8427
f 3781//8428 4432//8428 4433//8428
f 4435//8429 3722//8429 3762//8429
f 4435//8430 3762//8430 4434//8430
f 4436//8431 2812//8431 3722//8431
f 4436//8432 3722//8432 4435//8432
f 4437//8433 2809//8433 2812//8433
f 4437//8434 2812//8434 4436//8434
f 4438//8435 2953//8435 2809//8435
f 4438//8436 2809//8436 4437//8436
f 4439//8437 3346//8437 2953//8437
f 4439//8438 2953//8438 4438//8438
f 4440//8439 3345//8439 3346//8439
f 4440//8440 3346//8440 4439//8440
f 3345//8441 4440//8441 4441//8441
f 3345//8442 4441//8442 3343//8442
f 4441//8443 3840//8443 3342//8443
f 4441//8444 3342//8444 3343//8444
f 3839//8445 3465//8445 3840//8445
f 3839//8446 3840//8446 4441//8446
f 3338//8447 3464//8447 3465//8447
f 3338//8448 3465//8448 3839//8448
f 3335//8449 3463//8449 3464//8449
f 3335//8450 3464//8450 3338//8450
f 4356//8451 4355//8451 4354//8451
f 4356//8452 4354//8452 3462//8452
f 3462//8453 4354//8453 3463//8453
f 3462//8454 3463//8454 4383//8454
f 3463//8455 3335//8455 3332//8455
f 3463//8456 3332//8456 4383//8456
f 3624//8457 2712//8457 2450//8457
f 3624//8458 2450//8458 3622//8458
f 3622//8459 2450//8459 3013//8459
f 3622//8460 3013//8460 3621//8460
f 3621//8461 3013//8461 3014//8461
f 3621//8462 3014//8462 3623//8462
f 3623//8463 3014//8463 3015//8463
f 3623//8464 3015//8464 3004//8464
f 3004//8465 3015//8465 2459//8465
f 3004//8466 2459//8466 3003//8466
f 107//8467 2229//8467 4442//8467
f 107//8468 4442//8468 1326//8468
f 4420//8469 2348//8469 3543//8469
f 4420//8470 3543//8470 4443//8470
f 2229//8471 108//8471 4444//8471
f 2229//8472 4444//8472 4442//8472
f 2349//8473 4420//8473 4443//8473
f 2349//8474 4443//8474 4445//8474
f 108//8475 912//8475 4446//8475
f 108//8476 4446//8476 4444//8476
f 3153//8477 2349//8477 4445//8477
f 3153//8478 4445//8478 4447//8478
f 912//8479 1057//8479 4448//8479
f 912//8480 4448//8480 4446//8480
f 3277//8481 3153//8481 4447//8481
f 3277//8482 4447//8482 4449//8482
f 4448//8483 1057//8483 1337//8483
f 4448//8484 1337//8484 1338//8484
f 3277//8485 4449//8485 3555//8485
f 3277//8486 3555//8486 3554//8486
f 1327//8487 1326//8487 4442//8487
f 1327//8488 4442//8488 4450//8488
f 3543//8489 3544//8489 4451//8489
f 3543//8490 4451//8490 4443//8490
f 4450//8491 4442//8491 4444//8491
f 4450//8492 4444//8492 4452//8492
f 4443//8493 4451//8493 4453//8493
f 4443//8494 4453//8494 4445//8494
f 4452//8495 4444//8495 4446//8495
f 4452//8496 4446//8496 4454//8496
f 4445//8497 4453//8497 4455//8497
f 4445//8498 4455//8498 4447//8498
f 4454//8499 4446//8499 4448//8499
f 4454//8500 4448//8500 4456//8500
f 4447//8501 4455//8501 4457//8501
f 4447//8502 4457//8502 4449//8502
f 4456//8503 4448//8503 1338//8503
f 4456//8504 1338//8504 2143//8504
f 4449//8505 4457//8505 4336//8505
f 4449//8506 4336//8506 3555//8506
f 1340//8507 1341//8507 4460//8507
f 1340//8508 4460//8508 4459//8508
f 2143//8509 1339//8509 4461//8509
f 2143//8510 4461//8510 4456//8510
f 1339//8511 1340//8511 4459//8511
f 1339//8512 4459//8512 4461//8512
f 1341//8513 2228//8513 4462//8513
f 1341//8514 4462//8514 4460//8514
f 4462//8515 2228//8515 1342//8515
f 4462//8516 1342//8516 4458//8516
f 4463//8517 3559//8517 4419//8517
f 4463//8518 4419//8518 4467//8518
f 3558//8519 3557//8519 4465//8519
f 3558//8520 4465//8520 4464//8520
f 3556//8521 4336//8521 4457//8521
f 3556//8522 4457//8522 4466//8522
f 3557//8523 3556//8523 4466//8523
f 3557//8524 4466//8524 4465//8524
f 4419//8525 3558//8525 4464//8525
f 4419//8526 4464//8526 4467//8526
f 4459//8527 4460//8527 4469//8527
f 4459//8528 4469//8528 4468//8528
f 4464//8529 4465//8529 4471//8529
f 4464//8530 4471//8530 4470//8530
f 4456//8531 4461//8531 4472//8531
f 4456//8532 4472//8532 4454//8532
f 4461//8533 4459//8533 4468//8533
f 4461//8534 4468//8534 4472//8534
f 4466//8535 4457//8535 4455//8535
f 4466//8536 4455//8536 4473//8536
f 4465//8537 4466//8537 4473//8537
f 4465//8538 4473//8538 4471//8538
f 4468//8539 4469//8539 4475//8539
f 4468//8540 4475//8540 4474//8540
f 4470//8541 4471//8541 4477//8541
f 4470//8542 4477//8542 4476//8542
f 4454//8543 4472//8543 4478//8543
f 4454//8544 4478//8544 4452//8544
f 4472//8545 4468//8545 4474//8545
f 4472//8546 4474//8546 4478//8546
f 4473//8547 4455//8547 4453//8547
f 4473//8548 4453//8548 4479//8548
f 4471//8549 4473//8549 4479//8549
f 4471//8550 4479//8550 4477//8550
f 4474//8551 4475//8551 4481//8551
f 4474//8552 4481//8552 4480//8552
f 4476//8553 4477//8553 4483//8553
f 4476//8554 4483//8554 4482//8554
f 4452//8555 4478//8555 4484//8555
f 4452//8556 4484//8556 4450//8556
f 4478//8557 4474//8557 4480//8557
f 4478//8558 4480//8558 4484//8558
f 4479//8559 4453//8559 4451//8559
f 4479//8560 4451//8560 4485//8560
f 4477//8561 4479//8561 4485//8561
f 4477//8562 4485//8562 4483//8562
f 4480//8563 4481//8563 1316//8563
f 4480//8564 1316//8564 1319//8564
f 4482//8565 4483//8565 3536//8565
f 4482//8566 3536//8566 3533//8566
f 4450//8567 4484//8567 1328//8567
f 4450//8568 1328//8568 1327//8568
f 4484//8569 4480//8569 1319//8569
f 4484//8570 1319//8570 1328//8570
f 4485//8571 4451//8571 3544//8571
f 4485//8572 3544//8572 3545//8572
f 4483//8573 4485//8573 3545//8573
f 4483//8574 3545//8574 3536//8574
f 4460//8575 4462//8575 4486//8575
f 4460//8576 4486//8576 4469//8576
f 4467//8577 4464//8577 4470//8577
f 4467//8578 4470//8578 4487//8578
f 4469//8579 4486//8579 4488//8579
f 4469//8580 4488//8580 4475//8580
f 4487//8581 4470//8581 4476//8581
f 4487//8582 4476//8582 4489//8582
f 4475//8583 4488//8583 4490//8583
f 4475//8584 4490//8584 4481//8584
f 4489//8585 4476//8585 4482//8585
f 4489//8586 4482//8586 4491//8586
f 4481//8587 4490//8587 1309//8587
f 4481//8588 1309//8588 1316//8588
f 4491//8589 4482//8589 3533//8589
f 4491//8590 3533//8590 3526//8590
f 4486//8591 4462//8591 4458//8591
f 4486//8592 4458//8592 4492//8592
f 4493//8593 4463//8593 4467//8593
f 4493//8594 4467//8594 4487//8594
f 4493//8595 4487//8595 4489//8595
f 4493//8596 4489//8596 4494//8596
f 4486//8597 4492//8597 4495//8597
f 4486//8598 4495//8598 4488//8598
f 4497//8599 1309//8599 4490//8599
f 4497//8600 4490//8600 4498//8600
f 3526//8601 4496//8601 4499//8601
f 3526//8602 4499//8602 4491//8602
f 4498//8603 4490//8603 4488//8603
f 4498//8604 4488//8604 4495//8604
f 4491//8605 4499//8605 4494//8605
f 4491//8606 4494//8606 4489//8606
f 1304//8607 1303//8607 4503//8607
f 1304//8608 4503//8608 4504//8608
f 3521//8609 3522//8609 4501//8609
f 3521//8610 4501//8610 4502//8610
f 2091//8611 1304//8611 4504//8611
f 2091//8612 4504//8612 4505//8612
f 3522//8613 4285//8613 4500//8613
f 3522//8614 4500//8614 4501//8614
f 4501//8615 4500//8615 4494//8615
f 4501//8616 4494//8616 4499//8616
f 4502//8617 4501//8617 4499//8617
f 4502//8618 4499//8618 4496//8618
f 4504//8619 4503//8619 4497//8619
f 4504//8620 4497//8620 4498//8620
f 4505//8621 4504//8621 4498//8621
f 4505//8622 4498//8622 4495//8622
f 4285//8623 3563//8623 4506//8623
f 4285//8624 4506//8624 4500//8624
f 1346//8625 2091//8625 4505//8625
f 1346//8626 4505//8626 4507//8626
f 1345//8627 1346//8627 4507//8627
f 1345//8628 4507//8628 4508//8628
f 3563//8629 3562//8629 4509//8629
f 3563//8630 4509//8630 4506//8630
f 1344//8631 1345//8631 4508//8631
f 1344//8632 4508//8632 1343//8632
f 3562//8633 3561//8633 3560//8633
f 3562//8634 3560//8634 4509//8634
f 4508//8635 4507//8635 4492//8635
f 4508//8636 4492//8636 4458//8636
f 4506//8637 4509//8637 4463//8637
f 4506//8638 4463//8638 4493//8638
f 4500//8639 4506//8639 4493//8639
f 4500//8640 4493//8640 4494//8640
f 4507//8641 4505//8641 4495//8641
f 4507//8642 4495//8642 4492//8642
f 1343//8643 4508//8643 4458//8643
f 1343//8644 4458//8644 1342//8644
f 4509//8645 3560//8645 3559//8645
f 4509//8646 3559//8646 4463//8646
f 4522//8647 4523//8647 4512//8647
f 4522//8648 4512//8648 4513//8648
f 4523//8649 4524//8649 4511//8649
f 4523//8650 4511//8650 4512//8650
f 4521//8651 4522//8651 4513//8651
f 4521//8652 4513//8652 4514//8652
f 4524//8653 4525//8653 4510//8653
f 4524//8654 4510//8654 4511//8654
f 4511//8655 4510//8655 3525//8655
f 4511//8656 3525//8656 3605//8656
f 4512//8657 4511//8657 3605//8657
f 4512//8658 3605//8658 1308//8658
f 4513//8659 4512//8659 1308//8659
f 4513//8660 1308//8660 1390//8660
f 4514//8661 4513//8661 1390//8661
f 4514//8662 1390//8662 1307//8662
f 1307//8663 2079//8663 4515//8663
f 1307//8664 4515//8664 4514//8664
f 4273//8665 3525//8665 4510//8665
f 4273//8666 4510//8666 4516//8666
f 4515//8667 2079//8667 1316//8667
f 4515//8668 1316//8668 1309//8668
f 3526//8669 3533//8669 4273//8669
f 3526//8670 4273//8670 4516//8670
f 3526//8671 4516//8671 4520//8671
f 3526//8672 4520//8672 4496//8672
f 4515//8673 1309//8673 4497//8673
f 4515//8674 4497//8674 4519//8674
f 4526//8675 4527//8675 4522//8675
f 4526//8676 4522//8676 4521//8676
f 4527//8677 4528//8677 4523//8677
f 4527//8678 4523//8678 4522//8678
f 4528//8679 4529//8679 4524//8679
f 4528//8680 4524//8680 4523//8680
f 4529//8681 4530//8681 4525//8681
f 4529//8682 4525//8682 4524//8682
f 1347//8683 1348//8683 4527//8683
f 1347//8684 4527//8684 4526//8684
f 1348//8685 1349//8685 4528//8685
f 1348//8686 4528//8686 4527//8686
f 1349//8687 3565//8687 4529//8687
f 1349//8688 4529//8688 4528//8688
f 3565//8689 3564//8689 4530//8689
f 3565//8690 4530//8690 4529//8690
f 4526//8691 4521//8691 4519//8691
f 4526//8692 4519//8692 4517//8692
f 4525//8693 4530//8693 4518//8693
f 4525//8694 4518//8694 4520//8694
f 4521//8695 4514//8695 4515//8695
f 4521//8696 4515//8696 4519//8696
f 4510//8697 4525//8697 4520//8697
f 4510//8698 4520//8698 4516//8698
f 3564//8699 3192//8699 4532//8699
f 3564//8700 4532//8700 4531//8700
f 2351//8701 3366//8701 4534//8701
f 2351//8702 4534//8702 4533//8702
f 3366//8703 3396//8703 4535//8703
f 3366//8704 4535//8704 4534//8704
f 4536//8705 4535//8705 3396//8705
f 4536//8706 3396//8706 4381//8706
f 4537//8707 4536//8707 4381//8707
f 4537//8708 4381//8708 2353//8708
f 2353//8709 3854//8709 4538//8709
f 2353//8710 4538//8710 4537//8710
f 3854//8711 2355//8711 4539//8711
f 3854//8712 4539//8712 4538//8712
f 2355//8713 2593//8713 4540//8713
f 2355//8714 4540//8714 4539//8714
f 2592//8715 4541//8715 4540//8715
f 2592//8716 4540//8716 2593//8716
f 2592//8717 2//8717 4542//8717
f 2592//8718 4542//8718 4541//8718
f 351//8719 4543//8719 4542//8719
f 351//8720 4542//8720 2//8720
f 351//8721 352//8721 4544//8721
f 351//8722 4544//8722 4543//8722
f 114//8723 4545//8723 4544//8723
f 114//8724 4544//8724 352//8724
f 1647//8725 4546//8725 4545//8725
f 1647//8726 4545//8726 114//8726
f 112//8727 4547//8727 4546//8727
f 112//8728 4546//8728 1647//8728
f 4548//8729 4547//8729 112//8729
f 4548//8730 112//8730 2188//8730
f 4549//8731 4548//8731 2188//8731
f 4549//8732 2188//8732 1177//8732
f 1146//8733 4550//8733 4549//8733
f 1146//8734 4549//8734 1177//8734
f 110//8735 4551//8735 4550//8735
f 110//8736 4550//8736 1146//8736
f 1347//8737 4553//8737 4552//8737
f 1347//8738 4552//8738 952//8738
f 4526//8739 4517//8739 4553//8739
f 4526//8740 4553//8740 1347//8740
f 4518//8741 4530//8741 3564//8741
f 4518//8742 3564//8742 4531//8742
f 1303//8743 4553//8743 4517//8743
f 1303//8744 4517//8744 4503//8744
f 4531//8745 3521//8745 4502//8745
f 4531//8746 4502//8746 4518//8746
f 4503//8747 4517//8747 4519//8747
f 4503//8748 4519//8748 4497//8748
f 4518//8749 4502//8749 4496//8749
f 4518//8750 4496//8750 4520//8750
f 4872//8751 1268//8751 69//8751
f 4872//8752 69//8752 4560//8752
f 64//8753 65//8753 4567//8753
f 64//8754 4567//8754 4566//8754
f 5013//8755 5014//8755 4783//8755
f 5013//8756 4783//8756 4784//8756
f 4975//8757 4976//8757 5013//8757
f 4975//8758 5013//8758 5012//8758
f 5012//8759 5013//8759 4784//8759
f 5012//8760 4784//8760 4808//8760
f 5015//8761 5016//8761 4785//8761
f 5015//8762 4785//8762 4782//8762
f 4584//8763 4581//8763 4582//8763
f 4584//8764 4582//8764 4583//8764
f 4585//8765 4584//8765 4583//8765
f 4585//8766 4583//8766 4562//8766
f 4785//8767 5016//8767 5017//8767
f 4785//8768 5017//8768 4786//8768
f 5504//8769 5505//8769 4731//8769
f 5504//8770 4731//8770 4590//8770
f 4842//8771 4729//8771 4589//8771
f 4842//8772 4589//8772 4554//8772
f 5503//8773 5504//8773 4590//8773
f 5503//8774 4590//8774 4775//8774
f 4594//8775 4593//8775 4558//8775
f 4594//8776 4558//8776 4555//8776
f 5501//8777 5502//8777 4578//8777
f 5501//8778 4578//8778 4596//8778
f 4589//8779 4777//8779 4778//8779
f 4589//8780 4778//8780 4554//8780
f 72//8781 2089//8781 4988//8781
f 72//8782 4988//8782 4612//8782
f 109//8783 4601//8783 4600//8783
f 109//8784 4600//8784 4599//8784
f 4917//8785 4918//8785 4603//8785
f 4917//8786 4603//8786 4602//8786
f 4605//8787 4604//8787 4599//8787
f 4605//8788 4599//8788 4600//8788
f 4916//8789 4917//8789 4602//8789
f 4916//8790 4602//8790 4606//8790
f 4918//8791 5497//8791 5498//8791
f 4918//8792 5498//8792 4603//8792
f 4603//8793 4610//8793 4609//8793
f 4603//8794 4609//8794 4602//8794
f 5498//8795 5499//8795 4610//8795
f 5498//8796 4610//8796 4603//8796
f 4551//8797 5496//8797 4601//8797
f 4551//8798 4601//8798 109//8798
f 4612//8799 4615//8799 4614//8799
f 4612//8800 4614//8800 4613//8800
f 4564//8801 4613//8801 4614//8801
f 4564//8802 4614//8802 4616//8802
f 4617//8803 4565//8803 4564//8803
f 4617//8804 4564//8804 4616//8804
f 4618//8805 4587//8805 4565//8805
f 4618//8806 4565//8806 4617//8806
f 4618//8807 4619//8807 4586//8807
f 4618//8808 4586//8808 4587//8808
f 4933//8809 4934//8809 4621//8809
f 4933//8810 4621//8810 4622//8810
f 4934//8811 4935//8811 4596//8811
f 4934//8812 4596//8812 4621//8812
f 4935//8813 5500//8813 5501//8813
f 4935//8814 5501//8814 4596//8814
f 4620//8815 4606//8815 4602//8815
f 4620//8816 4602//8816 4609//8816
f 4593//8817 4937//8817 4950//8817
f 4593//8818 4950//8818 4558//8818
f 4623//8819 4624//8819 4557//8819
f 4623//8820 4557//8820 4556//8820
f 4586//8821 4619//8821 4626//8821
f 4586//8822 4626//8822 4580//8822
f 4563//8823 4585//8823 4562//8823
f 4563//8824 4562//8824 4560//8824
f 4578//8825 4576//8825 4621//8825
f 4578//8826 4621//8826 4596//8826
f 4576//8827 4577//8827 4622//8827
f 4576//8828 4622//8828 4621//8828
f 4589//8829 4729//8829 4730//8829
f 4589//8830 4730//8830 4591//8830
f 4589//8831 4591//8831 4776//8831
f 4589//8832 4776//8832 4777//8832
f 4593//8833 4594//8833 4592//8833
f 4593//8834 4592//8834 4595//8834
f 4593//8835 4595//8835 4936//8835
f 4593//8836 4936//8836 4937//8836
f 4607//8837 4624//8837 4623//8837
f 4607//8838 4623//8838 4611//8838
f 4919//8839 4920//8839 4624//8839
f 4919//8840 4624//8840 4607//8840
f 130//8841 4627//8841 4608//8841
f 130//8842 4608//8842 110//8842
f 4627//8843 130//8843 6//8843
f 4627//8844 6//8844 4559//8844
f 4624//8845 4920//8845 4921//8845
f 4624//8846 4921//8846 4557//8846
f 4634//8847 460//8847 1265//8847
f 4634//8848 1265//8848 4857//8848
f 4567//8849 65//8849 460//8849
f 4567//8850 460//8850 4634//8850
f 5021//8851 5022//8851 4568//8851
f 5021//8852 4568//8852 4632//8852
f 4847//8853 5020//8853 5021//8853
f 4847//8854 5021//8854 4632//8854
f 4629//8855 4630//8855 4845//8855
f 4629//8856 4845//8856 4844//8856
f 4625//8857 4628//8857 4630//8857
f 4625//8858 4630//8858 4629//8858
f 4733//8859 4734//8859 4571//8859
f 4733//8860 4571//8860 4633//8860
f 4848//8861 4733//8861 4633//8861
f 4848//8862 4633//8862 4849//8862
f 5508//8863 5509//8863 4631//8863
f 5508//8864 4631//8864 4846//8864
f 5509//8865 5510//8865 4569//8865
f 5509//8866 4569//8866 4631//8866
f 68//8867 4561//8867 4857//8867
f 68//8868 4857//8868 1265//8868
f 5019//8869 5020//8869 4847//8869
f 5019//8870 4847//8870 4570//8870
f 4732//8871 4848//8871 4849//8871
f 4732//8872 4849//8872 4575//8872
f 4844//8873 4845//8873 4597//8873
f 4844//8874 4597//8874 4588//8874
f 5507//8875 5508//8875 4846//8875
f 5507//8876 4846//8876 4598//8876
f 4840//8877 4629//8877 4844//8877
f 4840//8878 4844//8878 4843//8878
f 4844//8879 4588//8879 4839//8879
f 4844//8880 4839//8880 4843//8880
f 4625//8881 4629//8881 4840//8881
f 4625//8882 4840//8882 4841//8882
f 4612//8883 4988//8883 4989//8883
f 4612//8884 4989//8884 4615//8884
f 4586//8885 4580//8885 4581//8885
f 4586//8886 4581//8886 4584//8886
f 4587//8887 4586//8887 4584//8887
f 4587//8888 4584//8888 4585//8888
f 4565//8889 4587//8889 4585//8889
f 4565//8890 4585//8890 4563//8890
f 4564//8891 4565//8891 4563//8891
f 4564//8892 4563//8892 70//8892
f 70//8893 4563//8893 4560//8893
f 70//8894 4560//8894 69//8894
f 4613//8895 4564//8895 70//8895
f 4613//8896 70//8896 71//8896
f 4612//8897 4613//8897 71//8897
f 4612//8898 71//8898 72//8898
f 4579//8899 4788//8899 4789//8899
f 4579//8900 4789//8900 4636//8900
f 4604//8901 4605//8901 4637//8901
f 4604//8902 4637//8902 4638//8902
f 4915//8903 4916//8903 4606//8903
f 4915//8904 4606//8904 4639//8904
f 4614//8905 4615//8905 4640//8905
f 4614//8906 4640//8906 4641//8906
f 4616//8907 4614//8907 4641//8907
f 4616//8908 4641//8908 4642//8908
f 4617//8909 4616//8909 4642//8909
f 4617//8910 4642//8910 4643//8910
f 4618//8911 4617//8911 4643//8911
f 4618//8912 4643//8912 4644//8912
f 4619//8913 4618//8913 4644//8913
f 4619//8914 4644//8914 4645//8914
f 4933//8915 4622//8915 4646//8915
f 4933//8916 4646//8916 4932//8916
f 4626//8917 4619//8917 4645//8917
f 4626//8918 4645//8918 4647//8918
f 4622//8919 4577//8919 4635//8919
f 4622//8920 4635//8920 4646//8920
f 4615//8921 4989//8921 4990//8921
f 4615//8922 4990//8922 4640//8922
f 4620//8923 4648//8923 4639//8923
f 4620//8924 4639//8924 4606//8924
f 5011//8925 5012//8925 4808//8925
f 5011//8926 4808//8926 4809//8926
f 4643//8927 4642//8927 4650//8927
f 4643//8928 4650//8928 4649//8928
f 4641//8929 4640//8929 4651//8929
f 4641//8930 4651//8930 4652//8930
f 4642//8931 4641//8931 4652//8931
f 4642//8932 4652//8932 4650//8932
f 5010//8933 5011//8933 4809//8933
f 5010//8934 4809//8934 4810//8934
f 4636//8935 4789//8935 4790//8935
f 4636//8936 4790//8936 4653//8936
f 4647//8937 4645//8937 4654//8937
f 4647//8938 4654//8938 4655//8938
f 4818//8939 4819//8939 4790//8939
f 4818//8940 4790//8940 4789//8940
f 4654//8941 4645//8941 4644//8941
f 4654//8942 4644//8942 4656//8942
f 4656//8943 4644//8943 4643//8943
f 4656//8944 4643//8944 4649//8944
f 4638//8945 4637//8945 4657//8945
f 4638//8946 4657//8946 4658//8946
f 4914//8947 4915//8947 4639//8947
f 4914//8948 4639//8948 4659//8948
f 4932//8949 4646//8949 4660//8949
f 4932//8950 4660//8950 4931//8950
f 4646//8951 4635//8951 4661//8951
f 4646//8952 4661//8952 4660//8952
f 4639//8953 4648//8953 4662//8953
f 4639//8954 4662//8954 4659//8954
f 4640//8955 4990//8955 4991//8955
f 4640//8956 4991//8956 4651//8956
f 4913//8957 4914//8957 4659//8957
f 4913//8958 4659//8958 4664//8958
f 4652//8959 4651//8959 4666//8959
f 4652//8960 4666//8960 4667//8960
f 4650//8961 4652//8961 4667//8961
f 4650//8962 4667//8962 4663//8962
f 4658//8963 4657//8963 4665//8963
f 4658//8964 4665//8964 4668//8964
f 4651//8965 4991//8965 4992//8965
f 4651//8966 4992//8966 4666//8966
f 5009//8967 5010//8967 4810//8967
f 5009//8968 4810//8968 4811//8968
f 4653//8969 4790//8969 4791//8969
f 4653//8970 4791//8970 4669//8970
f 4655//8971 4654//8971 4671//8971
f 4655//8972 4671//8972 4670//8972
f 4819//8973 4820//8973 4791//8973
f 4819//8974 4791//8974 4790//8974
f 4931//8975 4660//8975 4672//8975
f 4931//8976 4672//8976 4930//8976
f 4660//8977 4661//8977 4673//8977
f 4660//8978 4673//8978 4672//8978
f 4659//8979 4662//8979 4674//8979
f 4659//8980 4674//8980 4664//8980
f 5008//8981 5009//8981 4811//8981
f 5008//8982 4811//8982 4812//8982
f 4666//8983 4992//8983 4993//8983
f 4666//8984 4993//8984 4679//8984
f 4670//8985 4671//8985 4680//8985
f 4670//8986 4680//8986 4681//8986
f 4820//8987 4821//8987 4792//8987
f 4820//8988 4792//8988 4791//8988
f 4791//8989 4792//8989 4675//8989
f 4791//8990 4675//8990 4669//8990
f 4679//8991 4993//8991 4994//8991
f 4679//8992 4994//8992 4725//8992
f 4680//8993 4678//8993 4682//8993
f 4680//8994 4682//8994 4684//8994
f 4681//8995 4680//8995 4684//8995
f 4681//8996 4684//8996 4685//8996
f 4821//8997 4822//8997 4793//8997
f 4821//8998 4793//8998 4792//8998
f 4675//8999 4792//8999 4793//8999
f 4675//9000 4793//9000 4686//9000
f 5007//9001 5008//9001 4812//9001
f 5007//9002 4812//9002 4813//9002
f 5006//9003 5007//9003 4813//9003
f 5006//9004 4813//9004 4814//9004
f 4686//9005 4793//9005 4794//9005
f 4686//9006 4794//9006 4688//9006
f 4685//9007 4684//9007 4690//9007
f 4685//9008 4690//9008 4689//9008
f 4682//9009 4691//9009 4690//9009
f 4682//9010 4690//9010 4684//9010
f 4822//9011 4823//9011 4794//9011
f 4822//9012 4794//9012 4793//9012
f 4994//9013 4995//9013 4726//9013
f 4994//9014 4726//9014 4725//9014
f 4688//9015 4794//9015 4795//9015
f 4688//9016 4795//9016 4692//9016
f 4823//9017 4824//9017 4795//9017
f 4823//9018 4795//9018 4794//9018
f 5005//9019 5006//9019 4814//9019
f 5005//9020 4814//9020 4815//9020
f 4689//9021 4690//9021 4694//9021
f 4689//9022 4694//9022 4693//9022
f 4690//9023 4691//9023 4695//9023
f 4690//9024 4695//9024 4694//9024
f 4995//9025 4996//9025 4727//9025
f 4995//9026 4727//9026 4726//9026
f 4692//9027 4795//9027 4796//9027
f 4692//9028 4796//9028 4696//9028
f 4693//9029 4694//9029 4698//9029
f 4693//9030 4698//9030 4697//9030
f 4694//9031 4695//9031 4699//9031
f 4694//9032 4699//9032 4698//9032
f 4996//9033 4997//9033 4728//9033
f 4996//9034 4728//9034 4727//9034
f 5004//9035 5005//9035 4815//9035
f 5004//9036 4815//9036 4816//9036
f 4824//9037 4825//9037 4796//9037
f 4824//9038 4796//9038 4795//9038
f 4997//9039 4998//9039 4714//9039
f 4997//9040 4714//9040 4728//9040
f 4698//9041 4699//9041 4700//9041
f 4698//9042 4700//9042 4701//9042
f 4697//9043 4698//9043 4701//9043
f 4697//9044 4701//9044 4702//9044
f 4825//9045 4826//9045 4797//9045
f 4825//9046 4797//9046 4796//9046
f 4696//9047 4796//9047 4797//9047
f 4696//9048 4797//9048 4703//9048
f 5003//9049 5004//9049 4816//9049
f 5003//9050 4816//9050 4817//9050
f 4649//9051 4650//9051 4663//9051
f 4649//9052 4663//9052 4704//9052
f 4656//9053 4649//9053 4704//9053
f 4656//9054 4704//9054 4705//9054
f 4654//9055 4656//9055 4705//9055
f 4654//9056 4705//9056 4671//9056
f 4671//9057 4705//9057 4678//9057
f 4671//9058 4678//9058 4680//9058
f 4667//9059 4666//9059 4679//9059
f 4667//9060 4679//9060 4706//9060
f 4663//9061 4667//9061 4706//9061
f 4663//9062 4706//9062 4707//9062
f 4704//9063 4663//9063 4707//9063
f 4704//9064 4707//9064 4708//9064
f 4705//9065 4704//9065 4708//9065
f 4705//9066 4708//9066 4678//9066
f 4682//9067 4678//9067 4708//9067
f 4682//9068 4708//9068 4709//9068
f 4691//9069 4682//9069 4709//9069
f 4691//9070 4709//9070 4710//9070
f 4695//9071 4691//9071 4710//9071
f 4695//9072 4710//9072 4711//9072
f 4699//9073 4695//9073 4711//9073
f 4699//9074 4711//9074 4712//9074
f 4700//9075 4699//9075 4712//9075
f 4700//9076 4712//9076 4713//9076
f 4716//9077 4713//9077 4712//9077
f 4716//9078 4712//9078 4717//9078
f 4717//9079 4712//9079 4711//9079
f 4717//9080 4711//9080 4718//9080
f 4718//9081 4711//9081 4710//9081
f 4718//9082 4710//9082 4719//9082
f 4719//9083 4710//9083 4709//9083
f 4719//9084 4709//9084 4720//9084
f 4708//9085 4707//9085 4720//9085
f 4708//9086 4720//9086 4709//9086
f 4715//9087 4716//9087 4717//9087
f 4715//9088 4717//9088 4721//9088
f 4721//9089 4717//9089 4718//9089
f 4721//9090 4718//9090 4722//9090
f 4722//9091 4718//9091 4719//9091
f 4722//9092 4719//9092 4723//9092
f 4723//9093 4719//9093 4720//9093
f 4723//9094 4720//9094 4724//9094
f 4724//9095 4720//9095 4707//9095
f 4724//9096 4707//9096 4706//9096
f 4724//9097 4706//9097 4679//9097
f 4724//9098 4679//9098 4725//9098
f 4723//9099 4724//9099 4725//9099
f 4723//9100 4725//9100 4726//9100
f 4722//9101 4723//9101 4726//9101
f 4722//9102 4726//9102 4727//9102
f 4721//9103 4722//9103 4727//9103
f 4721//9104 4727//9104 4728//9104
f 4715//9105 4721//9105 4728//9105
f 4715//9106 4728//9106 4714//9106
f 4944//9107 954//9107 953//9107
f 4944//9108 953//9108 4574//9108
f 949//9109 4945//9109 5024//9109
f 949//9110 5024//9110 2090//9110
f 951//9111 4948//9111 4949//9111
f 951//9112 4949//9112 980//9112
f 4947//9113 4948//9113 951//9113
f 4947//9114 951//9114 952//9114
f 4946//9115 5512//9115 4552//9115
f 4946//9116 4552//9116 950//9116
f 4847//9117 4848//9117 4732//9117
f 4847//9118 4732//9118 4570//9118
f 4632//9119 4733//9119 4848//9119
f 4632//9120 4848//9120 4847//9120
f 4734//9121 4733//9121 4632//9121
f 4734//9122 4632//9122 4568//9122
f 4944//9123 4945//9123 949//9123
f 4944//9124 949//9124 954//9124
f 953//9125 957//9125 4573//9125
f 953//9126 4573//9126 4574//9126
f 957//9127 958//9127 4735//9127
f 957//9128 4735//9128 4573//9128
f 64//9129 4566//9129 4736//9129
f 64//9130 4736//9130 959//9130
f 4735//9131 958//9131 960//9131
f 4735//9132 960//9132 4737//9132
f 4737//9133 960//9133 959//9133
f 4737//9134 959//9134 4736//9134
f 4566//9135 4738//9135 4739//9135
f 4566//9136 4739//9136 4736//9136
f 4566//9137 4567//9137 4740//9137
f 4566//9138 4740//9138 4738//9138
f 4737//9139 4736//9139 4739//9139
f 4737//9140 4739//9140 4741//9140
f 4735//9141 4737//9141 4741//9141
f 4735//9142 4741//9142 4742//9142
f 4573//9143 4735//9143 4742//9143
f 4573//9144 4742//9144 4743//9144
f 4574//9145 4573//9145 4743//9145
f 4574//9146 4743//9146 4572//9146
f 4740//9147 4567//9147 4634//9147
f 4740//9148 4634//9148 4744//9148
f 4744//9149 4634//9149 4857//9149
f 4744//9150 4857//9150 4856//9150
f 4856//9151 4857//9151 4561//9151
f 4856//9152 4561//9152 4745//9152
f 4871//9153 4872//9153 4560//9153
f 4871//9154 4560//9154 4562//9154
f 4870//9155 4871//9155 4562//9155
f 4870//9156 4562//9156 4583//9156
f 4741//9157 4739//9157 4747//9157
f 4741//9158 4747//9158 4751//9158
f 4738//9159 4748//9159 4747//9159
f 4738//9160 4747//9160 4739//9160
f 4738//9161 4740//9161 4749//9161
f 4738//9162 4749//9162 4748//9162
f 4749//9163 4740//9163 4744//9163
f 4749//9164 4744//9164 4750//9164
f 4750//9165 4744//9165 4856//9165
f 4750//9166 4856//9166 4855//9166
f 4855//9167 4856//9167 4745//9167
f 4855//9168 4745//9168 4746//9168
f 4742//9169 4741//9169 4751//9169
f 4742//9170 4751//9170 4752//9170
f 4743//9171 4742//9171 4752//9171
f 4743//9172 4752//9172 4753//9172
f 4572//9173 4743//9173 4753//9173
f 4572//9174 4753//9174 4571//9174
f 4633//9175 4755//9175 4850//9175
f 4633//9176 4850//9176 4849//9176
f 4633//9177 4571//9177 4753//9177
f 4633//9178 4753//9178 4755//9178
f 4575//9179 4849//9179 4850//9179
f 4575//9180 4850//9180 4754//9180
f 4755//9181 4757//9181 4851//9181
f 4755//9182 4851//9182 4850//9182
f 4755//9183 4753//9183 4752//9183
f 4755//9184 4752//9184 4757//9184
f 4754//9185 4850//9185 4851//9185
f 4754//9186 4851//9186 4756//9186
f 4869//9187 4870//9187 4583//9187
f 4869//9188 4583//9188 4582//9188
f 4854//9189 4855//9189 4746//9189
f 4854//9190 4746//9190 4758//9190
f 4759//9191 4750//9191 4855//9191
f 4759//9192 4855//9192 4854//9192
f 4749//9193 4750//9193 4759//9193
f 4749//9194 4759//9194 4748//9194
f 4580//9195 4626//9195 4761//9195
f 4580//9196 4761//9196 4760//9196
f 4760//9197 4761//9197 4788//9197
f 4760//9198 4788//9198 4781//9198
f 4581//9199 4580//9199 4760//9199
f 4581//9200 4760//9200 4762//9200
f 4762//9201 4760//9201 4781//9201
f 4762//9202 4781//9202 4774//9202
f 4582//9203 4581//9203 4762//9203
f 4582//9204 4762//9204 4763//9204
f 4763//9205 4762//9205 4774//9205
f 4763//9206 4774//9206 4771//9206
f 4869//9207 4582//9207 4763//9207
f 4869//9208 4763//9208 4868//9208
f 4854//9209 4758//9209 4764//9209
f 4854//9210 4764//9210 4853//9210
f 4759//9211 4854//9211 4853//9211
f 4759//9212 4853//9212 4765//9212
f 4748//9213 4759//9213 4765//9213
f 4748//9214 4765//9214 4747//9214
f 4868//9215 4763//9215 4771//9215
f 4868//9216 4771//9216 4867//9216
f 4853//9217 4764//9217 4767//9217
f 4853//9218 4767//9218 4852//9218
f 4751//9219 4747//9219 4765//9219
f 4751//9220 4765//9220 4766//9220
f 4757//9221 4752//9221 4751//9221
f 4757//9222 4751//9222 4766//9222
f 4853//9223 4852//9223 4766//9223
f 4853//9224 4766//9224 4765//9224
f 4757//9225 4766//9225 4852//9225
f 4757//9226 4852//9226 4851//9226
f 4851//9227 4852//9227 4767//9227
f 4851//9228 4767//9228 4756//9228
f 4787//9229 4863//9229 4864//9229
f 4787//9230 4864//9230 4768//9230
f 4864//9231 4865//9231 4769//9231
f 4864//9232 4769//9232 4768//9232
f 4865//9233 4866//9233 4770//9233
f 4865//9234 4770//9234 4769//9234
f 4866//9235 4867//9235 4771//9235
f 4866//9236 4771//9236 4770//9236
f 4769//9237 4770//9237 4773//9237
f 4769//9238 4773//9238 4772//9238
f 4770//9239 4771//9239 4774//9239
f 4770//9240 4774//9240 4773//9240
f 5014//9241 5015//9241 4782//9241
f 5014//9242 4782//9242 4783//9242
f 5502//9243 5503//9243 4775//9243
f 5502//9244 4775//9244 4578//9244
f 4777//9245 4776//9245 4592//9245
f 4777//9246 4592//9246 4594//9246
f 4777//9247 4594//9247 4555//9247
f 4777//9248 4555//9248 4778//9248
f 4772//9249 4773//9249 4780//9249
f 4772//9250 4780//9250 4779//9250
f 4773//9251 4774//9251 4781//9251
f 4773//9252 4781//9252 4780//9252
f 4769//9253 4772//9253 4783//9253
f 4769//9254 4783//9254 4782//9254
f 4772//9255 4779//9255 4784//9255
f 4772//9256 4784//9256 4783//9256
f 4785//9257 4786//9257 4787//9257
f 4785//9258 4787//9258 4768//9258
f 4768//9259 4769//9259 4782//9259
f 4768//9260 4782//9260 4785//9260
f 4729//9261 4842//9261 4858//9261
f 4729//9262 4858//9262 4859//9262
f 4730//9263 4729//9263 4859//9263
f 4730//9264 4859//9264 4860//9264
f 4731//9265 5505//9265 5506//9265
f 4731//9266 5506//9266 4861//9266
f 5017//9267 4980//9267 4981//9267
f 5017//9268 4981//9268 5018//9268
f 4786//9269 5017//9269 5018//9269
f 4786//9270 5018//9270 4862//9270
f 4787//9271 4786//9271 4862//9271
f 4787//9272 4862//9272 4863//9272
f 4818//9273 4789//9273 4788//9273
f 4818//9274 4788//9274 4761//9274
f 4788//9275 4579//9275 4780//9275
f 4788//9276 4780//9276 4781//9276
f 4799//9277 4798//9277 4579//9277
f 4799//9278 4579//9278 4636//9278
f 4800//9279 4799//9279 4636//9279
f 4800//9280 4636//9280 4653//9280
f 4801//9281 4800//9281 4653//9281
f 4801//9282 4653//9282 4669//9282
f 4802//9283 4801//9283 4669//9283
f 4802//9284 4669//9284 4675//9284
f 4803//9285 4802//9285 4675//9285
f 4803//9286 4675//9286 4686//9286
f 4804//9287 4803//9287 4686//9287
f 4804//9288 4686//9288 4688//9288
f 4805//9289 4804//9289 4688//9289
f 4805//9290 4688//9290 4692//9290
f 4806//9291 4805//9291 4692//9291
f 4806//9292 4692//9292 4696//9292
f 4807//9293 4806//9293 4696//9293
f 4807//9294 4696//9294 4703//9294
f 4579//9295 4798//9295 4779//9295
f 4579//9296 4779//9296 4780//9296
f 4809//9297 4808//9297 4798//9297
f 4809//9298 4798//9298 4799//9298
f 4810//9299 4809//9299 4799//9299
f 4810//9300 4799//9300 4800//9300
f 4811//9301 4810//9301 4800//9301
f 4811//9302 4800//9302 4801//9302
f 4812//9303 4811//9303 4801//9303
f 4812//9304 4801//9304 4802//9304
f 4813//9305 4812//9305 4802//9305
f 4813//9306 4802//9306 4803//9306
f 4814//9307 4813//9307 4803//9307
f 4814//9308 4803//9308 4804//9308
f 4815//9309 4814//9309 4804//9309
f 4815//9310 4804//9310 4805//9310
f 4816//9311 4815//9311 4805//9311
f 4816//9312 4805//9312 4806//9312
f 4817//9313 4816//9313 4806//9313
f 4817//9314 4806//9314 4807//9314
f 4798//9315 4808//9315 4784//9315
f 4798//9316 4784//9316 4779//9316
f 4647//9317 4655//9317 4819//9317
f 4647//9318 4819//9318 4818//9318
f 4821//9319 4820//9319 4670//9319
f 4821//9320 4670//9320 4681//9320
f 4822//9321 4821//9321 4681//9321
f 4822//9322 4681//9322 4685//9322
f 4823//9323 4822//9323 4685//9323
f 4823//9324 4685//9324 4689//9324
f 4824//9325 4823//9325 4689//9325
f 4824//9326 4689//9326 4693//9326
f 4825//9327 4824//9327 4693//9327
f 4825//9328 4693//9328 4697//9328
f 4826//9329 4825//9329 4697//9329
f 4826//9330 4697//9330 4702//9330
f 4626//9331 4647//9331 4818//9331
f 4626//9332 4818//9332 4761//9332
f 4714//9333 4998//9333 4999//9333
f 4714//9334 4999//9334 4832//9334
f 4807//9335 4703//9335 4827//9335
f 4807//9336 4827//9336 4833//9336
f 4817//9337 4807//9337 4833//9337
f 4817//9338 4833//9338 4834//9338
f 5002//9339 5003//9339 4817//9339
f 5002//9340 4817//9340 4834//9340
f 4797//9341 4826//9341 4827//9341
f 4797//9342 4827//9342 4703//9342
f 4701//9343 4700//9343 4828//9343
f 4701//9344 4828//9344 4829//9344
f 4716//9345 4715//9345 4830//9345
f 4716//9346 4830//9346 4828//9346
f 4701//9347 4829//9347 4831//9347
f 4701//9348 4831//9348 4702//9348
f 4827//9349 4826//9349 4702//9349
f 4827//9350 4702//9350 4831//9350
f 4828//9351 4700//9351 4713//9351
f 4828//9352 4713//9352 4716//9352
f 4715//9353 4714//9353 4832//9353
f 4715//9354 4832//9354 4830//9354
f 4833//9355 4827//9355 4831//9355
f 4833//9356 4831//9356 4835//9356
f 4834//9357 4833//9357 4835//9357
f 4834//9358 4835//9358 4836//9358
f 5001//9359 5002//9359 4834//9359
f 5001//9360 4834//9360 4836//9360
f 4835//9361 4831//9361 4829//9361
f 4835//9362 4829//9362 4837//9362
f 4836//9363 4835//9363 4837//9363
f 4836//9364 4837//9364 4838//9364
f 4836//9365 4838//9365 5000//9365
f 4836//9366 5000//9366 5001//9366
f 4830//9367 4832//9367 4838//9367
f 4830//9368 4838//9368 4837//9368
f 4837//9369 4829//9369 4828//9369
f 4837//9370 4828//9370 4830//9370
f 4838//9371 4832//9371 4999//9371
f 4838//9372 4999//9372 5000//9372
f 4858//9373 4839//9373 4588//9373
f 4858//9374 4588//9374 4859//9374
f 4860//9375 4859//9375 4588//9375
f 4860//9376 4588//9376 4597//9376
f 4861//9377 5506//9377 5507//9377
f 4861//9378 5507//9378 4598//9378
f 5018//9379 4981//9379 4982//9379
f 5018//9380 4982//9380 5019//9380
f 4862//9381 5018//9381 5019//9381
f 4862//9382 5019//9382 4570//9382
f 4863//9383 4862//9383 4570//9383
f 4863//9384 4570//9384 4732//9384
f 4864//9385 4863//9385 4732//9385
f 4864//9386 4732//9386 4575//9386
f 4575//9387 4754//9387 4865//9387
f 4575//9388 4865//9388 4864//9388
f 4754//9389 4756//9389 4866//9389
f 4754//9390 4866//9390 4865//9390
f 4756//9391 4767//9391 4867//9391
f 4756//9392 4867//9392 4866//9392
f 4868//9393 4867//9393 4767//9393
f 4868//9394 4767//9394 4764//9394
f 4758//9395 4869//9395 4868//9395
f 4758//9396 4868//9396 4764//9396
f 4746//9397 4870//9397 4869//9397
f 4746//9398 4869//9398 4758//9398
f 4745//9399 4871//9399 4870//9399
f 4745//9400 4870//9400 4746//9400
f 4561//9401 4872//9401 4871//9401
f 4561//9402 4871//9402 4745//9402
f 4561//9403 68//9403 1268//9403
f 4561//9404 1268//9404 4872//9404
f 4929//9405 4930//9405 4672//9405
f 4929//9406 4672//9406 4879//9406
f 4664//9407 4674//9407 4873//9407
f 4664//9408 4873//9408 4874//9408
f 4912//9409 4913//9409 4664//9409
f 4912//9410 4664//9410 4874//9410
f 4665//9411 4875//9411 4677//9411
f 4665//9412 4677//9412 4668//9412
f 4874//9413 4873//9413 4876//9413
f 4874//9414 4876//9414 4877//9414
f 4911//9415 4912//9415 4874//9415
f 4911//9416 4874//9416 4877//9416
f 4677//9417 4875//9417 4878//9417
f 4677//9418 4878//9418 4683//9418
f 4672//9419 4673//9419 4676//9419
f 4672//9420 4676//9420 4879//9420
f 4879//9421 4676//9421 4687//9421
f 4879//9422 4687//9422 4880//9422
f 4880//9423 4687//9423 4881//9423
f 4880//9424 4881//9424 4882//9424
f 4882//9425 4881//9425 4883//9425
f 4882//9426 4883//9426 4884//9426
f 4928//9427 4929//9427 4879//9427
f 4928//9428 4879//9428 4880//9428
f 4927//9429 4928//9429 4880//9429
f 4927//9430 4880//9430 4882//9430
f 4877//9431 4876//9431 4885//9431
f 4877//9432 4885//9432 4887//9432
f 4910//9433 4911//9433 4877//9433
f 4910//9434 4877//9434 4887//9434
f 4683//9435 4878//9435 4888//9435
f 4683//9436 4888//9436 4886//9436
f 4927//9437 4882//9437 4884//9437
f 4927//9438 4884//9438 4926//9438
f 4887//9439 4885//9439 4889//9439
f 4887//9440 4889//9440 4891//9440
f 4909//9441 4910//9441 4887//9441
f 4909//9442 4887//9442 4891//9442
f 4886//9443 4888//9443 4892//9443
f 4886//9444 4892//9444 4890//9444
f 4884//9445 4883//9445 4893//9445
f 4884//9446 4893//9446 4894//9446
f 4926//9447 4884//9447 4894//9447
f 4926//9448 4894//9448 4925//9448
f 4891//9449 4889//9449 4895//9449
f 4891//9450 4895//9450 4896//9450
f 4908//9451 4909//9451 4891//9451
f 4908//9452 4891//9452 4896//9452
f 4890//9453 4892//9453 4897//9453
f 4890//9454 4897//9454 4898//9454
f 4894//9455 4893//9455 4899//9455
f 4894//9456 4899//9456 4900//9456
f 4898//9457 4897//9457 4902//9457
f 4898//9458 4902//9458 4901//9458
f 4907//9459 4908//9459 4896//9459
f 4907//9460 4896//9460 4903//9460
f 4896//9461 4895//9461 4904//9461
f 4896//9462 4904//9462 4903//9462
f 4924//9463 4925//9463 4894//9463
f 4924//9464 4894//9464 4900//9464
f 4924//9465 4900//9465 4899//9465
f 4924//9466 4899//9466 4923//9466
f 4903//9467 4904//9467 4905//9467
f 4903//9468 4905//9468 4906//9468
f 4897//9469 4908//9469 4907//9469
f 4897//9470 4907//9470 4902//9470
f 4892//9471 4909//9471 4908//9471
f 4892//9472 4908//9472 4897//9472
f 4888//9473 4910//9473 4909//9473
f 4888//9474 4909//9474 4892//9474
f 4878//9475 4911//9475 4910//9475
f 4878//9476 4910//9476 4888//9476
f 4875//9477 4912//9477 4911//9477
f 4875//9478 4911//9478 4878//9478
f 4665//9479 4913//9479 4912//9479
f 4665//9480 4912//9480 4875//9480
f 4657//9481 4914//9481 4913//9481
f 4657//9482 4913//9482 4665//9482
f 4637//9483 4915//9483 4914//9483
f 4637//9484 4914//9484 4657//9484
f 4605//9485 4916//9485 4915//9485
f 4605//9486 4915//9486 4637//9486
f 4605//9487 4600//9487 4917//9487
f 4605//9488 4917//9488 4916//9488
f 4600//9489 4601//9489 4918//9489
f 4600//9490 4918//9490 4917//9490
f 4601//9491 5496//9491 5497//9491
f 4601//9492 5497//9492 4918//9492
f 4608//9493 4627//9493 4920//9493
f 4608//9494 4920//9494 4919//9494
f 4920//9495 4627//9495 4559//9495
f 4920//9496 4559//9496 4921//9496
f 4907//9497 4903//9497 4906//9497
f 4907//9498 4906//9498 4922//9498
f 4901//9499 4902//9499 4907//9499
f 4901//9500 4907//9500 4922//9500
f 4924//9501 4923//9501 4905//9501
f 4924//9502 4905//9502 4904//9502
f 4925//9503 4924//9503 4904//9503
f 4925//9504 4904//9504 4895//9504
f 4926//9505 4925//9505 4895//9505
f 4926//9506 4895//9506 4889//9506
f 4927//9507 4926//9507 4889//9507
f 4927//9508 4889//9508 4885//9508
f 4928//9509 4927//9509 4885//9509
f 4928//9510 4885//9510 4876//9510
f 4929//9511 4928//9511 4876//9511
f 4929//9512 4876//9512 4873//9512
f 4930//9513 4929//9513 4873//9513
f 4930//9514 4873//9514 4674//9514
f 4931//9515 4930//9515 4674//9515
f 4931//9516 4674//9516 4662//9516
f 4932//9517 4931//9517 4662//9517
f 4932//9518 4662//9518 4648//9518
f 4933//9519 4932//9519 4648//9519
f 4933//9520 4648//9520 4620//9520
f 4934//9521 4933//9521 4620//9521
f 4934//9522 4620//9522 4609//9522
f 4935//9523 4934//9523 4609//9523
f 4935//9524 4609//9524 4610//9524
f 5499//9525 5500//9525 4935//9525
f 5499//9526 4935//9526 4610//9526
f 4937//9527 4936//9527 4611//9527
f 4937//9528 4611//9528 4623//9528
f 4950//9529 4937//9529 4623//9529
f 4950//9530 4623//9530 4556//9530
f 4819//9531 4655//9531 4670//9531
f 4819//9532 4670//9532 4820//9532
f 4571//9533 4734//9533 4938//9533
f 4571//9534 4938//9534 4572//9534
f 4568//9535 4939//9535 4938//9535
f 4568//9536 4938//9536 4734//9536
f 4939//9537 4568//9537 5022//9537
f 4939//9538 5022//9538 5023//9538
f 5510//9539 5511//9539 4940//9539
f 5510//9540 4940//9540 4569//9540
f 4625//9541 4942//9541 4941//9541
f 4625//9542 4941//9542 4628//9542
f 4942//9543 4625//9543 4841//9543
f 4942//9544 4841//9544 4943//9544
f 4572//9545 4938//9545 4944//9545
f 4572//9546 4944//9546 4574//9546
f 4938//9547 4939//9547 4945//9547
f 4938//9548 4945//9548 4944//9548
f 5023//9549 5024//9549 4945//9549
f 5023//9550 4945//9550 4939//9550
f 4940//9551 5511//9551 5512//9551
f 4940//9552 5512//9552 4946//9552
f 4941//9553 4942//9553 4948//9553
f 4941//9554 4948//9554 4947//9554
f 4948//9555 4942//9555 4943//9555
f 4948//9556 4943//9556 4949//9556
f 109//9557 4599//9557 4951//9557
f 109//9558 4951//9558 2077//9558
f 4952//9559 4951//9559 4599//9559
f 4952//9560 4599//9560 4604//9560
f 4953//9561 4952//9561 4604//9561
f 4953//9562 4604//9562 4638//9562
f 4954//9563 4953//9563 4638//9563
f 4954//9564 4638//9564 4658//9564
f 4955//9565 4954//9565 4658//9565
f 4955//9566 4658//9566 4668//9566
f 4956//9567 4955//9567 4668//9567
f 4956//9568 4668//9568 4677//9568
f 4957//9569 4956//9569 4677//9569
f 4957//9570 4677//9570 4683//9570
f 4958//9571 4957//9571 4683//9571
f 4958//9572 4683//9572 4886//9572
f 4959//9573 4958//9573 4886//9573
f 4959//9574 4886//9574 4890//9574
f 4890//9575 4898//9575 4960//9575
f 4890//9576 4960//9576 4959//9576
f 4961//9577 4960//9577 4898//9577
f 4961//9578 4898//9578 4901//9578
f 4901//9579 4922//9579 4962//9579
f 4901//9580 4962//9580 4961//9580
f 4922//9581 4906//9581 4963//9581
f 4922//9582 4963//9582 4962//9582
f 4906//9583 4905//9583 4964//9583
f 4906//9584 4964//9584 4963//9584
f 4923//9585 4965//9585 4964//9585
f 4923//9586 4964//9586 4905//9586
f 4899//9587 4966//9587 4965//9587
f 4899//9588 4965//9588 4923//9588
f 4893//9589 4967//9589 4966//9589
f 4893//9590 4966//9590 4899//9590
f 4883//9591 4968//9591 4967//9591
f 4883//9592 4967//9592 4893//9592
f 4881//9593 4969//9593 4968//9593
f 4881//9594 4968//9594 4883//9594
f 4687//9595 4970//9595 4969//9595
f 4687//9596 4969//9596 4881//9596
f 4676//9597 4971//9597 4970//9597
f 4676//9598 4970//9598 4687//9598
f 4673//9599 4972//9599 4971//9599
f 4673//9600 4971//9600 4676//9600
f 4661//9601 4973//9601 4972//9601
f 4661//9602 4972//9602 4673//9602
f 4635//9603 4974//9603 4973//9603
f 4635//9604 4973//9604 4661//9604
f 4975//9605 4974//9605 4635//9605
f 4975//9606 4635//9606 4577//9606
f 4577//9607 4576//9607 4976//9607
f 4577//9608 4976//9608 4975//9608
f 4576//9609 4578//9609 4977//9609
f 4576//9610 4977//9610 4976//9610
f 4775//9611 4978//9611 4977//9611
f 4775//9612 4977//9612 4578//9612
f 4590//9613 4979//9613 4978//9613
f 4590//9614 4978//9614 4775//9614
f 4979//9615 4590//9615 4731//9615
f 4979//9616 4731//9616 4980//9616
f 4981//9617 4980//9617 4731//9617
f 4981//9618 4731//9618 4861//9618
f 4982//9619 4981//9619 4861//9619
f 4982//9619 4861//9619 4598//9619
f 4846//9620 4983//9620 4982//9620
f 4846//9621 4982//9621 4598//9621
f 4631//9622 4984//9622 4983//9622
f 4631//9623 4983//9623 4846//9623
f 4569//9624 4985//9624 4984//9624
f 4569//9625 4984//9625 4631//9625
f 4569//9626 4940//9626 4986//9626
f 4569//9627 4986//9627 4985//9627
f 4987//9628 4986//9628 4940//9628
f 4987//9629 4940//9629 4946//9629
f 2078//9630 4987//9630 4946//9630
f 2078//9631 4946//9631 950//9631
f 4988//9632 2089//9632 2077//9632
f 4988//9633 2077//9633 4951//9633
f 4989//9634 4988//9634 4951//9634
f 4989//9635 4951//9635 4952//9635
f 4990//9636 4989//9636 4952//9636
f 4990//9637 4952//9637 4953//9637
f 4991//9638 4990//9638 4953//9638
f 4991//9639 4953//9639 4954//9639
f 4992//9640 4991//9640 4954//9640
f 4992//9641 4954//9641 4955//9641
f 4993//9642 4992//9642 4955//9642
f 4993//9643 4955//9643 4956//9643
f 4994//9644 4993//9644 4956//9644
f 4994//9645 4956//9645 4957//9645
f 4995//9646 4994//9646 4957//9646
f 4995//9647 4957//9647 4958//9647
f 4996//9648 4995//9648 4958//9648
f 4996//9649 4958//9649 4959//9649
f 4997//9650 4996//9650 4959//9650
f 4997//9651 4959//9651 4960//9651
f 4998//9652 4997//9652 4960//9652
f 4998//9653 4960//9653 4961//9653
f 4999//9654 4998//9654 4961//9654
f 4999//9655 4961//9655 4962//9655
f 4963//9656 5000//9656 4999//9656
f 4963//9657 4999//9657 4962//9657
f 4964//9658 5001//9658 5000//9658
f 4964//9659 5000//9659 4963//9659
f 4965//9660 5002//9660 5001//9660
f 4965//9661 5001//9661 4964//9661
f 4966//9662 5003//9662 5002//9662
f 4966//9663 5002//9663 4965//9663
f 4967//9664 5004//9664 5003//9664
f 4967//9665 5003//9665 4966//9665
f 4968//9666 5005//9666 5004//9666
f 4968//9667 5004//9667 4967//9667
f 4969//9668 5006//9668 5005//9668
f 4969//9669 5005//9669 4968//9669
f 4970//9670 5007//9670 5006//9670
f 4970//9671 5006//9671 4969//9671
f 4971//9672 5008//9672 5007//9672
f 4971//9673 5007//9673 4970//9673
f 4972//9674 5009//9674 5008//9674
f 4972//9675 5008//9675 4971//9675
f 4973//9676 5010//9676 5009//9676
f 4973//9677 5009//9677 4972//9677
f 4974//9678 5011//9678 5010//9678
f 4974//9679 5010//9679 4973//9679
f 4975//9680 5012//9680 5011//9680
f 4975//9681 5011//9681 4974//9681
f 5014//9682 5013//9682 4976//9682
f 5014//9683 4976//9683 4977//9683
f 4978//9684 5015//9684 5014//9684
f 4978//9685 5014//9685 4977//9685
f 5016//9686 5015//9686 4978//9686
f 5016//9687 4978//9687 4979//9687
f 5017//9688 5016//9688 4979//9688
f 5017//9689 4979//9689 4980//9689
f 4983//9690 5020//9690 5019//9690
f 4983//9691 5019//9691 4982//9691
f 4984//9692 5021//9692 5020//9692
f 4984//9693 5020//9693 4983//9693
f 5022//9694 5021//9694 4984//9694
f 5022//9695 4984//9695 4985//9695
f 5023//9696 5022//9696 4985//9696
f 5023//9697 4985//9697 4986//9697
f 4987//9698 5024//9698 5023//9698
f 4987//9699 5023//9699 4986//9699
f 2090//9700 5024//9700 4987//9700
f 2090//9701 4987//9701 2078//9701
f 5330//9702 5025//9702 2310//9702
f 5330//9703 2310//9703 3486//9703
f 2305//9704 5031//9704 5032//9704
f 2305//9705 5032//9705 2306//9705
f 5467//9706 5248//9706 5247//9706
f 5467//9707 5247//9707 5468//9707
f 5429//9708 5466//9708 5467//9708
f 5429//9709 5467//9709 5430//9709
f 5466//9710 5272//9710 5248//9710
f 5466//9711 5248//9711 5467//9711
f 5469//9712 5246//9712 5249//9712
f 5469//9713 5249//9713 5470//9713
f 5049//9714 5048//9714 5047//9714
f 5049//9715 5047//9715 5046//9715
f 5050//9716 5027//9716 5048//9716
f 5050//9717 5048//9717 5049//9717
f 5470//9718 5249//9718 5250//9718
f 5470//9719 5250//9719 5471//9719
f 5196//9720 5486//9720 5487//9720
f 5196//9721 5487//9721 5055//9721
f 5194//9722 4842//9722 4554//9722
f 5194//9723 4554//9723 5054//9723
f 5487//9724 5488//9724 5240//9724
f 5487//9725 5240//9725 5055//9725
f 5059//9726 4555//9726 4558//9726
f 5059//9727 4558//9727 5058//9727
f 5489//9728 5490//9728 5061//9728
f 5489//9729 5061//9729 5043//9729
f 5054//9730 4554//9730 4778//9730
f 5054//9731 4778//9731 5242//9731
f 2313//9732 5077//9732 5442//9732
f 2313//9733 5442//9733 4283//9733
f 2350//9734 5064//9734 5065//9734
f 2350//9735 5065//9735 5066//9735
f 5375//9736 5067//9736 5068//9736
f 5375//9737 5068//9737 5376//9737
f 5070//9738 5065//9738 5064//9738
f 5070//9739 5064//9739 5069//9739
f 5374//9740 5071//9740 5067//9740
f 5374//9741 5067//9741 5375//9741
f 5376//9742 5068//9742 5493//9742
f 5376//9743 5493//9743 5494//9743
f 5068//9744 5067//9744 5074//9744
f 5068//9745 5074//9745 5075//9745
f 5492//9746 5493//9746 5068//9746
f 5492//9747 5068//9747 5075//9747
f 5495//9748 4533//9748 2350//9748
f 5495//9749 2350//9749 5066//9749
f 5077//9750 5078//9750 5079//9750
f 5077//9751 5079//9751 5080//9751
f 5029//9752 5081//9752 5079//9752
f 5029//9753 5079//9753 5078//9753
f 5082//9754 5081//9754 5029//9754
f 5082//9755 5029//9755 5030//9755
f 5083//9756 5082//9756 5030//9756
f 5083//9757 5030//9757 5052//9757
f 5083//9758 5052//9758 5051//9758
f 5083//9759 5051//9759 5084//9759
f 5390//9760 5087//9760 5086//9760
f 5390//9761 5086//9761 5391//9761
f 5391//9762 5086//9762 5061//9762
f 5391//9763 5061//9763 5392//9763
f 5392//9764 5061//9764 5490//9764
f 5392//9765 5490//9765 5491//9765
f 5085//9766 5074//9766 5067//9766
f 5085//9767 5067//9767 5071//9767
f 5058//9768 4558//9768 4950//9768
f 5058//9769 4950//9769 5394//9769
f 5088//9770 4556//9770 4557//9770
f 5088//9771 4557//9771 5089//9771
f 5051//9772 5045//9772 5091//9772
f 5051//9773 5091//9773 5084//9773
f 5028//9774 5025//9774 5027//9774
f 5028//9775 5027//9775 5050//9775
f 5043//9776 5061//9776 5086//9776
f 5043//9777 5086//9777 5041//9777
f 5041//9778 5086//9778 5087//9778
f 5041//9779 5087//9779 5042//9779
f 5056//9780 5195//9780 5194//9780
f 5056//9781 5194//9781 5054//9781
f 5054//9782 5242//9782 5241//9782
f 5054//9783 5241//9783 5056//9783
f 5058//9784 5060//9784 5057//9784
f 5058//9785 5057//9785 5059//9785
f 5058//9786 5394//9786 5393//9786
f 5058//9787 5393//9787 5060//9787
f 5072//9788 5076//9788 5088//9788
f 5072//9789 5088//9789 5089//9789
f 5377//9790 5072//9790 5089//9790
f 5377//9791 5089//9791 5378//9791
f 2371//9792 2351//9792 5073//9792
f 2371//9793 5073//9793 5092//9793
f 5092//9794 4559//9794 6//9794
f 5092//9795 6//9795 2371//9795
f 5089//9796 4557//9796 4921//9796
f 5089//9797 4921//9797 5378//9797
f 5099//9798 5316//9798 3483//9798
f 5099//9799 3483//9799 2701//9799
f 5032//9800 5099//9800 2701//9800
f 5032//9801 2701//9801 2306//9801
f 5475//9802 5097//9802 5033//9802
f 5475//9803 5033//9803 5476//9803
f 5306//9804 5097//9804 5475//9804
f 5306//9805 5475//9805 5474//9805
f 5094//9806 5303//9806 5304//9806
f 5094//9807 5304//9807 5095//9807
f 5090//9808 5094//9808 5095//9808
f 5090//9809 5095//9809 5093//9809
f 5199//9810 5198//9810 5098//9810
f 5199//9811 5098//9811 5036//9811
f 5198//9812 5307//9812 5308//9812
f 5198//9813 5308//9813 5098//9813
f 5482//9814 5483//9814 5305//9814
f 5482//9815 5305//9815 5096//9815
f 5481//9816 5482//9816 5096//9816
f 5481//9817 5096//9817 5034//9817
f 2309//9818 3483//9818 5316//9818
f 2309//9819 5316//9819 5026//9819
f 5473//9820 5035//9820 5306//9820
f 5473//9821 5306//9821 5474//9821
f 5308//9822 5307//9822 5197//9822
f 5308//9823 5197//9823 5040//9823
f 5303//9824 5053//9824 5062//9824
f 5303//9825 5062//9825 5304//9825
f 5483//9826 5484//9826 5063//9826
f 5483//9827 5063//9827 5305//9827
f 4840//9828 4843//9828 5303//9828
f 4840//9829 5303//9829 5094//9829
f 5303//9830 4843//9830 4839//9830
f 5303//9831 4839//9831 5053//9831
f 5090//9832 4841//9832 4840//9832
f 5090//9833 4840//9833 5094//9833
f 5077//9834 5080//9834 5443//9834
f 5077//9835 5443//9835 5442//9835
f 5051//9836 5049//9836 5046//9836
f 5051//9837 5046//9837 5045//9837
f 5052//9838 5050//9838 5049//9838
f 5052//9839 5049//9839 5051//9839
f 5030//9840 5028//9840 5050//9840
f 5030//9841 5050//9841 5052//9841
f 5029//9842 2311//9842 5028//9842
f 5029//9843 5028//9843 5030//9843
f 2311//9844 2310//9844 5025//9844
f 2311//9845 5025//9845 5028//9845
f 5078//9846 2312//9846 2311//9846
f 5078//9847 2311//9847 5029//9847
f 5077//9848 2313//9848 2312//9848
f 5077//9849 2312//9849 5078//9849
f 5044//9850 5101//9850 5253//9850
f 5044//9851 5253//9851 5252//9851
f 5069//9852 5103//9852 5102//9852
f 5069//9853 5102//9853 5070//9853
f 5373//9854 5104//9854 5071//9854
f 5373//9855 5071//9855 5374//9855
f 5079//9856 5106//9856 5105//9856
f 5079//9857 5105//9857 5080//9857
f 5081//9858 5107//9858 5106//9858
f 5081//9859 5106//9859 5079//9859
f 5082//9860 5108//9860 5107//9860
f 5082//9861 5107//9861 5081//9861
f 5083//9862 5109//9862 5108//9862
f 5083//9863 5108//9863 5082//9863
f 5084//9864 5110//9864 5109//9864
f 5084//9865 5109//9865 5083//9865
f 5390//9866 5389//9866 5111//9866
f 5390//9867 5111//9867 5087//9867
f 5091//9868 5112//9868 5110//9868
f 5091//9869 5110//9869 5084//9869
f 5087//9870 5111//9870 5100//9870
f 5087//9871 5100//9871 5042//9871
f 5080//9872 5105//9872 5444//9872
f 5080//9873 5444//9873 5443//9873
f 5085//9874 5071//9874 5104//9874
f 5085//9875 5104//9875 5113//9875
f 5465//9876 5273//9876 5272//9876
f 5465//9877 5272//9877 5466//9877
f 5108//9878 5114//9878 5115//9878
f 5108//9879 5115//9879 5107//9879
f 5106//9880 5117//9880 5116//9880
f 5106//9881 5116//9881 5105//9881
f 5107//9882 5115//9882 5117//9882
f 5107//9883 5117//9883 5106//9883
f 5464//9884 5274//9884 5273//9884
f 5464//9885 5273//9885 5465//9885
f 5101//9886 5118//9886 5254//9886
f 5101//9887 5254//9887 5253//9887
f 5112//9888 5120//9888 5119//9888
f 5112//9889 5119//9889 5110//9889
f 5282//9890 5253//9890 5254//9890
f 5282//9891 5254//9891 5283//9891
f 5119//9892 5121//9892 5109//9892
f 5119//9893 5109//9893 5110//9893
f 5121//9894 5114//9894 5108//9894
f 5121//9895 5108//9895 5109//9895
f 5103//9896 5123//9896 5122//9896
f 5103//9897 5122//9897 5102//9897
f 5372//9898 5124//9898 5104//9898
f 5372//9899 5104//9899 5373//9899
f 5389//9900 5388//9900 5125//9900
f 5389//9901 5125//9901 5111//9901
f 5111//9902 5125//9902 5126//9902
f 5111//9903 5126//9903 5100//9903
f 5104//9904 5124//9904 5127//9904
f 5104//9905 5127//9905 5113//9905
f 5105//9906 5116//9906 5445//9906
f 5105//9907 5445//9907 5444//9907
f 5371//9908 5129//9908 5124//9908
f 5371//9909 5124//9909 5372//9909
f 5117//9910 5132//9910 5131//9910
f 5117//9911 5131//9911 5116//9911
f 5115//9912 5128//9912 5132//9912
f 5115//9913 5132//9913 5117//9913
f 5123//9914 5133//9914 5130//9914
f 5123//9915 5130//9915 5122//9915
f 5116//9916 5131//9916 5446//9916
f 5116//9917 5446//9917 5445//9917
f 5463//9918 5275//9918 5274//9918
f 5463//9919 5274//9919 5464//9919
f 5118//9920 5134//9920 5255//9920
f 5118//9921 5255//9921 5254//9921
f 5120//9922 5135//9922 5136//9922
f 5120//9923 5136//9923 5119//9923
f 5283//9924 5254//9924 5255//9924
f 5283//9925 5255//9925 5284//9925
f 5388//9926 5387//9926 5137//9926
f 5388//9927 5137//9927 5125//9927
f 5125//9928 5137//9928 5138//9928
f 5125//9929 5138//9929 5126//9929
f 5124//9930 5129//9930 5139//9930
f 5124//9931 5139//9931 5127//9931
f 5462//9932 5276//9932 5275//9932
f 5462//9933 5275//9933 5463//9933
f 5131//9934 5144//9934 5447//9934
f 5131//9935 5447//9935 5446//9935
f 5135//9936 5146//9936 5145//9936
f 5135//9937 5145//9937 5136//9937
f 5284//9938 5255//9938 5256//9938
f 5284//9939 5256//9939 5285//9939
f 5255//9940 5134//9940 5140//9940
f 5255//9941 5140//9941 5256//9941
f 5144//9942 5190//9942 5448//9942
f 5144//9943 5448//9943 5447//9943
f 5145//9944 5149//9944 5147//9944
f 5145//9945 5147//9945 5143//9945
f 5146//9946 5150//9946 5149//9946
f 5146//9947 5149//9947 5145//9947
f 5285//9948 5256//9948 5257//9948
f 5285//9949 5257//9949 5286//9949
f 5140//9950 5151//9950 5257//9950
f 5140//9951 5257//9951 5256//9951
f 5461//9952 5277//9952 5276//9952
f 5461//9953 5276//9953 5462//9953
f 5460//9954 5278//9954 5277//9954
f 5460//9955 5277//9955 5461//9955
f 5151//9956 5153//9956 5258//9956
f 5151//9957 5258//9957 5257//9957
f 5150//9958 5154//9958 5155//9958
f 5150//9959 5155//9959 5149//9959
f 5147//9960 5149//9960 5155//9960
f 5147//9961 5155//9961 5156//9961
f 5286//9962 5257//9962 5258//9962
f 5286//9963 5258//9963 5287//9963
f 5448//9964 5190//9964 5191//9964
f 5448//9965 5191//9965 5449//9965
f 5153//9966 5157//9966 5259//9966
f 5153//9967 5259//9967 5258//9967
f 5287//9968 5258//9968 5259//9968
f 5287//9969 5259//9969 5288//9969
f 5459//9970 5279//9970 5278//9970
f 5459//9971 5278//9971 5460//9971
f 5154//9972 5158//9972 5159//9972
f 5154//9973 5159//9973 5155//9973
f 5155//9974 5159//9974 5160//9974
f 5155//9975 5160//9975 5156//9975
f 5449//9976 5191//9976 5192//9976
f 5449//9977 5192//9977 5450//9977
f 5157//9978 5161//9978 5260//9978
f 5157//9979 5260//9979 5259//9979
f 5158//9980 5162//9980 5163//9980
f 5158//9981 5163//9981 5159//9981
f 5159//9982 5163//9982 5164//9982
f 5159//9983 5164//9983 5160//9983
f 5450//9984 5192//9984 5193//9984
f 5450//9985 5193//9985 5451//9985
f 5458//9986 5280//9986 5279//9986
f 5458//9987 5279//9987 5459//9987
f 5288//9988 5259//9988 5260//9988
f 5288//9989 5260//9989 5289//9989
f 5451//9990 5193//9990 5179//9990
f 5451//9991 5179//9991 5452//9991
f 5163//9992 5166//9992 5165//9992
f 5163//9993 5165//9993 5164//9993
f 5162//9994 5167//9994 5166//9994
f 5162//9995 5166//9995 5163//9995
f 5289//9996 5260//9996 5261//9996
f 5289//9997 5261//9997 5290//9997
f 5161//9998 5168//9998 5261//9998
f 5161//9999 5261//9999 5260//9999
f 5457//10000 5281//10000 5280//10000
f 5457//10001 5280//10001 5458//10001
f 5114//10002 5169//10002 5128//10002
f 5114//10003 5128//10003 5115//10003
f 5121//10004 5170//10004 5169//10004
f 5121//10005 5169//10005 5114//10005
f 5119//10006 5136//10006 5170//10006
f 5119//10007 5170//10007 5121//10007
f 5136//10008 5145//10008 5143//10008
f 5136//10009 5143//10009 5170//10009
f 5132//10010 5171//10010 5144//10010
f 5132//10011 5144//10011 5131//10011
f 5128//10012 5172//10012 5171//10012
f 5128//10013 5171//10013 5132//10013
f 5169//10014 5173//10014 5172//10014
f 5169//10015 5172//10015 5128//10015
f 5170//10016 5143//10016 5173//10016
f 5170//10017 5173//10017 5169//10017
f 5147//10018 5174//10018 5173//10018
f 5147//10019 5173//10019 5143//10019
f 5156//10020 5175//10020 5174//10020
f 5156//10021 5174//10021 5147//10021
f 5160//10022 5176//10022 5175//10022
f 5160//10023 5175//10023 5156//10023
f 5164//10024 5177//10024 5176//10024
f 5164//10025 5176//10025 5160//10025
f 5165//10026 5178//10026 5177//10026
f 5165//10027 5177//10027 5164//10027
f 5181//10028 5182//10028 5177//10028
f 5181//10029 5177//10029 5178//10029
f 5182//10030 5183//10030 5176//10030
f 5182//10031 5176//10031 5177//10031
f 5183//10032 5184//10032 5175//10032
f 5183//10033 5175//10033 5176//10033
f 5184//10034 5185//10034 5174//10034
f 5184//10035 5174//10035 5175//10035
f 5173//10036 5174//10036 5185//10036
f 5173//10037 5185//10037 5172//10037
f 5180//10038 5186//10038 5182//10038
f 5180//10039 5182//10039 5181//10039
f 5186//10040 5187//10040 5183//10040
f 5186//10041 5183//10041 5182//10041
f 5187//10042 5188//10042 5184//10042
f 5187//10043 5184//10043 5183//10043
f 5188//10044 5189//10044 5185//10044
f 5188//10045 5185//10045 5184//10045
f 5189//10046 5171//10046 5172//10046
f 5189//10047 5172//10047 5185//10047
f 5189//10048 5190//10048 5144//10048
f 5189//10049 5144//10049 5171//10049
f 5188//10050 5191//10050 5190//10050
f 5188//10051 5190//10051 5189//10051
f 5187//10052 5192//10052 5191//10052
f 5187//10053 5191//10053 5188//10053
f 5186//10054 5193//10054 5192//10054
f 5186//10055 5192//10055 5187//10055
f 5180//10056 5179//10056 5193//10056
f 5180//10057 5193//10057 5186//10057
f 3194//10058 5400//10058 5039//10058
f 3194//10059 5039//10059 3193//10059
f 3189//10060 4284//10060 5478//10060
f 3189//10061 5478//10061 5401//10061
f 3191//10062 980//10062 4949//10062
f 3191//10063 4949//10063 5404//10063
f 5403//10064 3192//10064 3191//10064
f 5403//10065 3191//10065 5404//10065
f 5402//10066 3190//10066 4532//10066
f 5402//10067 4532//10067 5479//10067
f 5306//10068 5035//10068 5197//10068
f 5306//10069 5197//10069 5307//10069
f 5097//10070 5306//10070 5307//10070
f 5097//10071 5307//10071 5198//10071
f 5199//10072 5033//10072 5097//10072
f 5199//10073 5097//10073 5198//10073
f 5400//10074 3194//10074 3189//10074
f 5400//10075 3189//10075 5401//10075
f 3193//10076 5039//10076 5038//10076
f 3193//10077 5038//10077 3197//10077
f 3197//10078 5038//10078 5200//10078
f 3197//10079 5200//10079 3198//10079
f 2305//10080 3199//10080 5201//10080
f 2305//10081 5201//10081 5031//10081
f 5200//10082 5202//10082 3200//10082
f 5200//10083 3200//10083 3198//10083
f 5202//10084 5201//10084 3199//10084
f 5202//10085 3199//10085 3200//10085
f 5031//10086 5201//10086 5204//10086
f 5031//10087 5204//10087 5203//10087
f 5031//10088 5203//10088 5205//10088
f 5031//10089 5205//10089 5032//10089
f 5202//10090 5206//10090 5204//10090
f 5202//10091 5204//10091 5201//10091
f 5200//10092 5207//10092 5206//10092
f 5200//10093 5206//10093 5202//10093
f 5038//10094 5208//10094 5207//10094
f 5038//10095 5207//10095 5200//10095
f 5039//10096 5037//10096 5208//10096
f 5039//10097 5208//10097 5038//10097
f 5205//10098 5209//10098 5099//10098
f 5205//10099 5099//10099 5032//10099
f 5209//10100 5315//10100 5316//10100
f 5209//10101 5316//10101 5099//10101
f 5315//10102 5210//10102 5026//10102
f 5315//10103 5026//10103 5316//10103
f 5329//10104 5027//10104 5025//10104
f 5329//10105 5025//10105 5330//10105
f 5328//10106 5048//10106 5027//10106
f 5328//10107 5027//10107 5329//10107
f 5206//10108 5216//10108 5212//10108
f 5206//10109 5212//10109 5204//10109
f 5203//10110 5204//10110 5212//10110
f 5203//10111 5212//10111 5213//10111
f 5203//10112 5213//10112 5214//10112
f 5203//10113 5214//10113 5205//10113
f 5214//10114 5215//10114 5209//10114
f 5214//10115 5209//10115 5205//10115
f 5215//10116 5314//10116 5315//10116
f 5215//10117 5315//10117 5209//10117
f 5314//10118 5211//10118 5210//10118
f 5314//10119 5210//10119 5315//10119
f 5207//10120 5217//10120 5216//10120
f 5207//10121 5216//10121 5206//10121
f 5208//10122 5218//10122 5217//10122
f 5208//10123 5217//10123 5207//10123
f 5037//10124 5036//10124 5218//10124
f 5037//10125 5218//10125 5208//10125
f 5098//10126 5308//10126 5309//10126
f 5098//10127 5309//10127 5220//10127
f 5098//10128 5220//10128 5218//10128
f 5098//10129 5218//10129 5036//10129
f 5040//10130 5219//10130 5309//10130
f 5040//10131 5309//10131 5308//10131
f 5220//10132 5309//10132 5310//10132
f 5220//10133 5310//10133 5222//10133
f 5220//10134 5222//10134 5217//10134
f 5220//10135 5217//10135 5218//10135
f 5219//10136 5221//10136 5310//10136
f 5219//10137 5310//10137 5309//10137
f 5327//10138 5047//10138 5048//10138
f 5327//10139 5048//10139 5328//10139
f 5313//10140 5223//10140 5211//10140
f 5313//10141 5211//10141 5314//10141
f 5224//10142 5313//10142 5314//10142
f 5224//10143 5314//10143 5215//10143
f 5214//10144 5213//10144 5224//10144
f 5214//10145 5224//10145 5215//10145
f 5045//10146 5225//10146 5226//10146
f 5045//10147 5226//10147 5091//10147
f 5225//10148 5245//10148 5252//10148
f 5225//10149 5252//10149 5226//10149
f 5046//10150 5227//10150 5225//10150
f 5046//10151 5225//10151 5045//10151
f 5227//10152 5239//10152 5245//10152
f 5227//10153 5245//10153 5225//10153
f 5047//10154 5228//10154 5227//10154
f 5047//10155 5227//10155 5046//10155
f 5228//10156 5236//10156 5239//10156
f 5228//10157 5239//10157 5227//10157
f 5327//10158 5326//10158 5228//10158
f 5327//10159 5228//10159 5047//10159
f 5313//10160 5312//10160 5229//10160
f 5313//10161 5229//10161 5223//10161
f 5224//10162 5230//10162 5312//10162
f 5224//10163 5312//10163 5313//10163
f 5213//10164 5212//10164 5230//10164
f 5213//10165 5230//10165 5224//10165
f 5326//10166 5325//10166 5236//10166
f 5326//10167 5236//10167 5228//10167
f 5312//10168 5311//10168 5232//10168
f 5312//10169 5232//10169 5229//10169
f 5216//10170 5231//10170 5230//10170
f 5216//10171 5230//10171 5212//10171
f 5222//10172 5231//10172 5216//10172
f 5222//10173 5216//10173 5217//10173
f 5312//10174 5230//10174 5231//10174
f 5312//10175 5231//10175 5311//10175
f 5222//10176 5310//10176 5311//10176
f 5222//10177 5311//10177 5231//10177
f 5310//10178 5221//10178 5232//10178
f 5310//10179 5232//10179 5311//10179
f 5321//10180 5251//10180 5233//10180
f 5321//10181 5233//10181 5322//10181
f 5322//10182 5233//10182 5234//10182
f 5322//10183 5234//10183 5323//10183
f 5323//10184 5234//10184 5235//10184
f 5323//10185 5235//10185 5324//10185
f 5324//10186 5235//10186 5236//10186
f 5324//10187 5236//10187 5325//10187
f 5234//10188 5237//10188 5238//10188
f 5234//10189 5238//10189 5235//10189
f 5235//10190 5238//10190 5239//10190
f 5235//10191 5239//10191 5236//10191
f 5468//10192 5247//10192 5246//10192
f 5468//10193 5246//10193 5469//10193
f 5488//10194 5489//10194 5043//10194
f 5488//10195 5043//10195 5240//10195
f 5242//10196 5059//10196 5057//10196
f 5242//10197 5057//10197 5241//10197
f 5242//10198 4778//10198 4555//10198
f 5242//10199 4555//10199 5059//10199
f 5237//10200 5243//10200 5244//10200
f 5237//10201 5244//10201 5238//10201
f 5238//10202 5244//10202 5245//10202
f 5238//10203 5245//10203 5239//10203
f 5234//10204 5246//10204 5247//10204
f 5234//10205 5247//10205 5237//10205
f 5237//10206 5247//10206 5248//10206
f 5237//10207 5248//10207 5243//10207
f 5233//10208 5251//10208 5250//10208
f 5233//10209 5250//10209 5249//10209
f 5233//10210 5249//10210 5246//10210
f 5233//10211 5246//10211 5234//10211
f 5194//10212 5317//10212 4858//10212
f 5194//10213 4858//10213 4842//10213
f 5195//10214 5318//10214 5317//10214
f 5195//10215 5317//10215 5194//10215
f 5196//10216 5319//10216 5485//10216
f 5196//10217 5485//10217 5486//10217
f 5471//10218 5472//10218 5435//10218
f 5471//10219 5435//10219 5434//10219
f 5250//10220 5320//10220 5472//10220
f 5250//10221 5472//10221 5471//10221
f 5251//10222 5321//10222 5320//10222
f 5251//10223 5320//10223 5250//10223
f 5282//10224 5226//10224 5252//10224
f 5282//10225 5252//10225 5253//10225
f 5252//10226 5245//10226 5244//10226
f 5252//10227 5244//10227 5044//10227
f 5263//10228 5101//10228 5044//10228
f 5263//10229 5044//10229 5262//10229
f 5264//10230 5118//10230 5101//10230
f 5264//10231 5101//10231 5263//10231
f 5265//10232 5134//10232 5118//10232
f 5265//10233 5118//10233 5264//10233
f 5266//10234 5140//10234 5134//10234
f 5266//10235 5134//10235 5265//10235
f 5267//10236 5151//10236 5140//10236
f 5267//10237 5140//10237 5266//10237
f 5268//10238 5153//10238 5151//10238
f 5268//10239 5151//10239 5267//10239
f 5269//10240 5157//10240 5153//10240
f 5269//10241 5153//10241 5268//10241
f 5270//10242 5161//10242 5157//10242
f 5270//10243 5157//10243 5269//10243
f 5271//10244 5168//10244 5161//10244
f 5271//10245 5161//10245 5270//10245
f 5044//10246 5244//10246 5243//10246
f 5044//10247 5243//10247 5262//10247
f 5273//10248 5263//10248 5262//10248
f 5273//10249 5262//10249 5272//10249
f 5274//10250 5264//10250 5263//10250
f 5274//10251 5263//10251 5273//10251
f 5275//10252 5265//10252 5264//10252
f 5275//10253 5264//10253 5274//10253
f 5276//10254 5266//10254 5265//10254
f 5276//10255 5265//10255 5275//10255
f 5277//10256 5267//10256 5266//10256
f 5277//10257 5266//10257 5276//10257
f 5278//10258 5268//10258 5267//10258
f 5278//10259 5267//10259 5277//10259
f 5279//10260 5269//10260 5268//10260
f 5279//10261 5268//10261 5278//10261
f 5280//10262 5270//10262 5269//10262
f 5280//10263 5269//10263 5279//10263
f 5281//10264 5271//10264 5270//10264
f 5281//10265 5270//10265 5280//10265
f 5262//10266 5243//10266 5248//10266
f 5262//10267 5248//10267 5272//10267
f 5112//10268 5282//10268 5283//10268
f 5112//10269 5283//10269 5120//10269
f 5285//10270 5146//10270 5135//10270
f 5285//10271 5135//10271 5284//10271
f 5286//10272 5150//10272 5146//10272
f 5286//10273 5146//10273 5285//10273
f 5287//10274 5154//10274 5150//10274
f 5287//10275 5150//10275 5286//10275
f 5288//10276 5158//10276 5154//10276
f 5288//10277 5154//10277 5287//10277
f 5289//10278 5162//10278 5158//10278
f 5289//10279 5158//10279 5288//10279
f 5290//10280 5167//10280 5162//10280
f 5290//10281 5162//10281 5289//10281
f 5091//10282 5226//10282 5282//10282
f 5091//10283 5282//10283 5112//10283
f 5179//10284 5296//10284 5453//10284
f 5179//10285 5453//10285 5452//10285
f 5271//10286 5297//10286 5291//10286
f 5271//10287 5291//10287 5168//10287
f 5281//10288 5298//10288 5297//10288
f 5281//10289 5297//10289 5271//10289
f 5456//10290 5298//10290 5281//10290
f 5456//10291 5281//10291 5457//10291
f 5261//10292 5168//10292 5291//10292
f 5261//10293 5291//10293 5290//10293
f 5166//10294 5293//10294 5292//10294
f 5166//10295 5292//10295 5165//10295
f 5181//10296 5292//10296 5294//10296
f 5181//10297 5294//10297 5180//10297
f 5166//10298 5167//10298 5295//10298
f 5166//10299 5295//10299 5293//10299
f 5291//10300 5295//10300 5167//10300
f 5291//10301 5167//10301 5290//10301
f 5292//10302 5181//10302 5178//10302
f 5292//10303 5178//10303 5165//10303
f 5180//10304 5294//10304 5296//10304
f 5180//10305 5296//10305 5179//10305
f 5297//10306 5299//10306 5295//10306
f 5297//10307 5295//10307 5291//10307
f 5298//10308 5300//10308 5299//10308
f 5298//10309 5299//10309 5297//10309
f 5455//10310 5300//10310 5298//10310
f 5455//10311 5298//10311 5456//10311
f 5299//10312 5301//10312 5293//10312
f 5299//10313 5293//10313 5295//10313
f 5300//10314 5302//10314 5301//10314
f 5300//10315 5301//10315 5299//10315
f 5300//10316 5455//10316 5454//10316
f 5300//10317 5454//10317 5302//10317
f 5294//10318 5301//10318 5302//10318
f 5294//10319 5302//10319 5296//10319
f 5301//10320 5294//10320 5292//10320
f 5301//10321 5292//10321 5293//10321
f 5302//10322 5454//10322 5453//10322
f 5302//10323 5453//10323 5296//10323
f 4858//10324 5317//10324 5053//10324
f 4858//10325 5053//10325 4839//10325
f 5318//10326 5062//10326 5053//10326
f 5318//10327 5053//10327 5317//10327
f 5319//10328 5063//10328 5484//10328
f 5319//10329 5484//10329 5485//10329
f 5472//10330 5473//10330 5436//10330
f 5472//10331 5436//10331 5435//10331
f 5320//10332 5035//10332 5473//10332
f 5320//10333 5473//10333 5472//10333
f 5321//10334 5197//10334 5035//10334
f 5321//10335 5035//10335 5320//10335
f 5040//10336 5197//10336 5321//10336
f 5040//10337 5321//10337 5322//10337
f 5040//10338 5322//10338 5323//10338
f 5040//10339 5323//10339 5219//10339
f 5219//10340 5323//10340 5324//10340
f 5219//10341 5324//10341 5221//10341
f 5221//10342 5324//10342 5325//10342
f 5221//10343 5325//10343 5232//10343
f 5326//10344 5229//10344 5232//10344
f 5326//10345 5232//10345 5325//10345
f 5223//10346 5229//10346 5326//10346
f 5223//10347 5326//10347 5327//10347
f 5211//10348 5223//10348 5327//10348
f 5211//10349 5327//10349 5328//10349
f 5210//10350 5211//10350 5328//10350
f 5210//10351 5328//10351 5329//10351
f 5026//10352 5210//10352 5329//10352
f 5026//10353 5329//10353 5330//10353
f 5026//10354 5330//10354 3486//10354
f 5026//10355 3486//10355 2309//10355
f 5386//10356 5337//10356 5137//10356
f 5386//10357 5137//10357 5387//10357
f 5129//10358 5332//10358 5331//10358
f 5129//10359 5331//10359 5139//10359
f 5370//10360 5332//10360 5129//10360
f 5370//10361 5129//10361 5371//10361
f 5130//10362 5133//10362 5142//10362
f 5130//10363 5142//10363 5333//10363
f 5332//10364 5335//10364 5334//10364
f 5332//10365 5334//10365 5331//10365
f 5369//10366 5335//10366 5332//10366
f 5369//10367 5332//10367 5370//10367
f 5142//10368 5148//10368 5336//10368
f 5142//10369 5336//10369 5333//10369
f 5137//10370 5337//10370 5141//10370
f 5137//10371 5141//10371 5138//10371
f 5337//10372 5338//10372 5152//10372
f 5337//10373 5152//10373 5141//10373
f 5338//10374 5340//10374 5339//10374
f 5338//10375 5339//10375 5152//10375
f 5340//10376 5342//10376 5341//10376
f 5340//10377 5341//10377 5339//10377
f 5385//10378 5338//10378 5337//10378
f 5385//10379 5337//10379 5386//10379
f 5384//10380 5340//10380 5338//10380
f 5384//10381 5338//10381 5385//10381
f 5335//10382 5345//10382 5343//10382
f 5335//10383 5343//10383 5334//10383
f 5368//10384 5345//10384 5335//10384
f 5368//10385 5335//10385 5369//10385
f 5148//10386 5344//10386 5346//10386
f 5148//10387 5346//10387 5336//10387
f 5384//10388 5383//10388 5342//10388
f 5384//10389 5342//10389 5340//10389
f 5345//10390 5349//10390 5347//10390
f 5345//10391 5347//10391 5343//10391
f 5367//10392 5349//10392 5345//10392
f 5367//10393 5345//10393 5368//10393
f 5344//10394 5348//10394 5350//10394
f 5344//10395 5350//10395 5346//10395
f 5342//10396 5352//10396 5351//10396
f 5342//10397 5351//10397 5341//10397
f 5383//10398 5382//10398 5352//10398
f 5383//10399 5352//10399 5342//10399
f 5349//10400 5354//10400 5353//10400
f 5349//10401 5353//10401 5347//10401
f 5366//10402 5354//10402 5349//10402
f 5366//10403 5349//10403 5367//10403
f 5348//10404 5356//10404 5355//10404
f 5348//10405 5355//10405 5350//10405
f 5352//10406 5358//10406 5357//10406
f 5352//10407 5357//10407 5351//10407
f 5356//10408 5359//10408 5360//10408
f 5356//10409 5360//10409 5355//10409
f 5365//10410 5361//10410 5354//10410
f 5365//10411 5354//10411 5366//10411
f 5354//10412 5361//10412 5362//10412
f 5354//10413 5362//10413 5353//10413
f 5381//10414 5358//10414 5352//10414
f 5381//10415 5352//10415 5382//10415
f 5381//10416 5380//10416 5357//10416
f 5381//10417 5357//10417 5358//10417
f 5361//10418 5364//10418 5363//10418
f 5361//10419 5363//10419 5362//10419
f 5355//10420 5360//10420 5365//10420
f 5355//10421 5365//10421 5366//10421
f 5350//10422 5355//10422 5366//10422
f 5350//10423 5366//10423 5367//10423
f 5346//10424 5350//10424 5367//10424
f 5346//10425 5367//10425 5368//10425
f 5336//10426 5346//10426 5368//10426
f 5336//10427 5368//10427 5369//10427
f 5333//10428 5336//10428 5369//10428
f 5333//10429 5369//10429 5370//10429
f 5130//10430 5333//10430 5370//10430
f 5130//10431 5370//10431 5371//10431
f 5122//10432 5130//10432 5371//10432
f 5122//10433 5371//10433 5372//10433
f 5102//10434 5122//10434 5372//10434
f 5102//10435 5372//10435 5373//10435
f 5070//10436 5102//10436 5373//10436
f 5070//10437 5373//10437 5374//10437
f 5070//10438 5374//10438 5375//10438
f 5070//10439 5375//10439 5065//10439
f 5065//10440 5375//10440 5376//10440
f 5065//10441 5376//10441 5066//10441
f 5066//10442 5376//10442 5494//10442
f 5066//10443 5494//10443 5495//10443
f 5073//10444 5377//10444 5378//10444
f 5073//10445 5378//10445 5092//10445
f 5378//10446 4921//10446 4559//10446
f 5378//10447 4559//10447 5092//10447
f 5365//10448 5379//10448 5364//10448
f 5365//10449 5364//10449 5361//10449
f 5359//10450 5379//10450 5365//10450
f 5359//10451 5365//10451 5360//10451
f 5381//10452 5362//10452 5363//10452
f 5381//10453 5363//10453 5380//10453
f 5382//10454 5353//10454 5362//10454
f 5382//10455 5362//10455 5381//10455
f 5383//10456 5347//10456 5353//10456
f 5383//10457 5353//10457 5382//10457
f 5384//10458 5343//10458 5347//10458
f 5384//10459 5347//10459 5383//10459
f 5385//10460 5334//10460 5343//10460
f 5385//10461 5343//10461 5384//10461
f 5386//10462 5331//10462 5334//10462
f 5386//10463 5334//10463 5385//10463
f 5387//10464 5139//10464 5331//10464
f 5387//10465 5331//10465 5386//10465
f 5388//10466 5127//10466 5139//10466
f 5388//10467 5139//10467 5387//10467
f 5389//10468 5113//10468 5127//10468
f 5389//10469 5127//10469 5388//10469
f 5390//10470 5085//10470 5113//10470
f 5390//10471 5113//10471 5389//10471
f 5391//10472 5074//10472 5085//10472
f 5391//10473 5085//10473 5390//10473
f 5392//10474 5075//10474 5074//10474
f 5392//10475 5074//10475 5391//10475
f 5491//10476 5492//10476 5075//10476
f 5491//10477 5075//10477 5392//10477
f 5394//10478 5088//10478 5076//10478
f 5394//10479 5076//10479 5393//10479
f 4950//10480 4556//10480 5088//10480
f 4950//10481 5088//10481 5394//10481
f 5283//10482 5284//10482 5135//10482
f 5283//10483 5135//10483 5120//10483
f 5395//10484 5199//10484 5036//10484
f 5395//10485 5036//10485 5037//10485
f 5033//10486 5199//10486 5395//10486
f 5033//10487 5395//10487 5396//10487
f 5396//10488 5477//10488 5476//10488
f 5396//10489 5476//10489 5033//10489
f 5480//10490 5481//10490 5034//10490
f 5480//10491 5034//10491 5397//10491
f 5090//10492 5093//10492 5398//10492
f 5090//10493 5398//10493 5399//10493
f 5399//10494 4943//10494 4841//10494
f 5399//10495 4841//10495 5090//10495
f 5400//10496 5395//10496 5037//10496
f 5400//10497 5037//10497 5039//10497
f 5395//10498 5400//10498 5401//10498
f 5395//10499 5401//10499 5396//10499
f 5477//10500 5396//10500 5401//10500
f 5477//10501 5401//10501 5478//10501
f 5397//10502 5402//10502 5479//10502
f 5397//10503 5479//10503 5480//10503
f 5398//10504 5403//10504 5404//10504
f 5398//10505 5404//10505 5399//10505
f 5404//10506 4949//10506 4943//10506
f 5404//10507 4943//10507 5399//10507
f 2350//10508 4271//10508 5405//10508
f 2350//10509 5405//10509 5064//10509
f 5406//10510 5069//10510 5064//10510
f 5406//10511 5064//10511 5405//10511
f 5407//10512 5103//10512 5069//10512
f 5407//10513 5069//10513 5406//10513
f 5408//10514 5123//10514 5103//10514
f 5408//10515 5103//10515 5407//10515
f 5409//10516 5133//10516 5123//10516
f 5409//10517 5123//10517 5408//10517
f 5410//10518 5142//10518 5133//10518
f 5410//10519 5133//10519 5409//10519
f 5411//10520 5148//10520 5142//10520
f 5411//10521 5142//10521 5410//10521
f 5412//10522 5344//10522 5148//10522
f 5412//10523 5148//10523 5411//10523
f 5413//10524 5348//10524 5344//10524
f 5413//10525 5344//10525 5412//10525
f 5348//10526 5413//10526 5414//10526
f 5348//10527 5414//10527 5356//10527
f 5415//10528 5359//10528 5356//10528
f 5415//10529 5356//10529 5414//10529
f 5359//10530 5415//10530 5416//10530
f 5359//10531 5416//10531 5379//10531
f 5379//10532 5416//10532 5417//10532
f 5379//10533 5417//10533 5364//10533
f 5364//10534 5417//10534 5418//10534
f 5364//10535 5418//10535 5363//10535
f 5380//10536 5363//10536 5418//10536
f 5380//10537 5418//10537 5419//10537
f 5357//10538 5380//10538 5419//10538
f 5357//10539 5419//10539 5420//10539
f 5351//10540 5357//10540 5420//10540
f 5351//10541 5420//10541 5421//10541
f 5341//10542 5351//10542 5421//10542
f 5341//10543 5421//10543 5422//10543
f 5339//10544 5341//10544 5422//10544
f 5339//10545 5422//10545 5423//10545
f 5152//10546 5339//10546 5423//10546
f 5152//10547 5423//10547 5424//10547
f 5141//10548 5152//10548 5424//10548
f 5141//10549 5424//10549 5425//10549
f 5138//10550 5141//10550 5425//10550
f 5138//10551 5425//10551 5426//10551
f 5126//10552 5138//10552 5426//10552
f 5126//10553 5426//10553 5427//10553
f 5100//10554 5126//10554 5427//10554
f 5100//10555 5427//10555 5428//10555
f 5429//10556 5042//10556 5100//10556
f 5429//10557 5100//10557 5428//10557
f 5042//10558 5429//10558 5430//10558
f 5042//10559 5430//10559 5041//10559
f 5041//10560 5430//10560 5431//10560
f 5041//10561 5431//10561 5043//10561
f 5240//10562 5043//10562 5431//10562
f 5240//10563 5431//10563 5432//10563
f 5055//10564 5240//10564 5432//10564
f 5055//10565 5432//10565 5433//10565
f 5196//10566 5055//10566 5433//10566
f 5196//10567 5433//10567 5434//10567
f 5435//10568 5319//10568 5196//10568
f 5435//10569 5196//10569 5434//10569
f 5436//10570 5063//10570 5319//10570
f 5436//10570 5319//10570 5435//10570
f 5305//10571 5063//10571 5436//10571
f 5305//10572 5436//10572 5437//10572
f 5096//10573 5305//10573 5437//10573
f 5096//10574 5437//10574 5438//10574
f 5034//10575 5096//10575 5438//10575
f 5034//10576 5438//10576 5439//10576
f 5034//10577 5439//10577 5440//10577
f 5034//10578 5440//10578 5397//10578
f 5441//10579 5402//10579 5397//10579
f 5441//10580 5397//10580 5440//10580
f 4272//10581 3190//10581 5402//10581
f 4272//10582 5402//10582 5441//10582
f 5442//10583 5405//10583 4271//10583
f 5442//10584 4271//10584 4283//10584
f 5443//10585 5406//10585 5405//10585
f 5443//10586 5405//10586 5442//10586
f 5444//10587 5407//10587 5406//10587
f 5444//10588 5406//10588 5443//10588
f 5445//10589 5408//10589 5407//10589
f 5445//10590 5407//10590 5444//10590
f 5446//10591 5409//10591 5408//10591
f 5446//10592 5408//10592 5445//10592
f 5447//10593 5410//10593 5409//10593
f 5447//10594 5409//10594 5446//10594
f 5448//10595 5411//10595 5410//10595
f 5448//10596 5410//10596 5447//10596
f 5449//10597 5412//10597 5411//10597
f 5449//10598 5411//10598 5448//10598
f 5450//10599 5413//10599 5412//10599
f 5450//10600 5412//10600 5449//10600
f 5451//10601 5414//10601 5413//10601
f 5451//10602 5413//10602 5450//10602
f 5452//10603 5415//10603 5414//10603
f 5452//10604 5414//10604 5451//10604
f 5453//10605 5416//10605 5415//10605
f 5453//10606 5415//10606 5452//10606
f 5417//10607 5416//10607 5453//10607
f 5417//10608 5453//10608 5454//10608
f 5418//10609 5417//10609 5454//10609
f 5418//10610 5454//10610 5455//10610
f 5419//10611 5418//10611 5455//10611
f 5419//10612 5455//10612 5456//10612
f 5420//10613 5419//10613 5456//10613
f 5420//10614 5456//10614 5457//10614
f 5421//10615 5420//10615 5457//10615
f 5421//10616 5457//10616 5458//10616
f 5422//10617 5421//10617 5458//10617
f 5422//10618 5458//10618 5459//10618
f 5423//10619 5422//10619 5459//10619
f 5423//10620 5459//10620 5460//10620
f 5424//10621 5423//10621 5460//10621
f 5424//10622 5460//10622 5461//10622
f 5425//10623 5424//10623 5461//10623
f 5425//10624 5461//10624 5462//10624
f 5426//10625 5425//10625 5462//10625
f 5426//10626 5462//10626 5463//10626
f 5427//10627 5426//10627 5463//10627
f 5427//10628 5463//10628 5464//10628
f 5428//10629 5427//10629 5464//10629
f 5428//10630 5464//10630 5465//10630
f 5429//10631 5428//10631 5465//10631
f 5429//10632 5465//10632 5466//10632
f 5468//10633 5431//10633 5430//10633
f 5468//10634 5430//10634 5467//10634
f 5432//10635 5431//10635 5468//10635
f 5432//10636 5468//10636 5469//10636
f 5470//10637 5433//10637 5432//10637
f 5470//10638 5432//10638 5469//10638
f 5434//10639 5433//10639 5470//10639
f 5434//10640 5470//10640 5471//10640
f 5437//10641 5436//10641 5473//10641
f 5437//10642 5473//10642 5474//10642
f 5438//10643 5437//10643 5474//10643
f 5438//10644 5474//10644 5475//10644
f 5476//10645 5439//10645 5438//10645
f 5476//10646 5438//10646 5475//10646
f 5477//10647 5440//10647 5439//10647
f 5477//10648 5439//10648 5476//10648
f 5441//10649 5440//10649 5477//10649
f 5441//10650 5477//10650 5478//10650
f 4284//10651 4272//10651 5441//10651
f 4284//10652 5441//10652 5478//10652
f 5479//10653 4532//10653 3192//10653
f 5479//10654 3192//10654 5403//10654
f 5480//10655 5479//10655 5403//10655
f 5480//10656 5403//10656 5398//10656
f 5093//10657 5481//10657 5480//10657
f 5093//10658 5480//10658 5398//10658
f 5093//10659 5095//10659 5482//10659
f 5093//10660 5482//10660 5481//10660
f 5095//10661 5304//10661 5483//10661
f 5095//10662 5483//10662 5482//10662
f 5304//10663 5062//10663 5484//10663
f 5304//10664 5484//10664 5483//10664
f 5485//10665 5484//10665 5062//10665
f 5485//10666 5062//10666 5318//10666
f 5486//10667 5485//10667 5318//10667
f 5486//10668 5318//10668 5195//10668
f 5487//10669 5486//10669 5195//10669
f 5487//10670 5195//10670 5056//10670
f 5056//10671 5241//10671 5488//10671
f 5056//10672 5488//10672 5487//10672
f 5241//10673 5057//10673 5489//10673
f 5241//10674 5489//10674 5488//10674
f 5057//10675 5060//10675 5490//10675
f 5057//10676 5490//10676 5489//10676
f 5491//10677 5490//10677 5060//10677
f 5491//10678 5060//10678 5393//10678
f 5393//10679 5076//10679 5492//10679
f 5393//10680 5492//10680 5491//10680
f 5072//10681 5493//10681 5492//10681
f 5072//10682 5492//10682 5076//10682
f 5494//10683 5493//10683 5072//10683
f 5494//10684 5072//10684 5377//10684
f 5495//10685 5494//10685 5377//10685
f 5495//10686 5377//10686 5073//10686
f 2351//10687 4533//10687 5495//10687
f 2351//10688 5495//10688 5073//10688
f 110//10689 4608//10689 5496//10689
f 110//10690 5496//10690 4551//10690
f 5497//10691 5496//10691 4608//10691
f 5497//10692 4608//10692 4919//10692
f 5498//10693 5497//10693 4919//10693
f 5498//10694 4919//10694 4607//10694
f 4607//10695 4611//10695 5499//10695
f 4607//10696 5499//10696 5498//10696
f 4936//10697 5500//10697 5499//10697
f 4936//10698 5499//10698 4611//10698
f 5501//10699 5500//10699 4936//10699
f 5501//10700 4936//10700 4595//10700
f 4592//10701 5502//10701 5501//10701
f 4592//10702 5501//10702 4595//10702
f 4776//10703 5503//10703 5502//10703
f 4776//10704 5502//10704 4592//10704
f 4591//10705 5504//10705 5503//10705
f 4591//10706 5503//10706 4776//10706
f 4730//10707 5505//10707 5504//10707
f 4730//10708 5504//10708 4591//10708
f 5506//10709 5505//10709 4730//10709
f 5506//10710 4730//10710 4860//10710
f 5507//10711 5506//10711 4860//10711
f 5507//10712 4860//10712 4597//10712
f 4845//10713 5508//10713 5507//10713
f 4845//10714 5507//10714 4597//10714
f 4630//10715 5509//10715 5508//10715
f 4630//10716 5508//10716 4845//10716
f 4628//10717 5510//10717 5509//10717
f 4628//10718 5509//10718 4630//10718
f 4628//10719 4941//10719 5511//10719
f 4628//10720 5511//10720 5510//10720
f 5512//10721 5511//10721 4941//10721
f 5512//10722 4941//10722 4947//10722
f 4552//10723 5512//10723 4947//10723
f 4552//10724 4947//10724 952//10724
f 5568//10725 5567//10725 5574//10725
f 5568//10726 5574//10726 5575//10726
f 5570//10727 5567//10727 5568//10727
f 5570//10728 5568//10728 5571//10728
f 5578//10729 5569//10729 5576//10729
f 5578//10730 5576//10730 5589//10730
f 5576//10731 5569//10731 5577//10731
f 5576//10732 5577//10732 5588//10732
f 5567//10733 5570//10733 5577//10733
f 5567//10734 5577//10734 5569//10734
f 5574//10735 5567//10735 5569//10735
f 5574//10736 5569//10736 5578//10736
f 5579//10737 5570//10737 5571//10737
f 5579//10738 5571//10738 5580//10738
f 5572//10739 5568//10739 5575//10739
f 5572//10740 5575//10740 5583//10740
f 5568//10741 5572//10741 5581//10741
f 5568//10742 5581//10742 5571//10742
f 5572//10743 5573//10743 5582//10743
f 5572//10744 5582//10744 5581//10744
f 5573//10745 5572//10745 5583//10745
f 5573//10746 5583//10746 5584//10746
f 5575//10747 5574//10747 5585//10747
f 5575//10748 5585//10748 5586//10748
f 5588//10749 5577//10749 5590//10749
f 5588//10750 5590//10750 5607//10750
f 5570//10751 5579//10751 5590//10751
f 5570//10752 5590//10752 5577//10752
f 5591//10753 5578//10753 5589//10753
f 5591//10754 5589//10754 5608//10754
f 5585//10755 5574//10755 5578//10755
f 5585//10756 5578//10756 5591//10756
f 5592//10757 5579//10757 5580//10757
f 5592//10758 5580//10758 5595//10758
f 5571//10759 5581//10759 5596//10759
f 5571//10760 5596//10760 5580//10760
f 5581//10761 5582//10761 5597//10761
f 5581//10762 5597//10762 5596//10762
f 5598//10763 5918//10763 5919//10763
f 5598//10764 5919//10764 5622//10764
f 5918//10765 5598//10765 5620//10765
f 5918//10766 5620//10766 5917//10766
f 5583//10767 5575//10767 5586//10767
f 5583//10768 5586//10768 5599//10768
f 5584//10769 5583//10769 5599//10769
f 5584//10770 5599//10770 5600//10770
f 5586//10771 5585//10771 5601//10771
f 5586//10772 5601//10772 5602//10772
f 5576//10773 5587//10773 5606//10773
f 5576//10774 5606//10774 5589//10774
f 5605//10775 5587//10775 5576//10775
f 5605//10776 5576//10776 5588//10776
f 5607//10777 5590//10777 5609//10777
f 5607//10778 5609//10778 5633//10778
f 5579//10779 5592//10779 5609//10779
f 5579//10780 5609//10780 5590//10780
f 5611//10781 5591//10781 5608//10781
f 5611//10782 5608//10782 5635//10782
f 5601//10783 5585//10783 5591//10783
f 5601//10784 5591//10784 5611//10784
f 5593//10785 5592//10785 5595//10785
f 5593//10786 5595//10786 5594//10786
f 5580//10787 5596//10787 5616//10787
f 5580//10788 5616//10788 5595//10788
f 5596//10789 5597//10789 5619//10789
f 5596//10790 5619//10790 5616//10790
f 5917//10791 5620//10791 5647//10791
f 5917//10792 5647//10792 5916//10792
f 5598//10793 5621//10793 5648//10793
f 5598//10794 5648//10794 5620//10794
f 5621//10795 5598//10795 5622//10795
f 5621//10796 5622//10796 5651//10796
f 5622//10797 5919//10797 5920//10797
f 5622//10798 5920//10798 5652//10798
f 5599//10799 5586//10799 5602//10799
f 5599//10800 5602//10800 5623//10800
f 5600//10801 5599//10801 5623//10801
f 5600//10802 5623//10802 5624//10802
f 5602//10803 5601//10803 5625//10803
f 5602//10804 5625//10804 5626//10804
f 5604//10805 5603//10805 5629//10805
f 5604//10806 5629//10806 5630//10806
f 5603//10807 5604//10807 5628//10807
f 5603//10808 5628//10808 5627//10808
f 5604//10775 5587//10775 5605//10775
f 5604//10809 5605//10809 5628//10809
f 5587//10810 5604//10810 5630//10810
f 5587//10811 5630//10811 5606//10811
f 5631//10812 5605//10812 5588//10812
f 5631//10813 5588//10813 5607//10813
f 5589//10814 5606//10814 5632//10814
f 5589//10815 5632//10815 5608//10815
f 5609//10816 5610//10816 5634//10816
f 5609//10817 5634//10817 5633//10817
f 5592//10818 5593//10818 5610//10818
f 5592//10819 5610//10819 5609//10819
f 5638//10820 5611//10820 5635//10820
f 5638//10821 5635//10821 5666//10821
f 5625//10822 5601//10822 5611//10822
f 5625//10823 5611//10823 5638//10823
f 5612//10824 5593//10824 5594//10824
f 5612//10825 5594//10825 5615//10825
f 5613//10826 5612//10826 5615//10826
f 5613//10827 5615//10827 5614//10827
f 5616//10828 5617//10828 5594//10828
f 5616//10829 5594//10829 5595//10829
f 5616//10830 5619//10830 5618//10830
f 5616//10831 5618//10831 5617//10831
f 5916//10832 5647//10832 5673//10832
f 5916//10833 5673//10833 5915//10833
f 5620//10834 5648//10834 5675//10834
f 5620//10835 5675//10835 5647//10835
f 5648//10836 5621//10836 5649//10836
f 5648//10837 5649//10837 5676//10837
f 5621//10838 5651//10838 5679//10838
f 5621//10839 5679//10839 5649//10839
f 5651//10840 5622//10840 5652//10840
f 5651//10841 5652//10841 5681//10841
f 5652//10842 5920//10842 5921//10842
f 5652//10843 5921//10843 5682//10843
f 5623//10844 5602//10844 5626//10844
f 5623//10845 5626//10845 5653//10845
f 5624//10846 5623//10846 5653//10846
f 5624//10847 5653//10847 5654//10847
f 5627//10848 5628//10848 5658//10848
f 5627//10849 5658//10849 5657//10849
f 5628//10850 5605//10850 5631//10850
f 5628//10851 5631//10851 5658//10851
f 5630//10852 5629//10852 5659//10852
f 5630//10853 5659//10853 5660//10853
f 5606//10854 5630//10854 5660//10854
f 5606//10855 5660//10855 5632//10855
f 5661//10856 5631//10856 5607//10856
f 5661//10857 5607//10857 5633//10857
f 5608//10858 5632//10858 5663//10858
f 5608//10859 5663//10859 5635//10859
f 5610//10860 5636//10860 5664//10860
f 5610//10861 5664//10861 5634//10861
f 5612//10862 5613//10862 5637//10862
f 5612//10863 5637//10863 5636//10863
f 5593//10864 5612//10864 5636//10864
f 5593//10865 5636//10865 5610//10865
f 5639//10866 5613//10866 5614//10866
f 5639//10867 5614//10867 5642//10867
f 5643//10868 5615//10868 5594//10868
f 5643//10869 5594//10869 5617//10869
f 5643//10870 5644//10870 5614//10870
f 5643//10871 5614//10871 5615//10871
f 5643//10872 5646//10872 5645//10872
f 5643//10873 5645//10873 5644//10873
f 5643//10874 5617//10874 5618//10874
f 5643//10875 5618//10875 5646//10875
f 5914//10876 5915//10876 5673//10876
f 5914//10877 5673//10877 5674//10877
f 5647//10878 5675//10878 5701//10878
f 5647//10879 5701//10879 5673//10879
f 5675//10880 5648//10880 5676//10880
f 5675//10881 5676//10881 5703//10881
f 5650//10882 5677//10882 5676//10882
f 5650//10883 5676//10883 5649//10883
f 5680//10884 5650//10884 5649//10884
f 5680//10885 5649//10885 5679//10885
f 5651//10886 5681//10886 5707//10886
f 5651//10887 5707//10887 5679//10887
f 5681//10888 5652//10888 5682//10888
f 5681//10889 5682//10889 5709//10889
f 132//10890 133//10890 5626//10890
f 132//10891 5626//10891 5625//10891
f 5655//10892 5656//10892 5687//10892
f 5655//10893 5687//10893 5686//10893
f 5656//10894 5655//10894 5684//10894
f 5656//10895 5684//10895 5685//10895
f 5657//10896 5658//10896 5689//10896
f 5657//10897 5689//10897 5688//10897
f 5658//10898 5631//10898 5661//10898
f 5658//10899 5661//10899 5689//10899
f 5660//10900 5659//10900 5692//10900
f 5660//10901 5692//10901 5693//10901
f 5632//10902 5660//10902 5693//10902
f 5632//10903 5693//10903 5663//10903
f 5662//10904 5661//10904 5633//10904
f 5662//10905 5633//10905 5634//10905
f 5635//10906 5663//10906 5696//10906
f 5635//10907 5696//10907 5666//10907
f 5637//10908 5667//10908 5697//10908
f 5637//10909 5697//10909 5665//10909
f 5613//10910 5639//10910 5667//10910
f 5613//10911 5667//10911 5637//10911
f 139//10912 134//10912 5638//10912
f 139//10913 5638//10913 5666//10913
f 134//10914 132//10914 5625//10914
f 134//10915 5625//10915 5638//10915
f 5669//10916 5642//10916 5614//10916
f 5669//10917 5614//10917 5644//10917
f 5669//10918 5644//10918 5645//10918
f 5669//10919 5645//10919 5672//10919
f 5913//10920 5914//10920 5674//10920
f 5913//10921 5674//10921 5699//10921
f 5912//10922 5913//10922 5699//10922
f 5912//10923 5699//10923 5700//10923
f 5674//10924 5673//10924 5701//10924
f 5674//10925 5701//10925 5702//10925
f 5701//10926 5675//10926 5703//10926
f 5701//10927 5703//10927 5728//10927
f 5677//10928 5704//10928 5703//10928
f 5677//10929 5703//10929 5676//10929
f 5993//10930 5650//10930 5680//10930
f 5993//10931 5680//10931 5992//10931
f 5650//10932 5993//10932 5994//10932
f 5650//10933 5994//10933 5677//10933
f 5705//10934 5678//10934 5893//10934
f 5705//10935 5893//10935 5894//10935
f 5678//10936 5706//10936 5892//10936
f 5678//10937 5892//10937 5893//10937
f 5708//10938 5680//10938 5679//10938
f 5708//10939 5679//10939 5707//10939
f 5681//10940 5709//10940 5734//10940
f 5681//10941 5734//10941 5707//10941
f 133//10942 135//10942 5653//10942
f 133//10943 5653//10943 5626//10943
f 135//10944 136//10944 5654//10944
f 135//10945 5654//10945 5653//10945
f 5711//10946 5683//10946 6040//10946
f 5711//10947 6040//10947 6041//10947
f 5683//10948 5710//10948 6039//10948
f 5683//10949 6039//10949 6040//10949
f 5685//10950 5684//10950 5712//10950
f 5685//10951 5712//10951 5713//10951
f 5686//10952 5687//10952 5715//10952
f 5686//10953 5715//10953 5714//10953
f 5689//10954 5691//10954 5690//10954
f 5689//10955 5690//10955 5688//10955
f 5689//10956 5661//10956 5662//10956
f 5689//10957 5662//10957 5691//10957
f 5693//10958 5692//10958 5720//10958
f 5693//10959 5720//10959 5721//10959
f 5663//10960 5693//10960 5721//10960
f 5663//10961 5721//10961 5696//10961
f 5694//10962 5662//10962 5634//10962
f 5694//10963 5634//10963 5664//10963
f 5911//10964 5912//10964 5700//10964
f 5911//10965 5700//10965 5724//10965
f 5700//10966 5699//10966 5726//10966
f 5700//10967 5726//10967 5727//10967
f 5699//10968 5674//10968 5702//10968
f 5699//10969 5702//10969 5726//10969
f 5702//10970 5701//10970 5728//10970
f 5702//10971 5728//10971 5729//10971
f 5704//10972 5731//10972 5728//10972
f 5704//10973 5728//10973 5703//10973
f 5677//10974 5994//10974 5995//10974
f 5677//10975 5995//10975 5704//10975
f 5732//10976 5705//10976 5894//10976
f 5732//10977 5894//10977 5895//10977
f 5992//10978 5680//10978 5708//10978
f 5992//10979 5708//10979 5991//10979
f 5706//10980 5733//10980 5891//10980
f 5706//10981 5891//10981 5892//10981
f 5735//10982 5708//10982 5707//10982
f 5735//10983 5707//10983 5734//10983
f 6038//10984 6039//10984 5710//10984
f 6038//10985 5710//10985 5737//10985
f 5738//10986 5711//10986 6041//10986
f 5738//10987 6041//10987 6042//10987
f 5713//10988 5712//10988 5739//10988
f 5713//10989 5739//10989 5740//10989
f 5714//10990 5715//10990 5744//10990
f 5714//10991 5744//10991 5743//10991
f 5690//10992 5691//10992 5717//10992
f 5690//10993 5717//10993 5716//10993
f 5717//10994 5691//10994 5662//10994
f 5717//10995 5662//10995 5694//10995
f 5722//10996 5695//10996 5665//10996
f 5722//10997 5665//10997 5697//10997
f 5696//10998 144//10998 139//10998
f 5696//10999 139//10999 5666//10999
f 5724//11000 5700//11000 5727//11000
f 5724//11001 5727//11001 5749//11001
f 5727//11002 5726//11002 5751//11002
f 5727//11003 5751//11003 5752//11003
f 5726//11004 5702//11004 5729//11004
f 5726//11005 5729//11005 5751//11005
f 5731//11006 5730//11006 5729//11006
f 5731//11007 5729//11007 5728//11007
f 5704//11008 5995//11008 5996//11008
f 5704//11009 5996//11009 5731//11009
f 5755//11010 5732//11010 5895//11010
f 5755//11011 5895//11011 5896//11011
f 5991//11012 5708//11012 5735//11012
f 5991//11013 5735//11013 5990//11013
f 5733//11014 5758//11014 5890//11014
f 5733//11015 5890//11015 5891//11015
f 5761//11016 5736//11016 5759//11016
f 5761//11017 5759//11017 5781//11017
f 5759//11018 5736//11018 5760//11018
f 5759//11019 5760//11019 5780//11019
f 6037//11020 6038//11020 5737//11020
f 6037//11021 5737//11021 5762//11021
f 5764//11022 5738//11022 6042//11022
f 5764//11023 6042//11023 6043//11023
f 5742//11024 5740//11024 5739//11024
f 5742//11025 5739//11025 5741//11025
f 5743//11026 5744//11026 5770//11026
f 5743//11027 5770//11027 5769//11027
f 5925//11028 5926//11028 5719//11028
f 5925//11029 5719//11029 5746//11029
f 5746//11030 5719//11030 5695//11030
f 5746//11031 5695//11031 5722//11031
f 147//11032 148//11032 5721//11032
f 147//11033 5721//11033 5720//11033
f 148//11034 144//11034 5696//11034
f 148//11035 5696//11035 5721//11035
f 5749//11036 5727//11036 5752//11036
f 5749//11037 5752//11037 5771//11037
f 5754//11038 5753//11038 5752//11038
f 5754//11039 5752//11039 5751//11039
f 5730//11040 5754//11040 5751//11040
f 5730//11041 5751//11041 5729//11041
f 5996//11042 5997//11042 5730//11042
f 5996//11043 5730//11043 5731//11043
f 5756//11044 5755//11044 5896//11044
f 5756//11045 5896//11045 5897//11045
f 5779//11046 5757//11046 5893//11046
f 5779//11047 5893//11047 5892//11047
f 5757//11048 5777//11048 5894//11048
f 5757//11049 5894//11049 5893//11049
f 5777//11050 5757//11050 5778//11050
f 5777//11051 5778//11051 5793//11051
f 5778//11052 5757//11052 5779//11052
f 5778//11053 5779//11053 5795//11053
f 5781//11054 5759//11054 5528//11054
f 5781//11055 5528//11055 5523//11055
f 5527//11056 5528//11056 5759//11056
f 5527//11057 5759//11057 5780//11057
f 5780//11058 5760//11058 5782//11058
f 5780//11059 5782//11059 5797//11059
f 5783//11060 5761//11060 5781//11060
f 5783//11061 5781//11061 5798//11061
f 5762//11062 5763//11062 6036//11062
f 5762//11063 6036//11063 6037//11063
f 5785//11064 5764//11064 6043//11064
f 5785//11065 6043//11065 6044//11065
f 5766//11066 5742//11066 5741//11066
f 5766//11067 5741//11067 5765//11067
f 5753//11068 5774//11068 5771//11068
f 5753//11069 5771//11069 5752//11069
f 5997//11070 5998//11070 5754//11070
f 5997//11071 5754//11071 5730//11071
f 5998//11072 5999//11072 5753//11072
f 5998//11073 5753//11073 5754//11073
f 5776//11074 5775//11074 5898//11074
f 5776//11075 5898//11075 5899//11075
f 5775//11076 5756//11076 5897//11076
f 5775//11077 5897//11077 5898//11077
f 5777//11078 5792//11078 5895//11078
f 5777//11079 5895//11079 5894//11079
f 5792//11080 5777//11080 5793//11080
f 5792//11081 5793//11081 5805//11081
f 5793//11082 5778//11082 5794//11082
f 5793//11083 5794//11083 5806//11083
f 5794//11084 5778//11084 5795//11084
f 5794//11085 5795//11085 5808//11085
f 5796//11086 5779//11086 5892//11086
f 5796//11087 5892//11087 5891//11087
f 5795//11088 5779//11088 5796//11088
f 5795//11089 5796//11089 5809//11089
f 5527//11090 5780//11090 5797//11090
f 5527//11091 5797//11091 5534//11091
f 5798//11092 5781//11092 5523//11092
f 5798//11093 5523//11093 5524//11093
f 5797//11094 5782//11094 5799//11094
f 5797//11095 5799//11095 5811//11095
f 5801//11096 5783//11096 5798//11096
f 5801//11097 5798//11097 5813//11097
f 6035//11098 6036//11098 5763//11098
f 6035//11099 5763//11099 5784//11099
f 5787//11100 5768//11100 5767//11100
f 5787//11101 5767//11101 5786//11101
f 152//11102 153//11102 5769//11102
f 152//11103 5769//11103 5770//11103
f 5999//11104 6000//11104 5774//11104
f 5999//11105 5774//11105 5753//11105
f 5790//11106 5776//11106 5899//11106
f 5790//11107 5899//11107 5900//11107
f 5792//11108 5803//11108 5896//11108
f 5792//11109 5896//11109 5895//11109
f 5803//11110 5792//11110 5805//11110
f 5803//11111 5805//11111 5821//11111
f 5805//11112 5793//11112 5806//11112
f 5805//11113 5806//11113 5823//11113
f 5806//11114 5794//11114 5807//11114
f 5806//11115 5807//11115 5824//11115
f 5807//11116 5794//11116 5808//11116
f 5807//11117 5808//11117 5826//11117
f 5808//11118 5795//11118 5809//11118
f 5808//11119 5809//11119 5827//11119
f 5810//11120 5796//11120 5891//11120
f 5810//11121 5891//11121 5890//11121
f 5809//11122 5796//11122 5810//11122
f 5809//11123 5810//11123 5828//11123
f 5533//11124 5534//11124 5797//11124
f 5533//11125 5797//11125 5811//11125
f 5813//11126 5798//11126 5524//11126
f 5813//11127 5524//11127 5525//11127
f 5799//11128 5800//11128 5812//11128
f 5799//11129 5812//11129 5811//11129
f 5816//11130 5801//11130 5813//11130
f 5816//11131 5813//11131 5830//11131
f 6033//11132 6034//11132 5768//11132
f 6033//11133 5768//11133 5787//11133
f 6044//11134 2082//11134 155//11134
f 6044//11135 155//11135 5785//11135
f 5803//11136 5804//11136 5897//11136
f 5803//11137 5897//11137 5896//11137
f 5804//11138 5803//11138 5821//11138
f 5804//11139 5821//11139 5822//11139
f 5821//11140 5805//11140 5823//11140
f 5821//11141 5823//11141 5837//11141
f 5823//11142 5806//11142 5824//11142
f 5823//11143 5824//11143 5839//11143
f 5824//11144 5807//11144 5825//11144
f 5824//11145 5825//11145 5840//11145
f 5825//11146 5807//11146 5826//11146
f 5825//11147 5826//11147 5841//11147
f 5826//11148 5808//11148 5827//11148
f 5826//11149 5827//11149 5842//11149
f 5827//11150 5809//11150 5828//11150
f 5827//11151 5828//11151 5843//11151
f 5903//11152 5810//11152 5890//11152
f 5903//11153 5890//11153 5902//11153
f 5828//11154 5810//11154 5903//11154
f 5828//11155 5903//11155 5904//11155
f 5811//11156 5812//11156 5532//11156
f 5811//11157 5532//11157 5533//11157
f 5830//11158 5813//11158 5525//11158
f 5830//11159 5525//11159 5526//11159
f 5800//11160 5814//11160 5829//11160
f 5800//11161 5829//11161 5812//11161
f 5804//11162 5819//11162 5898//11162
f 5804//11163 5898//11163 5897//11163
f 5819//11164 5820//11164 5899//11164
f 5819//11165 5899//11165 5898//11165
f 5820//11166 5819//11166 5835//11166
f 5820//11167 5835//11167 5836//11167
f 5819//11168 5804//11168 5822//11168
f 5819//11169 5822//11169 5835//11169
f 5822//11170 5821//11170 5837//11170
f 5822//11171 5837//11171 5838//11171
f 5837//11172 5823//11172 5839//11172
f 5837//11173 5839//11173 5848//11173
f 5839//11174 5824//11174 5840//11174
f 5839//11175 5840//11175 5850//11175
f 5840//11176 5825//11176 5852//11176
f 5840//11177 5852//11177 5851//11177
f 5825//11178 5841//11178 5862//11178
f 5825//11179 5862//11179 5852//11179
f 5841//11180 5826//11180 5842//11180
f 5841//11181 5842//11181 5853//11181
f 5842//11182 5827//11182 5843//11182
f 5842//11183 5843//11183 5854//11183
f 5843//11184 5828//11184 5904//11184
f 5843//11185 5904//11185 5905//11185
f 5831//11186 5815//11186 5802//11186
f 5831//11187 5802//11187 5817//11187
f 5820//11188 5833//11188 5900//11188
f 5820//11189 5900//11189 5899//11189
f 5833//11190 5820//11190 5836//11190
f 5833//11191 5836//11191 5844//11191
f 5836//11192 5835//11192 5846//11192
f 5836//11193 5846//11193 5847//11193
f 5835//11194 5822//11194 5838//11194
f 5835//11195 5838//11195 5846//11195
f 5838//11196 5837//11196 5848//11196
f 5838//11197 5848//11197 5849//11197
f 5848//11198 5839//11198 5850//11198
f 5848//11199 5850//11199 5859//11199
f 5850//11200 5840//11200 5851//11200
f 5850//11201 5851//11201 5861//11201
f 5841//11202 5853//11202 5871//11202
f 5841//11203 5871//11203 5862//11203
f 5853//11204 5842//11204 5854//11204
f 5853//11205 5854//11205 5863//11205
f 5854//11206 5843//11206 5905//11206
f 5854//11207 5905//11207 5906//11207
f 172//11208 5830//11208 5526//11208
f 172//11209 5526//11209 1//11209
f 5844//11210 5836//11210 5847//11210
f 5844//11211 5847//11211 5855//11211
f 5847//11212 5846//11212 5857//11212
f 5847//11213 5857//11213 5858//11213
f 5846//11214 5838//11214 5849//11214
f 5846//11215 5849//11215 5857//11215
f 5849//11216 5848//11216 5859//11216
f 5849//11217 5859//11217 5860//11217
f 5859//11218 5850//11218 5861//11218
f 5859//11219 5861//11219 5868//11219
f 5969//11220 5851//11220 5852//11220
f 5969//11221 5852//11221 5970//11221
f 5853//11222 5863//11222 5878//11222
f 5853//11223 5878//11223 5871//11223
f 5863//11224 5854//11224 5906//11224
f 5863//11225 5906//11225 5907//11225
f 5855//11226 5847//11226 5858//11226
f 5855//11227 5858//11227 5864//11227
f 5858//11228 5857//11228 5866//11228
f 5858//11229 5866//11229 5867//11229
f 5857//11230 5849//11230 5860//11230
f 5857//11231 5860//11231 5866//11231
f 5860//11232 5859//11232 5868//11232
f 5860//11233 5868//11233 5875//11233
f 5968//11234 5861//11234 5851//11234
f 5968//11235 5851//11235 5969//11235
f 5956//11236 5979//11236 5980//11236
f 5956//11237 5980//11237 5955//11237
f 5869//11238 5870//11238 6008//11238
f 5869//11239 6008//11239 6007//11239
f 5970//11240 5852//11240 5862//11240
f 5970//11241 5862//11241 5971//11241
f 5863//11242 5907//11242 5908//11242
f 5863//11243 5908//11243 5878//11243
f 5864//11244 5858//11244 5867//11244
f 5864//11245 5867//11245 5872//11245
f 5867//11246 5866//11246 5874//11246
f 5867//11247 5874//11247 5880//11247
f 5866//11248 5860//11248 5875//11248
f 5866//11249 5875//11249 5874//11249
f 5967//11250 5868//11250 5861//11250
f 5967//11251 5861//11251 5968//11251
f 5955//11252 5980//11252 5981//11252
f 5955//11253 5981//11253 5954//11253
f 5870//11254 5876//11254 6009//11254
f 5870//11255 6009//11255 6008//11255
f 5937//11256 5870//11256 5869//11256
f 5937//11257 5869//11257 5936//11257
f 5957//11258 5978//11258 5979//11258
f 5957//11259 5979//11259 5956//11259
f 5877//11260 5869//11260 6007//11260
f 5877//11261 6007//11261 6006//11261
f 5971//11262 5862//11262 5871//11262
f 5971//11263 5871//11263 5972//11263
f 5872//11264 5867//11264 5880//11264
f 5872//11265 5880//11265 5879//11265
f 5874//11266 5875//11266 5966//11266
f 5874//11267 5966//11267 5965//11267
f 5875//11268 5868//11268 5967//11268
f 5875//11269 5967//11269 5966//11269
f 5954//11270 5981//11270 5982//11270
f 5954//11271 5982//11271 5953//11271
f 5876//11272 5881//11272 6010//11272
f 5876//11273 6010//11273 6009//11273
f 5938//11274 5876//11274 5870//11274
f 5938//11275 5870//11275 5937//11275
f 5937//11276 5936//11276 5515//11276
f 5937//11277 5515//11277 5517//11277
f 5936//11278 5869//11278 5877//11278
f 5936//11279 5877//11279 5935//11279
f 5958//11280 5977//11280 5978//11280
f 5958//11281 5978//11281 5957//11281
f 5882//11282 5877//11282 6006//11282
f 5882//11283 6006//11283 6005//11283
f 5972//11284 5871//11284 5878//11284
f 5972//11285 5878//11285 5973//11285
f 5879//11286 5880//11286 5964//11286
f 5879//11287 5964//11287 5963//11287
f 5880//11288 5874//11288 5965//11288
f 5880//11289 5965//11289 5964//11289
f 5982//11290 5983//11290 5952//11290
f 5982//11291 5952//11291 5953//11291
f 5983//11292 5984//11292 5951//11292
f 5983//11293 5951//11293 5952//11293
f 5884//11294 5885//11294 6012//11294
f 5884//11295 6012//11295 6011//11295
f 5881//11296 5884//11296 6011//11296
f 5881//11297 6011//11297 6010//11297
f 5939//11298 5881//11298 5876//11298
f 5939//11299 5876//11299 5938//11299
f 5938//11300 5937//11300 5517//11300
f 5938//11301 5517//11301 5516//11301
f 5935//11302 5877//11302 5882//11302
f 5935//11303 5882//11303 5934//11303
f 5959//11304 5976//11304 5977//11304
f 5959//11305 5977//11305 5958//11305
f 5886//11306 5882//11306 6005//11306
f 5886//11307 6005//11307 6004//11307
f 5973//11308 5878//11308 5908//11308
f 5973//11309 5908//11309 5974//11309
f 5984//11310 5985//11310 5950//11310
f 5984//11311 5950//11311 5951//11311
f 5985//11312 5986//11312 5949//11312
f 5985//11313 5949//11313 5950//11313
f 5887//11314 5888//11314 6014//11314
f 5887//11315 6014//11315 6013//11315
f 5885//11316 5887//11316 6013//11316
f 5885//11317 6013//11317 6012//11317
f 5885//11318 5884//11318 5940//11318
f 5885//11319 5940//11319 5941//11319
f 5884//11320 5881//11320 5939//11320
f 5884//11321 5939//11321 5940//11321
f 5939//11322 5938//11322 5516//11322
f 5939//11323 5516//11323 5518//11323
f 5935//11324 5934//11324 5519//11324
f 5935//11325 5519//11325 5946//11325
f 5934//11326 5882//11326 5886//11326
f 5934//11327 5886//11327 5933//11327
f 5960//11328 5975//11328 5976//11328
f 5960//11329 5976//11329 5959//11329
f 5909//11330 5886//11330 6004//11330
f 5909//11331 6004//11331 6003//11331
f 5888//11332 5887//11332 5942//11332
f 5888//11333 5942//11333 5943//11333
f 5887//11334 5885//11334 5941//11334
f 5887//11335 5941//11335 5942//11335
f 5518//11336 5520//11336 5940//11336
f 5518//11337 5940//11337 5939//11337
f 5934//11338 5933//11338 5521//11338
f 5934//11339 5521//11339 5519//11339
f 5933//11340 5886//11340 5909//11340
f 5933//11341 5909//11341 5932//11341
f 5933//11342 5932//11342 5529//11342
f 5933//11343 5529//11343 5521//11343
f 5815//11344 5831//11344 5530//11344
f 5815//11345 5530//11345 5514//11345
f 5816//11346 5830//11346 172//11346
f 5816//11347 172//11347 354//11347
f 5784//11348 5763//11348 5742//11348
f 5784//11349 5742//11349 5766//11349
f 5763//11350 5762//11350 5740//11350
f 5763//11351 5740//11351 5742//11351
f 5713//11352 5740//11352 5762//11352
f 5713//11353 5762//11353 5737//11353
f 5685//11354 5713//11354 5737//11354
f 5685//11355 5737//11355 5710//11355
f 5656//11356 5685//11356 5710//11356
f 5656//11357 5710//11357 5683//11357
f 5656//11358 5683//11358 5711//11358
f 5656//11359 5711//11359 5687//11359
f 5687//11360 5711//11360 5738//11360
f 5687//11361 5738//11361 5715//11361
f 5715//11362 5738//11362 5764//11362
f 5715//11363 5764//11363 5744//11363
f 5744//11364 5764//11364 5785//11364
f 5744//11365 5785//11365 5770//11365
f 155//11366 152//11366 5770//11366
f 155//11367 5770//11367 5785//11367
f 5786//11368 5767//11368 5718//11368
f 5786//11369 5718//11369 5745//11369
f 5765//11370 5741//11370 5690//11370
f 5765//11371 5690//11371 5716//11371
f 5741//11372 5739//11372 5688//11372
f 5741//11373 5688//11373 5690//11373
f 5657//11374 5688//11374 5739//11374
f 5657//11375 5739//11375 5712//11375
f 5627//11376 5657//11376 5712//11376
f 5627//11377 5712//11377 5684//11377
f 5603//11378 5627//11378 5684//11378
f 5603//11379 5684//11379 5655//11379
f 5603//11380 5655//11380 5686//11380
f 5603//11381 5686//11381 5629//11381
f 5629//11382 5686//11382 5714//11382
f 5629//11383 5714//11383 5659//11383
f 5659//11384 5714//11384 5743//11384
f 5659//11385 5743//11385 5692//11385
f 5692//11386 5743//11386 5769//11386
f 5692//11387 5769//11387 5720//11387
f 153//11388 147//11388 5720//11388
f 153//11389 5720//11389 5769//11389
f 459//11390 174//11390 5903//11390
f 459//11391 5903//11391 5902//11391
f 174//11392 178//11392 5904//11392
f 174//11393 5904//11393 5903//11393
f 178//11394 186//11394 5905//11394
f 178//11395 5905//11395 5904//11395
f 186//11396 194//11396 5906//11396
f 186//11397 5906//11397 5905//11397
f 194//11398 202//11398 5907//11398
f 194//11399 5907//11399 5906//11399
f 447//11400 886//11400 5932//11400
f 447//11401 5932//11401 5909//11401
f 886//11402 11//11402 5529//11402
f 886//11403 5529//11403 5932//11403
f 5812//11404 5829//11404 5535//11404
f 5812//11405 5535//11405 5532//11405
f 5672//11406 5645//11406 5912//11406
f 5672//11407 5912//11407 5911//11407
f 5645//11408 5646//11408 5913//11408
f 5645//11409 5913//11409 5912//11409
f 5646//11410 5618//11410 5914//11410
f 5646//11411 5914//11411 5913//11411
f 5618//11412 5619//11412 5915//11412
f 5618//11413 5915//11413 5914//11413
f 5916//11414 5915//11414 5619//11414
f 5916//11415 5619//11415 5597//11415
f 5917//11416 5916//11416 5597//11416
f 5917//11417 5597//11417 5582//11417
f 5918//11418 5917//11418 5582//11418
f 5918//11419 5582//11419 5573//11419
f 5918//11420 5573//11420 5584//11420
f 5918//11421 5584//11421 5919//11421
f 5919//11422 5584//11422 5600//11422
f 5919//11423 5600//11423 5920//11423
f 5920//11424 5600//11424 5624//11424
f 5920//11425 5624//11425 5921//11425
f 5921//11426 5624//11426 5654//11426
f 5921//11427 5654//11427 5922//11427
f 5922//11428 5654//11428 136//11428
f 5922//11429 136//11429 501//11429
f 5718//11430 5926//11430 5925//11430
f 5718//11431 5925//11431 5745//11431
f 5636//11432 5637//11432 5665//11432
f 5636//11433 5665//11433 5664//11433
f 5694//11434 5664//11434 5665//11434
f 5694//11435 5665//11435 5695//11435
f 5695//11436 5719//11436 5717//11436
f 5695//11437 5717//11437 5694//11437
f 5719//11438 5926//11438 5716//11438
f 5719//11439 5716//11439 5717//11439
f 5926//11440 5718//11440 5765//11440
f 5926//11441 5765//11441 5716//11441
f 5718//11442 5767//11442 5766//11442
f 5718//11443 5766//11443 5765//11443
f 5767//11444 5768//11444 5784//11444
f 5767//11445 5784//11445 5766//11445
f 6034//11446 6035//11446 5784//11446
f 6034//11447 5784//11447 5768//11447
f 5814//11448 5802//11448 5815//11448
f 5814//11449 5815//11449 5829//11449
f 5829//11450 5815//11450 5514//11450
f 5829//11451 5514//11451 5535//11451
f 5537//11452 5538//11452 5943//11452
f 5537//11453 5943//11453 5942//11453
f 5539//11454 5537//11454 5942//11454
f 5539//11455 5942//11455 5941//11455
f 5520//11456 5539//11456 5941//11456
f 5520//11457 5941//11457 5940//11457
f 5640//11458 5639//11458 5642//11458
f 5640//11459 5642//11459 5641//11459
f 5667//11460 5668//11460 5698//11460
f 5667//11461 5698//11461 5697//11461
f 5667//11462 5639//11462 5640//11462
f 5667//11463 5640//11463 5668//11463
f 5557//11464 5556//11464 5640//11464
f 5557//11465 5640//11465 5641//11465
f 5669//11466 5670//11466 5641//11466
f 5669//11467 5641//11467 5642//11467
f 5669//11468 5672//11468 5671//11468
f 5669//11469 5671//11469 5670//11469
f 5668//11470 5559//11470 5560//11470
f 5668//11471 5560//11471 5698//11471
f 5640//11472 5556//11472 5559//11472
f 5640//11473 5559//11473 5668//11473
f 5558//11474 5557//11474 5641//11474
f 5558//11475 5641//11475 5670//11475
f 5558//11476 5670//11476 5671//11476
f 5558//11477 5671//11477 5553//11477
f 5910//11478 5911//11478 5724//11478
f 5910//11479 5724//11479 5725//11479
f 5723//11480 5722//11480 5697//11480
f 5723//11481 5697//11481 5698//11481
f 5563//11482 5552//11482 5910//11482
f 5563//11483 5910//11483 5725//11483
f 5725//11484 5724//11484 5749//11484
f 5725//11485 5749//11485 5750//11485
f 5746//11486 5748//11486 5924//11486
f 5746//11487 5924//11487 5925//11487
f 5746//11488 5722//11488 5723//11488
f 5746//11489 5723//11489 5748//11489
f 5560//11490 5548//11490 5723//11490
f 5560//11491 5723//11491 5698//11491
f 5549//11492 5563//11492 5725//11492
f 5549//11493 5725//11493 5750//11493
f 5750//11494 5749//11494 5771//11494
f 5750//11495 5771//11495 5772//11495
f 5923//11496 5924//11496 5748//11496
f 5923//11497 5748//11497 5546//11497
f 5546//11498 5748//11498 5723//11498
f 5546//11499 5723//11499 5548//11499
f 5549//11500 5750//11500 5772//11500
f 5549//11501 5772//11501 5562//11501
f 5774//11502 5773//11502 5772//11502
f 5774//11503 5772//11503 5771//11503
f 5789//11504 5787//11504 5786//11504
f 5789//11505 5786//11505 5788//11505
f 5773//11506 5564//11506 5562//11506
f 5773//11507 5562//11507 5772//11507
f 6000//11508 6001//11508 5773//11508
f 6000//11509 5773//11509 5774//11509
f 5791//11510 5790//11510 5900//11510
f 5791//11511 5900//11511 5901//11511
f 6032//11512 6033//11512 5787//11512
f 6032//11513 5787//11513 5789//11513
f 5545//11514 5789//11514 5788//11514
f 5545//11515 5788//11515 5554//11515
f 6001//11516 6002//11516 5564//11516
f 6001//11517 5564//11517 5773//11517
f 5566//11518 5565//11518 5791//11518
f 5566//11519 5791//11519 5901//11519
f 5545//11520 6031//11520 6032//11520
f 5545//11521 6032//11521 5789//11521
f 5832//11522 5831//11522 5817//11522
f 5832//11523 5817//11523 5818//11523
f 5900//11524 5833//11524 5834//11524
f 5900//11525 5834//11525 5901//11525
f 5834//11526 5833//11526 5844//11526
f 5834//11527 5844//11527 5845//11527
f 5547//11528 5832//11528 5818//11528
f 5547//11529 5818//11529 5561//11529
f 5834//11530 5550//11530 5566//11530
f 5834//11531 5566//11531 5901//11531
f 5544//11532 5550//11532 5834//11532
f 5544//11533 5834//11533 5845//11533
f 5845//11534 5844//11534 5855//11534
f 5845//11535 5855//11535 5856//11535
f 5541//11536 5544//11536 5845//11536
f 5541//11537 5845//11537 5856//11537
f 5856//11538 5855//11538 5864//11538
f 5856//11539 5864//11539 5865//11539
f 5543//11540 5541//11540 5856//11540
f 5543//11541 5856//11541 5865//11541
f 5865//11542 5864//11542 5872//11542
f 5865//11543 5872//11543 5873//11543
f 5540//11544 5543//11544 5865//11544
f 5540//11545 5865//11545 5873//11545
f 5873//11546 5872//11546 5879//11546
f 5873//11547 5879//11547 5883//11547
f 5542//11548 5540//11548 5873//11548
f 5542//11549 5873//11549 5883//11549
f 5542//11550 5883//11550 5962//11550
f 5542//11551 5962//11551 5961//11551
f 5883//11552 5879//11552 5963//11552
f 5883//11553 5963//11553 5962//11553
f 5986//11554 5987//11554 5948//11554
f 5986//11555 5948//11555 5949//11555
f 5987//11556 5988//11556 5947//11556
f 5987//11557 5947//11557 5948//11557
f 5888//11558 5889//11558 6015//11558
f 5888//11559 6015//11559 6014//11559
f 5889//11560 5888//11560 5943//11560
f 5889//11561 5943//11561 5944//11561
f 5832//11562 5547//11562 5536//11562
f 5832//11563 5536//11563 5531//11563
f 5831//11564 5832//11564 5531//11564
f 5831//11565 5531//11565 5530//11565
f 5554//11566 5788//11566 5747//11566
f 5554//11567 5747//11567 5555//11567
f 5788//11568 5786//11568 5745//11568
f 5788//11569 5745//11569 5747//11569
f 5944//11570 5945//11570 5551//11570
f 5944//11571 5551//11571 5889//11571
f 5889//11572 5551//11572 6016//11572
f 5889//11573 6016//11573 6015//11573
f 5522//11574 5513//11574 5945//11574
f 5522//11575 5945//11575 5944//11575
f 5910//11576 5552//11576 5553//11576
f 5910//11577 5553//11577 5671//11577
f 5671//11578 5672//11578 5911//11578
f 5671//11579 5911//11579 5910//11579
f 5747//11580 5924//11580 5923//11580
f 5747//11581 5923//11581 5555//11581
f 5925//11582 5924//11582 5747//11582
f 5925//11583 5747//11583 5745//11583
f 5538//11584 5522//11584 5944//11584
f 5538//11585 5944//11585 5943//11585
f 5682//11586 5921//11586 5922//11586
f 5682//11587 5922//11587 5927//11587
f 520//11588 141//11588 5928//11588
f 520//11589 5928//11589 5927//11589
f 5682//11590 5927//11590 5928//11590
f 5682//11591 5928//11591 5709//11591
f 5902//11592 5890//11592 5758//11592
f 5902//11593 5758//11593 5931//11593
f 163//11594 5929//11594 5930//11594
f 163//11595 5930//11595 159//11595
f 5709//11596 5928//11596 5930//11596
f 5709//11597 5930//11597 5734//11597
f 5990//11598 5735//11598 5929//11598
f 5990//11599 5929//11599 5989//11599
f 5929//11600 5735//11600 5734//11600
f 5929//11601 5734//11601 5930//11601
f 141//11602 159//11602 5930//11602
f 141//11603 5930//11603 5928//11603
f 163//11604 1471//11604 5989//11604
f 163//11605 5989//11605 5929//11605
f 742//11606 459//11606 5902//11606
f 742//11607 5902//11607 5931//11607
f 5515//11608 5936//11608 5935//11608
f 5515//11609 5935//11609 5946//11609
f 447//11610 5909//11610 6003//11610
f 447//11611 6003//11611 1436//11611
f 5975//11612 5960//11612 1506//11612
f 5975//11613 1506//11613 450//11613
f 5974//11614 5908//11614 1504//11614
f 5974//11615 1504//11615 1505//11615
f 202//11616 1504//11616 5908//11616
f 202//11617 5908//11617 5907//11617
f 5922//11618 501//11618 520//11618
f 5922//11619 520//11619 5927//11619
f 5948//11620 5947//11620 5961//11620
f 5948//11621 5961//11621 5962//11621
f 5949//11622 5948//11622 5962//11622
f 5949//11623 5962//11623 5963//11623
f 5950//11624 5949//11624 5963//11624
f 5950//11625 5963//11625 5964//11625
f 5951//11626 5950//11626 5964//11626
f 5951//11627 5964//11627 5965//11627
f 5952//11628 5951//11628 5965//11628
f 5952//11629 5965//11629 5966//11629
f 5953//11630 5952//11630 5966//11630
f 5953//11631 5966//11631 5967//11631
f 5954//11632 5953//11632 5967//11632
f 5954//11633 5967//11633 5968//11633
f 5955//11634 5954//11634 5968//11634
f 5955//11635 5968//11635 5969//11635
f 5956//11636 5955//11636 5969//11636
f 5956//11637 5969//11637 5970//11637
f 5957//11638 5956//11638 5970//11638
f 5957//11639 5970//11639 5971//11639
f 5958//11640 5957//11640 5971//11640
f 5958//11641 5971//11641 5972//11641
f 5959//11642 5958//11642 5972//11642
f 5959//11643 5972//11643 5973//11643
f 5960//11644 5959//11644 5973//11644
f 5960//11645 5973//11645 5974//11645
f 5960//11646 5974//11646 1505//11646
f 5960//11647 1505//11647 1506//11647
f 6003//11648 5975//11648 450//11648
f 6003//11649 450//11649 1436//11649
f 5976//11650 5975//11650 6003//11650
f 5976//11651 6003//11651 6004//11651
f 5977//11652 5976//11652 6004//11652
f 5977//11653 6004//11653 6005//11653
f 5978//11654 5977//11654 6005//11654
f 5978//11655 6005//11655 6006//11655
f 5979//11656 5978//11656 6006//11656
f 5979//11657 6006//11657 6007//11657
f 5980//11658 5979//11658 6007//11658
f 5980//11659 6007//11659 6008//11659
f 5981//11660 5980//11660 6008//11660
f 5981//11661 6008//11661 6009//11661
f 5982//11662 5981//11662 6009//11662
f 5982//11663 6009//11663 6010//11663
f 5983//11664 5982//11664 6010//11664
f 5983//11665 6010//11665 6011//11665
f 5984//11666 5983//11666 6011//11666
f 5984//11667 6011//11667 6012//11667
f 5985//11668 5984//11668 6012//11668
f 5985//11669 6012//11669 6013//11669
f 5986//11670 5985//11670 6013//11670
f 5986//11671 6013//11671 6014//11671
f 5987//11672 5986//11672 6014//11672
f 5987//11673 6014//11673 6015//11673
f 5988//11674 5987//11674 6015//11674
f 5988//11675 6015//11675 6016//11675
f 1471//11676 742//11676 5931//11676
f 1471//11677 5931//11677 5989//11677
f 5990//11678 5989//11678 5931//11678
f 5990//11679 5931//11679 5758//11679
f 5991//11680 5990//11680 5758//11680
f 5991//11681 5758//11681 5733//11681
f 5992//11682 5991//11682 5733//11682
f 5992//11683 5733//11683 5706//11683
f 5993//11684 5992//11684 5706//11684
f 5993//11685 5706//11685 5678//11685
f 5993//11686 5678//11686 5705//11686
f 5993//11687 5705//11687 5994//11687
f 5994//11688 5705//11688 5732//11688
f 5994//11689 5732//11689 5995//11689
f 5995//11690 5732//11690 5755//11690
f 5995//11691 5755//11691 5996//11691
f 5755//11692 5756//11692 5997//11692
f 5755//11693 5997//11693 5996//11693
f 5775//11694 5998//11694 5997//11694
f 5775//11695 5997//11695 5756//11695
f 5775//11696 5776//11696 5999//11696
f 5775//11697 5999//11697 5998//11697
f 5790//11698 6000//11698 5999//11698
f 5790//11699 5999//11699 5776//11699
f 5790//11700 5791//11700 6001//11700
f 5790//11701 6001//11701 6000//11701
f 5565//11702 6002//11702 6001//11702
f 5565//11703 6001//11703 5791//11703
f 5561//11704 5818//11704 6018//11704
f 5561//11705 6018//11705 6017//11705
f 5818//11706 5817//11706 6019//11706
f 5818//11707 6019//11707 6018//11707
f 5817//11708 5802//11708 6020//11708
f 5817//11709 6020//11709 6019//11709
f 6021//11710 6020//11710 5802//11710
f 6021//11711 5802//11711 5814//11711
f 5814//11712 5800//11712 6022//11712
f 5814//11713 6022//11713 6021//11713
f 5800//11714 5799//11714 6023//11714
f 5800//11715 6023//11715 6022//11715
f 6024//11716 6023//11716 5799//11716
f 6024//11094 5799//11094 5782//11094
f 6025//11717 6024//11717 5782//11717
f 6025//11718 5782//11718 5760//11718
f 6026//11719 6025//11719 5760//11719
f 6026//11720 5760//11720 5736//11720
f 6027//11721 6026//11721 5736//11721
f 6027//11722 5736//11722 5761//11722
f 6028//11723 6027//11723 5761//11723
f 6028//11724 5761//11724 5783//11724
f 6029//11725 6028//11725 5783//11725
f 6029//11726 5783//11726 5801//11726
f 6030//11727 6029//11727 5801//11727
f 6030//11728 5801//11728 5816//11728
f 354//11729 2070//11729 6030//11729
f 354//11730 6030//11730 5816//11730
f 6018//11731 6032//11731 6031//11731
f 6018//11732 6031//11732 6017//11732
f 6019//11733 6033//11733 6032//11733
f 6019//11734 6032//11734 6018//11734
f 6034//11735 6033//11735 6019//11735
f 6034//11736 6019//11736 6020//11736
f 6021//11737 6035//11737 6034//11737
f 6021//11738 6034//11738 6020//11738
f 6022//11739 6036//11739 6035//11739
f 6022//11740 6035//11740 6021//11740
f 6023//11741 6037//11741 6036//11741
f 6023//11742 6036//11742 6022//11742
f 6024//11743 6038//11743 6037//11743
f 6024//11744 6037//11744 6023//11744
f 6025//11745 6039//11745 6038//11745
f 6025//11746 6038//11746 6024//11746
f 6026//11747 6040//11747 6039//11747
f 6026//11748 6039//11748 6025//11748
f 6041//11749 6040//11749 6026//11749
f 6041//11750 6026//11750 6027//11750
f 6042//11751 6041//11751 6027//11751
f 6042//11752 6027//11752 6028//11752
f 6043//11753 6042//11753 6028//11753
f 6043//11754 6028//11754 6029//11754
f 6044//11755 6043//11755 6029//11755
f 6044//11756 6029//11756 6030//11756
f 2082//11757 6044//11757 6030//11757
f 2082//11758 6030//11758 2070//11758
f 6073//11759 6080//11759 6079//11759
f 6073//11760 6079//11760 6072//11760
f 6075//11761 6076//11761 6073//11761
f 6075//11762 6073//11762 6072//11762
f 6083//11763 6094//11763 6081//11763
f 6083//11764 6081//11764 6074//11764
f 6081//11765 6093//11765 6082//11765
f 6081//11766 6082//11766 6074//11766
f 6072//11767 6074//11767 6082//11767
f 6072//11768 6082//11768 6075//11768
f 6079//11769 6083//11769 6074//11769
f 6079//11770 6074//11770 6072//11770
f 6084//11771 6085//11771 6076//11771
f 6084//11772 6076//11772 6075//11772
f 6077//11773 6088//11773 6080//11773
f 6077//11774 6080//11774 6073//11774
f 6073//11775 6076//11775 6086//11775
f 6073//11776 6086//11776 6077//11776
f 6077//11777 6086//11777 6087//11777
f 6077//11778 6087//11778 6078//11778
f 6078//11779 6089//11779 6088//11779
f 6078//11780 6088//11780 6077//11780
f 6080//11781 6091//11781 6090//11781
f 6080//11782 6090//11782 6079//11782
f 6093//11783 6112//11783 6095//11783
f 6093//11784 6095//11784 6082//11784
f 6075//11785 6082//11785 6095//11785
f 6075//11786 6095//11786 6084//11786
f 6096//11787 6113//11787 6094//11787
f 6096//11788 6094//11788 6083//11788
f 6090//11789 6096//11789 6083//11789
f 6090//11790 6083//11790 6079//11790
f 6097//11791 6100//11791 6085//11791
f 6097//11792 6085//11792 6084//11792
f 6076//11793 6085//11793 6101//11793
f 6076//11794 6101//11794 6086//11794
f 6086//11795 6101//11795 6102//11795
f 6086//11796 6102//11796 6087//11796
f 6103//11797 6127//11797 6424//11797
f 6103//11798 6424//11798 6423//11798
f 6423//11799 6422//11799 6125//11799
f 6423//11800 6125//11800 6103//11800
f 6088//11801 6104//11801 6091//11801
f 6088//11802 6091//11802 6080//11802
f 6089//11803 6105//11803 6104//11803
f 6089//11804 6104//11804 6088//11804
f 6091//11805 6107//11805 6106//11805
f 6091//11806 6106//11806 6090//11806
f 6081//11807 6094//11807 6111//11807
f 6081//11808 6111//11808 6092//11808
f 6110//11809 6093//11809 6081//11809
f 6110//11810 6081//11810 6092//11810
f 6112//11811 6138//11811 6114//11811
f 6112//11812 6114//11812 6095//11812
f 6084//11813 6095//11813 6114//11813
f 6084//11814 6114//11814 6097//11814
f 6116//11815 6140//11815 6113//11815
f 6116//11816 6113//11816 6096//11816
f 6106//11817 6116//11817 6096//11817
f 6106//11818 6096//11818 6090//11818
f 6098//11819 6099//11819 6100//11819
f 6098//11820 6100//11820 6097//11820
f 6085//11821 6100//11821 6121//11821
f 6085//11822 6121//11822 6101//11822
f 6101//11823 6121//11823 6124//11823
f 6101//11824 6124//11824 6102//11824
f 6422//11825 6421//11825 6152//11825
f 6422//11826 6152//11826 6125//11826
f 6103//11827 6125//11827 6153//11827
f 6103//11828 6153//11828 6126//11828
f 6126//11829 6156//11829 6127//11829
f 6126//11830 6127//11830 6103//11830
f 6127//11831 6157//11831 6425//11831
f 6127//11832 6425//11832 6424//11832
f 6104//11833 6128//11833 6107//11833
f 6104//11834 6107//11834 6091//11834
f 6105//11835 6129//11835 6128//11835
f 6105//11836 6128//11836 6104//11836
f 6107//11837 6131//11837 6130//11837
f 6107//11838 6130//11838 6106//11838
f 6109//11839 6135//11839 6134//11839
f 6109//11840 6134//11840 6108//11840
f 6108//11841 6132//11841 6133//11841
f 6108//11842 6133//11842 6109//11842
f 6109//11843 6133//11843 6110//11843
f 6109//11810 6110//11810 6092//11810
f 6092//11844 6111//11844 6135//11844
f 6092//11845 6135//11845 6109//11845
f 6136//11846 6112//11846 6093//11846
f 6136//11847 6093//11847 6110//11847
f 6094//11848 6113//11848 6137//11848
f 6094//11849 6137//11849 6111//11849
f 6114//11850 6138//11850 6139//11850
f 6114//11851 6139//11851 6115//11851
f 6097//11852 6114//11852 6115//11852
f 6097//11853 6115//11853 6098//11853
f 6143//11854 6171//11854 6140//11854
f 6143//11855 6140//11855 6116//11855
f 6130//11856 6143//11856 6116//11856
f 6130//11857 6116//11857 6106//11857
f 6117//11858 6120//11858 6099//11858
f 6117//11859 6099//11859 6098//11859
f 6118//11860 6119//11860 6120//11860
f 6118//11861 6120//11861 6117//11861
f 6121//11862 6100//11862 6099//11862
f 6121//11863 6099//11863 6122//11863
f 6121//11864 6122//11864 6123//11864
f 6121//11865 6123//11865 6124//11865
f 6421//11866 6420//11866 6178//11866
f 6421//11867 6178//11867 6152//11867
f 6125//11868 6152//11868 6180//11868
f 6125//11869 6180//11869 6153//11869
f 6153//11870 6181//11870 6154//11870
f 6153//11871 6154//11871 6126//11871
f 6126//11872 6154//11872 6184//11872
f 6126//11873 6184//11873 6156//11873
f 6156//11874 6186//11874 6157//11874
f 6156//11875 6157//11875 6127//11875
f 6157//11876 6187//11876 6426//11876
f 6157//11877 6426//11877 6425//11877
f 6128//11878 6158//11878 6131//11878
f 6128//11879 6131//11879 6107//11879
f 6129//11880 6159//11880 6158//11880
f 6129//11881 6158//11881 6128//11881
f 6132//11882 6162//11882 6163//11882
f 6132//11883 6163//11883 6133//11883
f 6133//11884 6163//11884 6136//11884
f 6133//11885 6136//11885 6110//11885
f 6135//11886 6165//11886 6164//11886
f 6135//11887 6164//11887 6134//11887
f 6111//11888 6137//11888 6165//11888
f 6111//11889 6165//11889 6135//11889
f 6166//11890 6138//11890 6112//11890
f 6166//11891 6112//11891 6136//11891
f 6113//11892 6140//11892 6168//11892
f 6113//11893 6168//11893 6137//11893
f 6115//11894 6139//11894 6169//11894
f 6115//11895 6169//11895 6141//11895
f 6117//11896 6141//11896 6142//11896
f 6117//11897 6142//11897 6118//11897
f 6098//11898 6115//11898 6141//11898
f 6098//11899 6141//11899 6117//11899
f 6144//11900 6147//11900 6119//11900
f 6144//11901 6119//11901 6118//11901
f 6148//11902 6122//11902 6099//11902
f 6148//11903 6099//11903 6120//11903
f 6148//11904 6120//11904 6119//11904
f 6148//11905 6119//11905 6149//11905
f 6148//11906 6149//11906 6150//11906
f 6148//11907 6150//11907 6151//11907
f 6148//11908 6151//11908 6123//11908
f 6148//11909 6123//11909 6122//11909
f 6419//11910 6179//11910 6178//11910
f 6419//11911 6178//11911 6420//11911
f 6152//11912 6178//11912 6206//11912
f 6152//11913 6206//11913 6180//11913
f 6180//11914 6208//11914 6181//11914
f 6180//11915 6181//11915 6153//11915
f 6155//11916 6154//11916 6181//11916
f 6155//11917 6181//11917 6182//11917
f 6185//11918 6184//11918 6154//11918
f 6185//11919 6154//11919 6155//11919
f 6156//11920 6184//11920 6212//11920
f 6156//11921 6212//11921 6186//11921
f 6186//11922 6214//11922 6187//11922
f 6186//11923 6187//11923 6157//11923
f 2373//11924 6130//11924 6131//11924
f 2373//11925 6131//11925 2374//11925
f 6160//11926 6191//11926 6192//11926
f 6160//11927 6192//11927 6161//11927
f 6161//11928 6190//11928 6189//11928
f 6161//11929 6189//11929 6160//11929
f 6162//11930 6193//11930 6194//11930
f 6162//11931 6194//11931 6163//11931
f 6163//11932 6194//11932 6166//11932
f 6163//11933 6166//11933 6136//11933
f 6165//11934 6198//11934 6197//11934
f 6165//11935 6197//11935 6164//11935
f 6137//11936 6168//11936 6198//11936
f 6137//11937 6198//11937 6165//11937
f 6167//11938 6139//11938 6138//11938
f 6167//11939 6138//11939 6166//11939
f 6140//11940 6171//11940 6201//11940
f 6140//11941 6201//11941 6168//11941
f 6142//11942 6170//11942 6202//11942
f 6142//11943 6202//11943 6172//11943
f 6118//11944 6142//11944 6172//11944
f 6118//11945 6172//11945 6144//11945
f 2380//11946 6171//11946 6143//11946
f 2380//11947 6143//11947 2375//11947
f 2375//11948 6143//11948 6130//11948
f 2375//11949 6130//11949 2373//11949
f 6174//11950 6149//11950 6119//11950
f 6174//11951 6119//11951 6147//11951
f 6174//11952 6177//11952 6150//11952
f 6174//11953 6150//11953 6149//11953
f 6418//11954 6204//11954 6179//11954
f 6418//11955 6179//11955 6419//11955
f 6417//11956 6205//11956 6204//11956
f 6417//11957 6204//11957 6418//11957
f 6179//11958 6207//11958 6206//11958
f 6179//11959 6206//11959 6178//11959
f 6206//11960 6233//11960 6208//11960
f 6206//11961 6208//11961 6180//11961
f 6182//11962 6181//11962 6208//11962
f 6182//11963 6208//11963 6209//11963
f 6497//11964 6496//11964 6185//11964
f 6497//11965 6185//11965 6155//11965
f 6155//11966 6182//11966 6498//11966
f 6155//11967 6498//11967 6497//11967
f 6210//11968 6399//11968 6398//11968
f 6210//11969 6398//11969 6183//11969
f 6183//11970 6398//11970 6397//11970
f 6183//11971 6397//11971 6211//11971
f 6213//11972 6212//11972 6184//11972
f 6213//11973 6184//11973 6185//11973
f 6186//11974 6212//11974 6239//11974
f 6186//11975 6239//11975 6214//11975
f 2374//11976 6131//11976 6158//11976
f 2374//11977 6158//11977 2376//11977
f 2376//11978 6158//11978 6159//11978
f 2376//11979 6159//11979 2377//11979
f 6216//11980 6545//11980 6544//11980
f 6216//11981 6544//11981 6188//11981
f 6188//11982 6544//11982 6543//11982
f 6188//11983 6543//11983 6215//11983
f 6190//11984 6218//11984 6217//11984
f 6190//11985 6217//11985 6189//11985
f 6191//11986 6219//11986 6220//11986
f 6191//11987 6220//11987 6192//11987
f 6194//11988 6193//11988 6195//11988
f 6194//11989 6195//11989 6196//11989
f 6194//11990 6196//11990 6167//11990
f 6194//11991 6167//11991 6166//11991
f 6198//11992 6226//11992 6225//11992
f 6198//11993 6225//11993 6197//11993
f 6168//11994 6201//11994 6226//11994
f 6168//11995 6226//11995 6198//11995
f 6199//11996 6169//11996 6139//11996
f 6199//11997 6139//11997 6167//11997
f 6416//11998 6229//11998 6205//11998
f 6416//11999 6205//11999 6417//11999
f 6205//12000 6232//12000 6231//12000
f 6205//12001 6231//12001 6204//12001
f 6204//12002 6231//12002 6207//12002
f 6204//12003 6207//12003 6179//12003
f 6207//12004 6234//12004 6233//12004
f 6207//12005 6233//12005 6206//12005
f 6209//12006 6208//12006 6233//12006
f 6209//12007 6233//12007 6236//12007
f 6182//12008 6209//12008 6499//12008
f 6182//12009 6499//12009 6498//12009
f 6237//12010 6400//12010 6399//12010
f 6237//12011 6399//12011 6210//12011
f 6496//12012 6495//12012 6213//12012
f 6496//12013 6213//12013 6185//12013
f 6211//12014 6397//12014 6396//12014
f 6211//12015 6396//12015 6238//12015
f 6240//12016 6239//12016 6212//12016
f 6240//12017 6212//12017 6213//12017
f 6542//12018 6242//12018 6215//12018
f 6542//12019 6215//12019 6543//12019
f 6243//12020 6546//12020 6545//12020
f 6243//12021 6545//12021 6216//12021
f 6218//12022 6245//12022 6244//12022
f 6218//12023 6244//12023 6217//12023
f 6219//12024 6248//12024 6249//12024
f 6219//12025 6249//12025 6220//12025
f 6195//12026 6221//12026 6222//12026
f 6195//12027 6222//12027 6196//12027
f 6222//12028 6199//12028 6167//12028
f 6222//12029 6167//12029 6196//12029
f 6227//12030 6202//12030 6170//12030
f 6227//12031 6170//12031 6200//12031
f 6201//12032 6171//12032 2380//12032
f 6201//12033 2380//12033 2385//12033
f 6229//12034 6254//12034 6232//12034
f 6229//12035 6232//12035 6205//12035
f 6232//12036 6257//12036 6256//12036
f 6232//12037 6256//12037 6231//12037
f 6231//12038 6256//12038 6234//12038
f 6231//12039 6234//12039 6207//12039
f 6236//12040 6233//12040 6234//12040
f 6236//12041 6234//12041 6235//12041
f 6209//12042 6236//12042 6500//12042
f 6209//12043 6500//12043 6499//12043
f 6260//12044 6401//12044 6400//12044
f 6260//12045 6400//12045 6237//12045
f 6495//12046 6494//12046 6240//12046
f 6495//12047 6240//12047 6213//12047
f 6238//12048 6396//12048 6395//12048
f 6238//12049 6395//12049 6263//12049
f 6266//12050 6286//12050 6264//12050
f 6266//12051 6264//12051 6241//12051
f 6264//12052 6285//12052 6265//12052
f 6264//12053 6265//12053 6241//12053
f 6541//12054 6267//12054 6242//12054
f 6541//12055 6242//12055 6542//12055
f 6269//12056 6547//12056 6546//12056
f 6269//12057 6546//12057 6243//12057
f 6247//12058 6246//12058 6244//12058
f 6247//12059 6244//12059 6245//12059
f 6248//12060 6274//12060 6275//12060
f 6248//12061 6275//12061 6249//12061
f 6430//12062 6251//12062 6224//12062
f 6430//12063 6224//12063 6431//12063
f 6251//12064 6227//12064 6200//12064
f 6251//12065 6200//12065 6224//12065
f 2388//12066 6225//12066 6226//12066
f 2388//12067 6226//12067 2389//12067
f 2389//12068 6226//12068 6201//12068
f 2389//12069 6201//12069 2385//12069
f 6254//12070 6276//12070 6257//12070
f 6254//12071 6257//12071 6232//12071
f 6259//12072 6256//12072 6257//12072
f 6259//12073 6257//12073 6258//12073
f 6235//12074 6234//12074 6256//12074
f 6235//12075 6256//12075 6259//12075
f 6500//12076 6236//12076 6235//12076
f 6500//12077 6235//12077 6501//12077
f 6261//12078 6402//12078 6401//12078
f 6261//12079 6401//12079 6260//12079
f 6284//12080 6397//12080 6398//12080
f 6284//12081 6398//12081 6262//12081
f 6262//12082 6398//12082 6399//12082
f 6262//12083 6399//12083 6282//12083
f 6282//12084 6298//12084 6283//12084
f 6282//12085 6283//12085 6262//12085
f 6283//12086 6300//12086 6284//12086
f 6283//12087 6284//12087 6262//12087
f 6286//12088 5523//12088 5528//12088
f 6286//12089 5528//12089 6264//12089
f 5527//12090 6285//12090 6264//12090
f 5527//12091 6264//12091 5528//12091
f 6285//12092 6302//12092 6287//12092
f 6285//12093 6287//12093 6265//12093
f 6288//12094 6303//12094 6286//12094
f 6288//12095 6286//12095 6266//12095
f 6267//12096 6541//12096 6540//12096
f 6267//12097 6540//12097 6268//12097
f 6290//12098 6548//12098 6547//12098
f 6290//12099 6547//12099 6269//12099
f 6271//12100 6270//12100 6246//12100
f 6271//12101 6246//12101 6247//12101
f 6258//12102 6257//12102 6276//12102
f 6258//12103 6276//12103 6279//12103
f 6501//12104 6235//12104 6259//12104
f 6501//12105 6259//12105 6502//12105
f 6502//12106 6259//12106 6258//12106
f 6502//12107 6258//12107 6503//12107
f 6281//12108 6404//12108 6403//12108
f 6281//12109 6403//12109 6280//12109
f 6280//12110 6403//12110 6402//12110
f 6280//12111 6402//12111 6261//12111
f 6282//12112 6399//12112 6400//12112
f 6282//12113 6400//12113 6297//12113
f 6297//12114 6310//12114 6298//12114
f 6297//12115 6298//12115 6282//12115
f 6298//12116 6311//12116 6299//12116
f 6298//12117 6299//12117 6283//12117
f 6299//12118 6313//12118 6300//12118
f 6299//12119 6300//12119 6283//12119
f 6301//12120 6396//12120 6397//12120
f 6301//12121 6397//12121 6284//12121
f 6300//12122 6314//12122 6301//12122
f 6300//12123 6301//12123 6284//12123
f 5527//12124 5534//12124 6302//12124
f 5527//12125 6302//12125 6285//12125
f 6303//12126 5524//12126 5523//12126
f 6303//12127 5523//12127 6286//12127
f 6302//12128 6316//12128 6304//12128
f 6302//12129 6304//12129 6287//12129
f 6306//12130 6318//12130 6303//12130
f 6306//12131 6303//12131 6288//12131
f 6539//12132 6289//12132 6268//12132
f 6539//12133 6268//12133 6540//12133
f 6292//12134 6291//12134 6272//12134
f 6292//12135 6272//12135 6273//12135
f 2393//12136 6275//12136 6274//12136
f 2393//12137 6274//12137 2394//12137
f 6503//12138 6258//12138 6279//12138
f 6503//12139 6279//12139 6504//12139
f 6295//12140 6405//12140 6404//12140
f 6295//12141 6404//12141 6281//12141
f 6297//12142 6400//12142 6401//12142
f 6297//12143 6401//12143 6308//12143
f 6308//12144 6326//12144 6310//12144
f 6308//12145 6310//12145 6297//12145
f 6310//12146 6328//12146 6311//12146
f 6310//12147 6311//12147 6298//12147
f 6311//12148 6329//12148 6312//12148
f 6311//12149 6312//12149 6299//12149
f 6312//12150 6331//12150 6313//12150
f 6312//12151 6313//12151 6299//12151
f 6313//12152 6332//12152 6314//12152
f 6313//12153 6314//12153 6300//12153
f 6315//12154 6395//12154 6396//12154
f 6315//12155 6396//12155 6301//12155
f 6314//12156 6333//12156 6315//12156
f 6314//12157 6315//12157 6301//12157
f 5533//12158 6316//12158 6302//12158
f 5533//12159 6302//12159 5534//12159
f 6318//12160 5525//12160 5524//12160
f 6318//12161 5524//12161 6303//12161
f 6304//12162 6316//12162 6317//12162
f 6304//12163 6317//12163 6305//12163
f 6321//12164 6335//12164 6318//12164
f 6321//12165 6318//12165 6306//12165
f 6537//12166 6292//12166 6273//12166
f 6537//12167 6273//12167 6538//12167
f 6548//12168 6290//12168 2396//12168
f 6548//12169 2396//12169 4276//12169
f 6308//12170 6401//12170 6402//12170
f 6308//12171 6402//12171 6309//12171
f 6309//12172 6327//12172 6326//12172
f 6309//12173 6326//12173 6308//12173
f 6326//12174 6342//12174 6328//12174
f 6326//12175 6328//12175 6310//12175
f 6328//12176 6344//12176 6329//12176
f 6328//12177 6329//12177 6311//12177
f 6329//12178 6345//12178 6330//12178
f 6329//12179 6330//12179 6312//12179
f 6330//12180 6346//12180 6331//12180
f 6330//12181 6331//12181 6312//12181
f 6331//12182 6347//12182 6332//12182
f 6331//12183 6332//12183 6313//12183
f 6332//12184 6348//12184 6333//12184
f 6332//12185 6333//12185 6314//12185
f 6408//12186 6407//12186 6395//12186
f 6408//12187 6395//12187 6315//12187
f 6333//12188 6409//12188 6408//12188
f 6333//12189 6408//12189 6315//12189
f 6316//12190 5533//12190 5532//12190
f 6316//12191 5532//12191 6317//12191
f 6335//12192 5526//12192 5525//12192
f 6335//12193 5525//12193 6318//12193
f 6305//12194 6317//12194 6334//12194
f 6305//12195 6334//12195 6319//12195
f 6309//12196 6402//12196 6403//12196
f 6309//12197 6403//12197 6324//12197
f 6324//12198 6403//12198 6404//12198
f 6324//12199 6404//12199 6325//12199
f 6325//12200 6341//12200 6340//12200
f 6325//12201 6340//12201 6324//12201
f 6324//12202 6340//12202 6327//12202
f 6324//12203 6327//12203 6309//12203
f 6327//12204 6343//12204 6342//12204
f 6327//12205 6342//12205 6326//12205
f 6342//12206 6353//12206 6344//12206
f 6342//12207 6344//12207 6328//12207
f 6344//12208 6355//12208 6345//12208
f 6344//12209 6345//12209 6329//12209
f 6345//12210 6356//12210 6357//12210
f 6345//12211 6357//12211 6330//12211
f 6330//12212 6357//12212 6367//12212
f 6330//12213 6367//12213 6346//12213
f 6346//12214 6358//12214 6347//12214
f 6346//12215 6347//12215 6331//12215
f 6347//12216 6359//12216 6348//12216
f 6347//12217 6348//12217 6332//12217
f 6348//12218 6410//12218 6409//12218
f 6348//12219 6409//12219 6333//12219
f 6336//12220 6322//12220 6307//12220
f 6336//12221 6307//12221 6320//12221
f 6325//12222 6404//12222 6405//12222
f 6325//12223 6405//12223 6338//12223
f 6338//12224 6349//12224 6341//12224
f 6338//12225 6341//12225 6325//12225
f 6341//12226 6352//12226 6351//12226
f 6341//12227 6351//12227 6340//12227
f 6340//12228 6351//12228 6343//12228
f 6340//12229 6343//12229 6327//12229
f 6343//12230 6354//12230 6353//12230
f 6343//12231 6353//12231 6342//12231
f 6353//12232 6364//12232 6355//12232
f 6353//12233 6355//12233 6344//12233
f 6355//12234 6366//12234 6356//12234
f 6355//12235 6356//12235 6345//12235
f 6346//12236 6367//12236 6376//12236
f 6346//12237 6376//12237 6358//12237
f 6358//12238 6368//12238 6359//12238
f 6358//12239 6359//12239 6347//12239
f 6359//12240 6411//12240 6410//12240
f 6359//12241 6410//12241 6348//12241
f 2413//12242 1//12242 5526//12242
f 2413//12243 5526//12243 6335//12243
f 6349//12244 6360//12244 6352//12244
f 6349//12245 6352//12245 6341//12245
f 6352//12246 6363//12246 6362//12246
f 6352//12247 6362//12247 6351//12247
f 6351//12248 6362//12248 6354//12248
f 6351//12249 6354//12249 6343//12249
f 6354//12250 6365//12250 6364//12250
f 6354//12251 6364//12251 6353//12251
f 6364//12252 6373//12252 6366//12252
f 6364//12253 6366//12253 6355//12253
f 6473//12254 6474//12254 6357//12254
f 6473//12255 6357//12255 6356//12255
f 6358//12256 6376//12256 6383//12256
f 6358//12257 6383//12257 6368//12257
f 6368//12258 6412//12258 6411//12258
f 6368//12259 6411//12259 6359//12259
f 6360//12260 6369//12260 6363//12260
f 6360//12261 6363//12261 6352//12261
f 6363//12262 6372//12262 6371//12262
f 6363//12263 6371//12263 6362//12263
f 6362//12264 6371//12264 6365//12264
f 6362//12265 6365//12265 6354//12265
f 6365//12266 6380//12266 6373//12266
f 6365//12267 6373//12267 6364//12267
f 6472//12268 6473//12268 6356//12268
f 6472//12269 6356//12269 6366//12269
f 6460//12270 6459//12270 6484//12270
f 6460//12271 6484//12271 6483//12271
f 6374//12272 6511//12272 6512//12272
f 6374//12273 6512//12273 6375//12273
f 6474//12274 6475//12274 6367//12274
f 6474//12275 6367//12275 6357//12275
f 6368//12276 6383//12276 6413//12276
f 6368//12277 6413//12277 6412//12277
f 6369//12278 6377//12278 6372//12278
f 6369//12279 6372//12279 6363//12279
f 6372//12280 6385//12280 6379//12280
f 6372//12281 6379//12281 6371//12281
f 6371//12282 6379//12282 6380//12282
f 6371//12283 6380//12283 6365//12283
f 6471//12284 6472//12284 6366//12284
f 6471//12285 6366//12285 6373//12285
f 6459//12286 6458//12286 6485//12286
f 6459//12287 6485//12287 6484//12287
f 6375//12288 6512//12288 6513//12288
f 6375//12289 6513//12289 6381//12289
f 6442//12290 6441//12290 6374//12290
f 6442//12291 6374//12291 6375//12291
f 6461//12292 6460//12292 6483//12292
f 6461//12293 6483//12293 6482//12293
f 6382//12294 6510//12294 6511//12294
f 6382//12295 6511//12295 6374//12295
f 6475//12296 6476//12296 6376//12296
f 6475//12297 6376//12297 6367//12297
f 6377//12298 6384//12298 6385//12298
f 6377//12299 6385//12299 6372//12299
f 6379//12300 6469//12300 6470//12300
f 6379//12301 6470//12301 6380//12301
f 6380//12302 6470//12302 6471//12302
f 6380//12303 6471//12303 6373//12303
f 6458//12304 6457//12304 6486//12304
f 6458//12305 6486//12305 6485//12305
f 6381//12306 6513//12306 6514//12306
f 6381//12307 6514//12307 6386//12307
f 6443//12308 6442//12308 6375//12308
f 6443//12309 6375//12309 6381//12309
f 6442//12310 5517//12310 5515//12310
f 6442//12311 5515//12311 6441//12311
f 6441//12312 6440//12312 6382//12312
f 6441//12313 6382//12313 6374//12313
f 6462//12314 6461//12314 6482//12314
f 6462//12315 6482//12315 6481//12315
f 6387//12316 6509//12316 6510//12316
f 6387//12317 6510//12317 6382//12317
f 6476//12318 6477//12318 6383//12318
f 6476//12319 6383//12319 6376//12319
f 6384//12320 6467//12320 6468//12320
f 6384//12321 6468//12321 6385//12321
f 6385//12322 6468//12322 6469//12322
f 6385//12323 6469//12323 6379//12323
f 6486//12324 6457//12324 6456//12324
f 6486//12325 6456//12325 6487//12325
f 6487//12326 6456//12326 6455//12326
f 6487//12327 6455//12327 6488//12327
f 6389//12328 6515//12328 6516//12328
f 6389//12329 6516//12329 6390//12329
f 6386//12330 6514//12330 6515//12330
f 6386//12331 6515//12331 6389//12331
f 6444//12332 6443//12332 6381//12332
f 6444//12333 6381//12333 6386//12333
f 6443//12334 5516//12334 5517//12334
f 6443//12335 5517//12335 6442//12335
f 6440//12336 6439//12336 6387//12336
f 6440//12337 6387//12337 6382//12337
f 6463//12338 6462//12338 6481//12338
f 6463//12339 6481//12339 6480//12339
f 6391//12340 6508//12340 6509//12340
f 6391//12341 6509//12341 6387//12341
f 6477//12342 6478//12342 6413//12342
f 6477//12343 6413//12343 6383//12343
f 6488//12344 6455//12344 6454//12344
f 6488//12345 6454//12345 6489//12345
f 6489//12346 6454//12346 6453//12346
f 6489//12347 6453//12347 6490//12347
f 6392//12348 6517//12348 6518//12348
f 6392//12349 6518//12349 6393//12349
f 6390//12350 6516//12350 6517//12350
f 6390//12351 6517//12351 6392//12351
f 6390//12352 6446//12352 6445//12352
f 6390//12353 6445//12353 6389//12353
f 6389//12354 6445//12354 6444//12354
f 6389//12355 6444//12355 6386//12355
f 6444//12356 5518//12356 5516//12356
f 6444//12357 5516//12357 6443//12357
f 6440//12358 5946//12358 5519//12358
f 6440//12359 5519//12359 6439//12359
f 6439//12360 6438//12360 6391//12360
f 6439//12361 6391//12361 6387//12361
f 6464//12362 6463//12362 6480//12362
f 6464//12363 6480//12363 6479//12363
f 6414//12364 6507//12364 6508//12364
f 6414//12365 6508//12365 6391//12365
f 6393//12366 6448//12366 6447//12366
f 6393//12367 6447//12367 6392//12367
f 6392//12368 6447//12368 6446//12368
f 6392//12369 6446//12369 6390//12369
f 5518//12370 6444//12370 6445//12370
f 5518//12371 6445//12371 5520//12371
f 6439//12372 5519//12372 5521//12372
f 6439//12373 5521//12373 6438//12373
f 6438//12374 6437//12374 6414//12374
f 6438//12375 6414//12375 6391//12375
f 6438//12376 5521//12376 5529//12376
f 6438//12377 5529//12377 6437//12377
f 6320//12378 5514//12378 5530//12378
f 6320//12379 5530//12379 6336//12379
f 6321//12380 2595//12380 2413//12380
f 6321//12381 2413//12381 6335//12381
f 6289//12382 6271//12382 6247//12382
f 6289//12383 6247//12383 6268//12383
f 6268//12384 6247//12384 6245//12384
f 6268//12385 6245//12385 6267//12385
f 6218//12386 6242//12386 6267//12386
f 6218//12387 6267//12387 6245//12387
f 6190//12388 6215//12388 6242//12388
f 6190//12389 6242//12389 6218//12389
f 6161//12390 6188//12390 6215//12390
f 6161//12391 6215//12391 6190//12391
f 6161//12392 6192//12392 6216//12392
f 6161//12393 6216//12393 6188//12393
f 6192//12394 6220//12394 6243//12394
f 6192//12395 6243//12395 6216//12395
f 6220//12396 6249//12396 6269//12396
f 6220//12397 6269//12397 6243//12397
f 6249//12398 6275//12398 6290//12398
f 6249//12399 6290//12399 6269//12399
f 2396//12400 6290//12400 6275//12400
f 2396//12401 6275//12401 2393//12401
f 6291//12402 6250//12402 6223//12402
f 6291//12403 6223//12403 6272//12403
f 6270//12404 6221//12404 6195//12404
f 6270//12405 6195//12405 6246//12405
f 6246//12406 6195//12406 6193//12406
f 6246//12407 6193//12407 6244//12407
f 6162//12408 6217//12408 6244//12408
f 6162//12409 6244//12409 6193//12409
f 6132//12410 6189//12410 6217//12410
f 6132//12411 6217//12411 6162//12411
f 6108//12412 6160//12412 6189//12412
f 6108//12413 6189//12413 6132//12413
f 6108//12414 6134//12414 6191//12414
f 6108//12415 6191//12415 6160//12415
f 6134//12416 6164//12416 6219//12416
f 6134//12417 6219//12417 6191//12417
f 6164//12418 6197//12418 6248//12418
f 6164//12419 6248//12419 6219//12419
f 6197//12420 6225//12420 6274//12420
f 6197//12421 6274//12421 6248//12421
f 2394//12422 6274//12422 6225//12422
f 2394//12423 6225//12423 2388//12423
f 2700//12424 6407//12424 6408//12424
f 2700//12425 6408//12425 2415//12425
f 2415//12426 6408//12426 6409//12426
f 2415//12427 6409//12427 2419//12427
f 2419//12428 6409//12428 6410//12428
f 2419//12429 6410//12429 2427//12429
f 2427//12430 6410//12430 6411//12430
f 2427//12431 6411//12431 2435//12431
f 2435//12432 6411//12432 6412//12432
f 2435//12433 6412//12433 2443//12433
f 2688//12434 6414//12434 6437//12434
f 2688//12435 6437//12435 3127//12435
f 3127//12436 6437//12436 5529//12436
f 3127//12437 5529//12437 11//12437
f 6317//12438 5532//12438 5535//12438
f 6317//12439 5535//12439 6334//12439
f 6177//12440 6416//12440 6417//12440
f 6177//12441 6417//12441 6150//12441
f 6150//12442 6417//12442 6418//12442
f 6150//12443 6418//12443 6151//12443
f 6151//12444 6418//12444 6419//12444
f 6151//12445 6419//12445 6123//12445
f 6123//12446 6419//12446 6420//12446
f 6123//12447 6420//12447 6124//12447
f 6421//12448 6102//12448 6124//12448
f 6421//12449 6124//12449 6420//12449
f 6422//12450 6087//12450 6102//12450
f 6422//12451 6102//12451 6421//12451
f 6423//12452 6078//12452 6087//12452
f 6423//12453 6087//12453 6422//12453
f 6423//12454 6424//12454 6089//12454
f 6423//12455 6089//12455 6078//12455
f 6424//12456 6425//12456 6105//12456
f 6424//12457 6105//12457 6089//12457
f 6425//12458 6426//12458 6129//12458
f 6425//12459 6129//12459 6105//12459
f 6426//12460 6427//12460 6159//12460
f 6426//12461 6159//12461 6129//12461
f 6427//12462 2742//12462 2377//12462
f 6427//12463 2377//12463 6159//12463
f 6223//12464 6250//12464 6430//12464
f 6223//12465 6430//12465 6431//12465
f 6141//12466 6169//12466 6170//12466
f 6141//12467 6170//12467 6142//12467
f 6199//12468 6200//12468 6170//12468
f 6199//12469 6170//12469 6169//12469
f 6200//12470 6199//12470 6222//12470
f 6200//12471 6222//12471 6224//12471
f 6224//12472 6222//12472 6221//12472
f 6224//12473 6221//12473 6431//12473
f 6431//12474 6221//12474 6270//12474
f 6431//12475 6270//12475 6223//12475
f 6223//12476 6270//12476 6271//12476
f 6223//12477 6271//12477 6272//12477
f 6272//12478 6271//12478 6289//12478
f 6272//12479 6289//12479 6273//12479
f 6538//12480 6273//12480 6289//12480
f 6538//12481 6289//12481 6539//12481
f 6319//12482 6334//12482 6320//12482
f 6319//12483 6320//12483 6307//12483
f 6334//12484 5535//12484 5514//12484
f 6334//12485 5514//12485 6320//12485
f 5537//12486 6447//12486 6448//12486
f 5537//12487 6448//12487 5538//12487
f 5539//12488 6446//12488 6447//12488
f 5539//12489 6447//12489 5537//12489
f 5520//12490 6445//12490 6446//12490
f 5520//12491 6446//12491 5539//12491
f 6145//12492 6146//12492 6147//12492
f 6145//12493 6147//12493 6144//12493
f 6172//12494 6202//12494 6203//12494
f 6172//12495 6203//12495 6173//12495
f 6172//12496 6173//12496 6145//12496
f 6172//12497 6145//12497 6144//12497
f 6062//12498 6146//12498 6145//12498
f 6062//12499 6145//12499 6061//12499
f 6174//12500 6147//12500 6146//12500
f 6174//12501 6146//12501 6175//12501
f 6174//12502 6175//12502 6176//12502
f 6174//12503 6176//12503 6177//12503
f 6173//12504 6203//12504 6065//12504
f 6173//12505 6065//12505 6064//12505
f 6145//12506 6173//12506 6064//12506
f 6145//12507 6064//12507 6061//12507
f 6063//12508 6175//12508 6146//12508
f 6063//12509 6146//12509 6062//12509
f 6063//12510 6058//12510 6176//12510
f 6063//12511 6176//12511 6175//12511
f 6415//12512 6230//12512 6229//12512
f 6415//12513 6229//12513 6416//12513
f 6228//12514 6203//12514 6202//12514
f 6228//12515 6202//12515 6227//12515
f 6068//12516 6230//12516 6415//12516
f 6068//12517 6415//12517 6057//12517
f 6230//12518 6255//12518 6254//12518
f 6230//12519 6254//12519 6229//12519
f 6251//12520 6430//12520 6429//12520
f 6251//12521 6429//12521 6253//12521
f 6251//12522 6253//12522 6228//12522
f 6251//12523 6228//12523 6227//12523
f 6065//12524 6203//12524 6228//12524
f 6065//12525 6228//12525 6053//12525
f 6054//12526 6255//12526 6230//12526
f 6054//12527 6230//12527 6068//12527
f 6255//12528 6277//12528 6276//12528
f 6255//12529 6276//12529 6254//12529
f 6428//12530 6051//12530 6253//12530
f 6428//12531 6253//12531 6429//12531
f 6051//12532 6053//12532 6228//12532
f 6051//12533 6228//12533 6253//12533
f 6054//12534 6067//12534 6277//12534
f 6054//12535 6277//12535 6255//12535
f 6279//12536 6276//12536 6277//12536
f 6279//12537 6277//12537 6278//12537
f 6294//12538 6293//12538 6291//12538
f 6294//12539 6291//12539 6292//12539
f 6278//12540 6277//12540 6067//12540
f 6278//12541 6067//12541 6069//12541
f 6504//12542 6279//12542 6278//12542
f 6504//12543 6278//12543 6505//12543
f 6296//12544 6406//12544 6405//12544
f 6296//12545 6405//12545 6295//12545
f 6536//12546 6294//12546 6292//12546
f 6536//12547 6292//12547 6537//12547
f 6050//12548 6059//12548 6293//12548
f 6050//12549 6293//12549 6294//12549
f 6505//12550 6278//12550 6069//12550
f 6505//12551 6069//12551 6506//12551
f 6071//12552 6406//12552 6296//12552
f 6071//12553 6296//12553 6070//12553
f 6050//12554 6294//12554 6536//12554
f 6050//12555 6536//12555 6535//12555
f 6337//12556 6323//12556 6322//12556
f 6337//12557 6322//12557 6336//12557
f 6405//12558 6406//12558 6339//12558
f 6405//12559 6339//12559 6338//12559
f 6339//12560 6350//12560 6349//12560
f 6339//12561 6349//12561 6338//12561
f 6052//12562 6066//12562 6323//12562
f 6052//12563 6323//12563 6337//12563
f 6339//12564 6406//12564 6071//12564
f 6339//12565 6071//12565 6055//12565
f 6049//12566 6350//12566 6339//12566
f 6049//12567 6339//12567 6055//12567
f 6350//12568 6361//12568 6360//12568
f 6350//12569 6360//12569 6349//12569
f 6046//12570 6361//12570 6350//12570
f 6046//12571 6350//12571 6049//12571
f 6361//12572 6370//12572 6369//12572
f 6361//12573 6369//12573 6360//12573
f 6048//12574 6370//12574 6361//12574
f 6048//12575 6361//12575 6046//12575
f 6370//12576 6378//12576 6377//12576
f 6370//12577 6377//12577 6369//12577
f 6045//12578 6378//12578 6370//12578
f 6045//12579 6370//12579 6048//12579
f 6378//12580 6388//12580 6384//12580
f 6378//12581 6384//12581 6377//12581
f 6047//12582 6388//12582 6378//12582
f 6047//12583 6378//12583 6045//12583
f 6047//12584 6465//12584 6466//12584
f 6047//12585 6466//12585 6388//12585
f 6388//12586 6466//12586 6467//12586
f 6388//12587 6467//12587 6384//12587
f 6490//12588 6453//12588 6452//12588
f 6490//12589 6452//12589 6491//12589
f 6491//12590 6452//12590 6451//12590
f 6491//12591 6451//12591 6492//12591
f 6393//12592 6518//12592 6519//12592
f 6393//12593 6519//12593 6394//12593
f 6394//12594 6449//12594 6448//12594
f 6394//12595 6448//12595 6393//12595
f 6337//12596 5531//12596 5536//12596
f 6337//12597 5536//12597 6052//12597
f 6336//12598 5530//12598 5531//12598
f 6336//12599 5531//12599 6337//12599
f 6059//12600 6060//12600 6252//12600
f 6059//12601 6252//12601 6293//12601
f 6293//12602 6252//12602 6250//12602
f 6293//12603 6250//12603 6291//12603
f 6449//12604 6394//12604 6056//12604
f 6449//12605 6056//12605 6450//12605
f 6394//12606 6519//12606 6520//12606
f 6394//12607 6520//12607 6056//12607
f 5522//12608 6449//12608 6450//12608
f 5522//12609 6450//12609 5513//12609
f 6415//12610 6176//12610 6058//12610
f 6415//12611 6058//12611 6057//12611
f 6176//12612 6415//12612 6416//12612
f 6176//12613 6416//12613 6177//12613
f 6252//12614 6060//12614 6428//12614
f 6252//12615 6428//12615 6429//12615
f 6430//12616 6250//12616 6252//12616
f 6430//12617 6252//12617 6429//12617
f 5538//12618 6448//12618 6449//12618
f 5538//12619 6449//12619 5522//12619
f 6187//12620 6432//12620 6427//12620
f 6187//12621 6427//12621 6426//12621
f 2761//12622 6432//12622 6433//12622
f 2761//12623 6433//12623 2382//12623
f 6187//12624 6214//12624 6433//12624
f 6187//12625 6433//12625 6432//12625
f 6407//12626 6436//12626 6263//12626
f 6407//12627 6263//12627 6395//12627
f 2404//12628 2400//12628 6435//12628
f 2404//12629 6435//12629 6434//12629
f 6214//12630 6239//12630 6435//12630
f 6214//12631 6435//12631 6433//12631
f 6494//12632 6493//12632 6434//12632
f 6494//12633 6434//12633 6240//12633
f 6434//12634 6435//12634 6239//12634
f 6434//12635 6239//12635 6240//12635
f 2382//12636 6433//12636 6435//12636
f 2382//12637 6435//12637 2400//12637
f 2404//12638 6434//12638 6493//12638
f 2404//12639 6493//12639 3685//12639
f 2983//12640 6436//12640 6407//12640
f 2983//12641 6407//12641 2700//12641
f 5515//12642 5946//12642 6440//12642
f 5515//12643 6440//12643 6441//12643
f 2688//12644 3650//12644 6507//12644
f 2688//12645 6507//12645 6414//12645
f 6479//12646 2691//12646 3720//12646
f 6479//12647 3720//12647 6464//12647
f 6478//12648 3719//12648 3718//12648
f 6478//12649 3718//12649 6413//12649
f 2443//12650 6412//12650 6413//12650
f 2443//12651 6413//12651 3718//12651
f 6427//12652 6432//12652 2761//12652
f 6427//12653 2761//12653 2742//12653
f 6452//12654 6466//12654 6465//12654
f 6452//12655 6465//12655 6451//12655
f 6453//12656 6467//12656 6466//12656
f 6453//12657 6466//12657 6452//12657
f 6454//12658 6468//12658 6467//12658
f 6454//12659 6467//12659 6453//12659
f 6455//12660 6469//12660 6468//12660
f 6455//12661 6468//12661 6454//12661
f 6456//12662 6470//12662 6469//12662
f 6456//12663 6469//12663 6455//12663
f 6457//12664 6471//12664 6470//12664
f 6457//12665 6470//12665 6456//12665
f 6458//12666 6472//12666 6471//12666
f 6458//12667 6471//12667 6457//12667
f 6459//12668 6473//12668 6472//12668
f 6459//12669 6472//12669 6458//12669
f 6460//12670 6474//12670 6473//12670
f 6460//12671 6473//12671 6459//12671
f 6461//12672 6475//12672 6474//12672
f 6461//12673 6474//12673 6460//12673
f 6462//12674 6476//12674 6475//12674
f 6462//12675 6475//12675 6461//12675
f 6463//12676 6477//12676 6476//12676
f 6463//12677 6476//12677 6462//12677
f 6464//12678 6478//12678 6477//12678
f 6464//12679 6477//12679 6463//12679
f 6464//12680 3720//12680 3719//12680
f 6464//12681 3719//12681 6478//12681
f 6507//12682 3650//12682 2691//12682
f 6507//12683 2691//12683 6479//12683
f 6480//12684 6508//12684 6507//12684
f 6480//12685 6507//12685 6479//12685
f 6481//12686 6509//12686 6508//12686
f 6481//12687 6508//12687 6480//12687
f 6482//12688 6510//12688 6509//12688
f 6482//12689 6509//12689 6481//12689
f 6483//12690 6511//12690 6510//12690
f 6483//12691 6510//12691 6482//12691
f 6484//12692 6512//12692 6511//12692
f 6484//12693 6511//12693 6483//12693
f 6485//12694 6513//12694 6512//12694
f 6485//12695 6512//12695 6484//12695
f 6486//12696 6514//12696 6513//12696
f 6486//12697 6513//12697 6485//12697
f 6487//12698 6515//12698 6514//12698
f 6487//12699 6514//12699 6486//12699
f 6488//12700 6516//12700 6515//12700
f 6488//12701 6515//12701 6487//12701
f 6489//12702 6517//12702 6516//12702
f 6489//12703 6516//12703 6488//12703
f 6490//12704 6518//12704 6517//12704
f 6490//12705 6517//12705 6489//12705
f 6491//12706 6519//12706 6518//12706
f 6491//12707 6518//12707 6490//12707
f 6492//12708 6520//12708 6519//12708
f 6492//12709 6519//12709 6491//12709
f 3685//12710 6493//12710 6436//12710
f 3685//12711 6436//12711 2983//12711
f 6494//12712 6263//12712 6436//12712
f 6494//12713 6436//12713 6493//12713
f 6495//12714 6238//12714 6263//12714
f 6495//12715 6263//12715 6494//12715
f 6496//12716 6211//12716 6238//12716
f 6496//12717 6238//12717 6495//12717
f 6497//12718 6183//12718 6211//12718
f 6497//12719 6211//12719 6496//12719
f 6497//12720 6498//12720 6210//12720
f 6497//12721 6210//12721 6183//12721
f 6498//12722 6499//12722 6237//12722
f 6498//12723 6237//12723 6210//12723
f 6499//12724 6500//12724 6260//12724
f 6499//12725 6260//12725 6237//12725
f 6260//12726 6500//12726 6501//12726
f 6260//12727 6501//12727 6261//12727
f 6280//12728 6261//12728 6501//12728
f 6280//12729 6501//12729 6502//12729
f 6280//12730 6502//12730 6503//12730
f 6280//12731 6503//12731 6281//12731
f 6295//12732 6281//12732 6503//12732
f 6295//12733 6503//12733 6504//12733
f 6295//12734 6504//12734 6505//12734
f 6295//12735 6505//12735 6296//12735
f 6070//12736 6296//12736 6505//12736
f 6070//12737 6505//12737 6506//12737
f 6066//12738 6521//12738 6522//12738
f 6066//12739 6522//12739 6323//12739
f 6323//12740 6522//12740 6523//12740
f 6323//12741 6523//12741 6322//12741
f 6322//12742 6523//12742 6524//12742
f 6322//12743 6524//12743 6307//12743
f 6525//12744 6319//12744 6307//12744
f 6525//12745 6307//12745 6524//12745
f 6319//12746 6525//12746 6526//12746
f 6319//12747 6526//12747 6305//12747
f 6305//12748 6526//12748 6527//12748
f 6305//12749 6527//12749 6304//12749
f 6528//12129 6287//12129 6304//12129
f 6528//12750 6304//12750 6527//12750
f 6529//12751 6265//12751 6287//12751
f 6529//12752 6287//12752 6528//12752
f 6530//12753 6241//12753 6265//12753
f 6530//12754 6265//12754 6529//12754
f 6531//12755 6266//12755 6241//12755
f 6531//12756 6241//12756 6530//12756
f 6532//12757 6288//12757 6266//12757
f 6532//12758 6266//12758 6531//12758
f 6533//12759 6306//12759 6288//12759
f 6533//12760 6288//12760 6532//12760
f 6534//12761 6321//12761 6306//12761
f 6534//12762 6306//12762 6533//12762
f 2595//12763 6321//12763 6534//12763
f 2595//12764 6534//12764 4264//12764
f 6522//12765 6521//12765 6535//12765
f 6522//12766 6535//12766 6536//12766
f 6523//12767 6522//12767 6536//12767
f 6523//12768 6536//12768 6537//12768
f 6538//12769 6524//12769 6523//12769
f 6538//12770 6523//12770 6537//12770
f 6525//12771 6524//12771 6538//12771
f 6525//12772 6538//12772 6539//12772
f 6526//12773 6525//12773 6539//12773
f 6526//12774 6539//12774 6540//12774
f 6527//12775 6526//12775 6540//12775
f 6527//12776 6540//12776 6541//12776
f 6528//12777 6527//12777 6541//12777
f 6528//12778 6541//12778 6542//12778
f 6529//12779 6528//12779 6542//12779
f 6529//12780 6542//12780 6543//12780
f 6530//12781 6529//12781 6543//12781
f 6530//12782 6543//12782 6544//12782
f 6545//12783 6531//12783 6530//12783
f 6545//12784 6530//12784 6544//12784
f 6546//12785 6532//12785 6531//12785
f 6546//12786 6531//12786 6545//12786
f 6547//12787 6533//12787 6532//12787
f 6547//12788 6532//12788 6546//12788
f 6548//12789 6534//12789 6533//12789
f 6548//12790 6533//12790 6547//12790
f 4276//12791 4264//12791 6534//12791
f 4276//12792 6534//12792 6548//12792
f 6550//12793 6549//12793 3762//12793
f 6550//12794 3762//12794 3796//12794
f 6585//12795 6563//12795 3763//12795
f 6585//12796 3763//12796 3832//12796
f 3765//12797 6551//12797 6581//12797
f 3765//12798 6581//12798 3766//12798
f 3767//12799 6552//12799 6553//12799
f 3767//12800 6553//12800 3768//12800
f 3772//12801 6554//12801 6555//12801
f 3772//12802 6555//12802 3773//12802
f 6558//12803 6557//12803 3770//12803
f 6558//12804 3770//12804 3769//12804
f 6559//12805 6560//12805 3776//12805
f 6559//12806 3776//12806 3775//12806
f 6560//12807 6562//12807 3777//12807
f 6560//12808 3777//12808 3776//12808
f 6563//12809 6564//12809 3764//12809
f 6563//12810 3764//12810 3763//12810
f 3764//12811 6564//12811 6551//12811
f 3764//12812 6551//12812 3765//12812
f 3796//12813 3795//12813 6582//12813
f 3796//12814 6582//12814 6550//12814
f 6587//12815 6582//12815 3795//12815
f 6587//12816 3795//12816 4133//12816
f 3754//12817 3789//12817 6584//12817
f 3754//12818 6584//12818 6576//12818
f 4132//12819 3788//12819 6569//12819
f 4132//12820 6569//12820 6586//12820
f 3786//12821 3785//12821 6579//12821
f 3786//12822 6579//12822 6567//12822
f 3787//12823 6568//12823 6569//12823
f 3787//12824 6569//12824 3788//12824
f 3793//12825 3792//12825 6583//12825
f 3793//12826 6583//12826 6570//12826
f 3779//12827 6561//12827 6571//12827
f 3779//12828 6571//12828 3780//12828
f 6553//12829 6558//12829 3769//12829
f 6553//12830 3769//12830 3768//12830
f 6557//12831 6574//12831 3771//12831
f 6557//12832 3771//12832 3770//12832
f 3773//12833 6555//12833 6556//12833
f 3773//12834 6556//12834 3774//12834
f 3771//12835 6574//12835 6554//12835
f 3771//12836 6554//12836 3772//12836
f 3782//12837 6573//12837 6572//12837
f 3782//12838 6572//12838 3783//12838
f 3790//12839 6566//12839 6577//12839
f 3790//12840 6577//12840 3791//12840
f 3787//12841 3786//12841 6567//12841
f 3787//12842 6567//12842 6568//12842
f 6570//12843 6565//12843 3794//12843
f 6570//12844 3794//12844 3793//12844
f 6575//12845 6573//12845 3782//12845
f 6575//12846 3782//12846 3781//12846
f 6588//12847 6566//12847 3790//12847
f 6588//12848 3790//12848 4162//12848
f 3791//12849 6577//12849 6583//12849
f 3791//12850 6583//12850 3792//12850
f 6578//12851 3784//12851 3783//12851
f 6578//12852 3783//12852 6572//12852
f 6578//12853 6579//12853 3785//12853
f 6578//12854 3785//12854 3784//12854
f 6562//12855 6580//12855 3778//12855
f 6562//12856 3778//12856 3777//12856
f 6580//12857 6561//12857 3779//12857
f 6580//12858 3779//12858 3778//12858
f 6571//12859 6589//12859 4433//12859
f 6571//12860 4433//12860 3780//12860
f 6581//12861 6552//12861 3767//12861
f 6581//12862 3767//12862 3766//12862
f 3775//12863 3774//12863 6556//12863
f 3775//12864 6556//12864 6559//12864
f 6590//12865 6585//12865 3832//12865
f 6590//12866 3832//12866 4434//12866
f 3789//12867 4132//12867 6586//12867
f 3789//12868 6586//12868 6584//12868
f 6565//12869 6587//12869 4133//12869
f 6565//12870 4133//12870 3794//12870
f 6576//12871 6588//12871 4162//12871
f 6576//12872 4162//12872 3754//12872
f 6589//12873 6575//12873 3781//12873
f 6589//12874 3781//12874 4433//12874
f 3762//12875 6549//12875 6590//12875
f 3762//12876 6590//12876 4434//12876
f 6592//12877 1582//12877 1548//12877
f 6592//12878 1548//12878 6591//12878
f 6627//12879 1623//12879 1549//12879
f 6627//12880 1549//12880 6605//12880
f 1551//12881 1552//12881 6623//12881
f 1551//12882 6623//12882 6593//12882
f 1553//12883 1554//12883 6595//12883
f 1553//12884 6595//12884 6594//12884
f 1558//12885 1559//12885 6597//12885
f 1558//12886 6597//12886 6596//12886
f 6600//12887 1555//12887 1556//12887
f 6600//12888 1556//12888 6599//12888
f 6601//12889 1561//12889 1562//12889
f 6601//12890 1562//12890 6602//12890
f 6602//12891 1562//12891 1563//12891
f 6602//12892 1563//12892 6604//12892
f 6605//12893 1549//12893 1550//12893
f 6605//12894 1550//12894 6606//12894
f 1550//12895 1551//12895 6593//12895
f 1550//12896 6593//12896 6606//12896
f 1582//12897 6592//12897 6624//12897
f 1582//12898 6624//12898 1581//12898
f 6629//12899 1933//12899 1581//12899
f 6629//12900 1581//12900 6624//12900
f 1540//12901 6618//12901 6626//12901
f 1540//12902 6626//12902 1575//12902
f 1932//12903 6628//12903 6611//12903
f 1932//12904 6611//12904 1574//12904
f 1572//12905 6609//12905 6621//12905
f 1572//12906 6621//12906 1571//12906
f 1573//12907 1574//12907 6611//12907
f 1573//12908 6611//12908 6610//12908
f 1579//12909 6612//12909 6625//12909
f 1579//12910 6625//12910 1578//12910
f 1565//12911 1566//12911 6613//12911
f 1565//12912 6613//12912 6603//12912
f 6595//12913 1554//12913 1555//12913
f 6595//12914 1555//12914 6600//12914
f 6599//12915 1556//12915 1557//12915
f 6599//12916 1557//12916 6616//12916
f 1559//12917 1560//12917 6598//12917
f 1559//12918 6598//12918 6597//12918
f 1557//12919 1558//12919 6596//12919
f 1557//12920 6596//12920 6616//12920
f 1568//12921 1569//12921 6614//12921
f 1568//12922 6614//12922 6615//12922
f 1576//12923 1577//12923 6619//12923
f 1576//12924 6619//12924 6608//12924
f 1573//12925 6610//12925 6609//12925
f 1573//12926 6609//12926 1572//12926
f 6612//12927 1579//12927 1580//12927
f 6612//12928 1580//12928 6607//12928
f 6617//12929 1567//12929 1568//12929
f 6617//12930 1568//12930 6615//12930
f 6630//12931 1962//12931 1576//12931
f 6630//12932 1576//12932 6608//12932
f 1577//12933 1578//12933 6625//12933
f 1577//12934 6625//12934 6619//12934
f 6620//12935 6614//12935 1569//12935
f 6620//12936 1569//12936 1570//12936
f 6620//12937 1570//12937 1571//12937
f 6620//12938 1571//12938 6621//12938
f 6604//12939 1563//12939 1564//12939
f 6604//12940 1564//12940 6622//12940
f 6622//12941 1564//12941 1565//12941
f 6622//12942 1565//12942 6603//12942
f 6613//12943 1566//12943 2242//12943
f 6613//12944 2242//12944 6631//12944
f 6623//12945 1552//12945 1553//12945
f 6623//12946 1553//12946 6594//12946
f 1561//12947 6601//12947 6598//12947
f 1561//12948 6598//12948 1560//12948
f 6632//12949 2243//12949 1623//12949
f 6632//12950 1623//12950 6627//12950
f 1575//12951 6626//12951 6628//12951
f 1575//12952 6628//12952 1932//12952
f 6607//12953 1580//12953 1933//12953
f 6607//12954 1933//12954 6629//12954
f 6618//12955 1540//12955 1962//12955
f 6618//12956 1962//12956 6630//12956
f 6631//12957 2242//12957 1567//12957
f 6631//12958 1567//12958 6617//12958
f 1548//12959 2243//12959 6632//12959
f 1548//12960 6632//12960 6591//12960
f 6651//12961 5540//12961 5542//12961
f 6651//12962 5542//12962 6653//12962
f 5540//12963 6651//12963 6654//12963
f 5540//12964 6654//12964 5543//12964
f 6655//12965 5544//12965 5541//12965
f 6655//12966 5541//12966 6652//12966
f 6652//12967 5541//12967 5543//12967
f 6652//12968 5543//12968 6654//12968
f 5945//12969 6663//12969 6643//12969
f 5945//12970 6643//12970 5551//12970
f 5513//12971 6633//12971 6663//12971
f 5513//12972 6663//12972 5945//12972
f 6653//12973 5542//12973 5961//12973
f 6653//12974 5961//12974 6665//12974
f 6664//12975 5947//12975 5988//12975
f 6664//12976 5988//12976 6666//12976
f 5544//12977 6655//12977 6661//12977
f 5544//12978 6661//12978 5550//12978
f 5553//12979 5552//12979 6635//12979
f 5553//12980 6635//12980 6644//12980
f 6635//12981 5552//12981 5563//12981
f 6635//12982 5563//12982 6640//12982
f 5545//12983 6656//12983 6670//12983
f 5545//12984 6670//12984 6031//12984
f 6645//12985 6656//12985 5545//12985
f 6645//12986 5545//12986 5554//12986
f 5554//12987 5555//12987 6636//12987
f 5554//12988 6636//12988 6645//12988
f 6657//12989 5546//12989 5548//12989
f 6657//12990 5548//12990 6659//12990
f 6662//12991 5923//12991 5546//12991
f 6662//12992 5546//12992 6657//12992
f 6647//12993 5556//12993 5557//12993
f 6647//12994 5557//12994 6646//12994
f 5547//12995 6658//12995 6634//12995
f 5547//12996 6634//12996 5536//12996
f 6658//12997 5547//12997 5561//12997
f 6658//12998 5561//12998 6639//12998
f 5557//12999 5558//12999 6637//12999
f 5557//13000 6637//13000 6646//13000
f 5558//13001 5553//13001 6644//13001
f 5558//13002 6644//13002 6637//13002
f 5559//13003 6638//13003 6648//13003
f 5559//13004 6648//13004 5560//13004
f 5556//13005 6647//13005 6638//13005
f 5556//13006 6638//13006 5559//13006
f 5560//13007 6648//13007 6659//13007
f 5560//13008 6659//13008 5548//13008
f 5563//13009 5549//13009 6660//13009
f 5563//13010 6660//13010 6640//13010
f 6660//13011 5549//13011 5562//13011
f 6660//13012 5562//13012 6649//13012
f 5550//13013 6661//13013 6642//13013
f 5550//13014 6642//13014 5566//13014
f 5564//13015 6641//13015 6649//13015
f 5564//13016 6649//13016 5562//13016
f 5564//13017 6002//13017 6667//13017
f 5564//13018 6667//13018 6641//13018
f 5566//13019 6642//13019 6650//13019
f 5566//13020 6650//13020 5565//13020
f 5551//13021 6643//13021 6668//13021
f 5551//13022 6668//13022 6016//13022
f 6636//13023 5555//13023 5923//13023
f 6636//13024 5923//13024 6662//13024
f 6665//13025 5961//13025 5947//13025
f 6665//13026 5947//13026 6664//13026
f 6666//13027 5988//13027 6016//13027
f 6666//13028 6016//13028 6668//13028
f 6667//13029 6002//13029 5565//13029
f 6667//13030 5565//13030 6650//13030
f 6639//13031 5561//13031 6017//13031
f 6639//13032 6017//13032 6669//13032
f 6031//13033 6670//13033 6669//13033
f 6031//13033 6669//13033 6017//13033
f 6687//13034 6689//13034 6047//13034
f 6687//13035 6047//13035 6045//13035
f 6045//13036 6048//13036 6690//13036
f 6045//13037 6690//13037 6687//13037
f 6691//13038 6688//13038 6046//13038
f 6691//13039 6046//13039 6049//13039
f 6688//13040 6690//13040 6048//13040
f 6688//13041 6048//13041 6046//13041
f 6450//13042 6056//13042 6679//13042
f 6450//13043 6679//13043 6699//13043
f 5513//13044 6450//13044 6699//13044
f 5513//13045 6699//13045 6633//13045
f 6689//13046 6701//13046 6465//13046
f 6689//13047 6465//13047 6047//13047
f 6700//13048 6702//13048 6492//13048
f 6700//13049 6492//13049 6451//13049
f 6049//13050 6055//13050 6697//13050
f 6049//13051 6697//13051 6691//13051
f 6058//13052 6680//13052 6671//13052
f 6058//13053 6671//13053 6057//13053
f 6671//13054 6676//13054 6068//13054
f 6671//13055 6068//13055 6057//13055
f 6050//13056 6535//13056 6706//13056
f 6050//13057 6706//13057 6692//13057
f 6681//13058 6059//13058 6050//13058
f 6681//13059 6050//13059 6692//13059
f 6059//13060 6681//13060 6672//13060
f 6059//13061 6672//13061 6060//13061
f 6693//13062 6695//13062 6053//13062
f 6693//13063 6053//13063 6051//13063
f 6698//13064 6693//13064 6051//13064
f 6698//13065 6051//13065 6428//13065
f 6683//13066 6682//13066 6062//13066
f 6683//13067 6062//13067 6061//13067
f 6052//13068 5536//13068 6634//13068
f 6052//13069 6634//13069 6694//13069
f 6694//13070 6675//13070 6066//13070
f 6694//13071 6066//13071 6052//13071
f 6062//13072 6682//13072 6673//13072
f 6062//13073 6673//13073 6063//13073
f 6063//13074 6673//13074 6680//13074
f 6063//13075 6680//13075 6058//13075
f 6064//13076 6065//13076 6684//13076
f 6064//13077 6684//13077 6674//13077
f 6061//13078 6064//13078 6674//13078
f 6061//13079 6674//13079 6683//13079
f 6065//13080 6053//13080 6695//13080
f 6065//13081 6695//13081 6684//13081
f 6068//13082 6676//13082 6696//13082
f 6068//13083 6696//13083 6054//13083
f 6696//13084 6685//13084 6067//13084
f 6696//13085 6067//13085 6054//13085
f 6055//13086 6071//13086 6678//13086
f 6055//13087 6678//13087 6697//13087
f 6069//13088 6067//13088 6685//13088
f 6069//13089 6685//13089 6677//13089
f 6069//13090 6677//13090 6703//13090
f 6069//13091 6703//13091 6506//13091
f 6071//13092 6070//13092 6686//13092
f 6071//13093 6686//13093 6678//13093
f 6056//13094 6520//13094 6704//13094
f 6056//13095 6704//13095 6679//13095
f 6672//13096 6698//13096 6428//13096
f 6672//13097 6428//13097 6060//13097
f 6701//13098 6700//13098 6451//13098
f 6701//13099 6451//13099 6465//13099
f 6702//13100 6704//13100 6520//13100
f 6702//13101 6520//13101 6492//13101
f 6703//13102 6686//13102 6070//13102
f 6703//13103 6070//13103 6506//13103
f 6675//13104 6705//13104 6521//13104
f 6675//13105 6521//13105 6066//13105
f 6535//13106 6521//13106 6705//13106
f 6535//13107 6705//13107 6706//13107
