# Blender 4.2.1 LTS
# www.blender.org
v 0.000000 -1.913340 12.541203
v -0.000000 -1.650565 12.130258
v 0.000000 -1.797329 12.414012
v 0.000000 -1.572964 12.018203
v 0.000000 -1.402035 11.801414
v -0.000000 -1.074211 11.583431
v -0.495805 3.459704 10.650968
v -0.000000 -5.915669 11.895318
v 0.000000 -6.304281 11.943410
v -0.650279 4.492758 10.602839
v -0.000000 -5.588911 11.994131
v -0.765503 -8.118428 7.549955
v -6.773808 -1.549235 3.118712
v -6.871078 -1.108466 3.114823
v -6.942668 -0.709188 3.084495
v -6.626299 -2.097832 3.073739
v -5.466043 1.740370 8.350995
v -5.116129 1.848651 8.576839
v -4.427606 -1.718675 9.394409
v -2.863297 -1.275271 10.441491
v -3.158842 -1.027803 10.261263
v -2.614366 -1.509358 10.642962
v -2.677290 -1.047314 10.433768
v -2.434710 -1.283473 10.608779
v -3.482558 -0.780718 10.073409
v -2.967146 -0.792114 10.279646
v -3.590119 -0.280100 9.938682
v -3.063957 -0.316525 10.141610
v -3.278013 -0.538595 10.119654
v -3.359169 -0.055994 9.985262
v -3.811879 -0.527653 9.866505
v -5.783832 3.276638 7.611423
v -5.796191 3.421160 7.627997
v -5.804984 3.560899 7.661153
v -5.796956 3.840386 7.771246
v -5.574366 3.244137 7.843242
v -5.392744 3.234505 8.016685
v -5.708350 2.764883 7.702463
v -5.452013 2.792710 7.937356
v -5.582264 2.180429 8.023716
v -5.542555 4.097576 8.290972
v -5.588596 3.973910 8.161355
v -5.403749 3.956318 8.415483
v -5.449311 3.855038 8.298947
v -5.632468 3.731468 7.983611
v -5.485614 3.655765 8.143816
v -5.459556 3.449310 8.058324
v -5.434454 3.344855 8.029140
v -5.620580 3.490646 7.886679
v -5.600710 3.370250 7.857860
v -5.291536 3.339918 8.162522
v -5.241631 3.241211 8.151891
v -5.323845 3.428763 8.189284
v -5.363738 3.609262 8.263797
v -5.295990 3.854159 8.494024
v -5.337779 3.772522 8.393035
v -5.334930 4.059214 8.556723
v -5.390922 4.341059 8.613172
v -5.246850 4.156996 8.716795
v -5.474595 4.220572 8.444991
v -5.229228 3.934562 8.617171
v -5.139164 4.012537 8.761141
v -2.772847 -0.574740 10.271364
v -1.845479 0.021753 10.310481
v -1.832698 -0.293183 10.383859
v -2.280373 -1.066819 10.542783
v -2.501884 -0.830495 10.396362
v -1.523806 -0.841932 10.705460
v -1.255391 -0.918056 10.880351
v -1.127698 -0.902472 10.958092
v -0.968010 -0.941536 11.067886
v -0.848600 -0.953459 11.162288
v -1.899525 0.497098 10.277049
v -2.044345 0.256098 10.227329
v -2.263252 0.489506 10.148175
v -2.090257 0.698080 10.176576
v -1.773245 0.722121 10.361611
v -4.861454 4.801601 9.323936
v -4.684294 4.898587 9.483994
v -4.091086 5.113397 9.895238
v -4.548841 4.670936 9.573364
v -4.721854 4.576323 9.417924
v -5.288106 4.462270 8.788600
v -5.142639 4.265141 8.887153
v -2.478906 0.716243 10.040116
v -2.280962 0.902374 10.060008
v -2.093426 1.087403 10.097126
v -1.930448 0.904707 10.233803
v -1.777026 1.103002 10.309457
v -1.468237 -1.517147 11.314297
v -1.658258 -1.502147 11.163939
v -1.873888 -1.441148 10.982655
v -1.298041 -1.504036 11.431964
v -1.354534 -1.815383 11.851889
v -1.528755 -1.886658 11.759170
v -1.142440 -1.483732 11.526398
v -1.193939 -1.757763 11.938466
v -1.717185 -1.971255 11.643150
v -4.602477 4.389325 9.450909
v -4.431351 4.479476 9.603608
v -5.026585 4.102411 8.930258
v -1.917031 1.272601 10.151592
v -2.180056 5.037069 10.630005
v -2.117920 4.869245 10.538493
v -3.867211 4.689401 9.972563
v -3.973938 4.886929 9.965868
v -1.563217 3.107120 9.420685
v -1.705194 2.846673 9.469317
v -0.477701 -0.937460 11.412472
v -0.228404 -1.041268 11.544201
v -0.861260 -1.450462 11.694687
v -0.236956 -1.414523 11.821622
v -0.467317 -1.427656 11.822238
v -0.221325 -1.572905 12.056891
v -0.434516 -1.620941 12.157484
v -0.121020 -1.406976 11.807576
v -0.998369 -1.465783 11.616269
v -1.043553 -1.715243 12.019997
v -0.894079 -1.680156 12.091402
v -0.845628 4.228967 10.330570
v -0.598732 4.276522 10.542454
v -2.774526 4.800251 10.311092
v -2.981075 5.441680 10.409824
v -2.907971 5.207802 10.444254
v -2.832786 4.989005 10.414619
v -2.564206 4.812511 10.369312
v -2.748921 5.447077 10.504267
v -2.688864 5.215046 10.525118
v -2.622484 4.999109 10.481950
v -0.113885 -1.064601 11.573910
v -0.118140 -1.571574 12.029050
v -2.109944 -2.827202 11.752564
v -2.207977 -2.975521 11.651127
v -1.985649 -2.667818 11.852692
v -2.288489 -3.107998 11.560568
v -2.358658 -3.218587 11.487227
v -2.181617 -2.637488 11.585486
v -2.296813 -2.804855 11.498062
v -1.844490 -2.507372 11.954129
v -2.038433 -2.465613 11.674353
v -2.465381 -3.486956 11.367505
v -2.394817 -2.959878 11.426110
v -2.479017 -3.087023 11.364699
v -1.692334 -2.361313 12.055040
v -1.875024 -2.303594 11.770156
v -2.613749 -3.408868 11.259969
v -1.374278 -2.131824 12.231229
v -1.535086 -2.236296 12.150787
v -1.708554 -2.167726 11.872634
v -1.540107 -2.056154 11.970561
v -1.374302 -1.965539 12.058672
v -1.058975 -1.996115 12.374682
v -1.215136 -2.053999 12.308345
v -2.288360 -2.421244 11.370075
v -0.900126 -1.954147 12.431737
v -1.217345 -1.894367 12.147716
v -1.067136 -1.841295 12.231002
v -2.632699 -3.512268 11.251326
v -2.471731 -3.582367 11.379245
v -2.433739 -2.610261 11.302110
v -2.549719 -2.790077 11.251207
v -0.910592 -1.803524 12.299883
v -2.476210 -3.673935 11.415987
v -2.637993 -3.623541 11.267282
v -2.836774 -3.442015 11.102744
v -2.647428 -2.943220 11.206964
v -2.811236 -3.317795 11.115434
v -2.432122 -2.183791 11.129900
v -2.844479 -3.576760 11.106353
v -2.604244 -2.402668 11.082031
v -2.734185 -2.606950 11.045082
v -0.188894 -1.907385 12.536922
v -2.495068 -4.255619 11.506268
v -2.326296 -4.181273 11.643596
v -2.836481 -2.783323 11.008587
v -3.016995 -3.218140 10.923181
v -2.394200 -4.492435 11.586952
v -2.225308 -4.382878 11.737886
v -2.683852 -4.331037 11.326713
v -3.048203 -3.368872 10.912267
v -3.410994 -3.024006 10.448883
v -3.637469 -2.942623 10.191298
v -3.433614 -2.249974 10.295663
v -3.198453 -2.436772 10.548970
v -2.277269 -4.748419 11.648163
v -2.107859 -4.610176 11.818886
v -2.584610 -4.600439 11.393411
v -3.061112 -3.534920 10.920717
v -3.677262 -3.188162 10.191993
v -3.456894 -3.236497 10.444848
v -3.901998 -2.874943 9.911473
v -3.719092 -2.072522 10.027799
v -2.143067 -5.008007 11.675016
v -1.971055 -4.842838 11.866496
v -2.462689 -4.889442 11.448620
v -3.484871 -3.465346 10.463741
v -3.703665 -3.447827 10.214741
v -3.940187 -3.156921 9.905742
v -4.216375 -2.813510 9.586226
v -4.060569 -1.899986 9.731586
v -1.990446 -5.259573 11.675916
v -1.820419 -5.058970 11.880233
v -2.325394 -5.180123 11.474163
v -2.883892 -4.403592 11.120722
v -3.962303 -3.452802 9.927597
v -4.235614 -3.130271 9.581153
v -2.171488 -5.462708 11.485451
v -2.779840 -4.700007 11.179407
v -3.300442 -4.564936 10.682650
v -4.242829 -3.457567 9.595989
v -6.070011 1.493530 7.730827
v -5.788030 1.619191 8.066926
v -2.657250 -5.025498 11.230958
v -4.539267 -3.455807 9.211090
v -6.159196 2.033408 7.402095
v -5.891702 2.102761 7.726255
v -2.516312 -5.347667 11.266199
v -4.217228 -4.970685 9.433375
v -6.200398 2.761827 7.097045
v -5.970189 2.759771 7.405376
v -5.448617 -3.440898 7.882292
v -4.863091 -5.260206 8.088174
v -5.936030 -3.452268 7.004213
v -6.179856 3.387689 7.044058
v -6.162853 3.572780 7.078931
v -5.989981 3.493562 7.357491
v -5.992220 3.328452 7.332885
v -4.069811 -5.896245 9.145668
v -5.146792 -5.407621 7.207268
v -6.286182 -3.460313 6.105542
v -6.710123 2.789796 6.168185
v -6.738211 1.890975 6.349467
v -6.141116 3.754868 7.127033
v -6.082410 4.112833 7.279805
v -5.950515 3.973957 7.528828
v -5.985114 3.654534 7.396510
v -5.314614 -5.504137 6.320168
v -6.406582 -3.451811 5.649951
v -7.053493 2.853616 5.172351
v -7.099993 1.846252 5.219303
v -5.980103 4.466213 7.526097
v -5.871138 4.296081 7.758534
v -3.561325 -6.731502 9.268195
v -5.357970 -5.534731 5.890432
v -7.145960 2.884491 4.795540
v -7.185164 1.847775 4.806442
v -6.560778 3.808628 6.227078
v -6.606195 3.567623 6.178742
v -5.907314 4.638576 7.678577
v -5.808931 4.455541 7.907979
v -3.297323 -6.454939 10.118587
v -6.886000 4.033814 5.320577
v -6.937023 3.752140 5.256355
v -7.224532 2.920031 4.408527
v -7.238333 1.855481 4.382677
v -6.405219 4.495986 6.495055
v -6.513201 4.042379 6.295282
v -5.821943 4.804676 7.848099
v -5.730272 4.611063 8.072320
v -3.121454 -6.303853 10.445976
v -3.496561 -6.035161 10.039868
v -5.371434 -5.552978 5.470530
v -6.989133 4.113391 4.984212
v -7.038814 3.819841 4.909824
v -6.716261 4.843862 5.646659
v -6.832924 4.309339 5.406460
v -6.267684 4.930937 6.779875
v -5.723324 4.960309 8.024212
v -5.607921 5.107472 8.205749
v -5.525366 4.898415 8.425042
v -5.636727 4.758214 8.246628
v -3.297247 -5.900143 10.360968
v -5.301717 -5.556153 4.664280
v -7.090919 4.194854 4.632960
v -7.137188 3.890259 4.548868
v -6.823420 4.960369 5.341699
v -6.937287 4.400998 5.080517
v -6.574539 5.349796 5.972653
v -6.186485 5.137516 6.951503
v -3.665898 -5.627065 9.962145
v -6.930636 5.080072 5.020401
v -7.040428 4.495561 4.739651
v -6.682534 5.491154 5.685122
v -6.491076 5.588062 6.163747
v -6.093821 5.331377 7.136777
v -5.156202 5.477488 8.778512
v -4.969022 5.576523 8.966946
v -4.892126 5.364104 9.162369
v -5.079149 5.266459 8.983885
v -3.451868 -5.500443 10.286236
v -6.791284 5.635376 5.385510
v -6.599896 5.741130 5.883854
v -6.397060 5.813047 6.369287
v -5.869110 5.676684 7.535676
v -5.988811 5.511527 7.332485
v -4.352377 5.785900 9.470320
v -4.278462 5.570971 9.632940
v -6.708822 5.896380 5.594320
v -6.506621 5.978117 6.096527
v -6.181956 6.215802 6.807679
v -6.295617 6.023200 6.587264
v -3.046573 5.674118 10.329934
v -2.809285 5.677041 10.436491
v -0.841733 -8.336879 10.497808
v -6.616759 6.145296 5.814699
v -6.406558 6.198370 6.321063
v -6.293461 6.401299 6.548555
v -5.425848 6.085741 8.162810
v -5.249609 6.192965 8.371787
v -3.112009 5.899620 10.221274
v -2.868237 5.902808 10.340260
v -1.833570 7.417543 10.235723
v -6.515230 6.377991 6.045978
v -6.402050 6.589278 6.281473
v -5.762489 6.698990 7.484734
v -5.598107 6.824349 7.706608
v -4.624359 6.437035 8.973436
v -0.586205 7.246854 10.457890
v -1.971015 8.050267 9.983781
v -6.601133 6.968698 5.712208
v -5.872482 6.908136 7.241019
v -5.710408 7.041471 7.466308
v -5.022583 7.126354 8.361792
v -2.035725 8.387015 9.857223
v -5.981645 7.119102 6.988165
v -5.819380 7.258623 7.217209
v -5.154425 7.362169 8.125056
v -3.369640 6.622324 9.822862
v -3.111231 6.636477 9.968791
v -2.092453 8.734934 9.719809
v -2.446007 -7.556084 10.339977
v -6.177398 7.554826 6.449853
v -6.017044 7.707409 6.687163
v -5.274745 7.602050 7.884008
v -3.749377 7.438227 9.349143
v -3.468090 7.465321 9.519528
v -2.852834 7.482612 9.851002
v -2.176286 9.439791 9.367210
v -5.479237 8.095370 7.379038
v -3.582066 7.755882 9.353905
v -3.868438 7.721706 9.170261
v -2.952764 7.785150 9.706305
v -3.981287 8.012545 8.987383
v -3.689595 8.054295 9.183863
v -3.046610 8.096868 9.559486
v -3.831460 -1.319013 9.915202
v -4.175123 8.613906 8.591413
v -3.876083 8.674633 8.814717
v -3.210649 8.749960 9.240682
v -4.193521 5.348274 9.781206
v -0.119134 -1.642879 12.133956
v -0.203281 -1.628666 12.137829
v -0.366682 -1.730757 12.360635
v -0.378186 -1.894509 12.521080
v -4.188204 -1.087694 9.643613
v -3.960741 -1.606316 9.819808
v -4.328429 -1.395685 9.511326
v -2.359462 -5.658612 11.301721
v -6.156767 -2.473275 6.911891
v -6.254377 -1.989903 6.876144
v -5.586460 -2.537677 7.869875
v -5.643458 -2.075151 7.894892
v -6.053547 -2.960194 6.956254
v -5.527468 -2.985688 7.860476
v -6.614783 -1.937565 5.878367
v -6.525303 -2.431490 5.954650
v -6.732014 -1.903232 5.394739
v -6.646015 -2.400240 5.480049
v -6.541495 -2.917448 5.567784
v -6.419807 -2.941558 6.033799
v -6.487450 -3.432415 5.193336
v -6.622000 -2.883174 5.099270
v -6.724527 -2.358709 5.005405
v -6.807943 -1.860622 4.916110
v -6.511829 -3.386603 4.281957
v -6.648310 -2.826927 4.178715
v -6.758705 -2.279049 4.077719
v -6.850253 -1.763071 3.995507
v -6.695800 -1.455895 5.800029
v -6.804118 -1.425823 5.312017
v -6.878288 -1.386402 4.831505
v -6.924270 -1.293568 3.930926
v -5.740708 4.124640 7.975466
v -5.687125 4.269626 8.116386
v -5.617686 4.412325 8.279007
v -5.528790 4.548197 8.450702
v -5.424503 4.681328 8.629077
v -4.985909 5.041565 9.175105
v -4.802623 5.139340 9.343840
v -3.179714 -4.906799 10.740301
v -3.045976 -5.270589 10.796193
v -3.244937 -5.385246 10.557893
v -2.900766 -5.643456 10.853266
v -3.096225 -5.773218 10.626894
v -2.738207 -6.000148 10.923618
v -2.930495 -6.154790 10.709037
v -2.186812 -5.952777 11.348305
v -2.000528 -5.729246 11.496521
v -4.015328 -0.797227 9.766932
v -3.667532 -1.041480 10.005450
v -0.175932 -1.780117 12.406536
v -2.114243 -2.234941 11.442420
v -1.920553 -2.067732 11.518785
v -1.986690 -1.750850 11.186820
v -2.234151 -1.975402 11.172704
v -3.334360 -1.277509 10.224421
v -3.037261 -1.516605 10.433213
v -2.795672 -1.743509 10.645017
v -4.552506 -3.097506 9.200908
v -4.550071 -2.748196 9.209448
v -3.329175 -2.012293 10.348717
v -3.093993 -2.223282 10.590270
v -3.618281 -1.805250 10.096955
v -2.960178 -1.988163 10.625874
v -3.198368 -1.766534 10.399461
v -3.492301 -1.540040 10.167829
v -1.789899 -6.451800 11.515565
v -0.714787 -7.001358 11.913383
v -0.926996 4.403956 10.397889
v -6.353962 -1.499765 6.831242
v -5.702538 -1.570312 7.943184
v -6.314945 1.382510 7.366457
v -6.387992 1.973509 7.058485
v -6.395014 2.767299 6.791007
v -6.341124 3.448091 6.754726
v -6.311776 3.654398 6.794948
v -6.277727 3.855131 6.853738
v -6.196265 4.247115 7.028304
v -6.079921 4.629370 7.285630
v -6.000659 4.813146 7.442266
v -5.909264 4.989986 7.615007
v -5.806004 5.151743 7.795783
v -5.686416 5.302233 7.984855
v -5.235829 5.678650 8.571568
v -5.051856 5.781466 8.769760
v -1.636313 6.565580 10.602843
v -4.426612 5.998299 9.308928
v -3.840311 -6.319931 9.207970
v -0.521736 6.388955 10.760787
v -3.183334 6.131327 10.096745
v -2.936185 6.138795 10.227376
v -6.986048 -0.854689 3.870292
v -6.870611 -0.965013 5.230179
v -6.940241 -0.931187 4.752617
v -2.001198 -6.215060 11.419994
v -1.812098 -5.979215 11.524851
v -0.489973 -5.585958 11.972507
v -0.533918 -5.921662 11.851493
v -0.992243 -5.898030 11.769886
v -0.952871 -5.592285 11.891332
v -1.629900 -5.713907 11.650708
v -1.818086 -5.497547 11.662273
v -0.651726 -6.634414 11.919020
v -1.615564 -6.199312 11.576445
v -0.592800 -6.281692 11.882442
v -1.441628 -5.919760 11.652744
v -2.762173 -4.098401 11.258755
v -2.570847 -4.061129 11.431726
v -2.402026 -4.011006 11.561293
v -1.751540 -0.545528 10.461557
v -2.080686 -1.273084 10.748347
v -2.221371 -1.508502 10.847659
v -2.411676 -1.731204 10.884370
v -2.602305 -1.957020 10.880997
v -2.774979 -2.196256 10.854942
v -2.907860 -2.414589 10.822549
v -3.012618 -2.610844 10.785199
v -3.211973 -3.117799 10.694449
v -3.251923 -3.298822 10.687465
v -3.273769 -3.495199 10.701805
v -3.092891 -4.480719 10.907338
v -2.979299 -4.803785 10.964835
v -2.853283 -5.152247 11.016129
v -2.709160 -5.501598 11.061871
v -2.550346 -5.838335 11.118028
v -4.996856 8.343263 7.885521
v -4.791393 7.805812 8.354452
v -4.670175 7.542665 8.576909
v -4.539510 7.285225 8.790681
v -4.136590 6.536713 9.341157
v -3.938507 6.075903 9.653250
v -3.863316 5.855800 9.802121
v -3.792524 5.639236 9.942141
v -3.712507 5.411323 10.062926
v -3.623797 5.177664 10.145802
v -3.530275 4.952496 10.178528
v -3.441524 4.759967 10.141141
v -5.679457 7.964953 7.139055
v -5.473840 7.493026 7.657393
v -5.358624 7.262962 7.902411
v -5.234189 7.034349 8.144029
v -4.846726 6.368934 8.781425
v -4.647468 5.940519 9.135879
v -4.567712 5.730614 9.309517
v -4.493412 5.517183 9.482270
v -4.410647 5.295880 9.641974
v -4.302967 5.059399 9.764822
v -4.178817 4.830985 9.844523
v -4.062590 4.633283 9.864163
v -2.377711 -6.160463 11.193297
v -2.411306 -3.314233 11.428096
v -2.542046 -3.201505 11.318332
v -2.718760 -3.074573 11.169843
v -2.910003 -2.932540 10.976558
v -3.093286 -2.785664 10.750951
v -3.282887 -2.633621 10.508772
v -3.515290 -2.481246 10.250982
v -3.798629 -2.338758 9.972206
v -4.134248 -2.201824 9.664567
v -4.494091 -2.057280 9.306657
v -4.530014 -2.400089 9.245843
v -4.184537 -2.504974 9.613447
v -3.857539 -2.604833 9.934275
v -3.579944 -2.709529 10.217561
v -3.354342 -2.826216 10.472875
v -3.158044 -2.951618 10.719444
v -2.971721 -3.075717 10.945599
v -2.772655 -3.197178 11.138006
v -2.585926 -3.305967 11.282154
v -2.445732 -3.401613 11.387526
v -1.760163 2.909785 9.430705
v -1.627040 3.137372 9.375334
v -1.285168 4.150455 9.852414
v -2.501002 4.657299 10.209002
v -2.718799 4.643621 10.159473
v -3.385724 4.615004 10.059039
v -3.797569 4.543208 9.937037
v -3.991893 4.486571 9.843837
v -4.356727 4.325850 9.596593
v -4.526138 4.236258 9.446095
v -4.944082 3.964443 8.933904
v -5.061394 3.888723 8.768848
v -5.146483 3.824767 8.640203
v -5.213640 3.766655 8.531553
v -5.254084 3.712785 8.454501
v -5.260503 3.576011 8.356585
v -5.206545 3.415862 8.292904
v -5.159406 3.328545 8.274772
v -5.103212 3.242890 8.269690
v -5.081399 3.726639 8.639408
v -4.502849 3.060843 8.891497
v -4.371962 2.987458 9.015516
v -4.195466 2.926472 9.148481
v -3.672508 2.856193 9.417735
v -4.353927 3.148939 8.978765
v -4.215849 3.097260 9.094251
v -4.482260 4.127655 9.389653
v -4.436939 4.018314 9.327150
v -4.325161 4.227272 9.535266
v -3.771937 4.470778 9.834975
v -3.770048 4.427527 9.734559
v -4.302342 4.141245 9.455538
v -4.816770 3.749253 8.862987
v -4.878351 3.855969 8.905179
v -4.993556 3.773525 8.753736
v -4.932444 3.671074 8.722160
v -4.674444 3.221339 8.689353
v -4.764136 3.332745 8.660621
v -4.881599 3.553133 8.677565
v -4.346570 3.670003 9.293246
v -4.210554 3.750299 9.438860
v -3.682236 3.954041 9.707484
v -3.657068 3.697019 9.742907
v -4.173542 3.538334 9.449617
v -4.138328 3.319642 9.447646
v -4.302179 3.481645 9.307193
v -4.268363 3.289221 9.317331
v -4.604632 3.235459 8.678375
v -4.487860 3.143061 8.832920
v -4.421737 3.154740 8.785761
v -4.500439 3.297347 8.652675
v -4.270131 3.194158 8.950329
v -2.421343 3.023356 9.504102
v -2.407214 2.946111 9.505655
v -2.562571 2.903958 9.530746
v -2.565732 2.986244 9.539248
v -2.898573 2.981563 9.523619
v -2.903486 2.941509 9.555584
v -3.108851 2.936311 9.534347
v -3.078229 2.982857 9.493904
v -3.557587 2.969659 9.428029
v -3.544666 3.011589 9.381591
v -3.311435 2.989902 9.446307
v -3.342332 2.945149 9.492789
v -2.922400 2.846105 9.542242
v -3.151711 2.830354 9.523584
v -3.409025 2.834213 9.481271
v -3.988107 3.089303 9.178267
v -4.034542 3.052691 9.210902
v -4.151839 3.141420 9.058572
v -2.317605 3.109581 9.402251
v -2.441488 3.065025 9.458990
v -2.578833 3.027907 9.496140
v -2.157086 3.050197 9.419356
v -2.288227 3.065482 9.454738
v -2.175337 3.108944 9.388415
v -1.831324 3.141450 9.286004
v -1.745852 3.202583 9.231396
v -2.216035 3.147111 9.336533
v -1.916066 3.154599 9.268226
v -1.906132 3.186499 9.209724
v -1.825649 3.176094 9.228687
v -1.910008 3.244425 9.123312
v -1.858099 3.173307 9.224524
v -1.859072 3.226298 9.141125
v -4.025105 3.060184 9.286209
v -4.085818 3.055033 9.389840
v -4.208790 3.063652 9.266129
v -3.558368 3.050193 9.643000
v -3.521451 3.035297 9.545102
v -3.572952 3.179824 9.685902
v -2.360251 3.201460 9.496161
v -2.540565 3.181407 9.575346
v -4.108174 3.148275 9.429601
v -4.238854 3.143611 9.303404
v -4.149712 3.057334 9.198188
v -2.380039 3.180832 9.436319
v -2.548482 3.151378 9.510928
v -2.247322 3.234491 9.356902
v -2.219852 3.241546 9.425037
v -1.759352 3.218270 9.192908
v -1.794829 3.245207 9.141318
v -1.815430 3.258823 9.121166
v -1.858722 3.249365 9.118271
v -1.914096 3.272585 9.101015
v -1.795140 3.266317 9.129069
v -1.755177 3.258045 9.181919
v -1.783473 3.287143 9.180580
v -1.836343 3.300253 9.174742
v -1.806597 3.286527 9.257084
v -1.759420 3.285249 9.234159
v -1.728618 3.255501 9.212058
v -1.825024 3.300092 9.111264
v -1.813129 3.271205 9.117643
v -3.618186 3.409898 9.738165
v -2.415524 3.737196 9.636129
v -2.387305 3.500626 9.628285
v -2.581599 3.498326 9.695342
v -2.617368 3.758059 9.706436
v -2.210280 3.506440 9.550404
v -2.215773 3.693676 9.561684
v -2.655605 4.024134 9.697074
v -2.444432 3.975110 9.636915
v -2.221426 3.880809 9.571740
v -2.046596 3.654058 9.506960
v -2.058479 3.510895 9.491880
v -2.064689 3.372291 9.431867
v -2.027857 3.790867 9.528379
v -2.139711 4.187793 9.693499
v -2.712778 4.430315 9.818127
v -2.424919 4.384399 9.795893
v -2.700302 4.535754 9.981880
v -2.201743 3.350514 9.490104
v -2.373030 3.317507 9.564385
v -2.555058 3.291201 9.635390
v -1.881458 3.335265 9.088148
v -1.897821 3.329921 9.076775
v -2.005693 3.270177 9.210683
v -2.104229 3.240866 9.283822
v -1.838259 3.296798 9.095231
v -1.509925 4.044963 9.691799
v -2.729742 2.870645 9.547976
v -2.723296 2.958320 9.558067
v -2.728505 3.001120 9.519973
v -1.968549 3.280310 9.292777
v -1.875050 3.139778 9.281459
v -2.003949 3.190277 9.228720
v -1.936969 3.348630 9.373016
v -1.916382 3.453520 9.437016
v -1.889781 3.577046 9.451789
v -1.849495 3.683719 9.476835
v -1.682132 3.910810 9.590075
v -1.831427 3.222479 9.153617
v -1.835920 3.238318 9.134826
v -1.907828 3.314997 9.078046
v -1.847271 3.284625 9.096445
v -3.363081 4.542241 9.929347
v -3.368387 4.492447 9.815676
v -3.257851 4.034771 9.788943
v -3.225307 3.751120 9.825681
v -3.187679 3.446045 9.810699
v -3.146454 3.218516 9.747836
v -3.104631 3.094886 9.712361
v -3.084740 3.072949 9.629866
v -3.963187 4.405522 9.758843
v -3.961387 4.352973 9.663261
v -3.883929 3.896931 9.642490
v -3.859872 3.650886 9.668751
v -3.826046 3.384692 9.665440
v -3.783638 3.177959 9.622216
v -3.757452 3.049191 9.571548
v -3.707409 3.048757 9.475168
v -4.402831 3.868361 9.289446
v -4.263128 3.980871 9.434210
v -3.921800 4.164444 9.635915
v -3.726193 4.237606 9.702337
v -3.325014 4.305372 9.774692
v -2.693353 4.232949 9.725761
v -2.450890 4.163715 9.680306
v -2.195520 4.025094 9.612993
v -1.984508 3.911260 9.567904
v -1.788441 3.789040 9.515761
v -4.758010 3.611509 8.814510
v -4.645514 3.350488 8.819668
v -4.610058 3.244538 8.846317
v -4.557404 3.173482 8.850181
v -4.689312 3.477642 8.803653
v -4.814358 3.432748 8.660542
v -4.725128 3.254047 8.677249
v -2.026881 3.224704 9.175694
v -4.763216 3.237097 8.594200
v -4.701419 3.214269 8.614908
v -6.987960 4.790178 4.868346
v -6.882435 4.683609 5.199308
v -6.776305 4.579011 5.514975
v -6.461832 4.272115 6.384708
v -6.242113 4.052565 6.930718
v -6.115585 3.934476 7.195014
v -5.971420 3.814584 7.453447
v -5.805090 3.701311 7.708822
v -5.630937 3.611973 7.928628
v -5.476320 3.551529 8.096184
v -5.350866 3.519170 8.221569
v -5.238587 3.496545 8.321519
v -4.815918 3.274050 8.571732
v -4.867519 3.349037 8.558900
v -5.033705 3.630520 8.611566
v -6.864134 5.361719 5.193753
v -6.757153 5.229602 5.503904
v -6.648192 5.101172 5.800048
v -6.340867 4.716307 6.627941
v -6.143187 4.439620 7.146879
v -6.035611 4.289965 7.393379
v -5.916989 4.134731 7.630153
v -5.775606 3.981331 7.859520
v -5.617854 3.853254 8.059188
v -5.475972 3.755449 8.210032
v -5.359926 3.692443 8.319077
v -5.267061 3.648720 8.399113
v -4.987258 3.534774 8.579021
v -4.927914 3.436186 8.561303
v -2.449713 -3.881979 11.505497
v -2.615809 -3.891770 11.366412
v -2.812798 -3.896116 11.188711
v -6.065400 -4.550340 4.479608
v -6.067631 -4.549204 5.350818
v -6.004711 -4.535513 5.791928
v -5.904199 -4.512041 6.233842
v -5.619600 -4.444631 7.116116
v -5.224646 -4.355856 7.969487
v -4.447709 -4.199716 9.295121
v -4.180695 -4.141298 9.689967
v -3.244373 -3.937445 10.778541
v -3.024957 -3.913016 10.992914
v -2.968331 -4.140784 11.056293
v -5.712918 -5.085165 4.564336
v -5.756177 -5.075436 5.413332
v -5.713599 -5.053230 5.846384
v -5.638462 -5.021629 6.281718
v -5.401475 -4.930563 7.165219
v -5.059867 -4.809201 8.028236
v -4.351191 -4.583757 9.359898
v -4.097847 -4.500252 9.752660
v -4.839024 -5.859182 7.238034
v -4.271566 -5.481365 9.071130
v -4.749465 -5.789997 7.688805
v -3.382813 -5.010242 10.498034
v -3.596668 -5.117788 10.222350
v -3.823600 -5.236992 9.891908
v -4.452556 -5.073466 8.999481
v -5.020171 -5.339157 7.646789
v -3.511518 -4.656314 10.439970
v -3.734377 -4.757444 10.158461
v -3.974226 -4.864391 9.822599
v -2.187255 -6.442982 11.294271
v -1.974981 -6.702245 11.418125
v -0.777871 -7.371420 11.831508
v -5.353266 -5.560156 5.061564
v -5.229401 -5.545318 4.288558
v -4.903213 -5.974013 5.152179
v -4.780304 -5.970301 4.415832
v -4.429161 -6.218827 7.711220
v -4.476989 -6.277847 7.257191
v -4.431934 -6.347232 5.242091
v -4.324615 -6.379043 4.531350
v -4.070822 -6.653388 7.275721
v -4.061504 -6.616299 7.729968
v -3.962157 -6.696653 5.326656
v -3.881073 -6.777673 4.638907
v -3.629002 -6.974196 7.297643
v -3.648661 -6.962323 7.748715
v -3.499384 -7.030477 5.409958
v -3.455505 -7.167289 4.750059
v -2.559719 -6.347267 11.016056
v -2.362666 -6.658340 11.129441
v -2.138191 -6.946506 11.254015
v -0.819016 -7.724512 11.654111
v -2.741774 -6.522270 10.806695
v -2.521774 -6.865666 10.916191
v -2.272437 -7.181057 11.028311
v -0.840880 -8.029437 11.365785
v -2.376746 -7.392284 10.729628
v -0.846623 -8.236126 10.969703
v -3.234960 -7.103404 9.325342
v -3.056377 -6.854784 10.200784
v -2.912866 -6.692592 10.536698
v -3.184975 -7.228801 7.325300
v -3.224894 -7.235942 7.780541
v -2.664718 -7.056399 10.632486
v -2.771411 -7.223588 10.274405
v -2.866680 -7.432593 9.368377
v -2.759622 -7.435547 7.374517
v -2.807800 -7.460171 7.820718
v -2.068153 -7.934237 9.419031
v -1.975359 -7.831954 7.903655
v -0.783450 -8.169452 7.980864
v -1.934177 -7.798109 7.474991
v -2.473485 -7.709488 9.396279
v -2.388445 -7.657177 7.859385
v -2.341919 -7.627368 7.427830
v -6.504047 -2.768275 3.268697
v -5.147239 -5.533321 3.932097
v -5.546865 -5.059793 3.783656
v -5.892635 -4.529613 3.647729
v -6.362259 -3.365340 3.409458
v -3.471697 -7.088639 5.075708
v -3.919619 -6.728517 4.978948
v -4.378237 -6.360268 4.880281
v -4.848055 -5.972662 4.777019
v -4.714565 -5.975076 4.070132
v -4.280681 -6.408279 4.193190
v -3.858909 -6.838341 4.309697
v -3.457706 -7.265732 4.433180
v -4.943358 -5.962779 5.941467
v -4.497890 -6.339679 6.003147
v -4.033217 -6.672197 6.058206
v -3.556713 -6.968030 6.107955
v -1.894470 -7.790123 7.074496
v -2.295818 -7.619654 7.024045
v -2.715151 -7.428512 6.967255
v -3.151186 -7.215796 6.920740
v -3.602530 -6.971201 6.877389
v -4.062610 -6.668343 6.845288
v -4.500583 -6.313257 6.818913
v -4.899936 -5.910217 6.793570
v -5.244032 -5.462237 6.760562
v -1.537605 -7.936564 7.514393
v -1.572262 -7.979654 7.942940
v -1.654109 -8.112852 9.438674
v -7.237072 2.575360 4.386764
v -7.166095 2.550506 4.784608
v -7.078837 2.531049 5.174898
v -6.732708 2.506065 6.205913
v -6.403748 2.515857 6.854026
v -6.193981 2.528560 7.175248
v -5.952922 2.546861 7.486103
v -5.671411 2.574317 7.786073
v -5.398993 2.624070 8.018357
v -3.965774 2.889207 9.291626
v -3.813240 3.009996 9.330225
v -3.779247 3.049848 9.287135
v -7.240901 2.219462 4.378997
v -7.178668 2.204099 4.789118
v -7.095695 2.194620 5.190075
v -6.741633 2.206109 6.272002
v -6.402450 2.251148 6.943770
v -6.183559 2.285724 7.274792
v -5.925013 2.329391 7.593677
v -5.629272 2.380795 7.894158
v -0.823854 -8.352769 9.475740
v -0.747642 -8.114317 7.162627
v -1.505449 -7.929624 7.116373
v -0.371721 -8.160465 7.169409
v -0.382138 -8.165856 7.557829
v -0.391789 -8.220825 7.991728
v -0.412260 -8.413387 9.474152
v -0.418694 -8.390088 10.507850
v -0.420989 -8.285797 10.984738
v -0.421005 -8.080540 11.390081
v -0.415986 -7.777221 11.687956
v -0.398209 -7.422675 11.869715
v -0.366428 -7.048285 11.956023
v -0.336233 -6.670057 11.966329
v -0.308236 -6.298812 11.925874
v -0.276696 -5.917594 11.881890
v -0.253889 -5.584960 11.990808
v -1.725578 3.185197 9.281608
v -1.703905 3.251346 9.254375
v -1.728553 3.292753 9.275631
v -1.379220 3.638559 9.473527
v -1.216245 3.705841 9.596569
v -1.688559 3.304818 9.317753
v -1.669182 3.249906 9.298172
v -1.685567 3.165407 9.326573
v -1.726451 3.346298 9.352865
v -1.772149 3.310260 9.314828
v -1.671946 3.396612 9.366693
v -1.603599 3.464009 9.379701
v -1.510966 3.553916 9.405520
v -1.532612 3.243469 9.382171
v -1.539024 3.362802 9.363860
v -1.042971 3.762699 9.788579
v -1.856734 3.058551 9.361013
v -1.811611 2.980667 9.402130
v -5.095573 -0.880138 8.823885
v -4.903927 -0.542963 9.064898
v -4.680655 -0.247218 9.261578
v -4.428564 0.020606 9.418336
v -4.165818 0.259831 9.532310
v -3.891489 0.470807 9.610172
v -1.866924 2.807424 9.438008
v -1.819267 2.728506 9.474642
v -4.978237 3.243226 8.377763
v -4.862486 3.241240 8.484686
v -5.156236 3.693280 8.544241
v -4.922601 3.296705 8.470818
v -4.979629 3.364386 8.467883
v -5.036559 3.449126 8.478786
v -5.083602 3.539143 8.501433
v -5.119072 3.617657 8.529376
v -5.200424 3.675471 8.485681
v -5.037882 3.313673 8.373168
v -5.092422 3.396014 8.383356
v -5.136885 3.474815 8.403454
v -5.169267 3.552425 8.432377
v -5.189203 3.624406 8.463082
v -1.441257 3.405402 9.398936
v -1.309522 3.443552 9.473619
v -1.432341 3.241087 9.437694
v -1.306012 3.243524 9.516576
v -0.527463 3.869672 10.511587
v -0.725714 3.828303 10.286551
v -0.504907 3.667788 10.555444
v -0.000015 4.327725 10.772449
v -4.672532 -5.172043 8.541013
v -4.841777 -4.737459 8.477272
v -4.978580 -4.305852 8.417010
v -5.156651 -3.444839 8.338727
v -5.204230 -3.022173 8.327190
v -5.240509 -2.599734 8.336850
v -5.266312 -2.173001 8.377350
v -5.277359 -1.730015 8.451194
v -5.245637 -1.271869 8.581469
v -2.856091 1.139763 9.757140
v -2.621788 1.288075 9.781643
v -2.399506 1.437725 9.811591
v -2.187390 1.590691 9.844594
v -1.987572 1.750745 9.888651
v -1.064101 1.485688 11.152631
v -0.687697 1.883444 11.581892
v -0.199656 2.088830 11.879885
v -0.382893 2.048512 11.810699
v -1.304371 1.150316 10.870827
v -1.184212 1.323751 11.009645
v -1.517062 1.131612 10.570978
v -1.646392 0.932292 10.460867
v -1.424834 0.962886 10.738244
v -1.538241 0.765645 10.609955
v -1.742157 0.320408 10.384041
v -1.644405 0.553382 10.490016
v -0.000000 -8.183764 7.557790
v 0.000000 -8.240622 7.988664
v 0.000000 -7.790226 11.695436
v 0.000000 -7.439999 11.884170
v 0.000000 -7.063932 11.970698
v 0.000000 -8.300236 10.990542
v -0.000000 -8.090322 11.396592
v -0.000000 -8.440843 9.475365
v -0.000000 -6.683414 11.983669
v -0.000000 -8.408199 10.512332
v 0.000000 -8.178853 7.163953
v 0.000000 3.541558 10.857430
v -0.000030 6.352030 10.786216
v -0.000004 8.192140 10.162362
v -0.000018 7.196247 10.488357
v -0.000009 7.845307 10.268635
v -0.000002 8.555948 10.047113
v -0.000002 3.920970 10.738813
v -0.000000 3.732648 10.775176
v 0.000001 2.107311 11.912460
v -4.336692 3.144030 8.917050
v -4.391580 3.104876 8.975602
v -4.453842 3.154429 9.005363
v -4.510242 3.260308 9.011583
v -4.539585 3.395152 8.984521
v -4.579671 3.537001 8.959279
v -4.642407 3.684496 8.965695
v -4.690228 3.823652 9.019801
v -4.749967 3.937310 9.067194
v -4.815121 4.052929 9.109150
v -4.896376 4.198389 9.111367
v -5.020378 4.371739 9.067956
v -5.165257 4.581187 8.971966
v -5.299989 4.809815 8.812324
v -5.397505 5.031445 8.611308
v -5.475869 5.242340 8.394837
v -5.551568 5.439879 8.179432
v -5.735583 5.827778 7.743705
v -6.055858 6.392064 7.032235
v -6.165761 6.586696 6.777961
v -6.273651 6.783151 6.516925
v -6.471869 7.185286 5.960929
v -5.853669 7.838885 6.912626
v -5.652574 7.379834 7.438108
v -5.541348 7.156791 7.683725
v -5.423403 6.933681 7.923742
v -5.057295 6.287162 8.580736
v -4.854095 5.867020 8.957568
v -4.771478 5.660282 9.143818
v -4.694803 5.448261 9.328907
v -4.607733 5.224083 9.499234
v -4.495927 4.985888 9.630398
v -4.366335 4.756675 9.715684
v -4.250661 4.562529 9.742870
v -4.177332 4.412542 9.732182
v -4.150296 4.320910 9.662069
v -4.140785 4.252957 9.570802
v -4.103524 4.077967 9.548987
v -4.064528 3.829340 9.555344
v -4.031916 3.594579 9.568778
v -3.997943 3.352629 9.564141
v -3.960703 3.165404 9.532057
v -3.936192 3.049836 9.485094
v -3.887054 3.052608 9.391046
v -4.730965 8.448518 8.130557
v -4.528243 7.888220 8.576715
v -4.408846 7.615850 8.785381
v -4.280598 7.347282 8.988013
v -3.880635 6.571954 9.511526
v -3.683363 6.100017 9.812594
v -3.609826 5.876941 9.955709
v -3.540847 5.657273 10.085865
v -3.465829 5.426842 10.191578
v -3.382792 5.190401 10.255208
v -3.294581 4.969965 10.265634
v -3.212574 4.778929 10.205082
v -3.159430 4.632357 10.095119
v -3.141867 4.550707 9.955829
v -3.157676 4.488159 9.830914
v -3.130257 4.316967 9.775896
v -3.058354 4.049279 9.781570
v -3.021491 3.761604 9.811404
v -2.983572 3.467487 9.796936
v -2.944117 3.243417 9.732846
v -2.913646 3.118690 9.681575
v -2.912493 3.091479 9.607603
v -2.029336 4.728428 10.414721
v -7.200820 1.104515 4.438230
v -6.693283 1.216579 6.568716
v -7.063879 1.113863 5.319503
v -7.146468 1.104805 4.881823
v -7.036823 -0.437153 3.806648
v -6.998499 -0.497056 4.676861
v -6.842956 -0.531770 5.632706
v -6.934719 -0.519540 5.151092
v -2.004050 2.699219 9.448455
v -1.965932 2.611674 9.475517
v -2.297742 2.285026 9.505028
v -2.189337 2.018958 9.627282
v -2.097631 1.887517 9.745587
v -2.341248 2.514861 9.457120
v -2.323018 2.406629 9.474198
v -2.546661 2.533386 9.449208
v -2.554493 2.633765 9.464314
v -2.516225 2.179344 9.495722
v -2.410771 1.891309 9.609372
v -2.309000 1.743847 9.713151
v -2.542125 2.427056 9.452028
v -2.532034 2.309415 9.469448
v -2.760202 2.464323 9.434468
v -2.759444 2.572889 9.456445
v -2.751300 2.078787 9.480563
v -2.643942 1.770687 9.590746
v -2.531659 1.608553 9.688822
v -2.758945 2.346177 9.433437
v -2.760391 2.218727 9.452514
v -3.007510 2.399562 9.405506
v -2.997653 2.521080 9.434263
v -3.013008 1.984959 9.455701
v -2.889536 1.653207 9.564168
v -2.766781 1.476810 9.660249
v -3.016415 2.270195 9.401443
v -3.020141 2.132472 9.422001
v -3.309672 2.343227 9.346163
v -3.281783 2.477636 9.385922
v -3.306269 1.892548 9.413514
v -3.147897 1.538853 9.529121
v -3.013498 1.344926 9.629804
v -3.320861 2.199247 9.342527
v -3.325391 2.048383 9.370879
v -3.615586 2.455384 9.299854
v -2.375429 2.701120 9.458972
v -2.358615 2.611363 9.451246
v -2.561069 2.728025 9.489125
v -2.759602 2.677748 9.489384
v -2.982099 2.635241 9.476309
v -3.250585 2.604776 9.442595
v -2.563069 2.816806 9.513779
v -2.751405 2.776064 9.522945
v -2.961687 2.743576 9.513515
v -3.205493 2.722167 9.491424
v -2.396823 2.867382 9.494338
v -2.389867 2.786535 9.477784
v -3.559695 2.593115 9.378616
v -3.488538 2.718106 9.441773
v -3.978099 2.457394 9.152989
v -3.896958 2.608270 9.254086
v -3.794843 2.737851 9.356312
v -4.333667 2.499993 8.961869
v -4.220641 2.645281 9.072951
v -4.099651 2.773886 9.193663
v -4.568996 2.593021 8.804103
v -4.445656 2.711703 8.920410
v -4.332626 2.821398 9.039073
v -4.728839 2.704695 8.652110
v -4.606203 2.806178 8.778961
v -4.489056 2.903812 8.911542
v -4.834897 2.833381 8.518232
v -4.716663 2.905381 8.645469
v -4.607879 2.984737 8.779114
v -5.542302 3.107690 7.849390
v -5.189254 3.135149 8.163389
v -5.043853 3.151684 8.286769
v -5.353249 3.115249 8.022789
v -4.911614 3.168011 8.398330
v -4.800014 3.185993 8.511713
v -3.661095 2.300168 9.247345
v -3.673364 2.136411 9.251645
v -3.657820 1.971148 9.294954
v -3.617072 1.800672 9.354809
v -3.422881 1.423165 9.494155
v -3.272532 1.208795 9.594628
v -3.099725 0.986750 9.729566
v -2.686171 0.529983 10.028966
v -2.447206 0.285641 10.137177
v -2.221685 0.038827 10.213641
v -2.023487 -0.211335 10.260083
v -1.889432 -0.472724 10.341311
v -1.757524 -0.702138 10.456553
v -1.491597 -0.990702 10.730566
v -1.213032 -1.079977 10.952048
v -1.079514 -1.090893 11.054020
v -0.958769 -1.090802 11.148249
v -0.844487 -1.089819 11.237251
v -0.477549 -1.098614 11.453813
v -0.232195 -1.142277 11.548771
v -0.115774 -1.153472 11.568182
v 0.000000 -1.156505 11.569301
v -4.316503 1.011982 9.321815
v -4.120801 0.742091 9.456429
v -4.595095 1.508062 9.061397
v -4.685239 1.732948 8.921651
v -4.772328 1.947025 8.770733
v -4.630336 0.830980 9.206924
v -4.415223 0.543229 9.358927
v -4.936632 1.376091 8.908505
v -5.036319 1.619733 8.745022
v -4.053019 2.279882 9.096305
v -4.042875 2.087991 9.126553
v -4.004108 1.900180 9.195036
v -3.941780 1.711009 9.277895
v -3.713146 1.305823 9.450906
v -3.545396 1.068872 9.560420
v -3.355155 0.827213 9.699154
v -2.903227 0.344013 10.020131
v -2.647634 0.089971 10.138212
v -2.407304 -0.165996 10.225116
v -2.184126 -0.420542 10.282566
v -1.999726 -0.659923 10.384126
v -1.839663 -0.869455 10.527546
v -1.536921 -1.130228 10.842433
v -1.232794 -1.219726 11.081333
v -1.091625 -1.226767 11.180849
v -0.964520 -1.221378 11.270570
v -0.843795 -1.216268 11.350270
v -0.478405 -1.227033 11.547167
v -0.237474 -1.240599 11.609139
v -0.118922 -1.242444 11.616570
v 0.000000 -1.241366 11.614367
v -5.767395 3.122271 7.612187
v -5.993619 3.153826 7.327069
v -6.191895 3.191871 7.033430
v -6.362786 3.231969 6.741633
v -6.643660 3.319043 6.154334
v -6.981007 3.463108 5.211303
v -7.082968 3.518834 4.855434
v -7.176911 3.578146 4.485986
v -5.239756 2.842599 8.117699
v -5.168373 2.684908 8.205403
v -5.192828 2.064833 8.414624
v -5.527820 1.968446 8.179983
v -5.844510 1.868428 7.886810
v -6.122897 1.770208 7.555497
v -6.362580 1.685470 7.199219
v -6.723705 1.561827 6.447210
v -7.090513 1.488387 5.262668
v -7.175243 1.483732 4.837317
v -7.227427 1.485545 4.403081
v -4.864555 2.168955 8.629074
v -4.940014 0.623961 9.038914
v -4.702149 0.317169 9.217611
v -5.278553 1.220868 8.708531
v -5.388113 1.493266 8.538481
v -5.235442 0.393719 8.816222
v -4.978451 0.063883 9.024936
v -5.602473 1.047712 8.442591
v -5.712485 1.346951 8.259595
v -5.516109 0.147604 8.530887
v -5.238272 -0.215889 8.779002
v -5.891002 0.866763 8.112338
v -5.998236 1.194696 7.920822
v -5.783931 -0.111435 8.172862
v -6.146842 0.697509 7.729011
v -6.246393 1.054529 7.540893
v -6.910098 -0.094667 5.546916
v -6.970201 0.324460 5.462069
v -7.021724 0.726546 5.385066
v -6.995590 -0.092428 5.073860
v -7.051275 0.320483 4.999974
v -7.103085 0.719202 4.934776
v -7.053485 -0.078388 4.605287
v -7.106822 0.326389 4.538315
v -7.157321 0.720707 4.483680
v -7.347167 3.008029 3.596083
v -7.333280 2.642048 3.543109
v -7.337644 3.700339 3.725476
v -7.279335 4.357378 3.904874
v -7.312110 4.032096 3.803177
v -7.237676 4.679259 4.029798
v -7.001308 5.922092 4.750366
v -7.073303 5.622198 4.538255
v -6.919238 6.209958 4.979609
v -6.826235 6.481652 5.219816
v -6.718735 6.734466 5.463888
v -7.136763 5.312865 4.345833
v -7.191779 4.997830 4.176010
v -7.311933 2.262149 3.511676
v -7.284027 1.874918 3.522328
v -7.253675 1.493997 3.553464
v -7.220415 1.114161 3.596668
v -7.083957 -0.036994 3.750706
v -7.129128 0.351879 3.699583
v -7.175152 0.732730 3.646805
v -4.984926 2.354021 8.473526
v -4.888416 2.607449 8.506219
v -4.986931 2.759053 8.370943
v -5.065847 2.901617 8.272161
v -6.770379 -0.987071 5.717926
v -7.000063 -0.334906 3.045556
v -1.064983 9.364365 9.648588
v -1.018579 8.632922 9.956958
v -0.987661 8.274292 10.080648
v -0.953503 7.930823 10.194926
v -0.880135 7.286334 10.426965
v -0.776051 6.429506 10.743384
v -1.042658 6.474139 10.713289
v -1.186360 7.333480 10.380265
v -1.281474 7.973064 10.141109
v -1.327042 8.314870 10.022407
v -1.365914 8.671110 9.894388
v -1.424686 9.394042 9.573883
v -1.597297 4.414081 10.043661
v -1.890311 4.321155 9.838448
v -1.763159 4.516881 10.159939
v -1.645325 -0.728075 10.586917
v -1.624879 -0.880141 10.602032
v -1.691269 -1.030862 10.695058
v -1.377048 -0.906312 10.809266
v -1.345080 -1.054396 10.850952
v -1.380937 -1.187206 10.967299
v -7.050218 0.031134 2.999657
v -7.098461 0.393326 2.951759
v -7.143600 0.755293 2.893774
v -7.183832 1.114660 2.826867
v -7.225785 1.477953 2.741764
v -7.276074 1.861468 2.632420
v -7.344890 2.322164 2.472843
v -7.404056 2.765134 2.633036
v -7.442570 3.139649 2.751363
v -7.475142 3.833254 2.941917
v -7.466869 4.174976 3.039045
v -7.125587 6.520133 4.312015
v -7.028362 6.824094 4.567299
v -6.791693 7.370729 5.093816
v -6.917575 7.108432 4.828684
v -6.655706 7.606026 5.355106
v -6.355954 8.004961 5.860646
v -6.194921 8.167277 6.101795
v -5.643125 8.610623 6.823431
v -5.853103 8.453588 6.568986
v -5.142994 8.905717 7.362209
v -4.871370 9.031463 7.626766
v -4.306147 9.235232 8.127301
v -4.000362 9.312128 8.370542
v -3.318875 9.417556 8.832490
v -6.030022 8.314191 6.335764
v -7.448829 4.514552 3.152770
v -7.422583 4.855538 3.288706
v -7.208377 6.201769 4.066230
v -7.278475 5.873257 3.838725
v -7.337805 5.536544 3.632345
v -7.385683 5.196464 3.448340
v -0.719920 2.113618 11.359707
v -0.853451 1.980563 11.215819
v -1.744314 1.455316 10.219347
v -1.624931 1.297929 10.396282
v -0.492005 3.245742 10.795033
v 0.000000 3.339895 10.981300
v -0.844185 2.756037 10.609027
v -2.945467 9.444223 9.039484
v -2.844402 8.761098 9.428020
v -2.775212 8.423624 9.584852
v -2.694426 8.094747 9.727436
v -2.516671 7.471423 10.000345
v -2.257016 6.620940 10.397985
v -0.888128 2.985554 10.281605
v -0.836903 3.299793 10.145731
v -0.839814 3.559144 10.063967
v -1.051762 3.018381 9.929217
v -0.992019 3.271153 9.868433
v -0.989868 3.521281 9.812051
v -0.886360 3.797616 10.031689
v -1.065444 4.194853 10.092322
v -1.876214 4.937099 10.640141
v -1.954906 5.071923 10.698351
v -1.471311 3.082888 9.481959
v -1.349016 3.056140 9.558319
v -1.204484 3.037948 9.699865
v -1.152041 3.253606 9.654458
v -1.151611 3.482450 9.608809
v -2.273934 2.996787 9.466367
v -2.257743 2.926153 9.463305
v -2.239120 2.853874 9.455370
v -2.217284 2.774606 9.447346
v -2.190153 2.693313 9.446214
v -2.164207 2.606601 9.455843
v -2.137399 2.507777 9.477025
v -2.101353 2.395013 9.507710
v -1.982269 2.153098 9.644747
v -1.894919 2.039754 9.781539
v -1.795606 1.919095 9.940860
v -1.578652 1.639795 10.301071
v -1.477392 1.485368 10.493214
v -1.382836 1.320514 10.684532
v -1.251027 1.499820 10.807447
v -1.119703 1.670477 10.938076
v -0.402373 2.309934 11.612205
v -0.209158 2.356217 11.685737
v 0.000000 2.373451 11.718519
v -2.039255 2.781785 9.433463
v -2.073918 2.857594 9.427900
v -2.109168 2.925956 9.427967
v -2.134004 2.989122 9.428737
v -1.910193 2.881227 9.418318
v -1.956121 2.949569 9.403496
v -1.922951 3.079057 9.344283
v -1.963466 3.106820 9.323866
v -2.033072 3.171882 9.267260
v -0.000006 4.116354 10.743089
v -0.557439 4.068789 10.511697
v -0.777182 4.034457 10.290838
v -0.961474 4.012018 10.041966
v -1.147040 3.975534 9.801523
v -1.345172 3.894999 9.626264
v -1.509833 3.781951 9.524874
v -1.624222 3.663713 9.456717
v -1.701742 3.566984 9.420504
v -1.753366 3.472488 9.400402
v -1.800278 3.392925 9.390616
v -1.840898 3.331069 9.341088
v -1.877714 3.283144 9.274093
v -1.919579 3.317220 9.174077
v -1.964221 3.368544 9.072220
v -1.976800 3.365440 9.066355
v -1.985216 3.346637 9.068129
v -1.980837 3.301690 9.085117
v -1.976527 3.270082 9.101480
v -1.962997 3.203305 9.192444
v -1.960260 3.170083 9.244225
v -1.994225 3.136717 9.298288
v -2.062782 3.099678 9.360026
v -2.092167 3.146361 9.323595
v -2.001632 3.003558 9.392790
v -2.037018 3.053211 9.383208
v -0.313060 4.315068 10.701913
v -0.293619 4.101830 10.674228
v -0.280081 3.905447 10.673492
v -0.269429 3.713694 10.714652
v -0.263779 3.517843 10.803525
v -0.258012 3.314858 10.933663
v -2.132629 3.179517 9.272160
v -2.069144 3.204175 9.221470
v -0.358818 9.315776 9.738579
v -0.342064 8.569208 10.034328
v -0.330620 8.207100 10.151342
v -0.318408 7.855918 10.260551
v -0.294403 7.214501 10.479434
v -0.264991 6.362411 10.775723
v -0.000039 5.596531 10.916553
v -0.252092 5.605767 10.903955
v -0.490033 5.616160 10.883252
v -0.969915 5.686749 10.854450
v -1.226498 5.738952 10.835452
v -3.688367 -4.019255 10.311728
v -3.464841 -3.971363 10.549297
v -3.922899 -4.079185 10.028436
v -3.617313 -4.329697 10.373261
v -3.401017 -4.254392 10.615728
v -3.848981 -4.412430 10.092339
v -3.183085 -4.191613 10.840117
v -2.070669 4.438345 9.957180
v -2.455407 4.525251 10.013757
v -2.280491 4.684576 10.291344
v -2.348683 4.831420 10.445881
v -2.410784 5.013378 10.552872
v -2.463538 5.221317 10.600350
v -2.515853 5.445737 10.592930
v -2.566094 5.671935 10.539888
v -2.618622 5.900395 10.457488
v -2.681250 6.137931 10.357288
v -2.844166 6.642904 10.114241
v -3.170224 7.480005 9.687833
v -3.278250 7.777297 9.532616
v -3.378174 8.083107 9.376280
v -3.555294 8.721207 9.034608
v -3.671197 9.372576 8.606116
v -1.795251 9.421873 9.480031
v -1.725275 8.708239 9.815756
v -1.676255 8.355194 9.948649
v -1.622622 8.016402 10.070871
v -1.505169 7.377729 10.318236
v -1.330203 6.520791 10.669106
v -1.498371 5.789478 10.804910
v -1.909411 4.616542 10.286797
v -2.188736 4.556966 10.122316
v -0.718459 -5.589412 11.937591
v -0.774958 -5.913346 11.807243
v -1.282471 -6.100050 11.679233
v -1.425746 -6.370560 11.651546
v -1.569395 -6.644350 11.619750
v -1.727463 -6.929184 11.546844
v -1.874521 -7.210617 11.389437
v -1.984240 -7.466969 11.140108
v -2.049556 -7.688473 10.810602
v -2.077575 -7.841516 10.393104
v -1.679793 -8.073481 10.441132
v -1.679501 -7.941226 10.876032
v -1.641866 -7.721407 11.244164
v -1.562595 -7.436711 11.500791
v -1.444390 -7.119332 11.661583
v -1.329967 -6.801836 11.725394
v -1.202879 -6.489381 11.749276
v -1.083322 -6.191432 11.749824
v -6.168296 -3.941401 3.529616
v -6.323237 -3.970111 4.386211
v -6.304576 -3.992611 5.275761
v -6.229439 -3.996314 5.724976
v -6.117390 -3.988081 6.174255
v -5.795363 -3.948521 7.058228
v -5.350752 -3.897419 7.922074
v -5.081021 -3.873275 8.369030
v -4.505750 -3.822760 9.244638
v -4.224095 -3.792634 9.634319
v -3.957032 -3.757884 9.972349
v -3.712651 -3.725363 10.254300
v -3.490994 -3.708084 10.499293
v -3.271864 -3.707502 10.731401
v -3.052706 -3.713028 10.944545
v -2.835855 -3.724705 11.133123
v -2.633978 -3.747554 11.310331
v -2.472366 -3.770650 11.460698
v -3.035132 -7.351353 5.474490
v -3.039143 -7.552482 4.848222
v -3.029937 -7.440175 5.154395
v -3.068001 -7.697052 4.545212
v -3.087465 -7.240074 6.166434
v -2.646491 -7.482016 6.237940
v -2.219318 -7.696752 6.297547
v -2.629372 -7.936171 4.956400
v -2.606753 -7.777506 5.249601
v -2.683151 -8.125907 4.673241
v -1.826079 -7.896404 6.346970
v -2.324934 -8.522333 4.834896
v -2.254483 -8.290697 5.095199
v -2.217153 -8.089664 5.365743
v -1.640641 -9.212399 5.180308
v -1.571141 -8.909776 5.423752
v -1.515450 -8.637457 5.647700
v -1.257073 -9.471681 5.313128
v -1.197613 -9.135194 5.554841
v -1.152969 -8.833527 5.774704
v -1.123905 -8.036889 7.143822
v -1.148605 -8.042972 7.535291
v -1.178429 -8.091710 7.966742
v -1.238057 -8.252801 9.460884
v -1.265764 -8.236035 10.474315
v -1.272508 -8.125921 10.934668
v -1.253731 -7.912134 11.319652
v -1.205929 -7.612237 11.590308
v -1.132069 -7.267508 11.758663
v -1.044184 -6.920400 11.832220
v -0.942183 -6.575336 11.844425
v -0.852329 -6.248327 11.821091
v -1.650238 -5.258432 11.871784
v -1.453422 -5.437889 11.850548
v -1.220595 -5.613611 11.821128
v -1.165023 -5.873703 11.735161
v -4.411107 3.321613 8.626966
v -4.225466 3.216486 8.932572
v -4.109396 3.171262 9.034584
v -3.951202 3.125928 9.144224
v -3.759364 3.089572 9.243661
v -3.534176 3.051999 9.337021
v -3.313693 3.026683 9.406994
v -3.093006 3.016165 9.458080
v -2.904207 3.019144 9.483056
v -2.734569 3.036372 9.482058
v -2.590408 3.059851 9.459879
v -2.459583 3.100502 9.415562
v -2.335494 3.145030 9.352627
v -2.239567 3.181044 9.283239
v -2.165968 3.218132 9.217396
v -2.112226 3.245599 9.157184
v -2.071723 3.265665 9.101426
v -1.971595 3.235957 9.139572
v -1.909460 3.216503 9.158175
v -1.861053 3.201703 9.175886
v -1.841807 3.205493 9.188109
v -1.789505 3.228739 9.168520
v -1.777069 3.261807 9.152658
v -1.803012 3.295835 9.136641
v -1.862278 3.327026 9.116794
v -1.940844 3.311158 9.124961
v -2.086033 3.372397 9.099567
v -2.159373 3.304354 9.166362
v -2.256811 3.221466 9.258633
v -2.397542 3.186759 9.351007
v -2.556125 3.168328 9.432825
v -2.894581 3.102712 9.501080
v -3.072383 3.155110 9.492164
v -3.469144 3.058624 9.440058
v -3.665550 3.056852 9.387743
v -3.834311 3.057640 9.300179
v -3.969879 3.069417 9.201093
v -4.083699 3.082079 9.094693
v -4.296346 3.166220 8.876940
v -4.374036 3.211588 8.736722
v -4.392392 3.337458 8.595762
v -4.211845 3.209724 8.913122
v -4.097641 3.170640 9.008053
v -3.936590 3.128023 9.116052
v -3.757747 3.095485 9.216013
v -3.547550 3.067254 9.300562
v -3.325819 3.030262 9.367367
v -3.106348 3.017249 9.419471
v -2.913381 3.015417 9.445601
v -2.744156 3.033539 9.441469
v -2.600230 3.050749 9.420286
v -2.464915 3.092051 9.378081
v -2.348603 3.136932 9.310292
v -2.252316 3.170121 9.246601
v -2.176652 3.204877 9.178228
v -2.121996 3.230531 9.122777
v -2.079354 3.261914 9.074986
v -2.056513 3.299249 9.049575
v -2.055372 3.329598 9.043757
v -2.065361 3.374140 9.046233
v -2.074046 3.400002 9.056114
v -2.085901 3.421015 9.072680
v -2.106037 3.384424 9.088816
v -2.173532 3.322662 9.146250
v -2.268196 3.256934 9.230618
v -2.407787 3.214073 9.321764
v -2.573862 3.199490 9.404389
v -2.912928 3.172281 9.484011
v -3.463966 3.129471 9.425945
v -3.658763 3.136760 9.366260
v -3.819897 3.110275 9.275220
v -3.957283 3.097996 9.173490
v -4.073627 3.140436 9.078875
v -4.283766 3.224783 8.857867
v -4.359365 3.253398 8.706203
v -2.061003 3.402868 9.067546
v -2.060350 3.400315 9.060476
v -2.057848 3.376224 9.055747
v -2.049739 3.332584 9.059726
v -2.050157 3.299539 9.067176
v -1.463554 -8.067849 6.412374
v -0.777997 -8.971196 5.872185
v -0.808433 -9.286981 5.661061
v -0.847315 -9.646093 5.422209
v -0.389518 -9.058842 5.932771
v -0.405217 -9.386566 5.728856
v -0.425644 -9.756414 5.495985
v -0.000000 -9.805812 5.533094
v -0.000000 -9.430965 5.763526
v -0.000000 -9.093474 5.962625
v -1.100672 -8.198417 6.484151
v 0.000000 -8.364447 6.560985
v -0.732388 -8.288669 6.531164
v -0.362787 -8.348079 6.557667
v -1.859889 -8.383142 5.501839
v -1.913995 -8.621445 5.259788
v -1.989143 -8.889075 5.012815
v -2.601652 -7.650504 5.557857
v -2.199085 -7.923138 5.651915
v -1.830568 -8.183337 5.755538
v -1.478831 -8.403454 5.873027
v -1.121444 -8.574216 5.986362
v -0.754395 -8.695953 6.068190
v -0.377906 -8.772091 6.121134
v 0.000000 -8.801281 6.144812
v -0.634548 7.890851 10.234568
v -0.658554 8.236528 10.124228
v -0.679597 8.596041 10.005151
v -0.713100 9.336760 9.704022
v -0.727507 5.645700 10.867881
v -1.435433 4.292825 9.940002
v -1.898308 4.038851 9.639002
v -1.182306 4.348097 10.170913
v -1.704731 4.182312 9.763416
v -2.076849 3.269053 9.350728
v -4.284908 3.253268 8.824653
v -4.312778 3.250305 8.844486
v -4.375836 3.213991 8.855903
v -4.450475 3.204979 8.865705
v -4.588378 3.119442 8.780612
v -4.683564 3.054365 8.667441
v -4.790040 2.995603 8.542280
v -4.912606 2.949376 8.414814
v -5.129254 3.013607 8.205417
v -5.299679 2.976382 8.056117
v -5.503200 2.957888 7.878301
v -5.741961 2.953488 7.642488
v -5.984350 2.964402 7.351752
v -6.197926 2.983165 7.053385
v -6.382096 3.005169 6.752413
v -6.679027 3.059669 6.150347
v -7.019544 3.164497 5.184503
v -7.118159 3.207692 4.818411
v -7.205131 3.254570 4.442175
v -7.348320 3.359550 3.657322
v -7.465832 3.490137 2.850334
v -0.000000 9.304360 9.755877
v 0.000000 -1.488276 11.910909
v -0.119802 -1.491084 11.921073
v -0.230846 -1.496766 11.943306
v -0.456157 -1.521136 11.978623
v -0.876034 -1.566707 11.884584
v -1.021144 -1.591778 11.813122
v -1.169801 -1.620265 11.729422
v -1.331650 -1.659336 11.638454
v -1.508913 -1.704091 11.531466
v -1.715146 -1.736820 11.384316
v -6.582898 2.508246 6.529044
v -6.587964 2.224540 6.607047
v -6.577895 1.926716 6.706667
v -6.558942 1.615639 6.825807
v -6.519086 1.288697 6.973951
v -6.459155 0.938217 7.132097
v -6.374961 0.555407 7.308389
v -6.058675 -0.351113 7.727660
v -5.758837 -0.950414 8.021459
v -6.074918 -1.520626 7.380661
v -5.981879 -2.020722 7.387002
v -5.895713 -2.499940 7.394558
v -5.812619 -2.966429 7.403374
v -5.710489 -3.442145 7.437774
v -5.589090 -3.922877 7.488636
v -5.436309 -4.402286 7.545312
v -5.245021 -4.873380 7.597714
v -4.465045 -5.596653 8.610372
v -4.230277 -6.025938 8.671896
v -3.952381 -6.448317 8.716642
v -3.624880 -6.840585 8.764541
v -3.256338 -7.182359 8.810332
v -2.865522 -7.475667 8.851961
v -2.460543 -7.720799 8.877636
v -2.048874 -7.923540 8.903211
v -1.636923 -8.092679 8.929318
v -1.226314 -8.224839 8.948782
v -0.815527 -8.312079 8.959645
v -0.408399 -8.370760 8.967427
v 0.000000 -8.396691 8.969367
v -0.000021 6.903537 10.599329
v -0.283920 6.920528 10.592072
v -0.563889 6.950429 10.572508
v -0.844128 6.991319 10.544534
v -1.136514 7.035762 10.503294
v -1.447132 7.083470 10.446309
v -1.765645 7.123712 10.368419
v -2.425583 7.175723 10.137851
v -2.756350 6.386498 10.241125
v -3.016201 6.382876 10.101934
v -3.268054 6.372340 9.961703
v -3.772148 6.333068 9.662726
v -4.028974 6.302970 9.498384
v -4.517138 6.215635 9.143867
v -4.739059 6.153336 8.962161
v -4.949547 6.075658 8.772100
v -5.145844 5.986114 8.573200
v -5.325066 5.881087 8.368860
v -5.638185 5.636082 7.963197
v -5.774792 5.492897 7.762601
v -5.894396 5.334230 7.567156
v -6.000206 5.164022 7.379552
v -6.092968 4.979619 7.200183
v -6.174563 4.784386 7.034944
v -6.242998 4.582115 6.890244
v -6.303314 4.374855 6.764337
v -6.355868 4.164894 6.660100
v -6.399713 3.950562 6.576208
v -6.441350 3.732721 6.511369
v -6.480361 3.507871 6.466859
v -6.512496 3.274647 6.447529
v -6.540725 3.031078 6.450727
v -6.564047 2.776266 6.479581
v -6.128783 -3.460383 6.559772
v -5.971854 -3.971551 6.621559
v -5.775428 -4.480922 6.676280
v -5.533202 -4.980662 6.722589
v -4.627418 -5.702030 8.144624
v -4.350284 -6.136582 8.184311
v -4.026307 -6.552277 8.211375
v -3.651481 -6.920956 8.246284
v -3.250628 -7.229202 8.277964
v -2.842594 -7.482955 8.317205
v -2.429556 -7.696453 8.353759
v -2.016701 -7.883909 8.387731
v -1.608740 -8.043443 8.418982
v -1.203144 -8.160923 8.436931
v -0.800935 -8.248758 8.453089
v -0.401056 -8.303675 8.463888
v 0.000000 -8.330303 8.469071
v -0.000013 7.511272 10.375494
v -0.306241 7.524494 10.366432
v -0.609718 7.556996 10.344714
v -0.916474 7.600109 10.310617
v -1.234159 7.643941 10.259189
v -1.564273 7.688978 10.193089
v -1.903130 7.724883 10.108914
v -2.607958 7.777237 9.862441
v -3.057172 7.189266 9.838288
v -3.346352 7.177227 9.681250
v -3.620628 7.154487 9.519883
v -4.144617 7.081100 9.178857
v -4.401900 7.030589 8.991191
v -4.884911 6.895105 8.586092
v -5.101065 6.811739 8.374784
v -5.300007 6.716454 8.157543
v -5.481603 6.610980 7.940233
v -5.648230 6.491709 7.722390
v -5.946125 6.204145 7.277857
v -6.073998 6.036130 7.056751
v -6.188281 5.852154 6.842294
v -6.290385 5.651827 6.632893
v -6.383348 5.437449 6.434646
v -6.468558 5.209736 6.250289
v -6.542668 4.973209 6.083723
v -6.609918 4.729186 5.938629
v -6.670684 4.477938 5.815142
v -6.727667 4.221092 5.714029
v -6.782405 3.958425 5.636002
v -6.831697 3.689114 5.579020
v -6.874857 3.411900 5.543472
v -6.913681 3.124952 5.526500
v -6.947610 2.826972 5.527920
v -6.973799 2.515975 5.543101
v -6.991476 2.190610 5.572332
v -6.996065 1.852766 5.616351
v -6.986498 1.502069 5.675030
v -6.961467 1.132891 5.746248
v -6.919643 0.747332 5.829788
v -6.867094 0.343748 5.925474
v -6.804003 -0.081468 6.028224
v -6.726310 -0.529815 6.130188
v -6.639740 -1.000399 6.228765
v -6.549240 -1.480225 6.306081
v -6.458368 -1.963071 6.369899
v -6.362159 -2.455364 6.434238
v -6.257627 -2.952301 6.497634
v -6.821460 -1.678621 3.550679
v -6.904702 -1.213580 3.505919
v -6.969878 -0.789550 3.460645
v -7.020730 -0.389277 3.408651
v -7.066560 -0.002467 3.358019
v -7.112690 0.373761 3.307898
v -7.157664 0.746527 3.251368
v -7.202155 1.120097 3.196264
v -7.242819 1.493312 3.138878
v -7.285280 1.879302 3.080147
v -7.330461 2.287495 3.037394
v -7.370835 2.690404 3.095626
v -7.398260 3.064519 3.172055
v -7.410858 3.420568 3.251670
v -7.408915 3.764824 3.332130
v -7.392348 4.103050 3.421469
v -7.366422 4.436557 3.529707
v -7.331669 4.768150 3.661662
v -7.289494 5.097740 3.815315
v -7.236807 5.425147 3.994601
v -7.174617 5.748567 4.194128
v -7.103191 6.062111 4.415709
v -7.021187 6.366323 4.653848
v -6.926589 6.652508 4.902191
v -6.818308 6.920014 5.153974
v -6.697096 7.166231 5.409455
v -6.566160 7.391280 5.663841
v -6.268951 7.777444 6.162036
v -6.109194 7.935600 6.400782
v -5.946052 8.073887 6.630538
v -5.769831 8.208555 6.861763
v -5.566127 8.350419 7.107241
v -5.078235 8.621760 7.630065
v -4.810177 8.738066 7.885528
v -4.249290 8.922238 8.368885
v -3.946122 8.991649 8.603230
v -3.621391 9.045582 8.832427
v -3.271891 9.082848 9.049488
v -0.000000 -8.558913 6.336714
v -0.367235 -8.534313 6.320692
v -0.739801 -8.469109 6.280043
v -1.104274 -8.361880 6.213356
v -1.462961 -8.217563 6.120642
v -1.818963 -8.022401 6.030667
v -2.199503 -7.791153 5.960255
v -2.619222 -7.549997 5.896046
v -3.056235 -7.284241 5.812517
v -3.528747 -6.991156 5.753537
v -4.002593 -6.677916 5.686630
v -4.474740 -6.342424 5.617128
v -4.936312 -5.972182 5.539860
v -5.640660 -5.077442 4.161808
v -5.994599 -4.539898 4.053664
v -6.265829 -3.953568 3.948745
v -6.455676 -3.374992 3.837295
v -6.599032 -2.795689 3.721025
v -6.718152 -2.212374 3.603257
v -4.932679 -5.943105 6.357246
v -4.507374 -6.334019 6.399684
v -4.051178 -6.674954 6.440525
v -3.580366 -6.964647 6.484121
v -3.118546 -7.218543 6.533021
v -2.678187 -7.442464 6.591626
v -2.255312 -7.642566 6.650510
v -1.856893 -7.818658 6.703355
v -1.477835 -7.968239 6.749633
v -1.105575 -8.085187 6.792095
v -0.735222 -8.168766 6.825365
v -0.364090 -8.223504 6.840426
v -0.000000 -8.241320 6.836461
v -0.000001 8.928432 9.915394
v -0.351567 8.939532 9.900848
v -0.697557 8.964081 9.867517
v -1.043860 8.995921 9.816235
v -1.397570 9.029169 9.748910
v -1.764605 9.064423 9.662649
v -2.139128 9.086576 9.558578
v -2.901498 9.101345 9.247871
v -3.134114 8.419496 9.407937
v -3.472005 8.398236 9.211659
v -3.788303 8.361554 9.006034
v -4.084781 8.310534 8.796153
v -4.636225 8.166240 8.358886
v -4.901691 8.072405 8.125546
v -5.383470 7.845815 7.637160
v -5.580914 7.726424 7.403035
v -5.755031 7.607307 7.181617
v -5.919748 7.480981 6.958857
v -6.082869 7.334511 6.725715
v -6.376279 6.981808 6.245048
v -6.503410 6.777514 6.002678
v -6.617634 6.554612 5.760565
v -6.723082 6.313433 5.524250
v -6.815712 6.054039 5.292794
v -6.898396 5.779902 5.073929
v -6.970242 5.493179 4.871655
v -7.034564 5.198080 4.688543
v -7.091240 4.896070 4.526760
v -7.142108 4.588051 4.387778
v -7.187579 4.276703 4.273423
v -7.228642 3.961526 4.178215
v -7.260738 3.638252 4.110808
v -7.281008 3.304906 4.055816
v -7.291073 2.961038 4.009258
v -7.291175 2.606145 3.974681
v -7.284922 2.239468 3.955040
v -7.269890 1.866046 3.956205
v -7.251499 1.489937 3.977157
v -7.224082 1.107436 4.013767
v -7.179572 0.723454 4.059784
v -7.131295 0.334873 4.110755
v -7.081808 -0.062274 4.164386
v -7.030465 -0.472423 4.229281
v -6.976913 -0.900005 4.301441
v -6.916393 -1.349205 4.375571
v -6.845001 -1.821826 4.454105
v -6.759674 -2.320254 4.537988
v -6.658241 -2.849179 4.634215
v -6.522861 -3.410258 4.736627
v -6.335543 -3.985057 4.830430
v -6.090564 -4.553887 4.914221
v -5.755023 -5.085552 4.985013
v -4.594063 9.141177 7.879861
v -4.535012 8.837592 8.131037
v -4.458540 8.538738 8.364638
v -4.364708 8.245709 8.581333
v -4.259351 7.957318 8.787131
v -4.142913 7.674857 8.982114
v -4.018258 7.398160 9.172329
v -3.884997 7.122303 9.352921
v -3.624407 6.600725 9.671652
v -3.517747 6.355249 9.816901
v -3.431119 6.118072 9.960215
v -3.358586 5.892057 10.095448
v -3.290842 5.667940 10.213891
v -3.219810 5.435343 10.307117
v -3.141293 5.198486 10.354404
v -3.056673 4.979392 10.344477
v -2.989096 4.790520 10.258302
v -2.934547 4.639128 10.124803
v -2.922707 4.546587 9.968971
v -2.944485 4.464063 9.829309
v -2.924917 4.280018 9.760475
v -2.869074 4.040545 9.750318
v -2.822258 3.765462 9.770747
v -2.785740 3.488854 9.752315
v -2.749917 3.271617 9.692521
v -2.721155 3.136880 9.626147
v -2.727391 3.116493 9.554426
v -2.725691 3.133816 9.482207
v -2.732996 3.179057 9.451898
v -4.177637 3.195670 8.990976
v -4.193880 3.125459 9.001059
v -4.250623 3.094259 9.060777
v -4.316747 3.084385 9.129079
v -4.359420 3.145614 9.162401
v -4.392087 3.277658 9.171038
v -4.425134 3.439768 9.149962
v -4.466696 3.601760 9.133053
v -4.522673 3.774100 9.127322
v -4.563216 3.915071 9.175596
v -4.624139 4.032396 9.228616
v -4.676962 4.141640 9.279062
v -4.757983 4.296356 9.283993
v -4.879999 4.477371 9.246425
v -5.023697 4.696135 9.152117
v -5.153350 4.931862 8.996659
v -5.249192 5.155772 8.798583
v -5.325272 5.365459 8.585596
v -5.402377 5.565103 8.374613
v -5.488204 5.764554 8.166167
v -5.586284 5.964121 7.954163
v -5.803985 6.355325 7.500522
v -5.915430 6.553714 7.259133
v -6.026815 6.754633 7.010083
v -6.133332 6.960216 6.753187
v -6.235595 7.168346 6.486738
v -6.330116 7.380104 6.206583
v -6.423731 7.596088 5.915512
v -6.510626 7.818370 5.611524
v -3.262977 3.146082 9.472150
v -3.252716 3.059076 9.475243
v -3.285617 3.053719 9.597850
v -3.306073 3.070451 9.700879
v -3.339423 3.197475 9.729708
v -3.397632 3.431803 9.792160
v -3.441974 3.727998 9.802130
v -3.468419 4.009082 9.761518
v -3.527313 4.292512 9.751716
v -3.573517 4.475225 9.785391
v -3.575466 4.516387 9.889242
v -3.599097 4.586553 10.006671
v -3.660807 4.730814 10.065843
v -3.756662 4.926462 10.077004
v -3.862226 5.151810 10.023252
v -3.959317 5.386710 9.923756
v -4.040754 5.610568 9.790986
v -4.113324 5.826789 9.638269
v -4.188928 6.043108 9.482594
v -4.278184 6.264676 9.324311
v -4.386409 6.492225 9.160263
v -4.650209 6.967611 8.792632
v -4.789258 7.211390 8.580710
v -4.921264 7.458694 8.354232
v -5.044020 7.709118 8.119621
v -5.154092 7.963786 7.881610
v -5.251150 8.223276 7.630994
v -5.333598 8.490191 7.365722
v -5.402890 8.763541 7.091254
v -3.045367 3.071764 9.501207
v -1.761106 4.809666 10.563921
v -1.629382 4.697100 10.471948
v -1.475174 4.585444 10.373677
v -1.316120 4.474156 10.272168
v -1.682080 5.030783 10.725208
v -1.537984 4.932288 10.691211
v -1.373814 4.817723 10.640814
v -1.198029 4.696153 10.570023
v -1.029854 4.561076 10.490098
v -1.569883 5.174663 10.785428
v -1.377494 5.092818 10.782270
v -1.172459 4.995625 10.760514
v -0.955317 4.885616 10.722916
v -0.710389 4.751184 10.708151
v -1.488376 5.560869 10.823668
v -1.231264 5.504997 10.846243
v -0.987381 5.445711 10.860115
v -0.742869 5.393034 10.867548
v -0.511738 5.360846 10.883356
v -0.345825 4.804700 10.814338
v -0.337867 4.549780 10.747203
v -0.000031 4.816697 10.870424
v -0.000024 4.560323 10.820313
v -0.264070 5.353888 10.910779
v -0.000038 5.347616 10.924417
v -2.561465 9.450133 9.218632
v -2.519996 9.101643 9.419582
v -2.467134 8.754627 9.589902
v -2.403873 8.412044 9.736607
v -2.331142 8.078055 9.869555
v -2.251934 7.755630 9.997192
v -2.172162 7.448570 10.129853
v -2.090996 7.152742 10.264721
v -1.943865 6.593975 10.514390
v -1.508394 5.351714 10.819067
v -1.273708 5.284813 10.831492
v -1.042141 5.211426 10.830460
v -0.810280 5.137262 10.823814
v -0.575790 5.081191 10.837030
v -0.295352 5.083834 10.883358
v -0.000037 5.089308 10.904337
v -1.788630 5.106934 10.738925
v -1.757701 5.220995 10.779355
v -1.742980 5.393024 10.795891
v -1.743226 5.594485 10.788183
v -2.225650 5.227363 10.673809
v -1.981162 5.231625 10.739249
v -1.773146 5.822631 10.752400
v -2.261191 5.436171 10.675236
v -1.996190 5.418975 10.746224
v -2.299968 5.655433 10.638468
v -2.018987 5.628389 10.723327
v -2.347752 5.885451 10.572803
v -2.059621 5.856526 10.672422
v -2.558411 6.637876 10.260683
v -2.749095 7.189243 9.994427
v -2.479036 6.379201 10.380588
v -2.407975 6.128777 10.486243
v -1.531901 6.034718 10.761827
v -1.243586 5.985257 10.802474
v -0.251595 5.851164 10.877174
v -0.000037 5.838857 10.887342
v -0.491422 5.868789 10.860774
v -0.728517 5.898587 10.846521
v -0.976091 5.937448 10.827276
v -1.821467 6.069971 10.694242
v -2.117748 6.102374 10.601568
v -0.000034 6.085836 10.845851
v -0.256544 6.098951 10.835365
v -0.503829 6.123396 10.821204
v -0.746806 6.159070 10.807214
v -1.001571 6.200437 10.782391
v -1.281297 6.247971 10.748394
v -1.578877 6.294423 10.693703
v -1.879360 6.327129 10.613485
v -2.184522 6.358196 10.509932
v -1.628966 3.328560 9.340933
v -1.609031 3.247995 9.340553
v -0.562585 -1.907078 12.503648
v -0.570755 -1.761703 12.375483
v -0.586137 -1.637246 12.175776
v -0.588109 -1.530813 11.973921
v -0.592647 -1.431360 11.803993
v -0.602010 -1.219218 11.496103
v -0.605874 -1.090003 11.390792
v -0.612794 -0.949154 11.325580
v -0.816737 1.767439 11.442896
v -0.689263 3.136366 10.577228
v -0.681293 3.379684 10.421302
v -0.690644 3.609156 10.325131
v -0.736715 -1.927054 12.472499
v -0.748485 -1.782181 12.351217
v -0.743716 -1.654211 12.147949
v -0.730796 -1.546220 11.939831
v -0.725860 -1.438409 11.759583
v -0.723406 -1.214813 11.428510
v -0.727480 -1.088501 11.318976
v -0.732468 -0.954040 11.246945
v -0.942217 1.633836 11.297778
v -0.984663 1.831028 11.073759
v -5.484668 -0.541010 8.456532
v -6.348622 -0.461019 7.190193
v -6.192851 -0.989667 7.347696
v -6.569117 -0.511230 6.652084
v -6.461208 -1.001680 6.764393
v -6.838450 1.165791 6.159703
v -6.865627 1.526467 6.067462
v -6.876444 1.868938 5.991951
v -6.874374 2.195479 5.929675
v -6.859579 2.508450 5.883964
v -6.835344 2.806024 5.854900
v -6.801067 3.090979 5.845628
v -6.763540 3.364242 5.854709
v -6.722065 3.627677 5.884597
v -6.673610 3.883391 5.936404
v -6.621803 4.132272 6.008626
v -6.566390 4.375785 6.103645
v -6.505458 4.613790 6.220996
v -6.439867 4.845751 6.360018
v -6.365054 5.070979 6.519790
v -6.281058 5.288642 6.696628
v -6.189615 5.493462 6.888710
v -6.086816 5.682642 7.090034
v -5.969168 5.857636 7.300295
v -5.839833 6.016742 7.515662
v -5.694349 6.160441 7.733460
v -5.535642 6.288864 7.949904
v -5.363935 6.401279 8.163286
v -5.174900 6.502244 8.377924
v -4.968961 6.589659 8.588158
v -4.748249 6.663956 8.790325
v -4.512386 6.727207 8.986990
v -4.263075 6.779207 9.174834
v -4.007698 6.821315 9.353147
v -3.749639 6.855495 9.519846
v -3.490263 6.882942 9.678086
v -3.224010 6.900572 9.830393
v -2.944380 6.907084 9.981172
v -2.649225 6.906435 10.130912
v -2.336468 6.893554 10.272241
v -2.015586 6.869583 10.394313
v -1.698868 6.841283 10.492576
v -1.386566 6.798704 10.566580
v -1.087791 6.751079 10.618485
v -0.808952 6.705663 10.653427
v -0.541728 6.663686 10.676909
v -0.274287 6.630460 10.696585
v -0.000027 6.619241 10.702328
v -6.667620 -0.048701 6.525495
v -6.739413 0.384670 6.391598
v -6.794691 0.786772 6.270384
v -2.053412 2.273550 9.557218
v -2.258684 2.151968 9.546512
v -2.479090 2.037467 9.536975
v -2.720758 1.928326 9.521715
v -2.980427 1.824239 9.497926
v -3.259928 1.722300 9.466212
v -3.541610 1.620766 9.418368
v -3.843900 1.514378 9.362713
v -4.473861 1.267976 9.193016
v -4.805725 1.113030 9.055993
v -5.131343 0.927427 8.871833
v -5.442277 0.724481 8.625227
v -5.733244 0.514845 8.311830
v -5.998740 0.308030 7.935166
v -6.248287 0.130169 7.503283
v -6.641579 0.849329 6.706127
v -6.575225 0.452529 6.858757
v -6.480562 0.017829 7.021763
v -5.086298 2.517147 8.332348
v -5.333328 2.445359 8.134926
v -5.266667 2.262560 8.265158
v -4.492959 2.291024 8.866478
v -4.415508 2.037579 8.960459
v -4.349004 1.824856 9.068193
v -4.267022 1.617013 9.181978
v -4.153832 1.399452 9.291697
v -4.009647 1.169055 9.399837
v -3.829825 0.916450 9.518534
v -3.620912 0.656885 9.663244
v -3.127241 0.151205 10.008627
v -2.852548 -0.108042 10.143710
v -2.588642 -0.366891 10.246573
v -2.339083 -0.621438 10.336414
v -2.132466 -0.853711 10.460179
v -1.953859 -1.058262 10.633379
v -1.777740 -1.216045 10.827806
v -1.594757 -1.297630 10.984820
v -1.420187 -1.341451 11.123574
v -1.261734 -1.358014 11.243281
v -1.114984 -1.354406 11.340901
v -0.977847 -1.345353 11.431217
v -0.848067 -1.337715 11.513741
v -0.722457 -1.332250 11.584743
v -0.597464 -1.330513 11.641245
v -0.475236 -1.332400 11.675999
v -0.239352 -1.330284 11.702708
v -0.120688 -1.325908 11.700757
v 0.000000 -1.321358 11.697717
v -4.740661 2.466533 8.664100
v -0.000000 -8.445788 9.998319
v -0.415404 -8.422572 9.996224
v -0.831611 -8.365943 9.992603
v -1.250509 -8.267442 9.978706
v -1.669723 -8.118065 9.951220
v -2.079143 -7.919335 9.923753
v -2.476323 -7.666855 9.890168
v -2.839628 -7.348811 9.849764
v -3.165644 -6.994386 9.792574
v -3.448700 -6.600059 9.726452
v -3.683698 -6.177615 9.653234
v -3.876959 -5.760135 9.579875
v -4.054323 -5.359371 9.505038
v -4.603275 -4.662195 8.927885
v -4.715482 -4.253433 8.865722
v -4.794758 -3.849672 8.813844
v -4.846133 -3.449790 8.785394
v -4.875214 -3.060491 8.776185
v -4.890234 -2.674026 8.785014
v -4.889427 -2.287770 8.824956
v -4.869089 -1.899926 8.897117
v -4.814464 -1.513785 9.012924
v -4.704859 -1.158523 9.178472
v -4.548665 -0.831650 9.356261
v -4.355724 -0.534689 9.514638
v -4.128613 -0.261378 9.640521
v -3.888552 -0.014922 9.733146
v -3.638288 0.206273 9.796289
v -3.387602 0.405609 9.839958
v -3.143559 0.588719 9.866602
v -2.905747 0.763122 9.885681
v -2.677020 0.931495 9.902052
v -2.458855 1.097842 9.921227
v -2.252786 1.264772 9.951270
v -2.056663 1.434450 9.994747
v -1.868230 1.607777 10.048722
v -1.687621 1.785221 10.117639
v -1.618003 2.974255 9.454994
v -1.674826 3.023012 9.409952
v -1.733585 3.079393 9.369158
v -1.772257 3.125132 9.321219
v -1.785977 3.166435 9.263283
v -1.790639 3.190547 9.213995
v -1.811840 3.212824 9.181741
v -1.806278 3.228982 9.150927
v -1.824355 3.245575 9.129577
v -1.855423 3.269229 9.106326
v -1.913583 3.295117 9.086703
v -1.987099 3.325439 9.074142
v -2.057233 3.354094 9.057137
v -2.061783 3.350605 9.045902
v -4.347956 3.310139 8.708322
v -4.365778 3.310542 8.736212
v -4.438450 3.284441 8.746879
v -4.527140 3.247175 8.755947
v -4.645442 3.162030 8.678868
v -4.740424 3.118610 8.574202
v -4.848559 3.083379 8.457475
v -4.980779 3.050411 8.337366
v 0.495802 3.459773 10.650968
v 0.650009 4.497474 10.603355
v 0.765503 -8.118428 7.549955
v 6.773808 -1.549235 3.118712
v 6.871078 -1.108466 3.114823
v 6.942668 -0.709188 3.084495
v 6.626299 -2.097832 3.073739
v 5.468379 1.743711 8.365373
v 5.117761 1.853100 8.591585
v 4.427606 -1.718675 9.394409
v 2.863297 -1.275271 10.441491
v 3.158842 -1.027803 10.261263
v 2.614366 -1.509358 10.642962
v 2.677290 -1.047314 10.433768
v 2.434710 -1.283473 10.608779
v 3.482558 -0.780718 10.073409
v 2.967146 -0.792114 10.279646
v 3.590119 -0.280100 9.938682
v 3.063957 -0.316525 10.141610
v 3.278013 -0.538595 10.119654
v 3.359169 -0.055994 9.985262
v 3.811879 -0.527653 9.866505
v 5.789294 3.286600 7.617074
v 5.801447 3.431380 7.632729
v 5.810017 3.571316 7.665190
v 5.801474 3.851199 7.774107
v 5.580094 3.254821 7.850465
v 5.398499 3.246898 8.025006
v 5.714190 2.773265 7.712528
v 5.458024 2.801728 7.949319
v 5.587323 2.186638 8.040807
v 5.545827 4.109720 8.294939
v 5.592435 3.985873 8.165141
v 5.406772 3.970300 8.421959
v 5.452712 3.868608 8.305037
v 5.637132 3.743037 7.987845
v 5.489625 3.668905 8.150154
v 5.464382 3.462338 8.065452
v 5.439728 3.357772 8.036956
v 5.625810 3.501862 7.892133
v 5.606215 3.381200 7.864112
v 5.297762 3.357841 8.170956
v 5.248424 3.259599 8.160377
v 5.329651 3.446979 8.197676
v 5.368204 3.626146 8.271931
v 5.301116 3.873380 8.503058
v 5.342142 3.790008 8.401322
v 5.337945 4.073565 8.563963
v 5.393043 4.353220 8.616426
v 5.250801 4.172618 8.723477
v 5.477265 4.232879 8.448942
v 5.236923 3.957476 8.627495
v 5.149033 4.038516 8.772107
v 2.772847 -0.574740 10.271364
v 1.845479 0.021753 10.310481
v 1.832698 -0.293183 10.383859
v 2.280373 -1.066819 10.542783
v 2.501884 -0.830495 10.396362
v 1.523806 -0.841932 10.705460
v 1.255391 -0.918056 10.880351
v 1.127698 -0.902472 10.958092
v 0.968010 -0.941536 11.067886
v 0.848600 -0.953459 11.162288
v 1.899525 0.497098 10.277049
v 2.044345 0.256098 10.227329
v 2.263252 0.489506 10.148175
v 2.090257 0.698080 10.176576
v 1.773245 0.722121 10.361611
v 4.861584 4.813427 9.322519
v 4.684097 4.910388 9.481907
v 4.089574 5.125008 9.889467
v 4.549469 4.684677 9.572179
v 4.723743 4.591129 9.418869
v 5.289678 4.474302 8.790584
v 5.146590 4.281149 8.892366
v 2.478906 0.716243 10.040116
v 2.280962 0.902374 10.060008
v 2.093426 1.087403 10.097126
v 1.930448 0.904707 10.233803
v 1.777026 1.103002 10.309457
v 1.468237 -1.517147 11.314297
v 1.658258 -1.502147 11.163939
v 1.873888 -1.441148 10.982655
v 1.298041 -1.504036 11.431964
v 1.354534 -1.815383 11.851889
v 1.528755 -1.886658 11.759170
v 1.142440 -1.483732 11.526398
v 1.193939 -1.757763 11.938466
v 1.717185 -1.971255 11.643150
v 4.607784 4.410684 9.455907
v 4.433825 4.497478 9.604433
v 5.036874 4.129361 8.940762
v 1.917031 1.272601 10.151592
v 2.179480 5.049419 10.627428
v 2.117285 4.881646 10.536345
v 3.862625 4.702292 9.957619
v 3.971079 4.898789 9.956162
v 1.572776 3.109087 9.435027
v 1.735270 2.832579 9.471774
v 0.477701 -0.937460 11.412472
v 0.228404 -1.041268 11.544201
v 0.861260 -1.450462 11.694687
v 0.236956 -1.414523 11.821622
v 0.467317 -1.427656 11.822238
v 0.221325 -1.572905 12.056891
v 0.434516 -1.620941 12.157484
v 0.121020 -1.406976 11.807576
v 0.998369 -1.465783 11.616269
v 1.043553 -1.715243 12.019997
v 0.894079 -1.680156 12.091402
v 0.845522 4.233502 10.332203
v 0.598603 4.279296 10.543313
v 2.772276 4.812738 10.304738
v 2.980379 5.453850 10.405959
v 2.906777 5.219964 10.439445
v 2.830913 5.001201 10.408349
v 2.562780 4.825058 10.365534
v 2.748345 5.459332 10.500832
v 2.688100 5.227362 10.521424
v 2.621419 5.011467 10.478085
v 0.113885 -1.064601 11.573910
v 0.118140 -1.571574 12.029050
v 2.109944 -2.827202 11.752564
v 2.207977 -2.975521 11.651127
v 1.985649 -2.667818 11.852692
v 2.288489 -3.107998 11.560568
v 2.358658 -3.218587 11.487227
v 2.181617 -2.637488 11.585486
v 2.296813 -2.804855 11.498062
v 1.844490 -2.507372 11.954129
v 2.038433 -2.465613 11.674353
v 2.465381 -3.486956 11.367505
v 2.394817 -2.959878 11.426110
v 2.479017 -3.087023 11.364699
v 1.692334 -2.361313 12.055040
v 1.875024 -2.303594 11.770156
v 2.613749 -3.408868 11.259969
v 1.374278 -2.131824 12.231229
v 1.535086 -2.236296 12.150787
v 1.708554 -2.167726 11.872634
v 1.540107 -2.056154 11.970561
v 1.374302 -1.965539 12.058672
v 1.058975 -1.996115 12.374682
v 1.215136 -2.053999 12.308345
v 2.288360 -2.421244 11.370075
v 0.900126 -1.954147 12.431737
v 1.217345 -1.894367 12.147716
v 1.067136 -1.841295 12.231002
v 2.632699 -3.512268 11.251326
v 2.471731 -3.582367 11.379245
v 2.433739 -2.610261 11.302110
v 2.549719 -2.790077 11.251207
v 0.910592 -1.803524 12.299883
v 2.476210 -3.673935 11.415987
v 2.637993 -3.623541 11.267282
v 2.836774 -3.442015 11.102744
v 2.647428 -2.943220 11.206964
v 2.811236 -3.317795 11.115434
v 2.432122 -2.183791 11.129900
v 2.844479 -3.576760 11.106353
v 2.604244 -2.402668 11.082031
v 2.734185 -2.606950 11.045082
v 0.188894 -1.907385 12.536922
v 2.495068 -4.255619 11.506268
v 2.326296 -4.181273 11.643596
v 2.836481 -2.783323 11.008587
v 3.016995 -3.218140 10.923181
v 2.394200 -4.492435 11.586952
v 2.225308 -4.382878 11.737886
v 2.683852 -4.331037 11.326713
v 3.048203 -3.368872 10.912267
v 3.410994 -3.024006 10.448883
v 3.637469 -2.942623 10.191298
v 3.433614 -2.249974 10.295663
v 3.198453 -2.436772 10.548962
v 2.277269 -4.748419 11.648163
v 2.107859 -4.610176 11.818886
v 2.584610 -4.600439 11.393411
v 3.061112 -3.534920 10.920717
v 3.677262 -3.188162 10.191993
v 3.456894 -3.236497 10.444848
v 3.901998 -2.874943 9.911473
v 3.719092 -2.072522 10.027799
v 2.143067 -5.008007 11.675016
v 1.971055 -4.842838 11.866496
v 2.462689 -4.889442 11.448620
v 3.484871 -3.465346 10.463741
v 3.703665 -3.447827 10.214741
v 3.940187 -3.156921 9.905742
v 4.216375 -2.813510 9.586226
v 4.060569 -1.899986 9.731586
v 1.990446 -5.259573 11.675916
v 1.820419 -5.058970 11.880233
v 2.325394 -5.180123 11.474163
v 2.883892 -4.403592 11.120722
v 3.962303 -3.452802 9.927597
v 4.235614 -3.130271 9.581153
v 2.171488 -5.462708 11.485451
v 2.779840 -4.700007 11.179407
v 3.300442 -4.564936 10.682650
v 4.242829 -3.457567 9.595982
v 6.072450 1.496132 7.738075
v 5.790022 1.621510 8.074724
v 2.657250 -5.025498 11.230958
v 4.539267 -3.455807 9.211090
v 6.164298 2.039008 7.412461
v 5.896924 2.108712 7.739962
v 2.516312 -5.347667 11.266199
v 4.217228 -4.970685 9.433375
v 6.205603 2.769222 7.102542
v 5.975660 2.767698 7.413037
v 5.448617 -3.440898 7.882292
v 4.863091 -5.260206 8.088174
v 5.936030 -3.452268 7.004213
v 6.184554 3.396268 7.046927
v 6.167336 3.581609 7.081223
v 5.994816 3.503095 7.360798
v 5.997279 3.337736 7.336956
v 4.069811 -5.896245 9.145668
v 5.146792 -5.407621 7.207268
v 6.286182 -3.460313 6.105542
v 6.714760 2.795507 6.170401
v 6.743167 1.895553 6.354242
v 6.145376 3.763929 7.128837
v 6.086206 4.122365 7.280776
v 5.954689 3.984109 7.530640
v 5.989735 3.664316 7.399198
v 5.314614 -5.504137 6.320168
v 6.406582 -3.451811 5.649951
v 7.057496 2.859275 5.172489
v 7.103523 1.850246 5.220917
v 5.983384 4.476252 7.526423
v 5.874736 4.306618 7.759616
v 3.561325 -6.731502 9.268195
v 5.357970 -5.534731 5.890432
v 7.149481 2.890366 4.795249
v 7.188479 1.852352 4.807662
v 6.564462 3.815455 6.227053
v 6.610120 3.574159 6.179146
v 5.910208 4.648813 7.678500
v 5.812118 4.466217 7.908657
v 3.297323 -6.454939 10.118587
v 6.889023 4.040126 5.318876
v 6.940304 3.758246 5.254990
v 7.227340 2.926009 4.407986
v 7.241502 1.860643 4.383776
v 6.408199 4.503809 6.494179
v 6.516644 4.049508 6.294956
v 5.824347 4.814991 7.847558
v 5.732909 4.621825 8.072484
v 3.121454 -6.303853 10.445976
v 3.496561 -6.035161 10.039868
v 5.371434 -5.552978 5.470530
v 6.991745 4.119798 4.982237
v 7.041656 3.826059 4.908184
v 6.718545 4.850938 5.644237
v 6.835706 4.315891 5.404459
v 6.270115 4.939508 6.778475
v 5.725163 4.970700 8.023139
v 5.609149 5.117907 8.204133
v 5.526612 4.909124 8.423875
v 5.638703 4.768992 8.246199
v 3.297247 -5.900143 10.360968
v 5.301717 -5.556153 4.664280
v 7.092937 4.201244 4.630830
v 7.139404 3.896519 4.547065
v 6.825361 4.967360 5.338994
v 6.939683 4.407551 5.078249
v 6.576273 5.357500 5.969819
v 6.188590 5.146422 6.949794
v 3.665898 -5.627065 9.962145
v 6.932113 5.086926 5.017525
v 7.042309 4.502054 4.737237
v 6.684002 5.498661 5.681988
v 6.492545 5.596032 6.160776
v 6.095590 5.340515 7.134777
v 5.156193 5.488043 8.775576
v 4.968919 5.587232 8.963836
v 4.891963 5.375045 9.159518
v 5.079098 5.277229 8.981195
v 3.451868 -5.500443 10.286236
v 6.792418 5.642685 5.382135
v 6.601116 5.748877 5.880548
v 6.398263 5.821259 6.366152
v 5.870020 5.686225 7.532936
v 5.990177 5.520897 7.330149
v 4.352145 5.797073 9.466935
v 4.278144 5.582333 9.629694
v 6.709775 5.903877 5.590738
v 6.507584 5.986078 6.093048
v 6.182566 6.224450 6.804071
v 6.296493 6.031651 6.583880
v 3.046127 5.686219 10.326413
v 2.808856 5.689228 10.432971
v 0.841733 -8.336879 10.497808
v 6.617472 6.152999 5.810937
v 6.407253 6.206563 6.317387
v 6.293926 6.409682 6.544656
v 5.425899 6.095660 8.159245
v 5.249574 6.203073 8.368076
v 3.111683 5.911601 10.217667
v 2.867919 5.914909 10.336652
v 1.833407 7.429472 10.231000
v 6.515779 6.385909 6.042045
v 6.402402 6.597394 6.277325
v 5.762532 6.708257 7.480508
v 5.598090 6.833831 7.702262
v 4.624213 6.447693 8.969452
v 0.586074 7.252952 10.455656
v 1.970938 8.061887 9.978498
v 6.601322 6.976298 5.707622
v 5.872525 6.917179 7.236554
v 5.710391 7.050738 7.461730
v 5.022506 7.136453 8.357180
v 2.035681 8.398481 9.851665
v 5.981678 7.127922 6.983450
v 5.819371 7.267675 7.212382
v 5.154365 7.372072 8.120230
v 3.369417 6.633901 9.818705
v 3.111017 6.648208 9.964635
v 2.092436 8.746211 9.713978
v 2.446007 -7.556084 10.339977
v 6.177433 7.563200 6.444700
v 6.017061 7.716032 6.681898
v 5.274693 7.611755 7.878950
v 3.749256 7.449366 9.344256
v 3.467970 7.476649 9.514634
v 2.852731 7.494267 9.846107
v 2.176277 9.450585 9.360828
v 5.479228 8.104612 7.373482
v 3.581980 7.767073 9.348734
v 3.868344 7.732699 9.165108
v 2.952678 7.796693 9.701135
v 3.981227 8.023382 8.981963
v 3.689527 8.065331 9.178411
v 3.046558 8.108274 9.554034
v 3.831460 -1.319013 9.915202
v 4.175097 8.624393 8.585436
v 3.876057 8.685351 8.808680
v 3.210632 8.761116 9.234635
v 4.192911 5.359842 9.777710
v 0.119134 -1.642879 12.133956
v 0.203281 -1.628666 12.137829
v 0.366682 -1.730757 12.360635
v 0.378186 -1.894509 12.521080
v 4.188204 -1.087694 9.643613
v 3.960741 -1.606316 9.819808
v 4.328429 -1.395685 9.511326
v 2.359462 -5.658612 11.301721
v 6.156767 -2.473275 6.911891
v 6.254377 -1.989903 6.876144
v 5.586460 -2.537677 7.869875
v 5.643458 -2.075151 7.894892
v 6.053547 -2.960194 6.956254
v 5.527468 -2.985688 7.860476
v 6.614783 -1.937565 5.878367
v 6.525303 -2.431490 5.954650
v 6.732014 -1.903232 5.394739
v 6.646015 -2.400240 5.480049
v 6.541495 -2.917448 5.567784
v 6.419807 -2.941558 6.033799
v 6.487450 -3.432415 5.193336
v 6.622000 -2.883174 5.099270
v 6.724527 -2.358709 5.005405
v 6.807943 -1.860622 4.916110
v 6.511829 -3.386603 4.281957
v 6.648310 -2.826927 4.178715
v 6.758705 -2.279049 4.077719
v 6.850253 -1.763071 3.995507
v 6.695800 -1.455895 5.800029
v 6.804118 -1.425823 5.312017
v 6.878288 -1.386402 4.831505
v 6.924270 -1.293568 3.930926
v 5.744633 4.135797 7.977631
v 5.690612 4.280937 8.118277
v 5.620572 4.423696 8.280536
v 5.530851 4.559500 8.451561
v 5.425808 4.692544 8.629000
v 4.985883 5.052756 9.172984
v 4.802408 5.150608 9.341393
v 3.179714 -4.906799 10.740301
v 3.045976 -5.270589 10.796193
v 3.244937 -5.385246 10.557893
v 2.900766 -5.643456 10.853266
v 3.096225 -5.773218 10.626894
v 2.738207 -6.000148 10.923618
v 2.930495 -6.154790 10.709037
v 2.186812 -5.952777 11.348305
v 2.000528 -5.729246 11.496521
v 4.015328 -0.797227 9.766932
v 3.667532 -1.041480 10.005450
v 0.175932 -1.780117 12.406536
v 2.114243 -2.234941 11.442420
v 1.920553 -2.067732 11.518785
v 1.986690 -1.750850 11.186820
v 2.234151 -1.975402 11.172704
v 3.334360 -1.277509 10.224421
v 3.037261 -1.516605 10.433213
v 2.795672 -1.743509 10.645017
v 4.552506 -3.097506 9.200908
v 4.550071 -2.748196 9.209448
v 3.329175 -2.012293 10.348717
v 3.093993 -2.223282 10.590270
v 3.618281 -1.805250 10.096955
v 2.960178 -1.988163 10.625874
v 3.198368 -1.766534 10.399461
v 3.492301 -1.540040 10.167829
v 1.789899 -6.451800 11.515565
v 0.714787 -7.001358 11.913383
v 0.926764 4.410689 10.399263
v 6.353962 -1.499765 6.831242
v 5.702538 -1.570312 7.943184
v 6.315254 1.382828 7.367016
v 6.393059 1.978740 7.066318
v 6.400046 2.774084 6.795138
v 6.345504 3.455897 6.756736
v 6.315941 3.662514 6.796434
v 6.281661 3.863513 6.854794
v 6.199760 4.256064 7.028639
v 6.082893 4.638946 7.285347
v 6.003270 4.822927 7.441596
v 5.911497 4.999957 7.613959
v 5.807721 5.161826 7.794271
v 5.687584 5.312401 7.982871
v 5.235847 5.689008 8.568382
v 5.051778 5.791961 8.766419
v 1.635996 6.577801 10.598893
v 4.426431 6.009292 9.305355
v 3.840311 -6.319931 9.207970
v 0.521476 6.395723 10.758726
v 3.183059 6.143170 10.092993
v 2.935910 6.150784 10.223657
v 6.986048 -0.854689 3.870292
v 6.870611 -0.965013 5.230179
v 6.940241 -0.931187 4.752617
v 2.001198 -6.215060 11.419994
v 1.812098 -5.979215 11.524851
v 0.489973 -5.585958 11.972507
v 0.533918 -5.921662 11.851493
v 0.992243 -5.898030 11.769886
v 0.952871 -5.592285 11.891332
v 1.629900 -5.713907 11.650708
v 1.818086 -5.497547 11.662273
v 0.651726 -6.634414 11.919020
v 1.615564 -6.199312 11.576445
v 0.592800 -6.281692 11.882442
v 1.441628 -5.919760 11.652744
v 2.762173 -4.098401 11.258755
v 2.570847 -4.061129 11.431726
v 2.402026 -4.011006 11.561293
v 1.751540 -0.545528 10.461557
v 2.080686 -1.273084 10.748347
v 2.221371 -1.508502 10.847659
v 2.411676 -1.731204 10.884370
v 2.602305 -1.957020 10.880997
v 2.774979 -2.196256 10.854942
v 2.907860 -2.414589 10.822549
v 3.012618 -2.610844 10.785199
v 3.211973 -3.117799 10.694449
v 3.251923 -3.298822 10.687465
v 3.273769 -3.495199 10.701805
v 3.092891 -4.480719 10.907338
v 2.979299 -4.803785 10.964835
v 2.853283 -5.152247 11.016129
v 2.709160 -5.501598 11.061871
v 2.550346 -5.838335 11.118028
v 4.996839 8.353027 7.879792
v 4.791342 7.815989 8.349239
v 4.670098 7.553015 8.571938
v 4.539407 7.295738 8.785932
v 4.136427 6.547740 9.337094
v 3.938283 6.087265 9.649600
v 3.863049 5.867309 9.798651
v 3.792129 5.650916 9.938723
v 3.711657 5.423080 10.058607
v 3.621504 5.189267 10.137652
v 3.525921 4.963918 10.164727
v 3.435023 4.771605 10.121637
v 5.679448 7.973971 7.133593
v 5.473814 7.502525 7.652403
v 5.358573 7.272667 7.897645
v 5.234120 7.044235 8.139494
v 4.846606 6.379420 8.777516
v 4.647296 5.951349 9.132350
v 4.567497 5.741641 9.306193
v 4.493112 5.528408 9.479111
v 4.410123 5.307337 9.638727
v 4.301894 5.071063 9.760433
v 4.177031 4.843284 9.837765
v 4.060082 4.647419 9.854449
v 2.377711 -6.160463 11.193297
v 2.411306 -3.314233 11.428096
v 2.542046 -3.201505 11.318332
v 2.718760 -3.074573 11.169843
v 2.910003 -2.932540 10.976558
v 3.093286 -2.785664 10.750951
v 3.282887 -2.633621 10.508772
v 3.515290 -2.481246 10.250982
v 3.798629 -2.338758 9.972206
v 4.134248 -2.201824 9.664567
v 4.494091 -2.057280 9.306657
v 4.530014 -2.400089 9.245843
v 4.184537 -2.504974 9.613447
v 3.857539 -2.604833 9.934275
v 3.579944 -2.709529 10.217561
v 3.354342 -2.826216 10.472875
v 3.158044 -2.951618 10.719444
v 2.971721 -3.075717 10.945599
v 2.772655 -3.197178 11.138006
v 2.585926 -3.305967 11.282154
v 2.445732 -3.401613 11.387526
v 1.803912 2.890229 9.437817
v 1.641752 3.136384 9.392184
v 1.285159 4.163381 9.858143
v 2.499525 4.670628 10.206341
v 2.716334 4.657131 10.153899
v 3.378948 4.628754 10.039346
v 3.792733 4.559998 9.921071
v 3.989927 4.505929 9.834715
v 4.363786 4.357592 9.602210
v 4.538600 4.275902 9.458256
v 4.966660 4.015045 8.953424
v 5.081234 3.933614 8.786093
v 5.161796 3.862770 8.654716
v 5.224667 3.798166 8.543835
v 5.262191 3.739262 8.465056
v 5.269031 3.604008 8.366959
v 5.216516 3.450688 8.302909
v 5.169978 3.367974 8.284270
v 5.112556 3.281426 8.277411
v 5.106030 3.786903 8.659041
v 4.481258 3.089700 8.876415
v 4.361639 3.005708 9.004721
v 4.211552 2.936116 9.132284
v 3.808419 2.846523 9.365913
v 4.346725 3.163686 8.969532
v 4.221432 3.102189 9.086478
v 4.501773 4.194232 9.407010
v 4.463271 4.140501 9.341021
v 4.336600 4.281824 9.543751
v 3.768415 4.502606 9.820925
v 3.769017 4.491330 9.722132
v 4.316916 4.245327 9.458286
v 4.866221 3.874762 8.897254
v 4.913898 3.936957 8.933133
v 5.026166 3.847935 8.778659
v 4.977910 3.781314 8.754015
v 4.704667 3.417745 8.684381
v 4.811449 3.562028 8.679059
v 4.934873 3.717342 8.709780
v 4.381851 3.991292 9.270402
v 4.229156 4.079575 9.397069
v 3.680398 4.292602 9.648886
v 3.647543 4.182448 9.657119
v 4.194669 3.980048 9.410541
v 4.163045 3.874104 9.432789
v 4.343249 3.898634 9.289621
v 4.307345 3.797143 9.315029
v 4.623670 3.362524 8.660521
v 4.524287 3.439413 8.840132
v 4.457090 3.440880 8.788867
v 4.532302 3.371893 8.638946
v 4.275882 3.192637 8.945820
v 2.649157 3.012965 9.499679
v 2.624593 2.927020 9.510277
v 2.798286 2.882496 9.532533
v 2.810478 2.974650 9.531355
v 3.160161 2.971337 9.504009
v 3.168619 2.927356 9.538278
v 3.355928 2.923522 9.511613
v 3.338261 2.965920 9.474261
v 3.709858 2.960135 9.396166
v 3.688562 3.002421 9.355150
v 3.521889 2.976509 9.422522
v 3.545403 2.934655 9.464122
v 3.181355 2.824625 9.528302
v 3.391214 2.814543 9.496446
v 3.603886 2.822490 9.442503
v 4.028273 3.084941 9.162304
v 4.069985 3.050458 9.194276
v 4.162775 3.138959 9.052929
v 2.529274 3.099417 9.403767
v 2.672052 3.055285 9.453129
v 2.824458 3.017425 9.487648
v 2.333843 3.035468 9.431723
v 2.498839 3.055356 9.456172
v 2.365813 3.097554 9.401160
v 1.901714 3.128113 9.312310
v 1.781786 3.206010 9.253656
v 2.403159 3.135961 9.349868
v 2.035332 3.142859 9.298216
v 2.013465 3.175953 9.243134
v 1.893961 3.170428 9.256067
v 2.004583 3.238980 9.161100
v 1.948933 3.166299 9.254892
v 1.946312 3.226658 9.177057
v 4.033169 3.684758 9.328819
v 4.072830 3.707531 9.390183
v 4.203698 3.649394 9.276486
v 3.564930 3.862931 9.644760
v 3.541451 3.842598 9.593369
v 3.592945 3.950102 9.678267
v 2.557929 3.804300 9.548773
v 2.726358 3.854499 9.612345
v 4.120593 3.780264 9.427024
v 4.258839 3.712810 9.309709
v 4.160706 3.626631 9.219483
v 2.582731 3.783325 9.495547
v 2.738412 3.830992 9.566187
v 2.418276 3.714640 9.408829
v 2.393492 3.737332 9.475037
v 1.805370 3.228411 9.216053
v 1.859671 3.263775 9.172890
v 1.887615 3.278336 9.158345
v 1.943747 3.251254 9.157992
v 2.000718 3.269896 9.139474
v 1.862309 3.298265 9.164927
v 1.803982 3.290707 9.205100
v 1.843682 3.358193 9.210305
v 1.914112 3.419078 9.221446
v 1.881942 3.427127 9.275841
v 1.811886 3.359838 9.252229
v 1.766286 3.282743 9.231519
v 1.894005 3.341367 9.154626
v 1.883244 3.298224 9.156308
v 3.621192 4.065969 9.679077
v 2.515561 4.089249 9.591623
v 2.529279 3.978317 9.597505
v 2.710072 4.037579 9.650408
v 2.713059 4.151301 9.644024
v 2.335971 3.898102 9.526958
v 2.306440 3.992369 9.528807
v 2.717793 4.270482 9.651230
v 2.504070 4.199214 9.598834
v 2.278582 4.087788 9.536426
v 2.121881 3.891602 9.472273
v 2.160087 3.808979 9.463007
v 2.198590 3.727178 9.442113
v 2.077609 3.969547 9.489449
v 2.157008 4.270026 9.677216
v 2.720112 4.483992 9.807210
v 2.431670 4.432666 9.787305
v 2.699151 4.556168 9.977560
v 2.361013 3.812128 9.509917
v 2.546548 3.882971 9.581958
v 2.714706 3.933762 9.639375
v 1.952681 3.391201 9.140736
v 1.967867 3.363741 9.123272
v 2.134545 3.549981 9.261372
v 2.267855 3.632307 9.332017
v 1.911465 3.325569 9.140320
v 1.512897 4.076921 9.694315
v 2.983097 2.848135 9.542694
v 2.984901 2.945085 9.545065
v 2.989409 2.988632 9.504952
v 2.098954 3.572640 9.336071
v 1.971832 3.126131 9.309895
v 2.144187 3.176355 9.261450
v 2.052405 3.629124 9.382240
v 2.004430 3.696321 9.408013
v 1.952193 3.770704 9.416250
v 1.891028 3.840508 9.438265
v 1.695220 3.986722 9.576944
v 1.904703 3.225219 9.185600
v 1.913137 3.243618 9.169402
v 1.981344 3.331968 9.120980
v 1.923913 3.300900 9.139627
v 3.358340 4.567336 9.914352
v 3.367261 4.546922 9.800784
v 3.294618 4.344243 9.711185
v 3.266686 4.225849 9.709815
v 3.243495 4.103671 9.725410
v 3.222357 3.989712 9.721916
v 3.204639 3.900179 9.689568
v 3.202267 3.879342 9.642274
v 3.962775 4.442280 9.751517
v 3.962993 4.429512 9.654930
v 3.877317 4.237072 9.587534
v 3.847308 4.128303 9.595896
v 3.822207 4.014688 9.617981
v 3.787151 3.903646 9.613688
v 3.750950 3.819830 9.579311
v 3.719268 3.801257 9.516151
v 4.435063 4.082038 9.284817
v 4.281773 4.178265 9.414070
v 3.924591 4.345426 9.611343
v 3.728555 4.405936 9.674159
v 3.335973 4.458940 9.742262
v 2.728840 4.382790 9.701680
v 2.485492 4.308583 9.658294
v 2.233738 4.173998 9.585511
v 2.017513 4.043555 9.534745
v 1.815915 3.908865 9.486981
v 4.817518 3.802170 8.848210
v 4.701674 3.640430 8.839464
v 4.659123 3.559789 8.859165
v 4.599839 3.493027 8.860143
v 4.749594 3.725793 8.830379
v 4.867159 3.640963 8.687055
v 4.764377 3.484918 8.685546
v 2.158720 3.207785 9.211609
v 4.784782 3.380394 8.588962
v 4.712034 3.316797 8.595575
v 6.989652 4.796843 4.865692
v 6.884608 4.690377 5.196817
v 6.778847 4.585822 5.512743
v 6.465053 4.279578 6.384089
v 6.245831 4.061256 6.931397
v 6.119639 3.943811 7.196397
v 5.975843 3.824564 7.455662
v 5.809874 3.711944 7.712214
v 5.635892 3.623396 7.933412
v 5.480820 3.564704 8.102865
v 5.355916 3.536501 8.229856
v 5.247536 3.526742 8.331618
v 4.846183 3.445713 8.578283
v 4.903435 3.515779 8.574273
v 5.067371 3.718138 8.636128
v 6.865448 5.368786 5.190609
v 6.758827 5.236867 5.500993
v 6.650237 5.108550 5.797429
v 6.343624 4.724492 6.626859
v 6.146451 4.448879 7.146904
v 6.039150 4.299747 7.394006
v 5.920897 4.145071 7.631597
v 5.779822 3.992306 7.862010
v 5.622157 3.864985 8.063079
v 5.479579 3.768701 8.216052
v 5.364100 3.709474 8.327201
v 5.274876 3.674966 8.409349
v 5.027263 3.659528 8.605285
v 4.968717 3.588388 8.584937
v 2.449713 -3.881979 11.505497
v 2.615809 -3.891770 11.366412
v 2.812798 -3.896116 11.188711
v 6.065400 -4.550340 4.479608
v 6.067631 -4.549204 5.350818
v 6.004711 -4.535513 5.791928
v 5.904199 -4.512041 6.233842
v 5.619600 -4.444631 7.116116
v 5.224646 -4.355856 7.969487
v 4.447709 -4.199716 9.295121
v 4.180695 -4.141298 9.689967
v 3.244373 -3.937445 10.778541
v 3.024957 -3.913016 10.992914
v 2.968331 -4.140784 11.056293
v 5.712918 -5.085165 4.564336
v 5.756177 -5.075436 5.413332
v 5.713599 -5.053230 5.846384
v 5.638462 -5.021629 6.281718
v 5.401475 -4.930563 7.165219
v 5.059867 -4.809201 8.028236
v 4.351191 -4.583757 9.359898
v 4.097847 -4.500252 9.752660
v 4.839024 -5.859182 7.238034
v 4.271566 -5.481365 9.071138
v 4.749465 -5.789997 7.688805
v 3.382813 -5.010242 10.498034
v 3.596668 -5.117788 10.222350
v 3.823600 -5.236992 9.891908
v 4.452556 -5.073466 8.999481
v 5.020171 -5.339157 7.646789
v 3.511518 -4.656314 10.439970
v 3.734377 -4.757444 10.158461
v 3.974226 -4.864391 9.822599
v 2.187255 -6.442982 11.294271
v 1.974981 -6.702245 11.418125
v 0.777871 -7.371420 11.831508
v 5.353266 -5.560156 5.061564
v 5.229401 -5.545318 4.288558
v 4.903213 -5.974013 5.152179
v 4.780304 -5.970301 4.415832
v 4.429161 -6.218827 7.711220
v 4.476989 -6.277847 7.257191
v 4.431934 -6.347232 5.242091
v 4.324615 -6.379043 4.531350
v 4.070822 -6.653388 7.275721
v 4.061504 -6.616299 7.729968
v 3.962157 -6.696653 5.326656
v 3.881073 -6.777673 4.638907
v 3.629002 -6.974196 7.297643
v 3.648661 -6.962323 7.748715
v 3.499384 -7.030477 5.409958
v 3.455505 -7.167289 4.750059
v 2.559719 -6.347267 11.016056
v 2.362666 -6.658340 11.129441
v 2.138191 -6.946506 11.254015
v 0.819016 -7.724512 11.654111
v 2.741774 -6.522270 10.806695
v 2.521774 -6.865666 10.916191
v 2.272437 -7.181057 11.028311
v 0.840880 -8.029437 11.365785
v 2.376746 -7.392284 10.729628
v 0.846623 -8.236126 10.969703
v 3.234960 -7.103404 9.325342
v 3.056377 -6.854784 10.200784
v 2.912866 -6.692592 10.536698
v 3.184975 -7.228801 7.325300
v 3.224894 -7.235942 7.780541
v 2.664718 -7.056399 10.632486
v 2.771411 -7.223588 10.274405
v 2.866680 -7.432593 9.368377
v 2.759622 -7.435547 7.374517
v 2.807800 -7.460171 7.820718
v 2.068153 -7.934237 9.419031
v 1.975359 -7.831954 7.903655
v 0.783450 -8.169452 7.980864
v 1.934177 -7.798109 7.474991
v 2.473485 -7.709488 9.396279
v 2.388445 -7.657177 7.859385
v 2.341919 -7.627368 7.427830
v 6.504047 -2.768275 3.268697
v 5.147239 -5.533321 3.932097
v 5.546865 -5.059793 3.783656
v 5.892635 -4.529613 3.647729
v 6.362259 -3.365340 3.409458
v 3.471697 -7.088639 5.075708
v 3.919619 -6.728517 4.978948
v 4.378237 -6.360268 4.880281
v 4.848055 -5.972662 4.777019
v 4.714565 -5.975076 4.070132
v 4.280681 -6.408279 4.193190
v 3.858909 -6.838341 4.309697
v 3.457706 -7.265732 4.433180
v 4.943358 -5.962779 5.941467
v 4.497890 -6.339679 6.003147
v 4.033217 -6.672197 6.058206
v 3.556713 -6.968030 6.107955
v 1.894470 -7.790123 7.074496
v 2.295818 -7.619654 7.024045
v 2.715151 -7.428512 6.967255
v 3.151186 -7.215796 6.920740
v 3.602530 -6.971201 6.877389
v 4.062610 -6.668343 6.845288
v 4.500583 -6.313257 6.818913
v 4.899936 -5.910217 6.793570
v 5.244032 -5.462237 6.760562
v 1.537605 -7.936564 7.514393
v 1.572262 -7.979654 7.942940
v 1.654109 -8.112852 9.438674
v 7.240086 2.581320 4.386755
v 7.169874 2.556312 4.784960
v 7.083088 2.536606 5.175697
v 6.737560 2.511450 6.208944
v 6.408910 2.522135 6.859291
v 6.199272 2.535397 7.182221
v 5.958444 2.554135 7.495678
v 5.677165 2.581995 7.798388
v 5.404404 2.632057 8.032364
v 4.032548 2.886948 9.252240
v 3.903154 3.001915 9.298560
v 3.867544 3.038907 9.263362
v 7.244207 2.225423 4.379693
v 7.182722 2.209888 4.790174
v 7.100091 2.199936 5.191595
v 6.746640 2.211124 6.275935
v 6.407663 2.256876 6.950332
v 6.188858 2.291942 7.283484
v 5.930466 2.336004 7.605348
v 5.634829 2.387726 7.908818
v 0.823853 -8.352769 9.475740
v 0.747642 -8.114317 7.162627
v 1.505449 -7.929624 7.116373
v 0.371721 -8.160465 7.169409
v 0.382138 -8.165856 7.557829
v 0.391789 -8.220825 7.991728
v 0.412260 -8.413387 9.474152
v 0.418694 -8.390098 10.507850
v 0.420989 -8.285797 10.984738
v 0.421005 -8.080540 11.390081
v 0.415986 -7.777221 11.687956
v 0.398209 -7.422675 11.869715
v 0.366428 -7.048285 11.956023
v 0.336233 -6.670057 11.966329
v 0.308236 -6.298812 11.925874
v 0.276696 -5.917594 11.881890
v 0.253889 -5.584960 11.990808
v 1.752356 3.182836 9.303928
v 1.731524 3.271202 9.272590
v 1.772276 3.365196 9.288453
v 1.381873 3.670112 9.483747
v 1.216674 3.720613 9.606042
v 1.721255 3.373241 9.322519
v 1.688033 3.265691 9.317539
v 1.707545 3.162238 9.347331
v 1.779716 3.480440 9.340755
v 1.837274 3.449803 9.315412
v 1.712062 3.518231 9.352866
v 1.628823 3.565334 9.368905
v 1.523908 3.624538 9.405349
v 1.539689 3.258043 9.401657
v 1.551297 3.410810 9.373075
v 1.043065 3.768608 9.793028
v 1.930370 3.036840 9.384065
v 1.869049 2.957856 9.417392
v 5.095573 -0.880138 8.823885
v 4.903927 -0.542963 9.064898
v 4.680655 -0.247218 9.261578
v 4.428564 0.020606 9.418336
v 4.165818 0.259831 9.532310
v 3.891489 0.470807 9.610172
v 1.935107 2.780920 9.443693
v 1.870135 2.707490 9.473938
v 4.989977 3.309889 8.382220
v 4.878254 3.343887 8.484282
v 5.172871 3.737569 8.559357
v 4.944458 3.414193 8.478084
v 5.006243 3.484124 8.481793
v 5.064394 3.553027 8.496745
v 5.110020 3.619186 8.521169
v 5.141119 3.679579 8.547292
v 5.212550 3.710657 8.498314
v 5.053118 3.386957 8.382057
v 5.109470 3.463673 8.395492
v 5.154284 3.534788 8.417479
v 5.184846 3.601722 8.446221
v 5.202833 3.664023 8.476334
v 1.446092 3.437411 9.412558
v 1.310244 3.459553 9.488734
v 1.436120 3.254142 9.454380
v 1.306905 3.254354 9.529158
v 0.527451 3.870024 10.511759
v 0.725706 3.829111 10.286980
v 0.504902 3.667899 10.555444
v 4.672532 -5.172043 8.541013
v 4.841777 -4.737459 8.477272
v 4.978580 -4.305852 8.417010
v 5.156651 -3.444839 8.338727
v 5.204230 -3.022173 8.327190
v 5.240509 -2.599734 8.336850
v 5.266312 -2.173001 8.377350
v 5.277359 -1.730015 8.451194
v 5.245637 -1.271869 8.581469
v 2.856091 1.139763 9.757140
v 2.621788 1.288075 9.781643
v 2.399506 1.437725 9.811591
v 2.187407 1.590691 9.844603
v 1.987743 1.751045 9.889484
v 1.064101 1.485688 11.152631
v 0.687697 1.883470 11.581892
v 0.199658 2.088856 11.879972
v 0.382894 2.048537 11.810699
v 1.304371 1.150316 10.870827
v 1.184212 1.323751 11.009645
v 1.517062 1.131612 10.570978
v 1.646392 0.932292 10.460867
v 1.424834 0.962887 10.738244
v 1.538241 0.765645 10.609955
v 1.742157 0.320408 10.384041
v 1.644405 0.553382 10.490016
v 4.373415 3.513388 8.941845
v 4.433095 3.510649 8.997647
v 4.500743 3.566127 9.022393
v 4.559538 3.636708 9.027283
v 4.596156 3.724832 8.996750
v 4.637247 3.810994 8.978989
v 4.699107 3.891921 8.995146
v 4.737438 3.958068 9.052445
v 4.784689 4.020813 9.095844
v 4.837107 4.104493 9.128697
v 4.905970 4.224866 9.121073
v 5.023804 4.387541 9.071623
v 5.166288 4.593091 8.972533
v 5.300694 4.820937 8.811463
v 5.398158 5.042111 8.609505
v 5.476522 5.252732 8.392639
v 5.552178 5.450040 8.176908
v 5.736141 5.837457 7.740673
v 6.056219 6.400910 7.028396
v 6.166028 6.595284 6.773847
v 6.273866 6.791490 6.512561
v 6.471989 7.193161 5.956111
v 5.853669 7.847713 6.907259
v 5.652548 7.389118 7.433187
v 5.541305 7.166289 7.679053
v 5.423351 6.943369 7.919311
v 5.057200 6.297460 8.576923
v 4.853950 5.877678 8.954116
v 4.771298 5.671129 9.140571
v 4.694554 5.459331 9.325875
v 4.607346 5.235454 9.496408
v 4.495378 4.997662 9.627470
v 4.365742 4.769523 9.711999
v 4.250524 4.578091 9.738808
v 4.179686 4.437439 9.730773
v 4.154891 4.365260 9.662078
v 4.147672 4.340979 9.567719
v 4.111863 4.267065 9.524579
v 4.067095 4.163195 9.502268
v 4.032947 4.057652 9.511073
v 4.006703 3.946623 9.530235
v 3.967170 3.843950 9.523142
v 3.924280 3.762985 9.486605
v 3.889174 3.748081 9.428190
v 4.730947 8.458558 8.124725
v 4.528183 7.898646 8.571423
v 4.408769 7.626421 8.780348
v 4.280495 7.358009 8.983204
v 3.880463 6.583162 9.507412
v 3.683114 6.111551 9.808918
v 3.609534 5.888622 9.952214
v 3.540452 5.669099 10.082377
v 3.464936 5.438728 10.187130
v 3.380628 5.202132 10.247436
v 3.290716 4.981551 10.253386
v 3.207197 4.790772 10.189219
v 3.153993 4.645798 10.079986
v 3.138363 4.573853 9.944364
v 3.159076 4.541982 9.817790
v 3.152535 4.458692 9.746644
v 3.112701 4.337074 9.706663
v 3.090884 4.216974 9.705029
v 3.069730 4.097003 9.715391
v 3.053154 3.982631 9.711539
v 3.045133 3.899007 9.677530
v 3.045773 3.876079 9.628382
v 2.028641 4.741018 10.413432
v 7.200820 1.104515 4.438230
v 6.693962 1.217180 6.569463
v 7.063879 1.113863 5.319503
v 7.146468 1.104805 4.881823
v 7.036823 -0.437153 3.806648
v 6.998499 -0.497056 4.676861
v 6.842956 -0.531770 5.632706
v 6.934719 -0.519540 5.151092
v 2.095301 2.669435 9.452070
v 2.037172 2.586450 9.473352
v 2.365787 2.266690 9.507716
v 2.199506 2.016244 9.630494
v 2.099890 1.887552 9.747940
v 2.474599 2.481401 9.464798
v 2.426730 2.379996 9.478140
v 2.715233 2.494361 9.464135
v 2.746236 2.591957 9.480494
v 2.584373 2.163086 9.501313
v 2.417658 1.889686 9.611630
v 2.310125 1.743890 9.714457
v 2.682665 2.394214 9.463898
v 2.640169 2.284260 9.477547
v 2.942094 2.424043 9.446259
v 2.966044 2.530660 9.465196
v 2.816305 2.064917 9.488816
v 2.647394 1.769880 9.591587
v 2.531659 1.608553 9.688822
v 2.907841 2.313490 9.446045
v 2.870063 2.195169 9.463738
v 3.187547 2.362976 9.409328
v 3.208007 2.481427 9.430252
v 3.068746 1.974061 9.464410
v 2.889896 1.653121 9.564263
v 2.766789 1.476810 9.660249
v 3.161154 2.241244 9.411877
v 3.122179 2.112641 9.434162
v 3.462888 2.316844 9.345064
v 3.466672 2.447646 9.369844
v 3.345312 1.886219 9.421810
v 3.147897 1.538853 9.529121
v 3.013498 1.344926 9.629804
v 3.440316 2.179468 9.352189
v 3.404197 2.035921 9.383384
v 3.749271 2.436318 9.275799
v 2.547796 2.661502 9.476810
v 2.513900 2.572888 9.464602
v 2.769963 2.689043 9.503347
v 2.983070 2.636988 9.495293
v 3.211716 2.598225 9.467506
v 3.457624 2.575627 9.416221
v 2.786623 2.785656 9.522788
v 2.987300 2.743059 9.524251
v 3.203482 2.713122 9.502436
v 3.430868 2.699013 9.462795
v 2.600908 2.839204 9.506181
v 2.577677 2.751091 9.494042
v 3.715736 2.572366 9.335606
v 3.664744 2.701049 9.396891
v 4.050086 2.453443 9.139025
v 3.985830 2.599227 9.215164
v 3.904465 2.725922 9.301502
v 4.346283 2.507877 8.956638
v 4.245247 2.653569 9.060248
v 4.143194 2.777776 9.164968
v 4.556998 2.601395 8.795747
v 4.436682 2.724972 8.910490
v 4.331604 2.836316 9.027805
v 4.710288 2.713480 8.643650
v 4.583882 2.821396 8.767083
v 4.468237 2.923015 8.899459
v 4.821756 2.846435 8.511002
v 4.695948 2.925976 8.632174
v 4.582612 3.013405 8.762967
v 5.548254 3.117944 7.857901
v 5.195833 3.153347 8.171695
v 5.051255 3.187600 8.291888
v 5.359321 3.127299 8.031893
v 4.919927 3.229331 8.396671
v 4.808963 3.272005 8.501322
v 3.764662 2.287165 9.246374
v 3.748735 2.127960 9.261926
v 3.706644 1.965952 9.306162
v 3.639479 1.797709 9.361070
v 3.422881 1.423165 9.494146
v 3.272532 1.208795 9.594628
v 3.099725 0.986750 9.729566
v 2.686171 0.529983 10.028966
v 2.447206 0.285641 10.137177
v 2.221685 0.038827 10.213641
v 2.023487 -0.211335 10.260083
v 1.889432 -0.472724 10.341311
v 1.757524 -0.702138 10.456553
v 1.491597 -0.990702 10.730566
v 1.213032 -1.079977 10.952048
v 1.079514 -1.090893 11.054020
v 0.958769 -1.090802 11.148249
v 0.844487 -1.089819 11.237251
v 0.477549 -1.098614 11.453813
v 0.232195 -1.142277 11.548771
v 0.115774 -1.153472 11.568182
v 4.316503 1.011982 9.321815
v 4.120801 0.742091 9.456429
v 4.595095 1.508062 9.061397
v 4.686124 1.734571 8.924674
v 4.773668 1.954437 8.782310
v 4.630336 0.830980 9.206924
v 4.415223 0.543229 9.358927
v 4.936632 1.376091 8.908505
v 5.036877 1.621425 8.751188
v 4.100461 2.280131 9.099646
v 4.076361 2.089082 9.136292
v 4.023698 1.900764 9.202903
v 3.948436 1.710519 9.281005
v 3.713146 1.305823 9.450906
v 3.545396 1.068872 9.560420
v 3.355155 0.827213 9.699154
v 2.903227 0.344013 10.020131
v 2.647634 0.089971 10.138212
v 2.407304 -0.165996 10.225116
v 2.184126 -0.420542 10.282566
v 1.999726 -0.659923 10.384126
v 1.839663 -0.869455 10.527546
v 1.536921 -1.130228 10.842433
v 1.232794 -1.219726 11.081333
v 1.091625 -1.226767 11.180849
v 0.964520 -1.221378 11.270570
v 0.843795 -1.216268 11.350270
v 0.478405 -1.227033 11.547167
v 0.237474 -1.240599 11.609139
v 0.118922 -1.242444 11.616570
v 5.773046 3.131804 7.619041
v 5.998824 3.162749 7.332110
v 6.196765 3.200099 7.036977
v 6.367389 3.239467 6.744227
v 6.647825 3.325286 6.155262
v 6.984537 3.469025 5.210358
v 7.086034 3.524906 4.854172
v 7.179332 3.584270 4.484560
v 5.244316 2.852166 8.128461
v 5.170718 2.692302 8.217186
v 5.195164 2.070399 8.432290
v 5.531848 1.973616 8.197864
v 5.848718 1.873195 7.900379
v 6.126951 1.774537 7.565657
v 6.364891 1.687849 7.203221
v 6.726805 1.564627 6.450740
v 7.091535 1.489547 5.263140
v 7.176566 1.485432 4.837859
v 7.228930 1.487941 4.403656
v 4.863421 2.176332 8.639758
v 4.940014 0.623961 9.038914
v 4.702149 0.317169 9.217611
v 5.278553 1.220868 8.708531
v 5.388310 1.493618 8.540121
v 5.235442 0.393719 8.816222
v 4.978451 0.063883 9.024936
v 5.602473 1.047712 8.442591
v 5.712485 1.346951 8.259595
v 5.516109 0.147604 8.530887
v 5.238272 -0.215889 8.779002
v 5.891002 0.866763 8.112338
v 5.998236 1.194696 7.920822
v 5.783931 -0.111435 8.172862
v 6.146842 0.697509 7.729011
v 6.246393 1.054529 7.540893
v 6.910098 -0.094667 5.546916
v 6.970201 0.324460 5.462069
v 7.021724 0.726546 5.385066
v 6.995590 -0.092428 5.073860
v 7.051275 0.320483 4.999974
v 7.103085 0.719202 4.934776
v 7.053485 -0.078388 4.605287
v 7.106822 0.326389 4.538315
v 7.157321 0.720707 4.483680
v 7.348395 3.013680 3.595232
v 7.334491 2.647648 3.542636
v 7.338735 3.706111 3.723887
v 7.280357 4.363355 3.902650
v 7.313167 4.037971 3.801254
v 7.238604 4.685340 4.027247
v 7.001935 5.928842 4.746655
v 7.074023 5.628759 4.534828
v 6.919754 6.216889 4.975658
v 6.826621 6.488789 5.215633
v 6.719019 6.741834 5.459491
v 7.137536 5.319220 4.342716
v 7.192620 5.004040 4.173175
v 7.313323 2.267757 3.511762
v 7.285400 1.879848 3.522757
v 7.254354 1.496564 3.553782
v 7.220415 1.114161 3.596668
v 7.083957 -0.036994 3.750706
v 7.129128 0.351879 3.699583
v 7.175152 0.732730 3.646805
v 4.982564 2.358581 8.484992
v 4.878110 2.610833 8.507610
v 4.982328 2.766284 8.374783
v 5.066929 2.913538 8.277658
v 6.770379 -0.987071 5.717926
v 7.000063 -0.334906 3.045556
v 1.064974 9.371011 9.644775
v 1.018561 8.640265 9.953281
v 0.987627 8.282029 10.077042
v 0.953417 7.938922 10.191404
v 0.879934 7.295249 10.423529
v 0.775669 6.439108 10.740464
v 1.042255 6.485425 10.709682
v 1.186146 7.344164 10.376143
v 1.281380 7.983147 10.136559
v 1.326982 8.324610 10.017812
v 1.365888 8.680462 9.889656
v 1.424677 9.402682 9.568928
v 1.596876 4.428784 10.046247
v 1.891581 4.345924 9.837949
v 1.762498 4.530717 10.161141
v 1.645325 -0.728075 10.586917
v 1.624879 -0.880141 10.602032
v 1.691269 -1.030862 10.695058
v 1.377048 -0.906312 10.809266
v 1.345080 -1.054396 10.850952
v 1.380937 -1.187206 10.967299
v 7.050218 0.031134 2.999657
v 7.098461 0.393326 2.951759
v 7.143600 0.755293 2.893774
v 7.183832 1.114660 2.826867
v 7.225888 1.479988 2.741910
v 7.276228 1.865642 2.632574
v 7.345036 2.326741 2.472577
v 7.404244 2.769849 2.632315
v 7.442862 3.144510 2.750272
v 7.475485 3.838329 2.940225
v 7.467247 4.180163 3.037053
v 7.125802 6.526446 4.307772
v 7.028533 6.830638 4.562765
v 6.791788 7.377780 5.088809
v 6.917712 7.115233 4.823901
v 6.655766 7.613352 5.349868
v 6.355962 8.012819 5.855038
v 6.194929 8.175368 6.096084
v 5.643125 8.619391 6.817385
v 5.853103 8.462125 6.563044
v 5.142994 8.915052 7.356026
v 4.871362 9.041063 7.620428
v 4.306147 9.245324 8.120740
v 4.000362 9.322451 8.363911
v 3.318875 9.428291 8.825766
v 6.030022 8.322521 6.329915
v 7.449241 4.519860 3.150451
v 7.422943 4.860940 3.286078
v 7.208635 6.207884 4.062288
v 7.278784 5.879149 3.835101
v 7.338122 5.542222 3.629073
v 7.386008 5.201986 3.445402
v 0.719920 2.113618 11.359707
v 0.853451 1.980563 11.215819
v 1.744314 1.455316 10.219347
v 1.624931 1.297929 10.396282
v 0.492002 3.245785 10.795033
v 0.844180 2.756269 10.609199
v 2.945467 9.455148 9.032769
v 2.844376 8.772427 9.421965
v 2.775169 8.435089 9.579123
v 2.694357 8.106323 9.722000
v 2.516550 7.483232 9.995476
v 2.256793 6.633076 10.393863
v 0.888117 2.986456 10.282636
v 0.836896 3.301055 10.147019
v 0.839816 3.560492 10.064998
v 1.051814 3.021283 9.932747
v 0.992053 3.274323 9.871671
v 0.989920 3.525060 9.815469
v 0.886374 3.799635 10.033149
v 1.065392 4.202205 10.095328
v 1.875639 4.949286 10.637993
v 1.954374 5.084187 10.695860
v 1.476592 3.087122 9.493364
v 1.351103 3.061559 9.567217
v 1.205232 3.042156 9.705723
v 1.152247 3.259789 9.661312
v 1.151748 3.491365 9.617465
v 2.469774 2.979937 9.474723
v 2.438450 2.901221 9.478351
v 2.403990 2.821273 9.473173
v 2.366163 2.739094 9.463079
v 2.322679 2.658118 9.457336
v 2.277668 2.574661 9.460343
v 2.225679 2.481394 9.476922
v 2.158706 2.376393 9.507367
v 1.991090 2.150727 9.648828
v 1.897195 2.040089 9.784785
v 1.795967 1.919808 9.942689
v 1.578652 1.639821 10.301156
v 1.477392 1.485368 10.493214
v 1.382836 1.320514 10.684532
v 1.251027 1.499820 10.807447
v 1.119703 1.670477 10.938163
v 0.402373 2.309942 11.612205
v 0.209158 2.356217 11.685737
v 2.146446 2.749330 9.444284
v 2.197684 2.825585 9.444501
v 2.250429 2.897624 9.446810
v 2.293309 2.967900 9.445519
v 1.993328 2.852482 9.431732
v 2.055746 2.921399 9.423696
v 2.024885 3.060394 9.368907
v 2.088418 3.091370 9.349021
v 2.186356 3.158364 9.296710
v 0.557393 4.070000 10.512213
v 0.777150 4.036664 10.292041
v 0.961483 4.016364 10.044543
v 1.147126 3.984956 9.807372
v 1.346151 3.915894 9.634389
v 1.518490 3.842001 9.522641
v 1.646389 3.768705 9.439050
v 1.736216 3.704972 9.390797
v 1.808520 3.643834 9.372069
v 1.873287 3.587502 9.365393
v 1.931015 3.539087 9.342041
v 1.980242 3.496925 9.301798
v 2.010194 3.486977 9.233534
v 2.033571 3.441751 9.128911
v 2.039572 3.406510 9.110456
v 2.047258 3.368915 9.103942
v 2.064350 3.294295 9.118680
v 2.075696 3.259003 9.139948
v 2.083087 3.188730 9.227837
v 2.094710 3.158360 9.275906
v 2.140055 3.124556 9.324963
v 2.221279 3.085670 9.380072
v 2.262456 3.133221 9.346439
v 2.121826 2.979674 9.414440
v 2.176999 3.034832 9.404172
v 0.312983 4.316305 10.702342
v 0.293590 4.102310 10.674399
v 0.280075 3.905542 10.673578
v 0.269428 3.713720 10.714739
v 0.263778 3.517852 10.803525
v 0.258011 3.314867 10.933663
v 2.296301 3.167013 9.296953
v 2.219869 3.191484 9.251583
v 0.358817 9.317844 9.737403
v 0.342056 8.571467 10.033204
v 0.330599 8.209505 10.150225
v 0.318378 7.858512 10.259436
v 0.294326 7.217515 10.478231
v 0.264840 6.365898 10.774693
v 0.251874 5.609314 10.903183
v 0.489616 5.623229 10.881449
v 0.969339 5.697853 10.851616
v 1.225975 5.750890 10.832358
v 3.688367 -4.019255 10.311728
v 3.464841 -3.971363 10.549297
v 3.922899 -4.079185 10.028436
v 3.617313 -4.329697 10.373261
v 3.401017 -4.254392 10.615728
v 3.848981 -4.412430 10.092339
v 3.183085 -4.191613 10.840117
v 2.070532 4.456930 9.957034
v 2.454505 4.542660 10.011747
v 2.279572 4.697638 10.289969
v 2.347807 4.843976 10.443390
v 2.410071 5.025771 10.549953
v 2.462937 5.233667 10.597173
v 2.515346 5.458053 10.589665
v 2.565681 5.684207 10.536540
v 2.618288 5.912599 10.453967
v 2.680958 6.150023 10.353508
v 2.843960 6.654765 10.110118
v 3.170104 7.491505 9.682938
v 3.278164 7.788660 9.527446
v 3.378105 8.094340 9.370827
v 3.555268 8.732147 9.028562
v 3.671188 9.383114 8.599436
v 1.795242 9.431896 9.474206
v 1.725249 8.718880 9.810293
v 1.676204 8.366119 9.943426
v 1.622519 8.027644 10.065865
v 1.504980 7.389384 10.313685
v 1.329834 6.532754 10.665242
v 1.497907 5.801725 10.801731
v 1.908672 4.629554 10.286710
v 2.188118 4.572408 10.121604
v 0.718459 -5.589412 11.937591
v 0.774958 -5.913346 11.807243
v 1.282471 -6.100050 11.679233
v 1.425746 -6.370560 11.651546
v 1.569395 -6.644350 11.619750
v 1.727463 -6.929184 11.546844
v 1.874521 -7.210617 11.389437
v 1.984240 -7.466969 11.140108
v 2.049556 -7.688473 10.810602
v 2.077575 -7.841516 10.393104
v 1.679793 -8.073481 10.441132
v 1.679501 -7.941226 10.876032
v 1.641866 -7.721407 11.244164
v 1.562595 -7.436711 11.500791
v 1.444390 -7.119332 11.661583
v 1.329967 -6.801836 11.725394
v 1.202879 -6.489381 11.749276
v 1.083322 -6.191432 11.749824
v 6.168296 -3.941401 3.529616
v 6.323237 -3.970111 4.386211
v 6.304576 -3.992611 5.275761
v 6.229439 -3.996314 5.724976
v 6.117390 -3.988081 6.174255
v 5.795363 -3.948521 7.058228
v 5.350752 -3.897419 7.922074
v 5.081021 -3.873275 8.369030
v 4.505750 -3.822760 9.244638
v 4.224095 -3.792634 9.634319
v 3.957032 -3.757884 9.972349
v 3.712651 -3.725363 10.254300
v 3.490994 -3.708084 10.499293
v 3.271864 -3.707502 10.731401
v 3.052706 -3.713028 10.944545
v 2.835855 -3.724705 11.133123
v 2.633978 -3.747554 11.310331
v 2.472366 -3.770650 11.460698
v 3.035132 -7.351353 5.474490
v 3.039143 -7.552482 4.848222
v 3.029937 -7.440175 5.154395
v 3.068001 -7.697052 4.545212
v 3.087465 -7.240074 6.166434
v 2.646491 -7.482016 6.237940
v 2.219318 -7.696752 6.297547
v 2.629372 -7.936171 4.956400
v 2.606753 -7.777506 5.249601
v 2.683151 -8.125907 4.673241
v 1.826079 -7.896404 6.346970
v 2.324934 -8.522333 4.834896
v 2.254483 -8.290697 5.095199
v 2.217153 -8.089664 5.365743
v 1.640641 -9.212399 5.180308
v 1.571141 -8.909776 5.423752
v 1.515450 -8.637457 5.647700
v 1.257073 -9.471681 5.313128
v 1.197613 -9.135194 5.554841
v 1.152969 -8.833527 5.774704
v 1.123905 -8.036889 7.143822
v 1.148605 -8.042972 7.535291
v 1.178429 -8.091710 7.966742
v 1.238057 -8.252801 9.460884
v 1.265764 -8.236035 10.474315
v 1.272508 -8.125921 10.934668
v 1.253731 -7.912134 11.319652
v 1.205929 -7.612237 11.590308
v 1.132069 -7.267508 11.758663
v 1.044184 -6.920400 11.832220
v 0.942182 -6.575336 11.844425
v 0.852329 -6.248327 11.821091
v 1.650238 -5.258432 11.871784
v 1.453422 -5.437889 11.850548
v 1.220595 -5.613611 11.821128
v 1.165023 -5.873703 11.735161
v 4.444765 3.401501 8.612341
v 4.233385 3.214897 8.929000
v 4.123704 3.163593 9.033150
v 3.988716 3.114016 9.138307
v 3.841983 3.074921 9.230589
v 3.670524 3.036016 9.321691
v 3.505788 3.011911 9.389267
v 3.329305 2.999873 9.441282
v 3.160688 3.002998 9.468233
v 2.990759 3.021737 9.469569
v 2.836437 3.047527 9.450783
v 2.692112 3.087508 9.413294
v 2.549721 3.129271 9.362452
v 2.430657 3.163704 9.306101
v 2.331628 3.199744 9.247790
v 2.249983 3.227942 9.190746
v 2.185818 3.250257 9.136234
v 2.082866 3.222542 9.177901
v 2.009256 3.206875 9.194915
v 1.945897 3.197752 9.207808
v 1.901160 3.201622 9.214684
v 1.836454 3.248614 9.191458
v 1.836380 3.296410 9.181695
v 1.868962 3.352845 9.176653
v 1.936387 3.412248 9.171870
v 2.032141 3.465226 9.179763
v 2.170413 3.542317 9.176802
v 2.294098 3.627000 9.265162
v 2.435071 3.695472 9.355629
v 2.594971 3.768609 9.443090
v 2.745918 3.821581 9.517446
v 3.044971 3.859636 9.577034
v 3.188609 3.856854 9.552642
v 3.518355 3.826961 9.525683
v 3.691959 3.783776 9.460023
v 3.852793 3.731574 9.364644
v 3.991092 3.677153 9.259082
v 4.114471 3.620018 9.153935
v 4.328321 3.511771 8.897594
v 4.404026 3.451383 8.743928
v 4.429021 3.407110 8.586023
v 4.221842 3.205688 8.910511
v 4.115454 3.158006 9.010036
v 3.975161 3.111172 9.114893
v 3.836511 3.076239 9.208695
v 3.668225 3.046926 9.292773
v 3.500454 3.011462 9.355214
v 3.325995 2.996465 9.407654
v 3.155614 2.994487 9.436102
v 2.987231 3.015272 9.434711
v 2.840231 3.034766 9.415769
v 2.691518 3.075390 9.382014
v 2.556028 3.118407 9.324883
v 2.436485 3.150900 9.271430
v 2.332986 3.185287 9.208965
v 2.250392 3.212977 9.154656
v 2.186270 3.246884 9.107029
v 2.149060 3.286375 9.081051
v 2.129317 3.323947 9.070751
v 2.113601 3.404121 9.074884
v 2.117494 3.452932 9.089583
v 2.134665 3.505378 9.115260
v 2.182834 3.551819 9.157591
v 2.298939 3.629961 9.242783
v 2.434664 3.703664 9.332570
v 2.594334 3.774041 9.420624
v 2.751469 3.821353 9.492608
v 3.047043 3.864293 9.552321
v 3.508531 3.827307 9.499839
v 3.678799 3.784800 9.433403
v 3.836034 3.725594 9.337674
v 3.979750 3.676360 9.237773
v 4.097958 3.626192 9.128447
v 4.310244 3.524773 8.875533
v 4.388591 3.463133 8.716294
v 2.125905 3.496094 9.122718
v 2.113031 3.449561 9.099348
v 2.112856 3.402925 9.088433
v 2.129550 3.325404 9.090197
v 2.147944 3.287215 9.102629
v 1.463554 -8.067849 6.412374
v 0.777997 -8.971196 5.872185
v 0.808433 -9.286981 5.661061
v 0.847315 -9.646093 5.422209
v 0.389518 -9.058842 5.932771
v 0.405217 -9.386566 5.728856
v 0.425644 -9.756414 5.495985
v 1.100672 -8.198417 6.484151
v 0.732388 -8.288669 6.531164
v 0.362787 -8.348079 6.557667
v 1.859889 -8.383142 5.501839
v 1.913995 -8.621445 5.259788
v 1.989143 -8.889075 5.012815
v 2.601652 -7.650504 5.557857
v 2.199085 -7.923138 5.651915
v 1.830568 -8.183337 5.755538
v 1.478831 -8.403454 5.873027
v 1.121444 -8.574216 5.986362
v 0.754395 -8.695953 6.068190
v 0.377906 -8.772091 6.121134
v 0.634496 7.896262 10.232248
v 0.658529 8.241629 10.121822
v 0.679586 8.600798 10.002771
v 0.713097 9.341063 9.701591
v 0.726949 5.655284 10.865477
v 1.435244 4.307288 9.944400
v 1.914910 4.121161 9.619979
v 1.182083 4.357751 10.173748
v 1.707367 4.213170 9.763322
v 2.235244 3.654763 9.399081
v 4.293977 3.260826 8.810851
v 4.315157 3.265592 8.830882
v 4.370970 3.250101 8.838607
v 4.443209 3.233123 8.849404
v 4.569698 3.165235 8.758325
v 4.667693 3.098063 8.646820
v 4.780867 3.030274 8.528015
v 4.909747 2.972075 8.410339
v 5.134227 3.029804 8.212528
v 5.305665 2.987710 8.066010
v 5.509340 2.967584 7.888358
v 5.747733 2.962480 7.650810
v 5.989743 2.972904 7.357953
v 6.202985 2.991040 7.057714
v 6.386931 3.012349 6.755702
v 6.683424 3.065646 6.151850
v 7.023306 3.170269 5.184057
v 7.121457 3.213660 4.817603
v 7.207733 3.260616 4.441145
v 7.349463 3.365252 3.656077
v 7.466150 3.495110 2.848934
v 0.119802 -1.491084 11.921073
v 0.230846 -1.496766 11.943306
v 0.456157 -1.521136 11.978623
v 0.876034 -1.566707 11.884584
v 1.021144 -1.591778 11.813122
v 1.169801 -1.620265 11.729422
v 1.331650 -1.659336 11.638454
v 1.508913 -1.704091 11.531466
v 1.715146 -1.736820 11.384316
v 6.587914 2.513932 6.533098
v 6.593065 2.229805 6.612105
v 6.582910 1.931568 6.712678
v 6.561467 1.618018 6.829122
v 6.519713 1.289341 6.974991
v 6.459155 0.938217 7.132097
v 6.374961 0.555407 7.308389
v 6.058675 -0.351114 7.727660
v 5.758837 -0.950414 8.021459
v 6.074918 -1.520626 7.380661
v 5.981879 -2.020722 7.387002
v 5.895713 -2.499940 7.394558
v 5.812619 -2.966429 7.403374
v 5.710489 -3.442145 7.437774
v 5.589090 -3.922877 7.488636
v 5.436309 -4.402286 7.545312
v 5.245021 -4.873380 7.597714
v 4.465045 -5.596653 8.610372
v 4.230277 -6.025938 8.671896
v 3.952381 -6.448317 8.716642
v 3.624880 -6.840585 8.764541
v 3.256338 -7.182359 8.810332
v 2.865522 -7.475667 8.851961
v 2.460543 -7.720799 8.877636
v 2.048874 -7.923540 8.903211
v 1.636923 -8.092679 8.929318
v 1.226314 -8.224839 8.948782
v 0.815527 -8.312079 8.959645
v 0.408399 -8.370760 8.967427
v 0.283815 6.923723 10.591127
v 0.563702 6.956810 10.570360
v 0.843863 7.000569 10.541269
v 1.136231 7.046660 10.499345
v 1.446874 7.095271 10.441929
v 1.765439 7.135753 10.363867
v 2.425437 7.187644 10.133255
v 2.756092 6.398488 10.237260
v 3.015961 6.394737 10.097976
v 3.267822 6.384054 9.957762
v 3.771951 6.344447 9.658835
v 4.028793 6.314161 9.494536
v 4.516984 6.226464 9.140089
v 4.738921 6.163994 8.958443
v 4.949444 6.086136 8.768468
v 5.145783 5.996420 8.569679
v 5.325109 5.891212 8.365468
v 5.638769 5.645992 7.960389
v 5.775856 5.502765 7.760248
v 5.895916 5.343917 7.565173
v 6.002156 5.173529 7.377955
v 6.095321 4.988972 7.198955
v 6.177251 4.793412 7.034068
v 6.245986 4.590815 6.889702
v 6.306526 4.383186 6.764045
v 6.359304 4.172932 6.660117
v 6.403380 3.958257 6.576543
v 6.445232 3.740107 6.512056
v 6.484474 3.514948 6.468027
v 6.516859 3.281432 6.449255
v 6.545302 3.037545 6.453097
v 6.568873 2.782389 6.482734
v 6.128783 -3.460383 6.559772
v 5.971854 -3.971551 6.621559
v 5.775428 -4.480922 6.676280
v 5.533202 -4.980662 6.722589
v 4.627418 -5.702030 8.144624
v 4.350284 -6.136582 8.184311
v 4.026307 -6.552277 8.211375
v 3.651481 -6.920956 8.246284
v 3.250628 -7.229202 8.277964
v 2.842594 -7.482955 8.317205
v 2.429556 -7.696453 8.353759
v 2.016701 -7.883909 8.387731
v 1.608740 -8.043443 8.418982
v 1.203144 -8.160923 8.436931
v 0.800935 -8.248758 8.453089
v 0.401056 -8.303675 8.463888
v 0.306187 7.527303 10.365401
v 0.609620 7.562861 10.342309
v 0.916341 7.608654 10.307096
v 1.234013 7.654316 10.254895
v 1.564127 7.700452 10.188280
v 1.903001 7.736666 10.103847
v 2.607872 7.788943 9.857255
v 3.057034 7.200894 9.833643
v 3.346206 7.188693 9.676611
v 3.620482 7.165772 9.515246
v 4.144479 7.091999 9.174296
v 4.401780 7.041274 8.986666
v 4.884817 6.905376 8.581703
v 5.100979 6.821822 8.370438
v 5.299938 6.726338 8.153300
v 5.481586 6.620659 7.936102
v 5.648282 6.501191 7.718387
v 5.946571 6.213257 7.274284
v 6.074711 6.045054 7.053436
v 6.189320 5.860871 6.839228
v 6.291785 5.660278 6.630093
v 6.385022 5.445642 6.432044
v 6.470516 5.217629 6.247850
v 6.544987 4.980681 6.081542
v 6.612494 4.736323 5.936628
v 6.673518 4.484784 5.813356
v 6.730733 4.227671 5.712474
v 6.785728 3.964737 5.634748
v 6.835270 3.695168 5.578110
v 6.878671 3.417731 5.543009
v 6.917743 3.130577 5.526551
v 6.951887 2.832451 5.528607
v 6.978290 2.521283 5.544510
v 6.996054 2.195600 5.574454
v 6.999191 1.856021 5.618069
v 6.987288 1.502816 5.675623
v 6.961467 1.132891 5.746248
v 6.919643 0.747332 5.829788
v 6.867094 0.343748 5.925474
v 6.804003 -0.081468 6.028224
v 6.726310 -0.529815 6.130188
v 6.639740 -1.000399 6.228765
v 6.549240 -1.480225 6.306081
v 6.458368 -1.963071 6.369899
v 6.362159 -2.455364 6.434238
v 6.257627 -2.952301 6.497634
v 6.821460 -1.678621 3.550679
v 6.904702 -1.213580 3.505919
v 6.969878 -0.789550 3.460645
v 7.020730 -0.389277 3.408651
v 7.066560 -0.002467 3.358019
v 7.112690 0.373761 3.307898
v 7.157664 0.746527 3.251368
v 7.202155 1.120097 3.196264
v 7.243128 1.495683 3.139093
v 7.285820 1.883631 3.080344
v 7.331045 2.292631 3.037274
v 7.371376 2.695600 3.095033
v 7.398870 3.069784 3.171093
v 7.411510 3.425910 3.250373
v 7.409610 3.770243 3.330490
v 7.393095 4.108581 3.419503
v 7.367117 4.442225 3.527422
v 7.332313 4.773930 3.659051
v 7.290052 5.103623 3.812421
v 7.237314 5.431167 3.991406
v 7.175082 5.754801 4.190615
v 7.103604 6.068561 4.411896
v 7.021540 6.372945 4.649751
v 6.926839 6.659345 4.897836
v 6.818505 6.927100 5.149379
v 6.697234 7.173565 5.404654
v 6.566247 7.398898 5.658817
v 6.268977 7.785577 6.156669
v 6.109194 7.943965 6.395285
v 5.946060 8.082477 6.624929
v 5.769823 8.217323 6.856052
v 5.566119 8.359438 7.101444
v 5.078226 8.631318 7.624106
v 4.810169 8.747892 7.879447
v 4.249273 8.932535 8.362616
v 3.946114 9.002170 8.596892
v 3.621382 9.056325 8.826046
v 3.271882 9.093807 9.043080
v 0.367235 -8.534313 6.320692
v 0.739801 -8.469109 6.280043
v 1.104274 -8.361880 6.213356
v 1.462961 -8.217563 6.120642
v 1.818963 -8.022401 6.030667
v 2.199503 -7.791153 5.960255
v 2.619222 -7.549997 5.896046
v 3.056235 -7.284241 5.812517
v 3.528747 -6.991156 5.753537
v 4.002593 -6.677916 5.686630
v 4.474740 -6.342424 5.617128
v 4.936312 -5.972182 5.539860
v 5.640660 -5.077442 4.161808
v 5.994599 -4.539898 4.053664
v 6.265829 -3.953568 3.948745
v 6.455676 -3.374992 3.837295
v 6.599032 -2.795689 3.721025
v 6.718152 -2.212374 3.603257
v 4.932679 -5.943105 6.357246
v 4.507374 -6.334019 6.399684
v 4.051178 -6.674954 6.440525
v 3.580366 -6.964647 6.484121
v 3.118546 -7.218543 6.533021
v 2.678187 -7.442464 6.591626
v 2.255312 -7.642566 6.650510
v 1.856893 -7.818658 6.703355
v 1.477835 -7.968239 6.749633
v 1.105575 -8.085187 6.792095
v 0.735222 -8.168766 6.825365
v 0.364090 -8.223504 6.840426
v 0.351563 8.941730 9.899697
v 0.697553 8.968547 9.865129
v 1.043860 9.002913 9.812481
v 1.397562 9.038135 9.744092
v 1.764597 9.074745 9.657024
v 2.139111 9.097636 9.552464
v 2.901489 9.112484 9.241473
v 3.134079 8.430798 9.402183
v 3.471971 8.409340 9.205905
v 3.788260 8.372453 9.000297
v 4.084746 8.321218 8.790450
v 4.636199 8.176461 8.353322
v 4.901657 8.082368 8.120076
v 5.383435 7.855279 7.631852
v 5.580896 7.735673 7.397805
v 5.755013 7.616368 7.176473
v 5.919748 7.489818 6.953798
v 6.082903 7.343108 6.720786
v 6.376433 6.989916 6.240445
v 6.503685 6.785373 5.998316
v 6.618046 6.562255 5.756392
v 6.723623 6.320862 5.520247
v 6.816400 6.061262 5.288998
v 6.899255 5.786935 5.070356
v 6.971203 5.500015 4.868357
v 7.035689 5.204710 4.685511
v 7.092425 4.902554 4.524012
v 7.143430 4.594407 4.385313
v 7.189013 4.282938 4.271233
v 7.230188 3.967667 4.176334
v 7.262422 3.644289 4.109271
v 7.282846 3.310858 4.054647
v 7.293031 2.966947 4.008503
v 7.293339 2.612046 3.974449
v 7.287232 2.245359 3.955331
v 7.272046 1.871079 3.956883
v 7.252821 1.492548 3.977664
v 7.224082 1.107436 4.013767
v 7.179572 0.723454 4.059784
v 7.131295 0.334873 4.110755
v 7.081808 -0.062274 4.164386
v 7.030465 -0.472423 4.229281
v 6.976913 -0.900005 4.301441
v 6.916393 -1.349205 4.375571
v 6.845001 -1.821826 4.454105
v 6.759674 -2.320254 4.537988
v 6.658241 -2.849179 4.634215
v 6.522861 -3.410258 4.736627
v 6.335543 -3.985057 4.830430
v 6.090564 -4.553887 4.914221
v 5.755023 -5.085552 4.985013
v 4.594063 9.151020 7.873377
v 4.534995 8.847650 8.124835
v 4.458523 8.548994 8.358706
v 4.364674 8.256162 8.575700
v 4.259291 7.967950 8.781772
v 4.142819 7.685644 8.977004
v 4.018146 7.409110 9.167477
v 3.884851 7.133399 9.348317
v 3.624210 6.612122 9.667513
v 3.517515 6.366809 9.812984
v 3.430870 6.129769 9.956512
v 3.358268 5.903909 10.091884
v 3.290404 5.679920 10.210336
v 3.218942 5.447358 10.302738
v 3.139653 5.210458 10.348221
v 3.053831 4.991321 10.335374
v 2.985386 4.802715 10.247566
v 2.930794 4.652680 10.115149
v 2.920628 4.568804 9.961448
v 2.949286 4.520360 9.818050
v 2.956522 4.432023 9.732494
v 2.930137 4.312546 9.689323
v 2.909129 4.194131 9.684409
v 2.898050 4.077678 9.691354
v 2.891865 3.966996 9.683615
v 2.886532 3.882191 9.649362
v 2.890979 3.864278 9.603075
v 2.895053 3.848923 9.557999
v 2.895212 3.856727 9.531459
v 4.202457 3.573736 9.022582
v 4.227401 3.570334 9.042111
v 4.278127 3.577211 9.093337
v 4.327830 3.585847 9.149323
v 4.386775 3.642681 9.177551
v 4.436446 3.723743 9.181962
v 4.472644 3.814700 9.154840
v 4.513820 3.903571 9.136309
v 4.568543 3.989580 9.143829
v 4.601829 4.048809 9.201661
v 4.652351 4.109682 9.253452
v 4.695263 4.189288 9.296479
v 4.765910 4.321193 9.291851
v 4.882507 4.492478 9.248521
v 5.024247 4.707995 9.151567
v 5.153616 4.942985 8.995061
v 5.249415 5.166473 8.796256
v 5.325521 5.375903 8.582968
v 5.402643 5.575331 8.371744
v 5.488453 5.774551 8.163049
v 5.586534 5.973895 7.950830
v 5.804191 6.364609 7.496726
v 5.915585 6.562767 7.255079
v 6.026962 6.763445 7.005780
v 6.133427 6.968787 6.748627
v 6.235672 7.176702 6.481955
v 6.330185 7.388237 6.201576
v 6.423774 7.603964 5.910290
v 6.510652 7.825979 5.606070
v 3.340684 3.852609 9.542470
v 3.346715 3.850739 9.567421
v 3.365487 3.869447 9.632367
v 3.374523 3.890764 9.682706
v 3.398484 3.978643 9.711740
v 3.427442 4.096934 9.714101
v 3.453981 4.214837 9.695291
v 3.484496 4.330087 9.692425
v 3.531864 4.446501 9.720858
v 3.571465 4.531513 9.770438
v 3.570571 4.544513 9.873019
v 3.592716 4.601625 9.987219
v 3.654666 4.742795 10.046966
v 3.752574 4.937911 10.063847
v 3.860294 5.163396 10.016184
v 3.958578 5.398356 9.919780
v 4.040385 5.622067 9.787628
v 4.113083 5.838125 9.634834
v 4.188731 6.054282 9.478987
v 4.278013 6.275678 9.320498
v 4.386272 6.503064 9.156252
v 4.650097 6.978089 8.788166
v 4.789173 7.221695 8.576030
v 4.921204 7.468828 8.349337
v 5.043960 7.719055 8.114486
v 5.154058 7.973491 7.876217
v 5.251124 8.232766 7.625351
v 5.333590 8.499467 7.359856
v 5.402881 8.772592 7.085148
v 3.188955 3.857725 9.580770
v 1.760505 4.821827 10.562375
v 1.628772 4.709201 10.471347
v 1.474607 4.597451 10.374278
v 1.315708 4.485389 10.274058
v 1.681531 5.042790 10.722890
v 1.537426 4.944054 10.689321
v 1.373264 4.829128 10.639783
v 1.197522 4.706656 10.569679
v 1.029468 4.569862 10.490613
v 1.569351 5.186610 10.782938
v 1.376936 5.104370 10.780210
v 1.171875 5.006584 10.758797
v 0.954759 4.895209 10.721885
v 0.709926 4.757986 10.707893
v 1.487878 5.573064 10.820662
v 1.230714 5.516771 10.843409
v 0.986771 5.456678 10.857624
v 0.742270 5.402463 10.865487
v 0.511267 5.367828 10.881897
v 0.345572 4.808049 10.814164
v 0.337697 4.552176 10.747548
v 0.263828 5.357461 10.910091
v 2.561465 9.461117 9.212027
v 2.519987 9.112850 9.413296
v 2.467108 8.766049 9.583924
v 2.403839 8.423620 9.730912
v 2.331081 8.089762 9.864169
v 2.251831 7.767456 9.992092
v 2.172025 7.460499 10.125045
v 2.090816 7.164774 10.260169
v 1.943599 6.606196 10.510354
v 1.507870 5.363780 10.816233
v 1.273124 5.296467 10.828916
v 1.041523 5.222315 10.828226
v 0.809661 5.146702 10.822010
v 0.575286 5.088112 10.835913
v 0.295100 5.087312 10.882843
v 1.788114 5.119061 10.736435
v 1.757186 5.233148 10.776779
v 1.742499 5.405288 10.793056
v 1.742788 5.606818 10.785091
v 2.225152 5.239722 10.670974
v 1.980681 5.243940 10.736414
v 1.772742 5.834972 10.749137
v 2.260753 5.448521 10.672144
v 1.995717 5.431325 10.743218
v 2.299565 5.667765 10.635204
v 2.018575 5.640748 10.720063
v 2.347408 5.897732 10.569195
v 2.059260 5.868859 10.668901
v 2.558205 6.649882 10.256560
v 2.748958 7.201017 9.989772
v 2.478787 6.391302 10.376810
v 2.407675 6.140981 10.482636
v 1.531480 6.046982 10.758219
v 1.243105 5.997272 10.799125
v 0.251393 5.854642 10.876229
v 0.491048 5.875728 10.858971
v 0.728008 5.908275 10.843945
v 0.975559 5.948724 10.824100
v 1.821106 6.082286 10.690548
v 2.117439 6.114655 10.597877
v 0.256364 6.102447 10.834420
v 0.503512 6.130198 10.819228
v 0.746363 6.168740 10.804466
v 1.001107 6.211739 10.779213
v 1.280859 6.259977 10.744786
v 1.578508 6.306686 10.689923
v 1.879050 6.339402 10.609707
v 2.184247 6.370417 10.506066
v 1.651416 3.390877 9.346112
v 1.620805 3.262071 9.360641
v 0.562585 -1.907078 12.503648
v 0.570755 -1.761703 12.375483
v 0.586137 -1.637246 12.175776
v 0.588109 -1.530813 11.973921
v 0.592647 -1.431360 11.803993
v 0.602010 -1.219218 11.496103
v 0.605874 -1.090003 11.390792
v 0.612794 -0.949154 11.325580
v 0.816737 1.767439 11.442896
v 0.689257 3.136598 10.577399
v 0.681285 3.380002 10.421560
v 0.690638 3.609568 10.325389
v 0.736715 -1.927054 12.472499
v 0.748485 -1.782181 12.351217
v 0.743716 -1.654211 12.147949
v 0.730796 -1.546220 11.939831
v 0.725860 -1.438409 11.759583
v 0.723406 -1.214813 11.428510
v 0.727480 -1.088501 11.318976
v 0.732468 -0.954040 11.246945
v 0.942217 1.633836 11.297778
v 0.984663 1.831028 11.073759
v 5.484668 -0.541010 8.456532
v 6.348622 -0.461019 7.190193
v 6.192851 -0.989667 7.347696
v 6.569117 -0.511230 6.652084
v 6.461208 -1.001680 6.764393
v 6.839163 1.166417 6.160494
v 6.866941 1.527661 6.068716
v 6.879476 1.871858 5.994253
v 6.878977 2.200194 5.932466
v 6.864277 2.513706 5.886120
v 6.839802 2.811469 5.856308
v 6.805302 3.096664 5.846375
v 6.767534 3.370177 5.854898
v 6.725836 3.633878 5.884323
v 6.677131 3.889884 5.935751
v 6.625084 4.139031 6.007664
v 6.569422 4.382854 6.102434
v 6.508266 4.621184 6.219570
v 6.442434 4.853516 6.358438
v 6.367261 5.079173 6.517875
v 6.282948 5.297153 6.694455
v 6.191187 5.502231 6.886297
v 6.088010 5.691660 7.087312
v 5.970001 5.866877 7.297315
v 5.840323 6.026120 7.512339
v 5.694590 6.169974 7.729879
v 5.535693 6.298569 7.946126
v 5.363918 6.411181 8.159378
v 5.174823 6.512336 8.373914
v 4.968858 6.599957 8.584052
v 4.748128 6.674442 8.786152
v 4.512257 6.737865 8.982756
v 4.262929 6.790063 9.170557
v 4.007544 6.832369 9.348819
v 3.749475 6.866738 9.515474
v 3.490091 6.894372 9.673690
v 3.223830 6.912167 9.825987
v 2.944200 6.918825 9.976783
v 2.649061 6.918313 10.126533
v 2.336271 6.905570 10.267860
v 2.015362 6.881710 10.389933
v 1.698593 6.853427 10.488367
v 1.386257 6.810599 10.562715
v 1.087439 6.762210 10.614878
v 0.808627 6.715153 10.650249
v 0.541504 6.670282 10.674762
v 0.274161 6.633767 10.695641
v 6.667620 -0.048701 6.525495
v 6.739413 0.384670 6.391598
v 6.794691 0.786772 6.270384
v 2.079993 2.264326 9.559597
v 2.290392 2.142890 9.549973
v 2.509596 2.030090 9.541544
v 2.743354 1.923276 9.526078
v 2.993988 1.821336 9.500450
v 3.262367 1.721974 9.466925
v 3.546531 1.620190 9.420077
v 3.845017 1.514292 9.363235
v 4.473861 1.267976 9.193016
v 4.805725 1.113030 9.055993
v 5.131343 0.927427 8.871833
v 5.442277 0.724481 8.625227
v 5.733244 0.514845 8.311830
v 5.998740 0.308030 7.935166
v 6.248287 0.130169 7.503283
v 6.641579 0.849329 6.706127
v 6.575225 0.452529 6.858757
v 6.480562 0.017829 7.021763
v 5.085757 2.521991 8.344715
v 5.337571 2.452032 8.151054
v 5.269665 2.268228 8.282876
v 4.493921 2.299982 8.868067
v 4.422808 2.045034 8.969339
v 4.353290 1.828205 9.073338
v 4.267022 1.617013 9.181978
v 4.153832 1.399452 9.291697
v 4.009647 1.169055 9.399837
v 3.829825 0.916450 9.518534
v 3.620912 0.656885 9.663244
v 3.127241 0.151205 10.008627
v 2.852548 -0.108042 10.143710
v 2.588642 -0.366891 10.246573
v 2.339083 -0.621438 10.336414
v 2.132466 -0.853711 10.460179
v 1.953859 -1.058262 10.633379
v 1.777740 -1.216045 10.827806
v 1.594757 -1.297630 10.984820
v 1.420187 -1.341451 11.123574
v 1.261734 -1.358014 11.243281
v 1.114984 -1.354406 11.340901
v 0.977847 -1.345353 11.431217
v 0.848067 -1.337715 11.513741
v 0.722457 -1.332250 11.584743
v 0.597464 -1.330513 11.641245
v 0.475236 -1.332400 11.675999
v 0.239352 -1.330284 11.702708
v 0.120688 -1.325908 11.700757
v 4.731059 2.472090 8.663216
v 0.415404 -8.422572 9.996224
v 0.831611 -8.365943 9.992603
v 1.250509 -8.267442 9.978706
v 1.669723 -8.118065 9.951220
v 2.079143 -7.919335 9.923753
v 2.476323 -7.666855 9.890168
v 2.839628 -7.348811 9.849764
v 3.165644 -6.994386 9.792574
v 3.448700 -6.600059 9.726452
v 3.683698 -6.177615 9.653234
v 3.876959 -5.760135 9.579875
v 4.054323 -5.359371 9.505038
v 4.603275 -4.662195 8.927885
v 4.715482 -4.253433 8.865722
v 4.794758 -3.849672 8.813844
v 4.846133 -3.449790 8.785394
v 4.875214 -3.060491 8.776185
v 4.890234 -2.674026 8.785014
v 4.889427 -2.287770 8.824956
v 4.869089 -1.899926 8.897117
v 4.814464 -1.513785 9.012924
v 4.704859 -1.158523 9.178472
v 4.548665 -0.831650 9.356261
v 4.355724 -0.534689 9.514647
v 4.128613 -0.261378 9.640521
v 3.888552 -0.014922 9.733146
v 3.638288 0.206273 9.796289
v 3.387602 0.405609 9.839958
v 3.143559 0.588719 9.866602
v 2.905747 0.763122 9.885681
v 2.677020 0.931495 9.902052
v 2.458855 1.097842 9.921227
v 2.252786 1.264772 9.951270
v 2.056663 1.434450 9.994747
v 1.868256 1.607846 10.048894
v 1.687664 1.785479 10.118153
v 1.634862 2.968071 9.462741
v 1.701493 3.012406 9.421623
v 1.768677 3.064981 9.386007
v 1.815585 3.111648 9.343412
v 1.833222 3.159058 9.287846
v 1.844068 3.189665 9.239312
v 1.860873 3.216686 9.205910
v 1.874778 3.237836 9.181252
v 1.898739 3.256766 9.164376
v 1.935990 3.275893 9.146957
v 1.991814 3.300038 9.126252
v 2.055024 3.331683 9.106564
v 2.119292 3.362966 9.085632
v 2.119093 3.360945 9.071177
v 4.373755 3.326139 8.689754
v 4.387077 3.333439 8.716166
v 4.457030 3.318192 8.725751
v 4.532546 3.301711 8.732251
v 4.640563 3.238604 8.653832
v 4.739059 3.183203 8.555015
v 4.850277 3.132272 8.447272
v 4.984360 3.080694 8.337152
v -1.532128 2.925607 9.511587
v 1.542391 2.923186 9.517299
v -1.628904 2.777617 9.514306
v 1.647120 2.769827 9.516599
v -1.755519 2.641690 9.511748
v 1.787073 2.627356 9.510468
v -1.914184 2.513165 9.508391
v 1.961514 2.495026 9.506098
v -1.429809 2.880583 9.588681
v 1.434163 2.881656 9.594247
v -1.533154 2.707096 9.579871
v 1.541837 2.704777 9.583822
v -1.682082 2.549417 9.573991
v 1.695953 2.543723 9.576756
v -1.857617 2.407034 9.568753
v 1.880376 2.398437 9.570754
v -1.420452 1.826952 10.395505
v -1.702274 2.207382 9.820462
v -1.609562 2.097712 9.999843
v -1.783201 2.302576 9.669919
v -1.515074 1.970962 10.192791
v 1.420477 1.827089 10.395763
v 1.609966 2.098716 10.002161
v 1.704250 2.208266 9.824551
v 1.790081 2.300867 9.674315
v 1.515126 1.971452 10.193907
v -1.517029 2.386413 9.861757
v -1.428892 2.286540 10.059335
v 1.429064 2.287931 10.061911
v 1.518378 2.387890 9.866145
v -1.601590 2.469433 9.695359
v 1.606185 2.469098 9.700288
v -1.344198 2.576900 9.897765
v -1.251721 2.483654 10.122908
v 1.251772 2.485123 10.125139
v 1.344619 2.579236 9.902154
v -1.439405 2.647793 9.710356
v 1.441389 2.649786 9.716006
v -1.186571 2.783719 9.925239
v -1.074809 2.702191 10.193887
v 1.074817 2.703539 10.195690
v 1.186717 2.786364 9.929121
v -1.306442 2.835823 9.717989
v 1.307344 2.839044 9.723580
v -1.344148 2.159533 10.274839
v 1.344199 2.160194 10.275955
v -1.175506 2.354050 10.366299
v 1.175524 2.354686 10.367243
v -1.010787 2.553427 10.473345
v 1.010787 2.553891 10.474119
v -1.264763 2.012131 10.498422
v 1.264780 2.012346 10.498765
v 1.109780 2.196891 10.610984
v -1.109771 2.196685 10.610725
v 0.804459 2.548678 10.882451
v -0.804460 2.548609 10.882451
v -0.957921 2.377047 10.737353
v 0.957921 2.377159 10.737526
v 1.044370 2.020396 10.846791
v 0.902732 2.185240 10.982332
v 0.760796 2.335965 11.128626
v -0.760796 2.335948 11.128539
v -0.902732 2.185206 10.982332
v -1.044370 2.020361 10.846704
v 1.187272 1.848166 10.720318
v -1.187263 1.848123 10.720232
v -1.331865 1.669017 10.602034
v 1.331874 1.669043 10.602120
v 0.477703 3.027612 10.985600
v 0.248206 3.098779 11.101477
v 0.000000 3.127738 11.140732
v -0.248206 3.098779 11.101477
v -0.477704 3.027587 10.985600
v -0.672120 2.912411 10.808935
v 0.672118 2.912480 10.809109
v -0.607557 2.466451 11.277727
v 0.607557 2.466451 11.277727
v -0.643067 2.693461 11.048009
v 0.643066 2.693479 11.048095
v -0.454632 2.802978 11.193686
v -0.235673 2.866369 11.290738
v 0.000000 2.892925 11.325932
v 0.235673 2.866369 11.290738
v 0.454632 2.802986 11.193686
v -0.429732 2.560575 11.405139
v -0.221501 2.617388 11.487123
v 0.000000 2.638876 11.521801
v 0.221501 2.617388 11.487123
v 0.429732 2.560575 11.405139
v 0.572751 2.225195 11.497010
v 0.544254 1.980080 11.708556
v 0.344326 -1.002521 11.493597
v 0.351050 -1.123884 11.511064
v 0.355931 -1.235647 11.585284
v 0.356797 -1.332966 11.694668
v 0.350789 -1.421516 11.829166
v 0.340509 -1.509301 11.963297
v 0.317479 -1.592105 12.103285
v 0.260280 -1.662374 12.217492
v 0.141117 -1.701477 12.249992
v -0.000000 -1.715386 12.257602
v -0.141117 -1.701477 12.249992
v -0.260280 -1.662374 12.217492
v -0.317479 -1.592105 12.103285
v -0.340509 -1.509301 11.963297
v -0.350789 -1.421516 11.829166
v -0.356797 -1.332966 11.694668
v -0.355931 -1.235647 11.585284
v -0.351050 -1.123884 11.511064
v -0.344326 -1.002521 11.493597
v -0.544254 1.980063 11.708556
v -0.572750 2.225187 11.497010
v -0.000000 -0.285227 12.871511
v 0.000000 -0.673643 12.475774
v -0.000000 -0.886268 11.962014
v 0.000000 -0.924972 11.840674
v 0.000000 -0.774623 12.278790
v 0.000000 -1.011269 11.647095
v -1.356327 -0.831293 10.912405
v -1.606396 -0.748157 10.734360
v -1.463356 -0.740958 10.978280
v -1.260069 -0.800211 10.951530
v -1.089734 -0.770659 10.992874
v -1.184257 -0.727041 10.986127
v -1.772397 0.029276 10.464812
v -1.811771 -0.207016 10.469627
v -1.033323 0.945163 11.763881
v -0.671778 1.212499 12.186726
v -1.091678 0.449630 12.152096
v -1.252731 0.676043 11.416333
v -1.236747 0.820357 11.240435
v -1.366078 0.800155 10.907303
v -1.252090 0.980008 11.056857
v -1.310468 0.274707 11.853742
v -0.596572 -0.356468 11.977092
v -0.563123 -0.225870 11.846142
v -0.633488 -0.448728 12.149856
v -1.124783 -0.294820 11.600978
v -1.369569 -0.506249 11.247285
v -1.471661 -0.529124 11.242380
v -1.585201 -0.524808 11.208189
v -1.539003 -0.651847 11.069061
v -1.433411 -0.633820 11.113118
v -1.367298 -0.718464 11.018702
v -1.334947 -0.595385 11.128158
v -1.282694 -0.666005 11.039136
v -0.237671 0.619846 12.864506
v -0.248622 -0.270291 12.835402
v -0.791209 -0.158297 12.531139
v -0.462906 -0.238596 12.751782
v -0.387550 -0.609849 12.387719
v -0.183658 -0.756593 12.260533
v -0.207402 -0.655962 12.454262
v -0.344109 -0.708817 12.203560
v -0.483578 -0.523527 12.020569
v -0.447678 0.607619 12.789239
v -0.767960 0.566083 12.561357
v -0.549860 -0.785509 11.366313
v -0.491894 -0.734028 11.440479
v -0.426034 -0.841814 11.489963
v -0.405172 -0.626650 11.598864
v -0.386511 -0.720313 11.671178
v -0.570290 -0.645878 11.296681
v -0.501833 -0.617240 11.364549
v -0.381624 -0.530056 11.503416
v -0.253311 -0.863328 11.785532
v -0.227377 -0.962492 11.595942
v -0.373599 -0.567361 11.695209
v -0.377063 -0.660725 11.777824
v -0.279359 -0.816653 11.901956
v -0.853164 -0.815186 11.134895
v -0.966960 -0.802961 11.053421
v -0.960949 -0.669539 11.040893
v -0.853135 -0.677964 11.103510
v -1.062249 -0.650233 11.004254
v -1.149854 -0.622823 10.997545
v -1.231275 -0.565687 11.031209
v -1.280081 -0.498809 11.109894
v -0.355863 -0.466784 11.594424
v -0.465730 -0.413669 11.911931
v -0.440920 -0.289433 11.794900
v -0.153538 -0.868168 11.945400
v -0.138284 -0.906441 11.823985
v -0.199278 1.327915 12.436862
v -1.295188 -0.437895 11.223330
v -0.116501 -0.995482 11.631016
v -0.376900 1.303875 12.373476
v -0.209939 1.102723 12.594816
v -0.395424 1.079515 12.532846
v -0.694139 1.003133 12.344344
v -1.051799 0.776957 11.921989
v -1.282998 0.543330 11.578302
v -1.780006 -0.425520 10.512343
v -0.538849 -0.087674 11.700677
v -1.078900 -0.164459 11.455803
v -0.446312 -0.533665 11.228040
v -0.523148 -0.561158 11.162695
v -0.326737 -0.431003 11.385442
v -0.838855 -0.581280 10.976469
v -0.954587 -0.560481 10.938500
v -1.056281 -0.533727 10.922692
v -1.141186 -0.495187 10.940982
v -1.202776 -0.445754 10.986349
v -1.255021 -0.390431 11.051026
v -0.407671 -0.147668 11.660390
v -1.266544 -0.326910 11.144049
v -0.301426 -0.357386 11.463062
v -1.160545 -0.387097 10.796065
v -1.072265 -0.449987 10.769394
v -0.824465 -0.537261 10.801896
v -0.953514 -0.501763 10.770753
v -1.094609 0.018312 11.301839
v -1.275914 -0.243635 10.916606
v -1.284847 -0.191109 11.020825
v -1.226938 -0.322738 10.850641
v -0.375806 -0.471243 11.065662
v -0.464978 -0.513129 10.992697
v -0.251575 -0.328543 11.216614
v -0.365152 0.018875 11.509850
v -0.499885 0.080983 11.545764
v -0.225628 -0.239036 11.302626
v -1.078458 -0.373641 10.592589
v -0.166685 -0.229740 11.015401
v -0.298286 -0.409116 10.851493
v -0.812423 -0.493581 10.610132
v -0.951648 -0.447753 10.586239
v -0.410360 -0.461834 10.785243
v -1.144721 0.220409 11.168764
v -1.350612 -0.037783 10.857468
v -1.326803 -0.111212 10.752644
v -0.294840 0.211893 11.355594
v -0.438259 0.295537 11.394585
v -0.142302 -0.117548 11.110136
v -1.170829 0.399043 10.999689
v -0.360161 0.483696 11.220068
v -0.363895 -0.407781 10.571004
v -1.255367 -0.093032 10.504783
v -0.797897 -0.439044 10.416608
v -1.317689 0.009247 10.576679
v -1.353014 0.109544 10.670782
v -1.222193 0.011520 10.330925
v -0.335450 -0.331603 10.367615
v -1.278885 0.113045 10.401525
v -1.313569 0.226834 10.487947
v -1.157491 0.546484 10.800796
v -0.304197 0.616004 10.997645
v -1.113652 0.645785 10.594491
v -1.256539 0.307964 10.322592
v -1.229145 0.192000 10.241373
v -1.182651 0.091118 10.172174
v -1.056399 0.688873 10.406009
v -1.191209 0.368479 10.172122
v -1.173445 0.256951 10.095612
v -1.137173 0.159288 10.027916
v -0.995210 0.681535 10.240306
v -1.118519 0.413545 10.042246
v -1.110436 0.309163 9.975169
v -1.084215 0.212505 9.910294
v -1.018386 0.245136 9.824092
v -1.032958 0.344649 9.878193
v -1.034139 0.445945 9.945322
v -0.949902 0.657150 10.091404
v -1.184217 -0.283831 10.629955
v -1.255548 -0.201300 10.686541
v -0.945600 -0.382818 10.400852
v -1.073779 -0.293052 10.410112
v -1.178903 -0.188615 10.448393
v -1.148870 -0.088657 10.261330
v -1.116970 -0.004637 10.102073
v -1.078342 0.065046 9.966602
v -1.035464 0.129816 9.851506
v -1.001235 0.173530 9.797085
v -0.696351 0.052437 9.693583
v -0.839396 0.091866 9.707305
v -0.938220 0.140086 9.753408
v -0.963090 0.057934 9.800362
v -0.996746 -0.032104 9.911160
v -1.029249 -0.118343 10.052888
v -1.054257 -0.203951 10.227048
v -0.863147 -0.025815 9.766661
v -0.892404 -0.135294 9.883937
v -0.918510 -0.229588 10.035600
v -0.932530 -0.308745 10.215673
v -0.783356 -0.376392 10.226421
v -0.767770 -0.303810 10.043425
v -0.747528 -0.213353 9.879353
v -0.722761 -0.091806 9.745891
v -0.257057 0.017217 12.943349
v -0.482498 0.034005 12.855899
v -0.815526 0.076658 12.616464
v -1.191637 0.377424 12.004905
v -1.159169 0.665565 11.750615
v -1.137463 0.817442 11.589705
v -1.485110 0.615057 10.770617
v -1.697090 0.240602 10.537421
v -1.600614 0.431231 10.644285
v -1.773147 0.022992 10.580710
v -1.712468 0.191044 10.669183
v -1.814422 -0.155083 10.557371
v -1.622304 0.349378 10.790338
v -1.502025 0.497887 10.929058
v -1.364078 0.657294 11.083099
v -1.819463 -0.332114 10.596661
v -1.689427 -0.646163 10.800946
v -1.752649 -0.531885 10.908818
v -1.738167 0.133187 10.791844
v -1.791153 -0.009702 10.690861
v -1.814266 -0.127045 10.633899
v -1.833797 -0.233005 10.683894
v -1.653320 0.267685 10.933951
v -1.538813 0.395139 11.084883
v -1.396529 0.534660 11.250340
v -1.451420 0.138479 11.692931
v -1.433865 0.414786 11.409703
v -1.575685 0.021503 11.550010
v -1.581887 0.288053 11.242599
v -1.769584 -0.382127 11.062535
v -1.820545 -0.098819 10.801851
v -1.358097 -0.413660 11.399782
v -1.276464 -0.378924 11.367070
v -1.454331 -0.410980 11.404346
v -1.562664 -0.390855 11.380684
v -1.747999 -0.235083 11.221727
v -1.771467 0.036513 10.927130
v -1.687031 0.173225 11.087807
v -1.673943 -0.089430 11.393867
v -1.215607 0.025541 12.053762
v -1.274759 -0.139377 11.910884
v -1.419335 -0.203958 11.701564
v -1.508732 -0.277595 11.538830
v -1.184896 -0.270459 11.849362
v -1.314389 -0.283090 11.712867
v -1.401159 -0.332537 11.558932
v -0.738656 -0.349481 12.375011
v -0.431427 -0.458930 12.587657
v -0.231821 -0.501739 12.663339
v 0.000000 -0.524499 12.694271
v -1.112484 -0.304761 11.789579
v -1.213760 -0.314988 11.683435
v -1.298125 -0.352988 11.544851
v -1.107609 -0.179734 12.066964
v -1.049105 -0.284794 11.966764
v -0.992310 -0.306498 11.867881
v -1.119955 -0.031265 12.176087
v -1.117893 0.127202 12.233791
v -1.175776 0.132419 12.131040
v -1.203124 -0.317364 11.494687
v -1.161571 -0.207200 11.373492
v -1.182451 -0.038835 11.233314
v -1.271186 0.160705 11.089163
v -1.274325 0.327126 10.897637
v -1.253311 0.459217 10.700623
v -1.209596 0.558701 10.503555
v -1.145707 0.603659 10.333557
v -1.075244 0.612371 10.194476
v -1.022116 0.610287 10.099599
v -1.037405 -0.277460 11.679023
v -0.999556 -0.125268 11.515344
v -1.004117 0.065145 11.362765
v -1.030276 0.273648 11.246185
v -1.042607 0.467886 11.090866
v -1.035237 0.631189 10.895684
v -0.986664 0.719702 10.674550
v -0.932391 0.758610 10.466640
v -0.874689 0.744924 10.270725
v -0.826152 0.687646 10.098210
v -0.934831 -0.252775 11.736469
v -0.900795 -0.100364 11.580606
v -0.890792 0.099076 11.432594
v -0.894345 0.308835 11.313546
v -0.884353 0.505030 11.152827
v -0.864422 0.684474 10.966892
v -0.831680 0.800280 10.738210
v -0.777999 0.814801 10.501965
v -0.724307 0.782216 10.293745
v -0.686686 0.710245 10.109439
v -1.236194 -0.273411 11.270835
v -1.257176 -0.110421 11.128918
v -1.345345 0.076979 10.966668
v -1.350091 0.227635 10.783128
v -1.317365 0.354459 10.588173
v -1.260762 0.431422 10.413712
v -1.188803 0.480655 10.258250
v -1.112864 0.517600 10.124175
v -1.031752 0.540342 10.027371
v -0.932404 0.573746 9.973619
v -0.930881 0.240150 9.764956
v -0.928877 0.355861 9.811887
v -0.816897 0.213160 9.728105
v -0.927324 0.466406 9.880984
v -0.681099 0.184945 9.722300
v -0.806739 0.596903 9.956253
v -0.666209 0.596707 9.962362
v -0.799802 0.471707 9.856711
v -0.665213 0.459393 9.861718
v -0.803533 0.344916 9.782495
v -0.668834 0.321385 9.781449
v 0.000000 0.625454 12.893475
v 0.000000 1.110686 12.623674
v 0.000000 1.333623 12.468740
v 0.000000 0.010200 12.975055
v -0.000000 0.884009 12.767483
v -0.221450 0.875476 12.739161
v -0.419078 0.856687 12.671690
v -0.727534 0.792105 12.468410
v -1.072350 0.612230 12.048716
v -1.181669 0.519283 11.887401
v -1.303918 0.412479 11.727133
v -1.456490 0.284489 11.559094
v -1.599344 0.164176 11.408683
v -1.704846 0.048078 11.251294
v -1.787566 -0.092531 11.075057
v -1.832312 -0.231888 10.932595
v -1.822295 -0.379434 10.788562
v -1.784570 -0.505309 10.687456
v -1.721786 -0.624551 10.621235
v -0.000000 0.330643 12.975266
v -0.251298 0.330294 12.945995
v -0.473213 0.330418 12.863216
v -0.799579 0.325890 12.616941
v -1.102918 0.283659 12.212183
v -1.186192 0.238254 12.083768
v -1.280604 0.140226 11.961135
v -1.393587 0.003725 11.811646
v -1.515271 -0.104592 11.647071
v -1.603025 -0.206556 11.492062
v -1.667819 -0.343039 11.323141
v -1.690694 -0.489911 11.159433
v -1.642084 -0.626515 11.011334
v -1.568260 -0.731345 10.908638
v -1.466945 -0.824527 10.852232
v -0.107824 0.012446 10.915538
v -0.125268 -0.123808 10.805216
v -0.250827 -0.343314 10.634549
v -0.105607 0.122457 10.708433
v -0.123116 -0.031096 10.601360
v -0.232769 -0.255018 10.435111
v -0.216693 0.359691 11.156791
v -0.188645 0.468001 10.925118
v -0.295759 0.668005 10.750497
v -0.205698 0.518180 10.693542
v -0.307279 0.670948 10.529419
v -0.223343 0.552875 10.496037
v -0.119291 0.206407 10.502732
v -0.318860 -0.245182 10.192255
v -0.125893 0.054189 10.401978
v -0.226831 -0.161341 10.255698
v -0.140700 0.282764 10.331893
v -0.301800 -0.155381 10.038330
v -0.136764 0.138606 10.237276
v -0.216192 -0.075859 10.101259
v -0.306899 0.652047 10.344790
v -0.236089 0.562220 10.334589
v -0.171203 0.332550 10.181651
v -0.159108 0.203943 10.099327
v -0.215635 0.002310 9.980659
v -0.290829 -0.060981 9.916945
v -0.298636 0.610401 10.197455
v -0.249888 0.562937 10.230865
v -0.284473 0.033241 9.849680
v -0.227857 0.058116 9.908350
v -0.197991 0.244638 9.981973
v -0.207876 0.368199 10.068525
v -0.280383 0.382846 9.982788
v -0.273600 0.249813 9.897573
v -0.208498 0.134781 9.927817
v -0.173316 0.096446 10.025731
v -0.162814 0.028613 10.152669
v -0.164041 -0.052487 10.304933
v -0.170382 -0.152602 10.504777
v -0.185570 -0.252899 10.711787
v -0.223216 -0.327805 10.928221
v -0.302828 -0.408947 11.141941
v -0.378545 -0.490929 11.301426
v -0.449666 -0.573239 11.431200
v -0.444970 -0.680299 11.516513
v -0.400047 -0.774860 11.575119
v -0.236732 -0.909006 11.682029
v -0.124523 -0.945887 11.719523
v 0.000000 -0.964774 11.735943
v -0.281237 0.140001 9.851530
v -0.289350 0.505054 10.089025
v -0.228042 0.480511 10.164055
v -0.192706 0.461876 10.272964
v -0.166177 0.427325 10.426029
v -0.141055 0.371960 10.616366
v -0.126056 0.298693 10.832673
v -0.140858 0.190686 11.051885
v -0.183185 0.057649 11.249186
v -0.258688 -0.103476 11.417984
v -0.322307 -0.250304 11.570648
v -0.368628 -0.379875 11.700560
v -0.388084 -0.488576 11.802669
v -0.398118 -0.589516 11.893805
v -0.304199 -0.769050 12.042531
v -0.166322 -0.821226 12.090945
v -1.128470 0.978087 11.407456
v -1.027000 1.121704 11.576545
v -0.661788 1.428484 12.002954
v -0.367445 1.537984 12.195635
v -0.193569 1.566412 12.260118
v 0.000000 1.579626 12.290803
v -1.141423 1.148029 11.211734
v -1.033090 1.299877 11.366492
v -0.666479 1.652953 11.797273
v -0.368620 1.787451 12.004247
v -0.193429 1.824706 12.070591
v 0.000001 1.840002 12.103826
v -0.000000 -0.839168 12.108330
v -0.642686 -0.807051 11.288087
v -0.651708 -0.664864 11.234062
v -0.605977 -0.579282 11.103632
v -0.555793 -0.533667 10.932692
v -0.529943 -0.486699 10.724526
v -0.499807 -0.444923 10.510585
v -0.473864 -0.383264 10.313447
v -0.448208 -0.304570 10.132415
v -0.423144 -0.215890 9.972387
v -0.399290 -0.107544 9.843606
v -0.388319 0.023414 9.780173
v -0.383518 0.148058 9.792693
v -0.380299 0.265881 9.840037
v -0.390633 0.409664 9.922668
v -0.391787 0.551482 10.025830
v -0.401286 0.663552 10.162331
v -0.423189 0.717711 10.334785
v -0.433461 0.764181 10.539519
v -0.440489 0.776428 10.778383
v -0.476470 0.700024 11.022805
v -0.534248 0.529079 11.231055
v -0.585130 0.332150 11.400840
v -0.626447 0.112956 11.529513
v -0.659794 -0.074156 11.683983
v -0.700334 -0.212208 11.832949
v -0.732202 -0.315579 11.966500
v -0.786072 -0.362379 12.108807
v -0.860088 -0.283251 12.284944
v -0.910778 -0.114897 12.416390
v -0.933488 0.097880 12.488981
v -0.914603 0.319937 12.485976
v -0.887044 0.538916 12.432541
v -0.850486 0.746723 12.345195
v -0.823620 0.943753 12.219424
v -0.800191 1.141619 12.066485
v -0.792464 1.344752 11.876253
v -0.797494 1.554237 11.665230
v -0.744985 -0.814942 11.212343
v -0.748328 -0.675486 11.173327
v -0.721250 -0.587636 11.037362
v -0.692325 -0.547154 10.859308
v -0.667569 -0.503796 10.658648
v -0.647315 -0.457557 10.456596
v -0.625170 -0.396402 10.263084
v -0.600971 -0.326015 10.076872
v -0.577339 -0.240977 9.911987
v -0.550415 -0.125516 9.770183
v -0.535362 0.028040 9.718947
v -0.531594 0.160972 9.741504
v -0.524332 0.299802 9.799575
v -0.526434 0.437008 9.885918
v -0.524600 0.581209 9.986906
v -0.535356 0.705057 10.129025
v -0.567166 0.766449 10.315960
v -0.600895 0.815966 10.529092
v -0.632816 0.824488 10.773343
v -0.678867 0.703653 11.007676
v -0.712294 0.529991 11.200118
v -0.744195 0.331371 11.366765
v -0.763998 0.107731 11.487908
v -0.787983 -0.083715 11.643279
v -0.824590 -0.228739 11.793103
v -0.865100 -0.304259 11.918947
v -0.920304 -0.311484 12.046909
v -0.979053 -0.227358 12.184621
v -1.018079 -0.072942 12.299775
v -1.032406 0.113854 12.364243
v -1.013672 0.308713 12.353084
v -0.990839 0.502431 12.297371
v -0.959453 0.689670 12.210471
v -0.939632 0.869462 12.082270
v -0.920234 1.053096 11.927876
v -0.914668 1.242374 11.733068
v -0.920081 1.436342 11.519487
v 1.356327 -0.831293 10.912405
v 1.606396 -0.748157 10.734360
v 1.463356 -0.740958 10.978280
v 1.260069 -0.800211 10.951530
v 1.089734 -0.770659 10.992874
v 1.184257 -0.727041 10.986127
v 1.772397 0.029276 10.464812
v 1.811771 -0.207016 10.469627
v 1.033323 0.945163 11.763881
v 0.671778 1.212499 12.186726
v 1.091678 0.449630 12.152096
v 1.252731 0.676043 11.416333
v 1.236747 0.820357 11.240435
v 1.366078 0.800155 10.907303
v 1.252090 0.980008 11.056857
v 1.310468 0.274707 11.853742
v 0.596572 -0.356468 11.977092
v 0.563123 -0.225870 11.846142
v 0.633488 -0.448728 12.149856
v 1.124783 -0.294820 11.600978
v 1.369569 -0.506249 11.247285
v 1.471661 -0.529124 11.242380
v 1.585201 -0.524808 11.208189
v 1.539003 -0.651847 11.069061
v 1.433411 -0.633820 11.113118
v 1.367298 -0.718464 11.018702
v 1.334947 -0.595385 11.128158
v 1.282694 -0.666005 11.039136
v 0.237671 0.619846 12.864506
v 0.248622 -0.270291 12.835402
v 0.791209 -0.158297 12.531139
v 0.462906 -0.238596 12.751782
v 0.387550 -0.609849 12.387719
v 0.183658 -0.756593 12.260533
v 0.207402 -0.655962 12.454262
v 0.344109 -0.708817 12.203560
v 0.483578 -0.523527 12.020569
v 0.447678 0.607619 12.789239
v 0.767960 0.566083 12.561357
v 0.549860 -0.785509 11.366313
v 0.491894 -0.734028 11.440479
v 0.426034 -0.841814 11.489963
v 0.405172 -0.626650 11.598864
v 0.386511 -0.720313 11.671178
v 0.570290 -0.645878 11.296681
v 0.501833 -0.617240 11.364549
v 0.381624 -0.530056 11.503416
v 0.253311 -0.863328 11.785532
v 0.227377 -0.962492 11.595942
v 0.373599 -0.567361 11.695209
v 0.377063 -0.660725 11.777824
v 0.279359 -0.816653 11.901956
v 0.853164 -0.815186 11.134895
v 0.966960 -0.802961 11.053421
v 0.960949 -0.669539 11.040893
v 0.853135 -0.677964 11.103510
v 1.062249 -0.650233 11.004254
v 1.149854 -0.622823 10.997545
v 1.231275 -0.565687 11.031209
v 1.280081 -0.498809 11.109894
v 0.355863 -0.466784 11.594424
v 0.465730 -0.413669 11.911931
v 0.440920 -0.289433 11.794900
v 0.153538 -0.868168 11.945400
v 0.138284 -0.906441 11.823985
v 0.199278 1.327915 12.436862
v 1.295188 -0.437895 11.223330
v 0.116501 -0.995482 11.631016
v 0.376900 1.303875 12.373476
v 0.209939 1.102723 12.594816
v 0.395424 1.079515 12.532846
v 0.694139 1.003133 12.344344
v 1.051799 0.776957 11.921989
v 1.282998 0.543330 11.578302
v 1.780006 -0.425520 10.512343
v 0.538849 -0.087674 11.700677
v 1.078900 -0.164459 11.455803
v 0.446312 -0.533665 11.228040
v 0.523148 -0.561158 11.162695
v 0.326737 -0.431003 11.385442
v 0.838855 -0.581280 10.976469
v 0.954587 -0.560481 10.938500
v 1.056281 -0.533727 10.922692
v 1.141186 -0.495187 10.940982
v 1.202776 -0.445754 10.986349
v 1.255021 -0.390431 11.051026
v 0.407671 -0.147668 11.660390
v 1.266544 -0.326910 11.144049
v 0.301425 -0.357386 11.463062
v 1.160545 -0.387097 10.796065
v 1.072265 -0.449987 10.769394
v 0.824465 -0.537261 10.801896
v 0.953514 -0.501763 10.770753
v 1.094609 0.018312 11.301839
v 1.275914 -0.243635 10.916606
v 1.284847 -0.191109 11.020825
v 1.226938 -0.322738 10.850641
v 0.375806 -0.471243 11.065662
v 0.464978 -0.513129 10.992697
v 0.251575 -0.328543 11.216614
v 0.365152 0.018875 11.509850
v 0.499885 0.080983 11.545764
v 0.225628 -0.239036 11.302626
v 1.078458 -0.373641 10.592589
v 0.166685 -0.229740 11.015401
v 0.298286 -0.409116 10.851493
v 0.812423 -0.493581 10.610132
v 0.951648 -0.447753 10.586239
v 0.410360 -0.461834 10.785243
v 1.144721 0.220409 11.168764
v 1.350612 -0.037783 10.857468
v 1.326803 -0.111212 10.752644
v 0.294840 0.211893 11.355594
v 0.438259 0.295537 11.394585
v 0.142302 -0.117548 11.110136
v 1.170829 0.399043 10.999689
v 0.360161 0.483696 11.220068
v 0.363895 -0.407781 10.571004
v 1.255367 -0.093032 10.504783
v 0.797897 -0.439044 10.416608
v 1.317689 0.009247 10.576679
v 1.353014 0.109544 10.670782
v 1.222193 0.011520 10.330925
v 0.335450 -0.331603 10.367615
v 1.278885 0.113045 10.401525
v 1.313569 0.226834 10.487947
v 1.157491 0.546484 10.800796
v 0.304197 0.616004 10.997645
v 1.113652 0.645785 10.594491
v 1.256539 0.307964 10.322592
v 1.229145 0.192000 10.241373
v 1.182651 0.091118 10.172174
v 1.056399 0.688873 10.406009
v 1.191209 0.368479 10.172122
v 1.173445 0.256951 10.095612
v 1.137173 0.159288 10.027916
v 0.995210 0.681535 10.240306
v 1.118519 0.413545 10.042246
v 1.110436 0.309163 9.975169
v 1.084215 0.212505 9.910294
v 1.018386 0.245136 9.824092
v 1.032958 0.344650 9.878193
v 1.034139 0.445945 9.945322
v 0.949902 0.657150 10.091404
v 1.184217 -0.283831 10.629955
v 1.255548 -0.201300 10.686541
v 0.945600 -0.382818 10.400852
v 1.073779 -0.293052 10.410112
v 1.178903 -0.188615 10.448393
v 1.148870 -0.088657 10.261330
v 1.116970 -0.004637 10.102073
v 1.078342 0.065046 9.966602
v 1.035464 0.129816 9.851506
v 1.001235 0.173530 9.797085
v 0.696351 0.052437 9.693583
v 0.839396 0.091866 9.707305
v 0.938220 0.140086 9.753408
v 0.963091 0.057934 9.800362
v 0.996746 -0.032104 9.911160
v 1.029249 -0.118343 10.052888
v 1.054257 -0.203951 10.227048
v 0.863147 -0.025815 9.766661
v 0.892404 -0.135294 9.883937
v 0.918510 -0.229588 10.035600
v 0.932530 -0.308745 10.215673
v 0.783356 -0.376392 10.226421
v 0.767770 -0.303810 10.043425
v 0.747528 -0.213353 9.879353
v 0.722761 -0.091806 9.745891
v 0.257057 0.017217 12.943349
v 0.482498 0.034005 12.855899
v 0.815526 0.076658 12.616464
v 1.191637 0.377424 12.004905
v 1.159169 0.665565 11.750615
v 1.137463 0.817442 11.589705
v 1.485110 0.615057 10.770617
v 1.697090 0.240602 10.537421
v 1.600614 0.431231 10.644285
v 1.773147 0.022992 10.580710
v 1.712468 0.191044 10.669183
v 1.814422 -0.155083 10.557371
v 1.622304 0.349378 10.790338
v 1.502025 0.497887 10.929058
v 1.364078 0.657294 11.083099
v 1.819463 -0.332114 10.596661
v 1.689427 -0.646163 10.800946
v 1.752649 -0.531885 10.908818
v 1.738167 0.133187 10.791844
v 1.791153 -0.009702 10.690861
v 1.814266 -0.127045 10.633899
v 1.833797 -0.233005 10.683894
v 1.653320 0.267685 10.933951
v 1.538813 0.395139 11.084883
v 1.396529 0.534660 11.250340
v 1.451420 0.138479 11.692931
v 1.433865 0.414786 11.409703
v 1.575685 0.021503 11.550010
v 1.581887 0.288053 11.242599
v 1.769584 -0.382127 11.062535
v 1.820545 -0.098819 10.801851
v 1.358097 -0.413660 11.399782
v 1.276464 -0.378924 11.367070
v 1.454331 -0.410980 11.404346
v 1.562664 -0.390855 11.380684
v 1.747999 -0.235083 11.221727
v 1.771467 0.036513 10.927130
v 1.687031 0.173225 11.087807
v 1.673943 -0.089430 11.393867
v 1.215607 0.025541 12.053762
v 1.274759 -0.139377 11.910884
v 1.419335 -0.203958 11.701564
v 1.508732 -0.277595 11.538830
v 1.184896 -0.270459 11.849362
v 1.314389 -0.283090 11.712867
v 1.401159 -0.332537 11.558932
v 0.738656 -0.349481 12.375011
v 0.431427 -0.458930 12.587657
v 0.231821 -0.501739 12.663339
v 1.112484 -0.304761 11.789579
v 1.213760 -0.314988 11.683435
v 1.298125 -0.352988 11.544851
v 1.107609 -0.179734 12.066964
v 1.049105 -0.284794 11.966764
v 0.992310 -0.306498 11.867881
v 1.119955 -0.031265 12.176087
v 1.117893 0.127202 12.233791
v 1.175776 0.132419 12.131040
v 1.203124 -0.317364 11.494687
v 1.161571 -0.207200 11.373492
v 1.182451 -0.038835 11.233314
v 1.271186 0.160705 11.089163
v 1.274325 0.327126 10.897637
v 1.253311 0.459217 10.700623
v 1.209596 0.558701 10.503555
v 1.145707 0.603659 10.333557
v 1.075244 0.612371 10.194476
v 1.022116 0.610287 10.099599
v 1.037405 -0.277460 11.679023
v 0.999556 -0.125268 11.515344
v 1.004117 0.065145 11.362765
v 1.030276 0.273648 11.246185
v 1.042607 0.467886 11.090866
v 1.035237 0.631189 10.895684
v 0.986664 0.719702 10.674550
v 0.932391 0.758610 10.466640
v 0.874689 0.744924 10.270725
v 0.826152 0.687646 10.098210
v 0.934832 -0.252775 11.736469
v 0.900795 -0.100364 11.580606
v 0.890792 0.099076 11.432594
v 0.894345 0.308835 11.313546
v 0.884353 0.505030 11.152827
v 0.864422 0.684474 10.966892
v 0.831680 0.800280 10.738210
v 0.777999 0.814801 10.501965
v 0.724308 0.782216 10.293745
v 0.686686 0.710245 10.109439
v 1.236194 -0.273411 11.270835
v 1.257176 -0.110421 11.128918
v 1.345345 0.076979 10.966668
v 1.350091 0.227635 10.783128
v 1.317365 0.354459 10.588173
v 1.260762 0.431422 10.413712
v 1.188803 0.480655 10.258250
v 1.112864 0.517600 10.124175
v 1.031752 0.540342 10.027371
v 0.932403 0.573746 9.973619
v 0.930881 0.240150 9.764956
v 0.928877 0.355861 9.811887
v 0.816897 0.213161 9.728105
v 0.927324 0.466406 9.880984
v 0.681099 0.184946 9.722300
v 0.806739 0.596903 9.956253
v 0.666209 0.596707 9.962362
v 0.799802 0.471707 9.856711
v 0.665213 0.459393 9.861718
v 0.803533 0.344916 9.782495
v 0.668834 0.321385 9.781449
v 0.221450 0.875476 12.739161
v 0.419078 0.856687 12.671690
v 0.727534 0.792105 12.468410
v 1.072350 0.612230 12.048716
v 1.181669 0.519283 11.887401
v 1.303918 0.412479 11.727133
v 1.456490 0.284489 11.559094
v 1.599344 0.164176 11.408683
v 1.704846 0.048078 11.251294
v 1.787566 -0.092531 11.075057
v 1.832312 -0.231888 10.932595
v 1.822295 -0.379434 10.788562
v 1.784570 -0.505309 10.687456
v 1.721786 -0.624551 10.621235
v 0.251298 0.330294 12.945995
v 0.473213 0.330418 12.863216
v 0.799579 0.325890 12.616941
v 1.102918 0.283659 12.212183
v 1.186192 0.238254 12.083768
v 1.280604 0.140226 11.961135
v 1.393587 0.003725 11.811646
v 1.515271 -0.104592 11.647071
v 1.603025 -0.206556 11.492062
v 1.667819 -0.343039 11.323141
v 1.690694 -0.489911 11.159433
v 1.642084 -0.626515 11.011334
v 1.568260 -0.731345 10.908638
v 1.466945 -0.824527 10.852232
v 0.107824 0.012446 10.915538
v 0.125268 -0.123808 10.805216
v 0.250827 -0.343314 10.634549
v 0.105607 0.122457 10.708433
v 0.123116 -0.031096 10.601360
v 0.232769 -0.255018 10.435111
v 0.216693 0.359691 11.156791
v 0.188645 0.468001 10.925118
v 0.295759 0.668005 10.750497
v 0.205698 0.518180 10.693542
v 0.307279 0.670948 10.529419
v 0.223343 0.552875 10.496037
v 0.119291 0.206407 10.502732
v 0.318860 -0.245182 10.192255
v 0.125893 0.054189 10.401978
v 0.226831 -0.161341 10.255698
v 0.140700 0.282764 10.331893
v 0.301800 -0.155381 10.038330
v 0.136764 0.138606 10.237276
v 0.216192 -0.075859 10.101259
v 0.306899 0.652047 10.344790
v 0.236089 0.562220 10.334589
v 0.171203 0.332550 10.181651
v 0.159108 0.203943 10.099327
v 0.215635 0.002310 9.980659
v 0.290829 -0.060981 9.916945
v 0.298636 0.610401 10.197455
v 0.249888 0.562937 10.230865
v 0.284473 0.033241 9.849680
v 0.227857 0.058116 9.908350
v 0.197991 0.244638 9.981973
v 0.207876 0.368199 10.068525
v 0.280383 0.382846 9.982788
v 0.273600 0.249813 9.897573
v 0.208498 0.134781 9.927817
v 0.173316 0.096446 10.025731
v 0.162814 0.028613 10.152669
v 0.164041 -0.052487 10.304933
v 0.170382 -0.152602 10.504777
v 0.185570 -0.252899 10.711787
v 0.223216 -0.327805 10.928221
v 0.302828 -0.408947 11.141941
v 0.378545 -0.490930 11.301426
v 0.449666 -0.573239 11.431200
v 0.444970 -0.680299 11.516513
v 0.400048 -0.774860 11.575119
v 0.236732 -0.909006 11.682029
v 0.124523 -0.945887 11.719523
v 0.281237 0.140001 9.851530
v 0.289350 0.505054 10.089025
v 0.228042 0.480511 10.164055
v 0.192706 0.461876 10.272964
v 0.166177 0.427325 10.426029
v 0.141055 0.371960 10.616366
v 0.126056 0.298693 10.832673
v 0.140858 0.190686 11.051885
v 0.183185 0.057649 11.249186
v 0.258688 -0.103476 11.417984
v 0.322307 -0.250304 11.570648
v 0.368628 -0.379875 11.700560
v 0.388084 -0.488576 11.802669
v 0.398118 -0.589516 11.893805
v 0.304199 -0.769051 12.042531
v 0.166322 -0.821226 12.090945
v 1.128470 0.978087 11.407456
v 1.027000 1.121704 11.576545
v 0.661788 1.428484 12.002954
v 0.367445 1.537984 12.195635
v 0.193569 1.566412 12.260118
v 1.141423 1.148029 11.211734
v 1.033090 1.299877 11.366492
v 0.666480 1.652979 11.797443
v 0.368625 1.787571 12.004420
v 0.193431 1.824740 12.070591
v 0.642686 -0.807051 11.288087
v 0.651708 -0.664864 11.234062
v 0.605977 -0.579282 11.103632
v 0.555793 -0.533667 10.932692
v 0.529943 -0.486699 10.724526
v 0.499807 -0.444923 10.510585
v 0.473864 -0.383264 10.313447
v 0.448208 -0.304570 10.132415
v 0.423144 -0.215890 9.972387
v 0.399290 -0.107544 9.843606
v 0.388319 0.023414 9.780173
v 0.383518 0.148058 9.792693
v 0.380299 0.265881 9.840037
v 0.390633 0.409664 9.922668
v 0.391787 0.551482 10.025830
v 0.401286 0.663552 10.162331
v 0.423189 0.717711 10.334785
v 0.433461 0.764181 10.539519
v 0.440489 0.776428 10.778383
v 0.476470 0.700024 11.022805
v 0.534248 0.529079 11.231055
v 0.585130 0.332150 11.400840
v 0.626447 0.112956 11.529513
v 0.659794 -0.074156 11.683983
v 0.700334 -0.212208 11.832949
v 0.732202 -0.315579 11.966500
v 0.786072 -0.362379 12.108807
v 0.860088 -0.283251 12.284944
v 0.910778 -0.114897 12.416390
v 0.933488 0.097880 12.488981
v 0.914603 0.319937 12.485976
v 0.887044 0.538916 12.432541
v 0.850486 0.746723 12.345195
v 0.823620 0.943753 12.219424
v 0.800191 1.141619 12.066485
v 0.792464 1.344752 11.876253
v 0.797494 1.554237 11.665230
v 0.744985 -0.814942 11.212343
v 0.748328 -0.675486 11.173327
v 0.721250 -0.587636 11.037362
v 0.692325 -0.547154 10.859308
v 0.667569 -0.503796 10.658648
v 0.647315 -0.457557 10.456596
v 0.625170 -0.396402 10.263084
v 0.600971 -0.326015 10.076872
v 0.577339 -0.240977 9.911987
v 0.550415 -0.125516 9.770183
v 0.535362 0.028040 9.718947
v 0.531594 0.160972 9.741504
v 0.524332 0.299802 9.799575
v 0.526434 0.437008 9.885918
v 0.524600 0.581209 9.986906
v 0.535356 0.705057 10.129025
v 0.567166 0.766449 10.315960
v 0.600895 0.815966 10.529092
v 0.632816 0.824488 10.773343
v 0.678867 0.703653 11.007676
v 0.712294 0.529991 11.200118
v 0.744195 0.331371 11.366765
v 0.763998 0.107731 11.487908
v 0.787983 -0.083715 11.643279
v 0.824590 -0.228739 11.793103
v 0.865100 -0.304259 11.918947
v 0.920304 -0.311484 12.046909
v 0.979053 -0.227358 12.184621
v 1.018079 -0.072942 12.299775
v 1.032406 0.113855 12.364243
v 1.013672 0.308713 12.353084
v 0.990839 0.502431 12.297371
v 0.959453 0.689670 12.210471
v 0.939632 0.869462 12.082270
v 0.920234 1.053096 11.927876
v 0.914668 1.242374 11.733068
v 0.920081 1.436342 11.519487
v 0.525973 1.730658 11.910902
v 0.521644 1.492161 12.109220
v 0.531989 1.265335 12.290456
v 0.553656 1.047164 12.448124
v 0.587800 0.829490 12.578385
v 0.623982 0.589131 12.683539
v 0.656856 0.328467 12.747055
v 0.664570 0.055140 12.737644
v 0.643852 -0.200309 12.644687
v 0.599043 -0.408078 12.487341
v 0.532505 -0.543278 12.285917
v 0.449461 -0.626608 12.120260
v 0.387224 -0.687998 11.973178
v 0.353607 -0.746002 11.844604
v 0.336992 -0.799226 11.733021
v 0.328818 -0.851406 11.630891
v 0.328324 -0.913202 11.545694
v -0.328324 -0.913202 11.545694
v -0.328818 -0.851406 11.630891
v -0.336992 -0.799226 11.733021
v -0.353607 -0.746002 11.844604
v -0.387224 -0.687998 11.973178
v -0.449461 -0.626608 12.120260
v -0.532505 -0.543278 12.285917
v -0.599043 -0.408078 12.487341
v -0.643852 -0.200309 12.644687
v -0.664570 0.055140 12.737644
v -0.656856 0.328467 12.747055
v -0.623982 0.589131 12.683539
v -0.587800 0.829490 12.578385
v -0.553656 1.047164 12.448124
v -0.531989 1.265335 12.290456
v -0.521644 1.492161 12.109220
v -0.525969 1.730529 11.910728
v 0.000000 -4.380464 11.941645
v -0.000000 -2.753809 11.324567
v 0.000000 -4.913654 13.182928
v -0.000000 -4.480083 12.981939
v 0.000000 -4.678432 13.121918
v -0.000000 -4.326260 12.805519
v -0.000000 -5.335909 12.914037
v 0.000000 -4.268437 12.632044
v -0.000000 -5.353456 12.528883
v 0.000000 -4.344104 12.076648
v 0.000000 -2.488750 12.454531
v 0.000000 -2.338751 12.542850
v 0.000000 -2.188782 12.593147
v 0.000000 -2.044844 12.599878
v -0.000000 -2.746250 12.122942
v -0.000000 -2.626270 12.320128
v 0.000000 -5.407537 12.223192
v 0.000000 -2.707043 11.220014
v -0.000000 -2.652904 11.128329
v -0.000000 -2.826113 11.579344
v -0.000000 -2.840648 11.738622
v -0.000000 -2.815977 11.912348
v 0.000000 -2.794603 11.440586
v 0.000000 -2.590969 11.047945
v -0.000000 -4.280859 12.340740
v 0.000000 -4.309537 12.210340
v -0.000000 -4.261409 12.476310
v -1.086862 -3.916726 11.947629
v -1.376072 -3.724093 11.714748
v -0.948763 -4.011901 12.007253
v -1.227231 -3.824893 11.852760
v -1.523446 -3.633669 11.558562
v -0.594558 -2.730870 11.072197
v -0.985225 -2.992512 11.099418
v -0.147384 -2.599866 11.044838
v -1.098008 -3.069682 11.093954
v -1.873900 -3.370631 10.926291
v -1.644924 -3.543686 11.407716
v -0.291782 -4.327697 11.962790
v -1.798505 -3.348072 10.887595
v -1.751514 -3.337034 10.906956
v -0.687789 -2.786999 11.085115
v -0.781881 -2.849931 11.093065
v -1.479100 -3.256862 10.993183
v -1.603996 -3.301032 10.956071
v -1.687995 -3.323828 10.934487
v -1.345296 -3.202836 11.036736
v -1.217182 -3.141306 11.074291
v -0.279567 -2.616771 11.045959
v -1.887435 -3.397140 10.973200
v -1.839443 -3.359534 10.898503
v -1.876714 -3.418484 11.046343
v -1.806073 -3.451390 11.186496
v -1.736356 -3.480675 11.293886
v -1.695414 -3.463774 11.784782
v -1.804717 -3.516674 11.691126
v -1.575310 -3.382481 11.882011
v -1.599618 -3.540410 11.666792
v -1.722049 -3.584265 11.582356
v -1.896293 -3.548980 11.617691
v -1.961439 -3.568398 11.566337
v -1.791720 -3.367658 11.869869
v -1.888613 -3.440606 11.765230
v -1.443236 -3.269284 11.965679
v -1.469990 -3.472820 11.757681
v -1.677211 -3.266602 11.974102
v -1.517638 -3.585276 11.539822
v -1.649785 -3.614560 11.459681
v -1.825731 -3.605968 11.525166
v -1.891644 -3.619097 11.481424
v -1.971708 -3.487866 11.676127
v -2.030917 -3.516134 11.612040
v -1.877661 -3.259387 11.913576
v -1.968165 -3.349949 11.802230
v -1.306816 -3.144237 12.027981
v -1.337295 -3.374580 11.837914
v -1.547630 -3.136441 12.062287
v -1.384045 -3.524587 11.624965
v -1.767654 -3.140742 12.025882
v -1.469360 -3.580956 11.437970
v -1.446446 -3.547962 11.364204
v -1.597064 -3.564161 11.300431
v -1.616493 -3.597337 11.365598
v -1.761938 -3.622340 11.418383
v -1.829499 -3.618181 11.374451
v -2.014073 -3.602139 11.509408
v -2.044674 -3.418603 11.701342
v -2.102226 -3.466439 11.622490
v -1.960640 -3.138656 11.917100
v -2.048024 -3.247979 11.801681
v -1.048120 -2.927290 12.137860
v -1.171516 -3.031385 12.085302
v -1.212563 -3.254749 11.899668
v -1.408694 -3.003672 12.130520
v -1.251891 -3.436334 11.703994
v -1.640020 -2.995779 12.118344
v -1.327846 -3.527056 11.508949
v -1.299931 -3.503753 11.423710
v -1.854340 -3.002105 12.032495
v -1.435983 -3.503663 11.297592
v -1.435401 -3.448578 11.220227
v -1.582530 -3.475778 11.183624
v -1.585835 -3.523196 11.242895
v -1.727717 -3.597724 11.323687
v -1.717376 -3.563525 11.263724
v -1.786685 -3.553861 11.236349
v -1.798640 -3.586816 11.293695
v -1.952712 -3.606216 11.452271
v -2.023355 -3.609189 11.535777
v -2.083215 -3.570596 11.541236
v -2.119722 -3.338097 11.695618
v -2.180994 -3.411531 11.610161
v -2.037816 -2.997102 11.866079
v -2.127806 -3.127991 11.755413
v -0.967895 -3.046058 12.003140
v -1.090189 -3.142596 11.955743
v -1.146394 -2.772759 12.247998
v -1.273619 -2.884283 12.191569
v -1.137966 -3.327992 11.765024
v -1.505880 -2.850348 12.188525
v -1.192915 -3.448512 11.584805
v -1.162324 -3.431876 11.489992
v -1.730055 -2.847635 12.130261
v -1.288661 -3.463593 11.349741
v -1.290568 -3.411126 11.267684
v -1.926320 -2.845156 11.974363
v -1.441559 -3.389966 11.149420
v -1.454615 -3.325456 11.076187
v -1.587177 -3.361708 11.036031
v -1.584415 -3.421898 11.109513
v -1.703470 -3.527003 11.210711
v -1.686553 -3.481904 11.152160
v -1.751314 -3.479163 11.122852
v -1.769680 -3.520148 11.184062
v -1.899469 -3.594840 11.361920
v -1.964461 -3.600950 11.496156
v -2.034681 -3.637476 11.572380
v -2.042726 -3.686580 11.653968
v -2.092062 -3.598617 11.550749
v -2.158657 -3.541758 11.533977
v -2.201734 -3.241053 11.652255
v -2.264543 -3.333441 11.568768
v -0.927990 -2.834041 12.182785
v -0.810448 -2.755948 12.223348
v -0.907031 -3.126766 11.856102
v -1.023521 -3.215840 11.818390
v -1.231294 -2.608085 12.315533
v -1.368910 -2.718963 12.254824
v -1.081364 -3.352657 11.636124
v -1.050253 -3.338761 11.535995
v -1.593361 -2.700171 12.210998
v -1.150186 -3.395373 11.404092
v -1.156172 -3.345531 11.317907
v -1.798000 -2.686474 12.074209
v -1.299720 -3.349479 11.193712
v -1.319961 -3.278126 11.115652
v -1.677936 -3.432337 11.075069
v -1.677365 -3.378706 11.002324
v -1.739459 -3.387537 10.978285
v -1.739944 -3.436127 11.056357
v -1.864862 -3.558627 11.287923
v -1.844473 -3.530101 11.229062
v -1.910573 -3.576940 11.423625
v -1.976332 -3.616117 11.544873
v -1.985492 -3.646828 11.616035
v -2.010686 -3.767834 11.799426
v -2.101685 -3.646136 11.588362
v -2.101393 -3.698676 11.647417
v -2.167090 -3.585513 11.539188
v -2.245624 -3.519996 11.505452
v -0.696364 -2.693128 12.255122
v -0.849502 -2.963833 12.039143
v -0.739379 -2.887558 12.074736
v -1.021218 -2.676126 12.295942
v -0.891653 -2.602815 12.335737
v -0.855513 -3.166143 11.702236
v -0.969720 -3.252199 11.674216
v -0.827716 -3.162407 11.584694
v -0.940175 -3.243918 11.566544
v -1.298385 -2.452133 12.347676
v -1.446674 -2.565682 12.285045
v -1.039849 -3.304869 11.443389
v -1.042680 -3.259981 11.354432
v -1.657879 -2.537056 12.171860
v -1.168698 -3.288138 11.237746
v -1.191382 -3.217983 11.154432
v -1.829461 -3.501525 11.164866
v -1.820332 -3.466017 11.111947
v -1.879645 -3.539560 11.339586
v -1.861697 -3.503522 11.268890
v -1.927242 -3.580188 11.504416
v -1.936884 -3.607201 11.565344
v -1.957818 -3.718865 11.768785
v -2.064853 -3.804866 11.789968
v -2.176079 -3.651838 11.577298
v -2.174845 -3.714081 11.620961
v -2.255756 -3.577199 11.498798
v -0.632910 -2.826175 12.103251
v -0.761521 -2.546827 12.368927
v -0.794103 -3.053476 11.887429
v -0.688235 -2.988623 11.915309
v -1.093675 -2.515406 12.366442
v -0.952312 -2.449246 12.407758
v -0.819802 -3.129693 11.472077
v -0.930453 -3.212682 11.461061
v -0.727722 -3.019620 11.374543
v -0.932014 -3.174823 11.369273
v -1.346392 -2.297819 12.326216
v -1.503760 -2.408466 12.256637
v -1.054266 -3.208441 11.266917
v -1.073607 -3.144277 11.180255
v -1.816304 -3.432863 11.047998
v -1.821419 -3.399047 10.972118
v -1.850508 -3.477493 11.195767
v -1.843781 -3.448324 11.145056
v -1.885759 -3.514120 11.440349
v -1.854419 -3.471540 11.372063
v -1.860532 -3.482973 11.454021
v -1.899212 -3.539201 11.511413
v -1.914197 -3.672604 11.717672
v -2.129565 -3.827167 11.742198
v -2.261177 -3.653473 11.536705
v -2.259365 -3.717838 11.574717
v -0.319416 -2.609581 12.304832
v -0.587528 -2.927877 11.937878
v -0.810005 -2.398806 12.443442
v -0.751071 -3.095248 11.727547
v -0.651751 -3.033053 11.751044
v -0.726117 -3.091389 11.602160
v -0.633472 -3.023278 11.610750
v -1.147513 -2.361302 12.397812
v -0.996433 -2.296392 12.442024
v -0.740311 -2.970737 11.276935
v -0.943246 -3.125236 11.276491
v -0.759423 -2.914702 11.181638
v -0.961414 -3.063810 11.187114
v -1.843730 -3.423517 11.079434
v -1.852339 -3.399294 11.002341
v -1.838567 -3.445363 11.306173
v -1.835469 -3.427908 11.244061
v -1.830551 -3.434625 11.338950
v -1.834109 -3.449899 11.392977
v -1.883229 -3.602516 11.658624
v -1.865671 -3.556915 11.601725
v -1.913077 -3.922704 12.058984
v -2.214793 -3.841853 11.675317
v -0.167211 -2.617855 12.313718
v -0.294139 -2.729700 12.135334
v -0.337502 -2.476390 12.428139
v -0.557519 -2.980695 11.764630
v -0.543717 -2.969333 11.614779
v -0.844963 -2.249927 12.479853
v -0.722480 -3.060004 11.479829
v -0.630380 -2.995727 11.484078
v -0.636415 -2.956510 11.370971
v -0.548781 -2.897063 11.358403
v -1.188170 -2.208986 12.386089
v -1.032799 -2.145930 12.437766
v -1.848358 -3.422999 11.151145
v -1.865326 -3.412369 11.063749
v -1.848400 -3.422500 11.143478
v -1.830257 -3.424036 11.249586
v -1.833227 -3.503456 11.533944
v -1.815187 -3.475921 11.464395
v -1.864933 -3.846462 12.040504
v -1.836530 -4.031306 12.234990
v -1.968415 -3.972429 12.031969
v -0.158474 -2.732830 12.132962
v -0.174021 -2.482954 12.443782
v -0.276515 -2.817870 11.939918
v -0.351489 -2.331288 12.508832
v -0.541971 -2.937998 11.477880
v -0.875294 -2.101254 12.480701
v -0.648976 -2.907516 11.268249
v -0.560114 -2.849510 11.251058
v -0.666479 -2.851158 11.173525
v -0.575168 -2.793512 11.158096
v -1.801080 -3.458630 11.386089
v -1.795834 -3.450803 11.295831
v -1.815243 -3.764387 11.988127
v -1.784141 -3.943328 12.219391
v -1.741568 -4.148589 12.424724
v -1.897755 -4.095832 12.206769
v -2.026468 -4.015325 11.973056
v -0.144172 -2.813537 11.931747
v -0.180324 -2.335016 12.530691
v -0.265748 -2.857939 11.758142
v -0.258892 -2.850868 11.590698
v -0.362820 -2.186901 12.557474
v -0.258282 -2.775173 11.318918
v -1.769051 -3.693554 11.926060
v -1.737464 -3.631552 11.858775
v -1.736999 -3.849061 12.176834
v -1.686983 -4.050379 12.410605
v -1.630349 -4.285253 12.608910
v -1.807744 -4.236080 12.390467
v -1.955419 -4.152232 12.130610
v -2.097099 -4.057571 11.877515
v -0.135633 -2.848409 11.747330
v -0.135230 -2.835976 11.583670
v -0.185763 -2.188472 12.580252
v -0.256535 -2.817093 11.440959
v -0.135490 -2.760102 11.319530
v -0.372186 -2.041336 12.569379
v -0.263669 -2.729543 11.215938
v -0.270002 -2.676571 11.126069
v -1.713190 -3.613083 11.783581
v -1.683054 -3.569121 11.698177
v -1.689628 -3.768807 12.110222
v -1.632263 -3.660423 12.014796
v -1.638991 -3.947669 12.368633
v -1.568441 -4.158947 12.599776
v -1.496288 -4.418281 12.767776
v -1.691338 -4.405606 12.567873
v -1.864711 -4.321032 12.298688
v -2.010152 -4.212436 12.012136
v -0.134592 -2.802295 11.440683
v -0.188587 -2.044289 12.591331
v -0.137758 -2.712826 11.215944
v -0.141557 -2.659230 11.125996
v -1.659181 -3.548728 11.611441
v -1.646143 -3.541854 11.512625
v -1.597939 -3.659769 11.939278
v -1.564349 -3.629797 11.852746
v -1.587318 -3.840654 12.301107
v -1.516907 -3.725739 12.191884
v -1.515659 -4.034107 12.551568
v -1.432960 -4.267685 12.766802
v -1.556115 -4.565610 12.707354
v -1.745420 -4.513734 12.450419
v -1.905129 -4.397666 12.151243
v -1.539271 -3.618054 11.760240
v -1.525789 -3.621421 11.662345
v -1.451251 -3.679904 12.079503
v -1.417119 -3.687551 12.002594
v -1.462789 -3.911677 12.481255
v -1.380590 -3.803205 12.365024
v -1.375188 -4.119888 12.716288
v -1.289783 -4.363327 12.902742
v -1.353370 -4.534996 12.898771
v -1.596853 -4.695326 12.574387
v -1.764507 -4.595905 12.266655
v -1.393090 -3.692207 11.913222
v -1.378553 -3.703892 11.816135
v -1.302712 -3.763467 12.242200
v -1.258367 -3.763625 12.141190
v -1.314682 -3.993780 12.628336
v -1.233792 -3.883552 12.503635
v -1.227303 -4.201975 12.843420
v -1.401541 -4.705617 12.827779
v -1.601028 -4.773324 12.345887
v -1.234024 -3.780225 12.047160
v -1.225764 -3.803267 11.950949
v -1.151604 -3.830618 12.353402
v -1.115589 -3.856985 12.246348
v -1.165166 -4.065825 12.736636
v -0.452159 -4.877577 13.185725
v -0.423737 -4.644438 13.139022
v -1.431781 -4.853981 12.671144
v -1.096849 -3.876007 12.145451
v -1.089660 -3.894960 12.046811
v -1.033543 -3.944463 12.438064
v -1.098100 -3.977957 12.589402
v -0.396457 -4.443953 13.015574
v -0.468725 -5.108003 13.105148
v -1.428633 -4.926028 12.396082
v -0.968244 -3.974066 12.215916
v -0.992493 -3.956395 12.321150
v -0.370437 -4.279062 12.845360
v -0.470299 -5.293590 12.890700
v -0.954390 -3.993127 12.112391
v -0.350587 -4.217209 12.658214
v -0.334867 -4.209653 12.491927
v -0.458398 -5.313214 12.502620
v -0.323418 -4.231082 12.357391
v -0.312231 -4.261227 12.225779
v -0.300610 -4.293362 12.093720
v -2.165812 -3.933563 11.760753
v -2.084511 -3.906718 11.841000
v -2.023696 -3.879810 11.895803
v -1.972195 -3.836100 11.914815
v -1.921727 -3.771592 11.887714
v -1.872235 -3.713831 11.833659
v -1.835402 -3.637595 11.773804
v -1.811903 -3.591755 11.713176
v -1.785848 -3.539286 11.636095
v -1.763513 -3.505870 11.561722
v -1.746444 -3.487269 11.481083
v -1.737344 -3.478377 11.387323
v -2.271842 -3.966651 11.663839
v -2.192970 -4.110979 11.762480
v -2.093114 -4.285545 11.875640
v -1.974798 -4.486973 11.981022
v -1.836379 -4.695630 12.054682
v -1.677965 -4.886679 12.097273
v -1.508339 -5.050313 12.113522
v -0.464436 -5.389452 12.204110
v -1.783810 -3.394119 10.969008
v -1.784555 -3.440150 11.044287
v -1.793249 -3.478083 11.108008
v -1.804717 -3.510891 11.165701
v -1.821790 -3.544229 11.216063
v -1.839261 -3.576820 11.271971
v -1.870104 -3.613193 11.343143
v -1.928638 -3.624712 11.447832
v -1.995771 -3.590390 11.525194
v -2.065606 -3.541933 11.564930
v -2.140045 -3.505702 11.564072
v -2.222393 -3.469831 11.545949
v -2.312355 -3.408946 11.506784
v -0.879129 -2.918254 11.098747
v -0.855985 -2.984754 11.186350
v -0.837384 -3.043488 11.276534
v -0.823953 -3.091835 11.372956
v -2.341472 -3.473068 11.461600
v -2.354926 -3.548822 11.449862
v -2.357315 -3.706060 11.512797
v -2.356695 -3.634077 11.475938
v -2.322388 -3.859966 11.596838
v -0.239713 -5.400739 12.219211
v -0.235718 -5.338167 12.516810
v -0.241713 -5.326253 12.909446
v -0.240055 -5.140768 13.115602
v -0.232908 -4.903808 13.185239
v -0.219667 -4.670595 13.130301
v -0.208234 -4.468061 12.991747
v -0.194214 -4.310323 12.821208
v -0.179634 -4.252034 12.642452
v -0.171190 -4.237946 12.476871
v -0.164858 -4.264923 12.344100
v -0.159298 -4.295821 12.214501
v -0.152950 -4.328289 12.079548
v -0.148766 -4.363414 11.945580
v -0.000000 -5.151632 13.118915
v -0.687939 -4.169116 12.037492
v -0.695558 -4.146438 12.153378
v -0.709726 -4.124949 12.267530
v -0.730194 -4.102601 12.384300
v -0.761299 -4.083180 12.512514
v -0.812443 -4.098133 12.673604
v -0.870047 -4.172096 12.844947
v -0.918236 -4.322846 12.985647
v -0.973387 -4.501995 13.078926
v -1.030583 -4.711915 13.083018
v -1.059762 -4.918383 12.993864
v -1.058225 -5.092882 12.811043
v -1.054504 -5.153986 12.447161
v -1.106383 -5.304091 12.113783
v -0.819238 -4.098775 12.037801
v -0.826197 -4.078529 12.146586
v -0.841141 -4.057050 12.254154
v -0.863960 -4.035749 12.367420
v -0.900282 -4.019685 12.492968
v -0.960871 -4.046363 12.647671
v -1.023030 -4.129119 12.803647
v -1.076323 -4.270709 12.929575
v -1.135937 -4.440558 13.008017
v -1.197340 -4.631315 13.003368
v -1.238267 -4.821446 12.921047
v -1.249806 -4.988257 12.748531
v -1.244182 -5.055058 12.424446
v -1.314623 -5.194504 12.111429
v -0.892775 -5.351236 12.152456
v -0.865358 -5.223821 12.472377
v -0.882079 -5.172226 12.846608
v -0.878643 -4.993791 13.044536
v -0.850697 -4.780808 13.137627
v -0.801869 -4.560059 13.120241
v -0.754297 -4.373761 13.015358
v -0.707888 -4.209731 12.859909
v -0.655988 -4.139535 12.679688
v -0.616465 -4.126013 12.514604
v -0.591950 -4.146946 12.381657
v -0.573262 -4.172896 12.256736
v -0.561520 -4.198415 12.135263
v -0.556298 -4.227932 12.015512
v -2.348485 -3.778964 11.552578
v -2.244454 -3.775766 11.619146
v -2.158647 -3.767620 11.672714
v -2.089542 -3.745667 11.709216
v -2.032888 -3.719285 11.714800
v -1.983045 -3.679802 11.688307
v -1.934576 -3.639619 11.634762
v -1.903119 -3.578132 11.583708
v -1.880455 -3.529423 11.532593
v -1.840566 -3.475910 11.461939
v -1.823204 -3.449445 11.395039
v -1.820214 -3.436634 11.319709
v -1.832096 -3.440619 11.227964
v -1.847866 -3.437624 11.109076
v -0.681360 -5.374524 12.184969
v -0.669624 -5.277740 12.493877
v -0.687013 -5.238409 12.876611
v -0.682764 -5.056088 13.085003
v -0.659760 -4.835142 13.170282
v -0.620913 -4.606769 13.137768
v -0.583484 -4.412849 13.024007
v -0.547781 -4.246178 12.859616
v -0.512187 -4.173669 12.671679
v -0.483327 -4.161842 12.504761
v -0.467269 -4.189560 12.369852
v -0.451450 -4.220019 12.240625
v -0.438971 -4.249990 12.114107
v -0.431073 -4.283439 11.989819
v -0.393991 -2.644330 11.049868
v -0.381716 -2.704647 11.129972
v -0.372795 -2.759025 11.220916
v -0.365100 -2.807758 11.324050
v -0.360692 -2.849740 11.450194
v -0.364054 -2.878423 11.598834
v -0.373904 -2.881618 11.760019
v -0.391953 -2.836111 11.947564
v -0.416946 -2.743674 12.129374
v -0.454993 -2.619194 12.293137
v -0.489453 -2.484697 12.414455
v -0.512719 -2.342479 12.492438
v -0.531276 -2.196841 12.537181
v -0.547877 -2.051706 12.546851
v -0.497478 -2.681134 11.059925
v -0.481505 -2.744042 11.141697
v -0.469015 -2.799019 11.234233
v -0.459357 -2.847283 11.339984
v -0.454881 -2.890890 11.464674
v -0.455357 -2.923841 11.610983
v -0.466084 -2.932203 11.767386
v -0.488466 -2.877164 11.946157
v -0.526929 -2.775047 12.121716
v -0.578863 -2.647213 12.278728
v -0.629927 -2.507215 12.395220
v -0.664707 -2.364299 12.470421
v -0.691698 -2.217722 12.510523
v -0.715719 -2.071380 12.514756
v 1.086862 -3.916726 11.947629
v 1.376072 -3.724093 11.714748
v 0.948763 -4.011901 12.007253
v 1.227231 -3.824893 11.852760
v 1.523446 -3.633669 11.558562
v 0.597003 -2.734259 11.067398
v 0.987356 -2.992739 11.095475
v 0.147517 -2.601184 11.044073
v 1.099216 -3.069638 11.091738
v 1.873900 -3.370631 10.926291
v 1.644924 -3.543686 11.407716
v 0.291782 -4.327697 11.962790
v 1.796888 -3.348140 10.891286
v 1.749887 -3.337141 10.910552
v 0.691406 -2.790344 11.078395
v 0.784400 -2.851391 11.088451
v 1.472880 -3.257777 11.005199
v 1.599157 -3.301587 10.965970
v 1.686367 -3.323973 10.937984
v 1.340910 -3.203528 11.044862
v 1.217182 -3.141306 11.074291
v 0.280346 -2.620497 11.043564
v 1.887435 -3.397140 10.973200
v 1.839443 -3.359534 10.898503
v 1.876714 -3.418484 11.046343
v 1.806073 -3.451390 11.186496
v 1.736356 -3.480675 11.293886
v 1.695414 -3.463774 11.784782
v 1.804717 -3.516674 11.691126
v 1.575310 -3.382481 11.882011
v 1.599618 -3.540410 11.666792
v 1.722049 -3.584265 11.582356
v 1.896293 -3.548980 11.617691
v 1.961439 -3.568398 11.566337
v 1.791720 -3.367658 11.869869
v 1.888613 -3.440606 11.765230
v 1.443236 -3.269284 11.965679
v 1.469990 -3.472820 11.757681
v 1.677211 -3.266602 11.974102
v 1.517638 -3.585276 11.539822
v 1.649785 -3.614560 11.459681
v 1.825731 -3.605968 11.525166
v 1.891644 -3.619097 11.481424
v 1.971708 -3.487866 11.676043
v 2.030917 -3.516134 11.612040
v 1.877661 -3.259387 11.913576
v 1.968165 -3.349949 11.802230
v 1.306816 -3.144237 12.027981
v 1.337295 -3.374580 11.837914
v 1.547630 -3.136441 12.062287
v 1.384045 -3.524587 11.624965
v 1.767654 -3.140742 12.025882
v 1.469360 -3.580956 11.437970
v 1.446446 -3.547962 11.364204
v 1.597064 -3.564161 11.300431
v 1.616493 -3.597337 11.365598
v 1.761938 -3.622340 11.418383
v 1.829499 -3.618181 11.374451
v 2.014073 -3.602139 11.509408
v 2.044674 -3.418603 11.701342
v 2.102226 -3.466439 11.622490
v 1.960640 -3.138656 11.917100
v 2.048024 -3.247979 11.801681
v 1.048120 -2.927290 12.137860
v 1.171516 -3.031385 12.085302
v 1.212563 -3.254749 11.899668
v 1.408694 -3.003672 12.130520
v 1.251891 -3.436334 11.703994
v 1.640020 -2.995779 12.118344
v 1.327846 -3.527056 11.508949
v 1.299931 -3.503753 11.423710
v 1.854340 -3.002105 12.032495
v 1.435983 -3.503663 11.297592
v 1.433894 -3.449005 11.223710
v 1.582530 -3.475778 11.183624
v 1.585835 -3.523196 11.242895
v 1.727717 -3.597724 11.323687
v 1.717376 -3.563525 11.263724
v 1.786685 -3.553861 11.236349
v 1.798640 -3.586816 11.293695
v 1.952712 -3.606216 11.452271
v 2.023355 -3.609189 11.535777
v 2.083215 -3.570596 11.541236
v 2.119722 -3.338097 11.695618
v 2.180994 -3.411531 11.610161
v 2.037816 -2.997102 11.866079
v 2.127806 -3.127991 11.755413
v 0.967895 -3.046058 12.003140
v 1.090189 -3.142596 11.955743
v 1.146394 -2.772759 12.247998
v 1.273619 -2.884283 12.191569
v 1.137966 -3.327992 11.765024
v 1.505880 -2.850348 12.188525
v 1.192915 -3.448512 11.584805
v 1.162324 -3.431876 11.489992
v 1.730055 -2.847635 12.130261
v 1.288661 -3.463593 11.349741
v 1.289116 -3.411553 11.270966
v 1.926320 -2.845156 11.974363
v 1.440013 -3.390327 11.152806
v 1.453060 -3.325741 11.079383
v 1.585577 -3.361947 11.039522
v 1.582843 -3.422222 11.113194
v 1.703470 -3.527003 11.210711
v 1.686553 -3.481904 11.152160
v 1.751314 -3.479163 11.122852
v 1.769680 -3.520148 11.184062
v 1.899469 -3.594840 11.361920
v 1.964461 -3.600950 11.496156
v 2.034681 -3.637476 11.572380
v 2.042726 -3.686580 11.653968
v 2.092062 -3.598617 11.550749
v 2.158657 -3.541758 11.533977
v 2.201734 -3.241053 11.652255
v 2.264543 -3.333441 11.568768
v 0.927990 -2.834041 12.182785
v 0.810448 -2.755948 12.223348
v 0.907031 -3.126766 11.856102
v 1.023521 -3.215840 11.818390
v 1.231294 -2.608085 12.315533
v 1.368910 -2.718963 12.254824
v 1.081364 -3.352657 11.636124
v 1.050253 -3.338761 11.535995
v 1.593361 -2.700171 12.210998
v 1.150186 -3.395373 11.404092
v 1.154805 -3.345823 11.320990
v 1.798000 -2.686474 12.074209
v 1.298239 -3.349849 11.196805
v 1.317019 -3.278713 11.121450
v 1.676375 -3.432624 11.078852
v 1.675766 -3.378907 11.005916
v 1.737870 -3.387710 10.982072
v 1.739944 -3.436127 11.056357
v 1.864862 -3.558627 11.287923
v 1.844473 -3.530101 11.229062
v 1.910573 -3.576940 11.423625
v 1.976332 -3.616117 11.544873
v 1.985492 -3.646828 11.616035
v 2.010686 -3.767834 11.799426
v 2.101685 -3.646136 11.588362
v 2.101393 -3.698676 11.647417
v 2.167090 -3.585513 11.539188
v 2.245624 -3.519996 11.505452
v 0.696364 -2.693128 12.255122
v 0.849502 -2.963833 12.039143
v 0.739379 -2.887558 12.074736
v 1.021218 -2.676126 12.295942
v 0.891653 -2.602815 12.335737
v 0.855513 -3.166143 11.702236
v 0.969720 -3.252199 11.674216
v 0.827716 -3.162407 11.584694
v 0.940175 -3.243918 11.566544
v 1.298385 -2.452133 12.347676
v 1.446674 -2.565682 12.285045
v 1.039849 -3.304869 11.443389
v 1.042680 -3.259981 11.354432
v 1.657879 -2.537056 12.171860
v 1.167331 -3.288421 11.240639
v 1.188674 -3.218445 11.159736
v 1.829461 -3.501525 11.164866
v 1.820332 -3.466017 11.111947
v 1.879645 -3.539560 11.339586
v 1.861697 -3.503522 11.268890
v 1.927242 -3.580188 11.504416
v 1.936884 -3.607201 11.565344
v 1.957818 -3.718865 11.768785
v 2.064853 -3.804866 11.789968
v 2.176079 -3.651838 11.577298
v 2.174845 -3.714081 11.620961
v 2.255756 -3.577199 11.498798
v 0.632910 -2.826175 12.103251
v 0.761521 -2.546827 12.368927
v 0.794103 -3.053476 11.887429
v 0.688235 -2.988623 11.915309
v 1.093675 -2.515406 12.366442
v 0.952312 -2.449246 12.407758
v 0.819802 -3.129693 11.472077
v 0.930453 -3.212682 11.461061
v 0.730410 -3.021499 11.367844
v 0.933106 -3.174979 11.366587
v 1.346392 -2.297819 12.326216
v 1.503760 -2.408466 12.256637
v 1.054276 -3.208441 11.266917
v 1.073616 -3.144277 11.180255
v 1.816304 -3.432863 11.047998
v 1.821419 -3.399047 10.972118
v 1.850508 -3.477493 11.195767
v 1.843781 -3.448324 11.145056
v 1.885759 -3.514120 11.440349
v 1.854419 -3.471540 11.372063
v 1.860532 -3.482973 11.454021
v 1.899212 -3.539201 11.511413
v 1.914197 -3.672604 11.717672
v 2.129565 -3.827167 11.742198
v 2.261177 -3.653473 11.536705
v 2.259365 -3.717838 11.574717
v 0.319416 -2.609581 12.304832
v 0.587528 -2.927877 11.937878
v 0.810005 -2.398806 12.443442
v 0.751071 -3.095248 11.727547
v 0.651751 -3.033053 11.751044
v 0.726117 -3.091389 11.602160
v 0.633472 -3.023278 11.610750
v 1.147513 -2.361302 12.397812
v 0.996433 -2.296392 12.442024
v 0.742967 -2.972464 11.270902
v 0.944342 -3.125364 11.274089
v 0.762011 -2.916276 11.176269
v 0.964674 -3.064145 11.180485
v 1.843730 -3.423517 11.079434
v 1.852339 -3.399294 11.002341
v 1.838567 -3.445363 11.306173
v 1.835469 -3.427908 11.244061
v 1.830551 -3.434625 11.338950
v 1.834109 -3.449899 11.392977
v 1.883229 -3.602516 11.658624
v 1.865671 -3.556915 11.601725
v 1.913077 -3.922704 12.058984
v 2.214793 -3.841853 11.675317
v 0.167211 -2.617855 12.313718
v 0.294139 -2.729700 12.135334
v 0.337502 -2.476390 12.428139
v 0.557519 -2.980695 11.764630
v 0.543717 -2.969333 11.614779
v 0.844963 -2.249927 12.479853
v 0.723374 -3.060695 11.477342
v 0.631181 -2.996627 11.481687
v 0.638800 -2.958999 11.364656
v 0.550830 -2.900161 11.352669
v 1.188170 -2.208986 12.386089
v 1.032799 -2.145930 12.437766
v 1.848358 -3.422999 11.151145
v 1.865326 -3.412369 11.063749
v 1.848400 -3.422500 11.143478
v 1.830257 -3.424036 11.249586
v 1.833227 -3.503456 11.533944
v 1.815187 -3.475921 11.464395
v 1.864933 -3.846462 12.040504
v 1.836530 -4.031306 12.234990
v 1.968415 -3.972429 12.031969
v 0.158474 -2.732830 12.132962
v 0.174021 -2.482954 12.443782
v 0.276515 -2.817870 11.939918
v 0.351489 -2.331288 12.508832
v 0.543364 -2.940216 11.473580
v 0.875294 -2.101254 12.480701
v 0.652088 -2.910590 11.260974
v 0.562112 -2.852380 11.246084
v 0.669498 -2.854023 11.167295
v 0.577094 -2.796219 11.153882
v 1.801080 -3.458630 11.386089
v 1.795834 -3.450803 11.295831
v 1.815243 -3.764387 11.988127
v 1.784141 -3.943328 12.219391
v 1.741568 -4.148589 12.424724
v 1.897755 -4.095832 12.206769
v 2.026468 -4.015325 11.973056
v 0.144172 -2.813537 11.931747
v 0.180324 -2.335016 12.530691
v 0.265748 -2.857939 11.758142
v 0.258892 -2.850868 11.590698
v 0.362820 -2.186901 12.557474
v 0.258871 -2.778162 11.315962
v 1.769051 -3.693554 11.926060
v 1.737464 -3.631552 11.858775
v 1.736999 -3.849061 12.176834
v 1.686983 -4.050379 12.410605
v 1.630349 -4.285253 12.608910
v 1.807744 -4.236080 12.390467
v 1.955419 -4.152232 12.130610
v 2.097099 -4.057571 11.877515
v 0.135633 -2.848409 11.747330
v 0.135230 -2.835976 11.583670
v 0.185763 -2.188472 12.580252
v 0.256535 -2.817093 11.440959
v 0.135645 -2.761668 11.318099
v 0.372188 -2.041336 12.569379
v 0.264244 -2.732371 11.213356
v 0.270554 -2.679208 11.124062
v 1.713190 -3.613083 11.783581
v 1.683054 -3.569121 11.698177
v 1.689628 -3.768807 12.110222
v 1.632263 -3.660423 12.014796
v 1.638991 -3.947669 12.368633
v 1.568441 -4.158947 12.599776
v 1.496288 -4.418281 12.767776
v 1.691338 -4.405606 12.567873
v 1.864711 -4.321032 12.298688
v 2.010152 -4.212436 12.012136
v 0.134592 -2.802295 11.440683
v 0.188587 -2.044289 12.591331
v 0.137907 -2.714296 11.214704
v 0.141697 -2.660615 11.125040
v 1.659181 -3.548728 11.611441
v 1.646143 -3.541854 11.512625
v 1.597939 -3.659769 11.939278
v 1.564349 -3.629797 11.852746
v 1.587318 -3.840654 12.301107
v 1.516907 -3.725739 12.191884
v 1.515659 -4.034107 12.551568
v 1.432960 -4.267685 12.766802
v 1.556115 -4.565610 12.707354
v 1.745420 -4.513734 12.450419
v 1.905129 -4.397666 12.151243
v 1.539271 -3.618054 11.760240
v 1.525789 -3.621421 11.662345
v 1.451251 -3.679904 12.079503
v 1.417119 -3.687551 12.002594
v 1.462789 -3.911677 12.481255
v 1.380590 -3.803205 12.365024
v 1.375188 -4.119888 12.716288
v 1.289783 -4.363327 12.902742
v 1.353370 -4.534996 12.898771
v 1.596853 -4.695326 12.574387
v 1.764507 -4.595905 12.266655
v 1.393090 -3.692207 11.913222
v 1.378553 -3.703892 11.816135
v 1.302712 -3.763467 12.242200
v 1.258367 -3.763625 12.141190
v 1.314682 -3.993780 12.628336
v 1.233792 -3.883552 12.503635
v 1.227303 -4.201975 12.843420
v 1.401541 -4.705617 12.827779
v 1.601028 -4.773324 12.345887
v 1.234024 -3.780225 12.047160
v 1.225764 -3.803267 11.950949
v 1.151604 -3.830618 12.353402
v 1.115589 -3.856985 12.246348
v 1.165166 -4.065825 12.736636
v 0.452159 -4.877577 13.185725
v 0.423737 -4.644438 13.139022
v 1.431781 -4.853981 12.671144
v 1.096849 -3.876007 12.145451
v 1.089660 -3.894960 12.046811
v 1.033543 -3.944463 12.438064
v 1.098100 -3.977957 12.589402
v 0.396457 -4.443953 13.015574
v 0.468725 -5.108003 13.105148
v 1.428633 -4.926028 12.396082
v 0.968244 -3.974066 12.215916
v 0.992493 -3.956395 12.321150
v 0.370437 -4.279062 12.845360
v 0.470299 -5.293590 12.890700
v 0.954390 -3.993127 12.112391
v 0.350587 -4.217209 12.658214
v 0.334867 -4.209653 12.491927
v 0.458398 -5.313214 12.502620
v 0.323418 -4.231082 12.357391
v 0.312231 -4.261227 12.225779
v 0.300610 -4.293362 12.093720
v 2.165812 -3.933563 11.760753
v 2.084511 -3.906718 11.841000
v 2.023696 -3.879810 11.895803
v 1.972195 -3.836100 11.914815
v 1.921727 -3.771592 11.887714
v 1.872235 -3.713831 11.833659
v 1.835402 -3.637595 11.773804
v 1.811903 -3.591755 11.713176
v 1.785848 -3.539286 11.636095
v 1.763513 -3.505870 11.561722
v 1.746444 -3.487269 11.481083
v 1.737344 -3.478377 11.387323
v 2.271842 -3.966651 11.663839
v 2.192970 -4.110979 11.762480
v 2.093114 -4.285545 11.875640
v 1.974798 -4.486973 11.981022
v 1.836379 -4.695630 12.054682
v 1.677965 -4.886679 12.097273
v 1.508339 -5.050313 12.113522
v 0.464436 -5.389452 12.204110
v 1.783810 -3.394119 10.969008
v 1.784555 -3.440150 11.044287
v 1.793249 -3.478083 11.108008
v 1.804717 -3.510891 11.165701
v 1.821790 -3.544229 11.216063
v 1.839261 -3.576820 11.271971
v 1.870104 -3.613193 11.343143
v 1.928638 -3.624712 11.447832
v 1.995771 -3.590390 11.525194
v 2.065606 -3.541933 11.564930
v 2.140045 -3.505702 11.564072
v 2.222393 -3.469831 11.545949
v 2.312355 -3.408946 11.506784
v 0.881983 -2.919171 11.093654
v 0.858899 -2.985738 11.180496
v 0.839368 -3.044211 11.272125
v 0.825953 -3.092653 11.368068
v 2.341472 -3.473068 11.461600
v 2.354926 -3.548822 11.449862
v 2.357315 -3.706060 11.512797
v 2.356695 -3.634077 11.475938
v 2.322388 -3.859966 11.596838
v 0.239713 -5.400739 12.219211
v 0.235718 -5.338167 12.516810
v 0.241713 -5.326253 12.909446
v 0.240055 -5.140768 13.115602
v 0.232908 -4.903808 13.185239
v 0.219667 -4.670595 13.130301
v 0.208234 -4.468061 12.991747
v 0.194214 -4.310323 12.821208
v 0.179634 -4.252034 12.642452
v 0.171190 -4.237946 12.476871
v 0.164858 -4.264923 12.344100
v 0.159298 -4.295821 12.214501
v 0.152950 -4.328289 12.079548
v 0.148766 -4.363414 11.945580
v 0.687939 -4.169116 12.037492
v 0.695558 -4.146438 12.153378
v 0.709726 -4.124949 12.267530
v 0.730194 -4.102601 12.384300
v 0.761299 -4.083180 12.512514
v 0.812443 -4.098133 12.673604
v 0.870047 -4.172096 12.844947
v 0.918236 -4.322846 12.985647
v 0.973388 -4.501995 13.078926
v 1.030583 -4.711915 13.083018
v 1.059762 -4.918383 12.993864
v 1.058225 -5.092882 12.811043
v 1.054504 -5.153986 12.447161
v 1.106383 -5.304091 12.113783
v 0.819238 -4.098775 12.037801
v 0.826197 -4.078529 12.146586
v 0.841141 -4.057050 12.254154
v 0.863960 -4.035749 12.367420
v 0.900282 -4.019685 12.492968
v 0.960871 -4.046363 12.647671
v 1.023030 -4.129119 12.803647
v 1.076323 -4.270709 12.929575
v 1.135937 -4.440558 13.008017
v 1.197340 -4.631315 13.003368
v 1.238267 -4.821446 12.921047
v 1.249806 -4.988257 12.748531
v 1.244182 -5.055058 12.424446
v 1.314623 -5.194504 12.111429
v 0.892775 -5.351236 12.152456
v 0.865358 -5.223821 12.472377
v 0.882079 -5.172226 12.846608
v 0.878643 -4.993791 13.044536
v 0.850697 -4.780808 13.137627
v 0.801869 -4.560059 13.120241
v 0.754297 -4.373761 13.015358
v 0.707888 -4.209731 12.859909
v 0.655988 -4.139535 12.679688
v 0.616465 -4.126013 12.514604
v 0.591950 -4.146946 12.381657
v 0.573262 -4.172896 12.256736
v 0.561520 -4.198415 12.135263
v 0.556298 -4.227932 12.015512
v 2.348485 -3.778964 11.552578
v 2.244454 -3.775766 11.619146
v 2.158647 -3.767620 11.672714
v 2.089542 -3.745667 11.709216
v 2.032888 -3.719285 11.714800
v 1.983045 -3.679802 11.688307
v 1.934576 -3.639619 11.634762
v 1.903119 -3.578132 11.583708
v 1.880455 -3.529423 11.532593
v 1.840566 -3.475910 11.461939
v 1.823204 -3.449445 11.395039
v 1.820214 -3.436634 11.319709
v 1.832096 -3.440619 11.227964
v 1.847866 -3.437624 11.109076
v 0.681360 -5.374524 12.184969
v 0.669624 -5.277740 12.493877
v 0.687013 -5.238409 12.876611
v 0.682764 -5.056088 13.085003
v 0.659760 -4.835142 13.170282
v 0.620913 -4.606769 13.137768
v 0.583484 -4.412849 13.024007
v 0.547781 -4.246178 12.859616
v 0.512187 -4.173669 12.671679
v 0.483327 -4.161842 12.504761
v 0.467269 -4.189560 12.369852
v 0.451450 -4.220019 12.240625
v 0.438971 -4.249990 12.114107
v 0.431073 -4.283439 11.989819
v 0.395131 -2.647752 11.047185
v 0.382925 -2.708298 11.126531
v 0.374060 -2.762895 11.216897
v 0.366400 -2.811866 11.319276
v 0.360692 -2.849740 11.450194
v 0.364054 -2.878423 11.598834
v 0.373904 -2.881618 11.760019
v 0.391953 -2.836111 11.947564
v 0.416946 -2.743674 12.129374
v 0.454993 -2.619194 12.293137
v 0.489453 -2.484697 12.414455
v 0.512719 -2.342479 12.492438
v 0.531276 -2.196841 12.537181
v 0.547877 -2.051706 12.546851
v 0.499467 -2.685180 11.055802
v 0.483082 -2.747255 11.137864
v 0.470656 -2.802451 11.229740
v 0.460483 -2.849710 11.336546
v 0.454881 -2.890890 11.464674
v 0.455357 -2.923841 11.610983
v 0.466084 -2.932203 11.767386
v 0.488466 -2.877164 11.946157
v 0.526929 -2.775047 12.121716
v 0.578863 -2.647213 12.278728
v 0.629927 -2.507215 12.395220
v 0.664707 -2.364299 12.470421
v 0.691698 -2.217722 12.510523
v 0.715719 -2.071380 12.514756
v 4.435649 3.422477 8.530179
v 4.410120 3.529223 8.607422
v 4.003202 3.016619 8.970497
v 3.692026 2.932880 9.139193
v 3.520547 2.901369 9.199944
v 2.847717 2.907982 9.258479
v 2.695583 2.949096 9.233885
v 2.546925 2.993253 9.204865
v 3.173688 2.879101 9.265484
v 3.344733 2.882666 9.244183
v 2.406700 3.043797 9.170048
v 2.294819 3.101566 9.126305
v 2.086596 3.245806 9.028478
v 2.202284 3.149818 9.091171
v 4.237068 3.148408 8.790672
v 4.131473 3.077763 8.879292
v 4.180527 3.814893 8.945929
v 3.545685 4.107780 9.267830
v 2.392146 3.822874 9.236829
v 2.541322 3.930936 9.291963
v 2.700483 4.024408 9.323456
v 4.063394 3.907188 9.044192
v 2.050891 3.298552 9.008619
v 2.092974 3.540788 9.063650
v 2.060916 3.480254 9.033942
v 3.008861 2.889169 9.270564
v 2.042204 3.416611 9.014715
v 3.188737 4.143782 9.331904
v 3.729964 4.056524 9.209271
v 2.143109 3.613468 9.101466
v 2.242844 3.712160 9.162320
v 2.132893 3.194790 9.055845
v 3.860293 2.968112 9.059526
v 4.369357 3.632327 8.719169
v 3.905148 3.979924 9.138932
v 3.021898 4.120286 9.341055
v 4.323790 3.228973 8.698402
v 2.860561 4.079014 9.335376
v 4.283528 3.728595 8.838181
v 3.362456 4.146134 9.310422
v 2.040627 3.355546 9.009224
v 4.389096 3.322613 8.603321
v -4.396486 3.362857 8.527663
v -4.385205 3.389672 8.594694
v -3.973908 3.034843 8.960870
v -3.620838 2.956995 9.143693
v -3.418664 2.922780 9.204222
v -2.690052 2.922453 9.246309
v -2.534638 2.963232 9.218966
v -2.393203 3.007561 9.186667
v -3.028176 2.898021 9.262993
v -3.219446 2.902419 9.247034
v -2.264306 3.059591 9.147048
v -2.171053 3.116836 9.099535
v -2.012479 3.254050 9.003813
v -2.093324 3.165019 9.062375
v -4.217092 3.160174 8.794958
v -4.110363 3.092844 8.872474
v -4.181764 3.487240 8.936756
v -3.554050 3.715011 9.262247
v -2.283409 3.522205 9.184903
v -2.422923 3.560479 9.250137
v -2.588097 3.619306 9.308830
v -4.068727 3.540544 9.030150
v -2.001998 3.296345 8.989458
v -2.053374 3.463442 9.025518
v -2.028555 3.432133 9.003635
v -2.852193 2.906749 9.262526
v -2.011518 3.386637 8.989173
v -3.157433 3.766600 9.356853
v -3.745148 3.649231 9.194387
v -2.087002 3.483613 9.053286
v -2.158524 3.501334 9.108824
v -2.038293 3.208540 9.028379
v -3.812216 2.990726 9.056443
v -4.358655 3.444603 8.711800
v -3.918641 3.587395 9.126154
v -2.968848 3.720405 9.363564
v -4.299235 3.238248 8.714531
v -2.771337 3.665538 9.339171
v -4.282077 3.480298 8.834163
v -3.353344 3.767063 9.320813
v -2.003997 3.340302 8.989865
v -4.354658 3.310598 8.618487
v 0.000000 -4.433348 11.816750
v 0.000000 -2.523606 10.978128
v -1.822009 -3.301541 10.816542
v -0.805251 -2.775916 11.011312
v -1.712678 -3.266185 10.852560
v -1.374590 -3.125057 10.955757
v -0.291105 -2.548915 10.975244
v -1.862836 -3.324453 10.817066
v -1.908369 -3.406816 10.940781
v -1.753445 -3.485647 11.186010
v -0.290047 -4.379342 11.839889
v -1.771113 -3.283006 10.833837
v -0.711665 -2.714245 11.003320
v -1.628628 -3.237798 10.878115
v -1.505033 -3.185112 10.912710
v -1.245498 -3.059549 10.992017
v -1.917911 -3.377145 10.881776
v -1.827567 -3.454423 11.077806
v -1.092629 -3.941984 11.840961
v -1.387064 -3.746868 11.610507
v -0.951953 -4.038279 11.898100
v -1.236192 -3.847494 11.748807
v -1.534725 -3.649375 11.452847
v -0.615587 -2.659125 10.994475
v -1.009567 -2.913740 11.016965
v -0.154073 -2.531777 10.975127
v -1.122379 -2.987996 11.014814
v -1.904434 -3.342108 10.847734
v -1.656537 -3.552196 11.302223
v -0.904105 -2.843071 11.015756
v -0.147962 -4.417786 11.821883
v -0.688502 -4.200746 11.921228
v -0.819808 -4.126020 11.925866
v -0.559483 -4.269925 11.898060
v -1.877920 -3.430849 10.998004
v -0.428984 -4.331837 11.869637
v -0.409054 -2.575413 10.978995
v -0.515878 -2.611819 10.986082
v 1.820392 -3.301552 10.820139
v 0.809307 -2.778251 11.004768
v 1.706159 -3.266543 10.865971
v 1.367347 -3.125940 10.968533
v 0.291814 -2.552433 10.973317
v 1.862836 -3.324453 10.817066
v 1.908369 -3.406816 10.940781
v 1.753445 -3.485647 11.186010
v 0.290047 -4.379342 11.839889
v 1.769487 -3.283046 10.837337
v 0.715114 -2.717429 10.997642
v 1.620569 -3.238481 10.893842
v 1.497305 -3.186001 10.926964
v 1.244177 -3.059671 10.994237
v 1.917911 -3.377145 10.881776
v 1.827567 -3.454423 11.077806
v 1.092629 -3.941984 11.840961
v 1.387064 -3.746868 11.610507
v 0.951953 -4.038279 11.898100
v 1.236192 -3.847494 11.748807
v 1.534725 -3.649375 11.452847
v 0.618462 -2.663137 10.989668
v 1.012717 -2.914122 11.011762
v 0.154193 -2.533020 10.974451
v 1.124737 -2.987963 11.010863
v 1.904434 -3.342108 10.847734
v 1.656537 -3.552196 11.302223
v 0.906878 -2.843939 11.011329
v 0.147962 -4.417786 11.821883
v 0.688502 -4.200746 11.921228
v 0.819808 -4.126020 11.925866
v 0.559483 -4.269925 11.898060
v 1.877920 -3.430849 10.998004
v 0.428984 -4.331837 11.869637
v 0.410798 -2.580797 10.975338
v 0.518186 -2.616574 10.981849
vn -0.1224 -0.9923 -0.0162
vn -0.1215 -0.9924 -0.0170
vn -0.1925 -0.9811 -0.0193
vn -0.2001 -0.9794 -0.0278
vn -0.6034 0.3305 0.7257
vn -0.5817 0.3812 0.7185
vn -0.3129 0.2860 0.9057
vn -0.3241 0.1914 0.9265
vn -0.3408 0.3082 0.8882
vn -0.3281 0.3911 0.8599
vn -0.3581 0.2205 0.9072
vn -0.3657 0.1330 0.9212
vn -0.2187 0.2316 0.9479
vn -0.2048 0.3250 0.9233
vn -0.4790 0.1112 0.8708
vn -0.5076 0.1101 0.8545
vn -0.3933 0.1786 0.9019
vn -0.4162 0.1791 0.8915
vn -0.3951 0.2219 0.8915
vn -0.4151 0.2175 0.8834
vn -0.2724 0.1689 0.9472
vn -0.2596 0.2674 0.9280
vn -0.2925 0.2854 0.9127
vn -0.3113 0.2829 0.9072
vn -0.4608 0.1582 0.8733
vn -0.4869 0.1510 0.8603
vn -0.7001 0.1001 0.7070
vn -0.6777 0.0522 0.7334
vn -0.7444 -0.1386 0.6532
vn -0.7659 -0.2296 0.6005
vn -0.7681 -0.1932 0.6105
vn -0.7854 -0.2637 0.5600
vn -0.7856 -0.2610 0.5610
vn -0.8057 -0.1910 0.5607
vn -0.8352 -0.2231 0.5026
vn -0.8288 -0.2159 0.5163
vn -0.7451 -0.0761 0.6626
vn -0.7226 -0.1393 0.6771
vn -0.6884 -0.1296 0.7137
vn -0.6608 -0.1815 0.7283
vn -0.6572 0.1483 0.7390
vn -0.6749 0.1828 0.7149
vn -0.8437 -0.2057 0.4959
vn -0.8311 -0.1979 0.5197
vn -0.7839 -0.2832 0.5526
vn -0.7855 -0.2839 0.5499
vn -0.7852 -0.2820 0.5513
vn -0.7832 -0.2801 0.5551
vn -0.6624 -0.4196 0.6206
vn -0.7066 -0.3448 0.6180
vn -0.6466 -0.3454 0.6801
vn -0.6607 -0.4264 0.6178
vn -0.7251 -0.3413 0.5981
vn -0.7103 -0.2726 0.6490
vn -0.7003 -0.3358 0.6300
vn -0.6794 -0.2230 0.6991
vn -0.6246 -0.3167 0.7138
vn -0.6347 -0.3926 0.6656
vn -0.6517 -0.1781 0.7372
vn -0.6186 -0.2238 0.7532
vn -0.5839 -0.4241 0.6922
vn -0.6164 -0.3856 0.6865
vn -0.6291 -0.2302 0.7425
vn -0.6085 -0.2553 0.7513
vn -0.7354 -0.3311 0.5913
vn -0.7399 -0.3345 0.5837
vn -0.7404 -0.3390 0.5804
vn -0.7415 -0.3352 0.5813
vn -0.7061 -0.3650 0.6067
vn -0.7000 -0.3806 0.6043
vn -0.6132 -0.4690 0.6357
vn -0.6491 -0.4204 0.6340
vn -0.7311 -0.3304 0.5969
vn -0.7348 -0.3121 0.6022
vn -0.7648 -0.2692 0.5853
vn -0.7717 -0.2688 0.5765
vn -0.7293 -0.3270 0.6010
vn -0.7064 -0.3352 0.6234
vn -0.7726 -0.2712 0.5740
vn -0.7811 -0.2722 0.5620
vn -0.8379 -0.1817 0.5148
vn -0.8381 -0.1794 0.5153
vn -0.6829 -0.3844 0.6212
vn -0.6845 -0.3764 0.6244
vn -0.6757 -0.3762 0.6340
vn -0.6745 -0.3845 0.6302
vn -0.8391 -0.1479 0.5235
vn -0.8265 -0.1462 0.5436
vn -0.1453 0.2339 0.9613
vn -0.1533 0.1856 0.9706
vn -0.2500 -0.0184 0.9681
vn -0.2412 0.1363 0.9609
vn -0.0809 0.4117 0.9077
vn -0.0953 0.3257 0.9407
vn -0.5512 -0.0235 0.8341
vn -0.4796 0.1806 0.8587
vn -0.4899 0.1366 0.8610
vn -0.5701 0.2034 0.7960
vn -0.5266 0.2252 0.8198
vn -0.5747 0.2498 0.7793
vn -0.4925 0.2915 0.8200
vn -0.5741 0.3603 0.7353
vn -0.5538 0.3679 0.7470
vn -0.5697 0.3827 0.7273
vn -0.3341 0.0063 0.9425
vn -0.3330 0.1494 0.9310
vn -0.4103 0.0654 0.9096
vn -0.6028 0.0388 0.7969
vn -0.2094 0.1097 0.9717
vn -0.2070 0.1345 0.9691
vn -0.0463 0.2918 0.9554
vn -0.0658 0.1645 0.9842
vn -0.2328 0.3452 0.9092
vn -0.2203 0.4245 0.8782
vn -0.7781 -0.0138 0.6280
vn -0.7793 -0.0219 0.6263
vn -0.6439 0.1231 0.7551
vn -0.6485 0.1103 0.7532
vn -0.4150 0.1601 0.8956
vn -0.4648 0.0742 0.8823
vn -0.6012 -0.0445 0.7978
vn -0.6007 -0.0426 0.7983
vn -0.7152 -0.1784 0.6758
vn -0.7156 -0.1864 0.6732
vn -0.8057 -0.0738 0.5877
vn -0.8048 -0.0620 0.5903
vn -0.7510 -0.2484 0.6118
vn -0.7514 -0.2426 0.6137
vn -0.8224 -0.1049 0.5591
vn -0.8226 -0.1098 0.5580
vn -0.3118 0.2928 0.9039
vn -0.2825 0.2950 0.9128
vn -0.3655 0.2943 0.8831
vn -0.3065 0.2978 0.9041
vn -0.4517 0.2884 0.8443
vn -0.3664 0.2934 0.8830
vn -0.4900 0.7004 0.5189
vn -0.5349 0.7084 0.4606
vn -0.5023 0.7479 0.4339
vn -0.4559 0.7410 0.4929
vn -0.5868 0.6559 0.4748
vn -0.5114 0.6389 0.5747
vn -0.6979 -0.3293 0.6360
vn -0.6985 -0.3249 0.6376
vn -0.6833 -0.3251 0.6537
vn -0.6843 -0.3137 0.6582
vn -0.6486 -0.3725 0.6637
vn -0.6489 -0.3705 0.6646
vn -0.6244 -0.3492 0.6987
vn -0.6236 -0.3589 0.6945
vn -0.6563 -0.2986 0.6929
vn -0.6564 -0.2957 0.6940
vn -0.5383 -0.2011 0.8184
vn -0.5393 -0.2070 0.8163
vn -0.4910 -0.2762 0.8262
vn -0.4925 -0.2990 0.8173
vn -0.6640 -0.3800 0.6440
vn -0.6644 -0.3772 0.6452
vn -0.5978 -0.4592 0.6571
vn -0.6252 -0.4246 0.6549
vn -0.6850 -0.3773 0.6233
vn -0.7078 -0.3768 0.5975
vn -0.5467 0.2897 0.7856
vn -0.4439 0.2965 0.8456
vn -0.7415 -0.2229 0.6328
vn -0.7362 -0.2241 0.6386
vn -0.3609 0.0661 0.9303
vn -0.3954 0.0116 0.9184
vn -0.2004 -0.5252 0.8271
vn -0.1862 -0.4791 0.8578
vn -0.1671 -0.7081 0.6860
vn -0.1569 -0.6075 0.7787
vn -0.1028 -0.6785 0.7274
vn -0.1367 -0.7137 0.6870
vn -0.1918 -0.4634 0.8651
vn -0.2345 -0.5221 0.8200
vn -0.2353 -0.2887 0.9281
vn -0.2914 -0.4004 0.8688
vn -0.0958 -0.5182 0.8499
vn -0.1604 -0.6289 0.7608
vn -0.3462 -0.0074 0.9381
vn -0.4052 -0.1193 0.9064
vn -0.3760 0.3532 0.8567
vn -0.2392 0.3466 0.9070
vn -0.2563 0.3321 0.9077
vn -0.2477 0.2809 0.9272
vn -0.5286 0.3966 0.7505
vn -0.5435 0.3806 0.7482
vn -0.4587 0.1514 0.8756
vn -0.3624 0.2313 0.9029
vn -0.0113 -0.0641 0.9979
vn -0.0962 -0.1685 0.9810
vn -0.3513 0.7474 0.5639
vn -0.3658 0.7516 0.5489
vn -0.1006 0.7437 0.6609
vn -0.1419 0.7645 0.6288
vn -0.0201 0.8591 0.5115
vn 0.0100 0.8737 0.4863
vn -0.2837 0.8582 0.4277
vn -0.3099 0.8447 0.4363
vn -0.0146 0.7102 0.7038
vn -0.0321 0.7219 0.6913
vn -0.4031 0.7404 0.5379
vn -0.4073 0.7421 0.5324
vn -0.4508 0.7871 0.4210
vn -0.4127 0.7822 0.4668
vn -0.3621 0.8172 0.4485
vn -0.3914 0.8208 0.4161
vn -0.3890 0.7443 0.5428
vn -0.3895 0.7445 0.5422
vn -0.3793 0.7496 0.5424
vn -0.3627 0.7397 0.5668
vn -0.4113 -0.7515 0.5158
vn -0.4301 -0.6495 0.6270
vn -0.2893 -0.1546 0.9447
vn -0.3405 -0.2401 0.9091
vn -0.1130 -0.7115 0.6935
vn -0.1396 -0.7383 0.6598
vn -0.3771 0.0184 0.9260
vn -0.3461 -0.0053 0.9382
vn -0.2817 -0.2706 0.9205
vn -0.3295 -0.2370 0.9139
vn -0.2371 -0.5224 0.8191
vn -0.1928 -0.5505 0.8123
vn -0.7447 -0.3968 0.5367
vn -0.7367 -0.2874 0.6121
vn -0.7773 -0.2064 0.5942
vn -0.7896 -0.3022 0.5341
vn -0.6821 -0.1850 0.7074
vn -0.7355 -0.1111 0.6684
vn -0.2407 0.0529 0.9692
vn -0.1698 -0.0598 0.9837
vn -0.0090 0.7102 0.7039
vn 0.0063 0.7215 0.6924
vn 0.0679 0.8314 0.5516
vn 0.1488 0.7939 0.5895
vn 0.0319 0.8016 0.5970
vn 0.0660 0.7832 0.6182
vn -0.7756 0.2260 0.5893
vn -0.7953 0.1191 0.5944
vn -0.7602 0.3067 0.5727
vn -0.7248 0.3987 0.5619
vn -0.7721 0.2300 0.5924
vn -0.7463 0.3200 0.5837
vn -0.7680 0.0294 0.6398
vn -0.7507 0.1795 0.6358
vn -0.6654 0.0823 0.7420
vn -0.7570 0.0481 0.6517
vn -0.6408 -0.1009 0.7610
vn -0.6412 0.0036 0.7674
vn -0.7055 0.4538 0.5444
vn -0.7382 0.3877 0.5520
vn -0.6061 0.5541 0.5707
vn -0.6317 0.5582 0.5380
vn -0.6571 0.4871 0.5753
vn -0.7035 0.4927 0.5121
vn -0.4911 0.5785 0.6513
vn -0.5405 0.5931 0.5968
vn -0.5737 0.0368 0.8182
vn -0.5789 0.1374 0.8037
vn -0.5822 0.3271 0.7443
vn -0.5769 0.1428 0.8042
vn -0.6366 0.3230 0.7003
vn -0.5975 0.4284 0.6779
vn -0.6237 0.3361 0.7057
vn -0.6470 0.2370 0.7248
vn -0.2851 0.6200 0.7309
vn -0.3128 0.5946 0.7407
vn -0.5882 0.1422 0.7961
vn -0.5753 0.0548 0.8161
vn -0.6587 0.2213 0.7191
vn -0.6031 0.2464 0.7586
vn -0.6396 0.1931 0.7440
vn -0.6214 0.2039 0.7565
vn -0.6684 0.1025 0.7367
vn -0.6516 0.1189 0.7492
vn -0.6494 0.0768 0.7565
vn -0.6188 0.0591 0.7833
vn -0.6301 -0.0038 0.7765
vn -0.6703 0.0112 0.7420
vn -0.6588 0.0823 0.7478
vn -0.6570 0.0583 0.7516
vn -0.6432 0.0572 0.7635
vn -0.6495 0.0889 0.7551
vn -0.6258 -0.1009 0.7735
vn -0.6720 -0.0851 0.7357
vn -0.6908 0.0079 0.7230
vn -0.6697 -0.0085 0.7426
vn -0.7094 0.0987 0.6979
vn -0.7110 0.1352 0.6901
vn -0.5933 -0.2268 0.7724
vn -0.6268 -0.2153 0.7488
vn -0.6894 -0.0756 0.7204
vn -0.6801 -0.0403 0.7320
vn -0.7266 0.1197 0.6766
vn -0.7319 0.1455 0.6657
vn -0.7382 0.1446 0.6589
vn -0.7344 0.1330 0.6655
vn -0.7030 0.0546 0.7091
vn -0.6769 0.0847 0.7312
vn -0.6659 0.0413 0.7449
vn -0.7010 -0.0040 0.7132
vn -0.5447 -0.3277 0.7720
vn -0.5419 -0.3285 0.7735
vn -0.6718 -0.1446 0.7265
vn -0.6693 -0.1308 0.7314
vn -0.7109 -0.0342 0.7024
vn -0.6949 -0.0474 0.7175
vn -0.6952 -0.1032 0.7114
vn -0.7142 -0.0913 0.6940
vn -0.7156 0.0323 0.6978
vn -0.7333 0.0856 0.6745
vn -0.7142 0.0826 0.6951
vn -0.7247 0.1194 0.6787
vn -0.7376 0.1330 0.6620
vn -0.7267 0.1045 0.6789
vn -0.7600 0.1042 0.6415
vn -0.7368 0.0468 0.6745
vn -0.6396 -0.0280 0.7682
vn -0.6680 -0.0331 0.7434
vn -0.4798 -0.3925 0.7847
vn -0.4324 -0.4031 0.8065
vn -0.6174 -0.2254 0.7536
vn -0.6191 -0.2428 0.7469
vn -0.6946 -0.1502 0.7035
vn -0.6869 -0.1541 0.7103
vn -0.5428 -0.2638 0.7973
vn -0.5433 -0.3269 0.7733
vn -0.5142 -0.2964 0.8048
vn -0.3777 -0.3233 0.8677
vn -0.6601 -0.2099 0.7212
vn -0.6196 -0.2266 0.7514
vn -0.6196 -0.2267 0.7515
vn -0.5271 -0.2547 0.8108
vn -0.7633 0.0311 0.6453
vn -0.7862 0.0764 0.6133
vn -0.7967 -0.0123 0.6043
vn -0.8106 -0.0467 0.5837
vn -0.7737 0.2360 0.5880
vn -0.7770 0.2417 0.5812
vn -0.7769 0.2435 0.5806
vn -0.7863 0.2164 0.5787
vn -0.8112 -0.0207 0.5844
vn -0.8267 -0.0665 0.5587
vn -0.8368 -0.1194 0.5343
vn -0.8224 -0.0772 0.5636
vn -0.7904 0.1601 0.5912
vn -0.7826 0.1784 0.5964
vn -0.8449 -0.1361 0.5173
vn -0.8377 -0.1100 0.5349
vn -0.7969 0.1009 0.5956
vn -0.8032 0.1239 0.5827
vn -0.8521 -0.1466 0.5024
vn -0.8445 -0.1213 0.5217
vn -0.9012 -0.1803 0.3941
vn -0.9004 -0.1763 0.3977
vn -0.8406 -0.0247 0.5410
vn -0.8560 -0.0648 0.5128
vn -0.8396 -0.0114 0.5431
vn -0.8274 0.0204 0.5613
vn -0.8256 -0.3177 0.4663
vn -0.8268 -0.2742 0.4911
vn -0.8953 -0.2111 0.3922
vn -0.8979 -0.2303 0.3751
vn -0.8599 -0.1661 0.4826
vn -0.8531 -0.1390 0.5029
vn -0.9463 -0.2097 0.2462
vn -0.9499 -0.2033 0.2375
vn -0.8675 0.1486 0.4747
vn -0.8672 0.1492 0.4750
vn -0.9381 0.1085 0.3290
vn -0.9433 0.0950 0.3182
vn -0.8822 -0.0518 0.4681
vn -0.8763 -0.0932 0.4726
vn -0.8578 -0.0964 0.5049
vn -0.8694 -0.0266 0.4934
vn -0.9329 -0.2669 0.2416
vn -0.9329 -0.2707 0.2376
vn -0.9625 -0.2182 0.1612
vn -0.9659 -0.2108 0.1505
vn -0.9667 0.0779 0.2436
vn -0.9741 0.0515 0.2203
vn -0.9316 0.1232 0.3419
vn -0.9381 0.1084 0.3290
vn -0.8739 0.1237 0.4701
vn -0.8694 0.1334 0.4757
vn -0.9182 -0.0515 0.3927
vn -0.9031 -0.0377 0.4278
vn -0.8012 -0.4935 0.3385
vn -0.8242 -0.3868 0.4135
vn -0.9455 -0.2862 0.1553
vn -0.9456 -0.2857 0.1558
vn -0.9678 0.0661 0.2429
vn -0.9584 0.0941 0.2693
vn -0.9777 0.0523 0.2033
vn -0.9839 0.0246 0.1771
vn -0.9268 0.1024 0.3612
vn -0.9307 0.0956 0.3531
vn -0.8927 0.0667 0.4456
vn -0.9038 0.0456 0.4256
vn -0.8899 0.0855 0.4482
vn -0.8859 0.0609 0.4598
vn -0.9290 0.1060 0.3546
vn -0.9319 0.1004 0.3487
vn -0.9111 0.0260 0.4115
vn -0.9098 0.0468 0.4124
vn -0.9125 -0.0266 0.4083
vn -0.9120 0.0229 0.4094
vn -0.9703 0.0670 0.2326
vn -0.9787 0.0364 0.2020
vn -0.9445 0.0997 0.3132
vn -0.9513 0.0859 0.2962
vn -0.9512 0.0860 0.2962
vn -0.9523 0.0999 0.2885
vn -0.9857 0.0253 0.1669
vn -0.9915 -0.0123 0.1293
vn -0.9324 0.0670 0.3553
vn -0.9298 0.0707 0.3612
vn -0.9118 0.0261 0.4098
vn -0.9198 0.0131 0.3921
vn -0.9037 0.0460 0.4256
vn -0.9106 0.0338 0.4119
vn -0.9286 0.0887 0.3604
vn -0.9295 0.0872 0.3584
vn -0.8061 -0.2368 0.5423
vn -0.7696 -0.2555 0.5852
vn -0.6115 -0.7887 0.0628
vn -0.6824 -0.7163 0.1461
vn -0.9593 0.0668 0.2745
vn -0.9611 0.0941 0.2595
vn -0.9514 0.0861 0.2957
vn -0.9589 0.0698 0.2750
vn -0.9797 0.0370 0.1972
vn -0.9863 0.0065 0.1650
vn -0.9443 0.0688 0.3217
vn -0.9425 0.0437 0.3313
vn -0.9425 0.0804 0.3244
vn -0.9492 0.0682 0.3072
vn -0.9236 0.0397 0.3813
vn -0.9272 0.0366 0.3727
vn -0.9256 0.0405 0.3763
vn -0.9311 0.0361 0.3631
vn -0.8810 0.1295 0.4551
vn -0.8823 0.1223 0.4546
vn -0.9017 0.0675 0.4270
vn -0.8997 0.0856 0.4281
vn -0.9592 0.0701 0.2738
vn -0.9673 0.0510 0.2485
vn -0.9511 0.0570 0.3036
vn -0.9492 0.0323 0.3130
vn -0.9495 0.0686 0.3063
vn -0.9553 0.0575 0.2901
vn -0.9318 0.0247 0.3621
vn -0.9352 0.0218 0.3535
vn -0.9219 0.0439 0.3849
vn -0.9197 0.0448 0.3900
vn -0.9143 0.0724 0.3984
vn -0.9107 0.0738 0.4063
vn -0.9212 0.0595 0.3846
vn -0.9178 0.0615 0.3923
vn -0.9221 0.0433 0.3846
vn -0.9254 0.0413 0.3767
vn -0.8610 0.1716 0.4789
vn -0.8635 0.1605 0.4781
vn -0.1313 -0.9824 -0.1328
vn -0.1391 -0.9821 -0.1268
vn -0.1872 -0.9746 -0.1230
vn -0.1874 -0.9745 -0.1232
vn -0.7929 -0.1991 0.5759
vn -0.7765 -0.2090 0.5944
vn -0.8247 -0.3859 0.4134
vn -0.8319 -0.3035 0.4646
vn -0.9550 0.0571 0.2910
vn -0.9624 0.0420 0.2683
vn -0.9582 0.0298 0.2847
vn -0.9531 0.0386 0.3002
vn -0.9360 0.0237 0.3512
vn -0.9428 0.0178 0.3328
vn -0.9240 0.0386 0.3804
vn -0.9236 0.0198 0.3830
vn -0.9271 0.0248 0.3740
vn -0.9324 0.0214 0.3608
vn -0.7506 0.2792 0.5989
vn -0.7361 0.3145 0.5993
vn -0.8297 0.2200 0.5130
vn -0.8303 0.2179 0.5129
vn -0.1192 -0.9847 -0.1274
vn -0.1258 -0.9846 -0.1218
vn -0.9429 0.0180 0.3325
vn -0.9481 0.0134 0.3178
vn -0.9290 0.0351 0.3683
vn -0.9284 0.0145 0.3714
vn -0.9321 0.0206 0.3617
vn -0.9372 0.0173 0.3485
vn -0.8952 0.0738 0.4395
vn -0.9046 0.0724 0.4200
vn -0.8859 0.1137 0.4498
vn -0.8826 0.1361 0.4499
vn -0.9021 0.0974 0.4204
vn -0.8994 0.0981 0.4260
vn -0.9097 0.0566 0.4113
vn -0.9171 0.0545 0.3950
vn -0.6162 0.3547 0.7032
vn -0.5951 0.3446 0.7260
vn -0.6870 0.3414 0.6414
vn -0.7038 0.3054 0.6414
vn -0.9378 0.0261 0.3461
vn -0.9333 0.0282 0.3580
vn -0.9387 0.0214 0.3440
vn -0.9428 0.0187 0.3328
vn -0.9078 0.0377 0.4177
vn -0.9072 0.0586 0.4166
vn -0.9162 0.0275 0.3999
vn -0.9222 0.0256 0.3859
vn -0.8815 0.0887 0.4639
vn -0.8899 0.0882 0.4476
vn -0.8647 0.1559 0.4776
vn -0.8600 0.1558 0.4859
vn -0.4125 0.3250 0.8510
vn -0.4430 0.2816 0.8512
vn -0.4821 0.3591 0.7991
vn -0.5110 0.3137 0.8003
vn -0.4039 0.1935 0.8941
vn -0.3747 0.1702 0.9114
vn -0.3892 0.2378 0.8899
vn -0.4255 0.1846 0.8859
vn -0.3828 0.1673 0.9086
vn -0.3514 0.1391 0.9258
vn -0.3210 0.3041 0.8969
vn -0.3165 0.3098 0.8966
vn -0.3159 0.3240 0.8918
vn -0.3149 0.3252 0.8917
vn -0.9232 0.0286 0.3834
vn -0.9253 0.0279 0.3782
vn -0.9148 0.0423 0.4017
vn -0.9142 0.0604 0.4006
vn -0.8933 0.0745 0.4432
vn -0.8956 0.0742 0.4386
vn -0.8591 0.1133 0.4991
vn -0.8706 0.1136 0.4787
vn -0.8077 0.1526 0.5695
vn -0.8238 0.1546 0.5455
vn -0.7854 0.2015 0.5853
vn -0.7708 0.2479 0.5869
vn -0.8413 0.1731 0.5121
vn -0.8357 0.1963 0.5129
vn -0.4227 0.2909 0.8583
vn -0.3972 0.2701 0.8771
vn -0.4077 0.2659 0.8736
vn -0.3759 0.2367 0.8959
vn -0.2546 0.3270 0.9101
vn -0.2640 0.3162 0.9112
vn -0.2494 0.3473 0.9040
vn -0.2585 0.3369 0.9054
vn -0.3560 0.2777 0.8923
vn -0.3349 0.3044 0.8918
vn -0.9309 0.0459 0.3624
vn -0.9290 0.0466 0.3670
vn -0.9236 0.0626 0.3781
vn -0.9232 0.0742 0.3771
vn -0.8976 0.0824 0.4330
vn -0.9018 0.0819 0.4243
vn -0.8813 0.0872 0.4645
vn -0.8785 0.1110 0.4647
vn -0.8414 0.1418 0.5214
vn -0.8353 0.1700 0.5228
vn -0.7954 0.1719 0.5812
vn -0.7777 0.1688 0.6055
vn -0.6974 0.1966 0.6892
vn -0.7234 0.2035 0.6597
vn -0.6537 0.2894 0.6992
vn -0.6364 0.2806 0.7185
vn -0.7431 0.2535 0.6193
vn -0.7213 0.2457 0.6476
vn -0.1396 0.3410 0.9296
vn -0.1323 0.3481 0.9281
vn -0.0563 0.3414 0.9382
vn -0.0533 0.3387 0.9394
vn -0.0421 0.3514 0.9353
vn -0.0292 0.3400 0.9400
vn -0.1156 0.3555 0.9275
vn -0.1018 0.3686 0.9240
vn -0.2663 0.3059 0.9141
vn -0.2801 0.2901 0.9151
vn -0.3708 0.3069 0.8765
vn -0.3474 0.3357 0.8756
vn -0.9126 0.0968 0.3971
vn -0.9054 0.0978 0.4132
vn -0.8871 0.1026 0.4500
vn -0.8861 0.1112 0.4499
vn -0.8482 0.1552 0.5064
vn -0.8449 0.1704 0.5070
vn -0.8097 0.1941 0.5538
vn -0.8186 0.1605 0.5514
vn -0.7443 0.2177 0.6313
vn -0.7658 0.2213 0.6038
vn -0.6026 0.2263 0.7653
vn -0.5826 0.2182 0.7829
vn -0.5394 0.2327 0.8093
vn -0.5246 0.2263 0.8207
vn -0.4926 0.3112 0.8127
vn -0.4728 0.2984 0.8291
vn -0.5371 0.3187 0.7810
vn -0.5245 0.3101 0.7929
vn -0.0316 0.3405 0.9397
vn -0.0307 0.3413 0.9395
vn -0.0269 0.3402 0.9400
vn -0.0296 0.3380 0.9407
vn -0.1631 0.3042 0.9385
vn -0.1531 0.3138 0.9371
vn -0.0793 0.3076 0.9482
vn -0.0918 0.2970 0.9505
vn -0.2726 0.3358 0.9016
vn -0.2971 0.3085 0.9037
vn -0.3833 0.3592 0.8509
vn -0.3575 0.3894 0.8488
vn -0.8944 0.1142 0.4325
vn -0.8923 0.1305 0.4322
vn -0.8554 0.1788 0.4862
vn -0.8522 0.1924 0.4866
vn -0.8220 0.1994 0.5334
vn -0.8292 0.1721 0.5318
vn -0.7659 0.2222 0.6034
vn -0.7831 0.2252 0.5797
vn -0.6232 0.2876 0.7273
vn -0.6456 0.2390 0.7253
vn -0.5559 0.2861 0.7805
vn -0.5761 0.2492 0.7784
vn -0.4945 0.2328 0.8374
vn -0.5070 0.2390 0.8281
vn -0.4739 0.2978 0.8287
vn -0.4547 0.2847 0.8439
vn -0.4645 0.2452 0.8509
vn -0.4702 0.2486 0.8468
vn -0.4558 0.2841 0.8435
vn -0.4365 0.2693 0.8584
vn -0.0450 0.3009 0.9526
vn -0.0524 0.2949 0.9541
vn -0.1714 0.3166 0.9330
vn -0.1587 0.3284 0.9311
vn -0.0885 0.3179 0.9440
vn -0.1011 0.3075 0.9462
vn -0.2838 0.3873 0.8772
vn -0.3068 0.3627 0.8799
vn -0.8390 0.2062 0.5035
vn -0.8320 0.2061 0.5151
vn -0.7834 0.2337 0.5759
vn -0.7988 0.2364 0.5532
vn -0.6449 0.2979 0.7038
vn -0.6692 0.2443 0.7018
vn -0.5742 0.2914 0.7651
vn -0.5981 0.2473 0.7623
vn -0.5184 0.2608 0.8144
vn -0.5421 0.2736 0.7945
vn -0.4847 0.2599 0.8352
vn -0.5022 0.2711 0.8212
vn -0.0505 0.3114 0.9490
vn -0.0579 0.3053 0.9505
vn -0.1812 0.3564 0.9166
vn -0.1611 0.3747 0.9131
vn -0.1052 0.3531 0.9297
vn -0.0953 0.3446 0.9339
vn -0.6240 0.2899 0.7257
vn -0.5972 0.2759 0.7532
vn -0.6876 0.2878 0.6666
vn -0.6691 0.2796 0.6885
vn -0.5431 0.2594 0.7986
vn -0.5641 0.2715 0.7798
vn -0.5034 0.2572 0.8249
vn -0.5240 0.2713 0.8074
vn -0.0533 0.3475 0.9362
vn -0.0666 0.3368 0.9392
vn -0.7460 -0.6155 0.2543
vn -0.7900 -0.5100 0.3404
vn -0.5642 0.2703 0.7802
vn -0.5861 0.2835 0.7590
vn -0.5244 0.2664 0.8088
vn -0.5457 0.2815 0.7893
vn -0.7545 -0.3392 0.5618
vn -0.8072 -0.3169 0.4979
vn -0.5735 0.0734 0.8159
vn -0.5701 -0.0095 0.8215
vn -0.5467 0.1605 0.8218
vn -0.5604 0.1663 0.8113
vn -0.5104 0.0041 0.8599
vn -0.5261 0.0107 0.8503
vn -0.4627 -0.1859 0.8668
vn -0.4300 -0.2025 0.8798
vn -0.3440 -0.2895 0.8932
vn -0.3630 -0.3797 0.8509
vn -0.2348 -0.5550 0.7980
vn -0.2316 -0.5506 0.8020
vn -0.2876 -0.2820 0.9153
vn -0.2977 -0.2743 0.9144
vn -0.3168 0.0032 0.9485
vn -0.3553 -0.0520 0.9333
vn -0.6964 0.0733 0.7139
vn -0.6931 0.0846 0.7159
vn -0.6426 -0.0833 0.7617
vn -0.6418 -0.0795 0.7627
vn -0.5775 -0.2307 0.7832
vn -0.5775 -0.2305 0.7832
vn -0.5426 -0.2994 0.7848
vn -0.5425 -0.2953 0.7865
vn -0.1594 -0.8572 0.4897
vn -0.1766 -0.7764 0.6050
vn -0.6974 0.2994 0.6512
vn -0.6918 0.3133 0.6505
vn -0.6989 0.3031 0.6478
vn -0.6973 0.3006 0.6507
vn -0.7438 0.1424 0.6531
vn -0.7243 0.1923 0.6621
vn -0.7651 0.0673 0.6404
vn -0.7458 0.1201 0.6553
vn -0.8053 -0.0828 0.5871
vn -0.7841 -0.0144 0.6205
vn -0.8222 -0.1338 0.5532
vn -0.8051 -0.0767 0.5881
vn -0.8543 -0.1078 0.5086
vn -0.8416 -0.1742 0.5112
vn -0.8217 -0.1107 0.5591
vn 0.0613 0.8252 0.5615
vn 0.0705 0.8201 0.5679
vn 0.1354 0.8298 0.5415
vn 0.1633 0.8152 0.5556
vn 0.0268 0.8573 0.5141
vn 0.0517 0.8856 0.4615
vn -0.4056 0.6102 0.6805
vn -0.4419 0.5733 0.6900
vn -0.5670 0.5931 0.5716
vn -0.5854 0.5710 0.5755
vn -0.6031 0.0065 0.7977
vn -0.6520 -0.0286 0.7577
vn -0.6460 -0.0097 0.7633
vn -0.6890 -0.0502 0.7230
vn -0.5602 0.0431 0.8272
vn -0.5958 0.0398 0.8021
vn -0.9187 -0.1588 0.3618
vn -0.9129 -0.1277 0.3877
vn -0.8348 -0.1417 0.5319
vn -0.8314 -0.1317 0.5399
vn -0.9112 -0.1424 0.3865
vn -0.9036 -0.1552 0.3994
vn -0.9645 -0.1402 0.2238
vn -0.9634 -0.1261 0.2367
vn -0.9791 -0.1450 0.1424
vn -0.9791 -0.1371 0.1500
vn -0.9754 -0.1644 0.1470
vn -0.9731 -0.1704 0.1548
vn -0.9599 -0.1543 0.2340
vn -0.9570 -0.1604 0.2416
vn -0.9515 -0.3019 0.0591
vn -0.9519 -0.3002 0.0611
vn -0.9727 -0.2229 0.0646
vn -0.9719 -0.2280 0.0591
vn -0.9823 -0.1776 0.0593
vn -0.9815 -0.1806 0.0633
vn -0.9860 -0.1533 0.0662
vn -0.9855 -0.1584 0.0611
vn -0.9473 -0.2370 -0.2156
vn -0.9483 -0.2350 -0.2134
vn -0.9647 -0.2032 -0.1673
vn -0.9225 -0.1254 0.3651
vn -0.9275 -0.1574 0.3390
vn -0.9680 -0.1069 0.2271
vn -0.9697 -0.1294 0.2073
vn -0.9822 -0.1238 0.1414
vn -0.9821 -0.1198 0.1451
vn -0.9884 -0.1338 0.0717
vn -0.9881 -0.1380 0.0677
vn -0.9732 -0.1871 -0.1340
vn -0.9619 -0.2138 -0.1702
vn -0.8922 -0.1322 0.4319
vn -0.8787 -0.1183 0.4625
vn -0.8873 -0.1078 0.4483
vn -0.8890 -0.0763 0.4515
vn -0.8813 -0.0507 0.4698
vn -0.8989 -0.0575 0.4343
vn -0.8835 -0.0136 0.4682
vn -0.8824 0.0037 0.4705
vn -0.8675 0.0609 0.4936
vn -0.8717 0.0274 0.4892
vn -0.8504 0.0919 0.5181
vn -0.8524 0.0919 0.5148
vn -0.8195 0.1407 0.5556
vn -0.8187 0.1440 0.5559
vn -0.7318 0.2273 0.6425
vn -0.7243 0.2470 0.6437
vn -0.6703 0.2859 0.6848
vn -0.6848 0.2532 0.6834
vn -0.5965 0.3109 0.7400
vn -0.5652 0.2969 0.7697
vn -0.4572 0.2858 0.8422
vn -0.4954 0.2238 0.8394
vn -0.7273 -0.1437 0.6711
vn -0.7175 -0.1493 0.6803
vn -0.7185 -0.1601 0.6769
vn -0.7224 -0.1582 0.6731
vn -0.7201 -0.1558 0.6762
vn -0.6978 -0.1650 0.6971
vn -0.7471 -0.1722 0.6421
vn -0.7441 -0.1739 0.6450
vn -0.7020 -0.1552 0.6951
vn -0.6728 -0.1643 0.7213
vn -0.6769 -0.1565 0.7193
vn -0.6768 -0.1565 0.7193
vn -0.5659 -0.2057 0.7984
vn -0.4193 -0.2325 0.8776
vn -0.4991 0.0573 0.8646
vn -0.4975 0.1293 0.8578
vn 0.1397 0.8491 0.5095
vn 0.1148 0.8772 0.4662
vn 0.0626 0.8862 0.4591
vn 0.0668 0.8838 0.4630
vn -0.0097 0.7161 0.6980
vn 0.0091 0.6995 0.7146
vn -0.1682 0.8307 0.5307
vn -0.1818 0.8341 0.5208
vn -0.3260 0.8035 0.4982
vn -0.2613 0.8396 0.4762
vn -0.3905 0.8055 0.4457
vn -0.3982 0.8064 0.4372
vn -0.4956 0.7689 0.4039
vn -0.4599 0.7662 0.4488
vn -0.5590 0.7216 0.4085
vn -0.5120 0.7176 0.4721
vn -0.5984 0.6744 0.4325
vn -0.5435 0.6689 0.5071
vn 0.0067 0.7153 0.6988
vn 0.0436 0.7381 0.6733
vn -0.7134 0.5188 0.4710
vn -0.6115 0.5188 0.5975
vn -0.5975 0.5979 0.5344
vn -0.6599 0.6031 0.4481
vn -0.6524 0.3484 0.6730
vn -0.7507 0.3292 0.5728
vn -0.6584 0.2512 0.7095
vn -0.7703 0.2170 0.5996
vn -0.7315 0.1541 0.6642
vn -0.6322 0.1955 0.7497
vn -0.6887 0.1099 0.7167
vn -0.6006 0.1567 0.7841
vn -0.5794 0.0359 0.8143
vn -0.5795 0.0382 0.8140
vn -0.6417 0.0039 0.7670
vn -0.5915 0.0510 0.8047
vn -0.4975 0.5039 0.7061
vn -0.6484 0.4820 0.5893
vn -0.7134 0.3662 0.5974
vn -0.6517 0.4907 0.5784
vn -0.5048 0.1194 0.8550
vn -0.5007 0.2093 0.8400
vn -0.5301 0.0376 0.8471
vn -0.5314 0.1396 0.8355
vn -0.4232 0.3351 0.8418
vn -0.4303 0.2808 0.8579
vn -0.4049 0.2618 0.8760
vn -0.4138 0.1586 0.8964
vn -0.4854 0.1185 0.8662
vn -0.4063 0.1527 0.9009
vn -0.5289 0.0873 0.8442
vn -0.5539 0.0785 0.8289
vn -0.5169 0.2215 0.8269
vn -0.5114 0.2803 0.8124
vn -0.8205 -0.1198 0.5589
vn -0.8060 -0.0826 0.5861
vn -0.7811 -0.0098 0.6243
vn -0.7973 -0.0447 0.6019
vn -0.8049 -0.1305 0.5789
vn -0.7937 -0.1049 0.5992
vn -0.6528 0.1769 0.7365
vn -0.6558 0.1219 0.7450
vn -0.6639 0.0575 0.7456
vn -0.6142 0.0950 0.7834
vn -0.6182 0.0300 0.7854
vn -0.6563 -0.0036 0.7545
vn -0.5949 0.2216 0.7727
vn -0.5997 0.1572 0.7847
vn -0.6189 0.0853 0.7808
vn -0.5532 0.1244 0.8237
vn -0.5736 0.0540 0.8174
vn -0.6219 0.0199 0.7828
vn -0.2627 -0.4086 0.8741
vn -0.2899 -0.3691 0.8830
vn -0.1327 -0.4469 0.8847
vn -0.1477 -0.4302 0.8906
vn -0.0306 -0.4742 0.8799
vn -0.0520 -0.4535 0.8897
vn -0.4709 -0.2302 0.8516
vn -0.4976 -0.2373 0.8343
vn -0.2459 -0.1692 0.9544
vn -0.2681 -0.1343 0.9540
vn -0.1262 -0.2127 0.9689
vn -0.1445 -0.1902 0.9711
vn -0.0451 -0.2240 0.9735
vn -0.0484 -0.2205 0.9742
vn -0.7811 -0.1966 0.5927
vn -0.7714 -0.2033 0.6031
vn -0.5909 0.0092 0.8067
vn -0.6269 -0.0082 0.7791
vn -0.8303 -0.1477 0.5374
vn -0.8306 -0.1485 0.5367
vn -0.7935 -0.1493 0.5900
vn -0.7797 -0.1218 0.6142
vn -0.7193 -0.2333 0.6543
vn -0.7538 -0.2228 0.6182
vn -0.8411 0.1656 0.5149
vn -0.8363 0.1583 0.5250
vn -0.8328 0.1820 0.5228
vn -0.8351 0.1864 0.5175
vn -0.8298 0.1568 0.5357
vn -0.8314 0.1621 0.5316
vn -0.8373 0.1148 0.5345
vn -0.8414 0.1308 0.5244
vn -0.8670 0.0569 0.4951
vn -0.8611 0.0254 0.5078
vn -0.8863 -0.0058 0.4631
vn -0.8706 0.0281 0.4911
vn -0.8874 -0.0158 0.4608
vn -0.8916 0.0187 0.4525
vn -0.8992 -0.0372 0.4359
vn -0.9028 -0.0048 0.4300
vn -0.9190 0.0184 0.3939
vn -0.9184 -0.0086 0.3956
vn -0.5487 -0.4503 0.7044
vn -0.5731 -0.4549 0.6817
vn -0.9154 0.0315 0.4014
vn -0.9147 0.0531 0.4006
vn -0.5374 -0.6467 0.5413
vn -0.6169 -0.6464 0.4490
vn -0.9132 0.0577 0.4034
vn -0.9118 0.0774 0.4032
vn -0.2582 -0.8549 0.4499
vn -0.2892 -0.8308 0.4755
vn -0.9031 0.0997 0.4176
vn -0.9020 0.1089 0.4178
vn -0.2647 -0.6525 0.7101
vn -0.2985 -0.6128 0.7317
vn -0.8845 0.1461 0.4431
vn -0.8843 0.1468 0.4431
vn -0.8628 0.1856 0.4702
vn -0.8637 0.1816 0.4701
vn -0.1192 -0.8858 0.4485
vn -0.1335 -0.8778 0.4600
vn -0.8371 0.2103 0.5049
vn -0.8308 0.2329 0.5055
vn -0.1255 -0.6941 0.7089
vn -0.1489 -0.6737 0.7238
vn -0.7709 0.2514 0.5852
vn -0.7510 0.3052 0.5856
vn -0.0368 -0.8877 0.4589
vn -0.0277 -0.8918 0.4516
vn -0.7036 0.3241 0.6324
vn -0.7220 0.2810 0.6322
vn -0.6166 0.3494 0.7055
vn -0.6351 0.3142 0.7056
vn -0.5055 0.3582 0.7850
vn -0.5220 0.3320 0.7857
vn -0.4334 0.3562 0.8278
vn -0.4726 0.2999 0.8287
vn -0.7007 -0.6987 0.1443
vn -0.7600 -0.6057 0.2358
vn -0.7741 -0.5881 0.2343
vn -0.8085 -0.4989 0.3122
vn -0.4515 0.3106 0.8365
vn -0.4230 0.2890 0.8588
vn -0.4391 0.2484 0.8634
vn -0.4035 0.2977 0.8652
vn -0.9811 -0.1621 -0.1056
vn -0.9737 -0.1847 -0.1334
vn -0.9899 -0.1214 0.0728
vn -0.9899 -0.1222 0.0720
vn -0.9724 -0.1031 0.2095
vn -0.9734 -0.1208 0.1946
vn -0.7405 -0.1824 0.6468
vn -0.7415 -0.1872 0.6443
vn -0.7461 -0.1682 0.6443
vn -0.9838 -0.1180 0.1351
vn -0.9837 -0.1091 0.1429
vn -0.7029 -0.1035 0.7037
vn -0.7320 -0.1118 0.6721
vn -0.6395 -0.0386 0.7678
vn -0.6845 -0.0677 0.7259
vn -0.6808 -0.0554 0.7304
vn -0.7240 -0.0950 0.6832
vn -0.7796 -0.1208 0.6145
vn -0.7700 -0.1483 0.6205
vn -0.7126 -0.0416 0.7003
vn -0.7515 -0.0897 0.6536
vn -0.3042 0.3229 0.8962
vn -0.2911 0.3211 0.9012
vn -0.3065 0.3371 0.8902
vn -0.2895 0.3345 0.8968
vn -0.8302 -0.3981 0.3902
vn -0.8382 -0.3296 0.4344
vn -0.7610 -0.6075 0.2276
vn -0.8064 -0.5006 0.3148
vn -0.7633 -0.0235 0.6456
vn -0.7841 -0.0622 0.6175
vn -0.8080 -0.4983 0.3145
vn -0.8325 -0.3937 0.3897
vn -0.7446 -0.0402 0.6663
vn -0.7683 -0.0779 0.6353
vn -0.4274 0.4579 0.7796
vn -0.3938 0.4670 0.7917
vn -0.4633 0.5148 0.7213
vn -0.4981 0.5046 0.7052
vn -0.6495 0.0251 0.7600
vn -0.6569 0.0010 0.7539
vn -0.7946 -0.0467 0.6053
vn -0.7350 0.0064 0.6780
vn -0.3932 0.5468 0.7392
vn -0.3879 0.6016 0.6983
vn -0.3332 0.4839 0.8092
vn -0.3253 0.5259 0.7859
vn -0.1753 0.4614 0.8697
vn -0.1583 0.5539 0.8174
vn -0.2920 0.5959 0.7481
vn -0.1758 0.6265 0.7594
vn -0.7351 0.1495 0.6613
vn -0.7274 0.1570 0.6680
vn -0.7201 0.1525 0.6769
vn -0.7128 0.1596 0.6830
vn -0.7401 0.1474 0.6561
vn -0.7389 0.1376 0.6596
vn -0.7244 0.1338 0.6762
vn -0.7216 0.0998 0.6851
vn -0.7337 0.1303 0.6669
vn -0.7372 0.1446 0.6600
vn -0.7061 0.0906 0.7023
vn -0.7143 0.1297 0.6877
vn -0.6929 0.0934 0.7149
vn -0.7105 0.0603 0.7011
vn -0.6921 -0.1015 0.7146
vn -0.6977 -0.1196 0.7064
vn -0.7019 -0.1514 0.6960
vn -0.7018 -0.1511 0.6962
vn -0.6881 -0.1466 0.7106
vn -0.6873 -0.1438 0.7120
vn -0.6852 -0.1906 0.7029
vn -0.6743 -0.1520 0.7227
vn -0.6580 -0.2087 0.7235
vn -0.6491 -0.1707 0.7413
vn -0.6564 -0.1877 0.7306
vn -0.6471 -0.1474 0.7480
vn -0.6179 -0.2257 0.7532
vn -0.6052 -0.1552 0.7808
vn -0.5693 -0.2082 0.7953
vn -0.5555 -0.1050 0.8248
vn -0.6528 -0.1373 0.7450
vn -0.6100 -0.1449 0.7791
vn -0.8096 -0.0203 0.5867
vn -0.7919 0.0255 0.6101
vn -0.5817 0.4080 0.7037
vn -0.5177 0.4259 0.7420
vn -0.4872 0.3997 0.7764
vn -0.5020 0.3955 0.7692
vn -0.5654 0.3256 0.7579
vn -0.5699 0.3241 0.7551
vn -0.6013 0.3120 0.7356
vn -0.5938 0.3497 0.7246
vn -0.6410 0.2552 0.7239
vn -0.6173 0.2658 0.7405
vn -0.6285 0.2745 0.7278
vn -0.6338 0.2722 0.7240
vn -0.6908 0.2038 0.6937
vn -0.6653 0.2193 0.7137
vn -0.6730 0.2252 0.7045
vn -0.6582 0.2337 0.7157
vn -0.7102 -0.0256 0.7035
vn -0.7084 -0.0344 0.7050
vn -0.7039 -0.0525 0.7084
vn -0.7020 -0.0539 0.7101
vn -0.4461 0.1420 0.8837
vn -0.3932 0.1592 0.9056
vn -0.3451 0.1636 0.9242
vn -0.3358 0.2334 0.9126
vn -0.4427 0.0955 0.8916
vn -0.4300 0.2626 0.8638
vn -0.3222 0.1398 0.9363
vn -0.3124 0.2338 0.9207
vn -0.2700 0.1928 0.9434
vn -0.2292 0.1979 0.9530
vn -0.6225 0.1922 0.7586
vn -0.4812 0.2079 0.8516
vn -0.2462 0.2298 0.9416
vn -0.2034 0.2369 0.9500
vn -0.7057 -0.0024 0.7085
vn -0.7341 -0.0433 0.6776
vn -0.7495 -0.0110 0.6619
vn -0.7662 0.0363 0.6416
vn -0.7914 0.0451 0.6097
vn -0.7686 -0.0102 0.6397
vn -0.5375 -0.0814 0.8393
vn -0.5206 -0.0391 0.8529
vn -0.5147 -0.1327 0.8470
vn -0.3340 -0.1462 0.9312
vn -0.4587 -0.2491 0.8530
vn -0.2515 -0.2684 0.9299
vn -0.1384 -0.3198 0.9373
vn -0.1811 -0.3398 0.9229
vn -0.0170 -0.2894 0.9571
vn -0.0440 -0.3082 0.9503
vn -0.1059 -0.3249 0.9398
vn -0.0723 -0.3059 0.9493
vn -0.1826 -0.3425 0.9216
vn -0.1780 -0.3405 0.9233
vn -0.0414 -0.0340 0.9986
vn -0.0524 -0.0230 0.9984
vn -0.1238 -0.0171 0.9922
vn -0.1472 0.0101 0.9891
vn -0.2333 0.0252 0.9721
vn -0.2415 0.0371 0.9697
vn -0.3580 0.0798 0.9303
vn -0.3653 0.0777 0.9276
vn -0.3770 0.0371 0.9255
vn -0.3695 -0.1138 0.9222
vn -0.0470 0.1055 0.9933
vn -0.0545 0.1122 0.9922
vn -0.1343 0.1174 0.9840
vn -0.1423 0.1256 0.9818
vn -0.2202 0.1369 0.9658
vn -0.2126 0.1276 0.9688
vn -0.3573 0.0941 0.9292
vn -0.2856 0.1128 0.9517
vn -0.3169 -0.0611 0.9465
vn -0.2805 -0.2473 0.9274
vn -0.0490 0.1227 0.9912
vn -0.0543 0.1189 0.9914
vn -0.1436 0.1081 0.9837
vn -0.1184 0.1235 0.9853
vn -0.8462 -0.5327 0.0103
vn -0.8621 -0.5042 0.0507
vn -0.8712 -0.4783 0.1102
vn -0.8594 -0.4923 0.1379
vn -0.8786 -0.4409 0.1836
vn -0.8600 -0.4604 0.2201
vn -0.8683 -0.3928 0.3029
vn -0.8709 -0.3568 0.3380
vn -0.8584 -0.3025 0.4143
vn -0.8547 -0.2518 0.4540
vn -0.8542 -0.2515 0.4551
vn -0.8488 -0.2007 0.4891
vn -0.8357 -0.1196 0.5361
vn -0.8414 -0.1521 0.5186
vn -0.8274 -0.0943 0.5537
vn -0.8158 -0.1093 0.5679
vn -0.7628 0.2338 0.6029
vn -0.7464 0.2789 0.6042
vn -0.7452 0.2233 0.6283
vn -0.7295 0.2669 0.6298
vn -0.7282 0.2091 0.6527
vn -0.7094 0.2607 0.6548
vn -0.6587 0.2072 0.7233
vn -0.6818 0.2148 0.6993
vn -0.6145 0.2795 0.7378
vn -0.5982 0.3116 0.7383
vn -0.5975 0.3202 0.7351
vn -0.5772 0.3565 0.7347
vn -0.5797 0.3313 0.7445
vn -0.5562 0.3713 0.7435
vn -0.5643 0.2595 0.7837
vn -0.5303 0.3203 0.7849
vn -0.5312 0.1347 0.8365
vn -0.5034 0.1897 0.8430
vn -0.4857 -0.0190 0.8739
vn -0.4606 0.0383 0.8868
vn -0.4049 -0.2486 0.8799
vn -0.3767 -0.1727 0.9101
vn -0.2852 -0.4656 0.8378
vn -0.2451 -0.3376 0.9088
vn -0.8200 0.2059 0.5341
vn -0.8095 0.2398 0.5360
vn -0.8069 0.1912 0.5589
vn -0.7985 0.2193 0.5607
vn -0.7960 0.1782 0.5785
vn -0.7870 0.2086 0.5806
vn -0.7393 0.1829 0.6481
vn -0.7640 0.1885 0.6170
vn -0.6983 0.2699 0.6630
vn -0.6822 0.2632 0.6821
vn -0.6612 0.3388 0.6693
vn -0.6822 0.2944 0.6692
vn -0.6618 0.3188 0.6785
vn -0.6401 0.3607 0.6784
vn -0.6404 0.2774 0.7162
vn -0.6288 0.3006 0.7171
vn -0.6118 0.1270 0.7808
vn -0.6028 0.1487 0.7839
vn -0.5617 -0.0167 0.8272
vn -0.5678 -0.0148 0.8231
vn -0.5062 -0.1836 0.8426
vn -0.4783 -0.1961 0.8560
vn -0.4171 -0.2659 0.8691
vn -0.4247 -0.3219 0.8462
vn -0.5256 -0.1428 0.8386
vn -0.5201 -0.0458 0.8528
vn -0.4204 -0.0308 0.9068
vn -0.3875 -0.0208 0.9216
vn -0.4863 -0.0829 0.8699
vn -0.4861 0.0193 0.8737
vn -0.6793 -0.0773 0.7298
vn -0.6721 0.0715 0.7370
vn -0.6294 0.0320 0.7764
vn -0.6225 0.1194 0.7735
vn -0.6547 0.1460 0.7416
vn -0.6426 0.1556 0.7502
vn -0.6956 0.1943 0.6916
vn -0.6968 0.1858 0.6928
vn -0.7093 0.1946 0.6775
vn -0.7119 0.1660 0.6824
vn -0.6891 0.1048 0.7170
vn -0.6884 0.1504 0.7095
vn -0.6865 0.0537 0.7252
vn -0.6531 0.0853 0.7525
vn -0.6452 0.0334 0.7633
vn -0.6755 0.0011 0.7374
vn -0.6761 0.0014 0.7368
vn -0.7129 -0.0414 0.7000
vn -0.7325 -0.0289 0.6802
vn -0.7469 0.0184 0.6647
vn -0.6989 0.0090 0.7152
vn -0.7123 0.0582 0.6995
vn -0.7181 0.0597 0.6933
vn -0.6943 0.0909 0.7139
vn -0.7221 0.1011 0.6843
vn -0.7251 0.1255 0.6772
vn -0.7415 0.1326 0.6577
vn -0.7418 0.1421 0.6554
vn -0.7246 0.1334 0.6762
vn -0.7304 0.1265 0.6712
vn -0.6619 0.0933 0.7437
vn -0.6621 0.0722 0.7460
vn -0.5957 0.0404 0.8022
vn -0.5943 -0.0127 0.8041
vn -0.6027 -0.0481 0.7965
vn -0.6044 -0.0083 0.7966
vn -0.6331 -0.4251 0.6469
vn -0.6619 -0.4092 0.6280
vn -0.7606 0.1030 0.6411
vn -0.7905 0.1077 0.6029
vn -0.6084 -0.0316 0.7930
vn -0.6453 -0.0447 0.7626
vn -0.5372 -0.0889 0.8388
vn -0.5653 -0.1130 0.8171
vn -0.5929 0.2411 0.7684
vn -0.5674 0.2425 0.7869
vn -0.6772 0.0343 0.7350
vn -0.7376 0.0214 0.6749
vn -0.4663 -0.5539 0.6898
vn -0.4700 -0.5386 0.6993
vn -0.4725 -0.5474 0.6907
vn -0.5007 -0.5304 0.6841
vn -0.2036 -0.6321 0.7476
vn -0.3010 -0.5714 0.7635
vn -0.0477 -0.9141 0.4026
vn -0.0196 -0.8930 0.4496
vn -0.0446 -0.6854 0.7268
vn -0.0033 -0.8023 0.5970
vn -0.0271 -0.8639 0.5030
vn -0.0108 -0.8729 0.4878
vn -0.0714 -0.8558 0.5124
vn -0.0634 -0.8602 0.5060
vn -0.5712 -0.4605 0.6794
vn -0.5708 -0.4784 0.6674
vn -0.5027 -0.5443 0.6716
vn -0.5009 -0.5525 0.6663
vn -0.4922 -0.5506 0.6742
vn -0.5010 -0.5135 0.6966
vn -0.7905 -0.1164 0.6013
vn -0.7978 -0.2033 0.5677
vn -0.5755 -0.4082 0.7087
vn -0.5719 -0.4605 0.6789
vn -0.4728 -0.2288 0.8510
vn -0.4693 -0.2070 0.8584
vn 0.0066 -0.2125 0.9771
vn -0.0748 -0.3160 0.9458
vn 0.0707 -0.3428 0.9367
vn -0.0183 -0.4253 0.9049
vn 0.2487 0.1138 0.9619
vn 0.3011 0.0767 0.9505
vn 0.0623 0.1352 0.9889
vn 0.0290 0.1068 0.9939
vn -0.6258 -0.0699 0.7768
vn -0.6100 -0.0394 0.7914
vn -0.6199 -0.1068 0.7773
vn -0.6166 -0.1015 0.7807
vn -0.8078 -0.0889 0.5828
vn -0.7995 -0.0539 0.5983
vn -0.8037 -0.1460 0.5769
vn -0.8006 -0.1218 0.5867
vn -0.5122 -0.5330 0.6735
vn -0.5504 -0.5088 0.6619
vn -0.5335 -0.5033 0.6798
vn -0.6183 -0.4487 0.6453
vn -0.3973 -0.9175 0.0161
vn 0.0801 -0.8277 -0.5554
vn -0.3692 -0.9197 0.1335
vn -0.5648 -0.8086 0.1647
vn -0.1451 -0.8936 -0.4247
vn 0.1776 -0.6173 -0.7664
vn 0.0800 -0.9880 -0.1324
vn 0.2224 -0.8939 -0.3893
vn 0.1835 -0.0940 0.9785
vn 0.2215 0.0601 0.9733
vn -0.0919 0.6869 0.7209
vn -0.1226 0.6282 0.7683
vn -0.1105 0.7517 0.6502
vn -0.1096 0.7527 0.6492
vn -0.0761 -0.0703 0.9946
vn -0.0992 -0.1185 0.9880
vn -0.2439 -0.1584 0.9568
vn -0.2753 -0.2032 0.9397
vn -0.2312 0.0381 0.9721
vn -0.2643 0.1817 0.9472
vn 0.0744 0.9743 0.2127
vn 0.1073 0.9858 0.1290
vn 0.0948 0.9936 0.0607
vn 0.0425 0.9271 0.3724
vn -0.1631 0.7851 0.5975
vn -0.1799 0.7718 0.6099
vn -0.1933 0.7780 0.5978
vn -0.1960 0.7723 0.6043
vn 0.1682 0.9728 0.1596
vn 0.2107 0.9750 0.0705
vn 0.0060 0.9996 0.0260
vn -0.0027 0.9951 -0.0984
vn -0.3420 0.9260 -0.1601
vn -0.3273 0.9354 -0.1339
vn -0.0212 0.7297 0.6834
vn -0.0059 0.7182 0.6959
vn 0.2061 -0.1881 0.9603
vn 0.1515 -0.1210 0.9810
vn 0.0634 0.8270 0.5587
vn 0.0583 0.8593 0.5081
vn -0.4828 0.8709 -0.0916
vn -0.5391 0.8314 -0.1343
vn 0.0583 0.8254 0.5615
vn 0.0639 0.7814 0.6208
vn 0.0017 0.8417 0.5399
vn 0.1068 0.8652 0.4899
vn 0.0349 0.7466 0.6643
vn 0.0960 0.7776 0.6213
vn 0.0374 0.8148 0.5786
vn 0.0594 0.7796 0.6235
vn -0.5151 0.1242 0.8481
vn -0.5210 0.2627 0.8121
vn -0.2128 0.7714 0.5997
vn -0.2016 0.7756 0.5982
vn 0.3698 0.9269 -0.0632
vn 0.2817 0.9540 0.1024
vn -0.6192 0.3507 0.7026
vn -0.6404 0.3546 0.6813
vn -0.4209 0.2531 0.8711
vn -0.4923 0.2100 0.8447
vn -0.0118 -0.9983 -0.0566
vn -0.0120 -0.9993 -0.0357
vn -0.6615 -0.6574 0.3608
vn -0.5639 -0.8088 0.1670
vn -0.4934 -0.4386 0.7511
vn -0.4859 -0.4155 0.7689
vn 0.1814 -0.2141 0.9598
vn 0.1124 -0.3542 0.9284
vn 0.1389 -0.9482 0.2856
vn 0.1704 -0.9239 0.3425
vn 0.3336 -0.3583 0.8719
vn 0.2936 -0.4285 0.8545
vn 0.4026 -0.4306 0.8078
vn 0.3825 -0.4039 0.8310
vn -0.5466 -0.1822 0.8173
vn -0.5833 -0.2485 0.7733
vn -0.7538 -0.4307 0.4963
vn -0.7372 -0.5230 0.4278
vn -0.7699 -0.2294 0.5955
vn -0.7797 -0.4414 0.4440
vn 0.0075 -0.9907 -0.1359
vn 0.1865 -0.8885 -0.4193
vn 0.7267 -0.2595 -0.6361
vn 0.6594 -0.3571 -0.6616
vn 0.8189 -0.3291 -0.4703
vn 0.6039 -0.5972 -0.5278
vn -0.2467 -0.7261 -0.6418
vn -0.2407 -0.7499 -0.6162
vn 0.2427 -0.9385 0.2457
vn 0.3189 -0.8735 0.3680
vn 0.3161 -0.8742 0.3686
vn 0.2162 -0.9429 0.2535
vn 0.0803 -0.9943 0.0706
vn 0.3103 -0.9148 0.2584
vn 0.4720 -0.5085 0.7202
vn 0.3923 -0.5965 0.7002
vn -0.2060 -0.6464 -0.7347
vn -0.0050 -0.7413 -0.6712
vn -0.2511 0.8599 0.4444
vn -0.1417 0.8533 0.5017
vn -0.4624 0.4399 0.7699
vn -0.4442 0.3207 0.8365
vn -0.0564 0.6147 0.7867
vn 0.0732 0.7014 0.7090
vn -0.7123 0.3444 0.6116
vn -0.7465 0.4944 0.4454
vn -0.7368 -0.3455 0.5812
vn -0.7762 -0.3427 0.5291
vn -0.1477 -0.7012 -0.6975
vn 0.1479 -0.9197 -0.3636
vn -0.1919 -0.9507 -0.2436
vn 0.0070 -0.9860 -0.1669
vn -0.6932 -0.6608 0.2878
vn -0.4946 -0.7866 0.3695
vn -0.7147 0.2549 0.6513
vn -0.7888 0.4207 0.4481
vn -0.6119 -0.4460 0.6531
vn -0.6401 -0.4297 0.6370
vn -0.8305 -0.0698 0.5526
vn -0.8399 -0.1499 0.5216
vn 0.0714 -0.0401 0.9966
vn 0.0719 -0.0398 0.9966
vn 0.2944 -0.2082 0.9327
vn 0.2714 -0.2354 0.9333
vn 0.3262 0.0045 0.9453
vn 0.3297 0.0080 0.9441
vn 0.3605 -0.0456 0.9316
vn 0.2791 -0.1235 0.9523
vn 0.2893 0.0752 0.9543
vn 0.3321 0.0372 0.9425
vn 0.2985 -0.0422 0.9535
vn 0.1387 -0.1717 0.9753
vn 0.3255 -0.3880 0.8623
vn 0.1086 -0.5332 0.8390
vn 0.4131 -0.3087 0.8568
vn 0.3416 -0.3863 0.8568
vn 0.3130 -0.1251 0.9415
vn 0.2526 -0.1683 0.9528
vn 0.1745 -0.1756 0.9689
vn 0.1872 -0.2910 0.9382
vn 0.0324 -0.4667 0.8838
vn 0.0024 -0.4237 0.9058
vn 0.3152 -0.2907 0.9034
vn 0.3816 -0.2116 0.8998
vn 0.2699 -0.0285 0.9625
vn 0.2995 0.0005 0.9541
vn 0.1019 -0.2477 0.9635
vn 0.0920 -0.2588 0.9615
vn 0.0201 0.4238 0.9056
vn 0.0324 0.5353 0.8440
vn -0.1205 0.4434 0.8882
vn 0.0886 0.6262 0.7746
vn -0.2992 -0.4129 0.8602
vn -0.3607 -0.5296 0.7678
vn -0.0096 -0.6753 -0.7375
vn 0.0435 -0.7234 -0.6891
vn -0.7441 -0.1633 0.6478
vn -0.5432 -0.0385 0.8387
vn -0.0988 -0.8499 0.5176
vn -0.0723 -0.8361 0.5438
vn -0.1623 -0.0048 0.9867
vn -0.1762 -0.0287 0.9839
vn -0.0891 0.7464 0.6595
vn -0.1234 0.6959 0.7075
vn 0.0407 0.9962 0.0775
vn 0.0447 0.9989 0.0126
vn -0.0121 -0.1361 0.9906
vn -0.0030 -0.1141 0.9935
vn -0.0692 0.6275 0.7756
vn -0.0598 0.6596 0.7492
vn -0.1079 0.9915 -0.0722
vn -0.1012 0.9938 -0.0455
vn 0.3566 0.0413 0.9333
vn 0.1627 0.2096 0.9642
vn 0.0165 0.7382 0.6744
vn 0.0154 0.7698 0.6381
vn -0.3658 0.9285 -0.0643
vn -0.4267 0.8934 -0.1407
vn 0.1259 -0.1225 0.9844
vn 0.1349 -0.0967 0.9861
vn -0.0281 0.6627 0.7484
vn -0.0171 0.7163 0.6975
vn -0.1846 0.9668 -0.1765
vn -0.1244 0.9914 -0.0398
vn -0.1616 -0.2169 0.9627
vn -0.1663 -0.2041 0.9647
vn -0.1679 -0.5673 -0.8063
vn -0.0678 -0.6933 -0.7175
vn 0.1368 -0.7802 0.6105
vn 0.4280 -0.5891 0.6854
vn 0.0487 0.7369 0.6743
vn 0.0970 0.6777 0.7289
vn 0.2284 0.7578 0.6112
vn -0.0621 0.7827 0.6193
vn 0.1353 -0.9889 0.0608
vn 0.4150 -0.8867 0.2037
vn -0.0784 -0.4686 0.8799
vn -0.0508 -0.4597 0.8866
vn -0.4963 -0.2500 0.8314
vn -0.5277 -0.6337 0.5657
vn -0.5972 -0.6943 0.4016
vn -0.4835 -0.8723 0.0728
vn -0.0363 -0.9992 -0.0190
vn -0.2318 -0.9696 -0.0779
vn 0.1628 -0.8426 0.5133
vn -0.1063 -0.8958 0.4316
vn 0.0872 -0.6569 0.7489
vn -0.0625 -0.6859 0.7250
vn 0.2890 -0.2829 0.9146
vn 0.0737 -0.3378 0.9383
vn 0.1360 -0.2767 0.9513
vn 0.0985 -0.2840 0.9537
vn -0.0488 -0.4630 0.8850
vn -0.1580 -0.4573 0.8752
vn -0.4835 -0.4476 0.7523
vn -0.6397 -0.3543 0.6822
vn -0.0839 0.8694 0.4870
vn -0.1377 0.8536 0.5023
vn 0.0880 0.8682 0.4884
vn 0.1308 0.8368 0.5317
vn -0.1943 -0.4828 0.8539
vn -0.4306 -0.4190 0.7994
vn 0.0432 -0.8096 0.5854
vn -0.1052 -0.7372 0.6674
vn 0.1528 -0.9066 0.3934
vn 0.1585 -0.8640 0.4780
vn -0.2511 -0.1904 0.9491
vn -0.2641 -0.2203 0.9390
vn -0.3236 0.0691 0.9437
vn -0.3605 0.0926 0.9282
vn -0.3241 -0.0529 0.9446
vn -0.3307 -0.0603 0.9418
vn -0.2895 -0.2658 0.9195
vn -0.2781 -0.2509 0.9272
vn -0.2621 -0.3990 0.8787
vn -0.3174 -0.3299 0.8890
vn -0.0618 -0.9977 -0.0276
vn -0.0432 -0.9900 0.1343
vn 0.2500 -0.2711 -0.9295
vn 0.2795 -0.2072 -0.9375
vn 0.4486 -0.8802 0.1550
vn 0.2702 -0.9628 -0.0093
vn 0.5024 -0.3964 0.7684
vn 0.4226 -0.5154 0.7455
vn 0.4263 -0.2682 0.8639
vn 0.3910 -0.3133 0.8654
vn 0.4022 0.0176 0.9154
vn 0.3399 -0.0466 0.9393
vn 0.2930 0.0324 0.9556
vn 0.3412 -0.0402 0.9391
vn -0.0173 -0.4623 0.8866
vn 0.0130 -0.4470 0.8944
vn -0.3318 -0.5726 0.7497
vn -0.3789 -0.5427 0.7496
vn -0.2008 -0.6940 0.6914
vn -0.2484 -0.5563 0.7930
vn -0.5461 -0.2403 0.8025
vn -0.5459 -0.3190 0.7747
vn -0.7036 -0.0871 0.7052
vn -0.7134 -0.1170 0.6909
vn -0.7123 -0.1209 0.6914
vn -0.6954 -0.0846 0.7136
vn -0.6715 -0.1935 0.7153
vn -0.6762 -0.2047 0.7077
vn -0.6196 -0.4289 0.6574
vn -0.6275 -0.5102 0.5882
vn -0.0126 -0.9983 -0.0570
vn -0.0264 -0.9972 0.0697
vn 0.2532 -0.7275 -0.6377
vn 0.6327 -0.3024 -0.7129
vn -0.2664 -0.6486 -0.7130
vn -0.2235 -0.7501 -0.6224
vn -0.4597 0.7371 0.4953
vn -0.0671 0.9030 0.4245
vn -0.1352 0.9044 0.4047
vn -0.1825 0.8839 0.4306
vn -0.1180 0.7332 0.6697
vn -0.1624 0.7350 0.6584
vn -0.2175 0.6886 0.6917
vn -0.1150 0.7458 0.6562
vn -0.0749 0.1269 0.9891
vn -0.0711 0.1320 0.9887
vn -0.1838 0.2051 0.9613
vn -0.1773 0.2269 0.9577
vn -0.0553 0.5213 0.8516
vn -0.0378 0.5364 0.8431
vn 0.0542 -0.8523 0.5202
vn -0.0230 -0.8180 0.5747
vn 0.1126 -0.9230 0.3679
vn 0.1190 -0.9111 0.3947
vn -0.1925 -0.2247 0.9552
vn -0.1821 -0.2052 0.9616
vn -0.2706 0.1127 0.9561
vn -0.2780 0.1044 0.9549
vn -0.2553 -0.0707 0.9643
vn -0.2331 -0.0476 0.9713
vn -0.1989 -0.2982 0.9335
vn -0.1604 -0.2485 0.9552
vn -0.1592 -0.2581 0.9529
vn -0.1862 -0.3275 0.9263
vn 0.0405 -0.9850 0.1680
vn 0.0401 -0.9855 0.1651
vn 0.2247 -0.0082 -0.9744
vn 0.1575 -0.2040 -0.9662
vn -0.0254 -0.7277 0.6854
vn -0.1988 -0.6319 0.7491
vn 0.1440 -0.8660 0.4788
vn 0.1301 -0.7887 0.6008
vn -0.3492 -0.1888 0.9178
vn -0.3547 -0.2067 0.9118
vn -0.4320 -0.0084 0.9018
vn -0.5121 0.0415 0.8579
vn -0.4939 -0.0859 0.8653
vn -0.4833 -0.0723 0.8725
vn -0.4509 -0.2703 0.8507
vn -0.4278 -0.2347 0.8729
vn -0.3920 -0.4048 0.8261
vn -0.3971 -0.4166 0.8178
vn -0.0061 -0.9994 -0.0327
vn -0.0046 -1.0000 0.0021
vn 0.4023 -0.4799 -0.7797
vn 0.5070 -0.2637 -0.8206
vn 0.3966 0.9171 -0.0410
vn 0.1428 0.9297 0.3396
vn -0.0440 0.8796 0.4736
vn -0.2806 0.8267 0.4877
vn -0.6740 -0.3157 0.6678
vn -0.6728 -0.3959 0.6250
vn -0.7246 -0.2136 0.6552
vn -0.7277 -0.3356 0.5982
vn -0.6584 -0.1352 0.7404
vn -0.6691 -0.1760 0.7220
vn -0.5802 -0.1160 0.8061
vn -0.5558 -0.0660 0.8287
vn -0.4149 -0.0418 0.9089
vn -0.4228 -0.0376 0.9054
vn -0.3144 -0.0212 0.9491
vn -0.2991 -0.0290 0.9538
vn -0.2369 -0.0156 0.9714
vn -0.2402 -0.0196 0.9705
vn 0.0325 0.0606 0.9976
vn -0.0073 0.0192 0.9998
vn 0.1467 -0.0077 0.9891
vn 0.2345 -0.0906 0.9679
vn 0.1191 -0.2187 0.9685
vn 0.2544 -0.0863 0.9632
vn 0.1366 -0.2177 0.9664
vn 0.1502 -0.2966 0.9431
vn 0.0803 -0.2873 0.9545
vn 0.0290 -0.3212 0.9466
vn 0.0473 -0.3269 0.9439
vn 0.0461 -0.3697 0.9280
vn 0.0116 -0.3587 0.9334
vn 0.0810 -0.3513 0.9327
vn -0.5329 -0.4740 0.7009
vn -0.5326 -0.4904 0.6898
vn -0.6066 -0.3684 0.7045
vn -0.6070 -0.4332 0.6663
vn -0.7237 -0.5111 0.4638
vn -0.5626 -0.8094 0.1686
vn -0.7904 -0.1131 0.6021
vn -0.7998 -0.2848 0.5284
vn -0.7174 -0.1618 0.6776
vn -0.7265 -0.3644 0.5825
vn -0.6821 -0.3880 0.6199
vn -0.6425 -0.4507 0.6197
vn -0.7189 -0.3766 0.5843
vn -0.7065 -0.3453 0.6178
vn -0.7688 -0.3212 0.5529
vn -0.7536 -0.2827 0.5934
vn -0.8233 -0.2459 0.5116
vn -0.8060 -0.2025 0.5562
vn -0.8712 -0.1577 0.4649
vn -0.8558 -0.1251 0.5019
vn -0.8993 -0.0849 0.4290
vn -0.8829 -0.0573 0.4660
vn -0.9097 0.0062 0.4151
vn -0.9069 -0.0311 0.4203
vn -0.9223 0.0239 0.3856
vn -0.9166 0.0316 0.3984
vn -0.9286 0.0569 0.3668
vn -0.9333 0.0510 0.3555
vn -0.9377 0.0410 0.3451
vn -0.9441 0.0325 0.3282
vn -0.9443 0.0329 0.3274
vn -0.9501 0.0248 0.3109
vn -0.9512 0.0268 0.3074
vn -0.9552 0.0210 0.2953
vn 0.1268 0.8561 0.5010
vn 0.1262 0.8548 0.5034
vn -0.4042 -0.8851 0.2305
vn 0.2012 -0.9793 0.0201
vn -0.7497 -0.3345 0.5711
vn -0.7331 -0.2773 0.6210
vn -0.4263 -0.8321 0.3549
vn -0.6217 -0.3637 0.6937
vn -0.6260 -0.5680 0.5343
vn -0.6309 -0.5460 0.5512
vn -0.5621 -0.7211 0.4050
vn -0.6342 -0.6473 0.4229
vn -0.6248 -0.3071 0.7178
vn -0.6434 -0.5177 0.5640
vn -0.7571 -0.2476 0.6045
vn -0.6824 -0.3608 0.6358
vn -0.9464 0.0252 0.3221
vn -0.9522 0.0184 0.3048
vn -0.9440 0.0348 0.3280
vn -0.9358 0.0182 0.3522
vn -0.9375 0.0420 0.3455
vn -0.9296 0.0435 0.3660
vn -0.9314 0.0417 0.3616
vn -0.9208 0.0318 0.3888
vn -0.9269 0.0250 0.3744
vn -0.9144 -0.0178 0.4045
vn -0.9155 0.0046 0.4023
vn -0.9028 -0.0362 0.4285
vn -0.8991 -0.0833 0.4297
vn -0.8775 -0.1111 0.4666
vn -0.8713 -0.1589 0.4644
vn -0.8274 -0.2027 0.5237
vn -0.8228 -0.2251 0.5219
vn -0.7837 -0.2893 0.5496
vn -0.7699 -0.2672 0.5795
vn -0.7230 -0.3324 0.6056
vn -0.7353 -0.3514 0.5795
vn -0.6784 -0.4156 0.6059
vn -0.7003 -0.3726 0.6089
vn -0.6001 -0.4344 0.6717
vn -0.6856 -0.3438 0.6417
vn -0.5782 -0.4217 0.6985
vn -0.5882 -0.4721 0.6567
vn -0.5682 -0.4642 0.6795
vn -0.5693 -0.4676 0.6762
vn -0.5799 -0.4211 0.6974
vn -0.5914 -0.4806 0.6474
vn -0.5466 -0.4919 0.6777
vn -0.5433 -0.4942 0.6787
vn -0.5617 -0.4972 0.6612
vn -0.5599 -0.4906 0.6677
vn -0.3719 0.3607 0.8554
vn -0.4279 0.3200 0.8453
vn -0.3173 0.5269 0.7885
vn -0.0674 0.6530 0.7544
vn -0.8427 -0.1403 0.5198
vn -0.8364 -0.1213 0.5345
vn -0.6414 0.1218 0.7574
vn -0.6248 0.1038 0.7739
vn -0.6673 0.1071 0.7371
vn -0.6772 0.0837 0.7310
vn -0.6243 0.3072 0.7182
vn -0.6151 0.2407 0.7508
vn -0.5955 0.1093 0.7959
vn -0.6254 0.2377 0.7432
vn -0.9168 -0.3409 -0.2079
vn -0.9092 -0.3524 -0.2218
vn -0.7955 -0.5669 -0.2142
vn -0.7895 -0.5720 -0.2225
vn -0.6793 0.0351 0.7330
vn -0.7061 0.0674 0.7049
vn -0.6409 0.0720 0.7642
vn -0.6500 0.0985 0.7535
vn -0.7064 -0.6769 -0.2068
vn -0.7206 -0.6672 -0.1885
vn -0.7613 -0.6480 -0.0224
vn -0.7794 -0.6264 0.0127
vn -0.7807 -0.6227 0.0521
vn -0.8043 -0.5841 0.1090
vn -0.8036 -0.5824 0.1225
vn -0.8232 -0.5381 0.1811
vn -0.8401 -0.4854 0.2422
vn -0.8518 -0.4281 0.3019
vn -0.8514 -0.3721 0.3696
vn -0.8531 -0.3172 0.4142
vn -0.8367 -0.3046 0.4551
vn -0.8656 -0.2758 0.4179
vn -0.7115 0.0186 0.7024
vn -0.6991 0.0046 0.7150
vn -0.7392 -0.6281 0.2433
vn -0.7949 -0.5854 0.1598
vn -0.8138 -0.4905 0.3116
vn -0.8330 -0.4010 0.3811
vn -0.8417 -0.4829 0.2414
vn -0.7953 -0.5209 0.3102
vn -0.8191 -0.5463 0.1750
vn -0.7783 -0.5801 0.2403
vn -0.8247 -0.2796 0.4915
vn -0.8244 -0.2521 0.5068
vn -0.8351 -0.3968 0.3809
vn -0.8405 -0.3420 0.4203
vn -0.7468 -0.1659 0.6440
vn -0.7424 -0.1688 0.6484
vn -0.7760 -0.1899 0.6014
vn -0.7672 -0.1966 0.6105
vn -0.8350 -0.3370 0.4350
vn -0.8371 -0.2899 0.4640
vn -0.8418 -0.1959 0.5030
vn -0.8268 -0.2123 0.5210
vn -0.9381 -0.2745 -0.2110
vn -0.9380 -0.2731 -0.2135
vn -0.6152 -0.1372 0.7764
vn -0.6120 -0.1018 0.7843
vn -0.6016 -0.1150 0.7905
vn -0.6016 -0.1278 0.7885
vn -0.6922 -0.7215 -0.0181
vn -0.6700 -0.7404 -0.0537
vn -0.6574 -0.7389 -0.1478
vn -0.6534 -0.7462 -0.1274
vn -0.6742 -0.7164 -0.1795
vn -0.6651 -0.7377 -0.1163
vn -0.6199 -0.7831 -0.0492
vn -0.6127 -0.7881 -0.0598
vn -0.6445 -0.7541 -0.1258
vn -0.6282 -0.7761 -0.0548
vn -0.6842 -0.7194 -0.1202
vn -0.6645 -0.7470 -0.0217
vn -0.6737 -0.7205 0.1646
vn -0.7339 -0.6756 0.0702
vn -0.5730 -0.8177 -0.0549
vn -0.5937 -0.8043 -0.0248
vn -0.6590 -0.7497 -0.0609
vn -0.6309 -0.7748 0.0405
vn -0.7094 -0.7042 -0.0313
vn -0.6776 -0.7300 0.0889
vn -0.7552 -0.6488 0.0931
vn -0.7048 -0.6873 0.1755
vn -0.6791 -0.7339 0.0125
vn -0.6303 -0.7703 0.0962
vn -0.5883 -0.8049 0.0778
vn -0.6421 -0.7666 -0.0078
vn -0.5496 -0.8352 -0.0183
vn -0.5895 -0.8067 0.0419
vn -0.6791 -0.7335 0.0291
vn -0.6390 -0.7544 0.1504
vn -0.7377 -0.6711 0.0740
vn -0.6894 -0.6904 0.2193
vn -0.5856 -0.8095 -0.0427
vn -0.5506 -0.8345 0.0185
vn -0.4975 -0.8675 0.0012
vn -0.5382 -0.8406 -0.0604
vn -0.6729 -0.1632 0.7215
vn -0.6763 -0.2079 0.7067
vn -0.6706 -0.2155 0.7098
vn -0.6669 -0.2820 0.6897
vn -0.7293 -0.2663 0.6302
vn -0.7281 -0.3399 0.5953
vn -0.7176 -0.3541 0.5997
vn -0.7030 -0.4414 0.5577
vn -0.5761 -0.7819 0.2382
vn -0.5052 -0.7987 0.3267
vn -0.2608 -0.9447 0.1990
vn -0.2372 -0.9456 0.2227
vn -0.1269 -0.9703 0.2059
vn -0.1207 -0.9699 0.2115
vn -0.6826 -0.7176 0.1383
vn -0.7488 -0.6219 0.2292
vn -0.4930 -0.8673 -0.0691
vn -0.4735 -0.8801 -0.0361
vn -0.6680 -0.7259 0.1639
vn -0.7317 -0.6317 0.2560
vn -0.5273 -0.8496 -0.0110
vn -0.6034 -0.7949 0.0635
vn -0.7206 -0.4518 0.5260
vn -0.7930 -0.4263 0.4353
vn -0.6689 -0.7301 0.1397
vn -0.6034 -0.7948 0.0649
vn -0.4317 -0.9005 -0.0520
vn -0.4638 -0.8804 -0.0987
vn -0.4302 -0.9004 -0.0649
vn -0.4322 -0.8996 -0.0627
vn -0.7372 -0.5009 0.4535
vn -0.6975 -0.6078 0.3795
vn -0.4852 -0.8744 0.0070
vn -0.4398 -0.8974 -0.0350
vn -0.3767 -0.9250 -0.0493
vn -0.3945 -0.9183 -0.0338
vn -0.4050 -0.9093 -0.0952
vn -0.4374 -0.8967 -0.0675
vn -0.3548 -0.9286 -0.1092
vn -0.3730 -0.9230 -0.0942
vn -0.2067 -0.9701 -0.1272
vn -0.2027 -0.9705 -0.1304
vn -0.3780 -0.9199 -0.1043
vn -0.3733 -0.9214 -0.1086
vn -0.3311 -0.9358 -0.1209
vn -0.3185 -0.9421 -0.1050
vn -0.3795 -0.9232 -0.0610
vn -0.3843 -0.9215 -0.0565
vn -0.3331 -0.9419 -0.0433
vn -0.3247 -0.9445 -0.0510
vn -0.5777 -0.8136 0.0666
vn -0.5181 -0.8553 0.0057
vn -0.4533 -0.8887 -0.0681
vn -0.5173 -0.8557 -0.0105
vn -0.4161 -0.9044 -0.0948
vn -0.4037 -0.9087 -0.1063
vn -0.4102 -0.9100 -0.0605
vn -0.4068 -0.9113 -0.0638
vn -0.3924 -0.9197 0.0139
vn -0.4073 -0.9128 0.0289
vn -0.4140 -0.9103 -0.0069
vn -0.4287 -0.9034 0.0089
vn -0.4520 -0.8919 -0.0114
vn -0.4356 -0.8996 -0.0303
vn -0.4730 -0.8801 -0.0413
vn -0.4787 -0.8773 -0.0341
vn -0.5497 -0.8353 -0.0019
vn -0.5206 -0.8527 -0.0436
vn -0.6308 -0.7744 0.0486
vn -0.5984 -0.8012 -0.0038
vn -0.7097 -0.6965 0.1058
vn -0.6785 -0.7331 0.0473
vn -0.7862 -0.5905 0.1822
vn -0.7546 -0.6477 0.1054
vn -0.3409 -0.9393 0.0377
vn -0.3735 -0.9250 0.0693
vn -0.6351 -0.7682 0.0811
vn -0.5853 -0.8108 0.0027
vn -0.6254 -0.7803 -0.0050
vn -0.5890 -0.8060 -0.0584
vn -0.6265 -0.7767 -0.0650
vn -0.6073 -0.7891 -0.0921
vn -0.6594 -0.7452 -0.0996
vn -0.6636 -0.7422 -0.0936
vn -0.2618 -0.9644 -0.0380
vn -0.2684 -0.9628 -0.0319
vn -0.2562 -0.9595 -0.1172
vn -0.2644 -0.9561 -0.1263
vn -0.2704 -0.9537 -0.1313
vn -0.2999 -0.9478 -0.1080
vn -0.9914 0.0078 0.1307
vn -0.9945 -0.0224 0.1022
vn -0.9844 0.0068 0.1760
vn -0.9878 0.0378 0.1513
vn -0.9748 0.0382 0.2198
vn -0.9773 0.0582 0.2036
vn -0.9436 0.0911 0.3182
vn -0.9476 0.0793 0.3095
vn -0.8715 0.1444 0.4687
vn -0.8665 0.1565 0.4740
vn -0.8289 0.1813 0.5292
vn -0.8273 0.1767 0.5333
vn -0.7787 0.2091 0.5915
vn -0.7745 0.1978 0.6009
vn -0.7199 0.2313 0.6544
vn -0.7141 0.2164 0.6658
vn -0.3717 0.1783 0.9111
vn -0.3147 0.2353 0.9196
vn -0.1164 0.7733 0.6233
vn -0.1359 0.7538 0.6429
vn 0.0461 0.9763 0.2115
vn -0.0072 0.9215 0.3883
vn -0.9947 -0.0060 0.1030
vn -0.9966 -0.0399 0.0728
vn -0.9922 -0.0057 0.1244
vn -0.9882 0.0254 0.1509
vn -0.9790 0.0277 0.2021
vn -0.9787 0.0291 0.2032
vn -0.9522 0.0522 0.3010
vn -0.9485 0.0651 0.3099
vn -0.8800 0.1236 0.4586
vn -0.8711 0.1481 0.4682
vn -0.8327 0.1832 0.5225
vn -0.8295 0.1758 0.5301
vn -0.7716 0.2256 0.5947
vn -0.7741 0.2310 0.5894
vn -0.7082 0.2760 0.6498
vn -0.7021 0.2631 0.6617
vn -0.4001 -0.0610 0.9144
vn -0.4795 -0.1740 0.8601
vn -0.5777 -0.8135 0.0669
vn -0.6600 -0.7330 0.1647
vn -0.3952 -0.9184 -0.0214
vn -0.4375 -0.8990 0.0170
vn -0.2336 -0.9719 -0.0283
vn -0.2277 -0.9732 -0.0330
vn -0.1458 -0.9892 -0.0183
vn -0.1345 -0.9905 -0.0273
vn -0.3161 -0.9475 -0.0482
vn -0.3033 -0.9511 -0.0589
vn -0.2050 -0.9755 -0.0802
vn -0.2322 -0.9709 -0.0583
vn -0.1455 -0.9861 -0.0801
vn -0.1406 -0.9865 -0.0841
vn -0.2751 -0.9581 0.0802
vn -0.3095 -0.9441 0.1135
vn -0.0496 -0.9987 -0.0152
vn -0.0468 -0.9988 -0.0125
vn -0.0465 -0.9909 -0.1266
vn -0.0510 -0.9901 -0.1307
vn -0.0640 -0.9893 -0.1313
vn -0.0622 -0.9892 -0.1327
vn -0.0660 -0.9943 -0.0841
vn -0.0627 -0.9943 -0.0868
vn -0.0664 -0.9977 -0.0094
vn -0.0557 -0.9983 -0.0179
vn -0.0364 -0.9763 0.2133
vn -0.0445 -0.9745 0.2200
vn -0.0273 -0.7054 0.7083
vn -0.0347 -0.7000 0.7133
vn -0.3178 -0.9480 -0.0193
vn -0.3334 -0.9421 -0.0347
vn 0.0386 0.7036 0.7095
vn -0.1012 0.6844 0.7221
vn -0.1370 0.7910 0.5963
vn -0.2199 0.6907 0.6889
vn -0.7801 0.4226 0.4613
vn -0.7532 0.4459 0.4836
vn -0.4254 -0.7806 0.4579
vn -0.7113 -0.6061 0.3559
vn -0.5494 0.4656 0.6938
vn -0.7313 0.3404 0.5910
vn 0.1756 -0.8113 0.5577
vn -0.3391 -0.7688 0.5422
vn -0.1363 -0.9521 0.2737
vn 0.1260 -0.9417 0.3119
vn -0.3529 0.3505 0.8675
vn -0.3000 0.3423 0.8904
vn -0.4075 0.3865 0.8274
vn -0.3228 0.3749 0.8691
vn -0.4946 0.4059 0.7685
vn -0.3963 0.3961 0.8283
vn -0.5985 -0.4823 0.6397
vn -0.5934 -0.4259 0.6830
vn -0.5258 -0.5209 0.6725
vn -0.5891 -0.4805 0.6497
vn -0.1588 0.6472 0.7456
vn -0.1283 0.4039 0.9058
vn -0.1867 0.4408 0.8780
vn -0.1411 0.2804 0.9495
vn -0.3042 0.2828 0.9097
vn -0.2855 0.2810 0.9162
vn -0.0834 0.4270 0.9004
vn -0.0319 0.1913 0.9810
vn -0.1328 0.2861 0.9489
vn -0.1169 0.1915 0.9745
vn -0.1826 0.3211 0.9293
vn -0.1712 0.2222 0.9599
vn -0.6125 -0.3486 0.7094
vn -0.6055 -0.2527 0.7547
vn -0.6325 -0.3749 0.6778
vn -0.6288 -0.3789 0.6790
vn -0.6633 -0.4108 0.6255
vn -0.6550 -0.4132 0.6327
vn -0.6024 -0.4967 0.6249
vn -0.6036 -0.4690 0.6447
vn -0.6075 -0.4846 0.6293
vn -0.6070 -0.4804 0.6331
vn -0.6010 -0.4855 0.6349
vn -0.6048 -0.4995 0.6202
vn -0.6211 -0.4964 0.6065
vn -0.6021 -0.4485 0.6606
vn -0.5959 -0.4744 0.6479
vn -0.6008 -0.4869 0.6340
vn -0.6472 -0.4404 0.6223
vn -0.6435 -0.4236 0.6376
vn -0.5925 -0.4584 0.6624
vn -0.5905 -0.4280 0.6842
vn -0.5959 -0.4748 0.6477
vn -0.5927 -0.4576 0.6628
vn -0.6057 -0.4997 0.6193
vn -0.5974 -0.4682 0.6511
vn -0.6476 -0.4436 0.6196
vn -0.6401 -0.4301 0.6366
vn -0.6289 -0.4880 0.6052
vn -0.6158 -0.4540 0.6440
vn -0.6565 -0.4212 0.6258
vn -0.6513 -0.4165 0.6343
vn -0.3812 0.1202 0.9166
vn -0.4735 0.1778 0.8627
vn -0.5226 0.1688 0.8357
vn -0.5243 0.1700 0.8344
vn -0.6639 0.1459 0.7335
vn -0.6652 0.1473 0.7320
vn -0.8595 0.1449 0.4902
vn -0.8720 0.1148 0.4759
vn -0.4504 0.3349 0.8277
vn -0.4571 0.3423 0.8209
vn -0.5018 0.3455 0.7930
vn -0.4597 0.2923 0.8386
vn -0.5752 0.3204 0.7527
vn -0.5724 0.3251 0.7528
vn -0.8790 0.1343 0.4574
vn -0.8700 0.1600 0.4663
vn -0.2274 -0.0193 0.9736
vn -0.2260 -0.0213 0.9739
vn -0.0058 0.3388 0.9408
vn -0.0036 0.3406 0.9402
vn -0.0144 0.2965 0.9549
vn -0.0186 0.2929 0.9560
vn -0.0220 0.3385 0.9407
vn -0.0285 0.3333 0.9424
vn -0.0073 0.3422 0.9396
vn -0.0133 0.3372 0.9413
vn -0.0178 0.3069 0.9516
vn -0.0239 0.3019 0.9530
vn -0.2277 0.3969 0.8892
vn -0.2179 0.3859 0.8965
vn -0.2155 0.5227 0.8248
vn -0.2037 0.5124 0.8342
vn -0.7878 0.1219 0.6037
vn -0.7985 0.1389 0.5858
vn -0.8539 0.3175 0.4124
vn -0.8671 0.2886 0.4060
vn -0.5492 0.4600 0.6977
vn -0.5685 0.4325 0.6998
vn -0.6465 0.3042 0.6997
vn -0.6466 0.3045 0.6994
vn -0.8392 0.3253 0.4358
vn -0.8530 0.3037 0.4244
vn -0.5485 0.1081 0.8291
vn -0.7018 0.0898 0.7067
vn -0.7396 0.1135 0.6634
vn -0.8210 0.1072 0.5608
vn -0.4486 -0.0644 0.8914
vn -0.4754 0.1055 0.8734
vn -0.7315 0.1249 0.6703
vn -0.7236 -0.0277 0.6896
vn -0.6491 0.0800 0.7565
vn -0.6266 -0.0893 0.7742
vn -0.0460 -0.9813 0.1872
vn -0.0458 -0.9813 0.1870
vn -0.3771 -0.7147 -0.5891
vn 0.4843 -0.6203 -0.6170
vn 0.5504 -0.4760 -0.6859
vn 0.3642 -0.7251 -0.5845
vn -0.1533 -0.7395 0.6555
vn -0.1620 -0.7501 0.6412
vn -0.9964 -0.0644 0.0556
vn -0.9963 -0.0662 0.0541
vn -0.9909 -0.0580 0.1215
vn -0.9910 -0.0613 0.1188
vn -0.8881 0.1071 0.4470
vn -0.8922 0.0916 0.4422
vn -0.9557 0.0032 0.2942
vn -0.9582 -0.0098 0.2859
vn -0.9799 -0.0400 0.1956
vn -0.9811 -0.0526 0.1862
vn -0.8801 0.1221 0.4588
vn -0.8871 0.1371 0.4408
vn -0.9527 0.0365 0.3018
vn -0.9558 0.0229 0.2930
vn -0.9793 -0.0096 0.2020
vn -0.9807 -0.0023 0.1954
vn -0.9920 -0.0224 0.1241
vn -0.9927 -0.0169 0.1192
vn -0.9970 -0.0254 0.0731
vn -0.9974 -0.0457 0.0559
vn -0.1017 0.1820 0.9780
vn -0.1019 0.2530 0.9621
vn -0.1450 0.2147 0.9659
vn -0.1079 0.1842 0.9769
vn -0.2484 0.4049 0.8800
vn -0.2621 0.3272 0.9079
vn -0.3441 0.4840 0.8045
vn -0.3701 0.3502 0.8605
vn -0.0866 0.1410 0.9862
vn -0.0869 0.1386 0.9865
vn 0.0061 -0.1483 0.9889
vn -0.0035 -0.1984 0.9801
vn -0.1397 0.1797 0.9738
vn -0.1457 0.1853 0.9718
vn -0.2158 0.3505 0.9113
vn -0.2271 0.2957 0.9279
vn -0.2831 0.4136 0.8653
vn -0.3000 0.3330 0.8939
vn -0.1341 0.1339 0.9819
vn -0.1315 0.1482 0.9802
vn -0.0763 0.0232 0.9968
vn -0.0819 -0.0096 0.9966
vn -0.0481 -0.1978 0.9791
vn -0.0548 -0.2257 0.9726
vn -0.1743 0.1826 0.9676
vn -0.1674 0.2119 0.9628
vn -0.2077 0.3057 0.9292
vn -0.2207 0.2480 0.9433
vn -0.2674 0.3564 0.8953
vn -0.2798 0.3017 0.9114
vn -0.1648 0.1478 0.9752
vn -0.1643 0.1500 0.9749
vn -0.1138 -0.0099 0.9935
vn -0.1165 -0.0232 0.9929
vn -0.1406 -0.2539 0.9570
vn -0.1312 -0.2182 0.9670
vn -0.2103 0.2339 0.9493
vn -0.2169 0.2074 0.9539
vn -0.1870 0.2145 0.9586
vn -0.2342 0.2404 0.9420
vn -0.2687 0.2906 0.9184
vn -0.2628 0.3141 0.9123
vn -0.2121 0.1866 0.9593
vn -0.2214 0.1498 0.9636
vn -0.1877 -0.0102 0.9822
vn -0.1895 -0.0178 0.9817
vn -0.2283 -0.2323 0.9455
vn -0.2337 -0.2494 0.9398
vn -0.2661 0.2239 0.9376
vn -0.2542 0.2657 0.9299
vn -0.2297 0.1872 0.9551
vn -0.2183 0.2324 0.9478
vn -0.2460 0.3068 0.9194
vn -0.2601 0.2542 0.9315
vn -0.2762 0.1855 0.9430
vn -0.2657 0.2209 0.9384
vn -0.2703 -0.0033 0.9628
vn -0.2569 0.0446 0.9654
vn 0.0773 0.0119 0.9969
vn 0.0730 0.1062 0.9917
vn -0.0153 0.1058 0.9943
vn -0.0173 0.1715 0.9850
vn -0.0335 0.0547 0.9979
vn -0.0362 0.0250 0.9990
vn 0.0579 -0.0749 0.9955
vn 0.0494 -0.1448 0.9882
vn 0.0769 -0.2987 0.9513
vn 0.0377 -0.2519 0.9670
vn 0.1038 -0.2640 0.9589
vn 0.0843 -0.3282 0.9408
vn 0.0112 -0.3469 0.9378
vn -0.0236 -0.2996 0.9538
vn 0.0076 -0.3236 0.9462
vn 0.0067 -0.3259 0.9454
vn -0.0708 -0.3916 0.9174
vn -0.1090 -0.3304 0.9375
vn -0.0763 -0.3578 0.9307
vn -0.0582 -0.3144 0.9475
vn -0.2055 -0.6610 0.7217
vn -0.2015 -0.6622 0.7217
vn -0.0734 -0.5410 0.8378
vn -0.1326 -0.5412 0.8304
vn 0.0889 -0.1908 0.9776
vn 0.1544 -0.2857 0.9458
vn -0.0040 -0.2550 0.9669
vn 0.0060 -0.2719 0.9623
vn -0.0651 -0.2545 0.9649
vn -0.0617 -0.2473 0.9670
vn 0.2255 -0.0364 0.9736
vn 0.1042 0.0527 0.9932
vn 0.1524 -0.2612 0.9532
vn 0.1691 -0.1837 0.9683
vn 0.2311 -0.0471 0.9718
vn 0.2308 0.0789 0.9698
vn 0.1463 -0.2423 0.9591
vn 0.1033 -0.1972 0.9749
vn -0.1664 -0.4378 0.8836
vn -0.2113 -0.3542 0.9110
vn -0.1588 -0.3266 0.9317
vn -0.1758 -0.3624 0.9153
vn -0.3339 -0.3942 0.8562
vn -0.3531 -0.3523 0.8667
vn -0.2741 -0.3048 0.9121
vn -0.3322 -0.4088 0.8500
vn -0.4775 -0.2806 0.8326
vn -0.4915 -0.3037 0.8162
vn -0.4944 -0.2516 0.8320
vn -0.4795 -0.2957 0.8262
vn -0.5866 -0.1671 0.7925
vn -0.5903 -0.1475 0.7936
vn -0.5699 -0.2096 0.7945
vn -0.5915 -0.2273 0.7736
vn -0.6846 -0.0785 0.7247
vn -0.6878 0.0035 0.7259
vn -0.6636 -0.1158 0.7391
vn -0.6962 -0.1246 0.7069
vn -0.7475 0.0581 0.6617
vn -0.7459 0.0739 0.6620
vn -0.7466 -0.0076 0.6653
vn -0.7733 -0.0078 0.6340
vn -0.3614 0.0515 0.9310
vn -0.3332 0.1296 0.9339
vn -0.3380 0.2087 0.9177
vn -0.3172 0.2664 0.9102
vn -0.3150 0.2465 0.9165
vn -0.2974 0.2992 0.9067
vn -0.2489 0.2129 0.9449
vn -0.2397 0.2468 0.9390
vn -0.2459 0.2646 0.9325
vn -0.2484 0.2559 0.9342
vn -0.2816 0.3287 0.9015
vn -0.2915 0.2932 0.9105
vn -0.2866 0.2910 0.9128
vn -0.2866 0.2912 0.9127
vn -0.2240 0.2163 0.9503
vn -0.2083 0.2185 0.9533
vn -0.1653 0.1744 0.9707
vn -0.1359 0.1778 0.9746
vn -0.0755 0.1239 0.9894
vn -0.0708 0.1602 0.9846
vn -0.1360 0.2963 0.9454
vn -0.1529 0.2209 0.9632
vn -0.2155 0.3366 0.9167
vn -0.1805 0.4579 0.8705
vn -0.3443 0.5049 0.7915
vn -0.1375 0.5634 0.8147
vn -0.2547 0.5867 0.7687
vn -0.2580 0.6540 0.7112
vn -0.3560 0.6683 0.6531
vn -0.3733 0.6579 0.6541
vn -0.4297 0.6452 0.6317
vn -0.4219 0.6385 0.6437
vn -0.4726 0.6135 0.6327
vn -0.4829 0.6201 0.6182
vn -0.4623 0.5895 0.6624
vn -0.4917 0.6068 0.6246
vn -0.4758 0.5674 0.6721
vn -0.4425 0.5963 0.6698
vn -0.2539 0.5428 0.8006
vn -0.2056 0.5763 0.7909
vn -0.0475 0.4785 0.8768
vn -0.0907 0.5246 0.8465
vn 0.0120 0.4774 0.8786
vn 0.0038 0.4690 0.8832
vn -0.2690 0.2461 0.9312
vn -0.2709 0.2392 0.9324
vn -0.3016 0.2439 0.9217
vn -0.2667 0.2287 0.9362
vn -0.3547 0.3375 0.8720
vn -0.3830 0.2618 0.8859
vn -0.3876 0.3172 0.8655
vn -0.4220 0.2324 0.8763
vn -0.4140 0.1478 0.8982
vn -0.4099 0.1672 0.8967
vn -0.4430 0.1705 0.8801
vn -0.4359 0.1987 0.8778
vn -0.5043 0.3009 0.8094
vn -0.4903 0.3383 0.8032
vn -0.5336 0.3314 0.7781
vn -0.5109 0.3861 0.7680
vn -0.7393 0.1497 0.6566
vn -0.7522 0.0793 0.6541
vn -0.7978 0.0893 0.5963
vn -0.7776 0.0808 0.6236
vn -0.9730 0.0496 0.2254
vn -0.9650 0.0721 0.2520
vn -0.6599 0.0632 0.7487
vn -0.6539 0.0544 0.7546
vn -0.6656 0.0661 0.7433
vn -0.6711 0.0402 0.7403
vn -0.6603 0.1462 0.7367
vn -0.6448 0.1273 0.7537
vn -0.6906 0.0868 0.7180
vn -0.6819 0.1222 0.7211
vn -0.5839 0.2503 0.7723
vn -0.5345 0.3777 0.7561
vn -0.4213 0.1993 0.8847
vn -0.4577 0.1148 0.8817
vn -0.5115 0.0700 0.8564
vn -0.5057 0.1066 0.8561
vn -0.5372 0.1132 0.8358
vn -0.5353 0.1226 0.8357
vn -0.5761 0.2796 0.7680
vn -0.5575 0.2666 0.7862
vn -0.5820 0.3399 0.7388
vn -0.5660 0.3776 0.7329
vn -0.6014 -0.0010 0.7989
vn -0.5970 0.0418 0.8012
vn -0.6322 0.0277 0.7743
vn -0.6282 0.0553 0.7761
vn -0.6850 0.1671 0.7091
vn -0.6805 0.1836 0.7093
vn -0.6922 0.2848 0.6631
vn -0.6952 0.2766 0.6635
vn -0.6808 -0.0690 0.7292
vn -0.6779 -0.0165 0.7350
vn -0.7165 -0.0461 0.6961
vn -0.7120 -0.0021 0.7022
vn -0.7810 0.0908 0.6179
vn -0.7772 0.1079 0.6199
vn -0.7861 0.1966 0.5860
vn -0.7904 0.1820 0.5849
vn -0.7862 -0.1012 0.6097
vn -0.7825 -0.0490 0.6208
vn -0.8395 0.0419 0.5418
vn -0.8440 0.0462 0.5343
vn -0.8408 0.1319 0.5250
vn -0.8494 0.0983 0.5185
vn -0.8820 0.0228 0.4707
vn -0.8866 -0.0036 0.4625
vn -0.8911 0.0534 0.4507
vn -0.8917 0.0505 0.4498
vn -0.8462 -0.0885 0.5254
vn -0.8210 -0.1022 0.5617
vn -0.9776 -0.1156 0.1761
vn -0.9773 -0.1061 0.1835
vn -0.9793 -0.1055 0.1727
vn -0.9792 -0.1005 0.1765
vn -0.9806 -0.0926 0.1728
vn -0.9790 -0.0980 0.1785
vn -0.9796 -0.0751 0.1864
vn -0.9802 -0.0858 0.1785
vn -0.9858 -0.1191 0.1182
vn -0.9860 -0.1077 0.1275
vn -0.9868 -0.1121 0.1173
vn -0.9868 -0.1104 0.1186
vn -0.9871 -0.1091 0.1174
vn -0.9869 -0.1100 0.1183
vn -0.9881 -0.0945 0.1211
vn -0.9881 -0.0980 0.1185
vn -0.9910 -0.1200 0.0593
vn -0.9914 -0.1139 0.0645
vn -0.9911 -0.1216 0.0543
vn -0.9915 -0.1155 0.0595
vn -0.9917 -0.1161 0.0545
vn -0.9915 -0.1199 0.0513
vn -0.9929 -0.1062 0.0537
vn -0.9927 -0.1089 0.0514
vn -0.3689 -0.1990 0.9079
vn -0.3489 -0.1482 0.9254
vn -0.7375 -0.1278 0.6631
vn -0.7696 -0.1454 0.6218
vn -0.9736 -0.1188 0.1947
vn -0.9771 -0.1080 0.1834
vn -0.9847 -0.1192 0.1268
vn -0.9848 -0.1084 0.1359
vn -0.9911 -0.1118 0.0728
vn -0.9905 -0.1217 0.0640
vn -0.9878 -0.1354 -0.0765
vn -0.9812 -0.1614 -0.1055
vn -0.1435 0.3490 0.9261
vn -0.1263 0.3638 0.9229
vn -0.1350 0.3126 0.9402
vn -0.1223 0.3238 0.9382
vn -0.1261 0.3019 0.9450
vn -0.1145 0.3122 0.9431
vn -0.1054 0.3350 0.9363
vn -0.0883 0.3501 0.9325
vn -0.0603 0.3491 0.9352
vn -0.0758 0.3628 0.9288
vn -0.2006 -0.8582 0.4725
vn -0.2150 -0.8078 0.5488
vn -0.1246 -0.8248 0.5515
vn -0.1607 -0.8135 0.5589
vn -0.1340 -0.6037 0.7859
vn -0.1411 -0.8033 0.5786
vn -0.5381 0.1187 0.8344
vn -0.6368 -0.0078 0.7710
vn -0.2963 0.6734 0.6774
vn -0.2896 0.6542 0.6986
vn -0.3532 0.7417 0.5702
vn -0.3227 0.7129 0.6226
vn -0.2938 0.6762 0.6756
vn -0.3173 0.7136 0.6246
vn -0.2823 0.6763 0.6804
vn -0.2721 0.6413 0.7174
vn -0.9905 -0.1248 -0.0569
vn -0.9864 -0.1449 -0.0778
vn -0.9907 -0.1277 -0.0466
vn -0.9885 -0.1394 -0.0581
vn -0.9909 -0.1266 -0.0465
vn -0.9906 -0.1303 -0.0422
vn -0.9910 -0.1250 -0.0473
vn -0.9920 -0.1189 -0.0419
vn -0.9927 -0.1140 -0.0382
vn -0.9910 -0.1255 -0.0473
vn -0.9926 -0.1150 -0.0381
vn -0.9908 -0.1342 -0.0150
vn -0.9940 -0.1081 0.0188
vn -0.9882 -0.1525 -0.0142
vn -0.9928 -0.1073 0.0540
vn -0.9902 -0.1383 0.0168
vn -0.9947 -0.0847 0.0577
vn -0.9885 -0.1274 0.0814
vn -0.9939 -0.0563 0.0946
vn -0.9880 -0.0990 0.1182
vn -0.9858 0.0039 0.1680
vn -0.9821 -0.0291 0.1859
vn -0.9766 0.0062 0.2148
vn -0.9819 -0.0112 0.1892
vn -0.9496 0.0447 0.3102
vn -0.9496 0.0429 0.3106
vn -0.9331 0.1012 0.3452
vn -0.9337 0.1010 0.3434
vn -0.9417 0.0716 0.3289
vn -0.9437 0.0707 0.3230
vn -0.9236 0.1296 0.3608
vn -0.9232 0.1333 0.3605
vn -0.9100 0.1663 0.3797
vn -0.9105 0.1635 0.3798
vn -0.8725 0.2321 0.4300
vn -0.8738 0.2320 0.4274
vn -0.8120 0.3034 0.4985
vn -0.8184 0.3044 0.4875
vn -0.8543 0.2627 0.4485
vn -0.8584 0.2498 0.4481
vn -0.7189 0.3831 0.5800
vn -0.7312 0.3591 0.5800
vn -0.6531 0.4033 0.6410
vn -0.6719 0.3722 0.6403
vn -0.6172 0.3912 0.6826
vn -0.6301 0.3995 0.6659
vn -0.5709 0.4066 0.7132
vn -0.5790 0.4126 0.7032
vn -0.7833 0.3376 0.5220
vn -0.7887 0.3244 0.5222
vn -0.8352 0.2811 0.4728
vn -0.8380 0.2810 0.4678
vn -0.9712 0.0069 0.2384
vn -0.9773 -0.0092 0.2118
vn -0.9563 0.0113 0.2923
vn -0.9590 0.0085 0.2832
vn -0.9534 0.0215 0.3009
vn -0.9551 0.0202 0.2955
vn -0.9627 0.0068 0.2705
vn -0.9674 -0.0009 0.2533
vn -0.9589 0.0095 0.2835
vn -0.9629 0.0043 0.2698
vn -0.9708 0.0125 0.2396
vn -0.9681 -0.0125 0.2504
vn -0.6143 0.3119 0.7248
vn -0.5203 0.3189 0.7922
vn -0.5731 0.2526 0.7796
vn -0.6935 0.2383 0.6799
vn -0.7806 0.3047 0.5458
vn -0.7722 0.3152 0.5517
vn -0.4550 0.3559 0.8163
vn -0.4288 0.3893 0.8152
vn -0.4414 0.3022 0.8449
vn -0.4204 0.3304 0.8451
vn -0.4284 0.2688 0.8627
vn -0.4099 0.2943 0.8633
vn -0.3908 0.2789 0.8772
vn -0.3799 0.2940 0.8771
vn -0.5546 0.3710 0.7448
vn -0.4735 0.3713 0.7987
vn -0.4867 0.3584 0.7967
vn -0.3890 0.3561 0.8496
vn -0.4023 0.3439 0.8484
vn -0.3480 0.3423 0.8728
vn -0.3419 0.3478 0.8730
vn -0.3121 0.3470 0.8844
vn -0.3162 0.3435 0.8843
vn -0.3158 0.3435 0.8845
vn -0.3201 0.3397 0.8844
vn -0.3176 0.3398 0.8853
vn -0.3335 0.3152 0.8885
vn -0.3301 0.3285 0.8850
vn -0.4174 0.2206 0.8815
vn -0.4195 0.2204 0.8806
vn -0.4822 0.1450 0.8640
vn -0.4997 0.1417 0.8545
vn -0.5488 0.0724 0.8328
vn -0.5763 0.0657 0.8146
vn -0.6218 -0.0136 0.7830
vn -0.6445 -0.0217 0.7643
vn -0.6705 -0.0808 0.7375
vn -0.7066 -0.0992 0.7007
vn -0.7294 -0.0909 0.6780
vn -0.7195 -0.1447 0.6792
vn -0.7555 -0.1303 0.6421
vn -0.7311 -0.0990 0.6751
vn -0.7745 -0.1228 0.6206
vn -0.7505 -0.0826 0.6557
vn -0.7919 -0.1050 0.6015
vn -0.7714 -0.0639 0.6331
vn -0.7907 -0.0447 0.6106
vn -0.8072 -0.0827 0.5845
vn -0.8204 -0.0478 0.5698
vn -0.8074 -0.0749 0.5852
vn -0.8372 -0.0690 0.5425
vn -0.8172 -0.1042 0.5669
vn -0.8444 -0.1538 0.5131
vn -0.8512 -0.2022 0.4843
vn -0.8451 -0.2253 0.4849
vn -0.8469 -0.2620 0.4627
vn -0.4988 -0.6653 0.5555
vn -0.5092 -0.5049 0.6970
vn -0.6435 0.1696 0.7464
vn -0.7679 0.1549 0.6216
vn 0.3143 -0.0943 0.9446
vn 0.2150 0.0069 0.9766
vn 0.2359 -0.0458 0.9707
vn 0.2217 -0.1772 0.9589
vn 0.2205 -0.1741 0.9597
vn 0.1060 -0.0712 0.9918
vn 0.0691 0.0091 0.9976
vn 0.0654 -0.0734 0.9952
vn -0.0210 0.1041 0.9943
vn -0.0222 0.0568 0.9981
vn -0.0891 0.1856 0.9786
vn -0.0914 0.1402 0.9859
vn -0.1345 0.2199 0.9662
vn -0.1348 0.2171 0.9668
vn -0.3028 0.4367 0.8471
vn -0.3126 0.3686 0.8754
vn -0.4176 0.5505 0.7228
vn -0.4464 0.4062 0.7973
vn -0.5047 0.5071 0.6987
vn -0.5314 0.3696 0.7622
vn -0.6320 0.3812 0.6747
vn -0.5411 0.3852 0.7475
vn -0.6005 0.3280 0.7292
vn -0.6812 0.3201 0.6584
vn -0.6920 0.3391 0.6373
vn -0.7112 0.2135 0.6698
vn -0.7185 0.2252 0.6581
vn -0.7892 0.2150 0.5753
vn -0.8093 0.2221 0.5438
vn -0.8555 0.2159 0.4707
vn -0.8286 0.2568 0.4975
vn -0.8622 0.2512 0.4398
vn -0.8343 0.3258 0.4448
vn -0.8542 0.2635 0.4483
vn -0.7679 0.3650 0.5264
vn -0.7431 0.4079 0.5304
vn -0.4095 0.5322 0.7410
vn -0.3991 0.5294 0.7486
vn -0.1834 0.5733 0.7986
vn -0.1726 0.5801 0.7961
vn -0.8395 0.1758 0.5142
vn -0.7718 0.1821 0.6093
vn 0.1220 0.4919 0.8621
vn 0.4230 0.2361 0.8748
vn 0.2496 0.5108 0.8227
vn 0.2307 0.6847 0.6913
vn 0.2044 0.2046 0.9573
vn 0.3247 0.0783 0.9426
vn -0.0895 0.2074 0.9741
vn -0.0167 0.1717 0.9850
vn -0.0322 0.1911 0.9810
vn 0.1090 0.1222 0.9865
vn 0.2308 0.1181 0.9658
vn 0.0308 0.2193 0.9752
vn 0.2522 0.0874 0.9637
vn 0.2137 0.3298 0.9195
vn 0.3990 0.2847 0.8716
vn 0.0891 0.4837 0.8707
vn 0.2139 0.3604 0.9079
vn -0.0922 0.4335 0.8964
vn -0.2126 -0.1344 0.9678
vn -0.2191 -0.1452 0.9648
vn -0.4911 -0.2223 0.8423
vn -0.4654 -0.1555 0.8713
vn -0.5696 -0.3521 0.7427
vn -0.6699 -0.2373 0.7035
vn -0.7290 -0.3737 0.5735
vn -0.5948 -0.5095 0.6218
vn -0.6367 -0.5191 0.5702
vn -0.5341 -0.5961 0.5995
vn -0.4211 -0.5437 0.7259
vn -0.2532 -0.6072 0.7531
vn -0.1502 -0.5298 0.8347
vn -0.0810 -0.5341 0.8415
vn -0.0268 -0.4796 0.8771
vn -0.0556 -0.4843 0.8731
vn 0.0423 -0.3799 0.9241
vn 0.0566 -0.3748 0.9254
vn 0.1414 -0.2793 0.9497
vn 0.1449 -0.2777 0.9497
vn 0.2857 -0.1742 0.9424
vn 0.1859 -0.2272 0.9559
vn 0.1758 -0.5377 0.8246
vn -0.0107 -0.6207 0.7840
vn 0.0382 -0.8225 0.5674
vn 0.1491 -0.7811 0.6064
vn -0.0340 -0.9503 -0.3095
vn 0.4468 -0.8898 -0.0923
vn -0.2352 -0.5548 0.7980
vn -0.3864 -0.8783 0.2815
vn -0.0260 0.1054 0.9941
vn -0.2473 -0.2114 0.9456
vn -0.2197 0.0409 0.9747
vn -0.1667 0.3771 0.9111
vn -0.1290 0.4419 0.8877
vn -0.3423 0.2108 0.9156
vn 0.2351 0.8585 0.4557
vn 0.1415 0.8366 0.5293
vn 0.1577 0.7930 0.5885
vn 0.2558 0.7830 0.5670
vn 0.2288 0.7739 0.5906
vn 0.2444 0.6875 0.6838
vn 0.1822 0.7407 0.6467
vn 0.2532 0.5406 0.8023
vn 0.0958 0.6767 0.7300
vn 0.2332 0.3419 0.9104
vn 0.0906 0.8680 0.4883
vn 0.0907 0.8461 0.5252
vn -0.5319 0.8355 -0.1377
vn -0.5958 0.7840 -0.1742
vn -0.6758 0.7262 -0.1261
vn -0.4431 0.8965 0.0007
vn -0.7418 0.1181 0.6601
vn -0.7406 0.1156 0.6619
vn -0.7411 0.0849 0.6660
vn -0.7571 0.1162 0.6428
vn -0.7358 0.1163 0.6671
vn -0.7244 0.0888 0.6837
vn -0.7445 -0.0112 0.6676
vn -0.7250 -0.0295 0.6881
vn -0.7638 -0.0472 0.6438
vn -0.7646 -0.0463 0.6428
vn -0.7945 -0.0782 0.6023
vn -0.7891 -0.0577 0.6116
vn -0.7168 -0.0039 0.6973
vn -0.7208 0.0002 0.6932
vn -0.7054 -0.1238 0.6980
vn -0.7082 -0.1332 0.6933
vn -0.1050 -0.8418 0.5295
vn -0.0910 -0.8341 0.5440
vn -0.1061 -0.8350 0.5399
vn -0.0630 -0.8559 0.5133
vn -0.1805 -0.7516 0.6345
vn -0.1607 -0.7067 0.6890
vn -0.2390 -0.5316 0.8126
vn -0.2139 -0.5484 0.8084
vn -0.2295 0.3629 0.9031
vn -0.2070 0.3849 0.8994
vn -0.2181 0.3171 0.9230
vn -0.2051 0.3304 0.9213
vn -0.2097 0.3022 0.9299
vn -0.2020 0.3103 0.9289
vn -0.1937 0.3341 0.9224
vn -0.1908 0.3372 0.9219
vn -0.1784 0.3603 0.9156
vn -0.1700 0.3525 0.9202
vn -0.1450 -0.8081 0.5709
vn -0.1528 -0.7263 0.6702
vn -0.1271 -0.8236 0.5528
vn -0.0989 -0.8348 0.5415
vn -0.1578 -0.8119 0.5621
vn -0.1276 -0.8237 0.5525
vn -0.1148 -0.8415 0.5280
vn -0.1112 -0.8431 0.5261
vn -0.1248 -0.8460 0.5184
vn -0.1261 -0.8455 0.5188
vn -0.2675 -0.0953 0.9588
vn -0.3128 0.0687 0.9473
vn -0.3534 0.0185 0.9353
vn -0.3649 0.0838 0.9273
vn -0.4426 -0.0217 0.8965
vn -0.4473 0.0193 0.8942
vn -0.5683 -0.1623 0.8067
vn -0.5693 -0.1542 0.8076
vn -0.6539 -0.2958 0.6963
vn -0.6370 -0.3798 0.6708
vn -0.6807 -0.4647 0.5663
vn -0.6429 -0.5705 0.5110
vn -0.6100 -0.7299 0.3085
vn -0.6698 -0.6345 0.3858
vn -0.5372 -0.8433 0.0132
vn -0.4868 -0.8705 0.0723
vn -0.3705 -0.8886 0.2705
vn -0.4288 -0.8800 0.2042
vn -0.4170 -0.7610 0.4970
vn -0.4630 -0.7651 0.4475
vn -0.4101 -0.5450 0.7313
vn -0.4496 -0.5579 0.6976
vn -0.3707 -0.3061 0.8768
vn -0.4178 -0.3248 0.8485
vn -0.3269 -0.0716 0.9423
vn -0.3837 -0.0974 0.9183
vn -0.3272 0.0610 0.9430
vn -0.3240 0.0624 0.9440
vn -0.3050 0.1207 0.9447
vn -0.2603 0.1397 0.9554
vn -0.8710 -0.4415 -0.2155
vn -0.8632 -0.4504 -0.2282
vn -0.9200 -0.3878 0.0574
vn -0.9214 -0.3851 0.0525
vn -0.9168 -0.3700 0.1503
vn -0.9198 -0.3656 0.1425
vn -0.9076 -0.3494 0.2328
vn -0.9111 -0.3451 0.2255
vn -0.8791 -0.2991 0.3711
vn -0.8979 -0.2783 0.3411
vn -0.8627 -0.2212 0.4547
vn -0.8564 -0.1857 0.4818
vn -0.8383 -0.1773 0.5155
vn -0.8593 -0.1492 0.4892
vn -0.8349 -0.0942 0.5423
vn -0.8463 -0.1435 0.5130
vn -0.8244 -0.0901 0.5587
vn -0.8438 -0.0585 0.5335
vn -0.8237 -0.0512 0.5646
vn -0.8102 -0.0073 0.5861
vn -0.7953 -0.0022 0.6062
vn -0.7856 0.0244 0.6182
vn -0.7571 0.0334 0.6524
vn -0.7750 0.0589 0.6292
vn -0.7422 0.0689 0.6666
vn -0.7328 0.0560 0.6782
vn -0.7260 0.0580 0.6853
vn -0.7237 0.0545 0.6879
vn -0.7010 0.0618 0.7105
vn -0.6941 0.0768 0.7157
vn -0.6794 0.0821 0.7291
vn -0.6433 0.1565 0.7494
vn -0.6642 0.1483 0.7327
vn -0.6313 0.2107 0.7464
vn -0.6384 0.1720 0.7503
vn -0.6514 0.2023 0.7312
vn -0.5310 -0.8458 0.0514
vn -0.5758 -0.8081 0.1245
vn -0.6899 -0.7107 0.1374
vn -0.6274 -0.7247 0.2847
vn -0.7523 -0.6277 0.2002
vn -0.6766 -0.6374 0.3686
vn -0.6295 -0.7726 0.0823
vn -0.5755 -0.7904 0.2100
vn -0.6360 -0.7181 0.2825
vn -0.6825 -0.6195 0.3879
vn -0.6858 -0.6293 0.3656
vn -0.7207 -0.5049 0.4752
vn -0.7430 -0.4821 0.4642
vn -0.6586 -0.4647 0.5918
vn -0.7061 -0.5985 0.3784
vn -0.6231 -0.5842 0.5201
vn -0.6416 -0.3859 0.6629
vn -0.6687 -0.3941 0.6305
vn -0.6023 -0.4300 0.6726
vn -0.6648 -0.4526 0.5942
vn -0.5465 -0.4451 0.7094
vn -0.5206 -0.4355 0.7344
vn -0.4113 -0.4827 0.7732
vn -0.3997 -0.4772 0.7826
vn -0.4039 -0.4990 0.7667
vn -0.3830 -0.4876 0.7846
vn -0.2059 -0.9709 0.1226
vn -0.2303 -0.9620 0.1468
vn -0.1756 0.1128 0.9780
vn -0.2181 0.0905 0.9717
vn -0.2703 0.1020 0.9574
vn -0.1704 -0.0145 0.9853
vn -0.4228 -0.4109 0.8077
vn -0.2978 -0.4276 0.8535
vn -0.2416 -0.4630 0.8528
vn -0.3112 -0.2756 0.9095
vn -0.2136 -0.3367 0.9170
vn -0.2317 -0.3496 0.9078
vn -0.1978 -0.0056 0.9802
vn -0.3531 -0.0477 0.9344
vn -0.2141 -0.3475 0.9129
vn -0.2693 -0.0970 0.9581
vn -0.0216 -0.6885 -0.7249
vn 0.0825 -0.6898 -0.7193
vn -0.3425 0.7658 0.5442
vn -0.2062 0.8276 0.5221
vn -0.1706 0.7994 0.5760
vn -0.2145 0.7789 0.5894
vn -0.2005 0.7677 0.6086
vn -0.1992 0.7703 0.6058
vn -0.1758 0.7654 0.6190
vn -0.1809 0.7612 0.6228
vn -0.1316 0.7611 0.6352
vn -0.1428 0.7497 0.6461
vn -0.1206 0.7494 0.6511
vn -0.1221 0.7212 0.6818
vn -0.1174 0.7218 0.6821
vn -0.1295 0.6990 0.7033
vn -0.1108 0.7046 0.7009
vn -0.1018 0.7227 0.6837
vn -0.0690 0.7270 0.6832
vn -0.0696 0.7250 0.6852
vn -0.0141 0.7312 0.6821
vn -0.0275 0.7457 0.6657
vn -0.0340 0.7670 0.6407
vn -0.0083 0.7490 0.6625
vn 0.0358 0.7812 0.6233
vn -0.0226 0.8096 0.5865
vn 0.0656 0.8546 0.5152
vn 0.0686 0.8345 0.5467
vn 0.0988 0.8406 0.5326
vn 0.1043 0.8664 0.4884
vn 0.1066 0.8668 0.4871
vn 0.1296 0.8993 0.4177
vn 0.1150 0.8534 0.5084
vn 0.1044 0.8625 0.4952
vn 0.0821 0.8636 0.4974
vn 0.0833 0.8628 0.4986
vn -0.1380 0.8517 0.5056
vn -0.5139 0.5844 0.6280
vn -0.0686 0.7992 0.5971
vn -0.0739 0.7934 0.6042
vn -0.4230 0.5163 0.7447
vn -0.7607 0.2458 0.6007
vn -0.8229 -0.5018 0.2666
vn -0.6618 -0.6245 0.4148
vn -0.4751 -0.8791 0.0374
vn -0.1908 -0.9208 -0.3401
vn 0.1290 -0.8770 -0.4629
vn -0.1971 -0.9590 0.2037
vn -0.4144 -0.8639 0.2861
vn 0.0834 -0.7026 -0.7067
vn -0.1977 -0.7885 -0.5824
vn 0.2442 -0.8005 -0.5473
vn 0.6663 -0.7449 0.0344
vn -0.1677 -0.8981 -0.4067
vn 0.4145 -0.9065 0.0801
vn 0.1735 -0.9794 -0.1036
vn 0.0040 -0.9772 -0.2124
vn 0.1304 -0.9869 -0.0953
vn 0.1341 -0.9656 -0.2227
vn 0.1299 -0.9649 -0.2284
vn 0.0826 -0.9964 -0.0214
vn 0.0346 -0.9791 -0.2002
vn 0.0298 -0.9965 -0.0780
vn 0.0092 -0.9771 -0.2124
vn 0.0185 -0.9988 -0.0446
vn 0.0178 -0.9963 -0.0837
vn -0.0089 -0.9981 -0.0604
vn -0.0051 -0.9938 -0.1111
vn 0.0679 -0.9956 -0.0639
vn 0.0689 -0.9793 -0.1902
vn 0.1045 -0.9188 -0.3807
vn 0.1121 -0.9130 -0.3923
vn 0.2657 -0.9316 -0.2481
vn 0.4207 -0.7687 -0.4818
vn -0.7963 0.5869 0.1466
vn -0.6918 0.6816 0.2386
vn -0.9364 0.0997 0.3365
vn -0.9445 0.0836 0.3176
vn -0.8468 -0.3031 0.4371
vn -0.8921 -0.2670 0.3646
vn -0.2921 -0.2133 0.9323
vn -0.6494 -0.4518 0.6117
vn -0.2097 -0.6755 0.7069
vn -0.5386 -0.8072 0.2417
vn 0.1762 -0.4768 -0.8612
vn -0.4700 -0.4262 -0.7729
vn 0.0559 0.8535 0.5180
vn 0.2045 0.9041 0.3752
vn -0.0339 0.7212 0.6919
vn -0.0348 0.7421 0.6694
vn -0.1475 -0.6564 -0.7399
vn -0.2183 -0.7071 -0.6726
vn -0.1231 -0.9804 0.1537
vn -0.1507 -0.9716 0.1827
vn -0.1292 -0.5194 0.8447
vn -0.1105 -0.5050 0.8560
vn -0.1341 -0.5227 0.8419
vn -0.1292 -0.5193 0.8448
vn -0.5716 -0.6382 0.5157
vn -0.5141 -0.7307 0.4491
vn -0.4298 -0.7087 0.5596
vn -0.4902 -0.6177 0.6149
vn -0.3207 -0.6795 0.6599
vn -0.3614 -0.6239 0.6929
vn -0.2624 -0.5007 0.8249
vn -0.2452 -0.5224 0.8167
vn -0.2747 -0.5014 0.8204
vn -0.2642 -0.5141 0.8160
vn -0.2308 -0.6194 0.7504
vn -0.1949 -0.6627 0.7231
vn -0.0762 -0.6390 0.7654
vn -0.0966 -0.6179 0.7803
vn -0.7205 -0.5054 0.4749
vn -0.6277 -0.4800 0.6128
vn -0.7303 -0.4001 0.5537
vn -0.6779 -0.3867 0.6253
vn -0.5236 -0.7256 0.4465
vn -0.6050 -0.7323 0.3126
vn -0.5814 -0.7483 0.3195
vn -0.5111 -0.8308 0.2204
vn -0.5371 -0.8158 0.2145
vn -0.5796 -0.8054 0.1237
vn -0.5313 -0.4707 0.7044
vn -0.5044 -0.4586 0.7316
vn -0.5824 -0.7857 0.2086
vn -0.6348 -0.7107 0.3033
vn -0.5718 -0.6928 0.4393
vn -0.6494 -0.6993 0.2989
vn -0.6529 -0.5565 0.5138
vn -0.5982 -0.6756 0.4309
vn -0.5674 -0.6137 0.5489
vn -0.6212 -0.4910 0.6108
vn -0.5244 -0.5466 0.6529
vn -0.4741 -0.5214 0.7094
vn -0.3938 -0.5520 0.7350
vn -0.3472 -0.5240 0.7777
vn -0.2246 -0.5524 0.8028
vn -0.2456 -0.5252 0.8147
vn -0.1120 -0.5424 0.8326
vn -0.0936 -0.5268 0.8448
vn 0.0618 0.8226 0.5653
vn 0.0550 0.8531 0.5189
vn -0.3635 0.9293 -0.0652
vn -0.4239 0.8977 -0.1201
vn 0.1601 0.9183 0.3622
vn 0.4351 0.8603 0.2656
vn -0.3268 0.7488 0.5766
vn -0.1882 0.7721 0.6070
vn -0.0278 0.8322 0.5537
vn -0.2877 0.8093 0.5121
vn -0.6524 0.4329 0.6221
vn -0.6908 0.4417 0.5724
vn -0.8057 0.2272 0.5470
vn -0.7657 0.2065 0.6092
vn -0.7880 0.1638 0.5935
vn -0.7467 0.1320 0.6519
vn -0.6855 0.2150 0.6956
vn -0.7268 0.0354 0.6860
vn -0.6504 -0.0592 0.7572
vn -0.6448 -0.0660 0.7615
vn -0.6526 -0.0707 0.7544
vn -0.6748 -0.0339 0.7372
vn -0.7015 -0.0459 0.7112
vn -0.7249 0.0144 0.6887
vn -0.7681 -0.0008 0.6403
vn -0.7803 0.0431 0.6239
vn -0.8115 0.0363 0.5832
vn -0.8216 0.0777 0.5648
vn -0.8482 0.0747 0.5245
vn -0.8530 0.0970 0.5129
vn -0.8761 0.1077 0.4699
vn -0.8812 0.0970 0.4627
vn -0.9295 0.1160 0.3502
vn -0.9341 0.1062 0.3409
vn -0.9527 0.0971 0.2882
vn -0.9604 0.0768 0.2678
vn -0.9631 0.0783 0.2575
vn -0.9714 0.0534 0.2312
vn -0.9726 0.0542 0.2260
vn -0.9802 0.0273 0.1961
vn -0.9863 -0.0322 0.1617
vn -0.9903 -0.0603 0.1252
vn -0.0025 0.8034 0.5954
vn 0.0341 0.7851 0.6184
vn 0.0138 0.8288 0.5594
vn 0.0777 0.8014 0.5930
vn -0.0765 0.8316 0.5501
vn -0.0196 0.8576 0.5140
vn -0.2104 0.8415 0.4976
vn -0.2098 0.8414 0.4980
vn -0.3034 0.8230 0.4802
vn -0.2999 0.8223 0.4836
vn -0.3603 0.8040 0.4729
vn -0.3679 0.8055 0.4645
vn -0.3946 0.7862 0.4755
vn -0.4091 0.7893 0.4579
vn -0.4064 0.7608 0.5060
vn -0.4435 0.7703 0.4582
vn -0.4300 0.7225 0.5414
vn -0.4751 0.7386 0.4782
vn -0.4262 0.6720 0.6056
vn -0.4818 0.7067 0.5181
vn -0.4076 0.6014 0.6871
vn -0.4619 0.6641 0.5879
vn -0.6059 0.5920 0.5315
vn -0.5008 0.5741 0.6478
vn -0.9051 0.1170 0.4087
vn -0.8998 0.1305 0.4163
vn -0.9120 0.0885 0.4005
vn -0.9060 0.1064 0.4097
vn -0.9116 0.0974 0.3994
vn -0.9182 0.0750 0.3889
vn -0.9183 0.0650 0.3904
vn -0.9208 0.0547 0.3861
vn -0.8775 -0.1362 0.4599
vn -0.8827 -0.1586 0.4423
vn -0.8739 -0.1421 0.4648
vn -0.8760 -0.1503 0.4582
vn -0.8722 -0.1423 0.4680
vn -0.8734 -0.1468 0.4643
vn -0.8750 -0.1547 0.4588
vn -0.8696 -0.1622 0.4663
vn -0.8785 -0.2019 0.4330
vn -0.8723 -0.1718 0.4578
vn -0.8773 -0.2641 0.4007
vn -0.8729 -0.2271 0.4319
vn -0.8644 -0.3517 0.3592
vn -0.8641 -0.3065 0.3993
vn -0.8495 -0.4261 0.3111
vn -0.8548 -0.3749 0.3588
vn -0.0027 0.3545 0.9351
vn -0.0061 0.3576 0.9339
vn -0.0271 0.3568 0.9338
vn -0.0291 0.3586 0.9330
vn -0.0395 0.3658 0.9299
vn -0.0502 0.3569 0.9328
vn -0.0762 0.3611 0.9294
vn -0.0845 0.3684 0.9258
vn -0.1298 0.3600 0.9239
vn -0.1105 0.3782 0.9191
vn -0.1842 0.3689 0.9111
vn -0.1778 0.3630 0.9147
vn -0.2576 0.3414 0.9039
vn -0.2502 0.3499 0.9028
vn -0.3149 0.3187 0.8940
vn -0.3166 0.3202 0.8929
vn -0.3803 0.2911 0.8779
vn -0.3768 0.2959 0.8778
vn -0.4657 0.2682 0.8433
vn -0.4584 0.2631 0.8489
vn -0.4851 0.2656 0.8332
vn -0.4779 0.2612 0.8387
vn -0.5088 0.2638 0.8195
vn -0.4979 0.2576 0.8281
vn -0.5402 0.2841 0.7921
vn -0.5603 0.2461 0.7909
vn -0.6157 0.2467 0.7484
vn -0.6330 0.2559 0.7306
vn -0.6755 0.2455 0.6953
vn -0.6544 0.2360 0.7183
vn -0.7168 0.2304 0.6582
vn -0.6973 0.2228 0.6812
vn -0.7427 0.2372 0.6262
vn -0.7625 0.1751 0.6228
vn -0.7839 0.1841 0.5929
vn -0.7962 0.1872 0.5754
vn -0.8377 0.1470 0.5260
vn -0.8494 0.1483 0.5065
vn -0.8744 0.1288 0.4677
vn -0.8600 0.1286 0.4939
vn -0.8844 0.1071 0.4543
vn -0.8921 0.1062 0.4392
vn -0.9085 0.0852 0.4091
vn -0.8995 0.0875 0.4280
vn -0.9189 0.0678 0.3886
vn -0.9136 0.0700 0.4005
vn -0.9270 0.0563 0.3708
vn -0.9213 0.0597 0.3844
vn -0.9266 0.0523 0.3725
vn -0.9284 0.0508 0.3681
vn -0.9271 0.0466 0.3718
vn -0.9281 0.0456 0.3696
vn -0.9270 0.0473 0.3721
vn -0.9256 0.0491 0.3753
vn -0.9222 0.0380 0.3849
vn -0.9237 0.0592 0.3785
vn -0.9131 0.0686 0.4019
vn -0.9187 0.0594 0.3905
vn -0.9061 0.0877 0.4139
vn -0.9115 0.0782 0.4038
vn -0.9056 0.0904 0.4143
vn -0.9032 0.0950 0.4185
vn -0.8988 0.1097 0.4243
vn -0.9000 0.1163 0.4202
vn -0.8959 0.1301 0.4249
vn -0.8953 0.1313 0.4257
vn -0.9002 0.1270 0.4165
vn -0.8939 0.1414 0.4255
vn -0.9166 -0.2430 0.3176
vn -0.9171 -0.2533 0.3078
vn -0.8993 -0.3141 0.3042
vn -0.8987 -0.3333 0.2850
vn -0.8806 -0.4039 0.2478
vn -0.8616 -0.4230 0.2805
vn -0.8230 -0.5378 0.1831
vn -0.8395 -0.4847 0.2455
vn -0.8549 -0.4165 0.3093
vn -0.8114 -0.4527 0.3697
vn -0.8136 -0.4903 0.3125
vn -0.7853 -0.5745 0.2308
vn -0.7746 -0.5886 0.2315
vn -0.7300 -0.6685 0.1423
vn -0.7007 -0.6987 0.1442
vn -0.6428 -0.7637 0.0599
vn -0.6115 -0.7888 0.0621
vn -0.5415 -0.8406 -0.0166
vn -0.5269 -0.8498 -0.0157
vn -0.4668 -0.8814 -0.0732
vn -0.4529 -0.8886 -0.0725
vn -0.4147 -0.9037 -0.1063
vn -0.4039 -0.9087 -0.1058
vn -0.3744 -0.9180 -0.1305
vn -0.3500 -0.9245 -0.1507
vn -0.3301 -0.9351 -0.1286
vn -0.2691 -0.9517 -0.1481
vn -0.2618 -0.9528 -0.1540
vn -0.2038 -0.9642 -0.1695
vn -0.1856 -0.9707 -0.1526
vn -0.1296 -0.9771 -0.1689
vn -0.1233 -0.9770 -0.1739
vn -0.0630 -0.9828 -0.1737
vn -0.0510 -0.9817 -0.1833
vn -0.0150 0.3047 0.9523
vn -0.0141 0.3038 0.9526
vn -0.0357 0.3029 0.9523
vn -0.0438 0.3101 0.9497
vn -0.0595 0.3237 0.9443
vn -0.0794 0.3070 0.9484
vn -0.1087 0.3174 0.9420
vn -0.1129 0.3211 0.9403
vn -0.1530 0.3142 0.9370
vn -0.1431 0.3236 0.9353
vn -0.1978 0.3116 0.9294
vn -0.2013 0.3147 0.9276
vn -0.2674 0.2972 0.9166
vn -0.2679 0.2966 0.9167
vn -0.3372 0.2891 0.8959
vn -0.3252 0.2779 0.9039
vn -0.4146 0.2581 0.8726
vn -0.3886 0.2942 0.8731
vn -0.4696 0.2548 0.8453
vn -0.4844 0.2636 0.8342
vn -0.5063 0.2494 0.8255
vn -0.5188 0.2555 0.8158
vn -0.5378 0.2643 0.8006
vn -0.5585 0.2267 0.7979
vn -0.6016 0.2676 0.7527
vn -0.6241 0.2189 0.7500
vn -0.6818 0.2181 0.6982
vn -0.7091 0.2258 0.6680
vn -0.7236 0.2077 0.6582
vn -0.7441 0.2118 0.6336
vn -0.7638 0.1844 0.6186
vn -0.7859 0.1878 0.5892
vn -0.7969 0.1920 0.5728
vn -0.8064 0.1558 0.5704
vn -0.8232 0.1500 0.5475
vn -0.8332 0.1508 0.5321
vn -0.8685 0.1022 0.4850
vn -0.8768 0.1022 0.4699
vn -0.8872 0.0766 0.4549
vn -0.8937 0.0760 0.4422
vn -0.9005 0.0567 0.4312
vn -0.9064 0.0556 0.4188
vn -0.9118 0.0374 0.4088
vn -0.9187 0.0354 0.3934
vn -0.9206 0.0401 0.3884
vn -0.9204 0.0284 0.3899
vn -0.9222 0.0332 0.3852
vn -0.9289 0.0292 0.3693
vn -0.9286 0.0305 0.3698
vn -0.9329 0.0270 0.3592
vn -0.9305 0.0399 0.3641
vn -0.9344 0.0359 0.3544
vn -0.9321 0.0491 0.3588
vn -0.9380 0.0416 0.3441
vn -0.9369 0.0734 0.3417
vn -0.9357 0.0563 0.3482
vn -0.9338 0.0918 0.3459
vn -0.9413 0.0791 0.3281
vn -0.9377 0.1013 0.3322
vn -0.9405 0.0961 0.3258
vn -0.9393 0.1043 0.3270
vn -0.9440 0.0944 0.3162
vn -0.9419 0.1086 0.3178
vn -0.9478 0.0950 0.3044
vn -0.9459 0.1092 0.3054
vn -0.9524 0.0926 0.2905
vn -0.9522 0.0944 0.2906
vn -0.9579 0.0774 0.2764
vn -0.9580 0.0769 0.2764
vn -0.9629 0.0601 0.2632
vn -0.9670 0.0331 0.2526
vn -0.9636 0.0474 0.2632
vn -0.9673 0.0159 0.2529
vn -0.9697 0.0039 0.2445
vn -0.9693 -0.0184 0.2451
vn -0.9715 -0.0335 0.2346
vn -0.9704 -0.0543 0.2353
vn -0.9717 -0.0675 0.2262
vn -0.9727 -0.0746 0.2195
vn -0.9706 -0.0810 0.2266
vn -0.9713 -0.0910 0.2199
vn -0.9715 -0.0954 0.2168
vn -0.9690 -0.1186 0.2168
vn -0.9682 -0.1041 0.2274
vn -0.9652 -0.1301 0.2268
vn -0.9638 -0.1080 0.2437
vn -0.9533 -0.1364 0.2695
vn -0.9636 -0.1106 0.2435
vn -0.9486 -0.1114 0.2961
vn -0.9524 -0.1437 0.2689
vn -0.9448 -0.1463 0.2931
vn -0.9415 -0.1220 0.3142
vn -0.9373 -0.1575 0.3110
vn -0.9353 -0.1432 0.3237
vn -0.9266 -0.1957 0.3211
vn -0.9273 -0.1946 0.3197
vn -0.9832 -0.1655 -0.0764
vn -0.9779 -0.1845 -0.0983
vn -0.9871 -0.1476 -0.0624
vn -0.9843 -0.1593 -0.0753
vn -0.9901 -0.1289 -0.0555
vn -0.9892 -0.1335 -0.0603
vn -0.9907 -0.1244 -0.0548
vn -0.9907 -0.1246 -0.0550
vn -0.9914 -0.1215 -0.0484
vn -0.9901 -0.1288 -0.0552
vn -0.9907 -0.1269 -0.0487
vn -0.9908 -0.1264 -0.0482
vn -0.9912 -0.1238 -0.0470
vn -0.9910 -0.1251 -0.0482
vn -0.9956 -0.0901 -0.0259
vn -0.9922 -0.1153 -0.0470
vn -0.9932 -0.1132 -0.0258
vn -0.9969 -0.0793 0.0020
vn -0.9969 -0.0709 0.0352
vn -0.9939 -0.1098 0.0017
vn -0.9951 -0.0623 0.0768
vn -0.9940 -0.1044 0.0332
vn -0.9934 -0.0879 0.0739
vn -0.9922 -0.0539 0.1124
vn -0.9919 -0.0600 0.1115
vn -0.9886 -0.0290 0.1480
vn -0.9841 -0.0047 0.1775
vn -0.9839 0.0011 0.1785
vn -0.9773 0.0260 0.2103
vn -0.9726 0.0257 0.2312
vn -0.9782 0.0088 0.2073
vn -0.9670 0.0268 0.2534
vn -0.9735 0.0112 0.2283
vn -0.9684 0.0078 0.2491
vn -0.9639 0.0169 0.2658
vn -0.9601 0.0173 0.2790
vn -0.9644 0.0105 0.2642
vn -0.9574 0.0172 0.2882
vn -0.9605 0.0133 0.2778
vn -0.9543 0.0182 0.2982
vn -0.9577 0.0150 0.2875
vn -0.9506 0.0247 0.3093
vn -0.9538 0.0224 0.2998
vn -0.9481 0.0395 0.3156
vn -0.9463 0.0404 0.3207
vn -0.9372 0.0683 0.3420
vn -0.9405 0.0671 0.3332
vn -0.9306 0.0913 0.3546
vn -0.9309 0.0912 0.3537
vn -0.9216 0.1186 0.3695
vn -0.9196 0.1190 0.3744
vn -0.9066 0.1424 0.3972
vn -0.9043 0.1580 0.3965
vn -0.8676 0.2133 0.4491
vn -0.8714 0.2130 0.4420
vn -0.8538 0.2370 0.4636
vn -0.8471 0.2375 0.4753
vn -0.8298 0.2564 0.4957
vn -0.8349 0.2564 0.4870
vn -0.8065 0.2801 0.5207
vn -0.8121 0.2810 0.5115
vn -0.7842 0.2985 0.5440
vn -0.7777 0.3149 0.5441
vn -0.7218 0.3413 0.6020
vn -0.7068 0.3342 0.6234
vn -0.6583 0.3518 0.6655
vn -0.6407 0.3420 0.6874
vn -0.6056 0.3447 0.7172
vn -0.6213 0.3548 0.6987
vn -0.5635 0.3512 0.7477
vn -0.5770 0.3612 0.7325
vn -0.0411 -0.7852 0.6179
vn -0.0789 -0.7532 0.6531
vn -0.2008 -0.7684 0.6076
vn -0.1697 -0.7979 0.5784
vn -0.3274 -0.8070 0.4915
vn -0.2636 -0.7797 0.5680
vn -0.3797 -0.8234 0.4218
vn -0.4313 -0.7698 0.4704
vn -0.5165 -0.7623 0.3901
vn -0.4516 -0.8323 0.3214
vn -0.5353 -0.7888 0.3022
vn -0.4635 -0.8600 0.2135
vn -0.5110 -0.8351 0.2037
vn -0.4601 -0.8771 0.1377
vn -0.5328 -0.8371 0.1240
vn -0.4881 -0.8703 0.0655
vn -0.5283 -0.8490 0.0137
vn -0.5064 -0.8600 0.0626
vn -0.5480 -0.8359 -0.0323
vn -0.5284 -0.8489 0.0137
vn -0.5762 -0.8168 -0.0287
vn -0.5788 -0.8147 -0.0352
vn -0.6264 -0.7794 0.0073
vn -0.6429 -0.7653 -0.0331
vn -0.6972 -0.7149 0.0534
vn -0.7185 -0.6955 0.0037
vn -0.7301 -0.6680 -0.1439
vn -0.7200 -0.6757 -0.1581
vn -0.8146 -0.5605 -0.1491
vn -0.8102 -0.5649 -0.1563
vn -0.8902 -0.4356 -0.1333
vn -0.8925 -0.4222 -0.1587
vn -0.9370 -0.3255 -0.1268
vn -0.9335 -0.3323 -0.1351
vn -0.9565 -0.2623 -0.1276
vn -0.9591 -0.2561 -0.1207
vn -0.9697 -0.2163 -0.1133
vn -0.9678 -0.2217 -0.1193
vn -0.9769 -0.1891 -0.0991
vn -0.9736 -0.1994 -0.1112
vn -0.7539 -0.6456 0.1220
vn -0.7204 -0.6917 0.0512
vn -0.6786 -0.7327 0.0521
vn -0.6455 -0.7637 -0.0045
vn -0.5985 -0.8011 -0.0029
vn -0.5790 -0.8146 -0.0331
vn -0.5217 -0.8526 -0.0307
vn -0.5254 -0.8505 -0.0254
vn -0.4798 -0.8771 -0.0223
vn -0.5023 -0.8647 0.0082
vn -0.4870 -0.8717 0.0538
vn -0.4547 -0.8906 0.0138
vn -0.4339 -0.8988 0.0616
vn -0.4573 -0.8848 0.0892
vn -0.4131 -0.9055 0.0969
vn -0.4625 -0.8737 0.1506
vn -0.3794 -0.9103 0.1658
vn -0.4499 -0.8615 0.2354
vn -0.3162 -0.9134 0.2564
vn -0.3758 -0.8717 0.3145
vn -0.2359 -0.9133 0.3321
vn -0.2652 -0.8938 0.3617
vn -0.1502 -0.9160 0.3719
vn -0.1733 -0.9016 0.3964
vn -0.0402 -0.9122 0.4077
vn -0.0449 -0.9143 0.4026
vn -0.0257 0.3905 0.9202
vn -0.0317 0.3953 0.9180
vn -0.0604 0.3943 0.9170
vn -0.0656 0.3986 0.9148
vn -0.0970 0.4076 0.9080
vn -0.1126 0.3952 0.9116
vn -0.1343 0.4040 0.9048
vn -0.1515 0.4183 0.8956
vn -0.1944 0.4125 0.8900
vn -0.1657 0.4374 0.8839
vn -0.2182 0.4291 0.8765
vn -0.2352 0.4438 0.8647
vn -0.2900 0.4519 0.8436
vn -0.3156 0.4261 0.8478
vn -0.3846 0.4429 0.8099
vn -0.3707 0.4304 0.8230
vn -0.4634 0.4161 0.7824
vn -0.4402 0.4442 0.7804
vn -0.5450 0.2906 0.7865
vn -0.5680 0.3073 0.7635
vn -0.5852 0.2970 0.7545
vn -0.6084 0.3115 0.7300
vn -0.6218 0.3271 0.7116
vn -0.6437 0.2870 0.7094
vn -0.6862 0.3323 0.6471
vn -0.7081 0.2849 0.6460
vn -0.7638 0.2773 0.5829
vn -0.7781 0.2819 0.5613
vn -0.7994 0.2557 0.5437
vn -0.8062 0.2568 0.5330
vn -0.8215 0.2354 0.5194
vn -0.8292 0.2355 0.5069
vn -0.8403 0.2288 0.4916
vn -0.8458 0.2096 0.4906
vn -0.8574 0.2004 0.4740
vn -0.8667 0.2002 0.4569
vn -0.8995 0.1441 0.4124
vn -0.9022 0.1438 0.4066
vn -0.9162 0.1148 0.3838
vn -0.9171 0.1059 0.3844
vn -0.9278 0.0795 0.3645
vn -0.9278 0.0795 0.3644
vn -0.9331 0.0605 0.3546
vn -0.9349 0.0598 0.3498
vn -0.9425 0.0406 0.3317
vn -0.9421 0.0271 0.3342
vn -0.9453 0.0255 0.3252
vn -0.9498 0.0224 0.3119
vn -0.9503 0.0190 0.3106
vn -0.9535 0.0160 0.3010
vn -0.9530 0.0201 0.3024
vn -0.9567 0.0156 0.2905
vn -0.9560 0.0226 0.2927
vn -0.9599 0.0167 0.2800
vn -0.9629 0.0386 0.2669
vn -0.9604 0.0106 0.2784
vn -0.9626 0.0422 0.2677
vn -0.9684 0.0293 0.2475
vn -0.9666 0.0499 0.2516
vn -0.9746 0.0287 0.2223
vn -0.9775 0.0545 0.2039
vn -0.9749 0.0232 0.2213
vn -0.9795 0.0266 0.1998
vn -0.9861 -0.0024 0.1662
vn -0.9859 0.0062 0.1674
vn -0.9910 -0.0262 0.1316
vn -0.9910 -0.0127 0.1331
vn -0.9944 -0.0512 0.0928
vn -0.9952 -0.0221 0.0953
vn -0.9965 -0.0608 0.0576
vn -0.9975 -0.0400 0.0587
vn -0.9970 -0.0710 0.0310
vn -0.9984 -0.0471 0.0316
vn -0.9969 -0.0791 0.0044
vn -0.9975 -0.0711 0.0044
vn -0.9960 -0.0884 -0.0102
vn -0.9931 -0.1164 -0.0106
vn -0.9927 -0.1196 -0.0133
vn -0.9921 -0.1246 -0.0104
vn -0.9925 -0.1218 -0.0134
vn -0.9921 -0.1250 -0.0104
vn -0.9933 -0.1156 -0.0019
vn -0.9922 -0.1246 -0.0025
vn -0.9932 -0.1163 0.0052
vn -0.9924 -0.1229 0.0081
vn -0.9928 -0.1200 0.0049
vn -0.9902 -0.1394 0.0001
vn -0.9912 -0.1324 0.0071
vn -0.9888 -0.1496 -0.0012
vn -0.9876 -0.1569 -0.0088
vn -0.9853 -0.1705 -0.0106
vn -0.9840 -0.1774 -0.0180
vn -0.9813 -0.1917 -0.0192
vn -0.9787 -0.2030 -0.0313
vn -0.9700 -0.2406 -0.0361
vn -0.9696 -0.2425 -0.0330
vn -0.9481 -0.3154 -0.0394
vn -0.9489 -0.3133 -0.0368
vn -0.9157 -0.4001 -0.0388
vn -0.9090 -0.4130 -0.0560
vn -0.8375 -0.5398 -0.0843
vn -0.8300 -0.5553 -0.0526
vn -0.7384 -0.6665 -0.1025
vn -0.7549 -0.6514 -0.0762
vn -0.6871 0.3947 0.6100
vn -0.7021 0.3679 0.6097
vn -0.6923 0.3260 0.6438
vn -0.6736 0.3613 0.6447
vn -0.6541 0.3307 0.6803
vn -0.6772 0.2848 0.6784
vn -0.6563 0.2645 0.7066
vn -0.6341 0.3091 0.7088
vn -0.6097 0.2961 0.7353
vn -0.6358 0.2435 0.7325
vn -0.5872 0.2898 0.7558
vn -0.6112 0.2426 0.7534
vn -0.5654 0.2700 0.7794
vn -0.5890 0.2238 0.7765
vn -0.5496 0.2246 0.8047
vn -0.5668 0.2317 0.7906
vn -0.5333 0.2470 0.8090
vn -0.5154 0.2788 0.8103
vn -0.5136 0.2985 0.8045
vn -0.4944 0.3290 0.8046
vn -0.4697 0.3618 0.8053
vn -0.4951 0.3236 0.8063
vn -0.4385 0.3522 0.8269
vn -0.4781 0.2930 0.8280
vn -0.4206 0.2239 0.8792
vn -0.4500 0.2472 0.8581
vn -0.3807 0.1132 0.9177
vn -0.4259 0.0393 0.9039
vn -0.3048 -0.1603 0.9388
vn -0.3747 -0.1064 0.9210
vn -0.1967 -0.3720 0.9071
vn -0.2596 -0.4762 0.8402
vn -0.0846 -0.6174 0.7821
vn -0.1357 -0.6823 0.7183
vn -0.0466 -0.8604 0.5074
vn -0.0402 -0.8642 0.5015
vn -0.0966 -0.8850 0.4554
vn -0.0469 -0.8568 0.5136
vn 0.0169 -0.3035 0.9527
vn -0.0329 -0.3532 0.9350
vn 0.0702 -0.0259 0.9972
vn 0.1655 0.0653 0.9840
vn 0.1666 0.1012 0.9808
vn 0.1960 0.1260 0.9725
vn 0.2220 -0.0193 0.9749
vn 0.2005 -0.0388 0.9789
vn 0.2298 -0.2300 0.9457
vn 0.2372 -0.2212 0.9459
vn 0.2900 -0.3024 0.9080
vn 0.2410 -0.3870 0.8900
vn 0.2211 -0.9142 0.3397
vn 0.1639 -0.9525 0.2565
vn 0.0647 -0.9707 -0.2313
vn 0.1726 -0.9822 -0.0746
vn -0.1241 -0.5660 -0.8150
vn -0.0613 -0.2531 -0.9655
vn 0.5482 -0.2418 -0.8006
vn 0.5438 -0.3057 -0.7815
vn -0.0209 -0.9693 -0.2451
vn 0.0249 -0.8956 -0.4442
vn -0.1457 -0.9887 -0.0348
vn -0.0711 -0.9751 -0.2098
vn -0.6587 -0.5069 0.5560
vn -0.6351 -0.6605 0.4004
vn -0.7381 -0.2109 0.6409
vn -0.7421 -0.2249 0.6314
vn -0.7702 -0.1022 0.6295
vn -0.7589 -0.0705 0.6474
vn -0.7647 -0.1336 0.6304
vn -0.7639 -0.1300 0.6320
vn -0.7312 -0.1949 0.6538
vn -0.7343 -0.2171 0.6431
vn -0.6086 -0.3209 0.7257
vn -0.6045 -0.4081 0.6841
vn -0.4145 -0.5750 0.7054
vn -0.4220 -0.5461 0.7236
vn -0.4401 -0.5476 0.7117
vn -0.4460 -0.5439 0.7108
vn -0.5972 -0.3209 0.7351
vn -0.5967 -0.3357 0.7289
vn -0.6252 -0.2699 0.7323
vn -0.6252 -0.2694 0.7325
vn -0.6829 -0.1227 0.7201
vn -0.6854 -0.1423 0.7141
vn -0.7391 0.0339 0.6727
vn -0.7381 0.0382 0.6736
vn -0.7771 0.1884 0.6005
vn -0.7730 0.2013 0.6016
vn -0.7954 0.2479 0.5531
vn -0.7847 0.2780 0.5540
vn -0.8051 0.2396 0.5427
vn -0.7963 0.2664 0.5431
vn -0.8152 0.1889 0.5475
vn -0.8043 0.2276 0.5489
vn -0.8147 0.1839 0.5500
vn -0.8236 0.1462 0.5480
vn -0.8354 0.1341 0.5330
vn -0.8481 0.1352 0.5123
vn -0.8491 0.1420 0.5088
vn -0.8544 0.1111 0.5077
vn -0.8609 0.1227 0.4938
vn -0.8586 0.1365 0.4941
vn -0.8696 0.1231 0.4781
vn -0.8652 0.1498 0.4786
vn -0.8766 0.1465 0.4584
vn -0.8747 0.1571 0.4584
vn -0.8812 0.1832 0.4358
vn -0.8845 0.1662 0.4359
vn -0.8877 0.1840 0.4220
vn -0.8866 0.1841 0.4244
vn -0.8900 0.2075 0.4061
vn -0.8922 0.1971 0.4063
vn 0.1000 -0.9553 0.2782
vn 0.0665 -0.9827 0.1728
vn -0.0577 -0.2933 0.9543
vn -0.0278 -0.2282 0.9732
vn -0.0659 -0.2768 0.9587
vn -0.0607 -0.2711 0.9606
vn -0.1014 -0.0613 0.9930
vn -0.0848 -0.0462 0.9953
vn -0.1417 0.1111 0.9837
vn -0.1209 0.1308 0.9840
vn -0.1143 0.0239 0.9932
vn -0.1300 0.0073 0.9915
vn -0.1221 -0.2393 0.9632
vn -0.0976 -0.2042 0.9740
vn 0.0361 -0.9160 0.3996
vn 0.0236 -0.9292 0.3687
vn 0.0133 -0.8710 0.4910
vn -0.0109 -0.8593 0.5113
vn -0.2078 -0.5414 0.8147
vn -0.1601 -0.4324 0.8873
vn -0.3537 -0.3328 0.8741
vn -0.2947 -0.1977 0.9349
vn -0.4514 -0.0581 0.8904
vn -0.4114 0.0246 0.9111
vn -0.4966 0.1165 0.8601
vn -0.4650 0.1754 0.8678
vn -0.5246 0.2475 0.8146
vn -0.4906 0.3055 0.8161
vn -0.5448 0.3224 0.7741
vn -0.5136 0.3733 0.7726
vn -0.5614 0.3234 0.7617
vn -0.5404 0.3588 0.7610
vn -0.5776 0.2903 0.7630
vn -0.5619 0.3189 0.7633
vn -0.5784 0.2778 0.7670
vn -0.5970 0.2400 0.7655
vn -0.6159 0.2138 0.7583
vn -0.6427 0.2239 0.7327
vn -0.6424 0.2602 0.7208
vn -0.6647 0.2062 0.7181
vn -0.6875 0.2245 0.6906
vn -0.6649 0.2794 0.6927
vn -0.7085 0.2359 0.6651
vn -0.6875 0.2877 0.6668
vn -0.7263 0.2494 0.6405
vn -0.7087 0.2934 0.6416
vn -0.7261 0.3175 0.6099
vn -0.7419 0.2794 0.6095
vn -0.7557 0.3292 0.5662
vn -0.7413 0.3230 0.5883
vn -0.7541 0.3603 0.5492
vn -0.7612 0.3446 0.5493
vn 0.0980 -0.9950 -0.0172
vn 0.0577 -0.9980 0.0268
vn 0.1255 -0.0205 -0.9919
vn 0.1076 -0.0727 -0.9915
vn 0.0952 -0.9915 -0.0885
vn 0.2006 -0.9771 0.0704
vn -0.0233 -0.2440 -0.9695
vn 0.0200 -0.1014 -0.9946
vn -0.0405 -0.4319 0.9010
vn -0.0743 -0.4467 0.8916
vn -0.1408 -0.5334 0.8341
vn -0.1339 -0.6037 0.7859
vn -0.2848 -0.8136 0.5070
vn -0.2960 -0.7691 0.5664
vn -0.2497 -0.6970 0.6722
vn -0.1302 -0.7390 0.6611
vn -0.1561 -0.4669 0.8704
vn -0.1461 -0.3697 0.9176
vn -0.1286 -0.5920 0.7956
vn -0.1365 -0.4958 0.8576
vn -0.1229 -0.7102 0.6932
vn -0.1487 -0.5689 0.8088
vn -0.1458 -0.7594 0.6340
vn -0.1669 -0.6652 0.7278
vn -0.1931 -0.7974 0.5717
vn -0.2192 -0.6844 0.6954
vn -0.3165 -0.7752 0.5468
vn -0.3392 -0.6313 0.6974
vn -0.0811 -0.4292 0.8996
vn -0.1147 -0.3061 0.9451
vn -0.1222 -0.4552 0.8820
vn -0.0465 -0.4573 0.8881
vn -0.0673 -0.5730 0.8168
vn -0.0929 -0.4813 0.8716
vn -0.1447 -0.6311 0.7621
vn -0.1955 -0.4519 0.8704
vn -0.3233 -0.6274 0.7084
vn -0.3271 -0.4209 0.8461
vn -0.0680 -0.0536 0.9962
vn -0.0903 -0.0133 0.9958
vn -0.0822 -0.1062 0.9909
vn -0.0158 -0.0638 0.9978
vn -0.0237 -0.1624 0.9864
vn -0.0545 -0.1128 0.9921
vn -0.0897 -0.1427 0.9857
vn -0.0877 -0.1454 0.9855
vn -0.0971 0.0772 0.9923
vn -0.0771 0.0475 0.9959
vn -0.0681 0.0284 0.9973
vn -0.0453 0.0469 0.9979
vn -0.0507 0.0271 0.9983
vn -0.0303 0.0005 0.9995
vn -0.0643 0.0026 0.9979
vn -0.0674 0.0061 0.9977
vn -0.2358 -0.2544 0.9379
vn -0.3163 -0.4202 0.8505
vn -0.1969 -0.2554 0.9466
vn -0.1508 -0.1896 0.9702
vn -0.0488 0.0294 0.9984
vn -0.0508 0.0315 0.9982
vn -0.0853 0.0310 0.9959
vn -0.1098 0.0097 0.9939
vn -0.0692 -0.0773 0.9946
vn -0.0536 -0.0947 0.9941
vn -0.1121 -0.0875 0.9898
vn -0.1606 -0.1254 0.9790
vn -0.0734 -0.2102 0.9749
vn -0.0958 -0.1536 0.9835
vn -0.0793 -0.2637 0.9613
vn -0.0119 -0.2423 0.9701
vn -0.0216 -0.3613 0.9322
vn -0.0603 -0.2746 0.9597
vn -0.1184 -0.3190 0.9403
vn -0.1263 -0.3056 0.9437
vn -0.1574 -0.2101 0.9649
vn -0.2325 -0.2701 0.9343
vn -0.0648 -0.2285 0.9714
vn -0.1548 -0.1220 0.9804
vn -0.1074 -0.3115 0.9442
vn -0.0987 -0.3085 0.9461
vn -0.1224 -0.1441 0.9820
vn -0.0546 -0.0909 0.9944
vn -0.1390 -0.0085 0.9903
vn -0.0916 0.0380 0.9951
vn -0.2407 -0.2721 0.9317
vn -0.2438 -0.2780 0.9291
vn -0.2787 -0.2784 0.9192
vn -0.2767 -0.2801 0.9192
vn -0.1739 -0.2710 0.9467
vn -0.1825 -0.2842 0.9413
vn -0.1787 0.0727 0.9812
vn -0.1186 0.1386 0.9832
vn -0.2574 -0.0504 0.9650
vn -0.2618 -0.0569 0.9635
vn -0.2933 -0.0564 0.9544
vn -0.3087 -0.0405 0.9503
vn -0.1788 -0.0509 0.9826
vn -0.1995 -0.0768 0.9769
vn -0.2499 0.1170 0.9612
vn -0.2818 0.0739 0.9566
vn -0.3022 0.1054 0.9474
vn -0.3359 0.1437 0.9309
vn -0.1831 0.0871 0.9792
vn -0.2245 0.0370 0.9738
vn -0.2635 0.2138 0.9407
vn -0.3090 0.1544 0.9385
vn -0.3300 0.1951 0.9236
vn -0.3692 0.2390 0.8981
vn -0.2044 0.1783 0.9625
vn -0.2541 0.1172 0.9600
vn -0.3662 0.2965 0.8820
vn -0.3867 0.2691 0.8821
vn -0.4600 0.2548 0.8505
vn -0.4401 0.2847 0.8516
vn -0.4759 0.2534 0.8422
vn -0.4570 0.2819 0.8436
vn -0.4977 0.2545 0.8292
vn -0.4716 0.2939 0.8314
vn -0.5299 0.4077 0.7436
vn -0.5078 0.4366 0.7426
vn -0.5207 0.3511 0.7782
vn -0.4973 0.3837 0.7781
vn -0.5086 0.2921 0.8099
vn -0.4911 0.3179 0.8110
vn -0.4362 0.2615 0.8610
vn -0.4363 0.2615 0.8609
vn -0.4305 0.2444 0.8689
vn -0.4011 0.2856 0.8704
vn -0.4361 0.2648 0.8600
vn -0.4254 0.2802 0.8605
vn -0.4429 0.2625 0.8573
vn -0.4346 0.2748 0.8576
vn -0.2008 -0.2060 0.9577
vn -0.2079 -0.1972 0.9581
vn -0.4538 -0.2148 0.8648
vn -0.3463 -0.3280 0.8789
vn -0.4130 -0.4879 0.7690
vn -0.5724 -0.3443 0.7442
vn -0.4045 0.2628 0.8759
vn -0.3706 0.2285 0.9002
vn -0.1684 0.1482 0.9745
vn -0.2017 0.1867 0.9615
vn -0.2930 0.2553 0.9214
vn -0.3487 0.1825 0.9193
vn -0.1177 0.1238 0.9853
vn -0.0804 0.1618 0.9835
vn -0.0343 0.1196 0.9922
vn -0.0457 0.1085 0.9931
vn -0.0825 0.0879 0.9927
vn -0.0599 0.1084 0.9923
vn -0.0487 0.0883 0.9949
vn -0.0540 0.0838 0.9950
vn -0.0731 0.1057 0.9917
vn -0.0470 0.1294 0.9905
vn -0.0642 0.0837 0.9944
vn -0.0370 0.1068 0.9936
vn -0.2387 0.2164 0.9467
vn -0.2775 0.1682 0.9459
vn -0.0317 0.1656 0.9857
vn -0.0318 0.1657 0.9857
vn -0.0552 0.1651 0.9847
vn -0.0416 0.1515 0.9876
vn -0.0354 0.1467 0.9886
vn -0.0403 0.1515 0.9876
vn -0.0697 0.1613 0.9844
vn -0.0540 0.1453 0.9879
vn -0.0925 0.1588 0.9830
vn -0.0562 0.1936 0.9795
vn -0.1058 0.1859 0.9769
vn -0.1416 0.2271 0.9635
vn -0.1970 0.2153 0.9565
vn -0.2250 0.2455 0.9429
vn -0.2669 0.2335 0.9350
vn -0.2872 0.2557 0.9231
vn -0.3314 0.2854 0.8993
vn -0.3786 0.2229 0.8983
vn -0.0287 0.2185 0.9754
vn -0.0300 0.2198 0.9751
vn -0.0341 0.2196 0.9750
vn -0.0340 0.2195 0.9750
vn -0.0305 0.2265 0.9735
vn -0.0238 0.2203 0.9752
vn -0.0702 0.2343 0.9696
vn -0.0585 0.2233 0.9730
vn -0.1117 0.2274 0.9674
vn -0.0715 0.2665 0.9612
vn -0.1364 0.2539 0.9576
vn -0.1634 0.2822 0.9454
vn -0.2213 0.2674 0.9378
vn -0.2403 0.2863 0.9275
vn -0.2842 0.2727 0.9192
vn -0.3097 0.2991 0.9026
vn -0.3763 0.2988 0.8770
vn -0.3845 0.2875 0.8772
vn -0.4803 -0.6096 0.6306
vn -0.7087 -0.4452 0.5472
vn 0.2399 -0.4902 0.8380
vn -0.1679 -0.4400 0.8822
vn -0.1948 -0.3897 0.9001
vn -0.5729 -0.1456 0.8066
vn -0.5295 0.3607 0.7678
vn -0.5045 0.3327 0.7968
vn -0.2250 -0.0602 0.9725
vn -0.4704 0.1091 0.8757
vn -0.4358 0.3337 0.8359
vn -0.4355 0.3339 0.8360
vn -0.1505 -0.2459 0.9575
vn 0.1072 -0.2921 0.9504
vn -0.0765 -0.2016 0.9765
vn -0.2674 -0.1676 0.9489
vn -0.3437 -0.2020 0.9171
vn -0.4511 -0.1608 0.8779
vn -0.6242 -0.1385 0.7689
vn -0.5394 -0.1924 0.8197
vn -0.7678 -0.1075 0.6316
vn -0.7069 -0.1669 0.6873
vn -0.8253 -0.1280 0.5500
vn -0.8489 -0.0953 0.5200
vn -0.1153 0.6532 0.7483
vn -0.0545 0.7008 0.7113
vn -0.0890 0.8422 0.5317
vn -0.0356 0.8741 0.4844
vn -0.0388 0.8837 0.4664
vn -0.0811 0.8662 0.4931
vn -0.0988 0.8577 0.5046
vn -0.0809 0.8530 0.5156
vn -0.1596 0.7810 0.6038
vn -0.2093 0.7544 0.6221
vn -0.2717 0.6031 0.7500
vn -0.3363 0.5552 0.7607
vn -0.5301 0.3347 0.7791
vn -0.4172 0.2255 0.8804
vn -0.8250 0.3393 0.4519
vn -0.8137 0.3407 0.4710
vn -0.7842 0.3528 0.5104
vn -0.7755 0.3431 0.5300
vn -0.7864 0.2112 0.5804
vn -0.7949 0.2241 0.5639
vn -0.2066 0.6181 0.7584
vn -0.1759 0.6454 0.7433
vn -0.1732 0.8786 0.4451
vn -0.2029 0.8653 0.4583
vn -0.2725 0.7683 0.5792
vn -0.2993 0.7526 0.5865
vn -0.4045 0.5917 0.6974
vn -0.3812 0.5772 0.7222
vn -0.4611 0.4057 0.7892
vn -0.5268 0.3357 0.7809
vn -0.8396 0.3189 0.4398
vn -0.8422 0.3185 0.4351
vn -0.8375 -0.0905 0.5388
vn -0.8631 -0.0497 0.5025
vn -0.7500 -0.0036 0.6614
vn -0.7834 0.0471 0.6198
vn -0.5556 0.1167 0.8232
vn -0.5732 0.1414 0.8071
vn -0.2330 0.1917 0.9534
vn -0.2278 0.1846 0.9561
vn -0.7480 -0.1271 0.6515
vn -0.7478 -0.0862 0.6583
vn -0.7764 -0.1343 0.6157
vn -0.8121 -0.1271 0.5696
vn -0.8494 -0.1821 0.4954
vn -0.8354 -0.0844 0.5431
vn -0.8272 -0.1501 0.5416
vn -0.8310 -0.1433 0.5375
vn -0.9094 -0.1527 0.3869
vn -0.9028 -0.1030 0.4175
vn -0.8987 -0.1376 0.4163
vn -0.8814 -0.1684 0.4413
vn -0.9464 -0.1418 0.2901
vn -0.9432 -0.1077 0.3141
vn -0.9366 -0.1598 0.3118
vn -0.9319 -0.1207 0.3420
vn -0.9372 0.0394 0.3466
vn -0.9429 0.0141 0.3329
vn -0.9326 0.0494 0.3575
vn -0.9368 0.0610 0.3444
vn -0.9317 0.0737 0.3557
vn -0.9303 0.0780 0.3583
vn -0.9257 0.0971 0.3655
vn -0.9282 0.1062 0.3566
vn -0.9208 0.1115 0.3738
vn -0.9231 0.1220 0.3647
vn -0.9157 0.1306 0.3801
vn -0.9193 0.1227 0.3738
vn -0.9155 0.1189 0.3842
vn -0.9182 0.1135 0.3794
vn -0.9184 0.1012 0.3824
vn -0.9184 0.1008 0.3827
vn -0.9192 0.0967 0.3817
vn -0.9191 0.0968 0.3818
vn -0.9238 0.0787 0.3747
vn -0.9218 0.0819 0.3789
vn -0.9261 0.0658 0.3715
vn -0.9274 0.0639 0.3686
vn -0.9297 0.0557 0.3640
vn -0.9287 0.0570 0.3665
vn -0.9300 0.0442 0.3650
vn -0.9303 0.0528 0.3630
vn -0.9260 0.0509 0.3741
vn -0.9291 0.0485 0.3667
vn -0.9257 0.0526 0.3747
vn -0.9256 0.0526 0.3749
vn -0.9241 0.0585 0.3776
vn -0.9169 0.0615 0.3943
vn -0.9055 0.0737 0.4180
vn -0.9139 0.0714 0.3996
vn -0.8956 0.0752 0.4385
vn -0.8926 0.1087 0.4375
vn -0.8796 0.0805 0.4688
vn -0.8741 0.1267 0.4690
vn -0.8563 0.0986 0.5070
vn -0.8489 0.1450 0.5083
vn -0.8327 0.1171 0.5411
vn -0.8249 0.1565 0.5431
vn -0.8055 0.1353 0.5769
vn -0.7953 0.1776 0.5796
vn -0.7783 0.1761 0.6027
vn -0.7622 0.1717 0.6241
vn -0.7380 0.1644 0.6545
vn -0.7167 0.2292 0.6586
vn -0.6749 0.2039 0.7092
vn -0.6980 0.2123 0.6839
vn -0.6581 0.1853 0.7297
vn -0.6332 0.2463 0.7337
vn -0.6159 0.2012 0.7617
vn -0.5969 0.2437 0.7644
vn -0.5823 0.2309 0.7795
vn -0.5613 0.2206 0.7977
vn -0.5500 0.2112 0.8081
vn -0.5336 0.2427 0.8102
vn -0.5244 0.2306 0.8196
vn -0.5114 0.2242 0.8296
vn -0.4879 0.2326 0.8414
vn -0.4942 0.2360 0.8367
vn -0.4678 0.2496 0.8479
vn -0.4643 0.2474 0.8504
vn -0.4354 0.2680 0.8594
vn -0.4357 0.2676 0.8594
vn -0.3836 0.2934 0.8756
vn -0.3828 0.2926 0.8763
vn -0.3159 0.3199 0.8932
vn -0.3074 0.3117 0.8991
vn -0.2526 0.3305 0.9094
vn -0.2355 0.3144 0.9196
vn -0.1746 0.3312 0.9273
vn -0.1568 0.3137 0.9365
vn -0.1157 0.3048 0.9454
vn -0.0912 0.3283 0.9401
vn -0.0701 0.3014 0.9509
vn -0.0541 0.3155 0.9474
vn -0.0356 0.3057 0.9515
vn -0.0191 0.2907 0.9566
vn -0.0344 0.2895 0.9565
vn -0.0266 0.2822 0.9590
vn -0.0085 0.2829 0.9591
vn -0.0260 0.2994 0.9538
vn -0.9518 -0.0989 0.2902
vn -0.9541 -0.1292 0.2702
vn -0.9602 -0.0776 0.2684
vn -0.9600 -0.0757 0.2696
vn -0.9613 -0.0615 0.2687
vn -0.9598 -0.0486 0.2765
vn -0.9601 -0.0443 0.2762
vn -0.9575 -0.0267 0.2870
vn -0.2214 0.2919 0.9305
vn -0.1544 0.2525 0.9552
vn -0.1699 0.2475 0.9539
vn -0.1559 0.2380 0.9587
vn -0.1665 0.2349 0.9577
vn -0.1603 0.2300 0.9599
vn -0.1782 0.2258 0.9577
vn -0.1695 0.2181 0.9611
vn -0.1957 0.2410 0.9506
vn -0.2037 0.2099 0.9563
vn -0.2418 0.2262 0.9436
vn -0.2458 0.2296 0.9417
vn -0.2528 0.2263 0.9407
vn -0.2889 0.2543 0.9230
vn -0.3151 0.2916 0.9032
vn -0.3353 0.2274 0.9142
vn -0.4702 0.2297 0.8521
vn -0.4656 0.2451 0.8504
vn -0.5588 0.1763 0.8104
vn -0.5549 0.1743 0.8135
vn -0.6542 0.0897 0.7510
vn -0.6610 0.0931 0.7446
vn -0.7379 0.0155 0.6747
vn -0.7601 0.0272 0.6492
vn -0.8091 -0.0301 0.5868
vn -0.8279 -0.0181 0.5606
vn -0.8731 -0.0373 0.4861
vn -0.8552 -0.0523 0.5157
vn -0.9197 0.0173 0.3923
vn -0.9205 0.0187 0.3903
vn -0.9421 -0.0072 0.3353
vn -0.9429 -0.0116 0.3330
vn -0.9191 -0.0021 0.3940
vn -0.9124 -0.0122 0.4092
vn -0.9418 -0.0286 0.3350
vn -0.9417 -0.0284 0.3351
vn -0.9329 -0.0441 0.3575
vn -0.9371 -0.0764 0.3405
vn -0.9268 -0.0982 0.3625
vn -0.9152 -0.1164 0.3859
vn -0.9042 -0.0767 0.4203
vn -0.8975 -0.0304 0.4400
vn -0.8799 -0.1342 0.4558
vn -0.8719 -0.0698 0.4846
vn -0.7006 0.1643 0.6944
vn -0.6950 0.1856 0.6946
vn -0.6489 0.2311 0.7249
vn -0.6476 0.2349 0.7249
vn -0.6555 0.2286 0.7198
vn -0.6428 0.2621 0.7198
vn -0.6421 0.2755 0.7154
vn -0.6271 0.3139 0.7129
vn -0.6274 0.3067 0.7157
vn -0.6022 0.3677 0.7086
vn -0.5063 0.3046 0.8068
vn -0.5638 0.1301 0.8156
vn -0.4550 0.3820 0.8044
vn -0.5039 0.2597 0.8238
vn -0.4233 0.3497 0.8358
vn -0.4476 0.2871 0.8469
vn -0.3874 0.2850 0.8767
vn -0.4033 0.2360 0.8841
vn -0.3628 0.2001 0.9101
vn -0.3523 0.2387 0.9049
vn -0.3281 0.2203 0.9186
vn -0.3344 0.1952 0.9220
vn -0.3366 0.2371 0.9113
vn -0.3380 0.2313 0.9123
vn -0.3736 0.2759 0.8856
vn -0.3646 0.2766 0.8891
vn -0.3500 0.2419 0.9050
vn -0.3421 0.2818 0.8964
vn -0.2737 0.2002 0.9408
vn -0.2641 0.2584 0.9292
vn -0.1799 0.2722 0.9453
vn -0.1930 0.1860 0.9634
vn -0.1024 0.3471 0.9322
vn -0.1211 0.2227 0.9673
vn -0.1268 0.4338 0.8920
vn -0.1356 0.3692 0.9194
vn -0.2445 0.4933 0.8348
vn -0.2347 0.5627 0.7926
vn -0.3071 0.5836 0.7518
vn -0.3060 0.6248 0.7183
vn -0.3526 0.6761 0.6469
vn -0.3276 0.6265 0.7073
vn -0.3466 0.6766 0.6497
vn -0.3922 0.7237 0.5679
vn -0.3257 0.7770 0.5387
vn -0.4344 0.7144 0.5487
vn -0.3961 0.7797 0.4850
vn -0.3674 0.7684 0.5240
vn -0.3922 0.7903 0.4708
vn -0.3758 0.7854 0.4919
vn -0.3609 0.8031 0.4741
vn -0.3538 0.8014 0.4823
vn -0.3117 0.8149 0.4887
vn -0.3063 0.8178 0.4872
vn -0.2379 0.8323 0.5007
vn -0.2167 0.8269 0.5188
vn -0.1362 0.8403 0.5247
vn -0.1041 0.8308 0.5468
vn -0.0765 0.8312 0.5507
vn -0.0822 0.8330 0.5471
vn 0.0214 0.7964 0.6044
vn -0.0206 0.8156 0.5782
vn -0.0148 0.7965 0.6044
vn -0.0010 0.7893 0.6141
vn -0.4630 -0.0863 0.8821
vn -0.4766 -0.0376 0.8783
vn -0.5848 0.2642 0.7669
vn -0.6283 0.3060 0.7152
vn -0.5818 -0.1034 0.8068
vn -0.5929 0.0865 0.8006
vn -0.6220 0.0246 0.7827
vn -0.5798 0.2693 0.7690
vn -0.0560 -0.9964 0.0629
vn -0.0439 -0.9964 0.0729
vn -0.1351 -0.9889 0.0619
vn -0.1259 -0.9905 0.0545
vn -0.2302 -0.9718 0.0513
vn -0.2339 -0.9707 0.0543
vn -0.3392 -0.9375 0.0783
vn -0.3683 -0.9285 0.0475
vn -0.4395 -0.8953 0.0724
vn -0.5114 -0.8475 0.1422
vn -0.5396 -0.8303 0.1395
vn -0.6167 -0.7537 0.2272
vn -0.7105 -0.6358 0.3016
vn -0.6561 -0.7213 0.2219
vn -0.7258 -0.6194 0.2992
vn -0.7667 -0.5162 0.3818
vn -0.7807 -0.4969 0.3789
vn -0.8015 -0.3897 0.4536
vn -0.8109 -0.3729 0.4510
vn -0.8141 -0.2923 0.5018
vn -0.8154 -0.2894 0.5013
vn -0.8135 -0.2363 0.5314
vn -0.8055 -0.2567 0.5341
vn -0.8036 -0.2257 0.5507
vn -0.8007 -0.2339 0.5515
vn -0.7996 -0.2192 0.5591
vn -0.3611 0.3699 0.8560
vn -0.3898 0.4122 0.8235
vn -0.3510 0.5654 0.7464
vn -0.2566 0.3767 0.8901
vn -0.3603 0.6923 0.6252
vn -0.3052 0.5539 0.7747
vn -0.2167 0.7699 0.6002
vn -0.5279 0.7138 0.4603
vn -0.3873 0.8132 0.4344
vn -0.3931 0.7950 0.4619
vn -0.1656 0.7572 0.6318
vn -0.2428 0.7458 0.6203
vn -0.3807 0.8454 0.3746
vn -0.5283 0.6766 0.5130
vn -0.2808 0.6279 0.7258
vn -0.2767 0.6409 0.7160
vn -0.1472 0.5883 0.7951
vn -0.1344 0.5940 0.7931
vn -0.0349 0.5528 0.8326
vn -0.0677 0.4147 0.9074
vn -0.0498 0.2768 0.9596
vn 0.0411 0.3888 0.9204
vn -0.2139 0.0552 0.9753
vn -0.0508 0.2769 0.9596
vn -0.9012 -0.1427 0.4093
vn -0.7865 0.0169 0.6174
vn 0.2391 0.9610 0.1389
vn -0.3609 0.9009 0.2410
vn -0.3012 0.9281 0.2190
vn -0.1854 0.9498 0.2521
vn -0.3344 0.8788 0.3405
vn -0.4307 0.8505 0.3018
vn -0.6818 0.3831 0.6232
vn -0.5675 0.3205 0.7584
vn -0.7444 0.0195 0.6674
vn -0.7232 0.0010 0.6907
vn -0.7313 -0.0144 0.6819
vn -0.7093 -0.0365 0.7040
vn -0.6476 0.0490 0.7604
vn -0.6659 -0.0426 0.7448
vn -0.6455 -0.0206 0.7635
vn -0.6543 -0.0624 0.7537
vn -0.6750 0.1045 0.7304
vn -0.6878 0.0424 0.7246
vn -0.6986 0.1548 0.6986
vn -0.7145 0.0856 0.6944
vn -0.7201 0.1179 0.6838
vn -0.7145 0.1462 0.6842
vn -0.6269 0.2493 0.7382
vn -0.6478 0.2710 0.7120
vn -0.6505 0.1517 0.7442
vn -0.6936 0.1740 0.6990
vn -0.6753 0.1091 0.7294
vn -0.6814 0.0205 0.7316
vn -0.7045 -0.0761 0.7056
vn -0.7209 -0.0644 0.6901
vn -0.7276 -0.0970 0.6792
vn -0.7338 -0.0926 0.6731
vn -0.7475 -0.1232 0.6527
vn -0.7584 -0.1146 0.6416
vn -0.7793 -0.1476 0.6091
vn -0.7830 -0.1441 0.6051
vn -0.8102 -0.1742 0.5597
vn -0.8144 -0.1699 0.5549
vn 0.1215 -0.9924 -0.0170
vn 0.1224 -0.9923 -0.0162
vn 0.2001 -0.9794 -0.0278
vn 0.1925 -0.9811 -0.0193
vn 0.5824 0.3675 0.7251
vn 0.6016 0.3217 0.7312
vn 0.3241 0.1914 0.9265
vn 0.3129 0.2860 0.9057
vn 0.3281 0.3911 0.8599
vn 0.3408 0.3082 0.8882
vn 0.3657 0.1330 0.9212
vn 0.3581 0.2205 0.9072
vn 0.2048 0.3250 0.9233
vn 0.2187 0.2316 0.9479
vn 0.5076 0.1101 0.8545
vn 0.4790 0.1112 0.8708
vn 0.4162 0.1791 0.8915
vn 0.3933 0.1786 0.9019
vn 0.4035 0.2319 0.8851
vn 0.4075 0.2072 0.8894
vn 0.2596 0.2674 0.9280
vn 0.2724 0.1689 0.9472
vn 0.3001 0.2945 0.9073
vn 0.3046 0.2732 0.9124
vn 0.4727 0.1714 0.8644
vn 0.4761 0.1374 0.8686
vn 0.6811 0.0576 0.7299
vn 0.7031 0.1048 0.7033
vn 0.7683 -0.2236 0.5998
vn 0.7470 -0.1331 0.6514
vn 0.7873 -0.2579 0.5601
vn 0.7704 -0.1885 0.6091
vn 0.8071 -0.1865 0.5602
vn 0.7874 -0.2558 0.5608
vn 0.8297 -0.2124 0.5161
vn 0.8359 -0.2193 0.5032
vn 0.7257 -0.1321 0.6753
vn 0.7475 -0.0701 0.6605
vn 0.6623 -0.1750 0.7285
vn 0.6906 -0.1219 0.7129
vn 0.6779 0.1878 0.7108
vn 0.6594 0.1520 0.7362
vn 0.8318 -0.1942 0.5199
vn 0.8444 -0.2022 0.4961
vn 0.7864 -0.2807 0.5502
vn 0.7853 -0.2801 0.5522
vn 0.7836 -0.2769 0.5561
vn 0.7863 -0.2794 0.5511
vn 0.7071 -0.3401 0.6199
vn 0.6601 -0.4180 0.6241
vn 0.6590 -0.4223 0.6224
vn 0.6457 -0.3387 0.6843
vn 0.7120 -0.2665 0.6497
vn 0.7264 -0.3348 0.6002
vn 0.6814 -0.2163 0.6992
vn 0.7020 -0.3291 0.6316
vn 0.6321 -0.3896 0.6699
vn 0.6225 -0.3090 0.7191
vn 0.6129 -0.2226 0.7582
vn 0.6519 -0.1710 0.7388
vn 0.5978 -0.3764 0.7078
vn 0.5515 -0.4229 0.7191
vn 0.5801 -0.2599 0.7719
vn 0.6152 -0.2240 0.7559
vn 0.7426 -0.3326 0.5813
vn 0.7370 -0.3281 0.5909
vn 0.7461 -0.3288 0.5791
vn 0.7432 -0.3385 0.5771
vn 0.7015 -0.3825 0.6013
vn 0.7106 -0.3617 0.6035
vn 0.6412 -0.4192 0.6427
vn 0.5873 -0.4843 0.6485
vn 0.7418 -0.3120 0.5936
vn 0.7400 -0.3202 0.5915
vn 0.7742 -0.2607 0.5767
vn 0.7698 -0.2610 0.5826
vn 0.7184 -0.3215 0.6168
vn 0.7373 -0.3143 0.5980
vn 0.7823 -0.2678 0.5624
vn 0.7766 -0.2671 0.5706
vn 0.8387 -0.1747 0.5158
vn 0.8385 -0.1775 0.5152
vn 0.6956 -0.3748 0.6128
vn 0.6955 -0.3756 0.6126
vn 0.6915 -0.3637 0.6241
vn 0.6904 -0.3688 0.6223
vn 0.8267 -0.1400 0.5449
vn 0.8397 -0.1420 0.5242
vn 0.1533 0.1856 0.9706
vn 0.1453 0.2339 0.9613
vn 0.2412 0.1363 0.9609
vn 0.2500 -0.0184 0.9681
vn 0.0953 0.3257 0.9407
vn 0.0809 0.4117 0.9077
vn 0.4796 0.1806 0.8587
vn 0.5512 -0.0235 0.8341
vn 0.5701 0.2034 0.7960
vn 0.4899 0.1366 0.8610
vn 0.5747 0.2498 0.7793
vn 0.5266 0.2252 0.8198
vn 0.5741 0.3603 0.7353
vn 0.4925 0.2915 0.8200
vn 0.5697 0.3827 0.7273
vn 0.5538 0.3679 0.7470
vn 0.3330 0.1494 0.9310
vn 0.3341 0.0063 0.9425
vn 0.6028 0.0388 0.7969
vn 0.4103 0.0654 0.9096
vn 0.2070 0.1345 0.9691
vn 0.2094 0.1097 0.9717
vn 0.0658 0.1645 0.9842
vn 0.0463 0.2918 0.9554
vn 0.2203 0.4245 0.8782
vn 0.2328 0.3452 0.9092
vn 0.7784 -0.0156 0.6276
vn 0.7774 -0.0092 0.6289
vn 0.6474 0.1108 0.7540
vn 0.6418 0.1263 0.7564
vn 0.4642 0.0599 0.8837
vn 0.4168 0.1428 0.8977
vn 0.5977 -0.0430 0.8006
vn 0.5953 -0.0340 0.8028
vn 0.7175 -0.1719 0.6751
vn 0.7172 -0.1674 0.6764
vn 0.8044 -0.0565 0.5913
vn 0.8053 -0.0660 0.5892
vn 0.7549 -0.2306 0.6140
vn 0.7546 -0.2364 0.6122
vn 0.8225 -0.1024 0.5594
vn 0.8224 -0.0981 0.5604
vn 0.2995 0.2787 0.9125
vn 0.2931 0.3103 0.9043
vn 0.3403 0.2655 0.9021
vn 0.3288 0.3292 0.8852
vn 0.4149 0.2447 0.8764
vn 0.3999 0.3405 0.8510
vn 0.5349 0.7084 0.4606
vn 0.4900 0.7004 0.5189
vn 0.4559 0.7410 0.4929
vn 0.5023 0.7479 0.4339
vn 0.5114 0.6389 0.5747
vn 0.5868 0.6559 0.4748
vn 0.7081 -0.3067 0.6361
vn 0.7077 -0.3090 0.6353
vn 0.6939 -0.2917 0.6583
vn 0.6928 -0.3029 0.6544
vn 0.6672 -0.3362 0.6647
vn 0.6666 -0.3393 0.6637
vn 0.6374 -0.3203 0.7008
vn 0.6378 -0.3170 0.7019
vn 0.6645 -0.2695 0.6970
vn 0.6642 -0.2765 0.6945
vn 0.5312 -0.2046 0.8222
vn 0.5276 -0.1830 0.8295
vn 0.4800 -0.2891 0.8282
vn 0.4779 -0.2527 0.8413
vn 0.6816 -0.3553 0.6396
vn 0.6830 -0.3484 0.6419
vn 0.6108 -0.4198 0.6714
vn 0.5643 -0.4704 0.6784
vn 0.7116 -0.3749 0.5942
vn 0.6959 -0.3754 0.6122
vn 0.5022 0.2335 0.8326
vn 0.4849 0.3558 0.7989
vn 0.7395 -0.2110 0.6392
vn 0.7440 -0.2100 0.6343
vn 0.3972 0.0064 0.9177
vn 0.3661 0.0558 0.9289
vn 0.1495 -0.7154 0.6826
vn 0.1165 -0.6807 0.7232
vn 0.2438 -0.5244 0.8158
vn 0.2073 -0.4737 0.8559
vn 0.2929 -0.4175 0.8601
vn 0.2445 -0.3206 0.9151
vn 0.1710 -0.6322 0.7557
vn 0.1120 -0.5286 0.8414
vn 0.4044 -0.1405 0.9037
vn 0.3501 -0.0360 0.9360
vn 0.1069 -0.6917 0.7143
vn 0.2190 -0.6365 0.7395
vn 0.2095 0.2990 0.9310
vn 0.3403 0.3114 0.8873
vn 0.1921 0.2236 0.9556
vn 0.2084 0.3002 0.9308
vn 0.5435 0.3806 0.7482
vn 0.5286 0.3966 0.7505
vn 0.3821 0.1524 0.9115
vn 0.4240 0.2247 0.8773
vn 0.0962 -0.1685 0.9810
vn 0.0113 -0.0641 0.9979
vn 0.3658 0.7516 0.5489
vn 0.3513 0.7474 0.5639
vn 0.1419 0.7645 0.6288
vn 0.1006 0.7437 0.6609
vn -0.0221 0.8621 0.5063
vn 0.0244 0.8717 0.4894
vn 0.3099 0.8447 0.4363
vn 0.2837 0.8582 0.4277
vn 0.0321 0.7219 0.6913
vn 0.0146 0.7102 0.7038
vn 0.4073 0.7421 0.5324
vn 0.4031 0.7404 0.5379
vn 0.4127 0.7822 0.4668
vn 0.4508 0.7871 0.4210
vn 0.3914 0.8208 0.4161
vn 0.3621 0.8172 0.4485
vn 0.3895 0.7445 0.5422
vn 0.3890 0.7443 0.5428
vn 0.3627 0.7397 0.5668
vn 0.3793 0.7496 0.5424
vn 0.3723 -0.7310 0.5718
vn 0.4958 -0.6578 0.5670
vn 0.1743 -0.5189 0.8369
vn 0.2181 -0.4895 0.8443
vn 0.3445 -0.2482 0.9054
vn 0.2996 -0.1723 0.9384
vn 0.1475 -0.7386 0.6579
vn 0.1226 -0.7131 0.6902
vn 0.3508 -0.0080 0.9364
vn 0.3787 0.0133 0.9254
vn 0.3331 -0.2449 0.9105
vn 0.2916 -0.2740 0.9164
vn 0.2023 -0.5520 0.8089
vn 0.2456 -0.5246 0.8152
vn 0.7039 -0.3784 0.6011
vn 0.7809 -0.2994 0.5483
vn 0.8138 -0.2149 0.5400
vn 0.7553 -0.2926 0.5865
vn 0.7351 -0.1116 0.6687
vn 0.6812 -0.1861 0.7081
vn 0.1698 -0.0598 0.9837
vn 0.2407 0.0529 0.9692
vn -0.0063 0.7215 0.6924
vn 0.0090 0.7102 0.7039
vn -0.1488 0.7939 0.5895
vn -0.0679 0.8314 0.5516
vn -0.0660 0.7832 0.6182
vn -0.0319 0.8016 0.5970
vn 0.7953 0.1191 0.5944
vn 0.7756 0.2260 0.5893
vn 0.7248 0.3987 0.5619
vn 0.7602 0.3067 0.5727
vn 0.7463 0.3200 0.5837
vn 0.7721 0.2300 0.5924
vn 0.7507 0.1795 0.6358
vn 0.7680 0.0294 0.6398
vn 0.7570 0.0481 0.6517
vn 0.6654 0.0823 0.7420
vn 0.6412 0.0036 0.7674
vn 0.6408 -0.1009 0.7610
vn 0.7382 0.3877 0.5520
vn 0.7055 0.4538 0.5444
vn 0.6317 0.5582 0.5380
vn 0.6061 0.5541 0.5707
vn 0.7035 0.4927 0.5121
vn 0.6571 0.4871 0.5753
vn 0.5405 0.5931 0.5968
vn 0.4911 0.5785 0.6513
vn 0.5789 0.1374 0.8037
vn 0.5737 0.0368 0.8182
vn 0.5769 0.1428 0.8042
vn 0.5822 0.3271 0.7443
vn 0.5975 0.4284 0.6779
vn 0.6366 0.3230 0.7003
vn 0.6470 0.2370 0.7248
vn 0.6237 0.3361 0.7057
vn 0.3128 0.5946 0.7407
vn 0.2851 0.6200 0.7309
vn 0.5753 0.0548 0.8161
vn 0.5882 0.1422 0.7961
vn 0.6031 0.2464 0.7586
vn 0.6587 0.2213 0.7191
vn 0.6214 0.2039 0.7565
vn 0.6396 0.1931 0.7440
vn 0.6516 0.1189 0.7492
vn 0.6684 0.1025 0.7367
vn 0.6188 0.0591 0.7833
vn 0.6494 0.0768 0.7565
vn 0.6703 0.0112 0.7420
vn 0.6301 -0.0038 0.7765
vn 0.6570 0.0583 0.7516
vn 0.6588 0.0823 0.7478
vn 0.6495 0.0889 0.7551
vn 0.6432 0.0572 0.7635
vn 0.6720 -0.0851 0.7357
vn 0.6258 -0.1009 0.7735
vn 0.6697 -0.0085 0.7426
vn 0.6908 0.0079 0.7230
vn 0.7110 0.1352 0.6901
vn 0.7094 0.0987 0.6979
vn 0.6268 -0.2153 0.7488
vn 0.5933 -0.2268 0.7724
vn 0.6801 -0.0403 0.7320
vn 0.6894 -0.0756 0.7204
vn 0.7319 0.1455 0.6657
vn 0.7266 0.1197 0.6766
vn 0.7344 0.1330 0.6655
vn 0.7382 0.1446 0.6589
vn 0.6769 0.0847 0.7312
vn 0.7030 0.0546 0.7091
vn 0.7010 -0.0040 0.7132
vn 0.6659 0.0413 0.7449
vn 0.5419 -0.3285 0.7735
vn 0.5447 -0.3277 0.7720
vn 0.6693 -0.1308 0.7314
vn 0.6718 -0.1446 0.7265
vn 0.6949 -0.0474 0.7175
vn 0.7109 -0.0342 0.7024
vn 0.7142 -0.0913 0.6940
vn 0.6952 -0.1032 0.7114
vn 0.7333 0.0856 0.6745
vn 0.7156 0.0323 0.6978
vn 0.7247 0.1194 0.6787
vn 0.7142 0.0826 0.6951
vn 0.7267 0.1045 0.6789
vn 0.7376 0.1330 0.6620
vn 0.7368 0.0468 0.6745
vn 0.7600 0.1042 0.6415
vn 0.6680 -0.0331 0.7434
vn 0.6396 -0.0280 0.7682
vn 0.4324 -0.4031 0.8065
vn 0.4798 -0.3925 0.7847
vn 0.6191 -0.2428 0.7469
vn 0.6174 -0.2254 0.7536
vn 0.6869 -0.1541 0.7103
vn 0.6946 -0.1502 0.7035
vn 0.5433 -0.3269 0.7733
vn 0.5428 -0.2638 0.7973
vn 0.3777 -0.3233 0.8677
vn 0.5142 -0.2964 0.8048
vn 0.6196 -0.2266 0.7514
vn 0.6601 -0.2099 0.7212
vn 0.5271 -0.2547 0.8108
vn 0.6196 -0.2267 0.7515
vn 0.7862 0.0764 0.6133
vn 0.7633 0.0312 0.6453
vn 0.8112 -0.0134 0.5846
vn 0.7973 -0.0453 0.6019
vn 0.7804 0.2349 0.5795
vn 0.7773 0.2295 0.5857
vn 0.7861 0.2068 0.5825
vn 0.7810 0.2222 0.5837
vn 0.8295 -0.0247 0.5580
vn 0.8100 -0.0626 0.5830
vn 0.8224 -0.0772 0.5636
vn 0.8368 -0.1194 0.5343
vn 0.7851 0.1806 0.5924
vn 0.7924 0.1635 0.5876
vn 0.8377 -0.1100 0.5349
vn 0.8449 -0.1361 0.5173
vn 0.8051 0.1266 0.5795
vn 0.7990 0.1041 0.5922
vn 0.8445 -0.1213 0.5217
vn 0.8521 -0.1466 0.5024
vn 0.9004 -0.1763 0.3977
vn 0.9012 -0.1803 0.3941
vn 0.8570 -0.0610 0.5117
vn 0.8419 -0.0216 0.5392
vn 0.8289 0.0233 0.5589
vn 0.8408 -0.0076 0.5414
vn 0.8137 -0.3070 0.4937
vn 0.8396 -0.2852 0.4623
vn 0.8979 -0.2303 0.3751
vn 0.8953 -0.2111 0.3922
vn 0.8531 -0.1390 0.5029
vn 0.8599 -0.1661 0.4826
vn 0.9499 -0.2033 0.2375
vn 0.9463 -0.2097 0.2462
vn 0.8680 0.1510 0.4731
vn 0.8683 0.1503 0.4727
vn 0.9435 0.0963 0.3170
vn 0.9383 0.1100 0.3280
vn 0.8771 -0.0902 0.4717
vn 0.8829 -0.0491 0.4671
vn 0.8702 -0.0237 0.4922
vn 0.8588 -0.0929 0.5038
vn 0.9329 -0.2707 0.2376
vn 0.9329 -0.2669 0.2416
vn 0.9659 -0.2108 0.1505
vn 0.9625 -0.2182 0.1612
vn 0.9743 0.0527 0.2191
vn 0.9670 0.0791 0.2423
vn 0.9383 0.1097 0.3280
vn 0.9318 0.1246 0.3408
vn 0.8701 0.1354 0.4738
vn 0.8746 0.1256 0.4682
vn 0.9036 -0.0349 0.4270
vn 0.9185 -0.0486 0.3925
vn 0.7778 -0.4654 0.4223
vn 0.8486 -0.4153 0.3277
vn 0.9456 -0.2857 0.1558
vn 0.9455 -0.2862 0.1553
vn 0.9587 0.0954 0.2681
vn 0.9681 0.0672 0.2416
vn 0.9842 0.0256 0.1751
vn 0.9780 0.0535 0.2016
vn 0.9309 0.0971 0.3521
vn 0.9270 0.1040 0.3603
vn 0.9043 0.0479 0.4242
vn 0.8933 0.0689 0.4441
vn 0.8866 0.0632 0.4582
vn 0.8905 0.0876 0.4465
vn 0.9321 0.1018 0.3477
vn 0.9292 0.1075 0.3536
vn 0.9095 0.0500 0.4127
vn 0.9107 0.0299 0.4119
vn 0.9120 0.0260 0.4093
vn 0.9126 -0.0232 0.4083
vn 0.9790 0.0375 0.2003
vn 0.9706 0.0682 0.2309
vn 0.9515 0.0873 0.2951
vn 0.9446 0.1011 0.3122
vn 0.9525 0.1013 0.2873
vn 0.9918 -0.0113 0.1273
vn 0.9860 0.0263 0.1648
vn 0.9300 0.0722 0.3604
vn 0.9326 0.0685 0.3544
vn 0.9202 0.0152 0.3912
vn 0.9122 0.0282 0.4087
vn 0.9110 0.0361 0.4108
vn 0.9043 0.0481 0.4242
vn 0.9297 0.0888 0.3575
vn 0.9288 0.0903 0.3595
vn 0.7696 -0.2555 0.5852
vn 0.8061 -0.2368 0.5423
vn 0.6824 -0.7163 0.1461
vn 0.6115 -0.7887 0.0628
vn 0.9614 0.0954 0.2580
vn 0.9596 0.0681 0.2730
vn 0.9592 0.0711 0.2735
vn 0.9517 0.0875 0.2943
vn 0.9866 0.0073 0.1630
vn 0.9800 0.0381 0.1954
vn 0.9427 0.0450 0.3305
vn 0.9445 0.0703 0.3208
vn 0.9494 0.0696 0.3062
vn 0.9427 0.0819 0.3235
vn 0.9273 0.0390 0.3722
vn 0.9237 0.0421 0.3807
vn 0.9312 0.0383 0.3625
vn 0.9257 0.0428 0.3759
vn 0.8810 0.1266 0.4559
vn 0.8799 0.1324 0.4563
vn 0.8990 0.0890 0.4289
vn 0.9010 0.0717 0.4279
vn 0.9676 0.0520 0.2469
vn 0.9595 0.0714 0.2726
vn 0.9495 0.0336 0.3120
vn 0.9514 0.0584 0.3025
vn 0.9556 0.0587 0.2888
vn 0.9497 0.0700 0.3052
vn 0.9354 0.0234 0.3528
vn 0.9319 0.0264 0.3617
vn 0.9197 0.0467 0.3899
vn 0.9220 0.0457 0.3845
vn 0.9106 0.0766 0.4061
vn 0.9142 0.0752 0.3983
vn 0.9177 0.0642 0.3921
vn 0.9212 0.0621 0.3841
vn 0.9256 0.0432 0.3761
vn 0.9221 0.0453 0.3843
vn 0.8622 0.1637 0.4794
vn 0.8597 0.1745 0.4801
vn 0.1391 -0.9821 -0.1268
vn 0.1313 -0.9824 -0.1328
vn 0.1874 -0.9745 -0.1232
vn 0.1872 -0.9746 -0.1230
vn 0.7765 -0.2090 0.5944
vn 0.7929 -0.1991 0.5759
vn 0.8028 -0.3656 0.4711
vn 0.8550 -0.3247 0.4045
vn 0.9627 0.0431 0.2670
vn 0.9553 0.0583 0.2898
vn 0.9534 0.0400 0.2991
vn 0.9585 0.0310 0.2835
vn 0.9430 0.0192 0.3321
vn 0.9362 0.0252 0.3506
vn 0.9236 0.0214 0.3826
vn 0.9241 0.0403 0.3800
vn 0.9325 0.0230 0.3603
vn 0.9272 0.0264 0.3736
vn 0.7359 0.3154 0.5992
vn 0.7503 0.2801 0.5988
vn 0.8292 0.2204 0.5137
vn 0.8287 0.2221 0.5137
vn 0.1258 -0.9846 -0.1218
vn 0.1192 -0.9847 -0.1274
vn 0.9483 0.0145 0.3171
vn 0.9431 0.0193 0.3321
vn 0.9285 0.0160 0.3711
vn 0.9291 0.0367 0.3680
vn 0.9373 0.0187 0.3479
vn 0.9322 0.0221 0.3613
vn 0.9045 0.0743 0.4200
vn 0.8950 0.0758 0.4397
vn 0.8819 0.1395 0.4504
vn 0.8853 0.1161 0.4503
vn 0.8988 0.1012 0.4265
vn 0.9018 0.1005 0.4203
vn 0.9170 0.0566 0.3950
vn 0.9095 0.0587 0.4115
vn 0.5950 0.3451 0.7259
vn 0.6162 0.3551 0.7030
vn 0.7035 0.3062 0.6413
vn 0.6866 0.3424 0.6413
vn 0.9333 0.0295 0.3579
vn 0.9380 0.0273 0.3457
vn 0.9430 0.0199 0.3323
vn 0.9389 0.0227 0.3436
vn 0.9071 0.0603 0.4166
vn 0.9078 0.0392 0.4176
vn 0.9222 0.0273 0.3856
vn 0.9161 0.0292 0.3999
vn 0.8897 0.0899 0.4477
vn 0.8810 0.0905 0.4643
vn 0.8589 0.1585 0.4870
vn 0.8638 0.1586 0.4782
vn 0.4429 0.2818 0.8511
vn 0.4127 0.3249 0.8509
vn 0.5111 0.3137 0.8002
vn 0.4821 0.3593 0.7991
vn 0.3764 0.1698 0.9108
vn 0.4041 0.1918 0.8944
vn 0.4258 0.1829 0.8861
vn 0.3915 0.2334 0.8901
vn 0.3521 0.1390 0.9256
vn 0.3834 0.1672 0.9083
vn 0.3173 0.3062 0.8975
vn 0.3204 0.3091 0.8954
vn 0.3151 0.3248 0.8918
vn 0.3158 0.3255 0.8913
vn 0.9254 0.0292 0.3778
vn 0.9231 0.0300 0.3834
vn 0.9142 0.0618 0.4006
vn 0.9147 0.0435 0.4017
vn 0.8956 0.0757 0.4385
vn 0.8931 0.0760 0.4433
vn 0.8703 0.1150 0.4788
vn 0.8587 0.1147 0.4994
vn 0.8237 0.1553 0.5454
vn 0.8076 0.1534 0.5695
vn 0.7705 0.2488 0.5869
vn 0.7852 0.2022 0.5853
vn 0.8350 0.1983 0.5133
vn 0.8406 0.1749 0.5126
vn 0.3973 0.2703 0.8770
vn 0.4228 0.2911 0.8582
vn 0.3765 0.2371 0.8956
vn 0.4080 0.2660 0.8734
vn 0.2638 0.3173 0.9109
vn 0.2546 0.3278 0.9098
vn 0.2583 0.3379 0.9050
vn 0.2498 0.3477 0.9037
vn 0.3381 0.2844 0.8971
vn 0.3532 0.2985 0.8866
vn 0.9291 0.0476 0.3668
vn 0.9309 0.0470 0.3623
vn 0.9231 0.0754 0.3770
vn 0.9236 0.0635 0.3780
vn 0.9017 0.0830 0.4242
vn 0.8974 0.0836 0.4331
vn 0.8783 0.1124 0.4647
vn 0.8812 0.0880 0.4645
vn 0.8352 0.1707 0.5227
vn 0.8414 0.1425 0.5213
vn 0.7776 0.1695 0.6055
vn 0.7953 0.1727 0.5811
vn 0.7235 0.2041 0.6595
vn 0.6974 0.1972 0.6890
vn 0.6364 0.2812 0.7183
vn 0.6537 0.2900 0.6990
vn 0.7211 0.2463 0.6475
vn 0.7430 0.2542 0.6191
vn 0.1335 0.3429 0.9298
vn 0.1386 0.3475 0.9274
vn 0.0538 0.3394 0.9391
vn 0.0566 0.3419 0.9380
vn 0.0291 0.3402 0.9399
vn 0.0421 0.3518 0.9351
vn 0.1038 0.3589 0.9276
vn 0.1131 0.3676 0.9231
vn 0.2802 0.2908 0.9148
vn 0.2663 0.3067 0.9138
vn 0.3509 0.3139 0.8822
vn 0.3677 0.3297 0.8695
vn 0.9053 0.0987 0.4132
vn 0.9126 0.0977 0.3971
vn 0.8860 0.1122 0.4499
vn 0.8870 0.1036 0.4499
vn 0.8449 0.1711 0.5068
vn 0.8482 0.1558 0.5062
vn 0.8186 0.1610 0.5513
vn 0.8097 0.1947 0.5536
vn 0.7658 0.2218 0.6036
vn 0.7443 0.2182 0.6312
vn 0.5826 0.2189 0.7827
vn 0.6026 0.2269 0.7651
vn 0.5247 0.2269 0.8205
vn 0.5394 0.2333 0.8091
vn 0.4727 0.2990 0.8289
vn 0.4926 0.3119 0.8124
vn 0.5245 0.3108 0.7927
vn 0.5371 0.3193 0.7807
vn 0.0315 0.3412 0.9395
vn 0.0313 0.3410 0.9395
vn 0.0295 0.3402 0.9399
vn 0.0273 0.3382 0.9407
vn 0.1547 0.3060 0.9394
vn 0.1622 0.3128 0.9359
vn 0.0928 0.2974 0.9502
vn 0.0802 0.3080 0.9480
vn 0.2972 0.3092 0.9034
vn 0.2727 0.3365 0.9013
vn 0.3618 0.3666 0.8572
vn 0.3796 0.3832 0.8421
vn 0.8922 0.1314 0.4321
vn 0.8943 0.1148 0.4324
vn 0.8522 0.1929 0.4864
vn 0.8553 0.1793 0.4860
vn 0.8292 0.1726 0.5316
vn 0.8220 0.2000 0.5332
vn 0.7831 0.2257 0.5795
vn 0.7659 0.2227 0.6032
vn 0.6456 0.2395 0.7252
vn 0.6232 0.2881 0.7270
vn 0.5762 0.2499 0.7782
vn 0.5559 0.2868 0.7802
vn 0.5071 0.2397 0.8279
vn 0.4945 0.2334 0.8372
vn 0.4548 0.2854 0.8436
vn 0.4739 0.2984 0.8285
vn 0.4703 0.2492 0.8466
vn 0.4646 0.2458 0.8507
vn 0.4364 0.2697 0.8584
vn 0.4560 0.2848 0.8432
vn 0.0530 0.3008 0.9522
vn 0.0468 0.2953 0.9543
vn 0.1611 0.3188 0.9340
vn 0.1703 0.3271 0.9295
vn 0.1023 0.3076 0.9460
vn 0.0893 0.3183 0.9438
vn 0.3069 0.3635 0.8796
vn 0.2838 0.3881 0.8768
vn 0.8320 0.2066 0.5149
vn 0.8391 0.2067 0.5033
vn 0.7989 0.2369 0.5529
vn 0.7834 0.2343 0.5756
vn 0.6692 0.2449 0.7016
vn 0.6449 0.2985 0.7036
vn 0.5981 0.2479 0.7621
vn 0.5742 0.2920 0.7648
vn 0.5422 0.2743 0.7942
vn 0.5185 0.2615 0.8141
vn 0.5022 0.2718 0.8209
vn 0.4848 0.2606 0.8349
vn 0.0585 0.3110 0.9486
vn 0.0524 0.3057 0.9507
vn 0.1645 0.3593 0.9186
vn 0.1789 0.3724 0.9107
vn 0.0962 0.3448 0.9337
vn 0.1062 0.3534 0.9294
vn 0.5972 0.2766 0.7529
vn 0.6240 0.2905 0.7254
vn 0.6691 0.2802 0.6883
vn 0.6877 0.2884 0.6663
vn 0.5641 0.2721 0.7796
vn 0.5431 0.2601 0.7984
vn 0.5240 0.2720 0.8071
vn 0.5034 0.2579 0.8247
vn 0.0666 0.3469 0.9355
vn 0.0554 0.3374 0.9397
vn 0.7305 -0.5876 0.3481
vn 0.8066 -0.5379 0.2452
vn 0.5861 0.2842 0.7587
vn 0.5642 0.2709 0.7799
vn 0.5458 0.2821 0.7890
vn 0.5244 0.2670 0.8085
vn 0.8072 -0.3169 0.4979
vn 0.7545 -0.3392 0.5618
vn 0.5701 -0.0095 0.8215
vn 0.5735 0.0734 0.8159
vn 0.5594 0.1625 0.8128
vn 0.5415 0.1549 0.8263
vn 0.5202 0.0048 0.8540
vn 0.4974 -0.0048 0.8675
vn 0.4042 -0.2165 0.8887
vn 0.4491 -0.1939 0.8722
vn 0.3402 -0.3872 0.8570
vn 0.3182 -0.2840 0.9045
vn 0.2352 -0.5502 0.8012
vn 0.2394 -0.5559 0.7960
vn 0.2995 -0.2759 0.9133
vn 0.2917 -0.2818 0.9140
vn 0.3560 -0.0519 0.9330
vn 0.3189 0.0013 0.9478
vn 0.6918 0.0884 0.7166
vn 0.6958 0.0752 0.7143
vn 0.6394 -0.0644 0.7662
vn 0.6422 -0.0780 0.7626
vn 0.5739 -0.2061 0.7926
vn 0.5753 -0.2196 0.7879
vn 0.5376 -0.2620 0.8015
vn 0.5378 -0.2819 0.7946
vn 0.1115 -0.8398 0.5313
vn 0.2277 -0.7983 0.5575
vn 0.7000 0.2891 0.6530
vn 0.7027 0.2820 0.6533
vn 0.7020 0.2951 0.6482
vn 0.7029 0.2965 0.6465
vn 0.7273 0.1959 0.6578
vn 0.7465 0.1468 0.6490
vn 0.7487 0.1235 0.6513
vn 0.7676 0.0717 0.6369
vn 0.7864 -0.0102 0.6177
vn 0.8072 -0.0773 0.5852
vn 0.8071 -0.0725 0.5860
vn 0.8239 -0.1288 0.5519
vn 0.8431 -0.1698 0.5103
vn 0.8553 -0.1046 0.5074
vn 0.8431 -0.1700 0.5102
vn 0.8234 -0.1068 0.5573
vn -0.0705 0.8201 0.5679
vn -0.0613 0.8252 0.5615
vn -0.1633 0.8152 0.5556
vn -0.1354 0.8298 0.5415
vn -0.0960 0.8685 0.4863
vn -0.0030 0.8801 0.4747
vn 0.4419 0.5733 0.6900
vn 0.4056 0.6102 0.6805
vn 0.5854 0.5710 0.5755
vn 0.5670 0.5931 0.5716
vn 0.6520 -0.0286 0.7577
vn 0.6031 0.0065 0.7977
vn 0.6890 -0.0502 0.7230
vn 0.6460 -0.0097 0.7633
vn 0.5958 0.0398 0.8021
vn 0.5602 0.0431 0.8272
vn 0.9129 -0.1277 0.3877
vn 0.9187 -0.1588 0.3618
vn 0.8314 -0.1317 0.5399
vn 0.8348 -0.1417 0.5319
vn 0.9036 -0.1552 0.3994
vn 0.9112 -0.1424 0.3865
vn 0.9634 -0.1261 0.2367
vn 0.9645 -0.1402 0.2238
vn 0.9791 -0.1371 0.1500
vn 0.9791 -0.1450 0.1424
vn 0.9731 -0.1704 0.1548
vn 0.9754 -0.1644 0.1470
vn 0.9570 -0.1604 0.2416
vn 0.9599 -0.1543 0.2340
vn 0.9519 -0.3002 0.0611
vn 0.9515 -0.3019 0.0591
vn 0.9719 -0.2280 0.0591
vn 0.9727 -0.2229 0.0646
vn 0.9815 -0.1806 0.0633
vn 0.9823 -0.1776 0.0593
vn 0.9855 -0.1584 0.0611
vn 0.9860 -0.1533 0.0662
vn 0.9483 -0.2350 -0.2134
vn 0.9473 -0.2370 -0.2156
vn 0.9647 -0.2032 -0.1673
vn 0.9275 -0.1574 0.3390
vn 0.9225 -0.1254 0.3651
vn 0.9697 -0.1294 0.2073
vn 0.9680 -0.1069 0.2271
vn 0.9821 -0.1198 0.1451
vn 0.9822 -0.1238 0.1414
vn 0.9881 -0.1380 0.0677
vn 0.9884 -0.1338 0.0717
vn 0.9619 -0.2138 -0.1702
vn 0.9732 -0.1871 -0.1340
vn 0.8793 -0.1150 0.4622
vn 0.8927 -0.1289 0.4317
vn 0.8894 -0.0726 0.4514
vn 0.8878 -0.1040 0.4483
vn 0.8990 -0.0531 0.4348
vn 0.8814 -0.0462 0.4701
vn 0.8819 0.0081 0.4714
vn 0.8830 -0.0078 0.4694
vn 0.8707 0.0329 0.4908
vn 0.8664 0.0655 0.4950
vn 0.8512 0.0961 0.5160
vn 0.8494 0.0961 0.5189
vn 0.8175 0.1479 0.5566
vn 0.8185 0.1439 0.5561
vn 0.7237 0.2493 0.6435
vn 0.7316 0.2286 0.6423
vn 0.6844 0.2540 0.6834
vn 0.6694 0.2878 0.6848
vn 0.5646 0.2963 0.7704
vn 0.5964 0.3105 0.7402
vn 0.4955 0.2197 0.8403
vn 0.4572 0.2823 0.8434
vn 0.7175 -0.1493 0.6803
vn 0.7273 -0.1437 0.6711
vn 0.7224 -0.1582 0.6731
vn 0.7185 -0.1601 0.6769
vn 0.6978 -0.1650 0.6971
vn 0.7201 -0.1558 0.6762
vn 0.7441 -0.1739 0.6450
vn 0.7471 -0.1722 0.6421
vn 0.6728 -0.1643 0.7213
vn 0.7020 -0.1552 0.6951
vn 0.6768 -0.1565 0.7193
vn 0.6769 -0.1565 0.7193
vn 0.4193 -0.2325 0.8776
vn 0.5659 -0.2057 0.7984
vn 0.4975 0.1293 0.8578
vn 0.4991 0.0573 0.8646
vn -0.1565 0.8682 0.4709
vn -0.1055 0.8645 0.4914
vn -0.0622 0.8841 0.4632
vn -0.0671 0.8855 0.4598
vn -0.0091 0.6995 0.7146
vn 0.0097 0.7161 0.6980
vn 0.1818 0.8341 0.5208
vn 0.1682 0.8307 0.5307
vn 0.2613 0.8396 0.4762
vn 0.3260 0.8035 0.4982
vn 0.3982 0.8064 0.4372
vn 0.3905 0.8055 0.4457
vn 0.4599 0.7662 0.4488
vn 0.4956 0.7689 0.4039
vn 0.5120 0.7176 0.4721
vn 0.5590 0.7216 0.4085
vn 0.5435 0.6689 0.5071
vn 0.5984 0.6744 0.4325
vn -0.0436 0.7381 0.6733
vn -0.0067 0.7153 0.6988
vn 0.6115 0.5188 0.5975
vn 0.7134 0.5188 0.4710
vn 0.6599 0.6031 0.4481
vn 0.5975 0.5979 0.5344
vn 0.7507 0.3292 0.5728
vn 0.6524 0.3484 0.6730
vn 0.7703 0.2170 0.5996
vn 0.6584 0.2512 0.7095
vn 0.6322 0.1955 0.7497
vn 0.7315 0.1541 0.6642
vn 0.6006 0.1567 0.7841
vn 0.6887 0.1099 0.7167
vn 0.5795 0.0382 0.8140
vn 0.5794 0.0359 0.8143
vn 0.5915 0.0510 0.8047
vn 0.6417 0.0039 0.7670
vn 0.6484 0.4820 0.5893
vn 0.4975 0.5039 0.7061
vn 0.6517 0.4907 0.5784
vn 0.7134 0.3662 0.5974
vn 0.5007 0.2093 0.8400
vn 0.5048 0.1194 0.8550
vn 0.5314 0.1396 0.8355
vn 0.5301 0.0376 0.8471
vn 0.4303 0.2808 0.8579
vn 0.4232 0.3351 0.8418
vn 0.4138 0.1586 0.8964
vn 0.4049 0.2618 0.8760
vn 0.4063 0.1527 0.9009
vn 0.4854 0.1185 0.8662
vn 0.5414 0.1002 0.8348
vn 0.5426 0.0652 0.8374
vn 0.5114 0.2803 0.8124
vn 0.5169 0.2215 0.8269
vn 0.8060 -0.0826 0.5861
vn 0.8205 -0.1198 0.5589
vn 0.7966 -0.0092 0.6045
vn 0.7833 -0.0446 0.6200
vn 0.7937 -0.1049 0.5992
vn 0.8049 -0.1305 0.5789
vn 0.6558 0.1219 0.7450
vn 0.6528 0.1769 0.7366
vn 0.6142 0.0950 0.7834
vn 0.6639 0.0575 0.7456
vn 0.6563 -0.0036 0.7545
vn 0.6182 0.0300 0.7854
vn 0.5997 0.1572 0.7847
vn 0.5949 0.2216 0.7727
vn 0.5532 0.1244 0.8237
vn 0.6189 0.0853 0.7808
vn 0.6219 0.0199 0.7828
vn 0.5736 0.0540 0.8174
vn 0.2899 -0.3691 0.8830
vn 0.2627 -0.4086 0.8741
vn 0.1477 -0.4302 0.8906
vn 0.1327 -0.4469 0.8847
vn 0.0520 -0.4535 0.8897
vn 0.0306 -0.4742 0.8799
vn 0.4976 -0.2373 0.8343
vn 0.4709 -0.2302 0.8516
vn 0.2681 -0.1343 0.9540
vn 0.2459 -0.1692 0.9544
vn 0.1445 -0.1902 0.9711
vn 0.1262 -0.2127 0.9689
vn 0.0484 -0.2205 0.9742
vn 0.0451 -0.2240 0.9735
vn 0.7714 -0.2033 0.6031
vn 0.7811 -0.1966 0.5927
vn 0.6110 0.0277 0.7912
vn 0.6088 -0.0274 0.7929
vn 0.8306 -0.1485 0.5367
vn 0.8303 -0.1477 0.5374
vn 0.7797 -0.1218 0.6142
vn 0.7935 -0.1493 0.5900
vn 0.7538 -0.2228 0.6182
vn 0.7193 -0.2333 0.6543
vn 0.8427 0.1417 0.5193
vn 0.8477 0.1493 0.5091
vn 0.8417 0.1767 0.5103
vn 0.8358 0.1655 0.5235
vn 0.8325 0.1640 0.5292
vn 0.8310 0.1591 0.5330
vn 0.8423 0.1328 0.5224
vn 0.8384 0.1174 0.5322
vn 0.8620 0.0280 0.5062
vn 0.8678 0.0592 0.4935
vn 0.8714 0.0306 0.4896
vn 0.8869 -0.0031 0.4619
vn 0.8921 0.0211 0.4513
vn 0.8880 -0.0131 0.4596
vn 0.9033 -0.0025 0.4290
vn 0.8998 -0.0346 0.4349
vn 0.9186 -0.0062 0.3951
vn 0.9191 0.0208 0.3934
vn 0.5731 -0.4549 0.6817
vn 0.5487 -0.4503 0.7044
vn 0.9147 0.0558 0.4003
vn 0.9153 0.0346 0.4012
vn 0.6169 -0.6464 0.4490
vn 0.5374 -0.6467 0.5413
vn 0.9116 0.0799 0.4033
vn 0.9129 0.0611 0.4035
vn 0.2892 -0.8308 0.4755
vn 0.2582 -0.8549 0.4499
vn 0.9013 0.1117 0.4184
vn 0.9024 0.1031 0.4183
vn 0.2985 -0.6128 0.7317
vn 0.2647 -0.6525 0.7101
vn 0.8833 0.1502 0.4441
vn 0.8836 0.1488 0.4440
vn 0.8626 0.1844 0.4711
vn 0.8616 0.1886 0.4713
vn 0.1335 -0.8778 0.4600
vn 0.1192 -0.8858 0.4485
vn 0.8298 0.2352 0.5061
vn 0.8363 0.2120 0.5055
vn 0.1489 -0.6737 0.7238
vn 0.1255 -0.6941 0.7089
vn 0.7507 0.3061 0.5855
vn 0.7707 0.2523 0.5851
vn 0.0277 -0.8918 0.4516
vn 0.0368 -0.8877 0.4589
vn 0.7218 0.2818 0.6321
vn 0.7034 0.3250 0.6322
vn 0.6351 0.3147 0.7054
vn 0.6165 0.3500 0.7053
vn 0.5220 0.3326 0.7854
vn 0.5055 0.3588 0.7847
vn 0.4725 0.3004 0.8285
vn 0.4333 0.3568 0.8276
vn 0.7600 -0.6057 0.2358
vn 0.7007 -0.6987 0.1443
vn 0.8085 -0.4989 0.3122
vn 0.7741 -0.5881 0.2343
vn 0.4230 0.2894 0.8587
vn 0.4517 0.3110 0.8362
vn 0.4037 0.2980 0.8650
vn 0.4389 0.2494 0.8632
vn 0.9737 -0.1847 -0.1334
vn 0.9811 -0.1621 -0.1056
vn 0.9899 -0.1222 0.0720
vn 0.9899 -0.1214 0.0728
vn 0.9734 -0.1208 0.1946
vn 0.9724 -0.1031 0.2095
vn 0.7415 -0.1872 0.6443
vn 0.7405 -0.1824 0.6468
vn 0.7461 -0.1682 0.6443
vn 0.9837 -0.1091 0.1429
vn 0.9838 -0.1180 0.1351
vn 0.7320 -0.1118 0.6721
vn 0.7029 -0.1035 0.7037
vn 0.6678 -0.0156 0.7442
vn 0.6594 -0.0908 0.7463
vn 0.7112 -0.0357 0.7021
vn 0.6975 -0.1144 0.7073
vn 0.7700 -0.1483 0.6205
vn 0.7796 -0.1208 0.6145
vn 0.7425 -0.0277 0.6693
vn 0.7253 -0.1016 0.6809
vn 0.2911 0.3211 0.9012
vn 0.3042 0.3229 0.8962
vn 0.2895 0.3345 0.8968
vn 0.3065 0.3371 0.8902
vn 0.8382 -0.3296 0.4344
vn 0.8302 -0.3981 0.3902
vn 0.8064 -0.5006 0.3148
vn 0.7610 -0.6075 0.2276
vn 0.7819 -0.0201 0.6231
vn 0.7673 -0.0644 0.6381
vn 0.8325 -0.3937 0.3897
vn 0.8080 -0.4983 0.3145
vn 0.7645 -0.0341 0.6437
vn 0.7506 -0.0826 0.6556
vn 0.3938 0.4670 0.7917
vn 0.4274 0.4579 0.7796
vn 0.4981 0.5046 0.7052
vn 0.4633 0.5148 0.7213
vn 0.6569 0.0010 0.7539
vn 0.6495 0.0251 0.7600
vn 0.7350 0.0064 0.6780
vn 0.7946 -0.0467 0.6053
vn 0.3879 0.6016 0.6983
vn 0.3932 0.5468 0.7392
vn 0.3253 0.5259 0.7859
vn 0.3332 0.4839 0.8092
vn 0.1583 0.5539 0.8174
vn 0.1753 0.4614 0.8697
vn 0.1758 0.6265 0.7594
vn 0.2920 0.5959 0.7481
vn 0.7274 0.1570 0.6680
vn 0.7351 0.1495 0.6613
vn 0.7128 0.1596 0.6830
vn 0.7201 0.1525 0.6769
vn 0.7389 0.1376 0.6596
vn 0.7401 0.1474 0.6561
vn 0.7216 0.0998 0.6851
vn 0.7244 0.1338 0.6762
vn 0.7372 0.1446 0.6600
vn 0.7337 0.1303 0.6669
vn 0.7143 0.1297 0.6877
vn 0.7061 0.0906 0.7023
vn 0.7105 0.0603 0.7011
vn 0.6929 0.0934 0.7149
vn 0.6977 -0.1196 0.7064
vn 0.6921 -0.1015 0.7146
vn 0.7018 -0.1511 0.6962
vn 0.7019 -0.1514 0.6960
vn 0.6873 -0.1438 0.7120
vn 0.6881 -0.1466 0.7106
vn 0.6743 -0.1520 0.7227
vn 0.6852 -0.1906 0.7029
vn 0.6491 -0.1707 0.7413
vn 0.6580 -0.2087 0.7235
vn 0.6471 -0.1474 0.7480
vn 0.6564 -0.1877 0.7306
vn 0.6052 -0.1552 0.7808
vn 0.6179 -0.2257 0.7532
vn 0.5555 -0.1050 0.8248
vn 0.5693 -0.2082 0.7953
vn 0.6100 -0.1449 0.7791
vn 0.6528 -0.1373 0.7450
vn 0.7919 0.0255 0.6101
vn 0.8096 -0.0203 0.5867
vn 0.5177 0.4259 0.7420
vn 0.5817 0.4080 0.7037
vn 0.5020 0.3955 0.7692
vn 0.4872 0.3997 0.7764
vn 0.5699 0.3241 0.7551
vn 0.5654 0.3256 0.7579
vn 0.5938 0.3497 0.7246
vn 0.6013 0.3120 0.7356
vn 0.6173 0.2658 0.7405
vn 0.6410 0.2552 0.7239
vn 0.6338 0.2722 0.7240
vn 0.6285 0.2745 0.7278
vn 0.6653 0.2193 0.7137
vn 0.6909 0.2038 0.6937
vn 0.6582 0.2337 0.7157
vn 0.6730 0.2252 0.7045
vn 0.7084 -0.0344 0.7050
vn 0.7102 -0.0256 0.7035
vn 0.7020 -0.0539 0.7101
vn 0.7039 -0.0525 0.7084
vn 0.3932 0.1592 0.9056
vn 0.4461 0.1420 0.8837
vn 0.3358 0.2334 0.9126
vn 0.3451 0.1636 0.9242
vn 0.4300 0.2626 0.8638
vn 0.4427 0.0955 0.8916
vn 0.3124 0.2338 0.9207
vn 0.3222 0.1398 0.9363
vn 0.2292 0.1979 0.9530
vn 0.2700 0.1928 0.9434
vn 0.4812 0.2079 0.8516
vn 0.6225 0.1922 0.7586
vn 0.2034 0.2369 0.9500
vn 0.2462 0.2298 0.9416
vn 0.7341 -0.0433 0.6776
vn 0.7057 -0.0024 0.7085
vn 0.7662 0.0363 0.6416
vn 0.7495 -0.0110 0.6619
vn 0.7686 -0.0102 0.6397
vn 0.7914 0.0451 0.6097
vn 0.5151 -0.0791 0.8535
vn 0.5429 -0.0408 0.8388
vn 0.3340 -0.1462 0.9312
vn 0.5147 -0.1327 0.8470
vn 0.2515 -0.2684 0.9299
vn 0.4587 -0.2491 0.8530
vn 0.1811 -0.3398 0.9229
vn 0.1384 -0.3198 0.9373
vn 0.0440 -0.3082 0.9503
vn 0.0170 -0.2894 0.9571
vn 0.0723 -0.3059 0.9493
vn 0.1059 -0.3249 0.9398
vn 0.1780 -0.3405 0.9233
vn 0.1826 -0.3425 0.9216
vn 0.0524 -0.0230 0.9984
vn 0.0414 -0.0340 0.9986
vn 0.1472 0.0101 0.9891
vn 0.1238 -0.0171 0.9922
vn 0.2415 0.0371 0.9697
vn 0.2333 0.0252 0.9721
vn 0.3653 0.0777 0.9276
vn 0.3580 0.0798 0.9303
vn 0.3695 -0.1138 0.9222
vn 0.3770 0.0371 0.9255
vn 0.0545 0.1122 0.9922
vn 0.0470 0.1055 0.9933
vn 0.1423 0.1256 0.9818
vn 0.1343 0.1174 0.9840
vn 0.2126 0.1275 0.9688
vn 0.2202 0.1369 0.9658
vn 0.2856 0.1128 0.9517
vn 0.3573 0.0941 0.9292
vn 0.2805 -0.2473 0.9274
vn 0.3169 -0.0611 0.9465
vn 0.0543 0.1189 0.9914
vn 0.0490 0.1227 0.9912
vn 0.1184 0.1235 0.9853
vn 0.1436 0.1081 0.9837
vn 0.8621 -0.5042 0.0507
vn 0.8462 -0.5327 0.0103
vn 0.8594 -0.4923 0.1379
vn 0.8712 -0.4783 0.1102
vn 0.8600 -0.4604 0.2201
vn 0.8786 -0.4409 0.1836
vn 0.8709 -0.3568 0.3380
vn 0.8683 -0.3928 0.3029
vn 0.8547 -0.2518 0.4540
vn 0.8584 -0.3025 0.4143
vn 0.8488 -0.2007 0.4891
vn 0.8542 -0.2515 0.4551
vn 0.8468 -0.1256 0.5169
vn 0.8310 -0.1465 0.5366
vn 0.8158 -0.1093 0.5679
vn 0.8274 -0.0943 0.5537
vn 0.7464 0.2795 0.6039
vn 0.7628 0.2343 0.6027
vn 0.7295 0.2674 0.6295
vn 0.7453 0.2239 0.6281
vn 0.7094 0.2613 0.6546
vn 0.7282 0.2096 0.6526
vn 0.6817 0.2155 0.6992
vn 0.6587 0.2079 0.7232
vn 0.5982 0.3122 0.7380
vn 0.6145 0.2802 0.7375
vn 0.5771 0.3572 0.7344
vn 0.5975 0.3207 0.7349
vn 0.5560 0.3719 0.7434
vn 0.5797 0.3314 0.7444
vn 0.5291 0.3201 0.7859
vn 0.5642 0.2572 0.7846
vn 0.4989 0.1836 0.8470
vn 0.5292 0.1231 0.8395
vn 0.4462 0.0300 0.8944
vn 0.4778 -0.0428 0.8774
vn 0.3561 -0.1898 0.9150
vn 0.3863 -0.2701 0.8819
vn 0.2289 -0.3461 0.9099
vn 0.2684 -0.4730 0.8392
vn 0.8095 0.2402 0.5357
vn 0.8200 0.2064 0.5339
vn 0.7985 0.2198 0.5605
vn 0.8069 0.1916 0.5588
vn 0.7869 0.2092 0.5805
vn 0.7959 0.1787 0.5784
vn 0.7640 0.1892 0.6168
vn 0.7392 0.1837 0.6479
vn 0.6822 0.2638 0.6819
vn 0.6982 0.2705 0.6629
vn 0.6822 0.2950 0.6690
vn 0.6612 0.3394 0.6691
vn 0.6398 0.3615 0.6782
vn 0.6617 0.3193 0.6784
vn 0.6278 0.3020 0.7174
vn 0.6401 0.2771 0.7166
vn 0.5983 0.1519 0.7867
vn 0.6099 0.1238 0.7827
vn 0.5628 -0.0136 0.8265
vn 0.5497 -0.0178 0.8352
vn 0.4552 -0.1978 0.8682
vn 0.4960 -0.1796 0.8496
vn 0.4040 -0.3198 0.8570
vn 0.3945 -0.2492 0.8844
vn 0.5201 -0.0458 0.8528
vn 0.5256 -0.1428 0.8386
vn 0.3875 -0.0208 0.9216
vn 0.4204 -0.0308 0.9068
vn 0.4861 0.0193 0.8737
vn 0.4863 -0.0829 0.8699
vn 0.6721 0.0715 0.7370
vn 0.6793 -0.0773 0.7298
vn 0.6225 0.1194 0.7735
vn 0.6294 0.0320 0.7764
vn 0.6426 0.1556 0.7502
vn 0.6547 0.1460 0.7416
vn 0.6968 0.1858 0.6928
vn 0.6956 0.1943 0.6916
vn 0.7119 0.1660 0.6824
vn 0.7093 0.1946 0.6775
vn 0.6884 0.1504 0.7095
vn 0.6891 0.1048 0.7171
vn 0.6531 0.0853 0.7525
vn 0.6865 0.0537 0.7252
vn 0.6755 0.0011 0.7374
vn 0.6452 0.0334 0.7633
vn 0.7129 -0.0414 0.7000
vn 0.6761 0.0014 0.7368
vn 0.7469 0.0184 0.6647
vn 0.7325 -0.0289 0.6802
vn 0.7123 0.0582 0.6995
vn 0.6989 0.0090 0.7152
vn 0.6943 0.0909 0.7139
vn 0.7181 0.0597 0.6933
vn 0.7251 0.1255 0.6772
vn 0.7221 0.1011 0.6843
vn 0.7418 0.1421 0.6554
vn 0.7415 0.1326 0.6577
vn 0.7304 0.1265 0.6712
vn 0.7246 0.1334 0.6762
vn 0.6621 0.0722 0.7460
vn 0.6619 0.0933 0.7437
vn 0.5943 -0.0127 0.8041
vn 0.5957 0.0404 0.8022
vn 0.6044 -0.0083 0.7966
vn 0.6027 -0.0481 0.7965
vn 0.6580 -0.3989 0.6386
vn 0.6468 -0.4399 0.6230
vn 0.7733 0.0850 0.6284
vn 0.7707 0.0849 0.6315
vn 0.6927 -0.0246 0.7208
vn 0.6508 -0.0119 0.7592
vn 0.6055 -0.0984 0.7897
vn 0.5695 -0.0770 0.8184
vn 0.6025 0.2273 0.7651
vn 0.6351 0.2246 0.7391
vn 0.7558 0.0314 0.6541
vn 0.7176 0.0401 0.6953
vn 0.2857 -0.6813 0.6740
vn 0.2490 -0.7391 0.6258
vn 0.4539 -0.5573 0.6953
vn 0.4367 -0.5985 0.6717
vn 0.1895 -0.6415 0.7433
vn 0.1700 -0.7094 0.6840
vn 0.0047 -0.9695 0.2449
vn 0.0380 -0.9830 0.1797
vn -0.2585 -0.9306 0.2592
vn -0.2208 -0.8776 0.4256
vn 0.0329 -0.8992 0.4364
vn 0.0174 -0.8841 0.4670
vn 0.0844 -0.8770 0.4730
vn 0.0706 -0.8686 0.4904
vn 0.3233 -0.6690 0.6692
vn 0.2957 -0.7176 0.6306
vn 0.3655 -0.6592 0.6571
vn 0.3436 -0.6953 0.6312
vn 0.4261 -0.5689 0.7034
vn 0.3722 -0.6611 0.6515
vn 0.6966 -0.3229 0.6406
vn 0.7198 -0.2067 0.6627
vn 0.2282 -0.7097 0.6666
vn 0.2076 -0.7406 0.6390
vn 0.1992 -0.5642 0.8013
vn 0.1855 -0.6068 0.7729
vn 0.0771 -0.6511 0.7551
vn 0.0206 -0.5588 0.8291
vn 0.0808 -0.7160 0.6934
vn 0.0524 -0.6925 0.7195
vn -0.1906 -0.0517 0.9803
vn -0.1747 -0.0099 0.9846
vn -0.0245 -0.0091 0.9997
vn -0.0269 -0.0052 0.9996
vn 0.5080 -0.0929 0.8564
vn 0.5064 -0.0590 0.8603
vn 0.5346 0.0195 0.8449
vn 0.5348 0.0178 0.8448
vn 0.7546 -0.0883 0.6502
vn 0.7533 -0.1063 0.6490
vn 0.7130 -0.2016 0.6716
vn 0.7147 -0.1908 0.6730
vn 0.5146 -0.5240 0.6787
vn 0.4959 -0.5684 0.6566
vn 0.5887 -0.4373 0.6799
vn 0.5504 -0.5378 0.6386
vn 0.3656 -0.7652 0.5299
vn 0.3831 -0.7441 0.5472
vn 0.3943 -0.7299 0.5584
vn 0.3749 -0.7378 0.5614
vn -0.1746 -0.9248 0.3380
vn -0.2289 -0.9343 0.2733
vn -0.2813 -0.9250 0.2554
vn -0.2491 -0.9208 0.3002
vn -0.1525 0.1638 0.9746
vn -0.1198 0.0285 0.9924
vn 0.1470 0.6254 0.7664
vn 0.1166 0.6834 0.7206
vn 0.1625 0.7279 0.6661
vn 0.1510 0.7382 0.6574
vn 0.1389 -0.0786 0.9872
vn 0.1452 -0.0901 0.9853
vn 0.3798 -0.1820 0.9070
vn 0.3627 -0.1629 0.9176
vn 0.3708 0.0752 0.9256
vn 0.3505 0.0022 0.9366
vn -0.2334 0.9722 0.0171
vn -0.1927 0.9754 0.1069
vn -0.0642 0.9320 0.3567
vn -0.1411 0.9899 0.0090
vn 0.1624 0.7693 0.6179
vn 0.1743 0.7616 0.6241
vn 0.1602 0.7925 0.5884
vn 0.1708 0.7730 0.6109
vn -0.3748 0.9228 -0.0893
vn -0.3028 0.9512 0.0598
vn -0.0225 0.9673 -0.2527
vn -0.0279 0.9948 -0.0981
vn 0.3135 0.9026 -0.2950
vn 0.3329 0.8771 -0.3462
vn 0.0177 0.7117 0.7022
vn 0.0393 0.7297 0.6827
vn -0.0950 -0.0208 0.9953
vn -0.1472 -0.0814 0.9857
vn -0.0297 0.8348 0.5498
vn -0.0300 0.8105 0.5850
vn 0.4745 0.8302 -0.2926
vn 0.4362 0.8655 -0.2463
vn -0.0189 0.7707 0.6370
vn -0.0186 0.8068 0.5906
vn -0.0403 0.8494 0.5263
vn -0.0183 0.8433 0.5372
vn 0.0006 0.7252 0.6885
vn 0.0064 0.7217 0.6921
vn 0.0340 0.7271 0.6857
vn 0.0345 0.7280 0.6847
vn 0.5541 0.2566 0.7919
vn 0.5531 0.1033 0.8267
vn 0.1692 0.7979 0.5786
vn 0.1383 0.8078 0.5730
vn -0.4613 0.8859 -0.0495
vn -0.4963 0.8600 -0.1185
vn 0.6588 0.3043 0.6880
vn 0.6495 0.3036 0.6971
vn 0.5130 0.1801 0.8393
vn 0.4788 0.1939 0.8562
vn -0.1399 -0.9361 0.3229
vn -0.1149 -0.9048 0.4100
vn 0.3620 -0.7105 0.6035
vn 0.3734 -0.6933 0.6163
vn 0.2899 -0.5170 0.8054
vn 0.2835 -0.5749 0.7675
vn -0.0412 -0.3730 0.9269
vn -0.0687 -0.3269 0.9425
vn -0.0252 -0.9061 0.4224
vn -0.0168 -0.9147 0.4039
vn -0.1673 -0.3402 0.9254
vn -0.1500 -0.3621 0.9200
vn -0.2091 -0.3430 0.9158
vn -0.2144 -0.4058 0.8885
vn 0.4366 -0.2282 0.8702
vn 0.4370 -0.2508 0.8638
vn 0.6007 -0.5246 0.6033
vn 0.5949 -0.5370 0.5981
vn 0.5552 -0.5081 0.6585
vn 0.5931 -0.4014 0.6979
vn -0.2596 -0.9375 0.2316
vn -0.1999 -0.9260 0.3203
vn -0.5476 -0.8356 -0.0438
vn -0.2422 -0.9598 0.1421
vn -0.6142 -0.7891 0.0075
vn -0.5972 -0.8020 0.0166
vn 0.3749 -0.8986 -0.2279
vn 0.2971 -0.9519 0.0751
vn 0.0461 -0.8852 0.4629
vn 0.1124 -0.9230 0.3680
vn 0.1149 -0.9048 0.4101
vn 0.0593 -0.8832 0.4653
vn 0.2554 -0.8726 0.4164
vn 0.2732 -0.8740 0.4018
vn -0.0709 -0.5359 0.8413
vn -0.1667 -0.4753 0.8639
vn 0.4478 -0.8939 -0.0214
vn 0.5941 -0.7547 -0.2786
vn 0.1117 0.8014 0.5876
vn 0.1711 0.8157 0.5526
vn 0.3750 0.1757 0.9102
vn 0.3784 0.1806 0.9079
vn 0.0543 0.6153 0.7864
vn 0.0993 0.5786 0.8095
vn 0.5462 0.1685 0.8205
vn 0.5290 0.1522 0.8348
vn 0.5685 -0.2585 0.7810
vn 0.5419 -0.2035 0.8154
vn 0.3304 -0.6927 0.6411
vn 0.5309 -0.7636 0.3674
vn 0.4620 -0.7960 0.3910
vn 0.5138 -0.7876 0.3402
vn 0.6637 -0.5334 0.5243
vn 0.5815 -0.3969 0.7101
vn 0.7021 0.3247 0.6338
vn 0.5444 0.1570 0.8240
vn 0.6343 -0.4296 0.6427
vn 0.6266 -0.4575 0.6309
vn 0.7713 -0.2657 0.5784
vn 0.7926 -0.1224 0.5974
vn -0.0317 0.0915 0.9953
vn -0.0623 0.1380 0.9885
vn -0.1886 -0.1121 0.9756
vn -0.2322 -0.0549 0.9711
vn -0.2619 0.0188 0.9649
vn -0.2988 0.0613 0.9524
vn -0.1884 -0.1950 0.9625
vn -0.2902 -0.1096 0.9507
vn -0.2297 -0.0876 0.9693
vn -0.2220 -0.0501 0.9738
vn -0.0752 -0.2552 0.9640
vn -0.2188 -0.1410 0.9655
vn -0.0460 -0.3862 0.9213
vn -0.1689 -0.3178 0.9330
vn -0.1760 -0.3206 0.9307
vn -0.2538 -0.2587 0.9320
vn -0.1611 -0.2197 0.9622
vn -0.1958 -0.1983 0.9604
vn -0.0607 -0.3482 0.9354
vn -0.0842 -0.2598 0.9620
vn 0.0796 -0.7162 0.6934
vn 0.0869 -0.6997 0.7092
vn -0.2900 -0.1139 0.9502
vn -0.2160 -0.1951 0.9567
vn -0.2140 0.0603 0.9750
vn -0.2283 0.0796 0.9703
vn -0.0566 -0.0254 0.9981
vn -0.0604 -0.0194 0.9980
vn 0.1274 0.4297 0.8939
vn 0.1240 0.3338 0.9345
vn 0.0456 0.5764 0.8159
vn 0.0982 0.5366 0.8381
vn 0.3499 -0.3573 0.8660
vn 0.3769 -0.3785 0.8454
vn 0.5594 -0.8288 0.0114
vn 0.5746 -0.8178 -0.0330
vn 0.5192 -0.1823 0.8350
vn 0.3769 0.1459 0.9147
vn 0.0811 -0.9141 0.3973
vn 0.1316 -0.9309 0.3408
vn 0.2458 -0.0551 0.9678
vn 0.2475 -0.0574 0.9672
vn 0.1594 0.6892 0.7068
vn 0.1243 0.7337 0.6680
vn -0.0945 0.9913 -0.0912
vn -0.0856 0.9963 0.0003
vn 0.0345 -0.0251 0.9991
vn 0.0616 -0.0889 0.9941
vn 0.0721 0.6717 0.7373
vn 0.0888 0.6228 0.7773
vn 0.1061 0.9757 -0.1917
vn 0.1201 0.9548 -0.2719
vn -0.0998 0.2562 0.9615
vn -0.2454 0.1419 0.9590
vn 0.0117 0.7620 0.6475
vn 0.0122 0.7369 0.6759
vn 0.4108 0.8475 -0.3361
vn 0.3428 0.9162 -0.2074
vn -0.0745 0.0226 0.9970
vn -0.0592 -0.0233 0.9980
vn 0.0491 0.7059 0.7066
vn 0.0562 0.6733 0.7373
vn 0.1536 0.9687 -0.1952
vn 0.1938 0.9283 -0.3173
vn 0.2681 -0.1835 0.9458
vn 0.2473 -0.2296 0.9413
vn 0.1679 -0.9847 0.0465
vn 0.2978 -0.9163 -0.2677
vn -0.0673 -0.5346 0.8424
vn 0.0715 -0.5953 0.8003
vn -0.0688 0.6351 0.7694
vn -0.0438 0.6785 0.7333
vn 0.0630 0.7331 0.6771
vn -0.1651 0.7342 0.6585
vn 0.2981 -0.8520 0.4303
vn 0.3228 -0.8520 0.4122
vn 0.2066 -0.5868 0.7829
vn 0.2055 -0.5866 0.7834
vn 0.4455 -0.2782 0.8510
vn 0.4471 -0.2907 0.8459
vn 0.5291 -0.5484 0.6476
vn 0.5063 -0.3804 0.7739
vn 0.5501 -0.7152 0.4312
vn 0.5412 -0.7174 0.4386
vn 0.3502 -0.5857 0.7310
vn 0.1830 -0.5586 0.8090
vn 0.1961 -0.3795 0.9042
vn 0.0764 -0.3578 0.9307
vn 0.0641 -0.1987 0.9780
vn -0.0542 -0.1787 0.9824
vn 0.0707 -0.2073 0.9757
vn 0.0767 -0.2080 0.9751
vn 0.3198 -0.4436 0.8372
vn 0.2950 -0.4479 0.8440
vn 0.6389 -0.3526 0.6837
vn 0.4979 -0.4387 0.7481
vn 0.0737 0.8197 0.5680
vn 0.0432 0.8012 0.5968
vn -0.0941 0.7849 0.6124
vn -0.0318 0.8511 0.5240
vn 0.4554 -0.4162 0.7870
vn 0.3386 -0.4554 0.8234
vn -0.0263 -0.7898 0.6128
vn -0.0182 -0.8656 0.5005
vn -0.2614 -0.9570 0.1259
vn -0.2593 -0.9597 0.1080
vn 0.1221 -0.5295 0.8395
vn 0.1206 -0.4997 0.8578
vn 0.2893 -0.0148 0.9571
vn 0.2954 -0.0081 0.9553
vn 0.3175 0.1058 0.9423
vn 0.3153 0.1135 0.9422
vn 0.2855 -0.1269 0.9499
vn 0.2729 -0.0732 0.9593
vn 0.2167 -0.4102 0.8859
vn 0.1866 -0.4407 0.8781
vn -0.0729 -0.9155 0.3956
vn -0.0813 -0.9444 0.3185
vn -0.2161 -0.9739 0.0691
vn -0.2160 -0.9739 0.0693
vn 0.1960 -0.9028 0.3828
vn 0.1506 -0.8938 0.4224
vn -0.1564 -0.4724 0.8674
vn -0.2310 -0.4063 0.8841
vn -0.2365 -0.2547 0.9376
vn -0.2855 -0.2044 0.9363
vn -0.2454 -0.0958 0.9647
vn -0.3454 0.0070 0.9384
vn -0.2237 -0.1423 0.9642
vn -0.2255 -0.0872 0.9703
vn 0.0842 -0.6522 0.7534
vn 0.1554 -0.6788 0.7177
vn 0.2968 -0.6000 0.7429
vn 0.2809 -0.6474 0.7085
vn -0.0333 -0.7654 0.6427
vn -0.1336 -0.8999 0.4151
vn 0.1259 -0.7184 0.6841
vn 0.1849 -0.6067 0.7731
vn 0.6004 -0.0852 0.7951
vn 0.6001 -0.1005 0.7935
vn 0.6240 -0.0252 0.7811
vn 0.6237 -0.0221 0.7813
vn 0.5060 -0.3410 0.7923
vn 0.5121 -0.2815 0.8115
vn 0.3195 -0.6426 0.6964
vn 0.3343 -0.5913 0.7339
vn -0.0627 -0.9097 0.4105
vn -0.0717 -0.9191 0.3874
vn -0.3958 -0.9177 0.0342
vn -0.2492 -0.9537 0.1682
vn 0.5016 -0.8375 -0.2167
vn 0.5168 -0.8038 -0.2947
vn 0.1148 0.7230 0.6812
vn 0.1628 0.7564 0.6335
vn 0.1894 0.6900 0.6986
vn 0.1459 0.7595 0.6339
vn 0.2503 0.5726 0.7807
vn 0.1222 0.5698 0.8126
vn 0.1357 0.6157 0.7762
vn 0.1375 0.6183 0.7738
vn 0.1743 0.0029 0.9847
vn 0.3024 -0.1025 0.9477
vn 0.2566 0.1025 0.9611
vn 0.2629 0.0420 0.9639
vn 0.1472 0.4334 0.8891
vn 0.1383 0.4408 0.8869
vn -0.0493 -0.8614 0.5056
vn -0.0358 -0.8910 0.4525
vn -0.1720 -0.9789 0.1107
vn -0.1747 -0.9770 0.1223
vn 0.0939 -0.5211 0.8483
vn 0.0965 -0.5346 0.8396
vn 0.1959 0.0149 0.9805
vn 0.2111 -0.0316 0.9770
vn 0.1975 0.1383 0.9705
vn 0.2097 0.1078 0.9718
vn 0.1628 -0.0466 0.9856
vn 0.1681 -0.0608 0.9839
vn 0.1247 -0.3907 0.9121
vn 0.1111 -0.3389 0.9342
vn -0.0542 -0.9198 0.3887
vn -0.0546 -0.9159 0.3977
vn -0.1286 -0.9911 0.0356
vn -0.1579 -0.9868 -0.0358
vn 0.0527 -0.6979 0.7143
vn 0.0394 -0.7998 0.5990
vn -0.3153 -0.9129 0.2590
vn -0.3192 -0.9396 0.1235
vn 0.1553 -0.5096 0.8463
vn 0.1495 -0.5514 0.8207
vn 0.4024 -0.0407 0.9146
vn 0.3929 -0.0505 0.9182
vn 0.4385 0.0772 0.8954
vn 0.4438 0.0495 0.8948
vn 0.3830 -0.2096 0.8997
vn 0.3773 -0.1544 0.9131
vn 0.2691 -0.5110 0.8164
vn 0.2709 -0.4631 0.8439
vn -0.1256 -0.9330 0.3373
vn -0.1296 -0.9393 0.3175
vn -0.2922 -0.9503 0.1079
vn -0.1336 -0.9468 0.2929
vn -0.3971 0.8941 0.2072
vn -0.5705 0.8196 -0.0520
vn 0.1438 0.8135 0.5635
vn 0.1088 0.8202 0.5616
vn 0.4637 -0.5706 0.6777
vn 0.4873 -0.5135 0.7063
vn 0.4972 -0.5189 0.6954
vn 0.5374 -0.4065 0.7389
vn 0.4446 -0.3889 0.8069
vn 0.4466 -0.3779 0.8110
vn 0.3771 -0.3470 0.8587
vn 0.3770 -0.3488 0.8580
vn 0.2812 -0.3214 0.9042
vn 0.2860 -0.3175 0.9041
vn 0.2071 -0.2959 0.9325
vn 0.2076 -0.2955 0.9325
vn 0.1574 -0.2782 0.9476
vn 0.1624 -0.2960 0.9413
vn 0.0231 -0.3190 0.9475
vn -0.0139 -0.2568 0.9664
vn -0.0841 -0.4014 0.9120
vn -0.0566 -0.3282 0.9429
vn -0.0899 -0.4007 0.9118
vn -0.0104 -0.4790 0.8778
vn 0.0032 -0.4935 0.8697
vn 0.0012 -0.4775 0.8786
vn 0.0792 -0.4728 0.8776
vn 0.0684 -0.4665 0.8819
vn 0.1070 -0.4964 0.8615
vn 0.0984 -0.4602 0.8824
vn 0.1359 -0.3335 0.9329
vn 0.2503 -0.3349 0.9084
vn 0.3078 -0.6725 0.6730
vn 0.3112 -0.6665 0.6775
vn 0.4245 -0.5826 0.6931
vn 0.4364 -0.5537 0.7092
vn 0.5987 -0.5424 0.5894
vn 0.6053 -0.5288 0.5950
vn 0.7079 -0.3822 0.5940
vn 0.7428 -0.2392 0.6253
vn 0.5936 -0.4841 0.6429
vn 0.6490 -0.2894 0.7036
vn 0.6291 -0.4612 0.6257
vn 0.6818 -0.3853 0.6218
vn 0.7070 -0.3409 0.6196
vn 0.7192 -0.3736 0.5859
vn 0.7546 -0.2782 0.5942
vn 0.7695 -0.3167 0.5546
vn 0.8074 -0.1983 0.5557
vn 0.8245 -0.2414 0.5118
vn 0.8569 -0.1218 0.5009
vn 0.8720 -0.1539 0.4647
vn 0.8836 -0.0543 0.4651
vn 0.8999 -0.0820 0.4283
vn 0.9073 -0.0284 0.4195
vn 0.9101 0.0084 0.4143
vn 0.9170 0.0337 0.3975
vn 0.9226 0.0261 0.3848
vn 0.9335 0.0526 0.3547
vn 0.9288 0.0585 0.3659
vn 0.9443 0.0340 0.3274
vn 0.9379 0.0425 0.3444
vn 0.9504 0.0263 0.3099
vn 0.9446 0.0345 0.3265
vn 0.9555 0.0221 0.2942
vn 0.9514 0.0281 0.3068
vn -0.0964 0.8352 0.5414
vn -0.1046 0.8547 0.5085
vn 0.2154 -0.6361 0.7409
vn 0.5299 -0.5380 0.6555
vn 0.7343 -0.2721 0.6219
vn 0.7505 -0.3298 0.5726
vn 0.5587 -0.3616 0.7464
vn 0.5283 -0.5358 0.6586
vn 0.5675 -0.4751 0.6724
vn 0.5751 -0.4264 0.6982
vn 0.6107 -0.4698 0.6375
vn 0.5541 -0.5040 0.6625
vn 0.5312 -0.5054 0.6800
vn 0.5417 -0.4003 0.7392
vn 0.5756 -0.4305 0.6953
vn 0.6749 -0.3577 0.6455
vn 0.9524 0.0197 0.3041
vn 0.9466 0.0265 0.3214
vn 0.9443 0.0365 0.3271
vn 0.9431 0.0191 0.3321
vn 0.9377 0.0436 0.3448
vn 0.9360 0.0198 0.3514
vn 0.9316 0.0434 0.3608
vn 0.9298 0.0452 0.3652
vn 0.9271 0.0271 0.3737
vn 0.9211 0.0338 0.3879
vn 0.9157 0.0068 0.4017
vn 0.9147 -0.0152 0.4039
vn 0.8997 -0.0803 0.4291
vn 0.9033 -0.0335 0.4278
vn 0.8721 -0.1553 0.4641
vn 0.8781 -0.1080 0.4661
vn 0.8240 -0.2208 0.5218
vn 0.8284 -0.1990 0.5236
vn 0.7707 -0.2633 0.5802
vn 0.7841 -0.2851 0.5513
vn 0.7366 -0.3483 0.5797
vn 0.7241 -0.3278 0.6068
vn 0.7028 -0.3689 0.6083
vn 0.6753 -0.4184 0.6073
vn 0.5554 -0.4620 0.6915
vn 0.4582 -0.5180 0.7223
vn 0.4283 -0.5562 0.7122
vn 0.4225 -0.5814 0.6953
vn 0.4389 -0.5616 0.7014
vn 0.4389 -0.5618 0.7013
vn 0.4631 -0.5429 0.7006
vn 0.4651 -0.5230 0.7142
vn 0.4175 -0.6302 0.6546
vn 0.3250 -0.6760 0.6614
vn 0.4555 -0.5405 0.7074
vn 0.4366 -0.6344 0.6378
vn 0.3657 0.1588 0.9171
vn 0.3639 0.1737 0.9151
vn 0.1791 0.4486 0.8756
vn 0.1820 0.5187 0.8354
vn 0.8364 -0.1213 0.5345
vn 0.8427 -0.1403 0.5198
vn 0.6248 0.1038 0.7739
vn 0.6414 0.1218 0.7574
vn 0.6772 0.0837 0.7310
vn 0.6673 0.1071 0.7371
vn 0.6151 0.2407 0.7508
vn 0.6243 0.3072 0.7182
vn 0.6254 0.2377 0.7432
vn 0.5955 0.1093 0.7959
vn 0.9092 -0.3524 -0.2218
vn 0.9168 -0.3409 -0.2079
vn 0.7895 -0.5720 -0.2225
vn 0.7955 -0.5669 -0.2142
vn 0.7061 0.0674 0.7049
vn 0.6793 0.0351 0.7330
vn 0.6500 0.0985 0.7535
vn 0.6409 0.0720 0.7642
vn 0.7206 -0.6672 -0.1885
vn 0.7064 -0.6769 -0.2068
vn 0.7794 -0.6264 0.0127
vn 0.7613 -0.6480 -0.0224
vn 0.8043 -0.5841 0.1090
vn 0.7807 -0.6227 0.0521
vn 0.8232 -0.5381 0.1811
vn 0.8036 -0.5824 0.1225
vn 0.8518 -0.4281 0.3019
vn 0.8401 -0.4854 0.2422
vn 0.8531 -0.3172 0.4142
vn 0.8514 -0.3721 0.3696
vn 0.8656 -0.2758 0.4179
vn 0.8367 -0.3046 0.4551
vn 0.6991 0.0046 0.7150
vn 0.7115 0.0186 0.7024
vn 0.7949 -0.5854 0.1598
vn 0.7392 -0.6281 0.2433
vn 0.8330 -0.4010 0.3811
vn 0.8138 -0.4905 0.3116
vn 0.7953 -0.5209 0.3102
vn 0.8417 -0.4829 0.2414
vn 0.7783 -0.5801 0.2403
vn 0.8191 -0.5463 0.1750
vn 0.8170 -0.2733 0.5078
vn 0.8327 -0.2587 0.4896
vn 0.8405 -0.3420 0.4203
vn 0.8351 -0.3968 0.3809
vn 0.7424 -0.1688 0.6484
vn 0.7468 -0.1659 0.6440
vn 0.7672 -0.1966 0.6105
vn 0.7760 -0.1899 0.6014
vn 0.8371 -0.2899 0.4640
vn 0.8350 -0.3370 0.4349
vn 0.8418 -0.1959 0.5030
vn 0.8268 -0.2123 0.5210
vn 0.9380 -0.2731 -0.2135
vn 0.9381 -0.2745 -0.2110
vn 0.6120 -0.1018 0.7843
vn 0.6152 -0.1372 0.7764
vn 0.6016 -0.1278 0.7885
vn 0.6016 -0.1150 0.7905
vn 0.6700 -0.7404 -0.0537
vn 0.6922 -0.7215 -0.0181
vn 0.6534 -0.7462 -0.1274
vn 0.6574 -0.7389 -0.1478
vn 0.6651 -0.7377 -0.1163
vn 0.6742 -0.7164 -0.1795
vn 0.6127 -0.7881 -0.0598
vn 0.6199 -0.7831 -0.0492
vn 0.6282 -0.7761 -0.0548
vn 0.6445 -0.7541 -0.1258
vn 0.6645 -0.7470 -0.0217
vn 0.6842 -0.7194 -0.1202
vn 0.7339 -0.6756 0.0702
vn 0.6737 -0.7205 0.1646
vn 0.5937 -0.8043 -0.0248
vn 0.5730 -0.8177 -0.0549
vn 0.6309 -0.7748 0.0405
vn 0.6590 -0.7497 -0.0609
vn 0.6776 -0.7300 0.0889
vn 0.7094 -0.7042 -0.0313
vn 0.7048 -0.6873 0.1755
vn 0.7552 -0.6488 0.0931
vn 0.6303 -0.7703 0.0962
vn 0.6791 -0.7339 0.0125
vn 0.6421 -0.7666 -0.0078
vn 0.5883 -0.8049 0.0778
vn 0.5895 -0.8067 0.0419
vn 0.5496 -0.8352 -0.0183
vn 0.6390 -0.7544 0.1504
vn 0.6791 -0.7335 0.0291
vn 0.6894 -0.6904 0.2193
vn 0.7377 -0.6711 0.0740
vn 0.5506 -0.8345 0.0185
vn 0.5856 -0.8095 -0.0427
vn 0.5382 -0.8406 -0.0604
vn 0.4975 -0.8675 0.0012
vn 0.6763 -0.2079 0.7067
vn 0.6729 -0.1632 0.7215
vn 0.6669 -0.2820 0.6897
vn 0.6706 -0.2155 0.7098
vn 0.7281 -0.3399 0.5953
vn 0.7293 -0.2663 0.6302
vn 0.7030 -0.4414 0.5577
vn 0.7176 -0.3541 0.5997
vn 0.5052 -0.7987 0.3267
vn 0.5761 -0.7819 0.2382
vn 0.2372 -0.9456 0.2227
vn 0.2608 -0.9447 0.1990
vn 0.1207 -0.9699 0.2115
vn 0.1270 -0.9703 0.2059
vn 0.7488 -0.6219 0.2292
vn 0.6826 -0.7176 0.1383
vn 0.4735 -0.8801 -0.0361
vn 0.4930 -0.8673 -0.0691
vn 0.6600 -0.7041 0.2622
vn 0.7394 -0.6550 0.1556
vn 0.6034 -0.7949 0.0635
vn 0.5273 -0.8496 -0.0110
vn 0.7930 -0.4263 0.4353
vn 0.7206 -0.4518 0.5260
vn 0.6034 -0.7948 0.0649
vn 0.6689 -0.7301 0.1397
vn 0.4638 -0.8804 -0.0987
vn 0.4317 -0.9005 -0.0520
vn 0.4322 -0.8996 -0.0627
vn 0.4302 -0.9004 -0.0649
vn 0.6975 -0.6078 0.3795
vn 0.7372 -0.5009 0.4535
vn 0.4398 -0.8974 -0.0350
vn 0.4852 -0.8744 0.0070
vn 0.3945 -0.9183 -0.0338
vn 0.3767 -0.9250 -0.0493
vn 0.4374 -0.8967 -0.0675
vn 0.4050 -0.9093 -0.0952
vn 0.3730 -0.9230 -0.0942
vn 0.3548 -0.9286 -0.1092
vn 0.2027 -0.9705 -0.1304
vn 0.2067 -0.9701 -0.1272
vn 0.3733 -0.9214 -0.1086
vn 0.3780 -0.9199 -0.1043
vn 0.3185 -0.9421 -0.1050
vn 0.3311 -0.9358 -0.1209
vn 0.3843 -0.9215 -0.0565
vn 0.3795 -0.9232 -0.0610
vn 0.3247 -0.9445 -0.0510
vn 0.3331 -0.9419 -0.0433
vn 0.5181 -0.8553 0.0057
vn 0.5777 -0.8136 0.0666
vn 0.5173 -0.8557 -0.0105
vn 0.4533 -0.8887 -0.0681
vn 0.4037 -0.9087 -0.1063
vn 0.4161 -0.9044 -0.0948
vn 0.4068 -0.9113 -0.0638
vn 0.4102 -0.9100 -0.0605
vn 0.4073 -0.9128 0.0289
vn 0.3924 -0.9197 0.0139
vn 0.4287 -0.9034 0.0089
vn 0.4140 -0.9103 -0.0069
vn 0.4356 -0.8996 -0.0303
vn 0.4520 -0.8919 -0.0114
vn 0.4787 -0.8773 -0.0341
vn 0.4730 -0.8801 -0.0413
vn 0.5206 -0.8527 -0.0436
vn 0.5497 -0.8353 -0.0019
vn 0.5984 -0.8012 -0.0038
vn 0.6308 -0.7744 0.0486
vn 0.6785 -0.7331 0.0473
vn 0.7097 -0.6965 0.1058
vn 0.7546 -0.6477 0.1054
vn 0.7862 -0.5905 0.1822
vn 0.3735 -0.9250 0.0693
vn 0.3409 -0.9393 0.0377
vn 0.5853 -0.8108 0.0027
vn 0.6351 -0.7682 0.0811
vn 0.5890 -0.8060 -0.0584
vn 0.6254 -0.7803 -0.0050
vn 0.6073 -0.7891 -0.0921
vn 0.6265 -0.7767 -0.0650
vn 0.6636 -0.7422 -0.0936
vn 0.6594 -0.7452 -0.0996
vn 0.2684 -0.9628 -0.0319
vn 0.2618 -0.9644 -0.0380
vn 0.2644 -0.9561 -0.1263
vn 0.2562 -0.9595 -0.1172
vn 0.2999 -0.9478 -0.1080
vn 0.2704 -0.9537 -0.1313
vn 0.9948 -0.0218 0.0998
vn 0.9916 0.0089 0.1287
vn 0.9880 0.0389 0.1495
vn 0.9847 0.0079 0.1741
vn 0.9775 0.0589 0.2027
vn 0.9750 0.0394 0.2186
vn 0.9477 0.0801 0.3089
vn 0.9440 0.0911 0.3171
vn 0.8673 0.1579 0.4720
vn 0.8724 0.1456 0.4666
vn 0.8287 0.1782 0.5306
vn 0.8304 0.1833 0.5261
vn 0.7772 0.2002 0.5965
vn 0.7812 0.2110 0.5876
vn 0.7172 0.2196 0.6613
vn 0.7229 0.2341 0.6501
vn 0.4245 0.1296 0.8961
vn 0.4308 0.1247 0.8938
vn 0.1875 0.7309 0.6562
vn 0.1574 0.7560 0.6353
vn -0.0237 0.9347 0.3545
vn -0.1265 0.9878 0.0911
vn 0.9967 -0.0401 0.0703
vn 0.9949 -0.0063 0.1006
vn 0.9886 0.0232 0.1490
vn 0.9923 -0.0060 0.1240
vn 0.9790 0.0266 0.2022
vn 0.9792 0.0256 0.2014
vn 0.9490 0.0597 0.3096
vn 0.9524 0.0475 0.3011
vn 0.8721 0.1486 0.4662
vn 0.8811 0.1239 0.4565
vn 0.8312 0.1763 0.5273
vn 0.8345 0.1839 0.5195
vn 0.7771 0.2318 0.5851
vn 0.7745 0.2261 0.5908
vn 0.7055 0.2648 0.6574
vn 0.7114 0.2775 0.6457
vn 0.5154 -0.1519 0.8434
vn 0.4644 -0.1001 0.8800
vn 0.5753 -0.7997 0.1715
vn 0.6613 -0.7477 0.0607
vn 0.3968 -0.9177 0.0185
vn 0.4353 -0.9000 -0.0224
vn 0.2334 -0.9718 -0.0331
vn 0.2279 -0.9733 -0.0282
vn 0.1458 -0.9889 -0.0274
vn 0.1346 -0.9907 -0.0182
vn 0.3033 -0.9511 -0.0589
vn 0.3161 -0.9475 -0.0482
vn 0.2322 -0.9709 -0.0583
vn 0.2050 -0.9755 -0.0802
vn 0.1406 -0.9865 -0.0841
vn 0.1455 -0.9861 -0.0801
vn 0.3095 -0.9441 0.1135
vn 0.2751 -0.9581 0.0802
vn 0.0468 -0.9988 -0.0125
vn 0.0496 -0.9987 -0.0152
vn 0.0510 -0.9901 -0.1307
vn 0.0465 -0.9909 -0.1266
vn 0.0622 -0.9892 -0.1327
vn 0.0640 -0.9893 -0.1313
vn 0.0627 -0.9943 -0.0868
vn 0.0660 -0.9943 -0.0841
vn 0.0664 -0.9977 -0.0094
vn 0.0557 -0.9983 -0.0179
vn 0.0445 -0.9745 0.2200
vn 0.0364 -0.9763 0.2134
vn 0.0347 -0.7000 0.7133
vn 0.0273 -0.7054 0.7083
vn 0.3170 -0.9478 -0.0344
vn 0.3344 -0.9422 -0.0198
vn 0.0444 0.6870 0.7253
vn -0.0260 0.6128 0.7898
vn 0.1499 0.6397 0.7538
vn 0.0979 0.7415 0.6637
vn 0.6480 0.3857 0.6568
vn 0.7463 0.3192 0.5840
vn 0.5964 -0.3781 0.7081
vn 0.7107 -0.5411 0.4495
vn 0.6609 0.3201 0.6787
vn 0.5410 0.3915 0.7443
vn 0.4680 -0.3901 0.7930
vn 0.1716 -0.4163 0.8929
vn 0.3352 -0.6030 0.7239
vn 0.5014 -0.5876 0.6351
vn 0.3000 0.3423 0.8904
vn 0.3529 0.3505 0.8675
vn 0.3273 0.3712 0.8689
vn 0.4047 0.3818 0.8310
vn 0.3975 0.3880 0.8315
vn 0.4931 0.3974 0.7739
vn 0.5769 -0.4568 0.6772
vn 0.5611 -0.5279 0.6375
vn 0.5576 -0.5271 0.6412
vn 0.4653 -0.5833 0.6657
vn 0.0706 0.3408 0.9375
vn 0.1147 0.6044 0.7884
vn 0.0917 0.2060 0.9743
vn 0.1560 0.4095 0.8989
vn 0.2855 0.2810 0.9162
vn 0.3042 0.2828 0.9097
vn -0.0093 0.1241 0.9922
vn 0.0393 0.3624 0.9312
vn 0.0558 0.1203 0.9912
vn 0.0753 0.2211 0.9723
vn 0.1229 0.1649 0.9786
vn 0.1382 0.2702 0.9528
vn 0.5277 -0.3175 0.7878
vn 0.5895 -0.2676 0.7621
vn 0.5609 -0.3645 0.7434
vn 0.5671 -0.3602 0.7407
vn 0.6601 -0.4276 0.6176
vn 0.6660 -0.4096 0.6235
vn 0.5319 -0.4343 0.7269
vn 0.5318 -0.4367 0.7256
vn 0.5031 -0.4937 0.7093
vn 0.5034 -0.4828 0.7166
vn 0.4838 -0.5221 0.7024
vn 0.4839 -0.5552 0.6765
vn 0.5592 -0.4860 0.6716
vn 0.5637 -0.5549 0.6119
vn 0.5008 -0.5244 0.6886
vn 0.5032 -0.5826 0.6382
vn 0.6302 -0.4346 0.6434
vn 0.6289 -0.4728 0.6172
vn 0.5269 -0.4302 0.7330
vn 0.5423 -0.4176 0.7291
vn 0.5082 -0.4965 0.7037
vn 0.5464 -0.4645 0.6969
vn 0.5158 -0.5325 0.6711
vn 0.5701 -0.4833 0.6644
vn 0.6079 -0.4809 0.6318
vn 0.6492 -0.4288 0.6282
vn 0.5498 -0.5287 0.6467
vn 0.6142 -0.4631 0.6390
vn 0.6487 -0.4309 0.6273
vn 0.6591 -0.4139 0.6278
vn 0.3860 0.1852 0.9037
vn 0.4458 0.1318 0.8854
vn 0.5025 0.1592 0.8498
vn 0.4940 0.1678 0.8531
vn 0.6411 0.1441 0.7538
vn 0.6463 0.1374 0.7507
vn 0.8683 0.1406 0.4756
vn 0.8582 0.1192 0.4993
vn 0.4423 0.3041 0.8437
vn 0.4260 0.2869 0.8580
vn 0.4467 0.2707 0.8527
vn 0.4770 0.3077 0.8233
vn 0.5727 0.3211 0.7542
vn 0.5750 0.3239 0.7513
vn 0.8703 0.1395 0.4723
vn 0.8779 0.1541 0.4533
vn 0.2257 -0.0213 0.9740
vn 0.2269 -0.0196 0.9737
vn 0.0029 0.3406 0.9402
vn 0.0050 0.3389 0.9408
vn 0.0197 0.2929 0.9559
vn 0.0153 0.2966 0.9549
vn 0.0295 0.3333 0.9424
vn 0.0229 0.3386 0.9407
vn 0.0134 0.3372 0.9413
vn 0.0076 0.3420 0.9397
vn 0.0251 0.3019 0.9530
vn 0.0188 0.3070 0.9515
vn 0.2277 0.3850 0.8944
vn 0.2179 0.3977 0.8913
vn 0.2037 0.5124 0.8342
vn 0.2155 0.5227 0.8248
vn 0.7781 0.1437 0.6115
vn 0.7941 0.1147 0.5968
vn 0.8622 0.3123 0.3989
vn 0.8547 0.2995 0.4241
vn 0.5661 0.4534 0.6884
vn 0.5503 0.4395 0.7099
vn 0.6356 0.2999 0.7114
vn 0.6281 0.2868 0.7233
vn 0.8449 0.3218 0.4273
vn 0.8418 0.3061 0.4446
vn 0.7018 0.0898 0.7067
vn 0.5485 0.1081 0.8291
vn 0.8210 0.1072 0.5608
vn 0.7396 0.1135 0.6634
vn 0.4754 0.1055 0.8734
vn 0.4486 -0.0644 0.8914
vn 0.7236 -0.0277 0.6896
vn 0.7315 0.1249 0.6703
vn 0.6266 -0.0893 0.7742
vn 0.6491 0.0800 0.7565
vn 0.0458 -0.9813 0.1870
vn 0.0460 -0.9813 0.1872
vn -0.6987 -0.7099 0.0884
vn -0.5405 -0.8285 0.1467
vn -0.2477 -0.9543 0.1674
vn -0.1249 -0.9494 0.2882
vn 0.1662 -0.7494 0.6409
vn 0.1580 -0.7394 0.6545
vn 0.9961 -0.0693 0.0541
vn 0.9962 -0.0681 0.0551
vn 0.9908 -0.0646 0.1191
vn 0.9907 -0.0617 0.1214
vn 0.8916 0.0842 0.4449
vn 0.8884 0.0964 0.4488
vn 0.9587 -0.0127 0.2841
vn 0.9562 0.0008 0.2927
vn 0.9809 -0.0561 0.1863
vn 0.9796 -0.0427 0.1963
vn 0.8878 0.1228 0.4436
vn 0.8818 0.1100 0.4587
vn 0.9563 0.0153 0.2918
vn 0.9528 0.0306 0.3019
vn 0.9805 -0.0096 0.1961
vn 0.9794 -0.0152 0.2013
vn 0.9926 -0.0224 0.1196
vn 0.9920 -0.0269 0.1236
vn 0.9973 -0.0476 0.0554
vn 0.9971 -0.0299 0.0706
vn 0.0629 0.2063 0.9765
vn 0.0604 0.1420 0.9880
vn 0.0741 0.1590 0.9845
vn 0.1188 0.1905 0.9745
vn 0.2512 0.2956 0.9217
vn 0.2371 0.3944 0.8879
vn 0.3691 0.3383 0.8656
vn 0.3446 0.4732 0.8108
vn 0.0495 0.1042 0.9933
vn 0.0493 0.1074 0.9930
vn 0.0218 -0.1796 0.9835
vn 0.0207 -0.1717 0.9849
vn 0.1142 0.1422 0.9832
vn 0.1127 0.1410 0.9836
vn 0.2195 0.2638 0.9393
vn 0.2090 0.3238 0.9228
vn 0.3017 0.3240 0.8967
vn 0.2858 0.4025 0.8696
vn 0.1038 0.1146 0.9880
vn 0.1077 0.0814 0.9908
vn 0.0705 -0.0238 0.9972
vn 0.0707 -0.0254 0.9972
vn 0.0998 -0.1898 0.9767
vn 0.1010 -0.1959 0.9754
vn 0.1503 0.1552 0.9764
vn 0.1557 0.1244 0.9799
vn 0.2161 0.2266 0.9497
vn 0.2067 0.2720 0.9398
vn 0.2795 0.3012 0.9117
vn 0.2689 0.3483 0.8980
vn 0.1552 0.1228 0.9802
vn 0.1599 0.0959 0.9825
vn 0.1315 -0.0078 0.9913
vn 0.1378 -0.0446 0.9895
vn 0.1974 -0.2035 0.9590
vn 0.1932 -0.1880 0.9630
vn 0.2100 0.1305 0.9690
vn 0.2020 0.1682 0.9648
vn 0.2266 0.2198 0.9489
vn 0.1953 0.2038 0.9593
vn 0.2630 0.3132 0.9126
vn 0.2687 0.2906 0.9184
vn 0.2289 0.0985 0.9685
vn 0.2158 0.1552 0.9640
vn 0.2228 -0.0279 0.9745
vn 0.2124 0.0158 0.9771
vn 0.2932 -0.1558 0.9433
vn 0.3035 -0.1858 0.9345
vn 0.2569 0.2056 0.9443
vn 0.2746 0.1363 0.9519
vn 0.2147 0.2228 0.9509
vn 0.2240 0.1850 0.9569
vn 0.2601 0.2542 0.9315
vn 0.2460 0.3068 0.9194
vn 0.2828 0.1836 0.9414
vn 0.2985 0.1304 0.9455
vn 0.2902 0.0642 0.9548
vn 0.3107 -0.0018 0.9505
vn -0.0827 0.0527 0.9952
vn -0.0863 -0.0243 0.9960
vn -0.0176 0.1082 0.9940
vn -0.0208 0.0472 0.9987
vn 0.0029 -0.0033 1.0000
vn 0.0027 0.0010 1.0000
vn -0.0554 -0.1479 0.9874
vn -0.0585 -0.1143 0.9917
vn -0.0181 -0.2249 0.9742
vn -0.0086 -0.2711 0.9625
vn -0.0276 -0.2622 0.9646
vn -0.0473 -0.1892 0.9808
vn 0.0685 -0.2819 0.9570
vn 0.0750 -0.3052 0.9493
vn 0.0677 -0.2857 0.9559
vn 0.0604 -0.2651 0.9623
vn 0.1676 -0.3044 0.9377
vn 0.1747 -0.3245 0.9296
vn 0.1482 -0.2779 0.9491
vn 0.1657 -0.3166 0.9340
vn 0.2288 -0.6796 0.6970
vn 0.2455 -0.6738 0.6969
vn 0.2367 -0.6250 0.7439
vn 0.1742 -0.6313 0.7557
vn -0.0866 -0.1756 0.9807
vn -0.0278 -0.0968 0.9949
vn 0.0450 -0.2172 0.9751
vn 0.0757 -0.1694 0.9826
vn 0.1378 -0.1978 0.9705
vn 0.1535 -0.2274 0.9616
vn -0.1359 0.0679 0.9884
vn -0.1386 -0.0576 0.9887
vn -0.1185 -0.1048 0.9874
vn -0.1050 -0.1787 0.9783
vn -0.1665 0.1195 0.9788
vn -0.1656 0.0075 0.9862
vn -0.0980 -0.1564 0.9828
vn -0.0907 -0.2071 0.9741
vn 0.2799 -0.3095 0.9088
vn 0.2868 -0.3254 0.9010
vn 0.2787 -0.3207 0.9053
vn 0.2619 -0.2906 0.9203
vn 0.4141 -0.2788 0.8665
vn 0.4110 -0.2731 0.8698
vn 0.4124 -0.3172 0.8540
vn 0.3800 -0.2706 0.8845
vn 0.5344 -0.2434 0.8095
vn 0.5202 -0.2270 0.8233
vn 0.5327 -0.1953 0.8235
vn 0.5402 -0.2056 0.8160
vn 0.6363 -0.1024 0.7646
vn 0.6314 -0.0994 0.7691
vn 0.6461 -0.1734 0.7433
vn 0.6121 -0.1515 0.7761
vn 0.6948 0.0088 0.7191
vn 0.7017 0.0071 0.7124
vn 0.7210 -0.0765 0.6887
vn 0.7072 -0.0735 0.7032
vn 0.7326 0.0859 0.6752
vn 0.7188 0.0858 0.6900
vn 0.7618 0.0189 0.6475
vn 0.7601 0.0190 0.6495
vn 0.3684 0.1301 0.9205
vn 0.4008 0.0493 0.9148
vn 0.3434 0.2264 0.9115
vn 0.3697 0.1542 0.9163
vn 0.3092 0.2539 0.9165
vn 0.3363 0.1681 0.9266
vn 0.2387 0.2442 0.9399
vn 0.2509 0.1987 0.9474
vn 0.2484 0.2559 0.9342
vn 0.2459 0.2646 0.9325
vn 0.2915 0.2932 0.9105
vn 0.2816 0.3287 0.9015
vn 0.2867 0.2911 0.9127
vn 0.2866 0.2911 0.9128
vn 0.2083 0.2185 0.9533
vn 0.2240 0.2163 0.9503
vn 0.1359 0.1778 0.9746
vn 0.1653 0.1744 0.9707
vn 0.0708 0.1602 0.9846
vn 0.0755 0.1239 0.9894
vn 0.1529 0.2209 0.9632
vn 0.1360 0.2963 0.9454
vn 0.1805 0.4579 0.8705
vn 0.2155 0.3366 0.9167
vn 0.1375 0.5634 0.8147
vn 0.3443 0.5049 0.7915
vn 0.2580 0.6540 0.7112
vn 0.2547 0.5867 0.7687
vn 0.3733 0.6579 0.6541
vn 0.3560 0.6683 0.6531
vn 0.4219 0.6385 0.6437
vn 0.4297 0.6452 0.6317
vn 0.4829 0.6201 0.6182
vn 0.4726 0.6135 0.6327
vn 0.4917 0.6068 0.6246
vn 0.4623 0.5895 0.6624
vn 0.4425 0.5963 0.6698
vn 0.4758 0.5674 0.6721
vn 0.2135 0.5469 0.8095
vn 0.2407 0.5718 0.7843
vn 0.0907 0.5246 0.8465
vn 0.0475 0.4785 0.8768
vn -0.0038 0.4690 0.8832
vn -0.0120 0.4774 0.8786
vn 0.2709 0.2392 0.9324
vn 0.2690 0.2461 0.9312
vn 0.2657 0.2261 0.9372
vn 0.3036 0.2425 0.9214
vn 0.3973 0.2096 0.8934
vn 0.3631 0.3046 0.8805
vn 0.4456 0.1852 0.8759
vn 0.4045 0.2868 0.8684
vn 0.4099 0.1672 0.8967
vn 0.4140 0.1478 0.8982
vn 0.4359 0.1987 0.8778
vn 0.4430 0.1705 0.8801
vn 0.4876 0.3213 0.8118
vn 0.4981 0.2925 0.8163
vn 0.5046 0.3634 0.7832
vn 0.5287 0.3029 0.7929
vn 0.7216 0.0971 0.6855
vn 0.6930 0.0879 0.7155
vn 0.7407 0.0647 0.6687
vn 0.7778 0.0746 0.6241
vn 0.9653 0.0733 0.2505
vn 0.9734 0.0507 0.2236
vn 0.6491 0.0558 0.7587
vn 0.6596 0.0709 0.7482
vn 0.6533 0.0523 0.7553
vn 0.6552 0.0433 0.7542
vn 0.6355 0.1299 0.7611
vn 0.6559 0.1544 0.7389
vn 0.6617 0.1091 0.7418
vn 0.6623 0.1067 0.7416
vn 0.5314 0.3695 0.7623
vn 0.5709 0.2677 0.7762
vn 0.5008 0.1017 0.8596
vn 0.4460 0.2202 0.8675
vn 0.5057 0.1066 0.8561
vn 0.5115 0.0700 0.8564
vn 0.5353 0.1226 0.8357
vn 0.5372 0.1132 0.8358
vn 0.5646 0.2571 0.7843
vn 0.5733 0.2633 0.7759
vn 0.5719 0.3389 0.7470
vn 0.5819 0.3137 0.7503
vn 0.5970 0.0418 0.8012
vn 0.6014 -0.0010 0.7989
vn 0.6282 0.0553 0.7761
vn 0.6322 0.0277 0.7743
vn 0.6805 0.1836 0.7093
vn 0.6865 0.1615 0.7089
vn 0.6961 0.2552 0.6710
vn 0.6996 0.2450 0.6712
vn 0.6779 -0.0165 0.7350
vn 0.6808 -0.0690 0.7292
vn 0.7120 -0.0021 0.7022
vn 0.7165 -0.0461 0.6961
vn 0.7772 0.1079 0.6199
vn 0.7810 0.0908 0.6179
vn 0.7892 0.1645 0.5917
vn 0.7855 0.1774 0.5929
vn 0.7825 -0.0490 0.6208
vn 0.7862 -0.1012 0.6097
vn 0.8440 0.0462 0.5343
vn 0.8395 0.0419 0.5418
vn 0.8493 0.0968 0.5190
vn 0.8466 0.1075 0.5212
vn 0.8866 -0.0036 0.4625
vn 0.8820 0.0228 0.4707
vn 0.8915 0.0478 0.4504
vn 0.8905 0.0526 0.4519
vn 0.8210 -0.1022 0.5617
vn 0.8462 -0.0885 0.5254
vn 0.9773 -0.1061 0.1835
vn 0.9776 -0.1156 0.1761
vn 0.9792 -0.1005 0.1765
vn 0.9793 -0.1055 0.1727
vn 0.9790 -0.0980 0.1785
vn 0.9806 -0.0926 0.1728
vn 0.9802 -0.0858 0.1785
vn 0.9796 -0.0751 0.1864
vn 0.9860 -0.1077 0.1275
vn 0.9858 -0.1191 0.1182
vn 0.9868 -0.1104 0.1186
vn 0.9868 -0.1121 0.1173
vn 0.9869 -0.1100 0.1183
vn 0.9871 -0.1091 0.1174
vn 0.9881 -0.0980 0.1185
vn 0.9881 -0.0945 0.1211
vn 0.9914 -0.1139 0.0645
vn 0.9910 -0.1200 0.0593
vn 0.9915 -0.1155 0.0595
vn 0.9911 -0.1216 0.0543
vn 0.9915 -0.1199 0.0513
vn 0.9917 -0.1161 0.0545
vn 0.9927 -0.1089 0.0514
vn 0.9929 -0.1062 0.0537
vn 0.3971 -0.0921 0.9132
vn 0.4165 -0.1344 0.8992
vn 0.7696 -0.1454 0.6218
vn 0.7375 -0.1278 0.6631
vn 0.9771 -0.1080 0.1834
vn 0.9736 -0.1188 0.1947
vn 0.9848 -0.1084 0.1359
vn 0.9847 -0.1192 0.1268
vn 0.9905 -0.1217 0.0640
vn 0.9911 -0.1118 0.0728
vn 0.9812 -0.1614 -0.1055
vn 0.9878 -0.1354 -0.0765
vn 0.1269 0.3643 0.9226
vn 0.1442 0.3494 0.9258
vn 0.1230 0.3243 0.9379
vn 0.1360 0.3130 0.9400
vn 0.1155 0.3125 0.9429
vn 0.1270 0.3022 0.9447
vn 0.0882 0.3508 0.9323
vn 0.1056 0.3355 0.9361
vn 0.0757 0.3640 0.9283
vn 0.0596 0.3496 0.9350
vn 0.1743 -0.8478 0.5009
vn 0.2526 -0.8190 0.5152
vn 0.1571 -0.8290 0.5367
vn 0.1428 -0.8336 0.5337
vn 0.1828 -0.8410 0.5092
vn 0.1797 -0.7412 0.6467
vn 0.6368 -0.0078 0.7710
vn 0.5381 0.1187 0.8344
vn 0.2896 0.6542 0.6986
vn 0.2963 0.6734 0.6774
vn 0.3227 0.7129 0.6226
vn 0.3532 0.7417 0.5702
vn 0.3173 0.7136 0.6246
vn 0.2938 0.6762 0.6756
vn 0.2721 0.6413 0.7174
vn 0.2823 0.6763 0.6804
vn 0.9864 -0.1449 -0.0778
vn 0.9905 -0.1248 -0.0569
vn 0.9885 -0.1394 -0.0581
vn 0.9907 -0.1277 -0.0466
vn 0.9906 -0.1303 -0.0422
vn 0.9909 -0.1266 -0.0465
vn 0.9920 -0.1189 -0.0419
vn 0.9910 -0.1250 -0.0473
vn 0.9910 -0.1251 -0.0473
vn 0.9927 -0.1142 -0.0386
vn 0.9909 -0.1338 -0.0159
vn 0.9926 -0.1151 -0.0385
vn 0.9882 -0.1527 -0.0150
vn 0.9940 -0.1080 0.0181
vn 0.9903 -0.1382 0.0162
vn 0.9928 -0.1070 0.0534
vn 0.9886 -0.1273 0.0807
vn 0.9948 -0.0847 0.0571
vn 0.9882 -0.0987 0.1175
vn 0.9940 -0.0562 0.0939
vn 0.9823 -0.0288 0.1851
vn 0.9859 0.0042 0.1671
vn 0.9820 -0.0108 0.1884
vn 0.9768 0.0068 0.2142
vn 0.9496 0.0434 0.3104
vn 0.9497 0.0455 0.3100
vn 0.9337 0.1015 0.3433
vn 0.9331 0.1017 0.3451
vn 0.9438 0.0713 0.3229
vn 0.9417 0.0722 0.3287
vn 0.9232 0.1337 0.3603
vn 0.9236 0.1301 0.3606
vn 0.9105 0.1639 0.3797
vn 0.9100 0.1669 0.3795
vn 0.8738 0.2324 0.4271
vn 0.8724 0.2325 0.4298
vn 0.8184 0.3047 0.4872
vn 0.8121 0.3038 0.4982
vn 0.8584 0.2502 0.4479
vn 0.8543 0.2630 0.4482
vn 0.7311 0.3596 0.5798
vn 0.7190 0.3836 0.5797
vn 0.6719 0.3727 0.6400
vn 0.6531 0.4038 0.6406
vn 0.6301 0.4001 0.6655
vn 0.6173 0.3918 0.6823
vn 0.5790 0.4132 0.7028
vn 0.5709 0.4073 0.7128
vn 0.7888 0.3248 0.5219
vn 0.7833 0.3380 0.5217
vn 0.8380 0.2814 0.4675
vn 0.8351 0.2815 0.4726
vn 0.9774 -0.0086 0.2112
vn 0.9713 0.0076 0.2378
vn 0.9591 0.0091 0.2830
vn 0.9563 0.0119 0.2920
vn 0.9552 0.0208 0.2953
vn 0.9535 0.0221 0.3006
vn 0.9675 -0.0003 0.2529
vn 0.9628 0.0074 0.2701
vn 0.9630 0.0049 0.2694
vn 0.9590 0.0101 0.2833
vn 0.9682 -0.0119 0.2499
vn 0.9709 0.0133 0.2390
vn 0.5756 0.2561 0.7766
vn 0.5577 0.3746 0.7407
vn 0.6935 0.2383 0.6799
vn 0.5731 0.2526 0.7796
vn 0.7652 0.3161 0.5609
vn 0.7768 0.3019 0.5527
vn 0.4329 0.3648 0.8243
vn 0.4513 0.3814 0.8067
vn 0.4234 0.3098 0.8513
vn 0.4388 0.3235 0.8383
vn 0.4125 0.2759 0.8682
vn 0.4262 0.2881 0.8575
vn 0.3816 0.2838 0.8797
vn 0.3893 0.2904 0.8742
vn 0.4758 0.3690 0.7984
vn 0.5539 0.3688 0.7465
vn 0.3891 0.3561 0.8496
vn 0.4867 0.3584 0.7967
vn 0.3480 0.3423 0.8728
vn 0.4023 0.3439 0.8484
vn 0.3121 0.3470 0.8844
vn 0.3419 0.3478 0.8730
vn 0.3158 0.3435 0.8845
vn 0.3162 0.3435 0.8843
vn 0.3176 0.3398 0.8853
vn 0.3201 0.3397 0.8844
vn 0.3301 0.3285 0.8850
vn 0.3335 0.3152 0.8885
vn 0.4195 0.2204 0.8806
vn 0.4174 0.2206 0.8815
vn 0.4997 0.1417 0.8545
vn 0.4822 0.1450 0.8640
vn 0.5763 0.0657 0.8146
vn 0.5488 0.0725 0.8328
vn 0.6445 -0.0217 0.7643
vn 0.6219 -0.0136 0.7830
vn 0.7066 -0.0992 0.7007
vn 0.6705 -0.0808 0.7375
vn 0.7195 -0.1447 0.6792
vn 0.7294 -0.0909 0.6780
vn 0.7311 -0.0990 0.6751
vn 0.7555 -0.1303 0.6421
vn 0.7505 -0.0826 0.6557
vn 0.7745 -0.1228 0.6206
vn 0.7714 -0.0639 0.6331
vn 0.7919 -0.1050 0.6015
vn 0.8072 -0.0827 0.5845
vn 0.7907 -0.0447 0.6106
vn 0.8074 -0.0749 0.5852
vn 0.8204 -0.0478 0.5698
vn 0.8172 -0.1042 0.5669
vn 0.8372 -0.0690 0.5425
vn 0.8512 -0.2022 0.4843
vn 0.8444 -0.1538 0.5131
vn 0.8469 -0.2620 0.4627
vn 0.8451 -0.2253 0.4849
vn 0.4285 -0.6420 0.6358
vn 0.5965 -0.5085 0.6209
vn 0.7679 0.1549 0.6216
vn 0.6435 0.1696 0.7464
vn -0.1316 0.0978 0.9865
vn -0.2194 0.0137 0.9755
vn -0.1562 -0.0943 0.9832
vn -0.1660 0.0077 0.9861
vn -0.1415 -0.0563 0.9883
vn -0.1354 -0.1435 0.9804
vn -0.0842 -0.1043 0.9910
vn -0.0858 -0.0246 0.9960
vn -0.0179 0.0098 0.9998
vn -0.0177 0.0455 0.9988
vn 0.0484 0.1078 0.9930
vn 0.0481 0.1487 0.9877
vn 0.1036 0.1987 0.9746
vn 0.1030 0.2158 0.9710
vn 0.3023 0.3474 0.8876
vn 0.2921 0.4388 0.8497
vn 0.4424 0.3932 0.8060
vn 0.4151 0.5439 0.7293
vn 0.5301 0.3604 0.7675
vn 0.5042 0.5000 0.7041
vn 0.5427 0.3807 0.7487
vn 0.6309 0.3770 0.6781
vn 0.6011 0.3267 0.7294
vn 0.6808 0.3189 0.6594
vn 0.7112 0.2135 0.6698
vn 0.6921 0.3388 0.6374
vn 0.7892 0.2150 0.5753
vn 0.7185 0.2252 0.6581
vn 0.8413 0.1728 0.5122
vn 0.8246 0.2626 0.5011
vn 0.8622 0.2511 0.4399
vn 0.8287 0.2567 0.4974
vn 0.8541 0.2634 0.4484
vn 0.8342 0.3259 0.4449
vn 0.7429 0.3858 0.5471
vn 0.7686 0.3854 0.5106
vn 0.3994 0.5295 0.7484
vn 0.4095 0.5322 0.7410
vn 0.1726 0.5801 0.7961
vn 0.1829 0.5736 0.7985
vn 0.7718 0.1821 0.6093
vn 0.8395 0.1758 0.5142
vn -0.2707 0.3270 0.9054
vn -0.0834 0.4744 0.8764
vn -0.1614 0.6592 0.7345
vn -0.1651 0.5027 0.8485
vn -0.2255 0.1825 0.9570
vn -0.1224 0.2813 0.9518
vn -0.0113 0.1042 0.9945
vn 0.0405 0.1326 0.9903
vn -0.1014 0.0653 0.9927
vn -0.0021 0.1177 0.9930
vn -0.0842 0.2487 0.9649
vn -0.1117 0.0500 0.9925
vn -0.1474 0.3216 0.9353
vn -0.1690 0.1211 0.9782
vn -0.0488 0.4622 0.8854
vn -0.2619 0.3415 0.9027
vn 0.0132 0.5032 0.8641
vn -0.0803 0.2445 0.9663
vn 0.2188 -0.1458 0.9648
vn 0.2119 -0.1345 0.9680
vn 0.4531 -0.2177 0.8645
vn 0.5033 -0.1566 0.8498
vn 0.6696 -0.2365 0.7041
vn 0.5705 -0.3498 0.7431
vn 0.6585 -0.3632 0.6592
vn 0.6648 -0.5186 0.5377
vn 0.5914 -0.5029 0.6303
vn 0.5854 -0.6061 0.5385
vn 0.3080 -0.5952 0.7422
vn 0.4363 -0.5419 0.7183
vn 0.2254 -0.5713 0.7892
vn 0.2646 -0.5649 0.7816
vn 0.2349 -0.5566 0.7969
vn 0.2077 -0.5557 0.8050
vn 0.1412 -0.4670 0.8729
vn 0.1385 -0.4663 0.8737
vn -0.0155 -0.3131 0.9496
vn -0.0179 -0.3122 0.9499
vn -0.0975 -0.2270 0.9690
vn -0.1425 -0.2073 0.9678
vn 0.0346 -0.4004 0.9157
vn -0.0283 -0.3755 0.9264
vn 0.1244 -0.5645 0.8160
vn 0.1618 -0.5759 0.8013
vn 0.3351 -0.8453 0.4161
vn 0.4434 -0.8385 0.3167
vn 0.4073 -0.4974 0.7660
vn 0.2954 -0.4033 0.8661
vn 0.3294 -0.2163 0.9191
vn 0.2185 -0.1231 0.9680
vn 0.2290 0.3513 0.9078
vn 0.2254 0.1779 0.9579
vn 0.2830 0.4174 0.8635
vn 0.1082 0.5384 0.8357
vn -0.0920 0.8316 0.5477
vn -0.1678 0.8552 0.4904
vn -0.1858 0.7673 0.6137
vn -0.0990 0.7743 0.6250
vn -0.1745 0.6648 0.7263
vn -0.1647 0.7555 0.6341
vn -0.1697 0.5390 0.8251
vn -0.1318 0.7080 0.6938
vn -0.1596 0.3326 0.9295
vn -0.0707 0.6375 0.7672
vn -0.0663 0.8273 0.5579
vn -0.0676 0.8449 0.5307
vn 0.5040 0.7999 -0.3259
vn 0.4716 0.8317 -0.2932
vn 0.4008 0.9108 -0.0990
vn 0.6096 0.7347 -0.2977
vn 0.7406 0.1156 0.6619
vn 0.7418 0.1181 0.6601
vn 0.7571 0.1162 0.6428
vn 0.7411 0.0849 0.6660
vn 0.7244 0.0888 0.6837
vn 0.7358 0.1163 0.6671
vn 0.7250 -0.0295 0.6881
vn 0.7445 -0.0112 0.6676
vn 0.7646 -0.0463 0.6428
vn 0.7638 -0.0472 0.6438
vn 0.7891 -0.0577 0.6116
vn 0.7945 -0.0782 0.6023
vn 0.7208 0.0002 0.6932
vn 0.7168 -0.0039 0.6973
vn 0.7082 -0.1332 0.6933
vn 0.7054 -0.1238 0.6980
vn 0.1337 -0.9065 0.4005
vn 0.1094 -0.8969 0.4284
vn 0.1156 -0.8668 0.4850
vn 0.0771 -0.8411 0.5353
vn 0.1628 -0.7055 0.6897
vn 0.1826 -0.7507 0.6349
vn 0.2155 -0.5477 0.8085
vn 0.2410 -0.5305 0.8127
vn 0.2071 0.3857 0.8991
vn 0.2298 0.3634 0.9028
vn 0.2053 0.3312 0.9210
vn 0.2184 0.3179 0.9227
vn 0.2023 0.3110 0.9286
vn 0.2100 0.3030 0.9296
vn 0.1907 0.3382 0.9215
vn 0.1940 0.3349 0.9221
vn 0.1704 0.3539 0.9196
vn 0.1783 0.3614 0.9152
vn 0.0971 -0.7911 0.6039
vn 0.2035 -0.7483 0.6313
vn 0.1226 -0.8420 0.5253
vn 0.1094 -0.8251 0.5543
vn 0.1477 -0.8303 0.5374
vn 0.1430 -0.8063 0.5739
vn 0.1690 -0.8595 0.4824
vn 0.0780 -0.8983 0.4323
vn 0.1352 -0.8490 0.5109
vn 0.1259 -0.8521 0.5080
vn 0.3128 0.0687 0.9473
vn 0.2675 -0.0953 0.9588
vn 0.3649 0.0838 0.9273
vn 0.3534 0.0185 0.9353
vn 0.4473 0.0193 0.8942
vn 0.4426 -0.0217 0.8965
vn 0.5693 -0.1542 0.8076
vn 0.5683 -0.1623 0.8067
vn 0.6370 -0.3798 0.6708
vn 0.6539 -0.2958 0.6963
vn 0.6429 -0.5705 0.5110
vn 0.6807 -0.4647 0.5663
vn 0.6698 -0.6345 0.3858
vn 0.6100 -0.7299 0.3085
vn 0.5393 -0.8392 0.0693
vn 0.4855 -0.8741 0.0152
vn 0.4288 -0.8800 0.2042
vn 0.3705 -0.8886 0.2705
vn 0.4630 -0.7651 0.4475
vn 0.4170 -0.7610 0.4970
vn 0.4496 -0.5579 0.6976
vn 0.4101 -0.5450 0.7313
vn 0.4178 -0.3248 0.8485
vn 0.3707 -0.3061 0.8768
vn 0.3837 -0.0974 0.9183
vn 0.3269 -0.0716 0.9423
vn 0.3240 0.0624 0.9440
vn 0.3272 0.0610 0.9430
vn 0.2603 0.1397 0.9554
vn 0.3050 0.1206 0.9447
vn 0.8632 -0.4504 -0.2282
vn 0.8710 -0.4415 -0.2155
vn 0.9214 -0.3851 0.0525
vn 0.9200 -0.3878 0.0574
vn 0.9198 -0.3656 0.1425
vn 0.9168 -0.3700 0.1503
vn 0.9111 -0.3451 0.2255
vn 0.9076 -0.3494 0.2328
vn 0.8979 -0.2783 0.3411
vn 0.8791 -0.2991 0.3711
vn 0.8564 -0.1857 0.4818
vn 0.8627 -0.2212 0.4547
vn 0.8593 -0.1492 0.4892
vn 0.8383 -0.1773 0.5155
vn 0.8463 -0.1435 0.5130
vn 0.8349 -0.0942 0.5423
vn 0.8392 -0.0960 0.5353
vn 0.8278 -0.0526 0.5586
vn 0.8102 -0.0073 0.5861
vn 0.8237 -0.0512 0.5646
vn 0.7856 0.0244 0.6182
vn 0.7953 -0.0022 0.6062
vn 0.7750 0.0589 0.6292
vn 0.7571 0.0334 0.6524
vn 0.7328 0.0560 0.6782
vn 0.7422 0.0689 0.6666
vn 0.7237 0.0545 0.6879
vn 0.7260 0.0580 0.6853
vn 0.6941 0.0768 0.7157
vn 0.7010 0.0618 0.7105
vn 0.6433 0.1565 0.7494
vn 0.6794 0.0821 0.7291
vn 0.6313 0.2107 0.7464
vn 0.6642 0.1483 0.7327
vn 0.6514 0.2023 0.7312
vn 0.6384 0.1720 0.7503
vn 0.5758 -0.8081 0.1245
vn 0.5310 -0.8458 0.0514
vn 0.6274 -0.7247 0.2847
vn 0.6899 -0.7107 0.1374
vn 0.6766 -0.6374 0.3686
vn 0.7523 -0.6277 0.2002
vn 0.5755 -0.7904 0.2100
vn 0.6295 -0.7726 0.0823
vn 0.6825 -0.6195 0.3879
vn 0.6360 -0.7181 0.2825
vn 0.7207 -0.5049 0.4752
vn 0.6858 -0.6293 0.3656
vn 0.6586 -0.4647 0.5918
vn 0.7430 -0.4821 0.4642
vn 0.6231 -0.5842 0.5201
vn 0.7061 -0.5985 0.3784
vn 0.6687 -0.3941 0.6305
vn 0.6416 -0.3859 0.6629
vn 0.6648 -0.4526 0.5942
vn 0.6023 -0.4300 0.6726
vn 0.5206 -0.4355 0.7344
vn 0.5465 -0.4451 0.7094
vn 0.3997 -0.4772 0.7826
vn 0.4113 -0.4827 0.7732
vn 0.3830 -0.4876 0.7846
vn 0.4039 -0.4990 0.7667
vn 0.2303 -0.9620 0.1468
vn 0.2059 -0.9709 0.1226
vn 0.2181 0.0905 0.9717
vn 0.1756 0.1128 0.9780
vn 0.1704 -0.0145 0.9853
vn 0.2703 0.1020 0.9574
vn 0.2978 -0.4276 0.8535
vn 0.4228 -0.4109 0.8077
vn 0.3112 -0.2756 0.9095
vn 0.2416 -0.4630 0.8528
vn 0.2317 -0.3496 0.9078
vn 0.2136 -0.3367 0.9170
vn 0.3531 -0.0477 0.9344
vn 0.1978 -0.0056 0.9802
vn 0.2693 -0.0970 0.9581
vn 0.2141 -0.3475 0.9129
vn -0.3704 -0.9008 0.2268
vn -0.3732 -0.8996 0.2267
vn 0.1915 0.7977 0.5718
vn 0.1470 0.8116 0.5654
vn 0.1946 0.7830 0.5907
vn 0.1811 0.7892 0.5868
vn 0.1844 0.7764 0.6027
vn 0.1911 0.7663 0.6134
vn 0.1771 0.7585 0.6271
vn 0.2095 0.7353 0.6446
vn 0.1765 0.7405 0.6484
vn 0.1877 0.7306 0.6565
vn 0.1641 0.7140 0.6806
vn 0.1606 0.7385 0.6549
vn 0.1544 0.7091 0.6880
vn 0.1519 0.7125 0.6850
vn 0.1191 0.7427 0.6590
vn 0.1372 0.7086 0.6922
vn 0.0854 0.7259 0.6824
vn 0.0792 0.7459 0.6613
vn 0.0655 0.7624 0.6438
vn 0.0386 0.7289 0.6835
vn 0.0459 0.7664 0.6407
vn 0.0448 0.7655 0.6418
vn 0.0405 0.8002 0.5983
vn 0.0029 0.7767 0.6298
vn -0.0165 0.8377 0.5458
vn -0.0151 0.8488 0.5286
vn -0.0472 0.8669 0.4962
vn -0.0445 0.8460 0.5313
vn -0.0884 0.8811 0.4647
vn -0.0825 0.8723 0.4819
vn -0.0351 0.8399 0.5417
vn -0.0465 0.8270 0.5602
vn -0.0229 0.8306 0.5564
vn -0.0112 0.8413 0.5405
vn 0.1547 0.8261 0.5419
vn 0.0724 0.7904 0.6084
vn 0.0984 0.7864 0.6099
vn 0.1314 0.7373 0.6626
vn 0.5603 0.1555 0.8135
vn 0.5417 0.1690 0.8234
vn 0.6805 -0.4452 0.5820
vn 0.5943 -0.2756 0.7555
vn 0.5768 -0.7332 0.3602
vn 0.5801 -0.6155 0.5336
vn 0.4619 -0.7405 0.4881
vn 0.4398 -0.8416 0.3136
vn 0.3934 -0.8856 0.2471
vn 0.4339 -0.7597 0.4844
vn 0.4278 -0.8722 0.2371
vn 0.4080 -0.8774 0.2526
vn 0.3794 -0.8986 0.2203
vn 0.1910 -0.9027 0.3855
vn 0.2470 -0.9165 0.3147
vn 0.1770 -0.9068 0.3826
vn 0.1523 -0.9418 0.2998
vn 0.2258 -0.9495 0.2181
vn 0.0833 -0.9410 0.3281
vn 0.1595 -0.9644 0.2108
vn -0.0735 -0.9659 0.2482
vn -0.0794 -0.9516 0.2970
vn -0.1104 -0.9594 0.2593
vn -0.1033 -0.9343 0.3412
vn -0.1129 -0.9317 0.3451
vn -0.1199 -0.9420 0.3134
vn -0.2024 -0.9529 0.2260
vn -0.1727 -0.9248 0.3391
vn -0.2219 -0.9421 0.2515
vn -0.2255 -0.9445 0.2391
vn -0.2036 -0.9486 0.2422
vn -0.1670 -0.9418 0.2918
vn -0.3442 -0.9191 0.1916
vn -0.2570 -0.9201 0.2955
vn 0.6948 0.7192 0.0079
vn 0.7472 0.6614 -0.0648
vn 0.9055 0.4223 -0.0425
vn 0.8818 0.4708 0.0273
vn 0.9652 0.2598 -0.0310
vn 0.9625 0.2666 -0.0505
vn 0.9946 -0.0933 0.0464
vn 0.9173 -0.0940 0.3869
vn 0.8045 -0.4289 0.4109
vn 0.8741 -0.4121 0.2572
vn 0.7245 -0.6893 -0.0071
vn 0.6644 -0.7449 0.0611
vn -0.1254 0.8829 0.4524
vn 0.0040 0.8280 0.5607
vn 0.0807 0.7264 0.6825
vn 0.0802 0.7143 0.6952
vn 0.4884 -0.7869 0.3770
vn 0.4665 -0.8244 0.3207
vn 0.1507 -0.9716 0.1827
vn 0.1231 -0.9804 0.1537
vn 0.1105 -0.5050 0.8560
vn 0.1292 -0.5194 0.8447
vn 0.1292 -0.5193 0.8448
vn 0.1341 -0.5227 0.8419
vn 0.5141 -0.7307 0.4491
vn 0.5716 -0.6382 0.5157
vn 0.4902 -0.6177 0.6149
vn 0.4298 -0.7087 0.5596
vn 0.3614 -0.6239 0.6929
vn 0.3207 -0.6795 0.6599
vn 0.2452 -0.5224 0.8167
vn 0.2624 -0.5007 0.8249
vn 0.2642 -0.5141 0.8160
vn 0.2747 -0.5014 0.8204
vn 0.1949 -0.6627 0.7231
vn 0.2308 -0.6194 0.7504
vn 0.0966 -0.6179 0.7803
vn 0.0762 -0.6390 0.7654
vn 0.6277 -0.4800 0.6128
vn 0.7205 -0.5054 0.4749
vn 0.6779 -0.3867 0.6253
vn 0.7303 -0.4001 0.5537
vn 0.6050 -0.7323 0.3126
vn 0.5236 -0.7256 0.4465
vn 0.5111 -0.8308 0.2204
vn 0.5814 -0.7483 0.3195
vn 0.5796 -0.8054 0.1237
vn 0.5371 -0.8158 0.2145
vn 0.5044 -0.4586 0.7316
vn 0.5313 -0.4707 0.7044
vn 0.6348 -0.7107 0.3033
vn 0.5824 -0.7857 0.2086
vn 0.6494 -0.6993 0.2989
vn 0.5718 -0.6928 0.4393
vn 0.5982 -0.6756 0.4309
vn 0.6529 -0.5565 0.5138
vn 0.6212 -0.4910 0.6108
vn 0.5674 -0.6137 0.5489
vn 0.4741 -0.5214 0.7094
vn 0.5244 -0.5466 0.6529
vn 0.3472 -0.5240 0.7777
vn 0.3938 -0.5520 0.7350
vn 0.2456 -0.5252 0.8147
vn 0.2246 -0.5524 0.8028
vn 0.0936 -0.5268 0.8448
vn 0.1120 -0.5424 0.8326
vn -0.0071 0.8466 0.5322
vn -0.0128 0.8135 0.5814
vn 0.3809 0.8863 -0.2633
vn 0.3420 0.9165 -0.2076
vn -0.6063 0.7904 0.0874
vn -0.4030 0.8897 0.2144
vn 0.1000 0.8164 0.5688
vn 0.1457 0.8088 0.5697
vn 0.1276 0.8104 0.5718
vn 0.1058 0.8137 0.5716
vn 0.6706 0.3112 0.6733
vn 0.6595 0.3103 0.6846
vn 0.7338 0.1082 0.6707
vn 0.7805 0.1200 0.6136
vn 0.7106 0.0707 0.7001
vn 0.7457 0.0872 0.6606
vn 0.6939 0.0930 0.7140
vn 0.6483 0.0658 0.7585
vn 0.6431 -0.0606 0.7634
vn 0.6390 -0.0653 0.7664
vn 0.6765 -0.0260 0.7360
vn 0.6522 -0.0661 0.7552
vn 0.7275 0.0199 0.6858
vn 0.7049 -0.0390 0.7082
vn 0.7825 0.0471 0.6208
vn 0.7708 0.0043 0.6371
vn 0.8231 0.0803 0.5622
vn 0.8135 0.0401 0.5802
vn 0.8538 0.0993 0.5110
vn 0.8491 0.0771 0.5226
vn 0.8819 0.0992 0.4610
vn 0.8769 0.1096 0.4681
vn 0.9343 0.1076 0.3399
vn 0.9297 0.1175 0.3492
vn 0.9607 0.0780 0.2665
vn 0.9529 0.0984 0.2870
vn 0.9718 0.0545 0.2295
vn 0.9634 0.0796 0.2560
vn 0.9805 0.0282 0.1942
vn 0.9730 0.0553 0.2243
vn 0.9904 -0.0600 0.1245
vn 0.9864 -0.0320 0.1609
vn -0.0341 0.7851 0.6184
vn 0.0025 0.8034 0.5954
vn -0.0777 0.8014 0.5930
vn -0.0138 0.8288 0.5594
vn 0.0129 0.8362 0.5483
vn 0.0756 0.8535 0.5156
vn 0.2098 0.8414 0.4980
vn 0.2104 0.8415 0.4976
vn 0.2999 0.8223 0.4836
vn 0.3034 0.8230 0.4802
vn 0.3679 0.8055 0.4645
vn 0.3603 0.8040 0.4729
vn 0.4091 0.7893 0.4579
vn 0.3946 0.7862 0.4755
vn 0.4435 0.7703 0.4582
vn 0.4064 0.7608 0.5060
vn 0.4751 0.7386 0.4782
vn 0.4300 0.7225 0.5414
vn 0.4818 0.7067 0.5181
vn 0.4262 0.6720 0.6056
vn 0.4619 0.6641 0.5879
vn 0.4076 0.6014 0.6871
vn 0.5008 0.5741 0.6478
vn 0.6059 0.5920 0.5315
vn 0.9004 0.1316 0.4147
vn 0.9057 0.1182 0.4072
vn 0.9066 0.1068 0.4082
vn 0.9126 0.0890 0.3991
vn 0.9177 0.0687 0.3913
vn 0.9127 0.0859 0.3994
vn 0.9207 0.0454 0.3875
vn 0.9178 0.0578 0.3929
vn 0.8827 -0.1586 0.4423
vn 0.8775 -0.1362 0.4599
vn 0.8760 -0.1503 0.4582
vn 0.8739 -0.1421 0.4648
vn 0.8734 -0.1468 0.4643
vn 0.8722 -0.1423 0.4680
vn 0.8696 -0.1622 0.4663
vn 0.8750 -0.1547 0.4588
vn 0.8723 -0.1718 0.4578
vn 0.8785 -0.2019 0.4330
vn 0.8729 -0.2271 0.4319
vn 0.8773 -0.2641 0.4007
vn 0.8641 -0.3065 0.3993
vn 0.8644 -0.3517 0.3592
vn 0.8548 -0.3749 0.3588
vn 0.8495 -0.4261 0.3111
vn 0.0062 0.3585 0.9335
vn 0.0018 0.3545 0.9351
vn 0.0288 0.3577 0.9334
vn 0.0267 0.3593 0.9328
vn 0.0505 0.3574 0.9326
vn 0.0393 0.3666 0.9295
vn 0.0843 0.3692 0.9255
vn 0.0762 0.3619 0.9291
vn 0.1140 0.3637 0.9245
vn 0.1266 0.3754 0.9182
vn 0.1779 0.3636 0.9144
vn 0.1842 0.3694 0.9108
vn 0.2503 0.3503 0.9026
vn 0.2575 0.3422 0.9037
vn 0.3170 0.3187 0.8933
vn 0.3146 0.3217 0.8931
vn 0.3775 0.2931 0.8784
vn 0.3799 0.2951 0.8767
vn 0.4586 0.2637 0.8486
vn 0.4659 0.2688 0.8430
vn 0.4779 0.2619 0.8385
vn 0.4851 0.2663 0.8329
vn 0.4979 0.2583 0.8279
vn 0.5088 0.2645 0.8193
vn 0.5603 0.2469 0.7907
vn 0.5402 0.2849 0.7919
vn 0.6331 0.2565 0.7304
vn 0.6157 0.2473 0.7482
vn 0.6544 0.2367 0.7181
vn 0.6755 0.2461 0.6951
vn 0.6973 0.2235 0.6811
vn 0.7167 0.2310 0.6580
vn 0.7624 0.1758 0.6228
vn 0.7426 0.2378 0.6261
vn 0.7960 0.1880 0.5754
vn 0.7837 0.1849 0.5930
vn 0.8489 0.1500 0.5069
vn 0.8371 0.1487 0.5265
vn 0.8591 0.1309 0.4948
vn 0.8740 0.1311 0.4679
vn 0.8916 0.1088 0.4396
vn 0.8839 0.1097 0.4547
vn 0.8991 0.0900 0.4284
vn 0.9083 0.0876 0.4091
vn 0.9134 0.0724 0.4007
vn 0.9189 0.0702 0.3883
vn 0.9270 0.0586 0.3703
vn 0.9285 0.0530 0.3676
vn 0.9266 0.0545 0.3720
vn 0.9283 0.0474 0.3689
vn 0.9274 0.0483 0.3710
vn 0.9259 0.0509 0.3744
vn 0.9272 0.0492 0.3713
vn 0.9240 0.0609 0.3775
vn 0.9225 0.0399 0.3840
vn 0.9190 0.0612 0.3895
vn 0.9135 0.0704 0.4008
vn 0.9118 0.0802 0.4027
vn 0.9065 0.0896 0.4126
vn 0.9037 0.0969 0.4170
vn 0.9060 0.0924 0.4130
vn 0.9004 0.1180 0.4187
vn 0.8994 0.1115 0.4228
vn 0.8958 0.1330 0.4240
vn 0.8963 0.1320 0.4233
vn 0.8944 0.1429 0.4238
vn 0.9008 0.1286 0.4149
vn 0.9171 -0.2533 0.3078
vn 0.9166 -0.2430 0.3176
vn 0.8987 -0.3333 0.2850
vn 0.8993 -0.3141 0.3042
vn 0.8616 -0.4230 0.2805
vn 0.8806 -0.4039 0.2478
vn 0.8395 -0.4847 0.2455
vn 0.8230 -0.5378 0.1831
vn 0.8114 -0.4527 0.3697
vn 0.8549 -0.4165 0.3093
vn 0.7853 -0.5745 0.2308
vn 0.8136 -0.4903 0.3125
vn 0.7300 -0.6685 0.1423
vn 0.7746 -0.5886 0.2315
vn 0.6428 -0.7637 0.0599
vn 0.7007 -0.6987 0.1442
vn 0.5415 -0.8406 -0.0166
vn 0.6115 -0.7888 0.0621
vn 0.4668 -0.8814 -0.0732
vn 0.5269 -0.8498 -0.0157
vn 0.4147 -0.9037 -0.1063
vn 0.4529 -0.8886 -0.0725
vn 0.3744 -0.9180 -0.1305
vn 0.4039 -0.9087 -0.1058
vn 0.3301 -0.9351 -0.1286
vn 0.3500 -0.9245 -0.1507
vn 0.2618 -0.9528 -0.1540
vn 0.2691 -0.9517 -0.1481
vn 0.1856 -0.9707 -0.1526
vn 0.2038 -0.9642 -0.1695
vn 0.1233 -0.9770 -0.1739
vn 0.1296 -0.9771 -0.1689
vn 0.0510 -0.9817 -0.1833
vn 0.0630 -0.9828 -0.1737
vn 0.0149 0.3042 0.9525
vn 0.0154 0.3047 0.9523
vn 0.0457 0.3029 0.9519
vn 0.0359 0.3109 0.9498
vn 0.0804 0.3071 0.9483
vn 0.0600 0.3240 0.9442
vn 0.1138 0.3219 0.9399
vn 0.1091 0.3177 0.9419
vn 0.1449 0.3165 0.9375
vn 0.1516 0.3225 0.9343
vn 0.2015 0.3153 0.9273
vn 0.1981 0.3123 0.9291
vn 0.2679 0.2973 0.9164
vn 0.2673 0.2980 0.9164
vn 0.3227 0.2953 0.8993
vn 0.3397 0.2736 0.8999
vn 0.3924 0.2681 0.8799
vn 0.4113 0.2848 0.8658
vn 0.4844 0.2643 0.8340
vn 0.4697 0.2555 0.8451
vn 0.5189 0.2561 0.8156
vn 0.5064 0.2501 0.8252
vn 0.5585 0.2274 0.7977
vn 0.5378 0.2649 0.8004
vn 0.6241 0.2195 0.7498
vn 0.6016 0.2682 0.7524
vn 0.7091 0.2264 0.6678
vn 0.6818 0.2187 0.6981
vn 0.7441 0.2123 0.6334
vn 0.7236 0.2082 0.6580
vn 0.7858 0.1883 0.5891
vn 0.7637 0.1850 0.6185
vn 0.8064 0.1563 0.5703
vn 0.7968 0.1927 0.5727
vn 0.8331 0.1515 0.5320
vn 0.8231 0.1507 0.5475
vn 0.8766 0.1035 0.4699
vn 0.8682 0.1036 0.4852
vn 0.8935 0.0776 0.4423
vn 0.8870 0.0781 0.4551
vn 0.9063 0.0573 0.4187
vn 0.9003 0.0584 0.4314
vn 0.9186 0.0373 0.3933
vn 0.9117 0.0393 0.4090
vn 0.9205 0.0300 0.3896
vn 0.9207 0.0418 0.3881
vn 0.9290 0.0308 0.3689
vn 0.9223 0.0349 0.3849
vn 0.9330 0.0289 0.3586
vn 0.9286 0.0325 0.3696
vn 0.9346 0.0375 0.3537
vn 0.9307 0.0416 0.3635
vn 0.9383 0.0432 0.3433
vn 0.9323 0.0507 0.3580
vn 0.9359 0.0578 0.3474
vn 0.9371 0.0748 0.3408
vn 0.9415 0.0805 0.3271
vn 0.9339 0.0933 0.3450
vn 0.9407 0.0975 0.3248
vn 0.9379 0.1028 0.3312
vn 0.9442 0.0958 0.3152
vn 0.9394 0.1057 0.3260
vn 0.9480 0.0963 0.3034
vn 0.9421 0.1100 0.3168
vn 0.9525 0.0939 0.2896
vn 0.9461 0.1105 0.3044
vn 0.9581 0.0787 0.2755
vn 0.9524 0.0956 0.2896
vn 0.9630 0.0610 0.2624
vn 0.9582 0.0776 0.2755
vn 0.9640 0.0426 0.2624
vn 0.9668 0.0307 0.2535
vn 0.9695 -0.0035 0.2451
vn 0.9672 0.0088 0.2539
vn 0.9714 -0.0363 0.2347
vn 0.9691 -0.0208 0.2456
vn 0.9717 -0.0675 0.2262
vn 0.9704 -0.0543 0.2353
vn 0.9706 -0.0810 0.2266
vn 0.9727 -0.0746 0.2195
vn 0.9715 -0.0954 0.2168
vn 0.9713 -0.0910 0.2199
vn 0.9682 -0.1041 0.2274
vn 0.9690 -0.1186 0.2168
vn 0.9638 -0.1080 0.2437
vn 0.9652 -0.1301 0.2268
vn 0.9636 -0.1106 0.2435
vn 0.9533 -0.1364 0.2695
vn 0.9524 -0.1437 0.2689
vn 0.9486 -0.1114 0.2961
vn 0.9415 -0.1220 0.3142
vn 0.9448 -0.1463 0.2931
vn 0.9353 -0.1432 0.3237
vn 0.9373 -0.1575 0.3110
vn 0.9273 -0.1946 0.3197
vn 0.9266 -0.1957 0.3211
vn 0.9779 -0.1845 -0.0983
vn 0.9832 -0.1655 -0.0764
vn 0.9843 -0.1593 -0.0753
vn 0.9871 -0.1476 -0.0624
vn 0.9892 -0.1335 -0.0603
vn 0.9901 -0.1289 -0.0555
vn 0.9907 -0.1246 -0.0550
vn 0.9907 -0.1244 -0.0548
vn 0.9901 -0.1288 -0.0552
vn 0.9914 -0.1215 -0.0484
vn 0.9908 -0.1264 -0.0482
vn 0.9907 -0.1269 -0.0487
vn 0.9910 -0.1251 -0.0482
vn 0.9912 -0.1238 -0.0470
vn 0.9922 -0.1154 -0.0470
vn 0.9955 -0.0913 -0.0268
vn 0.9967 -0.0807 0.0003
vn 0.9932 -0.1133 -0.0266
vn 0.9939 -0.1099 -0.0000
vn 0.9969 -0.0708 0.0335
vn 0.9941 -0.1040 0.0317
vn 0.9952 -0.0616 0.0754
vn 0.9924 -0.0536 0.1110
vn 0.9935 -0.0877 0.0725
vn 0.9887 -0.0284 0.1470
vn 0.9921 -0.0597 0.1102
vn 0.9887 -0.0287 0.1469
vn 0.9843 -0.0042 0.1766
vn 0.9774 0.0265 0.2095
vn 0.9841 0.0013 0.1775
vn 0.9784 0.0094 0.2066
vn 0.9727 0.0263 0.2304
vn 0.9737 0.0118 0.2276
vn 0.9671 0.0276 0.2528
vn 0.9640 0.0176 0.2652
vn 0.9686 0.0085 0.2486
vn 0.9646 0.0113 0.2636
vn 0.9603 0.0180 0.2785
vn 0.9607 0.0140 0.2773
vn 0.9576 0.0179 0.2877
vn 0.9578 0.0158 0.2870
vn 0.9544 0.0191 0.2978
vn 0.9539 0.0232 0.2994
vn 0.9507 0.0255 0.3091
vn 0.9463 0.0412 0.3206
vn 0.9481 0.0403 0.3154
vn 0.9405 0.0677 0.3329
vn 0.9372 0.0690 0.3419
vn 0.9309 0.0919 0.3535
vn 0.9305 0.0920 0.3545
vn 0.9196 0.1195 0.3743
vn 0.9216 0.1191 0.3693
vn 0.9043 0.1585 0.3964
vn 0.9066 0.1429 0.3971
vn 0.8714 0.2135 0.4418
vn 0.8676 0.2138 0.4489
vn 0.8471 0.2380 0.4751
vn 0.8538 0.2375 0.4633
vn 0.8349 0.2568 0.4868
vn 0.8298 0.2569 0.4954
vn 0.8121 0.2814 0.5112
vn 0.8065 0.2805 0.5204
vn 0.7777 0.3154 0.5438
vn 0.7842 0.2988 0.5438
vn 0.7069 0.3347 0.6231
vn 0.7219 0.3418 0.6018
vn 0.6408 0.3426 0.6871
vn 0.6583 0.3524 0.6652
vn 0.6213 0.3554 0.6983
vn 0.6056 0.3453 0.7169
vn 0.5770 0.3619 0.7322
vn 0.5636 0.3519 0.7473
vn 0.0789 -0.7532 0.6531
vn 0.0411 -0.7852 0.6179
vn 0.1697 -0.7979 0.5784
vn 0.2008 -0.7684 0.6076
vn 0.2636 -0.7797 0.5680
vn 0.3274 -0.8070 0.4915
vn 0.4313 -0.7698 0.4704
vn 0.3797 -0.8234 0.4218
vn 0.4516 -0.8323 0.3214
vn 0.5165 -0.7623 0.3901
vn 0.4635 -0.8600 0.2135
vn 0.5353 -0.7888 0.3022
vn 0.4601 -0.8771 0.1377
vn 0.5110 -0.8351 0.2037
vn 0.4881 -0.8703 0.0655
vn 0.5328 -0.8371 0.1240
vn 0.5064 -0.8600 0.0626
vn 0.5283 -0.8490 0.0137
vn 0.5284 -0.8489 0.0137
vn 0.5480 -0.8359 -0.0323
vn 0.5788 -0.8147 -0.0352
vn 0.5762 -0.8168 -0.0287
vn 0.6429 -0.7653 -0.0331
vn 0.6264 -0.7794 0.0073
vn 0.7185 -0.6955 0.0037
vn 0.6972 -0.7149 0.0534
vn 0.7200 -0.6757 -0.1581
vn 0.7301 -0.6680 -0.1439
vn 0.8102 -0.5649 -0.1563
vn 0.8146 -0.5605 -0.1491
vn 0.8925 -0.4222 -0.1587
vn 0.8902 -0.4356 -0.1333
vn 0.9335 -0.3323 -0.1351
vn 0.9370 -0.3255 -0.1268
vn 0.9591 -0.2561 -0.1207
vn 0.9565 -0.2623 -0.1276
vn 0.9678 -0.2217 -0.1193
vn 0.9697 -0.2163 -0.1133
vn 0.9736 -0.1994 -0.1112
vn 0.9769 -0.1891 -0.0991
vn 0.7204 -0.6917 0.0512
vn 0.7539 -0.6456 0.1220
vn 0.6455 -0.7637 -0.0045
vn 0.6786 -0.7327 0.0521
vn 0.5790 -0.8146 -0.0331
vn 0.5985 -0.8011 -0.0029
vn 0.5254 -0.8505 -0.0254
vn 0.5217 -0.8526 -0.0307
vn 0.5023 -0.8647 0.0082
vn 0.4798 -0.8771 -0.0223
vn 0.4547 -0.8906 0.0138
vn 0.4870 -0.8717 0.0538
vn 0.4573 -0.8848 0.0892
vn 0.4339 -0.8988 0.0616
vn 0.4625 -0.8737 0.1506
vn 0.4131 -0.9055 0.0969
vn 0.4499 -0.8615 0.2354
vn 0.3794 -0.9103 0.1658
vn 0.3758 -0.8717 0.3145
vn 0.3162 -0.9134 0.2564
vn 0.2652 -0.8938 0.3617
vn 0.2359 -0.9133 0.3321
vn 0.1733 -0.9016 0.3964
vn 0.1502 -0.9160 0.3719
vn 0.0449 -0.9143 0.4026
vn 0.0402 -0.9122 0.4077
vn 0.0324 0.3955 0.9179
vn 0.0263 0.3905 0.9202
vn 0.0668 0.3942 0.9166
vn 0.0605 0.3991 0.9149
vn 0.1135 0.3954 0.9115
vn 0.0975 0.4080 0.9078
vn 0.1519 0.4189 0.8953
vn 0.1346 0.4044 0.9046
vn 0.1703 0.4164 0.8931
vn 0.1908 0.4343 0.8803
vn 0.2354 0.4445 0.8643
vn 0.2183 0.4297 0.8762
vn 0.3157 0.4269 0.8474
vn 0.2900 0.4527 0.8432
vn 0.3673 0.4490 0.8146
vn 0.3881 0.4261 0.8172
vn 0.4442 0.4238 0.7894
vn 0.4599 0.4375 0.7728
vn 0.5681 0.3080 0.7632
vn 0.5450 0.2913 0.7862
vn 0.6084 0.3121 0.7297
vn 0.5853 0.2977 0.7542
vn 0.6438 0.2877 0.7091
vn 0.6218 0.3278 0.7113
vn 0.7082 0.2854 0.6458
vn 0.6862 0.3328 0.6468
vn 0.7781 0.2824 0.5610
vn 0.7638 0.2778 0.5826
vn 0.8062 0.2573 0.5328
vn 0.7994 0.2561 0.5435
vn 0.8292 0.2360 0.5067
vn 0.8215 0.2358 0.5191
vn 0.8458 0.2101 0.4905
vn 0.8403 0.2292 0.4914
vn 0.8667 0.2006 0.4567
vn 0.8574 0.2008 0.4739
vn 0.9022 0.1444 0.4064
vn 0.8995 0.1447 0.4123
vn 0.9170 0.1065 0.3843
vn 0.9162 0.1157 0.3837
vn 0.9279 0.0804 0.3642
vn 0.9278 0.0804 0.3644
vn 0.9349 0.0607 0.3496
vn 0.9331 0.0614 0.3544
vn 0.9422 0.0279 0.3340
vn 0.9425 0.0415 0.3315
vn 0.9499 0.0233 0.3116
vn 0.9453 0.0265 0.3250
vn 0.9536 0.0169 0.3005
vn 0.9505 0.0199 0.3102
vn 0.9569 0.0165 0.2898
vn 0.9531 0.0211 0.3020
vn 0.9601 0.0176 0.2793
vn 0.9562 0.0235 0.2919
vn 0.9606 0.0115 0.2777
vn 0.9631 0.0397 0.2661
vn 0.9686 0.0302 0.2466
vn 0.9628 0.0432 0.2669
vn 0.9748 0.0294 0.2212
vn 0.9667 0.0508 0.2507
vn 0.9752 0.0238 0.2202
vn 0.9777 0.0555 0.2025
vn 0.9864 -0.0017 0.1646
vn 0.9797 0.0275 0.1984
vn 0.9912 -0.0255 0.1299
vn 0.9861 0.0070 0.1658
vn 0.9946 -0.0508 0.0906
vn 0.9913 -0.0118 0.1315
vn 0.9966 -0.0601 0.0556
vn 0.9954 -0.0214 0.0931
vn 0.9971 -0.0709 0.0292
vn 0.9976 -0.0402 0.0566
vn 0.9967 -0.0805 0.0028
vn 0.9984 -0.0491 0.0297
vn 0.9959 -0.0895 -0.0102
vn 0.9972 -0.0741 0.0029
vn 0.9927 -0.1196 -0.0133
vn 0.9931 -0.1164 -0.0106
vn 0.9925 -0.1218 -0.0134
vn 0.9921 -0.1246 -0.0104
vn 0.9933 -0.1156 -0.0019
vn 0.9921 -0.1250 -0.0104
vn 0.9932 -0.1163 0.0052
vn 0.9922 -0.1246 -0.0025
vn 0.9928 -0.1200 0.0049
vn 0.9924 -0.1229 0.0081
vn 0.9912 -0.1324 0.0071
vn 0.9902 -0.1394 0.0001
vn 0.9876 -0.1569 -0.0088
vn 0.9888 -0.1496 -0.0012
vn 0.9840 -0.1774 -0.0180
vn 0.9853 -0.1705 -0.0106
vn 0.9787 -0.2030 -0.0313
vn 0.9813 -0.1917 -0.0192
vn 0.9696 -0.2425 -0.0330
vn 0.9700 -0.2406 -0.0361
vn 0.9489 -0.3133 -0.0368
vn 0.9481 -0.3154 -0.0394
vn 0.9090 -0.4130 -0.0560
vn 0.9157 -0.4001 -0.0388
vn 0.8300 -0.5553 -0.0526
vn 0.8375 -0.5398 -0.0843
vn 0.7549 -0.6514 -0.0762
vn 0.7384 -0.6665 -0.1025
vn 0.7020 0.3685 0.6094
vn 0.6870 0.3953 0.6097
vn 0.6736 0.3619 0.6444
vn 0.6923 0.3266 0.6435
vn 0.6772 0.2855 0.6781
vn 0.6541 0.3313 0.6800
vn 0.6341 0.3097 0.7085
vn 0.6563 0.2651 0.7064
vn 0.6358 0.2441 0.7323
vn 0.6096 0.2967 0.7351
vn 0.6111 0.2433 0.7532
vn 0.5872 0.2904 0.7555
vn 0.5890 0.2244 0.7763
vn 0.5654 0.2706 0.7792
vn 0.5668 0.2323 0.7904
vn 0.5495 0.2253 0.8045
vn 0.5154 0.2796 0.8101
vn 0.5333 0.2477 0.8088
vn 0.4944 0.3297 0.8043
vn 0.5135 0.2992 0.8042
vn 0.4951 0.3240 0.8062
vn 0.4696 0.3625 0.8051
vn 0.4781 0.2930 0.8280
vn 0.4384 0.3523 0.8269
vn 0.4502 0.2431 0.8592
vn 0.4212 0.2201 0.8798
vn 0.4260 0.0310 0.9042
vn 0.3869 0.0959 0.9171
vn 0.3788 -0.1297 0.9164
vn 0.3153 -0.1781 0.9321
vn 0.2681 -0.4849 0.8325
vn 0.2139 -0.3943 0.8938
vn 0.1508 -0.6844 0.7133
vn 0.1030 -0.6224 0.7759
vn 0.0568 -0.8847 0.4627
vn 0.0479 -0.8781 0.4760
vn 0.0476 -0.9434 0.3282
vn 0.0994 -0.9610 0.2582
vn 0.0721 -0.6908 0.7194
vn 0.0338 -0.6507 0.7586
vn -0.0507 -0.2969 0.9536
vn -0.0224 -0.3354 0.9418
vn -0.1136 0.0071 0.9935
vn -0.0912 -0.0251 0.9955
vn -0.1212 0.0706 0.9901
vn -0.1501 0.1113 0.9824
vn -0.1316 -0.0618 0.9894
vn -0.1698 -0.0086 0.9854
vn -0.1244 -0.3649 0.9227
vn -0.1254 -0.3634 0.9232
vn 0.0341 -0.9309 0.3636
vn -0.0000 -0.9062 0.4228
vn 0.0294 -0.9521 0.3044
vn 0.0192 -0.9459 0.3239
vn 0.0925 -0.9799 -0.1769
vn 0.0862 -0.9560 -0.2806
vn -0.3825 -0.9236 0.0241
vn -0.2784 -0.9412 0.1916
vn -0.1473 -0.9505 0.2735
vn -0.1708 -0.9610 0.2175
vn -0.1251 -0.9578 0.2588
vn -0.0530 -0.9130 0.4045
vn 0.3324 -0.6730 0.6608
vn 0.3419 -0.6519 0.6769
vn 0.5553 -0.3805 0.7395
vn 0.5578 -0.3678 0.7440
vn 0.6980 -0.0651 0.7131
vn 0.6980 -0.0685 0.7128
vn 0.6629 -0.1544 0.7326
vn 0.6653 -0.1245 0.7362
vn 0.5135 -0.3934 0.7626
vn 0.5074 -0.4173 0.7540
vn 0.1783 -0.7369 0.6521
vn 0.1855 -0.7261 0.6621
vn 0.1899 -0.7229 0.6644
vn 0.1358 -0.8056 0.5767
vn 0.3885 -0.5914 0.7066
vn 0.3818 -0.6086 0.6956
vn 0.6019 -0.2964 0.7415
vn 0.6019 -0.2960 0.7417
vn 0.6294 -0.2417 0.7385
vn 0.6298 -0.2540 0.7341
vn 0.6867 -0.1299 0.7152
vn 0.6844 -0.1121 0.7204
vn 0.7370 0.0435 0.6745
vn 0.7385 0.0371 0.6733
vn 0.7721 0.2044 0.6018
vn 0.7764 0.1908 0.6007
vn 0.7839 0.2797 0.5544
vn 0.7947 0.2492 0.5535
vn 0.7956 0.2679 0.5434
vn 0.8044 0.2410 0.5430
vn 0.8036 0.2292 0.5492
vn 0.8147 0.1901 0.5478
vn 0.8232 0.1473 0.5484
vn 0.8142 0.1852 0.5503
vn 0.8479 0.1363 0.5124
vn 0.8351 0.1353 0.5332
vn 0.8542 0.1119 0.5077
vn 0.8489 0.1433 0.5088
vn 0.8585 0.1374 0.4941
vn 0.8608 0.1234 0.4938
vn 0.8651 0.1507 0.4785
vn 0.8696 0.1238 0.4781
vn 0.8747 0.1577 0.4583
vn 0.8766 0.1470 0.4583
vn 0.8845 0.1667 0.4357
vn 0.8812 0.1837 0.4356
vn 0.8866 0.1845 0.4242
vn 0.8877 0.1844 0.4218
vn 0.8922 0.1975 0.4061
vn 0.8900 0.2079 0.4059
vn -0.0317 -0.9183 0.3946
vn -0.0343 -0.9139 0.4044
vn 0.0206 -0.3187 0.9476
vn 0.0325 -0.3453 0.9379
vn 0.0555 -0.0335 0.9979
vn 0.0598 -0.0417 0.9973
vn 0.0659 0.1427 0.9876
vn 0.0833 0.1106 0.9904
vn 0.0776 0.0042 0.9970
vn 0.0957 -0.0341 0.9948
vn 0.0752 -0.2653 0.9612
vn 0.0858 -0.2893 0.9534
vn 0.0596 -0.5235 0.8500
vn 0.0783 -0.5713 0.8170
vn -0.0562 -0.9906 0.1250
vn -0.0724 -0.9826 0.1709
vn -0.0087 -0.8937 0.4486
vn -0.0061 -0.8971 0.4418
vn 0.1589 -0.4431 0.8823
vn 0.2041 -0.5476 0.8115
vn 0.2871 -0.2246 0.9312
vn 0.3452 -0.3576 0.8677
vn 0.4065 -0.0011 0.9136
vn 0.4449 -0.0815 0.8919
vn 0.4613 0.1647 0.8718
vn 0.4952 0.1008 0.8629
vn 0.4899 0.3036 0.8172
vn 0.5247 0.2438 0.8156
vn 0.5136 0.3735 0.7725
vn 0.5448 0.3225 0.7741
vn 0.5404 0.3594 0.7608
vn 0.5614 0.3240 0.7615
vn 0.5619 0.3196 0.7630
vn 0.5776 0.2909 0.7628
vn 0.5970 0.2407 0.7653
vn 0.5784 0.2784 0.7667
vn 0.6427 0.2246 0.7325
vn 0.6159 0.2145 0.7581
vn 0.6647 0.2069 0.7179
vn 0.6424 0.2608 0.7206
vn 0.6649 0.2799 0.6925
vn 0.6875 0.2250 0.6904
vn 0.6875 0.2883 0.6665
vn 0.7086 0.2364 0.6649
vn 0.7087 0.2939 0.6413
vn 0.7264 0.2500 0.6402
vn 0.7420 0.2799 0.6092
vn 0.7261 0.3180 0.6096
vn 0.7414 0.3234 0.5880
vn 0.7557 0.3296 0.5659
vn 0.7613 0.3449 0.5490
vn 0.7541 0.3607 0.5488
vn -0.0135 -0.9424 0.3341
vn -0.0406 -0.9570 0.2874
vn -0.0258 -0.9992 0.0313
vn -0.0494 -0.9968 -0.0628
vn -0.0212 -0.9418 0.3356
vn -0.0072 -0.9523 0.3051
vn -0.0141 -0.9994 0.0311
vn -0.0511 -0.9806 -0.1891
vn 0.1877 -0.6032 0.7752
vn 0.1794 -0.6007 0.7791
vn 0.2193 -0.6913 0.6885
vn 0.2217 -0.6426 0.7335
vn 0.2938 -0.8127 0.5032
vn 0.3053 -0.7651 0.5669
vn 0.1640 -0.7527 0.6376
vn 0.2555 -0.7183 0.6472
vn 0.1214 -0.4503 0.8846
vn 0.1868 -0.4189 0.8886
vn 0.0867 -0.5651 0.8205
vn 0.1755 -0.5368 0.8253
vn 0.0571 -0.6671 0.7427
vn 0.2068 -0.6212 0.7559
vn 0.1032 -0.7296 0.6760
vn 0.2105 -0.6954 0.6871
vn 0.1423 -0.7643 0.6290
vn 0.2771 -0.7128 0.6443
vn 0.2479 -0.7456 0.6185
vn 0.4287 -0.6416 0.6360
vn 0.1165 -0.3039 0.9455
vn 0.0830 -0.4273 0.9003
vn 0.0811 -0.4900 0.8679
vn 0.1017 -0.4116 0.9057
vn 0.0961 -0.4769 0.8737
vn 0.0706 -0.5699 0.8187
vn 0.2003 -0.4462 0.8722
vn 0.1507 -0.6269 0.7644
vn 0.3310 -0.4160 0.8470
vn 0.3297 -0.6209 0.7112
vn 0.0908 -0.0124 0.9958
vn 0.0688 -0.0523 0.9963
vn 0.0343 -0.1165 0.9926
vn 0.0708 -0.0519 0.9961
vn 0.0566 -0.1112 0.9922
vn 0.0260 -0.1609 0.9866
vn 0.0915 -0.1434 0.9854
vn 0.0936 -0.1406 0.9856
vn 0.0774 0.0486 0.9958
vn 0.0972 0.0779 0.9922
vn 0.0511 0.0286 0.9983
vn 0.0648 0.0483 0.9967
vn 0.0317 0.0020 0.9995
vn 0.0521 0.0286 0.9982
vn 0.0697 0.0077 0.9975
vn 0.0666 0.0041 0.9978
vn 0.3708 -0.2447 0.8959
vn 0.2044 -0.4047 0.8913
vn 0.1531 -0.1896 0.9699
vn 0.1980 -0.2527 0.9471
vn 0.0530 0.0315 0.9981
vn 0.0515 0.0298 0.9982
vn 0.1118 0.0326 0.9932
vn 0.0905 0.0094 0.9959
vn 0.0575 -0.0936 0.9940
vn 0.0719 -0.0773 0.9944
vn 0.1649 -0.0801 0.9831
vn 0.1178 -0.1348 0.9839
vn 0.0966 -0.1514 0.9838
vn 0.0746 -0.2070 0.9755
vn 0.0365 -0.2861 0.9575
vn 0.0650 -0.2121 0.9751
vn 0.0627 -0.2712 0.9605
vn 0.0246 -0.3575 0.9336
vn 0.1311 -0.3005 0.9447
vn 0.1227 -0.3149 0.9412
vn 0.2511 -0.1881 0.9495
vn 0.1584 -0.3002 0.9406
vn 0.1565 -0.1219 0.9801
vn 0.0692 -0.2264 0.9716
vn 0.0998 -0.3076 0.9463
vn 0.1078 -0.3102 0.9445
vn 0.0547 -0.0894 0.9945
vn 0.1222 -0.1422 0.9823
vn 0.0914 0.0392 0.9950
vn 0.1392 -0.0077 0.9902
vn 0.2414 -0.2711 0.9318
vn 0.2441 -0.2762 0.9296
vn 0.2781 -0.2795 0.9190
vn 0.2803 -0.2775 0.9189
vn 0.1747 -0.2692 0.9471
vn 0.1837 -0.2831 0.9413
vn 0.1187 0.1393 0.9831
vn 0.1789 0.0734 0.9811
vn 0.2575 -0.0493 0.9650
vn 0.2620 -0.0560 0.9634
vn 0.3093 -0.0405 0.9501
vn 0.2947 -0.0556 0.9540
vn 0.1799 -0.0501 0.9824
vn 0.2000 -0.0753 0.9769
vn 0.2501 0.1177 0.9610
vn 0.2817 0.0750 0.9566
vn 0.3362 0.1438 0.9307
vn 0.3029 0.1060 0.9471
vn 0.1836 0.0882 0.9790
vn 0.2249 0.0382 0.9736
vn 0.2633 0.2152 0.9404
vn 0.3091 0.1553 0.9383
vn 0.3689 0.2397 0.8980
vn 0.3302 0.1963 0.9233
vn 0.2048 0.1793 0.9622
vn 0.2548 0.1178 0.9598
vn 0.4402 0.2854 0.8513
vn 0.4601 0.2556 0.8503
vn 0.4570 0.2827 0.8433
vn 0.4759 0.2541 0.8420
vn 0.4716 0.2946 0.8311
vn 0.4977 0.2552 0.8289
vn 0.5078 0.4373 0.7422
vn 0.5299 0.4085 0.7433
vn 0.4974 0.3844 0.7777
vn 0.5207 0.3520 0.7778
vn 0.4912 0.3186 0.8107
vn 0.5087 0.2928 0.8096
vn 0.4363 0.2623 0.8607
vn 0.4363 0.2622 0.8608
vn 0.4017 0.2856 0.8701
vn 0.4308 0.2448 0.8686
vn 0.4256 0.2808 0.8602
vn 0.4361 0.2659 0.8597
vn 0.4346 0.2755 0.8574
vn 0.4429 0.2632 0.8571
vn 0.2074 -0.1972 0.9582
vn 0.2014 -0.2047 0.9579
vn 0.3787 -0.2123 0.9008
vn 0.4257 -0.3320 0.8418
vn 0.5738 -0.3402 0.7450
vn 0.4167 -0.4826 0.7703
vn 0.3704 0.2286 0.9003
vn 0.4050 0.2636 0.8755
vn 0.2016 0.1883 0.9612
vn 0.1683 0.1498 0.9743
vn 0.3028 0.1977 0.9323
vn 0.3394 0.2396 0.9096
vn 0.0802 0.1635 0.9833
vn 0.1183 0.1247 0.9851
vn 0.0472 0.1092 0.9929
vn 0.0363 0.1196 0.9922
vn 0.0856 0.0879 0.9924
vn 0.0618 0.1091 0.9921
vn 0.0555 0.0844 0.9949
vn 0.0510 0.0883 0.9948
vn 0.0523 0.1076 0.9928
vn 0.0690 0.1286 0.9893
vn 0.0378 0.1080 0.9934
vn 0.0659 0.0843 0.9943
vn 0.2394 0.2168 0.9464
vn 0.2772 0.1698 0.9457
vn 0.0332 0.1656 0.9856
vn 0.0564 0.1650 0.9847
vn 0.0436 0.1521 0.9874
vn 0.0417 0.1522 0.9875
vn 0.0367 0.1472 0.9884
vn 0.0554 0.1458 0.9878
vn 0.0704 0.1612 0.9844
vn 0.0625 0.1620 0.9848
vn 0.0876 0.1897 0.9779
vn 0.1418 0.2277 0.9634
vn 0.1063 0.1867 0.9766
vn 0.2249 0.2458 0.9429
vn 0.1971 0.2158 0.9563
vn 0.2668 0.2338 0.9349
vn 0.2874 0.2562 0.9229
vn 0.0309 0.2200 0.9750
vn 0.0293 0.2185 0.9754
vn 0.0352 0.2199 0.9749
vn 0.0351 0.2198 0.9749
vn 0.0243 0.2205 0.9751
vn 0.0312 0.2270 0.9734
vn 0.0586 0.2239 0.9728
vn 0.0710 0.2356 0.9693
vn 0.0788 0.2343 0.9690
vn 0.1053 0.2609 0.9596
vn 0.1632 0.2827 0.9452
vn 0.1365 0.2547 0.9573
vn 0.2404 0.2871 0.9272
vn 0.2211 0.2680 0.9377
vn 0.2843 0.2734 0.9189
vn 0.3099 0.2999 0.9023
vn 0.3397 0.2379 0.9099
vn 0.3708 0.2703 0.8885
vn 0.3832 0.2963 0.8748
vn 0.3777 0.2917 0.8788
vn 0.3696 0.2768 0.8870
vn 0.3833 0.2901 0.8769
vn 0.5221 -0.1997 0.8292
vn 0.6829 -0.3993 0.6118
vn 0.2736 -0.1804 0.9448
vn 0.0629 -0.2006 0.9776
vn 0.3265 0.0290 0.9448
vn 0.5362 -0.2035 0.8192
vn 0.4598 0.2875 0.8402
vn 0.4979 0.3254 0.8039
vn 0.2856 0.1552 0.9457
vn 0.4515 -0.0066 0.8923
vn 0.4210 0.2863 0.8607
vn 0.4213 0.2862 0.8606
vn 0.1263 -0.1124 0.9856
vn 0.2412 -0.0949 0.9658
vn 0.3274 -0.0999 0.9396
vn 0.2703 -0.1098 0.9565
vn 0.4672 -0.1382 0.8733
vn 0.4407 -0.1492 0.8852
vn 0.5526 -0.1687 0.8162
vn 0.6086 -0.1334 0.7822
vn 0.7015 -0.1641 0.6935
vn 0.7608 -0.1071 0.6401
vn 0.0545 0.7008 0.7113
vn 0.1153 0.6532 0.7483
vn 0.0356 0.8741 0.4844
vn 0.0890 0.8422 0.5317
vn 0.0811 0.8662 0.4931
vn 0.0388 0.8837 0.4664
vn 0.0809 0.8530 0.5156
vn 0.0988 0.8577 0.5046
vn 0.2093 0.7544 0.6221
vn 0.1596 0.7810 0.6038
vn 0.3363 0.5552 0.7607
vn 0.2717 0.6031 0.7500
vn 0.4172 0.2255 0.8804
vn 0.5301 0.3347 0.7791
vn 0.8137 0.3407 0.4710
vn 0.8250 0.3393 0.4519
vn 0.7752 0.3433 0.5304
vn 0.7838 0.3529 0.5110
vn 0.7849 0.2298 0.5754
vn 0.7947 0.2067 0.5707
vn 0.1759 0.6454 0.7433
vn 0.2066 0.6181 0.7584
vn 0.2029 0.8653 0.4583
vn 0.1732 0.8786 0.4451
vn 0.2993 0.7526 0.5865
vn 0.2725 0.7683 0.5792
vn 0.3812 0.5772 0.7222
vn 0.4045 0.5917 0.6974
vn 0.5268 0.3357 0.7809
vn 0.4611 0.4057 0.7892
vn 0.8422 0.3185 0.4351
vn 0.8396 0.3189 0.4398
vn 0.8405 -0.1350 0.5248
vn 0.8290 -0.0878 0.5523
vn 0.8553 -0.0988 0.5086
vn 0.8421 -0.0404 0.5377
vn 0.7830 0.0467 0.6203
vn 0.7496 -0.0039 0.6619
vn 0.5716 0.1119 0.8128
vn 0.5561 0.1447 0.8184
vn 0.2274 0.1846 0.9561
vn 0.2326 0.1917 0.9535
vn 0.7478 -0.0862 0.6583
vn 0.7480 -0.1271 0.6515
vn 0.8121 -0.1271 0.5696
vn 0.7764 -0.1343 0.6157
vn 0.8354 -0.0844 0.5431
vn 0.8494 -0.1821 0.4954
vn 0.8310 -0.1433 0.5375
vn 0.8272 -0.1501 0.5416
vn 0.9028 -0.1030 0.4175
vn 0.9094 -0.1527 0.3869
vn 0.8814 -0.1684 0.4413
vn 0.8987 -0.1376 0.4163
vn 0.9432 -0.1077 0.3141
vn 0.9464 -0.1418 0.2901
vn 0.9319 -0.1207 0.3420
vn 0.9366 -0.1598 0.3118
vn 0.9428 0.0122 0.3332
vn 0.9393 0.0280 0.3419
vn 0.9392 0.0525 0.3394
vn 0.9353 0.0420 0.3514
vn 0.9311 0.0782 0.3563
vn 0.9345 0.0672 0.3494
vn 0.9289 0.1072 0.3545
vn 0.9262 0.0973 0.3642
vn 0.9234 0.1234 0.3633
vn 0.9211 0.1130 0.3725
vn 0.9197 0.1242 0.3724
vn 0.9159 0.1323 0.3789
vn 0.9186 0.1151 0.3782
vn 0.9158 0.1205 0.3830
vn 0.9187 0.1026 0.3815
vn 0.9187 0.1027 0.3814
vn 0.9194 0.0984 0.3808
vn 0.9220 0.0835 0.3780
vn 0.9240 0.0803 0.3738
vn 0.9276 0.0655 0.3678
vn 0.9263 0.0674 0.3706
vn 0.9289 0.0586 0.3657
vn 0.9299 0.0574 0.3634
vn 0.9305 0.0544 0.3623
vn 0.9301 0.0458 0.3644
vn 0.9291 0.0507 0.3664
vn 0.9260 0.0531 0.3737
vn 0.9256 0.0547 0.3744
vn 0.9257 0.0547 0.3744
vn 0.9168 0.0636 0.3942
vn 0.9241 0.0606 0.3773
vn 0.9138 0.0737 0.3995
vn 0.9052 0.0761 0.4182
vn 0.8922 0.1114 0.4378
vn 0.8952 0.0769 0.4389
vn 0.8736 0.1287 0.4693
vn 0.8792 0.0824 0.4692
vn 0.8484 0.1470 0.5085
vn 0.8559 0.1000 0.5073
vn 0.8246 0.1578 0.5433
vn 0.8324 0.1182 0.5414
vn 0.7951 0.1785 0.5796
vn 0.8054 0.1360 0.5769
vn 0.7621 0.1724 0.6241
vn 0.7782 0.1767 0.6026
vn 0.7167 0.2298 0.6585
vn 0.7379 0.1650 0.6544
vn 0.6979 0.2129 0.6838
vn 0.6748 0.2045 0.7091
vn 0.6333 0.2469 0.7335
vn 0.6581 0.1860 0.7296
vn 0.5969 0.2444 0.7642
vn 0.6159 0.2019 0.7615
vn 0.5613 0.2213 0.7975
vn 0.5823 0.2316 0.7793
vn 0.5336 0.2434 0.8100
vn 0.5499 0.2119 0.8079
vn 0.5114 0.2248 0.8294
vn 0.5245 0.2313 0.8194
vn 0.4943 0.2367 0.8365
vn 0.4879 0.2333 0.8411
vn 0.4644 0.2481 0.8502
vn 0.4679 0.2504 0.8476
vn 0.4357 0.2684 0.8591
vn 0.4355 0.2688 0.8591
vn 0.3825 0.2947 0.8757
vn 0.3837 0.2930 0.8757
vn 0.3051 0.3250 0.8952
vn 0.3180 0.3089 0.8963
vn 0.2355 0.3152 0.9193
vn 0.2529 0.3314 0.9090
vn 0.1568 0.3137 0.9365
vn 0.1751 0.3319 0.9269
vn 0.0955 0.3086 0.9464
vn 0.1115 0.3240 0.9395
vn 0.0546 0.3156 0.9473
vn 0.0696 0.3024 0.9506
vn 0.0190 0.2911 0.9565
vn 0.0358 0.3066 0.9512
vn 0.0257 0.2906 0.9565
vn 0.0364 0.2817 0.9588
vn 0.0258 0.2994 0.9538
vn 0.0084 0.2828 0.9592
vn 0.9541 -0.1292 0.2702
vn 0.9518 -0.0989 0.2902
vn 0.9600 -0.0757 0.2696
vn 0.9602 -0.0776 0.2684
vn 0.9598 -0.0486 0.2765
vn 0.9613 -0.0615 0.2687
vn 0.9580 -0.0297 0.2852
vn 0.9601 -0.0443 0.2762
vn 0.1300 0.2485 0.9599
vn 0.2092 0.2885 0.9343
vn 0.1318 0.2184 0.9669
vn 0.1565 0.2324 0.9600
vn 0.1320 0.1880 0.9732
vn 0.1571 0.2040 0.9663
vn 0.1507 0.1566 0.9761
vn 0.1680 0.1690 0.9712
vn 0.1926 0.1351 0.9719
vn 0.1847 0.1725 0.9675
vn 0.2516 0.1841 0.9502
vn 0.2149 0.1563 0.9641
vn 0.3039 0.2275 0.9251
vn 0.2473 0.1866 0.9508
vn 0.3444 0.2026 0.9167
vn 0.3171 0.2903 0.9029
vn 0.4656 0.2451 0.8504
vn 0.4702 0.2297 0.8521
vn 0.5549 0.1743 0.8135
vn 0.5588 0.1763 0.8104
vn 0.6610 0.0931 0.7446
vn 0.6542 0.0897 0.7510
vn 0.7601 0.0272 0.6492
vn 0.7379 0.0155 0.6747
vn 0.8279 -0.0181 0.5606
vn 0.8091 -0.0301 0.5868
vn 0.8552 -0.0523 0.5157
vn 0.8731 -0.0373 0.4861
vn 0.9203 0.0161 0.3908
vn 0.9196 0.0149 0.3925
vn 0.9427 -0.0140 0.3333
vn 0.9420 -0.0095 0.3356
vn 0.9124 -0.0122 0.4092
vn 0.9191 -0.0021 0.3940
vn 0.9417 -0.0284 0.3351
vn 0.9418 -0.0286 0.3350
vn 0.9371 -0.0764 0.3405
vn 0.9329 -0.0441 0.3575
vn 0.9152 -0.1164 0.3859
vn 0.9268 -0.0982 0.3625
vn 0.8975 -0.0304 0.4400
vn 0.9042 -0.0767 0.4203
vn 0.8719 -0.0698 0.4846
vn 0.8799 -0.1342 0.4558
vn 0.6578 0.2128 0.7225
vn 0.6705 0.1680 0.7227
vn 0.6329 0.2485 0.7332
vn 0.6395 0.2302 0.7335
vn 0.6428 0.2679 0.7177
vn 0.6577 0.2290 0.7177
vn 0.6249 0.3198 0.7122
vn 0.6424 0.2756 0.7151
vn 0.6003 0.3674 0.7104
vn 0.6255 0.3064 0.7176
vn 0.5581 0.1672 0.8127
vn 0.5083 0.3104 0.8033
vn 0.5039 0.2368 0.8306
vn 0.4620 0.3451 0.8170
vn 0.4532 0.2544 0.8544
vn 0.4216 0.3384 0.8413
vn 0.4033 0.2360 0.8841
vn 0.3874 0.2850 0.8767
vn 0.3523 0.2387 0.9049
vn 0.3628 0.2001 0.9101
vn 0.3344 0.1952 0.9220
vn 0.3281 0.2203 0.9186
vn 0.3380 0.2313 0.9123
vn 0.3366 0.2371 0.9113
vn 0.3646 0.2766 0.8891
vn 0.3736 0.2759 0.8856
vn 0.3623 0.2595 0.8952
vn 0.3282 0.2652 0.9066
vn 0.2641 0.2584 0.9292
vn 0.2737 0.2002 0.9408
vn 0.1930 0.1860 0.9634
vn 0.1799 0.2722 0.9453
vn 0.1211 0.2227 0.9673
vn 0.1024 0.3471 0.9322
vn 0.1356 0.3692 0.9194
vn 0.1268 0.4338 0.8920
vn 0.2347 0.5627 0.7926
vn 0.2445 0.4933 0.8348
vn 0.3060 0.6248 0.7183
vn 0.3071 0.5836 0.7518
vn 0.3276 0.6265 0.7073
vn 0.3526 0.6761 0.6469
vn 0.3922 0.7237 0.5679
vn 0.3466 0.6766 0.6497
vn 0.4344 0.7144 0.5487
vn 0.3257 0.7770 0.5387
vn 0.3674 0.7684 0.5240
vn 0.3961 0.7797 0.4850
vn 0.3758 0.7854 0.4919
vn 0.3922 0.7903 0.4708
vn 0.3538 0.8014 0.4823
vn 0.3609 0.8031 0.4741
vn 0.3063 0.8178 0.4872
vn 0.3117 0.8149 0.4887
vn 0.2167 0.8269 0.5188
vn 0.2379 0.8323 0.5007
vn 0.1041 0.8308 0.5468
vn 0.1362 0.8403 0.5247
vn 0.0822 0.8330 0.5471
vn 0.0765 0.8312 0.5507
vn 0.0206 0.8156 0.5782
vn -0.0214 0.7964 0.6044
vn 0.0010 0.7893 0.6141
vn 0.0148 0.7965 0.6044
vn 0.5232 0.0085 0.8522
vn 0.5084 -0.0476 0.8598
vn 0.6106 0.3178 0.7253
vn 0.5718 0.2808 0.7709
vn 0.6092 0.0973 0.7870
vn 0.6065 0.0014 0.7951
vn 0.5708 0.2818 0.7712
vn 0.6059 0.1040 0.7887
vn 0.0439 -0.9964 0.0729
vn 0.0560 -0.9964 0.0629
vn 0.1259 -0.9905 0.0545
vn 0.1351 -0.9889 0.0619
vn 0.2339 -0.9707 0.0543
vn 0.2302 -0.9718 0.0513
vn 0.3683 -0.9285 0.0475
vn 0.3392 -0.9375 0.0783
vn 0.5114 -0.8475 0.1422
vn 0.4395 -0.8953 0.0724
vn 0.6167 -0.7537 0.2272
vn 0.5396 -0.8303 0.1395
vn 0.6561 -0.7213 0.2219
vn 0.7105 -0.6358 0.3016
vn 0.7667 -0.5162 0.3818
vn 0.7258 -0.6194 0.2992
vn 0.8015 -0.3897 0.4536
vn 0.7807 -0.4969 0.3789
vn 0.8141 -0.2923 0.5018
vn 0.8109 -0.3729 0.4510
vn 0.8135 -0.2363 0.5314
vn 0.8154 -0.2894 0.5013
vn 0.8036 -0.2257 0.5507
vn 0.8055 -0.2567 0.5341
vn 0.7996 -0.2192 0.5591
vn 0.8007 -0.2339 0.5515
vn 0.3743 0.3811 0.8454
vn 0.3334 0.3210 0.8864
vn 0.2291 0.3280 0.9165
vn 0.3314 0.5211 0.7865
vn 0.2614 0.4941 0.8292
vn 0.3366 0.6674 0.6643
vn 0.4287 0.6985 0.5730
vn 0.2033 0.7121 0.6720
vn 0.3296 0.7057 0.6271
vn 0.3284 0.7641 0.5553
vn 0.1828 0.6338 0.7516
vn 0.3897 0.6103 0.6897
vn 0.3476 0.4649 0.8143
vn 0.3590 0.5987 0.7160
vn 0.2617 0.3827 0.8860
vn 0.2654 0.4324 0.8618
vn 0.2303 0.3745 0.8981
vn 0.2305 0.3704 0.8998
vn 0.1912 0.2206 0.9564
vn 0.1848 0.3576 0.9154
vn 0.1359 0.2046 0.9694
vn 0.2409 0.1181 0.9633
vn 0.1765 0.1057 0.9786
vn 0.3165 -0.0155 0.9485
vn 0.9857 0.1540 0.0678
vn 0.9912 0.1288 -0.0317
vn -0.3309 0.8629 0.3819
vn -0.7041 0.6909 0.1642
vn 0.0960 0.8071 0.5825
vn 0.0961 0.8071 0.5825
vn -0.0599 0.7977 0.6001
vn 0.1218 0.7934 0.5964
vn 0.6050 0.0396 0.7953
vn 0.6019 0.0390 0.7976
vn 0.6737 -0.0866 0.7339
vn 0.6823 -0.0825 0.7264
vn 0.6647 -0.0903 0.7416
vn 0.6728 -0.0853 0.7349
vn 0.6245 -0.0416 0.7799
vn 0.6132 -0.0499 0.7884
vn 0.6271 -0.0559 0.7769
vn 0.6287 -0.0653 0.7749
vn 0.6540 0.0445 0.7552
vn 0.6507 0.0629 0.7568
vn 0.6718 0.0982 0.7341
vn 0.6664 0.1225 0.7354
vn 0.6784 0.1582 0.7175
vn 0.6812 0.1449 0.7177
vn 0.6329 0.2830 0.7207
vn 0.6092 0.2588 0.7496
vn 0.6572 0.2071 0.7247
vn 0.6233 0.1901 0.7585
vn 0.6629 0.1003 0.7420
vn 0.6600 0.1302 0.7399
vn 0.7209 -0.0644 0.6901
vn 0.7045 -0.0761 0.7056
vn 0.7338 -0.0926 0.6731
vn 0.7276 -0.0970 0.6792
vn 0.7584 -0.1146 0.6416
vn 0.7475 -0.1232 0.6527
vn 0.7830 -0.1441 0.6051
vn 0.7793 -0.1476 0.6091
vn 0.8144 -0.1699 0.5549
vn 0.8102 -0.1742 0.5597
vn -0.3568 0.3688 0.8583
vn -0.4607 0.3331 0.8227
vn 0.4256 0.3513 0.8340
vn 0.3823 0.2819 0.8800
vn -0.2762 0.2916 0.9158
vn -0.4102 0.2841 0.8666
vn 0.3589 0.3243 0.8752
vn 0.3181 0.2130 0.9238
vn -0.2126 0.2478 0.9452
vn -0.3016 0.2637 0.9162
vn 0.2583 0.2944 0.9201
vn 0.2355 0.1903 0.9530
vn -0.1755 0.2275 0.9578
vn -0.2177 0.2441 0.9450
vn 0.1815 0.2459 0.9521
vn 0.1757 0.1998 0.9639
vn -0.1407 0.2461 0.9590
vn -0.1410 0.2178 0.9658
vn 0.1344 0.2337 0.9630
vn 0.1022 0.2163 0.9710
vn -0.4471 0.3295 0.8315
vn -0.4593 0.3524 0.8154
vn 0.4296 0.3250 0.8425
vn 0.4694 0.3092 0.8271
vn -0.4738 0.3249 0.8185
vn -0.4380 0.2166 0.8725
vn 0.4946 0.2521 0.8317
vn 0.3963 0.2666 0.8786
vn -0.3625 0.3212 0.8749
vn -0.3602 0.3074 0.8808
vn 0.3666 0.3123 0.8764
vn 0.3555 0.3113 0.8813
vn -0.3051 0.3536 0.8842
vn -0.3047 0.3430 0.8886
vn 0.3111 0.3586 0.8801
vn 0.2896 0.3524 0.8899
vn -0.2424 0.3788 0.8932
vn -0.2462 0.2809 0.9276
vn 0.2876 0.3541 0.8899
vn 0.1799 0.3089 0.9339
vn -0.6060 0.4051 0.6846
vn -0.5820 0.5245 0.6215
vn -0.3906 0.3789 0.8389
vn -0.3799 0.4895 0.7849
vn -0.5357 0.4497 0.7147
vn -0.5121 0.5745 0.6385
vn -0.6616 0.3453 0.6656
vn -0.6384 0.4616 0.6159
vn -0.6613 0.3448 0.6662
vn -0.7415 0.3328 0.5826
vn 0.7128 0.2764 0.6446
vn 0.6910 0.3942 0.6059
vn 0.5456 0.4603 0.7004
vn 0.6377 0.4568 0.6203
vn 0.3253 0.4134 0.8504
vn 0.4289 0.4403 0.7888
vn 0.4663 0.5005 0.7294
vn 0.5749 0.5079 0.6415
vn 0.6073 0.4040 0.6841
vn 0.6916 0.3954 0.6045
vn -0.6599 0.4393 0.6096
vn -0.6389 0.5332 0.5545
vn 0.6105 0.4871 0.6245
vn 0.6819 0.4769 0.5546
vn -0.4827 0.4071 0.7754
vn -0.4731 0.5582 0.6816
vn -0.6071 0.4825 0.6314
vn -0.5937 0.5578 0.5800
vn 0.3962 0.4703 0.7886
vn 0.5412 0.4856 0.6866
vn 0.5648 0.5183 0.6421
vn 0.6278 0.5144 0.5842
vn -0.7035 0.4566 0.5446
vn -0.6861 0.5279 0.5005
vn 0.6642 0.4982 0.5574
vn 0.7168 0.4834 0.5025
vn -0.5693 0.4605 0.6810
vn -0.5691 0.5135 0.6422
vn -0.6565 0.4867 0.5764
vn -0.6472 0.5436 0.5344
vn 0.5401 0.4867 0.6865
vn 0.5897 0.4814 0.6484
vn 0.6242 0.5185 0.5844
vn 0.6708 0.5073 0.5410
vn -0.7479 0.4457 0.4918
vn -0.7354 0.4997 0.4576
vn 0.7179 0.4819 0.5023
vn 0.7563 0.4637 0.4615
vn -0.6343 0.4222 0.6476
vn -0.6215 0.3342 0.7086
vn -0.7049 0.4663 0.5345
vn -0.7039 0.4764 0.5269
vn 0.6621 0.3645 0.6548
vn 0.5901 0.3897 0.7070
vn 0.6965 0.4716 0.5408
vn 0.7047 0.4678 0.5335
vn -0.8028 0.3889 0.4520
vn -0.7937 0.4490 0.4104
vn 0.7730 0.4368 0.4602
vn 0.8114 0.4064 0.4201
vn -0.6055 0.3687 0.7053
vn -0.6149 0.4005 0.6793
vn -0.7384 0.4152 0.5314
vn -0.7385 0.4198 0.5276
vn 0.5944 0.3808 0.7083
vn 0.6134 0.3698 0.6978
vn 0.7337 0.4161 0.5372
vn 0.7359 0.4144 0.5354
vn -0.7066 0.3810 0.5963
vn -0.6828 0.4796 0.5512
vn 0.6581 0.4352 0.6144
vn 0.7269 0.4232 0.5408
vn -0.7482 0.3996 0.5297
vn -0.7217 0.4914 0.4876
vn 0.7013 0.4544 0.5492
vn 0.7626 0.4379 0.4761
vn -0.7894 0.4040 0.4623
vn -0.7648 0.4794 0.4304
vn 0.7508 0.4531 0.4806
vn 0.7975 0.4355 0.4175
vn -0.8207 0.4047 0.4034
vn -0.8173 0.4145 0.4003
vn 0.8145 0.4119 0.4087
vn 0.8206 0.4093 0.3989
vn -0.7056 0.3791 0.5987
vn -0.7751 0.3650 0.5158
vn 0.7542 0.3128 0.5774
vn 0.7271 0.4236 0.5403
vn 0.7475 0.3989 0.5312
vn 0.7966 0.3863 0.4650
vn -0.7860 0.3499 0.5097
vn -0.7611 0.4326 0.4832
vn -0.8189 0.3937 0.4176
vn -0.8235 0.3816 0.4198
vn 0.8238 0.3873 0.4140
vn 0.8173 0.3891 0.4251
vn -0.7940 0.4200 0.4396
vn -0.8126 0.3655 0.4539
vn 0.8169 0.3896 0.4253
vn 0.7873 0.3986 0.4704
vn -0.8242 0.3282 0.4614
vn -0.8241 0.3282 0.4616
vn 0.8242 0.3281 0.4615
vn 0.8242 0.3282 0.4615
vn -0.8385 0.3097 0.4484
vn -0.8212 0.3131 0.4770
vn 0.8360 0.2927 0.4641
vn 0.8240 0.3283 0.4617
vn 0.8227 0.3214 0.4688
vn 0.8108 0.3578 0.4633
vn 0.8253 0.3388 0.4517
vn 0.8200 0.3530 0.4505
vn -0.8259 0.3457 0.4453
vn -0.8194 0.3470 0.4563
vn -0.8258 0.3384 0.4511
vn -0.8075 0.3429 0.4800
vn 0.8260 0.2833 0.4873
vn 0.8147 0.3216 0.4826
vn -0.8299 0.3013 0.4695
vn -0.8104 0.3051 0.5001
vn -0.8332 0.2730 0.4810
vn -0.7915 0.2808 0.5428
vn 0.8222 0.2358 0.5181
vn 0.8032 0.3147 0.5058
vn -0.8175 0.2431 0.5220
vn -0.7633 0.2524 0.5947
vn 0.7995 0.1992 0.5667
vn 0.7820 0.2935 0.5498
vn -0.8020 0.3109 0.5101
vn -0.7571 0.3200 0.5695
vn 0.7892 0.2747 0.5493
vn 0.7707 0.3525 0.5309
vn 0.8090 0.3001 0.5054
vn 0.7905 0.3646 0.4922
vn -0.8168 0.3302 0.4731
vn -0.7821 0.3383 0.5234
vn -0.7798 0.2889 0.5554
vn -0.7242 0.2985 0.6216
vn 0.7609 0.2471 0.5999
vn 0.7439 0.3367 0.5773
vn -0.1838 0.6087 0.7718
vn -0.1927 0.6133 0.7659
vn 0.1838 0.6147 0.7670
vn 0.1927 0.6077 0.7704
vn -0.4666 0.5432 0.6980
vn -0.5054 0.5579 0.6582
vn 0.4648 0.5755 0.6728
vn 0.5076 0.5274 0.6813
vn 0.5062 0.5483 0.6657
vn 0.5461 0.4982 0.6735
vn 0.1928 0.5964 0.7792
vn 0.2016 0.5884 0.7830
vn -0.1928 0.5895 0.7844
vn -0.2014 0.5951 0.7780
vn -0.5083 0.5137 0.6912
vn -0.5423 0.5323 0.6500
vn -0.7655 0.4335 0.4756
vn -0.7340 0.4189 0.5346
vn 0.7712 0.3894 0.5036
vn 0.7302 0.4633 0.5021
vn -0.8508 0.3450 0.3964
vn -0.8254 0.4043 0.3942
vn 0.8456 0.3761 0.3789
vn 0.8271 0.3721 0.4211
vn 0.8275 0.3602 0.4307
vn 0.8060 0.4090 0.4279
vn -0.8267 0.3839 0.4113
vn -0.8063 0.3842 0.4498
vn -0.4317 0.5433 0.7200
vn -0.4661 0.5539 0.6899
vn -0.1802 0.6006 0.7790
vn -0.1839 0.6023 0.7768
vn 0.1802 0.6028 0.7773
vn 0.1839 0.6002 0.7784
vn 0.4310 0.5676 0.7015
vn 0.4671 0.5310 0.7070
vn -0.4093 0.5400 0.7355
vn -0.4317 0.5460 0.7180
vn -0.1724 0.5865 0.7914
vn -0.1804 0.5900 0.7870
vn 0.1722 0.5911 0.7880
vn 0.1805 0.5857 0.7902
vn 0.4087 0.5544 0.7250
vn 0.4319 0.5329 0.7276
vn -0.6952 0.4306 0.5755
vn -0.6646 0.4776 0.5747
vn 0.6651 0.4509 0.5952
vn 0.6948 0.4548 0.5571
vn -0.7339 0.4195 0.5342
vn -0.6935 0.4874 0.5306
vn 0.6949 0.4490 0.5617
vn 0.7309 0.4566 0.5073
vn 0.6061 0.4519 0.6546
vn 0.6429 0.4562 0.6152
vn 0.2943 0.0542 0.9542
vn 0.3522 0.1524 0.9234
vn 0.1472 0.5233 0.8394
vn 0.1740 0.5500 0.8168
vn 0.1020 0.7436 0.6608
vn 0.0637 0.7211 0.6899
vn 0.0567 0.8327 0.5508
vn 0.0118 0.8158 0.5782
vn -0.0073 0.8287 0.5597
vn 0.0150 0.8361 0.5484
vn -0.0988 0.8304 0.5484
vn 0.0054 0.8603 0.5098
vn -0.2335 0.8243 0.5158
vn -0.0677 0.8645 0.4980
vn -0.1574 0.8692 0.4688
vn -0.1674 0.8593 0.4834
vn -0.0714 0.8889 0.4525
vn -0.0626 0.8861 0.4593
vn 0.0626 0.8861 0.4593
vn 0.0714 0.8889 0.4525
vn 0.1674 0.8593 0.4834
vn 0.1574 0.8692 0.4688
vn 0.0677 0.8645 0.4980
vn 0.2335 0.8243 0.5158
vn -0.0054 0.8603 0.5098
vn 0.0988 0.8304 0.5484
vn -0.0150 0.8361 0.5484
vn 0.0073 0.8287 0.5597
vn -0.0148 0.8348 0.5503
vn -0.0581 0.8141 0.5779
vn -0.0624 0.7459 0.6631
vn -0.1083 0.7188 0.6868
vn -0.1740 0.5500 0.8168
vn -0.1472 0.5233 0.8394
vn -0.3522 0.1524 0.9234
vn -0.2943 0.0542 0.9542
vn -0.6429 0.4562 0.6152
vn -0.6061 0.4519 0.6546
vn -0.6652 0.4474 0.5978
vn -0.6429 0.4449 0.6235
vn 0.6651 0.4311 0.6097
vn 0.6429 0.4623 0.6107
vn -0.7679 0.3666 0.5252
vn -0.7902 0.3659 0.4916
vn 0.7686 0.3876 0.5089
vn 0.7889 0.3471 0.5071
vn -0.7904 0.3702 0.4880
vn -0.8060 0.3696 0.4624
vn 0.7908 0.3867 0.4744
vn 0.8055 0.3544 0.4750
vn -0.3965 -0.7290 0.5581
vn -0.3830 -0.6775 0.6279
vn -0.9743 0.0128 0.2248
vn -0.8954 0.1577 0.4163
vn -0.1336 -0.9846 -0.1132
vn -0.0562 -0.9815 0.1831
vn 0.1412 -0.7989 -0.5847
vn 0.2547 -0.8632 -0.4360
vn 0.1985 -0.8673 -0.4565
vn 0.3207 -0.9176 -0.2348
vn -0.7395 -0.5124 0.4365
vn -0.6848 -0.4677 0.5589
vn -0.2043 -0.7894 0.5789
vn -0.1392 -0.7539 0.6421
vn -0.1228 -0.7801 0.6134
vn -0.0994 -0.7502 0.6536
vn -0.7868 -0.2544 0.5623
vn -0.8310 -0.1808 0.5261
vn -0.6214 -0.3119 0.7187
vn -0.6338 -0.3211 0.7037
vn -0.1240 -0.3520 0.9278
vn -0.1550 -0.3268 0.9323
vn -0.5996 -0.5613 0.5704
vn -0.6438 -0.5823 0.4964
vn -0.1312 -0.8862 0.4443
vn -0.1223 -0.8832 0.4528
vn -0.6937 -0.7201 0.0145
vn -0.6663 -0.6205 -0.4136
vn -0.1634 -0.5962 0.7860
vn -0.1507 -0.5884 0.7944
vn -0.5822 0.1465 0.7997
vn -0.5766 0.1404 0.8049
vn -0.7331 -0.1427 0.6649
vn -0.7292 -0.1430 0.6692
vn -0.9227 -0.2646 0.2803
vn -0.9207 0.1065 0.3755
vn -0.7315 0.2156 0.6469
vn -0.8390 0.2446 0.4860
vn -0.9269 0.2082 0.3123
vn -0.7462 0.5510 0.3736
vn -0.7900 -0.5693 0.2276
vn -0.8957 -0.3205 0.3082
vn -0.9960 0.0770 0.0452
vn -0.9558 0.0349 0.2918
vn -0.9616 -0.2742 -0.0124
vn -0.8966 -0.3480 0.2739
vn -0.6298 -0.3041 0.7148
vn -0.5959 -0.2860 0.7504
vn -0.4811 0.1956 0.8546
vn -0.5718 0.1022 0.8140
vn -0.4179 0.1036 0.9026
vn -0.3419 -0.0108 0.9397
vn -0.1049 -0.0740 0.9917
vn -0.0983 -0.0714 0.9926
vn 0.4034 -0.1353 0.9049
vn 0.2588 -0.1892 0.9472
vn 0.6977 -0.2710 0.6631
vn 0.6956 -0.3052 0.6504
vn -0.8622 -0.2562 -0.4370
vn -0.8676 -0.2380 -0.4366
vn -0.8563 -0.2967 -0.4228
vn -0.8627 -0.2778 -0.4226
vn -0.9152 -0.3093 -0.2582
vn -0.8061 -0.5271 -0.2691
vn -0.9531 0.2958 0.0642
vn -0.9467 0.2956 0.1283
vn -0.1360 -0.9303 0.3407
vn -0.1260 -0.9277 0.3513
vn -0.1605 -0.9470 0.2783
vn -0.1437 -0.9428 0.3007
vn 0.8448 -0.4164 0.3361
vn 0.6486 -0.5069 0.5678
vn -0.1196 -0.7192 0.6844
vn -0.0926 -0.6560 0.7491
vn -0.5414 -0.6881 -0.4831
vn -0.7023 -0.4396 -0.5599
vn -0.5459 -0.5194 -0.6575
vn -0.5517 -0.5109 -0.6593
vn -0.3622 -0.3369 0.8691
vn -0.3850 -0.3533 0.8526
vn -0.3679 -0.5887 0.7198
vn -0.3956 -0.5663 0.7231
vn -0.3619 -0.8447 0.3944
vn -0.3825 -0.8485 0.3657
vn -0.3564 -0.9007 0.2486
vn -0.4250 -0.8595 0.2841
vn -0.4076 -0.8844 0.2276
vn -0.4392 -0.8635 0.2479
vn -0.3832 -0.8796 0.2817
vn -0.4225 -0.8522 0.3084
vn -0.3979 -0.5932 0.6998
vn -0.3122 -0.5187 0.7959
vn -0.1174 -0.6352 0.7634
vn -0.1899 -0.6982 0.6903
vn -0.1836 -0.9274 0.3260
vn -0.1658 -0.9218 0.3503
vn -0.9008 -0.3321 0.2797
vn -0.7948 -0.4533 -0.4035
vn -0.9042 -0.1702 0.3916
vn -0.9748 -0.1700 -0.1447
vn -0.8594 0.3792 0.3430
vn -0.8398 0.4179 0.3465
vn -0.8343 0.3781 0.4013
vn -0.8452 0.3881 0.3675
vn -0.3281 0.5244 0.7857
vn -0.3199 0.5195 0.7923
vn -0.3444 0.5624 0.7517
vn -0.3254 0.5533 0.7668
vn -0.8794 0.3997 0.2587
vn -0.8334 0.4936 0.2487
vn -0.8510 0.4225 0.3119
vn -0.8217 0.4803 0.3067
vn -0.6145 0.4738 0.6308
vn -0.6205 0.4681 0.6292
vn -0.6307 0.4947 0.5979
vn -0.6073 0.5182 0.6022
vn -0.7451 -0.6662 0.0322
vn -0.7611 -0.6225 0.1822
vn -0.8400 0.3378 0.4245
vn -0.8202 0.3732 0.4337
vn -0.8399 0.3800 0.3875
vn -0.8333 0.3950 0.3867
vn -0.3278 0.4337 0.8393
vn -0.3264 0.4328 0.8404
vn -0.6318 0.3885 0.6707
vn -0.6315 0.3888 0.6708
vn -0.1349 0.5361 0.8333
vn -0.1276 0.5313 0.8375
vn -0.1188 0.4432 0.8885
vn -0.1307 0.4343 0.8912
vn -0.1329 0.5734 0.8085
vn -0.1461 0.5646 0.8124
vn -0.5696 0.2087 0.7950
vn -0.5477 0.1867 0.8156
vn 0.1432 -0.7720 0.6193
vn 0.1876 -0.7354 0.6512
vn 0.1773 -0.7177 0.6734
vn 0.2221 -0.6435 0.7325
vn 0.1247 -0.5283 0.8399
vn 0.1249 -0.5269 0.8407
vn -0.1858 -0.2560 0.9487
vn -0.1990 -0.1960 0.9602
vn -0.2754 -0.2978 0.9141
vn -0.3379 -0.6460 0.6845
vn -0.4611 -0.0999 0.8817
vn -0.5490 0.0909 0.8309
vn -0.5734 0.0894 0.8144
vn -0.6061 0.1353 0.7838
vn 0.6724 -0.6477 -0.3582
vn 0.6837 -0.6370 -0.3559
vn -0.5718 0.7825 0.2465
vn -0.5404 0.7840 0.3056
vn -0.6311 0.7633 0.1382
vn -0.8166 0.5689 0.0977
vn -0.2668 0.7811 0.5645
vn -0.1137 0.6835 0.7210
vn -0.1300 0.6827 0.7191
vn 0.0232 0.5726 0.8195
vn 0.1145 0.5658 0.8166
vn 0.3496 0.3597 0.8651
vn 0.5408 0.3098 0.7820
vn 0.6515 0.1251 0.7482
vn 0.8484 -0.0036 0.5293
vn 0.8188 0.1160 0.5622
vn -0.8652 -0.2232 -0.4491
vn -0.8224 -0.2284 -0.5210
vn 0.9737 -0.1198 0.1940
vn 0.9742 -0.1110 0.1965
vn -0.5505 -0.5574 -0.6214
vn -0.4646 -0.5497 -0.6942
vn -0.3294 0.8216 0.4653
vn -0.2518 0.7836 0.5680
vn -0.9216 0.3831 -0.0628
vn -0.8977 0.4377 -0.0502
vn 0.4423 -0.6960 -0.5656
vn 0.4261 -0.6916 -0.5832
vn 0.4489 0.8031 0.3919
vn 0.6072 0.6736 0.4213
vn 0.0910 0.9638 0.2505
vn 0.1767 0.9286 0.3262
vn 0.1930 0.9257 0.3253
vn 0.3590 0.8343 0.4183
vn 0.4557 -0.5946 -0.6624
vn 0.3615 -0.5673 -0.7399
vn 0.7445 -0.3702 -0.5555
vn 0.7119 -0.4156 -0.5660
vn 0.9877 0.1554 0.0162
vn 0.9895 0.1443 0.0121
vn 0.8609 -0.2666 -0.4334
vn 0.8532 -0.2671 -0.4479
vn 0.8474 0.4191 0.3260
vn 0.8985 0.3928 0.1961
vn 0.7329 0.5639 0.3806
vn 0.7800 0.5470 0.3038
vn -0.4423 0.8846 0.1480
vn -0.4786 0.8741 0.0832
vn -0.7472 0.6645 -0.0132
vn -0.8296 0.5575 -0.0310
vn -0.8270 -0.2458 -0.5055
vn -0.7822 -0.2531 -0.5694
vn -0.4627 -0.5393 -0.7036
vn -0.4397 -0.5379 -0.7193
vn -0.8982 0.4254 -0.1106
vn -0.9000 0.4080 -0.1531
vn -0.0573 0.9755 0.2125
vn -0.0325 0.9698 0.2419
vn -0.8064 0.5863 -0.0778
vn -0.8310 0.5504 -0.0803
vn 0.2062 0.9512 0.2296
vn 0.2580 0.9265 0.2738
vn 0.3831 0.8855 0.2631
vn 0.4884 0.8072 0.3315
vn -0.4773 0.8750 0.0810
vn -0.4686 0.8784 0.0938
vn -0.0176 0.9777 0.2091
vn -0.0055 0.9751 0.2218
vn 0.3803 -0.4663 -0.7987
vn 0.3573 -0.4564 -0.8149
vn 0.6814 -0.2047 -0.7027
vn 0.6089 -0.3254 -0.7234
vn 0.9554 0.2885 -0.0635
vn 0.9328 0.3584 -0.0392
vn 0.8638 -0.0291 -0.5030
vn 0.8253 -0.0400 -0.5633
vn -0.7651 -0.2083 -0.6093
vn -0.8075 -0.2022 -0.5542
vn -0.4154 -0.4412 -0.7955
vn -0.4663 -0.4424 -0.7661
vn -0.9064 0.3982 -0.1410
vn -0.9076 0.3680 -0.2022
vn 0.3409 -0.6358 -0.6925
vn 0.2907 -0.6152 -0.7329
vn -0.0058 0.9749 0.2225
vn 0.0453 0.9606 0.2741
vn 0.9829 0.1244 0.1361
vn 0.9681 0.2026 0.1475
vn 0.8931 -0.3361 -0.2990
vn 0.8896 -0.3375 -0.3079
vn 0.7616 -0.4829 -0.4321
vn 0.6182 -0.4908 -0.6140
vn 0.0360 0.9517 0.3049
vn 0.0467 0.9477 0.3158
vn 0.8891 0.2970 0.3482
vn 0.8998 0.2577 0.3520
vn 0.9600 0.0891 0.2655
vn 0.9598 0.0910 0.2654
vn 0.8996 -0.4193 -0.1218
vn 0.8767 -0.4376 -0.1999
vn 0.7337 -0.5980 -0.3227
vn 0.7992 -0.5073 -0.3225
vn 0.2765 -0.7369 -0.6169
vn 0.2199 -0.7136 -0.6651
vn 0.1844 -0.8878 -0.4216
vn 0.1828 -0.8874 -0.4232
vn 0.7500 -0.6423 -0.1579
vn 0.7411 -0.6528 -0.1567
vn 0.9471 0.0475 0.3175
vn 0.9459 -0.0038 0.3244
vn 0.9228 0.1991 0.3297
vn 0.8925 0.2276 0.3894
vn 0.8965 -0.4314 0.1006
vn 0.8748 -0.4820 -0.0493
vn 0.0521 0.9319 0.3590
vn 0.0315 0.9282 0.3708
vn 0.6489 -0.7597 0.0429
vn 0.6743 -0.7375 0.0362
vn 0.8548 -0.4537 0.2520
vn 0.8551 -0.4808 0.1942
vn 0.1121 -0.9925 0.0493
vn 0.0154 -0.9982 -0.0578
vn 0.9372 -0.0224 0.3481
vn 0.9268 -0.1007 0.3619
vn 0.9143 0.1689 0.3681
vn 0.9199 0.0749 0.3849
vn 0.0546 0.8842 0.4639
vn 0.0193 0.8746 0.4845
vn 0.5637 -0.7915 0.2360
vn 0.5527 -0.7982 0.2394
vn 0.9009 -0.1386 0.4112
vn 0.8828 -0.2037 0.4234
vn 0.9040 0.0408 0.4255
vn 0.8944 -0.0553 0.4439
vn 0.0605 0.7684 0.6371
vn -0.0088 0.7401 0.6724
vn -0.0276 -0.9746 0.2221
vn -0.1164 -0.9854 0.1242
vn 0.7895 -0.5356 0.2996
vn 0.7850 -0.4994 0.3665
vn -0.0992 0.3237 0.9410
vn -0.0632 0.3504 0.9345
vn 0.8126 -0.1563 0.5614
vn 0.7998 -0.1921 0.5687
vn 0.7973 -0.2814 0.5340
vn 0.7610 -0.3522 0.5448
vn 0.6947 -0.5608 0.4504
vn 0.7043 -0.5816 0.4071
vn 0.5159 -0.8000 0.3064
vn 0.5435 -0.7862 0.2941
vn -0.1358 -0.9479 0.2882
vn -0.0772 -0.9340 0.3489
vn 0.6119 0.7337 0.2954
vn 0.6765 0.6648 0.3169
vn 0.7724 0.5829 0.2523
vn 0.8108 0.5292 0.2502
vn 0.8929 0.4221 0.1567
vn 0.8300 0.5309 0.1712
vn 0.8421 0.4630 0.2767
vn 0.8945 0.3460 0.2832
vn 0.2565 0.9251 0.2800
vn 0.3063 0.8953 0.3236
vn 0.4922 0.8164 0.3020
vn 0.5545 0.7559 0.3481
vn 0.6766 0.6670 0.3119
vn 0.7224 0.6034 0.3376
vn 0.8134 0.5051 0.2887
vn 0.8235 0.4871 0.2910
vn 0.8156 0.4138 0.4045
vn 0.8554 0.3870 0.3441
vn 0.8511 0.3528 0.3889
vn 0.8718 0.3391 0.3535
vn 0.8639 0.2921 0.4104
vn 0.8722 0.2867 0.3962
vn 0.8494 0.2174 0.4808
vn 0.8748 0.2029 0.4401
vn 0.7891 0.0290 0.6136
vn 0.8459 0.0015 0.5333
vn 0.6506 0.3375 0.6803
vn 0.6867 0.1927 0.7009
vn 0.7602 0.4027 0.5098
vn 0.7758 0.3533 0.5228
vn 0.7952 0.4163 0.4409
vn 0.7932 0.4222 0.4388
vn 0.8018 0.4471 0.3965
vn 0.7696 0.5223 0.3673
vn 0.7198 0.5909 0.3644
vn 0.7643 0.5097 0.3951
vn 0.5196 0.3000 0.8000
vn 0.5201 0.2986 0.8002
vn 0.6235 0.5033 0.5983
vn 0.6334 0.4805 0.6066
vn 0.6741 0.5522 0.4906
vn 0.6593 0.5824 0.4756
vn 0.6799 0.6147 0.3998
vn 0.6291 0.6924 0.3533
vn 0.6201 0.6773 0.3958
vn 0.5554 0.7578 0.3423
vn 0.2951 0.8797 0.3727
vn 0.3729 0.8724 0.3159
vn 0.3546 0.8455 0.3993
vn 0.3954 0.8418 0.3675
vn 0.3499 0.7674 0.5373
vn 0.4287 0.7677 0.4762
vn 0.3633 0.6341 0.6826
vn 0.3981 0.6402 0.6570
vn 0.3071 0.3784 0.8732
vn 0.1744 0.3073 0.9355
vn -0.8685 0.2680 0.4169
vn -0.8850 0.1918 0.4243
vn -0.8752 0.2951 0.3833
vn -0.8614 0.3335 0.3830
vn -0.1826 0.5727 0.7992
vn -0.1834 0.5722 0.7993
vn -0.3965 0.5312 0.7487
vn -0.3990 0.5319 0.7469
vn -0.6991 0.4185 0.5797
vn -0.7430 0.4191 0.5217
vn -0.8547 0.3654 0.3687
vn -0.8451 0.3547 0.3999
vn -0.8708 0.4006 0.2852
vn -0.8523 0.3815 0.3578
vn -0.8677 0.4145 0.2742
vn -0.8937 0.3555 0.2737
vn -0.8928 0.2678 0.3622
vn -0.8660 0.2718 0.4197
vn -0.8494 0.2005 0.4882
vn -0.8802 0.2000 0.4304
vn -0.8633 0.1930 0.4664
vn -0.8543 0.1930 0.4826
vn -0.8930 0.1759 0.4143
vn -0.8998 0.2182 0.3779
vn -0.8720 0.1786 0.4558
vn -0.8656 0.2429 0.4380
vn -0.8942 0.1909 0.4050
vn -0.8923 0.2358 0.3849
vn -0.9425 0.3340 0.0120
vn -0.9434 0.3312 0.0145
vn -0.9791 0.1606 -0.1246
vn -0.9743 0.2251 0.0059
vn -0.9030 0.4262 0.0549
vn -0.8970 0.4288 0.1071
vn -0.8772 0.4625 0.1290
vn -0.8531 0.4589 0.2483
vn -0.8856 0.4135 0.2113
vn -0.8484 0.4060 0.3396
vn -0.8989 0.3349 0.2824
vn -0.8714 0.3318 0.3614
vn -0.9897 -0.1342 0.0495
vn -0.9267 -0.0561 -0.3715
vn -0.9429 -0.3220 -0.0845
vn -0.9054 -0.3253 -0.2726
vn -0.8060 -0.5483 0.2231
vn -0.7969 -0.5993 -0.0757
vn -0.3575 -0.7364 0.5744
vn -0.3837 -0.7960 0.4681
vn -0.4007 -0.7695 0.4974
vn -0.4322 -0.7969 0.4221
vn -0.8806 0.4722 0.0382
vn -0.8785 0.4713 0.0784
vn -0.9271 0.3727 -0.0409
vn -0.9351 0.3531 -0.0294
vn -0.9682 0.2355 -0.0843
vn -0.9682 0.2338 -0.0889
vn -0.9996 0.0267 -0.0078
vn -0.9694 0.0674 -0.2359
vn -0.9834 -0.1773 0.0398
vn -0.9738 -0.1779 -0.1419
vn -0.8798 -0.4287 0.2055
vn -0.8931 -0.4472 -0.0497
vn -0.8270 0.5464 0.1322
vn -0.8227 0.5442 0.1646
vn -0.8198 0.5476 0.1675
vn -0.8072 0.5397 0.2391
vn -0.8542 0.4843 0.1894
vn -0.8245 0.4719 0.3123
vn -0.7968 0.5100 0.3241
vn -0.7941 0.5074 0.3345
vn -0.8149 0.5136 0.2685
vn -0.7756 0.5782 0.2532
vn -0.8079 0.4191 0.4143
vn -0.8312 0.3597 0.4239
vn -0.7948 0.5235 0.3070
vn -0.7875 0.5186 0.3331
vn -0.8033 0.5509 0.2262
vn -0.7613 0.6138 0.2089
vn -0.8030 0.3873 0.4529
vn -0.8288 0.3183 0.4601
vn -0.4647 -0.7217 0.5131
vn -0.4721 -0.7234 0.5038
vn -0.9413 -0.2664 0.2074
vn -0.9520 -0.2649 0.1532
vn -0.9939 0.0010 0.1106
vn -0.9968 0.0100 -0.0796
vn -0.9864 0.1523 -0.0625
vn -0.9709 0.2274 -0.0745
vn 0.6969 -0.6908 0.1926
vn 0.4931 -0.7596 0.4241
vn 0.4428 -0.8803 0.1702
vn 0.4313 -0.8819 0.1905
vn 0.1660 -0.8484 0.5026
vn 0.0054 -0.8082 0.5889
vn -0.0072 -0.9215 0.3884
vn -0.1075 -0.8712 0.4790
vn -0.2076 -0.7796 0.5909
vn -0.2717 -0.7426 0.6122
vn -0.2632 -0.8208 0.5070
vn -0.4464 -0.6484 0.6166
vn -0.4840 -0.6594 0.5753
vn -0.5787 -0.5652 0.5879
vn -0.9484 -0.1583 0.2748
vn -0.9597 0.0218 0.2801
vn -0.9738 0.1972 0.1130
vn -0.9627 0.2468 0.1105
vn -0.9442 0.3292 0.0143
vn -0.9402 0.3403 0.0118
vn -0.5791 -0.5564 0.5959
vn -0.6461 -0.4533 0.6141
vn -0.9390 0.0829 0.3338
vn -0.9339 0.1339 0.3315
vn -0.8869 0.4502 0.1034
vn -0.8884 0.4516 0.0826
vn -0.8182 0.5542 0.1528
vn -0.8236 0.5457 0.1546
vn -0.9256 0.3424 0.1613
vn -0.9203 0.3388 0.1954
vn -0.8580 0.4487 0.2500
vn -0.8593 0.4492 0.2447
vn -0.8786 0.2341 0.4162
vn -0.8893 0.2388 0.3900
vn -0.8381 0.1516 0.5240
vn -0.8507 -0.0605 0.5221
vn -0.7265 -0.1362 0.6735
vn -0.8704 -0.1047 0.4811
vn -0.6758 -0.2781 0.6827
vn -0.7687 -0.2225 0.5996
vn -0.6386 -0.4254 0.6413
vn -0.7240 -0.3853 0.5721
vn -0.5351 -0.6292 0.5637
vn -0.5332 -0.6304 0.5642
vn -0.4570 -0.6888 0.5627
vn -0.5493 -0.6543 0.5198
vn -0.5365 -0.8024 0.2613
vn -0.4623 -0.7331 0.4988
vn -0.5729 -0.7555 0.3179
vn -0.6846 -0.7289 0.0016
vn -0.3609 -0.7807 0.5101
vn -0.3866 -0.7632 0.5178
vn -0.1287 -0.8052 0.5789
vn -0.1544 -0.8160 0.5570
vn -0.2120 -0.9340 0.2875
vn -0.2062 -0.9355 0.2869
vn -0.1320 -0.9197 0.3698
vn -0.1837 -0.9138 0.3624
vn -0.5440 -0.6320 0.5520
vn -0.5629 -0.7127 0.4186
vn -0.2029 -0.9350 0.2907
vn -0.1926 -0.9758 0.1036
vn -0.8632 -0.1628 0.4780
vn -0.8079 -0.1166 0.5776
vn -0.6868 -0.3193 0.6529
vn -0.8038 -0.3942 0.4455
vn -0.1224 -0.0007 0.9925
vn -0.1157 -0.0063 0.9933
vn -0.3617 -0.0012 0.9323
vn -0.3495 -0.0122 0.9369
vn -0.6268 -0.0091 0.7792
vn -0.6735 0.0417 0.7380
vn -0.7767 0.0745 0.6255
vn -0.8013 0.1107 0.5880
vn -0.8260 0.1111 0.5526
vn -0.8470 0.1515 0.5096
vn -0.8581 0.1499 0.4910
vn -0.8527 0.1408 0.5031
vn 0.8022 -0.5523 -0.2269
vn 0.8250 -0.5190 -0.2238
vn 0.2438 -0.9695 0.0259
vn 0.3658 -0.9301 0.0323
vn 0.5669 -0.6646 -0.4868
vn 0.6292 -0.6666 -0.3997
vn 0.6672 -0.4560 -0.5890
vn 0.6473 -0.4578 -0.6095
vn 0.6367 -0.3139 -0.7043
vn 0.6278 -0.3135 -0.7125
vn 0.6344 -0.4578 -0.6229
vn 0.6652 -0.4597 -0.5884
vn 0.6533 -0.5927 -0.4712
vn 0.7092 -0.5883 -0.3885
vn 0.6426 -0.7495 -0.1589
vn 0.5973 -0.7649 -0.2412
vn 0.5150 -0.8568 -0.0259
vn 0.5057 -0.8616 -0.0433
vn 0.4121 -0.8924 0.1837
vn 0.4180 -0.8876 0.1936
vn 0.3526 -0.8540 0.3827
vn 0.2217 -0.9493 0.2229
vn 0.2519 -0.9654 -0.0673
vn 0.1651 -0.9843 -0.0626
vn 0.4765 -0.6784 -0.5593
vn 0.5143 -0.6841 -0.5172
vn 0.5597 -0.5118 -0.6518
vn 0.5566 -0.5114 -0.6548
vn 0.5646 -0.4001 -0.7219
vn 0.4878 -0.3786 -0.7866
vn 0.4784 -0.5709 -0.6672
vn 0.4131 -0.5526 -0.7239
vn 0.4001 -0.6805 -0.6139
vn 0.4507 -0.6929 -0.5627
vn 0.4123 -0.8352 -0.3639
vn 0.5190 -0.8268 -0.2169
vn 0.4457 -0.8940 0.0463
vn 0.3572 -0.9305 -0.0809
vn 0.2887 -0.9317 0.2203
vn 0.2195 -0.9666 0.1322
vn 0.1655 -0.9067 0.3879
vn 0.1232 -0.9309 0.3437
vn 0.3441 -0.9122 -0.2224
vn 0.0995 -0.9796 -0.1744
vn 0.9766 -0.0568 -0.2076
vn 0.9761 -0.0569 -0.2097
vn 0.9993 -0.0119 -0.0356
vn 0.9998 -0.0071 -0.0185
vn 0.9893 -0.1127 0.0927
vn 0.9839 -0.0914 0.1536
vn 0.9575 -0.1600 0.2401
vn 0.9549 -0.1545 0.2536
vn 0.9093 -0.2266 0.3491
vn 0.9209 -0.2496 0.2994
vn 0.8588 -0.3235 0.3973
vn 0.8666 -0.3369 0.3681
vn 0.7356 -0.4433 0.5122
vn 0.7426 -0.4500 0.4961
vn 0.9454 -0.3117 -0.0948
vn 0.9395 -0.3421 0.0180
vn -0.1772 -0.1598 0.9711
vn -0.1553 -0.1921 0.9690
vn 0.1633 -0.7936 0.5862
vn 0.2242 -0.8069 0.5465
vn 0.0911 -0.8334 0.5452
vn -0.0276 -0.7931 0.6084
vn -0.1097 -0.7535 0.6483
vn -0.1876 -0.7900 0.5837
vn 0.5194 -0.6474 0.5577
vn 0.4979 -0.6712 0.5492
vn 0.5103 -0.3519 0.7847
vn 0.5327 -0.3260 0.7810
vn 0.3233 -0.2179 0.9209
vn 0.2770 -0.1302 0.9520
vn 0.5117 -0.4606 0.7253
vn 0.5201 -0.4676 0.7148
vn 0.5316 -0.5632 0.6326
vn 0.5057 -0.5498 0.6648
vn 0.5439 -0.1790 0.8199
vn 0.5148 -0.1355 0.8465
vn 0.0342 -0.2154 0.9759
vn 0.0068 -0.1702 0.9854
vn 0.2192 -0.6315 0.7438
vn 0.1729 -0.6071 0.7756
vn -0.0348 -0.6232 0.7813
vn -0.0838 -0.5895 0.8034
vn -0.2006 -0.5603 0.8037
vn -0.2297 -0.5764 0.7842
vn 0.1803 -0.5232 0.8329
vn 0.1556 -0.5024 0.8505
vn -0.0780 -0.5019 0.8614
vn -0.0806 -0.4996 0.8625
vn -0.1802 -0.4910 0.8523
vn -0.2275 -0.5211 0.8226
vn -0.0427 -0.3942 0.9181
vn -0.0585 -0.3759 0.9248
vn 0.1809 -0.3723 0.9103
vn 0.1980 -0.3911 0.8988
vn -0.1773 -0.3780 0.9087
vn -0.1701 -0.3727 0.9122
vn -0.1228 0.2653 0.9563
vn -0.1116 0.2741 0.9552
vn -0.3364 0.2698 0.9023
vn -0.3387 0.2716 0.9008
vn -0.6538 0.2560 0.7121
vn -0.6493 0.2516 0.7177
vn -0.7883 0.2377 0.5676
vn -0.7993 0.2512 0.5459
vn -0.8389 0.2394 0.4888
vn -0.8364 0.2358 0.4948
vn -0.8517 0.2284 0.4716
vn -0.8538 0.2310 0.4665
vn -0.8516 0.2328 0.4696
vn -0.8339 0.2193 0.5065
vn -0.8051 0.1581 0.5717
vn -0.8588 0.1895 0.4761
vn -0.7875 0.0919 0.6095
vn -0.8339 0.1173 0.5394
vn -0.8324 -0.0406 0.5527
vn -0.8629 -0.0248 0.5048
vn -0.8773 -0.1485 0.4565
vn -0.8502 -0.1604 0.5015
vn -0.8747 -0.2936 0.3856
vn -0.8764 -0.2887 0.3855
vn -0.7621 -0.5810 0.2857
vn -0.8772 -0.3886 0.2819
vn -0.6838 -0.6960 0.2189
vn -0.7460 -0.6263 0.2264
vn -0.5980 -0.7747 0.2056
vn -0.6830 -0.6975 0.2167
vn -0.6028 -0.6662 0.4391
vn -0.6007 -0.7711 0.2110
vn -0.8499 -0.3340 -0.4076
vn -0.8885 -0.1244 -0.4418
vn -0.9734 0.2284 -0.0199
vn -0.9756 0.1993 -0.0918
vn -0.8727 0.4879 0.0171
vn -0.9127 0.4078 0.0257
vn -0.5458 0.8275 0.1316
vn -0.4781 0.8706 0.1160
vn -0.9947 0.0951 0.0399
vn -0.9953 0.0917 0.0312
vn -0.9280 0.3574 0.1051
vn -0.9534 0.2783 0.1165
vn -0.5898 0.7568 0.2817
vn -0.6614 0.7280 0.1802
vn -0.4800 -0.4811 -0.7335
vn -0.6585 -0.4566 -0.5983
vn -0.6832 -0.5391 -0.4926
vn -0.8163 -0.4791 -0.3228
vn -0.8132 -0.5632 -0.1463
vn -0.8637 -0.5020 -0.0452
vn -0.8502 -0.5252 0.0373
vn -0.8184 -0.5740 -0.0277
vn -0.9342 -0.2910 -0.2065
vn -0.9477 -0.2292 -0.2219
vn -0.9447 -0.3249 -0.0445
vn -0.9180 -0.3962 -0.0183
vn -0.9948 0.0524 0.0875
vn -0.9993 0.0266 0.0253
vn -0.9529 0.2823 0.1112
vn -0.9640 0.2394 0.1158
vn -0.6919 0.6491 0.3160
vn -0.7390 0.6294 0.2403
vn -0.9127 -0.4086 0.0098
vn -0.9102 -0.4142 -0.0004
vn -0.9934 -0.0303 0.1109
vn -0.9979 -0.0527 0.0388
vn -0.9642 0.2370 0.1185
vn -0.9825 0.1311 0.1321
vn -0.7452 0.6039 0.2829
vn -0.7539 0.6005 0.2668
vn -0.8057 -0.5894 0.0587
vn -0.7836 -0.6207 0.0259
vn -0.8993 -0.4350 0.0458
vn -0.9023 -0.4270 0.0600
vn -0.9793 -0.1291 0.1560
vn -0.9848 -0.1494 0.0887
vn -0.9820 0.1205 0.1456
vn -0.9858 0.0158 0.1672
vn -0.7626 0.5445 0.3494
vn -0.7596 0.5449 0.3551
vn -0.7710 -0.6228 0.1328
vn -0.7263 -0.6812 0.0919
vn -0.7666 0.4391 0.4685
vn -0.7345 0.4264 0.5279
vn -0.9478 -0.0851 0.3073
vn -0.9534 -0.0551 0.2968
vn -0.9436 -0.2368 0.2313
vn -0.9438 -0.2370 0.2305
vn -0.8519 -0.4869 0.1931
vn -0.9307 -0.3451 0.1214
vn -0.7656 -0.5152 0.3852
vn -0.7390 -0.5137 0.4358
vn -0.7230 -0.4342 0.5373
vn -0.6902 -0.4149 0.5929
vn -0.8916 0.2084 0.4020
vn -0.9435 0.1654 0.2871
vn -0.9061 0.3374 0.2552
vn -0.9258 0.3192 0.2026
vn -0.8849 0.4140 0.2134
vn -0.9085 0.3890 0.1527
vn -0.8898 0.4186 0.1815
vn -0.8852 0.4238 0.1920
vn -0.8619 0.4782 0.1685
vn -0.8823 0.4548 0.1215
vn -0.7706 0.6317 0.0846
vn -0.8109 0.5852 0.0001
vn -0.6686 0.7429 0.0330
vn -0.7086 0.7036 -0.0524
vn -0.6132 0.7821 0.1109
vn -0.6536 0.7568 0.0072
vn -0.6954 0.7149 0.0723
vn -0.6572 0.7318 0.1807
vn -0.8901 0.1928 0.4131
vn -0.8371 0.3180 0.4452
vn -0.8296 -0.2871 0.4789
vn -0.8324 -0.0536 0.5516
vn -0.6795 -0.5958 0.4282
vn -0.7815 -0.3519 0.5152
vn -0.3792 -0.8215 0.4259
vn -0.4108 -0.7938 0.4485
vn -0.1818 -0.8648 0.4681
vn -0.1919 -0.8696 0.4550
vn -0.7296 -0.2450 0.6385
vn -0.7123 -0.2287 0.6635
vn -0.7209 0.0060 0.6931
vn -0.7234 0.0100 0.6904
vn -0.7551 -0.4608 0.4663
vn -0.6864 -0.5387 0.4885
vn -0.9039 -0.3594 0.2318
vn -0.9309 -0.3009 0.2070
vn -0.9642 -0.2400 0.1129
vn -0.9629 -0.2443 0.1145
vn -0.9744 -0.2148 0.0661
vn -0.9852 -0.1640 0.0502
vn -0.9894 -0.1437 0.0199
vn -0.9920 -0.1255 0.0148
vn -0.9945 -0.0505 -0.0920
vn -0.9892 -0.1246 -0.0768
vn -0.9757 -0.0137 -0.2185
vn -0.9754 -0.0591 -0.2123
vn -0.9325 0.0645 -0.3555
vn -0.9316 0.0755 -0.3556
vn -0.9399 0.0572 -0.3366
vn -0.9321 0.1497 -0.3299
vn -0.9612 0.0784 -0.2646
vn -0.9524 0.1696 -0.2534
vn -0.9881 0.0369 -0.1490
vn -0.9883 0.0235 -0.1505
vn -0.9922 -0.0133 -0.1240
vn -0.9882 -0.0791 -0.1308
vn -0.9624 -0.2268 -0.1493
vn -0.9625 -0.2712 -0.0082
vn -0.4131 -0.8822 0.2258
vn -0.4378 -0.8662 0.2409
vn -0.1328 -0.9466 0.2936
vn -0.1439 -0.9420 0.3032
vn 0.9489 0.0826 -0.3045
vn 0.9403 0.2111 -0.2672
vn -0.8837 0.3719 0.2842
vn -0.8983 0.3762 0.2270
vn -0.9072 0.3209 0.2718
vn -0.8933 0.3581 0.2715
vn -0.8581 0.3878 0.3365
vn -0.8659 0.3708 0.3356
vn -0.6572 0.4886 0.5739
vn -0.6267 0.5216 0.5789
vn -0.3671 0.5595 0.7431
vn -0.3427 0.5770 0.7414
vn -0.1439 0.5914 0.7934
vn -0.1661 0.5779 0.7990
vn -0.9046 0.2905 0.3121
vn -0.8991 0.2903 0.3276
vn -0.9083 0.3056 0.2855
vn -0.8945 0.3066 0.3254
vn -0.8752 0.3468 0.3371
vn -0.8662 0.3684 0.3376
vn -0.6585 0.4745 0.5841
vn -0.6964 0.4769 0.5363
vn -0.3679 0.5502 0.7496
vn -0.3950 0.5580 0.7298
vn -0.1659 0.5835 0.7950
vn -0.1826 0.5735 0.7986
vn -0.6338 -0.0669 0.7706
vn -0.5444 0.1051 0.8322
vn -0.6578 0.2307 0.7170
vn -0.6257 0.2729 0.7308
vn -0.4679 0.8052 0.3643
vn -0.4395 0.8210 0.3645
vn -0.3165 0.9356 0.1567
vn -0.3152 0.9360 0.1566
vn -0.3229 0.9311 0.1700
vn -0.2785 0.9469 0.1608
vn -0.2725 0.9508 0.1473
vn -0.3272 0.9307 0.1638
vn -0.3527 0.9053 0.2367
vn -0.4263 0.8651 0.2644
vn -0.4357 0.8464 0.3062
vn -0.5174 0.7860 0.3384
vn -0.5198 0.7791 0.3504
vn -0.5672 0.7372 0.3672
vn -0.5942 0.6601 0.4596
vn -0.5832 0.6716 0.4570
vn -0.6246 0.3822 0.6810
vn -0.5077 0.5230 0.6846
vn -0.4986 0.0001 0.8668
vn -0.5511 -0.0624 0.8321
vn -0.4870 -0.3087 0.8170
vn -0.4920 -0.3130 0.8124
vn -0.5068 -0.4832 0.7139
vn -0.4735 -0.4642 0.7485
vn -0.6079 -0.4703 0.6398
vn -0.4922 -0.5914 0.6388
vn -0.5264 -0.6747 0.5173
vn -0.5992 -0.5993 0.5309
vn -0.4947 -0.8451 0.2026
vn -0.5050 -0.8376 0.2084
vn -0.5794 -0.8006 0.1527
vn -0.4955 -0.8642 0.0874
vn -0.5965 -0.8023 0.0236
vn -0.5931 -0.8049 0.0202
vn -0.4524 -0.8300 -0.3261
vn -0.6118 -0.7696 -0.1828
vn -0.2291 -0.7203 -0.6548
vn -0.4315 -0.7234 -0.5389
vn -0.1857 -0.6137 -0.7674
vn -0.2087 -0.6171 -0.7587
vn -0.0164 -0.5039 -0.8636
vn -0.1686 -0.5349 -0.8279
vn 0.0344 -0.6399 -0.7677
vn -0.0727 -0.6655 -0.7428
vn 0.0114 -0.7350 -0.6780
vn -0.0059 -0.7245 -0.6893
vn -0.1492 -0.6808 -0.7171
vn -0.0194 -0.7884 -0.6149
vn -0.3214 -0.8050 -0.4986
vn -0.2389 -0.8920 -0.3838
vn -0.5512 -0.8229 0.1380
vn -0.5150 -0.8469 0.1328
vn -0.6661 -0.5732 0.4773
vn -0.6664 -0.5729 0.4772
vn -0.7148 -0.3029 0.6303
vn -0.7260 -0.2902 0.6235
vn -0.7262 0.0710 0.6838
vn -0.7516 0.0468 0.6580
vn -0.7336 0.2468 0.6331
vn -0.7373 0.2429 0.6304
vn -0.7219 0.3722 0.5833
vn -0.7197 0.3702 0.5873
vn -0.7197 0.4406 0.5365
vn -0.7122 0.4361 0.5501
vn -0.7273 0.4716 0.4987
vn -0.7154 0.4674 0.5194
vn -0.7538 0.4457 0.4829
vn -0.7252 0.4851 0.4886
vn -0.7524 0.4584 0.4730
vn -0.7819 0.4122 0.4677
vn -0.7818 0.4149 0.4655
vn -0.8141 0.3547 0.4598
vn -0.5469 0.1554 0.8227
vn -0.5971 0.0848 0.7976
vn -0.5927 0.2038 0.7792
vn -0.5335 0.2706 0.8014
vn -0.3722 0.8116 0.4503
vn -0.3146 0.8405 0.4412
vn -0.1794 0.9652 0.1903
vn -0.2008 0.9596 0.1971
vn -0.1942 0.9635 0.1842
vn -0.2102 0.9590 0.1903
vn -0.2134 0.9568 0.1976
vn -0.1456 0.9747 0.1698
vn -0.1823 0.9433 0.2773
vn -0.1731 0.9463 0.2732
vn -0.1888 0.9264 0.3257
vn -0.2553 0.8994 0.3548
vn -0.2714 0.8707 0.4102
vn -0.3050 0.8524 0.4246
vn -0.3406 0.7597 0.5539
vn -0.3609 0.7455 0.5604
vn -0.4444 0.3224 0.8358
vn -0.3348 0.4333 0.8367
vn -0.3842 -0.1438 0.9120
vn -0.3320 -0.0816 0.9397
vn -0.3288 -0.3497 0.8772
vn -0.3335 -0.3437 0.8779
vn -0.3188 -0.5083 0.8000
vn -0.3406 -0.4867 0.8044
vn -0.3457 -0.5353 0.7707
vn -0.3196 -0.5591 0.7650
vn -0.3689 -0.7144 0.5946
vn -0.3364 -0.7392 0.5835
vn -0.3393 -0.9093 0.2409
vn -0.3413 -0.9083 0.2419
vn -0.3008 -0.9383 0.1704
vn -0.3371 -0.9216 0.1923
vn -0.2425 -0.9702 0.0022
vn -0.2975 -0.9539 0.0402
vn 0.0181 -0.8901 -0.4554
vn -0.2217 -0.9209 -0.3205
vn 0.1100 -0.7473 -0.6553
vn 0.0331 -0.7770 -0.6286
vn 0.1623 -0.6494 -0.7429
vn 0.1244 -0.6661 -0.7354
vn 0.2710 -0.4769 -0.8361
vn 0.1810 -0.5230 -0.8329
vn 0.2780 -0.6261 -0.7285
vn 0.2440 -0.6429 -0.7261
vn 0.2966 -0.7214 -0.6258
vn 0.2523 -0.7430 -0.6199
vn -0.0560 -0.9952 -0.0804
vn -0.1769 -0.9131 -0.3673
vn -0.5699 -0.7867 0.2375
vn -0.4307 -0.8770 0.2130
vn -0.6757 -0.5428 0.4989
vn -0.7010 -0.5579 0.4443
vn -0.7552 -0.2649 0.5996
vn -0.7696 -0.2782 0.5747
vn -0.7940 0.3603 0.4896
vn -0.7859 0.3520 0.5085
vn -0.7939 0.4086 0.4502
vn -0.7872 0.4045 0.4655
vn -0.7885 0.4425 0.4272
vn -0.8011 0.4225 0.4239
vn -0.7981 0.4434 0.4080
vn -0.8175 0.4100 0.4046
vn -0.8350 0.3967 0.3814
vn -0.8186 0.3977 0.4143
vn -0.8366 0.3649 0.4086
vn -0.8436 0.3492 0.4079
vn 0.3830 -0.6775 0.6279
vn 0.3965 -0.7290 0.5581
vn 0.8954 0.1577 0.4163
vn 0.9743 0.0128 0.2248
vn 0.0562 -0.9815 0.1831
vn 0.1336 -0.9846 -0.1132
vn -0.2547 -0.8632 -0.4360
vn -0.1412 -0.7989 -0.5847
vn -0.3207 -0.9176 -0.2348
vn -0.1985 -0.8673 -0.4565
vn 0.6848 -0.4677 0.5589
vn 0.7395 -0.5124 0.4365
vn 0.1392 -0.7539 0.6421
vn 0.2043 -0.7894 0.5789
vn 0.0994 -0.7502 0.6536
vn 0.1228 -0.7801 0.6134
vn 0.7883 -0.2015 0.5814
vn 0.8229 -0.2407 0.5146
vn 0.6214 -0.3119 0.7187
vn 0.6338 -0.3211 0.7037
vn 0.1245 -0.3282 0.9364
vn 0.1552 -0.3512 0.9233
vn 0.6531 -0.5416 0.5292
vn 0.5878 -0.6025 0.5399
vn 0.1223 -0.8832 0.4528
vn 0.1312 -0.8862 0.4443
vn 0.8601 -0.4720 -0.1937
vn 0.5490 -0.8199 -0.1623
vn 0.1507 -0.5884 0.7944
vn 0.1634 -0.5962 0.7860
vn 0.5766 0.1404 0.8049
vn 0.5822 0.1465 0.7997
vn 0.7292 -0.1430 0.6692
vn 0.7331 -0.1427 0.6649
vn 0.9207 0.1065 0.3755
vn 0.9227 -0.2646 0.2803
vn 0.8390 0.2446 0.4860
vn 0.7315 0.2156 0.6469
vn 0.7462 0.5510 0.3736
vn 0.9269 0.2082 0.3123
vn 0.8957 -0.3205 0.3082
vn 0.7900 -0.5693 0.2276
vn 0.9558 0.0349 0.2918
vn 0.9960 0.0770 0.0452
vn 0.8752 -0.4741 0.0958
vn 0.9764 -0.1397 0.1646
vn 0.6013 -0.3195 0.7324
vn 0.6171 -0.2665 0.7404
vn 0.5718 0.1022 0.8140
vn 0.4811 0.1956 0.8546
vn 0.3419 -0.0108 0.9397
vn 0.4179 0.1036 0.9026
vn 0.0983 -0.0714 0.9926
vn 0.1049 -0.0740 0.9917
vn -0.2588 -0.1892 0.9472
vn -0.4034 -0.1353 0.9049
vn -0.6956 -0.3052 0.6504
vn -0.6977 -0.2710 0.6631
vn 0.8676 -0.2380 -0.4366
vn 0.8622 -0.2562 -0.4370
vn 0.8627 -0.2778 -0.4226
vn 0.8563 -0.2967 -0.4228
vn 0.8061 -0.5271 -0.2691
vn 0.9152 -0.3093 -0.2582
vn 0.9467 0.2956 0.1283
vn 0.9531 0.2958 0.0642
vn 0.1260 -0.9277 0.3513
vn 0.1360 -0.9303 0.3407
vn 0.1437 -0.9428 0.3007
vn 0.1605 -0.9470 0.2783
vn -0.6486 -0.5069 0.5678
vn -0.8448 -0.4164 0.3361
vn 0.0926 -0.6560 0.7491
vn 0.1196 -0.7192 0.6844
vn 0.7023 -0.4396 -0.5599
vn 0.5414 -0.6881 -0.4831
vn 0.5517 -0.5109 -0.6593
vn 0.5459 -0.5194 -0.6575
vn 0.3609 -0.3553 0.8623
vn 0.3851 -0.3343 0.8602
vn 0.3956 -0.5663 0.7231
vn 0.3679 -0.5887 0.7198
vn 0.3825 -0.8485 0.3657
vn 0.3619 -0.8447 0.3944
vn 0.4250 -0.8595 0.2841
vn 0.3564 -0.9007 0.2486
vn 0.4392 -0.8635 0.2479
vn 0.4076 -0.8844 0.2276
vn 0.4225 -0.8522 0.3084
vn 0.3832 -0.8796 0.2817
vn 0.3122 -0.5187 0.7959
vn 0.3979 -0.5932 0.6998
vn 0.1899 -0.6982 0.6903
vn 0.1174 -0.6352 0.7634
vn 0.1658 -0.9218 0.3503
vn 0.1836 -0.9274 0.3260
vn 0.7948 -0.4533 -0.4035
vn 0.9008 -0.3321 0.2797
vn 0.9748 -0.1700 -0.1447
vn 0.9042 -0.1702 0.3916
vn 0.8398 0.4179 0.3465
vn 0.8594 0.3792 0.3430
vn 0.8452 0.3881 0.3675
vn 0.8343 0.3781 0.4013
vn 0.3199 0.5195 0.7923
vn 0.3281 0.5244 0.7857
vn 0.3254 0.5533 0.7668
vn 0.3444 0.5624 0.7517
vn 0.8480 0.4378 0.2988
vn 0.8674 0.4519 0.2082
vn 0.8302 0.4435 0.3377
vn 0.8437 0.4563 0.2826
vn 0.6197 0.4723 0.6268
vn 0.6151 0.4697 0.6333
vn 0.6100 0.5031 0.6123
vn 0.6286 0.5095 0.5876
vn 0.7611 -0.6225 0.1822
vn 0.7451 -0.6662 0.0322
vn 0.8202 0.3732 0.4337
vn 0.8400 0.3378 0.4245
vn 0.8399 0.3800 0.3875
vn 0.8333 0.3950 0.3867
vn 0.3264 0.4328 0.8404
vn 0.3278 0.4337 0.8393
vn 0.6316 0.3886 0.6709
vn 0.6318 0.3888 0.6706
vn 0.1276 0.5313 0.8375
vn 0.1349 0.5361 0.8333
vn 0.1307 0.4343 0.8912
vn 0.1188 0.4432 0.8885
vn 0.1461 0.5646 0.8124
vn 0.1329 0.5734 0.8085
vn 0.5477 0.1867 0.8156
vn 0.5696 0.2087 0.7950
vn -0.1876 -0.7354 0.6512
vn -0.1432 -0.7720 0.6193
vn -0.2221 -0.6435 0.7325
vn -0.1773 -0.7177 0.6734
vn -0.1249 -0.5269 0.8407
vn -0.1247 -0.5283 0.8399
vn 0.1990 -0.1960 0.9602
vn 0.1858 -0.2560 0.9487
vn 0.3379 -0.6460 0.6845
vn 0.2754 -0.2978 0.9141
vn 0.5490 0.0909 0.8309
vn 0.4611 -0.0999 0.8817
vn 0.6061 0.1353 0.7838
vn 0.5734 0.0894 0.8144
vn -0.6837 -0.6370 -0.3559
vn -0.6724 -0.6477 -0.3582
vn 0.5404 0.7840 0.3056
vn 0.5718 0.7825 0.2465
vn 0.8166 0.5689 0.0977
vn 0.6311 0.7633 0.1382
vn 0.1137 0.6835 0.7210
vn 0.2668 0.7811 0.5645
vn -0.0232 0.5726 0.8195
vn 0.1300 0.6827 0.7191
vn -0.3496 0.3597 0.8651
vn -0.1145 0.5658 0.8166
vn -0.6515 0.1251 0.7482
vn -0.5408 0.3098 0.7820
vn -0.8188 0.1160 0.5622
vn -0.8484 -0.0036 0.5293
vn 0.8224 -0.2284 -0.5210
vn 0.8652 -0.2232 -0.4491
vn -0.9742 -0.1110 0.1965
vn -0.9737 -0.1198 0.1940
vn 0.4646 -0.5497 -0.6942
vn 0.5505 -0.5574 -0.6214
vn 0.2518 0.7836 0.5680
vn 0.3294 0.8216 0.4653
vn 0.8977 0.4377 -0.0502
vn 0.9216 0.3831 -0.0628
vn -0.4261 -0.6916 -0.5832
vn -0.4423 -0.6960 -0.5656
vn -0.6072 0.6736 0.4213
vn -0.4489 0.8031 0.3919
vn -0.1767 0.9286 0.3262
vn -0.0910 0.9638 0.2505
vn -0.3590 0.8343 0.4183
vn -0.1930 0.9257 0.3253
vn -0.3615 -0.5673 -0.7399
vn -0.4557 -0.5946 -0.6624
vn -0.7119 -0.4156 -0.5660
vn -0.7445 -0.3702 -0.5555
vn -0.9895 0.1443 0.0121
vn -0.9877 0.1554 0.0162
vn -0.8532 -0.2671 -0.4479
vn -0.8609 -0.2666 -0.4334
vn -0.8985 0.3928 0.1961
vn -0.8474 0.4191 0.3260
vn -0.7800 0.5470 0.3038
vn -0.7329 0.5639 0.3806
vn 0.4786 0.8741 0.0832
vn 0.4423 0.8846 0.1480
vn 0.8296 0.5575 -0.0310
vn 0.7472 0.6644 -0.0132
vn 0.7822 -0.2531 -0.5694
vn 0.8270 -0.2458 -0.5055
vn 0.4397 -0.5379 -0.7193
vn 0.4627 -0.5393 -0.7036
vn 0.9000 0.4080 -0.1531
vn 0.8982 0.4254 -0.1105
vn 0.0325 0.9698 0.2419
vn 0.0573 0.9755 0.2125
vn 0.8310 0.5504 -0.0803
vn 0.8064 0.5863 -0.0778
vn -0.2580 0.9265 0.2738
vn -0.2062 0.9512 0.2296
vn -0.4884 0.8072 0.3315
vn -0.3831 0.8855 0.2631
vn 0.4686 0.8784 0.0938
vn 0.4773 0.8750 0.0810
vn 0.0055 0.9751 0.2218
vn 0.0176 0.9777 0.2091
vn -0.3573 -0.4564 -0.8149
vn -0.3803 -0.4663 -0.7987
vn -0.6089 -0.3254 -0.7234
vn -0.6814 -0.2047 -0.7027
vn -0.9328 0.3584 -0.0392
vn -0.9554 0.2885 -0.0635
vn -0.8253 -0.0400 -0.5633
vn -0.8638 -0.0291 -0.5030
vn 0.8075 -0.2022 -0.5542
vn 0.7651 -0.2083 -0.6093
vn 0.4663 -0.4424 -0.7661
vn 0.4154 -0.4412 -0.7955
vn 0.9076 0.3680 -0.2022
vn 0.9064 0.3982 -0.1410
vn -0.2907 -0.6152 -0.7329
vn -0.3409 -0.6358 -0.6925
vn -0.0453 0.9606 0.2741
vn 0.0058 0.9749 0.2225
vn -0.9681 0.2026 0.1475
vn -0.9829 0.1244 0.1361
vn -0.8896 -0.3375 -0.3079
vn -0.8931 -0.3361 -0.2990
vn -0.6182 -0.4908 -0.6140
vn -0.7616 -0.4829 -0.4321
vn -0.0467 0.9477 0.3158
vn -0.0360 0.9517 0.3049
vn -0.8998 0.2577 0.3520
vn -0.8891 0.2970 0.3482
vn -0.9598 0.0910 0.2654
vn -0.9600 0.0891 0.2655
vn -0.8767 -0.4376 -0.1999
vn -0.8996 -0.4193 -0.1218
vn -0.7992 -0.5073 -0.3225
vn -0.7337 -0.5980 -0.3227
vn -0.2199 -0.7136 -0.6651
vn -0.2765 -0.7369 -0.6169
vn -0.1828 -0.8874 -0.4232
vn -0.1844 -0.8878 -0.4216
vn -0.7411 -0.6528 -0.1567
vn -0.7500 -0.6423 -0.1579
vn -0.9459 -0.0038 0.3244
vn -0.9471 0.0475 0.3175
vn -0.8925 0.2276 0.3894
vn -0.9228 0.1991 0.3297
vn -0.8748 -0.4820 -0.0493
vn -0.8965 -0.4314 0.1006
vn -0.0315 0.9282 0.3708
vn -0.0521 0.9319 0.3590
vn -0.6743 -0.7375 0.0362
vn -0.6489 -0.7597 0.0429
vn -0.8551 -0.4808 0.1942
vn -0.8548 -0.4537 0.2520
vn -0.0154 -0.9982 -0.0578
vn -0.1121 -0.9925 0.0493
vn -0.9268 -0.1007 0.3619
vn -0.9372 -0.0224 0.3481
vn -0.9199 0.0749 0.3849
vn -0.9143 0.1689 0.3681
vn -0.0193 0.8746 0.4845
vn -0.0546 0.8842 0.4639
vn -0.5527 -0.7982 0.2394
vn -0.5637 -0.7915 0.2360
vn -0.8828 -0.2037 0.4234
vn -0.9009 -0.1386 0.4112
vn -0.8944 -0.0553 0.4439
vn -0.9040 0.0408 0.4255
vn 0.0088 0.7401 0.6724
vn -0.0605 0.7684 0.6371
vn 0.1164 -0.9854 0.1242
vn 0.0276 -0.9746 0.2221
vn -0.7850 -0.4994 0.3665
vn -0.7895 -0.5356 0.2996
vn 0.0632 0.3504 0.9345
vn 0.0992 0.3237 0.9410
vn -0.7998 -0.1921 0.5687
vn -0.8126 -0.1563 0.5614
vn -0.7610 -0.3522 0.5448
vn -0.7973 -0.2814 0.5340
vn -0.7043 -0.5816 0.4071
vn -0.6947 -0.5608 0.4504
vn -0.5435 -0.7862 0.2941
vn -0.5159 -0.8000 0.3064
vn 0.0772 -0.9340 0.3489
vn 0.1358 -0.9479 0.2882
vn -0.6765 0.6648 0.3169
vn -0.6119 0.7337 0.2954
vn -0.8108 0.5292 0.2502
vn -0.7724 0.5829 0.2523
vn -0.8300 0.5309 0.1712
vn -0.8929 0.4221 0.1567
vn -0.8945 0.3460 0.2832
vn -0.8421 0.4630 0.2767
vn -0.3063 0.8953 0.3236
vn -0.2565 0.9251 0.2800
vn -0.5545 0.7559 0.3481
vn -0.4922 0.8164 0.3020
vn -0.7224 0.6034 0.3376
vn -0.6766 0.6670 0.3119
vn -0.8235 0.4871 0.2910
vn -0.8134 0.5051 0.2887
vn -0.8554 0.3870 0.3441
vn -0.8156 0.4138 0.4045
vn -0.8718 0.3391 0.3535
vn -0.8511 0.3528 0.3889
vn -0.8722 0.2867 0.3962
vn -0.8639 0.2921 0.4104
vn -0.8748 0.2029 0.4401
vn -0.8494 0.2174 0.4808
vn -0.8459 0.0015 0.5333
vn -0.7891 0.0290 0.6136
vn -0.6867 0.1927 0.7009
vn -0.6506 0.3375 0.6803
vn -0.7758 0.3533 0.5228
vn -0.7602 0.4027 0.5098
vn -0.7932 0.4222 0.4388
vn -0.7952 0.4163 0.4409
vn -0.7696 0.5223 0.3673
vn -0.8018 0.4471 0.3965
vn -0.7643 0.5097 0.3951
vn -0.7198 0.5909 0.3644
vn -0.5201 0.2986 0.8002
vn -0.5196 0.3000 0.8000
vn -0.6334 0.4805 0.6066
vn -0.6235 0.5033 0.5983
vn -0.6593 0.5824 0.4756
vn -0.6741 0.5522 0.4906
vn -0.6291 0.6924 0.3533
vn -0.6799 0.6147 0.3998
vn -0.5554 0.7578 0.3423
vn -0.6201 0.6773 0.3958
vn -0.3729 0.8724 0.3159
vn -0.2951 0.8797 0.3727
vn -0.3954 0.8418 0.3675
vn -0.3546 0.8455 0.3993
vn -0.4287 0.7677 0.4762
vn -0.3499 0.7674 0.5373
vn -0.3981 0.6402 0.6570
vn -0.3633 0.6341 0.6826
vn -0.1744 0.3073 0.9355
vn -0.3071 0.3784 0.8732
vn 0.8924 0.2296 0.3886
vn 0.8600 0.2322 0.4543
vn 0.8614 0.3335 0.3830
vn 0.8752 0.2951 0.3833
vn 0.1830 0.5723 0.7994
vn 0.1825 0.5726 0.7993
vn 0.3993 0.5323 0.7465
vn 0.3957 0.5313 0.7491
vn 0.7430 0.4194 0.5216
vn 0.6993 0.4187 0.5793
vn 0.8451 0.3547 0.3999
vn 0.8547 0.3654 0.3687
vn 0.8523 0.3815 0.3578
vn 0.8708 0.4006 0.2852
vn 0.8937 0.3555 0.2737
vn 0.8677 0.4145 0.2742
vn 0.8660 0.2718 0.4197
vn 0.8928 0.2678 0.3622
vn 0.8802 0.2000 0.4304
vn 0.8494 0.2005 0.4882
vn 0.8543 0.1930 0.4826
vn 0.8633 0.1930 0.4664
vn 0.8998 0.2182 0.3779
vn 0.8930 0.1759 0.4143
vn 0.8656 0.2429 0.4380
vn 0.8720 0.1786 0.4558
vn 0.8923 0.2358 0.3849
vn 0.8942 0.1909 0.4050
vn 0.9434 0.3312 0.0145
vn 0.9425 0.3340 0.0120
vn 0.9743 0.2251 0.0059
vn 0.9791 0.1606 -0.1246
vn 0.8970 0.4288 0.1071
vn 0.9030 0.4262 0.0549
vn 0.8531 0.4589 0.2483
vn 0.8772 0.4625 0.1290
vn 0.8484 0.4060 0.3396
vn 0.8856 0.4135 0.2113
vn 0.8714 0.3318 0.3614
vn 0.8989 0.3349 0.2824
vn 0.9267 -0.0561 -0.3715
vn 0.9897 -0.1342 0.0495
vn 0.9054 -0.3253 -0.2726
vn 0.9429 -0.3220 -0.0845
vn 0.7969 -0.5993 -0.0757
vn 0.8060 -0.5483 0.2231
vn 0.3837 -0.7960 0.4681
vn 0.3575 -0.7364 0.5744
vn 0.4322 -0.7969 0.4221
vn 0.4007 -0.7695 0.4974
vn 0.8785 0.4713 0.0784
vn 0.8806 0.4722 0.0382
vn 0.9351 0.3531 -0.0294
vn 0.9271 0.3727 -0.0409
vn 0.9682 0.2338 -0.0889
vn 0.9682 0.2355 -0.0843
vn 0.9694 0.0674 -0.2359
vn 0.9996 0.0267 -0.0078
vn 0.9738 -0.1779 -0.1419
vn 0.9834 -0.1773 0.0398
vn 0.8931 -0.4472 -0.0497
vn 0.8798 -0.4287 0.2055
vn 0.8227 0.5442 0.1646
vn 0.8270 0.5464 0.1322
vn 0.8072 0.5397 0.2391
vn 0.8198 0.5476 0.1675
vn 0.8245 0.4719 0.3123
vn 0.8542 0.4843 0.1894
vn 0.7941 0.5074 0.3345
vn 0.7968 0.5100 0.3241
vn 0.7756 0.5782 0.2532
vn 0.8149 0.5136 0.2685
vn 0.8312 0.3597 0.4239
vn 0.8079 0.4191 0.4143
vn 0.7875 0.5186 0.3331
vn 0.7948 0.5235 0.3070
vn 0.7613 0.6138 0.2089
vn 0.8033 0.5509 0.2262
vn 0.8288 0.3183 0.4601
vn 0.8030 0.3873 0.4529
vn 0.4721 -0.7234 0.5038
vn 0.4647 -0.7217 0.5131
vn 0.9520 -0.2649 0.1532
vn 0.9413 -0.2664 0.2074
vn 0.9968 0.0100 -0.0796
vn 0.9939 0.0010 0.1106
vn 0.9709 0.2274 -0.0745
vn 0.9864 0.1523 -0.0625
vn -0.4931 -0.7596 0.4241
vn -0.6969 -0.6908 0.1926
vn -0.4313 -0.8819 0.1905
vn -0.4428 -0.8803 0.1702
vn -0.0054 -0.8082 0.5889
vn -0.1660 -0.8484 0.5026
vn 0.1075 -0.8712 0.4790
vn 0.0072 -0.9215 0.3884
vn 0.2717 -0.7426 0.6122
vn 0.2076 -0.7796 0.5909
vn 0.4464 -0.6484 0.6166
vn 0.2632 -0.8208 0.5070
vn 0.5787 -0.5652 0.5879
vn 0.4840 -0.6594 0.5753
vn 0.9597 0.0218 0.2801
vn 0.9484 -0.1583 0.2748
vn 0.9627 0.2468 0.1105
vn 0.9738 0.1972 0.1130
vn 0.9402 0.3403 0.0118
vn 0.9442 0.3292 0.0143
vn 0.6461 -0.4533 0.6141
vn 0.5791 -0.5564 0.5959
vn 0.9339 0.1339 0.3315
vn 0.9390 0.0829 0.3338
vn 0.8884 0.4516 0.0826
vn 0.8869 0.4502 0.1034
vn 0.8236 0.5457 0.1546
vn 0.8182 0.5542 0.1528
vn 0.9203 0.3388 0.1954
vn 0.9256 0.3424 0.1613
vn 0.8593 0.4492 0.2447
vn 0.8580 0.4487 0.2500
vn 0.8893 0.2388 0.3900
vn 0.8786 0.2341 0.4162
vn 0.9250 0.0754 0.3725
vn 0.8024 0.0268 0.5962
vn 0.8704 -0.1047 0.4811
vn 0.7265 -0.1362 0.6735
vn 0.7687 -0.2225 0.5996
vn 0.6758 -0.2781 0.6827
vn 0.7240 -0.3853 0.5721
vn 0.6386 -0.4254 0.6413
vn 0.5332 -0.6304 0.5642
vn 0.5351 -0.6292 0.5637
vn 0.5493 -0.6543 0.5198
vn 0.4570 -0.6888 0.5627
vn 0.4623 -0.7331 0.4988
vn 0.5365 -0.8024 0.2613
vn 0.7773 -0.6103 0.1528
vn 0.4847 -0.8612 0.1532
vn 0.3866 -0.7632 0.5178
vn 0.3609 -0.7807 0.5101
vn 0.1544 -0.8160 0.5570
vn 0.1287 -0.8052 0.5789
vn 0.2062 -0.9355 0.2869
vn 0.2120 -0.9340 0.2875
vn 0.1837 -0.9138 0.3624
vn 0.1320 -0.9197 0.3698
vn 0.5629 -0.7127 0.4186
vn 0.5440 -0.6320 0.5520
vn 0.1926 -0.9758 0.1036
vn 0.2029 -0.9350 0.2907
vn 0.8715 -0.0291 0.4895
vn 0.8142 -0.1892 0.5488
vn 0.8038 -0.3942 0.4455
vn 0.6868 -0.3193 0.6529
vn 0.1157 -0.0063 0.9933
vn 0.1224 -0.0007 0.9925
vn 0.3495 -0.0122 0.9369
vn 0.3617 -0.0012 0.9323
vn 0.6735 0.0417 0.7380
vn 0.6268 -0.0091 0.7792
vn 0.8013 0.1107 0.5880
vn 0.7767 0.0745 0.6255
vn 0.8470 0.1515 0.5096
vn 0.8260 0.1111 0.5526
vn 0.8527 0.1408 0.5031
vn 0.8581 0.1499 0.4910
vn -0.8250 -0.5190 -0.2238
vn -0.8022 -0.5523 -0.2269
vn -0.3658 -0.9301 0.0323
vn -0.2438 -0.9695 0.0259
vn -0.6292 -0.6666 -0.3997
vn -0.5669 -0.6646 -0.4868
vn -0.6473 -0.4578 -0.6095
vn -0.6672 -0.4560 -0.5890
vn -0.6278 -0.3135 -0.7125
vn -0.6367 -0.3139 -0.7043
vn -0.6652 -0.4597 -0.5884
vn -0.6344 -0.4578 -0.6229
vn -0.7092 -0.5883 -0.3885
vn -0.6533 -0.5927 -0.4712
vn -0.5973 -0.7649 -0.2412
vn -0.6426 -0.7495 -0.1589
vn -0.5057 -0.8616 -0.0433
vn -0.5150 -0.8568 -0.0259
vn -0.4180 -0.8876 0.1936
vn -0.4121 -0.8924 0.1837
vn -0.2217 -0.9493 0.2229
vn -0.3526 -0.8540 0.3827
vn -0.1651 -0.9843 -0.0626
vn -0.2519 -0.9654 -0.0673
vn -0.5143 -0.6841 -0.5172
vn -0.4765 -0.6784 -0.5593
vn -0.5566 -0.5114 -0.6548
vn -0.5597 -0.5118 -0.6518
vn -0.4878 -0.3786 -0.7866
vn -0.5646 -0.4001 -0.7219
vn -0.4131 -0.5526 -0.7239
vn -0.4784 -0.5709 -0.6672
vn -0.4507 -0.6929 -0.5627
vn -0.4001 -0.6805 -0.6139
vn -0.5190 -0.8268 -0.2169
vn -0.4123 -0.8352 -0.3639
vn -0.3572 -0.9305 -0.0809
vn -0.4457 -0.8940 0.0463
vn -0.2195 -0.9666 0.1322
vn -0.2887 -0.9317 0.2203
vn -0.1232 -0.9309 0.3437
vn -0.1655 -0.9067 0.3879
vn -0.0995 -0.9796 -0.1744
vn -0.3441 -0.9122 -0.2224
vn -0.9761 -0.0569 -0.2097
vn -0.9766 -0.0568 -0.2076
vn -0.9998 -0.0071 -0.0185
vn -0.9993 -0.0119 -0.0356
vn -0.9839 -0.0914 0.1536
vn -0.9893 -0.1127 0.0927
vn -0.9549 -0.1545 0.2536
vn -0.9575 -0.1600 0.2401
vn -0.9209 -0.2496 0.2994
vn -0.9093 -0.2266 0.3491
vn -0.8666 -0.3369 0.3681
vn -0.8588 -0.3235 0.3973
vn -0.7426 -0.4500 0.4961
vn -0.7356 -0.4433 0.5122
vn -0.9395 -0.3421 0.0180
vn -0.9454 -0.3117 -0.0948
vn 0.1553 -0.1921 0.9690
vn 0.1772 -0.1598 0.9711
vn -0.2242 -0.8069 0.5465
vn -0.1633 -0.7936 0.5862
vn 0.0276 -0.7931 0.6084
vn -0.0911 -0.8334 0.5452
vn 0.1876 -0.7900 0.5837
vn 0.1097 -0.7535 0.6483
vn -0.4979 -0.6712 0.5492
vn -0.5194 -0.6474 0.5577
vn -0.5327 -0.3260 0.7810
vn -0.5103 -0.3519 0.7847
vn -0.2770 -0.1302 0.9520
vn -0.3233 -0.2179 0.9209
vn -0.5201 -0.4676 0.7147
vn -0.5117 -0.4606 0.7253
vn -0.5057 -0.5498 0.6648
vn -0.5316 -0.5633 0.6325
vn -0.5148 -0.1355 0.8465
vn -0.5439 -0.1790 0.8199
vn -0.0068 -0.1702 0.9854
vn -0.0342 -0.2154 0.9759
vn -0.1729 -0.6071 0.7756
vn -0.2192 -0.6315 0.7438
vn 0.0838 -0.5895 0.8034
vn 0.0348 -0.6232 0.7813
vn 0.2297 -0.5764 0.7842
vn 0.2006 -0.5603 0.8037
vn -0.1556 -0.5024 0.8505
vn -0.1803 -0.5232 0.8329
vn 0.0806 -0.4996 0.8625
vn 0.0780 -0.5019 0.8614
vn 0.2275 -0.5211 0.8226
vn 0.1802 -0.4910 0.8523
vn 0.0585 -0.3759 0.9248
vn 0.0427 -0.3942 0.9181
vn -0.1980 -0.3911 0.8988
vn -0.1809 -0.3723 0.9103
vn 0.1701 -0.3727 0.9122
vn 0.1773 -0.3780 0.9087
vn 0.1116 0.2741 0.9552
vn 0.1228 0.2653 0.9563
vn 0.3387 0.2716 0.9008
vn 0.3364 0.2698 0.9023
vn 0.6493 0.2516 0.7177
vn 0.6538 0.2560 0.7121
vn 0.7993 0.2512 0.5459
vn 0.7883 0.2377 0.5676
vn 0.8364 0.2358 0.4948
vn 0.8389 0.2394 0.4888
vn 0.8538 0.2310 0.4665
vn 0.8517 0.2284 0.4716
vn 0.8361 0.2453 0.4906
vn 0.8476 0.2032 0.4901
vn 0.8588 0.1895 0.4761
vn 0.8051 0.1581 0.5717
vn 0.8339 0.1173 0.5394
vn 0.7875 0.0919 0.6095
vn 0.8629 -0.0248 0.5048
vn 0.8324 -0.0406 0.5527
vn 0.8502 -0.1604 0.5015
vn 0.8773 -0.1485 0.4565
vn 0.8764 -0.2887 0.3855
vn 0.8747 -0.2936 0.3856
vn 0.8772 -0.3886 0.2819
vn 0.7621 -0.5810 0.2857
vn 0.7460 -0.6263 0.2264
vn 0.6838 -0.6960 0.2189
vn 0.6830 -0.6975 0.2167
vn 0.5980 -0.7747 0.2056
vn 0.6007 -0.7711 0.2110
vn 0.6028 -0.6662 0.4391
vn 0.8885 -0.1244 -0.4418
vn 0.8499 -0.3340 -0.4076
vn 0.9756 0.1993 -0.0918
vn 0.9734 0.2284 -0.0199
vn 0.9127 0.4078 0.0257
vn 0.8727 0.4879 0.0171
vn 0.4781 0.8706 0.1160
vn 0.5458 0.8275 0.1316
vn 0.9953 0.0917 0.0312
vn 0.9947 0.0951 0.0399
vn 0.9534 0.2783 0.1165
vn 0.9280 0.3574 0.1051
vn 0.6614 0.7280 0.1802
vn 0.5898 0.7568 0.2817
vn 0.6585 -0.4566 -0.5983
vn 0.4800 -0.4811 -0.7335
vn 0.8163 -0.4791 -0.3228
vn 0.6832 -0.5391 -0.4926
vn 0.8637 -0.5020 -0.0452
vn 0.8132 -0.5632 -0.1463
vn 0.8184 -0.5740 -0.0277
vn 0.8502 -0.5252 0.0373
vn 0.9477 -0.2292 -0.2219
vn 0.9342 -0.2910 -0.2065
vn 0.9180 -0.3962 -0.0183
vn 0.9447 -0.3249 -0.0445
vn 0.9993 0.0266 0.0253
vn 0.9948 0.0524 0.0875
vn 0.9640 0.2394 0.1158
vn 0.9529 0.2823 0.1112
vn 0.7390 0.6294 0.2403
vn 0.6919 0.6491 0.3160
vn 0.9102 -0.4142 -0.0004
vn 0.9127 -0.4086 0.0098
vn 0.9979 -0.0527 0.0388
vn 0.9934 -0.0303 0.1109
vn 0.9825 0.1311 0.1321
vn 0.9642 0.2370 0.1185
vn 0.7539 0.6005 0.2668
vn 0.7452 0.6039 0.2829
vn 0.7836 -0.6207 0.0259
vn 0.8057 -0.5894 0.0587
vn 0.9023 -0.4270 0.0600
vn 0.8993 -0.4350 0.0458
vn 0.9848 -0.1494 0.0887
vn 0.9793 -0.1291 0.1560
vn 0.9858 0.0158 0.1672
vn 0.9820 0.1205 0.1456
vn 0.7596 0.5449 0.3551
vn 0.7626 0.5445 0.3494
vn 0.7263 -0.6812 0.0919
vn 0.7710 -0.6228 0.1328
vn 0.7345 0.4264 0.5279
vn 0.7666 0.4391 0.4685
vn 0.9534 -0.0551 0.2968
vn 0.9478 -0.0851 0.3073
vn 0.9438 -0.2370 0.2305
vn 0.9436 -0.2368 0.2313
vn 0.9307 -0.3451 0.1214
vn 0.8519 -0.4869 0.1931
vn 0.7390 -0.5137 0.4358
vn 0.7656 -0.5152 0.3852
vn 0.6902 -0.4149 0.5929
vn 0.7230 -0.4342 0.5373
vn 0.9435 0.1654 0.2871
vn 0.8916 0.2084 0.4020
vn 0.9258 0.3192 0.2026
vn 0.9061 0.3374 0.2552
vn 0.9085 0.3890 0.1527
vn 0.8849 0.4140 0.2134
vn 0.8852 0.4238 0.1920
vn 0.8898 0.4186 0.1815
vn 0.8823 0.4548 0.1215
vn 0.8619 0.4782 0.1685
vn 0.8109 0.5852 0.0001
vn 0.7706 0.6317 0.0846
vn 0.7086 0.7036 -0.0524
vn 0.6686 0.7429 0.0330
vn 0.6536 0.7568 0.0072
vn 0.6132 0.7821 0.1109
vn 0.6572 0.7318 0.1807
vn 0.6954 0.7149 0.0723
vn 0.8371 0.3180 0.4452
vn 0.8901 0.1928 0.4131
vn 0.8324 -0.0536 0.5516
vn 0.8296 -0.2871 0.4789
vn 0.7815 -0.3519 0.5152
vn 0.6795 -0.5958 0.4282
vn 0.4108 -0.7938 0.4485
vn 0.3792 -0.8215 0.4259
vn 0.1919 -0.8696 0.4550
vn 0.1818 -0.8648 0.4681
vn 0.7123 -0.2287 0.6635
vn 0.7296 -0.2450 0.6385
vn 0.7234 0.0100 0.6904
vn 0.7209 0.0060 0.6931
vn 0.6864 -0.5387 0.4885
vn 0.7551 -0.4608 0.4663
vn 0.9309 -0.3009 0.2070
vn 0.9039 -0.3594 0.2318
vn 0.9629 -0.2443 0.1145
vn 0.9642 -0.2400 0.1129
vn 0.9852 -0.1640 0.0502
vn 0.9744 -0.2148 0.0661
vn 0.9920 -0.1255 0.0148
vn 0.9894 -0.1437 0.0199
vn 0.9892 -0.1246 -0.0768
vn 0.9945 -0.0505 -0.0920
vn 0.9754 -0.0591 -0.2123
vn 0.9757 -0.0137 -0.2185
vn 0.9316 0.0755 -0.3556
vn 0.9325 0.0645 -0.3555
vn 0.9321 0.1497 -0.3299
vn 0.9399 0.0572 -0.3366
vn 0.9524 0.1696 -0.2534
vn 0.9612 0.0784 -0.2646
vn 0.9883 0.0235 -0.1505
vn 0.9881 0.0369 -0.1490
vn 0.9882 -0.0791 -0.1308
vn 0.9922 -0.0133 -0.1240
vn 0.9382 -0.3327 -0.0952
vn 0.9828 -0.1689 -0.0747
vn 0.4378 -0.8662 0.2409
vn 0.4131 -0.8822 0.2258
vn 0.1439 -0.9420 0.3032
vn 0.1328 -0.9466 0.2936
vn -0.9403 0.2111 -0.2672
vn -0.9489 0.0826 -0.3045
vn 0.8837 0.3719 0.2842
vn 0.8983 0.3762 0.2270
vn 0.8933 0.3581 0.2715
vn 0.9072 0.3209 0.2718
vn 0.8659 0.3708 0.3356
vn 0.8581 0.3878 0.3365
vn 0.6296 0.5023 0.5927
vn 0.6551 0.5069 0.5602
vn 0.3427 0.5770 0.7414
vn 0.3671 0.5595 0.7431
vn 0.1661 0.5779 0.7990
vn 0.1439 0.5914 0.7934
vn 0.9046 0.2905 0.3121
vn 0.8991 0.2903 0.3276
vn 0.8945 0.3066 0.3254
vn 0.9083 0.3056 0.2855
vn 0.8662 0.3684 0.3376
vn 0.8752 0.3468 0.3371
vn 0.6966 0.4765 0.5364
vn 0.6586 0.4740 0.5845
vn 0.3942 0.5577 0.7304
vn 0.3680 0.5502 0.7496
vn 0.1825 0.5735 0.7986
vn 0.1659 0.5834 0.7951
vn 0.5444 0.1051 0.8322
vn 0.6338 -0.0669 0.7706
vn 0.6257 0.2729 0.7308
vn 0.6578 0.2307 0.7170
vn 0.4395 0.8210 0.3645
vn 0.4679 0.8052 0.3643
vn 0.3152 0.9360 0.1566
vn 0.3165 0.9356 0.1567
vn 0.2785 0.9469 0.1608
vn 0.3229 0.9311 0.1700
vn 0.3272 0.9307 0.1638
vn 0.2725 0.9508 0.1473
vn 0.4263 0.8651 0.2644
vn 0.3527 0.9053 0.2367
vn 0.5174 0.7860 0.3384
vn 0.4357 0.8464 0.3062
vn 0.5672 0.7372 0.3672
vn 0.5198 0.7791 0.3504
vn 0.5832 0.6716 0.4570
vn 0.5942 0.6601 0.4596
vn 0.5077 0.5230 0.6846
vn 0.6246 0.3822 0.6810
vn 0.5511 -0.0624 0.8321
vn 0.4986 0.0001 0.8668
vn 0.4920 -0.3130 0.8124
vn 0.4870 -0.3087 0.8170
vn 0.4735 -0.4642 0.7485
vn 0.5068 -0.4832 0.7139
vn 0.4922 -0.5914 0.6388
vn 0.6079 -0.4703 0.6398
vn 0.5992 -0.5993 0.5309
vn 0.5264 -0.6747 0.5173
vn 0.5050 -0.8376 0.2084
vn 0.4947 -0.8451 0.2026
vn 0.4955 -0.8642 0.0874
vn 0.5794 -0.8006 0.1527
vn 0.5931 -0.8049 0.0202
vn 0.5965 -0.8023 0.0236
vn 0.6118 -0.7696 -0.1828
vn 0.4524 -0.8300 -0.3261
vn 0.4315 -0.7234 -0.5389
vn 0.2291 -0.7203 -0.6548
vn 0.2087 -0.6171 -0.7587
vn 0.1857 -0.6137 -0.7674
vn 0.1686 -0.5349 -0.8279
vn 0.0164 -0.5039 -0.8636
vn 0.0727 -0.6655 -0.7428
vn -0.0344 -0.6399 -0.7677
vn 0.0059 -0.7245 -0.6893
vn -0.0114 -0.7350 -0.6780
vn 0.0194 -0.7884 -0.6149
vn 0.1492 -0.6808 -0.7171
vn 0.2389 -0.8920 -0.3838
vn 0.3214 -0.8050 -0.4986
vn 0.5150 -0.8469 0.1328
vn 0.5512 -0.8229 0.1380
vn 0.6664 -0.5729 0.4772
vn 0.6661 -0.5732 0.4773
vn 0.7148 -0.3029 0.6303
vn 0.7260 -0.2902 0.6235
vn 0.7516 0.0468 0.6580
vn 0.7262 0.0710 0.6838
vn 0.7373 0.2429 0.6304
vn 0.7336 0.2468 0.6331
vn 0.7197 0.3702 0.5873
vn 0.7219 0.3722 0.5833
vn 0.7122 0.4361 0.5501
vn 0.7197 0.4406 0.5365
vn 0.7154 0.4674 0.5194
vn 0.7273 0.4716 0.4987
vn 0.7252 0.4851 0.4886
vn 0.7538 0.4457 0.4829
vn 0.7822 0.4117 0.4676
vn 0.7524 0.4584 0.4730
vn 0.8142 0.3549 0.4596
vn 0.7820 0.4146 0.4653
vn 0.5971 0.0848 0.7976
vn 0.5469 0.1554 0.8227
vn 0.5335 0.2706 0.8014
vn 0.5927 0.2038 0.7792
vn 0.3146 0.8405 0.4412
vn 0.3722 0.8116 0.4503
vn 0.2008 0.9596 0.1971
vn 0.1794 0.9652 0.1903
vn 0.2102 0.9590 0.1903
vn 0.1942 0.9635 0.1842
vn 0.1456 0.9747 0.1698
vn 0.2134 0.9568 0.1976
vn 0.1731 0.9463 0.2732
vn 0.1823 0.9433 0.2773
vn 0.2553 0.8994 0.3548
vn 0.1888 0.9264 0.3257
vn 0.3050 0.8524 0.4246
vn 0.2714 0.8707 0.4102
vn 0.3609 0.7455 0.5604
vn 0.3406 0.7597 0.5539
vn 0.3348 0.4333 0.8367
vn 0.4444 0.3224 0.8358
vn 0.3320 -0.0816 0.9397
vn 0.3842 -0.1438 0.9120
vn 0.3335 -0.3437 0.8779
vn 0.3288 -0.3497 0.8772
vn 0.3406 -0.4867 0.8044
vn 0.3188 -0.5083 0.8000
vn 0.3196 -0.5591 0.7650
vn 0.3457 -0.5353 0.7707
vn 0.3364 -0.7392 0.5835
vn 0.3689 -0.7144 0.5946
vn 0.3413 -0.9083 0.2419
vn 0.3393 -0.9093 0.2409
vn 0.3371 -0.9216 0.1923
vn 0.3008 -0.9383 0.1704
vn 0.2975 -0.9539 0.0402
vn 0.2425 -0.9702 0.0022
vn 0.2217 -0.9209 -0.3205
vn -0.0181 -0.8901 -0.4554
vn -0.0331 -0.7770 -0.6286
vn -0.1100 -0.7473 -0.6553
vn -0.1244 -0.6661 -0.7354
vn -0.1623 -0.6494 -0.7429
vn -0.1810 -0.5230 -0.8329
vn -0.2710 -0.4769 -0.8361
vn -0.2440 -0.6429 -0.7261
vn -0.2780 -0.6261 -0.7285
vn -0.2523 -0.7430 -0.6199
vn -0.2966 -0.7214 -0.6258
vn 0.1769 -0.9131 -0.3673
vn 0.0560 -0.9952 -0.0804
vn 0.4307 -0.8770 0.2130
vn 0.5699 -0.7867 0.2375
vn 0.7010 -0.5579 0.4443
vn 0.6757 -0.5428 0.4989
vn 0.7544 -0.2826 0.5925
vn 0.7726 -0.2593 0.5795
vn 0.7859 0.3520 0.5085
vn 0.7940 0.3603 0.4896
vn 0.7872 0.4045 0.4655
vn 0.7939 0.4086 0.4502
vn 0.8011 0.4225 0.4239
vn 0.7885 0.4425 0.4272
vn 0.8175 0.4100 0.4046
vn 0.7981 0.4434 0.4080
vn 0.8186 0.3977 0.4143
vn 0.8350 0.3967 0.3814
vn 0.8436 0.3492 0.4079
vn 0.8366 0.3649 0.4086
vn 0.6057 0.4741 0.6391
vn 0.5704 0.4692 0.6741
vn 0.5675 0.5203 0.6381
vn 0.5305 0.5139 0.6741
vn 0.4954 0.5559 0.6675
vn 0.5293 0.5267 0.6652
vn 0.4814 0.5337 0.6953
vn 0.4976 0.5400 0.6788
vn 0.4794 0.5002 0.7211
vn 0.4855 0.5037 0.7145
vn 0.4993 0.4160 0.7600
vn 0.4911 0.4101 0.7685
vn 0.5162 0.2637 0.8149
vn 0.5175 0.2648 0.8137
vn 0.5344 -0.0140 0.8451
vn 0.5450 -0.0036 0.8384
vn 0.5413 -0.3260 0.7751
vn 0.5314 -0.3353 0.7779
vn 0.5455 -0.5494 0.6329
vn 0.5003 -0.5887 0.6349
vn 0.5979 -0.6974 0.3952
vn 0.4693 -0.7971 0.3800
vn 0.6976 -0.6867 0.2045
vn 0.5076 -0.8446 0.1704
vn 0.6388 -0.7678 0.0502
vn 0.7278 -0.6817 0.0746
vn 0.7260 -0.6801 0.1020
vn 0.7389 -0.6653 0.1070
vn 0.6789 -0.6968 0.2313
vn 0.7280 -0.6770 0.1085
vn 0.6892 -0.6661 0.2852
vn 0.6065 -0.7587 0.2377
vn 0.6396 -0.6240 0.4489
vn 0.5543 -0.7326 0.3950
vn 0.4737 -0.3789 0.7950
vn 0.5641 -0.4482 0.6935
vn -0.5641 -0.4482 0.6935
vn -0.4737 -0.3789 0.7950
vn -0.5663 -0.6687 0.4818
vn -0.6301 -0.6884 0.3592
vn -0.6230 -0.7157 0.3158
vn -0.6732 -0.7103 0.2057
vn -0.7280 -0.6770 0.1085
vn -0.6789 -0.6968 0.2313
vn -0.7389 -0.6653 0.1070
vn -0.7260 -0.6801 0.1020
vn -0.6995 -0.7146 0.0023
vn -0.6647 -0.7387 0.1116
vn -0.5076 -0.8446 0.1704
vn -0.6976 -0.6867 0.2045
vn -0.4693 -0.7971 0.3800
vn -0.5979 -0.6974 0.3952
vn -0.5003 -0.5887 0.6349
vn -0.5455 -0.5494 0.6329
vn -0.5413 -0.3260 0.7751
vn -0.5314 -0.3353 0.7779
vn -0.5457 -0.0134 0.8378
vn -0.5345 -0.0041 0.8451
vn -0.5177 0.2636 0.8140
vn -0.5161 0.2649 0.8145
vn -0.4911 0.4101 0.7685
vn -0.4993 0.4160 0.7600
vn -0.4855 0.5037 0.7145
vn -0.4794 0.5002 0.7211
vn -0.4976 0.5400 0.6788
vn -0.4814 0.5337 0.6953
vn -0.5293 0.5267 0.6652
vn -0.4954 0.5559 0.6675
vn -0.5281 0.5377 0.6572
vn -0.5690 0.4989 0.6537
vn -0.5694 0.4919 0.6586
vn -0.6061 0.4521 0.6545
vn -0.1839 -0.7484 0.6373
vn -0.1213 -0.7581 0.6408
vn -0.0364 -0.8513 0.5234
vn -0.0398 -0.8620 0.5054
vn 0.0215 -0.6104 0.7918
vn 0.0228 -0.5762 0.8170
vn 0.1844 -0.7142 0.6752
vn 0.1156 -0.7173 0.6871
vn 0.0347 -0.8250 0.5640
vn 0.0416 -0.7912 0.6101
vn -0.0878 -0.7082 0.7006
vn -0.0872 -0.6657 0.7411
vn 0.0733 -0.9245 0.3740
vn 0.0509 -0.9622 0.2676
vn -0.1937 -0.7858 0.5873
vn -0.1827 -0.7878 0.5882
vn -0.0765 -0.8740 0.4799
vn -0.0821 -0.8733 0.4803
vn -0.0929 -0.8866 0.4530
vn -0.1230 -0.8841 0.4507
vn -0.2082 -0.7979 0.5658
vn -0.2285 -0.7951 0.5618
vn -0.3563 -0.5789 0.7335
vn -0.3245 -0.5873 0.7414
vn 0.2939 -0.8106 0.5065
vn 0.2323 -0.8184 0.5255
vn 0.1460 -0.8994 0.4121
vn 0.1507 -0.8840 0.4424
vn -0.1363 -0.4591 0.8779
vn -0.1379 -0.4435 0.8856
vn -0.2621 -0.5329 0.8046
vn -0.2636 -0.5229 0.8106
vn 0.1884 -0.9809 0.0477
vn 0.1678 -0.9785 -0.1197
vn 0.0914 -0.9747 0.2041
vn -0.0172 -0.9730 0.2301
vn 0.1458 -0.9864 0.0763
vn -0.1150 -0.9899 0.0831
vn -0.1183 -0.7260 0.6774
vn 0.0491 -0.6541 0.7548
vn 0.2698 -0.8956 0.3537
vn -0.6198 -0.7585 -0.2014
vn -0.3846 -0.6175 0.6862
vn -0.3542 -0.6261 0.6947
vn -0.3929 -0.6505 0.6499
vn -0.3608 -0.6570 0.6619
vn -0.5341 -0.3890 0.7506
vn -0.5113 -0.3963 0.7625
vn 0.1068 -0.5343 0.8385
vn 0.0978 -0.5339 0.8399
vn 0.2491 -0.6358 0.7306
vn 0.4405 -0.8673 0.2319
vn 0.3654 -0.8903 0.2718
vn 0.3073 -0.9457 0.1055
vn 0.3144 -0.9336 0.1722
vn -0.3521 -0.2630 0.8983
vn -0.3493 -0.2841 0.8929
vn -0.4641 -0.3428 0.8168
vn -0.4661 -0.3306 0.8206
vn 0.2612 -0.9088 -0.3253
vn 0.2554 -0.8903 -0.3771
vn 0.1412 -0.9694 -0.2009
vn 0.0630 -0.9854 -0.1581
vn 0.1438 -0.9398 -0.3101
vn -0.0367 -0.9639 -0.2638
vn -0.5973 -0.6727 -0.4367
vn -0.6608 -0.6105 -0.4366
vn 0.0503 0.9603 0.2744
vn -0.0597 0.9891 -0.1347
vn 0.5243 0.7584 0.3873
vn 0.2420 0.2425 0.9395
vn -0.2602 -0.5152 0.8166
vn -0.2786 -0.5266 0.8032
vn -0.5540 -0.4301 0.7128
vn -0.5262 -0.4387 0.7285
vn -0.5543 -0.4678 0.6884
vn -0.4559 -0.4867 0.7451
vn -0.7175 -0.1457 0.6812
vn -0.6644 -0.1603 0.7299
vn 0.0957 -0.5367 0.8383
vn 0.0988 -0.5367 0.8379
vn 0.2465 -0.6535 0.7157
vn 0.2379 -0.6539 0.7182
vn 0.2314 -0.6466 0.7269
vn 0.2620 -0.6449 0.7180
vn 0.0948 -0.5389 0.8370
vn 0.0983 -0.5390 0.8366
vn 0.3829 -0.7057 0.5961
vn 0.3798 -0.7239 0.5760
vn -0.0739 -0.3935 0.9163
vn -0.0488 -0.3972 0.9164
vn 0.4904 -0.8681 -0.0767
vn 0.4992 -0.8664 0.0091
vn 0.3790 -0.8829 -0.2772
vn 0.4038 -0.9075 -0.1159
vn -0.6219 0.0048 0.7831
vn -0.6219 0.0102 0.7831
vn -0.6700 -0.1001 0.7356
vn -0.6719 -0.0341 0.7398
vn 0.2977 -0.8158 -0.4958
vn 0.2932 -0.8049 -0.5159
vn 0.3026 -0.7775 -0.5513
vn 0.2862 -0.7559 -0.5888
vn 0.1395 -0.8703 -0.4723
vn 0.1577 -0.8982 -0.4102
vn 0.0714 -0.8712 -0.4857
vn 0.0701 -0.8717 -0.4851
vn -0.6662 -0.4979 -0.5552
vn -0.6841 -0.4853 -0.5445
vn -0.6644 0.7000 -0.2619
vn -0.6765 0.6657 -0.3149
vn 0.3329 0.6935 0.6390
vn -0.2336 0.9431 0.2367
vn 0.2577 0.5671 0.7823
vn 0.0466 0.7834 0.6198
vn 0.0284 0.3133 0.9492
vn -0.1266 0.1414 0.9818
vn -0.3799 -0.4693 0.7972
vn -0.3790 -0.4687 0.7979
vn -0.7131 -0.2171 0.6666
vn -0.6537 -0.2303 0.7209
vn -0.6695 -0.2538 0.6981
vn -0.6122 -0.2590 0.7471
vn 0.3620 -0.7381 0.5693
vn 0.3805 -0.7352 0.5610
vn 0.3775 -0.7095 0.5951
vn 0.4183 -0.7014 0.5771
vn -0.0529 -0.4021 0.9140
vn -0.0829 -0.3975 0.9139
vn -0.0692 -0.3910 0.9178
vn -0.0691 -0.3910 0.9178
vn 0.5245 -0.7636 0.3765
vn 0.5195 -0.7851 0.3373
vn -0.2084 -0.2624 0.9422
vn -0.2822 -0.2461 0.9273
vn 0.5203 -0.7813 -0.3449
vn 0.5430 -0.7977 -0.2623
vn 0.3717 -0.7576 -0.5366
vn 0.3881 -0.7724 -0.5029
vn 0.3826 -0.7959 -0.4692
vn 0.4069 -0.8274 -0.3872
vn 0.2895 -0.7248 -0.6252
vn 0.3268 -0.7605 -0.5612
vn 0.1763 -0.8178 -0.5478
vn 0.1578 -0.8320 -0.5318
vn 0.2155 -0.8027 -0.5560
vn 0.1910 -0.7717 -0.6067
vn 0.1246 -0.8413 -0.5260
vn 0.2174 -0.8026 -0.5554
vn 0.1000 -0.8314 -0.5466
vn 0.1175 -0.8516 -0.5109
vn -0.6861 -0.5145 -0.5143
vn -0.6459 -0.5748 -0.5023
vn -0.9407 0.2407 -0.2391
vn -0.9216 0.1949 -0.3356
vn -0.0378 0.9567 0.2887
vn -0.6407 0.7610 -0.1016
vn -0.3859 0.8641 0.3232
vn -0.0740 0.8576 0.5089
vn -0.2282 0.8440 0.4854
vn 0.0618 0.7458 0.6633
vn -0.0453 0.5023 0.8635
vn -0.1611 0.6324 0.7577
vn -0.2699 0.1650 0.9487
vn -0.4168 -0.0318 0.9084
vn -0.7544 0.0510 0.6545
vn -0.8047 0.0534 0.5912
vn 0.0869 -0.5591 0.8245
vn 0.0610 -0.5573 0.8280
vn 0.1989 -0.6706 0.7146
vn 0.2355 -0.6690 0.7050
vn 0.4816 -0.7902 0.3790
vn 0.5003 -0.7838 0.3681
vn 0.5491 -0.7427 0.3832
vn 0.5391 -0.7468 0.3895
vn -0.1923 -0.2768 0.9415
vn -0.1842 -0.2792 0.9424
vn -0.1868 -0.2804 0.9415
vn -0.2243 -0.2708 0.9361
vn 0.6260 -0.7750 0.0869
vn 0.6221 -0.7803 0.0638
vn -0.5116 0.0038 0.8592
vn -0.5928 0.0300 0.8048
vn 0.4963 -0.6357 -0.5912
vn 0.5233 -0.6521 -0.5486
vn 0.3876 -0.6933 -0.6076
vn 0.3805 -0.6867 -0.6194
vn -0.7185 0.2137 0.6619
vn -0.7537 0.2197 0.6195
vn -0.7252 0.1423 0.6737
vn -0.7859 0.1489 0.6002
vn 0.2946 -0.7693 -0.5668
vn 0.2043 -0.8336 -0.5132
vn 0.1975 -0.8345 -0.5145
vn 0.2042 -0.8374 -0.5070
vn -0.6448 -0.5184 -0.5617
vn -0.3037 -0.8420 -0.4458
vn -0.2880 -0.8067 -0.5160
vn -0.4043 -0.7257 -0.5567
vn -0.9524 0.0672 -0.2973
vn -0.9396 -0.1426 -0.3112
vn -0.9144 0.3655 -0.1740
vn -0.8980 0.4105 -0.1581
vn -0.3678 0.8703 0.3276
vn -0.3664 0.8705 0.3285
vn -0.2282 0.8417 0.4894
vn -0.3845 0.6978 0.6043
vn -0.3694 0.7922 0.4857
vn -0.3280 0.8552 0.4013
vn -0.3635 0.7436 0.5612
vn -0.5884 0.6578 0.4702
vn -0.5138 0.5932 0.6198
vn -0.6527 0.5364 0.5350
vn -0.3684 0.6937 0.6190
vn -0.1636 0.5644 0.8091
vn -0.3383 0.4380 0.8329
vn -0.3809 0.4989 0.7785
vn -0.7367 -0.0145 0.6761
vn -0.8041 -0.0164 0.5942
vn -0.6859 -0.0464 0.7262
vn -0.7658 -0.0580 0.6404
vn 0.0704 -0.5927 0.8023
vn 0.0354 -0.6316 0.7745
vn 0.2120 -0.6895 0.6926
vn 0.1576 -0.7396 0.6543
vn 0.3372 -0.7514 0.5671
vn 0.3102 -0.7548 0.5780
vn -0.0307 -0.4343 0.9002
vn -0.0648 -0.4252 0.9028
vn 0.5741 -0.8132 0.0950
vn 0.5804 -0.8066 0.1116
vn 0.6474 -0.7560 0.0962
vn 0.6302 -0.7681 0.1138
vn -0.3928 0.0057 0.9196
vn -0.4129 0.0146 0.9107
vn -0.4494 -0.0017 0.8933
vn -0.4913 0.0146 0.8709
vn 0.6720 -0.7166 -0.1867
vn 0.6638 -0.7175 -0.2111
vn -0.4112 -0.7575 -0.5071
vn -0.2494 -0.8532 -0.4580
vn -0.8805 -0.3091 -0.3593
vn -0.8290 -0.4301 -0.3574
vn -0.9407 -0.1680 -0.2947
vn -0.8708 -0.4057 -0.2777
vn -0.9623 0.2439 -0.1200
vn -0.8662 0.4913 -0.0912
vn -0.8722 0.4892 0.0075
vn -0.7588 0.6314 0.1599
vn -0.2731 0.8717 0.4070
vn -0.2752 0.8675 0.4143
vn -0.3283 0.8226 0.4643
vn -0.4383 0.7851 0.4376
vn -0.3665 0.7054 0.6067
vn -0.5231 0.5053 0.6864
vn -0.6263 0.4425 0.6419
vn -0.7028 0.4224 0.5724
vn -0.4295 0.5129 0.7433
vn -0.3894 0.4602 0.7978
vn 0.2927 -0.7973 0.5279
vn 0.3405 -0.7563 0.5586
vn -0.0390 -0.4595 0.8873
vn -0.0504 -0.4747 0.8787
vn 0.4267 -0.8403 0.3344
vn 0.4456 -0.8343 0.3246
vn -0.1573 -0.2590 0.9530
vn -0.1699 -0.2532 0.9524
vn 0.5962 -0.7831 -0.1770
vn 0.6014 -0.7775 -0.1836
vn 0.6691 -0.7271 -0.1537
vn 0.6502 -0.7341 -0.1956
vn 0.6246 -0.6339 -0.4560
vn 0.5704 -0.6231 -0.5352
vn -0.7067 0.2904 0.6452
vn -0.7183 0.2491 0.6496
vn -0.8109 -0.4970 -0.3088
vn -0.5867 -0.7573 -0.2867
vn -0.9631 0.2677 0.0262
vn -0.9639 0.2648 0.0263
vn -0.9475 0.3181 -0.0318
vn -0.8915 0.4517 -0.0350
vn -0.8139 0.5806 0.0203
vn -0.7038 0.7012 0.1143
vn -0.7119 0.6270 0.3165
vn -0.7111 0.6344 0.3032
vn -0.6103 0.6505 0.4520
vn -0.6112 0.6499 0.4517
vn -0.4155 0.5641 0.7136
vn -0.5053 0.4395 0.7426
vn -0.6168 0.3344 0.7126
vn -0.7141 0.3491 0.6067
vn -0.0795 -0.6830 0.7261
vn -0.0962 -0.6934 0.7141
vn -0.0777 -0.8189 0.5687
vn -0.0101 -0.8439 0.5363
vn 0.4115 -0.8553 0.3148
vn 0.4344 -0.8378 0.3307
vn -0.1158 -0.2615 0.9582
vn -0.1304 -0.2839 0.9499
vn 0.5290 -0.8485 0.0098
vn 0.5843 -0.8063 0.0915
vn -0.2660 -0.0370 0.9633
vn -0.3119 -0.0101 0.9501
vn 0.5583 -0.7078 -0.4327
vn 0.5474 -0.7087 -0.4450
vn 0.5848 -0.6839 -0.4363
vn 0.5534 -0.6836 -0.4759
vn -0.5889 0.3428 0.7319
vn -0.5679 0.3349 0.7519
vn -0.6648 0.3188 0.6756
vn -0.6444 0.3120 0.6982
vn -0.9882 0.1433 0.0534
vn -0.2833 -0.9590 -0.0114
vn -0.8715 0.4839 0.0794
vn -0.9124 0.4037 0.0679
vn -0.7091 0.7013 0.0731
vn -0.8407 0.5414 0.0128
vn -0.8844 0.4641 0.0501
vn -0.5370 0.7545 0.3773
vn -0.5090 0.7415 0.4372
vn -0.4066 0.7976 0.4455
vn -0.6882 0.4618 0.5596
vn -0.6368 0.4923 0.5934
vn -0.6640 0.5437 0.5133
vn -0.4990 0.6372 0.5874
vn -0.6096 0.5282 0.5911
vn -0.6606 0.4936 0.5656
vn -0.6841 0.4491 0.5747
vn -0.7033 0.4149 0.5772
vn -0.0624 -0.6944 0.7169
vn -0.0673 -0.6974 0.7135
vn -0.0628 -0.8526 0.5188
vn -0.0376 -0.8440 0.5350
vn -0.0139 -0.9119 0.4102
vn 0.0535 -0.9255 0.3750
vn -0.1025 -0.4910 0.8651
vn -0.1201 -0.5067 0.8537
vn 0.4567 -0.8892 -0.0254
vn 0.4688 -0.8832 -0.0151
vn -0.1872 -0.0438 0.9813
vn -0.1974 -0.0607 0.9784
vn 0.5944 -0.7887 -0.1570
vn 0.5679 -0.8012 -0.1887
vn -0.4971 0.8619 0.1005
vn 0.2017 -0.9762 -0.0796
vn -0.6116 0.7575 0.2285
vn 0.2240 0.8130 0.5375
vn -0.3060 0.9098 0.2805
vn 0.9593 -0.2820 -0.0166
vn -0.0583 0.9333 0.3544
vn -0.1563 0.9177 0.3654
vn -0.3980 0.8033 0.4431
vn -0.3402 0.8268 0.4478
vn -0.6150 0.6537 0.4409
vn -0.3516 0.7824 0.5141
vn -0.4832 0.6598 0.5755
vn -0.6475 0.5581 0.5189
vn -0.6272 0.4820 0.6118
vn -0.6650 0.4548 0.5925
vn -0.6963 0.4001 0.5958
vn -0.7324 0.3183 0.6019
vn -0.7810 0.3213 0.5356
vn -0.7074 0.3609 0.6077
vn -0.7807 0.3164 0.5389
vn -0.8404 0.1599 0.5179
vn -0.0553 -0.9281 0.3683
vn 0.0262 -0.9490 0.3142
vn -0.0700 -0.5075 0.8588
vn -0.0685 -0.5062 0.8597
vn 0.0453 -0.9750 0.2176
vn 0.0873 -0.9781 0.1890
vn -0.1268 -0.3256 0.9370
vn -0.1236 -0.3220 0.9386
vn 0.4422 -0.8753 -0.1957
vn 0.4437 -0.8748 -0.1946
vn 0.4753 -0.7848 -0.3978
vn 0.4335 -0.7916 -0.4306
vn -0.4699 0.3291 0.8191
vn -0.4068 0.2932 0.8652
vn 0.0516 0.9842 0.1694
vn 0.7329 0.6753 0.0824
vn 0.1179 0.9650 0.2343
vn 0.0870 0.9665 0.2414
vn -0.4812 0.7339 0.4794
vn -0.6220 0.6469 0.4412
vn -0.4403 0.7368 0.5131
vn -0.4942 0.7091 0.5029
vn -0.5712 0.5576 0.6024
vn -0.6158 0.5271 0.5856
vn -0.5964 0.4290 0.6784
vn -0.6728 0.3758 0.6373
vn -0.7111 0.2865 0.6420
vn -0.7484 0.1598 0.6437
vn -0.8383 0.1489 0.5245
vn -0.8638 0.0363 0.5026
vn -0.8280 0.1962 0.5253
vn -0.7211 0.2192 0.6572
vn -0.8274 0.1820 0.5313
vn -0.8836 -0.0980 0.4580
vn 0.0022 -0.9901 0.1406
vn 0.0681 -0.9797 0.1884
vn -0.0703 -0.3219 0.9442
vn -0.0662 -0.3173 0.9460
vn 0.1174 -0.9924 -0.0371
vn 0.0666 -0.9949 -0.0754
vn -0.1279 -0.0890 0.9878
vn -0.1196 -0.0784 0.9897
vn 0.3766 -0.8293 -0.4129
vn 0.3839 -0.8285 -0.4076
vn -0.2716 0.2338 0.9336
vn -0.2488 0.2678 0.9308
vn -0.4912 0.7432 0.4543
vn -0.3789 0.8029 0.4602
vn -0.4302 0.7555 0.4942
vn -0.5234 0.7021 0.4828
vn -0.4033 0.7135 0.5729
vn -0.5730 0.6170 0.5394
vn -0.5539 0.5234 0.6475
vn -0.5933 0.4958 0.6342
vn -0.5655 0.3318 0.7550
vn -0.6496 0.2778 0.7077
vn -0.7067 0.1204 0.6972
vn -0.7156 0.0041 0.6985
vn -0.8429 -0.0159 0.5379
vn -0.8516 -0.1266 0.5087
vn -0.8977 -0.0461 0.4382
vn -0.8999 -0.2337 0.3682
vn -0.7902 0.1268 0.5996
vn -0.6893 0.1125 0.7157
vn -0.7854 0.0912 0.6122
vn -0.8226 -0.1087 0.5582
vn 0.0701 -0.9947 -0.0754
vn 0.0511 -0.9946 -0.0908
vn -0.0692 -0.0778 0.9946
vn -0.0454 -0.0466 0.9979
vn 0.1171 -0.9692 -0.2168
vn 0.1037 -0.9682 -0.2276
vn 0.2831 0.9062 0.3140
vn -0.3918 0.8168 0.4235
vn -0.0486 0.8949 0.4435
vn 0.0582 0.9040 0.4236
vn -0.1768 0.8991 0.4004
vn 0.0375 0.9397 0.3400
vn -0.0592 0.9737 0.2201
vn 0.2352 0.9651 0.1153
vn -0.4740 0.7097 0.5212
vn -0.3946 0.7484 0.5331
vn -0.4807 0.6221 0.6180
vn -0.5433 0.5821 0.6050
vn -0.4955 0.4872 0.7191
vn -0.5471 0.4542 0.7031
vn -0.5457 0.2347 0.8045
vn -0.5990 0.2040 0.7744
vn -0.6428 -0.0524 0.7642
vn -0.7116 -0.0891 0.6969
vn -0.8077 -0.1988 0.5550
vn -0.7973 -0.2914 0.5286
vn -0.8906 -0.2548 0.3766
vn -0.8523 -0.4388 0.2847
vn -0.8366 -0.0660 0.5438
vn -0.8443 -0.2473 0.4753
vn 0.1129 -0.9030 -0.4146
vn 0.1202 -0.9053 -0.4074
vn 0.2328 0.9305 0.2829
vn 0.2687 0.9246 0.2701
vn 0.1439 0.9538 0.2639
vn 0.2942 0.9349 0.1985
vn -0.1345 0.9513 0.2773
vn 0.3215 0.9457 0.0486
vn 0.3063 0.9405 0.1474
vn -0.1529 0.9431 0.2953
vn -0.3689 0.7491 0.5503
vn -0.2570 0.7905 0.5560
vn -0.4431 0.5826 0.6813
vn -0.3314 0.6415 0.6918
vn -0.4456 0.4405 0.7793
vn -0.4235 0.4525 0.7848
vn -0.7120 -0.3810 0.5898
vn -0.7596 -0.3926 0.5185
vn -0.8284 -0.4742 0.2981
vn -0.7644 -0.6058 0.2207
vn -0.8196 -0.2958 0.4906
vn -0.8087 -0.3770 0.4516
vn -0.0410 0.3689 0.9286
vn -0.0079 0.4075 0.9132
vn 0.1988 0.9641 0.1763
vn 0.4008 0.9142 0.0601
vn 0.4100 0.9074 0.0917
vn 0.3249 0.9352 0.1412
vn 0.0265 0.9201 0.3908
vn 0.1133 0.9220 0.3701
vn -0.1701 0.7776 0.6054
vn -0.1399 0.7852 0.6033
vn -0.2702 0.6346 0.7241
vn -0.2052 0.6603 0.7225
vn -0.4991 0.1652 0.8506
vn -0.4917 0.1373 0.8599
vn -0.6818 -0.6884 0.2474
vn -0.7320 -0.6611 0.1648
vn -0.7428 -0.4726 0.4742
vn -0.7321 -0.5052 0.4569
vn 0.3905 0.9189 0.0571
vn 0.4992 0.8662 -0.0237
vn 0.3161 0.9387 0.1373
vn 0.5562 0.8309 -0.0175
vn 0.1381 0.9133 0.3831
vn 0.1206 0.9138 0.3879
vn -0.0833 0.7728 0.6291
vn 0.1977 0.7995 0.5672
vn -0.2931 0.4279 0.8550
vn -0.3136 0.4866 0.8154
vn -0.2424 0.1293 0.9615
vn -0.2091 0.0760 0.9749
vn 0.0306 0.1927 0.9808
vn -0.0432 0.1480 0.9880
vn -0.6127 -0.1499 0.7760
vn -0.5927 -0.2092 0.7778
vn -0.6342 -0.6103 0.4746
vn -0.6619 -0.5993 0.4503
vn 0.5499 0.8352 -0.0051
vn 0.5920 0.8049 -0.0418
vn 0.6760 0.7355 0.0463
vn 0.5783 0.8069 0.1207
vn 0.2949 0.8391 0.4570
vn 0.4854 0.7868 0.3812
vn -0.0779 0.6370 0.7669
vn -0.1024 0.6823 0.7238
vn -0.0401 0.4979 0.8663
vn -0.0158 0.4656 0.8849
vn 0.1229 0.5082 0.8524
vn 0.0883 0.4913 0.8665
vn 0.0660 0.1882 0.9799
vn 0.0294 0.2276 0.9733
vn -0.3788 -0.3285 0.8652
vn -0.3852 -0.3194 0.8658
vn -0.1349 -0.3184 0.9383
vn -0.1694 -0.3395 0.9252
vn -0.6655 -0.4735 0.5770
vn -0.6328 -0.5351 0.5597
vn 0.6378 0.7697 -0.0267
vn 0.6044 0.7966 0.0055
vn 0.3060 0.8936 0.3283
vn 0.3733 0.8786 0.2977
vn 0.1120 0.8300 0.5464
vn 0.1945 0.8323 0.5191
vn 0.0763 0.6744 0.7344
vn 0.0859 0.6650 0.7419
vn 0.1844 0.6917 0.6982
vn 0.1453 0.6788 0.7198
vn 0.1715 0.4995 0.8492
vn 0.1066 0.5573 0.8234
vn 0.0193 0.2282 0.9734
vn 0.0459 0.2508 0.9670
vn -0.0371 -0.3275 0.9441
vn -0.0837 -0.2786 0.9567
vn -0.4245 -0.6688 0.6103
vn -0.4433 -0.6503 0.6169
vn -0.2378 -0.7336 0.6366
vn -0.2279 -0.7305 0.6438
vn -0.6338 -0.7500 0.1892
vn -0.5822 -0.7983 0.1544
vn 0.5305 0.8475 -0.0201
vn 0.5555 0.8304 -0.0443
vn 0.4669 0.8812 0.0740
vn 0.5146 0.8565 0.0393
vn 0.2187 0.8863 0.4082
vn 0.1649 0.8842 0.4371
vn 0.2787 0.9494 0.1445
vn 0.2462 0.9548 0.1668
vn 0.3114 0.9475 0.0725
vn 0.2673 0.9568 0.1140
vn 0.2711 0.9050 0.3279
vn 0.1981 0.9013 0.3853
vn 0.2168 0.6844 0.6961
vn 0.1772 0.7152 0.6761
vn 0.0516 0.5619 0.8256
vn 0.0716 0.5751 0.8149
vn -0.1369 -0.7485 0.6488
vn -0.1590 -0.7333 0.6611
vn -0.3573 -0.9273 0.1119
vn -0.4306 -0.8908 0.1452
vn -0.2491 -0.9676 0.0413
vn -0.1687 -0.9813 0.0932
vn -0.5552 -0.6922 0.4611
vn -0.5327 -0.7220 0.4415
vn 0.3025 0.9485 -0.0936
vn 0.2838 0.9559 -0.0759
vn 0.3175 0.9368 -0.1471
vn 0.3007 0.9451 -0.1282
vn 0.2593 0.9460 -0.1946
vn 0.2568 0.9472 -0.1918
vn 0.2646 0.9556 -0.1297
vn 0.2901 0.9436 -0.1593
vn 0.2048 0.9767 0.0637
vn 0.1778 0.9797 0.0924
vn 0.2083 0.9219 0.3268
vn 0.2173 0.9226 0.3186
vn 0.0741 0.7291 0.6804
vn 0.1142 0.7488 0.6529
vn -0.0424 -0.7426 0.6684
vn -0.0428 -0.7428 0.6681
vn -0.1450 -0.9884 0.0455
vn -0.1131 -0.9932 0.0284
vn -0.2641 -0.8880 0.3763
vn -0.3626 -0.8273 0.4289
vn -0.1704 -0.9539 0.2471
vn -0.0919 -0.9492 0.3009
vn 0.1879 0.9607 -0.2041
vn 0.1999 0.9550 -0.2191
vn 0.1559 0.9775 -0.1424
vn 0.1901 0.9638 -0.1868
vn 0.1044 0.9435 0.3145
vn 0.1029 0.9432 0.3160
vn -0.0662 -0.9974 0.0293
vn -0.0407 -0.9981 0.0455
vn -0.1235 -0.9609 0.2479
vn -0.0629 -0.9765 0.2062
vn -0.0312 -0.9780 0.2061
vn -0.0726 -0.9821 0.1737
vn 0.0504 -0.9082 -0.4156
vn 0.0575 -0.9113 -0.4076
vn -0.1046 0.3671 0.9243
vn -0.0584 0.3098 0.9490
vn 0.5123 -0.8385 -0.1854
vn 0.5307 -0.8308 -0.1677
vn 0.4879 -0.8726 -0.0212
vn 0.5149 -0.8572 0.0074
vn 0.4236 -0.8463 0.3230
vn 0.4320 -0.8391 0.3306
vn 0.3224 -0.7493 0.5784
vn 0.2972 -0.7748 0.5580
vn 0.2051 -0.6820 0.7020
vn 0.1915 -0.6972 0.6908
vn 0.0970 -0.5838 0.8061
vn 0.0403 -0.5772 0.8156
vn -0.0300 -0.4573 0.8888
vn -0.0662 -0.4450 0.8931
vn -0.1443 -0.2669 0.9528
vn -0.1584 -0.2593 0.9527
vn -0.2270 -0.0519 0.9725
vn -0.2539 -0.0340 0.9666
vn -0.3915 0.2982 0.8706
vn -0.3200 0.2501 0.9138
vn 0.5045 -0.7537 -0.4212
vn 0.4820 -0.7569 -0.4413
vn 0.5842 -0.7902 -0.1854
vn 0.5816 -0.7912 -0.1890
vn 0.5459 -0.8338 0.0830
vn 0.5574 -0.8235 0.1057
vn 0.4619 -0.8097 0.3619
vn 0.4452 -0.8298 0.3366
vn 0.3381 -0.7589 0.5565
vn 0.3461 -0.7469 0.5677
vn 0.2364 -0.6547 0.7180
vn 0.2375 -0.6526 0.7195
vn 0.1046 -0.5378 0.8366
vn 0.0940 -0.5375 0.8380
vn -0.0300 -0.4128 0.9103
vn -0.0634 -0.4065 0.9114
vn -0.1791 -0.2559 0.9500
vn -0.1574 -0.2639 0.9516
vn -0.3101 -0.0096 0.9506
vn -0.3622 0.0169 0.9320
vn -0.5410 0.3474 0.7659
vn -0.4879 0.3221 0.8113
vn -0.6796 0.0514 0.7318
vn -0.6438 0.1596 0.7483
vn -0.7113 -0.0279 0.7023
vn -0.6858 0.0768 0.7237
vn -0.7175 -0.1266 0.6850
vn -0.7051 -0.0439 0.7077
vn -0.6786 -0.2583 0.6876
vn -0.6776 -0.1996 0.7078
vn -0.6069 -0.3786 0.6988
vn -0.6115 -0.3487 0.7103
vn -0.0455 -0.7762 0.6289
vn -0.0816 -0.7555 0.6500
vn -0.0203 -0.7838 0.6206
vn -0.0325 -0.7770 0.6287
vn 0.0554 -0.9719 -0.2287
vn 0.0639 -0.9732 -0.2210
vn 0.1612 -0.8409 -0.5166
vn 0.2066 -0.8529 -0.4795
vn 0.0628 -0.8379 -0.5422
vn 0.1431 -0.8723 -0.4676
vn 0.0701 -0.8486 -0.5243
vn 0.0591 -0.8415 -0.5370
vn 0.0480 -0.8703 -0.4901
vn 0.0460 -0.8692 -0.4923
vn 0.0198 -0.8937 -0.4482
vn 0.1282 -0.9400 -0.3161
vn -0.0263 -0.9919 -0.1239
vn 0.1037 -0.9933 0.0518
vn -0.1325 -0.9435 0.3036
vn -0.0328 -0.8698 0.4923
vn -0.2026 -0.7833 0.5877
vn -0.2111 -0.7835 0.5845
vn -0.3730 -0.6702 0.6417
vn -0.3330 -0.6685 0.6649
vn -0.4871 -0.5456 0.6820
vn -0.3977 -0.5370 0.7440
vn -0.6412 -0.3152 0.6996
vn -0.5438 -0.2992 0.7840
vn -0.7214 -0.1051 0.6845
vn -0.6698 -0.0872 0.7374
vn 0.5450 -0.7166 -0.4352
vn 0.5423 -0.7212 -0.4311
vn 0.5227 -0.7127 -0.4678
vn 0.5306 -0.7173 -0.4517
vn 0.6613 -0.6285 -0.4094
vn 0.6325 -0.6832 -0.3649
vn 0.6053 -0.7322 -0.3123
vn 0.6338 -0.6823 -0.3644
vn 0.5856 -0.7488 -0.3105
vn 0.5891 -0.7434 -0.3167
vn 0.5723 -0.7557 -0.3184
vn 0.5691 -0.7599 -0.3141
vn 0.5340 -0.7896 -0.3023
vn 0.5517 -0.7692 -0.3225
vn 0.5041 -0.8078 -0.3055
vn 0.5052 -0.8067 -0.3066
vn 0.4145 -0.8543 -0.3136
vn 0.4108 -0.8551 -0.3164
vn 0.1168 -0.9388 -0.3241
vn 0.1131 -0.9380 -0.3275
vn 0.0560 -0.9428 -0.3287
vn 0.0536 -0.9420 -0.3312
vn 0.0782 0.9737 -0.2141
vn 0.0891 0.9697 -0.2274
vn 0.0924 0.9856 -0.1414
vn 0.1327 0.9725 -0.1913
vn 0.1358 0.9897 0.0447
vn 0.0957 0.9914 0.0892
vn 0.3345 -0.6768 -0.6558
vn 0.3748 -0.7103 -0.5959
vn 0.4726 -0.5860 -0.6582
vn 0.4922 -0.5952 -0.6352
vn 0.3892 -0.6557 -0.6470
vn 0.4131 -0.6163 -0.6705
vn 0.4177 -0.6360 -0.6488
vn 0.3755 -0.6986 -0.6091
vn 0.3495 -0.7554 -0.5542
vn 0.3063 -0.7308 -0.6101
vn 0.2065 -0.8313 -0.5161
vn 0.3251 -0.7624 -0.5595
vn 0.4689 -0.5590 -0.6838
vn 0.4678 -0.5585 -0.6850
vn 0.4574 -0.6145 -0.6428
vn 0.4111 -0.5900 -0.6949
vn 0.3498 -0.7094 -0.6119
vn 0.3628 -0.6959 -0.6198
vn 0.3413 -0.7039 -0.6229
vn 0.3976 -0.7158 -0.5740
vn -0.2487 -0.8252 -0.5071
vn 0.0850 -0.9079 -0.4104
vn 0.5626 -0.5994 -0.5694
vn 0.5059 -0.5870 -0.6320
vn 0.1057 -0.8572 -0.5039
vn 0.0740 -0.8710 -0.4856
vn -0.5927 -0.7498 -0.2942
vn -0.2511 -0.9311 -0.2645
vn 0.4952 -0.6657 -0.5582
vn 0.5146 -0.6661 -0.5399
vn 0.5199 -0.6269 -0.5802
vn 0.5066 -0.6590 -0.5559
vn 0.4674 -0.5992 -0.6500
vn 0.4904 -0.5454 -0.6797
vn -0.0820 -0.8864 -0.4557
vn -0.2611 -0.9254 -0.2747
vn -0.8756 -0.4800 -0.0530
vn 0.2167 -0.9632 -0.1592
vn 0.4732 -0.6370 -0.6086
vn 0.4401 -0.6345 -0.6354
vn 0.4783 -0.6133 -0.6285
vn 0.4487 -0.6095 -0.6536
vn -0.3037 -0.9168 -0.2594
vn 0.5753 -0.7720 -0.2703
vn 0.9277 0.3403 -0.1537
vn -0.9796 -0.0907 0.1791
vn 0.3940 -0.7577 -0.5202
vn 0.3901 -0.7578 -0.5230
vn 0.8350 -0.4831 -0.2634
vn -0.7871 -0.6103 0.0895
vn 0.9622 0.2368 -0.1349
vn 0.9720 -0.1634 -0.1686
vn 0.3195 0.9423 0.1003
vn 0.2682 0.9563 0.1167
vn 0.3414 -0.7871 -0.5137
vn 0.3233 -0.7865 -0.5262
vn 0.3510 -0.7171 -0.6022
vn 0.3479 -0.7169 -0.6041
vn 0.6486 0.7582 -0.0669
vn 0.8383 -0.4769 -0.2641
vn 0.4471 0.8933 -0.0467
vn 0.4483 0.8937 -0.0172
vn 0.2951 -0.7286 -0.6181
vn 0.2860 -0.7424 -0.6059
vn 0.1131 -0.8514 -0.5121
vn 0.1148 -0.8522 -0.5104
vn 0.4450 0.8874 0.1204
vn 0.4430 0.8875 0.1272
vn 0.3867 0.9150 0.1147
vn 0.5146 0.8564 0.0414
vn 0.1075 -0.7987 -0.5920
vn 0.0962 -0.7921 -0.6028
vn 0.5739 0.8189 -0.0076
vn 0.5839 0.8117 -0.0138
vn 0.6008 0.7994 -0.0070
vn 0.6160 0.7838 -0.0786
vn 0.4288 0.9030 0.0280
vn 0.5099 0.8598 -0.0271
vn 0.5831 0.8083 -0.0822
vn 0.5933 0.7921 -0.1433
vn 0.5024 0.8642 -0.0288
vn 0.6197 0.7736 -0.1321
vn 0.6385 0.7576 -0.1353
vn 0.6403 0.7480 -0.1743
vn 0.6285 0.7669 -0.1297
vn 0.6064 0.7879 -0.1072
vn 0.6200 0.7642 -0.1776
vn 0.6232 0.7674 -0.1508
vn 0.6374 0.7639 -0.1003
vn 0.6065 0.7925 -0.0647
vn 0.6050 0.7811 -0.1544
vn 0.6172 0.7796 -0.1062
vn 0.5718 0.8124 -0.1145
vn 0.5719 0.8123 -0.1146
vn 0.5611 0.8242 -0.0766
vn 0.5680 0.8187 -0.0846
vn 0.3376 0.9272 -0.1621
vn 0.3187 0.9379 -0.1370
vn 0.3701 0.9056 -0.2071
vn 0.3381 0.9275 -0.1593
vn 0.2650 0.9420 -0.2059
vn 0.2587 0.9454 -0.1984
vn 0.2004 0.9558 -0.2150
vn 0.2045 0.9539 -0.2199
vn 0.0610 -0.8035 -0.5921
vn 0.0454 -0.7913 -0.6097
vn 0.0468 -0.8572 -0.5128
vn 0.0511 -0.8600 -0.5078
vn 0.4163 -0.6852 -0.5976
vn 0.4071 -0.6850 -0.6042
vn 0.4538 -0.7265 -0.5161
vn 0.4516 -0.7266 -0.5178
vn 0.2076 0.9478 -0.2420
vn 0.2022 0.9506 -0.2356
vn 0.2541 0.9396 -0.2293
vn 0.2589 0.9367 -0.2356
vn 0.1032 0.9604 -0.2587
vn 0.0949 0.9637 -0.2497
vn 0.3892 -0.7699 -0.5057
vn 0.2377 -0.7733 -0.5877
vn 0.2142 -0.8299 -0.5152
vn 0.2293 -0.8314 -0.5061
vn 0.4440 -0.6533 -0.6132
vn 0.4358 -0.6703 -0.6007
vn 0.4739 -0.6900 -0.5471
vn 0.5178 -0.6881 -0.5084
vn 0.0949 0.9638 -0.2492
vn 0.0775 0.9702 -0.2298
vn -0.5616 -0.3465 0.7514
vn -0.5196 -0.3217 0.7915
vn -0.6129 -0.0440 0.7889
vn -0.5885 -0.0207 0.8083
vn -0.4397 -0.0608 0.8961
vn -0.4480 -0.0246 0.8937
vn -0.6945 0.2556 0.6726
vn -0.5991 0.2026 0.7746
vn -0.5137 0.3945 0.7619
vn -0.5099 0.3417 0.7894
vn -0.3593 0.2797 0.8903
vn -0.4219 0.4274 0.7996
vn -0.4274 0.4783 0.7671
vn -0.5100 0.3636 0.7795
vn -0.4387 0.4478 0.7791
vn -0.4268 0.4151 0.8034
vn -0.6006 0.1369 0.7877
vn -0.4759 0.2663 0.8382
vn -0.5471 0.3332 0.7679
vn -0.5305 0.3556 0.7695
vn -0.6359 0.0961 0.7657
vn -0.5937 0.2071 0.7776
vn -0.0024 -0.2819 0.9594
vn -0.0251 -0.2597 0.9654
vn -0.1091 -0.7520 0.6501
vn -0.0897 -0.7452 0.6608
vn -0.2694 -0.6073 0.7474
vn -0.1235 -0.7148 0.6883
vn -0.4085 -0.5593 0.7213
vn -0.4168 -0.5434 0.7287
vn -0.5191 -0.4730 0.7119
vn -0.5205 -0.4687 0.7137
vn -0.6668 -0.0812 0.7408
vn -0.6580 -0.2107 0.7229
vn 0.4673 0.8729 -0.1401
vn 0.4626 0.8765 -0.1335
vn 0.4629 0.8798 -0.1082
vn 0.4651 0.8783 -0.1108
vn 0.4643 0.8814 -0.0873
vn 0.4534 0.8881 -0.0757
vn 0.4495 0.8929 -0.0262
vn 0.4151 0.9098 0.0037
vn 0.3827 0.9008 0.2051
vn 0.2754 0.9235 0.2671
vn 0.2234 0.8653 0.4486
vn 0.1069 0.8600 0.4989
vn -0.0052 0.6832 0.7302
vn -0.0403 0.6725 0.7390
vn -0.1427 0.4913 0.8592
vn -0.1990 0.4676 0.8613
vn -0.3599 0.1161 0.9257
vn -0.3879 0.1026 0.9160
vn -0.5196 -0.2758 0.8087
vn -0.4820 -0.2587 0.8371
vn -0.5594 -0.6020 0.5699
vn -0.5238 -0.5946 0.6100
vn -0.5089 -0.8498 0.1375
vn -0.4716 -0.8652 0.1702
vn -0.4583 -0.7816 0.4232
vn -0.4207 -0.7897 0.4465
vn -0.3239 -0.5997 0.7318
vn -0.3411 -0.5763 0.7426
vn -0.1832 -0.7010 0.6892
vn -0.1214 -0.7403 0.6613
vn -0.1585 -0.9125 0.3770
vn -0.2838 -0.9119 0.2965
vn -0.2758 -0.9538 0.1192
vn -0.3314 -0.9399 0.0815
vn -0.3341 -0.6972 0.6343
vn -0.3512 -0.7011 0.6206
vn -0.2950 -0.3499 0.8891
vn -0.2488 -0.3261 0.9120
vn -0.1377 0.1080 0.9846
vn -0.0568 0.1502 0.9870
vn 0.0398 0.4825 0.8750
vn 0.0694 0.4948 0.8662
vn 0.1151 0.6659 0.7371
vn 0.1553 0.6766 0.7198
vn 0.2036 0.8911 0.4057
vn 0.2333 0.8916 0.3882
vn 0.2360 0.9623 0.1353
vn 0.2660 0.9572 0.1138
vn 0.2512 0.9622 -0.1052
vn 0.3061 0.9390 -0.1565
vn 0.3071 0.9399 -0.1493
vn 0.3346 0.9256 -0.1772
vn 0.3373 0.9273 -0.1622
vn 0.3545 0.9171 -0.1823
vn 0.3482 0.9136 -0.2100
vn 0.3568 0.9075 -0.2216
vn -0.5938 0.1935 0.7810
vn -0.5665 0.2471 0.7862
vn -0.5246 0.2718 0.8068
vn -0.5894 0.3530 0.7266
vn -0.5103 0.4124 0.7547
vn -0.5932 0.4716 0.6524
vn -0.5217 0.5275 0.6705
vn -0.6131 0.5360 0.5804
vn -0.3807 0.6864 0.6196
vn -0.5419 0.6597 0.5206
vn -0.3876 0.7520 0.5331
vn -0.3614 0.7893 0.4964
vn -0.2949 0.8200 0.4905
vn -0.2669 0.8711 0.4122
vn -0.6516 0.6361 0.4132
vn -0.6514 0.6534 0.3856
vn -0.5586 0.7228 0.4069
vn -0.6111 0.6905 0.3870
vn -0.4577 0.8138 0.3580
vn -0.4481 0.7937 0.4114
vn -0.0352 0.9323 0.3600
vn -0.0337 0.9323 0.3601
vn 0.4351 0.8846 0.1677
vn 0.4603 0.8458 0.2697
vn 0.1059 0.9901 0.0920
vn 0.9124 0.3864 -0.1350
vn 0.3509 0.9361 -0.0230
vn 0.3324 0.9424 -0.0362
vn 0.1747 -0.7789 -0.6023
vn 0.1659 -0.7754 -0.6093
vn 0.2030 -0.8372 -0.5078
vn 0.1915 -0.8340 -0.5174
vn 0.2492 -0.8805 -0.4032
vn 0.2171 -0.8762 -0.4302
vn 0.2633 -0.9126 -0.3129
vn 0.2579 -0.9126 -0.3172
vn 0.2325 -0.9495 -0.2105
vn 0.2802 -0.9437 -0.1758
vn 0.2132 -0.9765 -0.0325
vn 0.2532 -0.9674 -0.0037
vn 0.2112 -0.9450 0.2496
vn 0.1665 -0.9608 0.2217
vn 0.1681 -0.8692 0.4650
vn 0.0829 -0.9056 0.4160
vn 0.0599 -0.7879 0.6128
vn 0.0079 -0.8153 0.5790
vn -0.0162 -0.6720 0.7404
vn -0.0286 -0.6812 0.7316
vn -0.0519 -0.4867 0.8720
vn -0.0545 -0.4893 0.8704
vn -0.0757 -0.3016 0.9504
vn -0.0942 -0.3245 0.9412
vn -0.1146 -0.0791 0.9903
vn -0.1215 -0.0887 0.9886
vn -0.1090 0.2743 0.9554
vn -0.1388 0.3043 0.9424
vn 0.2235 -0.7510 -0.6214
vn 0.2128 -0.7646 -0.6084
vn 0.2660 -0.8126 -0.5187
vn 0.2620 -0.8168 -0.5140
vn 0.2985 -0.8577 -0.4187
vn 0.2875 -0.8575 -0.4266
vn 0.3372 -0.8848 -0.3216
vn 0.3229 -0.8946 -0.3090
vn 0.4152 -0.8878 -0.1986
vn 0.3729 -0.9126 -0.1677
vn 0.4802 -0.8771 -0.0140
vn 0.4464 -0.8948 0.0095
vn 0.3675 -0.8749 0.3154
vn 0.4811 -0.8402 0.2502
vn 0.1995 -0.8274 0.5250
vn 0.3412 -0.8181 0.4629
vn 0.0958 -0.7562 0.6473
vn 0.1747 -0.7639 0.6212
vn 0.0516 -0.6276 0.7768
vn 0.0055 -0.6690 0.7432
vn -0.0445 -0.4737 0.8796
vn -0.0563 -0.4871 0.8715
vn -0.0983 -0.2794 0.9551
vn -0.1173 -0.3053 0.9450
vn -0.1568 -0.0543 0.9861
vn -0.1774 -0.0856 0.9804
vn -0.2098 0.2465 0.9462
vn -0.1990 0.2619 0.9444
vn 0.1213 -0.7581 0.6408
vn 0.1839 -0.7484 0.6373
vn 0.0398 -0.8620 0.5054
vn 0.0364 -0.8513 0.5234
vn -0.0228 -0.5762 0.8170
vn -0.0215 -0.6104 0.7918
vn -0.1156 -0.7173 0.6871
vn -0.1844 -0.7142 0.6752
vn -0.0416 -0.7912 0.6101
vn -0.0347 -0.8250 0.5640
vn 0.0872 -0.6657 0.7411
vn 0.0878 -0.7082 0.7006
vn -0.0509 -0.9622 0.2676
vn -0.0733 -0.9245 0.3740
vn 0.1833 -0.7877 0.5881
vn 0.1937 -0.7858 0.5873
vn 0.0821 -0.8733 0.4803
vn 0.0765 -0.8740 0.4799
vn 0.1230 -0.8841 0.4507
vn 0.0929 -0.8866 0.4530
vn 0.2282 -0.7949 0.5622
vn 0.2084 -0.7976 0.5660
vn 0.3245 -0.5873 0.7414
vn 0.3563 -0.5789 0.7335
vn -0.2323 -0.8184 0.5255
vn -0.2939 -0.8106 0.5065
vn -0.1507 -0.8840 0.4424
vn -0.1460 -0.8994 0.4121
vn 0.1379 -0.4435 0.8856
vn 0.1363 -0.4591 0.8779
vn 0.2636 -0.5229 0.8106
vn 0.2621 -0.5329 0.8046
vn -0.1678 -0.9785 -0.1197
vn -0.1884 -0.9809 0.0477
vn 0.0172 -0.9730 0.2301
vn -0.0914 -0.9747 0.2041
vn 0.1150 -0.9899 0.0831
vn -0.1458 -0.9864 0.0763
vn -0.0491 -0.6541 0.7548
vn 0.1183 -0.7260 0.6774
vn 0.6198 -0.7585 -0.2014
vn -0.2698 -0.8956 0.3537
vn 0.3538 -0.6264 0.6946
vn 0.3849 -0.6176 0.6859
vn 0.3608 -0.6570 0.6619
vn 0.3922 -0.6507 0.6502
vn 0.5113 -0.3963 0.7625
vn 0.5341 -0.3890 0.7506
vn -0.0978 -0.5339 0.8399
vn -0.1068 -0.5343 0.8385
vn -0.2491 -0.6358 0.7306
vn -0.3654 -0.8903 0.2718
vn -0.4405 -0.8673 0.2319
vn -0.3144 -0.9336 0.1722
vn -0.3073 -0.9457 0.1055
vn 0.3493 -0.2841 0.8929
vn 0.3521 -0.2630 0.8983
vn 0.4661 -0.3306 0.8206
vn 0.4641 -0.3428 0.8168
vn -0.2554 -0.8903 -0.3771
vn -0.2612 -0.9088 -0.3253
vn -0.0630 -0.9854 -0.1581
vn -0.1412 -0.9694 -0.2009
vn 0.0367 -0.9639 -0.2638
vn -0.1438 -0.9398 -0.3101
vn 0.6608 -0.6105 -0.4366
vn 0.5973 -0.6727 -0.4367
vn 0.0597 0.9891 -0.1347
vn -0.0503 0.9603 0.2744
vn -0.2420 0.2425 0.9395
vn -0.5243 0.7584 0.3873
vn 0.2786 -0.5266 0.8032
vn 0.2602 -0.5152 0.8166
vn 0.5262 -0.4387 0.7285
vn 0.5540 -0.4301 0.7128
vn 0.4559 -0.4867 0.7451
vn 0.5543 -0.4678 0.6884
vn 0.6644 -0.1603 0.7299
vn 0.7175 -0.1457 0.6812
vn -0.0988 -0.5367 0.8379
vn -0.0957 -0.5367 0.8383
vn -0.2379 -0.6539 0.7182
vn -0.2465 -0.6535 0.7157
vn -0.2620 -0.6449 0.7180
vn -0.2314 -0.6466 0.7269
vn -0.0983 -0.5390 0.8366
vn -0.0948 -0.5389 0.8370
vn -0.3798 -0.7239 0.5760
vn -0.3829 -0.7057 0.5961
vn 0.0488 -0.3972 0.9164
vn 0.0739 -0.3935 0.9163
vn -0.4992 -0.8664 0.0091
vn -0.4904 -0.8681 -0.0767
vn -0.4038 -0.9075 -0.1159
vn -0.3790 -0.8829 -0.2772
vn 0.6219 0.0102 0.7831
vn 0.6219 0.0048 0.7831
vn 0.6719 -0.0341 0.7398
vn 0.6700 -0.1001 0.7356
vn -0.2932 -0.8049 -0.5159
vn -0.2977 -0.8158 -0.4958
vn -0.2942 -0.7543 -0.5870
vn -0.3050 -0.7697 -0.5608
vn -0.1577 -0.8982 -0.4102
vn -0.1395 -0.8703 -0.4723
vn -0.0701 -0.8717 -0.4851
vn -0.0714 -0.8712 -0.4857
vn 0.6841 -0.4853 -0.5445
vn 0.6662 -0.4979 -0.5552
vn 0.6765 0.6657 -0.3149
vn 0.6644 0.7000 -0.2619
vn 0.2336 0.9431 0.2367
vn -0.3329 0.6935 0.6390
vn -0.0466 0.7834 0.6198
vn -0.2577 0.5671 0.7823
vn 0.1266 0.1414 0.9818
vn -0.0284 0.3133 0.9492
vn 0.3790 -0.4687 0.7979
vn 0.3799 -0.4693 0.7972
vn 0.6537 -0.2303 0.7209
vn 0.7131 -0.2171 0.6666
vn 0.6122 -0.2590 0.7471
vn 0.6695 -0.2538 0.6981
vn -0.3805 -0.7352 0.5610
vn -0.3620 -0.7381 0.5693
vn -0.4183 -0.7014 0.5771
vn -0.3775 -0.7095 0.5951
vn 0.0829 -0.3975 0.9139
vn 0.0529 -0.4021 0.9140
vn 0.0691 -0.3910 0.9178
vn 0.0692 -0.3910 0.9178
vn -0.5195 -0.7851 0.3373
vn -0.5245 -0.7636 0.3765
vn 0.2822 -0.2461 0.9273
vn 0.2084 -0.2624 0.9422
vn -0.5430 -0.7977 -0.2623
vn -0.5203 -0.7813 -0.3449
vn -0.3891 -0.7676 -0.5093
vn -0.3723 -0.7512 -0.5452
vn -0.4069 -0.8274 -0.3872
vn -0.3826 -0.7959 -0.4692
vn -0.3268 -0.7516 -0.5730
vn -0.2983 -0.7225 -0.6237
vn -0.1578 -0.8320 -0.5318
vn -0.1763 -0.8178 -0.5478
vn -0.1910 -0.7717 -0.6067
vn -0.2155 -0.8027 -0.5560
vn -0.2174 -0.8026 -0.5554
vn -0.1246 -0.8413 -0.5260
vn -0.1175 -0.8516 -0.5109
vn -0.1000 -0.8314 -0.5466
vn 0.6459 -0.5748 -0.5023
vn 0.6861 -0.5145 -0.5143
vn 0.9216 0.1949 -0.3356
vn 0.9407 0.2407 -0.2391
vn 0.6407 0.7610 -0.1016
vn 0.0378 0.9567 0.2887
vn 0.0740 0.8576 0.5089
vn 0.3859 0.8641 0.3232
vn -0.0618 0.7458 0.6633
vn 0.2282 0.8440 0.4854
vn 0.1611 0.6324 0.7577
vn 0.0453 0.5023 0.8635
vn 0.4168 -0.0318 0.9084
vn 0.2699 0.1650 0.9487
vn 0.8047 0.0534 0.5912
vn 0.7544 0.0510 0.6545
vn -0.0610 -0.5573 0.8280
vn -0.0869 -0.5591 0.8245
vn -0.2355 -0.6690 0.7050
vn -0.1989 -0.6706 0.7146
vn -0.5003 -0.7838 0.3681
vn -0.4816 -0.7902 0.3790
vn -0.5391 -0.7468 0.3895
vn -0.5491 -0.7427 0.3832
vn 0.1842 -0.2792 0.9424
vn 0.1923 -0.2768 0.9415
vn 0.2243 -0.2708 0.9361
vn 0.1868 -0.2804 0.9415
vn -0.6221 -0.7803 0.0638
vn -0.6260 -0.7750 0.0869
vn 0.5928 0.0300 0.8048
vn 0.5116 0.0038 0.8592
vn -0.5234 -0.6526 -0.5478
vn -0.4963 -0.6363 -0.5905
vn -0.3799 -0.6876 -0.6188
vn -0.3866 -0.6938 -0.6076
vn 0.7537 0.2197 0.6195
vn 0.7185 0.2137 0.6619
vn 0.7859 0.1489 0.6002
vn 0.7252 0.1423 0.6737
vn -0.2076 -0.8249 -0.5257
vn -0.2970 -0.7595 -0.5788
vn -0.2238 -0.8352 -0.5023
vn -0.2034 -0.8254 -0.5266
vn 0.3037 -0.8420 -0.4458
vn 0.6448 -0.5184 -0.5617
vn 0.4043 -0.7257 -0.5567
vn 0.2880 -0.8067 -0.5160
vn 0.9396 -0.1426 -0.3112
vn 0.9524 0.0672 -0.2973
vn 0.8980 0.4105 -0.1581
vn 0.9144 0.3655 -0.1740
vn 0.3664 0.8705 0.3285
vn 0.3678 0.8703 0.3276
vn 0.3845 0.6978 0.6043
vn 0.2282 0.8417 0.4894
vn 0.3280 0.8552 0.4013
vn 0.3694 0.7922 0.4857
vn 0.5884 0.6578 0.4702
vn 0.3635 0.7436 0.5612
vn 0.6527 0.5364 0.5350
vn 0.5138 0.5932 0.6198
vn 0.1636 0.5644 0.8091
vn 0.3684 0.6937 0.6190
vn 0.3809 0.4989 0.7785
vn 0.3383 0.4380 0.8329
vn 0.8041 -0.0164 0.5942
vn 0.7367 -0.0145 0.6761
vn 0.7658 -0.0580 0.6404
vn 0.6859 -0.0464 0.7262
vn -0.0354 -0.6316 0.7745
vn -0.0704 -0.5927 0.8023
vn -0.1576 -0.7396 0.6543
vn -0.2120 -0.6895 0.6926
vn -0.3102 -0.7548 0.5780
vn -0.3372 -0.7514 0.5671
vn 0.0648 -0.4252 0.9028
vn 0.0307 -0.4343 0.9002
vn -0.5804 -0.8066 0.1116
vn -0.5741 -0.8132 0.0950
vn -0.6302 -0.7681 0.1138
vn -0.6474 -0.7560 0.0962
vn 0.4129 0.0146 0.9107
vn 0.3928 0.0057 0.9196
vn 0.4913 0.0146 0.8709
vn 0.4494 -0.0017 0.8933
vn -0.6638 -0.7175 -0.2111
vn -0.6720 -0.7166 -0.1867
vn 0.2494 -0.8532 -0.4580
vn 0.4112 -0.7575 -0.5071
vn 0.8290 -0.4301 -0.3574
vn 0.8805 -0.3091 -0.3593
vn 0.8708 -0.4057 -0.2777
vn 0.9407 -0.1680 -0.2947
vn 0.8662 0.4913 -0.0912
vn 0.9623 0.2439 -0.1200
vn 0.7588 0.6314 0.1599
vn 0.8722 0.4892 0.0075
vn 0.2752 0.8675 0.4143
vn 0.2731 0.8717 0.4070
vn 0.4383 0.7851 0.4376
vn 0.3283 0.8226 0.4643
vn 0.5231 0.5053 0.6864
vn 0.3665 0.7054 0.6067
vn 0.7028 0.4224 0.5724
vn 0.6263 0.4425 0.6419
vn 0.3894 0.4602 0.7978
vn 0.4295 0.5129 0.7433
vn -0.3405 -0.7563 0.5586
vn -0.2927 -0.7973 0.5279
vn 0.0504 -0.4747 0.8787
vn 0.0390 -0.4595 0.8873
vn -0.4456 -0.8343 0.3246
vn -0.4267 -0.8403 0.3344
vn 0.1699 -0.2532 0.9524
vn 0.1573 -0.2590 0.9530
vn -0.6014 -0.7775 -0.1836
vn -0.5962 -0.7831 -0.1770
vn -0.6502 -0.7341 -0.1956
vn -0.6691 -0.7271 -0.1537
vn -0.5672 -0.6258 -0.5355
vn -0.6227 -0.6354 -0.4567
vn 0.7183 0.2491 0.6496
vn 0.7067 0.2904 0.6452
vn 0.5867 -0.7573 -0.2867
vn 0.8109 -0.4970 -0.3088
vn 0.9639 0.2648 0.0263
vn 0.9631 0.2677 0.0262
vn 0.8915 0.4517 -0.0350
vn 0.9475 0.3181 -0.0318
vn 0.7038 0.7012 0.1143
vn 0.8139 0.5806 0.0203
vn 0.7111 0.6344 0.3032
vn 0.7119 0.6270 0.3165
vn 0.6112 0.6499 0.4517
vn 0.6103 0.6505 0.4520
vn 0.5053 0.4395 0.7426
vn 0.4155 0.5641 0.7136
vn 0.7141 0.3491 0.6067
vn 0.6168 0.3344 0.7126
vn 0.0962 -0.6934 0.7141
vn 0.0795 -0.6830 0.7261
vn 0.0101 -0.8439 0.5363
vn 0.0777 -0.8189 0.5687
vn -0.4344 -0.8378 0.3307
vn -0.4115 -0.8553 0.3148
vn 0.1304 -0.2839 0.9499
vn 0.1158 -0.2615 0.9582
vn -0.5843 -0.8063 0.0915
vn -0.5290 -0.8485 0.0098
vn 0.3119 -0.0101 0.9501
vn 0.2660 -0.0370 0.9633
vn -0.5417 -0.7116 -0.4475
vn -0.5521 -0.7107 -0.4360
vn -0.5495 -0.6860 -0.4768
vn -0.5807 -0.6859 -0.4385
vn 0.5679 0.3349 0.7519
vn 0.5889 0.3428 0.7319
vn 0.6444 0.3120 0.6982
vn 0.6648 0.3188 0.6756
vn 0.2833 -0.9590 -0.0114
vn 0.9882 0.1433 0.0534
vn 0.9124 0.4037 0.0679
vn 0.8715 0.4839 0.0794
vn 0.8407 0.5414 0.0128
vn 0.7091 0.7013 0.0731
vn 0.5370 0.7545 0.3773
vn 0.8844 0.4641 0.0501
vn 0.4066 0.7976 0.4455
vn 0.5090 0.7415 0.4372
vn 0.6368 0.4923 0.5934
vn 0.6882 0.4618 0.5596
vn 0.4990 0.6372 0.5874
vn 0.6640 0.5437 0.5133
vn 0.6606 0.4936 0.5656
vn 0.6096 0.5282 0.5911
vn 0.7033 0.4149 0.5772
vn 0.6841 0.4491 0.5747
vn 0.0673 -0.6974 0.7135
vn 0.0624 -0.6944 0.7169
vn 0.0376 -0.8440 0.5350
vn 0.0628 -0.8526 0.5188
vn -0.0535 -0.9255 0.3750
vn 0.0139 -0.9119 0.4102
vn 0.1201 -0.5067 0.8537
vn 0.1025 -0.4910 0.8651
vn -0.4688 -0.8832 -0.0151
vn -0.4567 -0.8892 -0.0254
vn 0.1974 -0.0607 0.9784
vn 0.1872 -0.0438 0.9813
vn -0.5667 -0.8029 -0.1850
vn -0.5946 -0.7895 -0.1525
vn -0.2017 -0.9762 -0.0796
vn 0.4971 0.8619 0.1005
vn -0.2240 0.8130 0.5375
vn 0.6116 0.7575 0.2285
vn -0.9593 -0.2820 -0.0166
vn 0.3060 0.9098 0.2805
vn 0.1563 0.9177 0.3654
vn 0.0583 0.9333 0.3544
vn 0.3402 0.8268 0.4478
vn 0.3980 0.8033 0.4431
vn 0.3516 0.7824 0.5141
vn 0.6150 0.6537 0.4409
vn 0.6475 0.5581 0.5189
vn 0.4832 0.6598 0.5755
vn 0.6650 0.4548 0.5925
vn 0.6272 0.4820 0.6118
vn 0.7324 0.3183 0.6019
vn 0.6963 0.4001 0.5958
vn 0.7074 0.3609 0.6077
vn 0.7810 0.3213 0.5356
vn 0.8404 0.1599 0.5179
vn 0.7807 0.3164 0.5389
vn -0.0262 -0.9490 0.3142
vn 0.0553 -0.9281 0.3683
vn 0.0685 -0.5062 0.8597
vn 0.0700 -0.5075 0.8588
vn -0.0873 -0.9781 0.1890
vn -0.0453 -0.9750 0.2176
vn 0.1236 -0.3220 0.9386
vn 0.1268 -0.3256 0.9370
vn -0.4655 -0.8671 -0.1776
vn -0.4422 -0.8753 -0.1957
vn -0.4409 -0.7903 -0.4255
vn -0.4706 -0.7855 -0.4019
vn 0.4068 0.2932 0.8652
vn 0.4699 0.3291 0.8191
vn -0.7329 0.6753 0.0824
vn -0.0516 0.9842 0.1694
vn -0.0870 0.9665 0.2414
vn -0.1179 0.9650 0.2343
vn 0.6220 0.6469 0.4412
vn 0.4812 0.7339 0.4794
vn 0.4942 0.7091 0.5029
vn 0.4403 0.7368 0.5131
vn 0.6158 0.5271 0.5856
vn 0.5712 0.5576 0.6024
vn 0.6728 0.3758 0.6373
vn 0.5964 0.4290 0.6784
vn 0.7484 0.1598 0.6437
vn 0.7111 0.2865 0.6420
vn 0.8638 0.0363 0.5026
vn 0.8383 0.1489 0.5245
vn 0.7211 0.2192 0.6572
vn 0.8280 0.1962 0.5253
vn 0.8836 -0.0980 0.4580
vn 0.8274 0.1820 0.5313
vn -0.0681 -0.9797 0.1884
vn -0.0022 -0.9901 0.1406
vn 0.0662 -0.3173 0.9460
vn 0.0703 -0.3219 0.9442
vn -0.0666 -0.9949 -0.0754
vn -0.1174 -0.9924 -0.0371
vn 0.1196 -0.0784 0.9897
vn 0.1279 -0.0890 0.9878
vn -0.3789 -0.8288 -0.4117
vn -0.3902 -0.8277 -0.4034
vn 0.2488 0.2678 0.9308
vn 0.2716 0.2338 0.9336
vn 0.3789 0.8029 0.4602
vn 0.4912 0.7432 0.4543
vn 0.5234 0.7021 0.4828
vn 0.4302 0.7555 0.4942
vn 0.5730 0.6170 0.5394
vn 0.4033 0.7135 0.5729
vn 0.5933 0.4958 0.6342
vn 0.5539 0.5234 0.6475
vn 0.6496 0.2778 0.7077
vn 0.5655 0.3318 0.7550
vn 0.7156 0.0041 0.6985
vn 0.7067 0.1204 0.6972
vn 0.8516 -0.1266 0.5087
vn 0.8429 -0.0159 0.5379
vn 0.8999 -0.2337 0.3682
vn 0.8977 -0.0461 0.4382
vn 0.6893 0.1125 0.7157
vn 0.7902 0.1268 0.5996
vn 0.8226 -0.1087 0.5582
vn 0.7854 0.0912 0.6122
vn -0.0511 -0.9946 -0.0908
vn -0.0701 -0.9947 -0.0754
vn 0.0454 -0.0466 0.9979
vn 0.0692 -0.0778 0.9946
vn -0.1037 -0.9682 -0.2276
vn -0.1171 -0.9692 -0.2168
vn 0.3918 0.8168 0.4235
vn -0.2831 0.9062 0.3140
vn -0.0582 0.9040 0.4236
vn 0.0486 0.8949 0.4435
vn -0.0375 0.9397 0.3400
vn 0.1768 0.8991 0.4004
vn -0.2352 0.9651 0.1153
vn 0.0592 0.9737 0.2201
vn 0.3946 0.7484 0.5331
vn 0.4740 0.7097 0.5212
vn 0.5433 0.5821 0.6050
vn 0.4807 0.6221 0.6180
vn 0.5471 0.4542 0.7031
vn 0.4955 0.4872 0.7191
vn 0.5990 0.2040 0.7744
vn 0.5457 0.2347 0.8045
vn 0.7116 -0.0891 0.6969
vn 0.6428 -0.0524 0.7642
vn 0.7973 -0.2914 0.5286
vn 0.8077 -0.1988 0.5550
vn 0.8523 -0.4388 0.2847
vn 0.8906 -0.2548 0.3766
vn 0.8443 -0.2473 0.4753
vn 0.8366 -0.0660 0.5438
vn -0.1335 -0.9024 -0.4097
vn -0.1278 -0.9006 -0.4154
vn -0.2687 0.9246 0.2701
vn -0.2328 0.9305 0.2829
vn -0.2942 0.9349 0.1985
vn -0.1439 0.9538 0.2639
vn -0.3215 0.9457 0.0486
vn 0.1345 0.9513 0.2773
vn 0.1529 0.9431 0.2953
vn -0.3063 0.9405 0.1474
vn 0.2570 0.7905 0.5560
vn 0.3689 0.7491 0.5503
vn 0.3314 0.6415 0.6918
vn 0.4431 0.5826 0.6813
vn 0.4235 0.4525 0.7848
vn 0.4456 0.4405 0.7793
vn 0.7596 -0.3926 0.5185
vn 0.7120 -0.3810 0.5898
vn 0.7644 -0.6058 0.2207
vn 0.8284 -0.4742 0.2981
vn 0.8087 -0.3770 0.4516
vn 0.8196 -0.2958 0.4906
vn 0.0079 0.4075 0.9132
vn 0.0410 0.3689 0.9286
vn -0.4008 0.9142 0.0601
vn -0.1988 0.9641 0.1763
vn -0.3249 0.9352 0.1412
vn -0.4100 0.9074 0.0917
vn -0.1133 0.9220 0.3701
vn -0.0265 0.9201 0.3908
vn 0.1399 0.7852 0.6033
vn 0.1701 0.7776 0.6054
vn 0.2052 0.6603 0.7225
vn 0.2702 0.6346 0.7241
vn 0.4917 0.1373 0.8599
vn 0.4991 0.1652 0.8506
vn 0.7320 -0.6611 0.1648
vn 0.6818 -0.6884 0.2474
vn 0.7321 -0.5052 0.4569
vn 0.7428 -0.4726 0.4742
vn -0.4992 0.8662 -0.0237
vn -0.3905 0.9189 0.0571
vn -0.5562 0.8309 -0.0175
vn -0.3161 0.9387 0.1373
vn -0.1206 0.9138 0.3879
vn -0.1381 0.9133 0.3831
vn -0.1977 0.7995 0.5672
vn 0.0833 0.7728 0.6291
vn 0.3136 0.4866 0.8154
vn 0.2931 0.4279 0.8550
vn 0.2091 0.0760 0.9749
vn 0.2424 0.1293 0.9615
vn 0.0432 0.1480 0.9880
vn -0.0306 0.1927 0.9808
vn 0.5927 -0.2092 0.7778
vn 0.6127 -0.1499 0.7760
vn 0.6619 -0.5993 0.4503
vn 0.6342 -0.6103 0.4746
vn -0.5920 0.8049 -0.0418
vn -0.5499 0.8352 -0.0051
vn -0.5783 0.8069 0.1207
vn -0.6760 0.7355 0.0463
vn -0.4854 0.7868 0.3812
vn -0.2949 0.8391 0.4570
vn 0.1024 0.6823 0.7238
vn 0.0779 0.6370 0.7669
vn 0.0158 0.4656 0.8849
vn 0.0401 0.4979 0.8663
vn -0.0883 0.4913 0.8665
vn -0.1229 0.5082 0.8524
vn -0.0294 0.2276 0.9733
vn -0.0660 0.1882 0.9799
vn 0.3852 -0.3194 0.8658
vn 0.3788 -0.3285 0.8652
vn 0.1694 -0.3395 0.9252
vn 0.1349 -0.3184 0.9383
vn 0.6328 -0.5351 0.5597
vn 0.6655 -0.4735 0.5770
vn -0.6044 0.7966 0.0055
vn -0.6378 0.7697 -0.0267
vn -0.3733 0.8786 0.2977
vn -0.3060 0.8936 0.3283
vn -0.1945 0.8323 0.5191
vn -0.1120 0.8300 0.5464
vn -0.0859 0.6650 0.7419
vn -0.0763 0.6744 0.7344
vn -0.1453 0.6788 0.7198
vn -0.1844 0.6917 0.6982
vn -0.1066 0.5573 0.8234
vn -0.1715 0.4995 0.8492
vn -0.0459 0.2508 0.9670
vn -0.0193 0.2282 0.9734
vn 0.0837 -0.2786 0.9567
vn 0.0371 -0.3275 0.9441
vn 0.4433 -0.6503 0.6169
vn 0.4245 -0.6688 0.6103
vn 0.2279 -0.7305 0.6438
vn 0.2378 -0.7336 0.6366
vn 0.5822 -0.7983 0.1544
vn 0.6338 -0.7500 0.1892
vn -0.5555 0.8304 -0.0443
vn -0.5305 0.8475 -0.0201
vn -0.5146 0.8565 0.0393
vn -0.4669 0.8812 0.0740
vn -0.1649 0.8842 0.4371
vn -0.2187 0.8863 0.4082
vn -0.2462 0.9548 0.1668
vn -0.2787 0.9494 0.1445
vn -0.2673 0.9568 0.1140
vn -0.3114 0.9475 0.0725
vn -0.1981 0.9013 0.3853
vn -0.2711 0.9050 0.3279
vn -0.1772 0.7152 0.6761
vn -0.2168 0.6844 0.6961
vn -0.0716 0.5751 0.8149
vn -0.0516 0.5619 0.8256
vn 0.1590 -0.7333 0.6611
vn 0.1369 -0.7485 0.6488
vn 0.4306 -0.8908 0.1452
vn 0.3573 -0.9273 0.1119
vn 0.1687 -0.9813 0.0932
vn 0.2491 -0.9676 0.0413
vn 0.5327 -0.7220 0.4415
vn 0.5552 -0.6922 0.4611
vn -0.2838 0.9559 -0.0759
vn -0.3025 0.9485 -0.0936
vn -0.3007 0.9451 -0.1282
vn -0.3175 0.9368 -0.1471
vn -0.2568 0.9472 -0.1918
vn -0.2593 0.9460 -0.1946
vn -0.2901 0.9436 -0.1593
vn -0.2646 0.9556 -0.1297
vn -0.1778 0.9797 0.0924
vn -0.2048 0.9767 0.0637
vn -0.2173 0.9226 0.3186
vn -0.2083 0.9219 0.3268
vn -0.1142 0.7488 0.6529
vn -0.0741 0.7291 0.6804
vn 0.0428 -0.7428 0.6681
vn 0.0424 -0.7426 0.6684
vn 0.1131 -0.9932 0.0284
vn 0.1450 -0.9884 0.0455
vn 0.3626 -0.8273 0.4289
vn 0.2641 -0.8880 0.3763
vn 0.0919 -0.9492 0.3009
vn 0.1704 -0.9539 0.2471
vn -0.1999 0.9550 -0.2191
vn -0.1879 0.9607 -0.2041
vn -0.1901 0.9638 -0.1868
vn -0.1559 0.9775 -0.1424
vn -0.1029 0.9432 0.3160
vn -0.1044 0.9435 0.3145
vn 0.0407 -0.9981 0.0455
vn 0.0662 -0.9974 0.0293
vn 0.0629 -0.9765 0.2062
vn 0.1235 -0.9609 0.2479
vn 0.0726 -0.9821 0.1737
vn 0.0312 -0.9780 0.2061
vn -0.0722 -0.9105 -0.4072
vn -0.0637 -0.9067 -0.4168
vn 0.0584 0.3098 0.9490
vn 0.1046 0.3671 0.9243
vn -0.5225 -0.8368 -0.1635
vn -0.5131 -0.8409 -0.1721
vn -0.5149 -0.8572 0.0074
vn -0.4879 -0.8726 -0.0212
vn -0.4320 -0.8391 0.3306
vn -0.4236 -0.8463 0.3230
vn -0.2972 -0.7748 0.5580
vn -0.3224 -0.7493 0.5784
vn -0.1915 -0.6972 0.6908
vn -0.2051 -0.6820 0.7020
vn -0.0403 -0.5772 0.8156
vn -0.0970 -0.5838 0.8061
vn 0.0662 -0.4450 0.8931
vn 0.0300 -0.4573 0.8888
vn 0.1584 -0.2593 0.9527
vn 0.1443 -0.2669 0.9528
vn 0.2539 -0.0340 0.9666
vn 0.2270 -0.0519 0.9725
vn 0.3200 0.2501 0.9138
vn 0.3915 0.2982 0.8706
vn -0.4699 -0.7617 -0.4461
vn -0.5021 -0.7572 -0.4179
vn -0.5782 -0.7935 -0.1899
vn -0.5842 -0.7910 -0.1817
vn -0.5574 -0.8235 0.1057
vn -0.5459 -0.8338 0.0830
vn -0.4452 -0.8298 0.3366
vn -0.4619 -0.8097 0.3619
vn -0.3461 -0.7469 0.5677
vn -0.3381 -0.7589 0.5565
vn -0.2375 -0.6526 0.7195
vn -0.2364 -0.6547 0.7180
vn -0.0940 -0.5375 0.8380
vn -0.1046 -0.5378 0.8366
vn 0.0634 -0.4065 0.9114
vn 0.0300 -0.4128 0.9103
vn 0.1574 -0.2639 0.9516
vn 0.1791 -0.2559 0.9500
vn 0.3622 0.0169 0.9320
vn 0.3101 -0.0096 0.9506
vn 0.4879 0.3221 0.8113
vn 0.5410 0.3474 0.7659
vn 0.6438 0.1596 0.7483
vn 0.6796 0.0514 0.7318
vn 0.6858 0.0768 0.7237
vn 0.7113 -0.0279 0.7023
vn 0.7051 -0.0439 0.7077
vn 0.7175 -0.1266 0.6850
vn 0.6776 -0.1996 0.7078
vn 0.6786 -0.2583 0.6876
vn 0.6115 -0.3487 0.7103
vn 0.6069 -0.3786 0.6988
vn 0.0816 -0.7555 0.6500
vn 0.0455 -0.7762 0.6289
vn 0.0325 -0.7770 0.6287
vn 0.0203 -0.7838 0.6206
vn -0.0639 -0.9732 -0.2210
vn -0.0554 -0.9719 -0.2287
vn -0.2066 -0.8529 -0.4795
vn -0.1612 -0.8409 -0.5166
vn -0.1431 -0.8723 -0.4676
vn -0.0628 -0.8379 -0.5422
vn -0.0591 -0.8415 -0.5370
vn -0.0701 -0.8486 -0.5243
vn -0.0460 -0.8692 -0.4923
vn -0.0480 -0.8703 -0.4901
vn -0.1282 -0.9400 -0.3161
vn -0.0198 -0.8937 -0.4482
vn -0.1037 -0.9933 0.0518
vn 0.0263 -0.9919 -0.1239
vn 0.0328 -0.8698 0.4923
vn 0.1325 -0.9435 0.3036
vn 0.2111 -0.7835 0.5845
vn 0.2026 -0.7833 0.5877
vn 0.3330 -0.6685 0.6649
vn 0.3730 -0.6702 0.6417
vn 0.3977 -0.5370 0.7440
vn 0.4871 -0.5456 0.6820
vn 0.5438 -0.2992 0.7840
vn 0.6412 -0.3152 0.6996
vn 0.6698 -0.0872 0.7374
vn 0.7214 -0.1051 0.6845
vn -0.5338 -0.7247 -0.4357
vn -0.5360 -0.7211 -0.4390
vn -0.5309 -0.7146 -0.4556
vn -0.5231 -0.7097 -0.4719
vn -0.6322 -0.6835 -0.3650
vn -0.6612 -0.6276 -0.4110
vn -0.6338 -0.6823 -0.3644
vn -0.6040 -0.7342 -0.3100
vn -0.5895 -0.7444 -0.3136
vn -0.5832 -0.7537 -0.3029
vn -0.5650 -0.7662 -0.3063
vn -0.5675 -0.7630 -0.3096
vn -0.5520 -0.7732 -0.3122
vn -0.5324 -0.7951 -0.2903
vn -0.4970 -0.8161 -0.2948
vn -0.5018 -0.8114 -0.2998
vn -0.4212 -0.8529 -0.3085
vn -0.4431 -0.8476 -0.2918
vn -0.1137 -0.9428 -0.3134
vn -0.1317 -0.9457 -0.2970
vn -0.0536 -0.9420 -0.3312
vn -0.0698 -0.9467 -0.3144
vn -0.0891 0.9697 -0.2274
vn -0.0782 0.9737 -0.2141
vn -0.1327 0.9725 -0.1913
vn -0.0924 0.9856 -0.1414
vn -0.0957 0.9914 0.0892
vn -0.1358 0.9897 0.0447
vn -0.3735 -0.7111 -0.5957
vn -0.3331 -0.6778 -0.6554
vn -0.4914 -0.5904 -0.6403
vn -0.4707 -0.5800 -0.6648
vn -0.4186 -0.6060 -0.6764
vn -0.3882 -0.6567 -0.6466
vn -0.3752 -0.6814 -0.6284
vn -0.4203 -0.6103 -0.6714
vn -0.3052 -0.7315 -0.6098
vn -0.3486 -0.7561 -0.5539
vn -0.3230 -0.7633 -0.5595
vn -0.2315 -0.8179 -0.5267
vn -0.4693 -0.5719 -0.6729
vn -0.4485 -0.5639 -0.6934
vn -0.4169 -0.5802 -0.6997
vn -0.4459 -0.5975 -0.6665
vn -0.3619 -0.6964 -0.6197
vn -0.3764 -0.6809 -0.6283
vn -0.3963 -0.7169 -0.5735
vn -0.3391 -0.7049 -0.6230
vn -0.0850 -0.9079 -0.4104
vn 0.2487 -0.8252 -0.5071
vn -0.4938 -0.5890 -0.6397
vn -0.5586 -0.6021 -0.5705
vn -0.0740 -0.8710 -0.4856
vn -0.1371 -0.8423 -0.5213
vn 0.2511 -0.9311 -0.2645
vn 0.5927 -0.7498 -0.2942
vn -0.5095 -0.6720 -0.5374
vn -0.4982 -0.6721 -0.5478
vn -0.4963 -0.6732 -0.5481
vn -0.5143 -0.6304 -0.5815
vn -0.4829 -0.5637 -0.6701
vn -0.4640 -0.6065 -0.6456
vn 0.2611 -0.9254 -0.2747
vn 0.0820 -0.8864 -0.4557
vn -0.2167 -0.9632 -0.1592
vn 0.8756 -0.4800 -0.0530
vn -0.4298 -0.6316 -0.6452
vn -0.4709 -0.6352 -0.6121
vn -0.4456 -0.6167 -0.6489
vn -0.4558 -0.6179 -0.6406
vn -0.5753 -0.7720 -0.2703
vn 0.3037 -0.9168 -0.2594
vn 0.9796 -0.0907 0.1791
vn -0.9277 0.3403 -0.1537
vn -0.3941 -0.7525 -0.5277
vn -0.4001 -0.7524 -0.5233
vn 0.7871 -0.6103 0.0895
vn -0.8350 -0.4831 -0.2634
vn -0.9720 -0.1634 -0.1686
vn -0.9622 0.2368 -0.1349
vn -0.2682 0.9563 0.1167
vn -0.3195 0.9423 0.1003
vn -0.3188 -0.7856 -0.5303
vn -0.3367 -0.7863 -0.5180
vn -0.3555 -0.7162 -0.6006
vn -0.3616 -0.7165 -0.5966
vn -0.8383 -0.4769 -0.2641
vn -0.6486 0.7582 -0.0669
vn -0.4483 0.8937 -0.0172
vn -0.4471 0.8933 -0.0467
vn -0.2864 -0.7464 -0.6007
vn -0.2957 -0.7325 -0.6132
vn -0.1263 -0.8484 -0.5140
vn -0.1269 -0.8487 -0.5135
vn -0.4430 0.8875 0.1272
vn -0.4450 0.8874 0.1204
vn -0.5146 0.8564 0.0414
vn -0.3867 0.9150 0.1147
vn -0.1179 -0.7954 -0.5945
vn -0.1194 -0.7963 -0.5930
vn -0.5839 0.8117 -0.0138
vn -0.5739 0.8189 -0.0076
vn -0.6160 0.7838 -0.0786
vn -0.6008 0.7994 -0.0070
vn -0.5099 0.8598 -0.0271
vn -0.4288 0.9030 0.0280
vn -0.5933 0.7921 -0.1433
vn -0.5831 0.8083 -0.0822
vn -0.6197 0.7736 -0.1321
vn -0.5024 0.8642 -0.0288
vn -0.6403 0.7480 -0.1743
vn -0.6385 0.7576 -0.1353
vn -0.6064 0.7879 -0.1072
vn -0.6285 0.7669 -0.1297
vn -0.6232 0.7674 -0.1508
vn -0.6200 0.7642 -0.1776
vn -0.6065 0.7925 -0.0647
vn -0.6374 0.7639 -0.1003
vn -0.6172 0.7796 -0.1062
vn -0.6050 0.7811 -0.1544
vn -0.5719 0.8123 -0.1146
vn -0.5718 0.8124 -0.1145
vn -0.5680 0.8187 -0.0846
vn -0.5611 0.8242 -0.0766
vn -0.3187 0.9379 -0.1370
vn -0.3376 0.9272 -0.1621
vn -0.3381 0.9275 -0.1593
vn -0.3701 0.9056 -0.2071
vn -0.2587 0.9454 -0.1984
vn -0.2650 0.9420 -0.2059
vn -0.2045 0.9539 -0.2199
vn -0.2004 0.9558 -0.2150
vn -0.0572 -0.7908 -0.6093
vn -0.0711 -0.8017 -0.5935
vn -0.0647 -0.8593 -0.5074
vn -0.0585 -0.8554 -0.5146
vn -0.3879 -0.6913 -0.6097
vn -0.4077 -0.6918 -0.5960
vn -0.4407 -0.7302 -0.5222
vn -0.4400 -0.7302 -0.5227
vn -0.2022 0.9506 -0.2356
vn -0.2076 0.9478 -0.2420
vn -0.2589 0.9367 -0.2356
vn -0.2541 0.9396 -0.2293
vn -0.0949 0.9637 -0.2497
vn -0.1032 0.9604 -0.2587
vn -0.2730 -0.7633 -0.5856
vn -0.3901 -0.7622 -0.5166
vn -0.2580 -0.8254 -0.5022
vn -0.2171 -0.8205 -0.5288
vn -0.4324 -0.6690 -0.6045
vn -0.4406 -0.6521 -0.6170
vn -0.5083 -0.6917 -0.5130
vn -0.4734 -0.6933 -0.5434
vn -0.0775 0.9702 -0.2298
vn -0.0949 0.9638 -0.2492
vn 0.5196 -0.3217 0.7915
vn 0.5616 -0.3465 0.7514
vn 0.5885 -0.0207 0.8083
vn 0.6129 -0.0440 0.7889
vn 0.4480 -0.0246 0.8937
vn 0.4397 -0.0608 0.8961
vn 0.5991 0.2026 0.7746
vn 0.6945 0.2556 0.6726
vn 0.5099 0.3417 0.7894
vn 0.5137 0.3945 0.7619
vn 0.4219 0.4274 0.7996
vn 0.3593 0.2797 0.8903
vn 0.5100 0.3636 0.7795
vn 0.4274 0.4783 0.7671
vn 0.4268 0.4151 0.8034
vn 0.4387 0.4478 0.7791
vn 0.4759 0.2663 0.8382
vn 0.6006 0.1369 0.7877
vn 0.5305 0.3556 0.7695
vn 0.5471 0.3332 0.7679
vn 0.5937 0.2071 0.7776
vn 0.6359 0.0961 0.7657
vn 0.0251 -0.2597 0.9654
vn 0.0024 -0.2819 0.9594
vn 0.0897 -0.7452 0.6608
vn 0.1091 -0.7520 0.6501
vn 0.1235 -0.7148 0.6883
vn 0.2694 -0.6073 0.7474
vn 0.4168 -0.5434 0.7287
vn 0.4085 -0.5593 0.7213
vn 0.5205 -0.4687 0.7137
vn 0.5191 -0.4730 0.7119
vn 0.6580 -0.2107 0.7229
vn 0.6668 -0.0812 0.7408
vn -0.4626 0.8765 -0.1335
vn -0.4673 0.8729 -0.1401
vn -0.4651 0.8783 -0.1108
vn -0.4629 0.8798 -0.1082
vn -0.4534 0.8881 -0.0757
vn -0.4643 0.8814 -0.0873
vn -0.4151 0.9098 0.0037
vn -0.4495 0.8929 -0.0262
vn -0.2754 0.9235 0.2671
vn -0.3827 0.9008 0.2051
vn -0.1069 0.8600 0.4989
vn -0.2234 0.8653 0.4486
vn 0.0403 0.6725 0.7390
vn 0.0052 0.6832 0.7302
vn 0.1990 0.4676 0.8613
vn 0.1427 0.4913 0.8592
vn 0.3879 0.1026 0.9160
vn 0.3599 0.1161 0.9257
vn 0.4820 -0.2587 0.8371
vn 0.5196 -0.2758 0.8087
vn 0.5238 -0.5946 0.6100
vn 0.5594 -0.6020 0.5699
vn 0.4716 -0.8652 0.1702
vn 0.5089 -0.8498 0.1375
vn 0.4207 -0.7897 0.4465
vn 0.4583 -0.7816 0.4232
vn 0.3411 -0.5763 0.7426
vn 0.3239 -0.5997 0.7318
vn 0.1214 -0.7403 0.6613
vn 0.1832 -0.7010 0.6892
vn 0.2838 -0.9119 0.2965
vn 0.1585 -0.9125 0.3770
vn 0.3314 -0.9399 0.0815
vn 0.2758 -0.9538 0.1192
vn 0.3512 -0.7011 0.6206
vn 0.3341 -0.6972 0.6343
vn 0.2488 -0.3261 0.9120
vn 0.2950 -0.3499 0.8891
vn 0.0568 0.1502 0.9870
vn 0.1377 0.1080 0.9846
vn -0.0694 0.4948 0.8662
vn -0.0398 0.4825 0.8750
vn -0.1553 0.6766 0.7198
vn -0.1151 0.6659 0.7371
vn -0.2333 0.8916 0.3882
vn -0.2036 0.8911 0.4057
vn -0.2660 0.9572 0.1138
vn -0.2360 0.9623 0.1353
vn -0.3061 0.9390 -0.1565
vn -0.2512 0.9622 -0.1052
vn -0.3346 0.9256 -0.1772
vn -0.3071 0.9399 -0.1493
vn -0.3545 0.9171 -0.1823
vn -0.3373 0.9273 -0.1622
vn -0.3568 0.9075 -0.2216
vn -0.3482 0.9136 -0.2100
vn 0.5665 0.2471 0.7862
vn 0.5938 0.1935 0.7810
vn 0.5894 0.3530 0.7266
vn 0.5246 0.2718 0.8068
vn 0.5932 0.4716 0.6524
vn 0.5103 0.4124 0.7547
vn 0.6131 0.5360 0.5804
vn 0.5217 0.5275 0.6705
vn 0.5419 0.6597 0.5206
vn 0.3807 0.6864 0.6196
vn 0.3614 0.7893 0.4964
vn 0.3876 0.7520 0.5331
vn 0.2669 0.8711 0.4122
vn 0.2949 0.8200 0.4905
vn 0.6514 0.6534 0.3856
vn 0.6516 0.6361 0.4132
vn 0.6111 0.6905 0.3870
vn 0.5586 0.7228 0.4069
vn 0.4481 0.7937 0.4114
vn 0.4577 0.8138 0.3580
vn 0.0337 0.9323 0.3601
vn 0.0352 0.9323 0.3600
vn -0.4603 0.8458 0.2697
vn -0.4351 0.8846 0.1677
vn -0.9124 0.3864 -0.1350
vn -0.1059 0.9901 0.0920
vn -0.3324 0.9424 -0.0362
vn -0.3509 0.9361 -0.0230
vn -0.1639 -0.7719 -0.6142
vn -0.1895 -0.7822 -0.5935
vn -0.2032 -0.8291 -0.5208
vn -0.2149 -0.8324 -0.5108
vn -0.2283 -0.8715 -0.4340
vn -0.2621 -0.8761 -0.4047
vn -0.2625 -0.9199 -0.2914
vn -0.2795 -0.9190 -0.2781
vn -0.2802 -0.9437 -0.1758
vn -0.2325 -0.9495 -0.2105
vn -0.2532 -0.9674 -0.0037
vn -0.2132 -0.9765 -0.0325
vn -0.1665 -0.9608 0.2217
vn -0.2112 -0.9450 0.2496
vn -0.0829 -0.9056 0.4160
vn -0.1681 -0.8692 0.4650
vn -0.0079 -0.8153 0.5790
vn -0.0599 -0.7879 0.6128
vn 0.0286 -0.6812 0.7316
vn 0.0162 -0.6720 0.7404
vn 0.0545 -0.4893 0.8704
vn 0.0519 -0.4867 0.8720
vn 0.0942 -0.3245 0.9412
vn 0.0757 -0.3016 0.9504
vn 0.1215 -0.0887 0.9886
vn 0.1146 -0.0791 0.9903
vn 0.1388 0.3043 0.9424
vn 0.1090 0.2743 0.9554
vn -0.2215 -0.7585 -0.6129
vn -0.2240 -0.7552 -0.6160
vn -0.2585 -0.8154 -0.5180
vn -0.2626 -0.8110 -0.5228
vn -0.2672 -0.8614 -0.4320
vn -0.2985 -0.8620 -0.4098
vn -0.3145 -0.9081 -0.2764
vn -0.3426 -0.8900 -0.3010
vn -0.3729 -0.9126 -0.1677
vn -0.4152 -0.8878 -0.1986
vn -0.4464 -0.8948 0.0095
vn -0.4802 -0.8771 -0.0140
vn -0.4811 -0.8402 0.2502
vn -0.3675 -0.8749 0.3154
vn -0.3412 -0.8181 0.4629
vn -0.1995 -0.8274 0.5250
vn -0.1747 -0.7639 0.6212
vn -0.0958 -0.7562 0.6473
vn -0.0055 -0.6690 0.7432
vn -0.0516 -0.6276 0.7768
vn 0.0563 -0.4871 0.8715
vn 0.0445 -0.4737 0.8796
vn 0.1173 -0.3053 0.9450
vn 0.0983 -0.2794 0.9551
vn 0.1774 -0.0856 0.9804
vn 0.1568 -0.0543 0.9861
vn 0.1990 0.2619 0.9444
vn 0.2098 0.2465 0.9462
vn -0.9806 -0.1253 -0.1509
vn -0.9617 -0.1044 -0.2535
vn -0.8074 0.4858 -0.3348
vn -0.8227 0.4511 -0.3459
vn -0.5494 0.6461 -0.5298
vn -0.5340 0.6418 -0.5504
vn -0.3440 0.7276 -0.5936
vn -0.3673 0.7356 -0.5691
vn 0.2981 0.7500 -0.5904
vn 0.3347 0.7216 -0.6060
vn -0.0874 0.8209 -0.5644
vn -0.1056 0.8104 -0.5763
vn 0.5207 0.4677 -0.7142
vn 0.5647 0.4791 -0.6720
vn 0.4989 0.3952 -0.7713
vn 0.5930 0.4124 -0.6916
vn -0.7218 0.5469 -0.4241
vn -0.6558 0.6454 -0.3918
vn -0.6273 0.6271 -0.4618
vn -0.5931 0.6159 -0.5185
vn -0.9074 -0.0962 -0.4092
vn -0.9615 -0.1050 -0.2539
vn -0.8640 -0.1981 -0.4629
vn -0.8207 -0.2053 -0.5332
vn -0.0318 -0.6380 -0.7693
vn 0.0424 -0.6092 -0.7919
vn 0.3413 -0.5495 -0.7626
vn 0.2649 -0.6143 -0.7432
vn 0.6306 -0.2787 -0.7244
vn 0.6131 -0.3501 -0.7082
vn 0.4328 -0.4797 -0.7633
vn 0.4807 -0.4868 -0.7293
vn -0.6123 -0.3768 -0.6951
vn -0.5972 -0.3772 -0.7079
vn 0.5989 0.1066 -0.7937
vn 0.5987 0.0966 -0.7952
vn -0.2281 0.7866 -0.5738
vn -0.2417 0.7765 -0.5819
vn 0.0298 0.7946 -0.6065
vn 0.1068 0.8288 -0.5492
vn 0.3329 0.7221 -0.6065
vn 0.4653 0.5948 -0.6555
vn 0.1371 0.7942 -0.5920
vn 0.1810 0.7699 -0.6120
vn 0.6968 -0.0172 -0.7170
vn 0.7906 0.0403 -0.6110
vn -0.3882 -0.5563 -0.7347
vn -0.4198 -0.5292 -0.7374
vn 0.5696 -0.3815 -0.7280
vn 0.5600 -0.4040 -0.7233
vn -0.7360 -0.2759 -0.6182
vn -0.7132 -0.2804 -0.6425
vn 0.7031 0.0081 -0.7110
vn 0.6523 0.1704 -0.7386
vn -0.2978 -0.5847 -0.7546
vn -0.2815 -0.5822 -0.7628
vn -0.5011 -0.4926 -0.7115
vn -0.5817 -0.3968 -0.7101
vn 0.7273 -0.1425 -0.6713
vn 0.7197 -0.1429 -0.6794
vn 0.6662 -0.2374 -0.7070
vn 0.6683 -0.2172 -0.7115
vn 0.5529 0.2224 -0.8030
vn 0.6550 0.2259 -0.7211
vn 0.5955 0.1137 -0.7953
vn 0.6374 0.0978 -0.7643
vn 0.6103 0.1183 -0.7833
vn 0.5779 0.1689 -0.7985
vn -0.4212 0.6957 -0.5819
vn -0.4112 0.7056 -0.5770
vn 0.4570 0.5981 -0.6584
vn 0.3863 0.5751 -0.7211
vn -0.8981 0.2987 -0.3227
vn -0.7596 0.6302 -0.1605
vn 0.1356 -0.6434 -0.7534
vn 0.1843 -0.6148 -0.7669
vn -0.7919 -0.2492 -0.5574
vn -0.7486 -0.2617 -0.6092
vn -0.0887 -0.6137 -0.7846
vn -0.0699 -0.6082 -0.7907
vn 0.6488 0.0515 -0.7592
vn 0.6071 0.1443 -0.7814
vn -0.9032 0.4290 0.0109
vn -0.9034 0.3908 -0.1763
vn 0.9168 -0.1339 -0.3761
vn 0.9843 -0.1378 -0.1105
vn 0.6588 0.7292 -0.1852
vn 0.7884 0.5541 -0.2673
vn 0.4523 0.6669 -0.5922
vn 0.5004 0.6839 -0.5310
vn 0.3101 0.7032 -0.6398
vn 0.3105 0.7034 -0.6394
vn -0.3886 0.7920 -0.4709
vn -0.3002 0.8351 -0.4609
vn 0.0877 0.8016 -0.5913
vn 0.0663 0.8198 -0.5687
vn -0.6909 0.5238 -0.4983
vn -0.6170 0.5023 -0.6058
vn -0.7352 0.4251 -0.5280
vn -0.5844 0.3968 -0.7078
vn 0.5472 0.7629 -0.3442
vn 0.6810 0.6058 -0.4115
vn 0.5292 0.6652 -0.5267
vn 0.5790 0.6825 -0.4460
vn 0.9750 0.0029 -0.2224
vn 0.8957 0.0097 -0.4446
vn 0.7735 -0.0636 -0.6306
vn 0.8534 -0.0537 -0.5184
vn -0.0188 -0.2185 -0.9757
vn -0.0265 -0.2171 -0.9758
vn -0.2165 -0.2365 -0.9472
vn -0.2525 -0.2229 -0.9416
vn -0.5333 -0.1733 -0.8280
vn -0.6170 -0.1114 -0.7790
vn -0.4198 -0.2150 -0.8818
vn -0.3912 -0.2027 -0.8977
vn 0.5618 -0.1235 -0.8180
vn 0.5976 -0.1238 -0.7922
vn -0.7395 -0.0998 -0.6658
vn -0.7411 -0.0437 -0.6699
vn 0.1911 0.7662 -0.6135
vn 0.2123 0.7434 -0.6343
vn -0.1046 0.8652 -0.4904
vn -0.0425 0.8271 -0.5604
vn -0.5499 0.6683 -0.5010
vn -0.3605 0.7959 -0.4864
vn -0.1767 0.8335 -0.5234
vn -0.1336 0.8449 -0.5180
vn -0.8190 -0.0098 -0.5737
vn -0.7228 -0.0946 -0.6845
vn 0.2735 -0.2641 -0.9249
vn 0.3866 -0.1927 -0.9019
vn -0.4594 -0.1991 -0.8656
vn -0.5001 -0.1748 -0.8481
vn 0.6045 -0.1036 -0.7898
vn 0.6611 -0.0987 -0.7438
vn -0.7290 0.0166 -0.6843
vn -0.7355 -0.0609 -0.6748
vn 0.2351 -0.1977 -0.9516
vn 0.3234 -0.2083 -0.9231
vn 0.5054 -0.1603 -0.8479
vn 0.4245 -0.2228 -0.8776
vn -0.6968 -0.2234 -0.6816
vn -0.2152 -0.2925 -0.9318
vn -0.5255 -0.1958 -0.8280
vn -0.6264 -0.1091 -0.7719
vn -0.7912 0.1897 -0.5814
vn -0.6197 0.1885 -0.7619
vn -0.7474 0.0051 -0.6643
vn -0.7094 0.0221 -0.7045
vn -0.7519 -0.1642 -0.6385
vn -0.6982 -0.0252 -0.7154
vn 0.3371 0.7301 -0.5944
vn 0.4079 0.6463 -0.6449
vn -0.4486 0.6245 -0.6393
vn -0.5575 0.6659 -0.4958
vn 0.7183 0.6939 -0.0500
vn 0.8798 0.4420 -0.1748
vn -0.1816 -0.2287 -0.9564
vn -0.1622 -0.2349 -0.9584
vn 0.5952 -0.1388 -0.7915
vn 0.7140 -0.1182 -0.6901
vn 0.1117 -0.1999 -0.9734
vn 0.1765 -0.2087 -0.9619
vn -0.7017 -0.0967 -0.7058
vn -0.7077 -0.1253 -0.6953
vn 0.5954 0.8024 -0.0403
vn 0.4314 0.8535 0.2924
vn 0.6151 0.7591 -0.2130
vn 0.6079 0.7675 -0.2033
vn 0.6284 0.7487 -0.2113
vn 0.6326 0.7436 -0.2162
vn 0.6455 0.7425 -0.1792
vn 0.6917 0.6869 -0.2230
vn 0.6804 0.6977 -0.2242
vn 0.6695 0.7118 -0.2125
vn 0.1933 0.8987 -0.3938
vn 0.1811 0.9076 -0.3788
vn 0.0830 0.9177 -0.3886
vn 0.0939 0.9116 -0.4001
vn 0.5782 0.7891 -0.2076
vn 0.5707 0.7972 -0.1969
vn 0.3607 0.8995 -0.2465
vn 0.4031 0.8582 -0.3178
vn 0.7374 0.6522 -0.1756
vn 0.6915 0.7099 -0.1334
vn 0.4071 -0.6966 -0.5908
vn 0.4458 -0.6586 -0.6062
vn 0.0796 -0.8216 -0.5644
vn 0.4304 -0.7775 -0.4586
vn 0.2611 -0.6731 -0.6920
vn 0.2565 -0.6720 -0.6947
vn 0.3121 -0.6545 -0.6886
vn 0.3061 -0.6652 -0.6810
vn 0.3672 -0.6349 -0.6798
vn 0.3643 -0.6405 -0.6760
vn 0.4331 -0.5844 -0.6862
vn 0.3932 -0.5766 -0.7162
vn 0.4200 -0.6061 -0.6755
vn 0.3960 -0.6028 -0.6927
vn 0.4160 -0.6080 -0.6762
vn 0.4453 -0.6213 -0.6447
vn 0.0514 -0.7120 -0.7003
vn 0.0580 -0.7184 -0.6932
vn 0.0847 -0.7087 -0.7004
vn 0.0884 -0.7115 -0.6971
vn 0.3497 -0.7134 -0.6073
vn 0.4131 -0.6390 -0.6489
vn 0.4061 -0.6795 -0.6110
vn 0.3932 -0.6920 -0.6054
vn 0.4713 -0.5447 -0.6937
vn 0.4655 -0.5425 -0.6993
vn 0.4822 -0.5710 -0.6645
vn 0.4517 -0.5562 -0.6976
vn 0.4503 -0.5510 -0.7026
vn 0.4470 -0.5501 -0.7054
vn 0.0209 -0.9371 -0.3484
vn 0.0800 -0.9069 -0.4136
vn 0.2598 -0.8709 -0.4172
vn 0.6916 -0.6223 -0.3666
vn 0.6641 0.7358 -0.1325
vn 0.6743 0.7251 -0.1402
vn 0.8985 -0.3164 -0.3044
vn 0.3466 -0.8856 -0.3092
vn 0.7782 0.6034 -0.1738
vn 0.7881 0.5914 -0.1709
vn 0.5323 0.8376 -0.1229
vn 0.5494 0.8251 -0.1317
vn 0.2272 0.8990 -0.3745
vn 0.2180 0.9066 -0.3613
vn 0.3969 -0.6211 -0.6758
vn 0.3910 -0.6205 -0.6798
vn 0.4611 0.8616 -0.2121
vn 0.4747 0.8487 -0.2332
vn 0.3264 0.8872 -0.3261
vn 0.3395 0.8745 -0.3463
vn 0.3975 0.9161 -0.0517
vn 0.5923 0.7936 -0.1393
vn 0.1452 -0.7020 -0.6973
vn 0.1339 -0.6961 -0.7053
vn 0.1896 -0.6919 -0.6967
vn 0.1757 -0.6868 -0.7053
vn -0.6079 0.7675 -0.2033
vn -0.6151 0.7591 -0.2130
vn -0.6326 0.7436 -0.2162
vn -0.6284 0.7487 -0.2113
vn -0.6917 0.6869 -0.2230
vn -0.6455 0.7425 -0.1792
vn -0.6695 0.7118 -0.2125
vn -0.6804 0.6977 -0.2242
vn -0.1811 0.9076 -0.3788
vn -0.1933 0.8987 -0.3938
vn -0.0939 0.9116 -0.4001
vn -0.0830 0.9177 -0.3886
vn -0.5707 0.7972 -0.1969
vn -0.5782 0.7891 -0.2076
vn -0.4031 0.8582 -0.3178
vn -0.3607 0.8995 -0.2465
vn -0.6915 0.7099 -0.1334
vn -0.7374 0.6522 -0.1756
vn -0.4446 -0.6594 -0.6062
vn -0.4054 -0.6976 -0.5907
vn -0.4474 -0.7675 -0.4591
vn -0.1204 -0.8118 -0.5714
vn -0.2575 -0.6750 -0.6914
vn -0.2599 -0.6756 -0.6899
vn -0.3111 -0.6581 -0.6856
vn -0.3121 -0.6565 -0.6868
vn -0.3600 -0.6374 -0.6812
vn -0.3537 -0.6496 -0.6730
vn -0.3903 -0.5834 -0.7123
vn -0.4286 -0.5902 -0.6841
vn -0.3985 -0.6052 -0.6891
vn -0.4121 -0.6071 -0.6794
vn -0.4371 -0.6086 -0.6622
vn -0.4197 -0.5998 -0.6813
vn -0.0679 -0.7180 -0.6928
vn -0.0601 -0.7104 -0.7013
vn -0.1053 -0.7055 -0.7008
vn -0.4192 -0.6180 -0.6651
vn -0.3771 -0.6708 -0.6386
vn -0.4497 -0.6340 -0.6292
vn -0.4049 -0.6803 -0.6110
vn -0.4442 -0.5481 -0.7087
vn -0.4428 -0.5476 -0.7100
vn -0.4394 -0.5494 -0.7107
vn -0.4771 -0.5683 -0.6704
vn -0.4425 -0.5574 -0.7025
vn -0.4320 -0.5546 -0.7112
vn -0.0800 -0.9069 -0.4136
vn -0.0209 -0.9371 -0.3484
vn -0.6916 -0.6223 -0.3666
vn -0.2598 -0.8709 -0.4172
vn -0.6743 0.7251 -0.1402
vn -0.6641 0.7358 -0.1325
vn -0.3466 -0.8856 -0.3092
vn -0.8985 -0.3164 -0.3044
vn -0.7881 0.5914 -0.1709
vn -0.7782 0.6034 -0.1738
vn -0.5494 0.8251 -0.1317
vn -0.5323 0.8376 -0.1229
vn -0.2180 0.9066 -0.3613
vn -0.2272 0.8990 -0.3745
vn -0.3748 -0.6251 -0.6846
vn -0.4003 -0.6276 -0.6677
vn -0.4747 0.8487 -0.2332
vn -0.4611 0.8616 -0.2121
vn -0.3395 0.8745 -0.3463
vn -0.3264 0.8872 -0.3261
vn -0.5923 0.7936 -0.1393
vn -0.3975 0.9161 -0.0517
vn -0.1564 -0.7053 -0.6914
vn -0.1438 -0.6989 -0.7006
vn -0.1928 -0.6965 -0.6911
vn -0.1897 -0.6954 -0.6931
s 0
f 874//1 12//1 871//1
f 874//2 871//2 873//2
f 871//3 12//3 1493//3
f 871//4 1493//4 1492//4
f 18//5 1190//5 1191//5
f 18//6 1191//6 17//6
f 21//7 20//7 23//7
f 21//8 23//8 26//8
f 24//9 23//9 20//9
f 24//10 20//10 22//10
f 25//11 21//11 26//11
f 25//12 26//12 29//12
f 67//13 63//13 26//13
f 67//14 26//14 23//14
f 908//15 909//15 1155//15
f 908//16 1155//16 1201//16
f 909//17 910//17 1150//17
f 909//18 1150//18 1155//18
f 27//19 30//19 2219//19
f 27//20 2219//20 2218//20
f 63//21 28//21 29//21
f 63//22 29//22 26//22
f 2172//23 1165//23 2221//23
f 2172//24 2221//24 2220//24
f 31//25 27//25 2218//25
f 31//26 2218//26 2217//26
f 1633//27 1634//27 38//27
f 1633//28 38//28 39//28
f 33//29 32//29 36//29
f 33//30 36//30 50//30
f 34//31 33//31 50//31
f 34//32 50//32 49//32
f 34//33 49//33 721//33
f 34//34 721//34 720//34
f 736//35 42//35 383//35
f 736//36 383//36 735//36
f 36//37 32//37 1180//37
f 36//38 1180//38 1121//38
f 37//39 36//39 1121//39
f 37//40 1121//40 1124//40
f 857//41 858//41 39//41
f 857//42 39//42 38//42
f 42//43 41//43 384//43
f 42//44 384//44 383//44
f 44//45 43//45 41//45
f 44//46 41//46 42//46
f 737//47 44//47 42//47
f 737//48 42//48 736//48
f 47//49 53//49 723//49
f 47//50 723//50 722//50
f 47//51 48//51 51//51
f 47//52 51//52 53//52
f 48//53 47//53 49//53
f 48//54 49//54 50//54
f 37//55 48//55 50//55
f 37//56 50//56 36//56
f 48//57 37//57 52//57
f 48//58 52//58 51//58
f 52//59 37//59 1124//59
f 52//60 1124//60 1122//60
f 52//61 539//61 538//61
f 52//62 538//62 51//62
f 539//63 52//63 1122//63
f 539//64 1122//64 1123//64
f 44//65 737//65 738//65
f 44//66 738//66 56//66
f 44//67 56//67 55//67
f 44//68 55//68 43//68
f 535//69 56//69 738//69
f 535//70 738//70 739//70
f 53//71 537//71 724//71
f 53//72 724//72 723//72
f 61//73 57//73 43//73
f 61//74 43//74 55//74
f 57//75 59//75 58//75
f 57//76 58//76 60//76
f 59//77 57//77 61//77
f 59//78 61//78 62//78
f 43//79 57//79 60//79
f 43//80 60//80 41//80
f 384//81 41//81 60//81
f 384//82 60//82 385//82
f 533//83 61//83 55//83
f 533//84 55//84 534//84
f 61//85 533//85 532//85
f 61//86 532//86 62//86
f 60//87 58//87 386//87
f 60//88 386//88 385//88
f 2173//89 2174//89 1167//89
f 2173//90 1167//90 1166//90
f 1136//91 1137//91 64//91
f 1136//92 64//92 74//92
f 2175//93 2176//93 1169//93
f 2175//94 1169//94 1168//94
f 1137//95 1138//95 65//95
f 1137//96 65//96 64//96
f 69//97 1268//97 1269//97
f 69//98 1269//98 1141//98
f 70//99 69//99 1141//99
f 70//100 1141//100 1142//100
f 71//101 70//101 1142//101
f 71//102 1142//102 1143//102
f 72//103 71//103 1143//103
f 72//104 1143//104 1144//104
f 75//105 74//105 73//105
f 75//106 73//106 76//106
f 88//107 76//107 73//107
f 88//108 73//108 77//108
f 1135//109 1136//109 74//109
f 1135//110 74//110 75//110
f 2174//111 2175//111 1168//111
f 2174//112 1168//112 1167//112
f 66//113 67//113 23//113
f 66//114 23//114 24//114
f 1947//115 1948//115 994//115
f 1947//116 994//116 993//116
f 389//117 79//117 1012//117
f 389//118 1012//118 1011//118
f 484//119 485//119 1034//119
f 484//120 1034//120 1033//120
f 79//121 81//121 1013//121
f 79//122 1013//122 1012//122
f 1946//123 1947//123 993//123
f 1946//124 993//124 992//124
f 387//125 83//125 993//125
f 387//126 993//126 994//126
f 84//127 83//127 58//127
f 84//128 58//128 59//128
f 83//129 387//129 386//129
f 83//130 386//130 58//130
f 1134//131 85//131 2223//131
f 1134//132 2223//132 2222//132
f 85//133 86//133 2224//133
f 85//134 2224//134 2223//134
f 86//135 87//135 2225//135
f 86//136 2225//136 2224//136
f 1652//137 1653//137 95//137
f 1652//138 95//138 94//138
f 94//139 97//139 1651//139
f 94//140 1651//140 1652//140
f 98//141 95//141 1653//141
f 98//142 1653//142 1654//142
f 101//143 84//143 59//143
f 101//144 59//144 62//144
f 991//145 992//145 84//145
f 991//146 84//146 101//146
f 990//147 991//147 101//147
f 990//148 101//148 531//148
f 1944//149 1945//149 991//149
f 1944//150 991//150 990//150
f 1945//151 1946//151 992//151
f 1945//152 992//152 991//152
f 81//153 100//153 1014//153
f 81//154 1014//154 1013//154
f 100//155 529//155 1015//155
f 100//156 1015//156 1014//156
f 531//157 101//157 62//157
f 531//158 62//158 532//158
f 51//159 538//159 537//159
f 51//160 537//160 53//160
f 535//161 534//161 55//161
f 535//162 55//162 56//162
f 87//163 102//163 2226//163
f 87//164 2226//164 2225//164
f 84//165 992//165 993//165
f 84//166 993//166 83//166
f 1917//167 1918//167 124//167
f 1917//168 124//168 123//168
f 103//169 104//169 1324//169
f 103//170 1324//170 1325//170
f 104//171 1047//171 1992//171
f 104//172 1992//172 1324//172
f 1920//173 1921//173 525//173
f 1920//174 525//174 122//174
f 1919//175 1920//175 122//175
f 1919//176 122//176 125//176
f 486//177 487//177 1036//177
f 486//178 1036//178 1035//178
f 487//179 526//179 1037//179
f 487//180 1037//180 1036//180
f 485//181 486//181 1035//181
f 485//182 1035//182 1034//182
f 108//183 2229//183 2230//183
f 108//184 2230//184 521//184
f 108//185 521//185 911//185
f 108//186 911//186 912//186
f 72//187 1144//187 2088//187
f 72//188 2088//188 2089//188
f 4550//189 4551//189 109//189
f 4550//190 109//190 1145//190
f 130//191 1147//191 1148//191
f 130//192 1148//192 6//192
f 2184//193 2185//193 2087//193
f 2184//194 2087//194 1175//194
f 2187//195 4548//195 4549//195
f 2187//196 4549//196 1176//196
f 4545//197 4546//197 1648//197
f 4545//198 1648//198 115//198
f 2084//199 2085//199 1649//199
f 2084//200 1649//200 119//200
f 2188//201 2189//201 1178//201
f 2188//202 1178//202 1177//202
f 2182//203 2183//203 1174//203
f 2182//204 1174//204 1173//204
f 97//205 118//205 1650//205
f 97//206 1650//206 1651//206
f 1649//207 1650//207 118//207
f 1649//208 118//208 119//208
f 2183//209 2184//209 1175//209
f 2183//210 1175//210 1174//210
f 2181//211 2182//211 1173//211
f 2181//212 1173//212 1172//212
f 1618//213 523//213 1323//213
f 1618//214 1323//214 1620//214
f 1918//215 1919//215 125//215
f 1918//216 125//216 124//216
f 122//217 525//217 524//217
f 122//218 524//218 126//218
f 127//219 123//219 124//219
f 127//220 124//220 128//220
f 125//221 129//221 128//221
f 125//222 128//222 124//222
f 129//223 125//223 122//223
f 129//224 122//224 126//224
f 1363//225 902//225 1322//225
f 1363//226 1322//226 1362//226
f 932//227 1361//227 1362//227
f 932//228 1362//228 1322//228
f 1360//229 1361//229 932//229
f 1360//230 932//230 931//230
f 130//231 110//231 1146//231
f 130//232 1146//232 1147//232
f 1178//233 2189//233 2190//233
f 1178//234 2190//234 1179//234
f 1646//235 1647//235 114//235
f 1646//236 114//236 131//236
f 1645//237 1646//237 131//237
f 1645//238 131//238 4//238
f 132//239 137//239 138//239
f 132//240 138//240 133//240
f 140//241 134//241 139//241
f 140//242 139//242 145//242
f 137//243 132//243 134//243
f 137//244 134//244 140//244
f 142//245 135//245 133//245
f 142//246 133//246 138//246
f 142//247 143//247 136//247
f 142//248 136//248 135//248
f 519//249 520//249 501//249
f 519//250 501//250 502//250
f 144//251 149//251 145//251
f 144//252 145//252 139//252
f 151//253 150//253 148//253
f 151//254 148//254 147//254
f 150//255 149//255 144//255
f 150//256 144//256 148//256
f 153//257 152//257 157//257
f 153//258 157//258 156//258
f 141//259 146//259 158//259
f 141//260 158//260 159//260
f 164//261 163//261 159//261
f 164//262 159//262 158//262
f 168//263 154//263 402//263
f 168//264 402//264 405//264
f 154//265 168//265 170//265
f 154//266 170//266 160//266
f 162//267 155//267 2082//267
f 162//268 2082//268 2083//268
f 169//269 164//269 158//269
f 169//270 158//270 165//270
f 161//271 160//271 170//271
f 161//272 170//272 171//272
f 166//273 161//273 171//273
f 166//274 171//274 175//274
f 518//275 503//275 504//275
f 518//276 504//276 517//276
f 173//277 174//277 459//277
f 173//278 459//278 458//278
f 174//279 173//279 177//279
f 174//280 177//280 178//280
f 167//281 176//281 180//281
f 167//282 180//282 165//282
f 188//283 169//283 165//283
f 188//284 165//284 180//284
f 178//285 177//285 185//285
f 178//286 185//286 186//286
f 179//287 173//287 458//287
f 179//288 458//288 457//288
f 506//289 507//289 514//289
f 506//290 514//290 515//290
f 186//291 185//291 193//291
f 186//292 193//292 194//292
f 179//293 187//293 177//293
f 179//294 177//294 173//294
f 181//295 182//295 189//295
f 181//296 189//296 190//296
f 197//297 196//297 190//297
f 197//298 190//298 189//298
f 508//299 513//299 514//299
f 508//300 514//300 507//300
f 513//301 508//301 509//301
f 513//302 509//302 512//302
f 194//303 193//303 201//303
f 194//304 201//304 202//304
f 187//305 195//305 185//305
f 187//306 185//306 177//306
f 204//307 179//307 457//307
f 204//308 457//308 755//308
f 179//309 204//309 208//309
f 179//310 208//310 187//310
f 191//311 199//311 206//311
f 191//312 206//312 198//312
f 182//313 191//313 198//313
f 182//314 198//314 189//314
f 205//315 197//315 189//315
f 205//316 189//316 198//316
f 210//317 205//317 198//317
f 210//318 198//318 206//318
f 906//319 907//319 1205//319
f 906//320 1205//320 1209//320
f 202//321 201//321 452//321
f 202//322 452//322 1504//322
f 195//323 203//323 193//323
f 195//324 193//324 185//324
f 187//325 208//325 213//325
f 187//326 213//326 195//326
f 203//327 207//327 201//327
f 203//328 201//328 193//328
f 201//329 207//329 398//329
f 201//330 398//330 452//330
f 195//331 213//331 217//331
f 195//332 217//332 203//332
f 203//333 217//333 358//333
f 203//334 358//334 207//334
f 205//335 210//335 1463//335
f 205//336 1463//336 1464//336
f 214//337 409//337 2209//337
f 214//338 2209//338 2208//338
f 216//339 215//339 1193//339
f 216//340 1193//340 1192//340
f 212//341 1192//341 1193//341
f 212//342 1193//342 211//342
f 1462//343 214//343 2208//343
f 1462//344 2208//344 2207//344
f 364//345 221//345 938//345
f 364//346 938//346 939//346
f 856//347 220//347 219//347
f 856//348 219//348 855//348
f 221//349 1460//349 1461//349
f 221//350 1461//350 938//350
f 219//351 220//351 1635//351
f 219//352 1635//352 1636//352
f 1667//353 1668//353 221//353
f 1667//354 221//354 364//354
f 1781//355 1718//355 223//355
f 1781//356 223//356 363//356
f 225//357 224//357 227//357
f 225//358 227//358 226//358
f 1181//359 227//359 224//359
f 1181//360 224//360 1182//360
f 765//361 228//361 2203//361
f 765//362 2203//362 2204//362
f 1459//363 223//363 1718//363
f 1459//364 1718//364 1719//364
f 1668//365 1669//365 1460//365
f 1668//366 1460//366 221//366
f 238//367 230//367 370//367
f 238//368 370//368 369//368
f 1717//369 1655//369 854//369
f 1717//370 854//370 424//370
f 2101//371 2102//371 1767//371
f 2101//372 1767//372 1768//372
f 719//373 718//373 233//373
f 719//374 233//374 236//374
f 225//375 226//375 236//375
f 225//376 236//376 233//376
f 1458//377 230//377 238//377
f 1458//378 238//378 1457//378
f 371//379 238//379 369//379
f 371//380 369//380 372//380
f 852//381 239//381 245//381
f 852//382 245//382 851//382
f 2102//383 2103//383 1766//383
f 2102//384 1766//384 1767//384
f 424//385 1637//385 1716//385
f 424//386 1716//386 1717//386
f 734//387 242//387 241//387
f 734//388 241//388 733//388
f 438//389 243//389 2201//389
f 438//390 2201//390 2202//390
f 1457//391 238//391 371//391
f 1457//392 371//392 1456//392
f 1640//393 245//393 239//393
f 1640//394 239//394 1639//394
f 851//395 245//395 254//395
f 851//396 254//396 850//396
f 2105//397 2106//397 1763//397
f 2105//398 1763//398 1764//398
f 1713//399 1714//399 425//399
f 1713//400 425//400 426//400
f 425//401 1714//401 1715//401
f 425//402 1715//402 1183//402
f 2104//403 2105//403 1764//403
f 2104//404 1764//404 1765//404
f 249//405 250//405 259//405
f 249//406 259//406 258//406
f 241//407 242//407 250//407
f 241//408 250//408 249//408
f 245//409 1640//409 1641//409
f 245//410 1641//410 254//410
f 253//411 252//411 263//411
f 253//412 263//412 264//412
f 253//413 264//413 1186//413
f 253//414 1186//414 1185//414
f 850//415 254//415 1885//415
f 850//416 1885//416 1886//416
f 1761//417 1762//417 2107//417
f 1761//418 2107//418 2108//418
f 1711//419 1712//419 427//419
f 1711//420 427//420 717//420
f 1712//421 1713//421 426//421
f 1712//422 426//422 427//422
f 2106//423 2107//423 1762//423
f 2106//424 1762//424 1763//424
f 251//425 260//425 272//425
f 251//426 272//426 261//426
f 1725//427 1726//427 1676//427
f 1725//428 1676//428 1675//428
f 264//429 275//429 1187//429
f 264//430 1187//430 1186//430
f 264//431 263//431 274//431
f 264//432 274//432 275//432
f 254//433 1641//433 1884//433
f 254//434 1884//434 1885//434
f 277//435 266//435 715//435
f 277//436 715//436 714//436
f 252//437 266//437 277//437
f 252//438 277//438 263//438
f 1708//439 1709//439 732//439
f 1708//440 732//440 429//440
f 2110//441 2111//441 1758//441
f 2110//442 1758//442 1759//442
f 270//443 269//443 268//443
f 270//444 268//444 271//444
f 258//445 259//445 271//445
f 258//446 271//446 268//446
f 275//447 274//447 1881//447
f 275//448 1881//448 1882//448
f 282//449 277//449 714//449
f 282//450 714//450 713//450
f 263//451 277//451 282//451
f 263//452 282//452 274//452
f 730//453 278//453 283//453
f 730//454 283//454 729//454
f 1756//455 1757//455 2112//455
f 1756//456 2112//456 2113//456
f 1706//457 1707//457 430//457
f 1706//458 430//458 431//458
f 1707//459 1708//459 429//459
f 1707//460 429//460 430//460
f 2111//461 2112//461 1757//461
f 2111//462 1757//462 1758//462
f 995//463 996//463 269//463
f 995//464 269//464 270//464
f 1732//465 1733//465 1683//465
f 1732//466 1683//466 1682//466
f 1494//467 1493//467 12//467
f 1494//468 12//468 816//468
f 261//469 272//469 290//469
f 261//470 290//470 280//470
f 228//471 438//471 2202//471
f 228//472 2202//472 2203//472
f 274//473 282//473 1880//473
f 274//474 1880//474 1881//474
f 1879//475 1880//475 282//475
f 1879//476 282//476 713//476
f 729//477 283//477 291//477
f 729//478 291//478 728//478
f 292//479 284//479 293//479
f 292//480 293//480 299//480
f 278//481 284//481 292//481
f 278//482 292//482 283//482
f 288//483 287//483 286//483
f 288//484 286//484 289//484
f 1949//485 1950//485 996//485
f 1949//486 996//486 995//486
f 12//487 874//487 875//487
f 12//488 875//488 816//488
f 728//489 291//489 1876//489
f 728//490 1876//490 1877//490
f 298//491 292//491 299//491
f 298//492 299//492 305//492
f 283//493 292//493 298//493
f 283//494 298//494 291//494
f 2114//495 2115//495 1754//495
f 2114//496 1754//496 1755//496
f 433//497 1704//497 1705//497
f 433//498 1705//498 432//498
f 1705//499 1706//499 431//499
f 1705//500 431//500 432//500
f 2113//501 2114//501 1755//501
f 2113//502 1755//502 1756//502
f 296//503 494//503 495//503
f 296//504 495//504 297//504
f 287//505 288//505 1010//505
f 287//506 1010//506 1009//506
f 1874//507 1875//507 298//507
f 1874//508 298//508 305//508
f 291//509 298//509 1875//509
f 291//510 1875//510 1876//510
f 300//511 307//511 306//511
f 300//512 306//512 301//512
f 293//513 301//513 306//513
f 293//514 306//514 299//514
f 2115//515 2116//515 1753//515
f 2115//516 1753//516 1754//516
f 1703//517 1704//517 433//517
f 1703//518 433//518 997//518
f 1915//519 1916//519 302//519
f 1915//520 302//520 310//520
f 482//521 483//521 1032//521
f 482//522 1032//522 1031//522
f 303//523 302//523 123//523
f 303//524 123//524 127//524
f 1916//525 1917//525 123//525
f 1916//526 123//526 302//526
f 1418//527 303//527 127//527
f 1418//528 127//528 1417//528
f 2023//529 2022//529 1742//529
f 2023//530 1742//530 1314//530
f 2132//531 2024//531 1692//531
f 2132//532 1692//532 2131//532
f 299//533 306//533 313//533
f 299//534 313//534 305//534
f 307//535 314//535 313//535
f 307//536 313//536 306//536
f 300//537 999//537 1000//537
f 300//538 1000//538 307//538
f 2116//539 2117//539 1954//539
f 2116//540 1954//540 1753//540
f 2118//541 2119//541 1751//541
f 2118//542 1751//542 1752//542
f 435//543 1701//543 1702//543
f 435//544 1702//544 434//544
f 1951//545 1952//545 1703//545
f 1951//546 1703//546 997//546
f 311//547 310//547 302//547
f 311//548 302//548 303//548
f 1419//549 311//549 303//549
f 1419//550 303//550 1418//550
f 2022//551 2023//551 312//551
f 2022//552 312//552 1741//552
f 2024//553 2132//553 2133//553
f 2024//554 2133//554 1691//554
f 2021//555 2020//555 1312//555
f 2021//556 1312//556 1313//556
f 305//557 313//557 1873//557
f 305//558 1873//558 1874//558
f 314//559 1872//559 1873//559
f 314//560 1873//560 313//560
f 307//561 1000//561 1001//561
f 307//562 1001//562 314//562
f 1955//563 1956//563 1000//563
f 1955//564 1000//564 999//564
f 316//565 322//565 321//565
f 316//566 321//566 315//566
f 1750//567 1751//567 2119//567
f 1750//568 2119//568 2120//568
f 2121//569 2122//569 1748//569
f 2121//570 1748//570 1749//570
f 1698//571 1699//571 493//571
f 1698//572 493//572 437//572
f 1700//573 1701//573 435//573
f 1700//574 435//574 1008//574
f 1257//575 1739//575 1740//575
f 1257//576 1740//576 1431//576
f 1737//577 1738//577 1254//577
f 1737//578 1254//578 318//578
f 1687//579 1688//579 2136//579
f 1687//580 2136//580 2137//580
f 2135//581 1689//581 1690//581
f 2135//582 1690//582 2134//582
f 2020//583 2021//583 319//583
f 2020//584 319//584 324//584
f 2020//585 2019//585 1311//585
f 2020//586 1311//586 1312//586
f 1871//587 1872//587 314//587
f 1871//588 314//588 1001//588
f 1956//589 1957//589 1001//589
f 1956//590 1001//590 1000//590
f 322//591 326//591 325//591
f 322//592 325//592 321//592
f 322//593 316//593 1006//593
f 322//594 1006//594 1005//594
f 491//595 323//595 327//595
f 491//596 327//596 490//596
f 1746//597 1747//597 2124//597
f 1746//598 2124//598 2125//598
f 1745//599 1911//599 2126//599
f 1745//600 2126//600 2127//600
f 1695//601 1913//601 1914//601
f 1695//602 1914//602 440//602
f 1696//603 1697//603 481//603
f 1696//604 481//604 1030//604
f 1737//605 318//605 1397//605
f 1737//606 1397//606 1736//606
f 1687//607 2137//607 2138//607
f 1687//608 2138//608 1686//608
f 1258//609 1259//609 1429//609
f 1258//610 1429//610 1430//610
f 1252//611 1253//611 1613//611
f 1252//612 1613//612 1614//612
f 2019//613 2020//613 324//613
f 2019//614 324//614 330//614
f 2019//615 2018//615 1859//615
f 2019//616 1859//616 1311//616
f 1957//617 1958//617 1871//617
f 1957//618 1871//618 1001//618
f 326//619 1869//619 1870//619
f 326//620 1870//620 325//620
f 326//621 322//621 1005//621
f 326//622 1005//622 1004//622
f 490//623 327//623 334//623
f 490//624 334//624 489//624
f 478//625 479//625 1028//625
f 478//626 1028//626 1027//626
f 1909//627 1910//627 335//627
f 1909//628 335//628 341//628
f 2127//629 2128//629 1744//629
f 2127//630 1744//630 1745//630
f 1694//631 1695//631 440//631
f 1694//632 440//632 441//632
f 2128//633 2129//633 1743//633
f 2128//634 1743//634 1744//634
f 1693//635 1694//635 441//635
f 1693//636 441//636 1420//636
f 1614//637 1613//637 1396//637
f 1614//638 1396//638 1395//638
f 1259//639 1260//639 1428//639
f 1259//640 1428//640 1429//640
f 1251//641 1252//641 1614//641
f 1251//642 1614//642 1615//642
f 2018//643 2019//643 330//643
f 2018//644 330//644 1858//644
f 1868//645 1869//645 326//645
f 1868//646 326//646 1004//646
f 489//647 334//647 1866//647
f 489//648 1866//648 1867//648
f 477//649 478//649 1027//649
f 477//650 1027//650 1026//650
f 1908//651 1909//651 341//651
f 1908//652 341//652 343//652
f 335//653 336//653 340//653
f 335//654 340//654 341//654
f 336//655 1422//655 1423//655
f 336//656 1423//656 340//656
f 1615//657 1614//657 1395//657
f 1615//658 1395//658 1394//658
f 1260//659 1856//659 1857//659
f 1260//660 1857//660 1428//660
f 1854//661 1855//661 1251//661
f 1854//662 1251//662 1615//662
f 1863//663 1907//663 1908//663
f 1863//664 1908//664 343//664
f 1864//665 1865//665 477//665
f 1864//666 477//666 1026//666
f 341//667 340//667 344//667
f 341//668 344//668 343//668
f 340//669 1423//669 1424//669
f 340//670 1424//670 344//670
f 1854//671 1615//671 1394//671
f 1854//672 1394//672 1853//672
f 243//673 804//673 2200//673
f 243//674 2200//674 2201//674
f 343//675 344//675 1862//675
f 343//676 1862//676 1863//676
f 344//677 1424//677 1861//677
f 344//678 1861//678 1862//678
f 260//679 251//679 805//679
f 260//680 805//680 806//680
f 355//681 346//681 400//681
f 355//682 400//682 399//682
f 497//683 80//683 350//683
f 497//684 350//684 496//684
f 498//685 106//685 80//685
f 498//686 80//686 497//686
f 106//687 498//687 499//687
f 106//688 499//688 105//688
f 499//689 528//689 527//689
f 499//690 527//690 105//690
f 129//691 126//691 1414//691
f 129//692 1414//692 1415//692
f 129//693 1415//693 1416//693
f 129//694 1416//694 128//694
f 127//695 128//695 1416//695
f 127//696 1416//696 1417//696
f 79//697 389//697 388//697
f 79//698 388//698 78//698
f 81//699 79//699 78//699
f 81//700 78//700 82//700
f 100//701 81//701 82//701
f 100//702 82//702 99//702
f 529//703 100//703 99//703
f 529//704 99//704 530//704
f 1434//705 1264//705 1994//705
f 1434//706 1994//706 1993//706
f 17//707 1191//707 1192//707
f 17//708 1192//708 212//708
f 40//709 216//709 1192//709
f 40//710 1192//710 1191//710
f 857//711 38//711 220//711
f 857//712 220//712 856//712
f 38//713 1634//713 1635//713
f 38//714 1635//714 220//714
f 1180//715 32//715 227//715
f 1180//716 227//716 1181//716
f 32//717 33//717 226//717
f 32//718 226//718 227//718
f 720//719 719//719 236//719
f 720//720 236//720 34//720
f 236//721 226//721 33//721
f 236//720 33//720 34//720
f 4//722 131//722 351//722
f 4//723 351//723 2//723
f 131//724 114//724 352//724
f 131//725 352//725 351//725
f 4544//726 4545//726 115//726
f 4544//727 115//727 353//727
f 157//728 152//728 155//728
f 157//729 155//729 162//729
f 151//730 147//730 153//730
f 151//731 153//731 156//731
f 356//732 346//732 355//732
f 356//733 355//733 357//733
f 200//734 356//734 357//734
f 200//735 357//735 19//735
f 907//736 908//736 1201//736
f 907//737 1201//737 1205//737
f 359//738 360//738 1779//738
f 359//739 1779//739 1780//739
f 1665//740 1666//740 361//740
f 1665//741 361//741 362//741
f 359//742 1780//742 1781//742
f 359//743 1781//743 363//743
f 366//744 365//744 367//744
f 366//745 367//745 368//745
f 368//746 367//746 374//746
f 368//747 374//747 373//747
f 368//748 373//748 372//748
f 368//749 372//749 369//749
f 366//750 368//750 369//750
f 366//751 369//751 370//751
f 1456//752 371//752 1900//752
f 1456//753 1900//753 1901//753
f 1899//754 1900//754 371//754
f 1899//755 371//755 372//755
f 373//756 1898//756 1899//756
f 373//757 1899//757 372//757
f 373//758 374//758 1897//758
f 373//759 1897//759 1898//759
f 1837//760 1838//760 16//760
f 1837//761 16//761 821//761
f 1838//762 1782//762 13//762
f 1838//760 13//760 16//760
f 1778//763 1779//763 360//763
f 1778//764 360//764 420//764
f 380//765 367//765 365//765
f 380//766 365//766 379//766
f 367//767 380//767 381//767
f 367//768 381//768 374//768
f 374//769 381//769 1896//769
f 374//770 1896//770 1897//770
f 1782//771 1783//771 14//771
f 1782//772 14//772 13//772
f 735//773 383//773 242//773
f 735//774 242//774 734//774
f 242//775 383//775 384//775
f 242//776 384//776 250//776
f 259//777 250//777 384//777
f 259//778 384//778 385//778
f 259//779 385//779 386//779
f 259//780 386//780 271//780
f 387//781 270//781 271//781
f 387//782 271//782 386//782
f 995//783 270//783 387//783
f 995//784 387//784 994//784
f 1948//785 1949//785 995//785
f 1948//786 995//786 994//786
f 389//787 288//787 289//787
f 389//788 289//788 388//788
f 288//789 389//789 1011//789
f 288//790 1011//790 1010//790
f 297//791 495//791 496//791
f 297//792 496//792 350//792
f 483//793 484//793 1033//793
f 483//794 1033//794 1032//794
f 767//795 390//795 209//795
f 767//796 209//796 772//796
f 392//797 391//797 390//797
f 392//798 390//798 767//798
f 391//799 392//799 394//799
f 391//800 394//800 393//800
f 290//801 392//801 767//801
f 290//802 767//802 768//802
f 393//803 394//803 396//803
f 393//804 396//804 395//804
f 395//805 396//805 798//805
f 395//806 798//806 794//806
f 207//807 358//807 397//807
f 207//808 397//808 398//808
f 25//809 31//809 399//809
f 25//810 399//810 400//810
f 4543//811 4544//811 353//811
f 4543//812 353//812 401//812
f 4542//813 4543//813 401//813
f 4542//814 401//814 3//814
f 354//815 172//815 401//815
f 354//816 401//816 353//816
f 2083//817 2071//817 2072//817
f 2083//818 2072//818 2084//818
f 2083//819 2084//819 119//819
f 2083//820 119//820 162//820
f 157//821 162//821 119//821
f 157//822 119//822 118//822
f 156//823 157//823 118//823
f 156//824 118//824 97//824
f 151//825 156//825 97//825
f 151//826 97//826 94//826
f 150//827 151//827 94//827
f 150//828 94//828 95//828
f 401//829 172//829 1//829
f 401//830 1//830 3//830
f 145//831 149//831 98//831
f 145//832 98//832 403//832
f 95//833 98//833 149//833
f 95//834 149//834 150//834
f 402//835 154//835 137//835
f 402//836 137//836 140//836
f 154//837 160//837 138//837
f 154//838 138//838 137//838
f 142//839 138//839 160//839
f 142//840 160//840 161//840
f 143//841 142//841 161//841
f 143//842 161//842 166//842
f 146//843 167//843 165//843
f 146//844 165//844 158//844
f 519//845 502//845 503//845
f 519//846 503//846 518//846
f 404//847 405//847 402//847
f 404//848 402//848 403//848
f 402//849 140//849 145//849
f 402//850 145//850 403//850
f 407//851 406//851 416//851
f 407//852 416//852 415//852
f 406//853 400//853 346//853
f 406//854 346//854 416//854
f 407//855 408//855 22//855
f 407//856 22//856 20//856
f 406//857 407//857 20//857
f 406//858 20//858 21//858
f 25//859 400//859 406//859
f 25//860 406//860 21//860
f 399//861 31//861 2217//861
f 399//862 2217//862 2216//862
f 408//863 407//863 415//863
f 408//864 415//864 414//864
f 361//865 364//865 939//865
f 361//866 939//866 940//866
f 409//867 410//867 2210//867
f 409//868 2210//868 2209//868
f 362//869 361//869 940//869
f 362//870 940//870 941//870
f 183//871 184//871 412//871
f 183//872 412//872 411//872
f 413//873 192//873 183//873
f 413//874 183//874 411//874
f 192//875 413//875 356//875
f 192//876 356//876 200//876
f 411//877 412//877 414//877
f 411//878 414//878 415//878
f 416//879 413//879 411//879
f 416//880 411//880 415//880
f 413//881 416//881 346//881
f 413//882 346//882 356//882
f 1499//883 797//883 777//883
f 1499//884 777//884 1500//884
f 797//885 880//885 881//885
f 797//886 881//886 777//886
f 880//887 963//887 964//887
f 880//888 964//888 881//888
f 1441//889 1442//889 1449//889
f 1441//890 1449//890 1450//890
f 1500//891 777//891 418//891
f 1500//892 418//892 1501//892
f 777//893 881//893 882//893
f 777//894 882//894 418//894
f 881//895 964//895 965//895
f 881//896 965//896 882//896
f 280//897 290//897 768//897
f 280//898 768//898 769//898
f 355//899 399//899 2216//899
f 355//900 2216//900 2215//900
f 1664//901 1665//901 362//901
f 1664//902 362//902 421//902
f 421//903 362//903 941//903
f 421//904 941//904 942//904
f 396//905 260//905 806//905
f 396//906 806//906 798//906
f 422//907 211//907 1193//907
f 422//908 1193//908 1194//908
f 215//909 423//909 1194//909
f 215//910 1194//910 1193//910
f 854//911 855//911 219//911
f 854//912 219//912 424//912
f 424//913 219//913 1636//913
f 424//914 1636//914 1637//914
f 224//915 425//915 1183//915
f 224//916 1183//916 1182//916
f 224//917 225//917 426//917
f 224//918 426//918 425//918
f 426//919 225//919 233//919
f 426//920 233//920 427//920
f 427//921 233//921 718//921
f 427//922 718//922 717//922
f 241//923 429//923 732//923
f 241//924 732//924 733//924
f 1442//925 1443//925 1448//925
f 1442//926 1448//926 1449//926
f 429//927 241//927 249//927
f 429//928 249//928 430//928
f 1443//929 1444//929 1447//929
f 1443//930 1447//930 1448//930
f 430//931 249//931 258//931
f 430//932 258//932 431//932
f 1497//933 803//933 801//933
f 1497//934 801//934 1498//934
f 431//935 258//935 268//935
f 431//936 268//936 432//936
f 1498//937 801//937 797//937
f 1498//938 797//938 1499//938
f 269//939 433//939 432//939
f 269//940 432//940 268//940
f 433//941 269//941 996//941
f 433//942 996//942 997//942
f 803//943 878//943 879//943
f 803//944 879//944 801//944
f 1950//945 1951//945 997//945
f 1950//946 997//946 996//946
f 801//947 879//947 880//947
f 801//948 880//948 797//948
f 287//949 435//949 434//949
f 287//950 434//950 286//950
f 878//951 966//951 967//951
f 878//952 967//952 879//952
f 435//953 287//953 1009//953
f 435//954 1009//954 1008//954
f 493//955 494//955 296//955
f 493//956 296//956 437//956
f 481//957 482//957 1031//957
f 481//958 1031//958 1030//958
f 1914//959 1915//959 310//959
f 1914//960 310//960 440//960
f 1724//961 1725//961 1675//961
f 1724//962 1675//962 1674//962
f 1723//963 1724//963 1674//963
f 1723//964 1674//964 1673//964
f 441//965 440//965 310//965
f 441//966 310//966 311//966
f 1419//967 1420//967 441//967
f 1419//968 441//968 311//968
f 1783//969 1784//969 15//969
f 1783//970 15//970 14//970
f 1895//971 1896//971 381//971
f 1895//972 381//972 444//972
f 443//973 380//973 379//973
f 443//974 379//974 1248//974
f 396//975 394//975 272//975
f 396//976 272//976 260//976
f 290//977 272//977 394//977
f 290//801 394//801 392//801
f 380//978 443//978 444//978
f 380//979 444//979 381//979
f 905//980 906//980 1209//980
f 905//981 1209//981 2092//981
f 357//982 355//982 2215//982
f 357//983 2215//983 2214//983
f 19//984 357//984 2214//984
f 19//985 2214//985 2213//985
f 421//986 942//986 943//986
f 421//987 943//987 1663//987
f 510//988 19//988 2213//988
f 510//989 2213//989 2212//989
f 1133//990 944//990 1088//990
f 1133//991 1088//991 1132//991
f 944//992 945//992 1081//992
f 944//993 1081//993 1088//993
f 1672//994 1673//994 228//994
f 1672//995 228//995 765//995
f 1674//996 1675//996 243//996
f 1674//997 243//997 438//997
f 410//998 511//998 2211//998
f 410//999 2211//999 2210//999
f 1673//1000 1674//1000 438//1000
f 1673//1001 438//1001 228//1001
f 511//1002 510//1002 2212//1002
f 511//1003 2212//1003 2211//1003
f 24//1004 22//1004 463//1004
f 24//1005 463//1005 462//1005
f 462//1006 463//1006 405//1006
f 462//1007 405//1007 404//1007
f 460//1008 65//1008 1138//1008
f 460//1009 1138//1009 1139//1009
f 1266//1010 1265//1010 460//1010
f 1266//1011 460//1011 1139//1011
f 92//1012 461//1012 462//1012
f 92//1013 462//1013 404//1013
f 461//1014 66//1014 24//1014
f 461//1015 24//1015 462//1015
f 1170//1016 1169//1016 2176//1016
f 1170//1017 2176//1017 2177//1017
f 1170//1018 2177//1018 2178//1018
f 1170//1019 2178//1019 1267//1019
f 506//1020 515//1020 516//1020
f 506//1021 516//1021 505//1021
f 505//1022 516//1022 517//1022
f 505//1023 517//1023 504//1023
f 468//1024 181//1024 190//1024
f 468//1025 190//1025 469//1025
f 176//1026 468//1026 469//1026
f 176//1027 469//1027 180//1027
f 196//1028 470//1028 469//1028
f 196//1029 469//1029 190//1029
f 470//1030 188//1030 180//1030
f 470//1031 180//1031 469//1031
f 470//1032 1467//1032 1468//1032
f 470//1033 1468//1033 188//1033
f 208//1034 204//1034 471//1034
f 208//1035 471//1035 472//1035
f 473//1036 472//1036 390//1036
f 473//1037 390//1037 391//1037
f 213//1038 208//1038 472//1038
f 213//1039 472//1039 473//1039
f 474//1040 473//1040 391//1040
f 474//1041 391//1041 393//1041
f 217//1042 213//1042 473//1042
f 217//1043 473//1043 474//1043
f 475//1044 474//1044 393//1044
f 475//1045 393//1045 395//1045
f 358//1046 217//1046 474//1046
f 358//1047 474//1047 475//1047
f 397//1048 358//1048 475//1048
f 397//1049 475//1049 500//1049
f 475//1050 395//1050 794//1050
f 475//1051 794//1051 500//1051
f 214//1052 1462//1052 1463//1052
f 214//1053 1463//1053 210//1053
f 168//1054 405//1054 463//1054
f 168//1055 463//1055 464//1055
f 464//1056 463//1056 22//1056
f 464//1057 22//1057 408//1057
f 465//1058 464//1058 408//1058
f 465//1059 408//1059 414//1059
f 465//1060 170//1060 168//1060
f 465//1061 168//1061 464//1061
f 414//1062 412//1062 466//1062
f 414//1063 466//1063 465//1063
f 465//1064 466//1064 171//1064
f 465//1065 171//1065 170//1065
f 412//1066 184//1066 467//1066
f 412//1067 467//1067 466//1067
f 466//1068 467//1068 175//1068
f 466//1069 175//1069 171//1069
f 68//1070 1265//1070 1266//1070
f 68//1071 1266//1071 1140//1071
f 471//1072 204//1072 755//1072
f 471//1073 755//1073 1410//1073
f 27//1074 31//1074 25//1074
f 27//1075 25//1075 29//1075
f 28//1076 30//1076 27//1076
f 28//1077 27//1077 29//1077
f 86//1078 76//1078 88//1078
f 86//1079 88//1079 87//1079
f 85//1080 75//1080 76//1080
f 85//1081 76//1081 86//1081
f 1135//1082 75//1082 85//1082
f 1135//1083 85//1083 1134//1083
f 88//1084 89//1084 102//1084
f 88//1085 102//1085 87//1085
f 1165//1086 2172//1086 2173//1086
f 1165//1087 2173//1087 1166//1087
f 512//1088 509//1088 510//1088
f 512//1089 510//1089 511//1089
f 199//1090 410//1090 409//1090
f 199//1091 409//1091 206//1091
f 214//1092 210//1092 206//1092
f 214//1093 206//1093 409//1093
f 1360//1094 931//1094 1387//1094
f 1360//1095 1387//1095 1386//1095
f 398//1096 397//1096 445//1096
f 398//1097 445//1097 446//1097
f 452//1098 398//1098 446//1098
f 452//1099 446//1099 451//1099
f 448//1100 447//1100 1436//1100
f 448//1101 1436//1101 1437//1101
f 8//1102 11//1102 886//1102
f 8//1103 886//1103 885//1103
f 447//1104 448//1104 885//1104
f 447//1105 885//1105 886//1105
f 450//1106 449//1106 1437//1106
f 450//1107 1437//1107 1436//1107
f 882//1108 965//1108 969//1108
f 882//1109 969//1109 883//1109
f 418//1110 882//1110 883//1110
f 418//1111 883//1111 453//1111
f 1501//1112 418//1112 453//1112
f 1501//1113 453//1113 1502//1113
f 1439//1114 1440//1114 1451//1114
f 1439//1115 1451//1115 1452//1115
f 445//1116 417//1116 454//1116
f 445//1117 454//1117 446//1117
f 883//1118 969//1118 9//1118
f 883//1119 9//1119 884//1119
f 453//1120 883//1120 884//1120
f 453//1121 884//1121 455//1121
f 1502//1122 453//1122 455//1122
f 1502//1123 455//1123 1503//1123
f 1438//1124 1439//1124 1452//1124
f 1438//1125 1452//1125 1453//1125
f 446//1126 454//1126 456//1126
f 446//1127 456//1127 451//1127
f 9//1128 8//1128 885//1128
f 9//1129 885//1129 884//1129
f 448//1130 455//1130 884//1130
f 448//1131 884//1131 885//1131
f 1902//1132 1903//1132 757//1132
f 1902//1133 757//1133 746//1133
f 757//1134 758//1134 747//1134
f 757//1135 747//1135 746//1135
f 758//1136 759//1136 748//1136
f 758//1137 748//1137 747//1137
f 1720//1138 1721//1138 760//1138
f 1720//1139 760//1139 749//1139
f 1670//1140 1671//1140 761//1140
f 1670//1141 761//1141 750//1141
f 750//1142 761//1142 936//1142
f 750//1143 936//1143 937//1143
f 762//1144 751//1144 2206//1144
f 762//1145 2206//1145 2205//1145
f 762//1146 763//1146 752//1146
f 762//1147 752//1147 751//1147
f 1986//1148 1987//1148 1866//1148
f 1986//1149 1866//1149 334//1149
f 1985//1150 1986//1150 334//1150
f 1985//1151 334//1151 327//1151
f 1984//1152 1985//1152 327//1152
f 1984//1153 327//1153 323//1153
f 2122//1154 2123//1154 1983//1154
f 2122//1155 1983//1155 1748//1155
f 1980//1156 1981//1156 1698//1156
f 1980//1157 1698//1157 437//1157
f 1979//1158 1980//1158 437//1158
f 1979//1159 437//1159 296//1159
f 1978//1160 1979//1160 296//1160
f 1978//1161 296//1161 297//1161
f 1977//1162 1978//1162 297//1162
f 1977//1163 297//1163 350//1163
f 1976//1164 1977//1164 350//1164
f 1976//1165 350//1165 80//1165
f 1975//1166 1976//1166 80//1166
f 1975//1167 80//1167 106//1167
f 1974//1168 1975//1168 106//1168
f 1974//1169 106//1169 105//1169
f 1973//1170 1974//1170 105//1170
f 1973//1171 105//1171 527//1171
f 489//1172 1867//1172 1868//1172
f 489//1173 1868//1173 1004//1173
f 490//1174 489//1174 1004//1174
f 490//1175 1004//1175 1005//1175
f 491//1176 490//1176 1005//1176
f 491//1177 1005//1177 1006//1177
f 2120//1178 2121//1178 1749//1178
f 2120//1179 1749//1179 1750//1179
f 1699//1180 1700//1180 1008//1180
f 1699//1181 1008//1181 493//1181
f 1008//1182 1009//1182 494//1182
f 1008//1183 494//1183 493//1183
f 495//1184 494//1184 1009//1184
f 495//1185 1009//1185 1010//1185
f 496//1186 495//1186 1010//1186
f 496//1187 1010//1187 1011//1187
f 497//1188 496//1188 1011//1188
f 497//1189 1011//1189 1012//1189
f 1013//1190 498//1190 497//1190
f 1013//1191 497//1191 1012//1191
f 498//1192 1013//1192 1014//1192
f 498//1193 1014//1193 499//1193
f 1014//1194 1015//1194 528//1194
f 1014//1195 528//1195 499//1195
f 445//1196 397//1196 500//1196
f 445//1197 500//1197 775//1197
f 1450//1198 1451//1198 1440//1198
f 1450//1199 1440//1199 1441//1199
f 417//1200 445//1200 775//1200
f 417//1201 775//1201 776//1201
f 502//1202 501//1202 136//1202
f 502//1203 136//1203 143//1203
f 503//1204 502//1204 143//1204
f 503//1205 143//1205 166//1205
f 503//1206 166//1206 175//1206
f 503//1207 175//1207 504//1207
f 505//1208 504//1208 175//1208
f 505//1209 175//1209 467//1209
f 506//1210 505//1210 467//1210
f 506//1211 467//1211 184//1211
f 184//1212 183//1212 507//1212
f 184//1213 507//1213 506//1213
f 192//1214 508//1214 507//1214
f 192//1215 507//1215 183//1215
f 508//1216 192//1216 200//1216
f 508//1217 200//1217 509//1217
f 509//1218 200//1218 19//1218
f 509//1219 19//1219 510//1219
f 512//1220 511//1220 410//1220
f 512//1221 410//1221 199//1221
f 513//1222 512//1222 199//1222
f 513//1223 199//1223 191//1223
f 513//1224 191//1224 182//1224
f 513//1225 182//1225 514//1225
f 515//1226 514//1226 182//1226
f 515//1227 182//1227 181//1227
f 516//1228 515//1228 181//1228
f 516//1229 181//1229 468//1229
f 516//1230 468//1230 176//1230
f 516//1231 176//1231 517//1231
f 518//1232 517//1232 176//1232
f 518//1233 176//1233 167//1233
f 519//1234 518//1234 167//1234
f 519//1235 167//1235 146//1235
f 146//1236 141//1236 520//1236
f 146//1237 520//1237 519//1237
f 915//1238 540//1238 533//1238
f 915//1239 533//1239 534//1239
f 1120//1240 541//1240 1627//1240
f 1120//1241 1627//1241 1628//1241
f 1114//1242 543//1242 542//1242
f 1114//1243 542//1243 1117//1243
f 1111//1244 859//1244 543//1244
f 1111//1245 543//1245 1114//1245
f 545//1246 541//1246 542//1246
f 545//1247 542//1247 546//1247
f 1117//1248 542//1248 541//1248
f 1117//1249 541//1249 1120//1249
f 1942//1250 1943//1250 989//1250
f 1942//1251 989//1251 988//1251
f 989//1252 1943//1252 1944//1252
f 989//1253 1944//1253 990//1253
f 549//1254 1016//1254 1015//1254
f 549//1255 1015//1255 529//1255
f 677//1256 678//1256 1039//1256
f 677//1257 1039//1257 1038//1257
f 549//1258 552//1258 1017//1258
f 549//1259 1017//1259 1016//1259
f 677//1260 1038//1260 1037//1260
f 677//1261 1037//1261 526//1261
f 1922//1262 652//1262 525//1262
f 1922//1263 525//1263 1921//1263
f 987//1264 988//1264 553//1264
f 987//1265 553//1265 703//1265
f 988//1266 989//1266 554//1266
f 988//1267 554//1267 553//1267
f 553//1268 554//1268 555//1268
f 553//1269 555//1269 556//1269
f 985//1270 986//1270 707//1270
f 985//1271 707//1271 704//1271
f 1941//1272 1942//1272 988//1272
f 1941//1273 988//1273 987//1273
f 552//1274 694//1274 1018//1274
f 552//1275 1018//1275 1017//1275
f 678//1276 697//1276 1040//1276
f 678//1277 1040//1277 1039//1277
f 1923//1278 1924//1278 698//1278
f 1923//1279 698//1279 650//1279
f 642//1280 1925//1280 1926//1280
f 642//1281 1926//1281 639//1281
f 679//1282 680//1282 1042//1282
f 679//1283 1042//1283 1041//1283
f 561//1284 564//1284 1020//1284
f 561//1285 1020//1285 1019//1285
f 564//1286 565//1286 1021//1286
f 564//1287 1021//1287 1020//1287
f 1938//1288 1939//1288 985//1288
f 1938//1289 985//1289 984//1289
f 1939//1290 1940//1290 986//1290
f 1939//1291 986//1291 985//1291
f 554//1292 989//1292 990//1292
f 554//1293 990//1293 531//1293
f 555//1294 554//1294 531//1294
f 555//1295 531//1295 532//1295
f 569//1296 706//1296 557//1296
f 569//1297 557//1297 568//1297
f 983//1298 706//1298 569//1298
f 983//1299 569//1299 982//1299
f 570//1300 569//1300 568//1300
f 570//1301 568//1301 571//1301
f 569//1302 570//1302 981//1302
f 569//1303 981//1303 982//1303
f 576//1304 575//1304 574//1304
f 576//1305 574//1305 573//1305
f 580//1306 579//1306 578//1306
f 580//1307 578//1307 577//1307
f 584//1308 583//1308 582//1308
f 584//1309 582//1309 581//1309
f 579//1310 586//1310 585//1310
f 579//1311 585//1311 578//1311
f 1105//1312 587//1312 544//1312
f 1105//1313 544//1313 1108//1313
f 544//1314 587//1314 584//1314
f 544//1315 584//1315 581//1315
f 1511//1316 1512//1316 1552//1316
f 1511//1317 1552//1317 1551//1317
f 1513//1318 1514//1318 1554//1318
f 1513//1319 1554//1319 1553//1319
f 860//1320 861//1320 588//1320
f 860//1321 588//1321 589//1321
f 546//1322 589//1322 588//1322
f 546//1323 588//1323 590//1323
f 1510//1324 1511//1324 1551//1324
f 1510//1325 1551//1325 1550//1325
f 1556//1326 1555//1326 1515//1326
f 1556//1327 1515//1327 1516//1327
f 1518//1328 1519//1328 1559//1328
f 1518//1329 1559//1329 1558//1329
f 576//1330 573//1330 592//1330
f 576//1331 592//1331 593//1331
f 574//1332 575//1332 1098//1332
f 574//1333 1098//1333 1102//1333
f 599//1334 596//1334 1382//1334
f 599//1335 1382//1335 1391//1335
f 1562//1336 1561//1336 1521//1336
f 1562//1337 1521//1337 1522//1337
f 596//1338 599//1338 591//1338
f 596//1339 591//1339 595//1339
f 1378//1340 1379//1340 600//1340
f 1378//1341 600//1341 601//1341
f 1377//1342 1525//1342 1526//1342
f 1377//1343 1526//1343 603//1343
f 1526//1344 1527//1344 605//1344
f 1526//1345 605//1345 603//1345
f 589//1346 546//1346 542//1346
f 589//1347 542//1347 543//1347
f 572//1348 545//1348 546//1348
f 572//1349 546//1349 590//1349
f 1550//1350 1549//1350 1509//1350
f 1550//1351 1509//1351 1510//1351
f 541//1352 545//1352 1626//1352
f 541//1353 1626//1353 1627//1353
f 859//1354 860//1354 589//1354
f 859//1355 589//1355 543//1355
f 607//1356 606//1356 1024//1356
f 607//1357 1024//1357 1023//1357
f 1936//1358 1937//1358 983//1358
f 1936//1359 983//1359 982//1359
f 614//1360 607//1360 1023//1360
f 614//1361 1023//1361 1022//1361
f 682//1362 683//1362 1045//1362
f 682//1363 1045//1363 1044//1363
f 683//1364 684//1364 1046//1364
f 683//1365 1046//1365 1045//1365
f 1928//1366 1929//1366 613//1366
f 1928//1367 613//1367 655//1367
f 613//1368 612//1368 654//1368
f 613//1369 654//1369 655//1369
f 565//1370 614//1370 1022//1370
f 565//1371 1022//1371 1021//1371
f 983//1372 984//1372 705//1372
f 983//1373 705//1373 706//1373
f 1937//1374 1938//1374 984//1374
f 1937//1375 984//1375 983//1375
f 1935//1376 1936//1376 982//1376
f 1935//1377 982//1377 981//1377
f 1581//1378 1933//1378 1934//1378
f 1581//1379 1934//1379 1546//1379
f 1582//1380 1581//1380 1546//1380
f 1582//1381 1546//1381 1547//1381
f 1537//1382 1538//1382 1574//1382
f 1537//1383 1574//1383 1573//1383
f 1929//1384 1930//1384 618//1384
f 1929//1385 618//1385 613//1385
f 613//1386 618//1386 617//1386
f 613//1387 617//1387 612//1387
f 620//1388 619//1388 659//1388
f 620//1389 659//1389 1622//1389
f 653//1390 620//1390 1622//1390
f 653//1391 1622//1391 647//1391
f 1536//1392 1572//1392 1571//1392
f 1536//1393 1571//1393 1535//1393
f 597//1394 2233//1394 2234//1394
f 597//1395 2234//1395 602//1395
f 623//1396 622//1396 626//1396
f 623//1397 626//1397 634//1397
f 625//1398 603//1398 605//1398
f 625//1399 605//1399 624//1399
f 1530//1400 626//1400 622//1400
f 1530//1401 622//1401 1529//1401
f 1531//1402 633//1402 626//1402
f 1531//1403 626//1403 1530//1403
f 1533//1404 1373//1404 656//1404
f 1533//1405 656//1405 1532//1405
f 1371//1406 1372//1406 629//1406
f 1371//1407 629//1407 630//1407
f 631//1408 628//1408 627//1408
f 631//1409 627//1409 632//1409
f 632//1410 627//1410 621//1410
f 632//1411 621//1411 598//1411
f 540//1412 555//1412 532//1412
f 540//1413 532//1413 533//1413
f 984//1414 985//1414 704//1414
f 984//1415 704//1415 705//1415
f 680//1416 681//1416 1043//1416
f 680//1417 1043//1417 1042//1417
f 1927//1418 1928//1418 655//1418
f 1927//1419 655//1419 638//1419
f 639//1420 638//1420 637//1420
f 639//1421 637//1421 636//1421
f 641//1422 640//1422 646//1422
f 641//1423 646//1423 645//1423
f 643//1424 642//1424 639//1424
f 643//1425 639//1425 636//1425
f 644//1426 641//1426 645//1426
f 644//1427 645//1427 648//1427
f 646//1428 647//1428 668//1428
f 646//1429 668//1429 669//1429
f 640//1430 653//1430 647//1430
f 640//1431 647//1431 646//1431
f 645//1432 646//1432 669//1432
f 645//1433 669//1433 670//1433
f 671//1434 648//1434 645//1434
f 671//1435 645//1435 670//1435
f 698//1436 699//1436 651//1436
f 698//1437 651//1437 650//1437
f 654//1438 637//1438 638//1438
f 654//1439 638//1439 655//1439
f 1926//1440 1927//1440 638//1440
f 1926//1441 638//1441 639//1441
f 681//1442 682//1442 1044//1442
f 681//1443 1044//1443 1043//1443
f 2239//1444 2240//1444 1376//1444
f 2239//1445 1376//1445 625//1445
f 1376//1446 1377//1446 603//1446
f 1376//1447 603//1447 625//1447
f 1373//1448 1374//1448 657//1448
f 1373//1449 657//1449 656//1449
f 1571//1450 1570//1450 1534//1450
f 1571//1451 1534//1451 1535//1451
f 633//1452 660//1452 634//1452
f 633//1453 634//1453 626//1453
f 1922//1454 1923//1454 650//1454
f 1922//1455 650//1455 652//1455
f 584//1456 587//1456 586//1456
f 584//1457 586//1457 579//1457
f 583//1458 584//1458 579//1458
f 583//1459 579//1459 580//1459
f 1555//1460 1554//1460 1514//1460
f 1555//1461 1514//1461 1515//1461
f 578//1462 585//1462 662//1462
f 578//1463 662//1463 663//1463
f 577//1464 578//1464 663//1464
f 577//1465 663//1465 664//1465
f 1557//1466 1556//1466 1516//1466
f 1557//1467 1516//1467 1517//1467
f 594//1468 1331//1468 1332//1468
f 594//1469 1332//1469 1353//1469
f 592//1470 573//1470 595//1470
f 592//1471 595//1471 591//1471
f 1519//1472 1520//1472 1560//1472
f 1519//1473 1560//1473 1559//1473
f 663//1474 662//1474 575//1474
f 663//1475 575//1475 576//1475
f 664//1476 663//1476 576//1476
f 664//1477 576//1477 593//1477
f 1517//1478 1518//1478 1558//1478
f 1517//1479 1558//1479 1557//1479
f 586//1480 587//1480 1105//1480
f 586//1481 1105//1481 1101//1481
f 1931//1482 1932//1482 1574//1482
f 1931//1483 1574//1483 1538//1483
f 665//1484 668//1484 647//1484
f 665//1485 647//1485 1622//1485
f 666//1486 600//1486 1357//1486
f 666//1487 1357//1487 1356//1487
f 1379//1488 1380//1488 1357//1488
f 1379//1489 1357//1489 600//1489
f 658//1490 665//1490 1622//1490
f 658//1491 1622//1491 659//1491
f 702//1492 672//1492 1619//1492
f 702//1493 1619//1493 701//1493
f 633//1494 656//1494 657//1494
f 633//1495 657//1495 660//1495
f 656//1496 633//1496 1531//1496
f 656//1497 1531//1497 1532//1497
f 628//1498 631//1498 630//1498
f 628//1499 630//1499 629//1499
f 1370//1500 1371//1500 630//1500
f 1370//1501 630//1501 896//1501
f 1369//1502 1370//1502 896//1502
f 1369//1503 896//1503 895//1503
f 1368//1504 1369//1504 895//1504
f 1368//1505 895//1505 897//1505
f 1367//1506 1368//1506 897//1506
f 1367//1507 897//1507 898//1507
f 1365//1508 1366//1508 899//1508
f 1365//1509 899//1509 890//1509
f 1363//1510 1364//1510 891//1510
f 1363//1511 891//1511 902//1511
f 604//1512 666//1512 597//1512
f 604//1513 597//1513 602//1513
f 604//1514 601//1514 600//1514
f 604//1515 600//1515 666//1515
f 1364//1516 1365//1516 890//1516
f 1364//1517 890//1517 891//1517
f 685//1518 550//1518 527//1518
f 685//1519 527//1519 528//1519
f 551//1520 550//1520 685//1520
f 551//1521 685//1521 686//1521
f 686//1522 695//1522 696//1522
f 686//1523 696//1523 551//1523
f 562//1524 687//1524 688//1524
f 562//1525 688//1525 563//1525
f 688//1526 689//1526 635//1526
f 688//1527 635//1527 563//1527
f 611//1528 635//1528 689//1528
f 611//1529 689//1529 690//1529
f 611//1530 690//1530 691//1530
f 611//1531 691//1531 609//1531
f 691//1532 692//1532 610//1532
f 691//1533 610//1533 609//1533
f 1541//1534 1542//1534 1577//1534
f 1541//1535 1577//1535 1576//1535
f 612//1536 617//1536 619//1536
f 612//1537 619//1537 620//1537
f 654//1538 612//1538 620//1538
f 654//1539 620//1539 653//1539
f 637//1540 654//1540 653//1540
f 637//1541 653//1541 640//1541
f 636//1542 637//1542 640//1542
f 636//1543 640//1543 641//1543
f 644//1544 643//1544 636//1544
f 644//1545 636//1545 641//1545
f 651//1546 699//1546 700//1546
f 651//1547 700//1547 649//1547
f 547//1548 549//1548 529//1548
f 547//1549 529//1549 530//1549
f 552//1550 549//1550 547//1550
f 552//1551 547//1551 548//1551
f 694//1552 552//1552 548//1552
f 694//1553 548//1553 693//1553
f 564//1554 561//1554 560//1554
f 564//1555 560//1555 566//1555
f 565//1556 564//1556 566//1556
f 565//1557 566//1557 567//1557
f 614//1558 565//1558 567//1558
f 614//1559 567//1559 615//1559
f 607//1560 614//1560 615//1560
f 607//1561 615//1561 608//1561
f 606//1562 607//1562 608//1562
f 606//1563 608//1563 616//1563
f 1580//1564 1579//1564 1544//1564
f 1580//1565 1544//1565 1545//1565
f 1573//1566 1572//1566 1536//1566
f 1573//1567 1536//1567 1537//1567
f 605//1568 1527//1568 1528//1568
f 605//1569 1528//1569 673//1569
f 673//1570 1528//1570 2235//1570
f 673//1571 2235//1571 2236//1571
f 673//1572 2236//1572 2237//1572
f 673//1573 2237//1573 674//1573
f 624//1574 605//1574 673//1574
f 624//1575 673//1575 674//1575
f 1374//1576 1375//1576 675//1576
f 1374//1577 675//1577 657//1577
f 660//1578 657//1578 675//1578
f 660//1579 675//1579 676//1579
f 624//1580 2238//1580 2239//1580
f 624//1581 2239//1581 625//1581
f 550//1582 1972//1582 1973//1582
f 550//1583 1973//1583 527//1583
f 1971//1584 1972//1584 550//1584
f 1971//1585 550//1585 551//1585
f 1970//1586 1971//1586 551//1586
f 1970//1587 551//1587 696//1587
f 1968//1588 1969//1588 562//1588
f 1968//1589 562//1589 563//1589
f 1967//1590 1968//1590 563//1590
f 1967//1591 563//1591 635//1591
f 1966//1592 1967//1592 635//1592
f 1966//1593 635//1593 611//1593
f 1965//1594 1966//1594 611//1594
f 1965//1595 611//1595 609//1595
f 1964//1596 1965//1596 609//1596
f 1964//1597 609//1597 610//1597
f 1576//1598 1962//1598 1963//1598
f 1576//1599 1963//1599 1541//1599
f 1016//1600 685//1600 528//1600
f 1016//1601 528//1601 1015//1601
f 686//1602 685//1602 1016//1602
f 686//1603 1016//1603 1017//1603
f 1017//1604 1018//1604 695//1604
f 1017//1605 695//1605 686//1605
f 687//1606 1019//1606 1020//1606
f 687//1607 1020//1607 688//1607
f 1020//1608 1021//1608 689//1608
f 1020//1609 689//1609 688//1609
f 690//1610 689//1610 1021//1610
f 690//1611 1021//1611 1022//1611
f 691//1612 690//1612 1022//1612
f 691//1613 1022//1613 1023//1613
f 1023//1614 1024//1614 692//1614
f 1023//1615 692//1615 691//1615
f 1542//1616 1543//1616 1578//1616
f 1542//1617 1578//1617 1577//1617
f 1624//1618 1509//1618 1549//1618
f 1624//1619 1549//1619 1623//1619
f 1625//1620 1626//1620 545//1620
f 1625//1621 545//1621 572//1621
f 986//1622 987//1622 703//1622
f 986//1623 703//1623 707//1623
f 1940//1624 1941//1624 987//1624
f 1940//1625 987//1625 986//1625
f 561//1626 694//1626 693//1626
f 561//1627 693//1627 560//1627
f 694//1628 561//1628 1019//1628
f 694//1629 1019//1629 1018//1629
f 695//1630 1018//1630 1019//1630
f 695//1631 1019//1631 687//1631
f 696//1632 695//1632 687//1632
f 696//1633 687//1633 562//1633
f 1969//1634 1970//1634 696//1634
f 1969//1635 696//1635 562//1635
f 697//1636 679//1636 1041//1636
f 697//1637 1041//1637 1040//1637
f 698//1638 1924//1638 1925//1638
f 698//1639 1925//1639 642//1639
f 643//1640 699//1640 698//1640
f 643//1641 698//1641 642//1641
f 700//1642 699//1642 643//1642
f 700//1643 643//1643 644//1643
f 700//1644 644//1644 648//1644
f 700//1645 648//1645 701//1645
f 702//1646 701//1646 648//1646
f 702//1647 648//1647 671//1647
f 1366//1648 1367//1648 898//1648
f 1366//1649 898//1649 899//1649
f 703//1650 553//1650 556//1650
f 703//1651 556//1651 559//1651
f 707//1652 703//1652 559//1652
f 707//1653 559//1653 708//1653
f 706//1654 705//1654 709//1654
f 706//1655 709//1655 557//1655
f 705//1656 704//1656 558//1656
f 705//1657 558//1657 709//1657
f 704//1658 707//1658 708//1658
f 704//1659 708//1659 558//1659
f 536//1660 54//1660 723//1660
f 536//1661 723//1661 724//1661
f 723//1662 54//1662 46//1662
f 723//1663 46//1663 722//1663
f 722//1664 46//1664 45//1664
f 722//1665 45//1665 721//1665
f 721//1666 45//1666 35//1666
f 721//1667 35//1667 720//1667
f 720//1668 35//1668 235//1668
f 720//1669 235//1669 719//1669
f 719//1670 235//1670 234//1670
f 719//1671 234//1671 718//1671
f 234//1672 428//1672 717//1672
f 234//1673 717//1673 718//1673
f 717//1674 428//1674 1710//1674
f 717//1675 1710//1675 1711//1675
f 2108//1676 2109//1676 1760//1676
f 2108//1677 1760//1677 1761//1677
f 715//1678 265//1678 276//1678
f 715//1679 276//1679 714//1679
f 714//1680 276//1680 281//1680
f 714//1681 281//1681 713//1681
f 713//1682 281//1682 1878//1682
f 713//1683 1878//1683 1879//1683
f 667//1684 710//1684 1392//1684
f 667//1685 1392//1685 1358//1685
f 557//1686 711//1686 712//1686
f 557//1687 712//1687 568//1687
f 47//1688 722//1688 721//1688
f 47//1689 721//1689 49//1689
f 712//1690 711//1690 914//1690
f 712//1691 914//1691 1126//1691
f 711//1692 725//1692 916//1692
f 711//1693 916//1693 914//1693
f 711//1694 557//1694 709//1694
f 711//1695 709//1695 725//1695
f 725//1696 726//1696 917//1696
f 725//1697 917//1697 916//1697
f 725//1698 709//1698 558//1698
f 725//1699 558//1699 726//1699
f 281//1700 728//1700 1877//1700
f 281//1701 1877//1701 1878//1701
f 729//478 728//478 281//478
f 729//1702 281//1702 276//1702
f 730//1703 729//1703 276//1703
f 730//1704 276//1704 265//1704
f 2109//1705 2110//1705 1759//1705
f 2109//1706 1759//1706 1760//1706
f 1709//1707 1710//1707 428//1707
f 1709//1708 428//1708 732//1708
f 428//1709 234//1709 733//1709
f 428//1710 733//1710 732//1710
f 734//1711 733//1711 234//1711
f 734//1712 234//1712 235//1712
f 735//1713 734//1713 235//1713
f 735//1714 235//1714 35//1714
f 736//1715 735//1715 35//1715
f 736//1716 35//1716 45//1716
f 46//1717 737//1717 736//1717
f 46//1718 736//1718 45//1718
f 737//1719 46//1719 54//1719
f 737//1720 54//1720 738//1720
f 54//1721 536//1721 739//1721
f 54//1722 739//1722 738//1722
f 708//1723 741//1723 726//1723
f 708//1724 726//1724 558//1724
f 708//1725 559//1725 740//1725
f 708//1726 740//1726 741//1726
f 741//1727 740//1727 919//1727
f 741//1728 919//1728 918//1728
f 726//1729 741//1729 918//1729
f 726//1730 918//1730 917//1730
f 740//1731 559//1731 556//1731
f 740//1732 556//1732 727//1732
f 740//1733 727//1733 920//1733
f 740//1734 920//1734 919//1734
f 660//1735 676//1735 623//1735
f 660//1736 623//1736 634//1736
f 2238//1737 624//1737 674//1737
f 2238//1738 674//1738 2237//1738
f 1666//1739 1667//1739 364//1739
f 1666//1740 364//1740 361//1740
f 742//1741 743//1741 458//1741
f 742//1742 458//1742 459//1742
f 458//1743 743//1743 744//1743
f 458//1744 744//1744 457//1744
f 1470//1745 1471//1745 163//1745
f 1470//1746 163//1746 164//1746
f 164//1747 169//1747 1469//1747
f 164//1748 1469//1748 1470//1748
f 1835//1749 1836//1749 825//1749
f 1835//1750 825//1750 1454//1750
f 1833//1751 1834//1751 824//1751
f 1833//1752 824//1752 823//1752
f 744//1753 754//1753 755//1753
f 744//1754 755//1754 457//1754
f 169//1755 188//1755 1468//1755
f 169//1756 1468//1756 1469//1756
f 779//1757 1833//1757 823//1757
f 779//1758 823//1758 822//1758
f 1903//1759 778//1759 262//1759
f 1903//1760 262//1760 757//1760
f 757//1761 262//1761 244//1761
f 757//1762 244//1762 758//1762
f 758//1763 244//1763 237//1763
f 758//1764 237//1764 759//1764
f 1721//1765 846//1765 229//1765
f 1721//1766 229//1766 760//1766
f 1671//1767 771//1767 222//1767
f 1671//1768 222//1768 761//1768
f 936//1769 761//1769 222//1769
f 936//1770 222//1770 935//1770
f 1410//1771 755//1771 754//1771
f 1410//1772 754//1772 753//1772
f 766//1773 764//1773 783//1773
f 766//1774 783//1774 782//1774
f 1722//1775 1723//1775 1673//1775
f 1722//1776 1673//1776 1672//1776
f 764//1777 766//1777 771//1777
f 764//1778 771//1778 229//1778
f 845//1779 764//1779 229//1779
f 845//1780 229//1780 846//1780
f 770//1781 765//1781 2204//1781
f 770//1782 2204//1782 218//1782
f 222//1783 1722//1783 1672//1783
f 222//1784 1672//1784 935//1784
f 768//1785 767//1785 772//1785
f 768//1786 772//1786 773//1786
f 769//1787 768//1787 773//1787
f 769//1788 773//1788 774//1788
f 935//1789 1672//1789 765//1789
f 935//1790 765//1790 770//1790
f 770//1791 218//1791 762//1791
f 770//1792 762//1792 2205//1792
f 825//1793 1836//1793 1837//1793
f 825//1794 1837//1794 821//1794
f 775//1795 500//1795 794//1795
f 775//1796 794//1796 795//1796
f 776//1797 775//1797 795//1797
f 776//1798 795//1798 796//1798
f 1832//1799 262//1799 778//1799
f 1832//1800 778//1800 780//1800
f 273//1801 779//1801 781//1801
f 273//1802 781//1802 829//1802
f 779//1803 822//1803 830//1803
f 779//1804 830//1804 781//1804
f 1831//1805 1832//1805 780//1805
f 1831//1806 780//1806 784//1806
f 829//1807 781//1807 785//1807
f 829//1808 785//1808 828//1808
f 781//1809 830//1809 831//1809
f 781//1810 831//1810 785//1810
f 782//1811 783//1811 786//1811
f 782//1812 786//1812 787//1812
f 1830//1813 1831//1813 784//1813
f 1830//1814 784//1814 788//1814
f 828//1815 785//1815 789//1815
f 828//1816 789//1816 827//1816
f 785//1817 831//1817 832//1817
f 785//1818 832//1818 789//1818
f 844//1819 783//1819 764//1819
f 844//1820 764//1820 845//1820
f 843//1821 786//1821 783//1821
f 843//1822 783//1822 844//1822
f 787//1823 786//1823 790//1823
f 787//1824 790//1824 791//1824
f 1829//1825 1830//1825 788//1825
f 1829//1826 788//1826 792//1826
f 827//1827 789//1827 793//1827
f 827//1828 793//1828 826//1828
f 789//1829 832//1829 833//1829
f 789//1830 833//1830 793//1830
f 842//1831 790//1831 786//1831
f 842//1832 786//1832 843//1832
f 791//1833 790//1833 807//1833
f 791//1834 807//1834 808//1834
f 795//1835 794//1835 798//1835
f 795//1836 798//1836 799//1836
f 796//1837 795//1837 799//1837
f 796//1838 799//1838 800//1838
f 799//1839 798//1839 806//1839
f 799//1840 806//1840 809//1840
f 800//1841 799//1841 809//1841
f 800//1842 809//1842 802//1842
f 1446//1843 1447//1843 1444//1843
f 1446//1844 1444//1844 1445//1844
f 304//1845 803//1845 1497//1845
f 304//1846 1497//1846 1496//1846
f 803//1847 304//1847 877//1847
f 803//1848 877//1848 878//1848
f 1675//1849 1676//1849 804//1849
f 1675//1850 804//1850 243//1850
f 841//1851 807//1851 790//1851
f 841//1852 790//1852 842//1852
f 804//1853 811//1853 2199//1853
f 804//1854 2199//1854 2200//1854
f 1726//1855 1727//1855 1677//1855
f 1726//1856 1677//1856 1676//1856
f 806//1857 805//1857 810//1857
f 806//1858 810//1858 809//1858
f 811//1859 804//1859 1676//1859
f 811//1860 1676//1860 1677//1860
f 808//1861 807//1861 812//1861
f 808//1862 812//1862 813//1862
f 812//1863 807//1863 841//1863
f 812//1864 841//1864 840//1864
f 802//1865 809//1865 810//1865
f 802//1866 810//1866 331//1866
f 814//1867 818//1867 1678//1867
f 814//1868 1678//1868 1679//1868
f 1679//1869 1680//1869 849//1869
f 1679//1870 849//1870 814//1870
f 1728//1871 1729//1871 1679//1871
f 1728//1872 1679//1872 1678//1872
f 1729//1873 1730//1873 1680//1873
f 1729//1874 1680//1874 1679//1874
f 1731//1875 1732//1875 1682//1875
f 1731//1876 1682//1876 1681//1876
f 815//1877 819//1877 820//1877
f 815//1878 820//1878 817//1878
f 847//1879 848//1879 815//1879
f 847//1880 815//1880 817//1880
f 817//1881 820//1881 839//1881
f 817//1882 839//1882 838//1882
f 838//1883 872//1883 847//1883
f 838//1884 847//1884 817//1884
f 818//1885 811//1885 1677//1885
f 818//1886 1677//1886 1678//1886
f 1727//1887 1728//1887 1678//1887
f 1727//1888 1678//1888 1677//1888
f 819//1889 813//1889 812//1889
f 819//1890 812//1890 820//1890
f 820//1891 812//1891 840//1891
f 820//1892 840//1892 839//1892
f 838//1893 839//1893 1845//1893
f 838//1894 1845//1894 1846//1894
f 839//1895 840//1895 1844//1895
f 839//1896 1844//1896 1845//1896
f 1843//1897 1844//1897 840//1897
f 1843//1898 840//1898 841//1898
f 841//1899 842//1899 1842//1899
f 841//1900 1842//1900 1843//1900
f 842//1901 843//1901 1841//1901
f 842//1902 1841//1902 1842//1902
f 843//1903 844//1903 1840//1903
f 843//1904 1840//1904 1841//1904
f 844//1905 845//1905 1839//1905
f 844//1906 1839//1906 1840//1906
f 845//1907 846//1907 237//1907
f 845//1908 237//1908 1839//1908
f 872//1909 838//1909 1846//1909
f 872//1910 1846//1910 1847//1910
f 827//1911 826//1911 792//1911
f 827//1912 792//1912 788//1912
f 828//1913 827//1913 788//1913
f 828//1914 788//1914 784//1914
f 829//1915 828//1915 784//1915
f 829//1916 784//1916 780//1916
f 273//1917 829//1917 780//1917
f 273//1918 780//1918 778//1918
f 1493//1919 847//1919 872//1919
f 1493//1920 872//1920 1492//1920
f 848//1921 847//1921 1493//1921
f 848//1922 1493//1922 1494//1922
f 1730//1923 1731//1923 1681//1923
f 1730//1924 1681//1924 1680//1924
f 862//1925 850//1925 1886//1925
f 862//1926 1886//1926 1887//1926
f 851//1927 850//1927 862//1927
f 851//1928 862//1928 863//1928
f 852//1929 851//1929 863//1929
f 852//1930 863//1930 864//1930
f 2100//1931 2101//1931 1768//1931
f 2100//1932 1768//1932 1769//1932
f 1655//1933 1656//1933 866//1933
f 1655//1934 866//1934 854//1934
f 866//1935 867//1935 855//1935
f 866//1936 855//1936 854//1936
f 856//1937 855//1937 867//1937
f 856//1938 867//1938 868//1938
f 857//1939 856//1939 868//1939
f 857//1940 868//1940 869//1940
f 860//1941 859//1941 544//1941
f 860//1942 544//1942 581//1942
f 861//1943 860//1943 581//1943
f 861//1944 581//1944 582//1944
f 1553//1945 1552//1945 1512//1945
f 1553//1946 1512//1946 1513//1946
f 255//1947 862//1947 1887//1947
f 255//1948 1887//1948 1888//1948
f 862//1949 255//1949 246//1949
f 862//1950 246//1950 863//1950
f 863//1951 246//1951 240//1951
f 863//1952 240//1952 864//1952
f 1769//1953 1770//1953 2099//1953
f 1769//1954 2099//1954 2100//1954
f 1656//1955 1657//1955 423//1955
f 1656//1956 423//1956 866//1956
f 423//1957 215//1957 867//1957
f 423//1958 867//1958 866//1958
f 868//1959 867//1959 215//1959
f 868//1960 215//1960 216//1960
f 869//1961 868//1961 216//1961
f 869//1962 216//1962 40//1962
f 1108//1963 544//1963 859//1963
f 1108//1964 859//1964 1111//1964
f 811//1965 818//1965 2198//1965
f 811//1966 2198//1966 2199//1966
f 814//1967 849//1967 2196//1967
f 814//1968 2196//1968 2197//1968
f 1495//1969 870//1969 2194//1969
f 1495//1970 2194//1970 2195//1970
f 870//1971 876//1971 2193//1971
f 870//1972 2193//1972 2194//1972
f 1495//1973 849//1973 1680//1973
f 1495//1974 1680//1974 1681//1974
f 1681//1975 1682//1975 870//1975
f 1681//1976 870//1976 1495//1976
f 876//1977 870//1977 1682//1977
f 876//1978 1682//1978 1683//1978
f 1492//1979 872//1979 1847//1979
f 1492//1980 1847//1980 1848//1980
f 874//1981 873//1981 971//1981
f 874//1982 971//1982 961//1982
f 875//1983 874//1983 961//1983
f 875//1984 961//1984 962//1984
f 1733//1985 1734//1985 1684//1985
f 1733//1986 1684//1986 1683//1986
f 968//1987 876//1987 1683//1987
f 968//1988 1683//1988 1684//1988
f 876//1989 968//1989 2192//1989
f 876//1990 2192//1990 2193//1990
f 966//1991 878//1991 877//1991
f 966//1992 877//1992 970//1992
f 879//1993 967//1993 963//1993
f 879//1994 963//1994 880//1994
f 2196//1995 849//1995 1495//1995
f 2196//1996 1495//1996 2195//1996
f 666//1997 1356//1997 903//1997
f 666//1998 903//1998 597//1998
f 2232//1999 2233//1999 597//1999
f 2232//2000 597//2000 903//2000
f 632//2001 598//2001 887//2001
f 632//2002 887//2002 888//2002
f 889//2003 631//2003 632//2003
f 889//2004 632//2004 888//2004
f 888//2005 887//2005 894//2005
f 888//2006 894//2006 893//2006
f 895//2007 896//2007 889//2007
f 895//2008 889//2008 892//2008
f 631//2009 889//2009 896//2009
f 631//2010 896//2010 630//2010
f 945//2011 946//2011 1074//2011
f 945//2012 1074//2012 1081//2012
f 946//2013 947//2013 1067//2013
f 946//2014 1067//2014 1074//2014
f 947//2015 948//2015 1060//2015
f 947//2016 1060//2016 1067//2016
f 727//2017 540//2017 915//2017
f 727//2018 915//2018 920//2018
f 727//2019 556//2019 555//2019
f 727//2020 555//2020 540//2020
f 2231//2021 2232//2021 903//2021
f 2231//2022 903//2022 904//2022
f 2230//2023 2231//2023 904//2023
f 2230//2024 904//2024 521//2024
f 2171//2025 1164//2025 1163//2025
f 2171//2026 1163//2026 2170//2026
f 904//2027 903//2027 1355//2027
f 904//2028 1355//2028 1354//2028
f 521//2029 904//2029 1354//2029
f 521//2030 1354//2030 911//2030
f 912//2031 911//2031 1056//2031
f 912//2032 1056//2032 1057//2032
f 1125//2033 913//2033 539//2033
f 1125//2034 539//2034 1123//2034
f 914//2035 913//2035 1125//2035
f 914//2036 1125//2036 1126//2036
f 921//2037 915//2037 534//2037
f 921//2038 534//2038 535//2038
f 914//2039 916//2039 922//2039
f 914//2040 922//2040 913//2040
f 916//2041 917//2041 923//2041
f 916//2042 923//2042 922//2042
f 917//2043 918//2043 924//2043
f 917//2044 924//2044 923//2044
f 919//2045 920//2045 926//2045
f 919//2046 926//2046 925//2046
f 918//2047 919//2047 925//2047
f 918//2048 925//2048 924//2048
f 920//2049 915//2049 921//2049
f 920//2050 921//2050 926//2050
f 913//2051 922//2051 538//2051
f 913//2052 538//2052 539//2052
f 922//2053 923//2053 537//2053
f 922//2054 537//2054 538//2054
f 923//2055 924//2055 724//2055
f 923//2056 724//2056 537//2056
f 925//2057 926//2057 739//2057
f 925//2058 739//2058 536//2058
f 924//2059 925//2059 536//2059
f 924//2060 536//2060 724//2060
f 926//2061 921//2061 535//2061
f 926//2062 535//2062 739//2062
f 927//2063 901//2063 900//2063
f 927//2064 900//2064 929//2064
f 928//2065 927//2065 929//2065
f 928//2066 929//2066 930//2066
f 1330//2067 928//2067 930//2067
f 1330//2068 930//2068 1329//2068
f 1317//2069 1318//2069 1321//2069
f 1317//2070 1321//2070 1320//2070
f 929//2071 900//2071 107//2071
f 929//2072 107//2072 1326//2072
f 930//2073 929//2073 1326//2073
f 930//2074 1326//2074 1327//2074
f 933//2075 7//2075 1389//2075
f 933//2076 1389//2076 1388//2076
f 1318//2077 1317//2077 2080//2077
f 1318//2078 2080//2078 2081//2078
f 1359//2079 1386//2079 1387//2079
f 1359//2080 1387//2080 978//2080
f 1686//2081 2138//2081 2139//2081
f 1686//2082 2139//2082 1685//2082
f 1395//2083 1396//2083 976//2083
f 1395//2084 976//2084 974//2084
f 1853//2085 1394//2085 977//2085
f 1853//2086 977//2086 1852//2086
f 1736//2087 1397//2087 975//2087
f 1736//2088 975//2088 1735//2088
f 1394//2089 1395//2089 974//2089
f 1394//2090 974//2090 977//2090
f 979//2091 1388//2091 1389//2091
f 979//2092 1389//2092 972//2092
f 972//2093 1389//2093 1390//2093
f 972//2094 1390//2094 1308//2094
f 1321//2095 1330//2095 1329//2095
f 1321//2096 1329//2096 1320//2096
f 1317//2097 1316//2097 2079//2097
f 1317//2098 2079//2098 2080//2098
f 7//2099 1307//2099 1390//2099
f 7//2100 1390//2100 1389//2100
f 1329//2101 930//2101 1327//2101
f 1329//2102 1327//2102 1328//2102
f 1316//2103 1317//2103 1320//2103
f 1316//2104 1320//2104 1319//2104
f 89//2105 88//2105 77//2105
f 89//2106 77//2106 956//2106
f 955//2107 956//2107 958//2107
f 955//2108 958//2108 957//2108
f 74//2109 64//2109 959//2109
f 74//2110 959//2110 73//2110
f 958//2111 956//2111 77//2111
f 958//2112 77//2112 960//2112
f 960//2113 77//2113 73//2113
f 960//2114 73//2114 959//2114
f 1850//2115 1851//2115 971//2115
f 1850//2116 971//2116 873//2116
f 1547//2117 1508//2117 1548//2117
f 1547//2118 1548//2118 1582//2118
f 1579//2119 1578//2119 1543//2119
f 1579//2120 1543//2120 1544//2120
f 126//2121 524//2121 1413//2121
f 126//2122 1413//2122 1414//2122
f 1048//2123 1198//2123 1889//2123
f 1048//2124 1889//2124 1890//2124
f 1198//2125 1048//2125 1051//2125
f 1198//2126 1051//2126 1197//2126
f 422//2127 1194//2127 1658//2127
f 422//2128 1658//2128 1659//2128
f 2097//2129 2098//2129 1771//2129
f 2097//2130 1771//2130 1772//2130
f 1050//2131 1196//2131 1197//2131
f 1050//2132 1197//2132 1051//2132
f 423//2133 1657//2133 1658//2133
f 423//2134 1658//2134 1194//2134
f 2098//2135 2099//2135 1770//2135
f 2098//2136 1770//2136 1771//2136
f 240//2137 246//2137 1197//2137
f 240//2138 1197//2138 1196//2138
f 246//2139 255//2139 1198//2139
f 246//2140 1198//2140 1197//2140
f 1198//2141 255//2141 1888//2141
f 1198//2142 1888//2142 1889//2142
f 1336//2143 1337//2143 1057//2143
f 1336//2144 1057//2144 1056//2144
f 1065//2145 1058//2145 1062//2145
f 1065//2146 1062//2146 1069//2146
f 1059//2147 2144//2147 2145//2147
f 1059//2148 2145//2148 1066//2148
f 1060//2149 1059//2149 1066//2149
f 1060//2150 1066//2150 1067//2150
f 1062//2151 1061//2151 1068//2151
f 1062//2152 1068//2152 1069//2152
f 1063//2153 1064//2153 1071//2153
f 1063//2154 1071//2154 1070//2154
f 1072//2155 1065//2155 1069//2155
f 1072//2156 1069//2156 1076//2156
f 1066//2157 2145//2157 2146//2157
f 1066//2158 2146//2158 1073//2158
f 1067//2159 1066//2159 1073//2159
f 1067//2160 1073//2160 1074//2160
f 1069//2161 1068//2161 1075//2161
f 1069//2162 1075//2162 1076//2162
f 1068//2163 1063//2163 1070//2163
f 1068//2164 1070//2164 1075//2164
f 1070//2165 1071//2165 1078//2165
f 1070//2166 1078//2166 1077//2166
f 1072//2167 1076//2167 1083//2167
f 1072//2168 1083//2168 1079//2168
f 1073//2169 2146//2169 2147//2169
f 1073//2170 2147//2170 1080//2170
f 1074//2171 1073//2171 1080//2171
f 1074//2172 1080//2172 1081//2172
f 1076//2173 1075//2173 1082//2173
f 1076//2174 1082//2174 1083//2174
f 1075//2175 1070//2175 1077//2175
f 1075//2176 1077//2176 1082//2176
f 1085//2177 1084//2177 1077//2177
f 1085//2178 1077//2178 1078//2178
f 1090//2179 1086//2179 1079//2179
f 1090//2180 1079//2180 1083//2180
f 2147//2181 2148//2181 1087//2181
f 2147//2182 1087//2182 1080//2182
f 1087//2183 1088//2183 1081//2183
f 1087//2184 1081//2184 1080//2184
f 1089//2185 1090//2185 1083//2185
f 1089//2186 1083//2186 1082//2186
f 1084//2187 1089//2187 1082//2187
f 1084//2188 1082//2188 1077//2188
f 1084//2189 1085//2189 1091//2189
f 1084//2190 1091//2190 1127//2190
f 1086//2191 1090//2191 1129//2191
f 1086//2192 1129//2192 1130//2192
f 1087//2193 2148//2193 2149//2193
f 1087//2194 2149//2194 1131//2194
f 1088//2195 1087//2195 1131//2195
f 1088//2196 1131//2196 1132//2196
f 1090//2197 1089//2197 1128//2197
f 1090//2198 1128//2198 1129//2198
f 1089//2199 1084//2199 1127//2199
f 1089//2200 1127//2200 1128//2200
f 1334//2201 1335//2201 1350//2201
f 1334//2202 1350//2202 1351//2202
f 1335//2203 1336//2203 1056//2203
f 1335//2204 1056//2204 1350//2204
f 1061//2205 1093//2205 1063//2205
f 1061//2206 1063//2206 1068//2206
f 1093//2207 1092//2207 1064//2207
f 1093//2208 1064//2208 1063//2208
f 1094//2209 1095//2209 1071//2209
f 1094//2210 1071//2210 1064//2210
f 1094//2211 1098//2211 1099//2211
f 1094//2212 1099//2212 1095//2212
f 1095//2213 1096//2213 1078//2213
f 1095//2214 1078//2214 1071//2214
f 1095//2215 1099//2215 1100//2215
f 1095//2216 1100//2216 1096//2216
f 1096//2217 1097//2217 1085//2217
f 1096//2218 1085//2218 1078//2218
f 1101//2219 1097//2219 1096//2219
f 1101//2220 1096//2220 1100//2220
f 661//2221 523//2221 1618//2221
f 661//2222 1618//2222 1621//2222
f 672//2223 661//2223 1621//2223
f 672//2224 1621//2224 1619//2224
f 1099//2225 1098//2225 575//2225
f 1099//2226 575//2226 662//2226
f 1100//2227 1099//2227 662//2227
f 1100//2228 662//2228 585//2228
f 586//2229 1101//2229 1100//2229
f 586//2230 1100//2230 585//2230
f 1352//2231 1333//2231 1334//2231
f 1352//2232 1334//2232 1351//2232
f 1098//2233 1094//2233 1103//2233
f 1098//2234 1103//2234 1102//2234
f 1332//2235 1333//2235 1352//2235
f 1332//2236 1352//2236 1353//2236
f 1103//2237 1094//2237 1064//2237
f 1103//2238 1064//2238 1092//2238
f 1097//2239 1104//2239 1091//2239
f 1097//2240 1091//2240 1085//2240
f 1097//2241 1101//2241 1105//2241
f 1097//2242 1105//2242 1104//2242
f 1104//2243 1107//2243 1106//2243
f 1104//2244 1106//2244 1091//2244
f 1104//2245 1105//2245 1108//2245
f 1104//2246 1108//2246 1107//2246
f 1107//2247 1108//2247 1111//2247
f 1107//2248 1111//2248 1110//2248
f 1107//2249 1110//2249 1109//2249
f 1107//2250 1109//2250 1106//2250
f 1110//2251 1113//2251 1112//2251
f 1110//2252 1112//2252 1109//2252
f 1110//2253 1111//2253 1114//2253
f 1110//2254 1114//2254 1113//2254
f 1113//2255 1116//2255 1115//2255
f 1113//2256 1115//2256 1112//2256
f 1113//2257 1114//2257 1117//2257
f 1113//2258 1117//2258 1116//2258
f 1116//2259 1119//2259 1118//2259
f 1116//2260 1118//2260 1115//2260
f 1116//2261 1117//2261 1120//2261
f 1116//2262 1120//2262 1119//2262
f 1128//2263 1127//2263 1158//2263
f 1128//2264 1158//2264 1159//2264
f 1129//2265 1128//2265 1159//2265
f 1129//2266 1159//2266 1160//2266
f 1130//2267 1129//2267 1160//2267
f 1130//2268 1160//2268 1161//2268
f 1131//2269 2149//2269 2150//2269
f 1131//2270 2150//2270 1162//2270
f 1132//2271 1131//2271 1162//2271
f 1132//2272 1162//2272 1163//2272
f 1133//2273 1132//2273 1163//2273
f 1133//2274 1163//2274 1164//2274
f 1134//2275 2222//2275 2221//2275
f 1134//2276 2221//2276 1165//2276
f 1134//2277 1165//2277 1166//2277
f 1134//2278 1166//2278 1135//2278
f 1135//2279 1166//2279 1167//2279
f 1135//2280 1167//2280 1136//2280
f 1137//2281 1136//2281 1167//2281
f 1137//2282 1167//2282 1168//2282
f 1168//2283 1169//2283 1138//2283
f 1168//2284 1138//2284 1137//2284
f 1139//2285 1138//2285 1169//2285
f 1139//2286 1169//2286 1170//2286
f 1139//2287 1170//2287 1267//2287
f 1139//2288 1267//2288 1266//2288
f 1140//2289 1266//2289 1267//2289
f 1140//2290 1267//2290 1171//2290
f 1269//2291 1270//2291 1172//2291
f 1269//2292 1172//2292 1141//2292
f 1142//2293 1141//2293 1172//2293
f 1142//2294 1172//2294 1173//2294
f 1173//2295 1174//2295 1143//2295
f 1173//2296 1143//2296 1142//2296
f 1174//2297 1175//2297 1144//2297
f 1174//2298 1144//2298 1143//2298
f 2087//2299 2088//2299 1144//2299
f 2087//2300 1144//2300 1175//2300
f 4549//2301 4550//2301 1145//2301
f 4549//2302 1145//2302 1176//2302
f 1177//2303 1178//2303 1147//2303
f 1177//2304 1147//2304 1146//2304
f 1147//2305 1178//2305 1179//2305
f 1147//2306 1179//2306 1148//2306
f 2169//2307 2170//2307 1163//2307
f 2169//2308 1163//2308 1162//2308
f 2150//2309 2168//2309 2169//2309
f 2150//2310 2169//2310 1162//2310
f 2166//2311 2167//2311 1161//2311
f 2166//2312 1161//2312 1160//2312
f 2165//2313 2166//2313 1160//2313
f 2165//2314 1160//2314 1159//2314
f 1150//2315 1149//2315 1154//2315
f 1150//2316 1154//2316 1155//2316
f 1149//2317 2151//2317 2152//2317
f 1149//2318 2152//2318 1154//2318
f 1151//2319 1152//2319 1157//2319
f 1151//2320 1157//2320 1156//2320
f 1152//2321 1153//2321 18//2321
f 1152//2322 18//2322 1157//2322
f 1119//2323 1629//2323 1630//2323
f 1119//2324 1630//2324 1118//2324
f 1119//2325 1120//2325 1628//2325
f 1119//2326 1628//2326 1629//2326
f 1882//2327 1883//2327 1187//2327
f 1882//2328 1187//2328 275//2328
f 1632//2329 1633//2329 39//2329
f 1632//2330 39//2330 1188//2330
f 1247//2331 1631//2331 1632//2331
f 1247//2332 1632//2332 1188//2332
f 1188//2333 39//2333 858//2333
f 1188//2334 858//2334 1189//2334
f 1188//2335 1189//2335 1246//2335
f 1188//2336 1246//2336 1247//2336
f 1153//2337 1199//2337 1190//2337
f 1153//2338 1190//2338 18//2338
f 2164//2339 2165//2339 1159//2339
f 2164//2340 1159//2340 1158//2340
f 1155//2341 1154//2341 1200//2341
f 1155//2342 1200//2342 1201//2342
f 1154//2343 2152//2343 2153//2343
f 1154//2344 2153//2344 1200//2344
f 1202//2345 1156//2345 1157//2345
f 1202//2346 1157//2346 1203//2346
f 1157//2347 18//2347 17//2347
f 1157//2348 17//2348 1203//2348
f 1201//2349 1200//2349 1204//2349
f 1201//2350 1204//2350 1205//2350
f 1200//2351 2153//2351 2154//2351
f 1200//2352 2154//2352 1204//2352
f 1202//2353 1203//2353 1207//2353
f 1202//2354 1207//2354 1206//2354
f 1203//2355 17//2355 212//2355
f 1203//2356 212//2356 1207//2356
f 1205//2357 1204//2357 1208//2357
f 1205//2358 1208//2358 1209//2358
f 1204//2359 2154//2359 2155//2359
f 1204//2360 2155//2360 1208//2360
f 1206//2361 1207//2361 1211//2361
f 1206//2362 1211//2362 1210//2362
f 1207//2363 212//2363 211//2363
f 1207//2364 211//2364 1211//2364
f 1208//2365 2155//2365 2156//2365
f 1208//2366 2156//2366 1212//2366
f 1213//2367 1210//2367 1211//2367
f 1213//2368 1211//2368 1214//2368
f 1211//2369 211//2369 422//2369
f 1211//2370 422//2370 1214//2370
f 1660//2371 1661//2371 1213//2371
f 1660//2372 1213//2372 1214//2372
f 1214//2373 422//2373 1659//2373
f 1214//2374 1659//2374 1660//2374
f 2156//2375 2157//2375 1662//2375
f 2156//2376 1662//2376 1212//2376
f 1054//2377 1215//2377 1218//2377
f 1054//2378 1218//2378 1055//2378
f 1215//2379 1216//2379 1219//2379
f 1215//2380 1219//2380 1218//2380
f 1219//2381 1216//2381 1217//2381
f 1219//2382 1217//2382 1220//2382
f 1217//2383 1050//2383 1051//2383
f 1217//2384 1051//2384 1220//2384
f 1055//2385 1218//2385 1221//2385
f 1055//2386 1221//2386 1053//2386
f 1218//2387 1219//2387 1222//2387
f 1218//2388 1222//2388 1221//2388
f 1222//2389 1219//2389 1220//2389
f 1222//2390 1220//2390 1223//2390
f 1220//2391 1051//2391 1048//2391
f 1220//2392 1048//2392 1223//2392
f 1053//2393 1221//2393 1893//2393
f 1053//2394 1893//2394 1894//2394
f 1221//2395 1222//2395 1892//2395
f 1221//2396 1892//2396 1893//2396
f 1891//2397 1892//2397 1222//2397
f 1891//2398 1222//2398 1223//2398
f 1223//2399 1048//2399 1890//2399
f 1223//2400 1890//2400 1891//2400
f 1127//2401 1091//2401 1106//2401
f 1127//2402 1106//2402 1158//2402
f 943//2403 905//2403 2092//2403
f 943//2404 2092//2404 1663//2404
f 443//2405 1248//2405 1054//2405
f 443//2406 1054//2406 1055//2406
f 443//2407 1055//2407 1053//2407
f 443//2408 1053//2408 444//2408
f 1894//2409 1895//2409 444//2409
f 1894//2410 444//2410 1053//2410
f 1784//2411 1785//2411 1249//2411
f 1784//2412 1249//2412 15//2412
f 1251//2413 1855//2413 1856//2413
f 1251//2414 1856//2414 1260//2414
f 1252//2415 1251//2415 1260//2415
f 1252//2416 1260//2416 1259//2416
f 1253//2417 1252//2417 1259//2417
f 1253//2418 1259//2418 1258//2418
f 1254//2419 1738//2419 1739//2419
f 1254//2420 1739//2420 1257//2420
f 2135//2421 2136//2421 1688//2421
f 2135//2422 1688//2422 1689//2422
f 1264//2423 1262//2423 1995//2423
f 1264//2424 1995//2424 1994//2424
f 1263//2425 1262//2425 1264//2425
f 1263//2426 1264//2426 1411//2426
f 651//2427 649//2427 1263//2427
f 651//2428 1263//2428 1411//2428
f 1269//2429 1268//2429 68//2429
f 1269//2430 68//2430 1140//2430
f 1171//2431 1270//2431 1269//2431
f 1171//2432 1269//2432 1140//2432
f 2180//2433 2181//2433 1172//2433
f 2180//2434 1172//2434 1270//2434
f 1270//2435 1171//2435 2179//2435
f 1270//2436 2179//2436 2180//2436
f 2178//2437 2179//2437 1171//2437
f 2178//2438 1171//2438 1267//2438
f 1785//2439 1786//2439 1271//2439
f 1785//2440 1271//2440 1249//2440
f 1786//2441 1787//2441 1272//2441
f 1786//2442 1272//2442 1271//2442
f 1272//2443 1787//2443 1788//2443
f 1272//2444 1788//2444 1273//2444
f 1788//2445 1789//2445 1274//2445
f 1788//2446 1274//2446 1273//2446
f 1789//2447 1790//2447 1275//2447
f 1789//2448 1275//2448 1274//2448
f 1275//2449 1790//2449 1791//2449
f 1275//2450 1791//2450 1276//2450
f 1791//2451 1792//2451 1277//2451
f 1791//2452 1277//2452 1276//2452
f 1792//2453 1793//2453 1278//2453
f 1792//2454 1278//2454 1277//2454
f 1278//2455 1793//2455 1794//2455
f 1278//2456 1794//2456 1279//2456
f 1279//2457 1794//2457 1795//2457
f 1279//2458 1795//2458 1643//2458
f 1280//2459 1796//2459 1797//2459
f 1280//2460 1797//2460 1281//2460
f 1797//2461 1798//2461 1297//2461
f 1797//2462 1297//2462 1281//2462
f 1282//2463 1804//2463 1805//2463
f 1282//2464 1805//2464 1283//2464
f 1806//2465 1807//2465 1284//2465
f 1806//2466 1284//2466 1285//2466
f 1805//2467 1806//2467 1285//2467
f 1805//2468 1285//2468 1283//2468
f 1284//2469 1807//2469 1808//2469
f 1284//2470 1808//2470 1286//2470
f 1286//2471 1808//2471 1960//2471
f 1286//2472 1960//2472 1961//2472
f 1809//2473 1810//2473 1288//2473
f 1809//2474 1288//2474 1287//2474
f 1812//2475 1813//2475 1289//2475
f 1812//2476 1289//2476 1290//2476
f 1288//2477 1810//2477 1811//2477
f 1288//2478 1811//2478 1296//2478
f 1291//2479 1814//2479 1815//2479
f 1291//2480 1815//2480 1292//2480
f 1904//2481 1905//2481 1816//2481
f 1904//2482 1816//2482 1293//2482
f 1816//2483 1817//2483 1294//2483
f 1816//2484 1294//2484 1293//2484
f 1817//2485 1818//2485 1426//2485
f 1817//2486 1426//2486 1294//2486
f 1289//2487 1813//2487 1989//2487
f 1289//2488 1989//2488 1990//2488
f 1811//2489 1812//2489 1290//2489
f 1811//2490 1290//2490 1296//2490
f 1798//2491 1799//2491 1298//2491
f 1798//2492 1298//2492 1297//2492
f 1802//2493 1803//2493 1299//2493
f 1802//2494 1299//2494 1300//2494
f 1803//2495 1804//2495 1282//2495
f 1803//2496 1282//2496 1299//2496
f 1800//2497 1801//2497 1301//2497
f 1800//2498 1301//2498 1302//2498
f 1801//2499 1802//2499 1300//2499
f 1801//2500 1300//2500 1301//2500
f 1298//2501 1799//2501 1800//2501
f 1298//2502 1800//2502 1302//2502
f 102//2503 1305//2503 2227//2503
f 102//2504 2227//2504 2226//2504
f 1305//2505 102//2505 89//2505
f 1305//2506 89//2506 1306//2506
f 1329//2507 1328//2507 1319//2507
f 1329//2508 1319//2508 1320//2508
f 1311//2509 1859//2509 1819//2509
f 1311//2510 1819//2510 349//2510
f 1312//2511 1311//2511 349//2511
f 1312//2512 349//2512 1860//2512
f 1313//2513 1312//2513 1860//2513
f 1313//2514 1860//2514 345//2514
f 1314//2515 1742//2515 342//2515
f 1314//2516 342//2516 337//2516
f 2226//2517 2227//2517 948//2517
f 2226//2518 948//2518 947//2518
f 2225//2519 2226//2519 947//2519
f 2225//2520 947//2520 946//2520
f 2224//2521 2225//2521 946//2521
f 2224//2522 946//2522 945//2522
f 2223//2523 2224//2523 945//2523
f 2223//2524 945//2524 944//2524
f 2222//2525 2223//2525 944//2525
f 2222//2526 944//2526 1133//2526
f 2221//2527 2222//2527 1133//2527
f 2221//2528 1133//2528 1164//2528
f 2171//2529 2220//2529 2221//2529
f 2171//2530 2221//2530 1164//2530
f 2218//2531 2219//2531 910//2531
f 2218//2532 910//2532 909//2532
f 2217//2533 2218//2533 909//2533
f 2217//2534 909//2534 908//2534
f 2216//2535 2217//2535 908//2535
f 2216//2536 908//2536 907//2536
f 2215//2537 2216//2537 907//2537
f 2215//2538 907//2538 906//2538
f 2214//2539 2215//2539 906//2539
f 2214//2540 906//2540 905//2540
f 943//2541 2213//2541 2214//2541
f 943//2542 2214//2542 905//2542
f 943//2543 942//2543 2212//2543
f 943//2544 2212//2544 2213//2544
f 942//2545 941//2545 2211//2545
f 942//2546 2211//2546 2212//2546
f 941//2547 940//2547 2210//2547
f 941//2548 2210//2548 2211//2548
f 2209//2549 2210//2549 940//2549
f 2209//2550 940//2550 939//2550
f 938//2551 2208//2551 2209//2551
f 938//2552 2209//2552 939//2552
f 1461//2553 2207//2553 2208//2553
f 1461//2554 2208//2554 938//2554
f 2205//2555 2206//2555 937//2555
f 2205//2556 937//2556 936//2556
f 770//2557 2205//2557 936//2557
f 770//2558 936//2558 935//2558
f 1620//2559 1323//2559 120//2559
f 1620//2560 120//2560 419//2560
f 1306//2561 89//2561 956//2561
f 1306//2562 956//2562 955//2562
f 1331//2563 574//2563 1102//2563
f 1331//2564 1102//2564 1332//2564
f 1333//2565 1332//2565 1102//2565
f 1333//2566 1102//2566 1103//2566
f 1333//2567 1103//2567 1092//2567
f 1333//2568 1092//2568 1334//2568
f 1335//2569 1334//2569 1092//2569
f 1335//2570 1092//2570 1093//2570
f 1336//2571 1335//2571 1093//2571
f 1336//2572 1093//2572 1061//2572
f 1337//2573 1336//2573 1061//2573
f 1337//2574 1061//2574 1062//2574
f 1338//2575 1337//2575 1062//2575
f 1338//2576 1062//2576 1058//2576
f 1339//2577 2143//2577 2144//2577
f 1339//2578 2144//2578 1059//2578
f 1340//2579 1339//2579 1059//2579
f 1340//2580 1059//2580 1060//2580
f 1341//2581 1340//2581 1060//2581
f 1341//2582 1060//2582 948//2582
f 2227//2583 2228//2583 1341//2583
f 2227//2584 1341//2584 948//2584
f 2228//2585 2227//2585 1305//2585
f 2228//2586 1305//2586 1342//2586
f 1343//2587 1342//2587 1305//2587
f 1343//2588 1305//2588 1306//2588
f 1343//2589 1306//2589 955//2589
f 1343//2590 955//2590 1344//2590
f 1345//2591 1344//2591 953//2591
f 1345//2592 953//2592 954//2592
f 1346//2593 1345//2593 954//2593
f 1346//2594 954//2594 949//2594
f 2090//2595 2091//2595 1346//2595
f 2090//2596 1346//2596 949//2596
f 4552//2597 4553//2597 1303//2597
f 4552//2598 1303//2598 950//2598
f 1348//2599 1347//2599 952//2599
f 1348//2600 952//2600 951//2600
f 1348//2601 951//2601 980//2601
f 1348//2602 980//2602 1349//2602
f 957//2603 953//2603 1344//2603
f 957//2604 1344//2604 955//2604
f 1331//2605 594//2605 596//2605
f 1331//2606 596//2606 595//2606
f 596//2607 594//2607 1381//2607
f 596//2608 1381//2608 1382//2608
f 574//2609 1331//2609 595//2609
f 574//2610 595//2610 573//2610
f 1056//2611 911//2611 1354//2611
f 1056//2612 1354//2612 1350//2612
f 1350//2613 1354//2613 1355//2613
f 1350//2614 1355//2614 1351//2614
f 1383//2615 1352//2615 1351//2615
f 1383//2616 1351//2616 1355//2616
f 1353//2617 1352//2617 1383//2617
f 1353//2618 1383//2618 1384//2618
f 1381//2619 594//2619 1353//2619
f 1381//2620 1353//2620 1384//2620
f 1356//2621 1383//2621 1355//2621
f 1356//2622 1355//2622 903//2622
f 1359//2623 934//2623 1385//2623
f 1359//2624 1385//2624 1386//2624
f 121//2625 1360//2625 1386//2625
f 121//2626 1386//2626 1385//2626
f 121//2627 120//2627 1361//2627
f 121//2628 1361//2628 1360//2628
f 1362//2629 1361//2629 120//2629
f 1362//2630 120//2630 1323//2630
f 1363//2631 1362//2631 1323//2631
f 1363//2632 1323//2632 523//2632
f 1364//2633 1363//2633 523//2633
f 1364//2634 523//2634 661//2634
f 1365//2635 1364//2635 661//2635
f 1365//2636 661//2636 672//2636
f 1366//2637 1365//2637 672//2637
f 1366//2638 672//2638 702//2638
f 1367//2639 1366//2639 702//2639
f 1367//2640 702//2640 671//2640
f 1368//2641 1367//2641 671//2641
f 1368//2642 671//2642 670//2642
f 670//2643 669//2643 1369//2643
f 670//2644 1369//2644 1368//2644
f 669//2645 668//2645 1370//2645
f 669//2646 1370//2646 1369//2646
f 1371//2647 1370//2647 668//2647
f 1371//2648 668//2648 665//2648
f 1372//2649 1371//2649 665//2649
f 1372//2650 665//2650 658//2650
f 1374//2651 1373//2651 1583//2651
f 1374//2652 1583//2652 1584//2652
f 1375//2653 1374//2653 1584//2653
f 1375//2654 1584//2654 1585//2654
f 2240//2655 2241//2655 1586//2655
f 2240//2656 1586//2656 1376//2656
f 1377//2657 1376//2657 1586//2657
f 1377//2658 1586//2658 1587//2658
f 710//2659 667//2659 1379//2659
f 710//2660 1379//2660 1378//2660
f 1380//2661 1379//2661 667//2661
f 1380//2662 667//2662 1358//2662
f 1380//2663 1358//2663 1382//2663
f 1380//2664 1382//2664 1381//2664
f 1357//2665 1380//2665 1381//2665
f 1357//2666 1381//2666 1384//2666
f 1356//2667 1357//2667 1384//2667
f 1356//2668 1384//2668 1383//2668
f 1391//2669 1382//2669 1358//2669
f 1391//2670 1358//2670 1392//2670
f 1563//2671 1562//2671 1522//2671
f 1563//2672 1522//2672 1523//2672
f 1564//2673 1563//2673 1523//2673
f 1564//2674 1523//2674 1524//2674
f 196//2675 197//2675 1465//2675
f 196//2676 1465//2676 1466//2676
f 197//2677 205//2677 1464//2677
f 197//2678 1464//2678 1465//2678
f 470//2679 196//2679 1466//2679
f 470//2680 1466//2680 1467//2680
f 1407//2681 1408//2681 1405//2681
f 1407//2682 1405//2682 1404//2682
f 1409//2683 1407//2683 1404//2683
f 1409//2684 1404//2684 1406//2684
f 752//2685 763//2685 1409//2685
f 752//2686 1409//2686 1406//2686
f 1408//2687 1410//2687 753//2687
f 1408//2688 753//2688 1405//2688
f 472//2689 471//2689 209//2689
f 472//2690 209//2690 390//2690
f 651//2691 1412//2691 652//2691
f 651//2692 652//2692 650//2692
f 652//2693 1412//2693 524//2693
f 652//2694 524//2694 525//2694
f 1414//2695 1413//2695 1047//2695
f 1414//2696 1047//2696 104//2696
f 1414//2697 104//2697 103//2697
f 1414//2698 103//2698 1415//2698
f 1428//2699 1857//2699 1858//2699
f 1428//2700 1858//2700 330//2700
f 1429//2701 1428//2701 330//2701
f 1429//2702 330//2702 324//2702
f 1430//2703 1429//2703 324//2703
f 1430//2704 324//2704 319//2704
f 1431//2705 1740//2705 1741//2705
f 1431//2706 1741//2706 312//2706
f 1690//2707 1691//2707 2133//2707
f 1690//2708 2133//2708 2134//2708
f 1047//2709 1434//2709 1993//2709
f 1047//2710 1993//2710 1992//2710
f 1412//2711 1435//2711 1413//2711
f 1412//2712 1413//2712 524//2712
f 1435//2713 1434//2713 1047//2713
f 1435//2714 1047//2714 1413//2714
f 1435//2715 1412//2715 651//2715
f 1435//2716 651//2716 1411//2716
f 1434//2717 1435//2717 1411//2717
f 1434//2718 1411//2718 1264//2718
f 1438//2719 456//2719 454//2719
f 1438//2720 454//2720 1439//2720
f 1439//2721 454//2721 417//2721
f 1439//2722 417//2722 1440//2722
f 1440//2723 417//2723 776//2723
f 1440//2724 776//2724 1441//2724
f 1441//2725 776//2725 796//2725
f 1441//2726 796//2726 1442//2726
f 1442//2727 796//2727 800//2727
f 1442//2728 800//2728 1443//2728
f 1443//2729 800//2729 802//2729
f 1443//2730 802//2730 1444//2730
f 331//2731 1445//2731 1444//2731
f 331//2732 1444//2732 802//2732
f 814//2733 2197//2733 2198//2733
f 814//2734 2198//2734 818//2734
f 1447//2735 1446//2735 1496//2735
f 1447//2736 1496//2736 1497//2736
f 1448//2737 1447//2737 1497//2737
f 1448//2738 1497//2738 1498//2738
f 1449//2739 1448//2739 1498//2739
f 1449//2740 1498//2740 1499//2740
f 1450//2741 1449//2741 1499//2741
f 1450//2742 1499//2742 1500//2742
f 1451//2743 1450//2743 1500//2743
f 1451//2744 1500//2744 1501//2744
f 1452//2745 1451//2745 1501//2745
f 1452//2746 1501//2746 1502//2746
f 1453//2747 1452//2747 1502//2747
f 1453//2748 1502//2748 1503//2748
f 1834//2749 1835//2749 1454//2749
f 1834//2750 1454//2750 824//2750
f 1456//2751 1901//2751 1902//2751
f 1456//2752 1902//2752 746//2752
f 1457//2753 1456//2753 746//2753
f 1457//2754 746//2754 747//2754
f 1458//2755 1457//2755 747//2755
f 1458//2756 747//2756 748//2756
f 1459//2757 1719//2757 1720//2757
f 1459//2758 1720//2758 749//2758
f 1669//2759 1670//2759 750//2759
f 1669//2760 750//2760 1460//2760
f 1461//2761 1460//2761 750//2761
f 1461//2762 750//2762 937//2762
f 2206//2763 2207//2763 1461//2763
f 2206//2764 1461//2764 937//2764
f 1462//2765 2207//2765 2206//2765
f 1462//2766 2206//2766 751//2766
f 1462//2767 751//2767 752//2767
f 1462//2768 752//2768 1463//2768
f 1463//2769 752//2769 1406//2769
f 1463//2770 1406//2770 1464//2770
f 1465//2771 1464//2771 1406//2771
f 1465//2772 1406//2772 1404//2772
f 1466//2773 1465//2773 1404//2773
f 1466//2774 1404//2774 1405//2774
f 1467//2775 1466//2775 1405//2775
f 1467//2776 1405//2776 753//2776
f 1467//2777 753//2777 754//2777
f 1467//2778 754//2778 1468//2778
f 1468//2779 754//2779 744//2779
f 1468//2780 744//2780 1469//2780
f 1469//2781 744//2781 743//2781
f 1469//2782 743//2782 1470//2782
f 743//2783 742//2783 1471//2783
f 743//2784 1471//2784 1470//2784
f 1828//2785 1829//2785 792//2785
f 1828//2786 792//2786 1472//2786
f 826//2787 793//2787 1473//2787
f 826//2788 1473//2788 1474//2788
f 793//2789 833//2789 1475//2789
f 793//2790 1475//2790 1473//2790
f 792//2791 826//2791 1474//2791
f 792//2792 1474//2792 1472//2792
f 1480//2793 1474//2793 1473//2793
f 1480//2794 1473//2794 1479//2794
f 1479//2795 1473//2795 1475//2795
f 1479//2796 1475//2796 1481//2796
f 1479//2797 1481//2797 1483//2797
f 1479//2798 1483//2798 1484//2798
f 1480//2799 1479//2799 1484//2799
f 1480//2800 1484//2800 1485//2800
f 1486//2801 1487//2801 1603//2801
f 1486//2802 1603//2802 1604//2802
f 1487//2803 1488//2803 1602//2803
f 1487//2804 1602//2804 1603//2804
f 1487//2805 1486//2805 1489//2805
f 1487//2806 1489//2806 1490//2806
f 1490//2807 1489//2807 1591//2807
f 1490//2808 1591//2808 1590//2808
f 1491//2809 1490//2809 1590//2809
f 1491//2810 1590//2810 1589//2810
f 871//2811 1492//2811 1848//2811
f 871//2812 1848//2812 1849//2812
f 455//2813 448//2813 1437//2813
f 455//2814 1437//2814 1503//2814
f 1453//2815 1503//2815 1437//2815
f 1453//2816 1437//2816 449//2816
f 1504//2817 452//2817 451//2817
f 1504//2818 451//2818 1505//2818
f 1506//2819 1505//2819 451//2819
f 1506//2820 451//2820 456//2820
f 449//2821 450//2821 1506//2821
f 449//2822 1506//2822 1507//2822
f 1453//2823 449//2823 1507//2823
f 1453//2824 1507//2824 1438//2824
f 1507//2825 1506//2825 456//2825
f 1507//2826 456//2826 1438//2826
f 570//2827 571//2827 1508//2827
f 570//2828 1508//2828 1547//2828
f 1624//2829 1625//2829 572//2829
f 1624//2830 572//2830 1509//2830
f 1509//2831 572//2831 590//2831
f 1509//2832 590//2832 1510//2832
f 590//2833 588//2833 1511//2833
f 590//2834 1511//2834 1510//2834
f 861//2835 1512//2835 1511//2835
f 861//2836 1511//2836 588//2836
f 1512//2837 861//2837 582//2837
f 1512//2838 582//2838 1513//2838
f 1514//2839 1513//2839 582//2839
f 1514//2840 582//2840 583//2840
f 1514//2841 583//2841 580//2841
f 1514//2842 580//2842 1515//2842
f 1515//2843 580//2843 577//2843
f 1515//2844 577//2844 1516//2844
f 1516//2845 577//2845 664//2845
f 1516//2846 664//2846 1517//2846
f 1518//2847 1517//2847 664//2847
f 1518//2848 664//2848 593//2848
f 593//2849 592//2849 1519//2849
f 593//2850 1519//2850 1518//2850
f 1520//2851 1519//2851 592//2851
f 1520//2852 592//2852 591//2852
f 1521//2853 599//2853 1391//2853
f 1521//2854 1391//2854 1522//2854
f 1522//2855 1391//2855 1392//2855
f 1522//2856 1392//2856 1523//2856
f 1523//2857 1392//2857 710//2857
f 1523//2858 710//2858 1524//2858
f 1526//2859 1525//2859 1378//2859
f 1526//2860 1378//2860 601//2860
f 1527//2861 1526//2861 601//2861
f 1527//2862 601//2862 604//2862
f 1527//2863 604//2863 602//2863
f 1527//2864 602//2864 1528//2864
f 2234//2865 2235//2865 1528//2865
f 2234//2866 1528//2866 602//2866
f 1530//2867 1529//2867 621//2867
f 1530//2868 621//2868 627//2868
f 628//2869 1531//2869 1530//2869
f 628//2870 1530//2870 627//2870
f 1532//2871 1531//2871 628//2871
f 1532//2872 628//2872 629//2872
f 1533//2873 1532//2873 629//2873
f 1533//2874 629//2874 1372//2874
f 1534//2875 1533//2875 1372//2875
f 1534//2876 1372//2876 658//2876
f 1534//2877 658//2877 659//2877
f 1534//2878 659//2878 1535//2878
f 619//2879 1536//2879 1535//2879
f 619//2880 1535//2880 659//2880
f 1536//2881 619//2881 617//2881
f 1536//2882 617//2882 1537//2882
f 618//2883 1538//2883 1537//2883
f 618//2884 1537//2884 617//2884
f 1538//2885 618//2885 1930//2885
f 1538//2886 1930//2886 1931//2886
f 1963//2887 1964//2887 610//2887
f 1963//2888 610//2888 1541//2888
f 692//2889 1542//2889 1541//2889
f 692//2890 1541//2890 610//2890
f 1024//2891 1543//2891 1542//2891
f 1024//2892 1542//2892 692//2892
f 1543//2893 1024//2893 606//2893
f 1543//2894 606//2894 1544//2894
f 1544//2895 606//2895 616//2895
f 1544//2896 616//2896 1545//2896
f 1934//2897 1935//2897 981//2897
f 1934//2898 981//2898 1546//2898
f 1546//2899 981//2899 570//2899
f 1546//2900 570//2900 1547//2900
f 1565//2901 1564//2901 1524//2901
f 1565//2902 1524//2902 1587//2902
f 1566//2903 1565//2903 1587//2903
f 1566//2904 1587//2904 1586//2904
f 2241//2905 2242//2905 1566//2905
f 2241//2906 1566//2906 1586//2906
f 1585//2907 1584//2907 1568//2907
f 1585//2908 1568//2908 1567//2908
f 1569//2909 1568//2909 1584//2909
f 1569//2910 1584//2910 1583//2910
f 1534//2911 1570//2911 1569//2911
f 1534//2912 1569//2912 1583//2912
f 1378//2913 1525//2913 1524//2913
f 1378//2914 1524//2914 710//2914
f 1377//2915 1587//2915 1524//2915
f 1377//2916 1524//2916 1525//2916
f 1533//2917 1534//2917 1583//2917
f 1533//2918 1583//2918 1373//2918
f 873//2919 871//2919 1849//2919
f 873//2920 1849//2920 1850//2920
f 1592//2921 1593//2921 1596//2921
f 1592//2922 1596//2922 1597//2922
f 1593//2923 1594//2923 1595//2923
f 1593//2924 1595//2924 1596//2924
f 1607//2925 1608//2925 1824//2925
f 1607//2926 1824//2926 1825//2926
f 1823//2927 1824//2927 1608//2927
f 1823//2928 1608//2928 1609//2928
f 1822//2929 1823//2929 1609//2929
f 1822//2930 1609//2930 1610//2930
f 1590//2931 1593//2931 1592//2931
f 1590//2932 1592//2932 1589//2932
f 1591//2933 1594//2933 1593//2933
f 1591//2934 1593//2934 1590//2934
f 1610//2935 1611//2935 1821//2935
f 1610//2936 1821//2936 1822//2936
f 1820//2937 1821//2937 1611//2937
f 1820//2938 1611//2938 1612//2938
f 1485//2939 1484//2939 1603//2939
f 1485//2940 1603//2940 1602//2940
f 1484//2941 1483//2941 1604//2941
f 1484//2942 1604//2942 1603//2942
f 1607//2943 1825//2943 1826//2943
f 1607//2944 1826//2944 1606//2944
f 1605//2945 1606//2945 1826//2945
f 1605//2946 1826//2946 1827//2946
f 1605//2947 1827//2947 1828//2947
f 1605//2948 1828//2948 1472//2948
f 1488//2949 1487//2949 1490//2949
f 1488//2950 1490//2950 1491//2950
f 1605//2951 1472//2951 1474//2951
f 1605//2952 1474//2952 1480//2952
f 1485//2953 1606//2953 1605//2953
f 1485//2954 1605//2954 1480//2954
f 1485//2955 1602//2955 1607//2955
f 1485//2956 1607//2956 1606//2956
f 1608//2957 1607//2957 1602//2957
f 1608//2958 1602//2958 1488//2958
f 1608//2959 1488//2959 1491//2959
f 1608//2960 1491//2960 1609//2960
f 1609//2961 1491//2961 1589//2961
f 1609//2962 1589//2962 1610//2962
f 1611//2963 1610//2963 1589//2963
f 1611//2964 1589//2964 1592//2964
f 1611//2965 1592//2965 1597//2965
f 1611//2966 1597//2966 1612//2966
f 1520//2967 591//2967 599//2967
f 1520//2968 599//2968 1521//2968
f 1561//2969 1560//2969 1520//2969
f 1561//2970 1520//2970 1521//2970
f 1624//2971 1623//2971 2243//2971
f 1624//2972 2243//2972 2244//2972
f 1625//2973 1624//2973 2244//2973
f 1625//2974 2244//2974 2245//2974
f 1626//2975 1625//2975 2245//2975
f 1626//2976 2245//2976 2246//2976
f 1627//2977 1626//2977 2246//2977
f 1627//2978 2246//2978 2247//2978
f 1628//2979 1627//2979 2247//2979
f 1628//2980 2247//2980 2248//2980
f 1629//2981 1628//2981 2248//2981
f 1629//2982 2248//2982 2249//2982
f 1629//2983 2249//2983 2250//2983
f 1629//2984 2250//2984 1630//2984
f 1632//2985 1631//2985 1122//2985
f 1632//2986 1122//2986 1124//2986
f 1633//2987 1632//2987 1124//2987
f 1633//2988 1124//2988 1121//2988
f 1634//2989 1633//2989 1121//2989
f 1634//2990 1121//2990 1180//2990
f 1635//2991 1634//2991 1180//2991
f 1635//2992 1180//2992 1181//2992
f 1636//2993 1635//2993 1181//2993
f 1636//2994 1181//2994 1182//2994
f 1637//2995 1636//2995 1182//2995
f 1637//2996 1182//2996 1183//2996
f 1715//2997 1716//2997 1637//2997
f 1715//2998 1637//2998 1183//2998
f 2103//2999 2104//2999 1765//2999
f 2103//3000 1765//3000 1766//3000
f 1639//3001 1185//3001 1186//3001
f 1639//3002 1186//3002 1640//3002
f 1640//3003 1186//3003 1187//3003
f 1640//3004 1187//3004 1641//3004
f 1641//3005 1187//3005 1883//3005
f 1641//3006 1883//3006 1884//3006
f 1795//3007 1796//3007 1280//3007
f 1795//3008 1280//3008 1643//3008
f 5//3009 116//3009 1646//3009
f 5//3010 1646//3010 1645//3010
f 116//3011 112//3011 1647//3011
f 116//3012 1647//3012 1646//3012
f 4546//3013 4547//3013 113//3013
f 4546//3014 113//3014 1648//3014
f 2074//3015 2086//3015 2085//3015
f 2074//3016 2085//3016 2073//3016
f 2086//3017 111//3017 1649//3017
f 2086//3018 1649//3018 2085//3018
f 111//3019 117//3019 1650//3019
f 111//3020 1650//3020 1649//3020
f 117//3021 96//3021 1651//3021
f 117//3022 1651//3022 1650//3022
f 96//3023 93//3023 1652//3023
f 96//3024 1652//3024 1651//3024
f 93//3025 90//3025 1653//3025
f 93//3026 1653//3026 1652//3026
f 90//3027 91//3027 1654//3027
f 90//3028 1654//3028 1653//3028
f 91//3029 92//3029 404//3029
f 91//3030 404//3030 1654//3030
f 403//3031 98//3031 1654//3031
f 403//3032 1654//3032 404//3032
f 853//3033 865//3033 1656//3033
f 853//3034 1656//3034 1655//3034
f 865//3035 232//3035 1657//3035
f 865//3036 1657//3036 1656//3036
f 1658//3037 1657//3037 232//3037
f 1658//3038 232//3038 1195//3038
f 1659//3039 1658//3039 1195//3039
f 1659//3040 1195//3040 1049//3040
f 420//3041 360//3041 1665//3041
f 420//3042 1665//3042 1664//3042
f 360//3043 359//3043 1666//3043
f 360//3044 1666//3044 1665//3044
f 359//3045 363//3045 1667//3045
f 359//3046 1667//3046 1666//3046
f 223//3047 1668//3047 1667//3047
f 223//3048 1667//3048 363//3048
f 223//3049 1459//3049 1669//3049
f 223//3050 1669//3050 1668//3050
f 1459//3051 749//3051 1670//3051
f 1459//3052 1670//3052 1669//3052
f 749//3053 760//3053 1671//3053
f 749//3054 1671//3054 1670//3054
f 760//3055 229//3055 771//3055
f 760//3056 771//3056 1671//3056
f 1686//3057 1685//3057 975//3057
f 1686//3058 975//3058 1397//3058
f 1687//3059 1686//3059 1397//3059
f 1687//3060 1397//3060 318//3060
f 1254//3061 1688//3061 1687//3061
f 1254//3062 1687//3062 318//3062
f 1689//3063 1688//3063 1254//3063
f 1689//3064 1254//3064 1257//3064
f 1689//3065 1257//3065 1431//3065
f 1689//3066 1431//3066 1690//3066
f 1431//3067 312//3067 1691//3067
f 1431//3068 1691//3068 1690//3068
f 2023//3069 2024//3069 1691//3069
f 2023//3070 1691//3070 312//3070
f 2023//3071 1314//3071 1692//3071
f 2023//3072 1692//3072 2024//3072
f 1692//3073 1314//3073 337//3073
f 1692//3074 337//3074 2047//3074
f 1421//3075 329//3075 1694//3075
f 1421//3076 1694//3076 1693//3076
f 329//3077 328//3077 1695//3077
f 329//3078 1695//3078 1694//3078
f 328//3079 1912//3079 1913//3079
f 328//3080 1913//3080 1695//3080
f 480//3081 1697//3081 1696//3081
f 480//3082 1696//3082 1029//3082
f 1698//3083 1981//3083 1982//3083
f 1698//3084 1982//3084 317//3084
f 317//3085 492//3085 1699//3085
f 317//3086 1699//3086 1698//3086
f 492//3087 1007//3087 1700//3087
f 492//3088 1700//3088 1699//3088
f 309//3089 1701//3089 1700//3089
f 309//3090 1700//3090 1007//3090
f 1702//3091 1701//3091 309//3091
f 1702//3092 309//3092 308//3092
f 1703//3093 1952//3093 1953//3093
f 1703//3094 1953//3094 998//3094
f 998//3095 294//3095 1704//3095
f 998//3096 1704//3096 1703//3096
f 1705//3097 1704//3097 294//3097
f 1705//3098 294//3098 295//3098
f 295//3099 285//3099 1706//3099
f 295//3100 1706//3100 1705//3100
f 285//3101 279//3101 1707//3101
f 285//3102 1707//3102 1706//3102
f 279//3103 267//3103 1708//3103
f 279//3104 1708//3104 1707//3104
f 267//3105 731//3105 1709//3105
f 267//3106 1709//3106 1708//3106
f 731//3107 256//3107 1710//3107
f 731//3108 1710//3108 1709//3108
f 1711//3109 1710//3109 256//3109
f 1711//3110 256//3110 716//3110
f 257//3111 1712//3111 1711//3111
f 257//3112 1711//3112 716//3112
f 257//3113 247//3113 1713//3113
f 257//3114 1713//3114 1712//3114
f 247//3115 248//3115 1714//3115
f 247//3116 1714//3116 1713//3116
f 1715//3117 1714//3117 248//3117
f 1715//3118 248//3118 1184//3118
f 1638//3119 1716//3119 1715//3119
f 1638//3120 1715//3120 1184//3120
f 1717//3121 1716//3121 1638//3121
f 1717//3122 1638//3122 231//3122
f 231//3123 853//3123 1655//3123
f 231//3124 1655//3124 1717//3124
f 1719//3125 1718//3125 230//3125
f 1719//3126 230//3126 1458//3126
f 1720//3127 1719//3127 1458//3127
f 1720//3128 1458//3128 748//3128
f 759//3129 1721//3129 1720//3129
f 759//3130 1720//3130 748//3130
f 759//3131 237//3131 846//3131
f 759//3132 846//3132 1721//3132
f 766//3133 1722//3133 222//3133
f 766//3134 222//3134 771//3134
f 1723//3135 1722//3135 766//3135
f 1723//3136 766//3136 782//3136
f 1724//3137 1723//3137 782//3137
f 1724//3138 782//3138 787//3138
f 1725//3139 1724//3139 787//3139
f 1725//3140 787//3140 791//3140
f 1726//3141 1725//3141 791//3141
f 1726//3142 791//3142 808//3142
f 1727//3143 1726//3143 808//3143
f 1727//3144 808//3144 813//3144
f 1728//3145 1727//3145 813//3145
f 1728//3146 813//3146 819//3146
f 1729//3147 1728//3147 819//3147
f 1729//3148 819//3148 815//3148
f 848//3149 1730//3149 1729//3149
f 848//3150 1729//3150 815//3150
f 1731//3151 1730//3151 848//3151
f 1731//3152 848//3152 1494//3152
f 816//3153 1732//3153 1731//3153
f 816//3154 1731//3154 1494//3154
f 1733//3155 1732//3155 816//3155
f 1733//3156 816//3156 875//3156
f 1734//3157 1733//3157 875//3157
f 1734//3158 875//3158 962//3158
f 1736//3159 1735//3159 976//3159
f 1736//3160 976//3160 1396//3160
f 1737//3161 1736//3161 1396//3161
f 1737//3162 1396//3162 1613//3162
f 1253//3163 1738//3163 1737//3163
f 1253//3164 1737//3164 1613//3164
f 1739//3165 1738//3165 1253//3165
f 1739//3166 1253//3166 1258//3166
f 1739//3167 1258//3167 1430//3167
f 1739//3168 1430//3168 1740//3168
f 1741//3169 1740//3169 1430//3169
f 1741//3170 1430//3170 319//3170
f 2021//3171 2022//3171 1741//3171
f 2021//3172 1741//3172 319//3172
f 2021//3173 1313//3173 1742//3173
f 2021//3174 1742//3174 2022//3174
f 1742//3175 1313//3175 345//3175
f 1742//3176 345//3176 342//3176
f 1744//3177 1743//3177 1422//3177
f 1744//3178 1422//3178 336//3178
f 1745//3179 1744//3179 336//3179
f 1745//3180 336//3180 335//3180
f 1910//3181 1911//3181 1745//3181
f 1910//3182 1745//3182 335//3182
f 479//3183 1747//3183 1746//3183
f 479//3184 1746//3184 1028//3184
f 1748//3185 1983//3185 1984//3185
f 1748//3186 1984//3186 323//3186
f 1749//3187 1748//3187 323//3187
f 1749//3188 323//3188 491//3188
f 1750//3189 1749//3189 491//3189
f 1750//3190 491//3190 1006//3190
f 316//3191 1751//3191 1750//3191
f 316//3192 1750//3192 1006//3192
f 1752//3193 1751//3193 316//3193
f 1752//3194 316//3194 315//3194
f 1753//3195 1954//3195 1955//3195
f 1753//3196 1955//3196 999//3196
f 1754//3197 1753//3197 999//3197
f 1754//3198 999//3198 300//3198
f 1755//3199 1754//3199 300//3199
f 1755//3200 300//3200 301//3200
f 1756//3201 1755//3201 301//3201
f 1756//3202 301//3202 293//3202
f 284//3203 1757//3203 1756//3203
f 284//3204 1756//3204 293//3204
f 1758//3205 1757//3205 284//3205
f 1758//3206 284//3206 278//3206
f 1759//3207 1758//3207 278//3207
f 1759//3208 278//3208 730//3208
f 1760//3209 1759//3209 730//3209
f 1760//3210 730//3210 265//3210
f 1761//3211 1760//3211 265//3211
f 1761//3212 265//3212 715//3212
f 266//3213 1762//3213 1761//3213
f 266//3214 1761//3214 715//3214
f 1763//3215 1762//3215 266//3215
f 1763//3216 266//3216 252//3216
f 1764//3217 1763//3217 252//3217
f 1764//3218 252//3218 253//3218
f 1765//3219 1764//3219 253//3219
f 1765//3220 253//3220 1185//3220
f 1766//3221 1765//3221 1185//3221
f 1766//3222 1185//3222 1639//3222
f 1767//3223 1766//3223 1639//3223
f 1767//3224 1639//3224 239//3224
f 1768//3225 1767//3225 239//3225
f 1768//3226 239//3226 852//3226
f 1769//3227 1768//3227 852//3227
f 1769//3228 852//3228 864//3228
f 864//3229 240//3229 1770//3229
f 864//3230 1770//3230 1769//3230
f 1771//3231 1770//3231 240//3231
f 1771//3232 240//3232 1196//3232
f 1772//3233 1771//3233 1196//3233
f 1772//3234 1196//3234 1050//3234
f 1773//3235 1772//3235 1050//3235
f 1773//3236 1050//3236 1217//3236
f 1216//3237 1774//3237 1773//3237
f 1216//3238 1773//3238 1217//3238
f 1775//3239 1774//3239 1216//3239
f 1775//3240 1216//3240 1215//3240
f 1776//3241 1775//3241 1215//3241
f 1776//3242 1215//3242 1054//3242
f 1777//3243 1776//3243 1054//3243
f 1777//3244 1054//3244 1248//3244
f 379//3245 1778//3245 1777//3245
f 379//3246 1777//3246 1248//3246
f 379//3247 365//3247 1779//3247
f 379//3248 1779//3248 1778//3248
f 1780//3249 1779//3249 365//3249
f 1780//3250 365//3250 366//3250
f 1781//3251 1780//3251 366//3251
f 1781//3252 366//3252 370//3252
f 230//3253 1718//3253 1781//3253
f 230//3254 1781//3254 370//3254
f 378//3255 382//3255 1783//3255
f 378//3256 1783//3256 1782//3256
f 382//3257 442//3257 1784//3257
f 382//3258 1784//3258 1783//3258
f 442//3259 1052//3259 1785//3259
f 442//3260 1785//3260 1784//3260
f 1052//3261 1241//3261 1786//3261
f 1052//3262 1786//3262 1785//3262
f 1241//3263 1242//3263 1787//3263
f 1241//3264 1787//3264 1786//3264
f 1788//3265 1787//3265 1242//3265
f 1788//3266 1242//3266 1243//3266
f 1243//3267 1240//3267 1789//3267
f 1243//3268 1789//3268 1788//3268
f 1240//3269 1239//3269 1790//3269
f 1240//3270 1790//3270 1789//3270
f 1791//3271 1790//3271 1239//3271
f 1791//3272 1239//3272 1238//3272
f 1238//3273 1237//3273 1792//3273
f 1238//3274 1792//3274 1791//3274
f 1237//3275 1225//3275 1793//3275
f 1237//3276 1793//3276 1792//3276
f 1794//3277 1793//3277 1225//3277
f 1794//3278 1225//3278 1224//3278
f 1795//3279 1794//3279 1224//3279
f 1795//3280 1224//3280 1642//3280
f 1642//3281 1226//3281 1796//3281
f 1642//3280 1796//3280 1795//3280
f 1797//3282 1796//3282 1226//3282
f 1797//3283 1226//3283 1228//3283
f 1228//3284 1227//3284 1798//3284
f 1228//3285 1798//3285 1797//3285
f 1227//3286 1229//3286 1799//3286
f 1227//3287 1799//3287 1798//3287
f 1800//3288 1799//3288 1229//3288
f 1800//3289 1229//3289 1236//3289
f 1236//3290 1235//3290 1801//3290
f 1236//3291 1801//3291 1800//3291
f 1235//3292 1231//3292 1802//3292
f 1235//3293 1802//3293 1801//3293
f 1231//3294 1230//3294 1803//3294
f 1231//3295 1803//3295 1802//3295
f 1230//3296 1232//3296 1804//3296
f 1230//3297 1804//3297 1803//3297
f 1805//3298 1804//3298 1232//3298
f 1805//3299 1232//3299 1233//3299
f 1233//3300 1234//3300 1806//3300
f 1233//3301 1806//3301 1805//3301
f 1234//3302 320//3302 1807//3302
f 1234//3303 1807//3303 1806//3303
f 1808//3304 1807//3304 320//3304
f 1808//3305 320//3305 1002//3305
f 1959//3306 1960//3306 1808//3306
f 1959//3307 1808//3307 1002//3307
f 332//3308 333//3308 1810//3308
f 332//3309 1810//3309 1809//3309
f 1811//3310 1810//3310 333//3310
f 1811//3311 333//3311 1003//3311
f 1003//3312 488//3312 1812//3312
f 1003//3313 1812//3313 1811//3313
f 488//3314 339//3314 1813//3314
f 488//3315 1813//3315 1812//3315
f 1988//3316 1989//3316 1813//3316
f 1988//3317 1813//3317 339//3317
f 1815//3318 1814//3318 476//3318
f 1815//3319 476//3319 1025//3319
f 1816//3320 1905//3320 1906//3320
f 1816//3321 1906//3321 347//3321
f 347//3322 348//3322 1817//3322
f 347//3323 1817//3323 1816//3323
f 348//3324 1425//3324 1818//3324
f 348//3325 1818//3325 1817//3325
f 1599//3326 1601//3326 1821//3326
f 1599//3327 1821//3327 1820//3327
f 1822//3328 1821//3328 1601//3328
f 1822//3329 1601//3329 1600//3329
f 1598//3330 1823//3330 1822//3330
f 1598//3331 1822//3331 1600//3331
f 1598//3332 1588//3332 1824//3332
f 1598//3333 1824//3333 1823//3333
f 1825//3334 1824//3334 1588//3334
f 1825//3335 1588//3335 1482//3335
f 1826//3336 1825//3336 1482//3336
f 1826//3337 1482//3337 1478//3337
f 1827//3338 1826//3338 1478//3338
f 1827//3339 1478//3339 1477//3339
f 1828//3340 1827//3340 1477//3340
f 1828//3341 1477//3341 1476//3341
f 837//3342 1829//3342 1828//3342
f 837//3343 1828//3343 1476//3343
f 836//3344 1830//3344 1829//3344
f 836//3345 1829//3345 837//3345
f 835//3346 1831//3346 1830//3346
f 835//3347 1830//3347 836//3347
f 834//3348 1832//3348 1831//3348
f 834//3349 1831//3349 835//3349
f 244//3350 262//3350 1832//3350
f 244//3351 1832//3351 834//3351
f 273//3352 756//3352 1833//3352
f 273//3353 1833//3353 779//3353
f 756//3354 745//3354 1834//3354
f 756//3355 1834//3355 1833//3355
f 1455//3356 1835//3356 1834//3356
f 1455//3357 1834//3357 745//3357
f 1455//3358 375//3358 1836//3358
f 1455//3359 1836//3359 1835//3359
f 1837//3360 1836//3360 375//3360
f 1837//3361 375//3361 376//3361
f 376//3362 377//3362 1838//3362
f 376//3363 1838//3363 1837//3363
f 377//3364 378//3364 1782//3364
f 377//3365 1782//3365 1838//3365
f 1839//3366 237//3366 244//3366
f 1839//3367 244//3367 834//3367
f 1840//3368 1839//3368 834//3368
f 1840//3369 834//3369 835//3369
f 1841//3370 1840//3370 835//3370
f 1841//3371 835//3371 836//3371
f 1842//3372 1841//3372 836//3372
f 1842//3373 836//3373 837//3373
f 1843//3374 1842//3374 837//3374
f 1843//3375 837//3375 1476//3375
f 1476//3376 1477//3376 1844//3376
f 1476//3377 1844//3377 1843//3377
f 1845//3378 1844//3378 1477//3378
f 1845//3379 1477//3379 1478//3379
f 1846//3380 1845//3380 1478//3380
f 1846//3381 1478//3381 1482//3381
f 1847//3382 1846//3382 1482//3382
f 1847//3383 1482//3383 1588//3383
f 1848//3384 1847//3384 1588//3384
f 1848//3385 1588//3385 1598//3385
f 1849//3386 1848//3386 1598//3386
f 1849//3387 1598//3387 1600//3387
f 1850//3388 1849//3388 1600//3388
f 1850//3389 1600//3389 1601//3389
f 1599//3390 1851//3390 1850//3390
f 1599//3391 1850//3391 1601//3391
f 1853//3392 1852//3392 1644//3392
f 1853//3393 1644//3393 1393//3393
f 1854//3394 1853//3394 1393//3394
f 1854//3395 1393//3395 1616//3395
f 1250//3396 1855//3396 1854//3396
f 1250//3397 1854//3397 1616//3397
f 1856//3398 1855//3398 1250//3398
f 1856//3399 1250//3399 1261//3399
f 1856//3400 1261//3400 1427//3400
f 1856//3401 1427//3401 1857//3401
f 1858//3402 1857//3402 1427//3402
f 1858//3403 1427//3403 338//3403
f 2017//3404 2018//3404 1858//3404
f 2017//3405 1858//3405 338//3405
f 2017//3406 1310//3406 1859//3406
f 2017//3407 1859//3407 2018//3407
f 1859//3408 1310//3408 1295//3408
f 1859//3409 1295//3409 1819//3409
f 1862//3410 1861//3410 1425//3410
f 1862//3411 1425//3411 348//3411
f 1863//3412 1862//3412 348//3412
f 1863//3413 348//3413 347//3413
f 1906//3414 1907//3414 1863//3414
f 1906//3415 1863//3415 347//3415
f 476//3416 1865//3416 1864//3416
f 476//3417 1864//3417 1025//3417
f 1866//3418 1987//3418 1988//3418
f 1866//3419 1988//3419 339//3419
f 1867//3420 1866//3420 339//3420
f 1867//3421 339//3421 488//3421
f 1868//3422 1867//3422 488//3422
f 1868//3423 488//3423 1003//3423
f 333//3424 1869//3424 1868//3424
f 333//3425 1868//3425 1003//3425
f 1870//3426 1869//3426 333//3426
f 1870//3427 333//3427 332//3427
f 1871//3428 1958//3428 1959//3428
f 1871//3429 1959//3429 1002//3429
f 320//3430 1872//3430 1871//3430
f 320//3431 1871//3431 1002//3431
f 1873//3432 1872//3432 320//3432
f 1873//3433 320//3433 1234//3433
f 1874//3434 1873//3434 1234//3434
f 1874//3435 1234//3435 1233//3435
f 1232//3436 1875//3436 1874//3436
f 1232//3437 1874//3437 1233//3437
f 1876//3438 1875//3438 1232//3438
f 1876//3439 1232//3439 1230//3439
f 1877//3440 1876//3440 1230//3440
f 1877//3441 1230//3441 1231//3441
f 1878//3442 1877//3442 1231//3442
f 1878//3443 1231//3443 1235//3443
f 1879//3444 1878//3444 1235//3444
f 1879//3445 1235//3445 1236//3445
f 1229//3446 1880//3446 1879//3446
f 1229//3447 1879//3447 1236//3447
f 1881//3448 1880//3448 1229//3448
f 1881//3449 1229//3449 1227//3449
f 1882//3450 1881//3450 1227//3450
f 1882//3451 1227//3451 1228//3451
f 1226//3452 1883//3452 1882//3452
f 1226//3453 1882//3453 1228//3453
f 1884//3454 1883//3454 1226//3454
f 1884//3455 1226//3455 1642//3455
f 1885//3456 1884//3456 1642//3456
f 1885//3457 1642//3457 1224//3457
f 1886//3458 1885//3458 1224//3458
f 1886//3459 1224//3459 1225//3459
f 1887//3460 1886//3460 1225//3460
f 1887//3461 1225//3461 1237//3461
f 1888//3462 1887//3462 1237//3462
f 1888//3463 1237//3463 1238//3463
f 1889//3464 1888//3464 1238//3464
f 1889//3465 1238//3465 1239//3465
f 1890//3466 1889//3466 1239//3466
f 1890//3467 1239//3467 1240//3467
f 1891//3468 1890//3468 1240//3468
f 1891//3469 1240//3469 1243//3469
f 1242//3470 1892//3470 1891//3470
f 1242//3471 1891//3471 1243//3471
f 1893//3472 1892//3472 1242//3472
f 1893//3473 1242//3473 1241//3473
f 1894//3474 1893//3474 1241//3474
f 1894//3475 1241//3475 1052//3475
f 442//3476 1895//3476 1894//3476
f 442//3477 1894//3477 1052//3477
f 442//3478 382//3478 1896//3478
f 442//3479 1896//3479 1895//3479
f 1897//3480 1896//3480 382//3480
f 1897//3481 382//3481 378//3481
f 1898//3482 1897//3482 378//3482
f 1898//3483 378//3483 377//3483
f 1899//3484 1898//3484 377//3484
f 1899//3485 377//3485 376//3485
f 375//3486 1900//3486 1899//3486
f 375//3487 1899//3487 376//3487
f 1901//3488 1900//3488 375//3488
f 1901//3489 375//3489 1455//3489
f 1902//3490 1901//3490 1455//3490
f 1902//3491 1455//3491 745//3491
f 756//3492 1903//3492 1902//3492
f 756//3493 1902//3493 745//3493
f 756//3494 273//3494 778//3494
f 756//3495 778//3495 1903//3495
f 1292//3496 1815//3496 1905//3496
f 1292//3497 1905//3497 1904//3497
f 1906//3498 1905//3498 1815//3498
f 1906//3499 1815//3499 1025//3499
f 1025//3500 1864//3500 1907//3500
f 1025//3501 1907//3501 1906//3501
f 1908//3502 1907//3502 1864//3502
f 1908//3503 1864//3503 1026//3503
f 1026//3504 1027//3504 1909//3504
f 1026//3505 1909//3505 1908//3505
f 1027//3506 1028//3506 1910//3506
f 1027//3507 1910//3507 1909//3507
f 1028//3508 1746//3508 1911//3508
f 1028//3509 1911//3509 1910//3509
f 2125//3510 2126//3510 1911//3510
f 2125//3511 1911//3511 1746//3511
f 1913//3512 1912//3512 1029//3512
f 1913//3513 1029//3513 1696//3513
f 1914//3514 1913//3514 1696//3514
f 1914//3515 1696//3515 1030//3515
f 1030//3516 1031//3516 1915//3516
f 1030//3517 1915//3517 1914//3517
f 1031//3518 1032//3518 1916//3518
f 1031//3519 1916//3519 1915//3519
f 1033//3520 1917//3520 1916//3520
f 1033//3521 1916//3521 1032//3521
f 1033//3522 1034//3522 1918//3522
f 1033//3523 1918//3523 1917//3523
f 1035//3524 1919//3524 1918//3524
f 1035//3525 1918//3525 1034//3525
f 1035//3526 1036//3526 1920//3526
f 1035//3527 1920//3527 1919//3527
f 1036//3528 1037//3528 1921//3528
f 1036//3529 1921//3529 1920//3529
f 1038//3530 1922//3530 1921//3530
f 1038//3531 1921//3531 1037//3531
f 1038//3532 1039//3532 1923//3532
f 1038//3533 1923//3533 1922//3533
f 1039//3534 1040//3534 1924//3534
f 1039//3535 1924//3535 1923//3535
f 1925//3536 1924//3536 1040//3536
f 1925//3537 1040//3537 1041//3537
f 1926//3538 1925//3538 1041//3538
f 1926//3539 1041//3539 1042//3539
f 1042//3540 1043//3540 1927//3540
f 1042//3541 1927//3541 1926//3541
f 1043//3542 1044//3542 1928//3542
f 1043//3543 1928//3543 1927//3543
f 1044//3544 1045//3544 1929//3544
f 1044//3545 1929//3545 1928//3545
f 1045//3546 1046//3546 1930//3546
f 1045//3547 1930//3547 1929//3547
f 1931//3548 1930//3548 1046//3548
f 1931//3549 1046//3549 1539//3549
f 1575//3550 1932//3550 1931//3550
f 1575//3551 1931//3551 1539//3551
f 1934//3552 1933//3552 1580//3552
f 1934//3553 1580//3553 1545//3553
f 1545//3554 616//3554 1935//3554
f 1545//3555 1935//3555 1934//3555
f 616//3556 608//3556 1936//3556
f 616//3557 1936//3557 1935//3557
f 608//3558 615//3558 1937//3558
f 608//3559 1937//3559 1936//3559
f 615//3560 567//3560 1938//3560
f 615//3561 1938//3561 1937//3561
f 567//3562 566//3562 1939//3562
f 567//3563 1939//3563 1938//3563
f 566//3564 560//3564 1940//3564
f 566//3565 1940//3565 1939//3565
f 560//3566 693//3566 1941//3566
f 560//3567 1941//3567 1940//3567
f 693//3568 548//3568 1942//3568
f 693//3569 1942//3569 1941//3569
f 548//3570 547//3570 1943//3570
f 548//3571 1943//3571 1942//3571
f 1943//3572 547//3572 530//3572
f 1943//3573 530//3573 1944//3573
f 530//3574 99//3574 1945//3574
f 530//3575 1945//3575 1944//3575
f 99//3576 82//3576 1946//3576
f 99//3577 1946//3577 1945//3577
f 82//3578 78//3578 1947//3578
f 82//3579 1947//3579 1946//3579
f 78//3580 388//3580 1948//3580
f 78//3581 1948//3581 1947//3581
f 388//3582 289//3582 1949//3582
f 388//3583 1949//3583 1948//3583
f 289//3584 286//3584 1950//3584
f 289//3585 1950//3585 1949//3585
f 286//3586 434//3586 1951//3586
f 286//3587 1951//3587 1950//3587
f 434//3588 1702//3588 1952//3588
f 434//3589 1952//3589 1951//3589
f 1953//3590 1952//3590 1702//3590
f 1953//3591 1702//3591 308//3591
f 2117//3592 2118//3592 1752//3592
f 2117//3593 1752//3593 1954//3593
f 1955//3594 1954//3594 1752//3594
f 1955//3595 1752//3595 315//3595
f 315//3596 321//3596 1956//3596
f 315//3597 1956//3597 1955//3597
f 321//3598 325//3598 1957//3598
f 321//3599 1957//3599 1956//3599
f 325//3600 1870//3600 1958//3600
f 325//3601 1958//3601 1957//3601
f 1959//3602 1958//3602 1870//3602
f 1959//3603 1870//3603 332//3603
f 1809//3604 1960//3604 1959//3604
f 1809//3605 1959//3605 332//3605
f 1961//3606 1960//3606 1809//3606
f 1961//3607 1809//3607 1287//3607
f 684//3608 683//3608 1965//3608
f 684//3609 1965//3609 1964//3609
f 683//3610 682//3610 1966//3610
f 683//3611 1966//3611 1965//3611
f 682//3612 681//3612 1967//3612
f 682//3613 1967//3613 1966//3613
f 681//3614 680//3614 1968//3614
f 681//3615 1968//3615 1967//3615
f 680//3616 679//3616 1969//3616
f 680//3617 1969//3617 1968//3617
f 679//3618 697//3618 1970//3618
f 679//3619 1970//3619 1969//3619
f 697//3620 678//3620 1971//3620
f 697//3621 1971//3621 1970//3621
f 678//3622 677//3622 1972//3622
f 678//3623 1972//3623 1971//3623
f 1972//3624 677//3624 526//3624
f 1972//3625 526//3625 1973//3625
f 526//3626 487//3626 1974//3626
f 526//3627 1974//3627 1973//3627
f 487//3628 486//3628 1975//3628
f 487//3629 1975//3629 1974//3629
f 486//3630 485//3630 1976//3630
f 486//3631 1976//3631 1975//3631
f 485//3632 484//3632 1977//3632
f 485//3633 1977//3633 1976//3633
f 484//3634 483//3634 1978//3634
f 484//3635 1978//3635 1977//3635
f 483//3636 482//3636 1979//3636
f 483//3637 1979//3637 1978//3637
f 482//3638 481//3638 1980//3638
f 482//3639 1980//3639 1979//3639
f 481//3640 1697//3640 1981//3640
f 481//3641 1981//3641 1980//3641
f 1982//3642 1981//3642 1697//3642
f 1982//3643 1697//3643 480//3643
f 2123//3644 2124//3644 1747//3644
f 2123//3645 1747//3645 1983//3645
f 1984//3646 1983//3646 1747//3646
f 1984//3647 1747//3647 479//3647
f 479//3648 478//3648 1985//3648
f 479//3649 1985//3649 1984//3649
f 478//3650 477//3650 1986//3650
f 478//3651 1986//3651 1985//3651
f 477//3652 1865//3652 1987//3652
f 477//3653 1987//3653 1986//3653
f 1988//3654 1987//3654 1865//3654
f 1988//3655 1865//3655 476//3655
f 1814//3656 1989//3656 1988//3656
f 1814//3657 1988//3657 476//3657
f 1990//3658 1989//3658 1814//3658
f 1990//3659 1814//3659 1291//3659
f 684//3660 1964//3660 1963//3660
f 684//3661 1963//3661 1991//3661
f 1991//3662 1963//3662 1962//3662
f 1991//3663 1962//3663 1540//3663
f 1539//3664 1046//3664 684//3664
f 1539//3665 684//3665 1991//3665
f 1540//3666 1575//3666 1539//3666
f 1540//3667 1539//3667 1991//3667
f 649//3668 700//3668 701//3668
f 649//3669 701//3669 1619//3669
f 649//3670 1619//3670 1621//3670
f 649//3671 1621//3671 1263//3671
f 1262//3672 1618//3672 1620//3672
f 1262//3673 1620//3673 1995//3673
f 1262//3674 1263//3674 1621//3674
f 1262//3675 1621//3675 1618//3675
f 1325//3676 1324//3676 1996//3676
f 1325//3677 1996//3677 2033//3677
f 1324//3678 1992//3678 1997//3678
f 1324//3679 1997//3679 1996//3679
f 1992//3680 1993//3680 1998//3680
f 1992//3681 1998//3681 1997//3681
f 1993//3682 1994//3682 1999//3682
f 1993//3683 1999//3683 1998//3683
f 1994//3684 1995//3684 2000//3684
f 1994//3685 2000//3685 1999//3685
f 1995//3686 1620//3686 419//3686
f 1995//3687 419//3687 2000//3687
f 1996//3688 1997//3688 2002//3688
f 1996//3689 2002//3689 2001//3689
f 1998//3690 2003//3690 2002//3690
f 1998//3691 2002//3691 1997//3691
f 1998//3692 1999//3692 2004//3692
f 1998//3693 2004//3693 2003//3693
f 1999//3694 2000//3694 2005//3694
f 1999//3695 2005//3695 2004//3695
f 2000//3696 419//3696 10//3696
f 2000//3697 10//3697 2005//3697
f 2026//3698 2027//3698 2007//3698
f 2026//3699 2007//3699 2006//3699
f 2028//3700 2008//3700 2007//3700
f 2028//3701 2007//3701 2027//3701
f 2028//3702 2029//3702 2009//3702
f 2028//3703 2009//3703 2008//3703
f 2029//3704 2030//3704 2010//3704
f 2029//3705 2010//3705 2009//3705
f 1403//3706 1433//3706 2006//3706
f 1403//3707 2006//3707 2007//3707
f 2008//3708 1402//3708 1403//3708
f 2008//3709 1403//3709 2007//3709
f 1617//3710 1402//3710 2008//3710
f 1617//3711 2008//3711 2009//3711
f 1401//3712 1617//3712 2009//3712
f 1401//3713 2009//3713 2010//3713
f 2012//3714 2011//3714 2005//3714
f 2012//3715 2005//3715 10//3715
f 2011//3716 2012//3716 2014//3716
f 2011//3717 2014//3717 2013//3717
f 1399//3718 1400//3718 2015//3718
f 1399//3719 2015//3719 2016//3719
f 2015//3720 1400//3720 1401//3720
f 2015//3721 1401//3721 2010//3721
f 2031//3722 2032//3722 2016//3722
f 2031//3723 2016//3723 2015//3723
f 2031//3724 2015//3724 2010//3724
f 2031//3725 2010//3725 2030//3725
f 2001//3726 2002//3726 2027//3726
f 2001//3727 2027//3727 2026//3727
f 2003//3728 2028//3728 2027//3728
f 2003//3729 2027//3729 2002//3729
f 2003//3730 2004//3730 2029//3730
f 2003//3731 2029//3731 2028//3731
f 2004//3732 2005//3732 2030//3732
f 2004//3733 2030//3733 2029//3733
f 2011//3734 2031//3734 2030//3734
f 2011//3735 2030//3735 2005//3735
f 2032//3736 2031//3736 2011//3736
f 2032//3737 2011//3737 2013//3737
f 1996//3738 2001//3738 2034//3738
f 1996//3739 2034//3739 2033//3739
f 2001//3740 2026//3740 2035//3740
f 2001//3741 2035//3741 2034//3741
f 2026//3742 2006//3742 2036//3742
f 2026//3743 2036//3743 2035//3743
f 2037//3744 103//3744 1325//3744
f 2037//3745 1325//3745 2038//3745
f 1415//3746 103//3746 2037//3746
f 1415//3747 2037//3747 1416//3747
f 2038//3748 1325//3748 2033//3748
f 2038//3749 2033//3749 2034//3749
f 2006//3750 1433//3750 2039//3750
f 2006//3751 2039//3751 2036//3751
f 2040//3752 2037//3752 2038//3752
f 2040//3753 2038//3753 2041//3753
f 1416//3754 2037//3754 2040//3754
f 1416//3755 2040//3755 1417//3755
f 2041//3756 2038//3756 2034//3756
f 2041//3757 2034//3757 2035//3757
f 2042//3758 2040//3758 2041//3758
f 2042//3759 2041//3759 2043//3759
f 1417//3760 2040//3760 2042//3760
f 1417//3761 2042//3761 1418//3761
f 2043//3762 2041//3762 2035//3762
f 2043//3763 2035//3763 2036//3763
f 2044//3764 2042//3764 2043//3764
f 2044//3765 2043//3765 2045//3765
f 1418//3766 2042//3766 2044//3766
f 1418//3767 2044//3767 1419//3767
f 2045//3768 2043//3768 2036//3768
f 2045//3769 2036//3769 2039//3769
f 2046//3770 2048//3770 2067//3770
f 2046//3771 2067//3771 1315//3771
f 337//3772 342//3772 1423//3772
f 337//3773 1423//3773 1422//3773
f 342//3774 345//3774 1424//3774
f 342//3775 1424//3775 1423//3775
f 345//3776 1860//3776 1861//3776
f 345//3777 1861//3777 1424//3777
f 1819//3778 1295//3778 1426//3778
f 1819//3779 1426//3779 1818//3779
f 349//3780 1819//3780 1818//3780
f 349//3781 1818//3781 1425//3781
f 1860//3782 349//3782 1425//3782
f 1860//3783 1425//3783 1861//3783
f 2129//3784 2130//3784 2047//3784
f 2129//3785 2047//3785 1743//3785
f 2049//3786 2048//3786 1693//3786
f 2049//3787 1693//3787 1420//3787
f 2048//3788 2046//3788 1421//3788
f 2048//3789 1421//3789 1693//3789
f 2047//3790 337//3790 1422//3790
f 2047//3791 1422//3791 1743//3791
f 2014//3792 2012//3792 1385//3792
f 2014//3793 1385//3793 934//3793
f 121//3794 1385//3794 2012//3794
f 121//3795 2012//3795 10//3795
f 10//3796 419//3796 120//3796
f 10//3797 120//3797 121//3797
f 2049//3798 1420//3798 1419//3798
f 2049//3799 1419//3799 2044//3799
f 2039//3800 1433//3800 2050//3800
f 2039//3801 2050//3801 2057//3801
f 2049//3802 2044//3802 2045//3802
f 2049//3803 2045//3803 2058//3803
f 1403//3804 2051//3804 2050//3804
f 1403//3805 2050//3805 1433//3805
f 1399//3806 2053//3806 2052//3806
f 1399//3807 2052//3807 1400//3807
f 2054//3808 1401//3808 1400//3808
f 2054//3809 1400//3809 2052//3809
f 1401//3810 2054//3810 2055//3810
f 1401//3811 2055//3811 1617//3811
f 1402//3812 2056//3812 2051//3812
f 1402//3813 2051//3813 1403//3813
f 1617//3814 2055//3814 2056//3814
f 1617//3815 2056//3815 1402//3815
f 2058//3816 2045//3816 2039//3816
f 2058//3817 2039//3817 2057//3817
f 2052//3818 2053//3818 2059//3818
f 2052//3819 2059//3819 2060//3819
f 2054//3820 2052//3820 2060//3820
f 2054//3821 2060//3821 2061//3821
f 2061//3822 2062//3822 2055//3822
f 2061//3823 2055//3823 2054//3823
f 2062//3824 2063//3824 2056//3824
f 2062//3825 2056//3825 2055//3825
f 2056//3826 2063//3826 2064//3826
f 2056//3827 2064//3827 2051//3827
f 2050//3828 2051//3828 2064//3828
f 2050//3829 2064//3829 2065//3829
f 2057//3830 2050//3830 2065//3830
f 2057//3831 2065//3831 2066//3831
f 2058//3832 2057//3832 2066//3832
f 2058//3833 2066//3833 2067//3833
f 2048//3834 2049//3834 2058//3834
f 2048//3835 2058//3835 2067//3835
f 2060//3836 2059//3836 973//3836
f 2060//3837 973//3837 1398//3837
f 2061//3838 2060//3838 1398//3838
f 2061//3839 1398//3839 439//3839
f 439//3840 1255//3840 2062//3840
f 439//3841 2062//3841 2061//3841
f 1255//3842 1256//3842 2063//3842
f 1255//3843 2063//3843 2062//3843
f 2063//3844 1256//3844 1432//3844
f 2063//3845 1432//3845 2064//3845
f 2065//3846 2064//3846 1432//3846
f 2065//3847 1432//3847 436//3847
f 2066//3848 2065//3848 436//3848
f 2066//3849 436//3849 2025//3849
f 2067//3850 2066//3850 2025//3850
f 2067//3851 2025//3851 1315//3851
f 2131//3852 1692//3852 2047//3852
f 2131//3853 2047//3853 2130//3853
f 892//3854 889//3854 888//3854
f 892//3855 888//3855 893//3855
f 897//3856 895//3856 892//3856
f 897//3857 892//3857 2068//3857
f 2068//3858 892//3858 893//3858
f 2068//3859 893//3859 2069//3859
f 2069//3860 893//3860 894//3860
f 2069//3861 894//3861 522//3861
f 901//3862 2068//3862 2069//3862
f 901//3863 2069//3863 900//3863
f 2069//3864 522//3864 107//3864
f 2069//3865 107//3865 900//3865
f 2068//3866 901//3866 898//3866
f 2068//3867 898//3867 897//3867
f 899//3868 898//3868 901//3868
f 899//3869 901//3869 927//3869
f 890//3870 899//3870 927//3870
f 890//3871 927//3871 928//3871
f 928//3872 1330//3872 891//3872
f 928//3873 891//3873 890//3873
f 1330//3874 1321//3874 902//3874
f 1330//3875 902//3875 891//3875
f 1322//3876 902//3876 1321//3876
f 1322//3877 1321//3877 1318//3877
f 2071//3878 2070//3878 354//3878
f 2071//3879 354//3879 353//3879
f 2072//3880 2071//3880 353//3880
f 2072//3881 353//3881 115//3881
f 2073//3882 2072//3882 115//3882
f 2073//3883 115//3883 1648//3883
f 113//3884 2074//3884 2073//3884
f 113//3885 2073//3885 1648//3885
f 2075//3886 2186//3886 2187//3886
f 2075//3887 2187//3887 1176//3887
f 2076//3888 2075//3888 1176//3888
f 2076//3889 1176//3889 1145//3889
f 109//3890 2077//3890 2076//3890
f 109//3891 2076//3891 1145//3891
f 1303//3892 1304//3892 2078//3892
f 1303//3893 2078//3893 950//3893
f 7//3894 2080//3894 2079//3894
f 7//3895 2079//3895 1307//3895
f 933//3896 2081//3896 2080//3896
f 933//3897 2080//3897 7//3897
f 2083//3898 2082//3898 2070//3898
f 2083//3899 2070//3899 2071//3899
f 2085//3900 2084//3900 2072//3900
f 2085//3901 2072//3901 2073//3901
f 2087//3902 2185//3902 2186//3902
f 2087//3903 2186//3903 2075//3903
f 2076//3904 2088//3904 2087//3904
f 2076//3905 2087//3905 2075//3905
f 2089//3906 2088//3906 2076//3906
f 2089//3907 2076//3907 2077//3907
f 1304//3908 2091//3908 2090//3908
f 1304//3909 2090//3909 2078//3909
f 932//3910 1322//3910 1318//3910
f 932//3911 1318//3911 2081//3911
f 931//3912 932//3912 2081//3912
f 931//3913 2081//3913 933//3913
f 1387//3914 931//3914 933//3914
f 1387//3915 933//3915 1388//3915
f 978//3916 1387//3916 1388//3916
f 978//3917 1388//3917 979//3917
f 1209//3918 1208//3918 1212//3918
f 1209//3919 1212//3919 2092//3919
f 1663//3920 2092//3920 1212//3920
f 1663//3921 1212//3921 1662//3921
f 1663//3922 1662//3922 2093//3922
f 1663//3923 2093//3923 2094//3923
f 1663//3924 2094//3924 1664//3924
f 1663//3925 1664//3925 421//3925
f 2094//3926 2093//3926 2095//3926
f 2094//3927 2095//3927 2096//3927
f 2094//3928 2096//3928 420//3928
f 2094//3929 420//3929 1664//3929
f 2096//3930 2095//3930 1776//3930
f 2096//3931 1776//3931 1777//3931
f 420//3932 2096//3932 1777//3932
f 420//3933 1777//3933 1778//3933
f 1049//3934 1195//3934 2098//3934
f 1049//3935 2098//3935 2097//3935
f 232//3936 2099//3936 2098//3936
f 232//3937 2098//3937 1195//3937
f 2100//3938 2099//3938 232//3938
f 2100//3939 232//3939 865//3939
f 853//3940 2101//3940 2100//3940
f 853//3941 2100//3941 865//3941
f 231//3942 2102//3942 2101//3942
f 231//3943 2101//3943 853//3943
f 231//3944 1638//3944 2103//3944
f 231//3945 2103//3945 2102//3945
f 1638//3946 1184//3946 2104//3946
f 1638//3947 2104//3947 2103//3947
f 248//3948 2105//3948 2104//3948
f 248//3949 2104//3949 1184//3949
f 248//3950 247//3950 2106//3950
f 248//3951 2106//3951 2105//3951
f 247//3952 257//3952 2107//3952
f 247//3953 2107//3953 2106//3953
f 2108//3954 2107//3954 257//3954
f 2108//3955 257//3955 716//3955
f 716//3956 256//3956 2109//3956
f 716//3957 2109//3957 2108//3957
f 731//3958 2110//3958 2109//3958
f 731//3959 2109//3959 256//3959
f 731//3960 267//3960 2111//3960
f 731//3961 2111//3961 2110//3961
f 267//3962 279//3962 2112//3962
f 267//3963 2112//3963 2111//3963
f 2113//3964 2112//3964 279//3964
f 2113//3965 279//3965 285//3965
f 285//3966 295//3966 2114//3966
f 285//3967 2114//3967 2113//3967
f 294//3968 2115//3968 2114//3968
f 294//3969 2114//3969 295//3969
f 998//3970 2116//3970 2115//3970
f 998//3971 2115//3971 294//3971
f 1953//3972 2117//3972 2116//3972
f 1953//3973 2116//3973 998//3973
f 308//3974 2118//3974 2117//3974
f 308//3975 2117//3975 1953//3975
f 309//3976 2119//3976 2118//3976
f 309//3977 2118//3977 308//3977
f 2120//3978 2119//3978 309//3978
f 2120//3979 309//3979 1007//3979
f 492//3980 2121//3980 2120//3980
f 492//3981 2120//3981 1007//3981
f 492//3982 317//3982 2122//3982
f 492//3983 2122//3983 2121//3983
f 1982//3984 2123//3984 2122//3984
f 1982//3985 2122//3985 317//3985
f 480//3986 2124//3986 2123//3986
f 480//3987 2123//3987 1982//3987
f 2125//3988 2124//3988 480//3988
f 2125//3989 480//3989 1029//3989
f 1912//3990 2126//3990 2125//3990
f 1912//3991 2125//3991 1029//3991
f 2127//3992 2126//3992 1912//3992
f 2127//3993 1912//3993 328//3993
f 328//3994 329//3994 2128//3994
f 328//3995 2128//3995 2127//3995
f 329//3996 1421//3996 2129//3996
f 329//3997 2129//3997 2128//3997
f 2046//3998 2130//3998 2129//3998
f 2046//3999 2129//3999 1421//3999
f 2131//4000 2130//4000 2046//4000
f 2131//4001 2046//4001 1315//4001
f 2132//4002 2131//4002 1315//4002
f 2132//4003 1315//4003 2025//4003
f 2133//4004 2132//4004 2025//4004
f 2133//4005 2025//4005 436//4005
f 2134//4006 2133//4006 436//4006
f 2134//4007 436//4007 1432//4007
f 1256//4008 2135//4008 2134//4008
f 1256//4009 2134//4009 1432//4009
f 1255//4010 2136//4010 2135//4010
f 1255//4011 2135//4011 1256//4011
f 2137//4012 2136//4012 1255//4012
f 2137//4013 1255//4013 439//4013
f 2138//4014 2137//4014 439//4014
f 2138//4015 439//4015 1398//4015
f 2139//4016 2138//4016 1398//4016
f 2139//4017 1398//4017 973//4017
f 1775//4018 1776//4018 2095//4018
f 1775//4019 2095//4019 2140//4019
f 1774//4020 1775//4020 2140//4020
f 1774//4021 2140//4021 2141//4021
f 1773//4022 1774//4022 2141//4022
f 1773//4023 2141//4023 2142//4023
f 1772//4024 1773//4024 2142//4024
f 1772//4025 2142//4025 2097//4025
f 2144//4026 2143//4026 1338//4026
f 2144//4027 1338//4027 1058//4027
f 2145//4028 2144//4028 1058//4028
f 2145//4029 1058//4029 1065//4029
f 2146//4030 2145//4030 1065//4030
f 2146//4031 1065//4031 1072//4031
f 2147//4032 2146//4032 1072//4032
f 2147//4033 1072//4033 1079//4033
f 1086//4034 2148//4034 2147//4034
f 1086//4035 2147//4035 1079//4035
f 2149//4036 2148//4036 1086//4036
f 2149//4037 1086//4037 1130//4037
f 2150//4038 2149//4038 1130//4038
f 2150//4039 1130//4039 1161//4039
f 2167//4040 2168//4040 2150//4040
f 2167//4041 2150//4041 1161//4041
f 2151//4042 1151//4042 1156//4042
f 2151//4043 1156//4043 2152//4043
f 2153//4044 2152//4044 1156//4044
f 2153//4045 1156//4045 1202//4045
f 2154//4046 2153//4046 1202//4046
f 2154//4047 1202//4047 1206//4047
f 2155//4048 2154//4048 1206//4048
f 2155//4049 1206//4049 1210//4049
f 2156//4050 2155//4050 1210//4050
f 2156//4051 1210//4051 1213//4051
f 1213//4052 1661//4052 2157//4052
f 1213//4053 2157//4053 2156//4053
f 1659//4054 1049//4054 2158//4054
f 1659//4055 2158//4055 1660//4055
f 2158//4056 1049//4056 2097//4056
f 2158//4057 2097//4057 2142//4057
f 1660//4058 2158//4058 2159//4058
f 1660//4059 2159//4059 1661//4059
f 2159//4060 2158//4060 2142//4060
f 2159//4061 2142//4061 2141//4061
f 2141//4062 2140//4062 2160//4062
f 2141//4063 2160//4063 2159//4063
f 2160//4064 2140//4064 2095//4064
f 2160//4065 2095//4065 2093//4065
f 2157//4066 1661//4066 2159//4066
f 2157//4067 2159//4067 2160//4067
f 1662//4068 2157//4068 2160//4068
f 1662//4069 2160//4069 2093//4069
f 1245//4070 1246//4070 1189//4070
f 1245//4071 1189//4071 2161//4071
f 2161//4072 1189//4072 858//4072
f 2161//4073 858//4073 2162//4073
f 2162//4074 858//4074 857//4074
f 2162//4075 857//4075 869//4075
f 2163//4076 2162//4076 869//4076
f 2163//4077 869//4077 40//4077
f 1190//4078 2163//4078 40//4078
f 1190//4079 40//4079 1191//4079
f 1199//4080 1153//4080 2165//4080
f 1199//4081 2165//4081 2164//4081
f 1153//4082 1152//4082 2166//4082
f 1153//4083 2166//4083 2165//4083
f 1152//4084 1151//4084 2167//4084
f 1152//4085 2167//4085 2166//4085
f 1151//4086 2151//4086 2168//4086
f 1151//4087 2168//4087 2167//4087
f 2169//4088 2168//4088 2151//4088
f 2169//4089 2151//4089 1149//4089
f 1149//4090 1150//4090 2170//4090
f 1149//4091 2170//4091 2169//4091
f 2171//4092 2170//4092 1150//4092
f 2171//4093 1150//4093 910//4093
f 2219//4094 2220//4094 2171//4094
f 2219//4095 2171//4095 910//4095
f 2172//4096 2220//4096 2219//4096
f 2172//4097 2219//4097 30//4097
f 2173//4098 2172//4098 30//4098
f 2173//4099 30//4099 28//4099
f 28//4100 63//4100 2174//4100
f 28//4101 2174//4101 2173//4101
f 63//4102 67//4102 2175//4102
f 63//4103 2175//4103 2174//4103
f 67//4104 66//4104 2176//4104
f 67//4105 2176//4105 2175//4105
f 2177//4106 2176//4106 66//4106
f 2177//4107 66//4107 461//4107
f 2178//4108 2177//4108 461//4108
f 2178//4109 461//4109 92//4109
f 92//4110 91//4110 2179//4110
f 92//4111 2179//4111 2178//4111
f 2180//4112 2179//4112 91//4112
f 2180//4113 91//4113 90//4113
f 93//4114 2181//4114 2180//4114
f 93//4115 2180//4115 90//4115
f 93//4116 96//4116 2182//4116
f 93//4117 2182//4117 2181//4117
f 96//4118 117//4118 2183//4118
f 96//4119 2183//4119 2182//4119
f 117//4120 111//4120 2184//4120
f 117//4121 2184//4121 2183//4121
f 2086//4122 2185//4122 2184//4122
f 2086//4123 2184//4123 111//4123
f 2186//4124 2185//4124 2086//4124
f 2186//4125 2086//4125 2074//4125
f 2187//4126 2186//4126 2074//4126
f 2187//4127 2074//4127 113//4127
f 113//4128 4547//4128 4548//4128
f 113//4129 4548//4129 2187//4129
f 112//4130 116//4130 2189//4130
f 112//4131 2189//4131 2188//4131
f 2190//4132 2189//4132 116//4132
f 2190//4133 116//4133 5//4133
f 2164//4134 1158//4134 1106//4134
f 2164//4135 1106//4135 1109//4135
f 1190//4136 1199//4136 1244//4136
f 1190//4137 1244//4137 2163//4137
f 1109//4138 1112//4138 2191//4138
f 1109//4139 2191//4139 2164//4139
f 2164//4140 2191//4140 1244//4140
f 2164//4141 1244//4141 1199//4141
f 877//4142 2193//4142 2192//4142
f 877//4143 2192//4143 970//4143
f 2194//4144 2193//4144 877//4144
f 2194//4145 877//4145 304//4145
f 2195//4146 2194//4146 304//4146
f 2195//4147 304//4147 1496//4147
f 1446//4148 2196//4148 2195//4148
f 1446//4149 2195//4149 1496//4149
f 2197//4150 2196//4150 1446//4150
f 2197//4151 1446//4151 1445//4151
f 2198//4152 2197//4152 1445//4152
f 2198//4153 1445//4153 331//4153
f 331//4154 810//4154 2199//4154
f 331//4155 2199//4155 2198//4155
f 2200//4156 2199//4156 810//4156
f 2200//4157 810//4157 805//4157
f 2201//4158 2200//4158 805//4158
f 2201//4159 805//4159 251//4159
f 2202//4160 2201//4160 251//4160
f 2202//4161 251//4161 261//4161
f 2203//4162 2202//4162 261//4162
f 2203//4163 261//4163 280//4163
f 2204//4164 2203//4164 280//4164
f 2204//4165 280//4165 769//4165
f 218//4166 2204//4166 769//4166
f 218//4167 769//4167 774//4167
f 2230//4168 2229//4168 107//4168
f 2230//4169 107//4169 522//4169
f 522//4170 894//4170 2231//4170
f 522//4171 2231//4171 2230//4171
f 894//4172 887//4172 2232//4172
f 894//4173 2232//4173 2231//4173
f 598//4174 2233//4174 2232//4174
f 598//4175 2232//4175 887//4175
f 2234//4176 2233//4176 598//4176
f 2234//4177 598//4177 621//4177
f 1529//4178 2235//4178 2234//4178
f 1529//4179 2234//4179 621//4179
f 2236//4180 2235//4180 1529//4180
f 2236//4181 1529//4181 622//4181
f 2237//4182 2236//4182 622//4182
f 2237//4183 622//4183 623//4183
f 676//4184 2238//4184 2237//4184
f 676//4185 2237//4185 623//4185
f 2239//4186 2238//4186 676//4186
f 2239//4187 676//4187 675//4187
f 1375//4188 2240//4188 2239//4188
f 1375//4189 2239//4189 675//4189
f 1585//4190 2241//4190 2240//4190
f 1585//4191 2240//4191 1375//4191
f 1567//4192 2242//4192 2241//4192
f 1567//4193 2241//4193 1585//4193
f 2244//4194 2243//4194 1548//4194
f 2244//4195 1548//4195 1508//4195
f 2245//4196 2244//4196 1508//4196
f 2245//4197 1508//4197 571//4197
f 2246//4198 2245//4198 571//4198
f 2246//4199 571//4199 568//4199
f 2247//4200 2246//4200 568//4200
f 2247//4201 568//4201 712//4201
f 2248//4202 2247//4202 712//4202
f 2248//4203 712//4203 1126//4203
f 2249//4204 2248//4204 1126//4204
f 2249//4205 1126//4205 1125//4205
f 2249//4206 1125//4206 1123//4206
f 2249//4207 1123//4207 2250//4207
f 2250//4208 1123//4208 1122//4208
f 2250//4209 1122//4209 1631//4209
f 1630//4210 2250//4210 1631//4210
f 1630//4211 1631//4211 1247//4211
f 1118//4212 1630//4212 1247//4212
f 1118//4213 1247//4213 1246//4213
f 1115//4214 1118//4214 1246//4214
f 1115//4215 1246//4215 1245//4215
f 2163//4216 1244//4216 2161//4216
f 2163//4217 2161//4217 2162//4217
f 1244//4218 2191//4218 1245//4218
f 1244//4219 1245//4219 2161//4219
f 1245//4220 2191//4220 1112//4220
f 1245//4221 1112//4221 1115//4221
f 1410//4222 1408//4222 209//4222
f 1410//4223 209//4223 471//4223
f 1408//4224 1407//4224 772//4224
f 1408//4225 772//4225 209//4225
f 1407//4226 1409//4226 773//4226
f 1407//4227 773//4227 772//4227
f 1409//4228 763//4228 774//4228
f 1409//4229 774//4229 773//4229
f 763//4230 762//4230 218//4230
f 763//4231 218//4231 774//4231
f 3115//4232 3114//4232 3112//4232
f 3115//4233 3112//4233 2253//4233
f 3112//4234 3706//4234 3707//4234
f 3112//4235 3707//4235 2253//4235
f 2259//4236 2258//4236 3409//4236
f 2259//4237 3409//4237 3408//4237
f 2262//4238 2267//4238 2264//4238
f 2262//4239 2264//4239 2261//4239
f 2265//4240 2263//4240 2261//4240
f 2265//4241 2261//4241 2264//4241
f 2266//4242 2270//4242 2267//4242
f 2266//4243 2267//4243 2262//4243
f 2308//4244 2264//4244 2267//4244
f 2308//4245 2267//4245 2304//4245
f 3149//4246 3419//4246 3374//4246
f 3149//4247 3374//4247 3150//4247
f 3150//4248 3374//4248 3369//4248
f 3150//4249 3369//4249 3151//4249
f 2271//4250 2268//4250 4409//4250
f 2271//4251 4409//4251 4410//4251
f 2304//4252 2267//4252 2270//4252
f 2304//4253 2270//4253 2269//4253
f 3384//4254 4365//4254 4411//4254
f 3384//4255 4411//4255 4412//4255
f 2268//4256 2272//4256 4408//4256
f 2268//4257 4408//4257 4409//4257
f 3842//4258 2280//4258 2279//4258
f 3842//4259 2279//4259 3843//4259
f 2274//4260 2291//4260 2277//4260
f 2274//4261 2277//4261 2273//4261
f 2275//4262 2290//4262 2291//4262
f 2275//4263 2291//4263 2274//4263
f 2275//4264 2961//4264 2962//4264
f 2275//4265 2962//4265 2290//4265
f 2977//4266 2976//4266 2624//4266
f 2977//4267 2624//4267 2283//4267
f 2277//4268 3341//4268 3398//4268
f 2277//4269 3398//4269 2273//4269
f 2278//4270 3344//4270 3341//4270
f 2278//4271 3341//4271 2277//4271
f 3098//4272 2279//4272 2280//4272
f 3098//4273 2280//4273 3099//4273
f 2283//4274 2624//4274 2625//4274
f 2283//4275 2625//4275 2282//4275
f 2285//4276 2283//4276 2282//4276
f 2285//4277 2282//4277 2284//4277
f 2978//4278 2977//4278 2283//4278
f 2978//4279 2283//4279 2285//4279
f 2288//4280 2963//4280 2964//4280
f 2288//4281 2964//4281 2294//4281
f 2288//4282 2294//4282 2292//4282
f 2288//4283 2292//4283 2289//4283
f 2289//4284 2291//4284 2290//4284
f 2289//4285 2290//4285 2288//4285
f 2278//4286 2277//4286 2291//4286
f 2278//4287 2291//4287 2289//4287
f 2289//4288 2292//4288 2293//4288
f 2289//4289 2293//4289 2278//4289
f 2293//4290 3342//4290 3344//4290
f 2293//4291 3344//4291 2278//4291
f 2293//4292 2292//4292 2779//4292
f 2293//4293 2779//4293 2780//4293
f 2780//4294 3343//4294 3342//4294
f 2780//4295 3342//4295 2293//4295
f 2285//4296 2297//4296 2979//4296
f 2285//4297 2979//4297 2978//4297
f 2285//4298 2284//4298 2296//4298
f 2285//4299 2296//4299 2297//4299
f 2776//4300 2980//4300 2979//4300
f 2776//4301 2979//4301 2297//4301
f 2294//4302 2964//4302 2965//4302
f 2294//4303 2965//4303 2778//4303
f 2302//4304 2296//4304 2284//4304
f 2302//4305 2284//4305 2298//4305
f 2298//4306 2301//4306 2299//4306
f 2298//4307 2299//4307 2300//4307
f 2300//4308 2303//4308 2302//4308
f 2300//4309 2302//4309 2298//4309
f 2284//4310 2282//4310 2301//4310
f 2284//4311 2301//4311 2298//4311
f 2625//4312 2626//4312 2301//4312
f 2625//4313 2301//4313 2282//4313
f 2774//4314 2775//4314 2296//4314
f 2774//4315 2296//4315 2302//4315
f 2302//4316 2303//4316 2773//4316
f 2302//4317 2773//4317 2774//4317
f 2301//4318 2626//4318 2627//4318
f 2301//4319 2627//4319 2299//4319
f 4366//4320 3385//4320 3386//4320
f 4366//4321 3386//4321 4367//4321
f 3356//4322 2315//4322 2305//4322
f 3356//4323 2305//4323 3357//4323
f 4368//4324 3387//4324 3388//4324
f 4368//4325 3388//4325 4369//4325
f 3357//4326 2305//4326 2306//4326
f 3357//4327 2306//4327 3358//4327
f 2310//4328 3361//4328 3487//4328
f 2310//4329 3487//4329 3486//4329
f 2311//4330 3362//4330 3361//4330
f 2311//4331 3361//4331 2310//4331
f 2312//4332 3363//4332 3362//4332
f 2312//4333 3362//4333 2311//4333
f 2313//4334 3364//4334 3363//4334
f 2313//4335 3363//4335 2312//4335
f 2316//4336 2317//4336 2314//4336
f 2316//4337 2314//4337 2315//4337
f 2329//4338 2318//4338 2314//4338
f 2329//4339 2314//4339 2317//4339
f 3355//4340 2316//4340 2315//4340
f 3355//4341 2315//4341 3356//4341
f 4367//4342 3386//4342 3387//4342
f 4367//4343 3387//4343 4368//4343
f 2307//4344 2265//4344 2264//4344
f 2307//4345 2264//4345 2308//4345
f 4147//4346 3213//4346 3214//4346
f 4147//4347 3214//4347 4148//4347
f 2630//4348 3231//4348 3232//4348
f 2630//4349 3232//4349 2320//4349
f 2725//4350 3253//4350 3254//4350
f 2725//4351 3254//4351 2726//4351
f 2320//4352 3232//4352 3233//4352
f 2320//4353 3233//4353 2322//4353
f 4146//4354 3212//4354 3213//4354
f 4146//4355 3213//4355 4147//4355
f 2628//4356 3214//4356 3213//4356
f 2628//4357 3213//4357 2324//4357
f 2325//4358 2300//4358 2299//4358
f 2325//4359 2299//4359 2324//4359
f 2324//4360 2299//4360 2627//4360
f 2324//4361 2627//4361 2628//4361
f 2326//4362 3354//4362 4413//4362
f 2326//4363 4413//4363 4414//4363
f 2327//4364 2326//4364 4414//4364
f 2327//4365 4414//4365 4415//4365
f 2328//4366 2327//4366 4415//4366
f 2328//4367 4415//4367 4416//4367
f 3859//4368 2335//4368 2336//4368
f 3859//4369 2336//4369 3860//4369
f 2335//4370 3859//4370 3858//4370
f 2335//4371 3858//4371 2338//4371
f 2339//4372 3861//4372 3860//4372
f 2339//4373 3860//4373 2336//4373
f 2342//4374 2303//4374 2300//4374
f 2342//4375 2300//4375 2325//4375
f 3211//4376 2342//4376 2325//4376
f 3211//4377 2325//4377 3212//4377
f 3210//4378 2772//4378 2342//4378
f 3210//4379 2342//4379 3211//4379
f 4144//4380 3210//4380 3211//4380
f 4144//4381 3211//4381 4145//4381
f 4145//4382 3211//4382 3212//4382
f 4145//4383 3212//4383 4146//4383
f 2322//4384 3233//4384 3234//4384
f 2322//4385 3234//4385 2341//4385
f 2341//4386 3234//4386 3235//4386
f 2341//4387 3235//4387 2770//4387
f 2772//4388 2773//4388 2303//4388
f 2772//4389 2303//4389 2342//4389
f 2292//4390 2294//4390 2778//4390
f 2292//4391 2778//4391 2779//4391
f 2776//4392 2297//4392 2296//4392
f 2776//4393 2296//4393 2775//4393
f 2343//4394 2328//4394 4416//4394
f 2343//4395 4416//4395 4417//4395
f 2325//4396 2324//4396 3213//4396
f 2325//4397 3213//4397 3212//4397
f 4117//4398 2364//4398 2365//4398
f 4117//4399 2365//4399 4118//4399
f 4120//4400 2363//4400 2766//4400
f 4120//4401 2766//4401 4121//4401
f 4119//4402 2366//4402 2363//4402
f 4119//4403 2363//4403 4120//4403
f 2727//4404 3255//4404 3256//4404
f 2727//4405 3256//4405 2728//4405
f 2728//4406 3256//4406 3257//4406
f 2728//4407 3257//4407 2767//4407
f 2726//4408 3254//4408 3255//4408
f 2726//4409 3255//4409 2727//4409
f 3267//4410 2345//4410 3541//4410
f 3267//4411 3541//4411 4192//4411
f 2349//4412 2762//4412 4421//4412
f 2349//4413 4421//4413 4420//4413
f 2349//4414 3153//4414 3152//4414
f 2349//4415 3152//4415 2762//4415
f 2313//4416 4283//4416 4282//4416
f 2313//4417 4282//4417 3364//4417
f 4533//4418 4534//4418 3365//4418
f 4533//4419 3365//4419 2350//4419
f 2371//4420 6//4420 1148//4420
f 2371//4421 1148//4421 3367//4421
f 4377//4422 3394//4422 4281//4422
f 4377//4423 4281//4423 4378//4423
f 4380//4424 3395//4424 4535//4424
f 4380//4425 4535//4425 4536//4425
f 4538//4426 4539//4426 2356//4426
f 4538//4427 2356//4427 3855//4427
f 4278//4428 2360//4428 3856//4428
f 4278//4429 3856//4429 4279//4429
f 4381//4430 3396//4430 3397//4430
f 4381//4431 3397//4431 4382//4431
f 4375//4432 3392//4432 3393//4432
f 4375//4433 3393//4433 4376//4433
f 2338//4434 3858//4434 3857//4434
f 2338//4435 3857//4435 2359//4435
f 3856//4436 2360//4436 2359//4436
f 3856//4437 2359//4437 3857//4437
f 4376//4438 3393//4438 3394//4438
f 4376//4439 3394//4439 4377//4439
f 4374//4440 3391//4440 3392//4440
f 4374//4441 3392//4441 4375//4441
f 2764//4442 3827//4442 3829//4442
f 2764//4443 3829//4443 3540//4443
f 2345//4444 2344//4444 3542//4444
f 2345//4445 3542//4445 3541//4445
f 4118//4446 2365//4446 2366//4446
f 4118//4447 2366//4447 4119//4447
f 2363//4448 2367//4448 2765//4448
f 2363//4449 2765//4449 2766//4449
f 2368//4450 2369//4450 2365//4450
f 2368//4451 2365//4451 2364//4451
f 2366//4452 2365//4452 2369//4452
f 2366//4453 2369//4453 2370//4453
f 2370//4454 2367//4454 2363//4454
f 2370//4455 2363//4455 2366//4455
f 3143//4456 3578//4456 3577//4456
f 3143//4457 3577//4457 3539//4457
f 3576//4458 3173//4458 3539//4458
f 3576//4459 3539//4459 3577//4459
f 3575//4460 3172//4460 3173//4460
f 3575//4461 3173//4461 3576//4461
f 2371//4462 3367//4462 3366//4462
f 2371//4463 3366//4463 2351//4463
f 3397//4464 1179//4464 2190//4464
f 3397//4465 2190//4465 4382//4465
f 3853//4466 2372//4466 2355//4466
f 3853//4467 2355//4467 3854//4467
f 1645//4468 4//4468 2372//4468
f 1645//4469 2372//4469 3853//4469
f 2373//4470 2374//4470 2379//4470
f 2373//4471 2379//4471 2378//4471
f 2381//4472 2386//4472 2380//4472
f 2381//4473 2380//4473 2375//4473
f 2378//4474 2381//4474 2375//4474
f 2378//4475 2375//4475 2373//4475
f 2383//4476 2379//4476 2374//4476
f 2383//4477 2374//4477 2376//4477
f 2383//4478 2376//4478 2377//4478
f 2383//4479 2377//4479 2384//4479
f 2760//4480 2743//4480 2742//4480
f 2760//4481 2742//4481 2761//4481
f 2385//4482 2380//4482 2386//4482
f 2385//4483 2386//4483 2390//4483
f 2392//4484 2388//4484 2389//4484
f 2392//4485 2389//4485 2391//4485
f 2391//4486 2389//4486 2385//4486
f 2391//4487 2385//4487 2390//4487
f 2394//4488 2397//4488 2398//4488
f 2394//4489 2398//4489 2393//4489
f 2382//4490 2400//4490 2399//4490
f 2382//4491 2399//4491 2387//4491
f 2405//4492 2399//4492 2400//4492
f 2405//4493 2400//4493 2404//4493
f 2409//4494 2646//4494 2643//4494
f 2409//4495 2643//4495 2395//4495
f 2395//4496 2401//4496 2411//4496
f 2395//4497 2411//4497 2409//4497
f 2403//4498 4277//4498 4276//4498
f 2403//4499 4276//4499 2396//4499
f 2410//4500 2406//4500 2399//4500
f 2410//4501 2399//4501 2405//4501
f 2402//4502 2412//4502 2411//4502
f 2402//4503 2411//4503 2401//4503
f 2407//4504 2416//4504 2412//4504
f 2407//4505 2412//4505 2402//4505
f 2759//4506 2758//4506 2745//4506
f 2759//4507 2745//4507 2744//4507
f 2414//4508 2699//4508 2700//4508
f 2414//4509 2700//4509 2415//4509
f 2415//4510 2419//4510 2418//4510
f 2415//4511 2418//4511 2414//4511
f 2408//4512 2406//4512 2421//4512
f 2408//4513 2421//4513 2417//4513
f 2429//4514 2421//4514 2406//4514
f 2429//4515 2406//4515 2410//4515
f 2419//4516 2427//4516 2426//4516
f 2419//4517 2426//4517 2418//4517
f 2420//4518 2698//4518 2699//4518
f 2420//4519 2699//4519 2414//4519
f 2747//4520 2756//4520 2755//4520
f 2747//4521 2755//4521 2748//4521
f 2427//4522 2435//4522 2434//4522
f 2427//4523 2434//4523 2426//4523
f 2420//4524 2414//4524 2418//4524
f 2420//4525 2418//4525 2428//4525
f 2422//4526 2431//4526 2430//4526
f 2422//4527 2430//4527 2423//4527
f 2438//4528 2430//4528 2431//4528
f 2438//4529 2431//4529 2437//4529
f 2749//4530 2748//4530 2755//4530
f 2749//4531 2755//4531 2754//4531
f 2754//4532 2753//4532 2750//4532
f 2754//4533 2750//4533 2749//4533
f 2435//4534 2443//4534 2442//4534
f 2435//4535 2442//4535 2434//4535
f 2428//4536 2418//4536 2426//4536
f 2428//4537 2426//4537 2436//4537
f 2445//4538 2996//4538 2698//4538
f 2445//4539 2698//4539 2420//4539
f 2420//4540 2428//4540 2449//4540
f 2420//4541 2449//4541 2445//4541
f 2432//4542 2439//4542 2447//4542
f 2432//4543 2447//4543 2440//4543
f 2423//4544 2430//4544 2439//4544
f 2423//4545 2439//4545 2432//4545
f 2446//4546 2439//4546 2430//4546
f 2446//4547 2430//4547 2438//4547
f 2451//4548 2447//4548 2439//4548
f 2451//4549 2439//4549 2446//4549
f 3147//4550 3427//4550 3423//4550
f 3147//4551 3423//4551 3148//4551
f 2443//4552 3718//4552 2693//4552
f 2443//4553 2693//4553 2442//4553
f 2436//4554 2426//4554 2434//4554
f 2436//4555 2434//4555 2444//4555
f 2428//4556 2436//4556 2454//4556
f 2428//4557 2454//4557 2449//4557
f 2444//4558 2434//4558 2442//4558
f 2444//4559 2442//4559 2448//4559
f 2442//4560 2693//4560 2639//4560
f 2442//4561 2639//4561 2448//4561
f 2436//4562 2444//4562 2458//4562
f 2436//4563 2458//4563 2454//4563
f 2444//4564 2448//4564 2599//4564
f 2444//4565 2599//4565 2458//4565
f 2446//4566 3678//4566 3677//4566
f 2446//4567 3677//4567 2451//4567
f 2650//4568 2455//4568 4399//4568
f 2650//4569 4399//4569 4400//4569
f 2457//4570 3410//4570 3411//4570
f 2457//4571 3411//4571 2456//4571
f 2453//4572 2452//4572 3411//4572
f 2453//4573 3411//4573 3410//4573
f 2455//4574 3676//4574 4398//4574
f 2455//4575 4398//4575 4399//4575
f 2605//4576 3179//4576 3178//4576
f 2605//4577 3178//4577 2462//4577
f 3097//4578 3096//4578 2460//4578
f 3097//4579 2460//4579 2461//4579
f 2462//4580 3178//4580 3675//4580
f 2462//4581 3675//4581 3674//4581
f 2460//4582 3845//4582 3844//4582
f 2460//4583 3844//4583 2461//4583
f 3874//4584 2605//4584 2462//4584
f 3874//4585 2462//4585 3875//4585
f 3984//4586 2604//4586 2464//4586
f 3984//4587 2464//4587 3923//4587
f 2466//4588 2467//4588 2468//4588
f 2466//4589 2468//4589 2465//4589
f 3399//4590 3400//4590 2465//4590
f 3399//4591 2465//4591 2468//4591
f 2469//4592 3006//4592 4395//4592
f 2469//4593 4395//4593 4394//4593
f 3673//4594 3924//4594 3923//4594
f 3673//4595 3923//4595 2464//4595
f 3875//4596 2462//4596 3674//4596
f 3875//4597 3674//4597 3876//4597
f 2479//4598 2610//4598 2611//4598
f 2479//4599 2611//4599 2471//4599
f 3922//4600 2665//4600 3095//4600
f 3922//4601 3095//4601 3862//4601
f 4295//4602 3971//4602 3970//4602
f 4295//4603 3970//4603 4296//4603
f 2960//4604 2477//4604 2474//4604
f 2960//4605 2474//4605 2959//4605
f 2466//4606 2474//4606 2477//4606
f 2466//4607 2477//4607 2467//4607
f 3672//4608 3671//4608 2479//4608
f 3672//4609 2479//4609 2471//4609
f 2612//4610 2613//4610 2610//4610
f 2612//4611 2610//4611 2479//4611
f 3093//4612 3092//4612 2486//4612
f 3093//4613 2486//4613 2480//4613
f 4296//4614 3970//4614 3969//4614
f 4296//4615 3969//4615 4297//4615
f 2665//4616 3922//4616 3921//4616
f 2665//4617 3921//4617 3846//4617
f 2975//4618 2974//4618 2482//4618
f 2975//4619 2482//4619 2483//4619
f 2484//4620 2679//4620 4393//4620
f 2484//4621 4393//4621 4392//4621
f 3671//4622 3670//4622 2612//4622
f 3671//4623 2612//4623 2479//4623
f 3849//4624 3848//4624 2480//4624
f 3849//4625 2480//4625 2486//4625
f 3092//4626 3091//4626 2495//4626
f 3092//4627 2495//4627 2486//4627
f 4299//4628 3967//4628 3966//4628
f 4299//4629 3966//4629 4300//4629
f 3918//4630 2667//4630 2666//4630
f 3918//4631 2666//4631 3919//4631
f 2666//4632 3401//4632 3920//4632
f 2666//4633 3920//4633 3919//4633
f 4298//4634 3968//4634 3967//4634
f 4298//4635 3967//4635 4299//4635
f 2490//4636 2499//4636 2500//4636
f 2490//4637 2500//4637 2491//4637
f 2482//4638 2490//4638 2491//4638
f 2482//4639 2491//4639 2483//4639
f 2486//4640 2495//4640 3850//4640
f 2486//4641 3850//4641 3849//4641
f 2494//4642 2505//4642 2504//4642
f 2494//4643 2504//4643 2493//4643
f 2494//4644 3403//4644 3404//4644
f 2494//4642 3404//4642 2505//4642
f 3091//4645 4086//4645 4085//4645
f 3091//4646 4085//4646 2495//4646
f 3964//4647 4302//4647 4301//4647
f 3964//4648 4301//4648 3965//4648
f 3916//4649 2958//4649 2668//4649
f 3916//4650 2668//4650 3917//4650
f 3917//4651 2668//4651 2667//4651
f 3917//4652 2667//4652 3918//4652
f 4300//4653 3966//4653 3965//4653
f 4300//4654 3965//4654 4301//4654
f 2492//4655 2502//4655 2513//4655
f 2492//4656 2513//4656 2501//4656
f 3930//4657 3882//4657 3883//4657
f 3930//4658 3883//4658 3931//4658
f 2505//4659 3404//4659 3405//4659
f 2505//4660 3405//4660 2516//4660
f 2505//4661 2516//4661 2515//4661
f 2505//4662 2515//4662 2504//4662
f 2495//4663 4085//4663 4084//4663
f 2495//4664 4084//4664 3850//4664
f 2518//4665 2955//4665 2956//4665
f 2518//4666 2956//4666 2507//4666
f 2493//4667 2504//4667 2518//4667
f 2493//4668 2518//4668 2507//4668
f 3913//4669 2670//4669 2973//4669
f 3913//4670 2973//4670 3914//4670
f 4304//4671 3962//4671 3961//4671
f 4304//4672 3961//4672 4305//4672
f 2511//4673 2512//4673 2509//4673
f 2511//4674 2509//4674 2510//4674
f 2499//4675 2509//4675 2512//4675
f 2499//4676 2512//4676 2500//4676
f 2516//4677 4082//4677 4081//4677
f 2516//4678 4081//4678 2515//4678
f 2523//4679 2954//4679 2955//4679
f 2523//4680 2955//4680 2518//4680
f 2504//4681 2515//4681 2523//4681
f 2504//4682 2523//4682 2518//4682
f 2971//4683 2970//4683 2524//4683
f 2971//4684 2524//4684 2519//4684
f 3959//4685 4307//4685 4306//4685
f 3959//4686 4306//4686 3960//4686
f 3911//4687 2672//4687 2671//4687
f 3911//4688 2671//4688 3912//4688
f 3912//4689 2671//4689 2670//4689
f 3912//4690 2670//4690 3913//4690
f 4305//4691 3961//4691 3960//4691
f 4305//4692 3960//4692 4306//4692
f 3215//4693 2511//4693 2510//4693
f 3215//4694 2510//4694 3216//4694
f 3937//4695 3889//4695 3890//4695
f 3937//4696 3890//4696 3938//4696
f 3708//4697 3057//4697 2253//4697
f 3708//4698 2253//4698 3707//4698
f 2502//4699 2521//4699 2531//4699
f 2502//4700 2531//4700 2513//4700
f 2679//4701 2469//4701 4394//4701
f 2679//4702 4394//4702 4393//4702
f 2515//4703 4081//4703 4080//4703
f 2515//4704 4080//4704 2523//4704
f 4079//4705 2954//4705 2523//4705
f 4079//4706 2523//4706 4080//4706
f 2970//4707 2969//4707 2532//4707
f 2970//4708 2532//4708 2524//4708
f 2533//4709 2540//4709 2534//4709
f 2533//4710 2534//4710 2525//4710
f 2519//4711 2524//4711 2533//4711
f 2519//4712 2533//4712 2525//4712
f 2529//4713 2530//4713 2527//4713
f 2529//4714 2527//4714 2528//4714
f 4149//4715 3215//4715 3216//4715
f 4149//4716 3216//4716 4150//4716
f 2253//4717 3057//4717 3116//4717
f 2253//4718 3116//4718 3115//4718
f 2969//4719 4077//4719 4076//4719
f 2969//4720 4076//4720 2532//4720
f 2539//4721 2546//4721 2540//4721
f 2539//4722 2540//4722 2533//4722
f 2524//4723 2532//4723 2539//4723
f 2524//4724 2539//4724 2533//4724
f 4308//4725 3958//4725 3957//4725
f 4308//4726 3957//4726 4309//4726
f 2674//4727 2673//4727 3910//4727
f 2674//4728 3910//4728 3909//4728
f 3910//4729 2673//4729 2672//4729
f 3910//4730 2672//4730 3911//4730
f 4307//4731 3959//4731 3958//4731
f 4307//4732 3958//4732 4308//4732
f 2537//4733 2538//4733 2736//4733
f 2537//4734 2736//4734 2735//4734
f 2528//4735 3229//4735 3230//4735
f 2528//4736 3230//4736 2529//4736
f 4074//4737 2546//4737 2539//4737
f 4074//4738 2539//4738 4075//4738
f 2532//4739 4076//4739 4075//4739
f 2532//4740 4075//4740 2539//4740
f 2541//4741 2542//4741 2547//4741
f 2541//4742 2547//4742 2548//4742
f 2534//4743 2540//4743 2547//4743
f 2534//4744 2547//4744 2542//4744
f 4309//4745 3957//4745 3956//4745
f 4309//4746 3956//4746 4310//4746
f 3908//4747 3217//4747 2674//4747
f 3908//4748 2674//4748 3909//4748
f 4115//4749 2551//4749 2543//4749
f 4115//4750 2543//4750 4116//4750
f 2723//4751 3251//4751 3252//4751
f 2723//4752 3252//4752 2724//4752
f 2544//4753 2368//4753 2364//4753
f 2544//4754 2364//4754 2543//4754
f 4116//4755 2543//4755 2364//4755
f 4116//4756 2364//4756 4117//4756
f 3632//4757 3631//4757 2368//4757
f 3632//4758 2368//4758 2544//4758
f 4219//4759 4220//4759 3531//4759
f 4219//4760 3531//4760 3945//4760
f 4221//4761 4326//4761 4325//4761
f 4221//4762 4325//4762 3897//4762
f 2540//4763 2546//4763 2554//4763
f 2540//4764 2554//4764 2547//4764
f 2548//4765 2547//4765 2554//4765
f 2548//4766 2554//4766 2555//4766
f 2541//4767 2548//4767 3220//4767
f 2541//4768 3220//4768 3219//4768
f 4310//4769 3956//4769 4154//4769
f 4310//4770 4154//4770 4311//4770
f 4312//4771 3955//4771 3954//4771
f 4312//4772 3954//4772 4313//4772
f 2676//4773 2675//4773 3907//4773
f 2676//4774 3907//4774 3906//4774
f 4151//4775 3217//4775 3908//4775
f 4151//4776 3908//4776 4152//4776
f 2552//4777 2544//4777 2543//4777
f 2552//4778 2543//4778 2551//4778
f 3633//4779 3632//4779 2544//4779
f 3633//4780 2544//4780 2552//4780
f 4219//4781 3944//4781 2553//4781
f 4219//4782 2553//4782 4220//4782
f 4221//4783 3896//4783 4327//4783
f 4221//4784 4327//4784 4326//4784
f 4217//4785 4218//4785 3530//4785
f 4217//4786 3530//4786 3529//4786
f 2546//4787 4074//4787 4073//4787
f 2546//4788 4073//4788 2554//4788
f 2555//4789 2554//4789 4073//4789
f 2555//4790 4073//4790 4072//4790
f 2548//4791 2555//4791 3221//4791
f 2548//4792 3221//4792 3220//4792
f 4155//4793 3219//4793 3220//4793
f 4155//4794 3220//4794 4156//4794
f 2557//4795 2556//4795 2562//4795
f 2557//4796 2562//4796 2563//4796
f 3953//4797 4314//4797 4313//4797
f 3953//4798 4313//4798 3954//4798
f 4315//4799 3952//4799 3951//4799
f 4315//4800 3951//4800 4316//4800
f 3903//4801 2678//4801 2734//4801
f 3903//4802 2734//4802 3904//4802
f 3905//4803 3228//4803 2676//4803
f 3905//4804 2676//4804 3906//4804
f 3942//4805 3475//4805 3645//4805
f 3942//4806 3645//4806 3943//4806
f 3940//4807 2559//4807 3472//4807
f 3940//4808 3472//4808 3941//4808
f 3892//4809 4331//4809 4330//4809
f 3892//4810 4330//4810 3893//4810
f 3894//4811 4329//4811 4328//4811
f 3894//4812 4328//4812 3895//4812
f 4217//4813 2565//4813 2560//4813
f 4217//4814 2560//4814 4218//4814
f 4216//4815 4217//4815 3529//4815
f 4216//4816 3529//4816 3528//4816
f 4071//4817 3221//4817 2555//4817
f 4071//4818 2555//4818 4072//4818
f 4156//4819 3220//4819 3221//4819
f 4156//4820 3221//4820 4157//4820
f 2563//4821 2562//4821 2566//4821
f 2563//4822 2566//4822 2567//4822
f 2563//4823 3225//4823 3226//4823
f 2563//4824 3226//4824 2557//4824
f 2732//4825 2731//4825 2568//4825
f 2732//4826 2568//4826 2564//4826
f 3949//4827 4319//4827 4318//4827
f 3949//4828 4318//4828 3950//4828
f 3948//4829 4321//4829 4320//4829
f 3948//4830 4320//4830 4111//4830
f 3900//4831 2681//4831 4114//4831
f 3900//4832 4114//4832 4113//4832
f 3901//4833 3250//4833 2722//4833
f 3901//4834 2722//4834 3902//4834
f 2559//4835 3940//4835 3939//4835
f 2559//4836 3939//4836 3612//4836
f 4331//4837 3892//4837 3891//4837
f 4331//4838 3891//4838 4332//4838
f 3477//4839 3476//4839 3644//4839
f 3477//4840 3644//4840 3643//4840
f 3470//4841 3823//4841 3822//4841
f 3470//4842 3822//4842 3471//4842
f 4216//4843 2571//4843 2565//4843
f 4216//4844 2565//4844 4217//4844
f 4215//4845 4216//4845 3528//4845
f 4215//4846 3528//4846 4059//4846
f 4157//4847 3221//4847 4071//4847
f 4157//4848 4071//4848 4158//4848
f 2567//4849 2566//4849 4070//4849
f 2567//4850 4070//4850 4069//4850
f 2567//4851 3224//4851 3225//4851
f 2567//4852 3225//4852 2563//4852
f 2731//4853 2730//4853 2575//4853
f 2731//4854 2575//4854 2568//4854
f 2719//4855 3247//4855 3248//4855
f 2719//4856 3248//4856 2720//4856
f 4109//4857 2582//4857 2576//4857
f 4109//4858 2576//4858 4110//4858
f 4321//4859 3948//4859 3947//4859
f 4321//4860 3947//4860 4322//4860
f 3899//4861 2682//4861 2681//4861
f 3899//4862 2681//4862 3900//4862
f 4322//4863 3947//4863 3946//4863
f 4322//4864 3946//4864 4323//4864
f 3898//4865 3634//4865 2682//4865
f 3898//4866 2682//4866 3899//4866
f 3822//4867 3823//4867 3610//4867
f 3822//4868 3610//4868 3611//4868
f 3478//4869 3477//4869 3643//4869
f 3478//4870 3643//4870 3642//4870
f 3469//4871 3824//4871 3823//4871
f 3469//4872 3823//4872 3470//4872
f 4215//4873 4058//4873 2571//4873
f 4215//4874 2571//4874 4216//4874
f 4068//4875 3224//4875 2567//4875
f 4068//4876 2567//4876 4069//4876
f 2730//4877 4067//4877 4066//4877
f 2730//4878 4066//4878 2575//4878
f 2718//4879 3246//4879 3247//4879
f 2718//4880 3247//4880 2719//4880
f 4108//4881 2584//4881 2582//4881
f 4108//4882 2582//4882 4109//4882
f 2576//4883 2582//4883 2581//4883
f 2576//4884 2581//4884 2577//4884
f 2577//4885 2581//4885 3637//4885
f 2577//4886 3637//4886 3636//4886
f 3823//4887 3824//4887 3609//4887
f 3823//4888 3609//4888 3610//4888
f 4056//4889 3478//4889 3642//4889
f 4056//4890 3642//4890 4057//4890
f 4054//4891 3824//4891 3469//4891
f 4054//4892 3469//4892 4055//4892
f 4063//4893 2584//4893 4108//4893
f 4063//4894 4108//4894 4107//4894
f 4064//4895 3246//4895 2718//4895
f 4064//4896 2718//4896 4065//4896
f 2582//4897 2584//4897 2585//4897
f 2582//4898 2585//4898 2581//4898
f 2581//4899 2585//4899 3638//4899
f 2581//4900 3638//4900 3637//4900
f 3824//4901 4054//4901 4053//4901
f 3824//4902 4053//4902 3609//4902
f 3045//4903 2484//4903 4392//4903
f 3045//4904 4392//4904 4391//4904
f 2584//4905 4063//4905 4062//4905
f 2584//4906 4062//4906 2585//4906
f 2585//4907 4062//4907 4061//4907
f 2585//4908 4061//4908 3638//4908
f 2501//4909 3047//4909 3046//4909
f 2501//4910 3046//4910 2492//4910
f 2596//4911 2640//4911 2641//4911
f 2596//4912 2641//4912 2587//4912
f 2738//4913 2737//4913 2591//4913
f 2738//4914 2591//4914 2321//4914
f 2739//4915 2738//4915 2321//4915
f 2739//4916 2321//4916 2347//4916
f 2347//4917 2346//4917 2740//4917
f 2347//4918 2740//4918 2739//4918
f 2740//4919 2346//4919 2768//4919
f 2740//4920 2768//4920 2769//4920
f 2370//4921 3629//4921 3628//4921
f 2370//4922 3628//4922 2367//4922
f 2370//4923 2369//4923 3630//4923
f 2370//4924 3630//4924 3629//4924
f 2368//4925 3631//4925 3630//4925
f 2368//4926 3630//4926 2369//4926
f 2320//4927 2319//4927 2629//4927
f 2320//4928 2629//4928 2630//4928
f 2322//4929 2323//4929 2319//4929
f 2322//4930 2319//4930 2320//4930
f 2341//4931 2340//4931 2323//4931
f 2341//4932 2323//4932 2322//4932
f 2770//4933 2771//4933 2340//4933
f 2770//4934 2340//4934 2341//4934
f 3482//4935 3648//4935 4193//4935
f 3482//4936 4193//4936 4194//4936
f 2258//4937 2453//4937 3410//4937
f 2258//4938 3410//4938 3409//4938
f 2281//4939 3409//4939 3410//4939
f 2281//4940 3410//4940 2457//4940
f 3098//4941 3097//4941 2461//4941
f 3098//4942 2461//4942 2279//4942
f 2279//4943 2461//4943 3844//4943
f 2279//4944 3844//4944 3843//4944
f 3398//4945 3399//4945 2468//4945
f 3398//4946 2468//4946 2273//4946
f 2273//4947 2468//4947 2467//4947
f 2273//4948 2467//4948 2274//4948
f 2961//4949 2275//4949 2477//4949
f 2961//4950 2477//4950 2960//4950
f 2477//4951 2275//4951 2274//4951
f 2477//4952 2274//4952 2467//4952
f 4//4953 2//4953 2592//4953
f 4//4954 2592//4954 2372//4954
f 2372//4955 2592//4955 2593//4955
f 2372//4956 2593//4956 2355//4956
f 4539//4957 4540//4957 2594//4957
f 4539//4958 2594//4958 2356//4958
f 2398//4959 2403//4959 2396//4959
f 2398//4960 2396//4960 2393//4960
f 2392//4961 2397//4961 2394//4961
f 2392//4962 2394//4962 2388//4962
f 2597//4963 2598//4963 2596//4963
f 2597//4964 2596//4964 2587//4964
f 2441//4965 2260//4965 2598//4965
f 2441//4966 2598//4966 2597//4966
f 3148//4967 3423//4967 3419//4967
f 3148//4968 3419//4968 3149//4968
f 2600//4969 3983//4969 3982//4969
f 2600//4970 3982//4970 2601//4970
f 3872//4971 2603//4971 2602//4971
f 3872//4972 2602//4972 3873//4972
f 2600//4973 2604//4973 3984//4973
f 2600//4974 3984//4974 3983//4974
f 2607//4975 2609//4975 2608//4975
f 2607//4976 2608//4976 2606//4976
f 2609//4977 2614//4977 2615//4977
f 2609//4978 2615//4978 2608//4978
f 2609//4979 2610//4979 2613//4979
f 2609//4980 2613//4980 2614//4980
f 2607//4981 2611//4981 2610//4981
f 2607//4982 2610//4982 2609//4982
f 3670//4983 4101//4983 4100//4983
f 3670//4984 4100//4984 2612//4984
f 4099//4985 2613//4985 2612//4985
f 4099//4986 2612//4986 4100//4986
f 2614//4987 2613//4987 4099//4987
f 2614//4988 4099//4988 4098//4988
f 2614//4989 4098//4989 4097//4989
f 2614//4990 4097//4990 2615//4990
f 4039//4991 3062//4991 2257//4991
f 4039//4992 2257//4992 4040//4992
f 4040//4992 2257//4992 2254//4992
f 4040//4993 2254//4993 3985//4993
f 3981//4994 2661//4994 2601//4994
f 3981//4995 2601//4995 3982//4995
f 2621//4996 2620//4996 2606//4996
f 2621//4997 2606//4997 2608//4997
f 2608//4998 2615//4998 2622//4998
f 2608//4999 2622//4999 2621//4999
f 2615//5000 4097//5000 4096//5000
f 2615//5001 4096//5001 2622//5001
f 3985//5002 2254//5002 2255//5002
f 3985//5003 2255//5003 3986//5003
f 2976//5004 2975//5004 2483//5004
f 2976//5005 2483//5005 2624//5005
f 2483//5006 2491//5006 2625//5006
f 2483//5007 2625//5007 2624//5007
f 2500//5008 2626//5008 2625//5008
f 2500//5009 2625//5009 2491//5009
f 2500//5010 2512//5010 2627//5010
f 2500//5011 2627//5011 2626//5011
f 2628//5012 2627//5012 2512//5012
f 2628//5013 2512//5013 2511//5013
f 3215//5014 3214//5014 2628//5014
f 3215//5015 2628//5015 2511//5015
f 4148//5016 3214//5016 3215//5016
f 4148//5017 3215//5017 4149//5017
f 2630//5018 2629//5018 2530//5018
f 2630//5019 2530//5019 2529//5019
f 2529//5020 3230//5020 3231//5020
f 2529//5021 3231//5021 2630//5021
f 2538//5022 2591//5022 2737//5022
f 2538//5023 2737//5023 2736//5023
f 2724//5024 3252//5024 3253//5024
f 2724//5025 3253//5025 2725//5025
f 3008//5026 3013//5026 2450//5026
f 3008//5027 2450//5027 2631//5027
f 2633//5028 3008//5028 2631//5028
f 2633//5029 2631//5029 2632//5029
f 2632//5030 2634//5030 2635//5030
f 2632//5031 2635//5031 2633//5031
f 2531//5032 3009//5032 3008//5032
f 2531//5033 3008//5033 2633//5033
f 2634//5034 2636//5034 2637//5034
f 2634//5035 2637//5035 2635//5035
f 2636//5036 3035//5036 3039//5036
f 2636//5037 3039//5037 2637//5037
f 2448//5038 2639//5038 2638//5038
f 2448//5039 2638//5039 2599//5039
f 2266//5040 2641//5040 2640//5040
f 2266//5041 2640//5041 2272//5041
f 4540//5042 4541//5042 2642//5042
f 4540//5043 2642//5043 2594//5043
f 4541//5044 4542//5044 3//5044
f 4541//5045 3//5045 2642//5045
f 2595//5046 2594//5046 2642//5046
f 2595//5047 2642//5047 2413//5047
f 4277//5048 4278//5048 4266//5048
f 4277//5049 4266//5049 4265//5049
f 4277//5050 2403//5050 2360//5050
f 4277//5051 2360//5051 4278//5051
f 2398//5052 2359//5052 2360//5052
f 2398//5053 2360//5053 2403//5053
f 2397//5054 2338//5054 2359//5054
f 2397//5055 2359//5055 2398//5055
f 2392//5056 2335//5056 2338//5056
f 2392//5057 2338//5057 2397//5057
f 2391//5058 2336//5058 2335//5058
f 2391//5059 2335//5059 2392//5059
f 2642//5060 3//5060 1//5060
f 2642//5061 1//5061 2413//5061
f 2386//5062 2644//5062 2339//5062
f 2386//5063 2339//5063 2390//5063
f 2336//5064 2391//5064 2390//5064
f 2336//5065 2390//5065 2339//5065
f 2643//5066 2381//5066 2378//5066
f 2643//5067 2378//5067 2395//5067
f 2395//5068 2378//5068 2379//5068
f 2395//5069 2379//5069 2401//5069
f 2383//5070 2402//5070 2401//5070
f 2383//5071 2401//5071 2379//5071
f 2384//5072 2407//5072 2402//5072
f 2384//5073 2402//5073 2383//5073
f 2387//5074 2399//5074 2406//5074
f 2387//5075 2406//5075 2408//5075
f 2760//5076 2759//5076 2744//5076
f 2760//5077 2744//5077 2743//5077
f 2645//5078 2644//5078 2643//5078
f 2645//5079 2643//5079 2646//5079
f 2643//5080 2644//5080 2386//5080
f 2643//5081 2386//5081 2381//5081
f 2648//5082 2656//5082 2657//5082
f 2648//5083 2657//5083 2647//5083
f 2647//5084 2657//5084 2587//5084
f 2647//5085 2587//5085 2641//5085
f 2648//5086 2261//5086 2263//5086
f 2648//5087 2263//5087 2649//5087
f 2647//5088 2262//5088 2261//5088
f 2647//5089 2261//5089 2648//5089
f 2266//5090 2262//5090 2647//5090
f 2266//5091 2647//5091 2641//5091
f 2272//5092 2640//5092 4407//5092
f 2272//5093 4407//5093 4408//5093
f 2649//5094 2655//5094 2656//5094
f 2649//5095 2656//5095 2648//5095
f 2602//5096 3180//5096 3179//5096
f 2602//5097 3179//5097 2605//5097
f 2651//5098 2650//5098 4400//5098
f 2651//5099 4400//5099 4401//5099
f 2603//5100 3181//5100 3180//5100
f 2603//5101 3180//5101 2602//5101
f 2424//5102 2652//5102 2653//5102
f 2424//5103 2653//5103 2425//5103
f 2654//5104 2652//5104 2424//5104
f 2654//5105 2424//5105 2433//5105
f 2433//5106 2441//5106 2597//5106
f 2433//5107 2597//5107 2654//5107
f 2652//5108 2656//5108 2655//5108
f 2652//5109 2655//5109 2653//5109
f 2657//5110 2656//5110 2652//5110
f 2657//5111 2652//5111 2654//5111
f 2654//5112 2597//5112 2587//5112
f 2654//5113 2587//5113 2657//5113
f 3713//5114 3714//5114 3018//5114
f 3713//5115 3018//5115 3038//5115
f 3038//5116 3018//5116 3122//5116
f 3038//5117 3122//5117 3121//5117
f 3121//5118 3122//5118 964//5118
f 3121//5119 964//5119 963//5119
f 3655//5120 3664//5120 3663//5120
f 3655//5121 3663//5121 3656//5121
f 3714//5122 3715//5122 2659//5122
f 3714//5123 2659//5123 3018//5123
f 3018//5124 2659//5124 3123//5124
f 3018//5125 3123//5125 3122//5125
f 3122//5126 3123//5126 965//5126
f 3122//5127 965//5127 964//5127
f 2521//5128 3010//5128 3009//5128
f 2521//5129 3009//5129 2531//5129
f 2640//5130 2596//5130 4406//5130
f 2640//5131 4406//5131 4407//5131
f 3871//5132 2662//5132 2603//5132
f 3871//5133 2603//5133 3872//5133
f 2662//5134 3182//5134 3181//5134
f 2662//5135 3181//5135 2603//5135
f 2637//5136 3039//5136 3047//5136
f 2637//5137 3047//5137 2501//5137
f 2663//5138 3412//5138 3411//5138
f 2663//5139 3411//5139 2452//5139
f 2456//5140 3411//5140 3412//5140
f 2456//5141 3412//5141 2664//5141
f 3095//5142 2665//5142 2460//5142
f 3095//5143 2460//5143 3096//5143
f 2665//5144 3846//5144 3845//5144
f 2665//5145 3845//5145 2460//5145
f 2465//5146 3400//5146 3401//5146
f 2465//5147 3401//5147 2666//5147
f 2465//5148 2666//5148 2667//5148
f 2465//5149 2667//5149 2466//5149
f 2667//5150 2668//5150 2474//5150
f 2667//5151 2474//5151 2466//5151
f 2668//5152 2958//5152 2959//5152
f 2668//5153 2959//5153 2474//5153
f 2482//5154 2974//5154 2973//5154
f 2482//5155 2973//5155 2670//5155
f 3656//5156 3663//5156 3662//5156
f 3656//5157 3662//5157 3657//5157
f 2670//5158 2671//5158 2490//5158
f 2670//5159 2490//5159 2482//5159
f 3657//5160 3662//5160 3661//5160
f 3657//5161 3661//5161 3658//5161
f 2671//5162 2672//5162 2499//5162
f 2671//5163 2499//5163 2490//5163
f 3711//5164 3712//5164 3042//5164
f 3711//5165 3042//5165 3044//5165
f 2672//5166 2673//5166 2509//5166
f 2672//5167 2509//5167 2499//5167
f 3712//5168 3713//5168 3038//5168
f 3712//5169 3038//5169 3042//5169
f 2510//5170 2509//5170 2673//5170
f 2510//5171 2673//5171 2674//5171
f 2674//5172 3217//5172 3216//5172
f 2674//5173 3216//5173 2510//5173
f 3044//5174 3042//5174 3120//5174
f 3044//5175 3120//5175 3119//5175
f 4150//5176 3216//5176 3217//5176
f 4150//5177 3217//5177 4151//5177
f 3042//5178 3038//5178 3121//5178
f 3042//5179 3121//5179 3120//5179
f 2528//5180 2527//5180 2675//5180
f 2528//5181 2675//5181 2676//5181
f 3119//5182 3120//5182 967//5182
f 3119//5183 967//5183 966//5183
f 2676//5184 3228//5184 3229//5184
f 2676//5185 3229//5185 2528//5185
f 2734//5186 2678//5186 2537//5186
f 2734//5187 2537//5187 2735//5187
f 2722//5188 3250//5188 3251//5188
f 2722//5189 3251//5189 2723//5189
f 4114//5190 2681//5190 2551//5190
f 4114//5191 2551//5191 4115//5191
f 3929//5192 3881//5192 3882//5192
f 3929//5193 3882//5193 3930//5193
f 3928//5194 3880//5194 3881//5194
f 3928//5195 3881//5195 3929//5195
f 2682//5196 2552//5196 2551//5196
f 2682//5197 2551//5197 2681//5197
f 3633//5198 2552//5198 2682//5198
f 3633//5199 2682//5199 3634//5199
f 3986//5200 2255//5200 2256//5200
f 3986//5201 2256//5201 3987//5201
f 4095//5202 2685//5202 2622//5202
f 4095//5203 2622//5203 4096//5203
f 2684//5204 3466//5204 2620//5204
f 2684//5205 2620//5205 2621//5205
f 2637//5206 2501//5206 2513//5206
f 2637//5207 2513//5207 2635//5207
f 2531//5033 2633//5033 2635//5033
f 2531//5208 2635//5208 2513//5208
f 2621//5209 2622//5209 2685//5209
f 2621//5210 2685//5210 2684//5210
f 3146//5211 4286//5211 3427//5211
f 3146//5212 3427//5212 3147//5212
f 2596//5213 2598//5213 4405//5213
f 2596//5214 4405//5214 4406//5214
f 2598//5215 2260//5215 4404//5215
f 2598//5216 4404//5216 4405//5216
f 2662//5217 3870//5217 3183//5217
f 2662//5218 3183//5218 3182//5218
f 2260//5219 2751//5219 4403//5219
f 2260//5220 4403//5220 4404//5220
f 3353//5221 3352//5221 3308//5221
f 3353//5222 3308//5222 3184//5222
f 3184//5223 3308//5223 3301//5223
f 3184//5224 3301//5224 3185//5224
f 3879//5225 3006//5225 2469//5225
f 3879//5226 2469//5226 3880//5226
f 3881//5227 2679//5227 2484//5227
f 3881//5228 2484//5228 3882//5228
f 2752//5229 2651//5229 4401//5229
f 2752//5230 4401//5230 4402//5230
f 3880//5231 2469//5231 2679//5231
f 3880//5232 2679//5232 3881//5232
f 2751//5233 2752//5233 4402//5233
f 2751//5234 4402//5234 4403//5234
f 2265//5235 2703//5235 2704//5235
f 2265//5236 2704//5236 2263//5236
f 2703//5237 2645//5237 2646//5237
f 2703//5238 2646//5238 2704//5238
f 2701//5239 3359//5239 3358//5239
f 2701//5240 3358//5240 2306//5240
f 3484//5241 3359//5241 2701//5241
f 3484//5242 2701//5242 3483//5242
f 2333//5243 2645//5243 2703//5243
f 2333//5244 2703//5244 2702//5244
f 2702//5245 2703//5245 2265//5245
f 2702//5246 2265//5246 2307//5246
f 3389//5247 4370//5247 4369//5247
f 3389//5248 4369//5248 3388//5248
f 3389//5249 3485//5249 4371//5249
f 3389//5250 4371//5250 4370//5250
f 2747//5251 2746//5251 2757//5251
f 2747//5252 2757//5252 2756//5252
f 2746//5253 2745//5253 2758//5253
f 2746//5254 2758//5254 2757//5254
f 2709//5255 2710//5255 2431//5255
f 2709//5256 2431//5256 2422//5256
f 2417//5257 2421//5257 2710//5257
f 2417//5258 2710//5258 2709//5258
f 2437//5259 2431//5259 2710//5259
f 2437//5260 2710//5260 2711//5260
f 2711//5261 2710//5261 2421//5261
f 2711//5262 2421//5262 2429//5262
f 2711//5263 2429//5263 3682//5263
f 2711//5264 3682//5264 3681//5264
f 2449//5265 2713//5265 2712//5265
f 2449//5266 2712//5266 2445//5266
f 2714//5267 2632//5267 2631//5267
f 2714//5268 2631//5268 2713//5268
f 2454//5269 2714//5269 2713//5269
f 2454//5270 2713//5270 2449//5270
f 2715//5271 2634//5271 2632//5271
f 2715//5272 2632//5272 2714//5272
f 2458//5273 2715//5273 2714//5273
f 2458//5274 2714//5274 2454//5274
f 2716//5275 2636//5275 2634//5275
f 2716//5276 2634//5276 2715//5276
f 2599//5277 2716//5277 2715//5277
f 2599//5278 2715//5278 2458//5278
f 2638//5279 2741//5279 2716//5279
f 2638//5280 2716//5280 2599//5280
f 2716//5281 2741//5281 3035//5281
f 2716//5282 3035//5282 2636//5282
f 2455//5283 2451//5283 3677//5283
f 2455//5284 3677//5284 3676//5284
f 2409//5285 2705//5285 2704//5285
f 2409//5286 2704//5286 2646//5286
f 2705//5287 2649//5287 2263//5287
f 2705//5288 2263//5288 2704//5288
f 2706//5289 2655//5289 2649//5289
f 2706//5290 2649//5290 2705//5290
f 2706//5291 2705//5291 2409//5291
f 2706//5292 2409//5292 2411//5292
f 2655//5293 2706//5293 2707//5293
f 2655//5294 2707//5294 2653//5294
f 2706//5295 2411//5295 2412//5295
f 2706//5296 2412//5296 2707//5296
f 2653//5297 2707//5297 2708//5297
f 2653//5298 2708//5298 2425//5298
f 2707//5299 2412//5299 2416//5299
f 2707//5300 2416//5300 2708//5300
f 2309//5301 3360//5301 3484//5301
f 2309//5302 3484//5302 3483//5302
f 2712//5303 3624//5303 2996//5303
f 2712//5304 2996//5304 2445//5304
f 2268//5305 2270//5305 2266//5305
f 2268//5306 2266//5306 2272//5306
f 2269//5307 2270//5307 2268//5307
f 2269//5308 2268//5308 2271//5308
f 2327//5309 2328//5309 2329//5309
f 2327//5310 2329//5310 2317//5310
f 2326//5311 2327//5311 2317//5311
f 2326//5312 2317//5312 2316//5312
f 3355//5313 3354//5313 2326//5313
f 3355//5314 2326//5314 2316//5314
f 2329//5315 2328//5315 2343//5315
f 2329//5316 2343//5316 2330//5316
f 3384//5317 3385//5317 4366//5317
f 3384//5318 4366//5318 4365//5318
f 2753//5319 2752//5319 2751//5319
f 2753//5320 2751//5320 2750//5320
f 2440//5321 2447//5321 2650//5321
f 2440//5322 2650//5322 2651//5322
f 2455//5323 2650//5323 2447//5323
f 2455//5324 2447//5324 2451//5324
f 3172//5325 3575//5325 3601//5325
f 3172//5326 3601//5326 3602//5326
f 2639//5327 2687//5327 2686//5327
f 2639//5328 2686//5328 2638//5328
f 2693//5329 2692//5329 2687//5329
f 2693//5330 2687//5330 2639//5330
f 2689//5331 3651//5331 3650//5331
f 2689//5332 3650//5332 2688//5332
f 8//5333 3126//5333 3127//5333
f 8//5334 3127//5334 11//5334
f 2688//5335 3127//5335 3126//5335
f 2688//5336 3126//5336 2689//5336
f 2691//5337 3650//5337 3651//5337
f 2691//5338 3651//5338 2690//5338
f 3123//5339 3124//5339 969//5339
f 3123//5340 969//5340 965//5340
f 2659//5341 2694//5341 3124//5341
f 2659//5342 3124//5342 3123//5342
f 3715//5343 3716//5343 2694//5343
f 3715//5344 2694//5344 2659//5344
f 3653//5345 3666//5345 3665//5345
f 3653//5346 3665//5346 3654//5346
f 2686//5347 2687//5347 2695//5347
f 2686//5348 2695//5348 2658//5348
f 3124//5349 3125//5349 9//5349
f 3124//5350 9//5350 969//5350
f 2694//5351 2696//5351 3125//5351
f 2694//5352 3125//5352 3124//5352
f 3716//5353 3717//5353 2696//5353
f 3716//5354 2696//5354 2694//5354
f 3652//5355 3667//5355 3666//5355
f 3652//5356 3666//5356 3653//5356
f 2687//5357 2692//5357 2697//5357
f 2687//5358 2697//5358 2695//5358
f 9//5359 3125//5359 3126//5359
f 9//5360 3126//5360 8//5360
f 2689//5361 3126//5361 3125//5361
f 2689//5362 3125//5362 2696//5362
f 4102//5363 2987//5363 2998//5363
f 4102//5364 2998//5364 4103//5364
f 2998//5365 2987//5365 2988//5365
f 2998//5366 2988//5366 2999//5366
f 2999//5367 2988//5367 2989//5367
f 2999//5368 2989//5368 3000//5368
f 3925//5369 2990//5369 3001//5369
f 3925//5370 3001//5370 3926//5370
f 3877//5371 2991//5371 3002//5371
f 3877//5372 3002//5372 3878//5372
f 2991//5373 3177//5373 3176//5373
f 2991//5374 3176//5374 3002//5374
f 2992//5375 3003//5375 4396//5375
f 2992//5376 4396//5376 4397//5376
f 3003//5377 2992//5377 2993//5377
f 3003//5378 2993//5378 3004//5378
f 4186//5379 2575//5379 4066//5379
f 4186//5380 4066//5380 4187//5380
f 4185//5381 2568//5381 2575//5381
f 4185//5382 2575//5382 4186//5382
f 4184//5383 2564//5383 2568//5383
f 4184//5384 2568//5384 4185//5384
f 4316//5385 3951//5385 4183//5385
f 4316//5386 4183//5386 4317//5386
f 4180//5387 2678//5387 3903//5387
f 4180//5388 3903//5388 4181//5388
f 4179//5389 2537//5389 2678//5389
f 4179//5390 2678//5390 4180//5390
f 4178//5391 2538//5391 2537//5391
f 4178//5392 2537//5392 4179//5392
f 4177//5393 2591//5393 2538//5393
f 4177//5394 2538//5394 4178//5394
f 4176//5395 2321//5395 2591//5395
f 4176//5396 2591//5396 4177//5396
f 4175//5397 2347//5397 2321//5397
f 4175//5398 2321//5398 4176//5398
f 4174//5399 2346//5399 2347//5399
f 4174//5400 2347//5400 4175//5400
f 4173//5401 2768//5401 2346//5401
f 4173//5402 2346//5402 4174//5402
f 2730//5403 3224//5403 4068//5403
f 2730//5404 4068//5404 4067//5404
f 2731//5405 3225//5405 3224//5405
f 2731//5406 3224//5406 2730//5406
f 2732//5407 3226//5407 3225//5407
f 2732//5408 3225//5408 2731//5408
f 4314//5409 3953//5409 3952//5409
f 4314//5410 3952//5410 4315//5410
f 3904//5411 2734//5411 3228//5411
f 3904//5412 3228//5412 3905//5412
f 3228//5413 2734//5413 2735//5413
f 3228//5414 2735//5414 3229//5414
f 2736//5415 3230//5415 3229//5415
f 2736//5416 3229//5416 2735//5416
f 2737//5417 3231//5417 3230//5417
f 2737//5418 3230//5418 2736//5418
f 2738//5419 3232//5419 3231//5419
f 2738//5420 3231//5420 2737//5420
f 3233//5421 3232//5421 2738//5421
f 3233//5422 2738//5422 2739//5422
f 2739//5423 2740//5423 3234//5423
f 2739//5424 3234//5424 3233//5424
f 3234//5425 2740//5425 2769//5425
f 3234//5426 2769//5426 3235//5426
f 2686//5427 3016//5427 2741//5427
f 2686//5428 2741//5428 2638//5428
f 3664//5429 3655//5429 3654//5429
f 3664//5430 3654//5430 3665//5430
f 2658//5431 3017//5431 3016//5431
f 2658//5432 3016//5432 2686//5432
f 2743//5433 2384//5433 2377//5433
f 2743//5434 2377//5434 2742//5434
f 2744//5435 2407//5435 2384//5435
f 2744//5436 2384//5436 2743//5436
f 2744//5437 2745//5437 2416//5437
f 2744//5438 2416//5438 2407//5438
f 2746//5439 2708//5439 2416//5439
f 2746//5440 2416//5440 2745//5440
f 2747//5441 2425//5441 2708//5441
f 2747//5442 2708//5442 2746//5442
f 2425//5443 2747//5443 2748//5443
f 2425//5444 2748//5444 2424//5444
f 2433//5445 2424//5445 2748//5445
f 2433//5446 2748//5446 2749//5446
f 2749//5447 2750//5447 2441//5447
f 2749//5448 2441//5448 2433//5448
f 2750//5449 2751//5449 2260//5449
f 2750//5450 2260//5450 2441//5450
f 2753//5451 2440//5451 2651//5451
f 2753//5452 2651//5452 2752//5452
f 2754//5453 2432//5453 2440//5453
f 2754//5454 2440//5454 2753//5454
f 2754//5455 2755//5455 2423//5455
f 2754//5456 2423//5456 2432//5456
f 2756//5457 2422//5457 2423//5457
f 2756//5458 2423//5458 2755//5458
f 2757//5459 2709//5459 2422//5459
f 2757//5460 2422//5460 2756//5460
f 2757//5461 2758//5461 2417//5461
f 2757//5462 2417//5462 2709//5462
f 2759//5463 2408//5463 2417//5463
f 2759//5464 2417//5464 2758//5464
f 2760//5465 2387//5465 2408//5465
f 2760//5466 2408//5466 2759//5466
f 2387//5467 2760//5467 2761//5467
f 2387//5468 2761//5468 2382//5468
f 2781//5469 3156//5469 2775//5469
f 2781//5470 2775//5470 2774//5470
f 3340//5471 3837//5471 3836//5471
f 3340//5472 3836//5472 2782//5472
f 3334//5473 3337//5473 2783//5473
f 3334//5474 2783//5474 2784//5474
f 3331//5475 3334//5475 2784//5475
f 3331//5476 2784//5476 3100//5476
f 2786//5477 2787//5477 2783//5477
f 2786//5478 2783//5478 2782//5478
f 3337//5479 3340//5479 2782//5479
f 3337//5480 2782//5480 2783//5480
f 4142//5481 3208//5481 3209//5481
f 4142//5482 3209//5482 4143//5482
f 4143//5483 3209//5483 3210//5483
f 4143//5484 3210//5484 4144//5484
f 3236//5485 2790//5485 2770//5485
f 3236//5486 2770//5486 3235//5486
f 2918//5487 3258//5487 3259//5487
f 2918//5488 3259//5488 2919//5488
f 2790//5489 3236//5489 3237//5489
f 2790//5490 3237//5490 2793//5490
f 3258//5491 2918//5491 2767//5491
f 3258//5492 2767//5492 3257//5492
f 2893//5493 4122//5493 4121//5493
f 2893//5494 4121//5494 2766//5494
f 3207//5495 2944//5495 2794//5495
f 3207//5496 2794//5496 3208//5496
f 3208//5497 2794//5497 2795//5497
f 3208//5498 2795//5498 3209//5498
f 2794//5499 2797//5499 2796//5499
f 2794//5500 2796//5500 2795//5500
f 3205//5501 2945//5501 2948//5501
f 3205//5502 2948//5502 3206//5502
f 4141//5503 3207//5503 3208//5503
f 4141//5504 3208//5504 4142//5504
f 2793//5505 3237//5505 3238//5505
f 2793//5506 3238//5506 2935//5506
f 2919//5507 3259//5507 3260//5507
f 2919//5508 3260//5508 2938//5508
f 4123//5509 2891//5509 2939//5509
f 4123//5510 2939//5510 4124//5510
f 2883//5511 2880//5511 4126//5511
f 2883//5512 4126//5512 4125//5512
f 2920//5513 3261//5513 3262//5513
f 2920//5514 3262//5514 2921//5514
f 2802//5515 3239//5515 3240//5515
f 2802//5516 3240//5516 2805//5516
f 2805//5517 3240//5517 3241//5517
f 2805//5518 3241//5518 2806//5518
f 4138//5519 3204//5519 3205//5519
f 4138//5520 3205//5520 4139//5520
f 4139//5521 3205//5521 3206//5521
f 4139//5522 3206//5522 4140//5522
f 3209//5523 2795//5523 2772//5523
f 3209//5524 2772//5524 3210//5524
f 2795//5525 2796//5525 2773//5525
f 2795//5526 2773//5526 2772//5526
f 2810//5527 2809//5527 2798//5527
f 2810//5528 2798//5528 2947//5528
f 3203//5529 3202//5529 2810//5529
f 3203//5530 2810//5530 2947//5530
f 2811//5531 2812//5531 2809//5531
f 2811//5532 2809//5532 2810//5532
f 2810//5533 3202//5533 3201//5533
f 2810//5534 3201//5534 2811//5534
f 2817//5535 2814//5535 2815//5535
f 2817//5536 2815//5536 2816//5536
f 2821//5537 2818//5537 2819//5537
f 2821//5538 2819//5538 2820//5538
f 2825//5539 2822//5539 2823//5539
f 2825//5540 2823//5540 2824//5540
f 2820//5541 2819//5541 2826//5541
f 2820//5542 2826//5542 2827//5542
f 3325//5543 3328//5543 2785//5543
f 3325//5544 2785//5544 2828//5544
f 2785//5545 2822//5545 2825//5545
f 2785//5546 2825//5546 2828//5546
f 3725//5547 3765//5547 3766//5547
f 3725//5548 3766//5548 3726//5548
f 3727//5549 3767//5549 3768//5549
f 3727//5550 3768//5550 3728//5550
f 3101//5551 2830//5551 2829//5551
f 3101//5552 2829//5552 3102//5552
f 2787//5553 2831//5553 2829//5553
f 2787//5554 2829//5554 2830//5554
f 3724//5555 3764//5555 3765//5555
f 3724//5556 3765//5556 3725//5556
f 3770//5557 3730//5557 3729//5557
f 3770//5558 3729//5558 3769//5558
f 3732//5559 3772//5559 3773//5559
f 3732//5560 3773//5560 3733//5560
f 2817//5561 2834//5561 2833//5561
f 2817//5562 2833//5562 2814//5562
f 2815//5563 3322//5563 3318//5563
f 2815//5564 3318//5564 2816//5564
f 2840//5565 3606//5565 3597//5565
f 2840//5566 3597//5566 2837//5566
f 3776//5567 3736//5567 3735//5567
f 3776//5568 3735//5568 3775//5568
f 2837//5569 2836//5569 2832//5569
f 2837//5570 2832//5570 2840//5570
f 3593//5571 2842//5571 2841//5571
f 3593//5572 2841//5572 3594//5572
f 3592//5573 2844//5573 3740//5573
f 3592//5574 3740//5574 3739//5574
f 3740//5575 2844//5575 2846//5575
f 3740//5576 2846//5576 3741//5576
f 2830//5577 2784//5577 2783//5577
f 2830//5578 2783//5578 2787//5578
f 2813//5579 2831//5579 2787//5579
f 2813//5580 2787//5580 2786//5580
f 3764//5581 3724//5581 3723//5581
f 3764//5582 3723//5582 3763//5582
f 2782//5583 3836//5583 3835//5583
f 2782//5584 3835//5584 2786//5584
f 3100//5585 2784//5585 2830//5585
f 3100//5586 2830//5586 3101//5586
f 2848//5587 3243//5587 3244//5587
f 2848//5588 3244//5588 2847//5588
f 4136//5589 3202//5589 3203//5589
f 4136//5590 3203//5590 4137//5590
f 2855//5591 3242//5591 3243//5591
f 2855//5592 3243//5592 2848//5592
f 2923//5593 3264//5593 3265//5593
f 2923//5594 3265//5594 2924//5594
f 2924//5595 3265//5595 3266//5595
f 2924//5596 3266//5596 2925//5596
f 4128//5597 2896//5597 2854//5597
f 4128//5598 2854//5598 4129//5598
f 2854//5599 2896//5599 2895//5599
f 2854//5600 2895//5600 2853//5600
f 2806//5601 3241//5601 3242//5601
f 2806//5602 3242//5602 2855//5602
f 3203//5603 2947//5603 2946//5603
f 3203//5604 2946//5604 3204//5604
f 4137//5605 3203//5605 3204//5605
f 4137//5606 3204//5606 4138//5606
f 4135//5607 3201//5607 3202//5607
f 4135//5608 3202//5608 4136//5608
f 3795//5609 3760//5609 4134//5609
f 3795//5610 4134//5610 4133//5610
f 3796//5611 3761//5611 3760//5611
f 3796//5612 3760//5612 3795//5612
f 3751//5613 3787//5613 3788//5613
f 3751//5614 3788//5614 3752//5614
f 4129//5615 2854//5615 2859//5615
f 4129//5616 2859//5616 4130//5616
f 2854//5617 2853//5617 2858//5617
f 2854//5618 2858//5618 2859//5618
f 2861//5619 3831//5619 2900//5619
f 2861//5620 2900//5620 2860//5620
f 2894//5621 2888//5621 3831//5621
f 2894//5622 3831//5622 2861//5622
f 3750//5623 3749//5623 3785//5623
f 3750//5624 3785//5624 3786//5624
f 2838//5625 2843//5625 4425//5625
f 2838//5626 4425//5626 4424//5626
f 2864//5627 2875//5627 2867//5627
f 2864//5628 2867//5628 2863//5628
f 2866//5629 2865//5629 2846//5629
f 2866//5630 2846//5630 2844//5630
f 3744//5631 3743//5631 2863//5631
f 3744//5632 2863//5632 2867//5632
f 2874//5633 3745//5633 3744//5633
f 2874//5634 3744//5634 2867//5634
f 3747//5635 3746//5635 2897//5635
f 3747//5636 2897//5636 3588//5636
f 3586//5637 2871//5637 2870//5637
f 3586//5638 2870//5638 3587//5638
f 2869//5639 2872//5639 2873//5639
f 2869//5640 2873//5640 2868//5640
f 2873//5641 2839//5641 2862//5641
f 2873//5642 2862//5642 2868//5642
f 2796//5643 2781//5643 2774//5643
f 2796//5644 2774//5644 2773//5644
f 3204//5645 2946//5645 2945//5645
f 3204//5646 2945//5646 3205//5646
f 2921//5647 3262//5647 3263//5647
f 2921//5648 3263//5648 2922//5648
f 4127//5649 2879//5649 2896//5649
f 4127//5650 2896//5650 4128//5650
f 2880//5651 2877//5651 2878//5651
f 2880//5652 2878//5652 2879//5652
f 2882//5653 2886//5653 2887//5653
f 2882//5654 2887//5654 2881//5654
f 2884//5655 2877//5655 2880//5655
f 2884//5656 2880//5656 2883//5656
f 2885//5657 2889//5657 2886//5657
f 2885//5658 2886//5658 2882//5658
f 2887//5659 2910//5659 2909//5659
f 2887//5660 2909//5660 2888//5660
f 2881//5661 2887//5661 2888//5661
f 2881//5662 2888//5662 2894//5662
f 2886//5663 2911//5663 2910//5663
f 2886//5664 2910//5664 2887//5664
f 2912//5665 2911//5665 2886//5665
f 2912//5666 2886//5666 2889//5666
f 2939//5667 2891//5667 2892//5667
f 2939//5668 2892//5668 2940//5668
f 2895//5669 2896//5669 2879//5669
f 2895//5670 2879//5670 2878//5670
f 4126//5671 2880//5671 2879//5671
f 4126//5672 2879//5672 4127//5672
f 2922//5673 3263//5673 3264//5673
f 2922//5674 3264//5674 2923//5674
f 4430//5675 2866//5675 3591//5675
f 4430//5676 3591//5676 4431//5676
f 3591//5677 2866//5677 2844//5677
f 3591//5678 2844//5678 3592//5678
f 3588//5679 2897//5679 2898//5679
f 3588//5680 2898//5680 3589//5680
f 3785//5681 3749//5681 3748//5681
f 3785//5682 3748//5682 3784//5682
f 2901//5683 2874//5683 2867//5683
f 2901//5684 2867//5684 2875//5684
f 4122//5685 2893//5685 2891//5685
f 4122//5686 2891//5686 4123//5686
f 2825//5687 2820//5687 2827//5687
f 2825//5688 2827//5688 2828//5688
f 2824//5689 2821//5689 2820//5689
f 2824//5690 2820//5690 2825//5690
f 3769//5691 3729//5691 3728//5691
f 3769//5692 3728//5692 3768//5692
f 2819//5693 2904//5693 2903//5693
f 2819//5694 2903//5694 2826//5694
f 2818//5695 2905//5695 2904//5695
f 2818//5696 2904//5696 2819//5696
f 3771//5697 3731//5697 3730//5697
f 3771//5698 3730//5698 3770//5698
f 2835//5699 3569//5699 3549//5699
f 2835//5700 3549//5700 3548//5700
f 2833//5701 2832//5701 2836//5701
f 2833//5702 2836//5702 2814//5702
f 3733//5703 3773//5703 3774//5703
f 3733//5704 3774//5704 3734//5704
f 2904//5705 2817//5705 2816//5705
f 2904//5706 2816//5706 2903//5706
f 2905//5707 2834//5707 2817//5707
f 2905//5708 2817//5708 2904//5708
f 3731//5709 3771//5709 3772//5709
f 3731//5710 3772//5710 3732//5710
f 2827//5711 3321//5711 3325//5711
f 2827//5712 3325//5712 2828//5712
f 4131//5713 3752//5713 3788//5713
f 4131//5714 3788//5714 4132//5714
f 2906//5715 3831//5715 2888//5715
f 2906//5716 2888//5716 2909//5716
f 2907//5717 3572//5717 3573//5717
f 2907//5718 3573//5718 2841//5718
f 3594//5719 2841//5719 3573//5719
f 3594//5720 3573//5720 3595//5720
f 2899//5721 2900//5721 3831//5721
f 2899//5722 3831//5722 2906//5722
f 2943//5723 2942//5723 3828//5723
f 2943//5724 3828//5724 2913//5724
f 2874//5725 2901//5725 2898//5725
f 2874//5726 2898//5726 2897//5726
f 2897//5727 3746//5727 3745//5727
f 2897//5728 3745//5728 2874//5728
f 2869//5729 2870//5729 2871//5729
f 2869//5730 2871//5730 2872//5730
f 3585//5731 3137//5731 2871//5731
f 3585//5732 2871//5732 3586//5732
f 3584//5733 3136//5733 3137//5733
f 3584//5734 3137//5734 3585//5734
f 3583//5735 3138//5735 3136//5735
f 3583//5736 3136//5736 3584//5736
f 3582//5737 3139//5737 3138//5737
f 3582//5738 3138//5738 3583//5738
f 3580//5739 3131//5739 3140//5739
f 3580//5740 3140//5740 3581//5740
f 3578//5741 3143//5741 3132//5741
f 3578//5742 3132//5742 3579//5742
f 2907//5743 2845//5743 2843//5743
f 2907//5744 2843//5744 2838//5744
f 2845//5745 2907//5745 2841//5745
f 2845//5746 2841//5746 2842//5746
f 3579//5747 3132//5747 3131//5747
f 3579//5748 3131//5748 3580//5748
f 2791//5749 2926//5749 2769//5749
f 2791//5750 2769//5750 2768//5750
f 2792//5751 2927//5751 2926//5751
f 2792//5752 2926//5752 2791//5752
f 2927//5753 2792//5753 2937//5753
f 2927//5754 2937//5754 2936//5754
f 2803//5755 2804//5755 2929//5755
f 2803//5756 2929//5756 2928//5756
f 2929//5757 2804//5757 2876//5757
f 2929//5758 2876//5758 2930//5758
f 2852//5759 2931//5759 2930//5759
f 2852//5760 2930//5760 2876//5760
f 2852//5761 2850//5761 2932//5761
f 2852//5762 2932//5762 2931//5762
f 2932//5763 2850//5763 2851//5763
f 2932//5764 2851//5764 2933//5764
f 3755//5765 3790//5765 3791//5765
f 3755//5766 3791//5766 3756//5766
f 2853//5767 2861//5767 2860//5767
f 2853//5768 2860//5768 2858//5768
f 2895//5769 2894//5769 2861//5769
f 2895//5770 2861//5770 2853//5770
f 2878//5771 2881//5771 2894//5771
f 2878//5772 2894//5772 2895//5772
f 2877//5773 2882//5773 2881//5773
f 2877//5774 2881//5774 2878//5774
f 2885//5775 2882//5775 2877//5775
f 2885//5776 2877//5776 2884//5776
f 2892//5777 2890//5777 2941//5777
f 2892//5778 2941//5778 2940//5778
f 2790//5779 2788//5779 2771//5779
f 2790//5780 2771//5780 2770//5780
f 2793//5781 2789//5781 2788//5781
f 2793//5782 2788//5782 2790//5782
f 2935//5783 2934//5783 2789//5783
f 2935//5784 2789//5784 2793//5784
f 2805//5785 2807//5785 2801//5785
f 2805//5786 2801//5786 2802//5786
f 2806//5787 2808//5787 2807//5787
f 2806//5788 2807//5788 2805//5788
f 2855//5789 2856//5789 2808//5789
f 2855//5790 2808//5790 2806//5790
f 2848//5791 2849//5791 2856//5791
f 2848//5792 2856//5792 2855//5792
f 2847//5793 2857//5793 2849//5793
f 2847//5794 2849//5794 2848//5794
f 3794//5795 3759//5795 3758//5795
f 3794//5796 3758//5796 3793//5796
f 3787//5797 3751//5797 3750//5797
f 3787//5798 3750//5798 3786//5798
f 3741//5799 2846//5799 2914//5799
f 3741//5800 2914//5800 3742//5800
f 2914//5801 4427//5801 4426//5801
f 2914//5802 4426//5802 3742//5802
f 2914//5803 2915//5803 4428//5803
f 2914//5804 4428//5804 4427//5804
f 2846//5805 2865//5805 2915//5805
f 2846//5806 2915//5806 2914//5806
f 3589//5807 2898//5807 2916//5807
f 3589//5808 2916//5808 3590//5808
f 2901//5809 2917//5809 2916//5809
f 2901//5810 2916//5810 2898//5810
f 2865//5811 2866//5811 4430//5811
f 2865//5812 4430//5812 4429//5812
f 4172//5813 2791//5813 2768//5813
f 4172//5814 2768//5814 4173//5814
f 4171//5815 2792//5815 2791//5815
f 4171//5816 2791//5816 4172//5816
f 4170//5817 2937//5817 2792//5817
f 4170//5818 2792//5818 4171//5818
f 4168//5819 2804//5819 2803//5819
f 4168//5820 2803//5820 4169//5820
f 4167//5821 2876//5821 2804//5821
f 4167//5822 2804//5822 4168//5822
f 4166//5823 2852//5823 2876//5823
f 4166//5824 2876//5824 4167//5824
f 4165//5825 2850//5825 2852//5825
f 4165//5826 2852//5826 4166//5826
f 4164//5827 2851//5827 2850//5827
f 4164//5828 2850//5828 4165//5828
f 3790//5829 3755//5829 4163//5829
f 3790//5830 4163//5830 4162//5830
f 2926//5831 3236//5831 3235//5831
f 2926//5832 3235//5832 2769//5832
f 2927//5833 3237//5833 3236//5833
f 2927//5834 3236//5834 2926//5834
f 3237//5835 2927//5835 2936//5835
f 3237//5836 2936//5836 3238//5836
f 2928//5837 2929//5837 3240//5837
f 2928//5838 3240//5838 3239//5838
f 3240//5839 2929//5839 2930//5839
f 3240//5840 2930//5840 3241//5840
f 2931//5841 3242//5841 3241//5841
f 2931//5842 3241//5842 2930//5842
f 2932//5843 3243//5843 3242//5843
f 2932//5844 3242//5844 2931//5844
f 3243//5845 2932//5845 2933//5845
f 3243//5846 2933//5846 3244//5846
f 3756//5847 3791//5847 3792//5847
f 3756//5848 3792//5848 3757//5848
f 3833//5849 3832//5849 3763//5849
f 3833//5850 3763//5850 3723//5850
f 3834//5851 2813//5851 2786//5851
f 3834//5852 2786//5852 3835//5852
f 3206//5853 2948//5853 2944//5853
f 3206//5854 2944//5854 3207//5854
f 4140//5855 3206//5855 3207//5855
f 4140//5856 3207//5856 4141//5856
f 2802//5857 2801//5857 2934//5857
f 2802//5858 2934//5858 2935//5858
f 2935//5859 3238//5859 3239//5859
f 2935//5860 3239//5860 2802//5860
f 2936//5861 2928//5861 3239//5861
f 2936//5862 3239//5862 3238//5862
f 2937//5863 2803//5863 2928//5863
f 2937//5864 2928//5864 2936//5864
f 4169//5865 2803//5865 2937//5865
f 4169//5866 2937//5866 4170//5866
f 2938//5867 3260//5867 3261//5867
f 2938//5868 3261//5868 2920//5868
f 2939//5869 2883//5869 4125//5869
f 2939//5870 4125//5870 4124//5870
f 2884//5871 2883//5871 2939//5871
f 2884//5872 2939//5872 2940//5872
f 2941//5873 2885//5873 2884//5873
f 2941//5874 2884//5874 2940//5874
f 2941//5875 2942//5875 2889//5875
f 2941//5876 2889//5876 2885//5876
f 2943//5877 2912//5877 2889//5877
f 2943//5878 2889//5878 2942//5878
f 3581//5879 3140//5879 3139//5879
f 3581//5880 3139//5880 3582//5880
f 2944//5881 2800//5881 2797//5881
f 2944//5882 2797//5882 2794//5882
f 2948//5883 2949//5883 2800//5883
f 2948//5884 2800//5884 2944//5884
f 2947//5885 2798//5885 2950//5885
f 2947//5886 2950//5886 2946//5886
f 2946//5887 2950//5887 2799//5887
f 2946//5888 2799//5888 2945//5888
f 2945//5889 2799//5889 2949//5889
f 2945//5890 2949//5890 2948//5890
f 2777//5891 2965//5891 2964//5891
f 2777//5892 2964//5892 2295//5892
f 2964//5893 2963//5893 2287//5893
f 2964//5894 2287//5894 2295//5894
f 2963//5895 2962//5895 2286//5895
f 2963//5896 2286//5896 2287//5896
f 2962//5897 2961//5897 2276//5897
f 2962//5898 2276//5898 2286//5898
f 2961//5899 2960//5899 2476//5899
f 2961//5900 2476//5900 2276//5900
f 2960//5901 2959//5901 2475//5901
f 2960//5902 2475//5902 2476//5902
f 2475//5903 2959//5903 2958//5903
f 2475//5904 2958//5904 2669//5904
f 2958//5905 3916//5905 3915//5905
f 2958//5906 3915//5906 2669//5906
f 4302//5907 3964//5907 3963//5907
f 4302//5908 3963//5908 4303//5908
f 2956//5909 2955//5909 2517//5909
f 2956//5910 2517//5910 2506//5910
f 2955//5911 2954//5911 2522//5911
f 2955//5912 2522//5912 2517//5912
f 2954//5913 4079//5913 4078//5913
f 2954//5914 4078//5914 2522//5914
f 2908//5915 3574//5915 3607//5915
f 2908//5916 3607//5916 2951//5916
f 2798//5917 2809//5917 2953//5917
f 2798//5918 2953//5918 2952//5918
f 2288//5919 2290//5919 2962//5919
f 2288//5920 2962//5920 2963//5920
f 2953//5921 3346//5921 3155//5921
f 2953//5922 3155//5922 2952//5922
f 2952//5923 3155//5923 3157//5923
f 2952//5924 3157//5924 2966//5924
f 2952//5925 2966//5925 2950//5925
f 2952//5926 2950//5926 2798//5926
f 2966//5927 3157//5927 3158//5927
f 2966//5928 3158//5928 2967//5928
f 2966//5929 2967//5929 2799//5929
f 2966//5930 2799//5930 2950//5930
f 2522//5931 4078//5931 4077//5931
f 2522//5932 4077//5932 2969//5932
f 2970//5933 2517//5933 2522//5933
f 2970//5934 2522//5934 2969//5934
f 2971//5935 2506//5935 2517//5935
f 2971//5936 2517//5936 2970//5936
f 4303//5937 3963//5937 3962//5937
f 4303//5938 3962//5938 4304//5938
f 3914//5939 2973//5939 2669//5939
f 3914//5940 2669//5940 3915//5940
f 2669//5941 2973//5941 2974//5941
f 2669//5942 2974//5942 2475//5942
f 2975//5943 2476//5943 2475//5943
f 2975//5944 2475//5944 2974//5944
f 2976//5945 2276//5945 2476//5945
f 2976//5946 2476//5946 2975//5946
f 2977//5947 2286//5947 2276//5947
f 2977//5948 2276//5948 2976//5948
f 2287//5949 2286//5949 2977//5949
f 2287//5950 2977//5950 2978//5950
f 2978//5951 2979//5951 2295//5951
f 2978//5952 2295//5952 2287//5952
f 2295//5953 2979//5953 2980//5953
f 2295//5954 2980//5954 2777//5954
f 2949//5955 2799//5955 2967//5955
f 2949//5956 2967//5956 2982//5956
f 2949//5957 2982//5957 2981//5957
f 2949//5958 2981//5958 2800//5958
f 2982//5959 3159//5959 3160//5959
f 2982//5960 3160//5960 2981//5960
f 2967//5961 3158//5961 3159//5961
f 2967//5962 3159//5962 2982//5962
f 2981//5963 2968//5963 2797//5963
f 2981//5964 2797//5964 2800//5964
f 2981//5965 3160//5965 3161//5965
f 2981//5966 3161//5966 2968//5966
f 2917//5967 2901//5967 2875//5967
f 2917//5968 2875//5968 2864//5968
f 2865//5969 4429//5969 4428//5969
f 2865//5970 4428//5970 2915//5970
f 3873//5971 2602//5971 2605//5971
f 3873//5972 2605//5972 3874//5972
f 2983//5973 2700//5973 2699//5973
f 2983//5974 2699//5974 2984//5974
f 2699//5975 2698//5975 2985//5975
f 2699//5976 2985//5976 2984//5976
f 3684//5977 2405//5977 2404//5977
f 3684//5978 2404//5978 3685//5978
f 2405//5979 3684//5979 3683//5979
f 2405//5980 3683//5980 2410//5980
f 4037//5981 3668//5981 3066//5981
f 4037//5982 3066//5982 4038//5982
f 4035//5983 3064//5983 3065//5983
f 4035//5984 3065//5984 4036//5984
f 2985//5985 2698//5985 2996//5985
f 2985//5986 2996//5986 2995//5986
f 2410//5987 3683//5987 3682//5987
f 2410//5988 3682//5988 2429//5988
f 3020//5989 3063//5989 3064//5989
f 3020//5990 3064//5990 4035//5990
f 4103//5991 2998//5991 2503//5991
f 4103//5992 2503//5992 3019//5992
f 2998//5993 2999//5993 2485//5993
f 2998//5994 2485//5994 2503//5994
f 2999//5995 3000//5995 2478//5995
f 2999//5996 2478//5996 2485//5996
f 3926//5997 3001//5997 2470//5997
f 3926//5998 2470//5998 3087//5998
f 3878//5999 3002//5999 2463//5999
f 3878//6000 2463//6000 3012//6000
f 3176//6001 3175//6001 2463//6001
f 3176//6002 2463//6002 3002//6002
f 3624//6003 2994//6003 2995//6003
f 3624//6004 2995//6004 2996//6004
f 3007//6005 3023//6005 3024//6005
f 3007//6006 3024//6006 3005//6006
f 3927//6007 3879//6007 3880//6007
f 3927//6008 3880//6008 3928//6008
f 3005//6009 2470//6009 3012//6009
f 3005//6010 3012//6010 3007//6010
f 3086//6011 3087//6011 2470//6011
f 3086//6012 2470//6012 3005//6012
f 3006//6013 3011//6013 2459//6013
f 3006//6014 2459//6014 4395//6014
f 2463//6015 3175//6015 3879//6015
f 2463//6016 3879//6016 3927//6016
f 3009//6017 3014//6017 3013//6017
f 3009//6018 3013//6018 3008//6018
f 3010//6019 3015//6019 3014//6019
f 3010//6020 3014//6020 3009//6020
f 3175//6021 3011//6021 3006//6021
f 3175//6022 3006//6022 3879//6022
f 3003//6023 2459//6023 3011//6023
f 3003//6024 3011//6024 4396//6024
f 3066//6025 3062//6025 4039//6025
f 3066//6026 4039//6026 4038//6026
f 3016//6027 3036//6027 3035//6027
f 3016//6028 3035//6028 2741//6028
f 3017//6029 3037//6029 3036//6029
f 3017//6030 3036//6030 3016//6030
f 4034//6031 3021//6031 3019//6031
f 4034//6032 3019//6032 2503//6032
f 2514//6033 3070//6033 3022//6033
f 2514//6034 3022//6034 3020//6034
f 3020//6035 3022//6035 3071//6035
f 3020//6036 3071//6036 3063//6036
f 4033//6037 3025//6037 3021//6037
f 4033//6038 3021//6038 4034//6038
f 3070//6039 3069//6039 3026//6039
f 3070//6040 3026//6040 3022//6040
f 3022//6041 3026//6041 3072//6041
f 3022//6042 3072//6042 3071//6042
f 3023//6043 3028//6043 3027//6043
f 3023//6044 3027//6044 3024//6044
f 4032//6045 3029//6045 3025//6045
f 4032//6046 3025//6046 4033//6046
f 3069//6047 3068//6047 3030//6047
f 3069//6048 3030//6048 3026//6048
f 3026//6049 3030//6049 3073//6049
f 3026//6050 3073//6050 3072//6050
f 3085//6051 3086//6051 3005//6051
f 3085//6052 3005//6052 3024//6052
f 3084//6053 3085//6053 3024//6053
f 3084//6054 3024//6054 3027//6054
f 3028//6055 3032//6055 3031//6055
f 3028//6056 3031//6056 3027//6056
f 4031//6057 3033//6057 3029//6057
f 4031//6058 3029//6058 4032//6058
f 3068//6059 3067//6059 3034//6059
f 3068//6060 3034//6060 3030//6060
f 3030//6061 3034//6061 3074//6061
f 3030//6062 3074//6062 3073//6062
f 3083//6063 3084//6063 3027//6063
f 3083//6064 3027//6064 3031//6064
f 3032//6065 3049//6065 3048//6065
f 3032//6066 3048//6066 3031//6066
f 3036//6067 3040//6067 3039//6067
f 3036//6068 3039//6068 3035//6068
f 3037//6069 3041//6069 3040//6069
f 3037//6070 3040//6070 3036//6070
f 3040//6071 3050//6071 3047//6071
f 3040//6072 3047//6072 3039//6072
f 3041//6073 3043//6073 3050//6073
f 3041//6074 3050//6074 3040//6074
f 3660//6075 3659//6075 3658//6075
f 3660//6076 3658//6076 3661//6076
f 2545//6077 3710//6077 3711//6077
f 2545//6078 3711//6078 3044//6078
f 3044//6079 3119//6079 3118//6079
f 3044//6080 3118//6080 2545//6080
f 3882//6081 2484//6081 3045//6081
f 3882//6082 3045//6082 3883//6082
f 3082//6083 3083//6083 3031//6083
f 3082//6084 3031//6084 3048//6084
f 3052//6085 3045//6085 4391//6085
f 3052//6086 4391//6086 4390//6086
f 3931//6087 3883//6087 3884//6087
f 3931//6088 3884//6088 3932//6088
f 3047//6089 3050//6089 3051//6089
f 3047//6090 3051//6090 3046//6090
f 3052//6091 3884//6091 3883//6091
f 3052//6092 3883//6092 3045//6092
f 3049//6093 3054//6093 3053//6093
f 3049//6094 3053//6094 3048//6094
f 3053//6095 3081//6095 3082//6095
f 3053//6096 3082//6096 3048//6096
f 3043//6097 2572//6097 3051//6097
f 3043//6098 3051//6098 3050//6098
f 3055//6099 3886//6099 3885//6099
f 3055//6100 3885//6100 3059//6100
f 3886//6101 3055//6101 3090//6101
f 3886//6102 3090//6102 3887//6102
f 3933//6103 3885//6103 3886//6103
f 3933//6104 3886//6104 3934//6104
f 3934//6105 3886//6105 3887//6105
f 3934//6106 3887//6106 3935//6106
f 3936//6107 3888//6107 3889//6107
f 3936//6108 3889//6108 3937//6108
f 3056//6109 3058//6109 3061//6109
f 3056//6110 3061//6110 3060//6110
f 3088//6111 3058//6111 3056//6111
f 3088//6112 3056//6112 3089//6112
f 3058//6113 3079//6113 3080//6113
f 3058//6114 3080//6114 3061//6114
f 3079//6115 3058//6115 3088//6115
f 3079//6116 3088//6116 3113//6116
f 3059//6117 3885//6117 3884//6117
f 3059//6118 3884//6118 3052//6118
f 3932//6119 3884//6119 3885//6119
f 3932//6120 3885//6120 3933//6120
f 3060//6121 3061//6121 3053//6121
f 3060//6122 3053//6122 3054//6122
f 3061//6123 3080//6123 3081//6123
f 3061//6124 3081//6124 3053//6124
f 3079//6125 4048//6125 4047//6125
f 3079//6126 4047//6126 3080//6126
f 3080//6127 4047//6127 4046//6127
f 3080//6128 4046//6128 3081//6128
f 4045//6129 3082//6129 3081//6129
f 4045//6130 3081//6130 4046//6130
f 3082//6131 4045//6131 4044//6131
f 3082//6132 4044//6132 3083//6132
f 3083//6133 4044//6133 4043//6133
f 3083//6134 4043//6134 3084//6134
f 3084//6135 4043//6135 4042//6135
f 3084//6136 4042//6136 3085//6136
f 3085//6137 4042//6137 4041//6137
f 3085//6138 4041//6138 3086//6138
f 3086//6139 4041//6139 2478//6139
f 3086//6140 2478//6140 3087//6140
f 3113//6141 4049//6141 4048//6141
f 3113//6142 4048//6142 3079//6142
f 3068//6143 3029//6143 3033//6143
f 3068//6144 3033//6144 3067//6144
f 3069//6145 3025//6145 3029//6145
f 3069//6146 3029//6146 3068//6146
f 3070//6147 3021//6147 3025//6147
f 3070//6148 3025//6148 3069//6148
f 2514//6149 3019//6149 3021//6149
f 2514//6150 3021//6150 3070//6150
f 3707//6151 3706//6151 3113//6151
f 3707//6152 3113//6152 3088//6152
f 3089//6153 3708//6153 3707//6153
f 3089//6154 3707//6154 3088//6154
f 3935//6155 3887//6155 3888//6155
f 3935//6156 3888//6156 3936//6156
f 3103//6157 4087//6157 4086//6157
f 3103//6158 4086//6158 3091//6158
f 3092//6159 3104//6159 3103//6159
f 3092//6160 3103//6160 3091//6160
f 3093//6161 3105//6161 3104//6161
f 3093//6162 3104//6162 3092//6162
f 4294//6163 3972//6163 3971//6163
f 4294//6164 3971//6164 4295//6164
f 3862//6165 3095//6165 3107//6165
f 3862//6166 3107//6166 3863//6166
f 3107//6167 3095//6167 3096//6167
f 3107//6168 3096//6168 3108//6168
f 3097//6169 3109//6169 3108//6169
f 3097//6170 3108//6170 3096//6170
f 3098//6171 3110//6171 3109//6171
f 3098//6172 3109//6172 3097//6172
f 3101//6173 2822//6173 2785//6173
f 3101//6174 2785//6174 3100//6174
f 3102//6175 2823//6175 2822//6175
f 3102//6176 2822//6176 3101//6176
f 3767//6177 3727//6177 3726//6177
f 3767//6178 3726//6178 3766//6178
f 2496//6179 4088//6179 4087//6179
f 2496//6180 4087//6180 3103//6180
f 3103//6181 3104//6181 2487//6181
f 3103//6182 2487//6182 2496//6182
f 3104//6183 3105//6183 2481//6183
f 3104//6184 2481//6184 2487//6184
f 3972//6185 4294//6185 4293//6185
f 3972//6186 4293//6186 3973//6186
f 3863//6187 3107//6187 2664//6187
f 3863//6188 2664//6188 3864//6188
f 2664//6189 3107//6189 3108//6189
f 2664//6190 3108//6190 2456//6190
f 3109//6191 2457//6191 2456//6191
f 3109//6192 2456//6192 3108//6192
f 3110//6193 2281//6193 2457//6193
f 3110//6194 2457//6194 3109//6194
f 3328//6195 3331//6195 3100//6195
f 3328//6196 3100//6196 2785//6196
f 3059//6197 3052//6197 4390//6197
f 3059//6198 4390//6198 4389//6198
f 3090//6199 3055//6199 4388//6199
f 3090//6200 4388//6200 4387//6200
f 3111//6201 3709//6201 4386//6201
f 3111//6202 4386//6202 4385//6202
f 3117//6203 3111//6203 4385//6203
f 3117//6204 4385//6204 4384//6204
f 3709//6205 3888//6205 3887//6205
f 3709//6206 3887//6206 3090//6206
f 3888//6207 3709//6207 3111//6207
f 3888//6208 3111//6208 3889//6208
f 3117//6209 3890//6209 3889//6209
f 3117//6210 3889//6210 3111//6210
f 3706//6211 4050//6211 4049//6211
f 3706//6212 4049//6212 3113//6212
f 3115//6213 961//6213 971//6213
f 3115//6214 971//6214 3114//6214
f 3116//6215 962//6215 961//6215
f 3116//6216 961//6216 3115//6216
f 3938//6217 3890//6217 1684//6217
f 3938//6218 1684//6218 1734//6218
f 968//6219 1684//6219 3890//6219
f 968//6220 3890//6220 3117//6220
f 2192//6221 968//6221 3117//6221
f 2192//6222 3117//6222 4384//6222
f 966//6223 970//6223 3118//6223
f 966//6224 3118//6224 3119//6224
f 3120//6225 3121//6225 963//6225
f 3120//6226 963//6226 967//6226
f 4386//6227 3709//6227 3090//6227
f 4386//6228 3090//6228 4387//6228
f 3572//6229 2907//6229 2838//6229
f 3572//6230 2838//6230 3144//6230
f 4423//6231 3144//6231 2838//6231
f 4423//6232 2838//6232 4424//6232
f 2873//6233 3129//6233 3128//6233
f 2873//6234 3128//6234 2839//6234
f 2872//6235 3130//6235 3129//6235
f 2872//6236 3129//6236 2873//6236
f 3129//6237 3134//6237 3135//6237
f 3129//6238 3135//6238 3128//6238
f 3136//6239 3133//6239 3130//6239
f 3136//6240 3130//6240 3137//6240
f 2872//6241 2871//6241 3137//6241
f 2872//6242 3137//6242 3130//6242
f 3185//6243 3301//6243 3294//6243
f 3185//6244 3294//6244 3186//6244
f 3186//6245 3294//6245 3287//6245
f 3186//6246 3287//6246 3187//6246
f 3187//6247 3287//6247 3280//6247
f 3187//6248 3280//6248 3188//6248
f 2968//6249 3161//6249 3156//6249
f 2968//6250 3156//6250 2781//6250
f 2968//6251 2781//6251 2796//6251
f 2968//6252 2796//6252 2797//6252
f 4422//6253 3145//6253 3144//6253
f 4422//6254 3144//6254 4423//6254
f 4421//6255 2762//6255 3145//6255
f 4421//6256 3145//6256 4422//6256
f 4364//6257 4363//6257 3382//6257
f 4364//6258 3382//6258 3383//6258
f 3145//6259 3570//6259 3571//6259
f 3145//6260 3571//6260 3144//6260
f 2762//6261 3152//6261 3570//6261
f 2762//6262 3570//6262 3145//6262
f 3153//6263 3277//6263 3276//6263
f 3153//6264 3276//6264 3152//6264
f 3154//6265 3345//6265 3343//6265
f 3154//6266 3343//6266 2780//6266
f 3155//6267 3346//6267 3345//6267
f 3155//6268 3345//6268 3154//6268
f 3156//6269 3162//6269 2776//6269
f 3156//6270 2776//6270 2775//6270
f 3155//6271 3154//6271 3163//6271
f 3155//6272 3163//6272 3157//6272
f 3157//6273 3163//6273 3164//6273
f 3157//6274 3164//6274 3158//6274
f 3158//6275 3164//6275 3165//6275
f 3158//6276 3165//6276 3159//6276
f 3160//6277 3166//6277 3167//6277
f 3160//6278 3167//6278 3161//6278
f 3159//6279 3165//6279 3166//6279
f 3159//6280 3166//6280 3160//6280
f 3161//6281 3167//6281 3162//6281
f 3161//6282 3162//6282 3156//6282
f 3163//6283 3154//6283 2780//6283
f 3163//6284 2780//6284 2779//6284
f 3164//6285 3163//6285 2779//6285
f 3164//6286 2779//6286 2778//6286
f 3165//6287 3164//6287 2778//6287
f 3165//6288 2778//6288 2965//6288
f 3167//6289 3166//6289 2777//6289
f 3167//6290 2777//6290 2980//6290
f 3166//6291 3165//6291 2965//6291
f 3166//6292 2965//6292 2777//6292
f 3162//6293 3167//6293 2980//6293
f 3162//6294 2980//6294 2776//6294
f 3142//6295 3168//6295 3170//6295
f 3142//6296 3170//6296 3141//6296
f 3168//6297 3169//6297 3171//6297
f 3168//6298 3171//6298 3170//6298
f 3169//6299 3547//6299 3546//6299
f 3169//6300 3546//6300 3171//6300
f 3535//6301 3534//6301 3537//6301
f 3535//6302 3537//6302 3538//6302
f 3170//6303 3543//6303 2348//6303
f 3170//6304 2348//6304 3141//6304
f 3171//6305 3544//6305 3543//6305
f 3171//6306 3543//6306 3170//6306
f 2251//6307 3174//6307 3603//6307
f 2251//6308 3603//6308 3604//6308
f 3534//6309 3535//6309 4275//6309
f 3534//6310 4275//6310 4274//6310
f 1359//6311 978//6311 3602//6311
f 1359//6312 3602//6312 3601//6312
f 3891//6313 1685//6313 2139//6313
f 3891//6314 2139//6314 4332//6314
f 3610//6315 974//6315 976//6315
f 3610//6316 976//6316 3611//6316
f 4053//6317 1852//6317 977//6317
f 4053//6318 977//6318 3609//6318
f 3939//6319 1735//6319 975//6319
f 3939//6320 975//6320 3612//6320
f 3609//6321 977//6321 974//6321
f 3609//6322 974//6322 3610//6322
f 3603//6323 979//6323 972//6323
f 3603//6324 972//6324 3604//6324
f 972//6325 1308//6325 3605//6325
f 972//6326 3605//6326 3604//6326
f 3547//6327 3538//6327 3537//6327
f 3547//6328 3537//6328 3546//6328
f 3533//6329 3534//6329 4274//6329
f 3533//6330 4274//6330 4273//6330
f 3525//6331 2251//6331 3604//6331
f 3525//6332 3604//6332 3605//6332
f 3546//6333 3545//6333 3544//6333
f 3546//6334 3544//6334 3171//6334
f 3534//6335 3533//6335 3536//6335
f 3534//6336 3536//6336 3537//6336
f 2330//6337 3196//6337 2318//6337
f 2330//6338 2318//6338 2329//6338
f 3195//6339 3197//6339 3198//6339
f 3195//6340 3198//6340 3196//6340
f 2315//6341 2314//6341 3199//6341
f 2315//6342 3199//6342 2305//6342
f 3198//6343 3200//6343 2318//6343
f 3198//6344 2318//6344 3196//6344
f 3200//6345 3199//6345 2314//6345
f 3200//6346 2314//6346 2318//6346
f 4052//6347 3114//6347 971//6347
f 4052//6348 971//6348 1851//6348
f 3761//6349 3796//6349 3762//6349
f 3761//6350 3762//6350 3722//6350
f 3793//6351 3758//6351 3757//6351
f 3793//6352 3757//6352 3792//6352
f 2367//6353 3628//6353 3627//6353
f 2367//6354 3627//6354 2765//6354
f 3268//6355 4090//6355 4089//6355
f 3268//6356 4089//6356 3416//6356
f 3416//6357 3415//6357 3271//6357
f 3416//6358 3271//6358 3268//6358
f 2663//6359 3866//6359 3865//6359
f 2663//6360 3865//6360 3412//6360
f 4291//6361 3975//6361 3974//6361
f 4291//6362 3974//6362 4292//6362
f 3270//6363 3271//6363 3415//6363
f 3270//6364 3415//6364 3414//6364
f 2664//6365 3412//6365 3865//6365
f 2664//6366 3865//6366 3864//6366
f 4292//6367 3974//6367 3973//6367
f 4292//6368 3973//6368 4293//6368
f 2481//6369 3414//6369 3415//6369
f 2481//6370 3415//6370 2487//6370
f 2487//6371 3415//6371 3416//6371
f 2487//6372 3416//6372 2496//6372
f 3416//6373 4089//6373 4088//6373
f 3416//6374 4088//6374 2496//6374
f 3553//6375 3276//6375 3277//6375
f 3553//6376 3277//6376 3554//6376
f 3285//6377 3289//6377 3282//6377
f 3285//6378 3282//6378 3278//6378
f 3279//6379 3286//6379 4338//6379
f 3279//6380 4338//6380 4337//6380
f 3280//6381 3287//6381 3286//6381
f 3280//6382 3286//6382 3279//6382
f 3282//6383 3289//6383 3288//6383
f 3282//6384 3288//6384 3281//6384
f 3283//6385 3290//6385 3291//6385
f 3283//6386 3291//6386 3284//6386
f 3292//6387 3296//6387 3289//6387
f 3292//6388 3289//6388 3285//6388
f 3286//6389 3293//6389 4339//6389
f 3286//6390 4339//6390 4338//6390
f 3287//6391 3294//6391 3293//6391
f 3287//6392 3293//6392 3286//6392
f 3289//6393 3296//6393 3295//6393
f 3289//6394 3295//6394 3288//6394
f 3288//6395 3295//6395 3290//6395
f 3288//6396 3290//6396 3283//6396
f 3290//6397 3297//6397 3298//6397
f 3290//6398 3298//6398 3291//6398
f 3292//6399 3299//6399 3303//6399
f 3292//6400 3303//6400 3296//6400
f 3293//6401 3300//6401 4340//6401
f 3293//6402 4340//6402 4339//6402
f 3294//6403 3301//6403 3300//6403
f 3294//6404 3300//6404 3293//6404
f 3296//6405 3303//6405 3302//6405
f 3296//6406 3302//6406 3295//6406
f 3295//6407 3302//6407 3297//6407
f 3295//6408 3297//6408 3290//6408
f 3305//6409 3298//6409 3297//6409
f 3305//6410 3297//6410 3304//6410
f 3310//6411 3303//6411 3299//6411
f 3310//6412 3299//6412 3306//6412
f 4340//6413 3300//6413 3307//6413
f 4340//6414 3307//6414 4341//6414
f 3307//6415 3300//6415 3301//6415
f 3307//6416 3301//6416 3308//6416
f 3309//6417 3302//6417 3303//6417
f 3309//6418 3303//6418 3310//6418
f 3304//6419 3297//6419 3302//6419
f 3304//6420 3302//6420 3309//6420
f 3304//6421 3347//6421 3311//6421
f 3304//6422 3311//6422 3305//6422
f 3306//6423 3350//6423 3349//6423
f 3306//6424 3349//6424 3310//6424
f 3307//6425 3351//6425 4342//6425
f 3307//6426 4342//6426 4341//6426
f 3308//6427 3352//6427 3351//6427
f 3308//6428 3351//6428 3307//6428
f 3310//6429 3349//6429 3348//6429
f 3310//6430 3348//6430 3309//6430
f 3309//6431 3348//6431 3347//6431
f 3309//6432 3347//6432 3304//6432
f 3551//6433 3567//6433 3566//6433
f 3551//6434 3566//6434 3552//6434
f 3552//6435 3566//6435 3276//6435
f 3552//6436 3276//6436 3553//6436
f 3281//6437 3288//6437 3283//6437
f 3281//6438 3283//6438 3313//6438
f 3313//6439 3283//6439 3284//6439
f 3313//6440 3284//6440 3312//6440
f 3315//6441 3314//6441 3284//6441
f 3315//6442 3284//6442 3291//6442
f 3314//6443 3315//6443 3319//6443
f 3314//6444 3319//6444 3318//6444
f 3316//6445 3315//6445 3291//6445
f 3316//6446 3291//6446 3298//6446
f 3315//6447 3316//6447 3320//6447
f 3315//6448 3320//6448 3319//6448
f 3317//6449 3316//6449 3298//6449
f 3317//6450 3298//6450 3305//6450
f 3321//6451 3320//6451 3316//6451
f 3321//6452 3316//6452 3317//6452
f 2902//6453 3830//6453 3827//6453
f 2902//6454 3827//6454 2764//6454
f 2913//6455 3828//6455 3830//6455
f 2913//6456 3830//6456 2902//6456
f 3319//6457 2903//6457 2816//6457
f 3319//6458 2816//6458 3318//6458
f 3320//6459 2826//6459 2903//6459
f 3320//6460 2903//6460 3319//6460
f 2827//6461 2826//6461 3320//6461
f 2827//6462 3320//6462 3321//6462
f 3550//6463 3568//6463 3567//6463
f 3550//6464 3567//6464 3551//6464
f 3318//6465 3322//6465 3323//6465
f 3318//6466 3323//6466 3314//6466
f 3549//6467 3569//6467 3568//6467
f 3549//6468 3568//6468 3550//6468
f 3314//6469 3323//6469 3312//6469
f 3314//6470 3312//6470 3284//6470
f 3324//6471 3317//6471 3305//6471
f 3324//6472 3305//6472 3311//6472
f 3317//6473 3324//6473 3325//6473
f 3317//6474 3325//6474 3321//6474
f 3327//6475 3324//6475 3311//6475
f 3327//6476 3311//6476 3326//6476
f 3324//6477 3327//6477 3328//6477
f 3324//6478 3328//6478 3325//6478
f 3327//6479 3330//6479 3331//6479
f 3327//6480 3331//6480 3328//6480
f 3330//6481 3327//6481 3326//6481
f 3330//6482 3326//6482 3329//6482
f 3333//6483 3330//6483 3329//6483
f 3333//6484 3329//6484 3332//6484
f 3330//6485 3333//6485 3334//6485
f 3330//6486 3334//6486 3331//6486
f 3336//6487 3333//6487 3332//6487
f 3336//6488 3332//6488 3335//6488
f 3333//6489 3336//6489 3337//6489
f 3333//6490 3337//6490 3334//6490
f 3339//6491 3336//6491 3335//6491
f 3339//6492 3335//6492 3338//6492
f 3336//6493 3339//6493 3340//6493
f 3336//6494 3340//6494 3337//6494
f 3348//6495 3378//6495 3377//6495
f 3348//6496 3377//6496 3347//6496
f 3349//6497 3379//6497 3378//6497
f 3349//6498 3378//6498 3348//6498
f 3350//6499 3380//6499 3379//6499
f 3350//6500 3379//6500 3349//6500
f 3351//6501 3381//6501 4343//6501
f 3351//6502 4343//6502 4342//6502
f 3352//6503 3382//6503 3381//6503
f 3352//6504 3381//6504 3351//6504
f 3353//6505 3383//6505 3382//6505
f 3353//6506 3382//6506 3352//6506
f 3384//6507 4412//6507 4413//6507
f 3384//6508 4413//6508 3354//6508
f 3354//6509 3355//6509 3385//6509
f 3354//6510 3385//6510 3384//6510
f 3355//6511 3356//6511 3386//6511
f 3355//6512 3386//6512 3385//6512
f 3357//6513 3387//6513 3386//6513
f 3357//6514 3386//6514 3356//6514
f 3387//6515 3357//6515 3358//6515
f 3387//6516 3358//6516 3388//6516
f 3359//6517 3389//6517 3388//6517
f 3359//6518 3388//6518 3358//6518
f 3359//6519 3484//6519 3485//6519
f 3359//6520 3485//6520 3389//6520
f 3360//6521 3390//6521 3485//6521
f 3360//6522 3485//6522 3484//6522
f 3487//6523 3361//6523 3391//6523
f 3487//6524 3391//6524 3488//6524
f 3362//6525 3392//6525 3391//6525
f 3362//6526 3391//6526 3361//6526
f 3392//6527 3362//6527 3363//6527
f 3392//6528 3363//6528 3393//6528
f 3393//6529 3363//6529 3364//6529
f 3393//6530 3364//6530 3394//6530
f 4281//6531 3394//6531 3364//6531
f 4281//6532 3364//6532 4282//6532
f 4534//6533 4535//6533 3395//6533
f 4534//6534 3395//6534 3365//6534
f 3396//6535 3366//6535 3367//6535
f 3396//6536 3367//6536 3397//6536
f 3367//6537 1148//6537 1179//6537
f 3367//6538 1179//6538 3397//6538
f 4362//6539 3381//6539 3382//6539
f 4362//6540 3382//6540 4363//6540
f 4343//6541 3381//6541 4362//6541
f 4343//6542 4362//6542 4361//6542
f 4359//6543 3379//6543 3380//6543
f 4359//6544 3380//6544 4360//6544
f 4358//6545 3378//6545 3379//6545
f 4358//6546 3379//6546 4359//6546
f 3369//6547 3374//6547 3373//6547
f 3369//6548 3373//6548 3368//6548
f 3368//6549 3373//6549 4345//6549
f 3368//6550 4345//6550 4344//6550
f 3370//6551 3375//6551 3376//6551
f 3370//6552 3376//6552 3371//6552
f 3371//6553 3376//6553 2259//6553
f 3371//6554 2259//6554 3372//6554
f 3838//6555 3339//6555 3338//6555
f 3838//6556 3338//6556 3839//6556
f 3339//6557 3838//6557 3837//6557
f 3339//6558 3837//6558 3340//6558
f 4082//6559 2516//6559 3405//6559
f 4082//6560 3405//6560 4083//6560
f 3841//6561 3406//6561 2280//6561
f 3841//6562 2280//6562 3842//6562
f 3465//6563 3406//6563 3841//6563
f 3465//6564 3841//6564 3840//6564
f 3406//6565 3407//6565 3099//6565
f 3406//6566 3099//6566 2280//6566
f 3406//6567 3465//6567 3464//6567
f 3406//6568 3464//6568 3407//6568
f 3372//6569 2259//6569 3408//6569
f 3372//6570 3408//6570 3417//6570
f 4357//6571 3377//6571 3378//6571
f 4357//6572 3378//6572 4358//6572
f 3374//6573 3419//6573 3418//6573
f 3374//6574 3418//6574 3373//6574
f 3373//6575 3418//6575 4346//6575
f 3373//6576 4346//6576 4345//6576
f 3420//6577 3421//6577 3376//6577
f 3420//6578 3376//6578 3375//6578
f 3376//6579 3421//6579 2258//6579
f 3376//6580 2258//6580 2259//6580
f 3419//6581 3423//6581 3422//6581
f 3419//6582 3422//6582 3418//6582
f 3418//6583 3422//6583 4347//6583
f 3418//6584 4347//6584 4346//6584
f 3420//6585 3424//6585 3425//6585
f 3420//6586 3425//6586 3421//6586
f 3421//6587 3425//6587 2453//6587
f 3421//6588 2453//6588 2258//6588
f 3423//6589 3427//6589 3426//6589
f 3423//6590 3426//6590 3422//6590
f 3422//6591 3426//6591 4348//6591
f 3422//6592 4348//6592 4347//6592
f 3424//6593 3428//6593 3429//6593
f 3424//6594 3429//6594 3425//6594
f 3425//6595 3429//6595 2452//6595
f 3425//6596 2452//6596 2453//6596
f 3426//6597 3430//6597 4349//6597
f 3426//6598 4349//6598 4348//6598
f 3431//6599 3432//6599 3429//6599
f 3431//6600 3429//6600 3428//6600
f 3429//6601 3432//6601 2663//6601
f 3429//6602 2663//6602 2452//6602
f 3867//6603 3432//6603 3431//6603
f 3867//6604 3431//6604 3868//6604
f 3432//6605 3867//6605 3866//6605
f 3432//6606 3866//6606 2663//6606
f 4349//6607 3430//6607 3869//6607
f 4349//6608 3869//6608 4350//6608
f 3274//6609 3275//6609 3436//6609
f 3274//6610 3436//6610 3433//6610
f 3433//6611 3436//6611 3437//6611
f 3433//6612 3437//6612 3434//6612
f 3437//6613 3438//6613 3435//6613
f 3437//6614 3435//6614 3434//6614
f 3435//6615 3438//6615 3271//6615
f 3435//6616 3271//6616 3270//6616
f 3275//6617 3273//6617 3439//6617
f 3275//6618 3439//6618 3436//6618
f 3436//6619 3439//6619 3440//6619
f 3436//6620 3440//6620 3437//6620
f 3440//6621 3441//6621 3438//6621
f 3440//6622 3438//6622 3437//6622
f 3438//6623 3441//6623 3268//6623
f 3438//6624 3268//6624 3271//6624
f 3273//6625 4094//6625 4093//6625
f 3273//6626 4093//6626 3439//6626
f 3439//6627 4093//6627 4092//6627
f 3439//6628 4092//6628 3440//6628
f 4091//6629 3441//6629 3440//6629
f 4091//6630 3440//6630 4092//6630
f 3441//6631 4091//6631 4090//6631
f 3441//6632 4090//6632 3268//6632
f 3347//6633 3377//6633 3326//6633
f 3347//6634 3326//6634 3311//6634
f 3183//6635 3870//6635 4286//6635
f 3183//6636 4286//6636 3146//6636
f 2684//6637 3275//6637 3274//6637
f 2684//6638 3274//6638 3466//6638
f 2684//6639 2685//6639 3273//6639
f 2684//6640 3273//6640 3275//6640
f 4094//6641 3273//6641 2685//6641
f 4094//6642 2685//6642 4095//6642
f 3987//6643 2256//6643 3467//6643
f 3987//6644 3467//6644 3988//6644
f 3469//6645 3478//6645 4056//6645
f 3469//6646 4056//6646 4055//6646
f 3470//6647 3477//6647 3478//6647
f 3470//6648 3478//6648 3469//6648
f 3471//6649 3476//6649 3477//6649
f 3471//6650 3477//6650 3470//6650
f 3472//6651 3475//6651 3942//6651
f 3472//6652 3942//6652 3941//6652
f 4329//6653 3894//6653 3893//6653
f 4329//6654 3893//6654 4330//6654
f 3480//6655 3482//6655 4194//6655
f 3480//6656 4194//6656 4195//6656
f 3481//6657 3625//6657 3482//6657
f 3481//6658 3482//6658 3480//6658
f 2892//6659 3625//6659 3481//6659
f 2892//6660 3481//6660 2890//6660
f 3487//6661 3360//6661 2309//6661
f 3487//6662 2309//6662 3486//6662
f 3390//6663 3360//6663 3487//6663
f 3390//6664 3487//6664 3488//6664
f 4373//6665 3488//6665 3391//6665
f 4373//6666 3391//6666 4374//6666
f 3488//6667 4373//6667 4372//6667
f 3488//6668 4372//6668 3390//6668
f 4371//6669 3485//6669 3390//6669
f 4371//6670 3390//6670 4372//6670
f 3988//6671 3467//6671 3489//6671
f 3988//6672 3489//6672 3989//6672
f 3989//6673 3489//6673 3490//6673
f 3989//6674 3490//6674 3990//6674
f 3490//6675 3491//6675 3991//6675
f 3490//6676 3991//6676 3990//6676
f 3991//6677 3491//6677 3492//6677
f 3991//6678 3492//6678 3992//6678
f 3992//6679 3492//6679 3493//6679
f 3992//6680 3493//6680 3993//6680
f 3493//6681 3494//6681 3994//6681
f 3493//6682 3994//6682 3993//6682
f 3994//6683 3494//6683 3495//6683
f 3994//6684 3495//6684 3995//6684
f 3995//6685 3495//6685 3496//6685
f 3995//6686 3496//6686 3996//6686
f 3496//6687 3497//6687 3997//6687
f 3496//6688 3997//6688 3996//6688
f 3497//6689 3852//6689 3998//6689
f 3497//6690 3998//6690 3997//6690
f 3498//6691 3499//6691 4000//6691
f 3498//6692 4000//6692 3999//6692
f 4000//6693 3499//6693 3515//6693
f 4000//6694 3515//6694 4001//6694
f 3500//6695 3501//6695 4008//6695
f 3500//6696 4008//6696 4007//6696
f 4009//6697 3503//6697 3502//6697
f 4009//6698 3502//6698 4010//6698
f 4008//6699 3501//6699 3503//6699
f 4008//6700 3503//6700 4009//6700
f 3502//6701 3504//6701 4011//6701
f 3502//6702 4011//6702 4010//6702
f 3504//6703 4161//6703 4160//6703
f 3504//6704 4160//6704 4011//6704
f 4012//6705 3505//6705 3506//6705
f 4012//6706 3506//6706 4013//6706
f 4015//6707 3508//6707 3507//6707
f 4015//6708 3507//6708 4016//6708
f 3506//6709 3514//6709 4014//6709
f 3506//6710 4014//6710 4013//6710
f 3509//6711 3510//6711 4018//6711
f 3509//6712 4018//6712 4017//6712
f 4104//6713 3511//6713 4019//6713
f 4104//6714 4019//6714 4105//6714
f 4019//6715 3511//6715 3512//6715
f 4019//6716 3512//6716 4020//6716
f 4020//6717 3512//6717 3640//6717
f 4020//6718 3640//6718 4021//6718
f 3507//6719 4190//6719 4189//6719
f 3507//6720 4189//6720 4016//6720
f 4014//6721 3514//6721 3508//6721
f 4014//6722 3508//6722 4015//6722
f 4001//6723 3515//6723 3516//6723
f 4001//6724 3516//6724 4002//6724
f 4005//6725 3518//6725 3517//6725
f 4005//6726 3517//6726 4006//6726
f 4006//6727 3517//6727 3500//6727
f 4006//6728 3500//6728 4007//6728
f 4003//6729 3520//6729 3519//6729
f 4003//6730 3519//6730 4004//6730
f 4004//6731 3519//6731 3518//6731
f 4004//6732 3518//6732 4005//6732
f 3516//6733 3520//6733 4003//6733
f 3516//6734 4003//6734 4002//6734
f 3523//6735 2343//6735 4417//6735
f 3523//6736 4417//6736 4418//6736
f 3523//6737 3524//6737 2330//6737
f 3523//6738 2330//6738 2343//6738
f 3546//6739 3537//6739 3536//6739
f 3546//6740 3536//6740 3545//6740
f 4059//6741 3528//6741 2590//6741
f 4059//6742 2590//6742 4022//6742
f 3528//6743 3529//6743 4060//6743
f 3528//6744 4060//6744 2590//6744
f 3529//6745 3530//6745 2586//6745
f 3529//6746 2586//6746 4060//6746
f 3945//6747 3531//6747 2578//6747
f 3945//6748 2578//6748 2583//6748
f 4417//6749 3187//6749 3188//6749
f 4417//6750 3188//6750 4418//6750
f 4416//6751 3186//6751 3187//6751
f 4416//6752 3187//6752 4417//6752
f 4415//6753 3185//6753 3186//6753
f 4415//6754 3186//6754 4416//6754
f 4414//6755 3184//6755 3185//6755
f 4414//6756 3185//6756 4415//6756
f 4413//6757 3353//6757 3184//6757
f 4413//6758 3184//6758 4414//6758
f 4412//6759 3383//6759 3353//6759
f 4412//6760 3353//6760 4413//6760
f 4364//6761 3383//6761 4412//6761
f 4364//6762 4412//6762 4411//6762
f 4409//6763 3150//6763 3151//6763
f 4409//6764 3151//6764 4410//6764
f 4408//6765 3149//6765 3150//6765
f 4408//6766 3150//6766 4409//6766
f 4407//6767 3148//6767 3149//6767
f 4407//6768 3149//6768 4408//6768
f 4406//6769 3147//6769 3148//6769
f 4406//6770 3148//6770 4407//6770
f 4405//6771 3146//6771 3147//6771
f 4405//6772 3147//6772 4406//6772
f 3183//6773 3146//6773 4405//6773
f 3183//6774 4405//6774 4404//6774
f 3183//6775 4404//6775 4403//6775
f 3183//6776 4403//6776 3182//6776
f 3182//6777 4403//6777 4402//6777
f 3182//6778 4402//6778 3181//6778
f 3181//6779 4402//6779 4401//6779
f 3181//6780 4401//6780 3180//6780
f 4400//6781 3179//6781 3180//6781
f 4400//6782 3180//6782 4401//6782
f 3178//6783 3179//6783 4400//6783
f 3178//6784 4400//6784 4399//6784
f 3675//6785 3178//6785 4399//6785
f 3675//6786 4399//6786 4398//6786
f 4396//6787 3176//6787 3177//6787
f 4396//6788 3177//6788 4397//6788
f 3011//6789 3175//6789 3176//6789
f 3011//6790 3176//6790 4396//6790
f 3540//6791 3829//6791 2660//6791
f 3540//6792 2660//6792 2361//6792
f 3524//6793 3195//6793 3196//6793
f 3524//6794 3196//6794 2330//6794
f 3548//6795 3549//6795 3322//6795
f 3548//6796 3322//6796 2815//6796
f 3550//6797 3323//6797 3322//6797
f 3550//6798 3322//6798 3549//6798
f 3323//6799 3550//6799 3551//6799
f 3323//6800 3551//6800 3312//6800
f 3552//6801 3313//6801 3312//6801
f 3552//6802 3312//6802 3551//6802
f 3553//6803 3281//6803 3313//6803
f 3553//6804 3313//6804 3552//6804
f 3554//6805 3282//6805 3281//6805
f 3554//6806 3281//6806 3553//6806
f 3555//6807 3278//6807 3282//6807
f 3555//6808 3282//6808 3554//6808
f 3556//6809 3279//6809 4337//6809
f 3556//6810 4337//6810 4336//6810
f 3557//6811 3280//6811 3279//6811
f 3557//6812 3279//6812 3556//6812
f 3558//6813 3188//6813 3280//6813
f 3558//6814 3280//6814 3557//6814
f 4418//6815 3188//6815 3558//6815
f 4418//6816 3558//6816 4419//6816
f 3523//6817 4418//6817 4419//6817
f 3523//6818 4419//6818 3559//6818
f 3560//6819 3524//6819 3523//6819
f 3560//6820 3523//6820 3559//6820
f 3560//6821 3561//6821 3195//6821
f 3560//6822 3195//6822 3524//6822
f 3194//6823 3193//6823 3561//6823
f 3194//6824 3561//6824 3562//6824
f 3563//6825 3189//6825 3194//6825
f 3563//6826 3194//6826 3562//6826
f 4284//6827 3189//6827 3563//6827
f 4284//6828 3563//6828 4285//6828
f 4531//6829 4532//6829 3190//6829
f 4531//6830 3190//6830 3521//6830
f 3565//6831 3191//6831 3192//6831
f 3565//6832 3192//6832 3564//6832
f 3565//6833 1349//6833 980//6833
f 3565//6834 980//6834 3191//6834
f 3197//6835 3195//6835 3561//6835
f 3197//6836 3561//6836 3193//6836
f 3548//6837 2836//6837 2837//6837
f 3548//6838 2837//6838 2835//6838
f 2837//6839 3597//6839 3596//6839
f 2837//6840 3596//6840 2835//6840
f 2815//6841 2814//6841 2836//6841
f 2815//6842 2836//6842 3548//6842
f 3276//6843 3566//6843 3570//6843
f 3276//6844 3570//6844 3152//6844
f 3566//6845 3567//6845 3571//6845
f 3566//6846 3571//6846 3570//6846
f 3568//6847 3598//6847 3571//6847
f 3568//6848 3571//6848 3567//6848
f 3569//6849 3599//6849 3598//6849
f 3569//6850 3598//6850 3568//6850
f 3596//6851 3599//6851 3569//6851
f 3596//6852 3569//6852 2835//6852
f 3598//6853 3572//6853 3144//6853
f 3598//6854 3144//6854 3571//6854
f 1359//6855 3601//6855 3600//6855
f 1359//6856 3600//6856 934//6856
f 3575//6857 2362//6857 3600//6857
f 3575//6858 3600//6858 3601//6858
f 2362//6859 3575//6859 3576//6859
f 2362//6860 3576//6860 2361//6860
f 3540//6861 2361//6861 3576//6861
f 3540//6862 3576//6862 3577//6862
f 2764//6863 3540//6863 3577//6863
f 2764//6864 3577//6864 3578//6864
f 3579//6865 2902//6865 2764//6865
f 3579//6866 2764//6866 3578//6866
f 3580//6867 2913//6867 2902//6867
f 3580//6868 2902//6868 3579//6868
f 3581//6869 2943//6869 2913//6869
f 3581//6870 2913//6870 3580//6870
f 3582//6871 2912//6871 2943//6871
f 3582//6872 2943//6872 3581//6872
f 3583//6873 2911//6873 2912//6873
f 3583//6874 2912//6874 3582//6874
f 2911//6875 3583//6875 3584//6875
f 2911//6876 3584//6876 2910//6876
f 2910//6877 3584//6877 3585//6877
f 2910//6878 3585//6878 2909//6878
f 3586//6879 2906//6879 2909//6879
f 3586//6880 2909//6880 3585//6880
f 3587//6881 2899//6881 2906//6881
f 3587//6882 2906//6882 3586//6882
f 3589//6883 3798//6883 3797//6883
f 3589//6884 3797//6884 3588//6884
f 3590//6885 3799//6885 3798//6885
f 3590//6886 3798//6886 3589//6886
f 4431//6887 3591//6887 3800//6887
f 4431//6888 3800//6888 4432//6888
f 3592//6889 3801//6889 3800//6889
f 3592//6890 3800//6890 3591//6890
f 2951//6891 3593//6891 3594//6891
f 2951//6892 3594//6892 2908//6892
f 3595//6893 3574//6893 2908//6893
f 3595//6894 2908//6894 3594//6894
f 3595//6895 3596//6895 3597//6895
f 3595//6896 3597//6896 3574//6896
f 3573//6897 3599//6897 3596//6897
f 3573//6898 3596//6898 3595//6898
f 3572//6899 3598//6899 3599//6899
f 3572//6900 3599//6900 3573//6900
f 3606//6901 3607//6901 3574//6901
f 3606//6902 3574//6902 3597//6902
f 3777//6903 3737//6903 3736//6903
f 3777//6904 3736//6904 3776//6904
f 3778//6905 3738//6905 3737//6905
f 3778//6906 3737//6906 3777//6906
f 2437//6907 3680//6907 3679//6907
f 2437//6908 3679//6908 2438//6908
f 2438//6909 3679//6909 3678//6909
f 2438//6910 3678//6910 2446//6910
f 2711//6911 3681//6911 3680//6911
f 2711//6912 3680//6912 2437//6912
f 3621//6913 3618//6913 3619//6913
f 3621//6914 3619//6914 3622//6914
f 3623//6915 3620//6915 3618//6915
f 3623//6916 3618//6916 3621//6916
f 2993//6917 3620//6917 3623//6917
f 2993//6918 3623//6918 3004//6918
f 3622//6919 3619//6919 2994//6919
f 3622//6920 2994//6920 3624//6920
f 2713//6921 2631//6921 2450//6921
f 2713//6922 2450//6922 2712//6922
f 2892//6923 2891//6923 2893//6923
f 2892//6924 2893//6924 3626//6924
f 3626//6925 2893//6925 2766//6925
f 3626//6926 2766//6926 2765//6926
f 3628//6927 2345//6927 3267//6927
f 3628//6928 3267//6928 3627//6928
f 3628//6929 3629//6929 2344//6929
f 3628//6930 2344//6930 2345//6930
f 3642//6931 2571//6931 4058//6931
f 3642//6932 4058//6932 4057//6932
f 3643//6933 2565//6933 2571//6933
f 3643//6934 2571//6934 3642//6934
f 3644//6935 2560//6935 2565//6935
f 3644//6936 2565//6936 3643//6936
f 3645//6937 2553//6937 3944//6937
f 3645//6938 3944//6938 3943//6938
f 3895//6939 4328//6939 4327//6939
f 3895//6940 4327//6940 3896//6940
f 3648//6941 3267//6941 4192//6941
f 3648//6942 4192//6942 4193//6942
f 3649//6943 3626//6943 2765//6943
f 3649//6944 2765//6944 3627//6944
f 3648//6945 3649//6945 3627//6945
f 3648//6946 3627//6946 3267//6946
f 3649//6947 3625//6947 2892//6947
f 3649//6948 2892//6948 3626//6948
f 3648//6949 3482//6949 3625//6949
f 3648//6950 3625//6950 3649//6950
f 3652//6951 3653//6951 2695//6951
f 3652//6952 2695//6952 2697//6952
f 3653//6953 3654//6953 2658//6953
f 3653//6954 2658//6954 2695//6954
f 3654//6955 3655//6955 3017//6955
f 3654//6956 3017//6956 2658//6956
f 3655//6957 3656//6957 3037//6957
f 3655//6958 3037//6958 3017//6958
f 3656//6959 3657//6959 3041//6959
f 3656//6960 3041//6960 3037//6960
f 3657//6961 3658//6961 3043//6961
f 3657//6962 3043//6962 3041//6962
f 2572//6963 3043//6963 3658//6963
f 2572//6964 3658//6964 3659//6964
f 3059//6965 4389//6965 4388//6965
f 3059//6966 4388//6966 3055//6966
f 3661//6967 3711//6967 3710//6967
f 3661//6968 3710//6968 3660//6968
f 3662//6969 3712//6969 3711//6969
f 3662//6970 3711//6970 3661//6970
f 3663//6971 3713//6971 3712//6971
f 3663//6972 3712//6972 3662//6972
f 3664//6973 3714//6973 3713//6973
f 3664//6974 3713//6974 3663//6974
f 3665//6975 3715//6975 3714//6975
f 3665//6976 3714//6976 3664//6976
f 3666//6977 3716//6977 3715//6977
f 3666//6978 3715//6978 3665//6978
f 3667//6979 3717//6979 3716//6979
f 3667//6980 3716//6980 3666//6980
f 4036//6981 3065//6981 3668//6981
f 4036//6982 3668//6982 4037//6982
f 3670//6983 2987//6983 4102//6983
f 3670//6984 4102//6984 4101//6984
f 3671//6985 2988//6985 2987//6985
f 3671//6986 2987//6986 3670//6986
f 3672//6987 2989//6987 2988//6987
f 3672//6988 2988//6988 3671//6988
f 3673//6989 2990//6989 3925//6989
f 3673//6990 3925//6990 3924//6990
f 3876//6991 3674//6991 2991//6991
f 3876//6992 2991//6992 3877//6992
f 3675//6993 3177//6993 2991//6993
f 3675//6994 2991//6994 3674//6994
f 4397//6995 3177//6995 3675//6995
f 4397//6996 3675//6996 4398//6996
f 2992//6997 4397//6997 4398//6997
f 2992//6998 4398//6998 3676//6998
f 3676//6999 3677//6999 2993//6999
f 3676//7000 2993//7000 2992//7000
f 3677//7001 3678//7001 3620//7001
f 3677//7002 3620//7002 2993//7002
f 3679//7003 3618//7003 3620//7003
f 3679//7004 3620//7004 3678//7004
f 3680//7005 3619//7005 3618//7005
f 3680//7006 3618//7006 3679//7006
f 3681//7007 2994//7007 3619//7007
f 3681//7008 3619//7008 3680//7008
f 3681//7009 3682//7009 2995//7009
f 3681//7010 2995//7010 2994//7010
f 3682//7011 3683//7011 2985//7011
f 3682//7012 2985//7012 2995//7012
f 3683//7013 3684//7013 2984//7013
f 3683//7014 2984//7014 2985//7014
f 2984//7015 3684//7015 3685//7015
f 2984//7016 3685//7016 2983//7016
f 4030//7017 3686//7017 3033//7017
f 4030//7018 3033//7018 4031//7018
f 3067//7019 3688//7019 3687//7019
f 3067//7020 3687//7020 3034//7020
f 3034//7021 3687//7021 3689//7021
f 3034//7022 3689//7022 3074//7022
f 3033//7023 3686//7023 3688//7023
f 3033//7024 3688//7024 3067//7024
f 3694//7025 3693//7025 3687//7025
f 3694//7026 3687//7026 3688//7026
f 3693//7027 3695//7027 3689//7027
f 3693//7028 3689//7028 3687//7028
f 3693//7029 3698//7029 3697//7029
f 3693//7030 3697//7030 3695//7030
f 3694//7031 3699//7031 3698//7031
f 3694//7032 3698//7032 3693//7032
f 3700//7033 3814//7033 3813//7033
f 3700//7034 3813//7034 3701//7034
f 3701//7035 3813//7035 3812//7035
f 3701//7036 3812//7036 3702//7036
f 3701//7037 3704//7037 3703//7037
f 3701//7038 3703//7038 3700//7038
f 3704//7039 3804//7039 3805//7039
f 3704//7040 3805//7040 3703//7040
f 3705//7041 3803//7041 3804//7041
f 3705//7042 3804//7042 3704//7042
f 3112//7043 4051//7043 4050//7043
f 3112//7044 4050//7044 3706//7044
f 2696//7045 3717//7045 3651//7045
f 2696//7046 3651//7046 2689//7046
f 3667//7047 2690//7047 3651//7047
f 3667//7048 3651//7048 3717//7048
f 3718//7049 3719//7049 2692//7049
f 3718//7050 2692//7050 2693//7050
f 3720//7051 2697//7051 2692//7051
f 3720//7052 2692//7052 3719//7052
f 2690//7053 3721//7053 3720//7053
f 2690//7054 3720//7054 2691//7054
f 3667//7055 3652//7055 3721//7055
f 3667//7056 3721//7056 2690//7056
f 3721//7057 3652//7057 2697//7057
f 3721//7058 2697//7058 3720//7058
f 2811//7059 3761//7059 3722//7059
f 2811//7060 3722//7060 2812//7060
f 3833//7061 3723//7061 2813//7061
f 3833//7062 2813//7062 3834//7062
f 3723//7063 3724//7063 2831//7063
f 3723//7064 2831//7064 2813//7064
f 2831//7065 3724//7065 3725//7065
f 2831//7066 3725//7066 2829//7066
f 3102//7067 2829//7067 3725//7067
f 3102//7068 3725//7068 3726//7068
f 3726//7069 3727//7069 2823//7069
f 3726//7070 2823//7070 3102//7070
f 3728//7071 2824//7071 2823//7071
f 3728//7072 2823//7072 3727//7072
f 3728//7073 3729//7073 2821//7073
f 3728//7074 2821//7074 2824//7074
f 3729//7075 3730//7075 2818//7075
f 3729//7076 2818//7076 2821//7076
f 3730//7077 3731//7077 2905//7077
f 3730//7078 2905//7078 2818//7078
f 3732//7079 2834//7079 2905//7079
f 3732//7080 2905//7080 3731//7080
f 2834//7081 3732//7081 3733//7081
f 2834//7082 3733//7082 2833//7082
f 3734//7083 2832//7083 2833//7083
f 3734//7084 2833//7084 3733//7084
f 3735//7085 3736//7085 3606//7085
f 3735//7086 3606//7086 2840//7086
f 3736//7087 3737//7087 3607//7087
f 3736//7088 3607//7088 3606//7088
f 3737//7089 3738//7089 2951//7089
f 3737//7090 2951//7090 3607//7090
f 3740//7091 2842//7091 3593//7091
f 3740//7092 3593//7092 3739//7092
f 3741//7093 2845//7093 2842//7093
f 3741//7094 2842//7094 3740//7094
f 2845//7095 3741//7095 3742//7095
f 2845//7096 3742//7096 2843//7096
f 4425//7097 2843//7097 3742//7097
f 4425//7098 3742//7098 4426//7098
f 3744//7099 2868//7099 2862//7099
f 3744//7100 2862//7100 3743//7100
f 3745//7101 2869//7101 2868//7101
f 3745//7102 2868//7102 3744//7102
f 3746//7103 2870//7103 2869//7103
f 3746//7104 2869//7104 3745//7104
f 3747//7105 3587//7105 2870//7105
f 3747//7106 2870//7106 3746//7106
f 3748//7107 2899//7107 3587//7107
f 3748//7108 3587//7108 3747//7108
f 3748//7109 3749//7109 2900//7109
f 3748//7110 2900//7110 2899//7110
f 2860//7111 2900//7111 3749//7111
f 2860//7112 3749//7112 3750//7112
f 3750//7113 3751//7113 2858//7113
f 3750//7114 2858//7114 2860//7114
f 2859//7115 2858//7115 3751//7115
f 2859//7116 3751//7116 3752//7116
f 3752//7117 4131//7117 4130//7117
f 3752//7118 4130//7118 2859//7118
f 4163//7119 3755//7119 2851//7119
f 4163//7120 2851//7120 4164//7120
f 2933//7121 2851//7121 3755//7121
f 2933//7122 3755//7122 3756//7122
f 3244//7123 2933//7123 3756//7123
f 3244//7124 3756//7124 3757//7124
f 3757//7125 3758//7125 2847//7125
f 3757//7126 2847//7126 3244//7126
f 3758//7127 3759//7127 2857//7127
f 3758//7128 2857//7128 2847//7128
f 4134//7129 3760//7129 3201//7129
f 4134//7130 3201//7130 4135//7130
f 3760//7131 3761//7131 2811//7131
f 3760//7132 2811//7132 3201//7132
f 3779//7133 3801//7133 3738//7133
f 3779//7134 3738//7134 3778//7134
f 3780//7135 3800//7135 3801//7135
f 3780//7136 3801//7136 3779//7136
f 4432//7137 3800//7137 3780//7137
f 4432//7138 3780//7138 4433//7138
f 3799//7139 3781//7139 3782//7139
f 3799//7140 3782//7140 3798//7140
f 3783//7141 3797//7141 3798//7141
f 3783//7142 3798//7142 3782//7142
f 3748//7143 3797//7143 3783//7143
f 3748//7144 3783//7144 3784//7144
f 3593//7145 2951//7145 3738//7145
f 3593//7146 3738//7146 3739//7146
f 3592//7147 3739//7147 3738//7147
f 3592//7148 3738//7148 3801//7148
f 3747//7149 3588//7149 3797//7149
f 3747//7150 3797//7150 3748//7150
f 3114//7151 4052//7151 4051//7151
f 3114//7152 4051//7152 3112//7152
f 3806//7153 1597//7153 1596//7153
f 3806//7154 1596//7154 3807//7154
f 3807//7155 1596//7155 1595//7155
f 3807//7156 1595//7156 3808//7156
f 3817//7157 4027//7157 4026//7157
f 3817//7158 4026//7158 3818//7158
f 4025//7159 3819//7159 3818//7159
f 4025//7160 3818//7160 4026//7160
f 4024//7161 3820//7161 3819//7161
f 4024//7162 3819//7162 4025//7162
f 3804//7163 3803//7163 3806//7163
f 3804//7164 3806//7164 3807//7164
f 3805//7165 3804//7165 3807//7165
f 3805//7166 3807//7166 3808//7166
f 3820//7167 4024//7167 4023//7167
f 3820//7168 4023//7168 3821//7168
f 1820//7169 1612//7169 3821//7169
f 1820//7170 3821//7170 4023//7170
f 3699//7171 3812//7171 3813//7171
f 3699//7172 3813//7172 3698//7172
f 3698//7173 3813//7173 3814//7173
f 3698//7174 3814//7174 3697//7174
f 3817//7175 3816//7175 4028//7175
f 3817//7176 4028//7176 4027//7176
f 3815//7177 4029//7177 4028//7177
f 3815//7178 4028//7178 3816//7178
f 3815//7179 3686//7179 4030//7179
f 3815//7180 4030//7180 4029//7180
f 3702//7181 3705//7181 3704//7181
f 3702//7182 3704//7182 3701//7182
f 3815//7183 3694//7183 3688//7183
f 3815//7184 3688//7184 3686//7184
f 3699//7185 3694//7185 3815//7185
f 3699//7186 3815//7186 3816//7186
f 3699//7187 3816//7187 3817//7187
f 3699//7188 3817//7188 3812//7188
f 3818//7189 3702//7189 3812//7189
f 3818//7190 3812//7190 3817//7190
f 3818//7191 3819//7191 3705//7191
f 3818//7192 3705//7192 3702//7192
f 3819//7193 3820//7193 3803//7193
f 3819//7194 3803//7194 3705//7194
f 3821//7195 3806//7195 3803//7195
f 3821//7196 3803//7196 3820//7196
f 3821//7197 1612//7197 1597//7197
f 3821//7198 1597//7198 3806//7198
f 3734//7199 3735//7199 2840//7199
f 3734//7200 2840//7200 2832//7200
f 3775//7201 3735//7201 3734//7201
f 3775//7202 3734//7202 3774//7202
f 3833//7203 4435//7203 4434//7203
f 3833//7204 4434//7204 3832//7204
f 3834//7205 4436//7205 4435//7205
f 3834//7206 4435//7206 3833//7206
f 3835//7207 4437//7207 4436//7207
f 3835//7208 4436//7208 3834//7208
f 3836//7209 4438//7209 4437//7209
f 3836//7210 4437//7210 3835//7210
f 3837//7211 4439//7211 4438//7211
f 3837//7212 4438//7212 3836//7212
f 3838//7213 4440//7213 4439//7213
f 3838//7214 4439//7214 3837//7214
f 4440//7215 3838//7215 3839//7215
f 4440//7216 3839//7216 4441//7216
f 3841//7217 3344//7217 3342//7217
f 3841//7218 3342//7218 3840//7218
f 3842//7219 3341//7219 3344//7219
f 3842//7220 3344//7220 3841//7220
f 3843//7221 3398//7221 3341//7221
f 3843//7222 3341//7222 3842//7222
f 3844//7223 3399//7223 3398//7223
f 3844//7224 3398//7224 3843//7224
f 3845//7225 3400//7225 3399//7225
f 3845//7226 3399//7226 3844//7226
f 3846//7227 3401//7227 3400//7227
f 3846//7228 3400//7228 3845//7228
f 3920//7229 3401//7229 3846//7229
f 3920//7230 3846//7230 3921//7230
f 4297//7231 3969//7231 3968//7231
f 4297//7232 3968//7232 4298//7232
f 3848//7233 3849//7233 3404//7233
f 3848//7234 3404//7234 3403//7234
f 3849//7235 3850//7235 3405//7235
f 3849//7236 3405//7236 3404//7236
f 3850//7237 4084//7237 4083//7237
f 3850//7238 4083//7238 3405//7238
f 3998//7239 3852//7239 3498//7239
f 3998//7240 3498//7240 3999//7240
f 5//7241 1645//7241 3853//7241
f 5//7242 3853//7242 2357//7242
f 2357//7243 3853//7243 3854//7243
f 2357//7244 3854//7244 2353//7244
f 4537//7245 4538//7245 3855//7245
f 4537//7246 3855//7246 2354//7246
f 4268//7247 4267//7247 4279//7247
f 4268//7248 4279//7248 4280//7248
f 4280//7249 4279//7249 3856//7249
f 4280//7250 3856//7250 2352//7250
f 2352//7251 3856//7251 3857//7251
f 2352//7252 3857//7252 2358//7252
f 2358//7253 3857//7253 3858//7253
f 2358//7254 3858//7254 2337//7254
f 2337//7255 3858//7255 3859//7255
f 2337//7256 3859//7256 2334//7256
f 2334//7257 3859//7257 3860//7257
f 2334//7258 3860//7258 2331//7258
f 2331//7259 3860//7259 3861//7259
f 2331//7260 3861//7260 2332//7260
f 2332//7261 3861//7261 2645//7261
f 2332//7262 2645//7262 2333//7262
f 2644//7263 2645//7263 3861//7263
f 2644//7264 3861//7264 2339//7264
f 3094//7265 3862//7265 3863//7265
f 3094//7266 3863//7266 3106//7266
f 3106//7267 3863//7267 3864//7267
f 3106//7268 3864//7268 2473//7268
f 3865//7269 3413//7269 2473//7269
f 3865//7270 2473//7270 3864//7270
f 3866//7271 3269//7271 3413//7271
f 3866//7272 3413//7272 3865//7272
f 2661//7273 3871//7273 3872//7273
f 2661//7274 3872//7274 2601//7274
f 2601//7275 3872//7275 3873//7275
f 2601//7276 3873//7276 2600//7276
f 2600//7277 3873//7277 3874//7277
f 2600//7278 3874//7278 2604//7278
f 2464//7279 2604//7279 3874//7279
f 2464//7280 3874//7280 3875//7280
f 2464//7281 3875//7281 3876//7281
f 2464//7282 3876//7282 3673//7282
f 3673//7283 3876//7283 3877//7283
f 3673//7284 3877//7284 2990//7284
f 2990//7285 3877//7285 3878//7285
f 2990//7286 3878//7286 3001//7286
f 3001//7287 3878//7287 3012//7287
f 3001//7288 3012//7288 2470//7288
f 3891//7289 3612//7289 975//7289
f 3891//7290 975//7290 1685//7290
f 2559//7291 3612//7291 3891//7291
f 2559//7292 3891//7292 3892//7292
f 3472//7293 2559//7293 3892//7293
f 3472//7294 3892//7294 3893//7294
f 3894//7295 3475//7295 3472//7295
f 3894//7296 3472//7296 3893//7296
f 3475//7297 3894//7297 3895//7297
f 3475//7298 3895//7298 3645//7298
f 3645//7299 3895//7299 3896//7299
f 3645//7300 3896//7300 2553//7300
f 4220//7301 2553//7301 3896//7301
f 4220//7302 3896//7302 4221//7302
f 4221//7303 3897//7303 3531//7303
f 4221//7304 3531//7304 4220//7304
f 3531//7305 3897//7305 4243//7305
f 3531//7306 4243//7306 2578//7306
f 3635//7307 3898//7307 3899//7307
f 3635//7308 3899//7308 2570//7308
f 2570//7309 3899//7309 3900//7309
f 2570//7310 3900//7310 2569//7310
f 2569//7311 3900//7311 4113//7311
f 2569//7312 4113//7312 4112//7312
f 2721//7313 3249//7313 3901//7313
f 2721//7314 3901//7314 3902//7314
f 3903//7315 2558//7315 4182//7315
f 3903//7316 4182//7316 4181//7316
f 2558//7317 3903//7317 3904//7317
f 2558//7318 3904//7318 2733//7318
f 2733//7319 3904//7319 3905//7319
f 2733//7320 3905//7320 3227//7320
f 2550//7321 3227//7321 3905//7321
f 2550//7322 3905//7322 3906//7322
f 3907//7323 2549//7323 2550//7323
f 3907//7324 2550//7324 3906//7324
f 3908//7325 3218//7325 4153//7325
f 3908//7326 4153//7326 4152//7326
f 3218//7327 3908//7327 3909//7327
f 3218//7328 3909//7328 2535//7328
f 3910//7329 2536//7329 2535//7329
f 3910//7330 2535//7330 3909//7330
f 2536//7331 3910//7331 3911//7331
f 2536//7332 3911//7332 2526//7332
f 2526//7333 3911//7333 3912//7333
f 2526//7334 3912//7334 2520//7334
f 2520//4690 3912//4690 3913//4690
f 2520//7335 3913//7335 2508//7335
f 2508//7336 3913//7336 3914//7336
f 2508//7337 3914//7337 2972//7337
f 2972//7338 3914//7338 3915//7338
f 2972//7339 3915//7339 2497//7339
f 3916//7340 2957//7340 2497//7340
f 3916//7341 2497//7341 3915//7341
f 2498//7342 2957//7342 3916//7342
f 2498//7343 3916//7343 3917//7343
f 2498//7344 3917//7344 3918//7344
f 2498//7345 3918//7345 2488//7345
f 2488//7346 3918//7346 3919//7346
f 2488//7347 3919//7347 2489//7347
f 3920//7348 3402//7348 2489//7348
f 3920//7349 2489//7349 3919//7349
f 3847//7350 3402//7350 3920//7350
f 3847//7351 3920//7351 3921//7351
f 3922//7352 2472//7352 3847//7352
f 3922//7353 3847//7353 3921//7353
f 2472//7354 3922//7354 3862//7354
f 2472//7355 3862//7355 3094//7355
f 3924//7356 3672//7356 2471//7356
f 3924//7357 2471//7357 3923//7357
f 3925//7358 2989//7358 3672//7358
f 3925//7359 3672//7359 3924//7359
f 3000//7360 2989//7360 3925//7360
f 3000//7361 3925//7361 3926//7361
f 3000//7362 3926//7362 3087//7362
f 3000//7363 3087//7363 2478//7363
f 3007//7364 3012//7364 2463//7364
f 3007//7365 2463//7365 3927//7365
f 3928//7366 3023//7366 3007//7366
f 3928//7367 3007//7367 3927//7367
f 3929//7368 3028//7368 3023//7368
f 3929//7369 3023//7369 3928//7369
f 3930//7370 3032//7370 3028//7370
f 3930//7371 3028//7371 3929//7371
f 3931//7372 3049//7372 3032//7372
f 3931//7373 3032//7373 3930//7373
f 3932//7374 3054//7374 3049//7374
f 3932//7375 3049//7375 3931//7375
f 3933//7376 3060//7376 3054//7376
f 3933//7377 3054//7377 3932//7377
f 3934//7378 3056//7378 3060//7378
f 3934//7379 3060//7379 3933//7379
f 3089//7380 3056//7380 3934//7380
f 3089//7381 3934//7381 3935//7381
f 3936//7382 3708//7382 3089//7382
f 3936//7383 3089//7383 3935//7383
f 3057//7384 3708//7384 3936//7384
f 3057//7385 3936//7385 3937//7385
f 3938//7386 3116//7386 3057//7386
f 3938//7387 3057//7387 3937//7387
f 1734//7388 962//7388 3116//7388
f 1734//7389 3116//7389 3938//7389
f 3939//7390 3611//7390 976//7390
f 3939//7391 976//7391 1735//7391
f 3822//7392 3611//7392 3939//7392
f 3822//7393 3939//7393 3940//7393
f 3471//7394 3822//7394 3940//7394
f 3471//7395 3940//7395 3941//7395
f 3942//7396 3476//7396 3471//7396
f 3942//7397 3471//7397 3941//7397
f 3476//7398 3942//7398 3943//7398
f 3476//7399 3943//7399 3644//7399
f 3944//7400 2560//7400 3644//7400
f 3944//7401 3644//7401 3943//7401
f 4218//7402 2560//7402 3944//7402
f 4218//7403 3944//7403 4219//7403
f 4219//7404 3945//7404 3530//7404
f 4219//7405 3530//7405 4218//7405
f 3530//7406 3945//7406 2583//7406
f 3530//7407 2583//7407 2586//7407
f 3947//7408 2577//7408 3636//7408
f 3947//7409 3636//7409 3946//7409
f 3948//7410 2576//7410 2577//7410
f 3948//7411 2577//7411 3947//7411
f 4110//7412 2576//7412 3948//7412
f 4110//7413 3948//7413 4111//7413
f 2720//7414 3248//7414 3949//7414
f 2720//7415 3949//7415 3950//7415
f 3951//7416 2564//7416 4184//7416
f 3951//7417 4184//7417 4183//7417
f 3952//7418 2732//7418 2564//7418
f 3952//7419 2564//7419 3951//7419
f 3953//7420 3226//7420 2732//7420
f 3953//7421 2732//7421 3952//7421
f 2557//7422 3226//7422 3953//7422
f 2557//7423 3953//7423 3954//7423
f 3955//7424 2556//7424 2557//7424
f 3955//7425 2557//7425 3954//7425
f 3956//7426 3219//7426 4155//7426
f 3956//7427 4155//7427 4154//7427
f 3957//7428 2541//7428 3219//7428
f 3957//7429 3219//7429 3956//7429
f 3958//7430 2542//7430 2541//7430
f 3958//7431 2541//7431 3957//7431
f 3959//7432 2534//7432 2542//7432
f 3959//7433 2542//7433 3958//7433
f 2525//7434 2534//7434 3959//7434
f 2525//7435 3959//7435 3960//7435
f 3961//7436 2519//7436 2525//7436
f 3961//7437 2525//7437 3960//7437
f 3962//7438 2971//7438 2519//7438
f 3962//7439 2519//7439 3961//7439
f 3963//7440 2506//7440 2971//7440
f 3963//7441 2971//7441 3962//7441
f 3964//7442 2956//7442 2506//7442
f 3964//7443 2506//7443 3963//7443
f 2507//7444 2956//7444 3964//7444
f 2507//7445 3964//7445 3965//7445
f 3966//7446 2493//7446 2507//7446
f 3966//7447 2507//7447 3965//7447
f 3967//7448 2494//7448 2493//7448
f 3967//7449 2493//7449 3966//7449
f 3968//7450 3403//7450 2494//7450
f 3968//7451 2494//7451 3967//7451
f 3969//7452 3848//7452 3403//7452
f 3969//7453 3403//7453 3968//7453
f 3970//7454 2480//7454 3848//7454
f 3970//7455 3848//7455 3969//7455
f 3971//7456 3093//7456 2480//7456
f 3971//7457 2480//7457 3970//7457
f 3972//7458 3105//7458 3093//7458
f 3972//7459 3093//7459 3971//7459
f 3105//7460 3972//7460 3973//7460
f 3105//7461 3973//7461 2481//7461
f 3974//7462 3414//7462 2481//7462
f 3974//7463 2481//7463 3973//7463
f 3975//7464 3270//7464 3414//7464
f 3975//7465 3414//7465 3974//7465
f 3976//7466 3435//7466 3270//7466
f 3976//7467 3270//7467 3975//7467
f 3434//7468 3435//7468 3976//7468
f 3434//7469 3976//7469 3977//7469
f 3978//7470 3433//7470 3434//7470
f 3978//7471 3434//7471 3977//7471
f 3979//7472 3274//7472 3433//7472
f 3979//7473 3433//7473 3978//7473
f 3980//7474 3466//7474 3274//7474
f 3980//7475 3274//7475 3979//7475
f 2620//7476 3466//7476 3980//7476
f 2620//7477 3980//7477 3981//7477
f 2620//7478 3981//7478 3982//7478
f 2620//7479 3982//7479 2606//7479
f 3983//7480 2607//7480 2606//7480
f 3983//7481 2606//7481 3982//7481
f 3984//7482 2611//7482 2607//7482
f 3984//7483 2607//7483 3983//7483
f 2471//7484 2611//7484 3984//7484
f 2471//7485 3984//7485 3923//7485
f 2619//7486 3985//7486 3986//7486
f 2619//7487 3986//7487 2623//7487
f 2623//7488 3986//7488 3987//7488
f 2623//7489 3987//7489 2683//7489
f 2683//7490 3987//7490 3988//7490
f 2683//7491 3988//7491 3272//7491
f 3272//7492 3988//7492 3989//7492
f 3272//7493 3989//7493 3459//7493
f 3459//7494 3989//7494 3990//7494
f 3459//7495 3990//7495 3460//7495
f 3991//7496 3461//7496 3460//7496
f 3991//7497 3460//7497 3990//7497
f 3461//7498 3991//7498 3992//7498
f 3461//7499 3992//7499 3458//7499
f 3458//7500 3992//7500 3993//7500
f 3458//7501 3993//7501 3457//7501
f 3994//7502 3456//7502 3457//7502
f 3994//7503 3457//7503 3993//7503
f 3456//7504 3994//7504 3995//7504
f 3456//7505 3995//7505 3455//7505
f 3455//7506 3995//7506 3996//7506
f 3455//7507 3996//7507 3443//7507
f 3997//7508 3442//7508 3443//7508
f 3997//7509 3443//7509 3996//7509
f 3998//7510 3851//7510 3442//7510
f 3998//7511 3442//7511 3997//7511
f 3851//7512 3998//7512 3999//7512
f 3851//7513 3999//7513 3444//7513
f 4000//7514 3446//7514 3444//7514
f 4000//7515 3444//7515 3999//7515
f 3446//7516 4000//7516 4001//7516
f 3446//7517 4001//7517 3445//7517
f 3445//7518 4001//7518 4002//7518
f 3445//7519 4002//7519 3447//7519
f 4003//7520 3454//7520 3447//7520
f 4003//7521 3447//7521 4002//7521
f 3454//7522 4003//7522 4004//7522
f 3454//7523 4004//7523 3453//7523
f 3453//7524 4004//7524 4005//7524
f 3453//7525 4005//7525 3449//7525
f 3449//7526 4005//7526 4006//7526
f 3449//7527 4006//7527 3448//7527
f 3448//7528 4006//7528 4007//7528
f 3448//7529 4007//7529 3450//7529
f 4008//7530 3451//7530 3450//7530
f 4008//7531 3450//7531 4007//7531
f 3451//7532 4008//7532 4009//7532
f 3451//7533 4009//7533 3452//7533
f 3452//7534 4009//7534 4010//7534
f 3452//7535 4010//7535 2561//7535
f 4011//7536 3222//7536 2561//7536
f 4011//7537 2561//7537 4010//7537
f 4159//7538 3222//7538 4011//7538
f 4159//7539 4011//7539 4160//7539
f 2573//7540 4012//7540 4013//7540
f 2573//7541 4013//7541 2574//7541
f 4014//7542 3223//7542 2574//7542
f 4014//7543 2574//7543 4013//7543
f 3223//7544 4014//7544 4015//7544
f 3223//7545 4015//7545 2729//7545
f 2729//7546 4015//7546 4016//7546
f 2729//7547 4016//7547 2580//7547
f 4188//7548 2580//7548 4016//7548
f 4188//7549 4016//7549 4189//7549
f 4018//7550 3245//7550 2717//7550
f 4018//7551 2717//7551 4017//7551
f 4019//7552 2588//7552 4106//7552
f 4019//7553 4106//7553 4105//7553
f 2588//7554 4019//7554 4020//7554
f 2588//7555 4020//7555 2589//7555
f 2589//7556 4020//7556 4021//7556
f 2589//7557 4021//7557 3639//7557
f 1599//7558 1820//7558 4023//7558
f 1599//7559 4023//7559 3811//7559
f 4024//7560 3810//7560 3811//7560
f 4024//7561 3811//7561 4023//7561
f 3809//7562 3810//7562 4024//7562
f 3809//7563 4024//7563 4025//7563
f 3809//7564 4025//7564 4026//7564
f 3809//7565 4026//7565 3802//7565
f 4027//7566 3696//7566 3802//7566
f 4027//7567 3802//7567 4026//7567
f 4028//7568 3692//7568 3696//7568
f 4028//7569 3696//7569 4027//7569
f 4029//7570 3691//7570 3692//7570
f 4029//7571 3692//7571 4028//7571
f 4030//7572 3690//7572 3691//7572
f 4030//7573 3691//7573 4029//7573
f 3078//7574 3690//7574 4030//7574
f 3078//7575 4030//7575 4031//7575
f 3077//7576 3078//7576 4031//7576
f 3077//7577 4031//7577 4032//7577
f 3076//7578 3077//7578 4032//7578
f 3076//7579 4032//7579 4033//7579
f 3075//7580 3076//7580 4033//7580
f 3075//7581 4033//7581 4034//7581
f 2485//7582 3075//7582 4034//7582
f 2485//7583 4034//7583 2503//7583
f 2514//7584 3020//7584 4035//7584
f 2514//7585 4035//7585 2997//7585
f 2997//7586 4035//7586 4036//7586
f 2997//7587 4036//7587 2986//7587
f 3669//7588 2986//7588 4036//7588
f 3669//7589 4036//7589 4037//7589
f 3669//7590 4037//7590 4038//7590
f 3669//7591 4038//7591 2616//7591
f 4039//7592 2617//7592 2616//7592
f 4039//7593 2616//7593 4038//7593
f 2617//7594 4039//7594 4040//7594
f 2617//7595 4040//7595 2618//7595
f 2618//7596 4040//7596 3985//7596
f 2618//7597 3985//7597 2619//7597
f 4041//7598 3075//7598 2485//7598
f 4041//7599 2485//7599 2478//7599
f 4042//7600 3076//7600 3075//7600
f 4042//7601 3075//7601 4041//7601
f 4043//7602 3077//7602 3076//7602
f 4043//7603 3076//7603 4042//7603
f 4044//7604 3078//7604 3077//7604
f 4044//7605 3077//7605 4043//7605
f 4045//7606 3690//7606 3078//7606
f 4045//7607 3078//7607 4044//7607
f 3690//7608 4045//7608 4046//7608
f 3690//7609 4046//7609 3691//7609
f 4047//7610 3692//7610 3691//7610
f 4047//7611 3691//7611 4046//7611
f 4048//7612 3696//7612 3692//7612
f 4048//7613 3692//7613 4047//7613
f 4049//7614 3802//7614 3696//7614
f 4049//7615 3696//7615 4048//7615
f 4050//7616 3809//7616 3802//7616
f 4050//7617 3802//7617 4049//7617
f 4051//7618 3810//7618 3809//7618
f 4051//7619 3809//7619 4050//7619
f 4052//7620 3811//7620 3810//7620
f 4052//7621 3810//7621 4051//7621
f 1599//7622 3811//7622 4052//7622
f 1599//7623 4052//7623 1851//7623
f 4053//7624 3608//7624 1644//7624
f 4053//7625 1644//7625 1852//7625
f 3825//7626 3608//7626 4053//7626
f 3825//7627 4053//7627 4054//7627
f 3468//7628 3825//7628 4054//7628
f 3468//7629 4054//7629 4055//7629
f 4056//7630 3479//7630 3468//7630
f 4056//7631 3468//7631 4055//7631
f 3479//7632 4056//7632 4057//7632
f 3479//7633 4057//7633 3641//7633
f 4058//7634 2579//7634 3641//7634
f 4058//7635 3641//7635 4057//7635
f 4214//7636 2579//7636 4058//7636
f 4214//7637 4058//7637 4215//7637
f 4215//7638 4059//7638 3527//7638
f 4215//7639 3527//7639 4214//7639
f 3527//7640 4059//7640 4022//7640
f 3527//7641 4022//7641 3513//7641
f 4062//7642 2589//7642 3639//7642
f 4062//7643 3639//7643 4061//7643
f 4063//7644 2588//7644 2589//7644
f 4063//7645 2589//7645 4062//7645
f 4106//7646 2588//7646 4063//7646
f 4106//7647 4063//7647 4107//7647
f 2717//7648 3245//7648 4064//7648
f 2717//7649 4064//7649 4065//7649
f 4066//7650 2580//7650 4188//7650
f 4066//7651 4188//7651 4187//7651
f 4067//7652 2729//7652 2580//7652
f 4067//7653 2580//7653 4066//7653
f 4068//7654 3223//7654 2729//7654
f 4068//7655 2729//7655 4067//7655
f 2574//7656 3223//7656 4068//7656
f 2574//7657 4068//7657 4069//7657
f 4070//7658 2573//7658 2574//7658
f 4070//7659 2574//7659 4069//7659
f 4071//7660 3222//7660 4159//7660
f 4071//7661 4159//7661 4158//7661
f 2561//7662 3222//7662 4071//7662
f 2561//7663 4071//7663 4072//7663
f 4073//7664 3452//7664 2561//7664
f 4073//7665 2561//7665 4072//7665
f 4074//7666 3451//7666 3452//7666
f 4074//7667 3452//7667 4073//7667
f 3450//7668 3451//7668 4074//7668
f 3450//7669 4074//7669 4075//7669
f 4076//7670 3448//7670 3450//7670
f 4076//7671 3450//7671 4075//7671
f 4077//7672 3449//7672 3448//7672
f 4077//7673 3448//7673 4076//7673
f 4078//7674 3453//7674 3449//7674
f 4078//7675 3449//7675 4077//7675
f 4079//7676 3454//7676 3453//7676
f 4079//7677 3453//7677 4078//7677
f 3447//7678 3454//7678 4079//7678
f 3447//7679 4079//7679 4080//7679
f 4081//7680 3445//7680 3447//7680
f 4081//7681 3447//7681 4080//7681
f 4082//7682 3446//7682 3445//7682
f 4082//7683 3445//7683 4081//7683
f 3444//7684 3446//7684 4082//7684
f 3444//7685 4082//7685 4083//7685
f 4084//7686 3851//7686 3444//7686
f 4084//7687 3444//7687 4083//7687
f 4085//7688 3442//7688 3851//7688
f 4085//7689 3851//7689 4084//7689
f 4086//7690 3443//7690 3442//7690
f 4086//7691 3442//7691 4085//7691
f 4087//7692 3455//7692 3443//7692
f 4087//7693 3443//7693 4086//7693
f 4088//7694 3456//7694 3455//7694
f 4088//7695 3455//7695 4087//7695
f 4089//7696 3457//7696 3456//7696
f 4089//7697 3456//7697 4088//7697
f 4090//7698 3458//7698 3457//7698
f 4090//7699 3457//7699 4089//7699
f 4091//7700 3461//7700 3458//7700
f 4091//7701 3458//7701 4090//7701
f 3460//7702 3461//7702 4091//7702
f 3460//7703 4091//7703 4092//7703
f 4093//7704 3459//7704 3460//7704
f 4093//7705 3460//7705 4092//7705
f 4094//7706 3272//7706 3459//7706
f 4094//7707 3459//7707 4093//7707
f 2683//7708 3272//7708 4094//7708
f 2683//7709 4094//7709 4095//7709
f 2683//7710 4095//7710 4096//7710
f 2683//7711 4096//7711 2623//7711
f 4097//7712 2619//7712 2623//7712
f 4097//7713 2623//7713 4096//7713
f 4098//7714 2618//7714 2619//7714
f 4098//7715 2619//7715 4097//7715
f 4099//7716 2617//7716 2618//7716
f 4099//7717 2618//7717 4098//7717
f 2616//7718 2617//7718 4099//7718
f 2616//7719 4099//7719 4100//7719
f 4101//7720 3669//7720 2616//7720
f 4101//7721 2616//7721 4100//7721
f 4102//7722 2986//7722 3669//7722
f 4102//7723 3669//7723 4101//7723
f 2997//7724 2986//7724 4102//7724
f 2997//7725 4102//7725 4103//7725
f 2997//7726 4103//7726 3019//7726
f 2997//7727 3019//7727 2514//7727
f 3510//7728 4104//7728 4105//7728
f 3510//7729 4105//7729 4018//7729
f 4106//7730 3245//7730 4018//7730
f 4106//7731 4018//7731 4105//7731
f 3245//7732 4106//7732 4107//7732
f 3245//7733 4107//7733 4064//7733
f 4108//7734 3246//7734 4064//7734
f 4108//7735 4064//7735 4107//7735
f 3246//7736 4108//7736 4109//7736
f 3246//7737 4109//7737 3247//7737
f 3247//7738 4109//7738 4110//7738
f 3247//7739 4110//7739 3248//7739
f 3248//7740 4110//7740 4111//7740
f 3248//7741 4111//7741 3949//7741
f 4319//7742 3949//7742 4111//7742
f 4319//7743 4111//7743 4320//7743
f 4113//7744 3901//7744 3249//7744
f 4113//7745 3249//7745 4112//7745
f 4114//7746 3250//7746 3901//7746
f 4114//7747 3901//7747 4113//7747
f 3250//7748 4114//7748 4115//7748
f 3250//7749 4115//7749 3251//7749
f 3251//7750 4115//7750 4116//7750
f 3251//7751 4116//7751 3252//7751
f 3253//7752 3252//7752 4116//7752
f 3253//7753 4116//7753 4117//7753
f 3253//7754 4117//7754 4118//7754
f 3253//7755 4118//7755 3254//7755
f 3255//7756 3254//7756 4118//7756
f 3255//7757 4118//7757 4119//7757
f 3255//7758 4119//7758 4120//7758
f 3255//7759 4120//7759 3256//7759
f 3256//7760 4120//7760 4121//7760
f 3256//7761 4121//7761 3257//7761
f 4122//7762 3258//7762 3257//7762
f 4122//7763 3257//7763 4121//7763
f 3258//7764 4122//7764 4123//7764
f 3258//7765 4123//7765 3259//7765
f 3259//7766 4123//7766 4124//7766
f 3259//7767 4124//7767 3260//7767
f 4125//7768 3261//7768 3260//7768
f 4125//7769 3260//7769 4124//7769
f 4126//7770 3262//7770 3261//7770
f 4126//7771 3261//7771 4125//7771
f 3262//7772 4126//7772 4127//7772
f 3262//7773 4127//7773 3263//7773
f 3263//7774 4127//7774 4128//7774
f 3263//7775 4128//7775 3264//7775
f 3264//7776 4128//7776 4129//7776
f 3264//7777 4129//7777 3265//7777
f 3265//7778 4129//7778 4130//7778
f 3265//7779 4130//7779 3266//7779
f 4131//7780 3753//7780 3266//7780
f 4131//7781 3266//7781 4130//7781
f 3789//7782 3753//7782 4131//7782
f 3789//7783 4131//7783 4132//7783
f 4134//7784 3759//7784 3794//7784
f 4134//7785 3794//7785 4133//7785
f 3759//7786 4134//7786 4135//7786
f 3759//7787 4135//7787 2857//7787
f 2857//7788 4135//7788 4136//7788
f 2857//7789 4136//7789 2849//7789
f 2849//7790 4136//7790 4137//7790
f 2849//7791 4137//7791 2856//7791
f 2856//7792 4137//7792 4138//7792
f 2856//7793 4138//7793 2808//7793
f 2808//7794 4138//7794 4139//7794
f 2808//7795 4139//7795 2807//7795
f 2807//7796 4139//7796 4140//7796
f 2807//7797 4140//7797 2801//7797
f 2801//7798 4140//7798 4141//7798
f 2801//7799 4141//7799 2934//7799
f 2934//7800 4141//7800 4142//7800
f 2934//7801 4142//7801 2789//7801
f 2789//7802 4142//7802 4143//7802
f 2789//7803 4143//7803 2788//7803
f 2788//7804 4143//7804 4144//7804
f 2788//7805 4144//7805 2771//7805
f 2771//7806 4144//7806 4145//7806
f 2771//7807 4145//7807 2340//7807
f 2340//7808 4145//7808 4146//7808
f 2340//7809 4146//7809 2323//7809
f 2323//7810 4146//7810 4147//7810
f 2323//7811 4147//7811 2319//7811
f 2319//7812 4147//7812 4148//7812
f 2319//7813 4148//7813 2629//7813
f 2629//7814 4148//7814 4149//7814
f 2629//7815 4149//7815 2530//7815
f 2530//7816 4149//7816 4150//7816
f 2530//7817 4150//7817 2527//7817
f 2527//7818 4150//7818 4151//7818
f 2527//7819 4151//7819 2675//7819
f 2675//7820 4151//7820 4152//7820
f 2675//7821 4152//7821 3907//7821
f 4153//7822 2549//7822 3907//7822
f 4153//7823 3907//7823 4152//7823
f 4311//7824 4154//7824 3955//7824
f 4311//7825 3955//7825 4312//7825
f 4155//7826 2556//7826 3955//7826
f 4155//7827 3955//7827 4154//7827
f 2556//7828 4155//7828 4156//7828
f 2556//7829 4156//7829 2562//7829
f 2562//7830 4156//7830 4157//7830
f 2562//7831 4157//7831 2566//7831
f 2566//7832 4157//7832 4158//7832
f 2566//7833 4158//7833 4070//7833
f 4159//7834 2573//7834 4070//7834
f 4159//7835 4070//7835 4158//7835
f 4012//7836 2573//7836 4159//7836
f 4012//7837 4159//7837 4160//7837
f 4161//7838 3505//7838 4012//7838
f 4161//7839 4012//7839 4160//7839
f 2925//7840 4164//7840 4165//7840
f 2925//7841 4165//7841 2924//7841
f 2924//7842 4165//7842 4166//7842
f 2924//7843 4166//7843 2923//7843
f 2923//7844 4166//7844 4167//7844
f 2923//7845 4167//7845 2922//7845
f 2922//7846 4167//7846 4168//7846
f 2922//7847 4168//7847 2921//7847
f 2921//7848 4168//7848 4169//7848
f 2921//7849 4169//7849 2920//7849
f 2920//7850 4169//7850 4170//7850
f 2920//7851 4170//7851 2938//7851
f 2938//7852 4170//7852 4171//7852
f 2938//7853 4171//7853 2919//7853
f 2919//7854 4171//7854 4172//7854
f 2919//7855 4172//7855 2918//7855
f 2918//7856 4172//7856 4173//7856
f 2918//7857 4173//7857 2767//7857
f 2767//7858 4173//7858 4174//7858
f 2767//7859 4174//7859 2728//7859
f 2728//7860 4174//7860 4175//7860
f 2728//7861 4175//7861 2727//7861
f 2727//7862 4175//7862 4176//7862
f 2727//7863 4176//7863 2726//7863
f 2726//7864 4176//7864 4177//7864
f 2726//7865 4177//7865 2725//7865
f 2725//7866 4177//7866 4178//7866
f 2725//7867 4178//7867 2724//7867
f 2724//7868 4178//7868 4179//7868
f 2724//7869 4179//7869 2723//7869
f 2723//7870 4179//7870 4180//7870
f 2723//7871 4180//7871 2722//7871
f 2722//7872 4180//7872 4181//7872
f 2722//7873 4181//7873 3902//7873
f 4182//7874 2721//7874 3902//7874
f 4182//7875 3902//7875 4181//7875
f 4317//7876 4183//7876 3950//7876
f 4317//7877 3950//7877 4318//7877
f 4184//7878 2720//7878 3950//7878
f 4184//7879 3950//7879 4183//7879
f 2720//7880 4184//7880 4185//7880
f 2720//7881 4185//7881 2719//7881
f 2719//7882 4185//7882 4186//7882
f 2719//7883 4186//7883 2718//7883
f 2718//7884 4186//7884 4187//7884
f 2718//7885 4187//7885 4065//7885
f 4188//7886 2717//7886 4065//7886
f 4188//7887 4065//7887 4187//7887
f 4017//7888 2717//7888 4188//7888
f 4017//7889 4188//7889 4189//7889
f 4190//7890 3509//7890 4017//7890
f 4190//7891 4017//7891 4189//7891
f 2925//7892 4191//7892 4163//7892
f 2925//7893 4163//7893 4164//7893
f 4191//7894 3754//7894 4162//7894
f 4191//7895 4162//7895 4163//7895
f 3753//7896 4191//7896 2925//7896
f 3753//7897 2925//7897 3266//7897
f 3754//7898 4191//7898 3753//7898
f 3754//7899 3753//7899 3789//7899
f 2890//7900 3828//7900 2942//7900
f 2890//7901 2942//7901 2941//7901
f 2890//7902 3481//7902 3830//7902
f 2890//7903 3830//7903 3828//7903
f 3829//7904 3827//7904 3480//7904
f 3829//7905 3480//7905 4195//7905
f 3480//7906 3827//7906 3830//7906
f 3480//7907 3830//7907 3481//7907
f 3541//7908 3542//7908 4229//7908
f 3541//7909 4229//7909 4196//7909
f 4192//7910 3541//7910 4196//7910
f 4192//7911 4196//7911 4197//7911
f 4193//7912 4192//7912 4197//7912
f 4193//7913 4197//7913 4198//7913
f 4194//7914 4193//7914 4198//7914
f 4194//7915 4198//7915 4199//7915
f 4195//7916 4194//7916 4199//7916
f 4195//7917 4199//7917 4200//7917
f 3829//7918 4195//7918 4200//7918
f 3829//7919 4200//7919 2660//7919
f 4196//7920 4201//7920 4202//7920
f 4196//7921 4202//7921 4197//7921
f 4203//7922 4198//7922 4197//7922
f 4203//7923 4197//7923 4202//7923
f 4198//7924 4203//7924 4204//7924
f 4198//7925 4204//7925 4199//7925
f 4199//7926 4204//7926 4205//7926
f 4199//7927 4205//7927 4200//7927
f 4200//7928 4205//7928 2252//7928
f 4200//7929 2252//7929 2660//7929
f 4223//7930 4206//7930 4207//7930
f 4223//7931 4207//7931 4224//7931
f 4208//7932 4225//7932 4224//7932
f 4208//7933 4224//7933 4207//7933
f 4225//7934 4208//7934 4209//7934
f 4225//7935 4209//7935 4226//7935
f 4226//7936 4209//7936 4210//7936
f 4226//7937 4210//7937 4227//7937
f 3617//7938 4207//7938 4206//7938
f 3617//7939 4206//7939 3647//7939
f 3616//7940 4208//7940 4207//7940
f 3616//7941 4207//7941 3617//7941
f 3826//7942 4209//7942 4208//7942
f 3826//7943 4208//7943 3616//7943
f 3615//7944 4210//7944 4209//7944
f 3615//7945 4209//7945 3826//7945
f 4211//7946 4212//7946 2252//7946
f 4211//7947 2252//7947 4205//7947
f 4211//7948 2013//7948 2014//7948
f 4211//7949 2014//7949 4212//7949
f 1399//7950 2016//7950 4213//7950
f 1399//7951 4213//7951 3614//7951
f 3614//7952 4213//7952 4210//7952
f 3614//7953 4210//7953 3615//7953
f 4228//7954 4213//7954 2016//7954
f 4228//7955 2016//7955 2032//7955
f 4213//7956 4228//7956 4227//7956
f 4213//7957 4227//7957 4210//7957
f 4201//7958 4223//7958 4224//7958
f 4201//7959 4224//7959 4202//7959
f 4225//7960 4203//7960 4202//7960
f 4225//7961 4202//7961 4224//7961
f 4203//7962 4225//7962 4226//7962
f 4203//7963 4226//7963 4204//7963
f 4204//7964 4226//7964 4227//7964
f 4204//7965 4227//7965 4205//7965
f 4228//7966 4211//7966 4205//7966
f 4228//7967 4205//7967 4227//7967
f 2032//7968 2013//7968 4211//7968
f 2032//7969 4211//7969 4228//7969
f 4196//7970 4229//7970 4230//7970
f 4196//7971 4230//7971 4201//7971
f 4201//7972 4230//7972 4231//7972
f 4201//7973 4231//7973 4223//7973
f 4223//7974 4231//7974 4232//7974
f 4223//7975 4232//7975 4206//7975
f 3542//7976 2344//7976 4233//7976
f 3542//7977 4233//7977 4234//7977
f 3629//7978 3630//7978 4233//7978
f 3629//7979 4233//7979 2344//7979
f 4229//7980 3542//7980 4234//7980
f 4229//7981 4234//7981 4230//7981
f 4206//7982 4232//7982 4235//7982
f 4206//7983 4235//7983 3647//7983
f 4234//7984 4233//7984 4236//7984
f 4234//7985 4236//7985 4237//7985
f 3630//7986 3631//7986 4236//7986
f 3630//7987 4236//7987 4233//7987
f 4230//7988 4234//7988 4237//7988
f 4230//7989 4237//7989 4231//7989
f 4237//7990 4236//7990 4238//7990
f 4237//7991 4238//7991 4239//7991
f 3631//7992 3632//7992 4238//7992
f 3631//7993 4238//7993 4236//7993
f 4231//7994 4237//7994 4239//7994
f 4231//7995 4239//7995 4232//7995
f 4239//7996 4238//7996 4240//7996
f 4239//7997 4240//7997 4241//7997
f 3632//7998 3633//7998 4240//7998
f 3632//7999 4240//7999 4238//7999
f 4232//8000 4239//8000 4241//8000
f 4232//8001 4241//8001 4235//8001
f 2578//8002 3636//8002 3637//8002
f 2578//8003 3637//8003 2583//8003
f 2583//8004 3637//8004 3638//8004
f 2583//8005 3638//8005 2586//8005
f 2586//8006 3638//8006 4061//8006
f 2586//8007 4061//8007 4060//8007
f 4022//8008 4021//8008 3640//8008
f 4022//8009 3640//8009 3513//8009
f 2590//8010 3639//8010 4021//8010
f 2590//8011 4021//8011 4022//8011
f 4060//8012 4061//8012 3639//8012
f 4060//8013 3639//8013 2590//8013
f 4323//8014 3946//8014 4243//8014
f 4323//8015 4243//8015 4324//8015
f 4245//8016 3634//8016 3898//8016
f 4245//8017 3898//8017 4244//8017
f 4244//8018 3898//8018 3635//8018
f 4244//8019 3635//8019 4242//8019
f 4243//8020 3946//8020 3636//8020
f 4243//8021 3636//8021 2578//8021
f 2014//8022 934//8022 3600//8022
f 2014//8023 3600//8023 4212//8023
f 2252//8024 4212//8024 3600//8024
f 2252//8025 3600//8025 2362//8025
f 2252//8026 2362//8026 2361//8026
f 2252//8027 2361//8027 2660//8027
f 4245//8028 4240//8028 3633//8028
f 4245//8029 3633//8029 3634//8029
f 4235//8030 4252//8030 4246//8030
f 4235//8031 4246//8031 3647//8031
f 4253//8032 4241//8032 4240//8032
f 4253//8033 4240//8033 4245//8033
f 3617//8034 3647//8034 4246//8034
f 3617//8035 4246//8035 4247//8035
f 1399//8036 3614//8036 4248//8036
f 1399//8037 4248//8037 2053//8037
f 3614//8038 3615//8038 4249//8038
f 3614//8039 4249//8039 4248//8039
f 3615//8040 3826//8040 4250//8040
f 3615//8041 4250//8041 4249//8041
f 4251//8042 3616//8042 3617//8042
f 4251//8043 3617//8043 4247//8043
f 3826//8044 3616//8044 4251//8044
f 3826//8045 4251//8045 4250//8045
f 4235//8046 4241//8046 4253//8046
f 4235//8047 4253//8047 4252//8047
f 4248//8048 4254//8048 2059//8048
f 4248//8048 2059//8048 2053//8048
f 4254//8049 4248//8049 4249//8049
f 4254//8050 4249//8050 4255//8050
f 4255//8051 4249//8051 4250//8051
f 4255//8052 4250//8052 4256//8052
f 4256//8053 4250//8053 4251//8053
f 4256//8054 4251//8054 4257//8054
f 4257//8055 4251//8055 4247//8055
f 4257//8056 4247//8056 4258//8056
f 4246//8057 4259//8057 4258//8057
f 4246//8058 4258//8058 4247//8058
f 4252//8059 4260//8059 4259//8059
f 4252//8060 4259//8060 4246//8060
f 4260//8061 4252//8061 4253//8061
f 4260//8062 4253//8062 4261//8062
f 4254//8063 3613//8063 973//8063
f 4254//8064 973//8064 2059//8064
f 3613//8065 4254//8065 4255//8065
f 3613//8066 4255//8066 2680//8066
f 2680//8067 4255//8067 4256//8067
f 2680//8068 4256//8068 3473//8068
f 3473//8069 4256//8069 4257//8069
f 3473//8070 4257//8070 3474//8070
f 3474//8071 4257//8071 4258//8071
f 3474//8072 4258//8072 3646//8072
f 4259//8073 2677//8073 3646//8073
f 4259//8074 3646//8074 4258//8074
f 4260//8075 4222//8075 2677//8075
f 4260//8076 2677//8076 4259//8076
f 4222//8077 4260//8077 4261//8077
f 4222//8078 4261//8078 3532//8078
f 4261//8079 4253//8079 4245//8079
f 4261//8080 4245//8080 4244//8080
f 3897//8081 4325//8081 4324//8081
f 3897//8082 4324//8082 4243//8082
f 3532//8083 4261//8083 4244//8083
f 3532//8084 4244//8084 4242//8084
f 3130//8085 3133//8085 3134//8085
f 3130//8086 3134//8086 3129//8086
f 3138//8087 4262//8087 3133//8087
f 3138//8088 3133//8088 3136//8088
f 3133//8089 4262//8089 4263//8089
f 3133//8090 4263//8090 3134//8090
f 4263//8091 2763//8091 3135//8091
f 4263//8092 3135//8092 3134//8092
f 4262//8093 3142//8093 3141//8093
f 4262//8094 3141//8094 4263//8094
f 4263//8095 3141//8095 2348//8095
f 4263//8096 2348//8096 2763//8096
f 4262//8097 3138//8097 3139//8097
f 4262//8098 3139//8098 3142//8098
f 3140//8099 3168//8099 3142//8099
f 3140//8100 3142//8100 3139//8100
f 3131//8101 3169//8101 3168//8101
f 3131//8102 3168//8102 3140//8102
f 3169//8103 3131//8103 3132//8103
f 3169//8104 3132//8104 3547//8104
f 3547//8105 3132//8105 3143//8105
f 3547//8106 3143//8106 3538//8106
f 4265//8107 2594//8107 2595//8107
f 4265//8108 2595//8108 4264//8108
f 4266//8109 2356//8109 2594//8109
f 4266//8110 2594//8110 4265//8110
f 4267//8111 3855//8111 2356//8111
f 4267//8112 2356//8112 4266//8112
f 2354//8113 3855//8113 4267//8113
f 2354//8114 4267//8114 4268//8114
f 4269//8115 3395//8115 4380//8115
f 4269//8116 4380//8116 4379//8116
f 4270//8117 3365//8117 3395//8117
f 4270//8118 3395//8118 4269//8118
f 2350//8119 3365//8119 4270//8119
f 2350//8120 4270//8120 4271//8120
f 3521//8121 3190//8121 4272//8121
f 3521//8122 4272//8122 3522//8122
f 2251//8123 3525//8123 4273//8123
f 2251//8124 4273//8124 4274//8124
f 4275//8125 3174//8125 2251//8125
f 4275//8126 2251//8126 4274//8126
f 4277//8127 4265//8127 4264//8127
f 4277//8128 4264//8128 4276//8128
f 4279//8129 4267//8129 4266//8129
f 4279//8130 4266//8130 4278//8130
f 4281//8131 4269//8131 4379//8131
f 4281//8132 4379//8132 4378//8132
f 4270//8133 4269//8133 4281//8133
f 4270//8134 4281//8134 4282//8134
f 4283//8135 4271//8135 4270//8135
f 4283//8136 4270//8136 4282//8136
f 3522//8137 4272//8137 4284//8137
f 3522//8138 4284//8138 4285//8138
f 3535//8139 3538//8139 3143//8139
f 3535//8140 3143//8140 3539//8140
f 4275//8141 3535//8141 3539//8141
f 4275//8142 3539//8142 3173//8142
f 3172//8143 3174//8143 4275//8143
f 3172//8144 4275//8144 3173//8144
f 3603//8145 3174//8145 3172//8145
f 3603//8146 3172//8146 3602//8146
f 978//8147 979//8147 3603//8147
f 978//8148 3603//8148 3602//8148
f 3427//8149 4286//8149 3430//8149
f 3427//8150 3430//8150 3426//8150
f 3870//8151 3869//8151 3430//8151
f 3870//8152 3430//8152 4286//8152
f 3870//8153 4288//8153 4287//8153
f 3870//8154 4287//8154 3869//8154
f 3870//8155 2662//8155 3871//8155
f 3870//8156 3871//8156 4288//8156
f 4288//8157 4290//8157 4289//8157
f 4288//8158 4289//8158 4287//8158
f 4288//8159 3871//8159 2661//8159
f 4288//8160 2661//8160 4290//8160
f 4290//8161 3980//8161 3979//8161
f 4290//8162 3979//8162 4289//8162
f 2661//8163 3981//8163 3980//8163
f 2661//8164 3980//8164 4290//8164
f 3269//8165 4291//8165 4292//8165
f 3269//8166 4292//8166 3413//8166
f 2473//8167 3413//8167 4292//8167
f 2473//8168 4292//8168 4293//8168
f 4294//8169 3106//8169 2473//8169
f 4294//8170 2473//8170 4293//8170
f 3094//8171 3106//8171 4294//8171
f 3094//8172 4294//8172 4295//8172
f 2472//8173 3094//8173 4295//8173
f 2472//8174 4295//8174 4296//8174
f 2472//8175 4296//8175 4297//8175
f 2472//8176 4297//8176 3847//8176
f 3847//8177 4297//8177 4298//8177
f 3847//8178 4298//8178 3402//8178
f 2489//8179 3402//8179 4298//8179
f 2489//8180 4298//8180 4299//8180
f 2489//8181 4299//8181 4300//8181
f 2489//8181 4300//8181 2488//8181
f 2488//8182 4300//8182 4301//8182
f 2488//8183 4301//8183 2498//8183
f 4302//8184 2957//8184 2498//8184
f 4302//8185 2498//8185 4301//8185
f 2957//8186 4302//8186 4303//8186
f 2957//8187 4303//8187 2497//8187
f 2972//8188 2497//8188 4303//8188
f 2972//8189 4303//8189 4304//8189
f 2972//8190 4304//8190 4305//8190
f 2972//8191 4305//8191 2508//8191
f 2508//8192 4305//8192 4306//8192
f 2508//8193 4306//8193 2520//8193
f 4307//8194 2526//8194 2520//8194
f 4307//8195 2520//8195 4306//8195
f 2526//8196 4307//8196 4308//8196
f 2526//8197 4308//8197 2536//8197
f 2535//8198 2536//8198 4308//8198
f 2535//8199 4308//8199 4309//8199
f 3218//8200 2535//8200 4309//8200
f 3218//8201 4309//8201 4310//8201
f 4153//8202 3218//8202 4310//8202
f 4153//8203 4310//8203 4311//8203
f 2549//8204 4153//8204 4311//8204
f 2549//8205 4311//8205 4312//8205
f 2550//8206 2549//8206 4312//8206
f 2550//8207 4312//8207 4313//8207
f 4314//8208 3227//8208 2550//8208
f 4314//8209 2550//8209 4313//8209
f 2733//8210 3227//8210 4314//8210
f 2733//8211 4314//8211 4315//8211
f 2733//8212 4315//8212 4316//8212
f 2733//8213 4316//8213 2558//8213
f 4182//8214 2558//8214 4316//8214
f 4182//8215 4316//8215 4317//8215
f 2721//8216 4182//8216 4317//8216
f 2721//8217 4317//8217 4318//8217
f 4319//8218 3249//8218 2721//8218
f 4319//8219 2721//8219 4318//8219
f 4112//8220 3249//8220 4319//8220
f 4112//8221 4319//8221 4320//8221
f 4321//8222 2569//8222 4112//8222
f 4321//8223 4112//8223 4320//8223
f 2569//8224 4321//8224 4322//8224
f 2569//8225 4322//8225 2570//8225
f 2570//8226 4322//8226 4323//8226
f 2570//8227 4323//8227 3635//8227
f 4242//8228 3635//8228 4323//8228
f 4242//8229 4323//8229 4324//8229
f 3532//8230 4242//8230 4324//8230
f 3532//8231 4324//8231 4325//8231
f 4222//8232 3532//8232 4325//8232
f 4222//8233 4325//8233 4326//8233
f 4327//8234 2677//8234 4222//8234
f 4327//8235 4222//8235 4326//8235
f 4328//8236 3646//8236 2677//8236
f 4328//8237 2677//8237 4327//8237
f 4329//8238 3474//8238 3646//8238
f 4329//8239 3646//8239 4328//8239
f 3473//8240 3474//8240 4329//8240
f 3473//8241 4329//8241 4330//8241
f 4331//8242 2680//8242 3473//8242
f 4331//8243 3473//8243 4330//8243
f 3613//8244 2680//8244 4331//8244
f 3613//8245 4331//8245 4332//8245
f 2139//8246 973//8246 3613//8246
f 2139//8247 3613//8247 4332//8247
f 3978//8248 4333//8248 4289//8248
f 3978//8249 4289//8249 3979//8249
f 3977//8250 4334//8250 4333//8250
f 3977//8251 4333//8251 3978//8251
f 3976//8252 4335//8252 4334//8252
f 3976//8253 4334//8253 3977//8253
f 3975//8254 4291//8254 4335//8254
f 3975//8255 4335//8255 3976//8255
f 4337//8256 3278//8256 3555//8256
f 4337//8257 3555//8257 4336//8257
f 4338//8258 3285//8258 3278//8258
f 4338//8259 3278//8259 4337//8259
f 4339//8260 3292//8260 3285//8260
f 4339//8261 3285//8261 4338//8261
f 4340//8262 3299//8262 3292//8262
f 4340//8263 3292//8263 4339//8263
f 3306//8264 3299//8264 4340//8264
f 3306//8265 4340//8265 4341//8265
f 4342//8266 3350//8266 3306//8266
f 4342//8267 3306//8267 4341//8267
f 4343//8268 3380//8268 3350//8268
f 4343//8269 3350//8269 4342//8269
f 4360//8270 3380//8270 4343//8270
f 4360//8271 4343//8271 4361//8271
f 4344//8272 4345//8272 3375//8272
f 4344//8273 3375//8273 3370//8273
f 4346//8274 3420//8274 3375//8274
f 4346//8275 3375//8275 4345//8275
f 4347//8276 3424//8276 3420//8276
f 4347//8277 3420//8277 4346//8277
f 4348//8278 3428//8278 3424//8278
f 4348//8279 3424//8279 4347//8279
f 4349//8280 3431//8280 3428//8280
f 4349//8281 3428//8281 4348//8281
f 3431//8282 4349//8282 4350//8282
f 3431//8283 4350//8283 3868//8283
f 3866//8284 3867//8284 4351//8284
f 3866//8285 4351//8285 3269//8285
f 4351//8286 4335//8286 4291//8286
f 4351//8287 4291//8287 3269//8287
f 3867//8288 3868//8288 4352//8288
f 3867//8289 4352//8289 4351//8289
f 4352//8290 4334//8290 4335//8290
f 4352//8291 4335//8291 4351//8291
f 4334//8292 4352//8292 4353//8292
f 4334//8293 4353//8293 4333//8293
f 4353//8294 4287//8294 4289//8294
f 4353//8295 4289//8295 4333//8295
f 4350//8296 4353//8296 4352//8296
f 4350//8297 4352//8297 3868//8297
f 3869//8298 4287//8298 4353//8298
f 3869//8299 4353//8299 4350//8299
f 3463//8300 4354//8300 3407//8300
f 3463//8301 3407//8301 3464//8301
f 4354//8302 4355//8302 3099//8302
f 4354//8303 3099//8303 3407//8303
f 4355//8304 3110//8304 3098//8304
f 4355//8305 3098//8305 3099//8305
f 4356//8306 2281//8306 3110//8306
f 4356//8307 3110//8307 4355//8307
f 3408//8308 3409//8308 2281//8308
f 3408//8309 2281//8309 4356//8309
f 3417//8310 4357//8310 4358//8310
f 3417//8311 4358//8311 3372//8311
f 3372//8312 4358//8312 4359//8312
f 3372//8313 4359//8313 3371//8313
f 3371//8314 4359//8314 4360//8314
f 3371//8315 4360//8315 3370//8315
f 3370//8316 4360//8316 4361//8316
f 3370//8317 4361//8317 4344//8317
f 4362//8318 3368//8318 4344//8318
f 4362//8319 4344//8319 4361//8319
f 3368//8320 4362//8320 4363//8320
f 3368//8321 4363//8321 3369//8321
f 4364//8322 3151//8322 3369//8322
f 4364//8323 3369//8323 4363//8323
f 4410//8324 3151//8324 4364//8324
f 4410//8325 4364//8325 4411//8325
f 2271//8326 4410//8326 4411//8326
f 2271//8327 4411//8327 4365//8327
f 4366//8328 2269//8328 2271//8328
f 4366//8329 2271//8329 4365//8329
f 2269//8330 4366//8330 4367//8330
f 2269//8331 4367//8331 2304//8331
f 2304//8332 4367//8332 4368//8332
f 2304//8333 4368//8333 2308//8333
f 2308//8334 4368//8334 4369//8334
f 2308//8335 4369//8335 2307//8335
f 4370//8336 2702//8336 2307//8336
f 4370//8337 2307//8337 4369//8337
f 4371//8338 2333//8338 2702//8338
f 4371//8339 2702//8339 4370//8339
f 2333//8340 4371//8340 4372//8340
f 2333//8341 4372//8341 2332//8341
f 4373//8342 2331//8342 2332//8342
f 4373//8343 2332//8343 4372//8343
f 2334//8344 2331//8344 4373//8344
f 2334//8345 4373//8345 4374//8345
f 2334//8346 4374//8346 4375//8346
f 2334//8347 4375//8347 2337//8347
f 2337//8348 4375//8348 4376//8348
f 2337//8349 4376//8349 2358//8349
f 2358//8350 4376//8350 4377//8350
f 2358//8351 4377//8351 2352//8351
f 4280//8352 2352//8352 4377//8352
f 4280//8353 4377//8353 4378//8353
f 4379//8354 4268//8354 4280//8354
f 4379//8355 4280//8355 4378//8355
f 4380//8356 2354//8356 4268//8356
f 4380//8357 4268//8357 4379//8357
f 2354//8358 4380//8358 4536//8358
f 2354//8359 4536//8359 4537//8359
f 2353//8360 4381//8360 4382//8360
f 2353//8361 4382//8361 2357//8361
f 2190//8362 5//8362 2357//8362
f 2190//8363 2357//8363 4382//8363
f 4357//8364 3329//8364 3326//8364
f 4357//8365 3326//8365 3377//8365
f 3408//8366 4356//8366 3462//8366
f 3408//8367 3462//8367 3417//8367
f 3329//8368 4357//8368 4383//8368
f 3329//8369 4383//8369 3332//8369
f 4357//8370 3417//8370 3462//8370
f 4357//8371 3462//8371 4383//8371
f 3118//8372 970//8372 2192//8372
f 3118//8373 2192//8373 4384//8373
f 4385//8374 2545//8374 3118//8374
f 4385//8375 3118//8375 4384//8375
f 4386//8376 3710//8376 2545//8376
f 4386//8377 2545//8377 4385//8377
f 3660//8378 3710//8378 4386//8378
f 3660//8379 4386//8379 4387//8379
f 4388//8380 3659//8380 3660//8380
f 4388//8381 3660//8381 4387//8381
f 4389//8382 2572//8382 3659//8382
f 4389//8383 3659//8383 4388//8383
f 2572//8384 4389//8384 4390//8384
f 2572//8385 4390//8385 3051//8385
f 4391//8386 3046//8386 3051//8386
f 4391//8387 3051//8387 4390//8387
f 4392//8388 2492//8388 3046//8388
f 4392//8389 3046//8389 4391//8389
f 4393//8390 2502//8390 2492//8390
f 4393//8391 2492//8391 4392//8391
f 4394//8392 2521//8392 2502//8392
f 4394//8393 2502//8393 4393//8393
f 4395//8394 3010//8394 2521//8394
f 4395//8395 2521//8395 4394//8395
f 2459//8396 3015//8396 3010//8396
f 2459//8397 3010//8397 4395//8397
f 4421//8398 2763//8398 2348//8398
f 4421//8399 2348//8399 4420//8399
f 2763//8400 4421//8400 4422//8400
f 2763//8401 4422//8401 3135//8401
f 3135//8402 4422//8402 4423//8402
f 3135//8403 4423//8403 3128//8403
f 2839//8404 3128//8404 4423//8404
f 2839//8405 4423//8405 4424//8405
f 4425//8406 2862//8406 2839//8406
f 4425//8407 2839//8407 4424//8407
f 3743//8408 2862//8408 4425//8408
f 3743//8409 4425//8409 4426//8409
f 4427//8410 2863//8410 3743//8410
f 4427//8411 3743//8411 4426//8411
f 4428//8412 2864//8412 2863//8412
f 4428//8413 2863//8413 4427//8413
f 4429//8414 2917//8414 2864//8414
f 4429//8415 2864//8415 4428//8415
f 4430//8416 2916//8416 2917//8416
f 4430//8417 2917//8417 4429//8417
f 3590//8418 2916//8418 4430//8418
f 3590//8419 4430//8419 4431//8419
f 3799//8420 3590//8420 4431//8420
f 3799//8421 4431//8421 4432//8421
f 3781//8422 3799//8422 4432//8422
f 3781//8423 4432//8423 4433//8423
f 4435//8424 3722//8424 3762//8424
f 4435//8425 3762//8425 4434//8425
f 4436//8426 2812//8426 3722//8426
f 4436//8427 3722//8427 4435//8427
f 4437//8428 2809//8428 2812//8428
f 4437//8429 2812//8429 4436//8429
f 4438//8430 2953//8430 2809//8430
f 4438//8431 2809//8431 4437//8431
f 4439//8432 3346//8432 2953//8432
f 4439//8433 2953//8433 4438//8433
f 4440//8434 3345//8434 3346//8434
f 4440//8435 3346//8435 4439//8435
f 3345//8436 4440//8436 4441//8436
f 3345//8437 4441//8437 3343//8437
f 4441//8438 3840//8438 3342//8438
f 4441//8439 3342//8439 3343//8439
f 3839//8440 3465//8440 3840//8440
f 3839//8441 3840//8441 4441//8441
f 3338//8442 3464//8442 3465//8442
f 3338//8443 3465//8443 3839//8443
f 3335//8444 3463//8444 3464//8444
f 3335//8445 3464//8445 3338//8445
f 4356//8446 4355//8446 4354//8446
f 4356//8447 4354//8447 3462//8447
f 3462//8448 4354//8448 3463//8448
f 3462//8449 3463//8449 4383//8449
f 3463//8450 3335//8450 3332//8450
f 3463//8451 3332//8451 4383//8451
f 3624//8452 2712//8452 2450//8452
f 3624//8453 2450//8453 3622//8453
f 3622//8454 2450//8454 3013//8454
f 3622//8455 3013//8455 3621//8455
f 3621//8456 3013//8456 3014//8456
f 3621//8457 3014//8457 3623//8457
f 3623//8458 3014//8458 3015//8458
f 3623//8459 3015//8459 3004//8459
f 3004//8460 3015//8460 2459//8460
f 3004//8461 2459//8461 3003//8461
f 107//8462 2229//8462 4442//8462
f 107//8463 4442//8463 1326//8463
f 4420//8464 2348//8464 3543//8464
f 4420//8465 3543//8465 4443//8465
f 2229//8466 108//8466 4444//8466
f 2229//8467 4444//8467 4442//8467
f 2349//8468 4420//8468 4443//8468
f 2349//8469 4443//8469 4445//8469
f 108//8470 912//8470 4446//8470
f 108//8471 4446//8471 4444//8471
f 3153//8472 2349//8472 4445//8472
f 3153//8473 4445//8473 4447//8473
f 912//8474 1057//8474 4448//8474
f 912//8475 4448//8475 4446//8475
f 3277//8476 3153//8476 4447//8476
f 3277//8477 4447//8477 4449//8477
f 4448//8478 1057//8478 1337//8478
f 4448//8479 1337//8479 1338//8479
f 3277//8480 4449//8480 3555//8480
f 3277//8481 3555//8481 3554//8481
f 1327//8482 1326//8482 4442//8482
f 1327//8483 4442//8483 4450//8483
f 3543//8484 3544//8484 4451//8484
f 3543//8485 4451//8485 4443//8485
f 4450//8486 4442//8486 4444//8486
f 4450//8487 4444//8487 4452//8487
f 4443//8488 4451//8488 4453//8488
f 4443//8489 4453//8489 4445//8489
f 4452//8490 4444//8490 4446//8490
f 4452//8491 4446//8491 4454//8491
f 4445//8492 4453//8492 4455//8492
f 4445//8493 4455//8493 4447//8493
f 4454//8494 4446//8494 4448//8494
f 4454//8495 4448//8495 4456//8495
f 4447//8496 4455//8496 4457//8496
f 4447//8497 4457//8497 4449//8497
f 4456//8498 4448//8498 1338//8498
f 4456//8499 1338//8499 2143//8499
f 4449//8500 4457//8500 4336//8500
f 4449//8501 4336//8501 3555//8501
f 1340//8502 1341//8502 4460//8502
f 1340//8503 4460//8503 4459//8503
f 2143//8504 1339//8504 4461//8504
f 2143//8505 4461//8505 4456//8505
f 1339//8506 1340//8506 4459//8506
f 1339//8507 4459//8507 4461//8507
f 1341//8508 2228//8508 4462//8508
f 1341//8509 4462//8509 4460//8509
f 4462//8510 2228//8510 1342//8510
f 4462//8511 1342//8511 4458//8511
f 4463//8512 3559//8512 4419//8512
f 4463//8513 4419//8513 4467//8513
f 3558//8514 3557//8514 4465//8514
f 3558//8515 4465//8515 4464//8515
f 3556//8516 4336//8516 4457//8516
f 3556//8517 4457//8517 4466//8517
f 3557//8518 3556//8518 4466//8518
f 3557//8519 4466//8519 4465//8519
f 4419//8520 3558//8520 4464//8520
f 4419//8521 4464//8521 4467//8521
f 4459//8522 4460//8522 4469//8522
f 4459//8523 4469//8523 4468//8523
f 4464//8524 4465//8524 4471//8524
f 4464//8525 4471//8525 4470//8525
f 4456//8526 4461//8526 4472//8526
f 4456//8527 4472//8527 4454//8527
f 4461//8528 4459//8528 4468//8528
f 4461//8529 4468//8529 4472//8529
f 4466//8530 4457//8530 4455//8530
f 4466//8531 4455//8531 4473//8531
f 4465//8532 4466//8532 4473//8532
f 4465//8533 4473//8533 4471//8533
f 4468//8534 4469//8534 4475//8534
f 4468//8535 4475//8535 4474//8535
f 4470//8536 4471//8536 4477//8536
f 4470//8537 4477//8537 4476//8537
f 4454//8538 4472//8538 4478//8538
f 4454//8539 4478//8539 4452//8539
f 4472//8540 4468//8540 4474//8540
f 4472//8541 4474//8541 4478//8541
f 4473//8542 4455//8542 4453//8542
f 4473//8543 4453//8543 4479//8543
f 4471//8544 4473//8544 4479//8544
f 4471//8545 4479//8545 4477//8545
f 4474//8546 4475//8546 4481//8546
f 4474//8547 4481//8547 4480//8547
f 4476//8548 4477//8548 4483//8548
f 4476//8549 4483//8549 4482//8549
f 4452//8550 4478//8550 4484//8550
f 4452//8551 4484//8551 4450//8551
f 4478//8552 4474//8552 4480//8552
f 4478//8553 4480//8553 4484//8553
f 4479//8554 4453//8554 4451//8554
f 4479//8555 4451//8555 4485//8555
f 4477//8556 4479//8556 4485//8556
f 4477//8557 4485//8557 4483//8557
f 4480//8558 4481//8558 1316//8558
f 4480//8559 1316//8559 1319//8559
f 4482//8560 4483//8560 3536//8560
f 4482//8561 3536//8561 3533//8561
f 4450//8562 4484//8562 1328//8562
f 4450//8563 1328//8563 1327//8563
f 4484//8564 4480//8564 1319//8564
f 4484//8565 1319//8565 1328//8565
f 4485//8566 4451//8566 3544//8566
f 4485//8567 3544//8567 3545//8567
f 4483//8568 4485//8568 3545//8568
f 4483//8569 3545//8569 3536//8569
f 4460//8570 4462//8570 4486//8570
f 4460//8571 4486//8571 4469//8571
f 4467//8572 4464//8572 4470//8572
f 4467//8573 4470//8573 4487//8573
f 4469//8574 4486//8574 4488//8574
f 4469//8575 4488//8575 4475//8575
f 4487//8576 4470//8576 4476//8576
f 4487//8577 4476//8577 4489//8577
f 4475//8578 4488//8578 4490//8578
f 4475//8579 4490//8579 4481//8579
f 4489//8580 4476//8580 4482//8580
f 4489//8581 4482//8581 4491//8581
f 4481//8582 4490//8582 1309//8582
f 4481//8583 1309//8583 1316//8583
f 4491//8584 4482//8584 3533//8584
f 4491//8585 3533//8585 3526//8585
f 4486//8586 4462//8586 4458//8586
f 4486//8587 4458//8587 4492//8587
f 4493//8588 4463//8588 4467//8588
f 4493//8589 4467//8589 4487//8589
f 4493//8590 4487//8590 4489//8590
f 4493//8591 4489//8591 4494//8591
f 4486//8592 4492//8592 4495//8592
f 4486//8593 4495//8593 4488//8593
f 4497//8594 1309//8594 4490//8594
f 4497//8595 4490//8595 4498//8595
f 3526//8596 4496//8596 4499//8596
f 3526//8597 4499//8597 4491//8597
f 4498//8598 4490//8598 4488//8598
f 4498//8599 4488//8599 4495//8599
f 4491//8600 4499//8600 4494//8600
f 4491//8601 4494//8601 4489//8601
f 1304//8602 1303//8602 4503//8602
f 1304//8603 4503//8603 4504//8603
f 3521//8604 3522//8604 4501//8604
f 3521//8605 4501//8605 4502//8605
f 2091//8606 1304//8606 4504//8606
f 2091//8607 4504//8607 4505//8607
f 3522//8608 4285//8608 4500//8608
f 3522//8609 4500//8609 4501//8609
f 4501//8610 4500//8610 4494//8610
f 4501//8611 4494//8611 4499//8611
f 4502//8612 4501//8612 4499//8612
f 4502//8613 4499//8613 4496//8613
f 4504//8614 4503//8614 4497//8614
f 4504//8615 4497//8615 4498//8615
f 4505//8616 4504//8616 4498//8616
f 4505//8617 4498//8617 4495//8617
f 4285//8618 3563//8618 4506//8618
f 4285//8619 4506//8619 4500//8619
f 1346//8620 2091//8620 4505//8620
f 1346//8621 4505//8621 4507//8621
f 1345//8622 1346//8622 4507//8622
f 1345//8623 4507//8623 4508//8623
f 3563//8624 3562//8624 4509//8624
f 3563//8625 4509//8625 4506//8625
f 1344//8626 1345//8626 4508//8626
f 1344//8627 4508//8627 1343//8627
f 3562//8628 3561//8628 3560//8628
f 3562//8629 3560//8629 4509//8629
f 4508//8630 4507//8630 4492//8630
f 4508//8631 4492//8631 4458//8631
f 4506//8632 4509//8632 4463//8632
f 4506//8633 4463//8633 4493//8633
f 4500//8634 4506//8634 4493//8634
f 4500//8635 4493//8635 4494//8635
f 4507//8636 4505//8636 4495//8636
f 4507//8637 4495//8637 4492//8637
f 1343//8638 4508//8638 4458//8638
f 1343//8639 4458//8639 1342//8639
f 4509//8640 3560//8640 3559//8640
f 4509//8641 3559//8641 4463//8641
f 4522//8642 4523//8642 4512//8642
f 4522//8643 4512//8643 4513//8643
f 4523//8644 4524//8644 4511//8644
f 4523//8645 4511//8645 4512//8645
f 4521//8646 4522//8646 4513//8646
f 4521//8647 4513//8647 4514//8647
f 4524//8648 4525//8648 4510//8648
f 4524//8649 4510//8649 4511//8649
f 4511//8650 4510//8650 3525//8650
f 4511//8651 3525//8651 3605//8651
f 4512//8652 4511//8652 3605//8652
f 4512//8653 3605//8653 1308//8653
f 4513//8654 4512//8654 1308//8654
f 4513//8655 1308//8655 1390//8655
f 4514//8656 4513//8656 1390//8656
f 4514//8657 1390//8657 1307//8657
f 1307//8658 2079//8658 4515//8658
f 1307//8659 4515//8659 4514//8659
f 4273//8660 3525//8660 4510//8660
f 4273//8661 4510//8661 4516//8661
f 4515//8662 2079//8662 1316//8662
f 4515//8663 1316//8663 1309//8663
f 3526//8664 3533//8664 4273//8664
f 3526//8665 4273//8665 4516//8665
f 3526//8666 4516//8666 4520//8666
f 3526//8667 4520//8667 4496//8667
f 4515//8668 1309//8668 4497//8668
f 4515//8669 4497//8669 4519//8669
f 4526//8670 4527//8670 4522//8670
f 4526//8671 4522//8671 4521//8671
f 4527//8672 4528//8672 4523//8672
f 4527//8673 4523//8673 4522//8673
f 4528//8674 4529//8674 4524//8674
f 4528//8675 4524//8675 4523//8675
f 4529//8676 4530//8676 4525//8676
f 4529//8677 4525//8677 4524//8677
f 1347//8678 1348//8678 4527//8678
f 1347//8679 4527//8679 4526//8679
f 1348//8680 1349//8680 4528//8680
f 1348//8681 4528//8681 4527//8681
f 1349//8682 3565//8682 4529//8682
f 1349//8683 4529//8683 4528//8683
f 3565//8684 3564//8684 4530//8684
f 3565//8685 4530//8685 4529//8685
f 4526//8686 4521//8686 4519//8686
f 4526//8687 4519//8687 4517//8687
f 4525//8688 4530//8688 4518//8688
f 4525//8689 4518//8689 4520//8689
f 4521//8690 4514//8690 4515//8690
f 4521//8691 4515//8691 4519//8691
f 4510//8692 4525//8692 4520//8692
f 4510//8693 4520//8693 4516//8693
f 3564//8694 3192//8694 4532//8694
f 3564//8695 4532//8695 4531//8695
f 2351//8696 3366//8696 4534//8696
f 2351//8697 4534//8697 4533//8697
f 3366//8698 3396//8698 4535//8698
f 3366//8699 4535//8699 4534//8699
f 4536//8700 4535//8700 3396//8700
f 4536//8701 3396//8701 4381//8701
f 4537//8702 4536//8702 4381//8702
f 4537//8703 4381//8703 2353//8703
f 2353//8704 3854//8704 4538//8704
f 2353//8705 4538//8705 4537//8705
f 3854//8706 2355//8706 4539//8706
f 3854//8707 4539//8707 4538//8707
f 2355//8708 2593//8708 4540//8708
f 2355//8709 4540//8709 4539//8709
f 2592//8710 4541//8710 4540//8710
f 2592//8711 4540//8711 2593//8711
f 2592//8712 2//8712 4542//8712
f 2592//8713 4542//8713 4541//8713
f 351//8714 4543//8714 4542//8714
f 351//8715 4542//8715 2//8715
f 351//8716 352//8716 4544//8716
f 351//8717 4544//8717 4543//8717
f 114//8718 4545//8718 4544//8718
f 114//8719 4544//8719 352//8719
f 1647//8720 4546//8720 4545//8720
f 1647//8721 4545//8721 114//8721
f 112//8722 4547//8722 4546//8722
f 112//8723 4546//8723 1647//8723
f 4548//8724 4547//8724 112//8724
f 4548//8725 112//8725 2188//8725
f 4549//8726 4548//8726 2188//8726
f 4549//8727 2188//8727 1177//8727
f 1146//8728 4550//8728 4549//8728
f 1146//8729 4549//8729 1177//8729
f 110//8730 4551//8730 4550//8730
f 110//8731 4550//8731 1146//8731
f 1347//8732 4553//8732 4552//8732
f 1347//8733 4552//8733 952//8733
f 4526//8734 4517//8734 4553//8734
f 4526//8735 4553//8735 1347//8735
f 4518//8736 4530//8736 3564//8736
f 4518//8737 3564//8737 4531//8737
f 1303//8738 4553//8738 4517//8738
f 1303//8739 4517//8739 4503//8739
f 4531//8740 3521//8740 4502//8740
f 4531//8741 4502//8741 4518//8741
f 4503//8742 4517//8742 4519//8742
f 4503//8743 4519//8743 4497//8743
f 4518//8744 4502//8744 4496//8744
f 4518//8745 4496//8745 4520//8745
f 4872//8746 1268//8746 69//8746
f 4872//8747 69//8747 4560//8747
f 64//8748 65//8748 4567//8748
f 64//8749 4567//8749 4566//8749
f 5013//8750 5014//8750 4783//8750
f 5013//8751 4783//8751 4784//8751
f 4975//8752 4976//8752 5013//8752
f 4975//8753 5013//8753 5012//8753
f 5012//8754 5013//8754 4784//8754
f 5012//8755 4784//8755 4808//8755
f 5015//8756 5016//8756 4785//8756
f 5015//8757 4785//8757 4782//8757
f 4584//8758 4581//8758 4582//8758
f 4584//8759 4582//8759 4583//8759
f 4585//8760 4584//8760 4583//8760
f 4585//8761 4583//8761 4562//8761
f 4785//8762 5016//8762 5017//8762
f 4785//8763 5017//8763 4786//8763
f 5504//8764 5505//8764 4731//8764
f 5504//8765 4731//8765 4590//8765
f 4842//8766 4729//8766 4589//8766
f 4842//8767 4589//8767 4554//8767
f 5503//8768 5504//8768 4590//8768
f 5503//8769 4590//8769 4775//8769
f 4594//8770 4593//8770 4558//8770
f 4594//8771 4558//8771 4555//8771
f 5501//8772 5502//8772 4578//8772
f 5501//8773 4578//8773 4596//8773
f 4589//8774 4777//8774 4778//8774
f 4589//8775 4778//8775 4554//8775
f 72//8776 2089//8776 4988//8776
f 72//8777 4988//8777 4612//8777
f 109//8778 4601//8778 4600//8778
f 109//8779 4600//8779 4599//8779
f 4917//8780 4918//8780 4603//8780
f 4917//8781 4603//8781 4602//8781
f 4605//8782 4604//8782 4599//8782
f 4605//8783 4599//8783 4600//8783
f 4916//8784 4917//8784 4602//8784
f 4916//8785 4602//8785 4606//8785
f 4918//8786 5497//8786 5498//8786
f 4918//8787 5498//8787 4603//8787
f 4603//8788 4610//8788 4609//8788
f 4603//8789 4609//8789 4602//8789
f 5498//8790 5499//8790 4610//8790
f 5498//8791 4610//8791 4603//8791
f 4551//8792 5496//8792 4601//8792
f 4551//8793 4601//8793 109//8793
f 4612//8794 4615//8794 4614//8794
f 4612//8795 4614//8795 4613//8795
f 4564//8796 4613//8796 4614//8796
f 4564//8797 4614//8797 4616//8797
f 4617//8798 4565//8798 4564//8798
f 4617//8799 4564//8799 4616//8799
f 4618//8800 4587//8800 4565//8800
f 4618//8801 4565//8801 4617//8801
f 4618//8802 4619//8802 4586//8802
f 4618//8803 4586//8803 4587//8803
f 4933//8804 4934//8804 4621//8804
f 4933//8805 4621//8805 4622//8805
f 4934//8806 4935//8806 4596//8806
f 4934//8807 4596//8807 4621//8807
f 4935//8808 5500//8808 5501//8808
f 4935//8809 5501//8809 4596//8809
f 4620//8810 4606//8810 4602//8810
f 4620//8811 4602//8811 4609//8811
f 4593//8812 4937//8812 4950//8812
f 4593//8813 4950//8813 4558//8813
f 4623//8814 4624//8814 4557//8814
f 4623//8815 4557//8815 4556//8815
f 4586//8816 4619//8816 4626//8816
f 4586//8817 4626//8817 4580//8817
f 4563//8818 4585//8818 4562//8818
f 4563//8819 4562//8819 4560//8819
f 4578//8820 4576//8820 4621//8820
f 4578//8821 4621//8821 4596//8821
f 4576//8822 4577//8822 4622//8822
f 4576//8823 4622//8823 4621//8823
f 4589//8824 4729//8824 4730//8824
f 4589//8825 4730//8825 4591//8825
f 4589//8826 4591//8826 4776//8826
f 4589//8827 4776//8827 4777//8827
f 4593//8828 4594//8828 4592//8828
f 4593//8829 4592//8829 4595//8829
f 4593//8830 4595//8830 4936//8830
f 4593//8831 4936//8831 4937//8831
f 4607//8832 4624//8832 4623//8832
f 4607//8833 4623//8833 4611//8833
f 4919//8834 4920//8834 4624//8834
f 4919//8835 4624//8835 4607//8835
f 130//8836 4627//8836 4608//8836
f 130//8837 4608//8837 110//8837
f 4627//8838 130//8838 6//8838
f 4627//8839 6//8839 4559//8839
f 4624//8840 4920//8840 4921//8840
f 4624//8841 4921//8841 4557//8841
f 4634//8842 460//8842 1265//8842
f 4634//8843 1265//8843 4857//8843
f 4567//8844 65//8844 460//8844
f 4567//8845 460//8845 4634//8845
f 5021//8846 5022//8846 4568//8846
f 5021//8847 4568//8847 4632//8847
f 4847//8848 5020//8848 5021//8848
f 4847//8849 5021//8849 4632//8849
f 4629//8850 4630//8850 4845//8850
f 4629//8851 4845//8851 4844//8851
f 4625//8852 4628//8852 4630//8852
f 4625//8853 4630//8853 4629//8853
f 4733//8854 4734//8854 4571//8854
f 4733//8855 4571//8855 4633//8855
f 4848//8856 4733//8856 4633//8856
f 4848//8857 4633//8857 4849//8857
f 5508//8858 5509//8858 4631//8858
f 5508//8859 4631//8859 4846//8859
f 5509//8860 5510//8860 4569//8860
f 5509//8861 4569//8861 4631//8861
f 68//8862 4561//8862 4857//8862
f 68//8863 4857//8863 1265//8863
f 5019//8864 5020//8864 4847//8864
f 5019//8865 4847//8865 4570//8865
f 4732//8866 4848//8866 4849//8866
f 4732//8867 4849//8867 4575//8867
f 4844//8868 4845//8868 4597//8868
f 4844//8869 4597//8869 4588//8869
f 5507//8870 5508//8870 4846//8870
f 5507//8871 4846//8871 4598//8871
f 4840//8872 4629//8872 4844//8872
f 4840//8873 4844//8873 4843//8873
f 4844//8874 4588//8874 4839//8874
f 4844//8875 4839//8875 4843//8875
f 4625//8876 4629//8876 4840//8876
f 4625//8877 4840//8877 4841//8877
f 4612//8878 4988//8878 4989//8878
f 4612//8879 4989//8879 4615//8879
f 4586//8880 4580//8880 4581//8880
f 4586//8881 4581//8881 4584//8881
f 4587//8882 4586//8882 4584//8882
f 4587//8883 4584//8883 4585//8883
f 4565//8884 4587//8884 4585//8884
f 4565//8885 4585//8885 4563//8885
f 4564//8886 4565//8886 4563//8886
f 4564//8887 4563//8887 70//8887
f 70//8888 4563//8888 4560//8888
f 70//8889 4560//8889 69//8889
f 4613//8890 4564//8890 70//8890
f 4613//8891 70//8891 71//8891
f 4612//8892 4613//8892 71//8892
f 4612//8893 71//8893 72//8893
f 4579//8894 4788//8894 4789//8894
f 4579//8895 4789//8895 4636//8895
f 4604//8896 4605//8896 4637//8896
f 4604//8897 4637//8897 4638//8897
f 4915//8898 4916//8898 4606//8898
f 4915//8899 4606//8899 4639//8899
f 4614//8900 4615//8900 4640//8900
f 4614//8901 4640//8901 4641//8901
f 4616//8902 4614//8902 4641//8902
f 4616//8903 4641//8903 4642//8903
f 4617//8904 4616//8904 4642//8904
f 4617//8905 4642//8905 4643//8905
f 4618//8906 4617//8906 4643//8906
f 4618//8907 4643//8907 4644//8907
f 4619//8908 4618//8908 4644//8908
f 4619//8909 4644//8909 4645//8909
f 4933//8910 4622//8910 4646//8910
f 4933//8911 4646//8911 4932//8911
f 4626//8912 4619//8912 4645//8912
f 4626//8913 4645//8913 4647//8913
f 4622//8914 4577//8914 4635//8914
f 4622//8915 4635//8915 4646//8915
f 4615//8916 4989//8916 4990//8916
f 4615//8917 4990//8917 4640//8917
f 4620//8918 4648//8918 4639//8918
f 4620//8919 4639//8919 4606//8919
f 5011//8920 5012//8920 4808//8920
f 5011//8921 4808//8921 4809//8921
f 4643//8922 4642//8922 4650//8922
f 4643//8923 4650//8923 4649//8923
f 4641//8924 4640//8924 4651//8924
f 4641//8925 4651//8925 4652//8925
f 4642//8926 4641//8926 4652//8926
f 4642//8927 4652//8927 4650//8927
f 5010//8928 5011//8928 4809//8928
f 5010//8929 4809//8929 4810//8929
f 4636//8930 4789//8930 4790//8930
f 4636//8931 4790//8931 4653//8931
f 4647//8932 4645//8932 4654//8932
f 4647//8933 4654//8933 4655//8933
f 4818//8934 4819//8934 4790//8934
f 4818//8935 4790//8935 4789//8935
f 4654//8936 4645//8936 4644//8936
f 4654//8937 4644//8937 4656//8937
f 4656//8938 4644//8938 4643//8938
f 4656//8939 4643//8939 4649//8939
f 4638//8940 4637//8940 4657//8940
f 4638//8941 4657//8941 4658//8941
f 4914//8942 4915//8942 4639//8942
f 4914//8943 4639//8943 4659//8943
f 4932//8944 4646//8944 4660//8944
f 4932//8945 4660//8945 4931//8945
f 4646//8946 4635//8946 4661//8946
f 4646//8947 4661//8947 4660//8947
f 4639//8948 4648//8948 4662//8948
f 4639//8949 4662//8949 4659//8949
f 4640//8950 4990//8950 4991//8950
f 4640//8951 4991//8951 4651//8951
f 4913//8952 4914//8952 4659//8952
f 4913//8953 4659//8953 4664//8953
f 4652//8954 4651//8954 4666//8954
f 4652//8955 4666//8955 4667//8955
f 4650//8956 4652//8956 4667//8956
f 4650//8957 4667//8957 4663//8957
f 4658//8958 4657//8958 4665//8958
f 4658//8959 4665//8959 4668//8959
f 4651//8960 4991//8960 4992//8960
f 4651//8961 4992//8961 4666//8961
f 5009//8962 5010//8962 4810//8962
f 5009//8963 4810//8963 4811//8963
f 4653//8964 4790//8964 4791//8964
f 4653//8965 4791//8965 4669//8965
f 4655//8966 4654//8966 4671//8966
f 4655//8967 4671//8967 4670//8967
f 4819//8968 4820//8968 4791//8968
f 4819//8969 4791//8969 4790//8969
f 4931//8970 4660//8970 4672//8970
f 4931//8971 4672//8971 4930//8971
f 4660//8972 4661//8972 4673//8972
f 4660//8973 4673//8973 4672//8973
f 4659//8974 4662//8974 4674//8974
f 4659//8975 4674//8975 4664//8975
f 5008//8976 5009//8976 4811//8976
f 5008//8977 4811//8977 4812//8977
f 4666//8978 4992//8978 4993//8978
f 4666//8979 4993//8979 4679//8979
f 4670//8980 4671//8980 4680//8980
f 4670//8981 4680//8981 4681//8981
f 4820//8982 4821//8982 4792//8982
f 4820//8983 4792//8983 4791//8983
f 4791//8984 4792//8984 4675//8984
f 4791//8985 4675//8985 4669//8985
f 4679//8986 4993//8986 4994//8986
f 4679//8987 4994//8987 4725//8987
f 4680//8988 4678//8988 4682//8988
f 4680//8989 4682//8989 4684//8989
f 4681//8990 4680//8990 4684//8990
f 4681//8991 4684//8991 4685//8991
f 4821//8992 4822//8992 4793//8992
f 4821//8993 4793//8993 4792//8993
f 4675//8994 4792//8994 4793//8994
f 4675//8995 4793//8995 4686//8995
f 5007//8996 5008//8996 4812//8996
f 5007//8997 4812//8997 4813//8997
f 5006//8998 5007//8998 4813//8998
f 5006//8999 4813//8999 4814//8999
f 4686//9000 4793//9000 4794//9000
f 4686//9001 4794//9001 4688//9001
f 4685//9002 4684//9002 4690//9002
f 4685//9003 4690//9003 4689//9003
f 4682//9004 4691//9004 4690//9004
f 4682//9005 4690//9005 4684//9005
f 4822//9006 4823//9006 4794//9006
f 4822//9007 4794//9007 4793//9007
f 4994//9008 4995//9008 4726//9008
f 4994//9009 4726//9009 4725//9009
f 4688//9010 4794//9010 4795//9010
f 4688//9011 4795//9011 4692//9011
f 4823//9012 4824//9012 4795//9012
f 4823//9013 4795//9013 4794//9013
f 5005//9014 5006//9014 4814//9014
f 5005//9015 4814//9015 4815//9015
f 4689//9016 4690//9016 4694//9016
f 4689//9017 4694//9017 4693//9017
f 4690//9018 4691//9018 4695//9018
f 4690//9019 4695//9019 4694//9019
f 4995//9020 4996//9020 4727//9020
f 4995//9021 4727//9021 4726//9021
f 4692//9022 4795//9022 4796//9022
f 4692//9023 4796//9023 4696//9023
f 4693//9024 4694//9024 4698//9024
f 4693//9025 4698//9025 4697//9025
f 4694//9026 4695//9026 4699//9026
f 4694//9027 4699//9027 4698//9027
f 4996//9028 4997//9028 4728//9028
f 4996//9029 4728//9029 4727//9029
f 5004//9030 5005//9030 4815//9030
f 5004//9031 4815//9031 4816//9031
f 4824//9032 4825//9032 4796//9032
f 4824//9033 4796//9033 4795//9033
f 4997//9034 4998//9034 4714//9034
f 4997//9035 4714//9035 4728//9035
f 4698//9036 4699//9036 4700//9036
f 4698//9037 4700//9037 4701//9037
f 4697//9038 4698//9038 4701//9038
f 4697//9039 4701//9039 4702//9039
f 4825//9040 4826//9040 4797//9040
f 4825//9041 4797//9041 4796//9041
f 4696//9042 4796//9042 4797//9042
f 4696//9043 4797//9043 4703//9043
f 5003//9044 5004//9044 4816//9044
f 5003//9045 4816//9045 4817//9045
f 4649//9046 4650//9046 4663//9046
f 4649//9047 4663//9047 4704//9047
f 4656//9048 4649//9048 4704//9048
f 4656//9049 4704//9049 4705//9049
f 4654//9050 4656//9050 4705//9050
f 4654//9051 4705//9051 4671//9051
f 4671//9052 4705//9052 4678//9052
f 4671//9053 4678//9053 4680//9053
f 4667//9054 4666//9054 4679//9054
f 4667//9055 4679//9055 4706//9055
f 4663//9056 4667//9056 4706//9056
f 4663//9057 4706//9057 4707//9057
f 4704//9058 4663//9058 4707//9058
f 4704//9059 4707//9059 4708//9059
f 4705//9060 4704//9060 4708//9060
f 4705//9061 4708//9061 4678//9061
f 4682//9062 4678//9062 4708//9062
f 4682//9063 4708//9063 4709//9063
f 4691//9064 4682//9064 4709//9064
f 4691//9065 4709//9065 4710//9065
f 4695//9066 4691//9066 4710//9066
f 4695//9067 4710//9067 4711//9067
f 4699//9068 4695//9068 4711//9068
f 4699//9069 4711//9069 4712//9069
f 4700//9070 4699//9070 4712//9070
f 4700//9071 4712//9071 4713//9071
f 4716//9072 4713//9072 4712//9072
f 4716//9073 4712//9073 4717//9073
f 4717//9074 4712//9074 4711//9074
f 4717//9075 4711//9075 4718//9075
f 4718//9076 4711//9076 4710//9076
f 4718//9077 4710//9077 4719//9077
f 4719//9078 4710//9078 4709//9078
f 4719//9079 4709//9079 4720//9079
f 4708//9080 4707//9080 4720//9080
f 4708//9081 4720//9081 4709//9081
f 4715//9082 4716//9082 4717//9082
f 4715//9083 4717//9083 4721//9083
f 4721//9084 4717//9084 4718//9084
f 4721//9085 4718//9085 4722//9085
f 4722//9086 4718//9086 4719//9086
f 4722//9087 4719//9087 4723//9087
f 4723//9088 4719//9088 4720//9088
f 4723//9089 4720//9089 4724//9089
f 4724//9090 4720//9090 4707//9090
f 4724//9091 4707//9091 4706//9091
f 4724//9092 4706//9092 4679//9092
f 4724//9093 4679//9093 4725//9093
f 4723//9094 4724//9094 4725//9094
f 4723//9095 4725//9095 4726//9095
f 4722//9096 4723//9096 4726//9096
f 4722//9097 4726//9097 4727//9097
f 4721//9098 4722//9098 4727//9098
f 4721//9099 4727//9099 4728//9099
f 4715//9100 4721//9100 4728//9100
f 4715//9101 4728//9101 4714//9101
f 4944//9102 954//9102 953//9102
f 4944//9103 953//9103 4574//9103
f 949//9104 4945//9104 5024//9104
f 949//9105 5024//9105 2090//9105
f 951//9106 4948//9106 4949//9106
f 951//9107 4949//9107 980//9107
f 4947//9108 4948//9108 951//9108
f 4947//9109 951//9109 952//9109
f 4946//9110 5512//9110 4552//9110
f 4946//9111 4552//9111 950//9111
f 4847//9112 4848//9112 4732//9112
f 4847//9113 4732//9113 4570//9113
f 4632//9114 4733//9114 4848//9114
f 4632//9115 4848//9115 4847//9115
f 4734//9116 4733//9116 4632//9116
f 4734//9117 4632//9117 4568//9117
f 4944//9118 4945//9118 949//9118
f 4944//9119 949//9119 954//9119
f 953//9120 957//9120 4573//9120
f 953//9121 4573//9121 4574//9121
f 957//9122 958//9122 4735//9122
f 957//9123 4735//9123 4573//9123
f 64//9124 4566//9124 4736//9124
f 64//9125 4736//9125 959//9125
f 4735//9126 958//9126 960//9126
f 4735//9127 960//9127 4737//9127
f 4737//9128 960//9128 959//9128
f 4737//9129 959//9129 4736//9129
f 4566//9130 4738//9130 4739//9130
f 4566//9131 4739//9131 4736//9131
f 4566//9132 4567//9132 4740//9132
f 4566//9133 4740//9133 4738//9133
f 4737//9134 4736//9134 4739//9134
f 4737//9135 4739//9135 4741//9135
f 4735//9136 4737//9136 4741//9136
f 4735//9137 4741//9137 4742//9137
f 4573//9138 4735//9138 4742//9138
f 4573//9139 4742//9139 4743//9139
f 4574//9140 4573//9140 4743//9140
f 4574//9141 4743//9141 4572//9141
f 4740//9142 4567//9142 4634//9142
f 4740//9143 4634//9143 4744//9143
f 4744//9144 4634//9144 4857//9144
f 4744//9145 4857//9145 4856//9145
f 4856//9146 4857//9146 4561//9146
f 4856//9147 4561//9147 4745//9147
f 4871//9148 4872//9148 4560//9148
f 4871//9149 4560//9149 4562//9149
f 4870//9150 4871//9150 4562//9150
f 4870//9151 4562//9151 4583//9151
f 4741//9152 4739//9152 4747//9152
f 4741//9153 4747//9153 4751//9153
f 4738//9154 4748//9154 4747//9154
f 4738//9155 4747//9155 4739//9155
f 4738//9156 4740//9156 4749//9156
f 4738//9157 4749//9157 4748//9157
f 4749//9158 4740//9158 4744//9158
f 4749//9159 4744//9159 4750//9159
f 4750//9160 4744//9160 4856//9160
f 4750//9161 4856//9161 4855//9161
f 4855//9162 4856//9162 4745//9162
f 4855//9163 4745//9163 4746//9163
f 4742//9164 4741//9164 4751//9164
f 4742//9165 4751//9165 4752//9165
f 4743//9166 4742//9166 4752//9166
f 4743//9167 4752//9167 4753//9167
f 4572//9168 4743//9168 4753//9168
f 4572//9169 4753//9169 4571//9169
f 4633//9170 4755//9170 4850//9170
f 4633//9171 4850//9171 4849//9171
f 4633//9172 4571//9172 4753//9172
f 4633//9173 4753//9173 4755//9173
f 4575//9174 4849//9174 4850//9174
f 4575//9175 4850//9175 4754//9175
f 4755//9176 4757//9176 4851//9176
f 4755//9177 4851//9177 4850//9177
f 4755//9178 4753//9178 4752//9178
f 4755//9179 4752//9179 4757//9179
f 4754//9180 4850//9180 4851//9180
f 4754//9181 4851//9181 4756//9181
f 4869//9182 4870//9182 4583//9182
f 4869//9183 4583//9183 4582//9183
f 4854//9184 4855//9184 4746//9184
f 4854//9185 4746//9185 4758//9185
f 4759//9186 4750//9186 4855//9186
f 4759//9187 4855//9187 4854//9187
f 4749//9188 4750//9188 4759//9188
f 4749//9189 4759//9189 4748//9189
f 4580//9190 4626//9190 4761//9190
f 4580//9191 4761//9191 4760//9191
f 4760//9192 4761//9192 4788//9192
f 4760//9193 4788//9193 4781//9193
f 4581//9194 4580//9194 4760//9194
f 4581//9195 4760//9195 4762//9195
f 4762//9196 4760//9196 4781//9196
f 4762//9197 4781//9197 4774//9197
f 4582//9198 4581//9198 4762//9198
f 4582//9199 4762//9199 4763//9199
f 4763//9200 4762//9200 4774//9200
f 4763//9201 4774//9201 4771//9201
f 4869//9202 4582//9202 4763//9202
f 4869//9203 4763//9203 4868//9203
f 4854//9204 4758//9204 4764//9204
f 4854//9205 4764//9205 4853//9205
f 4759//9206 4854//9206 4853//9206
f 4759//9207 4853//9207 4765//9207
f 4748//9208 4759//9208 4765//9208
f 4748//9209 4765//9209 4747//9209
f 4868//9210 4763//9210 4771//9210
f 4868//9211 4771//9211 4867//9211
f 4853//9212 4764//9212 4767//9212
f 4853//9213 4767//9213 4852//9213
f 4751//9214 4747//9214 4765//9214
f 4751//9215 4765//9215 4766//9215
f 4757//9216 4752//9216 4751//9216
f 4757//9217 4751//9217 4766//9217
f 4853//9218 4852//9218 4766//9218
f 4853//9219 4766//9219 4765//9219
f 4757//9220 4766//9220 4852//9220
f 4757//9221 4852//9221 4851//9221
f 4851//9222 4852//9222 4767//9222
f 4851//9223 4767//9223 4756//9223
f 4787//9224 4863//9224 4864//9224
f 4787//9225 4864//9225 4768//9225
f 4864//9226 4865//9226 4769//9226
f 4864//9227 4769//9227 4768//9227
f 4865//9228 4866//9228 4770//9228
f 4865//9229 4770//9229 4769//9229
f 4866//9230 4867//9230 4771//9230
f 4866//9231 4771//9231 4770//9231
f 4769//9232 4770//9232 4773//9232
f 4769//9233 4773//9233 4772//9233
f 4770//9234 4771//9234 4774//9234
f 4770//9235 4774//9235 4773//9235
f 5014//9236 5015//9236 4782//9236
f 5014//9237 4782//9237 4783//9237
f 5502//9238 5503//9238 4775//9238
f 5502//9239 4775//9239 4578//9239
f 4777//9240 4776//9240 4592//9240
f 4777//9241 4592//9241 4594//9241
f 4777//9242 4594//9242 4555//9242
f 4777//9243 4555//9243 4778//9243
f 4772//9244 4773//9244 4780//9244
f 4772//9245 4780//9245 4779//9245
f 4773//9246 4774//9246 4781//9246
f 4773//9247 4781//9247 4780//9247
f 4769//9248 4772//9248 4783//9248
f 4769//9249 4783//9249 4782//9249
f 4772//9250 4779//9250 4784//9250
f 4772//9251 4784//9251 4783//9251
f 4785//9252 4786//9252 4787//9252
f 4785//9253 4787//9253 4768//9253
f 4768//9254 4769//9254 4782//9254
f 4768//9255 4782//9255 4785//9255
f 4729//9256 4842//9256 4858//9256
f 4729//9257 4858//9257 4859//9257
f 4730//9258 4729//9258 4859//9258
f 4730//9259 4859//9259 4860//9259
f 4731//9260 5505//9260 5506//9260
f 4731//9261 5506//9261 4861//9261
f 5017//9262 4980//9262 4981//9262
f 5017//9263 4981//9263 5018//9263
f 4786//9264 5017//9264 5018//9264
f 4786//9265 5018//9265 4862//9265
f 4787//9266 4786//9266 4862//9266
f 4787//9267 4862//9267 4863//9267
f 4818//9268 4789//9268 4788//9268
f 4818//9269 4788//9269 4761//9269
f 4788//9270 4579//9270 4780//9270
f 4788//9271 4780//9271 4781//9271
f 4799//9272 4798//9272 4579//9272
f 4799//9273 4579//9273 4636//9273
f 4800//9274 4799//9274 4636//9274
f 4800//9275 4636//9275 4653//9275
f 4801//9276 4800//9276 4653//9276
f 4801//9277 4653//9277 4669//9277
f 4802//9278 4801//9278 4669//9278
f 4802//9279 4669//9279 4675//9279
f 4803//9280 4802//9280 4675//9280
f 4803//9281 4675//9281 4686//9281
f 4804//9282 4803//9282 4686//9282
f 4804//9283 4686//9283 4688//9283
f 4805//9284 4804//9284 4688//9284
f 4805//9285 4688//9285 4692//9285
f 4806//9286 4805//9286 4692//9286
f 4806//9287 4692//9287 4696//9287
f 4807//9288 4806//9288 4696//9288
f 4807//9289 4696//9289 4703//9289
f 4579//9290 4798//9290 4779//9290
f 4579//9291 4779//9291 4780//9291
f 4809//9292 4808//9292 4798//9292
f 4809//9293 4798//9293 4799//9293
f 4810//9294 4809//9294 4799//9294
f 4810//9295 4799//9295 4800//9295
f 4811//9296 4810//9296 4800//9296
f 4811//9297 4800//9297 4801//9297
f 4812//9298 4811//9298 4801//9298
f 4812//9299 4801//9299 4802//9299
f 4813//9300 4812//9300 4802//9300
f 4813//9301 4802//9301 4803//9301
f 4814//9302 4813//9302 4803//9302
f 4814//9303 4803//9303 4804//9303
f 4815//9304 4814//9304 4804//9304
f 4815//9305 4804//9305 4805//9305
f 4816//9306 4815//9306 4805//9306
f 4816//9307 4805//9307 4806//9307
f 4817//9308 4816//9308 4806//9308
f 4817//9309 4806//9309 4807//9309
f 4798//9310 4808//9310 4784//9310
f 4798//9311 4784//9311 4779//9311
f 4647//9312 4655//9312 4819//9312
f 4647//9313 4819//9313 4818//9313
f 4821//9314 4820//9314 4670//9314
f 4821//9315 4670//9315 4681//9315
f 4822//9316 4821//9316 4681//9316
f 4822//9317 4681//9317 4685//9317
f 4823//9318 4822//9318 4685//9318
f 4823//9319 4685//9319 4689//9319
f 4824//9320 4823//9320 4689//9320
f 4824//9321 4689//9321 4693//9321
f 4825//9322 4824//9322 4693//9322
f 4825//9323 4693//9323 4697//9323
f 4826//9324 4825//9324 4697//9324
f 4826//9325 4697//9325 4702//9325
f 4626//9326 4647//9326 4818//9326
f 4626//9327 4818//9327 4761//9327
f 4714//9328 4998//9328 4999//9328
f 4714//9329 4999//9329 4832//9329
f 4807//9330 4703//9330 4827//9330
f 4807//9331 4827//9331 4833//9331
f 4817//9332 4807//9332 4833//9332
f 4817//9333 4833//9333 4834//9333
f 5002//9334 5003//9334 4817//9334
f 5002//9335 4817//9335 4834//9335
f 4797//9336 4826//9336 4827//9336
f 4797//9337 4827//9337 4703//9337
f 4701//9338 4700//9338 4828//9338
f 4701//9339 4828//9339 4829//9339
f 4716//9340 4715//9340 4830//9340
f 4716//9341 4830//9341 4828//9341
f 4701//9342 4829//9342 4831//9342
f 4701//9343 4831//9343 4702//9343
f 4827//9344 4826//9344 4702//9344
f 4827//9345 4702//9345 4831//9345
f 4828//9346 4700//9346 4713//9346
f 4828//9347 4713//9347 4716//9347
f 4715//9348 4714//9348 4832//9348
f 4715//9349 4832//9349 4830//9349
f 4833//9350 4827//9350 4831//9350
f 4833//9351 4831//9351 4835//9351
f 4834//9352 4833//9352 4835//9352
f 4834//9353 4835//9353 4836//9353
f 5001//9354 5002//9354 4834//9354
f 5001//9355 4834//9355 4836//9355
f 4835//9356 4831//9356 4829//9356
f 4835//9357 4829//9357 4837//9357
f 4836//9358 4835//9358 4837//9358
f 4836//9359 4837//9359 4838//9359
f 4836//9360 4838//9360 5000//9360
f 4836//9361 5000//9361 5001//9361
f 4830//9362 4832//9362 4838//9362
f 4830//9363 4838//9363 4837//9363
f 4837//9364 4829//9364 4828//9364
f 4837//9365 4828//9365 4830//9365
f 4838//9366 4832//9366 4999//9366
f 4838//9367 4999//9367 5000//9367
f 4858//9368 4839//9368 4588//9368
f 4858//9369 4588//9369 4859//9369
f 4860//9370 4859//9370 4588//9370
f 4860//9371 4588//9371 4597//9371
f 4861//9372 5506//9372 5507//9372
f 4861//9373 5507//9373 4598//9373
f 5018//9374 4981//9374 4982//9374
f 5018//9375 4982//9375 5019//9375
f 4862//9376 5018//9376 5019//9376
f 4862//9377 5019//9377 4570//9377
f 4863//9378 4862//9378 4570//9378
f 4863//9379 4570//9379 4732//9379
f 4864//9380 4863//9380 4732//9380
f 4864//9381 4732//9381 4575//9381
f 4575//9382 4754//9382 4865//9382
f 4575//9383 4865//9383 4864//9383
f 4754//9384 4756//9384 4866//9384
f 4754//9385 4866//9385 4865//9385
f 4756//9386 4767//9386 4867//9386
f 4756//9387 4867//9387 4866//9387
f 4868//9388 4867//9388 4767//9388
f 4868//9389 4767//9389 4764//9389
f 4758//9390 4869//9390 4868//9390
f 4758//9391 4868//9391 4764//9391
f 4746//9392 4870//9392 4869//9392
f 4746//9393 4869//9393 4758//9393
f 4745//9394 4871//9394 4870//9394
f 4745//9395 4870//9395 4746//9395
f 4561//9396 4872//9396 4871//9396
f 4561//9397 4871//9397 4745//9397
f 4561//9398 68//9398 1268//9398
f 4561//9399 1268//9399 4872//9399
f 4929//9400 4930//9400 4672//9400
f 4929//9401 4672//9401 4879//9401
f 4664//9402 4674//9402 4873//9402
f 4664//9403 4873//9403 4874//9403
f 4912//9404 4913//9404 4664//9404
f 4912//9405 4664//9405 4874//9405
f 4665//9406 4875//9406 4677//9406
f 4665//9407 4677//9407 4668//9407
f 4874//9408 4873//9408 4876//9408
f 4874//9409 4876//9409 4877//9409
f 4911//9410 4912//9410 4874//9410
f 4911//9411 4874//9411 4877//9411
f 4677//9412 4875//9412 4878//9412
f 4677//9413 4878//9413 4683//9413
f 4672//9414 4673//9414 4676//9414
f 4672//9415 4676//9415 4879//9415
f 4879//9416 4676//9416 4687//9416
f 4879//9417 4687//9417 4880//9417
f 4880//9418 4687//9418 4881//9418
f 4880//9419 4881//9419 4882//9419
f 4882//9420 4881//9420 4883//9420
f 4882//9421 4883//9421 4884//9421
f 4928//9422 4929//9422 4879//9422
f 4928//9423 4879//9423 4880//9423
f 4927//9424 4928//9424 4880//9424
f 4927//9425 4880//9425 4882//9425
f 4877//9426 4876//9426 4885//9426
f 4877//9427 4885//9427 4887//9427
f 4910//9428 4911//9428 4877//9428
f 4910//9429 4877//9429 4887//9429
f 4683//9430 4878//9430 4888//9430
f 4683//9431 4888//9431 4886//9431
f 4927//9432 4882//9432 4884//9432
f 4927//9433 4884//9433 4926//9433
f 4887//9434 4885//9434 4889//9434
f 4887//9435 4889//9435 4891//9435
f 4909//9436 4910//9436 4887//9436
f 4909//9437 4887//9437 4891//9437
f 4886//9438 4888//9438 4892//9438
f 4886//9439 4892//9439 4890//9439
f 4884//9440 4883//9440 4893//9440
f 4884//9441 4893//9441 4894//9441
f 4926//9442 4884//9442 4894//9442
f 4926//9443 4894//9443 4925//9443
f 4891//9444 4889//9444 4895//9444
f 4891//9445 4895//9445 4896//9445
f 4908//9446 4909//9446 4891//9446
f 4908//9447 4891//9447 4896//9447
f 4890//9448 4892//9448 4897//9448
f 4890//9449 4897//9449 4898//9449
f 4894//9450 4893//9450 4899//9450
f 4894//9451 4899//9451 4900//9451
f 4898//9452 4897//9452 4902//9452
f 4898//9453 4902//9453 4901//9453
f 4907//9454 4908//9454 4896//9454
f 4907//9455 4896//9455 4903//9455
f 4896//9456 4895//9456 4904//9456
f 4896//9457 4904//9457 4903//9457
f 4924//9458 4925//9458 4894//9458
f 4924//9459 4894//9459 4900//9459
f 4924//9460 4900//9460 4899//9460
f 4924//9461 4899//9461 4923//9461
f 4903//9462 4904//9462 4905//9462
f 4903//9463 4905//9463 4906//9463
f 4897//9464 4908//9464 4907//9464
f 4897//9465 4907//9465 4902//9465
f 4892//9466 4909//9466 4908//9466
f 4892//9467 4908//9467 4897//9467
f 4888//9468 4910//9468 4909//9468
f 4888//9469 4909//9469 4892//9469
f 4878//9470 4911//9470 4910//9470
f 4878//9471 4910//9471 4888//9471
f 4875//9472 4912//9472 4911//9472
f 4875//9473 4911//9473 4878//9473
f 4665//9474 4913//9474 4912//9474
f 4665//9475 4912//9475 4875//9475
f 4657//9476 4914//9476 4913//9476
f 4657//9477 4913//9477 4665//9477
f 4637//9478 4915//9478 4914//9478
f 4637//9479 4914//9479 4657//9479
f 4605//9480 4916//9480 4915//9480
f 4605//9481 4915//9481 4637//9481
f 4605//9482 4600//9482 4917//9482
f 4605//9483 4917//9483 4916//9483
f 4600//9484 4601//9484 4918//9484
f 4600//9485 4918//9485 4917//9485
f 4601//9486 5496//9486 5497//9486
f 4601//9487 5497//9487 4918//9487
f 4608//9488 4627//9488 4920//9488
f 4608//9489 4920//9489 4919//9489
f 4920//9490 4627//9490 4559//9490
f 4920//9491 4559//9491 4921//9491
f 4907//9492 4903//9492 4906//9492
f 4907//9493 4906//9493 4922//9493
f 4901//9494 4902//9494 4907//9494
f 4901//9495 4907//9495 4922//9495
f 4924//9496 4923//9496 4905//9496
f 4924//9497 4905//9497 4904//9497
f 4925//9498 4924//9498 4904//9498
f 4925//9499 4904//9499 4895//9499
f 4926//9500 4925//9500 4895//9500
f 4926//9501 4895//9501 4889//9501
f 4927//9502 4926//9502 4889//9502
f 4927//9503 4889//9503 4885//9503
f 4928//9504 4927//9504 4885//9504
f 4928//9505 4885//9505 4876//9505
f 4929//9506 4928//9506 4876//9506
f 4929//9507 4876//9507 4873//9507
f 4930//9508 4929//9508 4873//9508
f 4930//9509 4873//9509 4674//9509
f 4931//9510 4930//9510 4674//9510
f 4931//9511 4674//9511 4662//9511
f 4932//9512 4931//9512 4662//9512
f 4932//9513 4662//9513 4648//9513
f 4933//9514 4932//9514 4648//9514
f 4933//9515 4648//9515 4620//9515
f 4934//9516 4933//9516 4620//9516
f 4934//9517 4620//9517 4609//9517
f 4935//9518 4934//9518 4609//9518
f 4935//9519 4609//9519 4610//9519
f 5499//9520 5500//9520 4935//9520
f 5499//9521 4935//9521 4610//9521
f 4937//9522 4936//9522 4611//9522
f 4937//9523 4611//9523 4623//9523
f 4950//9524 4937//9524 4623//9524
f 4950//9525 4623//9525 4556//9525
f 4819//9526 4655//9526 4670//9526
f 4819//9527 4670//9527 4820//9527
f 4571//9528 4734//9528 4938//9528
f 4571//9529 4938//9529 4572//9529
f 4568//9530 4939//9530 4938//9530
f 4568//9531 4938//9531 4734//9531
f 4939//9532 4568//9532 5022//9532
f 4939//9533 5022//9533 5023//9533
f 5510//9534 5511//9534 4940//9534
f 5510//9535 4940//9535 4569//9535
f 4625//9536 4942//9536 4941//9536
f 4625//9537 4941//9537 4628//9537
f 4942//9538 4625//9538 4841//9538
f 4942//9539 4841//9539 4943//9539
f 4572//9540 4938//9540 4944//9540
f 4572//9541 4944//9541 4574//9541
f 4938//9542 4939//9542 4945//9542
f 4938//9543 4945//9543 4944//9543
f 5023//9544 5024//9544 4945//9544
f 5023//9545 4945//9545 4939//9545
f 4940//9546 5511//9546 5512//9546
f 4940//9547 5512//9547 4946//9547
f 4941//9548 4942//9548 4948//9548
f 4941//9549 4948//9549 4947//9549
f 4948//9550 4942//9550 4943//9550
f 4948//9551 4943//9551 4949//9551
f 109//9552 4599//9552 4951//9552
f 109//9553 4951//9553 2077//9553
f 4952//9554 4951//9554 4599//9554
f 4952//9555 4599//9555 4604//9555
f 4953//9556 4952//9556 4604//9556
f 4953//9557 4604//9557 4638//9557
f 4954//9558 4953//9558 4638//9558
f 4954//9559 4638//9559 4658//9559
f 4955//9560 4954//9560 4658//9560
f 4955//9561 4658//9561 4668//9561
f 4956//9562 4955//9562 4668//9562
f 4956//9563 4668//9563 4677//9563
f 4957//9564 4956//9564 4677//9564
f 4957//9565 4677//9565 4683//9565
f 4958//9566 4957//9566 4683//9566
f 4958//9567 4683//9567 4886//9567
f 4959//9568 4958//9568 4886//9568
f 4959//9569 4886//9569 4890//9569
f 4890//9570 4898//9570 4960//9570
f 4890//9571 4960//9571 4959//9571
f 4961//9572 4960//9572 4898//9572
f 4961//9573 4898//9573 4901//9573
f 4901//9574 4922//9574 4962//9574
f 4901//9575 4962//9575 4961//9575
f 4922//9576 4906//9576 4963//9576
f 4922//9577 4963//9577 4962//9577
f 4906//9578 4905//9578 4964//9578
f 4906//9579 4964//9579 4963//9579
f 4923//9580 4965//9580 4964//9580
f 4923//9581 4964//9581 4905//9581
f 4899//9582 4966//9582 4965//9582
f 4899//9583 4965//9583 4923//9583
f 4893//9584 4967//9584 4966//9584
f 4893//9585 4966//9585 4899//9585
f 4883//9586 4968//9586 4967//9586
f 4883//9587 4967//9587 4893//9587
f 4881//9588 4969//9588 4968//9588
f 4881//9589 4968//9589 4883//9589
f 4687//9590 4970//9590 4969//9590
f 4687//9591 4969//9591 4881//9591
f 4676//9592 4971//9592 4970//9592
f 4676//9593 4970//9593 4687//9593
f 4673//9594 4972//9594 4971//9594
f 4673//9595 4971//9595 4676//9595
f 4661//9596 4973//9596 4972//9596
f 4661//9597 4972//9597 4673//9597
f 4635//9598 4974//9598 4973//9598
f 4635//9599 4973//9599 4661//9599
f 4975//9600 4974//9600 4635//9600
f 4975//9601 4635//9601 4577//9601
f 4577//9602 4576//9602 4976//9602
f 4577//9603 4976//9603 4975//9603
f 4576//9604 4578//9604 4977//9604
f 4576//9605 4977//9605 4976//9605
f 4775//9606 4978//9606 4977//9606
f 4775//9607 4977//9607 4578//9607
f 4590//9608 4979//9608 4978//9608
f 4590//9609 4978//9609 4775//9609
f 4979//9610 4590//9610 4731//9610
f 4979//9611 4731//9611 4980//9611
f 4981//9612 4980//9612 4731//9612
f 4981//9613 4731//9613 4861//9613
f 4982//9614 4981//9614 4861//9614
f 4982//9615 4861//9615 4598//9615
f 4846//9616 4983//9616 4982//9616
f 4846//9617 4982//9617 4598//9617
f 4631//9618 4984//9618 4983//9618
f 4631//9619 4983//9619 4846//9619
f 4569//9620 4985//9620 4984//9620
f 4569//9621 4984//9621 4631//9621
f 4569//9622 4940//9622 4986//9622
f 4569//9623 4986//9623 4985//9623
f 4987//9624 4986//9624 4940//9624
f 4987//9625 4940//9625 4946//9625
f 2078//9626 4987//9626 4946//9626
f 2078//9627 4946//9627 950//9627
f 4988//9628 2089//9628 2077//9628
f 4988//9629 2077//9629 4951//9629
f 4989//9630 4988//9630 4951//9630
f 4989//9631 4951//9631 4952//9631
f 4990//9632 4989//9632 4952//9632
f 4990//9633 4952//9633 4953//9633
f 4991//9634 4990//9634 4953//9634
f 4991//9635 4953//9635 4954//9635
f 4992//9636 4991//9636 4954//9636
f 4992//9637 4954//9637 4955//9637
f 4993//9638 4992//9638 4955//9638
f 4993//9639 4955//9639 4956//9639
f 4994//9640 4993//9640 4956//9640
f 4994//9641 4956//9641 4957//9641
f 4995//9642 4994//9642 4957//9642
f 4995//9643 4957//9643 4958//9643
f 4996//9644 4995//9644 4958//9644
f 4996//9645 4958//9645 4959//9645
f 4997//9646 4996//9646 4959//9646
f 4997//9647 4959//9647 4960//9647
f 4998//9648 4997//9648 4960//9648
f 4998//9649 4960//9649 4961//9649
f 4999//9650 4998//9650 4961//9650
f 4999//9651 4961//9651 4962//9651
f 4963//9652 5000//9652 4999//9652
f 4963//9653 4999//9653 4962//9653
f 4964//9654 5001//9654 5000//9654
f 4964//9655 5000//9655 4963//9655
f 4965//9656 5002//9656 5001//9656
f 4965//9657 5001//9657 4964//9657
f 4966//9658 5003//9658 5002//9658
f 4966//9659 5002//9659 4965//9659
f 4967//9660 5004//9660 5003//9660
f 4967//9661 5003//9661 4966//9661
f 4968//9662 5005//9662 5004//9662
f 4968//9663 5004//9663 4967//9663
f 4969//9664 5006//9664 5005//9664
f 4969//9665 5005//9665 4968//9665
f 4970//9666 5007//9666 5006//9666
f 4970//9667 5006//9667 4969//9667
f 4971//9668 5008//9668 5007//9668
f 4971//9669 5007//9669 4970//9669
f 4972//9670 5009//9670 5008//9670
f 4972//9671 5008//9671 4971//9671
f 4973//9672 5010//9672 5009//9672
f 4973//9673 5009//9673 4972//9673
f 4974//9674 5011//9674 5010//9674
f 4974//9675 5010//9675 4973//9675
f 4975//9676 5012//9676 5011//9676
f 4975//9677 5011//9677 4974//9677
f 5014//9678 5013//9678 4976//9678
f 5014//9679 4976//9679 4977//9679
f 4978//9680 5015//9680 5014//9680
f 4978//9681 5014//9681 4977//9681
f 5016//9682 5015//9682 4978//9682
f 5016//9683 4978//9683 4979//9683
f 5017//9684 5016//9684 4979//9684
f 5017//9685 4979//9685 4980//9685
f 4983//9686 5020//9686 5019//9686
f 4983//9687 5019//9687 4982//9687
f 4984//9688 5021//9688 5020//9688
f 4984//9689 5020//9689 4983//9689
f 5022//9690 5021//9690 4984//9690
f 5022//9691 4984//9691 4985//9691
f 5023//9692 5022//9692 4985//9692
f 5023//9693 4985//9693 4986//9693
f 4987//9694 5024//9694 5023//9694
f 4987//9695 5023//9695 4986//9695
f 2090//9696 5024//9696 4987//9696
f 2090//9697 4987//9697 2078//9697
f 5330//9698 5025//9698 2310//9698
f 5330//9699 2310//9699 3486//9699
f 2305//9700 5031//9700 5032//9700
f 2305//9701 5032//9701 2306//9701
f 5467//9702 5248//9702 5247//9702
f 5467//9703 5247//9703 5468//9703
f 5429//9704 5466//9704 5467//9704
f 5429//9705 5467//9705 5430//9705
f 5466//9706 5272//9706 5248//9706
f 5466//9707 5248//9707 5467//9707
f 5469//9708 5246//9708 5249//9708
f 5469//9709 5249//9709 5470//9709
f 5049//9710 5048//9710 5047//9710
f 5049//9711 5047//9711 5046//9711
f 5050//9712 5027//9712 5048//9712
f 5050//9713 5048//9713 5049//9713
f 5470//9714 5249//9714 5250//9714
f 5470//9715 5250//9715 5471//9715
f 5196//9716 5486//9716 5487//9716
f 5196//9717 5487//9717 5055//9717
f 5194//9718 4842//9718 4554//9718
f 5194//9719 4554//9719 5054//9719
f 5487//9720 5488//9720 5240//9720
f 5487//9721 5240//9721 5055//9721
f 5059//9722 4555//9722 4558//9722
f 5059//9723 4558//9723 5058//9723
f 5489//9724 5490//9724 5061//9724
f 5489//9725 5061//9725 5043//9725
f 5054//9726 4554//9726 4778//9726
f 5054//9727 4778//9727 5242//9727
f 2313//9728 5077//9728 5442//9728
f 2313//9729 5442//9729 4283//9729
f 2350//9730 5064//9730 5065//9730
f 2350//9731 5065//9731 5066//9731
f 5375//9732 5067//9732 5068//9732
f 5375//9733 5068//9733 5376//9733
f 5070//9734 5065//9734 5064//9734
f 5070//9735 5064//9735 5069//9735
f 5374//9736 5071//9736 5067//9736
f 5374//9737 5067//9737 5375//9737
f 5376//9738 5068//9738 5493//9738
f 5376//9739 5493//9739 5494//9739
f 5068//9740 5067//9740 5074//9740
f 5068//9741 5074//9741 5075//9741
f 5492//9742 5493//9742 5068//9742
f 5492//9743 5068//9743 5075//9743
f 5495//9744 4533//9744 2350//9744
f 5495//9745 2350//9745 5066//9745
f 5077//9746 5078//9746 5079//9746
f 5077//9747 5079//9747 5080//9747
f 5029//9748 5081//9748 5079//9748
f 5029//9749 5079//9749 5078//9749
f 5082//9750 5081//9750 5029//9750
f 5082//9751 5029//9751 5030//9751
f 5083//9752 5082//9752 5030//9752
f 5083//9753 5030//9753 5052//9753
f 5083//9754 5052//9754 5051//9754
f 5083//9755 5051//9755 5084//9755
f 5390//9756 5087//9756 5086//9756
f 5390//9757 5086//9757 5391//9757
f 5391//9758 5086//9758 5061//9758
f 5391//9759 5061//9759 5392//9759
f 5392//9760 5061//9760 5490//9760
f 5392//9761 5490//9761 5491//9761
f 5085//9762 5074//9762 5067//9762
f 5085//9763 5067//9763 5071//9763
f 5058//9764 4558//9764 4950//9764
f 5058//9765 4950//9765 5394//9765
f 5088//9766 4556//9766 4557//9766
f 5088//9767 4557//9767 5089//9767
f 5051//9768 5045//9768 5091//9768
f 5051//9769 5091//9769 5084//9769
f 5028//9770 5025//9770 5027//9770
f 5028//9771 5027//9771 5050//9771
f 5043//9772 5061//9772 5086//9772
f 5043//9773 5086//9773 5041//9773
f 5041//9774 5086//9774 5087//9774
f 5041//9775 5087//9775 5042//9775
f 5056//9776 5195//9776 5194//9776
f 5056//9777 5194//9777 5054//9777
f 5054//9778 5242//9778 5241//9778
f 5054//9779 5241//9779 5056//9779
f 5058//9780 5060//9780 5057//9780
f 5058//9781 5057//9781 5059//9781
f 5058//9782 5394//9782 5393//9782
f 5058//9783 5393//9783 5060//9783
f 5072//9784 5076//9784 5088//9784
f 5072//9785 5088//9785 5089//9785
f 5377//9786 5072//9786 5089//9786
f 5377//9787 5089//9787 5378//9787
f 2371//9788 2351//9788 5073//9788
f 2371//9789 5073//9789 5092//9789
f 5092//9790 4559//9790 6//9790
f 5092//9791 6//9791 2371//9791
f 5089//9792 4557//9792 4921//9792
f 5089//9793 4921//9793 5378//9793
f 5099//9794 5316//9794 3483//9794
f 5099//9795 3483//9795 2701//9795
f 5032//9796 5099//9796 2701//9796
f 5032//9797 2701//9797 2306//9797
f 5475//9798 5097//9798 5033//9798
f 5475//9799 5033//9799 5476//9799
f 5306//9800 5097//9800 5475//9800
f 5306//9801 5475//9801 5474//9801
f 5094//9802 5303//9802 5304//9802
f 5094//9803 5304//9803 5095//9803
f 5090//9804 5094//9804 5095//9804
f 5090//9805 5095//9805 5093//9805
f 5199//9806 5198//9806 5098//9806
f 5199//9807 5098//9807 5036//9807
f 5198//9808 5307//9808 5308//9808
f 5198//9809 5308//9809 5098//9809
f 5482//9810 5483//9810 5305//9810
f 5482//9811 5305//9811 5096//9811
f 5481//9812 5482//9812 5096//9812
f 5481//9813 5096//9813 5034//9813
f 2309//9814 3483//9814 5316//9814
f 2309//9815 5316//9815 5026//9815
f 5473//9816 5035//9816 5306//9816
f 5473//9817 5306//9817 5474//9817
f 5308//9818 5307//9818 5197//9818
f 5308//9819 5197//9819 5040//9819
f 5303//9820 5053//9820 5062//9820
f 5303//9821 5062//9821 5304//9821
f 5483//9822 5484//9822 5063//9822
f 5483//9823 5063//9823 5305//9823
f 4840//9824 4843//9824 5303//9824
f 4840//9825 5303//9825 5094//9825
f 5303//9826 4843//9826 4839//9826
f 5303//9827 4839//9827 5053//9827
f 5090//9828 4841//9828 4840//9828
f 5090//9829 4840//9829 5094//9829
f 5077//9830 5080//9830 5443//9830
f 5077//9831 5443//9831 5442//9831
f 5051//9832 5049//9832 5046//9832
f 5051//9833 5046//9833 5045//9833
f 5052//9834 5050//9834 5049//9834
f 5052//9835 5049//9835 5051//9835
f 5030//9836 5028//9836 5050//9836
f 5030//9837 5050//9837 5052//9837
f 5029//9838 2311//9838 5028//9838
f 5029//9839 5028//9839 5030//9839
f 2311//9840 2310//9840 5025//9840
f 2311//9841 5025//9841 5028//9841
f 5078//9842 2312//9842 2311//9842
f 5078//9843 2311//9843 5029//9843
f 5077//9844 2313//9844 2312//9844
f 5077//9845 2312//9845 5078//9845
f 5044//9846 5101//9846 5253//9846
f 5044//9847 5253//9847 5252//9847
f 5069//9848 5103//9848 5102//9848
f 5069//9849 5102//9849 5070//9849
f 5373//9850 5104//9850 5071//9850
f 5373//9851 5071//9851 5374//9851
f 5079//9852 5106//9852 5105//9852
f 5079//9853 5105//9853 5080//9853
f 5081//9854 5107//9854 5106//9854
f 5081//9855 5106//9855 5079//9855
f 5082//9856 5108//9856 5107//9856
f 5082//9857 5107//9857 5081//9857
f 5083//9858 5109//9858 5108//9858
f 5083//9859 5108//9859 5082//9859
f 5084//9860 5110//9860 5109//9860
f 5084//9861 5109//9861 5083//9861
f 5390//9862 5389//9862 5111//9862
f 5390//9863 5111//9863 5087//9863
f 5091//9864 5112//9864 5110//9864
f 5091//9865 5110//9865 5084//9865
f 5087//9866 5111//9866 5100//9866
f 5087//9867 5100//9867 5042//9867
f 5080//9868 5105//9868 5444//9868
f 5080//9869 5444//9869 5443//9869
f 5085//9870 5071//9870 5104//9870
f 5085//9871 5104//9871 5113//9871
f 5465//9872 5273//9872 5272//9872
f 5465//9873 5272//9873 5466//9873
f 5108//9874 5114//9874 5115//9874
f 5108//9875 5115//9875 5107//9875
f 5106//9876 5117//9876 5116//9876
f 5106//9877 5116//9877 5105//9877
f 5107//9878 5115//9878 5117//9878
f 5107//9879 5117//9879 5106//9879
f 5464//9880 5274//9880 5273//9880
f 5464//9881 5273//9881 5465//9881
f 5101//9882 5118//9882 5254//9882
f 5101//9883 5254//9883 5253//9883
f 5112//9884 5120//9884 5119//9884
f 5112//9885 5119//9885 5110//9885
f 5282//9886 5253//9886 5254//9886
f 5282//9887 5254//9887 5283//9887
f 5119//9888 5121//9888 5109//9888
f 5119//9889 5109//9889 5110//9889
f 5121//9890 5114//9890 5108//9890
f 5121//9891 5108//9891 5109//9891
f 5103//9892 5123//9892 5122//9892
f 5103//9893 5122//9893 5102//9893
f 5372//9894 5124//9894 5104//9894
f 5372//9895 5104//9895 5373//9895
f 5389//9896 5388//9896 5125//9896
f 5389//9897 5125//9897 5111//9897
f 5111//9898 5125//9898 5126//9898
f 5111//9899 5126//9899 5100//9899
f 5104//9900 5124//9900 5127//9900
f 5104//9901 5127//9901 5113//9901
f 5105//9902 5116//9902 5445//9902
f 5105//9903 5445//9903 5444//9903
f 5371//9904 5129//9904 5124//9904
f 5371//9905 5124//9905 5372//9905
f 5117//9906 5132//9906 5131//9906
f 5117//9907 5131//9907 5116//9907
f 5115//9908 5128//9908 5132//9908
f 5115//9909 5132//9909 5117//9909
f 5123//9910 5133//9910 5130//9910
f 5123//9911 5130//9911 5122//9911
f 5116//9912 5131//9912 5446//9912
f 5116//9913 5446//9913 5445//9913
f 5463//9914 5275//9914 5274//9914
f 5463//9915 5274//9915 5464//9915
f 5118//9916 5134//9916 5255//9916
f 5118//9917 5255//9917 5254//9917
f 5120//9918 5135//9918 5136//9918
f 5120//9919 5136//9919 5119//9919
f 5283//9920 5254//9920 5255//9920
f 5283//9921 5255//9921 5284//9921
f 5388//9922 5387//9922 5137//9922
f 5388//9923 5137//9923 5125//9923
f 5125//9924 5137//9924 5138//9924
f 5125//9925 5138//9925 5126//9925
f 5124//9926 5129//9926 5139//9926
f 5124//9927 5139//9927 5127//9927
f 5462//9928 5276//9928 5275//9928
f 5462//9929 5275//9929 5463//9929
f 5131//9930 5144//9930 5447//9930
f 5131//9931 5447//9931 5446//9931
f 5135//9932 5146//9932 5145//9932
f 5135//9933 5145//9933 5136//9933
f 5284//9934 5255//9934 5256//9934
f 5284//9935 5256//9935 5285//9935
f 5255//9936 5134//9936 5140//9936
f 5255//9937 5140//9937 5256//9937
f 5144//9938 5190//9938 5448//9938
f 5144//9939 5448//9939 5447//9939
f 5145//9940 5149//9940 5147//9940
f 5145//9941 5147//9941 5143//9941
f 5146//9942 5150//9942 5149//9942
f 5146//9943 5149//9943 5145//9943
f 5285//9944 5256//9944 5257//9944
f 5285//9945 5257//9945 5286//9945
f 5140//9946 5151//9946 5257//9946
f 5140//9947 5257//9947 5256//9947
f 5461//9948 5277//9948 5276//9948
f 5461//9949 5276//9949 5462//9949
f 5460//9950 5278//9950 5277//9950
f 5460//9951 5277//9951 5461//9951
f 5151//9952 5153//9952 5258//9952
f 5151//9953 5258//9953 5257//9953
f 5150//9954 5154//9954 5155//9954
f 5150//9955 5155//9955 5149//9955
f 5147//9956 5149//9956 5155//9956
f 5147//9957 5155//9957 5156//9957
f 5286//9958 5257//9958 5258//9958
f 5286//9959 5258//9959 5287//9959
f 5448//9960 5190//9960 5191//9960
f 5448//9961 5191//9961 5449//9961
f 5153//9962 5157//9962 5259//9962
f 5153//9963 5259//9963 5258//9963
f 5287//9964 5258//9964 5259//9964
f 5287//9965 5259//9965 5288//9965
f 5459//9966 5279//9966 5278//9966
f 5459//9967 5278//9967 5460//9967
f 5154//9968 5158//9968 5159//9968
f 5154//9969 5159//9969 5155//9969
f 5155//9970 5159//9970 5160//9970
f 5155//9971 5160//9971 5156//9971
f 5449//9972 5191//9972 5192//9972
f 5449//9973 5192//9973 5450//9973
f 5157//9974 5161//9974 5260//9974
f 5157//9975 5260//9975 5259//9975
f 5158//9976 5162//9976 5163//9976
f 5158//9977 5163//9977 5159//9977
f 5159//9978 5163//9978 5164//9978
f 5159//9979 5164//9979 5160//9979
f 5450//9980 5192//9980 5193//9980
f 5450//9981 5193//9981 5451//9981
f 5458//9982 5280//9982 5279//9982
f 5458//9983 5279//9983 5459//9983
f 5288//9984 5259//9984 5260//9984
f 5288//9985 5260//9985 5289//9985
f 5451//9986 5193//9986 5179//9986
f 5451//9987 5179//9987 5452//9987
f 5163//9988 5166//9988 5165//9988
f 5163//9989 5165//9989 5164//9989
f 5162//9990 5167//9990 5166//9990
f 5162//9991 5166//9991 5163//9991
f 5289//9992 5260//9992 5261//9992
f 5289//9993 5261//9993 5290//9993
f 5161//9994 5168//9994 5261//9994
f 5161//9995 5261//9995 5260//9995
f 5457//9996 5281//9996 5280//9996
f 5457//9997 5280//9997 5458//9997
f 5114//9998 5169//9998 5128//9998
f 5114//9999 5128//9999 5115//9999
f 5121//10000 5170//10000 5169//10000
f 5121//10001 5169//10001 5114//10001
f 5119//10002 5136//10002 5170//10002
f 5119//10003 5170//10003 5121//10003
f 5136//10004 5145//10004 5143//10004
f 5136//10005 5143//10005 5170//10005
f 5132//10006 5171//10006 5144//10006
f 5132//10007 5144//10007 5131//10007
f 5128//10008 5172//10008 5171//10008
f 5128//10009 5171//10009 5132//10009
f 5169//10010 5173//10010 5172//10010
f 5169//10011 5172//10011 5128//10011
f 5170//10012 5143//10012 5173//10012
f 5170//10013 5173//10013 5169//10013
f 5147//10014 5174//10014 5173//10014
f 5147//10015 5173//10015 5143//10015
f 5156//10016 5175//10016 5174//10016
f 5156//10017 5174//10017 5147//10017
f 5160//10018 5176//10018 5175//10018
f 5160//10019 5175//10019 5156//10019
f 5164//10020 5177//10020 5176//10020
f 5164//10021 5176//10021 5160//10021
f 5165//10022 5178//10022 5177//10022
f 5165//10023 5177//10023 5164//10023
f 5181//10024 5182//10024 5177//10024
f 5181//10025 5177//10025 5178//10025
f 5182//10026 5183//10026 5176//10026
f 5182//10027 5176//10027 5177//10027
f 5183//10028 5184//10028 5175//10028
f 5183//10029 5175//10029 5176//10029
f 5184//10030 5185//10030 5174//10030
f 5184//10031 5174//10031 5175//10031
f 5173//10032 5174//10032 5185//10032
f 5173//10033 5185//10033 5172//10033
f 5180//10034 5186//10034 5182//10034
f 5180//10035 5182//10035 5181//10035
f 5186//10036 5187//10036 5183//10036
f 5186//10037 5183//10037 5182//10037
f 5187//10038 5188//10038 5184//10038
f 5187//10039 5184//10039 5183//10039
f 5188//10040 5189//10040 5185//10040
f 5188//10041 5185//10041 5184//10041
f 5189//10042 5171//10042 5172//10042
f 5189//10043 5172//10043 5185//10043
f 5189//10044 5190//10044 5144//10044
f 5189//10045 5144//10045 5171//10045
f 5188//10046 5191//10046 5190//10046
f 5188//10047 5190//10047 5189//10047
f 5187//10048 5192//10048 5191//10048
f 5187//10049 5191//10049 5188//10049
f 5186//10050 5193//10050 5192//10050
f 5186//10051 5192//10051 5187//10051
f 5180//10052 5179//10052 5193//10052
f 5180//10053 5193//10053 5186//10053
f 3194//10054 5400//10054 5039//10054
f 3194//10055 5039//10055 3193//10055
f 3189//10056 4284//10056 5478//10056
f 3189//10057 5478//10057 5401//10057
f 3191//10058 980//10058 4949//10058
f 3191//10059 4949//10059 5404//10059
f 5403//10060 3192//10060 3191//10060
f 5403//10061 3191//10061 5404//10061
f 5402//10062 3190//10062 4532//10062
f 5402//10063 4532//10063 5479//10063
f 5306//10064 5035//10064 5197//10064
f 5306//10065 5197//10065 5307//10065
f 5097//10066 5306//10066 5307//10066
f 5097//10067 5307//10067 5198//10067
f 5199//10068 5033//10068 5097//10068
f 5199//10069 5097//10069 5198//10069
f 5400//10070 3194//10070 3189//10070
f 5400//10071 3189//10071 5401//10071
f 3193//10072 5039//10072 5038//10072
f 3193//10073 5038//10073 3197//10073
f 3197//10074 5038//10074 5200//10074
f 3197//10075 5200//10075 3198//10075
f 2305//10076 3199//10076 5201//10076
f 2305//10077 5201//10077 5031//10077
f 5200//10078 5202//10078 3200//10078
f 5200//10079 3200//10079 3198//10079
f 5202//10080 5201//10080 3199//10080
f 5202//10081 3199//10081 3200//10081
f 5031//10082 5201//10082 5204//10082
f 5031//10083 5204//10083 5203//10083
f 5031//10084 5203//10084 5205//10084
f 5031//10085 5205//10085 5032//10085
f 5202//10086 5206//10086 5204//10086
f 5202//10087 5204//10087 5201//10087
f 5200//10088 5207//10088 5206//10088
f 5200//10089 5206//10089 5202//10089
f 5038//10090 5208//10090 5207//10090
f 5038//10091 5207//10091 5200//10091
f 5039//10092 5037//10092 5208//10092
f 5039//10093 5208//10093 5038//10093
f 5205//10094 5209//10094 5099//10094
f 5205//10095 5099//10095 5032//10095
f 5209//10096 5315//10096 5316//10096
f 5209//10097 5316//10097 5099//10097
f 5315//10098 5210//10098 5026//10098
f 5315//10099 5026//10099 5316//10099
f 5329//10100 5027//10100 5025//10100
f 5329//10101 5025//10101 5330//10101
f 5328//10102 5048//10102 5027//10102
f 5328//10103 5027//10103 5329//10103
f 5206//10104 5216//10104 5212//10104
f 5206//10105 5212//10105 5204//10105
f 5203//10106 5204//10106 5212//10106
f 5203//10107 5212//10107 5213//10107
f 5203//10108 5213//10108 5214//10108
f 5203//10109 5214//10109 5205//10109
f 5214//10110 5215//10110 5209//10110
f 5214//10111 5209//10111 5205//10111
f 5215//10112 5314//10112 5315//10112
f 5215//10113 5315//10113 5209//10113
f 5314//10114 5211//10114 5210//10114
f 5314//10115 5210//10115 5315//10115
f 5207//10116 5217//10116 5216//10116
f 5207//10117 5216//10117 5206//10117
f 5208//10118 5218//10118 5217//10118
f 5208//10119 5217//10119 5207//10119
f 5037//10120 5036//10120 5218//10120
f 5037//10121 5218//10121 5208//10121
f 5098//10122 5308//10122 5309//10122
f 5098//10123 5309//10123 5220//10123
f 5098//10124 5220//10124 5218//10124
f 5098//10125 5218//10125 5036//10125
f 5040//10126 5219//10126 5309//10126
f 5040//10127 5309//10127 5308//10127
f 5220//10128 5309//10128 5310//10128
f 5220//10129 5310//10129 5222//10129
f 5220//10130 5222//10130 5217//10130
f 5220//10131 5217//10131 5218//10131
f 5219//10132 5221//10132 5310//10132
f 5219//10133 5310//10133 5309//10133
f 5327//10134 5047//10134 5048//10134
f 5327//10135 5048//10135 5328//10135
f 5313//10136 5223//10136 5211//10136
f 5313//10137 5211//10137 5314//10137
f 5224//10138 5313//10138 5314//10138
f 5224//10139 5314//10139 5215//10139
f 5214//10140 5213//10140 5224//10140
f 5214//10141 5224//10141 5215//10141
f 5045//10142 5225//10142 5226//10142
f 5045//10143 5226//10143 5091//10143
f 5225//10144 5245//10144 5252//10144
f 5225//10145 5252//10145 5226//10145
f 5046//10146 5227//10146 5225//10146
f 5046//10147 5225//10147 5045//10147
f 5227//10148 5239//10148 5245//10148
f 5227//10149 5245//10149 5225//10149
f 5047//10150 5228//10150 5227//10150
f 5047//10151 5227//10151 5046//10151
f 5228//10152 5236//10152 5239//10152
f 5228//10153 5239//10153 5227//10153
f 5327//10154 5326//10154 5228//10154
f 5327//10155 5228//10155 5047//10155
f 5313//10156 5312//10156 5229//10156
f 5313//10157 5229//10157 5223//10157
f 5224//10158 5230//10158 5312//10158
f 5224//10159 5312//10159 5313//10159
f 5213//10160 5212//10160 5230//10160
f 5213//10161 5230//10161 5224//10161
f 5326//10162 5325//10162 5236//10162
f 5326//10163 5236//10163 5228//10163
f 5312//10164 5311//10164 5232//10164
f 5312//10165 5232//10165 5229//10165
f 5216//10166 5231//10166 5230//10166
f 5216//10167 5230//10167 5212//10167
f 5222//10168 5231//10168 5216//10168
f 5222//10169 5216//10169 5217//10169
f 5312//10170 5230//10170 5231//10170
f 5312//10171 5231//10171 5311//10171
f 5222//10172 5310//10172 5311//10172
f 5222//10173 5311//10173 5231//10173
f 5310//10174 5221//10174 5232//10174
f 5310//10175 5232//10175 5311//10175
f 5321//10176 5251//10176 5233//10176
f 5321//10177 5233//10177 5322//10177
f 5322//10178 5233//10178 5234//10178
f 5322//10179 5234//10179 5323//10179
f 5323//10180 5234//10180 5235//10180
f 5323//10181 5235//10181 5324//10181
f 5324//10182 5235//10182 5236//10182
f 5324//10183 5236//10183 5325//10183
f 5234//10184 5237//10184 5238//10184
f 5234//10185 5238//10185 5235//10185
f 5235//10186 5238//10186 5239//10186
f 5235//10187 5239//10187 5236//10187
f 5468//10188 5247//10188 5246//10188
f 5468//10189 5246//10189 5469//10189
f 5488//10190 5489//10190 5043//10190
f 5488//10191 5043//10191 5240//10191
f 5242//10192 5059//10192 5057//10192
f 5242//10193 5057//10193 5241//10193
f 5242//10194 4778//10194 4555//10194
f 5242//10195 4555//10195 5059//10195
f 5237//10196 5243//10196 5244//10196
f 5237//10197 5244//10197 5238//10197
f 5238//10198 5244//10198 5245//10198
f 5238//10199 5245//10199 5239//10199
f 5234//10200 5246//10200 5247//10200
f 5234//10201 5247//10201 5237//10201
f 5237//10202 5247//10202 5248//10202
f 5237//10203 5248//10203 5243//10203
f 5233//10204 5251//10204 5250//10204
f 5233//10205 5250//10205 5249//10205
f 5233//10206 5249//10206 5246//10206
f 5233//10207 5246//10207 5234//10207
f 5194//10208 5317//10208 4858//10208
f 5194//10209 4858//10209 4842//10209
f 5195//10210 5318//10210 5317//10210
f 5195//10211 5317//10211 5194//10211
f 5196//10212 5319//10212 5485//10212
f 5196//10213 5485//10213 5486//10213
f 5471//10214 5472//10214 5435//10214
f 5471//10215 5435//10215 5434//10215
f 5250//10216 5320//10216 5472//10216
f 5250//10217 5472//10217 5471//10217
f 5251//10218 5321//10218 5320//10218
f 5251//10219 5320//10219 5250//10219
f 5282//10220 5226//10220 5252//10220
f 5282//10221 5252//10221 5253//10221
f 5252//10222 5245//10222 5244//10222
f 5252//10223 5244//10223 5044//10223
f 5263//10224 5101//10224 5044//10224
f 5263//10225 5044//10225 5262//10225
f 5264//10226 5118//10226 5101//10226
f 5264//10227 5101//10227 5263//10227
f 5265//10228 5134//10228 5118//10228
f 5265//10229 5118//10229 5264//10229
f 5266//10230 5140//10230 5134//10230
f 5266//10231 5134//10231 5265//10231
f 5267//10232 5151//10232 5140//10232
f 5267//10233 5140//10233 5266//10233
f 5268//10234 5153//10234 5151//10234
f 5268//10235 5151//10235 5267//10235
f 5269//10236 5157//10236 5153//10236
f 5269//10237 5153//10237 5268//10237
f 5270//10238 5161//10238 5157//10238
f 5270//10239 5157//10239 5269//10239
f 5271//10240 5168//10240 5161//10240
f 5271//10241 5161//10241 5270//10241
f 5044//10242 5244//10242 5243//10242
f 5044//10243 5243//10243 5262//10243
f 5273//10244 5263//10244 5262//10244
f 5273//10245 5262//10245 5272//10245
f 5274//10246 5264//10246 5263//10246
f 5274//10247 5263//10247 5273//10247
f 5275//10248 5265//10248 5264//10248
f 5275//10249 5264//10249 5274//10249
f 5276//10250 5266//10250 5265//10250
f 5276//10251 5265//10251 5275//10251
f 5277//10252 5267//10252 5266//10252
f 5277//10253 5266//10253 5276//10253
f 5278//10254 5268//10254 5267//10254
f 5278//10255 5267//10255 5277//10255
f 5279//10256 5269//10256 5268//10256
f 5279//10257 5268//10257 5278//10257
f 5280//10258 5270//10258 5269//10258
f 5280//10259 5269//10259 5279//10259
f 5281//10260 5271//10260 5270//10260
f 5281//10261 5270//10261 5280//10261
f 5262//10262 5243//10262 5248//10262
f 5262//10263 5248//10263 5272//10263
f 5112//10264 5282//10264 5283//10264
f 5112//10265 5283//10265 5120//10265
f 5285//10266 5146//10266 5135//10266
f 5285//10267 5135//10267 5284//10267
f 5286//10268 5150//10268 5146//10268
f 5286//10269 5146//10269 5285//10269
f 5287//10270 5154//10270 5150//10270
f 5287//10271 5150//10271 5286//10271
f 5288//10272 5158//10272 5154//10272
f 5288//10273 5154//10273 5287//10273
f 5289//10274 5162//10274 5158//10274
f 5289//10275 5158//10275 5288//10275
f 5290//10276 5167//10276 5162//10276
f 5290//10277 5162//10277 5289//10277
f 5091//10278 5226//10278 5282//10278
f 5091//10279 5282//10279 5112//10279
f 5179//10280 5296//10280 5453//10280
f 5179//10281 5453//10281 5452//10281
f 5271//10282 5297//10282 5291//10282
f 5271//10283 5291//10283 5168//10283
f 5281//10284 5298//10284 5297//10284
f 5281//10285 5297//10285 5271//10285
f 5456//10286 5298//10286 5281//10286
f 5456//10287 5281//10287 5457//10287
f 5261//10288 5168//10288 5291//10288
f 5261//10289 5291//10289 5290//10289
f 5166//10290 5293//10290 5292//10290
f 5166//10291 5292//10291 5165//10291
f 5181//10292 5292//10292 5294//10292
f 5181//10293 5294//10293 5180//10293
f 5166//10294 5167//10294 5295//10294
f 5166//10295 5295//10295 5293//10295
f 5291//10296 5295//10296 5167//10296
f 5291//10297 5167//10297 5290//10297
f 5292//10298 5181//10298 5178//10298
f 5292//10299 5178//10299 5165//10299
f 5180//10300 5294//10300 5296//10300
f 5180//10301 5296//10301 5179//10301
f 5297//10302 5299//10302 5295//10302
f 5297//10303 5295//10303 5291//10303
f 5298//10304 5300//10304 5299//10304
f 5298//10305 5299//10305 5297//10305
f 5455//10306 5300//10306 5298//10306
f 5455//10307 5298//10307 5456//10307
f 5299//10308 5301//10308 5293//10308
f 5299//10309 5293//10309 5295//10309
f 5300//10310 5302//10310 5301//10310
f 5300//10311 5301//10311 5299//10311
f 5300//10312 5455//10312 5454//10312
f 5300//10313 5454//10313 5302//10313
f 5294//10314 5301//10314 5302//10314
f 5294//10315 5302//10315 5296//10315
f 5301//10316 5294//10316 5292//10316
f 5301//10317 5292//10317 5293//10317
f 5302//10318 5454//10318 5453//10318
f 5302//10319 5453//10319 5296//10319
f 4858//10320 5317//10320 5053//10320
f 4858//10321 5053//10321 4839//10321
f 5318//10322 5062//10322 5053//10322
f 5318//10323 5053//10323 5317//10323
f 5319//10324 5063//10324 5484//10324
f 5319//10325 5484//10325 5485//10325
f 5472//10326 5473//10326 5436//10326
f 5472//10327 5436//10327 5435//10327
f 5320//10328 5035//10328 5473//10328
f 5320//10329 5473//10329 5472//10329
f 5321//10330 5197//10330 5035//10330
f 5321//10331 5035//10331 5320//10331
f 5040//10332 5197//10332 5321//10332
f 5040//10333 5321//10333 5322//10333
f 5040//10334 5322//10334 5323//10334
f 5040//10335 5323//10335 5219//10335
f 5219//10336 5323//10336 5324//10336
f 5219//10337 5324//10337 5221//10337
f 5221//10338 5324//10338 5325//10338
f 5221//10339 5325//10339 5232//10339
f 5326//10340 5229//10340 5232//10340
f 5326//10341 5232//10341 5325//10341
f 5223//10342 5229//10342 5326//10342
f 5223//10343 5326//10343 5327//10343
f 5211//10344 5223//10344 5327//10344
f 5211//10345 5327//10345 5328//10345
f 5210//10346 5211//10346 5328//10346
f 5210//10347 5328//10347 5329//10347
f 5026//10348 5210//10348 5329//10348
f 5026//10349 5329//10349 5330//10349
f 5026//10350 5330//10350 3486//10350
f 5026//10351 3486//10351 2309//10351
f 5386//10352 5337//10352 5137//10352
f 5386//10353 5137//10353 5387//10353
f 5129//10354 5332//10354 5331//10354
f 5129//10355 5331//10355 5139//10355
f 5370//10356 5332//10356 5129//10356
f 5370//10357 5129//10357 5371//10357
f 5130//10358 5133//10358 5142//10358
f 5130//10359 5142//10359 5333//10359
f 5332//10360 5335//10360 5334//10360
f 5332//10361 5334//10361 5331//10361
f 5369//10362 5335//10362 5332//10362
f 5369//10363 5332//10363 5370//10363
f 5142//10364 5148//10364 5336//10364
f 5142//10365 5336//10365 5333//10365
f 5137//10366 5337//10366 5141//10366
f 5137//10367 5141//10367 5138//10367
f 5337//10368 5338//10368 5152//10368
f 5337//10369 5152//10369 5141//10369
f 5338//10370 5340//10370 5339//10370
f 5338//10371 5339//10371 5152//10371
f 5340//10372 5342//10372 5341//10372
f 5340//10373 5341//10373 5339//10373
f 5385//10374 5338//10374 5337//10374
f 5385//10375 5337//10375 5386//10375
f 5384//10376 5340//10376 5338//10376
f 5384//10377 5338//10377 5385//10377
f 5335//10378 5345//10378 5343//10378
f 5335//10379 5343//10379 5334//10379
f 5368//10380 5345//10380 5335//10380
f 5368//10381 5335//10381 5369//10381
f 5148//10382 5344//10382 5346//10382
f 5148//10383 5346//10383 5336//10383
f 5384//10384 5383//10384 5342//10384
f 5384//10385 5342//10385 5340//10385
f 5345//10386 5349//10386 5347//10386
f 5345//10387 5347//10387 5343//10387
f 5367//10388 5349//10388 5345//10388
f 5367//10389 5345//10389 5368//10389
f 5344//10390 5348//10390 5350//10390
f 5344//10391 5350//10391 5346//10391
f 5342//10392 5352//10392 5351//10392
f 5342//10393 5351//10393 5341//10393
f 5383//10394 5382//10394 5352//10394
f 5383//10395 5352//10395 5342//10395
f 5349//10396 5354//10396 5353//10396
f 5349//10397 5353//10397 5347//10397
f 5366//10398 5354//10398 5349//10398
f 5366//10399 5349//10399 5367//10399
f 5348//10400 5356//10400 5355//10400
f 5348//10401 5355//10401 5350//10401
f 5352//10402 5358//10402 5357//10402
f 5352//10403 5357//10403 5351//10403
f 5356//10404 5359//10404 5360//10404
f 5356//10405 5360//10405 5355//10405
f 5365//10406 5361//10406 5354//10406
f 5365//10407 5354//10407 5366//10407
f 5354//10408 5361//10408 5362//10408
f 5354//10409 5362//10409 5353//10409
f 5381//10410 5358//10410 5352//10410
f 5381//10411 5352//10411 5382//10411
f 5381//10412 5380//10412 5357//10412
f 5381//10413 5357//10413 5358//10413
f 5361//10414 5364//10414 5363//10414
f 5361//10415 5363//10415 5362//10415
f 5355//10416 5360//10416 5365//10416
f 5355//10417 5365//10417 5366//10417
f 5350//10418 5355//10418 5366//10418
f 5350//10419 5366//10419 5367//10419
f 5346//10420 5350//10420 5367//10420
f 5346//10421 5367//10421 5368//10421
f 5336//10422 5346//10422 5368//10422
f 5336//10423 5368//10423 5369//10423
f 5333//10424 5336//10424 5369//10424
f 5333//10425 5369//10425 5370//10425
f 5130//10426 5333//10426 5370//10426
f 5130//10427 5370//10427 5371//10427
f 5122//10428 5130//10428 5371//10428
f 5122//10429 5371//10429 5372//10429
f 5102//10430 5122//10430 5372//10430
f 5102//10431 5372//10431 5373//10431
f 5070//10432 5102//10432 5373//10432
f 5070//10433 5373//10433 5374//10433
f 5070//10434 5374//10434 5375//10434
f 5070//10435 5375//10435 5065//10435
f 5065//10436 5375//10436 5376//10436
f 5065//10437 5376//10437 5066//10437
f 5066//10438 5376//10438 5494//10438
f 5066//10439 5494//10439 5495//10439
f 5073//10440 5377//10440 5378//10440
f 5073//10441 5378//10441 5092//10441
f 5378//10442 4921//10442 4559//10442
f 5378//10443 4559//10443 5092//10443
f 5365//10444 5379//10444 5364//10444
f 5365//10445 5364//10445 5361//10445
f 5359//10446 5379//10446 5365//10446
f 5359//10447 5365//10447 5360//10447
f 5381//10448 5362//10448 5363//10448
f 5381//10449 5363//10449 5380//10449
f 5382//10450 5353//10450 5362//10450
f 5382//10451 5362//10451 5381//10451
f 5383//10452 5347//10452 5353//10452
f 5383//10453 5353//10453 5382//10453
f 5384//10454 5343//10454 5347//10454
f 5384//10455 5347//10455 5383//10455
f 5385//10456 5334//10456 5343//10456
f 5385//10457 5343//10457 5384//10457
f 5386//10458 5331//10458 5334//10458
f 5386//10459 5334//10459 5385//10459
f 5387//10460 5139//10460 5331//10460
f 5387//10461 5331//10461 5386//10461
f 5388//10462 5127//10462 5139//10462
f 5388//10463 5139//10463 5387//10463
f 5389//10464 5113//10464 5127//10464
f 5389//10465 5127//10465 5388//10465
f 5390//10466 5085//10466 5113//10466
f 5390//10467 5113//10467 5389//10467
f 5391//10468 5074//10468 5085//10468
f 5391//10469 5085//10469 5390//10469
f 5392//10470 5075//10470 5074//10470
f 5392//10471 5074//10471 5391//10471
f 5491//10472 5492//10472 5075//10472
f 5491//10473 5075//10473 5392//10473
f 5394//10474 5088//10474 5076//10474
f 5394//10475 5076//10475 5393//10475
f 4950//10476 4556//10476 5088//10476
f 4950//10477 5088//10477 5394//10477
f 5283//10478 5284//10478 5135//10478
f 5283//10479 5135//10479 5120//10479
f 5395//10480 5199//10480 5036//10480
f 5395//10481 5036//10481 5037//10481
f 5033//10482 5199//10482 5395//10482
f 5033//10483 5395//10483 5396//10483
f 5396//10484 5477//10484 5476//10484
f 5396//10485 5476//10485 5033//10485
f 5480//10486 5481//10486 5034//10486
f 5480//10487 5034//10487 5397//10487
f 5090//10488 5093//10488 5398//10488
f 5090//10489 5398//10489 5399//10489
f 5399//10490 4943//10490 4841//10490
f 5399//10491 4841//10491 5090//10491
f 5400//10492 5395//10492 5037//10492
f 5400//10493 5037//10493 5039//10493
f 5395//10494 5400//10494 5401//10494
f 5395//10495 5401//10495 5396//10495
f 5477//10496 5396//10496 5401//10496
f 5477//10497 5401//10497 5478//10497
f 5397//10498 5402//10498 5479//10498
f 5397//10499 5479//10499 5480//10499
f 5398//10500 5403//10500 5404//10500
f 5398//10501 5404//10501 5399//10501
f 5404//10502 4949//10502 4943//10502
f 5404//10503 4943//10503 5399//10503
f 2350//10504 4271//10504 5405//10504
f 2350//10505 5405//10505 5064//10505
f 5406//10506 5069//10506 5064//10506
f 5406//10507 5064//10507 5405//10507
f 5407//10508 5103//10508 5069//10508
f 5407//10509 5069//10509 5406//10509
f 5408//10510 5123//10510 5103//10510
f 5408//10511 5103//10511 5407//10511
f 5409//10512 5133//10512 5123//10512
f 5409//10513 5123//10513 5408//10513
f 5410//10514 5142//10514 5133//10514
f 5410//10515 5133//10515 5409//10515
f 5411//10516 5148//10516 5142//10516
f 5411//10517 5142//10517 5410//10517
f 5412//10518 5344//10518 5148//10518
f 5412//10519 5148//10519 5411//10519
f 5413//10520 5348//10520 5344//10520
f 5413//10521 5344//10521 5412//10521
f 5348//10522 5413//10522 5414//10522
f 5348//10523 5414//10523 5356//10523
f 5415//10524 5359//10524 5356//10524
f 5415//10525 5356//10525 5414//10525
f 5359//10526 5415//10526 5416//10526
f 5359//10527 5416//10527 5379//10527
f 5379//10528 5416//10528 5417//10528
f 5379//10529 5417//10529 5364//10529
f 5364//10530 5417//10530 5418//10530
f 5364//10531 5418//10531 5363//10531
f 5380//10532 5363//10532 5418//10532
f 5380//10533 5418//10533 5419//10533
f 5357//10534 5380//10534 5419//10534
f 5357//10535 5419//10535 5420//10535
f 5351//10536 5357//10536 5420//10536
f 5351//10537 5420//10537 5421//10537
f 5341//10538 5351//10538 5421//10538
f 5341//10539 5421//10539 5422//10539
f 5339//10540 5341//10540 5422//10540
f 5339//10541 5422//10541 5423//10541
f 5152//10542 5339//10542 5423//10542
f 5152//10543 5423//10543 5424//10543
f 5141//10544 5152//10544 5424//10544
f 5141//10545 5424//10545 5425//10545
f 5138//10546 5141//10546 5425//10546
f 5138//10547 5425//10547 5426//10547
f 5126//10548 5138//10548 5426//10548
f 5126//10549 5426//10549 5427//10549
f 5100//10550 5126//10550 5427//10550
f 5100//10551 5427//10551 5428//10551
f 5429//10552 5042//10552 5100//10552
f 5429//10553 5100//10553 5428//10553
f 5042//10554 5429//10554 5430//10554
f 5042//10555 5430//10555 5041//10555
f 5041//10556 5430//10556 5431//10556
f 5041//10557 5431//10557 5043//10557
f 5240//10558 5043//10558 5431//10558
f 5240//10559 5431//10559 5432//10559
f 5055//10560 5240//10560 5432//10560
f 5055//10561 5432//10561 5433//10561
f 5196//10562 5055//10562 5433//10562
f 5196//10563 5433//10563 5434//10563
f 5435//10564 5319//10564 5196//10564
f 5435//10565 5196//10565 5434//10565
f 5436//10566 5063//10566 5319//10566
f 5436//10567 5319//10567 5435//10567
f 5305//10568 5063//10568 5436//10568
f 5305//10569 5436//10569 5437//10569
f 5096//10570 5305//10570 5437//10570
f 5096//10571 5437//10571 5438//10571
f 5034//10572 5096//10572 5438//10572
f 5034//10573 5438//10573 5439//10573
f 5034//10574 5439//10574 5440//10574
f 5034//10575 5440//10575 5397//10575
f 5441//10576 5402//10576 5397//10576
f 5441//10577 5397//10577 5440//10577
f 4272//10578 3190//10578 5402//10578
f 4272//10579 5402//10579 5441//10579
f 5442//10580 5405//10580 4271//10580
f 5442//10581 4271//10581 4283//10581
f 5443//10582 5406//10582 5405//10582
f 5443//10583 5405//10583 5442//10583
f 5444//10584 5407//10584 5406//10584
f 5444//10585 5406//10585 5443//10585
f 5445//10586 5408//10586 5407//10586
f 5445//10587 5407//10587 5444//10587
f 5446//10588 5409//10588 5408//10588
f 5446//10589 5408//10589 5445//10589
f 5447//10590 5410//10590 5409//10590
f 5447//10591 5409//10591 5446//10591
f 5448//10592 5411//10592 5410//10592
f 5448//10593 5410//10593 5447//10593
f 5449//10594 5412//10594 5411//10594
f 5449//10595 5411//10595 5448//10595
f 5450//10596 5413//10596 5412//10596
f 5450//10597 5412//10597 5449//10597
f 5451//10598 5414//10598 5413//10598
f 5451//10599 5413//10599 5450//10599
f 5452//10600 5415//10600 5414//10600
f 5452//10601 5414//10601 5451//10601
f 5453//10602 5416//10602 5415//10602
f 5453//10603 5415//10603 5452//10603
f 5417//10604 5416//10604 5453//10604
f 5417//10605 5453//10605 5454//10605
f 5418//10606 5417//10606 5454//10606
f 5418//10607 5454//10607 5455//10607
f 5419//10608 5418//10608 5455//10608
f 5419//10609 5455//10609 5456//10609
f 5420//10610 5419//10610 5456//10610
f 5420//10611 5456//10611 5457//10611
f 5421//10612 5420//10612 5457//10612
f 5421//10613 5457//10613 5458//10613
f 5422//10614 5421//10614 5458//10614
f 5422//10615 5458//10615 5459//10615
f 5423//10616 5422//10616 5459//10616
f 5423//10617 5459//10617 5460//10617
f 5424//10618 5423//10618 5460//10618
f 5424//10619 5460//10619 5461//10619
f 5425//10620 5424//10620 5461//10620
f 5425//10621 5461//10621 5462//10621
f 5426//10622 5425//10622 5462//10622
f 5426//10623 5462//10623 5463//10623
f 5427//10624 5426//10624 5463//10624
f 5427//10625 5463//10625 5464//10625
f 5428//10626 5427//10626 5464//10626
f 5428//10627 5464//10627 5465//10627
f 5429//10628 5428//10628 5465//10628
f 5429//10629 5465//10629 5466//10629
f 5468//10630 5431//10630 5430//10630
f 5468//10631 5430//10631 5467//10631
f 5432//10632 5431//10632 5468//10632
f 5432//10633 5468//10633 5469//10633
f 5470//10634 5433//10634 5432//10634
f 5470//10635 5432//10635 5469//10635
f 5434//10636 5433//10636 5470//10636
f 5434//10637 5470//10637 5471//10637
f 5437//10638 5436//10638 5473//10638
f 5437//10639 5473//10639 5474//10639
f 5438//10640 5437//10640 5474//10640
f 5438//10641 5474//10641 5475//10641
f 5476//10642 5439//10642 5438//10642
f 5476//10643 5438//10643 5475//10643
f 5477//10644 5440//10644 5439//10644
f 5477//10645 5439//10645 5476//10645
f 5441//10646 5440//10646 5477//10646
f 5441//10647 5477//10647 5478//10647
f 4284//10648 4272//10648 5441//10648
f 4284//10649 5441//10649 5478//10649
f 5479//10650 4532//10650 3192//10650
f 5479//10651 3192//10651 5403//10651
f 5480//10652 5479//10652 5403//10652
f 5480//10653 5403//10653 5398//10653
f 5093//10654 5481//10654 5480//10654
f 5093//10655 5480//10655 5398//10655
f 5093//10656 5095//10656 5482//10656
f 5093//10657 5482//10657 5481//10657
f 5095//10658 5304//10658 5483//10658
f 5095//10659 5483//10659 5482//10659
f 5304//10660 5062//10660 5484//10660
f 5304//10661 5484//10661 5483//10661
f 5485//10662 5484//10662 5062//10662
f 5485//10663 5062//10663 5318//10663
f 5486//10664 5485//10664 5318//10664
f 5486//10665 5318//10665 5195//10665
f 5487//10666 5486//10666 5195//10666
f 5487//10667 5195//10667 5056//10667
f 5056//10668 5241//10668 5488//10668
f 5056//10669 5488//10669 5487//10669
f 5241//10670 5057//10670 5489//10670
f 5241//10671 5489//10671 5488//10671
f 5057//10672 5060//10672 5490//10672
f 5057//10673 5490//10673 5489//10673
f 5491//10674 5490//10674 5060//10674
f 5491//10675 5060//10675 5393//10675
f 5393//10676 5076//10676 5492//10676
f 5393//10677 5492//10677 5491//10677
f 5072//10678 5493//10678 5492//10678
f 5072//10679 5492//10679 5076//10679
f 5494//10680 5493//10680 5072//10680
f 5494//10681 5072//10681 5377//10681
f 5495//10682 5494//10682 5377//10682
f 5495//10683 5377//10683 5073//10683
f 2351//10684 4533//10684 5495//10684
f 2351//10685 5495//10685 5073//10685
f 110//10686 4608//10686 5496//10686
f 110//10687 5496//10687 4551//10687
f 5497//10688 5496//10688 4608//10688
f 5497//10689 4608//10689 4919//10689
f 5498//10690 5497//10690 4919//10690
f 5498//10691 4919//10691 4607//10691
f 4607//10692 4611//10692 5499//10692
f 4607//10693 5499//10693 5498//10693
f 4936//10694 5500//10694 5499//10694
f 4936//10695 5499//10695 4611//10695
f 5501//10696 5500//10696 4936//10696
f 5501//10697 4936//10697 4595//10697
f 4592//10698 5502//10698 5501//10698
f 4592//10699 5501//10699 4595//10699
f 4776//10700 5503//10700 5502//10700
f 4776//10701 5502//10701 4592//10701
f 4591//10702 5504//10702 5503//10702
f 4591//10703 5503//10703 4776//10703
f 4730//10704 5505//10704 5504//10704
f 4730//10705 5504//10705 4591//10705
f 5506//10706 5505//10706 4730//10706
f 5506//10707 4730//10707 4860//10707
f 5507//10708 5506//10708 4860//10708
f 5507//10709 4860//10709 4597//10709
f 4845//10710 5508//10710 5507//10710
f 4845//10711 5507//10711 4597//10711
f 4630//10712 5509//10712 5508//10712
f 4630//10713 5508//10713 4845//10713
f 4628//10714 5510//10714 5509//10714
f 4628//10715 5509//10715 4630//10715
f 4628//10716 4941//10716 5511//10716
f 4628//10717 5511//10717 5510//10717
f 5512//10718 5511//10718 4941//10718
f 5512//10719 4941//10719 4947//10719
f 4552//10720 5512//10720 4947//10720
f 4552//10721 4947//10721 952//10721
f 5568//10722 5567//10722 5574//10722
f 5568//10723 5574//10723 5575//10723
f 5570//10724 5567//10724 5568//10724
f 5570//10725 5568//10725 5571//10725
f 5578//10726 5569//10726 5576//10726
f 5578//10727 5576//10727 5589//10727
f 5576//10728 5569//10728 5577//10728
f 5576//10729 5577//10729 5588//10729
f 5567//10730 5570//10730 5577//10730
f 5567//10731 5577//10731 5569//10731
f 5574//10732 5567//10732 5569//10732
f 5574//10733 5569//10733 5578//10733
f 5579//10734 5570//10734 5571//10734
f 5579//10735 5571//10735 5580//10735
f 5572//10736 5568//10736 5575//10736
f 5572//10737 5575//10737 5583//10737
f 5568//10738 5572//10738 5581//10738
f 5568//10739 5581//10739 5571//10739
f 5572//10740 5573//10740 5582//10740
f 5572//10741 5582//10741 5581//10741
f 5573//10742 5572//10742 5583//10742
f 5573//10743 5583//10743 5584//10743
f 5575//10744 5574//10744 5585//10744
f 5575//10745 5585//10745 5586//10745
f 5588//10746 5577//10746 5590//10746
f 5588//10747 5590//10747 5607//10747
f 5570//10748 5579//10748 5590//10748
f 5570//10749 5590//10749 5577//10749
f 5591//10750 5578//10750 5589//10750
f 5591//10751 5589//10751 5608//10751
f 5585//10752 5574//10752 5578//10752
f 5585//10753 5578//10753 5591//10753
f 5592//10754 5579//10754 5580//10754
f 5592//10755 5580//10755 5595//10755
f 5571//10756 5581//10756 5596//10756
f 5571//10757 5596//10757 5580//10757
f 5581//10758 5582//10758 5597//10758
f 5581//10759 5597//10759 5596//10759
f 5598//10760 5918//10760 5919//10760
f 5598//10761 5919//10761 5622//10761
f 5918//10762 5598//10762 5620//10762
f 5918//10763 5620//10763 5917//10763
f 5583//10764 5575//10764 5586//10764
f 5583//10765 5586//10765 5599//10765
f 5584//10766 5583//10766 5599//10766
f 5584//10767 5599//10767 5600//10767
f 5586//10768 5585//10768 5601//10768
f 5586//10769 5601//10769 5602//10769
f 5576//10770 5587//10770 5606//10770
f 5576//10771 5606//10771 5589//10771
f 5605//10772 5587//10772 5576//10772
f 5605//10772 5576//10772 5588//10772
f 5607//10773 5590//10773 5609//10773
f 5607//10774 5609//10774 5633//10774
f 5579//10775 5592//10775 5609//10775
f 5579//10776 5609//10776 5590//10776
f 5611//10777 5591//10777 5608//10777
f 5611//10778 5608//10778 5635//10778
f 5601//10779 5585//10779 5591//10779
f 5601//10780 5591//10780 5611//10780
f 5593//10781 5592//10781 5595//10781
f 5593//10782 5595//10782 5594//10782
f 5580//10783 5596//10783 5616//10783
f 5580//10784 5616//10784 5595//10784
f 5596//10785 5597//10785 5619//10785
f 5596//10786 5619//10786 5616//10786
f 5917//10787 5620//10787 5647//10787
f 5917//10788 5647//10788 5916//10788
f 5598//10789 5621//10789 5648//10789
f 5598//10790 5648//10790 5620//10790
f 5621//10791 5598//10791 5622//10791
f 5621//10792 5622//10792 5651//10792
f 5622//10793 5919//10793 5920//10793
f 5622//10794 5920//10794 5652//10794
f 5599//10795 5586//10795 5602//10795
f 5599//10796 5602//10796 5623//10796
f 5600//10797 5599//10797 5623//10797
f 5600//10798 5623//10798 5624//10798
f 5602//10799 5601//10799 5625//10799
f 5602//10800 5625//10800 5626//10800
f 5604//10801 5603//10801 5629//10801
f 5604//10802 5629//10802 5630//10802
f 5603//10803 5604//10803 5628//10803
f 5603//10804 5628//10804 5627//10804
f 5604//10805 5587//10805 5605//10805
f 5604//10806 5605//10806 5628//10806
f 5587//10807 5604//10807 5630//10807
f 5587//10808 5630//10808 5606//10808
f 5631//10809 5605//10809 5588//10809
f 5631//10810 5588//10810 5607//10810
f 5589//10811 5606//10811 5632//10811
f 5589//10812 5632//10812 5608//10812
f 5609//10813 5610//10813 5634//10813
f 5609//10814 5634//10814 5633//10814
f 5592//10815 5593//10815 5610//10815
f 5592//10816 5610//10816 5609//10816
f 5638//10817 5611//10817 5635//10817
f 5638//10818 5635//10818 5666//10818
f 5625//10819 5601//10819 5611//10819
f 5625//10820 5611//10820 5638//10820
f 5612//10821 5593//10821 5594//10821
f 5612//10822 5594//10822 5615//10822
f 5613//10823 5612//10823 5615//10823
f 5613//10824 5615//10824 5614//10824
f 5616//10825 5617//10825 5594//10825
f 5616//10826 5594//10826 5595//10826
f 5616//10827 5619//10827 5618//10827
f 5616//10828 5618//10828 5617//10828
f 5916//10829 5647//10829 5673//10829
f 5916//10830 5673//10830 5915//10830
f 5620//10831 5648//10831 5675//10831
f 5620//10832 5675//10832 5647//10832
f 5648//10833 5621//10833 5649//10833
f 5648//10834 5649//10834 5676//10834
f 5621//10835 5651//10835 5679//10835
f 5621//10836 5679//10836 5649//10836
f 5651//10837 5622//10837 5652//10837
f 5651//10838 5652//10838 5681//10838
f 5652//10839 5920//10839 5921//10839
f 5652//10840 5921//10840 5682//10840
f 5623//10841 5602//10841 5626//10841
f 5623//10842 5626//10842 5653//10842
f 5624//10843 5623//10843 5653//10843
f 5624//10844 5653//10844 5654//10844
f 5627//10845 5628//10845 5658//10845
f 5627//10846 5658//10846 5657//10846
f 5628//10847 5605//10847 5631//10847
f 5628//10848 5631//10848 5658//10848
f 5630//10849 5629//10849 5659//10849
f 5630//10850 5659//10850 5660//10850
f 5606//10851 5630//10851 5660//10851
f 5606//10852 5660//10852 5632//10852
f 5661//10853 5631//10853 5607//10853
f 5661//10854 5607//10854 5633//10854
f 5608//10855 5632//10855 5663//10855
f 5608//10856 5663//10856 5635//10856
f 5610//10857 5636//10857 5664//10857
f 5610//10858 5664//10858 5634//10858
f 5612//10859 5613//10859 5637//10859
f 5612//10860 5637//10860 5636//10860
f 5593//10861 5612//10861 5636//10861
f 5593//10862 5636//10862 5610//10862
f 5639//10863 5613//10863 5614//10863
f 5639//10864 5614//10864 5642//10864
f 5643//10865 5615//10865 5594//10865
f 5643//10866 5594//10866 5617//10866
f 5643//10867 5644//10867 5614//10867
f 5643//10868 5614//10868 5615//10868
f 5643//10869 5646//10869 5645//10869
f 5643//10870 5645//10870 5644//10870
f 5643//10871 5617//10871 5618//10871
f 5643//10872 5618//10872 5646//10872
f 5914//10873 5915//10873 5673//10873
f 5914//10874 5673//10874 5674//10874
f 5647//10875 5675//10875 5701//10875
f 5647//10876 5701//10876 5673//10876
f 5675//10877 5648//10877 5676//10877
f 5675//10878 5676//10878 5703//10878
f 5650//10879 5677//10879 5676//10879
f 5650//10880 5676//10880 5649//10880
f 5680//10881 5650//10881 5649//10881
f 5680//10882 5649//10882 5679//10882
f 5651//10883 5681//10883 5707//10883
f 5651//10884 5707//10884 5679//10884
f 5681//10885 5652//10885 5682//10885
f 5681//10886 5682//10886 5709//10886
f 132//10887 133//10887 5626//10887
f 132//10888 5626//10888 5625//10888
f 5655//10889 5656//10889 5687//10889
f 5655//10890 5687//10890 5686//10890
f 5656//10891 5655//10891 5684//10891
f 5656//10892 5684//10892 5685//10892
f 5657//10893 5658//10893 5689//10893
f 5657//10894 5689//10894 5688//10894
f 5658//10895 5631//10895 5661//10895
f 5658//10896 5661//10896 5689//10896
f 5660//10897 5659//10897 5692//10897
f 5660//10898 5692//10898 5693//10898
f 5632//10899 5660//10899 5693//10899
f 5632//10900 5693//10900 5663//10900
f 5662//10901 5661//10901 5633//10901
f 5662//10902 5633//10902 5634//10902
f 5635//10903 5663//10903 5696//10903
f 5635//10904 5696//10904 5666//10904
f 5637//10905 5667//10905 5697//10905
f 5637//10906 5697//10906 5665//10906
f 5613//10907 5639//10907 5667//10907
f 5613//10908 5667//10908 5637//10908
f 139//10909 134//10909 5638//10909
f 139//10910 5638//10910 5666//10910
f 134//10911 132//10911 5625//10911
f 134//10912 5625//10912 5638//10912
f 5669//10913 5642//10913 5614//10913
f 5669//10914 5614//10914 5644//10914
f 5669//10915 5644//10915 5645//10915
f 5669//10916 5645//10916 5672//10916
f 5913//10917 5914//10917 5674//10917
f 5913//10918 5674//10918 5699//10918
f 5912//10919 5913//10919 5699//10919
f 5912//10920 5699//10920 5700//10920
f 5674//10921 5673//10921 5701//10921
f 5674//10922 5701//10922 5702//10922
f 5701//10923 5675//10923 5703//10923
f 5701//10924 5703//10924 5728//10924
f 5677//10925 5704//10925 5703//10925
f 5677//10926 5703//10926 5676//10926
f 5993//10927 5650//10927 5680//10927
f 5993//10928 5680//10928 5992//10928
f 5650//10929 5993//10929 5994//10929
f 5650//10930 5994//10930 5677//10930
f 5705//10931 5678//10931 5893//10931
f 5705//10932 5893//10932 5894//10932
f 5678//10933 5706//10933 5892//10933
f 5678//10934 5892//10934 5893//10934
f 5708//10935 5680//10935 5679//10935
f 5708//10936 5679//10936 5707//10936
f 5681//10937 5709//10937 5734//10937
f 5681//10938 5734//10938 5707//10938
f 133//10939 135//10939 5653//10939
f 133//10940 5653//10940 5626//10940
f 135//10941 136//10941 5654//10941
f 135//10942 5654//10942 5653//10942
f 5711//10943 5683//10943 6040//10943
f 5711//10944 6040//10944 6041//10944
f 5683//10945 5710//10945 6039//10945
f 5683//10946 6039//10946 6040//10946
f 5685//10947 5684//10947 5712//10947
f 5685//10948 5712//10948 5713//10948
f 5686//10949 5687//10949 5715//10949
f 5686//10950 5715//10950 5714//10950
f 5689//10951 5691//10951 5690//10951
f 5689//10952 5690//10952 5688//10952
f 5689//10953 5661//10953 5662//10953
f 5689//10954 5662//10954 5691//10954
f 5693//10955 5692//10955 5720//10955
f 5693//10956 5720//10956 5721//10956
f 5663//10957 5693//10957 5721//10957
f 5663//10958 5721//10958 5696//10958
f 5694//10959 5662//10959 5634//10959
f 5694//10960 5634//10960 5664//10960
f 5911//10961 5912//10961 5700//10961
f 5911//10962 5700//10962 5724//10962
f 5700//10963 5699//10963 5726//10963
f 5700//10964 5726//10964 5727//10964
f 5699//10965 5674//10965 5702//10965
f 5699//10966 5702//10966 5726//10966
f 5702//10967 5701//10967 5728//10967
f 5702//10968 5728//10968 5729//10968
f 5704//10969 5731//10969 5728//10969
f 5704//10970 5728//10970 5703//10970
f 5677//10971 5994//10971 5995//10971
f 5677//10972 5995//10972 5704//10972
f 5732//10973 5705//10973 5894//10973
f 5732//10974 5894//10974 5895//10974
f 5992//10975 5680//10975 5708//10975
f 5992//10976 5708//10976 5991//10976
f 5706//10977 5733//10977 5891//10977
f 5706//10978 5891//10978 5892//10978
f 5735//10979 5708//10979 5707//10979
f 5735//10980 5707//10980 5734//10980
f 6038//10981 6039//10981 5710//10981
f 6038//10982 5710//10982 5737//10982
f 5738//10983 5711//10983 6041//10983
f 5738//10984 6041//10984 6042//10984
f 5713//10985 5712//10985 5739//10985
f 5713//10986 5739//10986 5740//10986
f 5714//10987 5715//10987 5744//10987
f 5714//10988 5744//10988 5743//10988
f 5690//10989 5691//10989 5717//10989
f 5690//10990 5717//10990 5716//10990
f 5717//10991 5691//10991 5662//10991
f 5717//10992 5662//10992 5694//10992
f 5722//10993 5695//10993 5665//10993
f 5722//10994 5665//10994 5697//10994
f 5696//10995 144//10995 139//10995
f 5696//10996 139//10996 5666//10996
f 5724//10997 5700//10997 5727//10997
f 5724//10998 5727//10998 5749//10998
f 5727//10999 5726//10999 5751//10999
f 5727//11000 5751//11000 5752//11000
f 5726//11001 5702//11001 5729//11001
f 5726//11002 5729//11002 5751//11002
f 5731//11003 5730//11003 5729//11003
f 5731//11004 5729//11004 5728//11004
f 5704//11005 5995//11005 5996//11005
f 5704//11006 5996//11006 5731//11006
f 5755//11007 5732//11007 5895//11007
f 5755//11008 5895//11008 5896//11008
f 5991//11009 5708//11009 5735//11009
f 5991//11010 5735//11010 5990//11010
f 5733//11011 5758//11011 5890//11011
f 5733//11012 5890//11012 5891//11012
f 5761//11013 5736//11013 5759//11013
f 5761//11014 5759//11014 5781//11014
f 5759//11015 5736//11015 5760//11015
f 5759//11016 5760//11016 5780//11016
f 6037//11017 6038//11017 5737//11017
f 6037//11018 5737//11018 5762//11018
f 5764//11019 5738//11019 6042//11019
f 5764//11020 6042//11020 6043//11020
f 5742//11021 5740//11021 5739//11021
f 5742//11022 5739//11022 5741//11022
f 5743//11023 5744//11023 5770//11023
f 5743//11024 5770//11024 5769//11024
f 5925//11025 5926//11025 5719//11025
f 5925//11026 5719//11026 5746//11026
f 5746//11027 5719//11027 5695//11027
f 5746//11028 5695//11028 5722//11028
f 147//11029 148//11029 5721//11029
f 147//11030 5721//11030 5720//11030
f 148//11031 144//11031 5696//11031
f 148//11032 5696//11032 5721//11032
f 5749//11033 5727//11033 5752//11033
f 5749//11034 5752//11034 5771//11034
f 5754//11035 5753//11035 5752//11035
f 5754//11036 5752//11036 5751//11036
f 5730//11037 5754//11037 5751//11037
f 5730//11038 5751//11038 5729//11038
f 5996//11039 5997//11039 5730//11039
f 5996//11040 5730//11040 5731//11040
f 5756//11041 5755//11041 5896//11041
f 5756//11042 5896//11042 5897//11042
f 5779//11043 5757//11043 5893//11043
f 5779//11044 5893//11044 5892//11044
f 5757//11045 5777//11045 5894//11045
f 5757//11046 5894//11046 5893//11046
f 5777//11047 5757//11047 5778//11047
f 5777//11048 5778//11048 5793//11048
f 5778//11049 5757//11049 5779//11049
f 5778//11050 5779//11050 5795//11050
f 5781//11051 5759//11051 5528//11051
f 5781//11052 5528//11052 5523//11052
f 5527//11053 5528//11053 5759//11053
f 5527//11054 5759//11054 5780//11054
f 5780//11055 5760//11055 5782//11055
f 5780//11056 5782//11056 5797//11056
f 5783//11057 5761//11057 5781//11057
f 5783//11058 5781//11058 5798//11058
f 5762//11059 5763//11059 6036//11059
f 5762//11060 6036//11060 6037//11060
f 5785//11061 5764//11061 6043//11061
f 5785//11062 6043//11062 6044//11062
f 5766//11063 5742//11063 5741//11063
f 5766//11064 5741//11064 5765//11064
f 5753//11065 5774//11065 5771//11065
f 5753//11066 5771//11066 5752//11066
f 5997//11067 5998//11067 5754//11067
f 5997//11068 5754//11068 5730//11068
f 5998//11069 5999//11069 5753//11069
f 5998//11070 5753//11070 5754//11070
f 5776//11071 5775//11071 5898//11071
f 5776//11072 5898//11072 5899//11072
f 5775//11073 5756//11073 5897//11073
f 5775//11074 5897//11074 5898//11074
f 5777//11075 5792//11075 5895//11075
f 5777//11076 5895//11076 5894//11076
f 5792//11077 5777//11077 5793//11077
f 5792//11078 5793//11078 5805//11078
f 5793//11079 5778//11079 5794//11079
f 5793//11080 5794//11080 5806//11080
f 5794//11081 5778//11081 5795//11081
f 5794//11082 5795//11082 5808//11082
f 5796//11083 5779//11083 5892//11083
f 5796//11084 5892//11084 5891//11084
f 5795//11085 5779//11085 5796//11085
f 5795//11086 5796//11086 5809//11086
f 5527//11087 5780//11087 5797//11087
f 5527//11088 5797//11088 5534//11088
f 5798//11089 5781//11089 5523//11089
f 5798//11090 5523//11090 5524//11090
f 5797//11091 5782//11091 5799//11091
f 5797//11092 5799//11092 5811//11092
f 5801//11093 5783//11093 5798//11093
f 5801//11094 5798//11094 5813//11094
f 6035//11095 6036//11095 5763//11095
f 6035//11096 5763//11096 5784//11096
f 5787//11097 5768//11097 5767//11097
f 5787//11098 5767//11098 5786//11098
f 152//11099 153//11099 5769//11099
f 152//11100 5769//11100 5770//11100
f 5999//11101 6000//11101 5774//11101
f 5999//11102 5774//11102 5753//11102
f 5790//11103 5776//11103 5899//11103
f 5790//11104 5899//11104 5900//11104
f 5792//11105 5803//11105 5896//11105
f 5792//11106 5896//11106 5895//11106
f 5803//11107 5792//11107 5805//11107
f 5803//11108 5805//11108 5821//11108
f 5805//11109 5793//11109 5806//11109
f 5805//11110 5806//11110 5823//11110
f 5806//11111 5794//11111 5807//11111
f 5806//11112 5807//11112 5824//11112
f 5807//11113 5794//11113 5808//11113
f 5807//11114 5808//11114 5826//11114
f 5808//11115 5795//11115 5809//11115
f 5808//11116 5809//11116 5827//11116
f 5810//11117 5796//11117 5891//11117
f 5810//11118 5891//11118 5890//11118
f 5809//11119 5796//11119 5810//11119
f 5809//11120 5810//11120 5828//11120
f 5533//11121 5534//11121 5797//11121
f 5533//11122 5797//11122 5811//11122
f 5813//11123 5798//11123 5524//11123
f 5813//11124 5524//11124 5525//11124
f 5799//11125 5800//11125 5812//11125
f 5799//11126 5812//11126 5811//11126
f 5816//11127 5801//11127 5813//11127
f 5816//11128 5813//11128 5830//11128
f 6033//11129 6034//11129 5768//11129
f 6033//11130 5768//11130 5787//11130
f 6044//11131 2082//11131 155//11131
f 6044//11132 155//11132 5785//11132
f 5803//11133 5804//11133 5897//11133
f 5803//11134 5897//11134 5896//11134
f 5804//11135 5803//11135 5821//11135
f 5804//11136 5821//11136 5822//11136
f 5821//11137 5805//11137 5823//11137
f 5821//11138 5823//11138 5837//11138
f 5823//11139 5806//11139 5824//11139
f 5823//11140 5824//11140 5839//11140
f 5824//11141 5807//11141 5825//11141
f 5824//11142 5825//11142 5840//11142
f 5825//11143 5807//11143 5826//11143
f 5825//11144 5826//11144 5841//11144
f 5826//11145 5808//11145 5827//11145
f 5826//11146 5827//11146 5842//11146
f 5827//11147 5809//11147 5828//11147
f 5827//11148 5828//11148 5843//11148
f 5903//11149 5810//11149 5890//11149
f 5903//11150 5890//11150 5902//11150
f 5828//11151 5810//11151 5903//11151
f 5828//11152 5903//11152 5904//11152
f 5811//11153 5812//11153 5532//11153
f 5811//11154 5532//11154 5533//11154
f 5830//11155 5813//11155 5525//11155
f 5830//11156 5525//11156 5526//11156
f 5800//11157 5814//11157 5829//11157
f 5800//11158 5829//11158 5812//11158
f 5804//11159 5819//11159 5898//11159
f 5804//11160 5898//11160 5897//11160
f 5819//11161 5820//11161 5899//11161
f 5819//11162 5899//11162 5898//11162
f 5820//11163 5819//11163 5835//11163
f 5820//11164 5835//11164 5836//11164
f 5819//11165 5804//11165 5822//11165
f 5819//11166 5822//11166 5835//11166
f 5822//11167 5821//11167 5837//11167
f 5822//11168 5837//11168 5838//11168
f 5837//11169 5823//11169 5839//11169
f 5837//11170 5839//11170 5848//11170
f 5839//11171 5824//11171 5840//11171
f 5839//11172 5840//11172 5850//11172
f 5840//11173 5825//11173 5852//11173
f 5840//11174 5852//11174 5851//11174
f 5825//11175 5841//11175 5862//11175
f 5825//11176 5862//11176 5852//11176
f 5841//11177 5826//11177 5842//11177
f 5841//11178 5842//11178 5853//11178
f 5842//11179 5827//11179 5843//11179
f 5842//11180 5843//11180 5854//11180
f 5843//11181 5828//11181 5904//11181
f 5843//11182 5904//11182 5905//11182
f 5831//11183 5815//11183 5802//11183
f 5831//11184 5802//11184 5817//11184
f 5820//11185 5833//11185 5900//11185
f 5820//11186 5900//11186 5899//11186
f 5833//11187 5820//11187 5836//11187
f 5833//11188 5836//11188 5844//11188
f 5836//11189 5835//11189 5846//11189
f 5836//11190 5846//11190 5847//11190
f 5835//11191 5822//11191 5838//11191
f 5835//11192 5838//11192 5846//11192
f 5838//11193 5837//11193 5848//11193
f 5838//11194 5848//11194 5849//11194
f 5848//11195 5839//11195 5850//11195
f 5848//11196 5850//11196 5859//11196
f 5850//11197 5840//11197 5851//11197
f 5850//11198 5851//11198 5861//11198
f 5841//11199 5853//11199 5871//11199
f 5841//11200 5871//11200 5862//11200
f 5853//11201 5842//11201 5854//11201
f 5853//11202 5854//11202 5863//11202
f 5854//11203 5843//11203 5905//11203
f 5854//11204 5905//11204 5906//11204
f 172//11205 5830//11205 5526//11205
f 172//11206 5526//11206 1//11206
f 5844//11207 5836//11207 5847//11207
f 5844//11208 5847//11208 5855//11208
f 5847//11209 5846//11209 5857//11209
f 5847//11210 5857//11210 5858//11210
f 5846//11211 5838//11211 5849//11211
f 5846//11212 5849//11212 5857//11212
f 5849//11213 5848//11213 5859//11213
f 5849//11214 5859//11214 5860//11214
f 5859//11215 5850//11215 5861//11215
f 5859//11216 5861//11216 5868//11216
f 5969//11217 5851//11217 5852//11217
f 5969//11218 5852//11218 5970//11218
f 5853//11219 5863//11219 5878//11219
f 5853//11220 5878//11220 5871//11220
f 5863//11221 5854//11221 5906//11221
f 5863//11222 5906//11222 5907//11222
f 5855//11223 5847//11223 5858//11223
f 5855//11224 5858//11224 5864//11224
f 5858//11225 5857//11225 5866//11225
f 5858//11226 5866//11226 5867//11226
f 5857//11227 5849//11227 5860//11227
f 5857//11228 5860//11228 5866//11228
f 5860//11229 5859//11229 5868//11229
f 5860//11230 5868//11230 5875//11230
f 5968//11231 5861//11231 5851//11231
f 5968//11232 5851//11232 5969//11232
f 5956//11233 5979//11233 5980//11233
f 5956//11234 5980//11234 5955//11234
f 5869//11235 5870//11235 6008//11235
f 5869//11236 6008//11236 6007//11236
f 5970//11237 5852//11237 5862//11237
f 5970//11238 5862//11238 5971//11238
f 5863//11239 5907//11239 5908//11239
f 5863//11240 5908//11240 5878//11240
f 5864//11241 5858//11241 5867//11241
f 5864//11242 5867//11242 5872//11242
f 5867//11243 5866//11243 5874//11243
f 5867//11244 5874//11244 5880//11244
f 5866//11245 5860//11245 5875//11245
f 5866//11246 5875//11246 5874//11246
f 5967//11247 5868//11247 5861//11247
f 5967//11248 5861//11248 5968//11248
f 5955//11249 5980//11249 5981//11249
f 5955//11250 5981//11250 5954//11250
f 5870//11251 5876//11251 6009//11251
f 5870//11252 6009//11252 6008//11252
f 5937//11253 5870//11253 5869//11253
f 5937//11254 5869//11254 5936//11254
f 5957//11255 5978//11255 5979//11255
f 5957//11256 5979//11256 5956//11256
f 5877//11257 5869//11257 6007//11257
f 5877//11258 6007//11258 6006//11258
f 5971//11259 5862//11259 5871//11259
f 5971//11260 5871//11260 5972//11260
f 5872//11261 5867//11261 5880//11261
f 5872//11262 5880//11262 5879//11262
f 5874//11263 5875//11263 5966//11263
f 5874//11264 5966//11264 5965//11264
f 5875//11265 5868//11265 5967//11265
f 5875//11266 5967//11266 5966//11266
f 5954//11267 5981//11267 5982//11267
f 5954//11268 5982//11268 5953//11268
f 5876//11269 5881//11269 6010//11269
f 5876//11270 6010//11270 6009//11270
f 5938//11271 5876//11271 5870//11271
f 5938//11272 5870//11272 5937//11272
f 5937//11273 5936//11273 5515//11273
f 5937//11274 5515//11274 5517//11274
f 5936//11275 5869//11275 5877//11275
f 5936//11276 5877//11276 5935//11276
f 5958//11277 5977//11277 5978//11277
f 5958//11278 5978//11278 5957//11278
f 5882//11279 5877//11279 6006//11279
f 5882//11280 6006//11280 6005//11280
f 5972//11281 5871//11281 5878//11281
f 5972//11282 5878//11282 5973//11282
f 5879//11283 5880//11283 5964//11283
f 5879//11284 5964//11284 5963//11284
f 5880//11285 5874//11285 5965//11285
f 5880//11286 5965//11286 5964//11286
f 5982//11287 5983//11287 5952//11287
f 5982//11288 5952//11288 5953//11288
f 5983//11289 5984//11289 5951//11289
f 5983//11290 5951//11290 5952//11290
f 5884//11291 5885//11291 6012//11291
f 5884//11292 6012//11292 6011//11292
f 5881//11293 5884//11293 6011//11293
f 5881//11294 6011//11294 6010//11294
f 5939//11295 5881//11295 5876//11295
f 5939//11296 5876//11296 5938//11296
f 5938//11297 5937//11297 5517//11297
f 5938//11298 5517//11298 5516//11298
f 5935//11299 5877//11299 5882//11299
f 5935//11300 5882//11300 5934//11300
f 5959//11301 5976//11301 5977//11301
f 5959//11302 5977//11302 5958//11302
f 5886//11303 5882//11303 6005//11303
f 5886//11304 6005//11304 6004//11304
f 5973//11305 5878//11305 5908//11305
f 5973//11306 5908//11306 5974//11306
f 5984//11307 5985//11307 5950//11307
f 5984//11308 5950//11308 5951//11308
f 5985//11309 5986//11309 5949//11309
f 5985//11310 5949//11310 5950//11310
f 5887//11311 5888//11311 6014//11311
f 5887//11312 6014//11312 6013//11312
f 5885//11313 5887//11313 6013//11313
f 5885//11314 6013//11314 6012//11314
f 5885//11315 5884//11315 5940//11315
f 5885//11316 5940//11316 5941//11316
f 5884//11317 5881//11317 5939//11317
f 5884//11318 5939//11318 5940//11318
f 5939//11319 5938//11319 5516//11319
f 5939//11320 5516//11320 5518//11320
f 5935//11321 5934//11321 5519//11321
f 5935//11322 5519//11322 5946//11322
f 5934//11323 5882//11323 5886//11323
f 5934//11324 5886//11324 5933//11324
f 5960//11325 5975//11325 5976//11325
f 5960//11326 5976//11326 5959//11326
f 5909//11327 5886//11327 6004//11327
f 5909//11328 6004//11328 6003//11328
f 5888//11329 5887//11329 5942//11329
f 5888//11330 5942//11330 5943//11330
f 5887//11331 5885//11331 5941//11331
f 5887//11332 5941//11332 5942//11332
f 5518//11333 5520//11333 5940//11333
f 5518//11334 5940//11334 5939//11334
f 5934//11335 5933//11335 5521//11335
f 5934//11336 5521//11336 5519//11336
f 5933//11337 5886//11337 5909//11337
f 5933//11338 5909//11338 5932//11338
f 5933//11339 5932//11339 5529//11339
f 5933//11340 5529//11340 5521//11340
f 5815//11341 5831//11341 5530//11341
f 5815//11342 5530//11342 5514//11342
f 5816//11343 5830//11343 172//11343
f 5816//11344 172//11344 354//11344
f 5784//11345 5763//11345 5742//11345
f 5784//11346 5742//11346 5766//11346
f 5763//11347 5762//11347 5740//11347
f 5763//11348 5740//11348 5742//11348
f 5713//11349 5740//11349 5762//11349
f 5713//11350 5762//11350 5737//11350
f 5685//11351 5713//11351 5737//11351
f 5685//11352 5737//11352 5710//11352
f 5656//11353 5685//11353 5710//11353
f 5656//11354 5710//11354 5683//11354
f 5656//11355 5683//11355 5711//11355
f 5656//11356 5711//11356 5687//11356
f 5687//11357 5711//11357 5738//11357
f 5687//11358 5738//11358 5715//11358
f 5715//11359 5738//11359 5764//11359
f 5715//11360 5764//11360 5744//11360
f 5744//11361 5764//11361 5785//11361
f 5744//11362 5785//11362 5770//11362
f 155//11363 152//11363 5770//11363
f 155//11364 5770//11364 5785//11364
f 5786//11365 5767//11365 5718//11365
f 5786//11366 5718//11366 5745//11366
f 5765//11367 5741//11367 5690//11367
f 5765//11368 5690//11368 5716//11368
f 5741//11369 5739//11369 5688//11369
f 5741//11370 5688//11370 5690//11370
f 5657//11371 5688//11371 5739//11371
f 5657//11372 5739//11372 5712//11372
f 5627//11373 5657//11373 5712//11373
f 5627//11374 5712//11374 5684//11374
f 5603//11375 5627//11375 5684//11375
f 5603//11376 5684//11376 5655//11376
f 5603//11377 5655//11377 5686//11377
f 5603//11378 5686//11378 5629//11378
f 5629//11379 5686//11379 5714//11379
f 5629//11380 5714//11380 5659//11380
f 5659//11381 5714//11381 5743//11381
f 5659//11382 5743//11382 5692//11382
f 5692//11383 5743//11383 5769//11383
f 5692//11384 5769//11384 5720//11384
f 153//11385 147//11385 5720//11385
f 153//11386 5720//11386 5769//11386
f 459//11387 174//11387 5903//11387
f 459//11388 5903//11388 5902//11388
f 174//11389 178//11389 5904//11389
f 174//11390 5904//11390 5903//11390
f 178//11391 186//11391 5905//11391
f 178//11392 5905//11392 5904//11392
f 186//11393 194//11393 5906//11393
f 186//11394 5906//11394 5905//11394
f 194//11395 202//11395 5907//11395
f 194//11396 5907//11396 5906//11396
f 447//11397 886//11397 5932//11397
f 447//11398 5932//11398 5909//11398
f 886//11399 11//11399 5529//11399
f 886//11400 5529//11400 5932//11400
f 5812//11401 5829//11401 5535//11401
f 5812//11402 5535//11402 5532//11402
f 5672//11403 5645//11403 5912//11403
f 5672//11404 5912//11404 5911//11404
f 5645//11405 5646//11405 5913//11405
f 5645//11406 5913//11406 5912//11406
f 5646//11407 5618//11407 5914//11407
f 5646//11408 5914//11408 5913//11408
f 5618//11409 5619//11409 5915//11409
f 5618//11410 5915//11410 5914//11410
f 5916//11411 5915//11411 5619//11411
f 5916//11412 5619//11412 5597//11412
f 5917//11413 5916//11413 5597//11413
f 5917//11414 5597//11414 5582//11414
f 5918//11415 5917//11415 5582//11415
f 5918//11416 5582//11416 5573//11416
f 5918//11417 5573//11417 5584//11417
f 5918//11418 5584//11418 5919//11418
f 5919//11419 5584//11419 5600//11419
f 5919//11420 5600//11420 5920//11420
f 5920//11421 5600//11421 5624//11421
f 5920//11422 5624//11422 5921//11422
f 5921//11423 5624//11423 5654//11423
f 5921//11424 5654//11424 5922//11424
f 5922//11425 5654//11425 136//11425
f 5922//11426 136//11426 501//11426
f 5718//11427 5926//11427 5925//11427
f 5718//11428 5925//11428 5745//11428
f 5636//11429 5637//11429 5665//11429
f 5636//11430 5665//11430 5664//11430
f 5694//11431 5664//11431 5665//11431
f 5694//11432 5665//11432 5695//11432
f 5695//11433 5719//11433 5717//11433
f 5695//11434 5717//11434 5694//11434
f 5719//11435 5926//11435 5716//11435
f 5719//11436 5716//11436 5717//11436
f 5926//11437 5718//11437 5765//11437
f 5926//11438 5765//11438 5716//11438
f 5718//11439 5767//11439 5766//11439
f 5718//11440 5766//11440 5765//11440
f 5767//11441 5768//11441 5784//11441
f 5767//11442 5784//11442 5766//11442
f 6034//11443 6035//11443 5784//11443
f 6034//11444 5784//11444 5768//11444
f 5814//11445 5802//11445 5815//11445
f 5814//11446 5815//11446 5829//11446
f 5829//11447 5815//11447 5514//11447
f 5829//11448 5514//11448 5535//11448
f 5537//11449 5538//11449 5943//11449
f 5537//11450 5943//11450 5942//11450
f 5539//11451 5537//11451 5942//11451
f 5539//11452 5942//11452 5941//11452
f 5520//11453 5539//11453 5941//11453
f 5520//11454 5941//11454 5940//11454
f 5640//11455 5639//11455 5642//11455
f 5640//11456 5642//11456 5641//11456
f 5667//11457 5668//11457 5698//11457
f 5667//11458 5698//11458 5697//11458
f 5667//11459 5639//11459 5640//11459
f 5667//11460 5640//11460 5668//11460
f 5557//11461 5556//11461 5640//11461
f 5557//11462 5640//11462 5641//11462
f 5669//11463 5670//11463 5641//11463
f 5669//11464 5641//11464 5642//11464
f 5669//11465 5672//11465 5671//11465
f 5669//11466 5671//11466 5670//11466
f 5668//11467 5559//11467 5560//11467
f 5668//11468 5560//11468 5698//11468
f 5640//11469 5556//11469 5559//11469
f 5640//11470 5559//11470 5668//11470
f 5558//11471 5557//11471 5641//11471
f 5558//11472 5641//11472 5670//11472
f 5558//11473 5670//11473 5671//11473
f 5558//11474 5671//11474 5553//11474
f 5910//11475 5911//11475 5724//11475
f 5910//11476 5724//11476 5725//11476
f 5723//11477 5722//11477 5697//11477
f 5723//11478 5697//11478 5698//11478
f 5563//11479 5552//11479 5910//11479
f 5563//11480 5910//11480 5725//11480
f 5725//11481 5724//11481 5749//11481
f 5725//11482 5749//11482 5750//11482
f 5746//11483 5748//11483 5924//11483
f 5746//11484 5924//11484 5925//11484
f 5746//11485 5722//11485 5723//11485
f 5746//11486 5723//11486 5748//11486
f 5560//11487 5548//11487 5723//11487
f 5560//11488 5723//11488 5698//11488
f 5549//11489 5563//11489 5725//11489
f 5549//11490 5725//11490 5750//11490
f 5750//11491 5749//11491 5771//11491
f 5750//11492 5771//11492 5772//11492
f 5923//11493 5924//11493 5748//11493
f 5923//11494 5748//11494 5546//11494
f 5546//11495 5748//11495 5723//11495
f 5546//11496 5723//11496 5548//11496
f 5549//11497 5750//11497 5772//11497
f 5549//11498 5772//11498 5562//11498
f 5774//11499 5773//11499 5772//11499
f 5774//11500 5772//11500 5771//11500
f 5789//11501 5787//11501 5786//11501
f 5789//11502 5786//11502 5788//11502
f 5773//11503 5564//11503 5562//11503
f 5773//11504 5562//11504 5772//11504
f 6000//11505 6001//11505 5773//11505
f 6000//11506 5773//11506 5774//11506
f 5791//11507 5790//11507 5900//11507
f 5791//11508 5900//11508 5901//11508
f 6032//11509 6033//11509 5787//11509
f 6032//11510 5787//11510 5789//11510
f 5545//11511 5789//11511 5788//11511
f 5545//11512 5788//11512 5554//11512
f 6001//11513 6002//11513 5564//11513
f 6001//11514 5564//11514 5773//11514
f 5566//11515 5565//11515 5791//11515
f 5566//11516 5791//11516 5901//11516
f 5545//11517 6031//11517 6032//11517
f 5545//11518 6032//11518 5789//11518
f 5832//11519 5831//11519 5817//11519
f 5832//11520 5817//11520 5818//11520
f 5900//11521 5833//11521 5834//11521
f 5900//11522 5834//11522 5901//11522
f 5834//11523 5833//11523 5844//11523
f 5834//11524 5844//11524 5845//11524
f 5547//11525 5832//11525 5818//11525
f 5547//11526 5818//11526 5561//11526
f 5834//11527 5550//11527 5566//11527
f 5834//11528 5566//11528 5901//11528
f 5544//11529 5550//11529 5834//11529
f 5544//11530 5834//11530 5845//11530
f 5845//11531 5844//11531 5855//11531
f 5845//11532 5855//11532 5856//11532
f 5541//11533 5544//11533 5845//11533
f 5541//11534 5845//11534 5856//11534
f 5856//11535 5855//11535 5864//11535
f 5856//11536 5864//11536 5865//11536
f 5543//11537 5541//11537 5856//11537
f 5543//11538 5856//11538 5865//11538
f 5865//11539 5864//11539 5872//11539
f 5865//11540 5872//11540 5873//11540
f 5540//11541 5543//11541 5865//11541
f 5540//11542 5865//11542 5873//11542
f 5873//11543 5872//11543 5879//11543
f 5873//11544 5879//11544 5883//11544
f 5542//11545 5540//11545 5873//11545
f 5542//11546 5873//11546 5883//11546
f 5542//11547 5883//11547 5962//11547
f 5542//11548 5962//11548 5961//11548
f 5883//11549 5879//11549 5963//11549
f 5883//11550 5963//11550 5962//11550
f 5986//11551 5987//11551 5948//11551
f 5986//11552 5948//11552 5949//11552
f 5987//11553 5988//11553 5947//11553
f 5987//11554 5947//11554 5948//11554
f 5888//11555 5889//11555 6015//11555
f 5888//11556 6015//11556 6014//11556
f 5889//11557 5888//11557 5943//11557
f 5889//11558 5943//11558 5944//11558
f 5832//11559 5547//11559 5536//11559
f 5832//11560 5536//11560 5531//11560
f 5831//11561 5832//11561 5531//11561
f 5831//11562 5531//11562 5530//11562
f 5554//11563 5788//11563 5747//11563
f 5554//11564 5747//11564 5555//11564
f 5788//11565 5786//11565 5745//11565
f 5788//11566 5745//11566 5747//11566
f 5944//11567 5945//11567 5551//11567
f 5944//11568 5551//11568 5889//11568
f 5889//11569 5551//11569 6016//11569
f 5889//11570 6016//11570 6015//11570
f 5522//11571 5513//11571 5945//11571
f 5522//11572 5945//11572 5944//11572
f 5910//11573 5552//11573 5553//11573
f 5910//11574 5553//11574 5671//11574
f 5671//11575 5672//11575 5911//11575
f 5671//11576 5911//11576 5910//11576
f 5747//11577 5924//11577 5923//11577
f 5747//11578 5923//11578 5555//11578
f 5925//11579 5924//11579 5747//11579
f 5925//11580 5747//11580 5745//11580
f 5538//11581 5522//11581 5944//11581
f 5538//11582 5944//11582 5943//11582
f 5682//11583 5921//11583 5922//11583
f 5682//11584 5922//11584 5927//11584
f 520//11585 141//11585 5928//11585
f 520//11586 5928//11586 5927//11586
f 5682//11587 5927//11587 5928//11587
f 5682//11588 5928//11588 5709//11588
f 5902//11589 5890//11589 5758//11589
f 5902//11590 5758//11590 5931//11590
f 163//11591 5929//11591 5930//11591
f 163//11592 5930//11592 159//11592
f 5709//11593 5928//11593 5930//11593
f 5709//11594 5930//11594 5734//11594
f 5990//11595 5735//11595 5929//11595
f 5990//11596 5929//11596 5989//11596
f 5929//11597 5735//11597 5734//11597
f 5929//11598 5734//11598 5930//11598
f 141//11599 159//11599 5930//11599
f 141//11600 5930//11600 5928//11600
f 163//11601 1471//11601 5989//11601
f 163//11602 5989//11602 5929//11602
f 742//11603 459//11603 5902//11603
f 742//11604 5902//11604 5931//11604
f 5515//11605 5936//11605 5935//11605
f 5515//11606 5935//11606 5946//11606
f 447//11607 5909//11607 6003//11607
f 447//11608 6003//11608 1436//11608
f 5975//11609 5960//11609 1506//11609
f 5975//11610 1506//11610 450//11610
f 5974//11611 5908//11611 1504//11611
f 5974//11612 1504//11612 1505//11612
f 202//11613 1504//11613 5908//11613
f 202//11614 5908//11614 5907//11614
f 5922//11615 501//11615 520//11615
f 5922//11616 520//11616 5927//11616
f 5948//11617 5947//11617 5961//11617
f 5948//11618 5961//11618 5962//11618
f 5949//11619 5948//11619 5962//11619
f 5949//11620 5962//11620 5963//11620
f 5950//11621 5949//11621 5963//11621
f 5950//11622 5963//11622 5964//11622
f 5951//11623 5950//11623 5964//11623
f 5951//11624 5964//11624 5965//11624
f 5952//11625 5951//11625 5965//11625
f 5952//11626 5965//11626 5966//11626
f 5953//11627 5952//11627 5966//11627
f 5953//11628 5966//11628 5967//11628
f 5954//11629 5953//11629 5967//11629
f 5954//11630 5967//11630 5968//11630
f 5955//11631 5954//11631 5968//11631
f 5955//11632 5968//11632 5969//11632
f 5956//11633 5955//11633 5969//11633
f 5956//11634 5969//11634 5970//11634
f 5957//11635 5956//11635 5970//11635
f 5957//11636 5970//11636 5971//11636
f 5958//11637 5957//11637 5971//11637
f 5958//11638 5971//11638 5972//11638
f 5959//11639 5958//11639 5972//11639
f 5959//11640 5972//11640 5973//11640
f 5960//11641 5959//11641 5973//11641
f 5960//11642 5973//11642 5974//11642
f 5960//11643 5974//11643 1505//11643
f 5960//11644 1505//11644 1506//11644
f 6003//11645 5975//11645 450//11645
f 6003//11646 450//11646 1436//11646
f 5976//11647 5975//11647 6003//11647
f 5976//11648 6003//11648 6004//11648
f 5977//11649 5976//11649 6004//11649
f 5977//11650 6004//11650 6005//11650
f 5978//11651 5977//11651 6005//11651
f 5978//11652 6005//11652 6006//11652
f 5979//11653 5978//11653 6006//11653
f 5979//11654 6006//11654 6007//11654
f 5980//11655 5979//11655 6007//11655
f 5980//11656 6007//11656 6008//11656
f 5981//11657 5980//11657 6008//11657
f 5981//11658 6008//11658 6009//11658
f 5982//11659 5981//11659 6009//11659
f 5982//11660 6009//11660 6010//11660
f 5983//11661 5982//11661 6010//11661
f 5983//11662 6010//11662 6011//11662
f 5984//11663 5983//11663 6011//11663
f 5984//11664 6011//11664 6012//11664
f 5985//11665 5984//11665 6012//11665
f 5985//11666 6012//11666 6013//11666
f 5986//11667 5985//11667 6013//11667
f 5986//11668 6013//11668 6014//11668
f 5987//11669 5986//11669 6014//11669
f 5987//11670 6014//11670 6015//11670
f 5988//11671 5987//11671 6015//11671
f 5988//11672 6015//11672 6016//11672
f 1471//11673 742//11673 5931//11673
f 1471//11674 5931//11674 5989//11674
f 5990//11675 5989//11675 5931//11675
f 5990//11676 5931//11676 5758//11676
f 5991//11677 5990//11677 5758//11677
f 5991//11678 5758//11678 5733//11678
f 5992//11679 5991//11679 5733//11679
f 5992//11680 5733//11680 5706//11680
f 5993//11681 5992//11681 5706//11681
f 5993//11682 5706//11682 5678//11682
f 5993//11683 5678//11683 5705//11683
f 5993//11684 5705//11684 5994//11684
f 5994//11685 5705//11685 5732//11685
f 5994//11686 5732//11686 5995//11686
f 5995//11687 5732//11687 5755//11687
f 5995//11688 5755//11688 5996//11688
f 5755//11689 5756//11689 5997//11689
f 5755//11690 5997//11690 5996//11690
f 5775//11691 5998//11691 5997//11691
f 5775//11692 5997//11692 5756//11692
f 5775//11693 5776//11693 5999//11693
f 5775//11694 5999//11694 5998//11694
f 5790//11695 6000//11695 5999//11695
f 5790//11696 5999//11696 5776//11696
f 5790//11697 5791//11697 6001//11697
f 5790//11698 6001//11698 6000//11698
f 5565//11699 6002//11699 6001//11699
f 5565//11700 6001//11700 5791//11700
f 5561//11701 5818//11701 6018//11701
f 5561//11702 6018//11702 6017//11702
f 5818//11703 5817//11703 6019//11703
f 5818//11704 6019//11704 6018//11704
f 5817//11705 5802//11705 6020//11705
f 5817//11706 6020//11706 6019//11706
f 6021//11707 6020//11707 5802//11707
f 6021//11708 5802//11708 5814//11708
f 5814//11709 5800//11709 6022//11709
f 5814//11710 6022//11710 6021//11710
f 5800//11711 5799//11711 6023//11711
f 5800//11712 6023//11712 6022//11712
f 6024//11713 6023//11713 5799//11713
f 6024//11714 5799//11714 5782//11714
f 6025//11715 6024//11715 5782//11715
f 6025//11716 5782//11716 5760//11716
f 6026//11717 6025//11717 5760//11717
f 6026//11718 5760//11718 5736//11718
f 6027//11719 6026//11719 5736//11719
f 6027//11720 5736//11720 5761//11720
f 6028//11721 6027//11721 5761//11721
f 6028//11722 5761//11722 5783//11722
f 6029//11723 6028//11723 5783//11723
f 6029//11724 5783//11724 5801//11724
f 6030//11725 6029//11725 5801//11725
f 6030//11726 5801//11726 5816//11726
f 354//11727 2070//11727 6030//11727
f 354//11728 6030//11728 5816//11728
f 6018//11729 6032//11729 6031//11729
f 6018//11730 6031//11730 6017//11730
f 6019//11731 6033//11731 6032//11731
f 6019//11732 6032//11732 6018//11732
f 6034//11733 6033//11733 6019//11733
f 6034//11734 6019//11734 6020//11734
f 6021//11735 6035//11735 6034//11735
f 6021//11736 6034//11736 6020//11736
f 6022//11737 6036//11737 6035//11737
f 6022//11738 6035//11738 6021//11738
f 6023//11739 6037//11739 6036//11739
f 6023//11740 6036//11740 6022//11740
f 6024//11741 6038//11741 6037//11741
f 6024//11742 6037//11742 6023//11742
f 6025//11743 6039//11743 6038//11743
f 6025//11744 6038//11744 6024//11744
f 6026//11745 6040//11745 6039//11745
f 6026//11746 6039//11746 6025//11746
f 6041//11747 6040//11747 6026//11747
f 6041//11748 6026//11748 6027//11748
f 6042//11749 6041//11749 6027//11749
f 6042//11750 6027//11750 6028//11750
f 6043//11751 6042//11751 6028//11751
f 6043//11752 6028//11752 6029//11752
f 6044//11753 6043//11753 6029//11753
f 6044//11754 6029//11754 6030//11754
f 2082//11755 6044//11755 6030//11755
f 2082//11756 6030//11756 2070//11756
f 6073//11757 6080//11757 6079//11757
f 6073//11758 6079//11758 6072//11758
f 6075//11759 6076//11759 6073//11759
f 6075//11760 6073//11760 6072//11760
f 6083//11761 6094//11761 6081//11761
f 6083//11762 6081//11762 6074//11762
f 6081//11763 6093//11763 6082//11763
f 6081//11764 6082//11764 6074//11764
f 6072//11765 6074//11765 6082//11765
f 6072//11766 6082//11766 6075//11766
f 6079//11767 6083//11767 6074//11767
f 6079//11768 6074//11768 6072//11768
f 6084//11769 6085//11769 6076//11769
f 6084//11770 6076//11770 6075//11770
f 6077//11771 6088//11771 6080//11771
f 6077//11772 6080//11772 6073//11772
f 6073//11773 6076//11773 6086//11773
f 6073//11774 6086//11774 6077//11774
f 6077//11775 6086//11775 6087//11775
f 6077//11776 6087//11776 6078//11776
f 6078//11777 6089//11777 6088//11777
f 6078//11778 6088//11778 6077//11778
f 6080//11779 6091//11779 6090//11779
f 6080//11780 6090//11780 6079//11780
f 6093//11781 6112//11781 6095//11781
f 6093//11782 6095//11782 6082//11782
f 6075//11783 6082//11783 6095//11783
f 6075//11784 6095//11784 6084//11784
f 6096//11785 6113//11785 6094//11785
f 6096//11786 6094//11786 6083//11786
f 6090//11787 6096//11787 6083//11787
f 6090//11788 6083//11788 6079//11788
f 6097//11789 6100//11789 6085//11789
f 6097//11790 6085//11790 6084//11790
f 6076//11791 6085//11791 6101//11791
f 6076//11792 6101//11792 6086//11792
f 6086//11793 6101//11793 6102//11793
f 6086//11794 6102//11794 6087//11794
f 6103//11795 6127//11795 6424//11795
f 6103//11796 6424//11796 6423//11796
f 6423//11797 6422//11797 6125//11797
f 6423//11798 6125//11798 6103//11798
f 6088//11799 6104//11799 6091//11799
f 6088//11800 6091//11800 6080//11800
f 6089//11801 6105//11801 6104//11801
f 6089//11802 6104//11802 6088//11802
f 6091//11803 6107//11803 6106//11803
f 6091//11804 6106//11804 6090//11804
f 6081//11805 6094//11805 6111//11805
f 6081//11806 6111//11806 6092//11806
f 6110//11807 6093//11807 6081//11807
f 6110//11807 6081//11807 6092//11807
f 6112//11808 6138//11808 6114//11808
f 6112//11809 6114//11809 6095//11809
f 6084//11810 6095//11810 6114//11810
f 6084//11811 6114//11811 6097//11811
f 6116//11812 6140//11812 6113//11812
f 6116//11813 6113//11813 6096//11813
f 6106//11814 6116//11814 6096//11814
f 6106//11815 6096//11815 6090//11815
f 6098//11816 6099//11816 6100//11816
f 6098//11817 6100//11817 6097//11817
f 6085//11818 6100//11818 6121//11818
f 6085//11819 6121//11819 6101//11819
f 6101//11820 6121//11820 6124//11820
f 6101//11821 6124//11821 6102//11821
f 6422//11822 6421//11822 6152//11822
f 6422//11823 6152//11823 6125//11823
f 6103//11824 6125//11824 6153//11824
f 6103//11825 6153//11825 6126//11825
f 6126//11826 6156//11826 6127//11826
f 6126//11827 6127//11827 6103//11827
f 6127//11828 6157//11828 6425//11828
f 6127//11829 6425//11829 6424//11829
f 6104//11830 6128//11830 6107//11830
f 6104//11831 6107//11831 6091//11831
f 6105//11832 6129//11832 6128//11832
f 6105//11833 6128//11833 6104//11833
f 6107//11834 6131//11834 6130//11834
f 6107//11835 6130//11835 6106//11835
f 6109//11836 6135//11836 6134//11836
f 6109//11837 6134//11837 6108//11837
f 6108//11838 6132//11838 6133//11838
f 6108//11839 6133//11839 6109//11839
f 6109//11840 6133//11840 6110//11840
f 6109//11841 6110//11841 6092//11841
f 6092//11842 6111//11842 6135//11842
f 6092//11843 6135//11843 6109//11843
f 6136//11844 6112//11844 6093//11844
f 6136//11845 6093//11845 6110//11845
f 6094//11846 6113//11846 6137//11846
f 6094//11847 6137//11847 6111//11847
f 6114//11848 6138//11848 6139//11848
f 6114//11849 6139//11849 6115//11849
f 6097//11850 6114//11850 6115//11850
f 6097//11851 6115//11851 6098//11851
f 6143//11852 6171//11852 6140//11852
f 6143//11853 6140//11853 6116//11853
f 6130//11854 6143//11854 6116//11854
f 6130//11855 6116//11855 6106//11855
f 6117//11856 6120//11856 6099//11856
f 6117//11857 6099//11857 6098//11857
f 6118//11858 6119//11858 6120//11858
f 6118//11859 6120//11859 6117//11859
f 6121//11860 6100//11860 6099//11860
f 6121//11861 6099//11861 6122//11861
f 6121//11862 6122//11862 6123//11862
f 6121//11863 6123//11863 6124//11863
f 6421//11864 6420//11864 6178//11864
f 6421//11865 6178//11865 6152//11865
f 6125//11866 6152//11866 6180//11866
f 6125//11867 6180//11867 6153//11867
f 6153//11868 6181//11868 6154//11868
f 6153//11869 6154//11869 6126//11869
f 6126//11870 6154//11870 6184//11870
f 6126//11871 6184//11871 6156//11871
f 6156//11872 6186//11872 6157//11872
f 6156//11873 6157//11873 6127//11873
f 6157//11874 6187//11874 6426//11874
f 6157//11875 6426//11875 6425//11875
f 6128//11876 6158//11876 6131//11876
f 6128//11877 6131//11877 6107//11877
f 6129//11878 6159//11878 6158//11878
f 6129//11879 6158//11879 6128//11879
f 6132//11880 6162//11880 6163//11880
f 6132//11881 6163//11881 6133//11881
f 6133//11882 6163//11882 6136//11882
f 6133//11883 6136//11883 6110//11883
f 6135//11884 6165//11884 6164//11884
f 6135//11885 6164//11885 6134//11885
f 6111//11886 6137//11886 6165//11886
f 6111//11887 6165//11887 6135//11887
f 6166//11888 6138//11888 6112//11888
f 6166//11889 6112//11889 6136//11889
f 6113//11890 6140//11890 6168//11890
f 6113//11891 6168//11891 6137//11891
f 6115//11892 6139//11892 6169//11892
f 6115//11893 6169//11893 6141//11893
f 6117//11894 6141//11894 6142//11894
f 6117//11895 6142//11895 6118//11895
f 6098//11896 6115//11896 6141//11896
f 6098//11897 6141//11897 6117//11897
f 6144//11898 6147//11898 6119//11898
f 6144//11899 6119//11899 6118//11899
f 6148//11900 6122//11900 6099//11900
f 6148//11901 6099//11901 6120//11901
f 6148//11902 6120//11902 6119//11902
f 6148//11903 6119//11903 6149//11903
f 6148//11904 6149//11904 6150//11904
f 6148//11905 6150//11905 6151//11905
f 6148//11906 6151//11906 6123//11906
f 6148//11907 6123//11907 6122//11907
f 6419//11908 6179//11908 6178//11908
f 6419//11909 6178//11909 6420//11909
f 6152//11910 6178//11910 6206//11910
f 6152//11911 6206//11911 6180//11911
f 6180//11912 6208//11912 6181//11912
f 6180//11913 6181//11913 6153//11913
f 6155//11914 6154//11914 6181//11914
f 6155//11915 6181//11915 6182//11915
f 6185//11916 6184//11916 6154//11916
f 6185//11917 6154//11917 6155//11917
f 6156//11918 6184//11918 6212//11918
f 6156//11919 6212//11919 6186//11919
f 6186//11920 6214//11920 6187//11920
f 6186//11921 6187//11921 6157//11921
f 2373//11922 6130//11922 6131//11922
f 2373//11923 6131//11923 2374//11923
f 6160//11924 6191//11924 6192//11924
f 6160//11925 6192//11925 6161//11925
f 6161//11926 6190//11926 6189//11926
f 6161//11927 6189//11927 6160//11927
f 6162//11928 6193//11928 6194//11928
f 6162//11929 6194//11929 6163//11929
f 6163//11930 6194//11930 6166//11930
f 6163//11931 6166//11931 6136//11931
f 6165//11932 6198//11932 6197//11932
f 6165//11933 6197//11933 6164//11933
f 6137//11934 6168//11934 6198//11934
f 6137//11935 6198//11935 6165//11935
f 6167//11936 6139//11936 6138//11936
f 6167//11937 6138//11937 6166//11937
f 6140//11938 6171//11938 6201//11938
f 6140//11939 6201//11939 6168//11939
f 6142//11940 6170//11940 6202//11940
f 6142//11941 6202//11941 6172//11941
f 6118//11942 6142//11942 6172//11942
f 6118//11943 6172//11943 6144//11943
f 2380//11944 6171//11944 6143//11944
f 2380//11945 6143//11945 2375//11945
f 2375//11946 6143//11946 6130//11946
f 2375//11947 6130//11947 2373//11947
f 6174//11948 6149//11948 6119//11948
f 6174//11949 6119//11949 6147//11949
f 6174//11950 6177//11950 6150//11950
f 6174//11951 6150//11951 6149//11951
f 6418//11952 6204//11952 6179//11952
f 6418//11953 6179//11953 6419//11953
f 6417//11954 6205//11954 6204//11954
f 6417//11955 6204//11955 6418//11955
f 6179//11956 6207//11956 6206//11956
f 6179//11957 6206//11957 6178//11957
f 6206//11958 6233//11958 6208//11958
f 6206//11959 6208//11959 6180//11959
f 6182//11960 6181//11960 6208//11960
f 6182//11961 6208//11961 6209//11961
f 6497//11962 6496//11962 6185//11962
f 6497//11963 6185//11963 6155//11963
f 6155//11964 6182//11964 6498//11964
f 6155//11965 6498//11965 6497//11965
f 6210//11966 6399//11966 6398//11966
f 6210//11967 6398//11967 6183//11967
f 6183//11968 6398//11968 6397//11968
f 6183//11969 6397//11969 6211//11969
f 6213//11970 6212//11970 6184//11970
f 6213//11971 6184//11971 6185//11971
f 6186//11972 6212//11972 6239//11972
f 6186//11973 6239//11973 6214//11973
f 2374//11974 6131//11974 6158//11974
f 2374//11975 6158//11975 2376//11975
f 2376//11976 6158//11976 6159//11976
f 2376//11977 6159//11977 2377//11977
f 6216//11978 6545//11978 6544//11978
f 6216//11979 6544//11979 6188//11979
f 6188//11980 6544//11980 6543//11980
f 6188//11981 6543//11981 6215//11981
f 6190//11982 6218//11982 6217//11982
f 6190//11983 6217//11983 6189//11983
f 6191//11984 6219//11984 6220//11984
f 6191//11985 6220//11985 6192//11985
f 6194//11986 6193//11986 6195//11986
f 6194//11987 6195//11987 6196//11987
f 6194//11988 6196//11988 6167//11988
f 6194//11989 6167//11989 6166//11989
f 6198//11990 6226//11990 6225//11990
f 6198//11991 6225//11991 6197//11991
f 6168//11992 6201//11992 6226//11992
f 6168//11993 6226//11993 6198//11993
f 6199//11994 6169//11994 6139//11994
f 6199//11995 6139//11995 6167//11995
f 6416//11996 6229//11996 6205//11996
f 6416//11997 6205//11997 6417//11997
f 6205//11998 6232//11998 6231//11998
f 6205//11999 6231//11999 6204//11999
f 6204//12000 6231//12000 6207//12000
f 6204//12001 6207//12001 6179//12001
f 6207//12002 6234//12002 6233//12002
f 6207//12003 6233//12003 6206//12003
f 6209//12004 6208//12004 6233//12004
f 6209//12005 6233//12005 6236//12005
f 6182//12006 6209//12006 6499//12006
f 6182//12007 6499//12007 6498//12007
f 6237//12008 6400//12008 6399//12008
f 6237//12009 6399//12009 6210//12009
f 6496//12010 6495//12010 6213//12010
f 6496//12011 6213//12011 6185//12011
f 6211//12012 6397//12012 6396//12012
f 6211//12013 6396//12013 6238//12013
f 6240//12014 6239//12014 6212//12014
f 6240//12015 6212//12015 6213//12015
f 6542//12016 6242//12016 6215//12016
f 6542//12017 6215//12017 6543//12017
f 6243//12018 6546//12018 6545//12018
f 6243//12019 6545//12019 6216//12019
f 6218//12020 6245//12020 6244//12020
f 6218//12021 6244//12021 6217//12021
f 6219//12022 6248//12022 6249//12022
f 6219//12023 6249//12023 6220//12023
f 6195//12024 6221//12024 6222//12024
f 6195//12025 6222//12025 6196//12025
f 6222//12026 6199//12026 6167//12026
f 6222//12027 6167//12027 6196//12027
f 6227//12028 6202//12028 6170//12028
f 6227//12029 6170//12029 6200//12029
f 6201//12030 6171//12030 2380//12030
f 6201//12031 2380//12031 2385//12031
f 6229//12032 6254//12032 6232//12032
f 6229//12033 6232//12033 6205//12033
f 6232//12034 6257//12034 6256//12034
f 6232//12035 6256//12035 6231//12035
f 6231//12036 6256//12036 6234//12036
f 6231//12037 6234//12037 6207//12037
f 6236//12038 6233//12038 6234//12038
f 6236//12039 6234//12039 6235//12039
f 6209//12040 6236//12040 6500//12040
f 6209//12041 6500//12041 6499//12041
f 6260//12042 6401//12042 6400//12042
f 6260//12043 6400//12043 6237//12043
f 6495//12044 6494//12044 6240//12044
f 6495//12045 6240//12045 6213//12045
f 6238//12046 6396//12046 6395//12046
f 6238//12047 6395//12047 6263//12047
f 6266//12048 6286//12048 6264//12048
f 6266//12049 6264//12049 6241//12049
f 6264//12050 6285//12050 6265//12050
f 6264//12051 6265//12051 6241//12051
f 6541//12052 6267//12052 6242//12052
f 6541//12053 6242//12053 6542//12053
f 6269//12054 6547//12054 6546//12054
f 6269//12055 6546//12055 6243//12055
f 6247//12056 6246//12056 6244//12056
f 6247//12057 6244//12057 6245//12057
f 6248//12058 6274//12058 6275//12058
f 6248//12059 6275//12059 6249//12059
f 6430//12060 6251//12060 6224//12060
f 6430//12061 6224//12061 6431//12061
f 6251//12062 6227//12062 6200//12062
f 6251//12063 6200//12063 6224//12063
f 2388//12064 6225//12064 6226//12064
f 2388//12065 6226//12065 2389//12065
f 2389//12066 6226//12066 6201//12066
f 2389//12067 6201//12067 2385//12067
f 6254//12068 6276//12068 6257//12068
f 6254//12069 6257//12069 6232//12069
f 6259//12070 6256//12070 6257//12070
f 6259//12071 6257//12071 6258//12071
f 6235//12072 6234//12072 6256//12072
f 6235//12073 6256//12073 6259//12073
f 6500//12074 6236//12074 6235//12074
f 6500//12075 6235//12075 6501//12075
f 6261//12076 6402//12076 6401//12076
f 6261//12077 6401//12077 6260//12077
f 6284//12078 6397//12078 6398//12078
f 6284//12079 6398//12079 6262//12079
f 6262//12080 6398//12080 6399//12080
f 6262//12081 6399//12081 6282//12081
f 6282//12082 6298//12082 6283//12082
f 6282//12083 6283//12083 6262//12083
f 6283//12084 6300//12084 6284//12084
f 6283//12085 6284//12085 6262//12085
f 6286//12086 5523//12086 5528//12086
f 6286//12087 5528//12087 6264//12087
f 5527//12088 6285//12088 6264//12088
f 5527//12089 6264//12089 5528//12089
f 6285//12090 6302//12090 6287//12090
f 6285//12091 6287//12091 6265//12091
f 6288//12092 6303//12092 6286//12092
f 6288//12093 6286//12093 6266//12093
f 6267//12094 6541//12094 6540//12094
f 6267//12095 6540//12095 6268//12095
f 6290//12096 6548//12096 6547//12096
f 6290//12097 6547//12097 6269//12097
f 6271//12098 6270//12098 6246//12098
f 6271//12099 6246//12099 6247//12099
f 6258//12100 6257//12100 6276//12100
f 6258//12101 6276//12101 6279//12101
f 6501//12102 6235//12102 6259//12102
f 6501//12103 6259//12103 6502//12103
f 6502//12104 6259//12104 6258//12104
f 6502//12105 6258//12105 6503//12105
f 6281//12106 6404//12106 6403//12106
f 6281//12107 6403//12107 6280//12107
f 6280//12108 6403//12108 6402//12108
f 6280//12109 6402//12109 6261//12109
f 6282//12110 6399//12110 6400//12110
f 6282//12111 6400//12111 6297//12111
f 6297//12112 6310//12112 6298//12112
f 6297//12113 6298//12113 6282//12113
f 6298//12114 6311//12114 6299//12114
f 6298//12115 6299//12115 6283//12115
f 6299//12116 6313//12116 6300//12116
f 6299//12117 6300//12117 6283//12117
f 6301//12118 6396//12118 6397//12118
f 6301//12119 6397//12119 6284//12119
f 6300//12120 6314//12120 6301//12120
f 6300//12121 6301//12121 6284//12121
f 5527//12122 5534//12122 6302//12122
f 5527//12123 6302//12123 6285//12123
f 6303//12124 5524//12124 5523//12124
f 6303//12125 5523//12125 6286//12125
f 6302//12126 6316//12126 6304//12126
f 6302//12127 6304//12127 6287//12127
f 6306//12128 6318//12128 6303//12128
f 6306//12129 6303//12129 6288//12129
f 6539//12130 6289//12130 6268//12130
f 6539//12131 6268//12131 6540//12131
f 6292//12132 6291//12132 6272//12132
f 6292//12133 6272//12133 6273//12133
f 2393//12134 6275//12134 6274//12134
f 2393//12135 6274//12135 2394//12135
f 6503//12136 6258//12136 6279//12136
f 6503//12137 6279//12137 6504//12137
f 6295//12138 6405//12138 6404//12138
f 6295//12139 6404//12139 6281//12139
f 6297//12140 6400//12140 6401//12140
f 6297//12141 6401//12141 6308//12141
f 6308//12142 6326//12142 6310//12142
f 6308//12143 6310//12143 6297//12143
f 6310//12144 6328//12144 6311//12144
f 6310//12145 6311//12145 6298//12145
f 6311//12146 6329//12146 6312//12146
f 6311//12147 6312//12147 6299//12147
f 6312//12148 6331//12148 6313//12148
f 6312//12149 6313//12149 6299//12149
f 6313//12150 6332//12150 6314//12150
f 6313//12151 6314//12151 6300//12151
f 6315//12152 6395//12152 6396//12152
f 6315//12153 6396//12153 6301//12153
f 6314//12154 6333//12154 6315//12154
f 6314//12155 6315//12155 6301//12155
f 5533//12156 6316//12156 6302//12156
f 5533//12157 6302//12157 5534//12157
f 6318//12158 5525//12158 5524//12158
f 6318//12159 5524//12159 6303//12159
f 6304//12160 6316//12160 6317//12160
f 6304//12161 6317//12161 6305//12161
f 6321//12162 6335//12162 6318//12162
f 6321//12163 6318//12163 6306//12163
f 6537//12164 6292//12164 6273//12164
f 6537//12165 6273//12165 6538//12165
f 6548//12166 6290//12166 2396//12166
f 6548//12167 2396//12167 4276//12167
f 6308//12168 6401//12168 6402//12168
f 6308//12169 6402//12169 6309//12169
f 6309//12170 6327//12170 6326//12170
f 6309//12171 6326//12171 6308//12171
f 6326//12172 6342//12172 6328//12172
f 6326//12173 6328//12173 6310//12173
f 6328//12174 6344//12174 6329//12174
f 6328//12175 6329//12175 6311//12175
f 6329//12176 6345//12176 6330//12176
f 6329//12177 6330//12177 6312//12177
f 6330//12178 6346//12178 6331//12178
f 6330//12179 6331//12179 6312//12179
f 6331//12180 6347//12180 6332//12180
f 6331//12181 6332//12181 6313//12181
f 6332//12182 6348//12182 6333//12182
f 6332//12183 6333//12183 6314//12183
f 6408//12184 6407//12184 6395//12184
f 6408//12185 6395//12185 6315//12185
f 6333//12186 6409//12186 6408//12186
f 6333//12187 6408//12187 6315//12187
f 6316//12188 5533//12188 5532//12188
f 6316//12189 5532//12189 6317//12189
f 6335//12190 5526//12190 5525//12190
f 6335//12191 5525//12191 6318//12191
f 6305//12192 6317//12192 6334//12192
f 6305//12193 6334//12193 6319//12193
f 6309//12194 6402//12194 6403//12194
f 6309//12195 6403//12195 6324//12195
f 6324//12196 6403//12196 6404//12196
f 6324//12197 6404//12197 6325//12197
f 6325//12198 6341//12198 6340//12198
f 6325//12199 6340//12199 6324//12199
f 6324//12200 6340//12200 6327//12200
f 6324//12201 6327//12201 6309//12201
f 6327//12202 6343//12202 6342//12202
f 6327//12203 6342//12203 6326//12203
f 6342//12204 6353//12204 6344//12204
f 6342//12205 6344//12205 6328//12205
f 6344//12206 6355//12206 6345//12206
f 6344//12207 6345//12207 6329//12207
f 6345//12208 6356//12208 6357//12208
f 6345//12209 6357//12209 6330//12209
f 6330//12210 6357//12210 6367//12210
f 6330//12211 6367//12211 6346//12211
f 6346//12212 6358//12212 6347//12212
f 6346//12213 6347//12213 6331//12213
f 6347//12214 6359//12214 6348//12214
f 6347//12215 6348//12215 6332//12215
f 6348//12216 6410//12216 6409//12216
f 6348//12217 6409//12217 6333//12217
f 6336//12218 6322//12218 6307//12218
f 6336//12219 6307//12219 6320//12219
f 6325//12220 6404//12220 6405//12220
f 6325//12221 6405//12221 6338//12221
f 6338//12222 6349//12222 6341//12222
f 6338//12223 6341//12223 6325//12223
f 6341//12224 6352//12224 6351//12224
f 6341//12225 6351//12225 6340//12225
f 6340//12226 6351//12226 6343//12226
f 6340//12227 6343//12227 6327//12227
f 6343//12228 6354//12228 6353//12228
f 6343//12229 6353//12229 6342//12229
f 6353//12230 6364//12230 6355//12230
f 6353//12231 6355//12231 6344//12231
f 6355//12232 6366//12232 6356//12232
f 6355//12233 6356//12233 6345//12233
f 6346//12234 6367//12234 6376//12234
f 6346//12235 6376//12235 6358//12235
f 6358//12236 6368//12236 6359//12236
f 6358//12237 6359//12237 6347//12237
f 6359//12238 6411//12238 6410//12238
f 6359//12239 6410//12239 6348//12239
f 2413//12240 1//12240 5526//12240
f 2413//12241 5526//12241 6335//12241
f 6349//12242 6360//12242 6352//12242
f 6349//12243 6352//12243 6341//12243
f 6352//12244 6363//12244 6362//12244
f 6352//12245 6362//12245 6351//12245
f 6351//12246 6362//12246 6354//12246
f 6351//12247 6354//12247 6343//12247
f 6354//12248 6365//12248 6364//12248
f 6354//12249 6364//12249 6353//12249
f 6364//12250 6373//12250 6366//12250
f 6364//12251 6366//12251 6355//12251
f 6473//12252 6474//12252 6357//12252
f 6473//12253 6357//12253 6356//12253
f 6358//12254 6376//12254 6383//12254
f 6358//12255 6383//12255 6368//12255
f 6368//12256 6412//12256 6411//12256
f 6368//12257 6411//12257 6359//12257
f 6360//12258 6369//12258 6363//12258
f 6360//12259 6363//12259 6352//12259
f 6363//12260 6372//12260 6371//12260
f 6363//12261 6371//12261 6362//12261
f 6362//12262 6371//12262 6365//12262
f 6362//12263 6365//12263 6354//12263
f 6365//12264 6380//12264 6373//12264
f 6365//12265 6373//12265 6364//12265
f 6472//12266 6473//12266 6356//12266
f 6472//12267 6356//12267 6366//12267
f 6460//12268 6459//12268 6484//12268
f 6460//12269 6484//12269 6483//12269
f 6374//12270 6511//12270 6512//12270
f 6374//12271 6512//12271 6375//12271
f 6474//12272 6475//12272 6367//12272
f 6474//12273 6367//12273 6357//12273
f 6368//12274 6383//12274 6413//12274
f 6368//12275 6413//12275 6412//12275
f 6369//12276 6377//12276 6372//12276
f 6369//12277 6372//12277 6363//12277
f 6372//12278 6385//12278 6379//12278
f 6372//12279 6379//12279 6371//12279
f 6371//12280 6379//12280 6380//12280
f 6371//12281 6380//12281 6365//12281
f 6471//12282 6472//12282 6366//12282
f 6471//12283 6366//12283 6373//12283
f 6459//12284 6458//12284 6485//12284
f 6459//12285 6485//12285 6484//12285
f 6375//12286 6512//12286 6513//12286
f 6375//12287 6513//12287 6381//12287
f 6442//12288 6441//12288 6374//12288
f 6442//12289 6374//12289 6375//12289
f 6461//12290 6460//12290 6483//12290
f 6461//12291 6483//12291 6482//12291
f 6382//12292 6510//12292 6511//12292
f 6382//12293 6511//12293 6374//12293
f 6475//12294 6476//12294 6376//12294
f 6475//12295 6376//12295 6367//12295
f 6377//12296 6384//12296 6385//12296
f 6377//12297 6385//12297 6372//12297
f 6379//12298 6469//12298 6470//12298
f 6379//12299 6470//12299 6380//12299
f 6380//12300 6470//12300 6471//12300
f 6380//12301 6471//12301 6373//12301
f 6458//12302 6457//12302 6486//12302
f 6458//12303 6486//12303 6485//12303
f 6381//12304 6513//12304 6514//12304
f 6381//12305 6514//12305 6386//12305
f 6443//12306 6442//12306 6375//12306
f 6443//12307 6375//12307 6381//12307
f 6442//12308 5517//12308 5515//12308
f 6442//12309 5515//12309 6441//12309
f 6441//12310 6440//12310 6382//12310
f 6441//12311 6382//12311 6374//12311
f 6462//12312 6461//12312 6482//12312
f 6462//12313 6482//12313 6481//12313
f 6387//12314 6509//12314 6510//12314
f 6387//12315 6510//12315 6382//12315
f 6476//12316 6477//12316 6383//12316
f 6476//12317 6383//12317 6376//12317
f 6384//12318 6467//12318 6468//12318
f 6384//12319 6468//12319 6385//12319
f 6385//12320 6468//12320 6469//12320
f 6385//12321 6469//12321 6379//12321
f 6486//12322 6457//12322 6456//12322
f 6486//12323 6456//12323 6487//12323
f 6487//12324 6456//12324 6455//12324
f 6487//12325 6455//12325 6488//12325
f 6389//12326 6515//12326 6516//12326
f 6389//12327 6516//12327 6390//12327
f 6386//12328 6514//12328 6515//12328
f 6386//12329 6515//12329 6389//12329
f 6444//12330 6443//12330 6381//12330
f 6444//12331 6381//12331 6386//12331
f 6443//12332 5516//12332 5517//12332
f 6443//12333 5517//12333 6442//12333
f 6440//12334 6439//12334 6387//12334
f 6440//12335 6387//12335 6382//12335
f 6463//12336 6462//12336 6481//12336
f 6463//12337 6481//12337 6480//12337
f 6391//12338 6508//12338 6509//12338
f 6391//12339 6509//12339 6387//12339
f 6477//12340 6478//12340 6413//12340
f 6477//12341 6413//12341 6383//12341
f 6488//12342 6455//12342 6454//12342
f 6488//12343 6454//12343 6489//12343
f 6489//12344 6454//12344 6453//12344
f 6489//12345 6453//12345 6490//12345
f 6392//12346 6517//12346 6518//12346
f 6392//12347 6518//12347 6393//12347
f 6390//12348 6516//12348 6517//12348
f 6390//12349 6517//12349 6392//12349
f 6390//12350 6446//12350 6445//12350
f 6390//12351 6445//12351 6389//12351
f 6389//12352 6445//12352 6444//12352
f 6389//12353 6444//12353 6386//12353
f 6444//12354 5518//12354 5516//12354
f 6444//12355 5516//12355 6443//12355
f 6440//12356 5946//12356 5519//12356
f 6440//12357 5519//12357 6439//12357
f 6439//12358 6438//12358 6391//12358
f 6439//12359 6391//12359 6387//12359
f 6464//12360 6463//12360 6480//12360
f 6464//12361 6480//12361 6479//12361
f 6414//12362 6507//12362 6508//12362
f 6414//12363 6508//12363 6391//12363
f 6393//12364 6448//12364 6447//12364
f 6393//12365 6447//12365 6392//12365
f 6392//12366 6447//12366 6446//12366
f 6392//12367 6446//12367 6390//12367
f 5518//12368 6444//12368 6445//12368
f 5518//12369 6445//12369 5520//12369
f 6439//12370 5519//12370 5521//12370
f 6439//12371 5521//12371 6438//12371
f 6438//12372 6437//12372 6414//12372
f 6438//12373 6414//12373 6391//12373
f 6438//12374 5521//12374 5529//12374
f 6438//12375 5529//12375 6437//12375
f 6320//12376 5514//12376 5530//12376
f 6320//12377 5530//12377 6336//12377
f 6321//12378 2595//12378 2413//12378
f 6321//12379 2413//12379 6335//12379
f 6289//12380 6271//12380 6247//12380
f 6289//12381 6247//12381 6268//12381
f 6268//12382 6247//12382 6245//12382
f 6268//12383 6245//12383 6267//12383
f 6218//12384 6242//12384 6267//12384
f 6218//12385 6267//12385 6245//12385
f 6190//12386 6215//12386 6242//12386
f 6190//12387 6242//12387 6218//12387
f 6161//12388 6188//12388 6215//12388
f 6161//12389 6215//12389 6190//12389
f 6161//12390 6192//12390 6216//12390
f 6161//12391 6216//12391 6188//12391
f 6192//12392 6220//12392 6243//12392
f 6192//12393 6243//12393 6216//12393
f 6220//12394 6249//12394 6269//12394
f 6220//12395 6269//12395 6243//12395
f 6249//12396 6275//12396 6290//12396
f 6249//12397 6290//12397 6269//12397
f 2396//12398 6290//12398 6275//12398
f 2396//12399 6275//12399 2393//12399
f 6291//12400 6250//12400 6223//12400
f 6291//12401 6223//12401 6272//12401
f 6270//12402 6221//12402 6195//12402
f 6270//12403 6195//12403 6246//12403
f 6246//12404 6195//12404 6193//12404
f 6246//12405 6193//12405 6244//12405
f 6162//12406 6217//12406 6244//12406
f 6162//12407 6244//12407 6193//12407
f 6132//12408 6189//12408 6217//12408
f 6132//12409 6217//12409 6162//12409
f 6108//12410 6160//12410 6189//12410
f 6108//12411 6189//12411 6132//12411
f 6108//12412 6134//12412 6191//12412
f 6108//12413 6191//12413 6160//12413
f 6134//12414 6164//12414 6219//12414
f 6134//12415 6219//12415 6191//12415
f 6164//12416 6197//12416 6248//12416
f 6164//12417 6248//12417 6219//12417
f 6197//12418 6225//12418 6274//12418
f 6197//12419 6274//12419 6248//12419
f 2394//12420 6274//12420 6225//12420
f 2394//12421 6225//12421 2388//12421
f 2700//12422 6407//12422 6408//12422
f 2700//12423 6408//12423 2415//12423
f 2415//12424 6408//12424 6409//12424
f 2415//12425 6409//12425 2419//12425
f 2419//12426 6409//12426 6410//12426
f 2419//12427 6410//12427 2427//12427
f 2427//12428 6410//12428 6411//12428
f 2427//12429 6411//12429 2435//12429
f 2435//12430 6411//12430 6412//12430
f 2435//12431 6412//12431 2443//12431
f 2688//12432 6414//12432 6437//12432
f 2688//12433 6437//12433 3127//12433
f 3127//12434 6437//12434 5529//12434
f 3127//12435 5529//12435 11//12435
f 6317//12436 5532//12436 5535//12436
f 6317//12437 5535//12437 6334//12437
f 6177//12438 6416//12438 6417//12438
f 6177//12439 6417//12439 6150//12439
f 6150//12440 6417//12440 6418//12440
f 6150//12441 6418//12441 6151//12441
f 6151//12442 6418//12442 6419//12442
f 6151//12443 6419//12443 6123//12443
f 6123//12444 6419//12444 6420//12444
f 6123//12445 6420//12445 6124//12445
f 6421//12446 6102//12446 6124//12446
f 6421//12447 6124//12447 6420//12447
f 6422//12448 6087//12448 6102//12448
f 6422//12449 6102//12449 6421//12449
f 6423//12450 6078//12450 6087//12450
f 6423//12451 6087//12451 6422//12451
f 6423//12452 6424//12452 6089//12452
f 6423//12453 6089//12453 6078//12453
f 6424//12454 6425//12454 6105//12454
f 6424//12455 6105//12455 6089//12455
f 6425//12456 6426//12456 6129//12456
f 6425//12457 6129//12457 6105//12457
f 6426//12458 6427//12458 6159//12458
f 6426//12459 6159//12459 6129//12459
f 6427//12460 2742//12460 2377//12460
f 6427//12461 2377//12461 6159//12461
f 6223//12462 6250//12462 6430//12462
f 6223//12463 6430//12463 6431//12463
f 6141//12464 6169//12464 6170//12464
f 6141//12465 6170//12465 6142//12465
f 6199//12466 6200//12466 6170//12466
f 6199//12467 6170//12467 6169//12467
f 6200//12468 6199//12468 6222//12468
f 6200//12469 6222//12469 6224//12469
f 6224//12470 6222//12470 6221//12470
f 6224//12471 6221//12471 6431//12471
f 6431//12472 6221//12472 6270//12472
f 6431//12473 6270//12473 6223//12473
f 6223//12474 6270//12474 6271//12474
f 6223//12475 6271//12475 6272//12475
f 6272//12476 6271//12476 6289//12476
f 6272//12477 6289//12477 6273//12477
f 6538//12478 6273//12478 6289//12478
f 6538//12479 6289//12479 6539//12479
f 6319//12480 6334//12480 6320//12480
f 6319//12481 6320//12481 6307//12481
f 6334//12482 5535//12482 5514//12482
f 6334//12483 5514//12483 6320//12483
f 5537//12484 6447//12484 6448//12484
f 5537//12485 6448//12485 5538//12485
f 5539//12486 6446//12486 6447//12486
f 5539//12487 6447//12487 5537//12487
f 5520//12488 6445//12488 6446//12488
f 5520//12489 6446//12489 5539//12489
f 6145//12490 6146//12490 6147//12490
f 6145//12491 6147//12491 6144//12491
f 6172//12492 6202//12492 6203//12492
f 6172//12493 6203//12493 6173//12493
f 6172//12494 6173//12494 6145//12494
f 6172//12495 6145//12495 6144//12495
f 6062//12496 6146//12496 6145//12496
f 6062//12497 6145//12497 6061//12497
f 6174//12498 6147//12498 6146//12498
f 6174//12499 6146//12499 6175//12499
f 6174//12500 6175//12500 6176//12500
f 6174//12501 6176//12501 6177//12501
f 6173//12502 6203//12502 6065//12502
f 6173//12503 6065//12503 6064//12503
f 6145//12504 6173//12504 6064//12504
f 6145//12505 6064//12505 6061//12505
f 6063//12506 6175//12506 6146//12506
f 6063//12507 6146//12507 6062//12507
f 6063//12508 6058//12508 6176//12508
f 6063//12509 6176//12509 6175//12509
f 6415//12510 6230//12510 6229//12510
f 6415//12511 6229//12511 6416//12511
f 6228//12512 6203//12512 6202//12512
f 6228//12513 6202//12513 6227//12513
f 6068//12514 6230//12514 6415//12514
f 6068//12515 6415//12515 6057//12515
f 6230//12516 6255//12516 6254//12516
f 6230//12517 6254//12517 6229//12517
f 6251//12518 6430//12518 6429//12518
f 6251//12519 6429//12519 6253//12519
f 6251//12520 6253//12520 6228//12520
f 6251//12521 6228//12521 6227//12521
f 6065//12522 6203//12522 6228//12522
f 6065//12523 6228//12523 6053//12523
f 6054//12524 6255//12524 6230//12524
f 6054//12525 6230//12525 6068//12525
f 6255//12526 6277//12526 6276//12526
f 6255//12527 6276//12527 6254//12527
f 6428//12528 6051//12528 6253//12528
f 6428//12529 6253//12529 6429//12529
f 6051//12530 6053//12530 6228//12530
f 6051//12531 6228//12531 6253//12531
f 6054//12532 6067//12532 6277//12532
f 6054//12533 6277//12533 6255//12533
f 6279//12534 6276//12534 6277//12534
f 6279//12535 6277//12535 6278//12535
f 6294//12536 6293//12536 6291//12536
f 6294//12537 6291//12537 6292//12537
f 6278//12538 6277//12538 6067//12538
f 6278//12539 6067//12539 6069//12539
f 6504//12540 6279//12540 6278//12540
f 6504//12541 6278//12541 6505//12541
f 6296//12542 6406//12542 6405//12542
f 6296//12543 6405//12543 6295//12543
f 6536//12544 6294//12544 6292//12544
f 6536//12545 6292//12545 6537//12545
f 6050//12546 6059//12546 6293//12546
f 6050//12547 6293//12547 6294//12547
f 6505//12548 6278//12548 6069//12548
f 6505//12549 6069//12549 6506//12549
f 6071//12550 6406//12550 6296//12550
f 6071//12551 6296//12551 6070//12551
f 6050//12552 6294//12552 6536//12552
f 6050//12553 6536//12553 6535//12553
f 6337//12554 6323//12554 6322//12554
f 6337//12555 6322//12555 6336//12555
f 6405//12556 6406//12556 6339//12556
f 6405//12557 6339//12557 6338//12557
f 6339//12558 6350//12558 6349//12558
f 6339//12559 6349//12559 6338//12559
f 6052//12560 6066//12560 6323//12560
f 6052//12561 6323//12561 6337//12561
f 6339//12562 6406//12562 6071//12562
f 6339//12563 6071//12563 6055//12563
f 6049//12564 6350//12564 6339//12564
f 6049//12565 6339//12565 6055//12565
f 6350//12566 6361//12566 6360//12566
f 6350//12567 6360//12567 6349//12567
f 6046//12568 6361//12568 6350//12568
f 6046//12569 6350//12569 6049//12569
f 6361//12570 6370//12570 6369//12570
f 6361//12571 6369//12571 6360//12571
f 6048//12572 6370//12572 6361//12572
f 6048//12573 6361//12573 6046//12573
f 6370//12574 6378//12574 6377//12574
f 6370//12575 6377//12575 6369//12575
f 6045//12576 6378//12576 6370//12576
f 6045//12577 6370//12577 6048//12577
f 6378//12578 6388//12578 6384//12578
f 6378//12579 6384//12579 6377//12579
f 6047//12580 6388//12580 6378//12580
f 6047//12581 6378//12581 6045//12581
f 6047//12582 6465//12582 6466//12582
f 6047//12583 6466//12583 6388//12583
f 6388//12584 6466//12584 6467//12584
f 6388//12585 6467//12585 6384//12585
f 6490//12586 6453//12586 6452//12586
f 6490//12587 6452//12587 6491//12587
f 6491//12588 6452//12588 6451//12588
f 6491//12589 6451//12589 6492//12589
f 6393//12590 6518//12590 6519//12590
f 6393//12591 6519//12591 6394//12591
f 6394//12592 6449//12592 6448//12592
f 6394//12593 6448//12593 6393//12593
f 6337//12594 5531//12594 5536//12594
f 6337//12595 5536//12595 6052//12595
f 6336//12596 5530//12596 5531//12596
f 6336//12597 5531//12597 6337//12597
f 6059//12598 6060//12598 6252//12598
f 6059//12599 6252//12599 6293//12599
f 6293//12600 6252//12600 6250//12600
f 6293//12601 6250//12601 6291//12601
f 6449//12602 6394//12602 6056//12602
f 6449//12603 6056//12603 6450//12603
f 6394//12604 6519//12604 6520//12604
f 6394//12605 6520//12605 6056//12605
f 5522//12606 6449//12606 6450//12606
f 5522//12607 6450//12607 5513//12607
f 6415//12608 6176//12608 6058//12608
f 6415//12609 6058//12609 6057//12609
f 6176//12610 6415//12610 6416//12610
f 6176//12611 6416//12611 6177//12611
f 6252//12612 6060//12612 6428//12612
f 6252//12613 6428//12613 6429//12613
f 6430//12614 6250//12614 6252//12614
f 6430//12615 6252//12615 6429//12615
f 5538//12616 6448//12616 6449//12616
f 5538//12617 6449//12617 5522//12617
f 6187//12618 6432//12618 6427//12618
f 6187//12619 6427//12619 6426//12619
f 2761//12620 6432//12620 6433//12620
f 2761//12621 6433//12621 2382//12621
f 6187//12622 6214//12622 6433//12622
f 6187//12623 6433//12623 6432//12623
f 6407//12624 6436//12624 6263//12624
f 6407//12625 6263//12625 6395//12625
f 2404//12626 2400//12626 6435//12626
f 2404//12627 6435//12627 6434//12627
f 6214//12628 6239//12628 6435//12628
f 6214//12629 6435//12629 6433//12629
f 6494//12630 6493//12630 6434//12630
f 6494//12631 6434//12631 6240//12631
f 6434//12632 6435//12632 6239//12632
f 6434//12633 6239//12633 6240//12633
f 2382//12634 6433//12634 6435//12634
f 2382//12635 6435//12635 2400//12635
f 2404//12636 6434//12636 6493//12636
f 2404//12637 6493//12637 3685//12637
f 2983//12638 6436//12638 6407//12638
f 2983//12639 6407//12639 2700//12639
f 5515//12640 5946//12640 6440//12640
f 5515//12641 6440//12641 6441//12641
f 2688//12642 3650//12642 6507//12642
f 2688//12643 6507//12643 6414//12643
f 6479//12644 2691//12644 3720//12644
f 6479//12645 3720//12645 6464//12645
f 6478//12646 3719//12646 3718//12646
f 6478//12647 3718//12647 6413//12647
f 2443//12648 6412//12648 6413//12648
f 2443//12649 6413//12649 3718//12649
f 6427//12650 6432//12650 2761//12650
f 6427//12651 2761//12651 2742//12651
f 6452//12652 6466//12652 6465//12652
f 6452//12653 6465//12653 6451//12653
f 6453//12654 6467//12654 6466//12654
f 6453//12655 6466//12655 6452//12655
f 6454//12656 6468//12656 6467//12656
f 6454//12657 6467//12657 6453//12657
f 6455//12658 6469//12658 6468//12658
f 6455//12659 6468//12659 6454//12659
f 6456//12660 6470//12660 6469//12660
f 6456//12661 6469//12661 6455//12661
f 6457//12662 6471//12662 6470//12662
f 6457//12663 6470//12663 6456//12663
f 6458//12664 6472//12664 6471//12664
f 6458//12665 6471//12665 6457//12665
f 6459//12666 6473//12666 6472//12666
f 6459//12667 6472//12667 6458//12667
f 6460//12668 6474//12668 6473//12668
f 6460//12669 6473//12669 6459//12669
f 6461//12670 6475//12670 6474//12670
f 6461//12671 6474//12671 6460//12671
f 6462//12672 6476//12672 6475//12672
f 6462//12673 6475//12673 6461//12673
f 6463//12674 6477//12674 6476//12674
f 6463//12675 6476//12675 6462//12675
f 6464//12676 6478//12676 6477//12676
f 6464//12677 6477//12677 6463//12677
f 6464//12678 3720//12678 3719//12678
f 6464//12679 3719//12679 6478//12679
f 6507//12680 3650//12680 2691//12680
f 6507//12681 2691//12681 6479//12681
f 6480//12682 6508//12682 6507//12682
f 6480//12683 6507//12683 6479//12683
f 6481//12684 6509//12684 6508//12684
f 6481//12685 6508//12685 6480//12685
f 6482//12686 6510//12686 6509//12686
f 6482//12687 6509//12687 6481//12687
f 6483//12688 6511//12688 6510//12688
f 6483//12689 6510//12689 6482//12689
f 6484//12690 6512//12690 6511//12690
f 6484//12691 6511//12691 6483//12691
f 6485//12692 6513//12692 6512//12692
f 6485//12693 6512//12693 6484//12693
f 6486//12694 6514//12694 6513//12694
f 6486//12695 6513//12695 6485//12695
f 6487//12696 6515//12696 6514//12696
f 6487//12697 6514//12697 6486//12697
f 6488//12698 6516//12698 6515//12698
f 6488//12699 6515//12699 6487//12699
f 6489//12700 6517//12700 6516//12700
f 6489//12701 6516//12701 6488//12701
f 6490//12702 6518//12702 6517//12702
f 6490//12703 6517//12703 6489//12703
f 6491//12704 6519//12704 6518//12704
f 6491//12705 6518//12705 6490//12705
f 6492//12706 6520//12706 6519//12706
f 6492//12707 6519//12707 6491//12707
f 3685//12708 6493//12708 6436//12708
f 3685//12709 6436//12709 2983//12709
f 6494//12710 6263//12710 6436//12710
f 6494//12711 6436//12711 6493//12711
f 6495//12712 6238//12712 6263//12712
f 6495//12713 6263//12713 6494//12713
f 6496//12714 6211//12714 6238//12714
f 6496//12715 6238//12715 6495//12715
f 6497//12716 6183//12716 6211//12716
f 6497//12717 6211//12717 6496//12717
f 6497//12718 6498//12718 6210//12718
f 6497//12719 6210//12719 6183//12719
f 6498//12720 6499//12720 6237//12720
f 6498//12721 6237//12721 6210//12721
f 6499//12722 6500//12722 6260//12722
f 6499//12723 6260//12723 6237//12723
f 6260//12724 6500//12724 6501//12724
f 6260//12725 6501//12725 6261//12725
f 6280//12726 6261//12726 6501//12726
f 6280//12727 6501//12727 6502//12727
f 6280//12728 6502//12728 6503//12728
f 6280//12729 6503//12729 6281//12729
f 6295//12730 6281//12730 6503//12730
f 6295//12731 6503//12731 6504//12731
f 6295//12732 6504//12732 6505//12732
f 6295//12733 6505//12733 6296//12733
f 6070//12734 6296//12734 6505//12734
f 6070//12735 6505//12735 6506//12735
f 6066//12736 6521//12736 6522//12736
f 6066//12737 6522//12737 6323//12737
f 6323//12738 6522//12738 6523//12738
f 6323//12739 6523//12739 6322//12739
f 6322//12740 6523//12740 6524//12740
f 6322//12741 6524//12741 6307//12741
f 6525//12742 6319//12742 6307//12742
f 6525//12743 6307//12743 6524//12743
f 6319//12744 6525//12744 6526//12744
f 6319//12745 6526//12745 6305//12745
f 6305//12746 6526//12746 6527//12746
f 6305//12747 6527//12747 6304//12747
f 6528//12748 6287//12748 6304//12748
f 6528//12749 6304//12749 6527//12749
f 6529//12750 6265//12750 6287//12750
f 6529//12751 6287//12751 6528//12751
f 6530//12752 6241//12752 6265//12752
f 6530//12753 6265//12753 6529//12753
f 6531//12754 6266//12754 6241//12754
f 6531//12755 6241//12755 6530//12755
f 6532//12756 6288//12756 6266//12756
f 6532//12757 6266//12757 6531//12757
f 6533//12758 6306//12758 6288//12758
f 6533//12759 6288//12759 6532//12759
f 6534//12760 6321//12760 6306//12760
f 6534//12761 6306//12761 6533//12761
f 2595//12762 6321//12762 6534//12762
f 2595//12763 6534//12763 4264//12763
f 6522//12764 6521//12764 6535//12764
f 6522//12765 6535//12765 6536//12765
f 6523//12766 6522//12766 6536//12766
f 6523//12767 6536//12767 6537//12767
f 6538//12768 6524//12768 6523//12768
f 6538//12769 6523//12769 6537//12769
f 6525//12770 6524//12770 6538//12770
f 6525//12771 6538//12771 6539//12771
f 6526//12772 6525//12772 6539//12772
f 6526//12773 6539//12773 6540//12773
f 6527//12774 6526//12774 6540//12774
f 6527//12775 6540//12775 6541//12775
f 6528//12776 6527//12776 6541//12776
f 6528//12777 6541//12777 6542//12777
f 6529//12778 6528//12778 6542//12778
f 6529//12779 6542//12779 6543//12779
f 6530//12780 6529//12780 6543//12780
f 6530//12781 6543//12781 6544//12781
f 6545//12782 6531//12782 6530//12782
f 6545//12783 6530//12783 6544//12783
f 6546//12784 6532//12784 6531//12784
f 6546//12785 6531//12785 6545//12785
f 6547//12786 6533//12786 6532//12786
f 6547//12787 6532//12787 6546//12787
f 6548//12788 6534//12788 6533//12788
f 6548//12789 6533//12789 6547//12789
f 4276//12790 4264//12790 6534//12790
f 4276//12791 6534//12791 6548//12791
f 6550//12792 6549//12792 3762//12792
f 6550//12793 3762//12793 3796//12793
f 6585//12794 6563//12794 3763//12794
f 6585//12795 3763//12795 3832//12795
f 3765//12796 6551//12796 6581//12796
f 3765//12797 6581//12797 3766//12797
f 3767//12798 6552//12798 6553//12798
f 3767//12799 6553//12799 3768//12799
f 3772//12800 6554//12800 6555//12800
f 3772//12801 6555//12801 3773//12801
f 6558//12802 6557//12802 3770//12802
f 6558//12803 3770//12803 3769//12803
f 6559//12804 6560//12804 3776//12804
f 6559//12805 3776//12805 3775//12805
f 6560//12806 6562//12806 3777//12806
f 6560//12807 3777//12807 3776//12807
f 6563//12808 6564//12808 3764//12808
f 6563//12809 3764//12809 3763//12809
f 3764//12810 6564//12810 6551//12810
f 3764//12811 6551//12811 3765//12811
f 3796//12812 3795//12812 6582//12812
f 3796//12813 6582//12813 6550//12813
f 6587//12814 6582//12814 3795//12814
f 6587//12815 3795//12815 4133//12815
f 3754//12816 3789//12816 6584//12816
f 3754//12817 6584//12817 6576//12817
f 4132//12818 3788//12818 6569//12818
f 4132//12819 6569//12819 6586//12819
f 3786//12820 3785//12820 6579//12820
f 3786//12821 6579//12821 6567//12821
f 3787//12822 6568//12822 6569//12822
f 3787//12823 6569//12823 3788//12823
f 3793//12824 3792//12824 6583//12824
f 3793//12825 6583//12825 6570//12825
f 3779//12826 6561//12826 6571//12826
f 3779//12827 6571//12827 3780//12827
f 6553//12828 6558//12828 3769//12828
f 6553//12829 3769//12829 3768//12829
f 6557//12830 6574//12830 3771//12830
f 6557//12831 3771//12831 3770//12831
f 3773//12832 6555//12832 6556//12832
f 3773//12833 6556//12833 3774//12833
f 3771//12834 6574//12834 6554//12834
f 3771//12835 6554//12835 3772//12835
f 3782//12836 6573//12836 6572//12836
f 3782//12837 6572//12837 3783//12837
f 3790//12838 6566//12838 6577//12838
f 3790//12839 6577//12839 3791//12839
f 3787//12840 3786//12840 6567//12840
f 3787//12841 6567//12841 6568//12841
f 6570//12842 6565//12842 3794//12842
f 6570//12843 3794//12843 3793//12843
f 6575//12844 6573//12844 3782//12844
f 6575//12845 3782//12845 3781//12845
f 6588//12846 6566//12846 3790//12846
f 6588//12847 3790//12847 4162//12847
f 3791//12848 6577//12848 6583//12848
f 3791//12849 6583//12849 3792//12849
f 6578//12850 3784//12850 3783//12850
f 6578//12851 3783//12851 6572//12851
f 6578//12852 6579//12852 3785//12852
f 6578//12853 3785//12853 3784//12853
f 6562//12854 6580//12854 3778//12854
f 6562//12855 3778//12855 3777//12855
f 6580//12856 6561//12856 3779//12856
f 6580//12857 3779//12857 3778//12857
f 6571//12858 6589//12858 4433//12858
f 6571//12859 4433//12859 3780//12859
f 6581//12860 6552//12860 3767//12860
f 6581//12861 3767//12861 3766//12861
f 3775//12862 3774//12862 6556//12862
f 3775//12863 6556//12863 6559//12863
f 6590//12864 6585//12864 3832//12864
f 6590//12865 3832//12865 4434//12865
f 3789//12866 4132//12866 6586//12866
f 3789//12867 6586//12867 6584//12867
f 6565//12868 6587//12868 4133//12868
f 6565//12869 4133//12869 3794//12869
f 6576//12870 6588//12870 4162//12870
f 6576//12871 4162//12871 3754//12871
f 6589//12872 6575//12872 3781//12872
f 6589//12873 3781//12873 4433//12873
f 3762//12874 6549//12874 6590//12874
f 3762//12875 6590//12875 4434//12875
f 6592//12876 1582//12876 1548//12876
f 6592//12877 1548//12877 6591//12877
f 6627//12878 1623//12878 1549//12878
f 6627//12879 1549//12879 6605//12879
f 1551//12880 1552//12880 6623//12880
f 1551//12881 6623//12881 6593//12881
f 1553//12882 1554//12882 6595//12882
f 1553//12883 6595//12883 6594//12883
f 1558//12884 1559//12884 6597//12884
f 1558//12885 6597//12885 6596//12885
f 6600//12886 1555//12886 1556//12886
f 6600//12887 1556//12887 6599//12887
f 6601//12888 1561//12888 1562//12888
f 6601//12889 1562//12889 6602//12889
f 6602//12890 1562//12890 1563//12890
f 6602//12891 1563//12891 6604//12891
f 6605//12892 1549//12892 1550//12892
f 6605//12893 1550//12893 6606//12893
f 1550//12894 1551//12894 6593//12894
f 1550//12895 6593//12895 6606//12895
f 1582//12896 6592//12896 6624//12896
f 1582//12897 6624//12897 1581//12897
f 6629//12898 1933//12898 1581//12898
f 6629//12899 1581//12899 6624//12899
f 1540//12900 6618//12900 6626//12900
f 1540//12901 6626//12901 1575//12901
f 1932//12902 6628//12902 6611//12902
f 1932//12903 6611//12903 1574//12903
f 1572//12904 6609//12904 6621//12904
f 1572//12905 6621//12905 1571//12905
f 1573//12906 1574//12906 6611//12906
f 1573//12907 6611//12907 6610//12907
f 1579//12908 6612//12908 6625//12908
f 1579//12909 6625//12909 1578//12909
f 1565//12910 1566//12910 6613//12910
f 1565//12911 6613//12911 6603//12911
f 6595//12912 1554//12912 1555//12912
f 6595//12913 1555//12913 6600//12913
f 6599//12914 1556//12914 1557//12914
f 6599//12915 1557//12915 6616//12915
f 1559//12916 1560//12916 6598//12916
f 1559//12917 6598//12917 6597//12917
f 1557//12918 1558//12918 6596//12918
f 1557//12919 6596//12919 6616//12919
f 1568//12920 1569//12920 6614//12920
f 1568//12921 6614//12921 6615//12921
f 1576//12922 1577//12922 6619//12922
f 1576//12923 6619//12923 6608//12923
f 1573//12924 6610//12924 6609//12924
f 1573//12925 6609//12925 1572//12925
f 6612//12926 1579//12926 1580//12926
f 6612//12927 1580//12927 6607//12927
f 6617//12928 1567//12928 1568//12928
f 6617//12929 1568//12929 6615//12929
f 6630//12930 1962//12930 1576//12930
f 6630//12931 1576//12931 6608//12931
f 1577//12932 1578//12932 6625//12932
f 1577//12933 6625//12933 6619//12933
f 6620//12934 6614//12934 1569//12934
f 6620//12935 1569//12935 1570//12935
f 6620//12936 1570//12936 1571//12936
f 6620//12937 1571//12937 6621//12937
f 6604//12938 1563//12938 1564//12938
f 6604//12939 1564//12939 6622//12939
f 6622//12940 1564//12940 1565//12940
f 6622//12941 1565//12941 6603//12941
f 6613//12942 1566//12942 2242//12942
f 6613//12943 2242//12943 6631//12943
f 6623//12944 1552//12944 1553//12944
f 6623//12945 1553//12945 6594//12945
f 1561//12946 6601//12946 6598//12946
f 1561//12947 6598//12947 1560//12947
f 6632//12948 2243//12948 1623//12948
f 6632//12949 1623//12949 6627//12949
f 1575//12950 6626//12950 6628//12950
f 1575//12951 6628//12951 1932//12951
f 6607//12952 1580//12952 1933//12952
f 6607//12953 1933//12953 6629//12953
f 6618//12954 1540//12954 1962//12954
f 6618//12955 1962//12955 6630//12955
f 6631//12956 2242//12956 1567//12956
f 6631//12957 1567//12957 6617//12957
f 1548//12958 2243//12958 6632//12958
f 1548//12959 6632//12959 6591//12959
f 6651//12960 5540//12960 5542//12960
f 6651//12961 5542//12961 6653//12961
f 5540//12962 6651//12962 6654//12962
f 5540//12963 6654//12963 5543//12963
f 6655//12964 5544//12964 5541//12964
f 6655//12965 5541//12965 6652//12965
f 6652//12966 5541//12966 5543//12966
f 6652//12967 5543//12967 6654//12967
f 5945//12968 6663//12968 6643//12968
f 5945//12969 6643//12969 5551//12969
f 5513//12970 6633//12970 6663//12970
f 5513//12971 6663//12971 5945//12971
f 6653//12972 5542//12972 5961//12972
f 6653//12973 5961//12973 6665//12973
f 6664//12974 5947//12974 5988//12974
f 6664//12975 5988//12975 6666//12975
f 5544//12976 6655//12976 6661//12976
f 5544//12977 6661//12977 5550//12977
f 5553//12978 5552//12978 6635//12978
f 5553//12979 6635//12979 6644//12979
f 6635//12980 5552//12980 5563//12980
f 6635//12981 5563//12981 6640//12981
f 5545//12982 6656//12982 6670//12982
f 5545//12983 6670//12983 6031//12983
f 6645//12984 6656//12984 5545//12984
f 6645//12985 5545//12985 5554//12985
f 5554//12986 5555//12986 6636//12986
f 5554//12987 6636//12987 6645//12987
f 6657//12988 5546//12988 5548//12988
f 6657//12989 5548//12989 6659//12989
f 6662//12990 5923//12990 5546//12990
f 6662//12991 5546//12991 6657//12991
f 6647//12992 5556//12992 5557//12992
f 6647//12993 5557//12993 6646//12993
f 5547//12994 6658//12994 6634//12994
f 5547//12995 6634//12995 5536//12995
f 6658//12996 5547//12996 5561//12996
f 6658//12997 5561//12997 6639//12997
f 5557//12998 5558//12998 6637//12998
f 5557//12999 6637//12999 6646//12999
f 5558//13000 5553//13000 6644//13000
f 5558//13001 6644//13001 6637//13001
f 5559//13002 6638//13002 6648//13002
f 5559//13003 6648//13003 5560//13003
f 5556//13004 6647//13004 6638//13004
f 5556//13005 6638//13005 5559//13005
f 5560//13006 6648//13006 6659//13006
f 5560//13007 6659//13007 5548//13007
f 5563//13008 5549//13008 6660//13008
f 5563//13009 6660//13009 6640//13009
f 6660//13010 5549//13010 5562//13010
f 6660//13011 5562//13011 6649//13011
f 5550//13012 6661//13012 6642//13012
f 5550//13013 6642//13013 5566//13013
f 5564//13014 6641//13014 6649//13014
f 5564//13015 6649//13015 5562//13015
f 5564//13016 6002//13016 6667//13016
f 5564//13017 6667//13017 6641//13017
f 5566//13018 6642//13018 6650//13018
f 5566//13019 6650//13019 5565//13019
f 5551//13020 6643//13020 6668//13020
f 5551//13021 6668//13021 6016//13021
f 6636//13022 5555//13022 5923//13022
f 6636//13023 5923//13023 6662//13023
f 6665//13024 5961//13024 5947//13024
f 6665//13025 5947//13025 6664//13025
f 6666//13026 5988//13026 6016//13026
f 6666//13027 6016//13027 6668//13027
f 6667//13028 6002//13028 5565//13028
f 6667//13029 5565//13029 6650//13029
f 6639//13030 5561//13030 6017//13030
f 6639//13031 6017//13031 6669//13031
f 6031//13032 6670//13032 6669//13032
f 6031//13033 6669//13033 6017//13033
f 6687//13034 6689//13034 6047//13034
f 6687//13035 6047//13035 6045//13035
f 6045//13036 6048//13036 6690//13036
f 6045//13037 6690//13037 6687//13037
f 6691//13038 6688//13038 6046//13038
f 6691//13039 6046//13039 6049//13039
f 6688//13040 6690//13040 6048//13040
f 6688//13041 6048//13041 6046//13041
f 6450//13042 6056//13042 6679//13042
f 6450//13043 6679//13043 6699//13043
f 5513//13044 6450//13044 6699//13044
f 5513//13045 6699//13045 6633//13045
f 6689//13046 6701//13046 6465//13046
f 6689//13047 6465//13047 6047//13047
f 6700//13048 6702//13048 6492//13048
f 6700//13049 6492//13049 6451//13049
f 6049//13050 6055//13050 6697//13050
f 6049//13051 6697//13051 6691//13051
f 6058//13052 6680//13052 6671//13052
f 6058//13053 6671//13053 6057//13053
f 6671//13054 6676//13054 6068//13054
f 6671//13055 6068//13055 6057//13055
f 6050//13056 6535//13056 6706//13056
f 6050//13057 6706//13057 6692//13057
f 6681//13058 6059//13058 6050//13058
f 6681//13059 6050//13059 6692//13059
f 6059//13060 6681//13060 6672//13060
f 6059//13061 6672//13061 6060//13061
f 6693//13062 6695//13062 6053//13062
f 6693//13063 6053//13063 6051//13063
f 6698//13064 6693//13064 6051//13064
f 6698//13065 6051//13065 6428//13065
f 6683//13066 6682//13066 6062//13066
f 6683//13067 6062//13067 6061//13067
f 6052//13068 5536//13068 6634//13068
f 6052//13069 6634//13069 6694//13069
f 6694//13070 6675//13070 6066//13070
f 6694//13070 6066//13070 6052//13070
f 6062//13071 6682//13071 6673//13071
f 6062//13072 6673//13072 6063//13072
f 6063//13073 6673//13073 6680//13073
f 6063//13074 6680//13074 6058//13074
f 6064//13075 6065//13075 6684//13075
f 6064//13076 6684//13076 6674//13076
f 6061//13077 6064//13077 6674//13077
f 6061//13078 6674//13078 6683//13078
f 6065//13079 6053//13079 6695//13079
f 6065//13080 6695//13080 6684//13080
f 6068//13081 6676//13081 6696//13081
f 6068//13082 6696//13082 6054//13082
f 6696//13083 6685//13083 6067//13083
f 6696//13084 6067//13084 6054//13084
f 6055//13085 6071//13085 6678//13085
f 6055//13086 6678//13086 6697//13086
f 6069//13087 6067//13087 6685//13087
f 6069//13088 6685//13088 6677//13088
f 6069//13089 6677//13089 6703//13089
f 6069//13090 6703//13090 6506//13090
f 6071//13091 6070//13091 6686//13091
f 6071//13092 6686//13092 6678//13092
f 6056//13093 6520//13093 6704//13093
f 6056//13094 6704//13094 6679//13094
f 6672//13095 6698//13095 6428//13095
f 6672//13096 6428//13096 6060//13096
f 6701//13097 6700//13097 6451//13097
f 6701//13098 6451//13098 6465//13098
f 6702//13099 6704//13099 6520//13099
f 6702//13100 6520//13100 6492//13100
f 6703//13101 6686//13101 6070//13101
f 6703//13102 6070//13102 6506//13102
f 6675//13103 6705//13103 6521//13103
f 6675//13104 6521//13104 6066//13104
f 6535//13105 6521//13105 6705//13105
f 6535//13106 6705//13106 6706//13106
