# Blender 4.2.1 LTS
# www.blender.org
v 0.000000 -2.522730 11.995513
v -0.000000 -2.170052 11.751825
v 0.000000 -2.383376 11.921309
v 0.000000 -2.050377 11.691313
v 0.000000 -1.753081 11.612279
v -0.000000 -1.158949 11.580145
v -0.502377 3.444031 10.646934
v -0.000000 -7.863798 9.596993
v 0.000000 -8.206806 9.572974
v -0.706381 4.579646 10.525717
v -0.000000 -7.588164 9.752519
v -0.949492 -9.934261 5.964141
v -6.916998 -1.582228 2.973087
v -7.005756 -1.133810 3.005407
v -7.060925 -0.727924 3.002446
v -6.778134 -2.143196 2.877185
v -5.484577 1.632276 8.351882
v -5.131565 1.753440 8.582244
v -4.374373 -2.145013 8.858848
v -2.936285 -1.692709 9.954907
v -3.196323 -1.422569 9.828356
v -2.710831 -1.950067 10.097493
v -2.757660 -1.430275 10.044356
v -2.537849 -1.685605 10.177420
v -3.484925 -1.148393 9.703700
v -3.009826 -1.155804 9.924904
v -3.570614 -0.595156 9.688635
v -3.071559 -0.631298 9.890473
v -3.285244 -0.879785 9.811332
v -3.341435 -0.346806 9.780233
v -3.789976 -0.865481 9.567864
v -5.847580 3.279498 7.539315
v -5.871924 3.434883 7.537929
v -5.890919 3.583827 7.555327
v -5.900177 3.877409 7.637137
v -5.635373 3.256734 7.774535
v -5.445070 3.253165 7.955044
v -5.734907 2.733002 7.677125
v -5.476046 2.771129 7.914578
v -5.598592 2.112490 8.024169
v -5.681262 4.171118 8.132273
v -5.717085 4.039072 8.012596
v -5.536679 4.040221 8.271811
v -5.571255 3.929979 8.163686
v -5.739547 3.781327 7.857609
v -5.585553 3.714375 8.028018
v -5.535499 3.490422 7.967000
v -5.497788 3.374707 7.952812
v -5.706681 3.524692 7.786267
v -5.674818 3.394167 7.772294
v -5.345756 3.375260 8.094953
v -5.287275 3.267213 8.096904
v -5.387466 3.475691 8.108140
v -5.452735 3.674663 8.156717
v -5.417031 3.946653 8.361417
v -5.448176 3.854592 8.268010
v -5.479219 4.153259 8.405596
v -5.553897 4.436376 8.437147
v -5.404948 4.263540 8.557401
v -5.624487 4.303997 8.277524
v -5.362453 4.039970 8.478049
v -5.284221 4.132066 8.615891
v -2.813291 -0.908588 9.989866
v -1.850936 -0.192307 10.280232
v -1.833308 -0.523320 10.347851
v -2.378851 -1.434115 10.215747
v -2.578907 -1.181736 10.096285
v -1.554136 -1.081973 10.663131
v -1.263299 -1.128093 10.879299
v -1.117981 -1.086863 10.989581
v -0.957378 -1.114274 11.105657
v -0.835054 -1.112768 11.205978
v -1.907325 0.317214 10.247315
v -2.052575 0.041206 10.166187
v -2.262394 0.283600 10.077374
v -2.089440 0.524153 10.132206
v -1.781117 0.576950 10.350708
v -5.086618 4.962968 9.115407
v -4.927166 5.079332 9.272846
v -4.373780 5.347387 9.681341
v -4.780406 4.864257 9.368190
v -4.939188 4.750900 9.218483
v -5.465845 4.571812 8.602879
v -5.316334 4.386001 8.717082
v -2.467390 0.526467 9.971750
v -2.272334 0.738649 10.013342
v -2.088735 0.948446 10.068163
v -1.931262 0.760757 10.209153
v -1.780502 0.985355 10.298960
v -1.568226 -1.897527 10.969513
v -1.772619 -1.887097 10.796105
v -1.993954 -1.832599 10.595325
v -1.383690 -1.880205 11.117620
v -1.416983 -2.302698 11.310453
v -1.600838 -2.373692 11.167534
v -1.214803 -1.854633 11.240820
v -1.246005 -2.247882 11.433882
v -1.799164 -2.456214 10.996817
v -4.801221 4.574674 9.263357
v -4.641386 4.682152 9.408163
v -5.185481 4.236835 8.775892
v -1.916252 1.156197 10.135498
v -2.429100 5.301863 10.464858
v -2.344319 5.121239 10.386734
v -4.100189 4.933610 9.765775
v -4.237194 5.128516 9.751308
v -1.571787 3.101974 9.432068
v -1.730441 2.815245 9.471513
v -0.457610 -1.042434 11.457038
v -0.218064 -1.137596 11.551887
v -0.909919 -1.818934 11.441739
v -0.248454 -1.765949 11.623967
v -0.489874 -1.787498 11.602539
v -0.235219 -2.051272 11.717995
v -0.456742 -2.120406 11.761393
v -0.127032 -1.757398 11.616401
v -1.058223 -1.834433 11.350929
v -1.086018 -2.209291 11.539785
v -0.930670 -2.178978 11.630593
v -0.896639 4.281837 10.277338
v -0.631716 4.332341 10.473709
v -3.005484 5.062649 10.141388
v -3.287647 5.725582 10.216287
v -3.193878 5.491777 10.250159
v -3.092880 5.267230 10.226315
v -2.792129 5.072885 10.207786
v -3.049682 5.728801 10.318784
v -2.969360 5.496681 10.338693
v -2.878278 5.275258 10.301749
v -0.108653 -1.154300 11.571687
v -0.125970 -2.048803 11.699224
v -2.140739 -3.398908 10.625484
v -2.242609 -3.588515 10.435671
v -2.012850 -3.215251 10.828398
v -2.322329 -3.769668 10.272888
v -2.387196 -3.937059 10.132250
v -2.235986 -3.206595 10.538777
v -2.350137 -3.416286 10.353819
v -1.868221 -3.048416 11.022947
v -2.093243 -3.006415 10.735941
v -2.469344 -4.399508 9.824677
v -2.440045 -3.622154 10.199615
v -2.510689 -3.804382 10.071275
v -1.711675 -2.906823 11.204329
v -1.928408 -2.830932 10.932556
v -2.610069 -4.301619 9.783167
v -1.389432 -2.694336 11.499312
v -1.551541 -2.790884 11.364444
v -1.754152 -2.695709 11.113808
v -1.580581 -2.589612 11.274847
v -1.409968 -2.503671 11.413218
v -1.074107 -2.568022 11.716272
v -1.229532 -2.621473 11.616653
v -2.368272 -2.972583 10.428107
v -0.916419 -2.530462 11.801501
v -1.246137 -2.437047 11.537135
v -1.089772 -2.389459 11.642849
v -2.622914 -4.469263 9.710405
v -2.471157 -4.578327 9.756076
v -2.497869 -3.210805 10.252025
v -2.593988 -3.445532 10.106001
v -0.931553 -2.354135 11.734069
v -2.482031 -4.776889 9.696479
v -2.629630 -4.657101 9.645493
v -2.802579 -4.369997 9.636851
v -2.669149 -3.653005 9.984081
v -2.784022 -4.188741 9.711728
v -2.521220 -2.713935 10.291607
v -2.808832 -4.567397 9.564784
v -2.666358 -2.986422 10.125747
v -2.768198 -3.246620 9.987329
v -0.194628 -2.513172 11.986801
v -2.540647 -5.647298 9.514036
v -2.401348 -5.624717 9.615462
v -2.843574 -3.477659 9.868011
v -2.969284 -4.065858 9.600936
v -2.459847 -5.960559 9.518280
v -2.316678 -5.897122 9.642673
v -2.702067 -5.663648 9.388511
v -2.991697 -4.266955 9.524346
v -3.343931 -3.806698 9.291161
v -3.560250 -3.675737 9.110755
v -3.417304 -2.855078 9.444005
v -3.193871 -3.081072 9.594032
v -2.358249 -6.285470 9.516040
v -2.210394 -6.192301 9.665696
v -2.627774 -6.014438 9.367536
v -3.000457 -4.485915 9.454363
v -3.585233 -3.955287 9.027660
v -3.375500 -4.056987 9.210677
v -3.814208 -3.541858 8.909142
v -3.686695 -2.622460 9.279777
v -2.231190 -6.607440 9.499701
v -2.080164 -6.487923 9.672348
v -2.523673 -6.380694 9.345390
v -3.390873 -4.323878 9.140977
v -3.596154 -4.248778 8.957436
v -3.835703 -3.853942 8.814369
v -4.118438 -3.403350 8.671622
v -4.012657 -2.385236 9.089200
v -2.074355 -6.914543 9.472608
v -1.926343 -6.756965 9.665304
v -2.392795 -6.742074 9.314099
v -2.874838 -5.670148 9.241077
v -3.838370 -4.179444 8.739989
v -4.120321 -3.749072 8.571244
v -2.228898 -7.082826 9.282024
v -2.802292 -6.054791 9.204519
v -3.238072 -5.681516 8.906974
v -4.106462 -4.101754 8.487931
v -6.086675 1.373572 7.710908
v -5.806543 1.501178 8.054354
v -2.700175 -6.467885 9.162594
v -4.400362 -4.020643 8.193330
v -6.180482 1.951810 7.391191
v -5.911124 2.025812 7.719481
v -2.564415 -6.871698 9.123920
v -4.062764 -5.715717 7.933715
v -6.235943 2.717371 7.076422
v -6.000508 2.719412 7.380675
v -5.338643 -3.814486 7.128423
v -4.698098 -5.772167 6.820083
v -5.826935 -3.723401 6.356916
v -6.236504 3.370094 6.980319
v -6.226524 3.564196 6.992746
v -6.060190 3.495194 7.268574
v -6.052382 3.319830 7.264114
v -4.001218 -6.770279 7.436623
v -5.023594 -5.820677 6.092386
v -6.179583 -3.648734 5.540117
v -6.766600 2.750575 6.160244
v -6.764758 1.824360 6.340796
v -6.210496 3.752893 7.021455
v -6.162743 4.121526 7.138060
v -6.043404 3.996640 7.389964
v -6.063759 3.664450 7.289788
v -5.278760 -5.849510 5.365507
v -6.312201 -3.609710 5.124040
v -7.115775 2.829264 5.163169
v -7.137107 1.812066 5.217343
v -6.077216 4.487538 7.347036
v -5.981723 4.332069 7.587514
v -3.622692 -7.874596 7.336243
v -5.380711 -5.858113 5.010848
v -7.204553 2.865908 4.784739
v -7.227856 1.824131 4.810520
v -6.607432 3.780898 6.149849
v -6.660025 3.538664 6.124280
v -6.016988 4.668543 7.482321
v -5.931427 4.500187 7.721418
v -3.310519 -7.746543 8.052185
v -6.921498 4.008679 5.253746
v -6.984921 3.728241 5.208856
v -7.277054 2.906148 4.397139
v -7.285897 1.841676 4.392650
v -6.443769 4.475336 6.354716
v -6.554001 4.016119 6.195564
v -5.946069 4.845369 7.637736
v -5.866696 4.666385 7.873110
v -3.131384 -7.674244 8.339337
v -3.479015 -7.219038 8.074694
v -5.460796 -5.862598 4.662750
v -7.021443 4.091794 4.920838
v -7.083064 3.799748 4.863376
v -6.719715 4.820738 5.522137
v -6.854615 4.283660 5.319499
v -6.317057 4.919418 6.601810
v -5.863233 5.013621 7.803960
v -5.765518 5.175219 7.978673
v -5.693301 4.980481 8.209898
v -5.788370 4.826369 8.038260
v -3.290055 -7.173295 8.346819
v -5.552983 -5.867313 3.995394
v -7.119551 4.176776 4.571934
v -7.176393 3.873737 4.502871
v -6.825480 4.940372 5.225020
v -6.957134 4.378828 4.998632
v -6.578679 5.334115 5.816605
v -6.245101 5.133030 6.755896
v -3.612382 -6.689571 8.117416
v -6.934683 5.063243 4.912359
v -7.058551 4.476448 4.662412
v -6.683358 5.477933 5.539610
v -6.501294 5.578016 5.994175
v -6.165893 5.336567 6.926634
v -5.375159 5.598902 8.538651
v -5.209772 5.719163 8.724467
v -5.138220 5.519270 8.930972
v -5.304379 5.401036 8.755099
v -3.416253 -6.660401 8.381235
v -6.793790 5.625134 5.251347
v -6.604757 5.732853 5.725993
v -6.418948 5.810813 6.189486
v -5.978207 5.707222 7.303673
v -6.077937 5.528480 7.110060
v -4.649849 5.994349 9.229888
v -4.578053 5.788785 9.405221
v -6.714119 5.891160 5.448949
v -6.521295 5.977538 5.929403
v -6.237387 6.236398 6.616375
v -6.332974 6.031907 6.400702
v -3.366377 5.957062 10.138009
v -3.121828 5.958780 10.253924
v -0.909431 -10.024398 8.080702
v -6.629402 6.147057 5.660633
v -6.434253 6.207775 6.148340
v -6.337577 6.422025 6.372164
v -5.598832 6.166526 7.907898
v -5.443405 6.293973 8.112801
v -3.439246 6.179819 10.030627
v -3.186567 6.182100 10.161868
v -1.932855 7.563158 10.155480
v -6.538756 6.389594 5.886517
v -6.439687 6.612494 6.118306
v -5.870721 6.759663 7.282117
v -5.720502 6.899764 7.500464
v -4.869645 6.604473 8.713332
v -0.620170 7.359395 10.402320
v -2.035592 8.180299 9.916055
v -6.633452 6.997518 5.571095
v -5.965493 6.967366 7.058432
v -5.815372 7.113580 7.282004
v -5.173525 7.247094 8.150437
v -2.086907 8.510139 9.792159
v -6.062458 7.177574 6.821766
v -5.910149 7.328897 7.050406
v -5.278939 7.471967 7.937594
v -3.646281 6.857417 9.632412
v -3.380637 6.871562 9.797449
v -2.132606 8.850389 9.653903
v -2.547426 -9.059129 8.047483
v -6.241113 7.614259 6.307938
v -6.085861 7.775623 6.545335
v -5.379110 7.703954 7.717041
v -3.903077 7.607790 9.186121
v -3.617623 7.636265 9.372112
v -2.990020 7.650743 9.734554
v -2.199444 9.540790 9.294238
v -5.551192 8.185287 7.238316
v -3.702021 7.909900 9.222228
v -3.992634 7.874188 9.025594
v -3.061722 7.937734 9.600964
v -4.081476 8.150503 8.857215
v -3.786383 8.194184 9.064860
v -3.134062 8.236521 9.463481
v -3.813616 -1.741242 9.420138
v -4.238316 8.727669 8.479776
v -3.936958 8.790736 8.711562
v -3.265614 8.867766 9.154542
v -4.488876 5.574356 9.563497
v -0.125821 -2.159335 11.755154
v -0.214802 -2.139931 11.758552
v -0.382003 -2.292384 11.879122
v -0.389152 -2.490745 11.961477
v -4.155269 -1.465525 9.242607
v -3.928009 -2.058542 9.253772
v -4.286274 -1.795229 9.048770
v -2.394344 -7.248116 9.098230
v -6.154214 -2.721164 6.505940
v -6.297699 -2.224477 6.579602
v -5.558106 -2.883058 7.358624
v -5.644853 -2.403254 7.494976
v -5.997443 -3.220480 6.430161
v -5.461581 -3.345546 7.231788
v -6.684321 -2.092508 5.637602
v -6.539563 -2.599495 5.616797
v -6.818993 -2.026416 5.174259
v -6.677099 -2.536567 5.171824
v -6.506658 -3.065301 5.154221
v -6.370642 -3.120025 5.583911
v -6.415757 -3.566604 4.707689
v -6.610774 -3.006139 4.720599
v -6.778291 -2.468187 4.723804
v -6.915869 -1.956730 4.715070
v -6.521228 -3.490247 3.874016
v -6.708052 -2.916724 3.859322
v -6.866458 -2.352045 3.839197
v -6.993124 -1.822489 3.821585
v -6.806814 -1.594684 5.639417
v -6.933105 -1.535079 5.162465
v -7.025383 -1.470700 4.692723
v -7.087715 -1.343048 3.805687
v -5.862834 4.175742 7.813807
v -5.820147 4.329115 7.942321
v -5.763840 4.482375 8.094664
v -5.689707 4.630883 8.258112
v -5.600264 4.777956 8.428631
v -5.213873 5.189716 8.957327
v -5.049988 5.307356 9.123823
v -3.154441 -6.123900 8.851287
v -3.050046 -6.593971 8.799581
v -3.229054 -6.632823 8.603272
v -2.918062 -7.066842 8.763614
v -3.101288 -7.128008 8.572169
v -2.755888 -7.502244 8.759833
v -2.943788 -7.598456 8.570344
v -2.199054 -7.592827 9.091721
v -2.038642 -7.396533 9.252518
v -3.988725 -1.155522 9.418803
v -3.661211 -1.436250 9.575240
v -0.183638 -2.362003 11.913509
v -2.204123 -2.751700 10.613179
v -2.014023 -2.561973 10.799535
v -2.106210 -2.195691 10.628898
v -2.341714 -2.463380 10.461677
v -3.361014 -1.706345 9.713681
v -3.095789 -1.973755 9.846920
v -2.874116 -2.228508 9.983160
v -4.436476 -3.639530 8.287364
v -4.452663 -3.265181 8.396304
v -3.339094 -2.567508 9.577911
v -3.115255 -2.814303 9.715641
v -3.607169 -2.314445 9.426966
v -3.011397 -2.523844 9.851140
v -3.233795 -2.271440 9.715363
v -3.501665 -2.008219 9.575810
v -1.781943 -8.149175 9.151004
v -0.703135 -8.806521 9.440043
v -1.012434 4.492586 10.337321
v -6.430656 -1.716142 6.632418
v -5.723870 -1.875190 7.647697
v -6.326097 1.263883 7.337867
v -6.409339 1.892207 7.045864
v -6.436823 2.722378 6.775279
v -6.396889 3.425080 6.694499
v -6.369305 3.636743 6.713100
v -6.337880 3.842342 6.750867
v -6.263832 4.243690 6.885673
v -6.161641 4.636821 7.102757
v -6.094407 4.828758 7.241571
v -6.017955 5.016397 7.399205
v -5.931475 5.190854 7.569117
v -5.830778 5.356331 7.750072
v -5.444039 5.786191 8.321654
v -5.281663 5.910604 8.516574
v -1.796548 6.737059 10.503885
v -4.713573 6.195234 9.056619
v -3.835434 -7.330759 7.373537
v -0.577214 6.498854 10.676176
v -3.506053 6.401129 9.906263
v -3.249696 6.407956 10.051351
v -7.161570 -0.895840 3.783649
v -7.027306 -1.059557 5.137478
v -7.113734 -1.003830 4.664391
v -1.995052 -7.889430 9.109039
v -1.829929 -7.680854 9.238441
v -0.524401 -7.553628 9.733000
v -0.538919 -7.842127 9.560362
v -1.006528 -7.757531 9.487309
v -1.007669 -7.484682 9.657753
v -1.677257 -7.451188 9.405345
v -1.886976 -7.196823 9.439359
v -0.637304 -8.480093 9.497341
v -1.621907 -7.925382 9.251751
v -0.582085 -8.161262 9.522240
v -1.460828 -7.689429 9.379125
v -2.756450 -5.343711 9.412628
v -2.598074 -5.373568 9.518871
v -2.459467 -5.381021 9.601608
v -1.766996 -0.785099 10.415570
v -2.193051 -1.655360 10.387748
v -2.337345 -1.930044 10.364172
v -2.518583 -2.194148 10.268838
v -2.688741 -2.464490 10.134261
v -2.831597 -2.756875 9.988195
v -2.934338 -3.030996 9.855318
v -3.012670 -3.282073 9.736590
v -3.153460 -3.937248 9.455421
v -3.181385 -4.162032 9.378289
v -3.194757 -4.403697 9.308761
v -3.056336 -5.675066 9.080185
v -2.977702 -6.092418 9.033889
v -2.876557 -6.538763 8.983157
v -2.740015 -6.980526 8.943260
v -2.572716 -7.389477 8.929558
v -5.066731 8.445674 7.752997
v -4.897714 7.927284 8.194723
v -4.800370 7.677134 8.397249
v -4.698624 7.434896 8.588396
v -4.405744 6.743491 9.098640
v -4.254690 6.315124 9.416879
v -4.188457 6.106165 9.575478
v -4.115822 5.895108 9.725399
v -4.024941 5.671406 9.851592
v -3.917374 5.443191 9.933801
v -3.798531 5.218887 9.965751
v -3.678178 5.021271 9.939203
v -5.751727 8.047991 6.996529
v -5.574419 7.584387 7.488756
v -5.477771 7.359957 7.715036
v -5.377310 7.139502 7.933000
v -5.076627 6.514388 8.518635
v -4.917186 6.115036 8.880826
v -4.848268 5.917400 9.066567
v -4.777321 5.714295 9.251714
v -4.692607 5.502839 9.422297
v -4.575742 5.276309 9.551266
v -4.434546 5.057526 9.631685
v -4.290277 4.865481 9.659612
v -2.382813 -7.764411 8.945476
v -2.432865 -4.096969 10.008224
v -2.560897 -3.976782 9.961458
v -2.721094 -3.835606 9.884227
v -2.895613 -3.676117 9.772725
v -3.070519 -3.508226 9.634639
v -3.254879 -3.328042 9.483635
v -3.475189 -3.134706 9.321604
v -3.745201 -2.929192 9.142159
v -4.068824 -2.723887 8.934677
v -4.426913 -2.515414 8.684496
v -4.448118 -2.890503 8.528968
v -4.101933 -3.062161 8.792633
v -3.785625 -3.235090 9.019492
v -3.519973 -3.406309 9.212660
v -3.304754 -3.567670 9.381794
v -3.115685 -3.724251 9.541505
v -2.937923 -3.872060 9.682598
v -2.758228 -4.012739 9.793059
v -2.592658 -4.139285 9.865137
v -2.458650 -4.247523 9.906713
v -1.796419 2.877301 9.436534
v -1.639397 3.131582 9.389108
v -1.345570 4.189703 9.820975
v -2.700177 4.886792 10.075866
v -2.919107 4.878400 10.019116
v -3.576874 4.851795 9.882854
v -3.983869 4.772486 9.747253
v -4.176194 4.709486 9.653579
v -4.532250 4.533595 9.415255
v -4.693044 4.432790 9.275295
v -5.078656 4.115524 8.800689
v -5.188275 4.021861 8.641294
v -5.264666 3.941569 8.516121
v -5.323120 3.868910 8.411118
v -5.355025 3.803363 8.338401
v -5.340476 3.652436 8.258736
v -5.265582 3.476474 8.221730
v -5.210113 3.382805 8.215929
v -5.144660 3.287604 8.220822
v -5.186632 3.855829 8.533265
v -4.487476 3.077110 8.872380
v -4.364637 2.990911 9.001637
v -4.209298 2.918868 9.131012
v -3.786056 2.826831 9.371149
v -4.349731 3.153773 8.966827
v -4.221447 3.091127 9.084505
v -4.604942 4.313367 9.261988
v -4.530705 4.208873 9.240757
v -4.449392 4.414834 9.398648
v -3.895255 4.646727 9.705885
v -3.824866 4.543443 9.665772
v -4.379982 4.311264 9.371546
v -4.920270 3.923939 8.791874
v -4.994741 4.017483 8.802387
v -5.106975 3.923039 8.648349
v -5.036678 3.835780 8.644018
v -4.716616 3.409805 8.657280
v -4.830713 3.561552 8.628590
v -4.966696 3.741488 8.630549
v -4.403735 3.986511 9.224833
v -4.253559 4.071483 9.357618
v -3.704811 4.270394 9.630588
v -3.667877 4.133121 9.650899
v -4.213653 3.949176 9.382628
v -4.177585 3.822316 9.409337
v -4.359689 3.873573 9.254960
v -4.320329 3.754117 9.287016
v -4.629640 3.355472 8.650438
v -4.530773 3.416954 8.822182
v -4.462309 3.417997 8.773372
v -4.532498 3.381255 8.630736
v -4.276963 3.187807 8.944263
v -2.612349 3.001351 9.499754
v -2.588926 2.913439 9.508283
v -2.759644 2.866524 9.530545
v -2.770940 2.960995 9.531639
v -3.120434 2.956432 9.507207
v -3.126148 2.913302 9.539627
v -3.316309 2.908797 9.513464
v -3.295711 2.955210 9.475257
v -3.685247 2.944667 9.398940
v -3.666854 2.988071 9.358206
v -3.486800 2.964724 9.423734
v -3.512655 2.918805 9.466619
v -3.139218 2.806592 9.528188
v -3.352173 2.794558 9.498018
v -3.571964 2.802088 9.445868
v -4.020285 3.072835 9.165487
v -4.064672 3.037877 9.194045
v -4.162000 3.130497 9.052870
v -2.495570 3.091144 9.403564
v -2.635113 3.044336 9.453814
v -2.784962 3.004472 9.488174
v -2.304924 3.027174 9.429467
v -2.464787 3.045838 9.455570
v -2.335057 3.090520 9.398989
v -1.890146 3.124828 9.307987
v -1.776083 3.204124 9.250204
v -2.373365 3.130150 9.348083
v -2.016148 3.139479 9.293322
v -1.996490 3.174310 9.237715
v -1.883034 3.168246 9.251651
v -1.990235 3.238137 9.155152
v -1.934483 3.164027 9.249940
v -1.932854 3.224938 9.171404
v -4.043007 3.623537 9.304523
v -4.088310 3.636672 9.373888
v -4.218708 3.589942 9.256855
v -3.574049 3.755485 9.637170
v -3.549917 3.736276 9.572175
v -3.602148 3.851185 9.669116
v -2.530508 3.717113 9.540528
v -2.702065 3.757316 9.606106
v -4.134517 3.714396 9.406574
v -4.272209 3.657885 9.285968
v -4.169912 3.574362 9.198157
v -2.552154 3.695666 9.484832
v -2.712094 3.736362 9.554048
v -2.392945 3.645079 9.401201
v -2.368365 3.665929 9.467344
v -1.798126 3.225788 9.212484
v -1.849595 3.260383 9.167978
v -1.876511 3.275105 9.152590
v -1.930758 3.249803 9.151773
v -1.987748 3.269263 9.133506
v -1.851969 3.293469 9.159428
v -1.796455 3.285606 9.201597
v -1.834452 3.347864 9.205871
v -1.902223 3.402179 9.214400
v -1.870675 3.407481 9.273033
v -1.803896 3.349415 9.249547
v -1.760406 3.278365 9.228600
v -1.883510 3.335619 9.147963
v -1.872508 3.294217 9.150363
v -3.635808 3.986915 9.674206
v -2.510608 4.046185 9.595579
v -2.514502 3.913270 9.600909
v -2.699253 3.963796 9.655127
v -2.710470 4.102406 9.649635
v -2.322159 3.845914 9.529465
v -2.301056 3.957253 9.531398
v -2.725689 4.248164 9.650591
v -2.509708 4.179097 9.599373
v -2.282199 4.069780 9.537449
v -2.117109 3.864559 9.475118
v -2.148738 3.770356 9.466137
v -2.180384 3.678087 9.439944
v -2.079667 3.953945 9.491447
v -2.192801 4.287584 9.659697
v -2.783155 4.534893 9.772168
v -2.494383 4.479393 9.755117
v -2.845191 4.703974 9.888865
v -2.339883 3.747292 9.506386
v -2.524639 3.802657 9.578671
v -2.696509 3.842295 9.637626
v -1.941920 3.383304 9.132651
v -1.957408 3.359316 9.116076
v -2.114421 3.509453 9.254171
v -2.242579 3.577709 9.325702
v -1.900362 3.321824 9.133362
v -1.560583 4.103494 9.660351
v -2.941713 2.830891 9.541526
v -2.942747 2.930597 9.545914
v -2.947734 2.976502 9.506476
v -2.079595 3.531400 9.329327
v -1.956075 3.122483 9.305246
v -2.121803 3.173038 9.256125
v -2.036484 3.590585 9.380172
v -1.994473 3.664976 9.410932
v -1.948794 3.748940 9.418691
v -1.896475 3.828136 9.437558
v -1.725787 3.999606 9.556790
v -1.893323 3.223302 9.180568
v -1.901245 3.241696 9.163984
v -1.970440 3.330162 9.114293
v -1.912268 3.298569 9.132935
v -3.491546 4.712925 9.814274
v -3.424150 4.596467 9.756680
v -3.310170 4.318231 9.705842
v -3.276720 4.170295 9.716167
v -3.247785 4.016885 9.730975
v -3.220932 3.883717 9.720667
v -3.197263 3.787416 9.689793
v -3.188471 3.767791 9.632383
v -4.086565 4.586176 9.624472
v -4.019993 4.484833 9.589732
v -3.904621 4.220261 9.561002
v -3.869830 4.085453 9.582231
v -3.839237 3.944711 9.607186
v -3.800169 3.816426 9.601178
v -3.763535 3.724037 9.567217
v -3.727741 3.707005 9.500619
v -4.465290 4.103496 9.220994
v -4.314475 4.200204 9.355902
v -3.957558 4.360268 9.569145
v -3.759180 4.416920 9.641518
v -3.362901 4.464458 9.721929
v -2.749410 4.382817 9.691174
v -2.506602 4.308779 9.649191
v -2.249484 4.170701 9.579870
v -2.029284 4.039961 9.531465
v -1.830957 3.906988 9.479188
v -4.844342 3.825393 8.774250
v -4.717303 3.633803 8.792802
v -4.671396 3.543379 8.823570
v -4.609297 3.471335 8.833447
v -4.769704 3.732520 8.771080
v -4.891648 3.651768 8.622264
v -4.779802 3.477362 8.647401
v -2.138171 3.206951 9.205804
v -4.801330 3.377719 8.555906
v -4.724420 3.313296 8.574603
v -6.997546 4.771544 4.775295
v -6.891349 4.662054 5.099569
v -6.786786 4.554139 5.408698
v -6.499649 4.248322 6.263700
v -6.305505 4.044236 6.808131
v -6.190313 3.938018 7.071594
v -6.057251 3.831298 7.330528
v -5.899908 3.731735 7.588497
v -5.728013 3.654684 7.814789
v -5.564521 3.601957 7.992055
v -5.427180 3.576186 8.126232
v -5.306410 3.565131 8.236330
v -4.866665 3.444749 8.533754
v -4.928663 3.523067 8.516593
v -5.125887 3.770555 8.528596
v -6.866200 5.347822 5.072150
v -6.757000 5.212551 5.372204
v -6.650104 5.081306 5.659022
v -6.383193 4.699748 6.468385
v -6.216648 4.441206 6.983710
v -6.123239 4.304676 7.232452
v -6.017811 4.163600 7.475095
v -5.887748 4.025078 7.711745
v -5.735667 3.910497 7.921483
v -5.586953 3.822134 8.083914
v -5.460249 3.766095 8.202156
v -5.358195 3.731749 8.290922
v -5.067461 3.689493 8.520603
v -5.000077 3.605047 8.513662
v -2.492146 -5.178428 9.610630
v -2.629359 -5.121055 9.542274
v -2.789626 -5.049649 9.448126
v -6.073854 -4.699927 3.907682
v -5.966225 -4.721045 4.669949
v -5.867887 -4.729266 5.059565
v -5.742560 -4.736283 5.448607
v -5.435613 -4.750169 6.220816
v -5.039544 -4.766263 6.954633
v -4.272166 -4.823596 8.050860
v -4.016335 -4.852499 8.362573
v -3.160553 -4.956643 9.181724
v -2.968736 -4.997809 9.327370
v -2.929321 -5.313901 9.278749
v -5.818478 -5.294398 3.941209
v -5.722354 -5.298041 4.662561
v -5.629346 -5.296047 5.032705
v -5.512839 -5.290532 5.404848
v -5.225571 -5.276075 6.154258
v -4.868007 -5.259672 6.884234
v -4.175456 -5.259359 7.989139
v -3.939052 -5.268286 8.300620
v -4.805798 -6.373882 6.026801
v -4.145397 -6.229728 7.513715
v -4.672445 -6.344210 6.382254
v -3.334160 -6.147332 8.656156
v -3.524628 -6.163703 8.437357
v -3.728208 -6.181507 8.177464
v -4.286123 -5.730083 7.579538
v -4.870312 -5.797215 6.453890
v -3.425186 -5.688740 8.720950
v -3.624151 -5.699533 8.502601
v -3.840448 -5.708097 8.241981
v -2.175470 -8.083281 8.984893
v -1.954771 -8.368698 9.048393
v -0.773911 -9.133682 9.335109
v -5.518343 -5.866162 4.323082
v -5.568092 -5.868866 3.682254
v -5.227786 -6.413733 4.359450
v -5.264740 -6.425561 3.757116
v -4.453415 -6.897853 6.308827
v -4.563453 -6.922092 5.968737
v -4.899724 -6.944232 4.390441
v -4.929754 -6.974201 3.819277
v -4.284191 -7.444703 5.925844
v -4.201927 -7.439323 6.257126
v -4.546272 -7.455624 4.427349
v -4.569155 -7.512453 3.883906
v -3.961349 -7.925249 5.900461
v -3.900518 -7.938727 6.224192
v -4.163937 -7.943988 4.478481
v -4.182995 -8.026676 3.977017
v -2.570558 -7.906824 8.784439
v -2.363492 -8.260746 8.834598
v -2.133825 -8.580059 8.898937
v -0.830590 -9.457670 9.151103
v -2.757663 -8.029523 8.595663
v -2.542303 -8.423148 8.636382
v -2.295359 -8.774750 8.688669
v -0.873639 -9.736036 8.877586
v -2.436797 -8.942300 8.405404
v -0.898603 -9.928274 8.509795
v -3.349832 -8.368229 7.309973
v -3.095646 -8.234537 8.050599
v -2.934693 -8.138442 8.352853
v -3.606353 -8.353775 5.892025
v -3.558103 -8.373600 6.212534
v -2.703158 -8.560798 8.378282
v -2.842436 -8.672710 8.053364
v -3.021430 -8.794326 7.285222
v -3.220566 -8.735354 5.892695
v -3.187101 -8.760382 6.206747
v -2.257321 -9.461472 7.246785
v -2.349957 -9.390529 6.202739
v -0.956341 -9.960227 6.224411
v -2.362945 -9.371574 5.907317
v -2.656711 -9.151946 7.260364
v -2.782140 -9.097926 6.199450
v -2.806151 -9.077215 5.897340
v -6.642622 -2.838322 2.997124
v -5.569370 -5.872879 3.380875
v -5.833026 -5.292465 3.279094
v -6.071373 -4.686496 3.189084
v -6.482091 -3.458168 3.067286
v -4.177630 -7.980436 4.222399
v -4.564291 -7.479072 4.154129
v -4.919860 -6.955338 4.102268
v -5.253740 -6.418284 4.053301
v -5.264674 -6.438671 3.466650
v -4.927811 -7.000641 3.537541
v -4.563954 -7.552103 3.627322
v -4.190721 -8.085252 3.754457
v -5.109308 -6.408413 4.999240
v -4.810034 -6.939820 4.995349
v -4.479053 -7.439496 4.995934
v -4.110640 -7.904204 5.008143
v -2.367246 -9.373305 5.644940
v -2.820853 -9.072641 5.619285
v -3.248856 -8.724450 5.602826
v -3.648242 -8.334287 5.595151
v -4.018063 -7.911407 5.590911
v -4.354114 -7.440913 5.605004
v -4.657561 -6.932531 5.636208
v -4.923246 -6.393540 5.676608
v -5.159685 -5.837821 5.726858
v -1.897678 -9.614964 5.927395
v -1.897033 -9.636992 6.209936
v -1.827262 -9.722816 7.243910
v -7.285848 2.561389 4.382982
v -7.219055 2.530461 4.780669
v -7.134276 2.503997 5.171187
v -6.781866 2.459386 6.202935
v -6.438148 2.460466 6.842968
v -6.222825 2.472962 7.160881
v -5.976692 2.495195 7.469497
v -5.690889 2.531214 7.771262
v -5.415709 2.591801 8.006826
v -4.021552 2.868061 9.255166
v -3.888731 2.987453 9.300953
v -3.853595 3.027967 9.265300
v -7.286622 2.205656 4.382264
v -7.225431 2.182366 4.789999
v -7.141622 2.164360 5.188548
v -6.779623 2.150116 6.267427
v -6.429350 2.183414 6.932795
v -6.207588 2.218004 7.263036
v -5.945489 2.266035 7.582929
v -5.645787 2.326234 7.887872
v -0.917102 -10.058862 7.239195
v -0.939498 -9.935881 5.749701
v -1.892172 -9.618035 5.682441
v -0.466745 -10.015620 5.769550
v -0.474046 -10.012937 5.978888
v -0.478793 -10.041348 6.230231
v -0.458458 -10.132946 7.227096
v -0.454106 -10.092949 8.086965
v -0.448195 -9.996012 8.520342
v -0.437491 -9.807910 8.895185
v -0.419155 -9.529698 9.177991
v -0.392463 -9.204559 9.363676
v -0.359973 -8.869924 9.478195
v -0.328017 -8.530457 9.537086
v -0.301036 -8.194802 9.558877
v -0.277929 -7.858590 9.586234
v -0.270679 -7.575856 9.750826
v -1.747960 3.180551 9.300420
v -1.727243 3.267793 9.269767
v -1.765998 3.355429 9.286416
v -1.399387 3.671709 9.467078
v -1.237340 3.719799 9.589993
v -1.717397 3.364368 9.321340
v -1.685463 3.262678 9.314295
v -1.703912 3.158855 9.343812
v -1.773893 3.463018 9.341608
v -1.828176 3.430814 9.315085
v -1.710584 3.503682 9.352576
v -1.633314 3.555135 9.365335
v -1.535058 3.619924 9.395970
v -1.541275 3.253946 9.396677
v -1.554962 3.404579 9.367900
v -1.063948 3.763621 9.779699
v -1.917813 3.030924 9.380218
v -1.859040 2.948884 9.414685
v -5.073778 -1.188039 8.554506
v -4.880429 -0.840621 8.838149
v -4.656835 -0.535021 9.076660
v -4.405809 -0.252169 9.274730
v -4.145074 0.007774 9.423699
v -3.873950 0.244203 9.529415
v -1.923555 2.763004 9.442670
v -1.861831 2.684401 9.474267
v -5.016291 3.313394 8.332720
v -4.899869 3.344525 8.442579
v -5.254780 3.802320 8.436496
v -4.971198 3.419574 8.424921
v -5.039145 3.496977 8.416204
v -5.104950 3.576324 8.418829
v -5.160633 3.658687 8.427279
v -5.207001 3.734080 8.436597
v -5.294688 3.772462 8.377695
v -5.086295 3.397479 8.321371
v -5.150729 3.483910 8.322389
v -5.204313 3.567113 8.330707
v -5.245222 3.647021 8.345178
v -5.275791 3.719605 8.363204
v -1.453573 3.432126 9.403853
v -1.320762 3.453300 9.477041
v -1.440216 3.246158 9.447659
v -1.313280 3.241268 9.522760
v -0.538424 3.881569 10.481227
v -0.743540 3.835650 10.267819
v -0.512319 3.662618 10.540601
v 0.000002 4.377449 10.673497
v -4.502246 -5.749648 7.199357
v -4.650045 -5.252102 7.262090
v -4.794925 -4.780675 7.329825
v -5.037364 -3.877126 7.506150
v -5.119784 -3.438891 7.613776
v -5.186409 -2.997534 7.741552
v -5.235896 -2.550010 7.890882
v -5.260570 -2.081583 8.061361
v -5.231056 -1.596252 8.268444
v -2.847482 0.995707 9.726146
v -2.615627 1.160191 9.757979
v -2.395420 1.324513 9.794271
v -2.185406 1.491328 9.832442
v -1.987565 1.664816 9.881042
v -1.073023 1.437045 11.172520
v -0.695172 1.854603 11.597569
v -0.203071 2.069026 11.896841
v -0.388608 2.026277 11.826746
v -1.314999 1.078051 10.890497
v -1.194100 1.264441 11.030128
v -1.526187 1.038293 10.577715
v -1.654911 0.816591 10.461766
v -1.436286 0.874054 10.756418
v -1.550603 0.653885 10.626372
v -1.752250 0.143895 10.383597
v -1.656502 0.411702 10.501297
v -0.000000 -10.042168 5.982295
v 0.000000 -10.070547 6.222209
v 0.000000 -9.548610 9.180672
v 0.000000 -9.226663 9.371479
v 0.000000 -8.891212 9.489155
v 0.000000 -10.016536 8.526462
v -0.000000 -9.825291 8.898552
v -0.000000 -10.161745 7.222663
v -0.000000 -8.549596 9.550523
v 0.000000 -10.116661 8.090891
v 0.000000 -10.046576 5.773235
v -0.000000 3.526332 10.847729
v 0.000003 6.448512 10.694057
v 0.000000 8.295531 10.120669
v 0.000002 7.301295 10.434794
v 0.000001 7.952215 10.229208
v 0.000000 8.655011 10.001887
v 0.000000 3.936579 10.688017
v 0.000000 3.730557 10.747673
v -0.000000 2.088593 11.930224
v -4.378657 3.480990 8.925337
v -4.440602 3.476344 8.975586
v -4.510328 3.533815 8.994648
v -4.571800 3.613480 8.992657
v -4.610931 3.713691 8.953344
v -4.656467 3.814919 8.922695
v -4.726108 3.915376 8.922120
v -4.795816 4.013522 8.944901
v -4.873148 4.112105 8.958591
v -4.960514 4.221098 8.964797
v -5.070026 4.349407 8.944918
v -5.208794 4.508933 8.886944
v -5.357843 4.706443 8.776841
v -5.491455 4.921573 8.604795
v -5.582716 5.128891 8.390746
v -5.652952 5.325917 8.162521
v -5.716804 5.510664 7.938308
v -5.865240 5.873389 7.503260
v -6.131115 6.425235 6.837152
v -6.228017 6.619460 6.599712
v -6.327405 6.817817 6.352191
v -6.516322 7.224428 5.818183
v -5.925351 7.914891 6.770769
v -5.749518 7.460824 7.270287
v -5.654510 7.241219 7.498071
v -5.557496 7.023736 7.715354
v -5.270000 6.410099 8.318772
v -5.104924 6.018815 8.702116
v -5.033134 5.824988 8.900066
v -4.960820 5.624574 9.096704
v -4.873510 5.411865 9.278696
v -4.755285 5.185426 9.417909
v -4.611277 4.967553 9.506300
v -4.470726 4.780919 9.541651
v -4.359274 4.629114 9.544913
v -4.275025 4.507054 9.523158
v -4.209321 4.404853 9.490886
v -4.146248 4.286716 9.472801
v -4.093907 4.151472 9.469148
v -4.054337 4.020716 9.490419
v -4.022763 3.886104 9.513447
v -3.980798 3.768228 9.507187
v -3.938695 3.680312 9.472479
v -3.900290 3.667071 9.410382
v -4.798876 8.556011 8.003922
v -4.633326 8.017634 8.424703
v -4.538407 7.758848 8.615323
v -4.440387 7.507444 8.796594
v -4.156855 6.793082 9.283829
v -4.007617 6.355537 9.590265
v -3.941256 6.143149 9.739405
v -3.867166 5.927255 9.875407
v -3.778358 5.700157 9.983283
v -3.675519 5.467193 10.046849
v -3.561643 5.243720 10.059274
v -3.449222 5.043306 10.013311
v -3.354458 4.870375 9.932353
v -3.276050 4.720890 9.848481
v -3.218460 4.593050 9.776903
v -3.176616 4.463295 9.729920
v -3.123984 4.311415 9.704900
v -3.095176 4.161651 9.713082
v -3.068151 4.012228 9.722726
v -3.045441 3.879377 9.711344
v -3.031977 3.788162 9.675938
v -3.032510 3.764670 9.622000
v -2.231083 4.955967 10.284866
v -7.279181 1.084265 4.451056
v -6.707200 1.119945 6.550168
v -7.112672 1.066670 5.319798
v -7.210206 1.071901 4.887899
v -7.209267 -0.468712 3.751545
v -7.183547 -0.556837 4.627044
v -6.990680 -0.635294 5.582086
v -7.103757 -0.599311 5.101242
v -2.080123 2.644697 9.451287
v -2.025695 2.556167 9.473893
v -2.356138 2.213339 9.507021
v -2.198955 1.946008 9.626160
v -2.099869 1.809049 9.740951
v -2.453549 2.442582 9.463086
v -2.410963 2.334091 9.477334
v -2.688694 2.454864 9.460608
v -2.715000 2.560256 9.475948
v -2.575668 2.100391 9.499760
v -2.418148 1.809272 9.606387
v -2.309852 1.654278 9.705438
v -2.661316 2.347081 9.461347
v -2.624607 2.229394 9.475850
v -2.914274 2.377747 9.442970
v -2.933193 2.492672 9.461594
v -2.808950 1.993165 9.486070
v -2.648980 1.679546 9.585177
v -2.531062 1.508009 9.677281
v -2.886037 2.258203 9.442940
v -2.855098 2.131777 9.460932
v -3.160869 2.308480 9.406791
v -3.175345 2.437276 9.428434
v -3.063529 1.893523 9.460416
v -2.891837 1.552410 9.555171
v -2.764886 1.364707 9.644327
v -3.140810 2.177302 9.408383
v -3.109178 2.040498 9.430176
v -3.441045 2.256061 9.342499
v -3.438593 2.398274 9.369546
v -3.343295 1.797125 9.416186
v -3.149201 1.427146 9.517017
v -3.010106 1.219653 9.609339
v -3.424707 2.108404 9.347718
v -3.395630 1.955755 9.378001
v -3.729633 2.384466 9.276189
v -2.519138 2.635517 9.472266
v -2.488683 2.540627 9.461437
v -2.735162 2.664635 9.498436
v -2.946247 2.607981 9.491259
v -3.174313 2.564773 9.465475
v -3.424115 2.538777 9.416817
v -2.749499 2.766621 9.519006
v -2.948289 2.721763 9.521223
v -3.163642 2.690054 9.500994
v -3.393729 2.673628 9.463883
v -2.566934 2.823344 9.502472
v -2.546122 2.730922 9.489326
v -3.690599 2.534044 9.338675
v -3.635522 2.674776 9.400549
v -4.040476 2.401772 9.137234
v -3.971481 2.562734 9.217332
v -3.886101 2.700849 9.306628
v -4.346024 2.461464 8.952504
v -4.241333 2.620615 9.057750
v -4.135818 2.754098 9.165669
v -4.560732 2.564918 8.790313
v -4.438840 2.697381 8.906326
v -4.332193 2.815221 9.024854
v -4.716620 2.685994 8.635006
v -4.589890 2.800318 8.760721
v -4.473373 2.906433 8.895158
v -4.830764 2.827175 8.496135
v -4.704640 2.909956 8.621468
v -4.590508 2.999549 8.756416
v -5.589873 3.108679 7.797431
v -5.225561 3.152156 8.120017
v -5.075929 3.186190 8.246175
v -5.394883 3.123404 7.975226
v -4.939913 3.226443 8.358094
v -4.825372 3.268317 8.470972
v -3.751398 2.221922 9.242980
v -3.741145 2.051033 9.256306
v -3.703781 1.878831 9.299432
v -3.640623 1.700301 9.353426
v -3.423507 1.299646 9.477780
v -3.267822 1.069154 9.569569
v -3.088773 0.825040 9.690158
v -2.673123 0.314251 9.934067
v -2.446803 0.051246 10.030679
v -2.231725 -0.205378 10.107795
v -2.036668 -0.459927 10.170424
v -1.915055 -0.728526 10.256989
v -1.802545 -0.967670 10.363060
v -1.554996 -1.264804 10.629085
v -1.261019 -1.330371 10.888115
v -1.113795 -1.324560 11.014125
v -0.979015 -1.305281 11.131239
v -0.854688 -1.287309 11.233399
v -0.471467 -1.249334 11.452224
v -0.227615 -1.278991 11.522089
v -0.113115 -1.284910 11.535127
v 0.000000 -1.282725 11.536693
v -4.318723 0.839416 9.295714
v -4.114314 0.545097 9.412459
v -4.605545 1.378806 9.050501
v -4.698299 1.625441 8.916351
v -4.784918 1.864285 8.774384
v -4.632840 0.636823 9.172514
v -4.406580 0.322663 9.297664
v -4.951137 1.230116 8.894887
v -5.052575 1.499354 8.740973
v -4.096963 2.213039 9.094954
v -4.076861 2.008131 9.129827
v -4.026988 1.807973 9.195662
v -3.953111 1.605449 9.271969
v -3.713781 1.169678 9.431204
v -3.540421 0.913598 9.530651
v -3.342124 0.646143 9.649458
v -2.888711 0.103372 9.893751
v -2.648663 -0.171297 9.988085
v -2.425904 -0.438732 10.067716
v -2.219342 -0.700076 10.140670
v -2.056341 -0.949367 10.237710
v -1.913297 -1.169744 10.367169
v -1.624495 -1.436842 10.672924
v -1.302198 -1.502327 10.952393
v -1.147852 -1.495238 11.076862
v -1.008035 -1.477477 11.187345
v -0.875149 -1.459674 11.283233
v -0.484736 -1.436327 11.484859
v -0.237788 -1.438229 11.536085
v -0.118924 -1.436492 11.540714
v 0.000000 -1.432609 11.539519
v -5.816800 3.112707 7.559682
v -6.042557 3.133990 7.277869
v -6.242003 3.165857 6.988241
v -6.415680 3.202869 6.700228
v -6.702507 3.288146 6.119379
v -7.039586 3.440158 5.179826
v -7.137102 3.500033 4.823606
v -7.224412 3.563169 4.453044
v -5.260344 2.829678 8.095738
v -5.180660 2.661075 8.194146
v -5.205914 1.990923 8.421832
v -5.545382 1.882571 8.183674
v -5.864055 1.773144 7.880624
v -6.141923 1.671226 7.542362
v -6.377764 1.586370 7.179500
v -6.741231 1.482014 6.433389
v -7.124603 1.448174 5.260076
v -7.220389 1.455936 4.842510
v -7.284291 1.469548 4.417174
v -4.872255 2.105569 8.631554
v -4.940188 0.412098 8.985659
v -4.690917 0.077765 9.130467
v -5.293785 1.060266 8.686271
v -5.405573 1.358705 8.525493
v -5.232600 0.170702 8.736813
v -4.964825 -0.188717 8.903321
v -5.614736 0.878639 8.405437
v -5.728305 1.203796 8.234448
v -5.514596 -0.078633 8.427604
v -5.225859 -0.475387 8.623122
v -5.900660 0.697199 8.062251
v -6.010978 1.050257 7.885367
v -5.792431 -0.335541 8.059109
v -6.156881 0.534158 7.676706
v -6.256086 0.915294 7.502449
v -7.048878 -0.180349 5.527147
v -7.085453 0.255559 5.460377
v -7.101505 0.670651 5.388123
v -7.158735 -0.157085 5.053628
v -7.188600 0.270541 4.996146
v -7.201587 0.680138 4.938137
v -7.231304 -0.124960 4.584307
v -7.258078 0.292017 4.532947
v -7.270400 0.694666 4.489065
v -7.381083 3.002079 3.582124
v -7.365488 2.637865 3.538499
v -7.369980 3.692600 3.693410
v -7.301065 4.346583 3.850389
v -7.340172 4.022746 3.760500
v -7.254394 4.667855 3.962930
v -7.013406 5.920211 4.637426
v -7.085621 5.616962 4.436300
v -6.932320 6.212367 4.856222
v -6.842516 6.490959 5.087506
v -6.741782 6.753252 5.326230
v -7.149070 5.304646 4.255051
v -7.205366 4.987436 4.096972
v -7.344083 2.260084 3.515213
v -7.320354 1.874151 3.531880
v -7.300143 1.492079 3.565472
v -7.286650 1.110018 3.608234
v -7.237158 -0.058171 3.719511
v -7.254615 0.338946 3.689177
v -7.269331 0.725419 3.650899
v -4.989580 2.303718 8.474028
v -4.884794 2.576720 8.495541
v -4.991797 2.742275 8.355246
v -5.081636 2.897175 8.247952
v -6.908283 -1.108443 5.620629
v -7.091046 -0.347448 2.985087
v -1.076509 9.459435 9.589632
v -1.038546 8.739428 9.907208
v -1.013271 8.385880 10.032981
v -0.986292 8.046050 10.146775
v -0.931269 7.405987 10.367668
v -0.861034 6.551970 10.659312
v -1.155704 6.612312 10.628257
v -1.253846 7.460441 10.315788
v -1.324819 8.092566 10.088000
v -1.360846 8.429796 9.970550
v -1.392389 8.779199 9.840842
v -1.440354 9.490327 9.511540
v -1.715801 4.514714 9.977571
v -1.983153 4.410715 9.790297
v -1.911004 4.662772 10.073119
v -1.673459 -0.971379 10.537803
v -1.684707 -1.154333 10.499168
v -1.776952 -1.339838 10.522797
v -1.398780 -1.133658 10.785007
v -1.403574 -1.319491 10.763022
v -1.460750 -1.482269 10.816149
v -7.111674 0.024653 2.961165
v -7.137161 0.391596 2.933584
v -7.166229 0.756527 2.889185
v -7.196496 1.117484 2.829920
v -7.232736 1.482881 2.747989
v -7.281189 1.867991 2.638765
v -7.351483 2.328405 2.475777
v -7.418228 2.768876 2.629235
v -7.459542 3.141161 2.740393
v -7.491606 3.832002 2.917222
v -7.482174 4.172112 3.006558
v -7.143900 6.530940 4.211478
v -7.048516 6.840929 4.458139
v -6.821712 7.403400 4.974358
v -6.941282 7.132902 4.713547
v -6.692825 7.647133 5.233121
v -6.404825 8.062345 5.737664
v -6.247100 8.231440 5.978772
v -5.693901 8.690776 6.702270
v -5.905530 8.528638 6.445702
v -5.190790 8.993861 7.249396
v -4.916294 9.122407 7.518260
v -4.345543 9.331057 8.027043
v -4.036911 9.409626 8.274583
v -3.350944 9.517401 8.746570
v -6.082979 8.384184 6.212142
v -7.462800 4.510736 3.111620
v -7.434973 4.851705 3.238399
v -7.224251 6.208211 3.975451
v -7.291424 5.875937 3.758001
v -7.348640 5.536117 3.561871
v -7.396404 5.193789 3.387935
v -0.727154 2.080037 11.372198
v -0.861045 1.942762 11.229198
v -1.747290 1.358370 10.212077
v -1.631081 1.201193 10.394135
v -0.498709 3.222933 10.799874
v -0.000000 3.318531 10.983308
v -0.851837 2.723718 10.616116
v -2.975068 9.544680 8.958614
v -2.895461 8.878632 9.349635
v -2.839911 8.551054 9.504532
v -2.775750 8.232216 9.641861
v -2.643934 7.634313 9.898307
v -2.472931 6.831687 10.273298
v -0.895824 2.958304 10.287187
v -0.846768 3.280587 10.149948
v -0.853377 3.548304 10.063830
v -1.059197 2.996011 9.934268
v -1.002044 3.254462 9.872554
v -1.003236 3.511333 9.811698
v -0.906503 3.797847 10.019747
v -1.124616 4.239786 10.047027
v -2.104815 5.180450 10.494967
v -2.199865 5.326369 10.542755
v -1.478019 3.076177 9.489833
v -1.354688 3.044703 9.563757
v -1.210771 3.020569 9.704075
v -1.160741 3.242650 9.658262
v -1.164597 3.480728 9.609947
v -2.437652 2.969099 9.472622
v -2.408309 2.888623 9.474702
v -2.376097 2.805627 9.468769
v -2.340955 2.718625 9.459223
v -2.300575 2.632400 9.454716
v -2.259158 2.543414 9.459267
v -2.211734 2.443880 9.476934
v -2.150138 2.331856 9.507404
v -1.990741 2.090916 9.645844
v -1.898005 1.973039 9.779748
v -1.797863 1.846552 9.937370
v -1.584760 1.559963 10.301097
v -1.485645 1.405723 10.497521
v -1.392304 1.243777 10.695086
v -1.260135 1.436158 10.820074
v -1.127980 1.617268 10.951649
v -0.408117 2.283015 11.625349
v -0.212568 2.331732 11.699933
v 0.000000 2.350090 11.733522
v -2.128211 2.729809 9.441940
v -2.176513 2.810461 9.440911
v -2.226506 2.886082 9.442850
v -2.266839 2.958490 9.442217
v -1.979038 2.838668 9.429127
v -2.038681 2.911021 9.419960
v -2.007888 3.054607 9.364837
v -2.067937 3.085899 9.344911
v -2.161769 3.154453 9.291954
v 0.000001 4.150326 10.664337
v -0.577026 4.102671 10.459995
v -0.807060 4.061729 10.253732
v -0.997252 4.030142 10.013613
v -1.183625 3.992993 9.782226
v -1.379123 3.928949 9.608686
v -1.542327 3.848866 9.503910
v -1.658841 3.763811 9.430594
v -1.740785 3.691704 9.389555
v -1.805302 3.623322 9.373700
v -1.865003 3.562098 9.367933
v -1.918452 3.510589 9.341435
v -1.964968 3.466924 9.297517
v -1.996366 3.462996 9.224565
v -2.023298 3.431952 9.120272
v -2.030340 3.401020 9.103695
v -2.038412 3.366946 9.098355
v -2.052147 3.294378 9.113422
v -2.060879 3.258915 9.133881
v -2.064203 3.187544 9.222104
v -2.073210 3.155133 9.270727
v -2.116403 3.119164 9.320610
v -2.195426 3.079261 9.376800
v -2.235053 3.128495 9.342753
v -2.101565 2.971340 9.410587
v -2.153832 3.027559 9.400599
v -0.327906 4.365896 10.612366
v -0.303294 4.135761 10.604982
v -0.285377 3.919856 10.629815
v -0.272943 3.710667 10.690889
v -0.266827 3.502525 10.794827
v -0.261371 3.293005 10.936778
v -2.270318 3.163393 9.293354
v -2.196078 3.188717 9.246947
v -0.362372 9.406927 9.683781
v -0.348257 8.670035 9.988379
v -0.339022 8.311884 10.108693
v -0.329546 7.965173 10.219302
v -0.311320 7.322161 10.425111
v -0.291399 6.463530 10.687531
v 0.000004 5.701249 10.803556
v -0.288485 5.714629 10.795861
v -0.569634 5.743233 10.784574
v -1.123651 5.855341 10.758130
v -1.405767 5.925108 10.732593
v -3.561014 -4.899803 8.839102
v -3.357708 -4.922875 9.015931
v -3.775269 -4.879881 8.621641
v -3.501149 -5.274493 8.780629
v -3.307440 -5.276907 8.964170
v -3.710991 -5.270318 8.565353
v -3.114483 -5.290002 9.126010
v -2.203517 4.570461 9.884394
v -2.611183 4.698024 9.920772
v -2.478605 4.911567 10.161511
v -2.575817 5.089371 10.289347
v -2.663067 5.285276 10.379619
v -2.738598 5.498306 10.421908
v -2.808576 5.723450 10.415840
v -2.868636 5.949249 10.366564
v -2.923948 6.174237 10.289879
v -2.980269 6.401671 10.194143
v -3.100102 6.873107 9.960206
v -3.314576 7.650844 9.555980
v -3.393292 7.931555 9.414339
v -3.470670 8.223514 9.269151
v -3.613533 8.838534 8.939995
v -3.705671 9.471497 8.515432
v -1.814668 9.518793 9.413745
v -1.758116 8.818174 9.757300
v -1.718471 8.472864 9.891310
v -1.676222 8.139744 10.011664
v -1.588361 7.513257 10.246651
v -1.467750 6.675026 10.578019
v -1.703454 5.995580 10.689603
v -2.084899 4.807723 10.179400
v -2.358846 4.741986 10.019418
v -0.766099 -7.523075 9.702598
v -0.784115 -7.804881 9.520028
v -1.279341 -7.895869 9.370127
v -1.413368 -8.129366 9.294903
v -1.556334 -8.374601 9.218105
v -1.709456 -8.624283 9.126317
v -1.872793 -8.868990 8.975760
v -2.013649 -9.090974 8.745416
v -2.127418 -9.275182 8.428235
v -2.199480 -9.396651 8.040620
v -1.799053 -9.684261 8.050928
v -1.760437 -9.567144 8.454874
v -1.680136 -9.373649 8.801257
v -1.566127 -9.120952 9.045082
v -1.433040 -8.839611 9.207209
v -1.307870 -8.558869 9.298173
v -1.184044 -8.281721 9.364227
v -1.075550 -8.018387 9.416723
v -6.292134 -4.058290 3.124612
v -6.306875 -4.089847 3.889974
v -6.196144 -4.138730 4.686080
v -6.095126 -4.166292 5.089573
v -5.967497 -4.189085 5.494297
v -5.638932 -4.232230 6.286947
v -5.197333 -4.286585 7.040021
v -4.925271 -4.324056 7.411577
v -4.344695 -4.413332 8.116191
v -4.069405 -4.466128 8.421016
v -3.817100 -4.517885 8.680009
v -3.590887 -4.561702 8.893907
v -3.386710 -4.608171 9.076096
v -3.187084 -4.666560 9.241644
v -2.991692 -4.726151 9.385929
v -2.803674 -4.789940 9.500177
v -2.634461 -4.879722 9.587789
v -2.496958 -4.985816 9.642580
v -3.746732 -8.405044 4.545193
v -3.771156 -8.522346 4.101921
v -3.762189 -8.459055 4.314929
v -3.789987 -8.603110 3.908139
v -3.712146 -8.344170 5.040569
v -3.287121 -8.749974 5.090523
v -2.831624 -9.109342 5.148694
v -3.330477 -8.981021 4.258448
v -3.321649 -8.902190 4.440783
v -3.365756 -9.083682 4.089017
v -2.361622 -9.431961 5.211246
v -2.935846 -9.514543 4.290577
v -2.887422 -9.394342 4.436289
v -2.864802 -9.297338 4.588117
v -2.026651 -10.232775 4.694181
v -1.973150 -10.084822 4.823875
v -1.927677 -9.963453 4.930113
v -1.542914 -10.508401 4.843408
v -1.491053 -10.343216 4.971250
v -1.452095 -10.204384 5.074119
v -1.413563 -9.805821 5.722694
v -1.424987 -9.804190 5.947553
v -1.433521 -9.828601 6.220891
v -1.375422 -9.924330 7.242484
v -1.362037 -9.893766 8.067625
v -1.342715 -9.789921 8.486878
v -1.295153 -9.593488 8.846502
v -1.217206 -9.321452 9.105044
v -1.123603 -9.010865 9.277911
v -1.023637 -8.702682 9.377606
v -0.925400 -8.398745 9.436505
v -0.842278 -8.104500 9.472432
v -1.745529 -7.004464 9.650916
v -1.534345 -7.229792 9.626787
v -1.278610 -7.450080 9.585363
v -1.184689 -7.703148 9.461436
v -4.446169 3.400449 8.608742
v -4.233874 3.209315 8.927291
v -4.122481 3.157025 9.031402
v -3.983288 3.106151 9.137569
v -3.829105 3.066008 9.231204
v -3.648919 3.026129 9.322763
v -3.475336 3.001621 9.390893
v -3.291850 2.990149 9.442930
v -3.119946 2.992716 9.469667
v -2.949947 3.011070 9.470777
v -2.797200 3.037515 9.451674
v -2.655056 3.079414 9.413330
v -2.515532 3.123464 9.360737
v -2.400178 3.159945 9.302494
v -2.305398 3.197903 9.243060
v -2.228675 3.227169 9.185344
v -2.168897 3.249983 9.130561
v -2.065795 3.222177 9.171759
v -1.993793 3.205891 9.188956
v -1.932647 3.195952 9.202696
v -1.891861 3.199947 9.210327
v -1.828773 3.244295 9.188083
v -1.827229 3.291170 9.177292
v -1.858837 3.344491 9.170530
v -1.925146 3.400186 9.163483
v -2.017803 3.443094 9.171332
v -2.157889 3.519144 9.165426
v -2.274002 3.581240 9.250690
v -2.408560 3.626725 9.341583
v -2.566135 3.683356 9.429480
v -2.719916 3.726399 9.504454
v -3.027861 3.751046 9.563869
v -3.178118 3.758245 9.541233
v -3.519604 3.724590 9.506881
v -3.697438 3.692397 9.440960
v -3.860088 3.652336 9.345121
v -3.998166 3.609983 9.240204
v -4.120305 3.563988 9.134714
v -4.332689 3.480539 8.885807
v -4.407197 3.431415 8.735144
v -4.429966 3.408019 8.581431
v -4.222256 3.201531 8.908470
v -4.113793 3.152972 9.007695
v -3.969589 3.104622 9.113455
v -3.824276 3.068591 9.208468
v -3.649164 3.038494 9.292773
v -3.472783 3.002453 9.356006
v -3.291203 2.988113 9.408598
v -3.117130 2.985368 9.436754
v -2.948511 3.005567 9.435034
v -2.802011 3.025707 9.415939
v -2.655449 3.068328 9.381122
v -2.522979 3.113493 9.322501
v -2.407200 3.147951 9.267639
v -2.308386 3.184082 9.204229
v -2.230795 3.212464 9.149596
v -2.170895 3.246701 9.101765
v -2.135939 3.286448 9.075943
v -2.118980 3.323747 9.066430
v -2.106948 3.400661 9.070463
v -2.111573 3.446371 9.084738
v -2.128150 3.494804 9.109302
v -2.172257 3.529153 9.147801
v -2.281487 3.587178 9.229073
v -2.411624 3.640154 9.318205
v -2.567318 3.692197 9.406133
v -2.727299 3.730835 9.479253
v -3.032400 3.765567 9.540554
v -3.510537 3.735722 9.483089
v -3.685020 3.705438 9.415711
v -3.843352 3.655061 9.319345
v -3.986426 3.613503 9.218456
v -4.104448 3.577687 9.111785
v -4.315243 3.500090 8.864988
v -4.392064 3.448075 8.707005
v -2.116785 3.484121 9.114709
v -2.105477 3.443700 9.093576
v -2.105371 3.401112 9.083382
v -2.118258 3.325248 9.085341
v -2.133829 3.287129 9.096884
v -1.883478 -9.696581 5.286320
v -0.974841 -10.381012 5.185778
v -1.004589 -10.526882 5.090880
v -1.039817 -10.701249 4.963140
v -0.487864 -10.485910 5.261618
v -0.504461 -10.641118 5.176459
v -0.521997 -10.822469 5.046782
v -0.000000 -10.873605 5.089959
v -0.000000 -10.690573 5.218645
v -0.000000 -10.527180 5.297796
v -1.402694 -9.898708 5.366967
v -0.000000 -10.162727 5.466603
v -0.929150 -10.043425 5.420096
v -0.460103 -10.136743 5.452820
v -2.396995 -9.658520 4.758109
v -2.435428 -9.768178 4.633298
v -2.488991 -9.901008 4.502356
v -3.308981 -8.835844 4.644661
v -2.848026 -9.219270 4.758866
v -2.375182 -9.567698 4.892592
v -1.896376 -9.854905 5.034071
v -1.422146 -10.079974 5.162920
v -0.951016 -10.247719 5.259007
v -0.474652 -10.352972 5.321437
v 0.000000 -10.392962 5.348658
v -0.656763 8.002434 10.190169
v -0.675562 8.345170 10.079178
v -0.692580 8.699725 9.957541
v -0.720546 9.430269 9.647300
v -0.847689 5.793207 10.773351
v -1.525006 4.358510 9.893030
v -1.946216 4.135852 9.603233
v -1.275154 4.425896 10.113311
v -1.770598 4.255197 9.722851
v -2.211868 3.599821 9.391496
v -4.295480 3.257099 8.810240
v -4.317333 3.259454 8.830361
v -4.374625 3.240778 8.835434
v -4.447156 3.223852 8.846870
v -4.577072 3.152986 8.753052
v -4.676802 3.085982 8.636616
v -4.791801 3.018178 8.510612
v -4.922390 2.958936 8.386254
v -5.154771 3.018994 8.173278
v -5.329122 2.972814 8.023585
v -5.537464 2.947322 7.842068
v -5.779078 2.932993 7.604595
v -6.023808 2.934720 7.316075
v -6.240966 2.948605 7.022134
v -6.430207 2.968945 6.726370
v -6.739007 3.025654 6.131409
v -7.083390 3.141650 5.165633
v -7.177806 3.189689 4.798189
v -7.257517 3.240381 4.420815
v -7.383048 3.352734 3.635029
v -7.483344 3.490265 2.832769
v 0.000000 9.394074 9.701191
v 0.000000 -1.909417 11.648646
v -0.128866 -1.912000 11.656240
v -0.246507 -1.918523 11.670855
v -0.483095 -1.957033 11.672298
v -0.922443 -2.000407 11.531285
v -1.075754 -2.023486 11.442327
v -1.236141 -2.051439 11.335323
v -1.410284 -2.092107 11.210689
v -1.601159 -2.138468 11.063077
v -1.823931 -2.173816 10.877059
v -6.624742 2.456405 6.522507
v -6.619865 2.161460 6.599033
v -6.600822 1.850945 6.695097
v -6.573441 1.523644 6.807546
v -6.529081 1.178369 6.948822
v -6.469586 0.808274 7.099388
v -6.389591 0.402573 7.263887
v -6.089522 -0.567354 7.620383
v -5.781710 -1.220363 7.821173
v -6.130407 -1.782017 7.146599
v -6.009525 -2.300693 7.050219
v -5.884559 -2.794979 6.944224
v -5.755322 -3.273194 6.834838
v -5.603477 -3.761955 6.744595
v -5.435295 -4.256538 6.666835
v -5.250470 -4.757803 6.592355
v -5.057621 -5.268271 6.520157
v -4.341287 -6.265982 7.128830
v -4.175422 -6.819765 7.048463
v -3.979062 -7.380903 6.986529
v -3.734121 -7.914214 6.950468
v -3.427752 -8.388225 6.927680
v -3.080582 -8.801623 6.910143
v -2.703255 -9.150558 6.894849
v -2.293738 -9.450818 6.882853
v -1.858903 -9.709691 6.881966
v -1.403418 -9.912264 6.881114
v -0.936608 -10.046321 6.878496
v -0.468438 -10.126348 6.872487
v -0.000000 -10.157523 6.866756
v 0.000002 7.002412 10.532354
v -0.303558 7.022138 10.524768
v -0.603738 7.059275 10.505771
v -0.905874 7.110035 10.476120
v -1.218245 7.164290 10.430836
v -1.547104 7.223001 10.366857
v -1.885080 7.276548 10.280405
v -2.582987 7.354525 10.027647
v -3.038485 6.634508 10.082636
v -3.313174 6.636514 9.928178
v -3.573566 6.626273 9.771461
v -4.077178 6.572113 9.436284
v -4.325578 6.526704 9.257002
v -4.786134 6.398466 8.884135
v -4.991431 6.313867 8.699489
v -5.183283 6.212970 8.509377
v -5.359427 6.100861 8.313368
v -5.517479 5.974701 8.112536
v -5.786854 5.693449 7.718610
v -5.902486 5.533887 7.525813
v -6.002823 5.360832 7.339718
v -6.090938 5.178130 7.164205
v -6.169384 4.983564 7.000127
v -6.240412 4.780813 6.853328
v -6.301743 4.573284 6.728525
v -6.356901 4.361522 6.622611
v -6.407058 4.147650 6.538283
v -6.450406 3.929886 6.474954
v -6.493495 3.709075 6.431635
v -6.535584 3.481135 6.409324
v -6.568727 3.244036 6.409375
v -6.594969 2.995337 6.428609
v -6.613413 2.733401 6.468493
v -6.018279 -3.687423 5.953096
v -5.815329 -4.211251 5.895736
v -5.598301 -4.742685 5.836254
v -5.377503 -5.283484 5.780177
v -4.519094 -6.305211 6.747131
v -4.327151 -6.863505 6.668393
v -4.104280 -7.421459 6.609668
v -3.826550 -7.936726 6.579389
v -3.501887 -8.392574 6.558612
v -3.139409 -8.788462 6.545471
v -2.746463 -9.125850 6.534750
v -2.327779 -9.422370 6.531153
v -1.886019 -9.676899 6.534037
v -1.424327 -9.869490 6.533236
v -0.952384 -10.008747 6.537711
v -0.477357 -10.089633 6.533081
v 0.000000 -10.123178 6.529388
v 0.000001 7.618573 10.332788
v -0.320053 7.634723 10.321996
v -0.638060 7.671378 10.296744
v -0.958397 7.719169 10.257906
v -1.289003 7.768690 10.201059
v -1.631259 7.819084 10.128211
v -1.984207 7.864559 10.034631
v -2.709624 7.926740 9.769095
v -3.238078 7.379731 9.695300
v -3.533551 7.369629 9.519382
v -3.812482 7.346245 9.340334
v -4.341267 7.261514 8.967329
v -4.596546 7.198546 8.767740
v -5.067347 7.029829 8.351367
v -5.273309 6.927653 8.139174
v -5.459752 6.814079 7.924216
v -5.626251 6.691455 7.710060
v -5.776486 6.556405 7.497183
v -6.037825 6.238101 7.065271
v -6.145000 6.057144 6.850187
v -6.240393 5.861057 6.642261
v -6.326239 5.649684 6.441465
v -6.406483 5.426702 6.254762
v -6.483117 5.192479 6.084925
v -6.553090 4.951129 5.934875
v -6.620091 4.704110 5.806646
v -6.686226 4.450804 5.701849
v -6.753416 4.193069 5.622012
v -6.820949 3.930553 5.565811
v -6.882542 3.662074 5.529777
v -6.935809 3.385264 5.512149
v -6.979430 3.097680 5.508997
v -7.011106 2.797145 5.520652
v -7.030316 2.482021 5.541045
v -7.037140 2.151590 5.570137
v -7.028979 1.806866 5.610853
v -7.013211 1.447740 5.667594
v -6.996193 1.069694 5.741034
v -6.978144 0.671876 5.827961
v -6.953640 0.253067 5.918892
v -6.914476 -0.191098 6.005533
v -6.849005 -0.661339 6.075991
v -6.756683 -1.154614 6.123070
v -6.642589 -1.654700 6.129704
v -6.513274 -2.154988 6.103933
v -6.365232 -2.660721 6.062857
v -6.202271 -3.169071 6.009545
v -6.971109 -1.724466 3.387956
v -7.061643 -1.249817 3.386881
v -7.125493 -0.818580 3.375435
v -7.160370 -0.410332 3.348928
v -7.178528 -0.015919 3.320481
v -7.196496 0.366854 3.292106
v -7.216811 0.744101 3.250293
v -7.242039 1.120158 3.202625
v -7.271114 1.495718 3.147742
v -7.307310 1.883223 3.088313
v -7.351507 2.290695 3.041020
v -7.394004 2.691207 3.091633
v -7.423459 3.063139 3.160238
v -7.436556 3.417597 3.231695
v -7.432994 3.761234 3.304339
v -7.414323 4.097576 3.383921
v -7.384888 4.429832 3.481568
v -7.346305 4.761002 3.602188
v -7.301723 5.091846 3.744716
v -7.249422 5.421417 3.913348
v -7.189044 5.747736 4.102323
v -7.118940 6.064627 4.313237
v -7.038191 6.372922 4.541039
v -6.945581 6.665682 4.780560
v -6.842196 6.942023 5.027019
v -6.727962 7.197307 5.278439
v -6.606484 7.431554 5.530976
v -6.325503 7.836208 6.029843
v -6.169625 8.001972 6.268806
v -6.007711 8.146964 6.498343
v -5.831310 8.287618 6.729917
v -5.626647 8.435315 6.977205
v -5.135101 8.716438 7.508032
v -4.864439 8.836401 7.768494
v -4.298876 9.026201 8.263484
v -3.993567 9.097836 8.504587
v -3.666510 9.153110 8.740374
v -3.314490 9.191370 8.964371
v -0.000000 -10.269375 5.399420
v -0.463416 -10.233675 5.378139
v -0.934654 -10.135149 5.330505
v -1.405250 -9.976688 5.250972
v -1.884112 -9.770578 5.145920
v -2.362134 -9.491007 5.037758
v -2.837999 -9.154545 4.943286
v -3.299232 -8.783857 4.862638
v -3.730548 -8.366715 4.784654
v -4.144358 -7.920426 4.738817
v -4.522189 -7.443584 4.707862
v -4.864938 -6.940730 4.688195
v -5.180272 -6.411251 4.674657
v -5.834049 -5.294120 3.600991
v -6.082208 -4.688861 3.539564
v -6.313680 -4.068386 3.499043
v -6.518232 -3.471329 3.463352
v -6.698953 -2.874604 3.426857
v -6.851548 -2.272035 3.382914
v -5.024080 -6.402401 5.332788
v -4.741580 -6.939188 5.310983
v -4.422706 -7.442118 5.293710
v -4.067941 -7.901969 5.293880
v -3.684322 -8.331147 5.309829
v -3.270836 -8.730672 5.334952
v -2.830155 -9.085796 5.370359
v -2.365500 -9.390269 5.419536
v -1.885530 -9.642544 5.473025
v -1.404766 -9.833896 5.529370
v -0.931060 -9.970715 5.568209
v -0.460817 -10.059960 5.589118
v -0.000000 -10.086796 5.600718
v 0.000000 9.021947 9.864794
v -0.356119 9.035495 9.849635
v -0.707554 9.062230 9.815627
v -1.059285 9.096543 9.761861
v -1.418305 9.131274 9.691046
v -1.790116 9.167546 9.600588
v -2.170235 9.194471 9.489719
v -2.940993 9.210289 9.168997
v -3.203995 8.547723 9.318622
v -3.546026 8.526456 9.112199
v -3.865694 8.488763 8.896667
v -4.165147 8.435672 8.676689
v -4.721122 8.283866 8.221300
v -4.988000 8.183690 7.981108
v -5.469916 7.940998 7.484733
v -5.665885 7.813155 7.248744
v -5.838476 7.685616 7.028094
v -5.998897 7.550357 6.805574
v -6.154028 7.393661 6.572307
v -6.424775 7.018986 6.092072
v -6.537316 6.803535 5.851116
v -6.640440 6.569777 5.612663
v -6.737244 6.318949 5.381840
v -6.824691 6.052385 5.159117
v -6.905172 5.773478 4.950771
v -6.977320 5.483323 4.760129
v -7.043028 5.185307 4.589138
v -7.102886 4.881104 4.440452
v -7.159524 4.572336 4.315307
v -7.212856 4.261860 4.214885
v -7.261982 3.948393 4.132746
v -7.301074 3.626684 4.076950
v -7.324557 3.294306 4.032777
v -7.335353 2.950900 3.996841
v -7.332963 2.596877 3.970666
v -7.325099 2.231854 3.958612
v -7.315407 1.859228 3.967152
v -7.310098 1.482318 3.993229
v -7.306073 1.096458 4.029094
v -7.293650 0.708155 4.066762
v -7.280139 0.312845 4.104944
v -7.257318 -0.094120 4.140632
v -7.217274 -0.516683 4.177948
v -7.156656 -0.955448 4.213909
v -7.076004 -1.414304 4.244604
v -6.972271 -1.897221 4.268345
v -6.839775 -2.408951 4.279706
v -6.680315 -2.952456 4.288214
v -6.486278 -3.526458 4.290872
v -6.266111 -4.115181 4.286695
v -6.036744 -4.711608 4.285715
v -5.784121 -5.297010 4.297713
v -4.636202 9.234688 7.775287
v -4.586849 8.938951 8.019357
v -4.524148 8.649685 8.245438
v -4.447598 8.367761 8.452496
v -4.362526 8.092232 8.645425
v -4.270487 7.823892 8.824713
v -4.175882 7.564460 8.994913
v -4.080489 7.310350 9.156941
v -3.903489 6.831079 9.461674
v -3.826734 6.604682 9.608517
v -3.758051 6.384068 9.754355
v -3.689666 6.167850 9.891721
v -3.615270 5.947339 10.012446
v -3.529698 5.716814 10.105303
v -3.431842 5.481952 10.152712
v -3.320922 5.257381 10.147297
v -3.223449 5.054511 10.078300
v -3.133743 4.877587 9.974863
v -3.061370 4.715427 9.870410
v -3.010087 4.571219 9.780205
v -2.977265 4.432098 9.719873
v -2.939000 4.287189 9.688671
v -2.909415 4.141034 9.691874
v -2.891089 3.997426 9.697336
v -2.877810 3.868728 9.682874
v -2.866985 3.775061 9.644505
v -2.872497 3.757174 9.592710
v -2.873757 3.745362 9.545706
v -2.874905 3.758771 9.518778
v -4.208903 3.540782 9.009558
v -4.232490 3.527214 9.026476
v -4.283764 3.530162 9.071612
v -4.340494 3.538891 9.127744
v -4.399478 3.598840 9.150987
v -4.449312 3.690840 9.149423
v -4.488422 3.796987 9.114470
v -4.534013 3.902980 9.084581
v -4.596182 4.011333 9.075460
v -4.664483 4.110322 9.096600
v -4.744545 4.213058 9.112773
v -4.832951 4.325637 9.121792
v -4.944592 4.464609 9.105824
v -5.082123 4.632456 9.054504
v -5.231623 4.838593 8.948590
v -5.362443 5.060805 8.783043
v -5.454026 5.270828 8.573567
v -5.523179 5.466853 8.349267
v -5.589192 5.653199 8.128519
v -5.659186 5.839583 7.914957
v -5.738215 6.026671 7.705671
v -5.914851 6.404211 7.282024
v -6.008455 6.600370 7.060634
v -6.105550 6.800388 6.829689
v -6.201778 7.006813 6.588104
v -6.297347 7.216880 6.333824
v -6.386411 7.429926 6.064426
v -6.472939 7.645862 5.782580
v -6.554098 7.867873 5.488551
v -3.337546 3.756418 9.528089
v -3.340303 3.740704 9.549514
v -3.359869 3.757927 9.615780
v -3.373057 3.778182 9.680514
v -3.400737 3.873721 9.707129
v -3.436938 4.012228 9.715548
v -3.469767 4.160926 9.696533
v -3.504877 4.306149 9.680952
v -3.561543 4.456151 9.694313
v -3.626821 4.581182 9.721423
v -3.699449 4.688150 9.767547
v -3.787247 4.820351 9.821734
v -3.896563 4.985191 9.858721
v -4.023676 5.181492 9.861710
v -4.152445 5.402235 9.810636
v -4.265555 5.631038 9.709204
v -4.354068 5.848652 9.567857
v -4.426354 6.057297 9.403321
v -4.491980 6.262006 9.236536
v -4.562585 6.469125 9.071718
v -4.644927 6.680383 8.906718
v -4.840260 7.120314 8.561349
v -4.945786 7.347609 8.372206
v -5.049607 7.581382 8.169353
v -5.150084 7.821011 7.955983
v -5.241587 8.067345 7.733126
v -5.322684 8.319704 7.494512
v -5.392767 8.580494 7.239544
v -5.452590 8.848226 6.973824
v -3.173895 3.746173 9.566152
v -1.970106 5.034987 10.435103
v -1.813492 4.893527 10.364573
v -1.635066 4.748650 10.285677
v -1.446031 4.594814 10.201247
v -1.911943 5.265386 10.585319
v -1.748801 5.148069 10.566373
v -1.566335 5.015387 10.531657
v -1.367597 4.869440 10.480964
v -1.160698 4.696893 10.421419
v -1.796128 5.399654 10.652799
v -1.587100 5.301510 10.661123
v -1.363719 5.187183 10.650511
v -1.118008 5.054509 10.629704
v -0.808833 4.880757 10.623673
v -1.704269 5.775938 10.703246
v -1.423511 5.700497 10.737327
v -1.153224 5.621772 10.757183
v -0.874764 5.546810 10.767391
v -0.598298 5.490590 10.778112
v -0.380508 4.897096 10.706047
v -0.358305 4.618220 10.647209
v 0.000003 4.900359 10.748282
v 0.000003 4.625957 10.705676
v -0.303965 5.462864 10.794483
v 0.000004 5.451297 10.803533
v -2.588114 9.551079 9.142133
v -2.555340 9.210059 9.346032
v -2.513053 8.871449 9.518214
v -2.462105 8.537545 9.664239
v -2.404469 8.212132 9.793249
v -2.344416 7.900692 9.914322
v -2.287372 7.603865 10.039695
v -2.231642 7.320666 10.166430
v -2.133721 6.789137 10.402565
v -1.732574 5.573411 10.692854
v -1.477607 5.488633 10.716402
v -1.220910 5.394926 10.723713
v -0.957846 5.299191 10.724283
v -0.672045 5.214481 10.734340
v -0.338385 5.190130 10.765131
v 0.000004 5.184326 10.782680
v -2.029977 5.352183 10.590543
v -2.004654 5.467064 10.631143
v -1.993898 5.639295 10.652382
v -1.992348 5.838434 10.650247
v -2.493485 5.497812 10.504102
v -2.239895 5.491597 10.578950
v -2.014378 6.058614 10.620471
v -2.543786 5.707476 10.507193
v -2.265976 5.681202 10.588387
v -2.590670 5.925997 10.475203
v -2.293458 5.889627 10.571206
v -2.637523 6.150645 10.415915
v -2.329787 6.111119 10.527394
v -2.796616 6.859936 10.122217
v -2.920092 7.375239 9.868959
v -2.741262 6.617465 10.236089
v -2.687540 6.381807 10.335569
v -1.725846 6.230762 10.650862
v -1.409763 6.161565 10.704633
v -0.286411 5.958856 10.777788
v 0.000004 5.940992 10.784550
v -0.565478 5.990924 10.768321
v -0.839346 6.038467 10.756388
v -1.117182 6.095762 10.736511
v -2.048188 6.292481 10.568462
v -2.373928 6.343388 10.462713
v 0.000004 6.185833 10.748608
v -0.287636 6.203341 10.741961
v -0.568863 6.238949 10.732276
v -0.845134 6.289171 10.719038
v -1.129754 6.348146 10.694743
v -1.435171 6.413262 10.653602
v -1.756922 6.478207 10.588626
v -2.088662 6.535608 10.494682
v -2.421968 6.583999 10.378002
v -1.650902 3.383154 9.343814
v -1.620327 3.259235 9.356708
v -0.577646 -2.493552 11.925742
v -0.589732 -2.314431 11.858125
v -0.612714 -2.141326 11.749441
v -0.622531 -1.970305 11.650229
v -0.622616 -1.795517 11.571589
v -0.614631 -1.439443 11.436574
v -0.603348 -1.257043 11.393502
v -0.595322 -1.079169 11.369925
v -0.824455 1.733998 11.459840
v -0.698015 3.111694 10.582829
v -0.691097 3.362674 10.423465
v -0.702638 3.602167 10.320234
v -0.753375 -2.507476 11.869651
v -0.768502 -2.332205 11.806475
v -0.774173 -2.157827 11.702109
v -0.771036 -1.984170 11.600670
v -0.764546 -1.805898 11.515783
v -0.744447 -1.446044 11.369308
v -0.730667 -1.271053 11.320793
v -0.716830 -1.099507 11.292164
v -0.950480 1.593986 11.316558
v -0.992544 1.786677 11.087631
v -5.482177 -0.805144 8.274261
v -6.410506 -0.655321 7.107113
v -6.259114 -1.222605 7.200870
v -6.662743 -0.674343 6.587393
v -6.555868 -1.194037 6.643871
v -6.861446 1.085505 6.148959
v -6.886121 1.458653 6.056112
v -6.906230 1.811791 5.985118
v -6.917620 2.147695 5.927703
v -6.914100 2.467911 5.882726
v -6.897195 2.771363 5.848801
v -6.865344 3.059939 5.828574
v -6.824351 3.334652 5.822781
v -6.774531 3.598555 5.833323
v -6.716088 3.854396 5.862733
v -6.653807 4.103611 5.911817
v -6.591257 4.348495 5.985264
v -6.528351 4.588823 6.083188
v -6.465258 4.824403 6.204411
v -6.396099 5.054554 6.346466
v -6.321942 5.279065 6.507651
v -6.242752 5.492999 6.686319
v -6.156745 5.694117 6.877536
v -6.059243 5.881748 7.079379
v -5.949637 6.054538 7.286902
v -5.824526 6.214038 7.496196
v -5.685961 6.359612 7.705015
v -5.533760 6.490362 7.913339
v -5.362575 6.611095 8.125635
v -5.171779 6.719684 8.334298
v -4.964044 6.815020 8.537513
v -4.738558 6.897893 8.739308
v -4.496789 6.967166 8.937234
v -4.245920 7.022821 9.129168
v -3.988765 7.065723 9.312456
v -3.726357 7.096687 9.489408
v -3.454756 7.114826 9.660882
v -3.165848 7.118686 9.831238
v -2.856507 7.111218 9.998610
v -2.524957 7.087939 10.154995
v -2.181957 7.050693 10.289424
v -1.839209 7.002919 10.398790
v -1.505373 6.944579 10.480465
v -1.185504 6.884008 10.538062
v -0.882182 6.825193 10.575650
v -0.589145 6.771698 10.599438
v -0.296833 6.730267 10.616714
v 0.000003 6.715194 10.622378
v -6.746676 -0.183816 6.494003
v -6.795192 0.271498 6.375274
v -6.830306 0.691050 6.259293
v -2.076663 2.212116 9.558454
v -2.286711 2.081235 9.547995
v -2.507063 1.958784 9.538877
v -2.742876 1.842494 9.522546
v -2.995376 1.731205 9.495766
v -3.265623 1.622191 9.460263
v -3.549430 1.510912 9.410131
v -3.848754 1.394568 9.350372
v -4.481691 1.117581 9.176759
v -4.815974 0.943818 9.036271
v -5.140969 0.740682 8.839353
v -5.448452 0.528592 8.571130
v -5.738907 0.318386 8.242123
v -6.010367 0.116624 7.862758
v -6.272666 -0.050743 7.439261
v -6.660214 0.734713 6.683734
v -6.605985 0.317833 6.828336
v -6.527877 -0.142928 6.974389
v -5.092677 2.479813 8.329191
v -5.345747 2.401076 8.132760
v -5.278180 2.204701 8.269158
v -4.499279 2.236036 8.862002
v -4.430100 1.960771 8.962154
v -4.361433 1.728763 9.065886
v -4.274473 1.501909 9.171953
v -4.158906 1.266219 9.276255
v -4.010970 1.016520 9.377188
v -3.824698 0.742441 9.484065
v -3.605822 0.455128 9.602009
v -3.111230 -0.114463 9.846125
v -2.856692 -0.395821 9.944502
v -2.619104 -0.669762 10.030701
v -2.399901 -0.936808 10.122991
v -2.215284 -1.181291 10.232713
v -2.051316 -1.398918 10.383580
v -1.885362 -1.564460 10.559535
v -1.700612 -1.639315 10.728172
v -1.515423 -1.673455 10.887642
v -1.344678 -1.681994 11.031365
v -1.184804 -1.668468 11.154706
v -1.034958 -1.652146 11.262823
v -0.893091 -1.638845 11.357075
v -0.755815 -1.627214 11.437275
v -0.620409 -1.618626 11.498912
v -0.490233 -1.613711 11.539017
v -0.244223 -1.603680 11.574144
v -0.122966 -1.597653 11.574592
v 0.000000 -1.592684 11.572823
v -4.736740 2.425661 8.655398
v -0.000000 -10.156196 7.645364
v -0.455583 -10.129921 7.644000
v -0.911500 -10.057579 7.645061
v -1.365588 -9.926462 7.642776
v -1.810281 -9.722794 7.636086
v -2.230702 -9.453176 7.637640
v -2.615630 -9.129175 7.650426
v -2.949897 -8.748152 7.676040
v -3.237692 -8.315935 7.695524
v -3.477485 -7.819243 7.711664
v -3.664159 -7.273122 7.746439
v -3.810282 -6.723448 7.802677
v -3.938302 -6.200783 7.870778
v -4.416817 -5.253739 7.635510
v -4.533684 -4.799697 7.700264
v -4.634843 -4.365056 7.772864
v -4.714371 -3.943837 7.861388
v -4.771544 -3.535691 7.964586
v -4.809771 -3.127152 8.084309
v -4.826413 -2.716621 8.227972
v -4.819175 -2.301470 8.391934
v -4.772088 -1.887091 8.586820
v -4.667473 -1.511342 8.814640
v -4.515954 -1.168947 9.046726
v -4.325552 -0.858154 9.252254
v -4.099660 -0.568314 9.422307
v -3.860569 -0.300438 9.555706
v -3.612524 -0.054911 9.655055
v -3.364679 0.169392 9.727452
v -3.123715 0.376502 9.778016
v -2.888866 0.573639 9.817868
v -2.663374 0.763861 9.851569
v -2.448773 0.950890 9.884655
v -2.246423 1.137084 9.927155
v -2.053612 1.324600 9.979301
v -1.868819 1.514817 10.040363
v -1.691411 1.707858 10.115084
v -1.632352 2.956153 9.461176
v -1.696836 3.004222 9.419416
v -1.762482 3.059848 9.383117
v -1.808240 3.108250 9.339697
v -1.825549 3.156904 9.283875
v -1.835558 3.187824 9.235308
v -1.853253 3.214404 9.202284
v -1.864073 3.235366 9.176486
v -1.887282 3.254292 9.158938
v -1.923717 3.274350 9.140630
v -1.980177 3.299194 9.120066
v -2.045289 3.331230 9.101467
v -2.110679 3.362578 9.081079
v -2.111280 3.360461 9.067125
v -4.374264 3.326689 8.690179
v -4.387536 3.329605 8.716021
v -4.457518 3.311438 8.725399
v -4.535621 3.291128 8.729703
v -4.648387 3.226369 8.644931
v -4.750187 3.173724 8.537110
v -4.864552 3.124164 8.420709
v -5.001935 3.072568 8.303103
v 0.502378 3.444023 10.646934
v 0.706410 4.579140 10.525662
v 0.949492 -9.934261 5.964141
v 6.916998 -1.582228 2.973087
v 7.005756 -1.133810 3.005407
v 7.060925 -0.727924 3.002446
v 6.778134 -2.143196 2.877185
v 5.484326 1.631917 8.350338
v 5.131389 1.752963 8.580660
v 4.374373 -2.145013 8.858848
v 2.936285 -1.692709 9.954907
v 3.196323 -1.422569 9.828356
v 2.710831 -1.950067 10.097493
v 2.757660 -1.430275 10.044356
v 2.537849 -1.685605 10.177420
v 3.484925 -1.148393 9.703700
v 3.009826 -1.155804 9.924904
v 3.570614 -0.595156 9.688635
v 3.071559 -0.631298 9.890473
v 3.285244 -0.879785 9.811332
v 3.341435 -0.346806 9.780233
v 3.789976 -0.865481 9.567864
v 5.846993 3.278428 7.538708
v 5.871360 3.433785 7.537420
v 5.890379 3.582708 7.554893
v 5.899692 3.876248 7.636830
v 5.634758 3.255587 7.773759
v 5.444452 3.251834 7.954150
v 5.734280 2.732102 7.676044
v 5.475400 2.770161 7.913294
v 5.598049 2.111823 8.022334
v 5.680910 4.169814 8.131846
v 5.716673 4.037787 8.012190
v 5.536355 4.038720 8.271116
v 5.570889 3.928521 8.163033
v 5.739046 3.780084 7.857155
v 5.585123 3.712965 8.027338
v 5.534981 3.489022 7.966235
v 5.497222 3.373320 7.951972
v 5.706120 3.523488 7.785682
v 5.674227 3.392991 7.771622
v 5.345088 3.373335 8.094047
v 5.286545 3.265239 8.095992
v 5.386842 3.473735 8.107239
v 5.452255 3.672850 8.155844
v 5.416481 3.944589 8.360446
v 5.447708 3.852714 8.267119
v 5.478896 4.151719 8.404819
v 5.553669 4.435070 8.436797
v 5.404524 4.261862 8.556684
v 5.624200 4.302675 8.277100
v 5.361628 4.037509 8.476940
v 5.283162 4.129276 8.614714
v 2.813291 -0.908588 9.989866
v 1.850936 -0.192307 10.280232
v 1.833308 -0.523320 10.347851
v 2.378851 -1.434115 10.215747
v 2.578907 -1.181736 10.096285
v 1.554136 -1.081973 10.663131
v 1.263299 -1.128093 10.879299
v 1.117981 -1.086863 10.989581
v 0.957378 -1.114274 11.105657
v 0.835054 -1.112768 11.205978
v 1.907325 0.317214 10.247315
v 2.052575 0.041206 10.166187
v 2.262394 0.283600 10.077374
v 2.089440 0.524153 10.132206
v 1.781117 0.576950 10.350708
v 5.086605 4.961699 9.115559
v 4.927188 5.078065 9.273070
v 4.373942 5.346140 9.681961
v 4.780339 4.862782 9.368318
v 4.938986 4.749310 9.218382
v 5.465676 4.570519 8.602666
v 5.315910 4.384282 8.716522
v 2.467390 0.526467 9.971750
v 2.272334 0.738649 10.013342
v 2.088735 0.948446 10.068163
v 1.931262 0.760757 10.209153
v 1.780502 0.985355 10.298960
v 1.568226 -1.897527 10.969513
v 1.772619 -1.887097 10.796105
v 1.993954 -1.832599 10.595325
v 1.383690 -1.880205 11.117620
v 1.416983 -2.302698 11.310453
v 1.600838 -2.373692 11.167534
v 1.214803 -1.854633 11.240820
v 1.246005 -2.247882 11.433882
v 1.799164 -2.456214 10.996817
v 4.800651 4.572381 9.262820
v 4.641120 4.680219 9.408074
v 5.184376 4.233941 8.774764
v 1.916252 1.156197 10.135498
v 2.429162 5.300537 10.465135
v 2.344387 5.119907 10.386965
v 4.100682 4.932226 9.767380
v 4.237501 5.127242 9.752351
v 1.570760 3.101763 9.430528
v 1.727212 2.816759 9.471250
v 0.457610 -1.042434 11.457038
v 0.218064 -1.137596 11.551887
v 0.909919 -1.818934 11.441739
v 0.248454 -1.765949 11.623967
v 0.489874 -1.787498 11.602539
v 0.235219 -2.051272 11.717995
v 0.456742 -2.120406 11.761393
v 0.127032 -1.757398 11.616401
v 1.058223 -1.834433 11.350929
v 1.086018 -2.209291 11.539785
v 0.930670 -2.178978 11.630593
v 0.896651 4.281351 10.277164
v 0.631729 4.332043 10.473617
v 3.005726 5.061308 10.142071
v 3.287721 5.724276 10.216701
v 3.194007 5.490472 10.250675
v 3.093081 5.265920 10.226989
v 2.792282 5.071538 10.208191
v 3.049744 5.727485 10.319153
v 2.969443 5.495359 10.339089
v 2.878393 5.273931 10.302164
v 0.108653 -1.154300 11.571687
v 0.125970 -2.048803 11.699224
v 2.140739 -3.398908 10.625484
v 2.242609 -3.588515 10.435671
v 2.012850 -3.215251 10.828398
v 2.322329 -3.769668 10.272888
v 2.387196 -3.937059 10.132250
v 2.235986 -3.206595 10.538777
v 2.350137 -3.416286 10.353819
v 1.868221 -3.048416 11.022947
v 2.093243 -3.006415 10.735941
v 2.469344 -4.399508 9.824677
v 2.440045 -3.622154 10.199615
v 2.510689 -3.804382 10.071275
v 1.711675 -2.906823 11.204329
v 1.928408 -2.830932 10.932556
v 2.610069 -4.301619 9.783167
v 1.389432 -2.694336 11.499312
v 1.551541 -2.790884 11.364444
v 1.754152 -2.695709 11.113808
v 1.580581 -2.589612 11.274847
v 1.409968 -2.503671 11.413218
v 1.074107 -2.568022 11.716272
v 1.229532 -2.621473 11.616653
v 2.368272 -2.972583 10.428107
v 0.916419 -2.530462 11.801501
v 1.246137 -2.437047 11.537135
v 1.089772 -2.389459 11.642849
v 2.622914 -4.469263 9.710405
v 2.471157 -4.578327 9.756076
v 2.497869 -3.210805 10.252025
v 2.593988 -3.445532 10.106001
v 0.931553 -2.354135 11.734069
v 2.482031 -4.776889 9.696479
v 2.629630 -4.657101 9.645493
v 2.802579 -4.369997 9.636851
v 2.669149 -3.653005 9.984081
v 2.784022 -4.188741 9.711728
v 2.521220 -2.713935 10.291607
v 2.808832 -4.567397 9.564784
v 2.666358 -2.986422 10.125747
v 2.768198 -3.246620 9.987329
v 0.194628 -2.513172 11.986801
v 2.540647 -5.647298 9.514036
v 2.401348 -5.624717 9.615462
v 2.843574 -3.477659 9.868011
v 2.969284 -4.065858 9.600936
v 2.459847 -5.960559 9.518280
v 2.316678 -5.897122 9.642673
v 2.702067 -5.663648 9.388511
v 2.991697 -4.266955 9.524346
v 3.343931 -3.806698 9.291161
v 3.560250 -3.675737 9.110755
v 3.417304 -2.855078 9.444005
v 3.193871 -3.081072 9.594033
v 2.358249 -6.285470 9.516040
v 2.210394 -6.192301 9.665696
v 2.627774 -6.014438 9.367536
v 3.000457 -4.485915 9.454363
v 3.585233 -3.955287 9.027660
v 3.375500 -4.056987 9.210677
v 3.814208 -3.541858 8.909142
v 3.686695 -2.622460 9.279777
v 2.231190 -6.607440 9.499701
v 2.080164 -6.487923 9.672348
v 2.523673 -6.380694 9.345390
v 3.390873 -4.323878 9.140977
v 3.596154 -4.248778 8.957436
v 3.835703 -3.853942 8.814369
v 4.118438 -3.403350 8.671622
v 4.012657 -2.385236 9.089200
v 2.074355 -6.914543 9.472608
v 1.926343 -6.756965 9.665304
v 2.392795 -6.742074 9.314099
v 2.874838 -5.670148 9.241077
v 3.838370 -4.179444 8.739989
v 4.120321 -3.749072 8.571244
v 2.228898 -7.082826 9.282024
v 2.802292 -6.054791 9.204519
v 3.238072 -5.681516 8.906974
v 4.106462 -4.101754 8.487932
v 6.086413 1.373292 7.710130
v 5.806329 1.500929 8.053516
v 2.700175 -6.467885 9.162594
v 4.400362 -4.020643 8.193330
v 6.179935 1.951209 7.390078
v 5.910563 2.025172 7.718009
v 2.564415 -6.871698 9.123920
v 4.062764 -5.715717 7.933715
v 6.235384 2.716577 7.075832
v 5.999921 2.718560 7.379852
v 5.338643 -3.814486 7.128423
v 4.698098 -5.772167 6.820083
v 5.826935 -3.723401 6.356916
v 6.235999 3.369173 6.980011
v 6.226042 3.563248 6.992499
v 6.059671 3.494171 7.268219
v 6.051838 3.318833 7.263677
v 4.001218 -6.770279 7.436623
v 5.023594 -5.820677 6.092386
v 6.179583 -3.648734 5.540117
v 6.766101 2.749961 6.160006
v 6.764226 1.823869 6.340284
v 6.210039 3.751920 7.021262
v 6.162335 4.120502 7.137956
v 6.042956 3.995550 7.389770
v 6.063263 3.663400 7.289499
v 5.278760 -5.849510 5.365507
v 6.312201 -3.609710 5.124040
v 7.115345 2.828657 5.163154
v 7.136728 1.811638 5.217169
v 6.076864 4.486460 7.347001
v 5.981337 4.330938 7.587398
v 3.622692 -7.874596 7.336243
v 5.380711 -5.858113 5.010848
v 7.204175 2.865277 4.784770
v 7.227499 1.823639 4.810389
v 6.607036 3.780164 6.149852
v 6.659603 3.537962 6.124237
v 6.016677 4.667444 7.482329
v 5.931085 4.499041 7.721345
v 3.310519 -7.746543 8.052185
v 6.921174 4.008001 5.253928
v 6.984569 3.727585 5.209002
v 7.276752 2.905507 4.397197
v 7.285557 1.841122 4.392532
v 6.443449 4.474495 6.354810
v 6.553631 4.015354 6.195599
v 5.945811 4.844262 7.637794
v 5.866413 4.665229 7.873093
v 3.131384 -7.674244 8.339337
v 3.479015 -7.219038 8.074694
v 5.460796 -5.862598 4.662750
v 7.021163 4.091106 4.921051
v 7.082759 3.799080 4.863552
v 6.719470 4.819978 5.522397
v 6.854316 4.282957 5.319713
v 6.316796 4.918498 6.601960
v 5.863036 5.012506 7.804075
v 5.765387 5.174098 7.978847
v 5.693167 4.979331 8.210024
v 5.788158 4.825212 8.038305
v 3.290055 -7.173295 8.346819
v 5.552983 -5.867313 3.995394
v 7.119334 4.176090 4.572163
v 7.176155 3.873064 4.503064
v 6.825272 4.939621 5.225310
v 6.956876 4.378124 4.998876
v 6.578493 5.333287 5.816909
v 6.244875 5.132073 6.756079
v 3.612382 -6.689571 8.117416
v 6.934525 5.062507 4.912668
v 7.058349 4.475750 4.662672
v 6.683200 5.477128 5.539947
v 6.501136 5.577160 5.994494
v 6.165703 5.335586 6.926849
v 5.375160 5.597769 8.538966
v 5.209783 5.718013 8.724801
v 5.138238 5.518095 8.931278
v 5.304385 5.399879 8.755387
v 3.416253 -6.660401 8.381235
v 6.793669 5.624349 5.251709
v 6.604626 5.732022 5.726348
v 6.418819 5.809932 6.189823
v 5.978109 5.706197 7.303967
v 6.077791 5.527474 7.110311
v 4.649874 5.993150 9.230252
v 4.578086 5.787565 9.405570
v 6.714017 5.890355 5.449334
v 6.521192 5.976683 5.929777
v 6.237322 6.235469 6.616762
v 6.332880 6.030999 6.401066
v 3.366425 5.955763 10.138388
v 3.121874 5.957471 10.254303
v 0.909431 -10.024398 8.080702
v 6.629325 6.146230 5.661037
v 6.434178 6.206894 6.148735
v 6.337527 6.421124 6.372582
v 5.598826 6.165461 7.908280
v 5.443408 6.292888 8.113198
v 3.439281 6.178533 10.031014
v 3.186601 6.180801 10.162255
v 1.932873 7.561877 10.155988
v 6.538697 6.388743 5.886939
v 6.439649 6.611622 6.118752
v 5.870717 6.758667 7.282571
v 5.720504 6.898746 7.500931
v 4.869660 6.603329 8.713759
v 0.620184 7.358740 10.402560
v 2.035600 8.179051 9.916622
v 6.633432 6.996702 5.571587
v 5.965488 6.966394 7.058911
v 5.815374 7.112585 7.282496
v 5.173533 7.246009 8.150933
v 2.086912 8.508907 9.792755
v 6.062454 7.176627 6.822273
v 5.910150 7.327925 7.050924
v 5.278946 7.470904 7.938113
v 3.646305 6.856174 9.632858
v 3.380660 6.870302 9.797895
v 2.132608 8.849178 9.654530
v 2.547426 -9.059129 8.047483
v 6.241109 7.613359 6.308491
v 6.085859 7.774697 6.545900
v 5.379116 7.702912 7.717584
v 3.903090 7.606594 9.186646
v 3.617635 7.635049 9.372638
v 2.990031 7.649492 9.735080
v 2.199445 9.539631 9.294923
v 5.551193 8.184296 7.238913
v 3.702030 7.908699 9.222783
v 3.992644 7.873008 9.026147
v 3.061731 7.936494 9.601519
v 4.081483 8.149340 8.857798
v 3.786391 8.192999 9.065446
v 3.134068 8.235296 9.464067
v 3.813616 -1.741242 9.420138
v 4.238319 8.726542 8.480417
v 3.936960 8.789585 8.712211
v 3.265616 8.866568 9.155192
v 4.488942 5.573113 9.563871
v 0.125821 -2.159335 11.755154
v 0.214802 -2.139931 11.758552
v 0.382003 -2.292384 11.879122
v 0.389152 -2.490745 11.961477
v 4.155269 -1.465525 9.242607
v 3.928009 -2.058542 9.253772
v 4.286274 -1.795229 9.048770
v 2.394344 -7.248116 9.098230
v 6.154214 -2.721164 6.505940
v 6.297699 -2.224477 6.579602
v 5.558106 -2.883058 7.358624
v 5.644853 -2.403254 7.494976
v 5.997443 -3.220480 6.430161
v 5.461581 -3.345546 7.231788
v 6.684321 -2.092508 5.637602
v 6.539563 -2.599495 5.616797
v 6.818993 -2.026416 5.174259
v 6.677099 -2.536567 5.171824
v 6.506658 -3.065301 5.154221
v 6.370642 -3.120025 5.583911
v 6.415757 -3.566604 4.707689
v 6.610774 -3.006139 4.720599
v 6.778291 -2.468187 4.723804
v 6.915869 -1.956730 4.715070
v 6.521228 -3.490247 3.874016
v 6.708052 -2.916724 3.859322
v 6.866458 -2.352045 3.839197
v 6.993124 -1.822489 3.821585
v 6.806814 -1.594684 5.639417
v 6.933105 -1.535079 5.162465
v 7.025383 -1.470700 4.692723
v 7.087715 -1.343048 3.805687
v 5.862413 4.174544 7.813574
v 5.819772 4.327900 7.942119
v 5.763530 4.481154 8.094500
v 5.689486 4.629670 8.258019
v 5.600124 4.776751 8.428638
v 5.213876 5.188515 8.957555
v 5.050011 5.306146 9.124085
v 3.154441 -6.123900 8.851287
v 3.050046 -6.593971 8.799581
v 3.229054 -6.632823 8.603272
v 2.918062 -7.066842 8.763614
v 3.101288 -7.128008 8.572169
v 2.755888 -7.502244 8.759833
v 2.943788 -7.598456 8.570344
v 2.199054 -7.592827 9.091721
v 2.038642 -7.396533 9.252518
v 3.988725 -1.155522 9.418803
v 3.661211 -1.436250 9.575240
v 0.183638 -2.362003 11.913509
v 2.204123 -2.751700 10.613179
v 2.014023 -2.561973 10.799535
v 2.106210 -2.195691 10.628898
v 2.341714 -2.463380 10.461677
v 3.361014 -1.706345 9.713681
v 3.095789 -1.973755 9.846920
v 2.874116 -2.228508 9.983160
v 4.436476 -3.639530 8.287364
v 4.452663 -3.265181 8.396304
v 3.339094 -2.567508 9.577911
v 3.115255 -2.814303 9.715641
v 3.607169 -2.314445 9.426966
v 3.011397 -2.523844 9.851140
v 3.233795 -2.271440 9.715363
v 3.501665 -2.008219 9.575810
v 1.781943 -8.149175 9.151004
v 0.703135 -8.806521 9.440043
v 1.012459 4.491863 10.337173
v 6.430656 -1.716142 6.632418
v 5.723870 -1.875190 7.647697
v 6.326065 1.263849 7.337807
v 6.408795 1.891646 7.045022
v 6.436283 2.721649 6.774835
v 6.396419 3.424241 6.694283
v 6.368858 3.635872 6.712940
v 6.337458 3.841442 6.750753
v 6.263456 4.242728 6.885637
v 6.161322 4.635792 7.102787
v 6.094126 4.827708 7.241643
v 6.017715 5.015326 7.399318
v 5.931290 5.189771 7.569279
v 5.830652 5.355239 7.750286
v 5.444037 5.785078 8.321996
v 5.281671 5.909477 8.516932
v 1.796582 6.735746 10.504310
v 4.713592 6.194053 9.057002
v 3.835434 -7.330759 7.373537
v 0.577242 6.498128 10.676397
v 3.506082 6.399858 9.906667
v 3.249725 6.406669 10.051750
v 7.161570 -0.895840 3.783649
v 7.027306 -1.059557 5.137478
v 7.113734 -1.003830 4.664391
v 1.995052 -7.889430 9.109039
v 1.829929 -7.680854 9.238441
v 0.524401 -7.553628 9.733000
v 0.538919 -7.842127 9.560362
v 1.006528 -7.757531 9.487309
v 1.007669 -7.484682 9.657753
v 1.677257 -7.451188 9.405345
v 1.886976 -7.196823 9.439359
v 0.637304 -8.480093 9.497341
v 1.621907 -7.925382 9.251751
v 0.582085 -8.161262 9.522240
v 1.460828 -7.689429 9.379125
v 2.756450 -5.343711 9.412628
v 2.598074 -5.373568 9.518871
v 2.459467 -5.381021 9.601608
v 1.766996 -0.785099 10.415570
v 2.193051 -1.655360 10.387748
v 2.337345 -1.930044 10.364172
v 2.518583 -2.194148 10.268838
v 2.688741 -2.464490 10.134261
v 2.831597 -2.756875 9.988195
v 2.934338 -3.030996 9.855318
v 3.012670 -3.282073 9.736590
v 3.153460 -3.937248 9.455421
v 3.181385 -4.162032 9.378289
v 3.194757 -4.403697 9.308761
v 3.056336 -5.675066 9.080185
v 2.977702 -6.092418 9.033889
v 2.876557 -6.538763 8.983157
v 2.740015 -6.980526 8.943260
v 2.572716 -7.389477 8.929558
v 5.066733 8.444625 7.753612
v 4.897719 7.926191 8.195283
v 4.800378 7.676023 8.397782
v 4.698636 7.433767 8.588906
v 4.405761 6.742307 9.099077
v 4.254714 6.313904 9.417271
v 4.188486 6.104929 9.575850
v 4.115865 5.893854 9.725766
v 4.025033 5.670143 9.852056
v 3.917621 5.441945 9.934676
v 3.798999 5.217660 9.967233
v 3.678876 5.020021 9.941298
v 5.751728 8.047024 6.997116
v 5.574421 7.583367 7.489292
v 5.477777 7.358915 7.715548
v 5.377317 7.138441 7.933487
v 5.076640 6.513262 8.519054
v 4.917204 6.113873 8.881205
v 4.848291 5.916216 9.066925
v 4.777354 5.713089 9.252053
v 4.692663 5.501608 9.422645
v 4.575857 5.275056 9.551737
v 4.434737 5.056205 9.632411
v 4.290545 4.863963 9.660655
v 2.382813 -7.764411 8.945476
v 2.432865 -4.096969 10.008224
v 2.560897 -3.976782 9.961458
v 2.721094 -3.835606 9.884227
v 2.895613 -3.676117 9.772725
v 3.070519 -3.508226 9.634639
v 3.254879 -3.328042 9.483635
v 3.475189 -3.134706 9.321604
v 3.745201 -2.929192 9.142159
v 4.068824 -2.723887 8.934677
v 4.426913 -2.515414 8.684496
v 4.448118 -2.890503 8.528968
v 4.101933 -3.062161 8.792633
v 3.785625 -3.235090 9.019492
v 3.519973 -3.406309 9.212660
v 3.304754 -3.567670 9.381794
v 3.115685 -3.724251 9.541505
v 2.937923 -3.872060 9.682598
v 2.758228 -4.012739 9.793059
v 2.592658 -4.139285 9.865137
v 2.458650 -4.247523 9.906713
v 1.791721 2.879401 9.435770
v 1.637817 3.131688 9.387299
v 1.345571 4.188315 9.820360
v 2.700336 4.885361 10.076152
v 2.919372 4.876949 10.019714
v 3.577602 4.850318 9.884969
v 3.984389 4.770683 9.748968
v 4.176404 4.707407 9.654558
v 4.531492 4.530186 9.414652
v 4.691706 4.428533 9.273990
v 5.076232 4.110090 8.798593
v 5.186145 4.017040 8.639441
v 5.263021 3.937488 8.514563
v 5.321936 3.865526 8.409799
v 5.354154 3.800520 8.337267
v 5.339560 3.649430 8.257621
v 5.264512 3.472734 8.220655
v 5.208978 3.378571 8.214910
v 5.143657 3.283466 8.219994
v 5.183987 3.849357 8.531157
v 4.489795 3.074011 8.874000
v 4.365746 2.988951 9.002796
v 4.207571 2.917833 9.132751
v 3.771462 2.827870 9.376714
v 4.350490 3.152190 8.967819
v 4.220848 3.090598 9.085340
v 4.602847 4.306219 9.260123
v 4.527878 4.195752 9.239267
v 4.448163 4.408975 9.397738
v 3.895633 4.643310 9.707394
v 3.824977 4.536592 9.667107
v 4.378417 4.300087 9.371251
v 4.914960 3.910462 8.788195
v 4.990924 4.008786 8.799386
v 5.103473 3.915049 8.645673
v 5.031796 3.823942 8.640597
v 4.713371 3.388714 8.657814
v 4.825633 3.536932 8.626610
v 4.960976 3.723855 8.627090
v 4.399946 3.952010 9.227285
v 4.251561 4.036124 9.362106
v 3.705008 4.234039 9.636880
v 3.668899 4.080995 9.660111
v 4.211384 3.901744 9.386825
v 4.174931 3.762777 9.410933
v 4.355278 3.828796 9.256846
v 4.316143 3.699575 9.287263
v 4.627590 3.341827 8.652356
v 4.526844 3.385127 8.821472
v 4.458874 3.386628 8.773109
v 4.533908 3.330709 8.628962
v 4.280468 3.181124 8.944746
v 2.587886 3.002467 9.500230
v 2.565583 2.915489 9.507787
v 2.734332 2.868828 9.530354
v 2.744644 2.962240 9.532487
v 3.088389 2.959706 9.507128
v 3.097656 2.914822 9.541486
v 3.289778 2.910170 9.515905
v 3.269332 2.956053 9.478485
v 3.668896 2.945690 9.402362
v 3.648934 2.989540 9.361380
v 3.466216 2.965387 9.427650
v 3.490849 2.919931 9.469698
v 3.111411 2.808898 9.529684
v 3.326454 2.796256 9.500933
v 3.551039 2.803347 9.450031
v 4.022936 3.074032 9.163114
v 4.060866 3.038117 9.195830
v 4.164629 3.128316 9.051983
v 2.472264 3.091833 9.402849
v 2.610070 3.045643 9.453963
v 2.758518 3.006294 9.489102
v 2.285944 3.028755 9.428139
v 2.442171 3.046925 9.455416
v 2.314582 3.091736 9.397620
v 1.882587 3.126260 9.305162
v 1.772224 3.203756 9.247814
v 2.352835 3.130814 9.346024
v 2.003341 3.140739 9.290101
v 1.984954 3.175442 9.234127
v 1.875702 3.168861 9.248712
v 1.980079 3.238721 9.151094
v 1.924708 3.164780 9.246678
v 1.923486 3.224899 9.167545
v 4.049249 3.533320 9.314258
v 4.089697 3.566606 9.373851
v 4.219254 3.527056 9.255743
v 3.573344 3.668212 9.636981
v 3.541885 3.643828 9.589247
v 3.600001 3.768471 9.669936
v 2.509281 3.652379 9.534879
v 2.682468 3.685038 9.602133
v 4.133183 3.646533 9.406851
v 4.270062 3.596764 9.285291
v 4.175862 3.495447 9.202038
v 2.536103 3.632138 9.483199
v 2.696300 3.652640 9.557531
v 2.374660 3.593400 9.395902
v 2.349688 3.612690 9.461967
v 1.793191 3.224723 9.209995
v 1.842632 3.258389 9.164589
v 1.868760 3.273009 9.148598
v 1.921628 3.249600 9.147508
v 1.978447 3.269551 9.129375
v 1.844756 3.290038 9.155577
v 1.791207 3.282131 9.199112
v 1.827968 3.340261 9.202678
v 1.893878 3.389440 9.209386
v 1.862585 3.392384 9.271019
v 1.798262 3.341406 9.247606
v 1.756361 3.275440 9.226510
v 1.876103 3.331187 9.143306
v 1.864979 3.291315 9.146212
v 3.635485 3.916465 9.680551
v 2.499866 4.008381 9.600358
v 2.499257 3.861975 9.604215
v 2.685457 3.905890 9.659952
v 2.700195 4.060179 9.656337
v 2.308662 3.803856 9.531982
v 2.291321 3.925179 9.534928
v 2.719012 4.221711 9.655514
v 2.503304 4.155032 9.603462
v 2.276062 4.047555 9.541241
v 2.109025 3.839051 9.478843
v 2.137828 3.738348 9.469237
v 2.166006 3.639979 9.438844
v 2.074324 3.934758 9.495628
v 2.190944 4.278754 9.661446
v 2.782368 4.529129 9.773340
v 2.493658 4.474210 9.756040
v 2.845315 4.701782 9.889329
v 2.322780 3.697723 9.504258
v 2.506006 3.741936 9.576785
v 2.679366 3.773296 9.637197
v 1.934272 3.377297 9.127005
v 1.949886 3.355684 9.111084
v 2.101323 3.479704 9.248022
v 2.226784 3.529865 9.319033
v 1.892501 3.318735 9.128520
v 1.560264 4.100062 9.660080
v 2.914507 2.833308 9.542093
v 2.914681 2.932019 9.547310
v 2.919718 2.977843 9.508089
v 2.065592 3.500009 9.324678
v 1.945682 3.123948 9.302193
v 2.106744 3.174533 9.252606
v 2.024088 3.560466 9.379181
v 1.985018 3.638904 9.414045
v 1.942093 3.728144 9.422507
v 1.892015 3.811300 9.441700
v 1.724381 3.991454 9.558200
v 1.885455 3.223007 9.177134
v 1.892953 3.241127 9.160272
v 1.962546 3.328339 9.109683
v 1.904038 3.296821 9.128298
v 3.492055 4.710230 9.815885
v 3.424270 4.590617 9.758280
v 3.306222 4.284999 9.714191
v 3.272276 4.119318 9.728609
v 3.241791 3.946268 9.740134
v 3.212781 3.800905 9.723451
v 3.186513 3.700942 9.692240
v 3.187103 3.676145 9.644688
v 4.086609 4.582229 9.625258
v 4.019820 4.476614 9.590627
v 3.905331 4.183736 9.566903
v 3.871180 4.034187 9.590054
v 3.839649 3.877061 9.612282
v 3.799792 3.738501 9.602094
v 3.764233 3.641285 9.566383
v 3.726491 3.626201 9.496219
v 4.461829 4.080551 9.221491
v 4.312472 4.179008 9.358064
v 3.957258 4.340834 9.571783
v 3.758926 4.398844 9.644544
v 3.361724 4.447967 9.725411
v 2.745600 4.366727 9.693759
v 2.502886 4.293223 9.651554
v 2.245380 4.154711 9.582821
v 2.025740 4.025755 9.535026
v 1.828007 3.894121 9.482279
v 4.837952 3.804919 8.770631
v 4.711273 3.602669 8.790676
v 4.666127 3.509527 8.822191
v 4.604741 3.437022 8.832377
v 4.763231 3.705873 8.768210
v 4.885978 3.629409 8.619417
v 4.775588 3.452571 8.646510
v 2.124014 3.208768 9.201928
v 4.799014 3.362332 8.556469
v 4.723280 3.302287 8.576679
v 6.997364 4.770828 4.775580
v 6.891116 4.661327 5.099836
v 6.786513 4.553408 5.408938
v 6.499303 4.247521 6.263766
v 6.305106 4.043303 6.808058
v 6.189878 3.937016 7.071446
v 6.056776 3.830226 7.330290
v 5.899394 3.730594 7.588132
v 5.727480 3.653457 7.814276
v 5.564038 3.600542 7.991338
v 5.426638 3.574325 8.125341
v 5.305449 3.561888 8.235245
v 4.863415 3.426316 8.533051
v 4.924806 3.505162 8.514942
v 5.122272 3.761146 8.525959
v 6.866059 5.347064 5.072488
v 6.756820 5.211771 5.372517
v 6.649885 5.080513 5.659304
v 6.382897 4.698869 6.468501
v 6.216298 4.440211 6.983707
v 6.122859 4.303626 7.232385
v 6.017391 4.162490 7.474940
v 5.887295 4.023900 7.711478
v 5.735205 3.909237 7.921064
v 5.586565 3.820711 8.083267
v 5.459801 3.764266 8.201283
v 5.357356 3.728931 8.289824
v 5.063165 3.676097 8.517783
v 4.995695 3.588704 8.511125
v 2.492146 -5.178428 9.610630
v 2.629359 -5.121055 9.542274
v 2.789626 -5.049649 9.448126
v 6.073854 -4.699927 3.907682
v 5.966225 -4.721045 4.669949
v 5.867887 -4.729266 5.059565
v 5.742560 -4.736283 5.448607
v 5.435613 -4.750169 6.220816
v 5.039544 -4.766263 6.954633
v 4.272166 -4.823596 8.050860
v 4.016335 -4.852499 8.362573
v 3.160553 -4.956643 9.181724
v 2.968736 -4.997809 9.327370
v 2.929321 -5.313901 9.278749
v 5.818478 -5.294398 3.941209
v 5.722354 -5.298041 4.662561
v 5.629346 -5.296047 5.032705
v 5.512839 -5.290532 5.404848
v 5.225571 -5.276075 6.154258
v 4.868007 -5.259672 6.884234
v 4.175456 -5.259359 7.989139
v 3.939052 -5.268286 8.300620
v 4.805798 -6.373882 6.026801
v 4.145397 -6.229728 7.513714
v 4.672445 -6.344210 6.382254
v 3.334160 -6.147332 8.656156
v 3.524628 -6.163703 8.437357
v 3.728208 -6.181507 8.177464
v 4.286123 -5.730083 7.579538
v 4.870312 -5.797215 6.453890
v 3.425186 -5.688740 8.720950
v 3.624151 -5.699533 8.502601
v 3.840448 -5.708097 8.241981
v 2.175470 -8.083281 8.984893
v 1.954771 -8.368698 9.048393
v 0.773911 -9.133682 9.335109
v 5.518343 -5.866162 4.323082
v 5.568092 -5.868866 3.682254
v 5.227786 -6.413733 4.359450
v 5.264740 -6.425561 3.757116
v 4.453415 -6.897853 6.308827
v 4.563453 -6.922092 5.968737
v 4.899724 -6.944232 4.390441
v 4.929754 -6.974201 3.819277
v 4.284191 -7.444703 5.925844
v 4.201927 -7.439323 6.257126
v 4.546272 -7.455624 4.427349
v 4.569155 -7.512453 3.883906
v 3.961349 -7.925249 5.900461
v 3.900518 -7.938727 6.224192
v 4.163937 -7.943988 4.478481
v 4.182995 -8.026676 3.977017
v 2.570558 -7.906824 8.784439
v 2.363492 -8.260746 8.834598
v 2.133825 -8.580059 8.898937
v 0.830590 -9.457670 9.151103
v 2.757663 -8.029523 8.595663
v 2.542303 -8.423148 8.636382
v 2.295359 -8.774750 8.688669
v 0.873639 -9.736036 8.877586
v 2.436797 -8.942300 8.405404
v 0.898603 -9.928274 8.509795
v 3.349832 -8.368229 7.309973
v 3.095646 -8.234537 8.050599
v 2.934693 -8.138442 8.352853
v 3.606353 -8.353775 5.892025
v 3.558103 -8.373600 6.212534
v 2.703158 -8.560798 8.378282
v 2.842436 -8.672710 8.053364
v 3.021430 -8.794326 7.285222
v 3.220566 -8.735354 5.892695
v 3.187101 -8.760382 6.206747
v 2.257321 -9.461472 7.246785
v 2.349957 -9.390529 6.202739
v 0.956341 -9.960227 6.224411
v 2.362945 -9.371574 5.907317
v 2.656711 -9.151946 7.260364
v 2.782140 -9.097926 6.199450
v 2.806151 -9.077215 5.897340
v 6.642622 -2.838322 2.997124
v 5.569370 -5.872879 3.380875
v 5.833026 -5.292465 3.279094
v 6.071373 -4.686496 3.189084
v 6.482091 -3.458168 3.067286
v 4.177630 -7.980436 4.222399
v 4.564291 -7.479072 4.154129
v 4.919860 -6.955338 4.102268
v 5.253740 -6.418284 4.053301
v 5.264674 -6.438671 3.466650
v 4.927811 -7.000641 3.537541
v 4.563954 -7.552103 3.627322
v 4.190721 -8.085252 3.754457
v 5.109308 -6.408413 4.999240
v 4.810034 -6.939820 4.995349
v 4.479053 -7.439496 4.995934
v 4.110640 -7.904204 5.008143
v 2.367246 -9.373305 5.644940
v 2.820853 -9.072641 5.619285
v 3.248856 -8.724450 5.602826
v 3.648242 -8.334287 5.595151
v 4.018063 -7.911407 5.590911
v 4.354114 -7.440913 5.605004
v 4.657561 -6.932531 5.636208
v 4.923246 -6.393540 5.676608
v 5.159685 -5.837821 5.726858
v 1.897678 -9.614964 5.927395
v 1.897033 -9.636992 6.209936
v 1.827262 -9.722816 7.243910
v 7.285525 2.560750 4.382983
v 7.218649 2.529837 4.780631
v 7.133820 2.503400 5.171102
v 6.781344 2.458808 6.202609
v 6.437594 2.459792 6.842403
v 6.222257 2.472228 7.160132
v 5.976099 2.494414 7.468469
v 5.690272 2.530390 7.769939
v 5.415128 2.590943 8.005322
v 4.014381 2.868304 9.259396
v 3.879047 2.988321 9.304353
v 3.844113 3.029142 9.267853
v 7.286267 2.205016 4.382189
v 7.224996 2.181744 4.789885
v 7.141149 2.163789 5.188385
v 6.779085 2.149578 6.267005
v 6.428791 2.182799 6.932090
v 6.207019 2.217337 7.262103
v 5.944903 2.265325 7.581676
v 5.645190 2.325490 7.886298
v 0.917102 -10.058862 7.239195
v 0.939498 -9.935881 5.749701
v 1.892172 -9.618035 5.682441
v 0.466745 -10.015620 5.769550
v 0.474046 -10.012937 5.978888
v 0.478793 -10.041348 6.230231
v 0.458458 -10.132946 7.227096
v 0.454106 -10.092948 8.086965
v 0.448195 -9.996012 8.520342
v 0.437491 -9.807910 8.895185
v 0.419155 -9.529698 9.177991
v 0.392463 -9.204559 9.363676
v 0.359973 -8.869924 9.478195
v 0.328017 -8.530457 9.537086
v 0.301036 -8.194802 9.558877
v 0.277929 -7.858590 9.586234
v 0.270679 -7.575856 9.750826
v 1.745085 3.180804 9.298023
v 1.724277 3.265661 9.267811
v 1.761303 3.347650 9.285039
v 1.399102 3.668320 9.465981
v 1.237294 3.718212 9.588975
v 1.713886 3.357020 9.320828
v 1.683438 3.260983 9.312215
v 1.701552 3.159195 9.341582
v 1.768174 3.448614 9.342909
v 1.821183 3.415830 9.315022
v 1.706276 3.490623 9.354061
v 1.630605 3.544254 9.366494
v 1.533668 3.612340 9.395989
v 1.540515 3.252381 9.394585
v 1.553644 3.399423 9.366911
v 1.063938 3.762986 9.779222
v 1.909906 3.033255 9.377743
v 1.852873 2.951334 9.413047
v 5.073778 -1.188039 8.554506
v 4.880429 -0.840621 8.838149
v 4.656835 -0.535021 9.076660
v 4.405809 -0.252169 9.274730
v 4.145074 0.007774 9.423699
v 3.873950 0.244203 9.529415
v 1.916234 2.765850 9.442060
v 1.856368 2.686658 9.474342
v 5.015030 3.306236 8.332241
v 4.898176 3.333502 8.442623
v 5.252994 3.797564 8.434873
v 4.968851 3.406958 8.424140
v 5.036287 3.484119 8.414694
v 5.101962 3.565167 8.416901
v 5.157796 3.650092 8.425160
v 5.204634 3.727431 8.434672
v 5.293386 3.768684 8.376338
v 5.084659 3.389610 8.320416
v 5.148899 3.476645 8.321085
v 5.202444 3.560673 8.329201
v 5.243548 3.641727 8.343691
v 5.274328 3.715351 8.361781
v 1.453053 3.428689 9.402391
v 1.320685 3.451581 9.475418
v 1.439810 3.244756 9.445867
v 1.313184 3.240105 9.521409
v 0.538425 3.881531 10.481208
v 0.743541 3.835564 10.267773
v 0.512320 3.662606 10.540601
v 4.502246 -5.749648 7.199357
v 4.650045 -5.252102 7.262090
v 4.794925 -4.780675 7.329825
v 5.037364 -3.877126 7.506150
v 5.119784 -3.438891 7.613776
v 5.186409 -2.997534 7.741552
v 5.235896 -2.550010 7.890882
v 5.260570 -2.081583 8.061361
v 5.231056 -1.596252 8.268444
v 2.847482 0.995707 9.726146
v 2.615627 1.160191 9.757979
v 2.395420 1.324513 9.794271
v 2.185404 1.491328 9.832441
v 1.987547 1.664783 9.880953
v 1.073023 1.437045 11.172520
v 0.695172 1.854600 11.597569
v 0.203071 2.069024 11.896832
v 0.388608 2.026274 11.826746
v 1.314999 1.078051 10.890497
v 1.194100 1.264441 11.030128
v 1.526187 1.038293 10.577715
v 1.654911 0.816591 10.461766
v 1.436286 0.874054 10.756418
v 1.550603 0.653885 10.626372
v 1.752250 0.143895 10.383597
v 1.656502 0.411702 10.501297
v 4.374713 3.441328 8.922674
v 4.436144 3.432772 8.973218
v 4.505292 3.489607 8.992820
v 4.566506 3.573062 8.990972
v 4.604857 3.678289 8.952031
v 4.650284 3.785497 8.920579
v 4.720019 3.893103 8.918958
v 4.790747 3.999089 8.941395
v 4.869420 4.103138 8.955515
v 4.958153 4.215561 8.962698
v 5.068996 4.346564 8.943875
v 5.208426 4.507236 8.886550
v 5.357732 4.705165 8.776780
v 5.491379 4.920379 8.604888
v 5.582646 5.127746 8.390940
v 5.652882 5.324801 8.162757
v 5.716738 5.509573 7.938579
v 5.865180 5.872350 7.503586
v 6.131076 6.424285 6.837564
v 6.227988 6.618537 6.600153
v 6.327382 6.816921 6.352660
v 6.516309 7.223582 5.818700
v 5.925351 7.913943 6.771345
v 5.749521 7.459827 7.270815
v 5.654515 7.240199 7.498573
v 5.557501 7.022696 7.715830
v 5.270010 6.408993 8.319181
v 5.104939 6.017671 8.702487
v 5.033153 5.823823 8.900414
v 4.960846 5.623385 9.097030
v 4.873552 5.410645 9.279007
v 4.755344 5.184161 9.418223
v 4.611341 4.966173 9.506695
v 4.470740 4.779247 9.542088
v 4.359021 4.626441 9.545065
v 4.274531 4.502292 9.523157
v 4.208582 4.395401 9.491217
v 4.145353 4.266411 9.475422
v 4.093632 4.115622 9.474847
v 4.054226 3.970990 9.496616
v 4.021823 3.822320 9.517088
v 3.980104 3.695364 9.508144
v 3.939975 3.603733 9.472317
v 3.900052 3.592390 9.406394
v 4.798878 8.554934 8.004549
v 4.633332 8.016515 8.425269
v 4.538415 7.757713 8.615864
v 4.440398 7.506292 8.797110
v 4.156874 6.791878 9.284271
v 4.007643 6.354298 9.590660
v 3.941287 6.141895 9.739780
v 3.867208 5.925985 9.875782
v 3.778454 5.698881 9.983760
v 3.675752 5.465933 10.047684
v 3.562057 5.242476 10.060589
v 3.449799 5.042034 10.015015
v 3.355042 4.868931 9.933978
v 3.276427 4.718404 9.849712
v 3.218310 4.587271 9.778313
v 3.174224 4.448076 9.733061
v 3.118148 4.280511 9.712943
v 3.087724 4.112752 9.724505
v 3.058900 3.944629 9.731482
v 3.033733 3.799999 9.713632
v 3.017857 3.704370 9.676373
v 3.017432 3.679824 9.621321
v 2.231158 4.954615 10.285006
v 7.279181 1.084265 4.451056
v 6.707127 1.119881 6.550088
v 7.112672 1.066670 5.319798
v 7.210206 1.071901 4.887899
v 7.209267 -0.468712 3.751545
v 7.183547 -0.556837 4.627044
v 6.990680 -0.635294 5.582086
v 7.103757 -0.599311 5.101242
v 2.070324 2.647895 9.450899
v 2.018045 2.558876 9.474125
v 2.348831 2.215308 9.506733
v 2.197863 1.946300 9.625814
v 2.099626 1.809045 9.740698
v 2.439230 2.446175 9.462262
v 2.399826 2.336951 9.476911
v 2.670593 2.459055 9.459005
v 2.694411 2.564746 9.474211
v 2.568350 2.102137 9.499159
v 2.417409 1.809447 9.606145
v 2.309731 1.654274 9.705297
v 2.646224 2.350608 9.460073
v 2.612996 2.232095 9.474980
v 2.894743 2.382072 9.441704
v 2.911008 2.497207 9.460654
v 2.801970 1.994654 9.485183
v 2.648609 1.679633 9.585087
v 2.531062 1.508009 9.677281
v 2.870048 2.261713 9.441586
v 2.843322 2.134307 9.459726
v 3.141537 2.312409 9.406381
v 3.152757 2.441534 9.428865
v 3.057544 1.894693 9.459481
v 2.891798 1.552419 9.555161
v 2.764885 1.364707 9.644327
v 3.125268 2.180410 9.407263
v 3.098221 2.042627 9.428870
v 3.424593 2.258894 9.342616
v 3.418740 2.401494 9.371272
v 3.339103 1.797805 9.415295
v 3.149201 1.427146 9.517017
v 3.010106 1.219653 9.609339
v 3.411880 2.110528 9.346681
v 3.387168 1.957093 9.376658
v 3.715278 2.386513 9.278772
v 2.500629 2.639771 9.470350
v 2.472009 2.544759 9.460003
v 2.712730 2.668821 9.496909
v 2.922251 2.612358 9.490624
v 3.149657 2.568748 9.466420
v 3.401883 2.541907 9.419649
v 2.725493 2.769966 9.518039
v 2.922958 2.725307 9.521083
v 3.137678 2.693324 9.502183
v 3.369528 2.676115 9.466937
v 2.545019 2.826370 9.501201
v 2.525954 2.734727 9.487581
v 3.673843 2.536272 9.343293
v 3.616601 2.676607 9.405369
v 4.032746 2.402197 9.138734
v 3.961938 2.563705 9.221512
v 3.874330 2.702130 9.312513
v 4.344669 2.460617 8.953066
v 4.238691 2.619725 9.059114
v 4.131142 2.753680 9.168751
v 4.562021 2.564019 8.791210
v 4.439804 2.695956 8.907392
v 4.332303 2.813619 9.026064
v 4.718612 2.685050 8.635914
v 4.592286 2.798683 8.761996
v 4.475609 2.904371 8.896456
v 4.832175 2.825773 8.496911
v 4.706864 2.907744 8.622895
v 4.593221 2.996471 8.758150
v 5.589234 3.107578 7.796517
v 5.224854 3.150202 8.119124
v 5.075134 3.182334 8.245625
v 5.394230 3.122110 7.974248
v 4.939021 3.219859 8.358272
v 4.824411 3.259081 8.472088
v 3.740277 2.223318 9.243084
v 3.733052 2.051941 9.255202
v 3.698538 1.879388 9.298228
v 3.638217 1.700619 9.352754
v 3.423507 1.299646 9.477781
v 3.267822 1.069154 9.569569
v 3.088773 0.825040 9.690158
v 2.673123 0.314251 9.934067
v 2.446803 0.051246 10.030679
v 2.231725 -0.205378 10.107795
v 2.036668 -0.459927 10.170424
v 1.915055 -0.728526 10.256989
v 1.802545 -0.967670 10.363060
v 1.554996 -1.264804 10.629085
v 1.261019 -1.330371 10.888115
v 1.113795 -1.324560 11.014125
v 0.979015 -1.305281 11.131239
v 0.854688 -1.287309 11.233399
v 0.471467 -1.249334 11.452224
v 0.227615 -1.278991 11.522089
v 0.113115 -1.284910 11.535127
v 4.318723 0.839416 9.295714
v 4.114314 0.545097 9.412459
v 4.605545 1.378806 9.050501
v 4.698205 1.625266 8.916026
v 4.784774 1.863490 8.773141
v 4.632840 0.636823 9.172514
v 4.406580 0.322663 9.297664
v 4.951137 1.230116 8.894887
v 5.052516 1.499172 8.740311
v 4.091869 2.213012 9.094596
v 4.073266 2.008014 9.128780
v 4.024884 1.807910 9.194818
v 3.952396 1.605502 9.271635
v 3.713781 1.169678 9.431204
v 3.540421 0.913598 9.530651
v 3.342124 0.646143 9.649458
v 2.888711 0.103372 9.893751
v 2.648663 -0.171297 9.988085
v 2.425904 -0.438732 10.067716
v 2.219342 -0.700076 10.140670
v 2.056341 -0.949367 10.237710
v 1.913297 -1.169744 10.367169
v 1.624495 -1.436842 10.672924
v 1.302198 -1.502327 10.952393
v 1.147852 -1.495238 11.076862
v 1.008035 -1.477477 11.187345
v 0.875149 -1.459674 11.283233
v 0.484736 -1.436327 11.484859
v 0.237788 -1.438229 11.536085
v 0.118924 -1.436492 11.540714
v 5.816193 3.111684 7.558946
v 6.041998 3.133032 7.277328
v 6.241480 3.164973 6.987860
v 6.415185 3.202064 6.699949
v 6.702059 3.287475 6.119279
v 7.039207 3.439523 5.179927
v 7.136772 3.499381 4.823742
v 7.224152 3.562512 4.453197
v 5.259854 2.828650 8.094583
v 5.180408 2.660280 8.192881
v 5.205664 1.990325 8.419935
v 5.544950 1.882016 8.181754
v 5.863603 1.772632 7.879167
v 6.141488 1.670761 7.541271
v 6.377516 1.586115 7.179070
v 6.740899 1.481714 6.433010
v 7.124494 1.448050 5.260025
v 7.220247 1.455753 4.842453
v 7.284129 1.469291 4.417113
v 4.872376 2.104777 8.630406
v 4.940188 0.412098 8.985659
v 4.690917 0.077765 9.130467
v 5.293785 1.060266 8.686271
v 5.405552 1.358667 8.525316
v 5.232600 0.170702 8.736813
v 4.964825 -0.188717 8.903321
v 5.614736 0.878639 8.405437
v 5.728305 1.203796 8.234448
v 5.514596 -0.078633 8.427604
v 5.225859 -0.475387 8.623122
v 5.900660 0.697199 8.062251
v 6.010978 1.050257 7.885367
v 5.792431 -0.335541 8.059109
v 6.156881 0.534158 7.676706
v 6.256086 0.915294 7.502449
v 7.048878 -0.180349 5.527147
v 7.085453 0.255559 5.460377
v 7.101505 0.670651 5.388123
v 7.158735 -0.157085 5.053628
v 7.188600 0.270541 4.996146
v 7.201587 0.680138 4.938137
v 7.231304 -0.124960 4.584307
v 7.258078 0.292017 4.532947
v 7.270400 0.694666 4.489065
v 7.380951 3.001472 3.582215
v 7.365357 2.637264 3.538550
v 7.369863 3.691980 3.693580
v 7.300955 4.345941 3.850628
v 7.340058 4.022115 3.760707
v 7.254294 4.667202 3.963204
v 7.013340 5.919486 4.637824
v 7.085544 5.616258 4.436668
v 6.932265 6.211622 4.856646
v 6.842475 6.490192 5.087955
v 6.741752 6.752461 5.326703
v 7.148987 5.303964 4.255386
v 7.205275 4.986769 4.097276
v 7.343933 2.259482 3.515204
v 7.320207 1.873621 3.531834
v 7.300069 1.491803 3.565438
v 7.286650 1.110018 3.608234
v 7.237158 -0.058171 3.719511
v 7.254615 0.338946 3.689177
v 7.269331 0.725419 3.650899
v 4.989834 2.303228 8.472796
v 4.885900 2.576357 8.495391
v 4.992292 2.741498 8.354834
v 5.081521 2.895895 8.247362
v 6.908283 -1.108443 5.620629
v 7.091046 -0.347448 2.985087
v 1.076510 9.458720 9.590042
v 1.038548 8.738639 9.907604
v 1.013274 8.385049 10.033368
v 0.986301 8.045181 10.147154
v 0.931290 7.405030 10.368037
v 0.861075 6.550940 10.659626
v 1.155747 6.611100 10.628644
v 1.253869 7.459293 10.316232
v 1.324829 8.091483 10.088489
v 1.360853 8.428749 9.971043
v 1.392392 8.778194 9.841350
v 1.440355 9.489399 9.512072
v 1.715847 4.513135 9.977293
v 1.983016 4.408055 9.790350
v 1.911075 4.661286 10.072991
v 1.673459 -0.971379 10.537803
v 1.684707 -1.154333 10.499168
v 1.776952 -1.339838 10.522797
v 1.398780 -1.133658 10.785007
v 1.403574 -1.319491 10.763022
v 1.460750 -1.482269 10.816149
v 7.111674 0.024653 2.961165
v 7.137161 0.391596 2.933584
v 7.166229 0.756527 2.889185
v 7.196496 1.117484 2.829920
v 7.232724 1.482662 2.747974
v 7.281173 1.867543 2.638748
v 7.351468 2.327913 2.475806
v 7.418208 2.768370 2.629312
v 7.459510 3.140639 2.740510
v 7.491570 3.831457 2.917404
v 7.482133 4.171555 3.006772
v 7.143877 6.530262 4.211933
v 7.048498 6.840226 4.458626
v 6.821702 7.402643 4.974895
v 6.941267 7.132171 4.714061
v 6.692819 7.646346 5.233684
v 6.404824 8.061501 5.738266
v 6.247099 8.230571 5.979385
v 5.693901 8.689835 6.702919
v 5.905530 8.527721 6.446340
v 5.190790 8.992859 7.250061
v 4.916295 9.121376 7.518940
v 4.345543 9.329972 8.027748
v 4.036911 9.408518 8.275295
v 3.350944 9.516247 8.747293
v 6.082979 8.383289 6.212770
v 7.462755 4.510165 3.111869
v 7.434935 4.851124 3.238682
v 7.224223 6.207555 3.975875
v 7.291391 5.875304 3.758390
v 7.348606 5.535508 3.562222
v 7.396369 5.193196 3.388250
v 0.727154 2.080037 11.372198
v 0.861045 1.942762 11.229198
v 1.747290 1.358370 10.212077
v 1.631081 1.201193 10.394135
v 0.498709 3.222929 10.799874
v 0.851838 2.723693 10.616096
v 2.975068 9.543507 8.959335
v 2.895464 8.877416 9.350286
v 2.839916 8.549823 9.505147
v 2.775758 8.230973 9.642446
v 2.643947 7.633045 9.898830
v 2.472955 6.830384 10.273741
v 0.895825 2.958208 10.287076
v 0.846769 3.280452 10.149810
v 0.853377 3.548159 10.063720
v 1.059191 2.995700 9.933889
v 1.002040 3.254121 9.872207
v 1.003230 3.510927 9.811331
v 0.906502 3.797630 10.019590
v 1.124622 4.238996 10.046704
v 2.104877 5.179142 10.495198
v 2.199922 5.325053 10.543022
v 1.477452 3.075722 9.488608
v 1.354464 3.044121 9.562801
v 1.210691 3.020117 9.703446
v 1.160719 3.241986 9.657526
v 1.164582 3.479771 9.609018
v 2.416622 2.970908 9.471725
v 2.388904 2.891300 9.473085
v 2.358393 2.809128 9.466858
v 2.324968 2.722439 9.457534
v 2.286344 2.636179 9.453522
v 2.246974 2.546843 9.458784
v 2.202254 2.446713 9.476946
v 2.143980 2.333855 9.507442
v 1.989794 2.091170 9.645407
v 1.897761 1.973003 9.779399
v 1.797824 1.846475 9.937174
v 1.584760 1.559960 10.301086
v 1.485645 1.405723 10.497521
v 1.392304 1.243777 10.695086
v 1.260135 1.436158 10.820074
v 1.127980 1.617268 10.951640
v 0.408117 2.283014 11.625349
v 0.212568 2.331732 11.699933
v 2.116701 2.733294 9.440779
v 2.163223 2.813898 9.439129
v 2.211338 2.889124 9.440827
v 2.249732 2.960769 9.440414
v 1.970111 2.841754 9.427687
v 2.027983 2.914047 9.417791
v 1.996943 3.056611 9.362193
v 2.054519 3.087558 9.342210
v 2.145309 3.155904 9.288792
v 0.577031 4.102540 10.459941
v 0.807064 4.061491 10.253602
v 0.997252 4.029675 10.013336
v 1.183615 3.991982 9.781598
v 1.379018 3.926705 9.607814
v 1.541397 3.842418 9.504150
v 1.656461 3.752537 9.432492
v 1.737083 3.676886 9.392745
v 1.799379 3.604923 9.376742
v 1.857163 3.541204 9.370642
v 1.908775 3.488252 9.341333
v 1.953958 3.443968 9.294542
v 1.986635 3.444767 9.218181
v 2.015851 3.424091 9.114183
v 2.023600 3.396610 9.098959
v 2.031750 3.364554 9.094510
v 2.043179 3.295172 9.109818
v 2.050230 3.260105 9.129750
v 2.051307 3.189109 9.218304
v 2.058773 3.156392 9.267325
v 2.100743 3.120470 9.317745
v 2.178406 3.080765 9.374646
v 2.216767 3.129906 9.340301
v 2.088659 2.973905 9.408262
v 2.138800 3.029532 9.398349
v 0.327915 4.365763 10.612319
v 0.303297 4.135709 10.604963
v 0.285378 3.919846 10.629806
v 0.272943 3.710664 10.690881
v 0.266827 3.502524 10.794827
v 0.261371 3.293004 10.936778
v 2.252398 3.163950 9.290167
v 2.179568 3.189099 9.243400
v 0.362372 9.406705 9.683908
v 0.348258 8.669792 9.988499
v 0.339024 8.311626 10.108812
v 0.329550 7.964895 10.219421
v 0.311328 7.321837 10.425241
v 0.291415 6.463155 10.687642
v 0.288508 5.714248 10.795945
v 0.569679 5.742474 10.784768
v 1.123713 5.854149 10.758434
v 1.405823 5.923827 10.732924
v 3.561014 -4.899803 8.839102
v 3.357708 -4.922875 9.015931
v 3.775269 -4.879881 8.621641
v 3.501149 -5.274493 8.780629
v 3.307440 -5.276907 8.964170
v 3.710991 -5.270318 8.565353
v 3.114483 -5.290002 9.126010
v 2.203532 4.568465 9.884409
v 2.611279 4.696154 9.920987
v 2.478703 4.910164 10.161659
v 2.575911 5.088023 10.289614
v 2.663143 5.283946 10.379932
v 2.738663 5.496980 10.422251
v 2.808631 5.722128 10.416191
v 2.868680 5.947931 10.366923
v 2.923984 6.172926 10.290257
v 2.980301 6.400373 10.194549
v 3.100124 6.871833 9.960649
v 3.314589 7.649609 9.556504
v 3.393301 7.930335 9.414894
v 3.470677 8.222308 9.269737
v 3.613536 8.837359 8.940645
v 3.705672 9.470365 8.516150
v 1.814669 9.517716 9.414371
v 1.758119 8.817032 9.757887
v 1.718477 8.471690 9.891870
v 1.676233 8.138536 10.012202
v 1.588381 7.512004 10.247140
v 1.467790 6.673742 10.578434
v 1.703504 5.994265 10.689943
v 2.084979 4.806325 10.179409
v 2.358912 4.740328 10.019495
v 0.766099 -7.523075 9.702598
v 0.784115 -7.804881 9.520028
v 1.279341 -7.895869 9.370127
v 1.413368 -8.129366 9.294903
v 1.556334 -8.374601 9.218105
v 1.709456 -8.624283 9.126317
v 1.872793 -8.868990 8.975760
v 2.013649 -9.090974 8.745416
v 2.127418 -9.275182 8.428235
v 2.199480 -9.396651 8.040620
v 1.799053 -9.684261 8.050928
v 1.760437 -9.567144 8.454874
v 1.680136 -9.373649 8.801257
v 1.566127 -9.120952 9.045082
v 1.433040 -8.839611 9.207209
v 1.307870 -8.558869 9.298173
v 1.184044 -8.281721 9.364227
v 1.075550 -8.018387 9.416723
v 6.292134 -4.058290 3.124612
v 6.306875 -4.089847 3.889974
v 6.196144 -4.138730 4.686080
v 6.095126 -4.166292 5.089573
v 5.967497 -4.189085 5.494297
v 5.638932 -4.232230 6.286947
v 5.197333 -4.286585 7.040021
v 4.925271 -4.324056 7.411577
v 4.344695 -4.413332 8.116191
v 4.069405 -4.466128 8.421016
v 3.817100 -4.517885 8.680009
v 3.590887 -4.561702 8.893907
v 3.386710 -4.608171 9.076096
v 3.187084 -4.666560 9.241644
v 2.991692 -4.726151 9.385929
v 2.803674 -4.789940 9.500177
v 2.634461 -4.879722 9.587789
v 2.496958 -4.985816 9.642580
v 3.746732 -8.405044 4.545193
v 3.771156 -8.522346 4.101921
v 3.762189 -8.459055 4.314929
v 3.789987 -8.603110 3.908139
v 3.712146 -8.344170 5.040569
v 3.287121 -8.749974 5.090523
v 2.831624 -9.109342 5.148694
v 3.330477 -8.981021 4.258448
v 3.321649 -8.902190 4.440783
v 3.365756 -9.083682 4.089017
v 2.361622 -9.431961 5.211246
v 2.935846 -9.514543 4.290577
v 2.887422 -9.394342 4.436289
v 2.864802 -9.297338 4.588117
v 2.026651 -10.232775 4.694181
v 1.973150 -10.084822 4.823875
v 1.927677 -9.963453 4.930113
v 1.542914 -10.508401 4.843408
v 1.491053 -10.343216 4.971250
v 1.452095 -10.204384 5.074119
v 1.413563 -9.805821 5.722694
v 1.424987 -9.804190 5.947553
v 1.433521 -9.828601 6.220891
v 1.375422 -9.924330 7.242484
v 1.362037 -9.893766 8.067625
v 1.342715 -9.789921 8.486878
v 1.295153 -9.593488 8.846502
v 1.217206 -9.321452 9.105044
v 1.123603 -9.010865 9.277911
v 1.023637 -8.702682 9.377606
v 0.925400 -8.398745 9.436505
v 0.842278 -8.104500 9.472432
v 1.745529 -7.004464 9.650916
v 1.534345 -7.229792 9.626787
v 1.278610 -7.450080 9.585363
v 1.184689 -7.703148 9.461436
v 4.442555 3.391871 8.610312
v 4.233023 3.209486 8.927674
v 4.120944 3.157848 9.031555
v 3.979259 3.107430 9.138205
v 3.820234 3.067581 9.232608
v 3.634278 3.027846 9.324409
v 3.454708 3.003207 9.392797
v 3.266476 2.991899 9.444734
v 3.092405 2.994450 9.471259
v 2.922437 3.012641 9.472117
v 2.770781 3.038839 9.452652
v 2.630087 3.080809 9.413573
v 2.492528 3.125157 9.359682
v 2.379658 3.161807 9.300039
v 2.287610 3.199877 9.239797
v 2.213882 3.229065 9.181740
v 2.156645 3.251637 9.126823
v 2.053846 3.223618 9.167643
v 1.983076 3.206925 9.185011
v 1.923536 3.196377 9.199267
v 1.885294 3.200432 9.207567
v 1.824132 3.242964 9.185405
v 1.820861 3.287454 9.174173
v 1.851755 3.338370 9.166234
v 1.917189 3.391034 9.157569
v 2.008469 3.426861 9.165557
v 2.148829 3.500898 9.157133
v 2.259535 3.546593 9.240080
v 2.389418 3.575826 9.331168
v 2.544935 3.620876 9.419591
v 2.699536 3.656252 9.495367
v 3.011712 3.669767 9.555713
v 3.165637 3.682891 9.534739
v 3.514320 3.642085 9.497686
v 3.694603 3.614339 9.433198
v 3.858103 3.579968 9.338199
v 3.995888 3.544724 9.233977
v 4.117001 3.506224 9.128352
v 4.329255 3.443433 8.883589
v 4.403977 3.405666 8.734370
v 4.426033 3.400540 8.582478
v 4.221183 3.201964 8.908751
v 4.111881 3.154328 9.007482
v 3.965448 3.106431 9.113580
v 3.815819 3.070657 9.209254
v 3.636206 3.040677 9.293610
v 3.454030 3.004472 9.357310
v 3.267617 2.990345 9.409867
v 3.091118 2.987615 9.437775
v 2.922409 3.007528 9.435760
v 2.776239 3.027423 9.416424
v 2.631116 3.070117 9.380699
v 2.500705 3.115482 9.320934
v 2.387424 3.150015 9.264973
v 2.291599 3.186185 9.200929
v 2.217008 3.214349 9.146173
v 2.159414 3.248315 9.098324
v 2.126001 3.287830 9.072563
v 2.111039 3.324354 9.063532
v 2.101768 3.397442 9.067387
v 2.106907 3.440688 9.081143
v 2.122913 3.485745 9.104729
v 2.164010 3.511178 9.140416
v 2.268021 3.554180 9.218706
v 2.393749 3.592183 9.307257
v 2.547286 3.632066 9.395516
v 2.708228 3.664058 9.469779
v 3.017998 3.691257 9.533218
v 3.505752 3.660788 9.475155
v 3.682868 3.635851 9.408502
v 3.841619 3.588987 9.312637
v 3.984013 3.551398 9.211554
v 4.101835 3.525526 9.106462
v 4.312400 3.467876 8.863091
v 4.388926 3.425554 8.705921
v 2.109816 3.474110 9.108785
v 2.099820 3.438412 9.089402
v 2.099464 3.398245 9.079872
v 2.109687 3.326019 9.082069
v 2.123328 3.288453 9.093078
v 1.883478 -9.696581 5.286320
v 0.974841 -10.381012 5.185778
v 1.004589 -10.526882 5.090880
v 1.039817 -10.701249 4.963140
v 0.487864 -10.485910 5.261618
v 0.504461 -10.641118 5.176459
v 0.521997 -10.822469 5.046782
v 1.402694 -9.898708 5.366967
v 0.929150 -10.043425 5.420096
v 0.460103 -10.136743 5.452820
v 2.396995 -9.658520 4.758109
v 2.435428 -9.768178 4.633298
v 2.488991 -9.901008 4.502356
v 3.308981 -8.835844 4.644661
v 2.848026 -9.219270 4.758866
v 2.375182 -9.567698 4.892592
v 1.896376 -9.854905 5.034071
v 1.422146 -10.079974 5.162920
v 0.951016 -10.247719 5.259007
v 0.474652 -10.352972 5.321437
v 0.656769 8.001853 10.190418
v 0.675565 8.344623 10.079435
v 0.692581 8.699214 9.957796
v 0.720546 9.429807 9.647561
v 0.847749 5.792178 10.773609
v 1.525026 4.356957 9.892558
v 1.944434 4.127013 9.605276
v 1.275178 4.424860 10.113007
v 1.770315 4.251883 9.722861
v 2.194860 3.558403 9.386303
v 4.294507 3.256288 8.811722
v 4.317078 3.257812 8.831822
v 4.375556 3.237092 8.837674
v 4.447929 3.220830 8.848621
v 4.579078 3.148068 8.755445
v 4.678506 3.081290 8.638830
v 4.792787 3.014455 8.512145
v 4.922698 2.956498 8.386735
v 5.154237 3.017255 8.172514
v 5.328479 2.971597 8.022523
v 5.536805 2.946281 7.840988
v 5.778458 2.932027 7.603702
v 6.023229 2.933807 7.315409
v 6.240423 2.947760 7.021669
v 6.429688 2.968174 6.726017
v 6.738535 3.025012 6.131248
v 7.082986 3.141030 5.165680
v 7.177452 3.189048 4.798275
v 7.257238 3.239731 4.420926
v 7.382925 3.352121 3.635163
v 7.483310 3.489731 2.832920
v 0.128866 -1.912000 11.656240
v 0.246507 -1.918523 11.670855
v 0.483095 -1.957033 11.672298
v 0.922443 -2.000407 11.531285
v 1.075754 -2.023486 11.442327
v 1.236141 -2.051439 11.335323
v 1.410284 -2.092107 11.210689
v 1.601159 -2.138468 11.063077
v 1.823931 -2.173816 10.877059
v 6.624203 2.455795 6.522071
v 6.619317 2.160895 6.598490
v 6.600284 1.850424 6.694452
v 6.573169 1.523389 6.807190
v 6.529013 1.178299 6.948711
v 6.469586 0.808274 7.099388
v 6.389591 0.402573 7.263887
v 6.089522 -0.567354 7.620383
v 5.781710 -1.220363 7.821173
v 6.130407 -1.782017 7.146599
v 6.009525 -2.300693 7.050219
v 5.884559 -2.794979 6.944224
v 5.755322 -3.273194 6.834838
v 5.603477 -3.761955 6.744595
v 5.435295 -4.256538 6.666835
v 5.250470 -4.757803 6.592355
v 5.057621 -5.268271 6.520157
v 4.341287 -6.265982 7.128830
v 4.175422 -6.819765 7.048463
v 3.979062 -7.380903 6.986529
v 3.734121 -7.914214 6.950468
v 3.427752 -8.388225 6.927680
v 3.080582 -8.801623 6.910143
v 2.703255 -9.150558 6.894849
v 2.293738 -9.450818 6.882853
v 1.858903 -9.709691 6.881966
v 1.403418 -9.912264 6.881114
v 0.936608 -10.046321 6.878496
v 0.468438 -10.126348 6.872487
v 0.303569 7.021795 10.524870
v 0.603758 7.058589 10.506001
v 0.905902 7.109042 10.476471
v 1.218275 7.163121 10.431260
v 1.547132 7.221734 10.367328
v 1.885102 7.275255 10.280894
v 2.583002 7.353244 10.028141
v 3.038513 6.633220 10.083051
v 3.313200 6.635241 9.928602
v 3.573591 6.625015 9.771885
v 4.077200 6.570891 9.436702
v 4.325597 6.525502 9.257415
v 4.786151 6.397303 8.884541
v 4.991446 6.312723 8.699887
v 5.183294 6.211845 8.509767
v 5.359434 6.099754 8.313745
v 5.517475 5.973614 8.112901
v 5.786792 5.692384 7.718912
v 5.902372 5.532828 7.526066
v 6.002660 5.359792 7.339931
v 6.090729 5.177109 7.164376
v 6.169132 4.982560 7.000259
v 6.240123 4.779844 6.853422
v 6.301422 4.572350 6.728583
v 6.356556 4.360627 6.622642
v 6.406689 4.146786 6.538281
v 6.450012 3.929059 6.474918
v 6.493079 3.708282 6.431561
v 6.535143 3.480375 6.409198
v 6.568259 3.243307 6.409189
v 6.594477 2.994643 6.428355
v 6.612895 2.732743 6.468155
v 6.018279 -3.687423 5.953096
v 5.815329 -4.211251 5.895736
v 5.598301 -4.742685 5.836254
v 5.377503 -5.283484 5.780177
v 4.519094 -6.305211 6.747131
v 4.327151 -6.863505 6.668393
v 4.104280 -7.421459 6.609668
v 3.826550 -7.936726 6.579389
v 3.501887 -8.392574 6.558612
v 3.139409 -8.788462 6.545471
v 2.746463 -9.125850 6.534750
v 2.327779 -9.422370 6.531153
v 1.886019 -9.676899 6.534037
v 1.424327 -9.869490 6.533236
v 0.952384 -10.008747 6.537711
v 0.477357 -10.089633 6.533081
v 0.320059 7.634422 10.322106
v 0.638071 7.670749 10.297003
v 0.958412 7.718251 10.258284
v 1.289019 7.767576 10.201521
v 1.631275 7.817852 10.128727
v 1.984221 7.863294 10.035174
v 2.709633 7.925483 9.769652
v 3.238092 7.378482 9.695799
v 3.533566 7.368398 9.519881
v 3.812498 7.345034 9.340831
v 4.341281 7.260344 8.967819
v 4.596559 7.197399 8.768227
v 5.067357 7.028726 8.351838
v 5.273318 6.926571 8.139641
v 5.459759 6.813018 7.924672
v 5.626253 6.690415 7.710504
v 5.776480 6.555387 7.497612
v 6.037776 6.237123 7.065655
v 6.144923 6.056185 6.850543
v 6.240281 5.860121 6.642591
v 6.326088 5.648777 6.441765
v 6.406303 5.425822 6.255041
v 6.482906 5.191631 6.085186
v 6.552841 4.950327 5.935110
v 6.619814 4.703343 5.806861
v 6.685922 4.450069 5.702040
v 6.753087 4.192363 5.622179
v 6.820592 3.929875 5.565945
v 6.882158 3.661424 5.529875
v 6.935400 3.384638 5.512199
v 6.978994 3.097076 5.508992
v 7.010647 2.796557 5.520578
v 7.029833 2.481451 5.540894
v 7.036648 2.151055 5.569909
v 7.028644 1.806517 5.610668
v 7.013126 1.447659 5.667531
v 6.996193 1.069694 5.741034
v 6.978144 0.671876 5.827961
v 6.953640 0.253067 5.918892
v 6.914476 -0.191098 6.005533
v 6.849005 -0.661339 6.075991
v 6.756683 -1.154614 6.123070
v 6.642589 -1.654700 6.129704
v 6.513274 -2.154988 6.103933
v 6.365232 -2.660721 6.062857
v 6.202271 -3.169071 6.009545
v 6.971109 -1.724466 3.387956
v 7.061643 -1.249817 3.386881
v 7.125493 -0.818580 3.375435
v 7.160370 -0.410332 3.348928
v 7.178528 -0.015919 3.320481
v 7.196496 0.366854 3.292106
v 7.216811 0.744101 3.250293
v 7.242039 1.120158 3.202625
v 7.271081 1.495463 3.147719
v 7.307251 1.882758 3.088291
v 7.351444 2.290144 3.041033
v 7.393946 2.690649 3.091697
v 7.423394 3.062574 3.160341
v 7.436486 3.417023 3.231834
v 7.432920 3.760652 3.304516
v 7.414243 4.096982 3.384132
v 7.384813 4.429224 3.481814
v 7.346236 4.760381 3.602468
v 7.301663 5.091215 3.745027
v 7.249367 5.420771 3.913691
v 7.188995 5.747066 4.102701
v 7.118895 6.063934 4.313646
v 7.038153 6.372211 4.541480
v 6.945554 6.664948 4.781028
v 6.842175 6.941262 5.027512
v 6.727947 7.196519 5.278955
v 6.606475 7.430736 5.531516
v 6.325500 7.835335 6.030420
v 6.169625 8.001074 6.269396
v 6.007710 8.146042 6.498945
v 5.831311 8.286676 6.730530
v 5.626647 8.434347 6.977828
v 5.135102 8.715411 7.508672
v 4.864440 8.835346 7.769147
v 4.298878 9.025096 8.264157
v 3.993568 9.096706 8.505267
v 3.666511 9.151956 8.741057
v 3.314491 9.190193 8.965058
v 0.463416 -10.233675 5.378139
v 0.934654 -10.135149 5.330505
v 1.405250 -9.976688 5.250972
v 1.884112 -9.770578 5.145920
v 2.362134 -9.491007 5.037758
v 2.837999 -9.154545 4.943286
v 3.299232 -8.783857 4.862638
v 3.730548 -8.366715 4.784654
v 4.144358 -7.920426 4.738817
v 4.522189 -7.443584 4.707862
v 4.864938 -6.940730 4.688195
v 5.180272 -6.411251 4.674657
v 5.834049 -5.294120 3.600991
v 6.082208 -4.688861 3.539564
v 6.313680 -4.068386 3.499043
v 6.518232 -3.471329 3.463352
v 6.698953 -2.874604 3.426857
v 6.851548 -2.272035 3.382914
v 5.024080 -6.402401 5.332788
v 4.741580 -6.939188 5.310983
v 4.422706 -7.442118 5.293710
v 4.067941 -7.901969 5.293880
v 3.684322 -8.331147 5.309829
v 3.270836 -8.730672 5.334952
v 2.830155 -9.085796 5.370359
v 2.365500 -9.390269 5.419536
v 1.885530 -9.642544 5.473025
v 1.404766 -9.833896 5.529370
v 0.931060 -9.970715 5.568209
v 0.460817 -10.059960 5.589118
v 0.356119 9.035258 9.849759
v 0.707554 9.061750 9.815884
v 1.059285 9.095793 9.762264
v 1.418305 9.130311 9.691564
v 1.790117 9.166438 9.601191
v 2.170237 9.193283 9.490376
v 2.940993 9.209094 9.169683
v 3.203998 8.546510 9.319240
v 3.546029 8.525264 9.112817
v 3.865699 8.487593 8.897283
v 4.165151 8.434524 8.677301
v 4.721125 8.282769 8.221897
v 4.988004 8.182620 7.981695
v 5.469920 7.939981 7.485303
v 5.665887 7.812161 7.249305
v 5.838478 7.684643 7.028646
v 5.998897 7.549408 6.806118
v 6.154024 7.392738 6.572836
v 6.424758 7.018115 6.092566
v 6.537287 6.802691 5.851584
v 6.640395 6.568956 5.613111
v 6.737186 6.318152 5.382269
v 6.824617 6.051610 5.159525
v 6.905080 5.772723 4.951155
v 6.977217 5.482589 4.760483
v 7.042907 5.184596 4.589463
v 7.102759 4.880408 4.440747
v 7.159382 4.571654 4.315572
v 7.212702 4.261191 4.215120
v 7.261816 3.947734 4.132948
v 7.300893 3.626036 4.077115
v 7.324360 3.293667 4.032903
v 7.335143 2.950266 3.996922
v 7.332731 2.596243 3.970691
v 7.324851 2.231221 3.958581
v 7.315175 1.858688 3.967079
v 7.309956 1.482037 3.993174
v 7.306073 1.096458 4.029094
v 7.293650 0.708155 4.066762
v 7.280139 0.312845 4.104944
v 7.257318 -0.094120 4.140632
v 7.217274 -0.516683 4.177948
v 7.156656 -0.955448 4.213909
v 7.076004 -1.414304 4.244604
v 6.972271 -1.897221 4.268345
v 6.839775 -2.408951 4.279706
v 6.680315 -2.952456 4.288214
v 6.486278 -3.526458 4.290872
v 6.266111 -4.115181 4.286695
v 6.036744 -4.711608 4.285715
v 5.784121 -5.297010 4.297713
v 4.636202 9.233631 7.775983
v 4.586851 8.937871 8.020022
v 4.524150 8.648584 8.246075
v 4.447602 8.366638 8.453100
v 4.362532 8.091090 8.646000
v 4.270497 7.822734 8.825261
v 4.175894 7.563284 8.995434
v 4.080504 7.309159 9.157434
v 3.903510 6.829854 9.462118
v 3.826759 6.603441 9.608937
v 3.758078 6.382812 9.754753
v 3.689700 6.166577 9.892103
v 3.615317 5.946052 10.012829
v 3.529791 5.715523 10.105774
v 3.432018 5.480666 10.153377
v 3.321227 5.256100 10.148275
v 3.223847 5.053201 10.079453
v 3.134145 4.876132 9.975900
v 3.061593 4.713041 9.871218
v 3.009572 4.565174 9.781414
v 2.973871 4.415776 9.722878
v 2.932442 4.257981 9.695221
v 2.900087 4.095003 9.701144
v 2.879029 3.934197 9.703882
v 2.862567 3.794057 9.683830
v 2.849227 3.695028 9.642012
v 2.853203 3.675767 9.589953
v 2.855571 3.668572 9.537567
v 2.857486 3.686002 9.510234
v 4.206238 3.500185 9.006164
v 4.228891 3.479443 9.022067
v 4.283553 3.478840 9.072299
v 4.339290 3.485032 9.125563
v 4.396541 3.545464 9.149360
v 4.444549 3.642938 9.148250
v 4.483320 3.756726 9.113945
v 4.528953 3.870571 9.084232
v 4.591256 3.988195 9.073688
v 4.660336 4.095962 9.093801
v 4.741515 4.204760 9.110106
v 4.830986 4.320520 9.119922
v 4.943740 4.461941 9.104981
v 5.081854 4.630834 9.054279
v 5.231564 4.837319 8.948649
v 5.362415 5.059610 8.783215
v 5.454002 5.269679 8.573817
v 5.523152 5.465731 8.349549
v 5.589163 5.652101 8.128827
v 5.659159 5.838510 7.915291
v 5.738188 6.025622 7.706028
v 5.914829 6.403214 7.282432
v 6.008438 6.599398 7.061069
v 6.105535 6.799442 6.830151
v 6.201768 7.005892 6.588594
v 6.297338 7.215982 6.334338
v 6.386404 7.429053 6.064964
v 6.472934 7.645016 5.783141
v 6.554095 7.867056 5.489136
v 3.329201 3.680550 9.520537
v 3.330210 3.655694 9.539616
v 3.356932 3.666608 9.632532
v 3.365682 3.690095 9.682466
v 3.394395 3.789838 9.709058
v 3.433737 3.940805 9.723930
v 3.468478 4.108648 9.708006
v 3.503150 4.271679 9.688372
v 3.561054 4.439616 9.697627
v 3.627041 4.575138 9.723029
v 3.699975 4.685130 9.769289
v 3.787932 4.818733 9.823823
v 3.897222 4.983904 9.860748
v 4.024116 5.180263 9.863123
v 4.152652 5.400991 9.811395
v 4.265634 5.629787 9.709630
v 4.354107 5.847417 9.568217
v 4.426380 6.056079 9.403690
v 4.492002 6.260806 9.236923
v 4.562603 6.467943 9.072128
v 4.644941 6.679219 8.907149
v 4.840272 7.119189 8.561828
v 4.945795 7.346502 8.372708
v 5.049613 7.580294 8.169877
v 5.150091 7.819944 7.956534
v 5.241590 8.066302 7.733706
v 5.322687 8.318686 7.495118
v 5.392768 8.579498 7.240174
v 5.452590 8.847254 6.974480
v 3.158477 3.661775 9.557609
v 1.970171 5.033681 10.435269
v 1.813558 4.892228 10.364637
v 1.635127 4.747360 10.285612
v 1.446076 4.593608 10.201044
v 1.912002 5.264096 10.585567
v 1.748861 5.146806 10.566576
v 1.566394 5.014162 10.531768
v 1.367651 4.868312 10.481002
v 1.160740 4.695950 10.421364
v 1.796185 5.398372 10.653067
v 1.587160 5.300269 10.661345
v 1.363781 5.186006 10.650695
v 1.118068 5.053478 10.629814
v 0.808883 4.880027 10.623700
v 1.704322 5.774628 10.703568
v 1.423570 5.699232 10.737631
v 1.153290 5.620595 10.757450
v 0.874828 5.545797 10.767612
v 0.598348 5.489840 10.778268
v 0.380535 4.896737 10.706064
v 0.358324 4.617963 10.647173
v 0.303991 5.462481 10.794558
v 2.588114 9.549899 9.142842
v 2.555341 9.208857 9.346707
v 2.513056 8.870222 9.518856
v 2.462109 8.536302 9.664850
v 2.404476 8.210874 9.793828
v 2.344428 7.899422 9.914869
v 2.287387 7.602584 10.040212
v 2.231662 7.319374 10.166919
v 2.133749 6.787824 10.402999
v 1.732630 5.572116 10.693158
v 1.477669 5.487381 10.716679
v 1.220976 5.393756 10.723953
v 0.957913 5.298177 10.724476
v 0.672099 5.213737 10.734460
v 0.338412 5.189756 10.765187
v 2.030032 5.350881 10.590811
v 2.004709 5.465760 10.631419
v 1.993949 5.637978 10.652686
v 1.992395 5.837109 10.650578
v 2.493538 5.496485 10.504406
v 2.239947 5.490275 10.579254
v 2.014421 6.057289 10.620822
v 2.543833 5.706150 10.507524
v 2.266027 5.679876 10.588709
v 2.590714 5.924673 10.475554
v 2.293502 5.888300 10.571557
v 2.637560 6.149326 10.416301
v 2.329825 6.109795 10.527772
v 2.796638 6.858646 10.122660
v 2.920107 7.373975 9.869459
v 2.741289 6.616165 10.236495
v 2.687572 6.380496 10.335957
v 1.725891 6.229445 10.651248
v 1.409814 6.160275 10.704992
v 0.286433 5.958482 10.777888
v 0.565519 5.990179 10.768514
v 0.839401 6.037427 10.756664
v 1.117239 6.094551 10.736853
v 2.048227 6.291159 10.568859
v 2.373961 6.342069 10.463110
v 0.287656 6.202965 10.742064
v 0.568897 6.238219 10.732489
v 0.845181 6.288133 10.719334
v 1.129803 6.346933 10.695084
v 1.435218 6.411973 10.653989
v 1.756962 6.476890 10.589031
v 2.088695 6.534290 10.495089
v 2.421998 6.582686 10.378417
v 1.648492 3.376463 9.343258
v 1.619062 3.257724 9.354550
v 0.577646 -2.493552 11.925742
v 0.589732 -2.314431 11.858125
v 0.612714 -2.141326 11.749441
v 0.622531 -1.970305 11.650229
v 0.622616 -1.795517 11.571589
v 0.614631 -1.439443 11.436574
v 0.603348 -1.257043 11.393502
v 0.595322 -1.079169 11.369925
v 0.824455 1.733998 11.459840
v 0.698016 3.111669 10.582809
v 0.691098 3.362640 10.423437
v 0.702639 3.602123 10.320207
v 0.753375 -2.507476 11.869651
v 0.768502 -2.332205 11.806475
v 0.774173 -2.157827 11.702109
v 0.771036 -1.984170 11.600670
v 0.764546 -1.805898 11.515783
v 0.744447 -1.446044 11.369308
v 0.730667 -1.271053 11.320793
v 0.716830 -1.099507 11.292164
v 0.950480 1.593986 11.316558
v 0.992544 1.786677 11.087631
v 5.482177 -0.805144 8.274261
v 6.410506 -0.655321 7.107113
v 6.259114 -1.222605 7.200870
v 6.662743 -0.674343 6.587393
v 6.555868 -1.194037 6.643871
v 6.861370 1.085438 6.148874
v 6.885981 1.458524 6.055978
v 6.905905 1.811477 5.984871
v 6.917126 2.147189 5.927403
v 6.913595 2.467346 5.882494
v 6.896717 2.770778 5.848650
v 6.864889 3.059329 5.828494
v 6.823922 3.334015 5.822761
v 6.774126 3.597890 5.833352
v 6.715710 3.853699 5.862803
v 6.653454 4.102885 5.911920
v 6.590931 4.347735 5.985394
v 6.528049 4.588029 6.083341
v 6.464982 4.823569 6.204581
v 6.395861 5.053675 6.346672
v 6.321740 5.278151 6.507885
v 6.242583 5.492057 6.686578
v 6.156617 5.693148 6.877829
v 6.059153 5.880756 7.079699
v 5.949584 6.053531 7.287259
v 5.824501 6.213014 7.496581
v 5.685955 6.358570 7.705421
v 5.533762 6.489299 7.913759
v 5.362583 6.610012 8.126065
v 5.171790 6.718578 8.334740
v 4.964057 6.813894 8.537961
v 4.738572 6.896749 8.739763
v 4.496805 6.966001 8.937694
v 4.245937 7.021634 9.129632
v 3.988782 7.064516 9.312925
v 3.726375 7.095459 9.489881
v 3.454775 7.113582 9.661356
v 3.165867 7.117425 9.831709
v 2.856525 7.109943 9.999081
v 2.524978 7.086648 10.155465
v 2.181982 7.049391 10.289895
v 1.839238 7.001616 10.399242
v 1.505406 6.943302 10.480880
v 1.185542 6.882813 10.538449
v 0.882217 6.824174 10.575992
v 0.589169 6.770990 10.599668
v 0.296847 6.729912 10.616816
v 6.746676 -0.183816 6.494003
v 6.795192 0.271498 6.375274
v 6.830306 0.691050 6.259293
v 2.073809 2.213107 9.558198
v 2.283306 2.082210 9.547623
v 2.503787 1.959576 9.538386
v 2.740449 1.843037 9.522077
v 2.993919 1.731517 9.495494
v 3.265361 1.622226 9.460187
v 3.548901 1.510974 9.409948
v 3.848634 1.394577 9.350316
v 4.481691 1.117581 9.176759
v 4.815974 0.943818 9.036271
v 5.140969 0.740682 8.839353
v 5.448452 0.528592 8.571130
v 5.738907 0.318386 8.242123
v 6.010367 0.116624 7.862758
v 6.272666 -0.050743 7.439261
v 6.660214 0.734713 6.683734
v 6.605985 0.317833 6.828336
v 6.527877 -0.142928 6.974389
v 5.092735 2.479293 8.327864
v 5.345291 2.400360 8.131027
v 5.277858 2.204093 8.267256
v 4.499176 2.235074 8.861832
v 4.429317 1.959970 8.961201
v 4.360972 1.728403 9.065332
v 4.274473 1.501909 9.171953
v 4.158906 1.266219 9.276255
v 4.010970 1.016520 9.377188
v 3.824698 0.742441 9.484065
v 3.605822 0.455128 9.602009
v 3.111230 -0.114463 9.846125
v 2.856692 -0.395821 9.944502
v 2.619104 -0.669762 10.030701
v 2.399901 -0.936808 10.122991
v 2.215284 -1.181291 10.232713
v 2.051316 -1.398918 10.383580
v 1.885362 -1.564460 10.559535
v 1.700612 -1.639315 10.728172
v 1.515423 -1.673455 10.887642
v 1.344678 -1.681994 11.031365
v 1.184804 -1.668468 11.154706
v 1.034958 -1.652146 11.262823
v 0.893091 -1.638845 11.357075
v 0.755815 -1.627214 11.437275
v 0.620409 -1.618626 11.498912
v 0.490233 -1.613711 11.539017
v 0.244223 -1.603680 11.574144
v 0.122966 -1.597653 11.574592
v 4.737771 2.425065 8.655494
v 0.455583 -10.129921 7.644000
v 0.911500 -10.057579 7.645061
v 1.365588 -9.926462 7.642776
v 1.810281 -9.722794 7.636086
v 2.230702 -9.453176 7.637640
v 2.615630 -9.129175 7.650426
v 2.949897 -8.748152 7.676040
v 3.237692 -8.315935 7.695524
v 3.477485 -7.819243 7.711664
v 3.664159 -7.273122 7.746439
v 3.810282 -6.723448 7.802677
v 3.938302 -6.200783 7.870778
v 4.416817 -5.253739 7.635510
v 4.533684 -4.799697 7.700264
v 4.634843 -4.365056 7.772864
v 4.714371 -3.943837 7.861388
v 4.771544 -3.535691 7.964586
v 4.809771 -3.127152 8.084309
v 4.826413 -2.716621 8.227972
v 4.819175 -2.301470 8.391934
v 4.772088 -1.887091 8.586820
v 4.667473 -1.511342 8.814640
v 4.515954 -1.168947 9.046726
v 4.325552 -0.858154 9.252253
v 4.099660 -0.568314 9.422307
v 3.860569 -0.300438 9.555706
v 3.612524 -0.054911 9.655055
v 3.364679 0.169392 9.727452
v 3.123715 0.376502 9.778016
v 2.888866 0.573639 9.817868
v 2.663374 0.763861 9.851569
v 2.448773 0.950890 9.884655
v 2.246423 1.137084 9.927155
v 2.053612 1.324600 9.979301
v 1.868817 1.514810 10.040344
v 1.691406 1.707831 10.115027
v 1.630542 2.956817 9.460343
v 1.693972 3.005361 9.418163
v 1.758714 3.061395 9.381307
v 1.803587 3.109698 9.337314
v 1.820476 3.157697 9.281238
v 1.829824 3.187921 9.232585
v 1.847781 3.214327 9.199410
v 1.856717 3.234415 9.173229
v 1.879295 3.253090 9.155201
v 1.915066 3.273634 9.136267
v 1.971776 3.298665 9.115818
v 2.037996 3.330560 9.097986
v 2.104015 3.361625 9.078020
v 2.105126 3.359351 9.064411
v 4.371494 3.324971 8.692173
v 4.385249 3.327147 8.718173
v 4.455499 3.307810 8.727668
v 4.535026 3.285272 8.732247
v 4.648911 3.218146 8.647619
v 4.750334 3.166788 8.539171
v 4.864367 3.118913 8.421804
v 5.001551 3.069317 8.303127
v -1.541976 2.907069 9.515958
v 1.540874 2.907329 9.515345
v -1.644936 2.747672 9.516514
v 1.642980 2.748509 9.516268
v -1.782458 2.598883 9.511121
v 1.779070 2.600422 9.511258
v -1.954327 2.458791 9.506767
v 1.949245 2.460739 9.507014
v -1.436043 2.860641 9.592868
v 1.435576 2.860526 9.592271
v -1.542203 2.677874 9.583521
v 1.541271 2.678123 9.583097
v -1.694884 2.509288 9.576660
v 1.693395 2.509899 9.576364
v -1.877584 2.355447 9.570352
v 1.875140 2.356370 9.570137
v -1.428504 1.761256 10.400710
v -1.706091 2.152432 9.821638
v -1.613701 2.037597 10.000142
v -1.790407 2.251121 9.672659
v -1.521386 1.907028 10.195944
v 1.428501 1.761241 10.400682
v 1.613657 2.037489 9.999893
v 1.705879 2.152337 9.821199
v 1.789668 2.251304 9.672187
v 1.521381 1.906975 10.195825
v -1.521517 2.342534 9.865444
v -1.434511 2.237907 10.063472
v 1.434492 2.237757 10.063195
v 1.521372 2.342375 9.864973
v -1.607544 2.429152 9.699659
v 1.607051 2.429188 9.699130
v -1.348819 2.542663 9.902685
v -1.257966 2.444395 10.128243
v 1.257961 2.444237 10.128003
v 1.348774 2.542412 9.902214
v -1.444002 2.618060 9.715595
v 1.443789 2.617846 9.714989
v -1.192016 2.756080 9.930093
v -1.081286 2.669575 10.199420
v 1.081285 2.669430 10.199226
v 1.192001 2.755796 9.929676
v -1.311145 2.812963 9.722554
v 1.311048 2.812617 9.721953
v -1.351811 2.107327 10.281171
v 1.351805 2.107255 10.281052
v -1.182834 2.310812 10.372599
v 1.182832 2.310744 10.372497
v -1.017690 2.516635 10.479880
v 1.017690 2.516585 10.479798
v -1.273211 1.957803 10.505817
v 1.273209 1.957780 10.505780
v 1.117271 2.151135 10.617961
v -1.117272 2.151157 10.617989
v 0.812252 2.514038 10.890805
v -0.812251 2.514045 10.890805
v -0.965348 2.337872 10.745403
v 0.965348 2.337860 10.745385
v 1.051984 1.974013 10.856152
v 0.910322 2.145657 10.992544
v 0.768334 2.300966 11.138689
v -0.768334 2.300968 11.138698
v -0.910322 2.145661 10.992544
v -1.051984 1.974017 10.856160
v 1.195440 1.793266 10.729184
v -1.195441 1.793271 10.729194
v -1.340635 1.603063 10.609774
v 1.340634 1.603060 10.609765
v 0.483827 3.000801 10.993366
v 0.251682 3.074054 11.109714
v 0.000000 3.103880 11.148719
v -0.251682 3.074054 11.109714
v -0.483827 3.000804 10.993366
v -0.679887 2.883024 10.816422
v 0.679887 2.883016 10.816404
v -0.614652 2.434767 11.287945
v 0.614652 2.434767 11.287945
v -0.650383 2.662094 11.056853
v 0.650383 2.662092 11.056844
v -0.460789 2.774616 11.203127
v -0.239239 2.840486 11.301134
v 0.000000 2.868130 11.336765
v 0.239239 2.840486 11.301134
v 0.460789 2.774615 11.203127
v -0.435696 2.531908 11.416241
v -0.224994 2.591249 11.499481
v 0.000000 2.613875 11.534705
v 0.224994 2.591249 11.499481
v 0.435696 2.531908 11.416241
v 0.579587 2.195084 11.509365
v 0.551147 1.954780 11.724018
v 0.329673 -1.103857 11.515958
v 0.345173 -1.266399 11.495944
v 0.358349 -1.437056 11.517410
v 0.365651 -1.609050 11.562648
v 0.367310 -1.777325 11.620943
v 0.361309 -1.937869 11.675419
v 0.335634 -2.079572 11.741998
v 0.273756 -2.193749 11.805007
v 0.148547 -2.253434 11.823171
v -0.000000 -2.273230 11.828003
v -0.148547 -2.253434 11.823171
v -0.273756 -2.193749 11.805007
v -0.335634 -2.079572 11.741998
v -0.361309 -1.937869 11.675419
v -0.367310 -1.777325 11.620943
v -0.365651 -1.609050 11.562648
v -0.358349 -1.437056 11.517410
v -0.345173 -1.266399 11.495944
v -0.329673 -1.103857 11.515958
v -0.551147 1.954782 11.724018
v -0.579587 2.195085 11.509365
v -0.000000 -0.258218 12.955959
v 0.000000 -0.655037 12.568372
v -0.000000 -0.900359 12.013667
v 0.000000 -0.951421 11.879664
v 0.000000 -0.764889 12.362765
v 0.000000 -1.069901 11.661558
v -1.343309 -1.026216 10.935735
v -1.607191 -0.964390 10.729183
v -1.432935 -0.925583 11.023602
v -1.237673 -0.978331 10.997063
v -1.066779 -0.918730 11.058466
v -1.158439 -0.880397 11.051592
v -1.770961 -0.164924 10.475177
v -1.804349 -0.420034 10.464512
v -1.040124 0.913588 11.805967
v -0.679045 1.205973 12.219232
v -1.090899 0.422322 12.217684
v -1.259765 0.613880 11.464104
v -1.246400 0.756405 11.279401
v -1.377975 0.715138 10.937924
v -1.262861 0.912388 11.086460
v -1.300394 0.213365 11.926390
v -0.580095 -0.379558 12.069517
v -0.547154 -0.253591 11.943564
v -0.614434 -0.454309 12.243709
v -1.096410 -0.365977 11.694239
v -1.334560 -0.644468 11.323297
v -1.433278 -0.678762 11.316726
v -1.544183 -0.681962 11.278610
v -1.500656 -0.825815 11.128411
v -1.396978 -0.798498 11.179545
v -1.335543 -0.891100 11.076249
v -1.301776 -0.744275 11.200274
v -1.252354 -0.820962 11.107265
v -0.239537 0.634131 12.923716
v -0.246440 -0.244824 12.920518
v -0.783175 -0.152518 12.620080
v -0.458630 -0.217313 12.839261
v -0.379628 -0.594722 12.487923
v -0.176866 -0.748029 12.347150
v -0.203302 -0.638061 12.549909
v -0.331034 -0.704907 12.289637
v -0.464166 -0.538996 12.105620
v -0.450206 0.618667 12.849224
v -0.769530 0.564966 12.623278
v -0.526215 -0.877849 11.432275
v -0.468147 -0.808026 11.507697
v -0.401405 -0.916279 11.547661
v -0.383679 -0.675823 11.673610
v -0.363456 -0.763613 11.740338
v -0.549977 -0.734551 11.370103
v -0.480957 -0.692986 11.438692
v -0.361470 -0.584597 11.580626
v -0.234094 -0.895906 11.837801
v -0.212660 -1.030040 11.624717
v -0.353574 -0.608830 11.773275
v -0.356138 -0.694895 11.853250
v -0.260096 -0.837188 11.963475
v -0.832994 -0.943963 11.201906
v -0.946062 -0.939167 11.120823
v -0.940982 -0.781618 11.111691
v -0.834083 -0.786480 11.174844
v -1.040172 -0.767874 11.074607
v -1.125332 -0.746038 11.067388
v -1.203936 -0.692750 11.102485
v -1.249861 -0.627779 11.183788
v -0.336182 -0.514419 11.673620
v -0.448550 -0.441267 11.999633
v -0.424013 -0.321329 11.884700
v -0.143004 -0.883982 12.000609
v -0.128095 -0.934648 11.866999
v -0.202955 1.329854 12.471239
v -1.262671 -0.563396 11.301259
v -0.109037 -1.057728 11.648579
v -0.382922 1.303983 12.406626
v -0.213198 1.109788 12.637101
v -0.400600 1.084558 12.574215
v -0.700065 1.000557 12.385070
v -1.056654 0.748237 11.972246
v -1.286012 0.480801 11.635308
v -1.775958 -0.648443 10.495070
v -0.521900 -0.116782 11.794795
v -1.053449 -0.221178 11.553458
v -0.426988 -0.613421 11.303604
v -0.504631 -0.648513 11.238032
v -0.307062 -0.493426 11.462976
v -0.819871 -0.680211 11.046305
v -0.934225 -0.660775 11.007125
v -1.034307 -0.635078 10.990544
v -1.117604 -0.598414 11.008897
v -1.177651 -0.550740 11.055475
v -1.228155 -0.497111 11.123390
v -0.389778 -0.183838 11.747111
v -1.237455 -0.430787 11.220643
v -0.281691 -0.411838 11.541867
v -1.138663 -0.469062 10.861205
v -1.051425 -0.533585 10.835502
v -0.804840 -0.625228 10.870184
v -0.933245 -0.587564 10.837887
v -1.072151 -0.025100 11.391588
v -1.252652 -0.317872 10.982136
v -1.260908 -0.264205 11.089543
v -1.204129 -0.402403 10.915456
v -0.357872 -0.550824 11.141683
v -0.447394 -0.597349 11.067246
v -0.233379 -0.395918 11.295003
v -0.347868 -0.018576 11.593952
v -0.482112 0.048446 11.628910
v -0.207360 -0.298261 11.382333
v -1.057837 -0.447909 10.658072
v -0.150037 -0.295923 11.091581
v -0.281155 -0.484414 10.924880
v -0.792795 -0.571411 10.677484
v -0.931525 -0.524146 10.652661
v -0.392822 -0.540721 10.856993
v -1.123059 0.174525 11.238909
v -1.328334 -0.099304 10.921477
v -1.304881 -0.175932 10.816512
v -0.277921 0.170246 11.433707
v -0.420264 0.255701 11.471272
v -0.125600 -0.176928 11.188107
v -1.150013 0.349578 11.066024
v -0.342082 0.438112 11.292574
v -0.345788 -0.480314 10.640924
v -1.234423 -0.158123 10.569402
v -0.778195 -0.510812 10.483398
v -1.296560 -0.053300 10.640989
v -1.331745 0.049713 10.734793
v -1.201827 -0.051898 10.396152
v -0.316874 -0.400086 10.436193
v -1.258443 0.051042 10.466540
v -1.293069 0.166728 10.553133
v -1.137311 0.494153 10.866962
v -0.285999 0.566183 11.068093
v -1.093929 0.591283 10.661017
v -1.236574 0.247973 10.388580
v -1.209143 0.130636 10.307158
v -1.162651 0.028758 10.238096
v -1.036904 0.632748 10.472771
v -1.171426 0.308612 10.238415
v -1.153606 0.195863 10.161654
v -1.117353 0.097066 10.094095
v -0.975813 0.624184 10.307367
v -1.098829 0.353655 10.108528
v -1.090705 0.248193 10.041569
v -1.064550 0.150515 9.976737
v -0.998819 0.183274 9.890646
v -1.013348 0.283772 9.944749
v -1.014530 0.386078 10.011860
v -0.930493 0.598862 10.158338
v -1.163187 -0.355032 10.694669
v -1.233976 -0.269578 10.750636
v -0.925507 -0.453431 10.467050
v -1.053382 -0.362238 10.475681
v -1.158197 -0.255806 10.513409
v -1.128619 -0.153268 10.326777
v -1.097030 -0.068160 10.168061
v -1.058613 0.001737 10.032823
v -1.015891 0.066903 9.918058
v -0.981712 0.110987 9.863776
v -0.676958 -0.011043 9.760560
v -0.819952 0.028682 9.774156
v -0.918748 0.077201 9.820189
v -0.943602 -0.005558 9.867132
v -0.977131 -0.096235 9.977751
v -1.009411 -0.183149 10.119084
v -1.034120 -0.270055 10.292892
v -0.843693 -0.089886 9.833522
v -0.872821 -0.200206 9.950570
v -0.898759 -0.295389 10.102015
v -0.912584 -0.376034 10.281837
v -0.763671 -0.444767 10.293213
v -0.748178 -0.370349 10.110097
v -0.728035 -0.278729 9.946168
v -0.703365 -0.156230 9.812891
v -0.255836 0.040430 13.020560
v -0.479886 0.052471 12.934957
v -0.810583 0.079181 12.696320
v -1.188328 0.336496 12.073359
v -1.163659 0.622114 11.804375
v -1.144729 0.771880 11.635161
v -1.497416 0.506887 10.802322
v -1.702173 0.074697 10.562838
v -1.610503 0.295137 10.674756
v -1.764557 -0.159355 10.613529
v -1.710214 0.031035 10.711039
v -1.800938 -0.353310 10.577589
v -1.625780 0.215457 10.835438
v -1.509810 0.390553 10.972986
v -1.373663 0.574670 11.124092
v -1.802298 -0.537514 10.610952
v -1.665719 -0.845987 10.825682
v -1.715646 -0.716916 10.958035
v -1.726835 -0.023889 10.846738
v -1.774577 -0.185097 10.738624
v -1.796031 -0.315296 10.670379
v -1.809729 -0.423173 10.722596
v -1.647054 0.133466 10.992029
v -1.538566 0.285797 11.141237
v -1.401416 0.451640 11.301853
v -1.430565 0.056084 11.769278
v -1.431281 0.328345 11.472779
v -1.546873 -0.080377 11.628442
v -1.570563 0.175655 11.310484
v -1.727837 -0.548257 11.130132
v -1.794184 -0.272090 10.859803
v -1.322819 -0.531895 11.482093
v -1.242619 -0.491057 11.450814
v -1.416267 -0.536875 11.485346
v -1.522664 -0.523998 11.460297
v -1.708310 -0.381235 11.298156
v -1.748837 -0.119115 10.993151
v -1.669832 0.039279 11.156357
v -1.639152 -0.212620 11.473199
v -1.198999 -0.016981 12.133966
v -1.249996 -0.192826 11.996307
v -1.386761 -0.287561 11.785621
v -1.471741 -0.385823 11.622046
v -1.158938 -0.321997 11.940939
v -1.283535 -0.358956 11.800259
v -1.365963 -0.434777 11.643660
v -0.728474 -0.342664 12.474711
v -0.426649 -0.438102 12.683356
v -0.229150 -0.477418 12.755267
v 0.000000 -0.498961 12.784722
v -1.087636 -0.356973 11.882392
v -1.184534 -0.387176 11.773402
v -1.264749 -0.448834 11.631799
v -1.088094 -0.208548 12.157971
v -1.026967 -0.316208 12.062037
v -0.971241 -0.343407 11.963256
v -1.105105 -0.059205 12.259418
v -1.108240 0.100359 12.311615
v -1.164487 0.096132 12.208189
v -1.171147 -0.406787 11.583960
v -1.132857 -0.281209 11.464293
v -1.158192 -0.091487 11.314034
v -1.248877 0.109942 11.156082
v -1.253309 0.273851 10.962660
v -1.233002 0.404211 10.766206
v -1.189794 0.502288 10.569756
v -1.126097 0.546264 10.400023
v -1.055745 0.554385 10.261232
v -1.002635 0.551887 10.166378
v -1.013145 -0.332527 11.775004
v -0.976858 -0.172769 11.615314
v -0.983193 0.024307 11.457249
v -1.009320 0.231068 11.320125
v -1.022231 0.421501 11.159410
v -1.015337 0.581616 10.962693
v -0.967105 0.666986 10.741614
v -0.913032 0.703537 10.533836
v -0.855390 0.688220 10.337979
v -0.806814 0.629680 10.165035
v -0.913385 -0.299305 11.832859
v -0.880281 -0.142221 11.681334
v -0.871488 0.062277 11.528052
v -0.874130 0.268890 11.390461
v -0.864488 0.460884 11.222926
v -0.844900 0.636198 11.034866
v -0.812367 0.748618 10.805801
v -0.758825 0.760247 10.569352
v -0.705143 0.725821 10.361152
v -0.667418 0.652516 10.176667
v -1.205262 -0.368338 11.353241
v -1.233085 -0.174023 11.202623
v -1.323020 0.020878 11.031350
v -1.328873 0.171000 10.847254
v -1.296956 0.296772 10.653357
v -1.240845 0.373117 10.479795
v -1.169098 0.421930 10.324540
v -1.093259 0.458793 10.190730
v -1.012221 0.481290 10.094121
v -0.912941 0.514612 10.040409
v -0.911389 0.178181 9.831777
v -0.909355 0.294897 9.878634
v -0.797433 0.150967 9.794926
v -0.907804 0.406405 9.947664
v -0.661711 0.122660 9.789273
v -0.787296 0.537994 10.022943
v -0.646812 0.537820 10.029431
v -0.780321 0.411735 9.923563
v -0.645777 0.399532 9.928645
v -0.784073 0.284017 9.849344
v -0.649412 0.260366 9.848352
v -0.000000 0.640891 12.952658
v 0.000000 1.118538 12.666874
v 0.000000 1.336442 12.504063
v -0.000000 0.035166 13.051371
v -0.000000 0.895786 12.818159
v -0.224195 0.886360 12.789425
v -0.423168 0.864951 12.721803
v -0.731550 0.790967 12.519079
v -1.074801 0.584550 12.107002
v -1.182593 0.476917 11.949044
v -1.301157 0.349298 11.793447
v -1.443736 0.196655 11.631256
v -1.577551 0.054990 11.483595
v -1.676701 -0.082269 11.327133
v -1.754495 -0.245175 11.147835
v -1.795961 -0.402549 10.997438
v -1.790177 -0.567626 10.833168
v -1.764116 -0.709356 10.704974
v -1.722809 -0.846601 10.607260
v -0.000000 0.350541 13.043001
v -0.251812 0.348773 13.014301
v -0.473544 0.344883 12.932880
v -0.798207 0.325743 12.688188
v -1.097955 0.256300 12.284347
v -1.177987 0.198950 12.157413
v -1.265770 0.086559 12.037529
v -1.369320 -0.067283 11.890373
v -1.483392 -0.197474 11.727879
v -1.566130 -0.321297 11.573548
v -1.626704 -0.482824 11.401097
v -1.648213 -0.651713 11.227991
v -1.603379 -0.806697 11.065079
v -1.541272 -0.925306 10.942606
v -1.461257 -1.031065 10.861307
v -0.091263 -0.045296 10.990201
v -0.108553 -0.186864 10.878913
v -0.233386 -0.413874 10.705683
v -0.088574 0.064432 10.780424
v -0.105794 -0.093125 10.672790
v -0.214645 -0.322107 10.504850
v -0.199579 0.312432 11.231009
v -0.171058 0.416638 10.996482
v -0.277325 0.614761 10.819345
v -0.187592 0.463815 10.763405
v -0.288617 0.615489 10.597740
v -0.204804 0.496658 10.564528
v -0.101321 0.147723 10.572731
v -0.299999 -0.311266 10.260281
v -0.107707 -0.007217 10.471416
v -0.208206 -0.226282 10.324223
v -0.122107 0.223589 10.400460
v -0.282840 -0.220137 10.106150
v -0.118047 0.077484 10.305545
v -0.197331 -0.139664 10.169311
v -0.288032 0.595330 10.412792
v -0.217260 0.505135 10.402550
v -0.152296 0.273178 10.249526
v -0.140131 0.142974 10.166968
v -0.196649 -0.060648 10.048439
v -0.271793 -0.124652 9.984605
v -0.279629 0.552752 10.265038
v -0.230946 0.505268 10.298635
v -0.265405 -0.029598 9.917257
v -0.208826 -0.004523 9.976059
v -0.178917 0.183777 10.049569
v -0.188822 0.308668 10.136177
v -0.261203 0.323163 10.050076
v -0.254466 0.188681 9.964996
v -0.189443 0.072964 9.995558
v -0.154357 0.034283 10.093583
v -0.144006 -0.033941 10.220770
v -0.145548 -0.115694 10.373720
v -0.152619 -0.217602 10.575114
v -0.168600 -0.320606 10.784101
v -0.206374 -0.399117 11.003228
v -0.284544 -0.482743 11.218657
v -0.358979 -0.562114 11.377978
v -0.429147 -0.637852 11.506893
v -0.421944 -0.739576 11.586962
v -0.375627 -0.830896 11.638918
v -0.219095 -0.955860 11.724383
v -0.115617 -0.988531 11.751191
v 0.000000 -1.004956 11.763823
v -0.262122 0.077991 9.919032
v -0.270251 0.446502 10.156344
v -0.209030 0.422218 10.231743
v -0.173857 0.403938 10.340896
v -0.147657 0.369805 10.494739
v -0.123134 0.315888 10.686420
v -0.108966 0.244738 10.905186
v -0.124310 0.139811 11.127367
v -0.166405 0.008348 11.328298
v -0.240608 -0.151954 11.499326
v -0.303126 -0.295905 11.652061
v -0.350354 -0.420000 11.783438
v -0.369402 -0.523016 11.884712
v -0.378728 -0.616301 11.974275
v -0.287512 -0.777004 12.113965
v -0.157075 -0.824168 12.160579
v -1.137557 0.928856 11.444685
v -1.035276 1.085236 11.610760
v -0.669643 1.415347 12.028233
v -0.373689 1.531279 12.221522
v -0.197332 1.561883 12.287053
v 0.000000 1.576044 12.318904
v -1.151354 1.094023 11.240582
v -1.042074 1.257066 11.393541
v -0.674209 1.631772 11.817243
v -0.374630 1.772941 12.024468
v -0.197017 1.812255 12.091713
v -0.000000 1.828520 12.125435
v 0.000000 -0.840547 12.175926
v -0.620245 -0.916823 11.354148
v -0.632011 -0.762956 11.306993
v -0.587633 -0.671900 11.177265
v -0.537924 -0.620739 11.004638
v -0.511645 -0.565975 10.794290
v -0.481038 -0.517752 10.579201
v -0.454864 -0.452480 10.381424
v -0.429110 -0.371383 10.200130
v -0.403991 -0.281305 10.039796
v -0.380108 -0.171608 9.911001
v -0.369140 -0.039715 9.847562
v -0.364316 0.086031 9.860039
v -0.361057 0.204813 9.907295
v -0.371364 0.349864 9.989961
v -0.372597 0.492847 10.093328
v -0.382185 0.605864 10.229657
v -0.404253 0.661204 10.402714
v -0.414655 0.709319 10.607574
v -0.421768 0.724211 10.846940
v -0.457725 0.651052 11.092260
v -0.515385 0.484433 11.302704
v -0.566168 0.292698 11.476875
v -0.608274 0.080871 11.615019
v -0.643535 -0.101227 11.784338
v -0.683366 -0.241738 11.930753
v -0.715977 -0.340676 12.061254
v -0.766581 -0.373560 12.204679
v -0.847190 -0.285572 12.383693
v -0.900655 -0.119118 12.503901
v -0.927062 0.090999 12.567802
v -0.912239 0.311664 12.557277
v -0.887999 0.530562 12.495169
v -0.853931 0.738849 12.397897
v -0.828941 0.934806 12.262209
v -0.807003 1.129382 12.100770
v -0.800210 1.326450 11.903401
v -0.805452 1.528131 11.686719
v -0.723829 -0.936713 11.278798
v -0.729072 -0.779916 11.245195
v -0.702795 -0.684713 11.108441
v -0.673588 -0.635937 10.928741
v -0.648547 -0.582088 10.727161
v -0.628053 -0.530188 10.524316
v -0.605784 -0.465450 10.330388
v -0.581600 -0.393025 10.144094
v -0.557998 -0.306619 9.979106
v -0.531109 -0.189932 9.837311
v -0.516070 -0.035263 9.786097
v -0.512269 0.098631 9.808638
v -0.504964 0.238934 9.866669
v -0.507057 0.377195 9.952911
v -0.505285 0.522513 10.054032
v -0.516166 0.647463 10.196271
v -0.548125 0.710118 10.383519
v -0.581922 0.761474 10.596936
v -0.613796 0.772900 10.841271
v -0.659696 0.655603 11.076728
v -0.692958 0.485987 11.271404
v -0.724662 0.292340 11.443448
v -0.745607 0.074126 11.580184
v -0.769977 -0.117484 11.745401
v -0.805335 -0.265822 11.889585
v -0.847670 -0.332922 12.015354
v -0.899940 -0.330641 12.142861
v -0.963245 -0.240778 12.280163
v -1.005579 -0.087800 12.385766
v -1.024292 0.097636 12.442569
v -1.010185 0.291708 12.424334
v -0.991174 0.485651 12.361174
v -0.962503 0.673449 12.265615
v -0.944537 0.852139 12.128551
v -0.926770 1.032909 11.965717
v -0.922401 1.216387 11.763542
v -0.928368 1.403034 11.543498
v 1.343309 -1.026216 10.935735
v 1.607191 -0.964390 10.729183
v 1.432935 -0.925583 11.023602
v 1.237673 -0.978331 10.997063
v 1.066779 -0.918730 11.058466
v 1.158439 -0.880397 11.051592
v 1.770961 -0.164924 10.475177
v 1.804349 -0.420034 10.464512
v 1.040124 0.913588 11.805967
v 0.679045 1.205973 12.219232
v 1.090899 0.422322 12.217684
v 1.259765 0.613880 11.464104
v 1.246400 0.756405 11.279401
v 1.377975 0.715138 10.937924
v 1.262861 0.912388 11.086460
v 1.300394 0.213365 11.926390
v 0.580095 -0.379558 12.069517
v 0.547154 -0.253591 11.943564
v 0.614434 -0.454309 12.243709
v 1.096410 -0.365977 11.694239
v 1.334560 -0.644468 11.323297
v 1.433278 -0.678762 11.316726
v 1.544183 -0.681962 11.278610
v 1.500656 -0.825815 11.128411
v 1.396978 -0.798498 11.179545
v 1.335543 -0.891100 11.076249
v 1.301776 -0.744275 11.200274
v 1.252354 -0.820962 11.107265
v 0.239537 0.634131 12.923716
v 0.246440 -0.244824 12.920518
v 0.783175 -0.152518 12.620080
v 0.458630 -0.217313 12.839261
v 0.379628 -0.594722 12.487923
v 0.176866 -0.748029 12.347150
v 0.203302 -0.638061 12.549909
v 0.331034 -0.704907 12.289637
v 0.464166 -0.538996 12.105620
v 0.450206 0.618667 12.849224
v 0.769530 0.564966 12.623278
v 0.526215 -0.877849 11.432275
v 0.468147 -0.808026 11.507697
v 0.401405 -0.916279 11.547661
v 0.383679 -0.675823 11.673610
v 0.363456 -0.763613 11.740338
v 0.549977 -0.734551 11.370103
v 0.480957 -0.692986 11.438692
v 0.361470 -0.584597 11.580626
v 0.234094 -0.895906 11.837801
v 0.212660 -1.030040 11.624717
v 0.353574 -0.608830 11.773275
v 0.356138 -0.694895 11.853250
v 0.260096 -0.837188 11.963475
v 0.832994 -0.943963 11.201906
v 0.946062 -0.939167 11.120823
v 0.940982 -0.781618 11.111691
v 0.834083 -0.786480 11.174844
v 1.040172 -0.767874 11.074607
v 1.125332 -0.746038 11.067388
v 1.203936 -0.692750 11.102485
v 1.249861 -0.627779 11.183788
v 0.336182 -0.514419 11.673620
v 0.448550 -0.441267 11.999633
v 0.424013 -0.321329 11.884700
v 0.143004 -0.883982 12.000609
v 0.128095 -0.934648 11.866999
v 0.202955 1.329854 12.471239
v 1.262671 -0.563396 11.301259
v 0.109037 -1.057728 11.648579
v 0.382922 1.303983 12.406626
v 0.213198 1.109788 12.637101
v 0.400600 1.084558 12.574215
v 0.700065 1.000557 12.385070
v 1.056654 0.748237 11.972246
v 1.286012 0.480801 11.635308
v 1.775958 -0.648443 10.495070
v 0.521900 -0.116782 11.794795
v 1.053449 -0.221178 11.553458
v 0.426988 -0.613421 11.303604
v 0.504631 -0.648513 11.238032
v 0.307062 -0.493426 11.462976
v 0.819871 -0.680211 11.046305
v 0.934225 -0.660775 11.007125
v 1.034307 -0.635078 10.990544
v 1.117604 -0.598414 11.008897
v 1.177651 -0.550740 11.055475
v 1.228155 -0.497111 11.123390
v 0.389778 -0.183838 11.747111
v 1.237455 -0.430787 11.220643
v 0.281691 -0.411838 11.541867
v 1.138663 -0.469062 10.861205
v 1.051425 -0.533585 10.835502
v 0.804840 -0.625228 10.870184
v 0.933245 -0.587564 10.837887
v 1.072151 -0.025100 11.391588
v 1.252652 -0.317872 10.982136
v 1.260908 -0.264205 11.089543
v 1.204129 -0.402403 10.915456
v 0.357872 -0.550824 11.141683
v 0.447394 -0.597349 11.067246
v 0.233379 -0.395918 11.295003
v 0.347868 -0.018576 11.593952
v 0.482112 0.048446 11.628910
v 0.207360 -0.298261 11.382333
v 1.057837 -0.447909 10.658072
v 0.150037 -0.295923 11.091581
v 0.281155 -0.484414 10.924880
v 0.792795 -0.571411 10.677484
v 0.931525 -0.524146 10.652661
v 0.392822 -0.540721 10.856993
v 1.123059 0.174525 11.238909
v 1.328334 -0.099304 10.921477
v 1.304881 -0.175932 10.816512
v 0.277921 0.170246 11.433707
v 0.420264 0.255701 11.471272
v 0.125600 -0.176928 11.188107
v 1.150013 0.349578 11.066024
v 0.342082 0.438112 11.292574
v 0.345788 -0.480314 10.640924
v 1.234423 -0.158123 10.569402
v 0.778195 -0.510812 10.483398
v 1.296560 -0.053300 10.640989
v 1.331745 0.049713 10.734793
v 1.201827 -0.051898 10.396152
v 0.316874 -0.400086 10.436193
v 1.258443 0.051042 10.466540
v 1.293069 0.166728 10.553133
v 1.137311 0.494153 10.866962
v 0.285999 0.566183 11.068093
v 1.093929 0.591283 10.661017
v 1.236574 0.247973 10.388580
v 1.209143 0.130636 10.307158
v 1.162651 0.028758 10.238096
v 1.036904 0.632748 10.472771
v 1.171426 0.308612 10.238415
v 1.153606 0.195863 10.161654
v 1.117353 0.097066 10.094095
v 0.975813 0.624184 10.307367
v 1.098829 0.353655 10.108528
v 1.090705 0.248193 10.041569
v 1.064550 0.150515 9.976737
v 0.998819 0.183274 9.890646
v 1.013348 0.283772 9.944749
v 1.014530 0.386078 10.011860
v 0.930493 0.598862 10.158338
v 1.163187 -0.355032 10.694669
v 1.233976 -0.269578 10.750636
v 0.925507 -0.453431 10.467050
v 1.053382 -0.362238 10.475681
v 1.158197 -0.255806 10.513409
v 1.128619 -0.153268 10.326777
v 1.097030 -0.068160 10.168061
v 1.058613 0.001737 10.032823
v 1.015891 0.066903 9.918058
v 0.981712 0.110987 9.863776
v 0.676958 -0.011043 9.760560
v 0.819952 0.028682 9.774156
v 0.918748 0.077201 9.820189
v 0.943601 -0.005558 9.867132
v 0.977131 -0.096235 9.977751
v 1.009411 -0.183149 10.119084
v 1.034120 -0.270055 10.292892
v 0.843693 -0.089886 9.833522
v 0.872821 -0.200206 9.950570
v 0.898759 -0.295389 10.102015
v 0.912584 -0.376034 10.281837
v 0.763671 -0.444767 10.293213
v 0.748178 -0.370349 10.110097
v 0.728035 -0.278729 9.946168
v 0.703365 -0.156230 9.812891
v 0.255836 0.040430 13.020560
v 0.479886 0.052471 12.934957
v 0.810583 0.079181 12.696320
v 1.188328 0.336496 12.073359
v 1.163659 0.622114 11.804375
v 1.144729 0.771880 11.635161
v 1.497416 0.506887 10.802322
v 1.702173 0.074697 10.562838
v 1.610503 0.295137 10.674756
v 1.764557 -0.159355 10.613529
v 1.710214 0.031035 10.711039
v 1.800938 -0.353310 10.577589
v 1.625780 0.215457 10.835438
v 1.509810 0.390553 10.972986
v 1.373663 0.574670 11.124092
v 1.802298 -0.537514 10.610952
v 1.665719 -0.845987 10.825682
v 1.715646 -0.716916 10.958035
v 1.726835 -0.023889 10.846738
v 1.774577 -0.185097 10.738624
v 1.796031 -0.315296 10.670379
v 1.809729 -0.423173 10.722596
v 1.647054 0.133466 10.992029
v 1.538566 0.285797 11.141237
v 1.401416 0.451640 11.301853
v 1.430565 0.056084 11.769278
v 1.431281 0.328345 11.472779
v 1.546873 -0.080377 11.628442
v 1.570563 0.175655 11.310484
v 1.727837 -0.548257 11.130132
v 1.794184 -0.272090 10.859803
v 1.322819 -0.531895 11.482093
v 1.242619 -0.491057 11.450814
v 1.416267 -0.536875 11.485346
v 1.522664 -0.523998 11.460297
v 1.708310 -0.381235 11.298156
v 1.748837 -0.119115 10.993151
v 1.669832 0.039279 11.156357
v 1.639152 -0.212620 11.473199
v 1.198999 -0.016981 12.133966
v 1.249996 -0.192826 11.996307
v 1.386761 -0.287561 11.785621
v 1.471741 -0.385823 11.622046
v 1.158938 -0.321997 11.940939
v 1.283535 -0.358956 11.800259
v 1.365963 -0.434777 11.643660
v 0.728474 -0.342664 12.474711
v 0.426649 -0.438102 12.683356
v 0.229150 -0.477418 12.755267
v 1.087636 -0.356973 11.882392
v 1.184534 -0.387176 11.773402
v 1.264749 -0.448834 11.631799
v 1.088094 -0.208548 12.157971
v 1.026967 -0.316208 12.062037
v 0.971241 -0.343407 11.963256
v 1.105105 -0.059205 12.259418
v 1.108240 0.100359 12.311615
v 1.164487 0.096132 12.208189
v 1.171147 -0.406787 11.583960
v 1.132857 -0.281209 11.464293
v 1.158192 -0.091487 11.314034
v 1.248877 0.109942 11.156082
v 1.253309 0.273851 10.962660
v 1.233002 0.404211 10.766206
v 1.189794 0.502288 10.569756
v 1.126097 0.546264 10.400023
v 1.055745 0.554385 10.261232
v 1.002635 0.551887 10.166378
v 1.013145 -0.332527 11.775004
v 0.976858 -0.172769 11.615314
v 0.983193 0.024307 11.457249
v 1.009320 0.231068 11.320125
v 1.022231 0.421501 11.159410
v 1.015337 0.581616 10.962693
v 0.967105 0.666986 10.741614
v 0.913032 0.703537 10.533836
v 0.855390 0.688220 10.337979
v 0.806814 0.629680 10.165035
v 0.913385 -0.299305 11.832859
v 0.880281 -0.142221 11.681334
v 0.871488 0.062277 11.528052
v 0.874130 0.268890 11.390461
v 0.864488 0.460884 11.222926
v 0.844900 0.636198 11.034866
v 0.812367 0.748618 10.805801
v 0.758825 0.760247 10.569352
v 0.705143 0.725821 10.361152
v 0.667418 0.652516 10.176667
v 1.205262 -0.368338 11.353241
v 1.233085 -0.174023 11.202623
v 1.323020 0.020878 11.031350
v 1.328873 0.171000 10.847254
v 1.296956 0.296772 10.653357
v 1.240845 0.373117 10.479795
v 1.169098 0.421930 10.324540
v 1.093259 0.458793 10.190730
v 1.012221 0.481290 10.094121
v 0.912941 0.514612 10.040409
v 0.911389 0.178181 9.831777
v 0.909355 0.294897 9.878634
v 0.797433 0.150967 9.794926
v 0.907804 0.406405 9.947664
v 0.661711 0.122660 9.789273
v 0.787296 0.537994 10.022943
v 0.646812 0.537820 10.029431
v 0.780321 0.411735 9.923563
v 0.645777 0.399532 9.928645
v 0.784073 0.284017 9.849344
v 0.649412 0.260366 9.848352
v 0.224195 0.886360 12.789425
v 0.423168 0.864951 12.721803
v 0.731550 0.790967 12.519079
v 1.074801 0.584550 12.107002
v 1.182593 0.476917 11.949044
v 1.301157 0.349298 11.793447
v 1.443736 0.196655 11.631256
v 1.577551 0.054990 11.483595
v 1.676701 -0.082269 11.327133
v 1.754495 -0.245175 11.147835
v 1.795961 -0.402549 10.997438
v 1.790177 -0.567626 10.833168
v 1.764116 -0.709356 10.704974
v 1.722809 -0.846601 10.607260
v 0.251812 0.348773 13.014301
v 0.473544 0.344883 12.932880
v 0.798207 0.325743 12.688188
v 1.097955 0.256300 12.284347
v 1.177987 0.198950 12.157413
v 1.265770 0.086559 12.037529
v 1.369320 -0.067283 11.890373
v 1.483392 -0.197474 11.727879
v 1.566130 -0.321297 11.573548
v 1.626704 -0.482824 11.401097
v 1.648213 -0.651713 11.227991
v 1.603379 -0.806697 11.065079
v 1.541272 -0.925306 10.942606
v 1.461257 -1.031065 10.861307
v 0.091263 -0.045296 10.990201
v 0.108553 -0.186864 10.878913
v 0.233386 -0.413874 10.705683
v 0.088574 0.064432 10.780424
v 0.105794 -0.093125 10.672790
v 0.214645 -0.322107 10.504850
v 0.199579 0.312432 11.231009
v 0.171058 0.416638 10.996482
v 0.277325 0.614761 10.819345
v 0.187592 0.463815 10.763405
v 0.288617 0.615489 10.597740
v 0.204804 0.496658 10.564528
v 0.101321 0.147723 10.572731
v 0.299999 -0.311266 10.260281
v 0.107707 -0.007217 10.471416
v 0.208206 -0.226282 10.324223
v 0.122107 0.223589 10.400460
v 0.282840 -0.220137 10.106150
v 0.118047 0.077484 10.305545
v 0.197331 -0.139664 10.169311
v 0.288032 0.595330 10.412792
v 0.217260 0.505135 10.402550
v 0.152296 0.273178 10.249526
v 0.140131 0.142974 10.166968
v 0.196649 -0.060648 10.048439
v 0.271793 -0.124652 9.984605
v 0.279629 0.552752 10.265038
v 0.230946 0.505268 10.298635
v 0.265405 -0.029598 9.917257
v 0.208826 -0.004523 9.976059
v 0.178917 0.183777 10.049569
v 0.188822 0.308668 10.136177
v 0.261203 0.323163 10.050076
v 0.254466 0.188681 9.964996
v 0.189443 0.072964 9.995558
v 0.154357 0.034283 10.093583
v 0.144006 -0.033941 10.220770
v 0.145548 -0.115694 10.373720
v 0.152619 -0.217602 10.575114
v 0.168600 -0.320606 10.784101
v 0.206374 -0.399117 11.003228
v 0.284544 -0.482743 11.218657
v 0.358979 -0.562114 11.377978
v 0.429147 -0.637852 11.506893
v 0.421944 -0.739576 11.586962
v 0.375627 -0.830896 11.638918
v 0.219095 -0.955860 11.724383
v 0.115617 -0.988531 11.751191
v 0.262122 0.077991 9.919032
v 0.270251 0.446502 10.156344
v 0.209030 0.422218 10.231743
v 0.173857 0.403938 10.340896
v 0.147657 0.369805 10.494739
v 0.123134 0.315888 10.686420
v 0.108966 0.244738 10.905186
v 0.124310 0.139811 11.127367
v 0.166405 0.008348 11.328298
v 0.240608 -0.151954 11.499326
v 0.303126 -0.295905 11.652061
v 0.350354 -0.420000 11.783438
v 0.369402 -0.523016 11.884712
v 0.378728 -0.616301 11.974275
v 0.287512 -0.777003 12.113965
v 0.157075 -0.824168 12.160579
v 1.137557 0.928856 11.444685
v 1.035276 1.085236 11.610760
v 0.669643 1.415347 12.028233
v 0.373689 1.531279 12.221522
v 0.197332 1.561883 12.287053
v 1.151354 1.094023 11.240582
v 1.042074 1.257066 11.393541
v 0.674209 1.631769 11.817225
v 0.374629 1.772928 12.024451
v 0.197017 1.812251 12.091713
v 0.620245 -0.916823 11.354148
v 0.632011 -0.762956 11.306993
v 0.587633 -0.671900 11.177265
v 0.537924 -0.620739 11.004638
v 0.511645 -0.565975 10.794290
v 0.481038 -0.517752 10.579201
v 0.454864 -0.452480 10.381424
v 0.429110 -0.371383 10.200130
v 0.403991 -0.281305 10.039796
v 0.380108 -0.171608 9.911001
v 0.369140 -0.039715 9.847562
v 0.364316 0.086031 9.860039
v 0.361057 0.204813 9.907295
v 0.371364 0.349864 9.989961
v 0.372597 0.492847 10.093328
v 0.382185 0.605864 10.229657
v 0.404253 0.661204 10.402714
v 0.414655 0.709319 10.607574
v 0.421768 0.724211 10.846940
v 0.457725 0.651052 11.092260
v 0.515385 0.484433 11.302704
v 0.566168 0.292698 11.476875
v 0.608274 0.080871 11.615019
v 0.643535 -0.101227 11.784338
v 0.683366 -0.241738 11.930753
v 0.715977 -0.340676 12.061254
v 0.766581 -0.373560 12.204679
v 0.847190 -0.285572 12.383693
v 0.900655 -0.119118 12.503901
v 0.927062 0.090999 12.567802
v 0.912239 0.311664 12.557277
v 0.887999 0.530562 12.495169
v 0.853931 0.738849 12.397897
v 0.828941 0.934806 12.262209
v 0.807003 1.129382 12.100770
v 0.800210 1.326450 11.903401
v 0.805452 1.528131 11.686719
v 0.723829 -0.936713 11.278798
v 0.729072 -0.779916 11.245195
v 0.702795 -0.684713 11.108441
v 0.673588 -0.635937 10.928741
v 0.648547 -0.582088 10.727161
v 0.628053 -0.530188 10.524316
v 0.605784 -0.465450 10.330388
v 0.581600 -0.393025 10.144094
v 0.557998 -0.306619 9.979106
v 0.531109 -0.189932 9.837311
v 0.516070 -0.035263 9.786097
v 0.512269 0.098631 9.808638
v 0.504964 0.238934 9.866669
v 0.507057 0.377195 9.952911
v 0.505285 0.522513 10.054032
v 0.516166 0.647463 10.196271
v 0.548125 0.710118 10.383519
v 0.581922 0.761474 10.596936
v 0.613796 0.772900 10.841271
v 0.659696 0.655603 11.076728
v 0.692958 0.485987 11.271404
v 0.724662 0.292340 11.443448
v 0.745607 0.074126 11.580184
v 0.769977 -0.117484 11.745401
v 0.805335 -0.265822 11.889585
v 0.847670 -0.332922 12.015354
v 0.899940 -0.330641 12.142861
v 0.963245 -0.240778 12.280163
v 1.005579 -0.087800 12.385766
v 1.024292 0.097636 12.442569
v 1.010185 0.291708 12.424334
v 0.991174 0.485651 12.361174
v 0.962503 0.673449 12.265615
v 0.944537 0.852139 12.128551
v 0.926770 1.032909 11.965717
v 0.922401 1.216387 11.763542
v 0.928368 1.403034 11.543498
v 0.533261 1.713137 11.930194
v 0.529156 1.482678 12.134183
v 0.539144 1.262768 12.322738
v 0.559659 1.049080 12.488791
v 0.592153 0.833670 12.628402
v 0.626353 0.594947 12.744060
v 0.656543 0.336370 12.817702
v 0.660915 0.066521 12.817479
v 0.637824 -0.185683 12.734173
v 0.591964 -0.392653 12.586288
v 0.519871 -0.536149 12.385592
v 0.430727 -0.631125 12.203710
v 0.366461 -0.704373 12.048747
v 0.331223 -0.772908 11.913001
v 0.313755 -0.837208 11.794567
v 0.305645 -0.902841 11.685381
v 0.307523 -0.984287 11.589136
v -0.307523 -0.984287 11.589136
v -0.305645 -0.902841 11.685381
v -0.313755 -0.837208 11.794567
v -0.331223 -0.772908 11.913001
v -0.366461 -0.704373 12.048747
v -0.430727 -0.631125 12.203710
v -0.519871 -0.536149 12.385592
v -0.591964 -0.392653 12.586288
v -0.637824 -0.185683 12.734173
v -0.660915 0.066521 12.817479
v -0.656543 0.336370 12.817702
v -0.626353 0.594947 12.744060
v -0.592153 0.833670 12.628402
v -0.559659 1.049080 12.488791
v -0.539144 1.262768 12.322738
v -0.529156 1.482678 12.134183
v -0.533261 1.713151 11.930211
v -0.000000 -6.557181 9.786305
v 0.000000 -3.256831 11.032796
v 0.000000 -6.770177 10.870479
v -0.000000 -6.379730 10.686716
v 0.000000 -6.553595 10.811561
v 0.000000 -6.262141 10.519582
v -0.000000 -7.228200 10.630966
v 0.000000 -6.240740 10.353582
v -0.000000 -7.311460 10.298851
v 0.000000 -6.479811 9.885371
v 0.000000 -3.111898 11.856420
v 0.000000 -2.967973 11.948907
v -0.000000 -2.818954 12.006927
v -0.000000 -2.669840 12.024796
v -0.000000 -3.331839 11.573730
v -0.000000 -3.235938 11.728981
v 0.000000 -7.409270 10.003366
v 0.000000 -3.192968 10.975533
v -0.000000 -3.121944 10.927242
v -0.000000 -3.361735 11.186561
v -0.000000 -3.392651 11.296180
v 0.000000 -3.385293 11.421063
v 0.000000 -3.313131 11.100707
v -0.000000 -3.044360 10.886415
v -0.000000 -6.336057 10.100982
v 0.000000 -6.403018 9.992375
v -0.000000 -6.277200 10.215594
v -1.266936 -5.757627 9.760173
v -1.568168 -5.391001 9.634323
v -1.110722 -5.926147 9.790425
v -1.422300 -5.577524 9.710757
v -1.707502 -5.209644 9.545530
v -0.718108 -3.162732 10.760216
v -1.187769 -3.403767 10.521361
v -0.174904 -3.049622 10.877651
v -1.316860 -3.483944 10.426226
v -2.057918 -4.177024 9.499036
v -1.826231 -5.016543 9.467021
v -0.340634 -6.489655 9.789380
v -2.000206 -4.043060 9.588820
v -1.959870 -4.003864 9.646124
v -0.832904 -3.212806 10.714407
v -0.947429 -3.267997 10.661134
v -1.712554 -3.776106 9.995061
v -1.828030 -3.886169 9.827817
v -1.903880 -3.958910 9.719233
v -1.583531 -3.670072 10.160172
v -1.449731 -3.574584 10.305729
v -0.334684 -3.065086 10.859591
v -2.067243 -4.283177 9.469559
v -2.032364 -4.102908 9.536821
v -2.052258 -4.419674 9.442889
v -1.982924 -4.632024 9.431842
v -1.915630 -4.821942 9.433333
v -1.772184 -3.949318 10.519411
v -1.873700 -4.071370 10.341700
v -1.657194 -3.825283 10.701466
v -1.717782 -4.005115 10.437108
v -1.824030 -4.120594 10.263882
v -1.954251 -4.185742 10.185843
v -2.010996 -4.276347 10.068038
v -1.836291 -3.881736 10.594814
v -1.933908 -4.013394 10.409161
v -1.532696 -3.703527 10.878413
v -1.598990 -3.891572 10.615074
v -1.723608 -3.746675 10.783609
v -1.671944 -4.045275 10.348482
v -1.784992 -4.149189 10.175920
v -1.907483 -4.228292 10.118522
v -1.965302 -4.306561 10.015885
v -2.014139 -4.135640 10.242059
v -2.068185 -4.236110 10.113013
v -1.907171 -3.797139 10.652831
v -2.000335 -3.938114 10.462168
v -1.401913 -3.591670 11.034368
v -1.473533 -3.781310 10.785410
v -1.600193 -3.610854 10.967566
v -1.551616 -3.938254 10.525788
v -1.796204 -3.648265 10.851556
v -1.646238 -4.047837 10.268883
v -1.638575 -4.028237 10.205373
v -1.766022 -4.114351 10.047452
v -1.770282 -4.138393 10.102112
v -1.870565 -4.238500 10.044830
v -1.929567 -4.295838 9.948543
v -2.056127 -4.443067 9.905272
v -2.076962 -4.070205 10.288801
v -2.132587 -4.184454 10.146977
v -1.982959 -3.691223 10.685132
v -2.074347 -3.847063 10.488297
v -1.138841 -3.416781 11.293156
v -1.268572 -3.496210 11.173665
v -1.345591 -3.676981 10.936394
v -1.467414 -3.488530 11.129129
v -1.425360 -3.833421 10.692311
v -1.670077 -3.499916 11.040345
v -1.521423 -3.943301 10.442817
v -1.510464 -3.930359 10.370471
v -1.872048 -3.529484 10.889945
v -1.642782 -3.998179 10.151295
v -1.658428 -3.951466 10.107078
v -1.781185 -4.057169 9.940357
v -1.769577 -4.085903 9.997146
v -1.859301 -4.212056 9.979028
v -1.863674 -4.185206 9.926561
v -1.920007 -4.231413 9.843198
v -1.916401 -4.264061 9.889588
v -2.012175 -4.439250 9.866961
v -2.060666 -4.568389 9.832562
v -2.113609 -4.430352 9.922240
v -2.147090 -3.993289 10.314206
v -2.206391 -4.127633 10.165985
v -2.060529 -3.561475 10.677071
v -2.155003 -3.734286 10.482732
v -1.088191 -3.510168 11.183041
v -1.215696 -3.586312 11.069429
v -1.197412 -3.301217 11.393662
v -1.332317 -3.386729 11.271362
v -1.299681 -3.736480 10.838802
v -1.536602 -3.368351 11.201985
v -1.392588 -3.845846 10.605956
v -1.378683 -3.832902 10.529005
v -1.743831 -3.372222 11.082380
v -1.512840 -3.899398 10.313953
v -1.527347 -3.853219 10.270055
v -1.943030 -3.387410 10.881359
v -1.674991 -3.905101 10.061707
v -1.692113 -3.847850 10.024826
v -1.809801 -3.953293 9.857135
v -1.797033 -4.011384 9.892417
v -1.865116 -4.155998 9.880630
v -1.867015 -4.119686 9.833760
v -1.922735 -4.154268 9.763453
v -1.920458 -4.195714 9.804672
v -1.983150 -4.408201 9.818973
v -2.018509 -4.560458 9.803457
v -2.073730 -4.711590 9.769453
v -2.075174 -4.877707 9.751809
v -2.119340 -4.559146 9.848782
v -2.183638 -4.404842 9.934224
v -2.229110 -3.901024 10.310050
v -2.289129 -4.052613 10.162234
v -1.011780 -3.351773 11.395258
v -0.886522 -3.301458 11.482237
v -1.046546 -3.577071 11.069406
v -1.169500 -3.647561 10.965141
v -1.253829 -3.168540 11.470222
v -1.396215 -3.258032 11.346553
v -1.265310 -3.756850 10.744359
v -1.249446 -3.740757 10.666757
v -1.605758 -3.237557 11.247946
v -1.380044 -3.801571 10.468276
v -1.393862 -3.754986 10.422686
v -1.810491 -3.225119 11.075739
v -1.543806 -3.803941 10.226563
v -1.563208 -3.741285 10.190820
v -1.877293 -4.069104 9.791181
v -1.888419 -4.015745 9.753086
v -1.942433 -4.055369 9.685757
v -1.930151 -4.109354 9.723798
v -1.969142 -4.365687 9.769015
v -1.969903 -4.315608 9.733741
v -1.990016 -4.514478 9.769328
v -2.030862 -4.681952 9.751328
v -2.031324 -4.799473 9.738281
v -2.040726 -5.054695 9.810161
v -2.130305 -4.740867 9.778272
v -2.129224 -4.890405 9.764345
v -2.191086 -4.556008 9.850950
v -2.264731 -4.370912 9.941880
v -0.761880 -3.263832 11.553476
v -0.964654 -3.450137 11.276927
v -0.845444 -3.401561 11.358995
v -1.065020 -3.230911 11.498622
v -0.931829 -3.178059 11.587354
v -1.012845 -3.604706 10.956483
v -1.136741 -3.673547 10.860302
v -0.998577 -3.592374 10.868052
v -1.120123 -3.659634 10.778846
v -1.307919 -3.025774 11.523419
v -1.457391 -3.122266 11.397434
v -1.251952 -3.707643 10.603943
v -1.263244 -3.663759 10.552421
v -1.666605 -3.085186 11.253677
v -1.410459 -3.705926 10.378000
v -1.429687 -3.643636 10.339621
v -1.973269 -4.265557 9.702107
v -1.979881 -4.234088 9.662125
v -1.983432 -4.443424 9.729139
v -1.988787 -4.386153 9.693955
v -2.001859 -4.652001 9.724537
v -1.999706 -4.749285 9.713527
v -1.995419 -4.981246 9.784115
v -2.099645 -5.124796 9.804507
v -2.199505 -4.754552 9.781336
v -2.198420 -4.913184 9.752303
v -2.274084 -4.521657 9.854774
v -0.727118 -3.366884 11.426849
v -0.798712 -3.139930 11.661513
v -0.928161 -3.520724 11.157735
v -0.813389 -3.476312 11.233389
v -1.112983 -3.094059 11.578516
v -0.972326 -3.040111 11.667042
v -0.999802 -3.554155 10.797714
v -1.122684 -3.624611 10.711925
v -0.894794 -3.451401 10.804532
v -1.133941 -3.583723 10.653445
v -1.354545 -2.869208 11.536784
v -1.511118 -2.969076 11.406234
v -1.279172 -3.613226 10.504647
v -1.297140 -3.553262 10.462531
v -1.991314 -4.193684 9.622760
v -2.008837 -4.146620 9.581948
v -1.989203 -4.326391 9.664994
v -1.995512 -4.298347 9.626934
v -1.987362 -4.582768 9.691544
v -1.981453 -4.519180 9.662051
v -1.971274 -4.636114 9.647589
v -1.980769 -4.689795 9.681968
v -1.961843 -4.932733 9.744210
v -2.171468 -5.164240 9.773394
v -2.280764 -4.738637 9.776554
v -2.281834 -4.921281 9.728917
v -0.344444 -3.223251 11.693920
v -0.700291 -3.440761 11.295229
v -0.830825 -3.000643 11.742564
v -0.898180 -3.550478 11.038100
v -0.787991 -3.506385 11.108484
v -0.884090 -3.535695 10.943787
v -0.776261 -3.486592 11.009091
v -1.158001 -2.947373 11.629133
v -1.008888 -2.891214 11.717944
v -0.908564 -3.398130 10.749619
v -1.149252 -3.532071 10.603341
v -0.926635 -3.336811 10.701939
v -1.167495 -3.472725 10.559136
v -2.008641 -4.260279 9.587656
v -2.029467 -4.216525 9.545694
v -1.985379 -4.471923 9.630058
v -1.996886 -4.435723 9.596067
v -1.983169 -4.577847 9.573485
v -1.971337 -4.594648 9.613069
v -1.945660 -4.873319 9.703923
v -1.940874 -4.851297 9.654165
v -1.942425 -5.340874 9.945967
v -2.265789 -5.191110 9.722117
v -0.178644 -3.230285 11.718349
v -0.331372 -3.322186 11.554585
v -0.354661 -3.099075 11.808530
v -0.678741 -3.472712 11.165276
v -0.670038 -3.449485 11.060855
v -0.859731 -2.852167 11.792882
v -0.886315 -3.497289 10.868463
v -0.777400 -3.448395 10.927715
v -0.785076 -3.400822 10.860515
v -0.677041 -3.357123 10.905449
v -1.197916 -2.790209 11.647499
v -1.044670 -2.734578 11.738414
v -2.011700 -4.378693 9.559506
v -2.036589 -4.333129 9.515351
v -2.020555 -4.462521 9.493752
v -1.997360 -4.517368 9.539176
v -1.934147 -4.806739 9.612344
v -1.937730 -4.773074 9.567706
v -1.890026 -5.242180 9.929449
v -1.864323 -5.508575 10.057025
v -2.008568 -5.414426 9.931236
v -0.174277 -3.324464 11.572560
v -0.182692 -3.106572 11.839839
v -0.323242 -3.387245 11.408874
v -0.363530 -2.957771 11.894513
v -0.670419 -3.407896 10.975135
v -0.889544 -2.695781 11.816235
v -0.797378 -3.345563 10.803527
v -0.687278 -3.298356 10.847673
v -0.813504 -3.281875 10.755718
v -0.701128 -3.234248 10.799924
v -1.944969 -4.734136 9.524210
v -1.958899 -4.691534 9.478663
v -1.847279 -5.156940 9.884361
v -1.806498 -5.401465 10.042715
v -1.767727 -5.677725 10.187140
v -1.937600 -5.598505 10.037470
v -2.087652 -5.483174 9.885052
v -0.169207 -3.383122 11.425117
v -0.186403 -2.964056 11.931118
v -0.319462 -3.404182 11.275531
v -0.314281 -3.376918 11.164745
v -0.372836 -2.811432 11.951235
v -0.315333 -3.270736 11.004245
v -1.816723 -5.101940 9.835567
v -1.796010 -5.062301 9.780957
v -1.760695 -5.307373 10.002260
v -1.707847 -5.565216 10.170735
v -1.658686 -5.861691 10.321337
v -1.846593 -5.791710 10.160500
v -2.019404 -5.679199 9.975904
v -2.181458 -5.539845 9.802876
v -0.166304 -3.395872 11.293313
v -0.166772 -3.366370 11.180608
v -0.190823 -2.817148 11.988356
v -0.313115 -3.327794 11.074048
v -0.165538 -3.260485 11.022566
v -0.382335 -2.657188 11.977781
v -0.320512 -3.208675 10.946430
v -0.326051 -3.139886 10.898786
v -1.784603 -5.054201 9.725227
v -1.785801 -5.042437 9.659692
v -1.723655 -5.240252 9.947124
v -1.690182 -5.163640 9.877553
v -1.660231 -5.461880 10.129710
v -1.591857 -5.722576 10.305722
v -1.528733 -6.033790 10.449831
v -1.731856 -6.005745 10.285883
v -1.929009 -5.905146 10.083072
v -2.107687 -5.759909 9.872260
v -0.165212 -3.317066 11.093257
v -0.193696 -2.666553 12.011148
v -0.166980 -3.196364 10.965510
v -0.169960 -3.126270 10.917984
v -1.790912 -5.037851 9.597428
v -1.805334 -5.030001 9.532372
v -1.672163 -5.187267 9.815955
v -1.667925 -5.187224 9.747319
v -1.617420 -5.371570 10.070278
v -1.574649 -5.302516 9.985105
v -1.540685 -5.601639 10.256123
v -1.462235 -5.873117 10.433477
v -1.601972 -6.205160 10.400234
v -1.810061 -6.146226 10.184711
v -2.008590 -6.010735 9.949867
v -1.671446 -5.191175 9.680462
v -1.686170 -5.201421 9.613345
v -1.541444 -5.284893 9.905996
v -1.534109 -5.327747 9.835354
v -1.497882 -5.505642 10.187076
v -1.445909 -5.442347 10.088929
v -1.406309 -5.737393 10.375380
v -1.320054 -6.011289 10.546784
v -1.385845 -6.189087 10.567177
v -1.663775 -6.371480 10.283236
v -1.872889 -6.269983 10.022499
v -1.536497 -5.348530 9.769613
v -1.548277 -5.368407 9.702789
v -1.406381 -5.444909 9.994063
v -1.390473 -5.472304 9.914873
v -1.357370 -5.640636 10.288555
v -1.304506 -5.572808 10.179190
v -1.261678 -5.863798 10.476172
v -1.450321 -6.383451 10.509702
v -1.713761 -6.504189 10.081331
v -1.391073 -5.507393 9.846213
v -1.403414 -5.543587 9.778764
v -1.257506 -5.556251 10.067209
v -1.241824 -5.622082 9.976945
v -1.209217 -5.756264 10.372684
v -0.460930 -6.704276 10.865146
v -0.431421 -6.485999 10.810955
v -1.500737 -6.569553 10.367757
v -1.241158 -5.667343 9.901273
v -1.251658 -5.712390 9.829779
v -1.115697 -5.721183 10.117507
v -1.159304 -5.713640 10.241417
v -0.405701 -6.312934 10.690063
v -0.487367 -6.951354 10.798852
v -1.540122 -6.710742 10.126222
v -1.089863 -5.822599 9.941079
v -1.093794 -5.770354 10.022566
v -0.382216 -6.186136 10.529456
v -0.498894 -7.162976 10.603825
v -1.096395 -5.875395 9.864176
v -0.363469 -6.165018 10.354996
v -0.351145 -6.204535 10.211030
v -0.500055 -7.260699 10.268392
v -0.345745 -6.264522 10.097814
v -0.341752 -6.334229 9.989847
v -0.339541 -6.410712 9.885810
v -2.233513 -5.348996 9.749832
v -2.137937 -5.311279 9.815530
v -2.063111 -5.264822 9.853831
v -2.002184 -5.190355 9.864248
v -1.952937 -5.097160 9.844048
v -1.913484 -5.037820 9.798057
v -1.893928 -4.976866 9.753392
v -1.880543 -4.949844 9.704371
v -1.876255 -4.918154 9.648973
v -1.877578 -4.899036 9.594342
v -1.884458 -4.879988 9.540593
v -1.898727 -4.848892 9.486322
v -2.343219 -5.372240 9.673960
v -2.284328 -5.585978 9.709410
v -2.202738 -5.830189 9.757640
v -2.094766 -6.100106 9.806441
v -1.959105 -6.371961 9.841117
v -1.799252 -6.620569 9.864292
v -1.623896 -6.837937 9.876896
v -0.511549 -7.365983 9.977636
v -1.979672 -4.097310 9.629558
v -1.966234 -4.144699 9.674094
v -1.957255 -4.185060 9.715581
v -1.951322 -4.226279 9.747919
v -1.951133 -4.259590 9.787717
v -1.952149 -4.299437 9.826872
v -1.965935 -4.329105 9.884511
v -1.999411 -4.360459 9.942015
v -2.044119 -4.352063 9.982682
v -2.100136 -4.325919 10.009543
v -2.168052 -4.290010 10.030932
v -2.245203 -4.248106 10.044914
v -2.332845 -4.189643 10.041236
v -1.064047 -3.331477 10.597733
v -1.043007 -3.399292 10.637444
v -1.024738 -3.459204 10.683195
v -1.009493 -3.512064 10.736287
v -2.355151 -4.320931 9.936813
v -2.362951 -4.477679 9.849851
v -2.373852 -4.880623 9.712135
v -2.365921 -4.678453 9.775886
v -2.375356 -5.197894 9.663485
v -0.263668 -7.393451 9.997023
v -0.256699 -7.294208 10.286552
v -0.256819 -7.210555 10.625052
v -0.249677 -7.001955 10.813922
v -0.237309 -6.751670 10.870486
v -0.223540 -6.535285 10.813326
v -0.211384 -6.360169 10.688554
v -0.198573 -6.238505 10.526390
v -0.186627 -6.218328 10.355361
v -0.179758 -6.252378 10.211703
v -0.176380 -6.315793 10.098396
v -0.174078 -6.384687 9.990557
v -0.172872 -6.461096 9.883407
v -0.173928 -6.537864 9.785251
v -0.000000 -7.020206 10.819735
v -0.803944 -6.209574 9.809417
v -0.797057 -6.146170 9.894151
v -0.795035 -6.080785 9.981085
v -0.799440 -6.016537 10.073917
v -0.815386 -5.957583 10.180931
v -0.850791 -5.926695 10.320686
v -0.898124 -5.959382 10.478516
v -0.942881 -6.079286 10.613752
v -0.993252 -6.236928 10.714901
v -1.055932 -6.441648 10.748133
v -1.103932 -6.676037 10.672037
v -1.118683 -6.888808 10.504004
v -1.151321 -7.026241 10.186113
v -1.201461 -7.182702 9.884219
v -0.956613 -6.076909 9.806639
v -0.945769 -6.021278 9.885478
v -0.942279 -5.961899 9.966756
v -0.946528 -5.902498 10.055021
v -0.965299 -5.847420 10.157628
v -1.006406 -5.823885 10.290676
v -1.058600 -5.864756 10.433698
v -1.107278 -5.980688 10.554465
v -1.161103 -6.133780 10.641845
v -1.227333 -6.324441 10.668343
v -1.287264 -6.540189 10.599339
v -1.316818 -6.746124 10.441014
v -1.350512 -6.888019 10.159185
v -1.423059 -7.028769 9.879837
v -0.974299 -7.270411 9.920411
v -0.945737 -7.125874 10.215944
v -0.933493 -6.995828 10.544535
v -0.915005 -6.785301 10.726731
v -0.870416 -6.546087 10.806074
v -0.816467 -6.335009 10.765412
v -0.770914 -6.170145 10.654171
v -0.731530 -6.044061 10.507179
v -0.691070 -6.013634 10.341765
v -0.663782 -6.046768 10.196739
v -0.650962 -6.108634 10.085382
v -0.645620 -6.177147 9.985897
v -0.646565 -6.248768 9.893472
v -0.652590 -6.320788 9.804960
v -2.384030 -5.049011 9.676298
v -2.279822 -5.058528 9.716903
v -2.189496 -5.037115 9.753313
v -2.119593 -5.001637 9.775743
v -2.063268 -4.953611 9.773759
v -2.024189 -4.896192 9.749655
v -1.988148 -4.843552 9.717412
v -1.970955 -4.793818 9.683398
v -1.963737 -4.765621 9.642086
v -1.955970 -4.700309 9.607505
v -1.962291 -4.666188 9.566390
v -1.975842 -4.628579 9.525537
v -1.994003 -4.586271 9.481141
v -2.021246 -4.518589 9.433737
v -0.747116 -7.326602 9.954537
v -0.730624 -7.204779 10.247573
v -0.727713 -7.085624 10.581986
v -0.710397 -6.874710 10.772428
v -0.674565 -6.633303 10.844288
v -0.631819 -6.417892 10.796660
v -0.594487 -6.246992 10.678937
v -0.562499 -6.119440 10.524646
v -0.532255 -6.090325 10.352054
v -0.512045 -6.125152 10.206814
v -0.503331 -6.191388 10.093055
v -0.498335 -6.261916 9.988621
v -0.497560 -6.338065 9.890364
v -0.500837 -6.415946 9.798255
v -0.473818 -3.088058 10.833546
v -0.462951 -3.161838 10.872142
v -0.455292 -3.230194 10.919336
v -0.448248 -3.293205 10.975751
v -0.443670 -3.348552 11.047556
v -0.445480 -3.393641 11.137859
v -0.451463 -3.418279 11.247032
v -0.463023 -3.394766 11.384464
v -0.475649 -3.326138 11.523914
v -0.494799 -3.225640 11.656713
v -0.514284 -3.101293 11.770620
v -0.529492 -2.961985 11.853481
v -0.544878 -2.813849 11.908836
v -0.561539 -2.659108 11.937140
v -0.599962 -3.120563 10.800156
v -0.585593 -3.192734 10.839147
v -0.574502 -3.260180 10.886046
v -0.565882 -3.321486 10.943299
v -0.561867 -3.375098 11.014301
v -0.560711 -3.420042 11.103578
v -0.567937 -3.445025 11.210654
v -0.583062 -3.413837 11.345289
v -0.604804 -3.340653 11.482186
v -0.632335 -3.239119 11.612187
v -0.661376 -3.114219 11.721679
v -0.684759 -2.975379 11.802690
v -0.707060 -2.827244 11.854759
v -0.730892 -2.671236 11.880235
v 1.266936 -5.757627 9.760173
v 1.568168 -5.391001 9.634323
v 1.110722 -5.926147 9.790425
v 1.422300 -5.577524 9.710757
v 1.707502 -5.209644 9.545530
v 0.718599 -3.159290 10.760379
v 1.188304 -3.400750 10.522022
v 0.174926 -3.049143 10.877506
v 1.317186 -3.482246 10.426667
v 2.057918 -4.177024 9.499036
v 1.826231 -5.016543 9.467021
v 0.340634 -6.489655 9.789380
v 1.999389 -4.045867 9.587384
v 1.959069 -4.006592 9.644769
v 0.833664 -3.207765 10.714930
v 0.947989 -3.264498 10.661673
v 1.710056 -3.785302 9.991197
v 1.825857 -3.893695 9.824296
v 1.903105 -3.961559 9.717943
v 1.581987 -3.676326 10.157890
v 1.449731 -3.574584 10.305729
v 0.334807 -3.063479 10.859322
v 2.067243 -4.283177 9.469559
v 2.032364 -4.102908 9.536821
v 2.052258 -4.419674 9.442889
v 1.982924 -4.632024 9.431842
v 1.915630 -4.821942 9.433333
v 1.772184 -3.949318 10.519411
v 1.873700 -4.071370 10.341700
v 1.657194 -3.825283 10.701466
v 1.717782 -4.005115 10.437108
v 1.824030 -4.120594 10.263882
v 1.954251 -4.185742 10.185843
v 2.010996 -4.276347 10.068038
v 1.836291 -3.881736 10.594814
v 1.933908 -4.013394 10.409161
v 1.532696 -3.703527 10.878413
v 1.598990 -3.891572 10.615074
v 1.723608 -3.746675 10.783609
v 1.671944 -4.045275 10.348482
v 1.784992 -4.149189 10.175920
v 1.907483 -4.228292 10.118522
v 1.965302 -4.306561 10.015885
v 2.014139 -4.135640 10.242069
v 2.068185 -4.236110 10.113013
v 1.907171 -3.797139 10.652831
v 2.000335 -3.938114 10.462168
v 1.401913 -3.591670 11.034368
v 1.473533 -3.781310 10.785410
v 1.600193 -3.610854 10.967566
v 1.551616 -3.938254 10.525788
v 1.796204 -3.648265 10.851556
v 1.646238 -4.047837 10.268883
v 1.638575 -4.028237 10.205373
v 1.766022 -4.114351 10.047452
v 1.770282 -4.138393 10.102112
v 1.870565 -4.238500 10.044830
v 1.929567 -4.295838 9.948543
v 2.056127 -4.443067 9.905272
v 2.076962 -4.070205 10.288801
v 2.132587 -4.184454 10.146977
v 1.982959 -3.691223 10.685132
v 2.074347 -3.847063 10.488297
v 1.138841 -3.416781 11.293156
v 1.268572 -3.496210 11.173665
v 1.345591 -3.676981 10.936394
v 1.467414 -3.488530 11.129129
v 1.425360 -3.833421 10.692311
v 1.670077 -3.499916 11.040345
v 1.521423 -3.943301 10.442817
v 1.510464 -3.930359 10.370471
v 1.872048 -3.529484 10.889945
v 1.642782 -3.998179 10.151295
v 1.657804 -3.953874 10.106205
v 1.781185 -4.057169 9.940357
v 1.769577 -4.085903 9.997146
v 1.859301 -4.212056 9.979028
v 1.863674 -4.185206 9.926561
v 1.920007 -4.231413 9.843198
v 1.916401 -4.264061 9.889588
v 2.012175 -4.439250 9.866961
v 2.060666 -4.568389 9.832562
v 2.113609 -4.430352 9.922240
v 2.147090 -3.993289 10.314206
v 2.206391 -4.127633 10.165985
v 2.060529 -3.561475 10.677071
v 2.155003 -3.734286 10.482732
v 1.088191 -3.510168 11.183041
v 1.215696 -3.586312 11.069429
v 1.197412 -3.301217 11.393662
v 1.332317 -3.386729 11.271362
v 1.299681 -3.736480 10.838802
v 1.536602 -3.368351 11.201985
v 1.392588 -3.845846 10.605956
v 1.378683 -3.832902 10.529005
v 1.743831 -3.372222 11.082380
v 1.512840 -3.899398 10.313953
v 1.526823 -3.855383 10.269411
v 1.943030 -3.387410 10.881359
v 1.674366 -3.907497 10.060795
v 1.691493 -3.850198 10.023884
v 1.809077 -3.955864 9.855973
v 1.796305 -4.014028 9.891277
v 1.865116 -4.155998 9.880630
v 1.867015 -4.119686 9.833760
v 1.922735 -4.154268 9.763453
v 1.920458 -4.195714 9.804672
v 1.983150 -4.408201 9.818973
v 2.018509 -4.560458 9.803457
v 2.073730 -4.711590 9.769453
v 2.075174 -4.877707 9.751809
v 2.119340 -4.559146 9.848782
v 2.183638 -4.404842 9.934224
v 2.229110 -3.901024 10.310050
v 2.289129 -4.052613 10.162234
v 1.011780 -3.351773 11.395258
v 0.886522 -3.301458 11.482237
v 1.046546 -3.577071 11.069406
v 1.169500 -3.647561 10.965141
v 1.253829 -3.168540 11.470222
v 1.396215 -3.258032 11.346553
v 1.265310 -3.756850 10.744359
v 1.249446 -3.740757 10.666757
v 1.605758 -3.237557 11.247946
v 1.380044 -3.801571 10.468276
v 1.393428 -3.756894 10.422226
v 1.810491 -3.225119 11.075739
v 1.543289 -3.806100 10.225867
v 1.562183 -3.745540 10.189321
v 1.876515 -4.071900 9.789908
v 1.887651 -4.018459 9.751784
v 1.941641 -4.058172 9.684423
v 1.930151 -4.109354 9.723798
v 1.969142 -4.365687 9.769015
v 1.969903 -4.315608 9.733741
v 1.990016 -4.514478 9.769328
v 2.030862 -4.681952 9.751328
v 2.031324 -4.799473 9.738281
v 2.040726 -5.054695 9.810161
v 2.130305 -4.740867 9.778272
v 2.129224 -4.890405 9.764345
v 2.191086 -4.556008 9.850950
v 2.264731 -4.370912 9.941880
v 0.761880 -3.263832 11.553476
v 0.964654 -3.450137 11.276927
v 0.845444 -3.401561 11.358995
v 1.065020 -3.230911 11.498622
v 0.931829 -3.178059 11.587354
v 1.012845 -3.604706 10.956483
v 1.136741 -3.673547 10.860302
v 0.998577 -3.592374 10.868052
v 1.120123 -3.659634 10.778846
v 1.307919 -3.025774 11.523419
v 1.457391 -3.122266 11.397434
v 1.251952 -3.707643 10.603943
v 1.263244 -3.663759 10.552421
v 1.666605 -3.085186 11.253677
v 1.410040 -3.707851 10.377495
v 1.428862 -3.647460 10.338462
v 1.973269 -4.265557 9.702107
v 1.979881 -4.234088 9.662125
v 1.983432 -4.443424 9.729139
v 1.988787 -4.386153 9.693955
v 2.001859 -4.652001 9.724537
v 1.999706 -4.749285 9.713527
v 1.995419 -4.981246 9.784115
v 2.099645 -5.124796 9.804507
v 2.199505 -4.754552 9.781336
v 2.198420 -4.913184 9.752303
v 2.274084 -4.521657 9.854774
v 0.727118 -3.366884 11.426849
v 0.798712 -3.139930 11.661513
v 0.928161 -3.520724 11.157735
v 0.813389 -3.476312 11.233389
v 1.112983 -3.094059 11.578516
v 0.972326 -3.040111 11.667042
v 0.999802 -3.554155 10.797714
v 1.122684 -3.624611 10.711925
v 0.895516 -3.448202 10.804535
v 1.134239 -3.582278 10.653588
v 1.354545 -2.869208 11.536784
v 1.511118 -2.969076 11.406234
v 1.279174 -3.613226 10.504647
v 1.297143 -3.553262 10.462531
v 1.991314 -4.193684 9.622760
v 2.008837 -4.146620 9.581948
v 1.989203 -4.326391 9.664994
v 1.995512 -4.298347 9.626934
v 1.987362 -4.582768 9.691544
v 1.981453 -4.519180 9.662051
v 1.971274 -4.636114 9.647589
v 1.980769 -4.689795 9.681968
v 1.961843 -4.932733 9.744210
v 2.171468 -5.164240 9.773394
v 2.280764 -4.738637 9.776554
v 2.281834 -4.921281 9.728917
v 0.344444 -3.223251 11.693920
v 0.700291 -3.440761 11.295229
v 0.830825 -3.000643 11.742564
v 0.898180 -3.550478 11.038100
v 0.787991 -3.506385 11.108484
v 0.884090 -3.535695 10.943787
v 0.776261 -3.486592 11.009091
v 1.158001 -2.947373 11.629133
v 1.008888 -2.891214 11.717944
v 0.909240 -3.394821 10.749783
v 1.149543 -3.530597 10.603552
v 0.927249 -3.333402 10.702260
v 1.168321 -3.468230 10.559941
v 2.008641 -4.260279 9.587656
v 2.029467 -4.216525 9.545694
v 1.985379 -4.471923 9.630058
v 1.996886 -4.435723 9.596067
v 1.983169 -4.577847 9.573485
v 1.971337 -4.594648 9.613069
v 1.945660 -4.873319 9.703923
v 1.940874 -4.851297 9.654165
v 1.942425 -5.340874 9.945967
v 2.265789 -5.191110 9.722117
v 0.178644 -3.230285 11.718349
v 0.331372 -3.322186 11.554585
v 0.354661 -3.099075 11.808530
v 0.678741 -3.472712 11.165276
v 0.670038 -3.449485 11.060855
v 0.859731 -2.852167 11.792882
v 0.886566 -3.496263 10.868353
v 0.777624 -3.447522 10.927557
v 0.785713 -3.398084 10.860276
v 0.677582 -3.354803 10.905049
v 1.197916 -2.790209 11.647499
v 1.044670 -2.734578 11.738414
v 2.011700 -4.378693 9.559506
v 2.036589 -4.333129 9.515351
v 2.020555 -4.462521 9.493752
v 1.997360 -4.517368 9.539176
v 1.934147 -4.806739 9.612344
v 1.937730 -4.773074 9.567706
v 1.890026 -5.242180 9.929449
v 1.864323 -5.508575 10.057025
v 2.008568 -5.414426 9.931236
v 0.174277 -3.324464 11.572560
v 0.182692 -3.106572 11.839839
v 0.323242 -3.387245 11.408874
v 0.363530 -2.957771 11.894513
v 0.670804 -3.406432 10.974778
v 0.889544 -2.695781 11.816235
v 0.798162 -3.341767 10.803505
v 0.687774 -3.295933 10.847455
v 0.814208 -3.277951 10.755946
v 0.701568 -3.231742 10.799888
v 1.944969 -4.734136 9.524210
v 1.958899 -4.691534 9.478663
v 1.847279 -5.156940 9.884361
v 1.806498 -5.401465 10.042715
v 1.767727 -5.677725 10.187140
v 1.937600 -5.598505 10.037470
v 2.087652 -5.483174 9.885052
v 0.169207 -3.383122 11.425117
v 0.186403 -2.964056 11.931118
v 0.319462 -3.404182 11.275531
v 0.314281 -3.376918 11.164745
v 0.372836 -2.811432 11.951235
v 0.315474 -3.269835 11.003764
v 1.816723 -5.101940 9.835567
v 1.796010 -5.062301 9.780957
v 1.760695 -5.307373 10.002260
v 1.707847 -5.565216 10.170735
v 1.658686 -5.861691 10.321337
v 1.846593 -5.791710 10.160500
v 2.019404 -5.679199 9.975904
v 2.181458 -5.539845 9.802876
v 0.166304 -3.395872 11.293313
v 0.166772 -3.366370 11.180608
v 0.190823 -2.817148 11.988356
v 0.313115 -3.327794 11.074048
v 0.165576 -3.260091 11.022264
v 0.382334 -2.657188 11.977781
v 0.320640 -3.207721 10.946004
v 0.326160 -3.138861 10.898603
v 1.784603 -5.054201 9.725227
v 1.785801 -5.042437 9.659692
v 1.723655 -5.240252 9.947124
v 1.690182 -5.163640 9.877553
v 1.660231 -5.461880 10.129710
v 1.591857 -5.722576 10.305722
v 1.528733 -6.033790 10.449831
v 1.731856 -6.005745 10.285883
v 1.929009 -5.905146 10.083072
v 2.107687 -5.759909 9.872260
v 0.165212 -3.317066 11.093257
v 0.193696 -2.666553 12.011148
v 0.167014 -3.195928 10.965254
v 0.169989 -3.125814 10.917869
v 1.790912 -5.037851 9.597428
v 1.805334 -5.030001 9.532372
v 1.672163 -5.187267 9.815955
v 1.667925 -5.187224 9.747319
v 1.617420 -5.371570 10.070278
v 1.574649 -5.302516 9.985105
v 1.540685 -5.601639 10.256123
v 1.462235 -5.873117 10.433477
v 1.601972 -6.205160 10.400234
v 1.810061 -6.146226 10.184711
v 2.008590 -6.010735 9.949867
v 1.671446 -5.191175 9.680462
v 1.686170 -5.201421 9.613345
v 1.541444 -5.284893 9.905996
v 1.534109 -5.327747 9.835354
v 1.497882 -5.505642 10.187076
v 1.445909 -5.442347 10.088929
v 1.406309 -5.737393 10.375380
v 1.320054 -6.011289 10.546784
v 1.385845 -6.189087 10.567177
v 1.663775 -6.371480 10.283236
v 1.872889 -6.269983 10.022499
v 1.536497 -5.348530 9.769613
v 1.548277 -5.368407 9.702789
v 1.406381 -5.444909 9.994063
v 1.390473 -5.472304 9.914873
v 1.357370 -5.640636 10.288555
v 1.304506 -5.572808 10.179190
v 1.261678 -5.863798 10.476172
v 1.450321 -6.383451 10.509702
v 1.713761 -6.504189 10.081331
v 1.391073 -5.507393 9.846213
v 1.403414 -5.543587 9.778764
v 1.257506 -5.556251 10.067209
v 1.241824 -5.622082 9.976945
v 1.209217 -5.756264 10.372684
v 0.460930 -6.704276 10.865146
v 0.431421 -6.485999 10.810955
v 1.500737 -6.569553 10.367757
v 1.241158 -5.667343 9.901273
v 1.251658 -5.712390 9.829779
v 1.115697 -5.721183 10.117507
v 1.159304 -5.713640 10.241417
v 0.405701 -6.312934 10.690063
v 0.487367 -6.951354 10.798852
v 1.540122 -6.710742 10.126222
v 1.089863 -5.822599 9.941079
v 1.093794 -5.770354 10.022566
v 0.382216 -6.186136 10.529456
v 0.498894 -7.162976 10.603825
v 1.096395 -5.875395 9.864176
v 0.363469 -6.165018 10.354996
v 0.351145 -6.204535 10.211030
v 0.500055 -7.260699 10.268392
v 0.345745 -6.264522 10.097814
v 0.341752 -6.334229 9.989847
v 0.339541 -6.410712 9.885810
v 2.233513 -5.348996 9.749832
v 2.137937 -5.311279 9.815530
v 2.063111 -5.264822 9.853831
v 2.002184 -5.190355 9.864248
v 1.952937 -5.097160 9.844048
v 1.913484 -5.037820 9.798057
v 1.893928 -4.976866 9.753392
v 1.880543 -4.949844 9.704371
v 1.876255 -4.918154 9.648973
v 1.877578 -4.899036 9.594342
v 1.884458 -4.879988 9.540593
v 1.898727 -4.848892 9.486322
v 2.343219 -5.372240 9.673960
v 2.284328 -5.585978 9.709410
v 2.202738 -5.830189 9.757640
v 2.094766 -6.100106 9.806441
v 1.959105 -6.371961 9.841117
v 1.799252 -6.620569 9.864292
v 1.623896 -6.837937 9.876896
v 0.511549 -7.365983 9.977636
v 1.979672 -4.097310 9.629558
v 1.966234 -4.144699 9.674094
v 1.957255 -4.185060 9.715581
v 1.951322 -4.226279 9.747919
v 1.951133 -4.259590 9.787717
v 1.952149 -4.299437 9.826872
v 1.965935 -4.329105 9.884511
v 1.999411 -4.360459 9.942015
v 2.044119 -4.352063 9.982682
v 2.100136 -4.325919 10.009543
v 2.168052 -4.290010 10.030932
v 2.245203 -4.248106 10.044914
v 2.332845 -4.189643 10.041236
v 1.064713 -3.327485 10.598495
v 1.043717 -3.395379 10.638022
v 1.025248 -3.456651 10.683446
v 1.010033 -3.509585 10.736390
v 2.355151 -4.320931 9.936813
v 2.362951 -4.477679 9.849851
v 2.373852 -4.880623 9.712135
v 2.365921 -4.678453 9.775886
v 2.375356 -5.197894 9.663485
v 0.263668 -7.393451 9.997023
v 0.256699 -7.294208 10.286552
v 0.256819 -7.210555 10.625052
v 0.249677 -7.001955 10.813922
v 0.237309 -6.751670 10.870486
v 0.223540 -6.535285 10.813326
v 0.211384 -6.360169 10.688554
v 0.198573 -6.238505 10.526390
v 0.186627 -6.218328 10.355361
v 0.179758 -6.252378 10.211703
v 0.176380 -6.315793 10.098396
v 0.174078 -6.384687 9.990557
v 0.172872 -6.461096 9.883407
v 0.173928 -6.537864 9.785251
v 0.803944 -6.209574 9.809417
v 0.797057 -6.146170 9.894151
v 0.795035 -6.080785 9.981085
v 0.799440 -6.016537 10.073917
v 0.815386 -5.957583 10.180931
v 0.850791 -5.926695 10.320686
v 0.898124 -5.959382 10.478516
v 0.942881 -6.079286 10.613752
v 0.993252 -6.236928 10.714901
v 1.055932 -6.441648 10.748133
v 1.103932 -6.676037 10.672037
v 1.118683 -6.888808 10.504004
v 1.151321 -7.026241 10.186113
v 1.201461 -7.182702 9.884219
v 0.956613 -6.076909 9.806639
v 0.945769 -6.021278 9.885478
v 0.942279 -5.961899 9.966756
v 0.946528 -5.902498 10.055021
v 0.965299 -5.847420 10.157628
v 1.006406 -5.823885 10.290676
v 1.058600 -5.864756 10.433698
v 1.107278 -5.980688 10.554465
v 1.161103 -6.133780 10.641845
v 1.227333 -6.324441 10.668343
v 1.287264 -6.540189 10.599339
v 1.316818 -6.746124 10.441014
v 1.350512 -6.888019 10.159185
v 1.423059 -7.028769 9.879837
v 0.974299 -7.270411 9.920411
v 0.945737 -7.125874 10.215944
v 0.933493 -6.995828 10.544535
v 0.915005 -6.785301 10.726731
v 0.870416 -6.546087 10.806074
v 0.816467 -6.335009 10.765412
v 0.770914 -6.170145 10.654171
v 0.731530 -6.044061 10.507179
v 0.691070 -6.013634 10.341765
v 0.663782 -6.046768 10.196739
v 0.650962 -6.108634 10.085382
v 0.645620 -6.177147 9.985897
v 0.646565 -6.248768 9.893472
v 0.652590 -6.320788 9.804960
v 2.384030 -5.049011 9.676298
v 2.279822 -5.058528 9.716903
v 2.189496 -5.037115 9.753313
v 2.119593 -5.001637 9.775743
v 2.063268 -4.953611 9.773759
v 2.024189 -4.896192 9.749655
v 1.988148 -4.843552 9.717412
v 1.970955 -4.793818 9.683398
v 1.963737 -4.765621 9.642086
v 1.955970 -4.700309 9.607505
v 1.962291 -4.666188 9.566390
v 1.975842 -4.628579 9.525537
v 1.994003 -4.586271 9.481141
v 2.021246 -4.518589 9.433737
v 0.747116 -7.326602 9.954537
v 0.730624 -7.204779 10.247573
v 0.727713 -7.085624 10.581986
v 0.710397 -6.874710 10.772428
v 0.674565 -6.633303 10.844288
v 0.631819 -6.417892 10.796660
v 0.594487 -6.246992 10.678937
v 0.562499 -6.119440 10.524646
v 0.532255 -6.090325 10.352054
v 0.512045 -6.125152 10.206814
v 0.503331 -6.191388 10.093055
v 0.498335 -6.261916 9.988621
v 0.497560 -6.338065 9.890364
v 0.500837 -6.415946 9.798255
v 0.474008 -3.086198 10.833429
v 0.463196 -3.160066 10.871844
v 0.455583 -3.228504 10.918865
v 0.448570 -3.291596 10.975134
v 0.443670 -3.348552 11.047556
v 0.445480 -3.393641 11.137859
v 0.451463 -3.418279 11.247032
v 0.463023 -3.394766 11.384464
v 0.475649 -3.326138 11.523914
v 0.494799 -3.225640 11.656713
v 0.514284 -3.101293 11.770620
v 0.529492 -2.961985 11.853481
v 0.544878 -2.813849 11.908836
v 0.561539 -2.659108 11.937140
v 0.600330 -3.117652 10.800179
v 0.585936 -3.190625 10.838981
v 0.574898 -3.258161 10.885683
v 0.566173 -3.320201 10.942964
v 0.561867 -3.375098 11.014301
v 0.560711 -3.420042 11.103578
v 0.567937 -3.445025 11.210654
v 0.583062 -3.413837 11.345289
v 0.604804 -3.340653 11.482186
v 0.632335 -3.239119 11.612187
v 0.661376 -3.114219 11.721679
v 0.684759 -2.975379 11.802690
v 0.707060 -2.827244 11.854759
v 0.730892 -2.671236 11.880235
v 4.432038 3.417789 8.521884
v 4.412899 3.510015 8.592672
v 3.996324 3.014711 8.966304
v 3.673270 2.930372 9.139261
v 3.493501 2.897428 9.200047
v 2.805684 2.903077 9.254875
v 2.652709 2.945198 9.229713
v 2.506049 2.990889 9.200027
v 3.134941 2.874077 9.264096
v 3.311407 2.877860 9.244041
v 2.369096 3.043422 9.164043
v 2.262595 3.102249 9.119222
v 2.069402 3.246583 9.021726
v 2.174756 3.151304 9.083385
v 4.234229 3.147916 8.789219
v 4.127475 3.076441 8.875402
v 4.195793 3.760456 8.929970
v 3.564716 4.035700 9.261941
v 2.370675 3.751935 9.227070
v 2.520477 3.844690 9.285200
v 2.683930 3.932634 9.323607
v 4.080530 3.844485 9.027984
v 2.039366 3.298018 9.003392
v 2.084333 3.522713 9.054881
v 2.053570 3.469061 9.026677
v 2.967121 2.884178 9.267879
v 2.034878 3.409379 9.008286
v 3.197051 4.070878 9.339304
v 3.750540 3.982383 9.197792
v 2.131395 3.582219 9.091045
v 2.225546 3.661920 9.151594
v 2.110019 3.196457 9.048409
v 3.847956 2.966243 9.057371
v 4.378096 3.605775 8.704070
v 3.924473 3.910327 9.125564
v 3.023888 4.037908 9.349412
v 4.320790 3.230159 8.699429
v 2.851784 3.988652 9.339673
v 4.296650 3.691203 8.823439
v 3.377053 4.075888 9.311897
v 2.032036 3.353529 9.004279
v 4.384614 3.321218 8.603220
v -4.436243 3.424191 8.522155
v -4.415575 3.525000 8.594039
v -3.999469 3.012754 8.967338
v -3.680914 2.927783 9.138778
v -3.504442 2.895129 9.199587
v -2.822614 2.901523 9.256182
v -2.669991 2.943680 9.231315
v -2.522556 2.989352 9.201981
v -3.150567 2.872045 9.264363
v -3.324860 2.875739 9.243735
v -2.384386 3.041726 9.166512
v -2.275885 3.100609 9.122097
v -2.077361 3.245698 9.024374
v -2.186456 3.149672 9.086477
v -4.236374 3.146652 8.788758
v -4.129742 3.074821 8.876134
v -4.195661 3.795640 8.930955
v -3.563818 4.077876 9.262541
v -2.382352 3.784221 9.232646
v -2.533191 3.884470 9.289691
v -2.695998 3.976134 9.325178
v -4.079957 3.883856 9.029491
v -2.044616 3.298255 9.005449
v -2.088585 3.531019 9.058975
v -2.057045 3.474228 9.029932
v -2.983944 2.882290 9.268743
v -2.038173 3.412598 9.011029
v -3.200413 4.111381 9.336624
v -3.748910 4.026118 9.199390
v -2.137420 3.596163 9.096219
v -2.234601 3.684559 9.157339
v -2.120177 3.194980 9.051357
v -3.853119 2.963815 9.057702
v -4.379245 3.625933 8.704862
v -3.923024 3.952478 9.126936
v -3.029584 4.080848 9.346995
v -4.323427 3.229163 8.697696
v -2.861365 4.033052 9.339266
v -4.296806 3.717866 8.823870
v -3.378032 4.116593 9.310781
v -2.035969 3.355166 9.006358
v -4.388313 3.322508 8.601591
v 0.000000 -6.637906 9.696467
v 0.000000 -2.959983 10.853154
v -2.022701 -3.998140 9.539634
v -0.969041 -3.193749 10.626068
v -1.925431 -3.892192 9.683933
v -1.605528 -3.591748 10.132032
v -0.344790 -2.983192 10.827906
v -2.058805 -4.056099 9.487934
v -2.092704 -4.362203 9.391284
v -1.945492 -4.779376 9.375956
v -0.345639 -6.569509 9.700062
v -1.978578 -3.948550 9.602847
v -0.854167 -3.135651 10.680365
v -1.849039 -3.815940 9.795859
v -1.734063 -3.701596 9.964414
v -1.470492 -3.495145 10.277490
v -2.102400 -4.238067 9.414683
v -2.012876 -4.584983 9.378559
v -1.288988 -5.798890 9.688833
v -1.594965 -5.410985 9.565041
v -1.129323 -5.976678 9.716592
v -1.445638 -5.608713 9.640276
v -1.734541 -5.213486 9.476228
v -0.736999 -3.085354 10.726519
v -1.208306 -3.327653 10.488791
v -0.180439 -2.966124 10.845750
v -1.336643 -3.408856 10.394866
v -2.089980 -4.138160 9.445915
v -1.852265 -4.998647 9.401852
v -1.086070 -3.256588 10.563564
v -0.177209 -6.619683 9.695672
v -0.816158 -6.272464 9.727369
v -0.970976 -6.133595 9.728255
v -0.663146 -6.393520 9.720368
v -2.061816 -4.464838 9.379854
v -0.507947 -6.493828 9.710788
v -0.487253 -3.008187 10.801860
v -0.616278 -3.042765 10.767422
v 2.021880 -4.000890 9.538197
v 0.969863 -3.187826 10.627117
v 1.922306 -3.902524 9.678745
v 1.602902 -3.601969 10.128283
v 0.344858 -2.981520 10.827714
v 2.058805 -4.056099 9.487934
v 2.092704 -4.362203 9.391284
v 1.945492 -4.779376 9.375956
v 0.345639 -6.569509 9.700062
v 1.977773 -3.951218 9.601498
v 0.854800 -3.130512 10.681026
v 1.845395 -3.828190 9.789980
v 1.730919 -3.712811 9.959655
v 1.470070 -3.497013 10.276864
v 2.102400 -4.238067 9.414683
v 2.012876 -4.584983 9.378559
v 1.288988 -5.798890 9.688833
v 1.594965 -5.410985 9.565041
v 1.129323 -5.976678 9.716592
v 1.445638 -5.608713 9.640276
v 1.734541 -5.213486 9.476228
v 0.737474 -3.080931 10.726977
v 1.209086 -3.323117 10.489861
v 0.180454 -2.965634 10.845667
v 1.337305 -3.405483 10.395824
v 2.089980 -4.138160 9.445915
v 1.852265 -4.998647 9.401852
v 1.086690 -3.252552 10.564410
v 0.177209 -6.619683 9.695672
v 0.816158 -6.272464 9.727369
v 0.970976 -6.133595 9.728255
v 0.663146 -6.393520 9.720368
v 2.061816 -4.464838 9.379854
v 0.507947 -6.493828 9.710788
v 0.487446 -3.004983 10.801780
v 0.616602 -3.039009 10.767612
vn -0.1633 -0.9866 -0.0002
vn -0.1666 -0.9860 0.0068
vn -0.2637 -0.9646 -0.0050
vn -0.2642 -0.9644 -0.0064
vn -0.6102 0.3033 0.7319
vn -0.5931 0.3448 0.7275
vn -0.4418 -0.0050 0.8971
vn -0.4419 -0.0157 0.8969
vn -0.4878 0.0347 0.8723
vn -0.4876 0.0556 0.8713
vn -0.4223 -0.0326 0.9059
vn -0.4222 -0.0488 0.9052
vn -0.3667 0.0473 0.9291
vn -0.3651 0.0686 0.9284
vn -0.4686 -0.0358 0.8827
vn -0.4836 -0.0355 0.8745
vn -0.3944 0.0418 0.9180
vn -0.3926 0.0417 0.9188
vn -0.3955 0.0264 0.9181
vn -0.3942 0.0265 0.9186
vn -0.3535 0.0061 0.9354
vn -0.3518 0.0339 0.9355
vn -0.3206 0.1221 0.9393
vn -0.3042 0.1233 0.9446
vn -0.4470 -0.0366 0.8938
vn -0.4544 -0.0376 0.8900
vn -0.7004 0.1015 0.7065
vn -0.6797 0.0638 0.7307
vn -0.7432 -0.1106 0.6598
vn -0.7659 -0.2099 0.6077
vn -0.7685 -0.1701 0.6168
vn -0.7869 -0.2524 0.5631
vn -0.7869 -0.2527 0.5630
vn -0.8118 -0.1743 0.5573
vn -0.8522 -0.2149 0.4771
vn -0.8419 -0.2002 0.5011
vn -0.7440 -0.0560 0.6658
vn -0.7195 -0.1152 0.6848
vn -0.6858 -0.0992 0.7210
vn -0.6612 -0.1411 0.7368
vn -0.6619 0.1546 0.7335
vn -0.6790 0.1835 0.7108
vn -0.8615 -0.1922 0.4700
vn -0.8483 -0.1809 0.4976
vn -0.7871 -0.2880 0.5454
vn -0.7843 -0.2861 0.5504
vn -0.7847 -0.2907 0.5475
vn -0.7791 -0.2836 0.5591
vn -0.6584 -0.3774 0.6512
vn -0.6914 -0.3249 0.6453
vn -0.6514 -0.2978 0.6979
vn -0.6620 -0.3612 0.6567
vn -0.7188 -0.3105 0.6220
vn -0.7055 -0.2435 0.6656
vn -0.6986 -0.2910 0.6537
vn -0.6784 -0.1831 0.7115
vn -0.6325 -0.2609 0.7293
vn -0.6427 -0.3354 0.6888
vn -0.6553 -0.1380 0.7426
vn -0.6214 -0.1801 0.7625
vn -0.5813 -0.3622 0.7286
vn -0.6200 -0.3226 0.7152
vn -0.6292 -0.1859 0.7547
vn -0.6006 -0.2145 0.7702
vn -0.7175 -0.3437 0.6059
vn -0.7210 -0.3477 0.5994
vn -0.7216 -0.3575 0.5929
vn -0.7223 -0.3554 0.5933
vn -0.6813 -0.3749 0.6287
vn -0.6759 -0.3862 0.6277
vn -0.6241 -0.3981 0.6724
vn -0.6432 -0.3744 0.6679
vn -0.7155 -0.3511 0.6040
vn -0.7191 -0.3382 0.6071
vn -0.7741 -0.2681 0.5735
vn -0.7786 -0.2686 0.5671
vn -0.7153 -0.3505 0.6046
vn -0.6913 -0.3548 0.6294
vn -0.7795 -0.2717 0.5644
vn -0.7846 -0.2732 0.5566
vn -0.8569 -0.1669 0.4877
vn -0.8566 -0.1697 0.4873
vn -0.6572 -0.4079 0.6338
vn -0.6621 -0.3911 0.6392
vn -0.6499 -0.3945 0.6497
vn -0.6451 -0.4136 0.6425
vn -0.8566 -0.1415 0.4961
vn -0.8483 -0.1389 0.5110
vn -0.2679 0.0700 0.9609
vn -0.2687 0.0624 0.9612
vn -0.4083 -0.0894 0.9085
vn -0.4134 0.0857 0.9065
vn -0.3048 0.1888 0.9335
vn -0.3070 0.1642 0.9374
vn -0.6672 -0.0629 0.7422
vn -0.6304 0.1230 0.7665
vn -0.5670 -0.0823 0.8196
vn -0.6583 0.0254 0.7524
vn -0.6093 0.0277 0.7925
vn -0.6503 0.0667 0.7567
vn -0.5758 0.0739 0.8142
vn -0.6600 0.1727 0.7311
vn -0.6259 0.1728 0.7605
vn -0.6396 0.1890 0.7451
vn -0.4283 -0.0400 0.9028
vn -0.4376 0.1112 0.8923
vn -0.4941 0.0480 0.8681
vn -0.6673 0.0280 0.7442
vn -0.3248 0.0120 0.9457
vn -0.3228 0.0665 0.9441
vn -0.2546 0.1225 0.9593
vn -0.2602 0.0633 0.9635
vn -0.4091 0.1048 0.9065
vn -0.4082 0.1202 0.9049
vn -0.8004 -0.0250 0.5989
vn -0.7996 -0.0165 0.6003
vn -0.6794 0.1084 0.7257
vn -0.6856 0.0865 0.7229
vn -0.4301 0.1196 0.8948
vn -0.4737 0.0311 0.8802
vn -0.6076 -0.0637 0.7917
vn -0.6115 -0.0850 0.7867
vn -0.7216 -0.1798 0.6686
vn -0.7215 -0.1704 0.6711
vn -0.8251 -0.0635 0.5614
vn -0.7608 -0.2421 0.6021
vn -0.7614 -0.2362 0.6037
vn -0.8422 -0.1017 0.5295
vn -0.8422 -0.1006 0.5296
vn -0.3504 0.1764 0.9198
vn -0.2913 0.1788 0.9398
vn -0.4082 0.2007 0.8906
vn -0.3203 0.2039 0.9251
vn -0.4961 0.2143 0.8414
vn -0.3893 0.2189 0.8947
vn -0.6273 0.3154 0.7121
vn -0.6555 0.3403 0.6742
vn -0.6185 0.3770 0.6894
vn -0.5972 0.3588 0.7173
vn -0.6909 0.2926 0.6611
vn -0.6436 0.2503 0.7233
vn -0.6829 -0.3453 0.6438
vn -0.6838 -0.3409 0.6452
vn -0.6658 -0.3373 0.6656
vn -0.6683 -0.3217 0.6708
vn -0.6034 -0.4090 0.6846
vn -0.6072 -0.3936 0.6903
vn -0.5772 -0.3807 0.7225
vn -0.6373 -0.3059 0.7073
vn -0.6382 -0.2971 0.7102
vn -0.5208 -0.2163 0.8258
vn -0.5227 -0.2386 0.8185
vn -0.4612 -0.2989 0.8354
vn -0.4613 -0.3209 0.8272
vn -0.6261 -0.4166 0.6591
vn -0.6313 -0.3959 0.6668
vn -0.5984 -0.3974 0.6957
vn -0.6363 -0.3543 0.6852
vn -0.6615 -0.3892 0.6411
vn -0.6822 -0.3941 0.6159
vn -0.5880 0.2376 0.7732
vn -0.4674 0.2444 0.8496
vn -0.7479 -0.2141 0.6284
vn -0.7469 -0.2141 0.6295
vn -0.3798 0.0284 0.9246
vn -0.4155 -0.0350 0.9089
vn -0.2586 -0.4832 0.8365
vn -0.2458 -0.4425 0.8624
vn -0.2399 -0.6232 0.7444
vn -0.2298 -0.5447 0.8065
vn -0.1654 -0.5589 0.8126
vn -0.2004 -0.6052 0.7704
vn -0.2389 -0.4136 0.8786
vn -0.2717 -0.4657 0.8422
vn -0.2697 -0.2877 0.9189
vn -0.3067 -0.3729 0.8757
vn -0.1672 -0.3996 0.9013
vn -0.2201 -0.5099 0.8316
vn -0.3612 -0.0588 0.9306
vn -0.4054 -0.1565 0.9006
vn -0.3462 0.3060 0.8868
vn -0.2160 0.2950 0.9308
vn -0.2182 0.2927 0.9310
vn -0.2029 0.2238 0.9533
vn -0.5821 0.1897 0.7907
vn -0.5926 0.1789 0.7854
vn -0.4440 -0.0677 0.8935
vn -0.3271 -0.0001 0.9450
vn -0.0081 -0.2693 0.9630
vn -0.0873 -0.3300 0.9399
vn -0.4966 0.3320 0.8019
vn -0.5381 0.3667 0.7590
vn -0.1894 0.2573 0.9476
vn -0.2371 0.2904 0.9271
vn -0.0879 0.4105 0.9076
vn -0.0198 0.4762 0.8791
vn -0.4095 0.4657 0.7845
vn -0.4202 0.4557 0.7847
vn -0.0138 0.2060 0.9785
vn -0.0412 0.2255 0.9734
vn -0.5647 0.3992 0.7224
vn -0.5923 0.4320 0.6801
vn -0.5705 0.4060 0.7139
vn -0.5565 0.3947 0.7311
vn -0.5015 0.4234 0.7545
vn -0.5162 0.4343 0.7382
vn -0.5384 0.3666 0.7587
vn -0.5712 0.3982 0.7177
vn -0.5729 0.4345 0.6950
vn -0.5761 0.4392 0.6894
vn -0.4277 -0.6992 0.5729
vn -0.4361 -0.5936 0.6763
vn -0.3153 -0.1782 0.9321
vn -0.3573 -0.2561 0.8982
vn -0.1789 -0.6009 0.7791
vn -0.2028 -0.6310 0.7488
vn -0.3952 -0.0255 0.9183
vn -0.3656 -0.0468 0.9296
vn -0.3092 -0.2789 0.9092
vn -0.3501 -0.2532 0.9018
vn -0.2776 -0.4671 0.8395
vn -0.2374 -0.4904 0.8385
vn -0.7421 -0.3932 0.5428
vn -0.7288 -0.2681 0.6301
vn -0.7605 -0.1747 0.6254
vn -0.7791 -0.2897 0.5560
vn -0.6480 -0.1354 0.7495
vn -0.7136 -0.0575 0.6982
vn -0.2027 -0.1888 0.9609
vn -0.1226 -0.2636 0.9568
vn 0.0058 0.2056 0.9786
vn 0.0032 0.2037 0.9790
vn 0.0973 0.3404 0.9352
vn 0.1550 0.2991 0.9415
vn 0.0501 0.3003 0.9525
vn 0.0636 0.2891 0.9552
vn -0.7835 -0.1125 0.6111
vn -0.7711 -0.1931 0.6067
vn -0.7888 -0.0319 0.6138
vn -0.7834 0.0410 0.6202
vn -0.7883 -0.1182 0.6038
vn -0.7922 -0.0352 0.6093
vn -0.7226 -0.2582 0.6412
vn -0.7461 -0.1585 0.6467
vn -0.6387 -0.2620 0.7235
vn -0.7228 -0.2584 0.6409
vn -0.5504 -0.3999 0.7329
vn -0.5804 -0.3283 0.7452
vn -0.7592 0.1214 0.6394
vn -0.7744 0.0479 0.6309
vn -0.6782 0.2150 0.7027
vn -0.6997 0.2301 0.6764
vn -0.7194 0.1464 0.6790
vn -0.7560 0.1721 0.6315
vn -0.5832 0.2646 0.7680
vn -0.5944 0.2727 0.7565
vn -0.4668 -0.3218 0.8238
vn -0.4721 -0.3116 0.8246
vn -0.4783 -0.2283 0.8480
vn -0.4537 -0.2765 0.8472
vn -0.7142 -0.0540 0.6979
vn -0.7099 0.0310 0.7036
vn -0.7101 -0.0493 0.7023
vn -0.7026 -0.1343 0.6988
vn -0.4036 0.2964 0.8656
vn -0.4209 0.2752 0.8644
vn -0.5034 -0.2661 0.8220
vn -0.4936 -0.2844 0.8219
vn -0.7073 -0.1413 0.6927
vn -0.6589 -0.1357 0.7399
vn -0.6810 -0.1717 0.7119
vn -0.6565 -0.1659 0.7359
vn -0.6635 -0.2277 0.7127
vn -0.6261 -0.2102 0.7509
vn -0.5764 -0.0913 0.8120
vn -0.5135 -0.1227 0.8492
vn -0.5687 -0.1357 0.8113
vn -0.6217 -0.1159 0.7746
vn -0.6052 -0.2235 0.7640
vn -0.5931 -0.2548 0.7637
vn -0.5639 -0.2674 0.7813
vn -0.5859 -0.2254 0.7784
vn -0.5941 -0.1912 0.7813
vn -0.6443 -0.1739 0.7448
vn -0.5990 -0.1396 0.7885
vn -0.5705 -0.1577 0.8060
vn -0.6782 -0.1745 0.7139
vn -0.6818 -0.1614 0.7136
vn -0.5940 -0.2728 0.7567
vn -0.6298 -0.2610 0.7316
vn -0.6252 -0.1779 0.7600
vn -0.5984 -0.1437 0.7882
vn -0.6853 -0.1505 0.7125
vn -0.6890 -0.1417 0.7108
vn -0.6885 -0.1459 0.7104
vn -0.6894 -0.1442 0.7099
vn -0.6582 -0.2036 0.7247
vn -0.6406 -0.1925 0.7434
vn -0.6214 -0.2195 0.7521
vn -0.6489 -0.2397 0.7221
vn -0.5677 -0.3554 0.7426
vn -0.5812 -0.3515 0.7339
vn -0.6339 -0.2249 0.7400
vn -0.6186 -0.1987 0.7602
vn -0.6366 -0.1650 0.7533
vn -0.6215 -0.1758 0.7634
vn -0.6331 -0.1907 0.7503
vn -0.6485 -0.1815 0.7392
vn -0.6588 -0.2065 0.7234
vn -0.6756 -0.1712 0.7171
vn -0.6669 -0.1741 0.7245
vn -0.6760 -0.1538 0.7207
vn -0.6837 -0.1457 0.7151
vn -0.6766 -0.1588 0.7191
vn -0.7001 -0.1536 0.6973
vn -0.6775 -0.1942 0.7094
vn -0.6124 -0.1567 0.7749
vn -0.6368 -0.1579 0.7547
vn -0.5129 -0.4281 0.7441
vn -0.5241 -0.4258 0.7376
vn -0.6108 -0.2852 0.7387
vn -0.6077 -0.2776 0.7440
vn -0.6349 -0.2317 0.7370
vn -0.6442 -0.2272 0.7304
vn -0.5603 -0.3406 0.7550
vn -0.5632 -0.3535 0.7469
vn -0.5191 -0.3865 0.7623
vn -0.4572 -0.3972 0.7957
vn -0.6209 -0.2789 0.7326
vn -0.6074 -0.2842 0.7418
vn -0.5871 -0.3161 0.7453
vn -0.5344 -0.3303 0.7781
vn -0.7013 -0.1971 0.6851
vn -0.7228 -0.1644 0.6713
vn -0.7112 -0.2312 0.6639
vn -0.7306 -0.2618 0.6306
vn -0.7784 0.2115 0.5910
vn -0.7852 0.2224 0.5780
vn -0.7857 0.2064 0.5832
vn -0.7940 0.1812 0.5803
vn -0.7330 -0.2297 0.6403
vn -0.7540 -0.2684 0.5995
vn -0.7652 -0.3233 0.5567
vn -0.7476 -0.2876 0.5986
vn -0.7817 0.1562 0.6038
vn -0.7765 0.1681 0.6072
vn -0.7766 -0.3326 0.5351
vn -0.7675 -0.3111 0.5605
vn -0.7874 0.0974 0.6087
vn -0.7955 0.1221 0.5935
vn -0.7952 -0.3398 0.5022
vn -0.7881 -0.3222 0.5245
vn -0.8594 -0.3460 0.3764
vn -0.8594 -0.3462 0.3762
vn -0.8382 0.0082 0.5453
vn -0.8608 -0.0512 0.5063
vn -0.8392 -0.0041 0.5438
vn -0.8205 0.0442 0.5699
vn -0.8330 -0.2894 0.4715
vn -0.8241 -0.2669 0.4996
vn -0.8531 -0.3663 0.3716
vn -0.8539 -0.3708 0.3651
vn -0.8026 -0.3490 0.4837
vn -0.7968 -0.3329 0.5042
vn -0.9024 -0.3472 0.2551
vn -0.9088 -0.3382 0.2446
vn -0.8573 0.1321 0.4975
vn -0.8569 0.1330 0.4980
vn -0.9387 0.0895 0.3329
vn -0.9428 0.0784 0.3239
vn -0.8932 -0.0242 0.4490
vn -0.8853 -0.0774 0.4586
vn -0.8624 -0.0808 0.4998
vn -0.8772 0.0014 0.4802
vn -0.8939 -0.3721 0.2500
vn -0.8937 -0.3647 0.2613
vn -0.9204 -0.3395 0.1938
vn -0.9281 -0.3270 0.1782
vn -0.9704 0.0610 0.2336
vn -0.9759 0.0396 0.2145
vn -0.9293 0.1269 0.3467
vn -0.9360 0.1116 0.3337
vn -0.8641 0.1201 0.4888
vn -0.8565 0.1361 0.4979
vn -0.9361 -0.0332 0.3502
vn -0.9200 -0.0139 0.3917
vn -0.8514 -0.3593 0.3823
vn -0.8428 -0.3158 0.4359
vn -0.9109 -0.3670 0.1886
vn -0.9114 -0.3575 0.2038
vn -0.9696 0.0704 0.2343
vn -0.9608 0.0976 0.2596
vn -0.9814 0.0401 0.1877
vn -0.9858 0.0183 0.1670
vn -0.9154 0.1670 0.3661
vn -0.9184 0.1623 0.3608
vn -0.8835 0.1188 0.4531
vn -0.9041 0.0809 0.4197
vn -0.8826 0.1235 0.4535
vn -0.8766 0.0863 0.4735
vn -0.9191 0.1591 0.3604
vn -0.9216 0.1547 0.3559
vn -0.9327 0.0357 0.3589
vn -0.9317 0.0585 0.3586
vn -0.9317 -0.0105 0.3632
vn -0.9316 0.0398 0.3614
vn -0.9739 0.0715 0.2153
vn -0.9812 0.0440 0.1881
vn -0.9337 0.1599 0.3202
vn -0.9443 0.1407 0.2974
vn -0.9461 0.1313 0.2960
vn -0.9467 0.1510 0.2845
vn -0.9891 0.0192 0.1462
vn -0.9936 -0.0150 0.1122
vn -0.9246 0.1302 0.3580
vn -0.9252 0.1293 0.3567
vn -0.9162 0.0675 0.3951
vn -0.9292 0.0449 0.3669
vn -0.9018 0.0932 0.4219
vn -0.9179 0.1577 0.3642
vn -0.9177 0.1580 0.3646
vn -0.7891 -0.2583 0.5573
vn -0.7689 -0.2703 0.5794
vn -0.7994 -0.5770 0.1674
vn -0.8112 -0.5356 0.2346
vn -0.9573 0.1048 0.2693
vn -0.9582 0.1397 0.2496
vn -0.9437 0.1402 0.2995
vn -0.9553 0.1173 0.2714
vn -0.9833 0.0450 0.1761
vn -0.9892 0.0158 0.1458
vn -0.9340 0.1237 0.3351
vn -0.9329 0.0927 0.3479
vn -0.9293 0.1448 0.3398
vn -0.9411 0.1258 0.3139
vn -0.9354 0.0678 0.3470
vn -0.9409 0.0620 0.3329
vn -0.9356 0.0672 0.3467
vn -0.9397 0.0635 0.3361
vn -0.9112 0.1273 0.3918
vn -0.9114 0.1259 0.3918
vn -0.9268 0.0735 0.3684
vn -0.9251 0.0913 0.3686
vn -0.9539 0.1158 0.2769
vn -0.9664 0.0882 0.2413
vn -0.9430 0.1066 0.3154
vn -0.9411 0.0679 0.3311
vn -0.9395 0.1239 0.3194
vn -0.9504 0.1050 0.2928
vn -0.9291 0.0330 0.3682
vn -0.9319 0.0307 0.3614
vn -0.9380 0.0504 0.3430
vn -0.9346 0.0520 0.3519
vn -0.9346 0.0857 0.3452
vn -0.9330 0.0866 0.3494
vn -0.9362 0.0803 0.3420
vn -0.9362 0.0804 0.3423
vn -0.9358 0.0595 0.3476
vn -0.9376 0.0583 0.3427
vn -0.8951 0.1620 0.4153
vn -0.8953 0.1611 0.4153
vn -0.1680 -0.9805 -0.1017
vn -0.1689 -0.9805 -0.1003
vn -0.2596 -0.9611 -0.0939
vn -0.2638 -0.9591 -0.1026
vn -0.7805 -0.2310 0.5808
vn -0.7659 -0.2410 0.5960
vn -0.8484 -0.3000 0.4361
vn -0.8387 -0.2713 0.4722
vn -0.9474 0.1012 0.3036
vn -0.9599 0.0778 0.2694
vn -0.9544 0.0562 0.2932
vn -0.9444 0.0725 0.3208
vn -0.9292 0.0252 0.3688
vn -0.9368 0.0188 0.3494
vn -0.9291 0.0188 0.3693
vn -0.9286 0.0085 0.3709
vn -0.9280 0.0238 0.3718
vn -0.9314 0.0216 0.3632
vn -0.7993 0.2690 0.5373
vn -0.7861 0.3061 0.5369
vn -0.8696 0.2064 0.4485
vn -0.8688 0.2099 0.4486
vn -0.1588 -0.9807 -0.1139
vn -0.1654 -0.9809 -0.1022
vn -0.9351 0.0154 0.3541
vn -0.9405 0.0107 0.3396
vn -0.9285 0.0081 0.3712
vn -0.9280 -0.0010 0.3726
vn -0.9275 0.0129 0.3735
vn -0.9320 0.0101 0.3622
vn -0.9193 0.0591 0.3892
vn -0.9270 0.0579 0.3707
vn -0.9155 0.1167 0.3851
vn -0.9132 0.1354 0.3844
vn -0.9277 0.1027 0.3588
vn -0.9254 0.1036 0.3646
vn -0.9294 0.0497 0.3657
vn -0.9357 0.0479 0.3496
vn -0.6723 0.3566 0.6488
vn -0.6503 0.3486 0.6750
vn -0.7417 0.3349 0.5811
vn -0.7568 0.2978 0.5818
vn -0.9332 0.0059 0.3593
vn -0.9312 0.0068 0.3644
vn -0.9323 0.0106 0.3616
vn -0.9364 0.0080 0.3509
vn -0.9220 0.0116 0.3871
vn -0.9220 0.0235 0.3864
vn -0.9273 0.0030 0.3743
vn -0.9301 0.0022 0.3674
vn -0.9052 0.0710 0.4190
vn -0.9153 0.0707 0.3966
vn -0.8986 0.1554 0.4104
vn -0.8963 0.1555 0.4152
vn -0.4374 0.3138 0.8427
vn -0.4789 0.2491 0.8418
vn -0.5143 0.3719 0.7728
vn -0.5582 0.2966 0.7749
vn -0.4239 0.1575 0.8919
vn -0.3936 0.1331 0.9096
vn -0.4141 0.2036 0.8871
vn -0.4502 0.1448 0.8811
vn -0.3989 0.1309 0.9076
vn -0.3695 0.1033 0.9235
vn -0.3317 0.3122 0.8902
vn -0.3255 0.3200 0.8897
vn -0.3160 0.3446 0.8840
vn -0.3075 0.3548 0.8829
vn -0.9290 -0.0008 0.3702
vn -0.9279 -0.0005 0.3729
vn -0.9241 0.0136 0.3819
vn -0.9241 0.0183 0.3816
vn -0.9133 0.0400 0.4054
vn -0.9134 0.0400 0.4051
vn -0.8845 0.0944 0.4568
vn -0.8954 0.0951 0.4351
vn -0.8398 0.1431 0.5237
vn -0.8494 0.1451 0.5074
vn -0.8285 0.2141 0.5175
vn -0.8168 0.2556 0.5173
vn -0.8799 0.1755 0.4415
vn -0.8758 0.1950 0.4415
vn -0.4462 0.2659 0.8545
vn -0.4171 0.2404 0.8765
vn -0.4196 0.2393 0.8756
vn -0.3909 0.2094 0.8963
vn -0.2579 0.3335 0.9068
vn -0.2715 0.3180 0.9084
vn -0.2361 0.3665 0.9000
vn -0.2526 0.3482 0.9027
vn -0.3643 0.2868 0.8860
vn -0.3442 0.3121 0.8855
vn -0.9338 0.0162 0.3574
vn -0.9288 0.0178 0.3702
vn -0.9299 0.0368 0.3661
vn -0.9299 0.0322 0.3665
vn -0.9145 0.0438 0.4023
vn -0.9151 0.0437 0.4009
vn -0.9001 0.0610 0.4313
vn -0.8987 0.0790 0.4314
vn -0.8596 0.1249 0.4955
vn -0.8560 0.1441 0.4965
vn -0.8228 0.1699 0.5424
vn -0.8117 0.1668 0.5597
vn -0.7313 0.2105 0.6488
vn -0.7507 0.2185 0.6235
vn -0.7031 0.3177 0.6362
vn -0.6883 0.3106 0.6555
vn -0.7878 0.2695 0.5538
vn -0.7706 0.2645 0.5798
vn -0.1498 0.3298 0.9321
vn -0.1384 0.3407 0.9299
vn -0.0659 0.3249 0.9434
vn -0.0580 0.3170 0.9466
vn -0.0378 0.3268 0.9443
vn -0.0208 0.3087 0.9509
vn -0.1201 0.3424 0.9318
vn -0.0980 0.3634 0.9265
vn -0.2758 0.3116 0.9093
vn -0.2886 0.2970 0.9102
vn -0.3768 0.3223 0.8684
vn -0.3541 0.3500 0.8672
vn -0.9235 0.0583 0.3792
vn -0.9191 0.0589 0.3896
vn -0.9034 0.0732 0.4224
vn -0.9033 0.0745 0.4224
vn -0.8642 0.1395 0.4834
vn -0.8629 0.1465 0.4836
vn -0.8302 0.1731 0.5299
vn -0.8342 0.1562 0.5288
vn -0.7636 0.2175 0.6080
vn -0.7800 0.2227 0.5848
vn -0.6337 0.2604 0.7284
vn -0.6226 0.2533 0.7404
vn -0.5674 0.2796 0.7745
vn -0.5597 0.2740 0.7821
vn -0.5282 0.3476 0.7747
vn -0.5040 0.3274 0.7993
vn -0.5892 0.3521 0.7272
vn -0.5766 0.3423 0.7419
vn -0.0315 0.3188 0.9473
vn -0.0394 0.3121 0.9492
vn -0.0124 0.3091 0.9509
vn -0.0233 0.2999 0.9537
vn -0.1703 0.3078 0.9361
vn -0.1604 0.3173 0.9346
vn -0.0836 0.3104 0.9469
vn -0.0934 0.3021 0.9487
vn -0.2796 0.3486 0.8946
vn -0.3019 0.3238 0.8967
vn -0.3858 0.3794 0.8409
vn -0.3620 0.4070 0.8386
vn -0.9081 0.0835 0.4103
vn -0.9074 0.0912 0.4102
vn -0.8690 0.1668 0.4659
vn -0.8683 0.1700 0.4660
vn -0.8374 0.1847 0.5144
vn -0.8414 0.1686 0.5135
vn -0.7799 0.2203 0.5859
vn -0.7954 0.2249 0.5628
vn -0.6489 0.2844 0.7058
vn -0.6643 0.2491 0.7047
vn -0.5799 0.2884 0.7620
vn -0.5963 0.2577 0.7603
vn -0.5255 0.2831 0.8023
vn -0.5341 0.2901 0.7941
vn -0.4960 0.3317 0.8025
vn -0.4742 0.3120 0.8233
vn -0.4886 0.2928 0.8219
vn -0.4956 0.2995 0.8153
vn -0.4630 0.3174 0.8276
vn -0.4420 0.2951 0.8470
vn -0.0499 0.3052 0.9510
vn -0.0536 0.3022 0.9517
vn -0.1769 0.3284 0.9278
vn -0.1641 0.3405 0.9258
vn -0.0891 0.3282 0.9404
vn -0.1006 0.3185 0.9426
vn -0.2871 0.4055 0.8679
vn -0.3095 0.3817 0.8709
vn -0.8485 0.2011 0.4895
vn -0.8445 0.2007 0.4965
vn -0.7961 0.2396 0.5557
vn -0.8069 0.2425 0.5387
vn -0.6639 0.2972 0.6862
vn -0.6827 0.2542 0.6850
vn -0.5943 0.2959 0.7479
vn -0.6150 0.2566 0.7456
vn -0.5446 0.2674 0.7949
vn -0.5613 0.2805 0.7786
vn -0.5089 0.2698 0.8174
vn -0.5212 0.2807 0.8059
vn -0.0511 0.3219 0.9454
vn -0.0575 0.3166 0.9468
vn -0.1848 0.3732 0.9092
vn -0.1652 0.3910 0.9054
vn -0.1051 0.3696 0.9232
vn -0.0938 0.3596 0.9284
vn -0.6362 0.3010 0.7104
vn -0.6138 0.2858 0.7359
vn -0.6980 0.2971 0.6516
vn -0.6826 0.2880 0.6716
vn -0.5624 0.2664 0.7828
vn -0.5798 0.2798 0.7652
vn -0.5228 0.2644 0.8104
vn -0.5398 0.2794 0.7941
vn -0.0521 0.3622 0.9306
vn -0.0635 0.3530 0.9335
vn -0.8266 -0.4731 0.3046
vn -0.8277 -0.4120 0.3809
vn -0.5798 0.2806 0.7649
vn -0.5991 0.2954 0.7442
vn -0.5400 0.2774 0.7947
vn -0.5580 0.2930 0.7764
vn -0.7588 -0.3359 0.5580
vn -0.7904 -0.3197 0.5225
vn -0.5465 -0.1463 0.8246
vn -0.5427 -0.1753 0.8214
vn -0.5693 0.1326 0.8114
vn -0.5970 0.1416 0.7897
vn -0.5070 -0.0412 0.8609
vn -0.5329 -0.0331 0.8455
vn -0.4498 -0.2117 0.8677
vn -0.4126 -0.2245 0.8828
vn -0.3426 -0.2851 0.8952
vn -0.3552 -0.3558 0.8644
vn -0.2724 -0.4982 0.8232
vn -0.2739 -0.5004 0.8213
vn -0.3136 -0.2906 0.9040
vn -0.3235 -0.2837 0.9027
vn -0.3388 -0.0366 0.9402
vn -0.3736 -0.0912 0.9231
vn -0.7299 0.0523 0.6815
vn -0.7261 0.0694 0.6841
vn -0.6542 -0.1150 0.7475
vn -0.6505 -0.0854 0.7547
vn -0.5607 -0.2551 0.7878
vn -0.5602 -0.2365 0.7939
vn -0.5019 -0.3305 0.7993
vn -0.5027 -0.3156 0.8048
vn -0.2442 -0.7467 0.6187
vn -0.2517 -0.6832 0.6855
vn -0.7107 0.2652 0.6516
vn -0.7104 0.2660 0.6516
vn -0.7088 0.2807 0.6472
vn -0.7102 0.2829 0.6447
vn -0.7402 0.1448 0.6566
vn -0.7244 0.1860 0.6638
vn -0.7607 0.0661 0.6457
vn -0.7423 0.1176 0.6597
vn -0.8052 -0.0768 0.5880
vn -0.7803 0.0050 0.6254
vn -0.8261 -0.1245 0.5495
vn -0.8048 -0.0509 0.5914
vn -0.8651 -0.0869 0.4941
vn -0.8488 -0.1643 0.5026
vn -0.8256 -0.0873 0.5575
vn -0.8487 -0.1669 0.5018
vn 0.0616 0.4507 0.8906
vn 0.0619 0.4504 0.8907
vn 0.1425 0.4387 0.8872
vn 0.1314 0.4477 0.8845
vn -0.0193 0.4750 0.8798
vn 0.0357 0.5750 0.8174
vn -0.5076 0.2892 0.8116
vn -0.5253 0.2642 0.8088
vn -0.6450 0.2557 0.7201
vn -0.6469 0.2521 0.7197
vn -0.5771 -0.2063 0.7902
vn -0.5993 -0.2152 0.7710
vn -0.6044 -0.2280 0.7634
vn -0.6304 -0.2418 0.7377
vn -0.5417 -0.1034 0.8342
vn -0.5735 -0.1033 0.8127
vn -0.8827 -0.3077 0.3551
vn -0.8792 -0.2882 0.3794
vn -0.7772 -0.3135 0.5456
vn -0.7705 -0.2992 0.5628
vn -0.8720 -0.3185 0.3718
vn -0.8642 -0.3291 0.3806
vn -0.9328 -0.2759 0.2318
vn -0.9322 -0.2605 0.2513
vn -0.9508 -0.2652 0.1603
vn -0.9513 -0.2529 0.1763
vn -0.9410 -0.2940 0.1677
vn -0.9340 -0.3072 0.1824
vn -0.9212 -0.3050 0.2416
vn -0.9162 -0.3131 0.2501
vn -0.9251 -0.3597 0.1219
vn -0.9268 -0.3476 0.1419
vn -0.9397 -0.3171 0.1284
vn -0.9379 -0.3289 0.1100
vn -0.9556 -0.2789 0.0951
vn -0.9482 -0.2959 0.1158
vn -0.9624 -0.2574 0.0872
vn -0.9637 -0.2473 0.1004
vn -0.9458 -0.2542 -0.2021
vn -0.9662 -0.2133 -0.1447
vn -0.9584 -0.2075 -0.1961
vn -0.9599 -0.2049 -0.1915
vn -0.8950 -0.2504 0.3691
vn -0.8984 -0.2709 0.3456
vn -0.9458 -0.2138 0.2444
vn -0.9467 -0.2338 0.2215
vn -0.9625 -0.2197 0.1590
vn -0.9628 -0.2091 0.1714
vn -0.9730 -0.2154 0.0828
vn -0.9742 -0.2045 0.0957
vn -0.9629 -0.1841 -0.1971
vn -0.9662 -0.1778 -0.1870
vn -0.9103 -0.1182 0.3966
vn -0.8953 -0.0982 0.4346
vn -0.9064 -0.0929 0.4120
vn -0.9088 -0.0574 0.4134
vn -0.9038 -0.0372 0.4264
vn -0.9205 -0.0474 0.3879
vn -0.9088 -0.0056 0.4173
vn -0.9081 0.0125 0.4186
vn -0.8960 0.0632 0.4396
vn -0.8983 0.0389 0.4377
vn -0.8818 0.0940 0.4621
vn -0.8796 0.0943 0.4664
vn -0.8551 0.1282 0.5024
vn -0.8518 0.1448 0.5034
vn -0.7778 0.2140 0.5910
vn -0.7707 0.2362 0.5918
vn -0.7213 0.2773 0.6347
vn -0.7350 0.2406 0.6339
vn -0.6501 0.3021 0.6973
vn -0.6118 0.2891 0.7363
vn -0.4776 0.2764 0.8340
vn -0.5250 0.1889 0.8298
vn -0.7046 -0.2182 0.6752
vn -0.6810 -0.2333 0.6941
vn -0.6962 -0.2294 0.6802
vn -0.7029 -0.2257 0.6745
vn -0.6980 -0.2228 0.6806
vn -0.6623 -0.2389 0.7102
vn -0.7302 -0.2282 0.6440
vn -0.7251 -0.2315 0.6485
vn -0.6667 -0.2260 0.7103
vn -0.6259 -0.2396 0.7422
vn -0.6307 -0.2288 0.7416
vn -0.6104 -0.2336 0.7568
vn -0.5416 -0.3215 0.7767
vn -0.4271 -0.3379 0.8387
vn -0.4880 -0.1105 0.8658
vn -0.4894 -0.0875 0.8677
vn 0.1192 0.5095 0.8522
vn 0.0830 0.6214 0.7791
vn 0.0583 0.6273 0.7766
vn 0.0428 0.6458 0.7623
vn -0.0660 0.4392 0.8960
vn -0.0252 0.3841 0.9229
vn -0.2871 0.4817 0.8280
vn -0.2913 0.4843 0.8250
vn -0.4202 0.4559 0.7846
vn -0.4108 0.4653 0.7841
vn -0.5206 0.4362 0.7340
vn -0.5163 0.4333 0.7387
vn -0.5932 0.4090 0.6934
vn -0.5716 0.3934 0.7201
vn -0.6515 0.3638 0.6657
vn -0.6197 0.3401 0.7074
vn -0.6882 0.3111 0.6554
vn -0.6545 0.2864 0.6997
vn -0.0188 0.4373 0.8991
vn 0.0172 0.4699 0.8825
vn -0.7682 0.1586 0.6202
vn -0.7033 0.1225 0.7003
vn -0.6866 0.2108 0.6958
vn -0.7356 0.2449 0.6316
vn -0.7062 -0.0658 0.7049
vn -0.7866 -0.0456 0.6158
vn -0.6915 -0.1467 0.7074
vn -0.7664 -0.1364 0.6277
vn -0.7199 -0.1864 0.6686
vn -0.6571 -0.1855 0.7306
vn -0.6819 -0.2256 0.6957
vn -0.6216 -0.2171 0.7527
vn -0.5152 -0.2817 0.8095
vn -0.5024 -0.3116 0.8066
vn -0.6192 -0.3073 0.7226
vn -0.5572 -0.2847 0.7801
vn -0.6438 0.0919 0.7596
vn -0.7511 0.1139 0.6503
vn -0.7589 -0.0166 0.6510
vn -0.7424 0.0919 0.6637
vn -0.5436 -0.1257 0.8299
vn -0.5451 -0.1144 0.8306
vn -0.5284 -0.1600 0.8338
vn -0.5319 -0.1340 0.8361
vn -0.5443 -0.0251 0.8385
vn -0.5449 -0.0129 0.8384
vn -0.4918 -0.0548 0.8690
vn -0.4912 -0.0659 0.8686
vn -0.4840 -0.0919 0.8702
vn -0.4637 -0.0872 0.8817
vn -0.4999 -0.0996 0.8603
vn -0.5117 -0.1018 0.8531
vn -0.5888 -0.0824 0.8041
vn -0.5884 -0.0859 0.8040
vn -0.7440 -0.3166 0.5884
vn -0.7286 -0.2897 0.6207
vn -0.6892 -0.2298 0.6872
vn -0.7106 -0.2583 0.6545
vn -0.7272 -0.3061 0.6144
vn -0.7173 -0.2906 0.6332
vn -0.6502 -0.1481 0.7452
vn -0.6460 -0.1707 0.7440
vn -0.6288 -0.1971 0.7522
vn -0.6122 -0.1908 0.7673
vn -0.5924 -0.2177 0.7757
vn -0.6088 -0.2254 0.7606
vn -0.6237 -0.1361 0.7697
vn -0.6238 -0.1355 0.7698
vn -0.6016 -0.1719 0.7801
vn -0.5784 -0.1651 0.7988
vn -0.5661 -0.1943 0.8011
vn -0.5847 -0.2012 0.7859
vn -0.2582 -0.4425 0.8588
vn -0.2830 -0.3999 0.8718
vn -0.1409 -0.4822 0.8646
vn -0.1521 -0.4678 0.8706
vn -0.0285 -0.5096 0.8599
vn -0.0450 -0.4926 0.8691
vn -0.4123 -0.2617 0.8727
vn -0.4586 -0.2708 0.8464
vn -0.2408 -0.2488 0.9381
vn -0.2552 -0.2217 0.9411
vn -0.1281 -0.3100 0.9421
vn -0.1557 -0.2710 0.9499
vn -0.0374 -0.3308 0.9430
vn -0.0477 -0.3193 0.9465
vn -0.7675 -0.2349 0.5965
vn -0.7552 -0.2441 0.6083
vn -0.5520 -0.1677 0.8168
vn -0.5768 -0.1744 0.7981
vn -0.7723 -0.2854 0.5675
vn -0.7702 -0.2809 0.5726
vn -0.7173 -0.2905 0.6333
vn -0.7056 -0.2749 0.6531
vn -0.6994 -0.2771 0.6589
vn -0.7158 -0.2712 0.6435
vn -0.8514 0.1298 0.5083
vn -0.8450 0.1205 0.5210
vn -0.8361 0.1449 0.5291
vn -0.8444 0.1595 0.5115
vn -0.8217 0.1462 0.5508
vn -0.8218 0.1465 0.5506
vn -0.8258 0.1118 0.5527
vn -0.8312 0.1296 0.5407
vn -0.8617 0.0858 0.5001
vn -0.8531 0.0431 0.5200
vn -0.8888 0.0164 0.4580
vn -0.8643 0.0689 0.4982
vn -0.8900 0.0062 0.4560
vn -0.8961 0.0561 0.4404
vn -0.9066 -0.0154 0.4217
vn -0.9114 0.0297 0.4105
vn -0.9346 0.0483 0.3525
vn -0.9340 0.0114 0.3570
vn -0.5032 -0.4477 0.7392
vn -0.5324 -0.4510 0.7163
vn -0.9347 0.0478 0.3522
vn -0.9339 0.0742 0.3497
vn -0.5407 -0.6286 0.5590
vn -0.6101 -0.6231 0.4895
vn -0.9352 0.0699 0.3472
vn -0.9339 0.0899 0.3459
vn -0.2857 -0.8412 0.4591
vn -0.3118 -0.8159 0.4869
vn -0.9286 0.1058 0.3557
vn -0.9278 0.1137 0.3554
vn -0.2728 -0.6525 0.7070
vn -0.3021 -0.6098 0.7327
vn -0.9150 0.1453 0.3763
vn -0.9149 0.1464 0.3763
vn -0.8980 0.1821 0.4006
vn -0.8993 0.1754 0.4007
vn -0.1433 -0.8829 0.4472
vn -0.1621 -0.8700 0.4657
vn -0.8769 0.2046 0.4350
vn -0.8716 0.2264 0.4348
vn -0.1437 -0.7008 0.6987
vn -0.1655 -0.6781 0.7161
vn -0.8167 0.2552 0.5175
vn -0.8008 0.3036 0.5163
vn -0.0469 -0.8884 0.4566
vn -0.0389 -0.8927 0.4491
vn -0.7576 0.3282 0.5642
vn -0.7718 0.2914 0.5652
vn -0.6718 0.3693 0.6422
vn -0.6878 0.3365 0.6431
vn -0.5490 0.3879 0.7404
vn -0.5767 0.3411 0.7423
vn -0.4648 0.3654 0.8065
vn -0.5072 0.3007 0.8076
vn -0.8486 -0.4715 0.2400
vn -0.8502 -0.4126 0.3269
vn -0.8648 -0.3800 0.3282
vn -0.8583 -0.3425 0.3821
vn -0.4733 0.3186 0.8213
vn -0.4430 0.2911 0.8479
vn -0.4489 0.2500 0.8579
vn -0.4097 0.3060 0.8594
vn -0.9677 -0.1487 -0.2037
vn -0.9739 -0.1337 -0.1833
vn -0.9819 -0.1666 0.0900
vn -0.9807 -0.1811 0.0740
vn -0.9566 -0.1774 0.2311
vn -0.9573 -0.1914 0.2165
vn -0.7190 -0.2432 0.6511
vn -0.7149 -0.2363 0.6581
vn -0.7250 -0.2221 0.6519
vn -0.7301 -0.2288 0.6439
vn -0.9705 -0.1841 0.1556
vn -0.9706 -0.1735 0.1669
vn -0.6677 -0.2112 0.7138
vn -0.6806 -0.2127 0.7011
vn -0.5974 -0.2166 0.7721
vn -0.6270 -0.2275 0.7450
vn -0.6319 -0.2409 0.7367
vn -0.6523 -0.2518 0.7149
vn -0.7040 -0.2421 0.6677
vn -0.7053 -0.2391 0.6674
vn -0.6508 -0.2458 0.7184
vn -0.6637 -0.2553 0.7031
vn -0.3135 0.2501 0.9160
vn -0.2869 0.2468 0.9256
vn -0.3180 0.2725 0.9081
vn -0.2899 0.2686 0.9186
vn -0.8500 -0.3158 0.4217
vn -0.8417 -0.2895 0.4557
vn -0.8616 -0.4154 0.2915
vn -0.8582 -0.3608 0.3652
vn -0.6697 -0.2407 0.7026
vn -0.6904 -0.2637 0.6736
vn -0.8652 -0.3431 0.3656
vn -0.8553 -0.3005 0.4222
vn -0.6635 -0.2543 0.7037
vn -0.6717 -0.2620 0.6929
vn -0.5671 0.1249 0.8141
vn -0.5940 0.1205 0.7954
vn -0.6189 0.1462 0.7717
vn -0.6731 0.1383 0.7265
vn -0.7326 -0.0095 0.6806
vn -0.7388 -0.0495 0.6721
vn -0.8368 -0.0634 0.5438
vn -0.7758 -0.0302 0.6302
vn -0.5882 0.2428 0.7714
vn -0.5886 0.2530 0.7678
vn -0.5228 0.2044 0.8276
vn -0.5228 0.2036 0.8278
vn -0.4013 0.2561 0.8794
vn -0.3974 0.3014 0.8667
vn -0.4917 0.3531 0.7960
vn -0.4713 0.3592 0.8055
vn -0.7066 -0.1471 0.6922
vn -0.7095 -0.1486 0.6889
vn -0.6916 -0.1592 0.7046
vn -0.7041 -0.1656 0.6905
vn -0.6992 -0.1374 0.7016
vn -0.6925 -0.1557 0.7044
vn -0.6788 -0.1615 0.7164
vn -0.6648 -0.2000 0.7197
vn -0.6794 -0.1679 0.7143
vn -0.6905 -0.1453 0.7086
vn -0.6417 -0.2101 0.7376
vn -0.6594 -0.1739 0.7314
vn -0.6215 -0.2108 0.7545
vn -0.6442 -0.2312 0.7291
vn -0.6481 -0.1923 0.7369
vn -0.6596 -0.2045 0.7232
vn -0.6784 -0.2329 0.6968
vn -0.6729 -0.2269 0.7041
vn -0.6516 -0.2343 0.7215
vn -0.6473 -0.2293 0.7269
vn -0.6590 -0.2672 0.7031
vn -0.6325 -0.2327 0.7387
vn -0.6269 -0.2804 0.7269
vn -0.6113 -0.2566 0.7487
vn -0.6132 -0.2757 0.7402
vn -0.5844 -0.2244 0.7798
vn -0.5797 -0.3133 0.7522
vn -0.5517 -0.2523 0.7949
vn -0.5144 -0.3066 0.8009
vn -0.4826 -0.2083 0.8507
vn -0.5861 -0.2211 0.7795
vn -0.5261 -0.2317 0.8183
vn -0.7418 -0.2290 0.6303
vn -0.7207 -0.1954 0.6651
vn -0.7122 0.0343 0.7011
vn -0.6548 0.0364 0.7549
vn -0.6459 0.0268 0.7629
vn -0.6078 0.0306 0.7935
vn -0.6660 -0.0465 0.7445
vn -0.6413 -0.0443 0.7660
vn -0.6926 -0.0682 0.7181
vn -0.6977 -0.0169 0.7161
vn -0.6785 -0.0971 0.7282
vn -0.6801 -0.0973 0.7267
vn -0.6889 -0.0904 0.7192
vn -0.7103 -0.0932 0.6977
vn -0.6927 -0.1201 0.7112
vn -0.6928 -0.1201 0.7111
vn -0.6923 -0.1205 0.7115
vn -0.7116 -0.1249 0.6914
vn -0.7595 -0.0894 0.6443
vn -0.7509 -0.1175 0.6498
vn -0.6501 -0.1776 0.7388
vn -0.6394 -0.1854 0.7462
vn -0.4399 -0.0437 0.8970
vn -0.4297 -0.0420 0.9020
vn -0.3747 0.0038 0.9271
vn -0.3732 0.0256 0.9274
vn -0.4998 0.0529 0.8645
vn -0.4967 0.2149 0.8409
vn -0.3894 0.0707 0.9183
vn -0.3838 0.1751 0.9066
vn -0.3602 0.0994 0.9276
vn -0.2838 0.1059 0.9530
vn -0.6705 0.1604 0.7244
vn -0.5332 0.1744 0.8278
vn -0.2821 0.0791 0.9561
vn -0.2852 0.0788 0.9552
vn -0.6462 -0.2408 0.7242
vn -0.6627 -0.2546 0.7043
vn -0.6739 -0.2332 0.7011
vn -0.6920 -0.1978 0.6943
vn -0.7207 -0.1861 0.6678
vn -0.6932 -0.2339 0.6817
vn -0.5057 -0.0055 0.8627
vn -0.4730 0.0618 0.8789
vn -0.4830 -0.2838 0.8283
vn -0.3353 -0.2905 0.8962
vn -0.4709 -0.3850 0.7937
vn -0.3399 -0.3944 0.8537
vn -0.1700 -0.4997 0.8494
vn -0.2150 -0.5213 0.8259
vn -0.0278 -0.4912 0.8706
vn -0.0428 -0.5018 0.8639
vn -0.1166 -0.5057 0.8548
vn -0.1041 -0.4984 0.8607
vn -0.2312 -0.5161 0.8247
vn -0.2350 -0.5179 0.8225
vn -0.0404 -0.1767 0.9834
vn -0.0500 -0.1661 0.9848
vn -0.1377 -0.1567 0.9780
vn -0.1488 -0.1418 0.9786
vn -0.2282 -0.1235 0.9658
vn -0.2353 -0.1111 0.9656
vn -0.3598 -0.0813 0.9295
vn -0.3338 -0.0748 0.9397
vn -0.3658 -0.1518 0.9182
vn -0.3666 -0.2633 0.8923
vn -0.0446 -0.0653 0.9969
vn -0.0491 -0.0608 0.9969
vn -0.1358 -0.0533 0.9893
vn -0.1354 -0.0538 0.9893
vn -0.2169 -0.0386 0.9754
vn -0.2008 -0.0626 0.9776
vn -0.3484 -0.1003 0.9320
vn -0.2681 -0.0809 0.9600
vn -0.3500 -0.2486 0.9032
vn -0.3348 -0.3981 0.8541
vn -0.0399 -0.0698 0.9968
vn -0.0497 -0.0776 0.9957
vn -0.1402 -0.0987 0.9852
vn -0.1030 -0.0736 0.9920
vn -0.9085 -0.3889 0.1527
vn -0.9089 -0.3862 0.1573
vn -0.8938 -0.3869 0.2267
vn -0.8978 -0.3823 0.2185
vn -0.8786 -0.3863 0.2808
vn -0.8809 -0.3839 0.2769
vn -0.8525 -0.3848 0.3539
vn -0.8526 -0.3852 0.3532
vn -0.8199 -0.3714 0.4358
vn -0.8133 -0.3492 0.4654
vn -0.8088 -0.3487 0.4735
vn -0.7995 -0.3188 0.5090
vn -0.7835 -0.2542 0.5671
vn -0.7947 -0.2813 0.5379
vn -0.7781 -0.2316 0.5839
vn -0.7592 -0.2534 0.5996
vn -0.7726 0.2435 0.5863
vn -0.7579 0.2848 0.5869
vn -0.7563 0.2286 0.6129
vn -0.7450 0.2617 0.6136
vn -0.7433 0.2186 0.6323
vn -0.7301 0.2571 0.6332
vn -0.6945 0.2283 0.6823
vn -0.7087 0.2354 0.6650
vn -0.6667 0.3116 0.6771
vn -0.6523 0.3414 0.6767
vn -0.6523 0.3420 0.6764
vn -0.6313 0.3819 0.6750
vn -0.6350 0.3306 0.6982
vn -0.6077 0.3817 0.6964
vn -0.6116 0.2408 0.7537
vn -0.5734 0.3187 0.7548
vn -0.5599 0.0884 0.8238
vn -0.5277 0.1651 0.8333
vn -0.4872 -0.0831 0.8693
vn -0.4588 -0.0023 0.8885
vn -0.3899 -0.2659 0.8816
vn -0.3673 -0.1906 0.9104
vn -0.2977 -0.3927 0.8702
vn -0.2726 -0.3018 0.9136
vn -0.8258 0.2163 0.5209
vn -0.8191 0.2381 0.5219
vn -0.8163 0.1962 0.5433
vn -0.8114 0.2134 0.5442
vn -0.8089 0.1836 0.5585
vn -0.8043 0.2001 0.5595
vn -0.7720 0.1918 0.6061
vn -0.7898 0.1979 0.5805
vn -0.7463 0.2924 0.5980
vn -0.7336 0.2877 0.6157
vn -0.7174 0.3496 0.6025
vn -0.7341 0.3113 0.6036
vn -0.7173 0.3157 0.6212
vn -0.6985 0.3567 0.6204
vn -0.6944 0.2624 0.6701
vn -0.6806 0.2946 0.6708
vn -0.6480 0.0959 0.7556
vn -0.6343 0.1366 0.7609
vn -0.5585 -0.0562 0.8276
vn -0.5784 -0.0520 0.8141
vn -0.4921 -0.2106 0.8447
vn -0.4594 -0.2200 0.8605
vn -0.3990 -0.2741 0.8750
vn -0.4041 -0.3286 0.8537
vn -0.4445 -0.2556 0.8585
vn -0.4289 -0.1692 0.8874
vn -0.3864 -0.1239 0.9140
vn -0.3623 -0.1177 0.9246
vn -0.4087 -0.1911 0.8924
vn -0.4020 -0.1085 0.9092
vn -0.6061 -0.3721 0.7030
vn -0.6432 -0.2693 0.7168
vn -0.6112 -0.2909 0.7361
vn -0.6277 -0.2284 0.7442
vn -0.6732 -0.1981 0.7124
vn -0.6445 -0.1870 0.7414
vn -0.6985 -0.1526 0.6992
vn -0.7013 -0.1361 0.6998
vn -0.7034 -0.1347 0.6980
vn -0.7026 -0.1384 0.6979
vn -0.6667 -0.1787 0.7236
vn -0.6712 -0.1579 0.7242
vn -0.6458 -0.2066 0.7351
vn -0.6294 -0.1986 0.7513
vn -0.6087 -0.2252 0.7608
vn -0.6260 -0.2354 0.7435
vn -0.6281 -0.2344 0.7420
vn -0.6476 -0.2474 0.7207
vn -0.6612 -0.2433 0.7097
vn -0.6726 -0.2182 0.7070
vn -0.6465 -0.2271 0.7283
vn -0.6579 -0.1999 0.7261
vn -0.6708 -0.1949 0.7156
vn -0.6520 -0.1810 0.7363
vn -0.6835 -0.1666 0.7107
vn -0.6868 -0.1566 0.7098
vn -0.7064 -0.1468 0.6924
vn -0.7040 -0.1552 0.6930
vn -0.6806 -0.1676 0.7133
vn -0.6986 -0.1789 0.6928
vn -0.6276 -0.2139 0.7486
vn -0.6151 -0.2547 0.7462
vn -0.5552 -0.2804 0.7830
vn -0.5354 -0.3342 0.7756
vn -0.4971 -0.3848 0.7777
vn -0.5184 -0.3405 0.7844
vn -0.6129 -0.4246 0.6664
vn -0.6428 -0.4141 0.6444
vn -0.7715 0.0814 0.6310
vn -0.7797 0.0819 0.6207
vn -0.6448 -0.0181 0.7641
vn -0.6870 -0.0309 0.7260
vn -0.5647 -0.0790 0.8215
vn -0.6003 -0.1008 0.7934
vn -0.6313 0.2169 0.7446
vn -0.5992 0.2194 0.7700
vn -0.7128 0.0346 0.7005
vn -0.7556 0.0249 0.6546
vn -0.4835 -0.4909 0.7247
vn -0.4861 -0.4825 0.7287
vn -0.5107 -0.4593 0.7268
vn -0.5175 -0.4560 0.7241
vn -0.3773 -0.4086 0.8311
vn -0.4011 -0.3954 0.8263
vn -0.0936 -0.4843 0.8699
vn -0.1146 -0.5241 0.8439
vn -0.3375 -0.4434 0.8303
vn -0.3332 -0.4720 0.8162
vn -0.1137 -0.5308 0.8398
vn -0.1463 -0.5088 0.8483
vn -0.0993 -0.6220 0.7767
vn -0.1617 -0.5844 0.7952
vn -0.4935 -0.5135 0.7020
vn -0.4953 -0.5077 0.7050
vn -0.5114 -0.4984 0.7000
vn -0.5145 -0.4888 0.7046
vn -0.5273 -0.4972 0.6890
vn -0.5373 -0.4677 0.7019
vn -0.7534 -0.1447 0.6414
vn -0.7416 -0.2574 0.6195
vn -0.4816 -0.4878 0.7281
vn -0.4762 -0.5053 0.7197
vn -0.4027 -0.3563 0.8432
vn -0.4034 -0.3451 0.8475
vn -0.0429 -0.2729 0.9611
vn -0.0971 -0.3664 0.9254
vn 0.0312 -0.3915 0.9197
vn -0.0453 -0.4774 0.8775
vn 0.1859 0.0591 0.9808
vn 0.2106 0.0156 0.9775
vn 0.0205 0.0742 0.9970
vn 0.0071 0.0559 0.9984
vn -0.5567 -0.0118 0.8306
vn -0.5605 -0.0350 0.8274
vn -0.5620 0.0143 0.8270
vn -0.5632 0.0093 0.8263
vn -0.7737 -0.0781 0.6287
vn -0.7736 -0.0544 0.6313
vn -0.7511 -0.1412 0.6449
vn -0.7510 -0.1426 0.6447
vn -0.5359 -0.4695 0.7016
vn -0.5526 -0.4610 0.6944
vn -0.5560 -0.4640 0.6896
vn -0.5961 -0.4425 0.6700
vn -0.4341 -0.7348 0.5211
vn -0.4257 -0.7460 0.5121
vn -0.4246 -0.7253 0.5418
vn -0.4436 -0.7167 0.5382
vn 0.1830 -0.9543 0.2363
vn 0.2758 -0.9549 0.1103
vn 0.2095 -0.9387 0.2738
vn 0.2486 -0.9435 0.2192
vn 0.1283 0.0039 0.9917
vn 0.1614 0.1378 0.9772
vn -0.1176 0.6617 0.7405
vn -0.1466 0.6067 0.7813
vn -0.1534 0.7192 0.6777
vn -0.1619 0.7109 0.6844
vn -0.1346 -0.0911 0.9867
vn -0.1337 -0.0894 0.9870
vn -0.3417 -0.1591 0.9263
vn -0.3616 -0.1812 0.9145
vn -0.3296 -0.0004 0.9441
vn -0.3531 0.0823 0.9320
vn 0.1653 0.9754 0.1459
vn 0.2061 0.9770 0.0552
vn 0.1270 0.9914 0.0329
vn 0.0524 0.9234 0.3803
vn -0.1905 0.7364 0.6491
vn -0.1756 0.7469 0.6413
vn -0.1860 0.7524 0.6319
vn -0.1789 0.7661 0.6173
vn 0.2761 0.9563 0.0962
vn 0.3411 0.9394 -0.0356
vn 0.0252 0.9980 -0.0587
vn 0.0191 0.9761 -0.2163
vn -0.3436 0.8893 -0.3019
vn -0.3256 0.9099 -0.2568
vn -0.0434 0.7187 0.6940
vn -0.0240 0.7029 0.7109
vn 0.1551 -0.0978 0.9831
vn 0.1022 -0.0392 0.9940
vn 0.0326 0.8004 0.5986
vn 0.0315 0.8268 0.5616
vn -0.4508 0.8681 -0.2079
vn -0.4941 0.8304 -0.2575
vn 0.0203 0.7963 0.6046
vn 0.0215 0.7601 0.6495
vn 0.0080 0.8314 0.5557
vn 0.0397 0.8404 0.5405
vn -0.0038 0.7181 0.6960
vn 0.0048 0.7233 0.6905
vn -0.0335 0.7331 0.6793
vn -0.0283 0.7248 0.6884
vn -0.5480 0.0959 0.8310
vn -0.5503 0.2462 0.7978
vn -0.1757 0.7767 0.6049
vn -0.1884 0.7721 0.6069
vn 0.4655 0.8817 -0.0773
vn 0.4244 0.9055 0.0007
vn -0.6473 0.2997 0.7008
vn -0.6608 0.3011 0.6876
vn -0.4691 0.1912 0.8622
vn -0.5101 0.1737 0.8424
vn 0.1066 -0.9619 0.2518
vn 0.1029 -0.9579 0.2679
vn -0.4459 -0.6692 0.5945
vn -0.4248 -0.7041 0.5690
vn -0.3518 -0.5328 0.7697
vn -0.3536 -0.4851 0.7998
vn 0.0813 -0.2861 0.9547
vn 0.0408 -0.3563 0.9335
vn 0.0026 -0.9461 0.3238
vn 0.0376 -0.9163 0.3987
vn 0.1755 -0.3558 0.9180
vn 0.1779 -0.3524 0.9188
vn 0.2406 -0.4090 0.8802
vn 0.2302 -0.3516 0.9074
vn -0.4814 -0.2139 0.8500
vn -0.4817 -0.2166 0.8491
vn -0.6495 -0.4866 0.5843
vn -0.6515 -0.4812 0.5865
vn -0.6515 -0.3414 0.6775
vn -0.6207 -0.4631 0.6327
vn 0.1447 -0.9450 0.2932
vn 0.2185 -0.9590 0.1806
vn 0.4519 -0.8883 -0.0824
vn 0.6223 -0.7591 -0.1914
vn 0.6884 -0.7187 -0.0981
vn 0.6622 -0.7445 -0.0847
vn -0.3039 -0.9495 -0.0781
vn -0.3564 -0.8796 -0.3150
vn -0.0428 -0.9429 0.3302
vn -0.0123 -0.9268 0.3754
vn -0.0682 -0.9209 0.3838
vn -0.0699 -0.9215 0.3820
vn -0.2207 -0.9037 0.3669
vn -0.1905 -0.9002 0.3915
vn 0.2091 -0.4816 0.8511
vn 0.1041 -0.5534 0.8264
vn -0.5524 -0.7521 -0.3596
vn -0.3880 -0.9142 -0.1168
vn -0.1944 0.8088 0.5550
vn -0.1220 0.7935 0.5962
vn -0.4004 0.2022 0.8938
vn -0.3909 0.1869 0.9012
vn -0.0984 0.5735 0.8133
vn -0.0388 0.6212 0.7827
vn -0.5668 0.1678 0.8066
vn -0.5970 0.1986 0.7772
vn -0.6044 -0.2462 0.7576
vn -0.5823 -0.2469 0.7746
vn -0.5248 -0.8181 0.2350
vn -0.3017 -0.7575 0.5789
vn -0.5037 -0.8234 0.2612
vn -0.4460 -0.8375 0.3157
vn -0.7146 -0.4716 0.5167
vn -0.5730 -0.5340 0.6217
vn -0.5704 0.1625 0.8051
vn -0.7203 0.3297 0.6103
vn -0.5957 -0.4422 0.6705
vn -0.6192 -0.4325 0.6553
vn -0.8095 -0.0884 0.5804
vn -0.7998 -0.2153 0.5604
vn 0.0483 0.1050 0.9933
vn 0.0202 0.0680 0.9975
vn 0.2295 -0.0853 0.9696
vn 0.1901 -0.1358 0.9723
vn 0.2966 0.0617 0.9530
vn 0.2690 0.0307 0.9626
vn 0.3128 -0.0757 0.9468
vn 0.2125 -0.1632 0.9634
vn 0.2362 0.0183 0.9715
vn 0.2533 -0.0293 0.9669
vn 0.2480 -0.0934 0.9643
vn 0.0961 -0.2177 0.9713
vn 0.1861 -0.3269 0.9266
vn 0.0497 -0.4054 0.9128
vn 0.2705 -0.2652 0.9255
vn 0.1942 -0.3289 0.9242
vn 0.2283 -0.1681 0.9590
vn 0.1904 -0.1926 0.9626
vn 0.1264 -0.2293 0.9651
vn 0.1118 -0.2996 0.9475
vn -0.0136 -0.5267 0.8499
vn -0.0397 -0.4766 0.8782
vn 0.2215 -0.2117 0.9519
vn 0.2948 -0.1297 0.9467
vn 0.2254 0.0657 0.9720
vn 0.2178 0.0562 0.9744
vn 0.0513 -0.0668 0.9964
vn 0.0437 -0.0779 0.9960
vn -0.1085 0.3250 0.9395
vn -0.1115 0.4304 0.8957
vn -0.1042 0.5161 0.8501
vn -0.0323 0.5723 0.8194
vn -0.3598 -0.3757 0.8540
vn -0.3511 -0.3682 0.8609
vn -0.5091 -0.8577 -0.0720
vn -0.5055 -0.8607 -0.0615
vn -0.5965 -0.1124 0.7947
vn -0.4048 -0.0547 0.9128
vn -0.0574 -0.5440 0.8371
vn -0.0997 -0.5897 0.8014
vn -0.2323 -0.0546 0.9711
vn -0.2345 -0.0576 0.9704
vn -0.1277 0.7144 0.6880
vn -0.1622 0.6691 0.7253
vn 0.0704 0.9971 0.0289
vn 0.0785 0.9952 -0.0576
vn -0.0548 -0.0998 0.9935
vn -0.0301 -0.0442 0.9986
vn -0.0842 0.6058 0.7911
vn -0.0718 0.6455 0.7604
vn -0.1181 0.9669 -0.2260
vn -0.1050 0.9822 -0.1554
vn 0.2594 0.1193 0.9584
vn 0.1046 0.2373 0.9658
vn -0.0135 0.7268 0.6867
vn -0.0134 0.7500 0.6613
vn -0.3546 0.9193 -0.1707
vn -0.4214 0.8591 -0.2905
vn 0.0686 -0.0431 0.9967
vn 0.0831 -0.0016 0.9965
vn -0.0514 0.6476 0.7603
vn -0.0401 0.6999 0.7131
vn -0.1979 0.9383 -0.2834
vn -0.1545 0.9755 -0.1564
vn -0.2323 -0.2212 0.9472
vn -0.2499 -0.1825 0.9509
vn -0.2759 -0.8650 -0.4190
vn -0.1549 -0.9797 -0.1271
vn -0.0577 -0.6261 0.7776
vn 0.1025 -0.5531 0.8268
vn 0.0430 0.6711 0.7401
vn 0.0697 0.6276 0.7754
vn 0.1646 0.7269 0.6667
vn -0.0712 0.7267 0.6833
vn -0.2750 -0.8811 0.3847
vn -0.2410 -0.8804 0.4084
vn -0.1508 -0.5287 0.8353
vn -0.1272 -0.5214 0.8438
vn -0.4557 -0.2878 0.8423
vn -0.4596 -0.3167 0.8297
vn -0.5302 -0.4114 0.7414
vn -0.5462 -0.5731 0.6109
vn -0.5214 -0.7581 0.3917
vn -0.5537 -0.7482 0.3656
vn -0.1750 -0.5993 0.7812
vn -0.3483 -0.6249 0.6987
vn -0.0778 -0.3910 0.9171
vn -0.1908 -0.4122 0.8909
vn 0.0887 -0.1788 0.9799
vn -0.0388 -0.2035 0.9783
vn -0.0312 -0.1977 0.9798
vn -0.0302 -0.1976 0.9798
vn -0.2436 -0.4199 0.8743
vn -0.2929 -0.4153 0.8612
vn -0.5216 -0.4200 0.7426
vn -0.6509 -0.3471 0.6751
vn -0.0531 0.8083 0.5864
vn -0.0851 0.7944 0.6015
vn 0.0333 0.8417 0.5390
vn 0.0965 0.7773 0.6216
vn -0.3246 -0.4364 0.8392
vn -0.4782 -0.3943 0.7847
vn -0.2276 -0.4452 0.8660
vn -0.2862 -0.4122 0.8649
vn -0.2124 -0.4762 0.8533
vn -0.2094 -0.4374 0.8746
vn -0.2569 -0.2816 0.9245
vn -0.2624 -0.3113 0.9134
vn -0.3416 0.0596 0.9380
vn -0.3321 0.0500 0.9419
vn -0.3292 0.0950 0.9395
vn -0.3370 0.0757 0.9385
vn -0.2908 -0.1078 0.9507
vn -0.3001 -0.1356 0.9442
vn -0.2293 -0.4147 0.8806
vn -0.2658 -0.3745 0.8883
vn 0.0487 -0.9611 0.2720
vn 0.0476 -0.9530 0.2993
vn 0.2841 -0.9017 -0.3260
vn 0.2798 -0.9061 -0.3173
vn -0.0880 -0.9176 0.3875
vn -0.1379 -0.9288 0.3440
vn 0.2656 -0.4077 0.8736
vn 0.1919 -0.4784 0.8569
vn 0.2995 -0.2144 0.9297
vn 0.2535 -0.2634 0.9308
vn 0.3564 0.0270 0.9340
vn 0.2660 -0.0671 0.9616
vn 0.2494 -0.0293 0.9680
vn 0.2547 -0.0944 0.9624
vn -0.0522 -0.5240 0.8501
vn -0.0757 -0.5370 0.8401
vn -0.4332 -0.4141 0.8005
vn -0.4375 -0.4119 0.7993
vn -0.3903 -0.4689 0.7924
vn -0.3956 -0.4444 0.8038
vn -0.4469 -0.3778 0.8109
vn -0.4393 -0.4215 0.7933
vn -0.6441 -0.0541 0.7630
vn -0.6435 -0.0472 0.7640
vn -0.6506 -0.0252 0.7590
vn -0.6481 -0.0092 0.7615
vn -0.5611 -0.2442 0.7909
vn -0.5609 -0.2889 0.7758
vn -0.4110 -0.5501 0.7270
vn -0.3985 -0.6080 0.6867
vn 0.1140 -0.9599 0.2562
vn 0.0915 -0.9410 0.3258
vn 0.2893 -0.9572 0.0013
vn 0.4798 -0.8585 -0.1811
vn -0.4818 -0.7856 -0.3881
vn -0.4639 -0.8360 -0.2931
vn -0.1953 0.7189 0.6672
vn -0.1107 0.7792 0.6169
vn -0.1613 0.7725 0.6142
vn -0.2025 0.7167 0.6673
vn -0.1292 0.5844 0.8011
vn -0.2507 0.5864 0.7702
vn -0.1527 0.6203 0.7694
vn -0.1441 0.6276 0.7651
vn -0.2713 -0.0859 0.9587
vn -0.1609 0.0115 0.9869
vn -0.2560 0.0554 0.9651
vn -0.2488 0.1097 0.9623
vn -0.1297 0.4405 0.8883
vn -0.1370 0.4344 0.8903
vn -0.1732 -0.4698 0.8656
vn -0.2216 -0.4421 0.8692
vn -0.1679 -0.4843 0.8586
vn -0.1609 -0.4506 0.8781
vn -0.2027 -0.3074 0.9297
vn -0.1951 -0.2814 0.9395
vn -0.2513 0.0430 0.9670
vn -0.2344 0.0803 0.9688
vn -0.2335 0.0725 0.9696
vn -0.2154 0.1075 0.9706
vn -0.1890 -0.1087 0.9759
vn -0.1762 -0.0805 0.9811
vn -0.1437 -0.3040 0.9418
vn -0.1587 -0.3542 0.9216
vn 0.0414 -0.9511 0.3060
vn 0.0405 -0.9540 0.2970
vn 0.2395 -0.7974 -0.5539
vn 0.1689 -0.9159 -0.3642
vn -0.2898 -0.4143 0.8627
vn -0.3391 -0.3869 0.8575
vn -0.2615 -0.4622 0.8473
vn -0.2625 -0.4399 0.8588
vn -0.3321 -0.3135 0.8896
vn -0.4403 0.0128 0.8978
vn -0.4520 0.0238 0.8917
vn -0.4651 0.0421 0.8842
vn -0.4607 0.0569 0.8857
vn -0.4061 -0.1658 0.8987
vn -0.4116 -0.1938 0.8905
vn -0.3210 -0.4363 0.8406
vn -0.3229 -0.4773 0.8173
vn 0.0872 -0.9619 0.2590
vn 0.0823 -0.9540 0.2882
vn 0.2177 -0.9753 0.0383
vn 0.4247 -0.8724 -0.2417
vn 0.5327 0.8460 -0.0211
vn 0.3373 0.9047 0.2604
vn -0.1027 0.8203 0.5626
vn -0.1982 0.7995 0.5670
vn -0.5820 -0.3994 0.7084
vn -0.5618 -0.4746 0.6776
vn -0.6273 -0.2994 0.7189
vn -0.6032 -0.4143 0.6816
vn -0.5514 -0.2503 0.7958
vn -0.5508 -0.2639 0.7918
vn -0.4834 -0.2175 0.8480
vn -0.4829 -0.2098 0.8502
vn -0.3923 -0.1762 0.9028
vn -0.3707 -0.1930 0.9085
vn -0.2956 -0.1665 0.9407
vn -0.2842 -0.1757 0.9425
vn -0.2228 -0.1697 0.9600
vn -0.2158 -0.1520 0.9645
vn 0.0010 -0.1090 0.9940
vn -0.0433 -0.1770 0.9833
vn 0.0824 -0.1889 0.9785
vn 0.1219 -0.2667 0.9560
vn 0.0516 -0.3592 0.9318
vn 0.1424 -0.2626 0.9544
vn 0.0582 -0.3592 0.9314
vn 0.0555 -0.4022 0.9139
vn -0.0103 -0.3846 0.9230
vn -0.0383 -0.4030 0.9144
vn -0.0317 -0.4063 0.9132
vn -0.0391 -0.4410 0.8967
vn -0.1895 -0.3141 0.9303
vn -0.0925 -0.3075 0.9470
vn -0.5007 -0.5108 0.6988
vn -0.5095 -0.4801 0.7141
vn -0.5317 -0.4517 0.7164
vn -0.5185 -0.4979 0.6951
vn -0.6532 -0.4831 0.5830
vn -0.6401 -0.5153 0.5699
vn -0.7696 -0.1825 0.6118
vn -0.7475 -0.3223 0.5808
vn -0.6939 -0.2173 0.6865
vn -0.6611 -0.4021 0.6335
vn -0.6634 -0.3730 0.6487
vn -0.6335 -0.4148 0.6532
vn -0.7011 -0.3705 0.6092
vn -0.6899 -0.3345 0.6420
vn -0.7619 -0.3223 0.5619
vn -0.7463 -0.2732 0.6070
vn -0.8313 -0.2445 0.4991
vn -0.8119 -0.1863 0.5533
vn -0.8851 -0.1489 0.4410
vn -0.8664 -0.1031 0.4886
vn -0.9141 -0.0672 0.3998
vn -0.8937 -0.0279 0.4478
vn -0.9205 0.0412 0.3886
vn -0.9172 -0.0065 0.3984
vn -0.9330 0.0567 0.3555
vn -0.9246 0.0692 0.3745
vn -0.9310 0.1007 0.3508
vn -0.9321 0.0993 0.3482
vn -0.9286 0.0794 0.3625
vn -0.9376 0.0682 0.3410
vn -0.9343 0.0629 0.3510
vn -0.9440 0.0502 0.3261
vn -0.9417 0.0464 0.3332
vn -0.9500 0.0352 0.3104
vn 0.1119 0.8405 0.5300
vn 0.1071 0.8287 0.5493
vn -0.5779 -0.5035 0.6423
vn -0.3183 -0.6018 0.7325
vn -0.7414 -0.3248 0.5872
vn -0.7253 -0.2590 0.6379
vn -0.5759 -0.4997 0.6471
vn -0.6053 -0.3203 0.7287
vn -0.6218 -0.3797 0.6850
vn -0.6154 -0.4294 0.6609
vn -0.6004 -0.4666 0.6494
vn -0.6531 -0.4308 0.6228
vn -0.5978 -0.3113 0.7388
vn -0.5925 -0.4445 0.6719
vn -0.7174 -0.2925 0.6323
vn -0.6391 -0.3566 0.6815
vn -0.9373 0.0307 0.3471
vn -0.9454 0.0219 0.3252
vn -0.9354 0.0271 0.3526
vn -0.9369 0.0485 0.3463
vn -0.9307 0.0373 0.3639
vn -0.9322 0.0617 0.3567
vn -0.9371 0.0756 0.3409
vn -0.9364 0.0762 0.3424
vn -0.9315 0.0636 0.3580
vn -0.9384 0.0548 0.3413
vn -0.9271 0.0069 0.3747
vn -0.9284 0.0383 0.3697
vn -0.9184 -0.0058 0.3956
vn -0.9138 -0.0644 0.4010
vn -0.8937 -0.0874 0.4400
vn -0.8850 -0.1484 0.4412
vn -0.8409 -0.1860 0.5082
vn -0.8316 -0.2259 0.5074
vn -0.7792 -0.2965 0.5521
vn -0.7649 -0.2669 0.5863
vn -0.7056 -0.3335 0.6253
vn -0.7168 -0.3567 0.5991
vn -0.6576 -0.4048 0.6354
vn -0.6774 -0.3713 0.6351
vn -0.5341 -0.4394 0.7223
vn -0.6290 -0.3772 0.6797
vn -0.5123 -0.4934 0.7029
vn -0.5152 -0.4701 0.7166
vn -0.5345 -0.4835 0.6932
vn -0.5350 -0.4359 0.7237
vn -0.5335 -0.4389 0.7230
vn -0.5326 -0.4651 0.7071
vn -0.5182 -0.4852 0.7044
vn -0.5526 -0.4664 0.6907
vn -0.5605 -0.4712 0.6810
vn -0.5624 -0.4329 0.7044
vn -0.3814 0.1786 0.9070
vn -0.3727 0.1840 0.9095
vn -0.2303 0.4563 0.8595
vn -0.1488 0.5055 0.8499
vn -0.7862 -0.3317 0.5213
vn -0.7774 -0.3120 0.5461
vn -0.4879 -0.1403 0.8616
vn -0.5136 -0.1207 0.8495
vn -0.5482 -0.1443 0.8238
vn -0.5706 -0.1616 0.8052
vn -0.4842 -0.1860 0.8550
vn -0.4684 -0.2121 0.8577
vn -0.4995 -0.2522 0.8288
vn -0.5326 -0.2015 0.8221
vn -0.9398 -0.3278 -0.0966
vn -0.9497 -0.3066 -0.0629
vn -0.9237 -0.3819 -0.0311
vn -0.9303 -0.3667 -0.0048
vn -0.5864 -0.1941 0.7864
vn -0.6215 -0.1626 0.7663
vn -0.5603 -0.2458 0.7910
vn -0.5626 -0.2425 0.7904
vn -0.9073 -0.4205 -0.0050
vn -0.9110 -0.4122 0.0094
vn -0.8976 -0.4122 0.1564
vn -0.8970 -0.4155 0.1507
vn -0.8873 -0.4110 0.2094
vn -0.8877 -0.4015 0.2252
vn -0.8787 -0.3989 0.2623
vn -0.8781 -0.3875 0.2807
vn -0.8640 -0.3721 0.3391
vn -0.8618 -0.3602 0.3572
vn -0.8385 -0.3493 0.4182
vn -0.8335 -0.3316 0.4419
vn -0.8149 -0.3298 0.4767
vn -0.8384 -0.3059 0.4511
vn -0.6390 -0.1942 0.7443
vn -0.6194 -0.2119 0.7559
vn -0.8424 -0.4095 0.3502
vn -0.8697 -0.3850 0.3088
vn -0.8561 -0.3482 0.3818
vn -0.8473 -0.3158 0.4271
vn -0.8637 -0.3588 0.3540
vn -0.8435 -0.3774 0.3822
vn -0.8704 -0.3798 0.3132
vn -0.8550 -0.3943 0.3368
vn -0.8159 -0.2953 0.4971
vn -0.8082 -0.2749 0.5208
vn -0.8387 -0.3399 0.4256
vn -0.8335 -0.3212 0.4495
vn -0.7243 -0.2353 0.6481
vn -0.7106 -0.2451 0.6596
vn -0.7545 -0.2472 0.6080
vn -0.7388 -0.2599 0.6217
vn -0.8314 -0.3211 0.4534
vn -0.8238 -0.2957 0.4836
vn -0.8110 -0.2637 0.5222
vn -0.7947 -0.2812 0.5379
vn -0.9509 -0.2939 -0.0965
vn -0.9533 -0.2636 -0.1472
vn -0.5219 -0.2381 0.8191
vn -0.5071 -0.1771 0.8435
vn -0.4944 -0.1938 0.8473
vn -0.4932 -0.1834 0.8503
vn -0.8811 -0.4472 0.1540
vn -0.8788 -0.4573 0.1361
vn -0.8797 -0.4734 0.0448
vn -0.8798 -0.4732 0.0443
vn -0.8810 -0.4729 0.0100
vn -0.8791 -0.4762 0.0213
vn -0.8531 -0.5047 0.1326
vn -0.8485 -0.5186 0.1052
vn -0.8549 -0.5169 0.0445
vn -0.8501 -0.5226 0.0646
vn -0.8588 -0.5119 0.0229
vn -0.8549 -0.5171 0.0426
vn -0.8303 -0.4684 0.3020
vn -0.8755 -0.4280 0.2243
vn -0.8238 -0.5575 0.1028
vn -0.8221 -0.5614 0.0947
vn -0.8326 -0.5499 0.0658
vn -0.8283 -0.5541 0.0834
vn -0.8372 -0.5450 0.0454
vn -0.8326 -0.5496 0.0681
vn -0.8727 -0.4133 0.2600
vn -0.8441 -0.4391 0.3077
vn -0.8610 -0.4750 0.1820
vn -0.8247 -0.5076 0.2493
vn -0.8065 -0.5529 0.2093
vn -0.8441 -0.5185 0.1370
vn -0.7833 -0.6146 0.0936
vn -0.7880 -0.6050 0.1140
vn -0.8041 -0.5881 0.0871
vn -0.7936 -0.5945 0.1294
vn -0.8250 -0.5608 0.0699
vn -0.8021 -0.5701 0.1779
vn -0.8204 -0.5578 0.1254
vn -0.7999 -0.5763 0.1675
vn -0.7637 -0.6349 0.1171
vn -0.7822 -0.6180 0.0795
vn -0.6038 -0.2458 0.7583
vn -0.6058 -0.2534 0.7542
vn -0.5922 -0.2732 0.7581
vn -0.5953 -0.3077 0.7422
vn -0.6950 -0.3133 0.6472
vn -0.7016 -0.3471 0.6224
vn -0.6783 -0.3831 0.6270
vn -0.6787 -0.4316 0.5942
vn -0.6109 -0.7429 0.2738
vn -0.5542 -0.7593 0.3410
vn -0.3006 -0.9291 0.2157
vn -0.2755 -0.9301 0.2431
vn -0.1482 -0.9642 0.2197
vn -0.1501 -0.9644 0.2178
vn -0.8194 -0.5390 0.1952
vn -0.8313 -0.4749 0.2889
vn -0.7677 -0.6373 0.0665
vn -0.7489 -0.6538 0.1080
vn -0.7681 -0.6043 0.2120
vn -0.7872 -0.5378 0.3019
vn -0.7327 -0.6740 0.0939
vn -0.7527 -0.6389 0.1587
vn -0.7373 -0.4227 0.5270
vn -0.7838 -0.4011 0.4741
vn -0.7724 -0.6063 0.1891
vn -0.7563 -0.6408 0.1317
vn -0.7019 -0.7096 0.0618
vn -0.7213 -0.6922 0.0217
vn -0.7023 -0.7099 0.0525
vn -0.6986 -0.7143 0.0413
vn -0.7349 -0.4790 0.4800
vn -0.7234 -0.5585 0.4059
vn -0.6093 -0.7894 0.0746
vn -0.5902 -0.8064 0.0355
vn -0.5115 -0.8592 0.0136
vn -0.5190 -0.8543 0.0269
vn -0.5780 -0.8160 -0.0101
vn -0.5909 -0.8066 0.0156
vn -0.4986 -0.8658 -0.0427
vn -0.5115 -0.8591 -0.0200
vn -0.2810 -0.9553 -0.0923
vn -0.2751 -0.9561 -0.1010
vn -0.5605 -0.8280 -0.0122
vn -0.5526 -0.8330 -0.0292
vn -0.4761 -0.8768 -0.0673
vn -0.4620 -0.8861 -0.0365
vn -0.5534 -0.8328 0.0156
vn -0.5530 -0.8331 0.0146
vn -0.4580 -0.8890 0.0008
vn -0.4639 -0.8858 0.0134
vn -0.6906 -0.7128 0.1228
vn -0.6748 -0.7333 0.0831
vn -0.6508 -0.7588 0.0260
vn -0.6748 -0.7334 0.0824
vn -0.6402 -0.7682 0.0070
vn -0.6363 -0.7714 -0.0023
vn -0.6362 -0.7708 0.0331
vn -0.6314 -0.7752 0.0206
vn -0.5539 -0.8301 0.0646
vn -0.5515 -0.8322 0.0584
vn -0.6311 -0.7725 0.0697
vn -0.6293 -0.7745 0.0644
vn -0.6953 -0.7150 0.0737
vn -0.6973 -0.7122 0.0803
vn -0.7491 -0.6541 0.1050
vn -0.7444 -0.6621 0.0868
vn -0.7982 -0.5755 0.1781
vn -0.7867 -0.6069 0.1128
vn -0.8305 -0.5095 0.2250
vn -0.8272 -0.5308 0.1843
vn -0.8574 -0.4424 0.2629
vn -0.8571 -0.4605 0.2309
vn -0.8681 -0.3964 0.2989
vn -0.8695 -0.4163 0.2657
vn -0.4610 -0.8852 0.0630
vn -0.4711 -0.8777 0.0878
vn -0.7937 -0.5948 0.1271
vn -0.7884 -0.6063 0.1040
vn -0.8277 -0.5518 0.1019
vn -0.8227 -0.5629 0.0792
vn -0.8498 -0.5211 0.0795
vn -0.8499 -0.5209 0.0798
vn -0.8794 -0.4691 0.0815
vn -0.8820 -0.4617 0.0949
vn -0.3718 -0.9283 0.0033
vn -0.3644 -0.9312 -0.0118
vn -0.3681 -0.9271 -0.0714
vn -0.3784 -0.9208 -0.0941
vn -0.3836 -0.9191 -0.0900
vn -0.4059 -0.9123 -0.0544
vn -0.9935 0.0019 0.1137
vn -0.9957 -0.0244 0.0889
vn -0.9862 0.0018 0.1658
vn -0.9885 0.0221 0.1496
vn -0.9766 0.0236 0.2136
vn -0.9778 0.0317 0.2071
vn -0.9446 0.0558 0.3236
vn -0.9472 0.0475 0.3171
vn -0.8662 0.1120 0.4870
vn -0.8571 0.1340 0.4974
vn -0.8266 0.1660 0.5377
vn -0.8211 0.1523 0.5501
vn -0.7736 0.1953 0.6029
vn -0.7729 0.1938 0.6042
vn -0.7206 0.2263 0.6554
vn -0.7172 0.2186 0.6617
vn -0.4209 0.1237 0.8986
vn -0.4067 0.1349 0.9035
vn -0.1665 0.7289 0.6641
vn -0.1843 0.7130 0.6765
vn 0.1048 0.9854 0.1342
vn 0.0110 0.9245 0.3811
vn -0.9959 0.0006 0.0905
vn -0.9974 -0.0244 0.0682
vn -0.9905 0.0020 0.1377
vn -0.9887 0.0152 0.1492
vn -0.9757 0.0191 0.2182
vn -0.9785 0.0043 0.2060
vn -0.9502 0.0143 0.3114
vn -0.9481 0.0221 0.3172
vn -0.8785 0.0912 0.4689
vn -0.8649 0.1290 0.4852
vn -0.8349 0.1674 0.5244
vn -0.8278 0.1527 0.5399
vn -0.7714 0.2105 0.6005
vn -0.7777 0.2229 0.5878
vn -0.7132 0.2665 0.6483
vn -0.7100 0.2604 0.6542
vn -0.4531 -0.0942 0.8865
vn -0.5103 -0.1529 0.8463
vn -0.6915 -0.7132 0.1145
vn -0.7279 -0.6527 0.2103
vn -0.5191 -0.8544 0.0225
vn -0.5389 -0.8406 0.0545
vn -0.2816 -0.9595 0.0069
vn -0.2774 -0.9607 0.0017
vn -0.1593 -0.9872 0.0083
vn -0.1567 -0.9876 0.0053
vn -0.4073 -0.9133 0.0025
vn -0.4064 -0.9137 0.0010
vn -0.2761 -0.9610 -0.0185
vn -0.2817 -0.9594 -0.0102
vn -0.1601 -0.9868 -0.0257
vn -0.1686 -0.9856 -0.0136
vn -0.3706 -0.9238 0.0964
vn -0.3790 -0.9181 0.1161
vn -0.0663 -0.9977 0.0105
vn -0.0617 -0.9979 0.0210
vn -0.0603 -0.9917 -0.1132
vn -0.0624 -0.9911 -0.1172
vn -0.0705 -0.9924 -0.1010
vn -0.0673 -0.9921 -0.1056
vn -0.0628 -0.9979 -0.0168
vn -0.0665 -0.9977 -0.0118
vn -0.0626 -0.9980 0.0131
vn -0.0576 -0.9983 0.0076
vn -0.0476 -0.9746 0.2187
vn -0.0528 -0.9732 0.2237
vn -0.0337 -0.7135 0.6998
vn -0.0366 -0.7112 0.7020
vn -0.4072 -0.9132 0.0177
vn -0.4165 -0.9091 0.0054
vn 0.0383 0.6426 0.7652
vn -0.0546 0.6188 0.7836
vn -0.1123 0.7316 0.6725
vn -0.1655 0.6314 0.7576
vn -0.7515 0.3257 0.5737
vn -0.6690 0.3827 0.6372
vn -0.5482 -0.5270 0.6494
vn -0.7543 -0.4281 0.4977
vn -0.5414 0.3902 0.7447
vn -0.6752 0.3103 0.6692
vn -0.1544 -0.4599 0.8744
vn -0.4737 -0.4293 0.7690
vn -0.4870 -0.6313 0.6036
vn -0.3234 -0.6501 0.6876
vn -0.3648 0.2937 0.8836
vn -0.3026 0.2846 0.9096
vn -0.4202 0.3361 0.8429
vn -0.3272 0.3240 0.8876
vn -0.5092 0.3619 0.7808
vn -0.4022 0.3517 0.8453
vn -0.5891 -0.4561 0.6670
vn -0.5944 -0.4152 0.6887
vn -0.5463 -0.4744 0.6903
vn -0.5861 -0.4542 0.6710
vn -0.1255 0.5941 0.7945
vn -0.0802 0.3367 0.9382
vn -0.1621 0.3980 0.9030
vn -0.0999 0.2095 0.9727
vn -0.3047 0.1888 0.9335
vn -0.2665 0.1852 0.9459
vn -0.0480 0.3575 0.9327
vn 0.0022 0.1275 0.9918
vn -0.0862 0.2211 0.9714
vn -0.0672 0.1278 0.9895
vn -0.1487 0.2661 0.9524
vn -0.1333 0.1675 0.9768
vn -0.5914 -0.3013 0.7479
vn -0.5862 -0.2011 0.7848
vn -0.6044 -0.3177 0.7306
vn -0.6039 -0.3181 0.7308
vn -0.6423 -0.4131 0.6456
vn -0.6360 -0.4133 0.6516
vn -0.5777 -0.3789 0.7230
vn -0.5775 -0.3835 0.7207
vn -0.5587 -0.4092 0.7214
vn -0.5589 -0.4251 0.7120
vn -0.5555 -0.4831 0.6768
vn -0.5521 -0.4271 0.7161
vn -0.6043 -0.4527 0.6557
vn -0.6009 -0.4217 0.6790
vn -0.5836 -0.4630 0.6671
vn -0.5791 -0.4227 0.6971
vn -0.6255 -0.4370 0.6464
vn -0.6254 -0.4062 0.6663
vn -0.5734 -0.3794 0.7261
vn -0.5725 -0.3556 0.7388
vn -0.5764 -0.4378 0.6900
vn -0.5720 -0.3836 0.7250
vn -0.6005 -0.4526 0.6592
vn -0.5928 -0.3891 0.7051
vn -0.6311 -0.4267 0.6478
vn -0.6258 -0.4093 0.6640
vn -0.6185 -0.4351 0.6543
vn -0.6141 -0.4123 0.6730
vn -0.6357 -0.4070 0.6559
vn -0.6355 -0.4069 0.6562
vn -0.3650 0.1426 0.9200
vn -0.4324 0.1772 0.8841
vn -0.4961 0.1652 0.8524
vn -0.4974 0.1661 0.8515
vn -0.6559 0.1369 0.7424
vn -0.6583 0.1394 0.7397
vn -0.8602 0.1368 0.4912
vn -0.8717 0.1091 0.4777
vn -0.4142 0.2845 0.8646
vn -0.4366 0.3069 0.8457
vn -0.4752 0.3100 0.8234
vn -0.4429 0.2715 0.8545
vn -0.5591 0.3420 0.7553
vn -0.5468 0.3612 0.7554
vn -0.8780 0.1268 0.4616
vn -0.8651 0.1628 0.4744
vn -0.1956 0.0960 0.9760
vn -0.2047 0.1078 0.9729
vn -0.0029 0.3004 0.9538
vn -0.0044 0.2991 0.9542
vn -0.0167 0.3035 0.9527
vn -0.0191 0.3014 0.9533
vn -0.0210 0.3544 0.9348
vn -0.0265 0.3499 0.9364
vn -0.0086 0.3131 0.9497
vn -0.0167 0.3060 0.9519
vn -0.0182 0.3180 0.9479
vn -0.0233 0.3137 0.9493
vn -0.2138 0.4314 0.8765
vn -0.2123 0.4299 0.8775
vn -0.2096 0.5447 0.8120
vn -0.1984 0.5356 0.8209
vn -0.7843 0.1112 0.6104
vn -0.7998 0.1349 0.5849
vn -0.8569 0.3068 0.4142
vn -0.8675 0.2834 0.4087
vn -0.5409 0.4724 0.6959
vn -0.5515 0.4580 0.6972
vn -0.6383 0.2837 0.7156
vn -0.6424 0.2910 0.7090
vn -0.8404 0.3156 0.4407
vn -0.8559 0.2913 0.4273
vn -0.6150 0.1000 0.7822
vn -0.7443 0.0850 0.6624
vn -0.7760 0.1275 0.6177
vn -0.8379 0.1206 0.5324
vn -0.5646 -0.0866 0.8208
vn -0.6030 0.0842 0.7933
vn -0.7780 0.1243 0.6159
vn -0.7678 0.0048 0.6407
vn -0.7238 0.0788 0.6855
vn -0.6981 -0.0638 0.7132
vn -0.0623 -0.9720 0.2266
vn -0.0662 -0.9695 0.2361
vn 0.5003 -0.8639 0.0574
vn 0.7353 -0.6777 -0.0058
vn 0.2425 -0.9686 0.0551
vn 0.2915 -0.9566 0.0025
vn -0.2163 -0.6335 0.7429
vn -0.2254 -0.6470 0.7285
vn -0.9981 -0.0079 0.0605
vn -0.9980 -0.0045 0.0635
vn -0.9878 0.0006 0.1560
vn -0.9889 -0.0087 0.1483
vn -0.8877 0.0804 0.4534
vn -0.8906 0.0695 0.4494
vn -0.9505 0.0144 0.3105
vn -0.9496 0.0181 0.3130
vn -0.9747 0.0045 0.2237
vn -0.9754 0.0002 0.2203
vn -0.8787 0.0877 0.4693
vn -0.8873 0.1046 0.4491
vn -0.9502 0.0085 0.3115
vn -0.9505 0.0074 0.3107
vn -0.9760 -0.0009 0.2177
vn -0.9747 -0.0072 0.2235
vn -0.9905 0.0048 0.1378
vn -0.9889 -0.0072 0.1483
vn -0.9976 0.0003 0.0692
vn -0.9981 -0.0099 0.0605
vn -0.0696 0.1421 0.9874
vn -0.0723 0.2048 0.9761
vn -0.1261 0.1825 0.9751
vn -0.0812 0.1518 0.9851
vn -0.2398 0.3645 0.8998
vn -0.2521 0.2697 0.9294
vn -0.3493 0.4404 0.8270
vn -0.3711 0.3019 0.8782
vn -0.0578 0.1077 0.9925
vn -0.0580 0.1043 0.9929
vn -0.0190 -0.1486 0.9887
vn -0.0213 -0.1633 0.9863
vn -0.1205 0.1365 0.9833
vn -0.1219 0.1377 0.9829
vn -0.2103 0.2957 0.9318
vn -0.2201 0.2369 0.9463
vn -0.2868 0.3655 0.8855
vn -0.3020 0.2814 0.9108
vn -0.1151 0.0860 0.9896
vn -0.1118 0.1132 0.9873
vn -0.0739 -0.0119 0.9972
vn -0.0746 -0.0179 0.9971
vn -0.0943 -0.1744 0.9802
vn -0.0945 -0.1753 0.9800
vn -0.1628 0.1233 0.9789
vn -0.1577 0.1518 0.9757
vn -0.2081 0.2442 0.9471
vn -0.2184 0.1914 0.9569
vn -0.2717 0.3035 0.9132
vn -0.2829 0.2486 0.9263
vn -0.1647 0.0994 0.9813
vn -0.1613 0.1188 0.9797
vn -0.1362 -0.0324 0.9902
vn -0.1319 -0.0081 0.9912
vn -0.1878 -0.1804 0.9655
vn -0.1887 -0.1833 0.9648
vn -0.2087 0.1633 0.9643
vn -0.2153 0.1322 0.9676
vn -0.1938 0.1657 0.9669
vn -0.2310 0.1837 0.9555
vn -0.2714 0.2335 0.9337
vn -0.2649 0.2616 0.9281
vn -0.2198 0.1494 0.9640
vn -0.2312 0.1007 0.9677
vn -0.2115 0.0111 0.9773
vn -0.2197 -0.0218 0.9753
vn -0.2933 -0.1737 0.9401
vn -0.2862 -0.1549 0.9456
vn -0.2768 0.1376 0.9510
vn -0.2624 0.1931 0.9454
vn -0.2269 0.1448 0.9631
vn -0.2193 0.1765 0.9596
vn -0.2496 0.2490 0.9358
vn -0.2620 0.1991 0.9443
vn -0.2970 0.1311 0.9458
vn -0.2840 0.1745 0.9428
vn -0.3053 -0.0001 0.9522
vn -0.2867 0.0574 0.9563
vn 0.0817 -0.0138 0.9966
vn 0.0777 0.0593 0.9952
vn 0.0124 0.0568 0.9983
vn 0.0091 0.1142 0.9934
vn -0.0098 0.0133 0.9999
vn -0.0103 0.0042 0.9999
vn 0.0554 -0.0956 0.9939
vn 0.0521 -0.1311 0.9900
vn 0.0330 -0.2455 0.9688
vn 0.0009 -0.2104 0.9776
vn 0.0538 -0.1902 0.9803
vn 0.0353 -0.2539 0.9666
vn -0.0557 -0.2781 0.9589
vn -0.0734 -0.2563 0.9638
vn -0.0531 -0.2552 0.9654
vn -0.0580 -0.2677 0.9617
vn -0.1520 -0.3011 0.9414
vn -0.1712 -0.2736 0.9465
vn -0.1531 -0.2947 0.9432
vn -0.1357 -0.2595 0.9562
vn -0.2933 -0.6217 0.7263
vn -0.2409 -0.6356 0.7335
vn -0.1602 -0.5574 0.8147
vn -0.1738 -0.5578 0.8116
vn 0.0361 -0.1111 0.9932
vn 0.0957 -0.1876 0.9776
vn -0.0659 -0.1786 0.9817
vn -0.0388 -0.2194 0.9749
vn -0.1395 -0.2243 0.9645
vn -0.1263 -0.2002 0.9716
vn 0.1873 -0.0320 0.9818
vn 0.0913 0.0349 0.9952
vn 0.1107 -0.1815 0.9771
vn 0.1242 -0.1123 0.9859
vn 0.1725 -0.0035 0.9850
vn 0.1730 0.1049 0.9793
vn 0.1131 -0.1883 0.9756
vn 0.0777 -0.1541 0.9850
vn -0.2621 -0.3130 0.9129
vn -0.2812 -0.2799 0.9179
vn -0.2452 -0.2698 0.9312
vn -0.2635 -0.3000 0.9168
vn -0.4052 -0.2622 0.8758
vn -0.4061 -0.2600 0.8761
vn -0.3625 -0.2525 0.8971
vn -0.4037 -0.3076 0.8617
vn -0.5146 -0.2180 0.8293
vn -0.5317 -0.2371 0.8131
vn -0.5300 -0.1968 0.8248
vn -0.5345 -0.1816 0.8254
vn -0.6290 -0.0968 0.7714
vn -0.6291 -0.0963 0.7714
vn -0.6067 -0.1513 0.7804
vn -0.6407 -0.1727 0.7481
vn -0.6984 -0.0127 0.7156
vn -0.6990 0.0171 0.7149
vn -0.7013 -0.0780 0.7086
vn -0.7201 -0.0821 0.6890
vn -0.7316 0.0921 0.6754
vn -0.7340 0.0709 0.6754
vn -0.7602 0.0117 0.6496
vn -0.7672 0.0115 0.6413
vn -0.3943 0.0479 0.9177
vn -0.3635 0.1215 0.9236
vn -0.3653 0.1508 0.9186
vn -0.3411 0.2159 0.9149
vn -0.3338 0.1627 0.9285
vn -0.3111 0.2336 0.9212
vn -0.2514 0.1560 0.9552
vn -0.2407 0.1971 0.9504
vn -0.2461 0.2105 0.9461
vn -0.2491 0.1994 0.9477
vn -0.2774 0.2543 0.9265
vn -0.2913 0.1996 0.9356
vn -0.3015 0.1695 0.9383
vn -0.3076 0.1344 0.9420
vn -0.2702 0.0930 0.9583
vn -0.3002 0.0905 0.9496
vn -0.2701 0.0611 0.9609
vn -0.2716 0.0610 0.9605
vn -0.2526 0.0442 0.9666
vn -0.2509 0.0712 0.9654
vn -0.3424 0.1379 0.9294
vn -0.3415 0.1447 0.9287
vn -0.4232 0.1935 0.8851
vn -0.4150 0.2453 0.8761
vn -0.5262 0.3046 0.7939
vn -0.4446 0.3273 0.8338
vn -0.4981 0.3488 0.7939
vn -0.5022 0.3985 0.7675
vn -0.5573 0.4280 0.7115
vn -0.5860 0.4031 0.7029
vn -0.6045 0.4019 0.6878
vn -0.5913 0.3795 0.7116
vn -0.6098 0.3366 0.7176
vn -0.6381 0.3746 0.6727
vn -0.5854 0.2885 0.7577
vn -0.6266 0.3349 0.7037
vn -0.5788 0.2599 0.7730
vn -0.5471 0.2918 0.7846
vn -0.3066 0.1421 0.9412
vn -0.2442 0.1835 0.9522
vn -0.0394 0.0383 0.9985
vn -0.1078 0.0939 0.9897
vn 0.0088 0.0365 0.9993
vn -0.0142 0.0189 0.9997
vn -0.2674 0.1869 0.9453
vn -0.2677 0.1859 0.9454
vn -0.3041 0.1966 0.9321
vn -0.2654 0.1811 0.9470
vn -0.3655 0.2756 0.8891
vn -0.3945 0.1945 0.8981
vn -0.4034 0.2713 0.8739
vn -0.4414 0.1792 0.8792
vn -0.4073 0.0781 0.9100
vn -0.4091 0.0679 0.9100
vn -0.4385 0.1238 0.8902
vn -0.4360 0.1348 0.8898
vn -0.5012 0.2604 0.8252
vn -0.4927 0.2845 0.8224
vn -0.5325 0.2814 0.7983
vn -0.5111 0.3355 0.7913
vn -0.7140 0.1297 0.6880
vn -0.7251 0.0673 0.6853
vn -0.7844 0.0710 0.6162
vn -0.7538 0.0629 0.6541
vn -0.9738 0.0815 0.2123
vn -0.9633 0.1097 0.2449
vn -0.6603 0.0773 0.7470
vn -0.6523 0.0671 0.7550
vn -0.6597 0.0630 0.7489
vn -0.6603 0.0601 0.7486
vn -0.6598 0.1562 0.7351
vn -0.6417 0.1371 0.7546
vn -0.6720 0.1099 0.7324
vn -0.6695 0.1195 0.7331
vn -0.5756 0.2521 0.7779
vn -0.5373 0.3501 0.7673
vn -0.4420 0.2065 0.8729
vn -0.4944 0.0985 0.8636
vn -0.5074 -0.0223 0.8614
vn -0.5051 -0.0028 0.8631
vn -0.5404 0.0504 0.8399
vn -0.5417 0.0428 0.8395
vn -0.5856 0.2246 0.7789
vn -0.5697 0.2141 0.7935
vn -0.5907 0.2874 0.7540
vn -0.5822 0.3091 0.7520
vn -0.5961 -0.0993 0.7968
vn -0.5944 -0.0718 0.8010
vn -0.6378 -0.0475 0.7687
vn -0.6354 -0.0259 0.7718
vn -0.6961 0.1205 0.7077
vn -0.6936 0.1303 0.7085
vn -0.7089 0.2205 0.6700
vn -0.7093 0.2191 0.6699
vn -0.6640 -0.1559 0.7313
vn -0.6632 -0.1185 0.7390
vn -0.7106 -0.1066 0.6955
vn -0.7076 -0.0714 0.7029
vn -0.7866 0.0489 0.6155
vn -0.7833 0.0650 0.6182
vn -0.7927 0.1494 0.5910
vn -0.7978 0.1308 0.5885
vn -0.7678 -0.1419 0.6248
vn -0.7638 -0.0906 0.6391
vn -0.8355 0.0141 0.5493
vn -0.8457 0.0236 0.5331
vn -0.8495 0.0823 0.5211
vn -0.8516 0.0740 0.5190
vn -0.8742 0.0243 0.4850
vn -0.8820 -0.0142 0.4710
vn -0.8893 0.0367 0.4559
vn -0.8876 0.0438 0.4585
vn -0.8277 -0.0999 0.5521
vn -0.7911 -0.1209 0.5996
vn -0.9705 -0.0975 0.2204
vn -0.9705 -0.0969 0.2210
vn -0.9754 -0.0489 0.2151
vn -0.9738 -0.0379 0.2241
vn -0.9762 -0.0000 0.2169
vn -0.9761 -0.0002 0.2171
vn -0.9754 0.0105 0.2204
vn -0.9761 0.0064 0.2172
vn -0.9837 -0.1067 0.1448
vn -0.9832 -0.0932 0.1571
vn -0.9881 -0.0494 0.1459
vn -0.9877 -0.0450 0.1496
vn -0.9890 -0.0104 0.1479
vn -0.9884 -0.0138 0.1510
vn -0.9878 -0.0017 0.1559
vn -0.9885 -0.0075 0.1512
vn -0.9932 -0.1048 0.0509
vn -0.9939 -0.0883 0.0667
vn -0.9971 -0.0580 0.0486
vn -0.9972 -0.0511 0.0549
vn -0.9983 -0.0293 0.0500
vn -0.9982 -0.0246 0.0542
vn -0.9979 -0.0163 0.0631
vn -0.9982 -0.0267 0.0541
vn -0.4107 -0.1294 0.9026
vn -0.3903 -0.0885 0.9164
vn -0.6848 -0.2225 0.6940
vn -0.7029 -0.2281 0.6737
vn -0.9634 -0.1497 0.2222
vn -0.9657 -0.1434 0.2164
vn -0.9770 -0.1504 0.1509
vn -0.9769 -0.1390 0.1621
vn -0.9883 -0.1300 0.0802
vn -0.9870 -0.1491 0.0608
vn -0.9746 -0.0964 -0.2023
vn -0.9780 -0.0861 -0.1902
vn -0.1459 0.3657 0.9192
vn -0.1290 0.3802 0.9159
vn -0.1393 0.3230 0.9361
vn -0.1253 0.3353 0.9337
vn -0.1308 0.3054 0.9432
vn -0.1202 0.3150 0.9414
vn -0.1138 0.3198 0.9406
vn -0.0936 0.3379 0.9365
vn -0.0539 0.3254 0.9440
vn -0.0749 0.3487 0.9343
vn -0.2752 -0.7506 0.6007
vn -0.2824 -0.7044 0.6512
vn -0.2020 -0.7050 0.6798
vn -0.2175 -0.7005 0.6797
vn -0.1351 -0.6034 0.7859
vn -0.1378 -0.6369 0.7586
vn -0.6308 -0.0751 0.7723
vn -0.6829 -0.1306 0.7187
vn -0.5262 0.4252 0.7364
vn -0.5208 0.4023 0.7530
vn -0.5652 0.4403 0.6976
vn -0.5581 0.4259 0.7122
vn -0.5363 0.4038 0.7412
vn -0.5440 0.4259 0.7229
vn -0.5232 0.4018 0.7515
vn -0.5178 0.3756 0.7686
vn -0.9802 -0.0588 -0.1890
vn -0.9779 -0.0669 -0.1979
vn -0.9842 -0.0586 -0.1669
vn -0.9781 -0.0823 -0.1913
vn -0.9832 -0.0715 -0.1677
vn -0.9853 -0.0957 -0.1413
vn -0.9894 -0.0816 -0.1203
vn -0.9843 -0.1058 -0.1415
vn -0.9916 -0.0903 -0.0923
vn -0.9850 -0.1245 -0.1195
vn -0.9901 -0.1065 -0.0916
vn -0.9888 -0.1394 -0.0527
vn -0.9941 -0.1087 -0.0073
vn -0.9844 -0.1685 -0.0515
vn -0.9934 -0.1097 0.0336
vn -0.9892 -0.1465 -0.0098
vn -0.9956 -0.0858 0.0377
vn -0.9899 -0.1281 0.0613
vn -0.9958 -0.0521 0.0759
vn -0.9906 -0.0938 0.0991
vn -0.9880 0.0186 0.1530
vn -0.9847 -0.0183 0.1734
vn -0.9771 0.0245 0.2111
vn -0.9842 0.0013 0.1772
vn -0.9463 0.0366 0.3211
vn -0.9463 0.0355 0.3214
vn -0.9358 0.0807 0.3432
vn -0.9352 0.0809 0.3448
vn -0.9416 0.0563 0.3319
vn -0.9419 0.0562 0.3312
vn -0.9297 0.1000 0.3544
vn -0.9284 0.1160 0.3531
vn -0.9191 0.1405 0.3681
vn -0.9176 0.1514 0.3676
vn -0.8803 0.2284 0.4158
vn -0.8803 0.2284 0.4157
vn -0.8151 0.3113 0.4886
vn -0.8203 0.3124 0.4791
vn -0.8588 0.2645 0.4387
vn -0.8616 0.2557 0.4385
vn -0.7225 0.3882 0.5720
vn -0.7329 0.3679 0.5723
vn -0.6588 0.4104 0.6305
vn -0.6738 0.3857 0.6303
vn -0.6231 0.4064 0.6683
vn -0.6316 0.4125 0.6565
vn -0.5758 0.4233 0.6994
vn -0.5823 0.4286 0.6908
vn -0.7874 0.3436 0.5118
vn -0.7925 0.3312 0.5122
vn -0.8380 0.2883 0.4633
vn -0.8399 0.2883 0.4598
vn -0.9698 0.0247 0.2425
vn -0.9784 0.0030 0.2067
vn -0.9534 0.0102 0.3016
vn -0.9579 0.0058 0.2870
vn -0.9496 0.0175 0.3130
vn -0.9527 0.0152 0.3035
vn -0.9613 0.0117 0.2752
vn -0.9663 0.0040 0.2576
vn -0.9574 0.0101 0.2884
vn -0.9620 0.0044 0.2730
vn -0.9697 0.0261 0.2428
vn -0.9667 -0.0028 0.2557
vn -0.6494 0.2741 0.7093
vn -0.5496 0.2814 0.7866
vn -0.6167 0.2302 0.7528
vn -0.7274 0.2164 0.6512
vn -0.7849 0.2898 0.5477
vn -0.7736 0.3039 0.5561
vn -0.4599 0.3752 0.8048
vn -0.4353 0.4063 0.8033
vn -0.4493 0.3185 0.8347
vn -0.4293 0.3452 0.8346
vn -0.4387 0.2796 0.8541
vn -0.4218 0.3030 0.8546
vn -0.4047 0.2920 0.8666
vn -0.3955 0.3045 0.8665
vn -0.5831 0.3279 0.7433
vn -0.4867 0.3283 0.8095
vn -0.5121 0.3031 0.8037
vn -0.3962 0.3002 0.8677
vn -0.4293 0.2698 0.8619
vn -0.3474 0.2671 0.8989
vn -0.3608 0.2553 0.8970
vn -0.3059 0.2536 0.9177
vn -0.3318 0.2313 0.9146
vn -0.3011 0.2306 0.9253
vn -0.3294 0.2061 0.9214
vn -0.2952 0.2058 0.9330
vn -0.3189 0.1423 0.9371
vn -0.3083 0.1943 0.9312
vn -0.4007 0.0344 0.9156
vn -0.3893 0.0349 0.9204
vn -0.4541 -0.0380 0.8901
vn -0.4662 -0.0389 0.8838
vn -0.5137 -0.0996 0.8522
vn -0.5422 -0.1027 0.8339
vn -0.5842 -0.1673 0.7942
vn -0.6005 -0.1704 0.7812
vn -0.6291 -0.2258 0.7438
vn -0.6484 -0.2313 0.7253
vn -0.6540 -0.2507 0.7138
vn -0.6546 -0.2482 0.7141
vn -0.6586 -0.2611 0.7057
vn -0.6559 -0.2589 0.7090
vn -0.6756 -0.2833 0.6807
vn -0.6593 -0.2662 0.7032
vn -0.6966 -0.2952 0.6539
vn -0.6750 -0.2679 0.6875
vn -0.6973 -0.2609 0.6676
vn -0.7179 -0.2914 0.6322
vn -0.7382 -0.2607 0.6222
vn -0.7180 -0.2904 0.6326
vn -0.7656 -0.2675 0.5851
vn -0.7314 -0.3118 0.6065
vn -0.7910 -0.2811 0.5434
vn -0.8044 -0.3192 0.5010
vn -0.8141 -0.2829 0.5072
vn -0.8212 -0.3048 0.4825
vn -0.4985 -0.6193 0.6066
vn -0.4961 -0.4787 0.7244
vn -0.6896 0.1667 0.7047
vn -0.7936 0.1527 0.5890
vn 0.2316 -0.0062 0.9728
vn 0.1411 0.0770 0.9870
vn 0.1736 -0.0030 0.9848
vn 0.1637 -0.1027 0.9811
vn 0.1733 -0.1257 0.9768
vn 0.1039 -0.0669 0.9923
vn 0.0798 -0.0147 0.9967
vn 0.0785 -0.0881 0.9930
vn 0.0088 0.0551 0.9984
vn 0.0092 0.0201 0.9998
vn -0.0573 0.1479 0.9873
vn -0.0574 0.1078 0.9925
vn -0.1104 0.2039 0.9728
vn -0.1109 0.1895 0.9756
vn -0.2984 0.4100 0.8619
vn -0.3069 0.3191 0.8967
vn -0.4266 0.5116 0.7458
vn -0.4495 0.3600 0.8175
vn -0.5209 0.4731 0.7106
vn -0.5434 0.3276 0.7729
vn -0.6593 0.3480 0.6665
vn -0.5603 0.3525 0.7495
vn -0.6284 0.2997 0.7178
vn -0.7115 0.2912 0.6395
vn -0.7252 0.3142 0.6126
vn -0.7386 0.1997 0.6439
vn -0.7508 0.2189 0.6232
vn -0.8065 0.2096 0.5529
vn -0.8235 0.2283 0.5194
vn -0.8639 0.2213 0.4525
vn -0.8376 0.2634 0.4787
vn -0.8675 0.2573 0.4258
vn -0.8413 0.3274 0.4301
vn -0.8586 0.2712 0.4350
vn -0.7708 0.3713 0.5178
vn -0.7460 0.4149 0.5209
vn -0.4140 0.5422 0.7312
vn -0.4035 0.5394 0.7391
vn -0.1861 0.5850 0.7894
vn -0.1754 0.5918 0.7868
vn -0.8513 0.1829 0.4918
vn -0.7958 0.1901 0.5750
vn 0.0837 0.4641 0.8818
vn 0.2908 0.3044 0.9071
vn 0.1752 0.4933 0.8520
vn 0.1701 0.6494 0.7411
vn 0.1304 0.2588 0.9571
vn 0.2396 0.1568 0.9581
vn -0.0510 0.1396 0.9889
vn 0.0041 0.1114 0.9938
vn -0.0041 0.1224 0.9925
vn 0.0986 0.0717 0.9925
vn 0.1858 0.0977 0.9777
vn 0.0216 0.1755 0.9843
vn 0.1787 0.1081 0.9779
vn 0.1553 0.3109 0.9377
vn 0.2808 0.3234 0.9036
vn 0.0519 0.4517 0.8906
vn 0.1694 0.3213 0.9317
vn -0.0613 0.3692 0.9273
vn -0.1818 -0.0396 0.9825
vn -0.1894 -0.0517 0.9805
vn -0.4470 -0.1590 0.8803
vn -0.4074 -0.0728 0.9103
vn -0.5302 -0.3008 0.7927
vn -0.6351 -0.1958 0.7472
vn -0.7098 -0.3542 0.6088
vn -0.5865 -0.4623 0.6650
vn -0.6416 -0.4846 0.5946
vn -0.5271 -0.5599 0.6393
vn -0.4638 -0.5227 0.7153
vn -0.3334 -0.5691 0.7517
vn -0.2672 -0.5183 0.8124
vn -0.1910 -0.5237 0.8302
vn -0.1677 -0.5018 0.8486
vn -0.1802 -0.5034 0.8450
vn -0.0890 -0.4144 0.9057
vn -0.0811 -0.4118 0.9076
vn 0.0553 -0.2747 0.9599
vn 0.0639 -0.2710 0.9605
vn 0.1747 -0.1844 0.9672
vn 0.1210 -0.2093 0.9703
vn 0.0318 -0.3972 0.9172
vn -0.0380 -0.4257 0.9041
vn -0.1593 -0.6106 0.7758
vn -0.1158 -0.5974 0.7935
vn -0.4275 -0.8740 0.2311
vn -0.2553 -0.8898 0.3782
vn -0.2773 -0.4041 0.8717
vn -0.3928 -0.5100 0.7653
vn -0.1923 -0.1072 0.9755
vn -0.3190 -0.2214 0.9215
vn -0.2253 0.1556 0.9618
vn -0.2294 0.3387 0.9125
vn -0.1181 0.5179 0.8473
vn -0.2946 0.3851 0.8746
vn 0.1549 0.8419 0.5170
vn 0.0911 0.8208 0.5639
vn 0.0925 0.7679 0.6338
vn 0.2007 0.7600 0.6181
vn 0.1781 0.7481 0.6392
vn 0.1880 0.6565 0.7306
vn 0.1369 0.7066 0.6943
vn 0.1802 0.5272 0.8304
vn 0.0724 0.6308 0.7725
vn 0.1686 0.3222 0.9315
vn 0.0761 0.8392 0.5385
vn 0.0749 0.8201 0.5673
vn -0.4875 0.8338 -0.2592
vn -0.5269 0.7966 -0.2964
vn -0.6287 0.7316 -0.2637
vn -0.4145 0.9070 -0.0746
vn -0.6894 -0.1552 0.7075
vn -0.6774 -0.1731 0.7150
vn -0.6848 -0.1687 0.7090
vn -0.6944 -0.1544 0.7028
vn -0.6799 -0.1726 0.7127
vn -0.6596 -0.2040 0.7234
vn -0.6753 -0.1997 0.7100
vn -0.6545 -0.2176 0.7241
vn -0.7010 -0.2180 0.6791
vn -0.7056 -0.2136 0.6756
vn -0.7379 -0.2316 0.6339
vn -0.7263 -0.2138 0.6533
vn -0.6364 -0.2119 0.7417
vn -0.6505 -0.1995 0.7329
vn -0.6714 -0.2055 0.7121
vn -0.6825 -0.2169 0.6980
vn -0.1198 -0.6394 0.7595
vn -0.0642 -0.5827 0.8102
vn -0.1177 -0.6629 0.7394
vn -0.1709 -0.6350 0.7534
vn -0.2422 -0.6502 0.7201
vn -0.2302 -0.6200 0.7501
vn -0.2802 -0.4889 0.8261
vn -0.2653 -0.4985 0.8253
vn -0.2341 0.3800 0.8949
vn -0.2114 0.4020 0.8909
vn -0.2248 0.3300 0.9168
vn -0.2115 0.3434 0.9151
vn -0.2182 0.3070 0.9263
vn -0.2107 0.3148 0.9255
vn -0.2022 0.3289 0.9225
vn -0.1951 0.3362 0.9214
vn -0.1758 0.3659 0.9139
vn -0.1641 0.3515 0.9217
vn -0.2332 -0.7058 0.6689
vn -0.2355 -0.6298 0.7402
vn -0.1530 -0.6959 0.7016
vn -0.1985 -0.6764 0.7093
vn -0.2256 -0.7026 0.6749
vn -0.2078 -0.7103 0.6726
vn -0.1747 -0.6522 0.7376
vn -0.1124 -0.6755 0.7288
vn -0.2152 -0.7169 0.6631
vn -0.1985 -0.7232 0.6615
vn -0.2894 -0.2941 0.9109
vn -0.3147 -0.1226 0.9412
vn -0.3511 -0.1639 0.9219
vn -0.3586 -0.0821 0.9299
vn -0.3906 -0.1192 0.9128
vn -0.3913 -0.0965 0.9152
vn -0.4789 -0.1989 0.8550
vn -0.4788 -0.2056 0.8535
vn -0.5800 -0.3254 0.7468
vn -0.5760 -0.3836 0.7219
vn -0.6475 -0.4690 0.6007
vn -0.6320 -0.5499 0.5461
vn -0.6528 -0.6797 0.3344
vn -0.6823 -0.6061 0.4087
vn -0.6416 -0.7647 0.0599
vn -0.6065 -0.7874 0.1098
vn -0.4228 -0.8588 0.2894
vn -0.4715 -0.8507 0.2324
vn -0.4340 -0.7399 0.5140
vn -0.4789 -0.7422 0.4688
vn -0.3953 -0.5392 0.7436
vn -0.4382 -0.5501 0.7109
vn -0.3458 -0.3403 0.8744
vn -0.3906 -0.3550 0.8494
vn -0.3065 -0.1670 0.9371
vn -0.3497 -0.1837 0.9187
vn -0.3090 -0.0876 0.9470
vn -0.3039 -0.0856 0.9488
vn -0.2968 -0.0676 0.9525
vn -0.2487 -0.0479 0.9674
vn -0.9337 -0.3524 -0.0632
vn -0.9420 -0.3342 -0.0314
vn -0.9240 -0.3556 0.1409
vn -0.9167 -0.3664 0.1593
vn -0.9089 -0.3645 0.2027
vn -0.9006 -0.3752 0.2194
vn -0.8906 -0.3733 0.2598
vn -0.8805 -0.3850 0.2767
vn -0.8482 -0.3869 0.3617
vn -0.8543 -0.3806 0.3540
vn -0.8078 -0.3664 0.4617
vn -0.8024 -0.3500 0.4834
vn -0.7726 -0.3486 0.5306
vn -0.7994 -0.3193 0.5089
vn -0.7643 -0.2753 0.5832
vn -0.7821 -0.3191 0.5352
vn -0.7530 -0.2751 0.5977
vn -0.7875 -0.2303 0.5717
vn -0.7625 -0.2310 0.6044
vn -0.7442 -0.1987 0.6377
vn -0.7278 -0.1992 0.6562
vn -0.7219 -0.1907 0.6652
vn -0.6936 -0.1921 0.6942
vn -0.7094 -0.1734 0.6831
vn -0.6774 -0.1756 0.7143
vn -0.6559 -0.1996 0.7280
vn -0.6594 -0.1993 0.7249
vn -0.6501 -0.2103 0.7302
vn -0.6194 -0.2127 0.7557
vn -0.6217 -0.2149 0.7532
vn -0.5881 -0.2176 0.7789
vn -0.5564 -0.1921 0.8084
vn -0.5593 -0.1919 0.8065
vn -0.5223 -0.1687 0.8359
vn -0.4915 -0.1544 0.8571
vn -0.4767 -0.1726 0.8620
vn -0.7343 -0.6689 0.1158
vn -0.7436 -0.6505 0.1544
vn -0.7785 -0.6134 0.1326
vn -0.7577 -0.6161 0.2150
vn -0.8031 -0.5688 0.1776
vn -0.7684 -0.5608 0.3084
vn -0.7611 -0.6353 0.1311
vn -0.7407 -0.6413 0.2001
vn -0.7222 -0.6541 0.2248
vn -0.7371 -0.6065 0.2979
vn -0.7354 -0.5972 0.3204
vn -0.7464 -0.4889 0.4516
vn -0.7268 -0.5099 0.4603
vn -0.6628 -0.4544 0.5951
vn -0.7122 -0.6312 0.3074
vn -0.6588 -0.5856 0.4723
vn -0.5741 -0.4124 0.7073
vn -0.5922 -0.4319 0.6803
vn -0.5431 -0.4286 0.7221
vn -0.6000 -0.5002 0.6243
vn -0.4924 -0.4662 0.7350
vn -0.4706 -0.4429 0.7631
vn -0.3753 -0.4908 0.7863
vn -0.3793 -0.4957 0.7813
vn -0.3763 -0.4811 0.7918
vn -0.3593 -0.4563 0.8140
vn -0.2691 -0.9548 0.1264
vn -0.2862 -0.9434 0.1678
vn -0.1754 -0.0934 0.9801
vn -0.2106 -0.1134 0.9710
vn -0.2661 -0.1006 0.9587
vn -0.1860 -0.2105 0.9597
vn -0.4618 -0.4804 0.7456
vn -0.4299 -0.4845 0.7619
vn -0.3442 -0.5435 0.7656
vn -0.3710 -0.4278 0.8242
vn -0.2823 -0.5091 0.8131
vn -0.2726 -0.5029 0.8203
vn -0.2018 -0.2057 0.9576
vn -0.3567 -0.2511 0.8998
vn -0.2698 -0.5024 0.8215
vn -0.2865 -0.2917 0.9126
vn 0.2459 -0.9610 0.1265
vn 0.3196 -0.9384 0.1314
vn -0.2078 0.7931 0.5725
vn -0.1772 0.8035 0.5683
vn -0.1626 0.7911 0.5896
vn -0.1956 0.7763 0.5992
vn -0.1976 0.7492 0.6322
vn -0.1847 0.7697 0.6111
vn -0.2104 0.7241 0.6568
vn -0.1847 0.7436 0.6426
vn -0.1807 0.7184 0.6717
vn -0.1844 0.7150 0.6744
vn -0.1667 0.7129 0.6812
vn -0.1695 0.6841 0.7094
vn -0.1581 0.6835 0.7126
vn -0.1604 0.6798 0.7156
vn -0.1359 0.6809 0.7197
vn -0.1179 0.7148 0.6893
vn -0.0804 0.7172 0.6922
vn -0.0816 0.7135 0.6959
vn -0.0370 0.7168 0.6963
vn -0.0494 0.7321 0.6794
vn -0.0450 0.7439 0.6667
vn -0.0341 0.7352 0.6770
vn 0.0069 0.7574 0.6529
vn -0.0430 0.7877 0.6145
vn 0.0157 0.8412 0.5405
vn 0.0172 0.8300 0.5575
vn 0.0514 0.8398 0.5404
vn 0.0542 0.8597 0.5079
vn 0.0808 0.8642 0.4967
vn 0.0912 0.8800 0.4660
vn 0.0514 0.8236 0.5649
vn 0.0382 0.8378 0.5447
vn 0.0141 0.8389 0.5441
vn 0.0268 0.8278 0.5604
vn -0.0863 0.8270 0.5555
vn -0.1909 0.7587 0.6228
vn -0.1366 0.7347 0.6645
vn -0.1074 0.7776 0.6195
vn -0.5300 0.2067 0.8224
vn -0.5938 0.1601 0.7885
vn -0.7467 -0.3728 0.5508
vn -0.6085 -0.4177 0.6748
vn -0.5956 -0.6493 0.4729
vn -0.5762 -0.7644 0.2893
vn -0.3956 -0.8933 0.2131
vn -0.4444 -0.7656 0.4652
vn -0.4376 -0.7701 0.4641
vn -0.3502 -0.9341 0.0695
vn -0.4200 -0.9011 0.1073
vn -0.3962 -0.9099 0.1231
vn -0.1042 -0.9425 0.3175
vn -0.3610 -0.9263 0.1076
vn -0.1286 -0.9378 0.3224
vn -0.1951 -0.9458 0.2596
vn -0.1626 -0.9621 0.2189
vn -0.1368 -0.9591 0.2478
vn -0.0764 -0.9752 0.2079
vn -0.0537 -0.9681 0.2447
vn 0.0490 -0.9631 0.2648
vn 0.0418 -0.9800 0.1948
vn 0.0729 -0.9595 0.2720
vn 0.0760 -0.9748 0.2098
vn 0.0798 -0.9606 0.2661
vn 0.0783 -0.9584 0.2744
vn 0.0905 -0.9580 0.2720
vn 0.0920 -0.9595 0.2663
vn 0.1263 -0.9492 0.2881
vn 0.1343 -0.9559 0.2613
vn 0.1461 -0.9625 0.2288
vn 0.1649 -0.9652 0.2028
vn 0.2207 -0.9380 0.2673
vn 0.3267 -0.9342 0.1431
vn -0.7577 0.6522 -0.0218
vn -0.7043 0.7083 0.0479
vn -0.9001 0.4288 0.0767
vn -0.9252 0.3795 0.0052
vn -0.9787 0.2051 0.0111
vn -0.9793 0.2012 0.0214
vn -0.8342 -0.1303 0.5359
vn -0.9825 -0.1384 0.1248
vn -0.7860 -0.4717 0.3996
vn -0.7000 -0.4748 0.5334
vn -0.5969 -0.8017 0.0314
vn -0.6748 -0.7370 -0.0379
vn -0.0043 0.8238 0.5668
vn 0.1323 0.8827 0.4508
vn -0.0802 0.7100 0.6996
vn -0.0808 0.7207 0.6885
vn -0.4735 -0.8560 0.2074
vn -0.4842 -0.8425 0.2360
vn -0.1709 -0.9691 0.1780
vn -0.1913 -0.9546 0.2283
vn -0.1191 -0.4678 0.8758
vn -0.1031 -0.4336 0.8952
vn -0.1230 -0.5693 0.8128
vn -0.1238 -0.5707 0.8118
vn -0.5442 -0.6401 0.5423
vn -0.5260 -0.7316 0.4338
vn -0.4267 -0.6990 0.5738
vn -0.4487 -0.5361 0.7150
vn -0.3224 -0.5830 0.7458
vn -0.3340 -0.4703 0.8169
vn -0.2489 -0.4453 0.8601
vn -0.2369 -0.4954 0.8357
vn -0.2566 -0.5456 0.7978
vn -0.2599 -0.5360 0.8033
vn -0.2061 -0.4042 0.8912
vn -0.1909 -0.5064 0.8409
vn -0.0740 -0.4224 0.9034
vn -0.0848 -0.3786 0.9217
vn -0.6757 -0.5715 0.4658
vn -0.6076 -0.4945 0.6215
vn -0.6690 -0.4488 0.5925
vn -0.6256 -0.4050 0.6668
vn -0.5779 -0.6990 0.4212
vn -0.6195 -0.7295 0.2897
vn -0.6539 -0.7021 0.2820
vn -0.6346 -0.7448 0.2060
vn -0.6998 -0.6871 0.1952
vn -0.7106 -0.6857 0.1578
vn -0.4786 -0.4699 0.7417
vn -0.4578 -0.4428 0.7710
vn -0.7098 -0.6737 0.2057
vn -0.7210 -0.6445 0.2545
vn -0.6467 -0.6676 0.3688
vn -0.6783 -0.6853 0.2652
vn -0.6357 -0.5880 0.5002
vn -0.6162 -0.6916 0.3768
vn -0.5461 -0.6505 0.5279
vn -0.5604 -0.4829 0.6729
vn -0.4803 -0.5305 0.6985
vn -0.4280 -0.4546 0.7812
vn -0.3646 -0.4812 0.7972
vn -0.3205 -0.4114 0.8532
vn -0.2118 -0.4412 0.8720
vn -0.2220 -0.3817 0.8973
vn -0.1014 -0.3998 0.9110
vn -0.0832 -0.3531 0.9319
vn 0.0155 0.8016 0.5977
vn 0.0089 0.8394 0.5434
vn -0.3545 0.9193 -0.1707
vn -0.3958 0.8900 -0.2265
vn 0.3561 0.8907 0.2826
vn 0.5327 0.8269 0.1803
vn -0.1999 0.7757 0.5986
vn -0.1245 0.7896 0.6008
vn -0.0949 0.8036 0.5875
vn -0.1736 0.7917 0.5857
vn -0.6624 0.3137 0.6803
vn -0.6793 0.3158 0.6624
vn -0.7877 0.1237 0.6035
vn -0.7494 0.1130 0.6524
vn -0.7600 0.0938 0.6432
vn -0.7276 0.0786 0.6814
vn -0.6748 0.1498 0.7226
vn -0.6976 0.0354 0.7157
vn -0.6452 -0.0378 0.7631
vn -0.6458 -0.0371 0.7626
vn -0.6533 -0.0426 0.7559
vn -0.6731 -0.0141 0.7394
vn -0.6998 -0.0298 0.7138
vn -0.7230 0.0208 0.6905
vn -0.7626 0.0016 0.6469
vn -0.7779 0.0470 0.6267
vn -0.8028 0.0385 0.5949
vn -0.8162 0.0853 0.5714
vn -0.8371 0.0804 0.5411
vn -0.8447 0.1110 0.5236
vn -0.8628 0.1289 0.4888
vn -0.8735 0.1073 0.4748
vn -0.9235 0.1453 0.3550
vn -0.9277 0.1369 0.3473
vn -0.9512 0.1262 0.2816
vn -0.9598 0.1046 0.2603
vn -0.9636 0.1063 0.2452
vn -0.9732 0.0782 0.2161
vn -0.9741 0.0788 0.2119
vn -0.9833 0.0460 0.1763
vn -0.9891 -0.0206 0.1460
vn -0.9929 -0.0505 0.1073
vn 0.0229 0.2492 0.9682
vn 0.0528 0.2263 0.9726
vn 0.0388 0.2940 0.9550
vn 0.1060 0.2470 0.9632
vn -0.1663 0.3113 0.9357
vn -0.0829 0.3764 0.9228
vn -0.3594 0.4118 0.8374
vn -0.3242 0.3880 0.8628
vn -0.4413 0.4214 0.7923
vn -0.4166 0.4031 0.8148
vn -0.5066 0.4129 0.7569
vn -0.5031 0.4101 0.7607
vn -0.5599 0.4072 0.7216
vn -0.5555 0.4031 0.7273
vn -0.5809 0.3873 0.7159
vn -0.5934 0.3998 0.6986
vn -0.6045 0.3588 0.7112
vn -0.6220 0.3790 0.6852
vn -0.6047 0.3148 0.7316
vn -0.6319 0.3541 0.6894
vn -0.6133 0.2586 0.7463
vn -0.6407 0.3127 0.7012
vn -0.7162 0.2183 0.6629
vn -0.6576 0.1758 0.7326
vn -0.8989 0.0832 0.4302
vn -0.8926 0.0993 0.4398
vn -0.9078 0.0523 0.4161
vn -0.8992 0.0780 0.4305
vn -0.9074 0.0666 0.4149
vn -0.9134 0.0466 0.4044
vn -0.9134 0.0481 0.4043
vn -0.9145 0.0438 0.4022
vn -0.8402 -0.2687 0.4710
vn -0.8439 -0.2815 0.4567
vn -0.8324 -0.3087 0.4602
vn -0.8325 -0.3091 0.4597
vn -0.8286 -0.3289 0.4529
vn -0.8283 -0.3278 0.4544
vn -0.8291 -0.3396 0.4441
vn -0.8246 -0.3449 0.4484
vn -0.8302 -0.3647 0.4217
vn -0.8261 -0.3503 0.4413
vn -0.8316 -0.3784 0.4066
vn -0.8290 -0.3682 0.4208
vn -0.8362 -0.3836 0.3920
vn -0.8336 -0.3726 0.4077
vn -0.8506 -0.3591 0.3840
vn -0.8484 -0.3502 0.3969
vn -0.0036 0.3103 0.9506
vn -0.0084 0.3150 0.9490
vn -0.0211 0.3147 0.9490
vn -0.0307 0.3242 0.9455
vn -0.0349 0.3412 0.9393
vn -0.0569 0.3226 0.9448
vn -0.0775 0.3372 0.9383
vn -0.0906 0.3511 0.9319
vn -0.1376 0.3443 0.9287
vn -0.1143 0.3662 0.9235
vn -0.1882 0.3659 0.9114
vn -0.1786 0.3547 0.9178
vn -0.2513 0.3537 0.9010
vn -0.2542 0.3505 0.9014
vn -0.3217 0.3387 0.8842
vn -0.3182 0.3344 0.8871
vn -0.3939 0.3136 0.8640
vn -0.3867 0.3232 0.8637
vn -0.4770 0.3187 0.8191
vn -0.4649 0.3062 0.8307
vn -0.5124 0.3185 0.7975
vn -0.4996 0.3071 0.8100
vn -0.5468 0.3172 0.7748
vn -0.5335 0.3064 0.7883
vn -0.5922 0.3210 0.7391
vn -0.6078 0.2907 0.7390
vn -0.6675 0.2790 0.6904
vn -0.6787 0.2858 0.6765
vn -0.7195 0.2710 0.6395
vn -0.7028 0.2631 0.6609
vn -0.7578 0.2496 0.6029
vn -0.7443 0.2443 0.6215
vn -0.7867 0.2460 0.5662
vn -0.8016 0.1941 0.5654
vn -0.8261 0.1912 0.5300
vn -0.8359 0.1935 0.5137
vn -0.8755 0.1457 0.4608
vn -0.8840 0.1463 0.4440
vn -0.9047 0.1263 0.4069
vn -0.8934 0.1266 0.4310
vn -0.9131 0.1059 0.3938
vn -0.9201 0.1047 0.3774
vn -0.9313 0.0892 0.3533
vn -0.9249 0.0914 0.3692
vn -0.9372 0.0800 0.3395
vn -0.9335 0.0819 0.3492
vn -0.9407 0.0788 0.3301
vn -0.9367 0.0817 0.3404
vn -0.9394 0.0804 0.3332
vn -0.9405 0.0793 0.3303
vn -0.9374 0.0815 0.3386
vn -0.9398 0.0785 0.3324
vn -0.9365 0.0856 0.3400
vn -0.9332 0.0903 0.3478
vn -0.9268 0.0776 0.3676
vn -0.9282 0.1132 0.3545
vn -0.9076 0.1285 0.3997
vn -0.9212 0.1063 0.3744
vn -0.8947 0.1498 0.4208
vn -0.8996 0.1258 0.4181
vn -0.8903 0.1425 0.4324
vn -0.8873 0.1279 0.4431
vn -0.8901 0.1436 0.4325
vn -0.8870 0.1299 0.4431
vn -0.8842 0.1355 0.4470
vn -0.8914 0.1111 0.4393
vn -0.8859 0.1234 0.4471
vn -0.8756 -0.3729 0.3071
vn -0.8753 -0.3700 0.3114
vn -0.8683 -0.3890 0.3077
vn -0.8677 -0.3831 0.3166
vn -0.8653 -0.3864 0.3193
vn -0.8672 -0.3844 0.3164
vn -0.8722 -0.3864 0.2999
vn -0.8706 -0.3730 0.3209
vn -0.8532 -0.3406 0.3950
vn -0.8357 -0.3570 0.4174
vn -0.8504 -0.3480 0.3946
vn -0.8588 -0.3846 0.3383
vn -0.8610 -0.3796 0.3386
vn -0.8656 -0.4270 0.2614
vn -0.8442 -0.4701 0.2576
vn -0.8374 -0.5171 0.1773
vn -0.7991 -0.5768 0.1696
vn -0.7811 -0.6175 0.0930
vn -0.7337 -0.6745 0.0822
vn -0.7206 -0.6919 0.0441
vn -0.6507 -0.7588 0.0287
vn -0.6402 -0.7682 0.0041
vn -0.5780 -0.8160 -0.0065
vn -0.5599 -0.8275 -0.0424
vn -0.4968 -0.8632 -0.0894
vn -0.4767 -0.8775 -0.0529
vn -0.3832 -0.9182 -0.1000
vn -0.3775 -0.9195 -0.1093
vn -0.2788 -0.9496 -0.1435
vn -0.2633 -0.9575 -0.1176
vn -0.1674 -0.9746 -0.1488
vn -0.1636 -0.9743 -0.1546
vn -0.0704 -0.9851 -0.1567
vn -0.0628 -0.9837 -0.1685
vn -0.0172 0.2964 0.9549
vn -0.0171 0.2963 0.9549
vn -0.0417 0.2954 0.9545
vn -0.0502 0.3035 0.9515
vn -0.0676 0.3160 0.9464
vn -0.0852 0.3010 0.9498
vn -0.1156 0.3109 0.9434
vn -0.1201 0.3153 0.9414
vn -0.1621 0.3092 0.9371
vn -0.1522 0.3187 0.9356
vn -0.2064 0.3085 0.9285
vn -0.2110 0.3134 0.9259
vn -0.2746 0.3019 0.9129
vn -0.2783 0.2977 0.9132
vn -0.3469 0.2956 0.8901
vn -0.3367 0.2841 0.8977
vn -0.4269 0.2674 0.8639
vn -0.4034 0.3001 0.8644
vn -0.4980 0.2810 0.8204
vn -0.5067 0.2889 0.8123
vn -0.5358 0.2724 0.7992
vn -0.5437 0.2785 0.7917
vn -0.5673 0.2807 0.7742
vn -0.5819 0.2540 0.7726
vn -0.6334 0.2753 0.7232
vn -0.6493 0.2395 0.7219
vn -0.7084 0.2272 0.6682
vn -0.7294 0.2370 0.6417
vn -0.7503 0.2123 0.6261
vn -0.7635 0.2171 0.6082
vn -0.7886 0.1839 0.5868
vn -0.8034 0.1883 0.5649
vn -0.8230 0.1722 0.5413
vn -0.8277 0.1522 0.5401
vn -0.8476 0.1333 0.5136
vn -0.8546 0.1345 0.5016
vn -0.8916 0.0780 0.4461
vn -0.8986 0.0784 0.4318
vn -0.9098 0.0489 0.4122
vn -0.9156 0.0487 0.3991
vn -0.9202 0.0343 0.3899
vn -0.9251 0.0335 0.3783
vn -0.9279 0.0233 0.3721
vn -0.9337 0.0217 0.3574
vn -0.9325 0.0347 0.3594
vn -0.9324 0.0273 0.3605
vn -0.9309 0.0415 0.3628
vn -0.9346 0.0391 0.3535
vn -0.9327 0.0481 0.3576
vn -0.9354 0.0458 0.3506
vn -0.9311 0.0663 0.3587
vn -0.9334 0.0639 0.3530
vn -0.9274 0.0922 0.3625
vn -0.9328 0.0857 0.3502
vn -0.9272 0.1333 0.3501
vn -0.9266 0.1143 0.3581
vn -0.9206 0.1606 0.3560
vn -0.9304 0.1459 0.3363
vn -0.9256 0.1667 0.3399
vn -0.9309 0.1578 0.3295
vn -0.9308 0.1581 0.3295
vn -0.9372 0.1459 0.3168
vn -0.9385 0.1389 0.3160
vn -0.9451 0.1243 0.3021
vn -0.9471 0.1115 0.3010
vn -0.9529 0.0965 0.2877
vn -0.9550 0.0768 0.2865
vn -0.9599 0.0613 0.2735
vn -0.9611 0.0439 0.2727
vn -0.9636 0.0344 0.2650
vn -0.9642 0.0093 0.2651
vn -0.9644 0.0084 0.2643
vn -0.9643 -0.0005 0.2650
vn -0.9646 -0.0022 0.2637
vn -0.9646 0.0078 0.2637
vn -0.9638 0.0116 0.2664
vn -0.9638 0.0145 0.2664
vn -0.9627 0.0194 0.2699
vn -0.9611 0.0038 0.2763
vn -0.9628 0.0098 0.2700
vn -0.9607 -0.0309 0.2760
vn -0.9622 -0.0395 0.2694
vn -0.9591 -0.0935 0.2673
vn -0.9586 -0.0900 0.2702
vn -0.9520 -0.1529 0.2650
vn -0.9511 -0.1433 0.2738
vn -0.9346 -0.2094 0.2874
vn -0.9451 -0.1869 0.2680
vn -0.9235 -0.2284 0.3081
vn -0.9261 -0.2538 0.2791
vn -0.9103 -0.2904 0.2950
vn -0.9083 -0.2724 0.3176
vn -0.8966 -0.3196 0.3066
vn -0.8956 -0.3107 0.3185
vn -0.8839 -0.3478 0.3127
vn -0.8855 -0.3457 0.3104
vn -0.9751 -0.1958 -0.1043
vn -0.9781 -0.1868 -0.0919
vn -0.9788 -0.1675 -0.1182
vn -0.9844 -0.1483 -0.0943
vn -0.9833 -0.1201 -0.1368
vn -0.9903 -0.0914 -0.1048
vn -0.9851 -0.0789 -0.1531
vn -0.9902 -0.0548 -0.1282
vn -0.9874 -0.0547 -0.1484
vn -0.9868 -0.0575 -0.1511
vn -0.9863 -0.0697 -0.1493
vn -0.9899 -0.0508 -0.1322
vn -0.9922 -0.0569 -0.1106
vn -0.9876 -0.0832 -0.1333
vn -0.9966 -0.0430 -0.0696
vn -0.9895 -0.0928 -0.1111
vn -0.9922 -0.1034 -0.0698
vn -0.9980 -0.0555 -0.0305
vn -0.9981 -0.0609 0.0117
vn -0.9933 -0.1114 -0.0315
vn -0.9966 -0.0599 0.0564
vn -0.9943 -0.1066 0.0087
vn -0.9947 -0.0885 0.0529
vn -0.9943 -0.0536 0.0921
vn -0.9942 -0.0553 0.0919
vn -0.9915 -0.0248 0.1276
vn -0.9868 0.0102 0.1616
vn -0.9915 -0.0170 0.1288
vn -0.9865 0.0163 0.1627
vn -0.9782 0.0473 0.2020
vn -0.9711 0.0527 0.2326
vn -0.9797 0.0284 0.1986
vn -0.9647 0.0496 0.2586
vn -0.9732 0.0303 0.2280
vn -0.9675 0.0218 0.2521
vn -0.9615 0.0331 0.2728
vn -0.9568 0.0254 0.2897
vn -0.9633 0.0157 0.2681
vn -0.9531 0.0182 0.3023
vn -0.9583 0.0120 0.2855
vn -0.9486 0.0163 0.3161
vn -0.9539 0.0114 0.2999
vn -0.9450 0.0178 0.3265
vn -0.9488 0.0153 0.3156
vn -0.9433 0.0276 0.3309
vn -0.9427 0.0279 0.3324
vn -0.9377 0.0468 0.3442
vn -0.9387 0.0465 0.3416
vn -0.9353 0.0665 0.3475
vn -0.9323 0.0673 0.3553
vn -0.9278 0.0911 0.3618
vn -0.9296 0.0908 0.3573
vn -0.9168 0.1268 0.3786
vn -0.9169 0.1259 0.3787
vn -0.8772 0.2055 0.4339
vn -0.8788 0.2055 0.4307
vn -0.8581 0.2382 0.4549
vn -0.8546 0.2382 0.4613
vn -0.8335 0.2635 0.4856
vn -0.8378 0.2638 0.4780
vn -0.8111 0.2873 0.5095
vn -0.8151 0.2883 0.5024
vn -0.7884 0.3084 0.5322
vn -0.7843 0.3190 0.5321
vn -0.7253 0.3521 0.5916
vn -0.7134 0.3452 0.6098
vn -0.6638 0.3659 0.6523
vn -0.6487 0.3558 0.6728
vn -0.6150 0.3596 0.7018
vn -0.6278 0.3692 0.6853
vn -0.5720 0.3687 0.7327
vn -0.5827 0.3776 0.7197
vn -0.0581 -0.6080 0.7918
vn -0.0797 -0.5313 0.8434
vn -0.2028 -0.5933 0.7790
vn -0.1849 -0.6810 0.7086
vn -0.3498 -0.7739 0.5280
vn -0.2803 -0.6621 0.6951
vn -0.4104 -0.8060 0.4266
vn -0.4321 -0.7440 0.5097
vn -0.5286 -0.7500 0.3977
vn -0.4981 -0.8204 0.2807
vn -0.5913 -0.7629 0.2614
vn -0.5726 -0.7968 0.1931
vn -0.6351 -0.7500 0.1848
vn -0.6242 -0.7673 0.1473
vn -0.7013 -0.6987 0.1412
vn -0.6931 -0.7120 0.1126
vn -0.7336 -0.6666 0.1320
vn -0.7406 -0.6626 0.1116
vn -0.7815 -0.6111 0.1257
vn -0.7782 -0.6134 0.1344
vn -0.8199 -0.5530 0.1482
vn -0.8265 -0.5473 0.1315
vn -0.8458 -0.4989 0.1893
vn -0.8603 -0.4856 0.1552
vn -0.8730 -0.4419 0.2065
vn -0.8779 -0.4371 0.1957
vn -0.9080 -0.4169 0.0412
vn -0.9090 -0.4142 0.0459
vn -0.9190 -0.3943 0.0090
vn -0.9259 -0.3754 0.0421
vn -0.9369 -0.3497 -0.0029
vn -0.9342 -0.3565 0.0105
vn -0.9412 -0.3371 -0.0224
vn -0.9460 -0.3242 -0.0013
vn -0.9565 -0.2909 -0.0204
vn -0.9492 -0.3105 -0.0502
vn -0.9591 -0.2719 -0.0790
vn -0.9677 -0.2483 -0.0445
vn -0.9667 -0.2346 -0.1021
vn -0.9748 -0.2122 -0.0691
vn -0.8710 -0.4166 0.2605
vn -0.8708 -0.4343 0.2303
vn -0.8579 -0.4607 0.2275
vn -0.8555 -0.4831 0.1865
vn -0.8278 -0.5311 0.1806
vn -0.8242 -0.5458 0.1512
vn -0.7837 -0.6045 0.1430
vn -0.7794 -0.6147 0.1213
vn -0.7427 -0.6595 0.1161
vn -0.7408 -0.6629 0.1086
vn -0.6932 -0.7134 0.1025
vn -0.6943 -0.7118 0.1062
vn -0.6291 -0.7705 0.1028
vn -0.6239 -0.7767 0.0866
vn -0.5525 -0.8284 0.0917
vn -0.5730 -0.8056 0.1506
vn -0.4732 -0.8655 0.1644
vn -0.4987 -0.8341 0.2359
vn -0.3832 -0.8884 0.2529
vn -0.4124 -0.8479 0.3331
vn -0.2862 -0.8912 0.3520
vn -0.3081 -0.8556 0.4160
vn -0.1867 -0.8828 0.4310
vn -0.2033 -0.8535 0.4798
vn -0.0630 -0.8685 0.4917
vn -0.0638 -0.8696 0.4896
vn -0.0237 0.4023 0.9152
vn -0.0294 0.4071 0.9129
vn -0.0573 0.4062 0.9120
vn -0.0656 0.4131 0.9083
vn -0.0965 0.4230 0.9010
vn -0.1130 0.4100 0.9051
vn -0.1364 0.4195 0.8975
vn -0.1536 0.4343 0.8876
vn -0.1977 0.4286 0.8816
vn -0.1686 0.4537 0.8751
vn -0.2214 0.4459 0.8673
vn -0.2389 0.4620 0.8541
vn -0.2918 0.4700 0.8330
vn -0.3159 0.4460 0.8374
vn -0.3861 0.4627 0.7980
vn -0.3724 0.4496 0.8119
vn -0.4658 0.4367 0.7696
vn -0.4438 0.4629 0.7673
vn -0.5568 0.3057 0.7723
vn -0.5773 0.3233 0.7498
vn -0.5978 0.3117 0.7386
vn -0.6182 0.3271 0.7147
vn -0.6336 0.3388 0.6956
vn -0.6522 0.3047 0.6941
vn -0.6964 0.3407 0.6316
vn -0.7151 0.3000 0.6314
vn -0.7735 0.2861 0.5655
vn -0.7847 0.2910 0.5473
vn -0.8075 0.2637 0.5277
vn -0.8107 0.2645 0.5222
vn -0.8272 0.2422 0.5070
vn -0.8329 0.2427 0.4974
vn -0.8500 0.2231 0.4772
vn -0.8532 0.2117 0.4767
vn -0.8713 0.1875 0.4535
vn -0.8756 0.1877 0.4451
vn -0.9139 0.1116 0.3904
vn -0.9143 0.1115 0.3893
vn -0.9269 0.0723 0.3683
vn -0.9266 0.0776 0.3680
vn -0.9336 0.0497 0.3550
vn -0.9310 0.0504 0.3616
vn -0.9348 0.0355 0.3535
vn -0.9342 0.0357 0.3550
vn -0.9387 0.0203 0.3443
vn -0.9385 0.0161 0.3450
vn -0.9395 0.0156 0.3421
vn -0.9432 0.0132 0.3320
vn -0.9428 0.0156 0.3330
vn -0.9468 0.0121 0.3216
vn -0.9515 0.0149 0.3073
vn -0.9491 0.0336 0.3133
vn -0.9559 0.0238 0.2926
vn -0.9591 0.0642 0.2756
vn -0.9559 0.0239 0.2926
vn -0.9577 0.0746 0.2780
vn -0.9676 0.0541 0.2467
vn -0.9638 0.0848 0.2529
vn -0.9746 0.0577 0.2162
vn -0.9779 0.0858 0.1904
vn -0.9758 0.0446 0.2139
vn -0.9819 0.0449 0.1841
vn -0.9890 0.0127 0.1473
vn -0.9889 0.0156 0.1477
vn -0.9940 -0.0217 0.1069
vn -0.9941 -0.0147 0.1078
vn -0.9962 -0.0511 0.0701
vn -0.9971 -0.0239 0.0728
vn -0.9975 -0.0589 0.0390
vn -0.9988 -0.0250 0.0412
vn -0.9981 -0.0610 0.0093
vn -0.9999 -0.0133 0.0109
vn -0.9982 -0.0550 -0.0245
vn -0.9996 -0.0126 -0.0235
vn -0.9981 -0.0405 -0.0474
vn -0.9982 -0.0365 -0.0472
vn -0.9968 -0.0516 -0.0604
vn -0.9972 -0.0402 -0.0637
vn -0.9972 -0.0439 -0.0601
vn -0.9960 -0.0616 -0.0650
vn -0.9975 -0.0478 -0.0518
vn -0.9935 -0.0991 -0.0560
vn -0.9972 -0.0698 -0.0266
vn -0.9905 -0.1375 -0.0077
vn -0.9931 -0.1133 -0.0314
vn -0.9866 -0.1629 -0.0001
vn -0.9847 -0.1739 -0.0129
vn -0.9776 -0.2104 -0.0081
vn -0.9811 -0.1931 0.0135
vn -0.9681 -0.2506 0.0033
vn -0.9724 -0.2316 0.0290
vn -0.9594 -0.2811 0.0218
vn -0.9624 -0.2686 0.0399
vn -0.9461 -0.3196 0.0516
vn -0.9505 -0.3087 0.0357
vn -0.9355 -0.3502 0.0480
vn -0.9396 -0.3339 0.0752
vn -0.9308 -0.3581 0.0728
vn -0.9319 -0.3536 0.0806
vn -0.9154 -0.3933 0.0853
vn -0.9176 -0.3898 0.0780
vn -0.9065 -0.4109 0.0973
vn -0.9043 -0.4185 0.0841
vn -0.6914 0.4007 0.6012
vn -0.7036 0.3788 0.6012
vn -0.6965 0.3421 0.6308
vn -0.6813 0.3707 0.6312
vn -0.6657 0.3403 0.6641
vn -0.6855 0.3008 0.6630
vn -0.6684 0.2770 0.6903
vn -0.6503 0.3140 0.6917
vn -0.6318 0.2960 0.7164
vn -0.6522 0.2536 0.7144
vn -0.6133 0.2905 0.7345
vn -0.6332 0.2497 0.7326
vn -0.5983 0.2800 0.7507
vn -0.6148 0.2468 0.7491
vn -0.5886 0.2649 0.7638
vn -0.5987 0.2717 0.7535
vn -0.5780 0.2970 0.7600
vn -0.5647 0.3210 0.7603
vn -0.5641 0.3259 0.7587
vn -0.5402 0.3654 0.7580
vn -0.5054 0.3845 0.7725
vn -0.5458 0.3195 0.7746
vn -0.4691 0.3499 0.8109
vn -0.5179 0.2697 0.8118
vn -0.4428 0.1887 0.8766
vn -0.4798 0.2163 0.8503
vn -0.4011 0.0721 0.9132
vn -0.4404 -0.0023 0.8978
vn -0.3283 -0.1845 0.9264
vn -0.3867 -0.1464 0.9105
vn -0.2438 -0.3447 0.9065
vn -0.2885 -0.4296 0.8557
vn -0.1500 -0.4854 0.8613
vn -0.2014 -0.5685 0.7977
vn -0.0979 -0.5694 0.8162
vn -0.1421 -0.5400 0.8296
vn -0.0670 -0.5103 0.8574
vn -0.0986 -0.5527 0.8275
vn -0.0062 -0.3422 0.9396
vn -0.0572 -0.4086 0.9109
vn 0.0170 -0.2062 0.9784
vn 0.0685 -0.1390 0.9879
vn 0.0926 0.0405 0.9949
vn 0.1216 0.0775 0.9896
vn 0.1488 0.0905 0.9847
vn 0.1191 0.0529 0.9915
vn 0.1637 -0.0564 0.9849
vn 0.1333 -0.0971 0.9863
vn 0.1501 -0.3384 0.9289
vn 0.1336 -0.3624 0.9224
vn 0.0301 -0.9165 0.3989
vn -0.0126 -0.9447 0.3276
vn -0.0008 -0.9698 0.2438
vn -0.0091 -0.9737 0.2275
vn -0.0994 -0.8924 -0.4402
vn -0.0920 -0.8532 -0.5135
vn 0.4308 -0.8948 -0.1171
vn 0.4679 -0.8627 -0.1919
vn 0.1066 -0.9646 0.2411
vn 0.1227 -0.9715 0.2029
vn 0.0695 -0.9484 0.3095
vn 0.0977 -0.9636 0.2486
vn -0.4203 -0.6163 0.6659
vn -0.4077 -0.6498 0.6415
vn -0.6155 -0.3157 0.7222
vn -0.6150 -0.3209 0.7203
vn -0.7218 -0.0527 0.6901
vn -0.7204 -0.0374 0.6925
vn -0.7038 -0.0864 0.7052
vn -0.7041 -0.1048 0.7023
vn -0.6092 -0.2964 0.7356
vn -0.6101 -0.2879 0.7382
vn -0.4858 -0.4429 0.7536
vn -0.4752 -0.4847 0.7343
vn -0.4580 -0.4777 0.7497
vn -0.4586 -0.4756 0.7507
vn -0.4866 -0.4429 0.7530
vn -0.4870 -0.4427 0.7529
vn -0.5524 -0.3579 0.7528
vn -0.5525 -0.3573 0.7530
vn -0.6088 -0.2885 0.7390
vn -0.6096 -0.2718 0.7447
vn -0.6938 -0.1389 0.7066
vn -0.6939 -0.1404 0.7062
vn -0.7670 0.0167 0.6414
vn -0.7650 0.0290 0.6434
vn -0.8176 0.1748 0.5486
vn -0.8127 0.1937 0.5495
vn -0.8387 0.2366 0.4905
vn -0.8289 0.2688 0.4905
vn -0.8480 0.2373 0.4739
vn -0.8406 0.2631 0.4735
vn -0.8556 0.1975 0.4785
vn -0.8474 0.2300 0.4785
vn -0.8540 0.1838 0.4868
vn -0.8601 0.1540 0.4863
vn -0.8637 0.1198 0.4896
vn -0.8716 0.1209 0.4750
vn -0.8716 0.1205 0.4753
vn -0.8749 0.0966 0.4746
vn -0.8794 0.1000 0.4655
vn -0.8779 0.1115 0.4657
vn -0.8855 0.1020 0.4534
vn -0.8831 0.1193 0.4537
vn -0.8893 0.1294 0.4385
vn -0.8899 0.1260 0.4385
vn -0.8936 0.1577 0.4202
vn -0.8949 0.1503 0.4202
vn -0.8983 0.1692 0.4054
vn -0.8974 0.1692 0.4074
vn -0.9006 0.1891 0.3914
vn -0.9004 0.1898 0.3914
vn 0.0323 -0.9442 0.3277
vn 0.0254 -0.9526 0.3032
vn -0.0537 -0.3168 0.9470
vn -0.0361 -0.2779 0.9599
vn -0.0787 -0.0927 0.9926
vn -0.0705 -0.0789 0.9944
vn -0.1045 0.0760 0.9916
vn -0.0835 0.1082 0.9906
vn -0.1291 0.0400 0.9908
vn -0.1047 0.0810 0.9912
vn -0.1297 -0.1545 0.9794
vn -0.1176 -0.1321 0.9842
vn -0.1399 -0.3123 0.9396
vn -0.1215 -0.2705 0.9550
vn -0.1328 -0.5000 0.8558
vn -0.1184 -0.4599 0.8801
vn -0.1320 -0.5030 0.8542
vn -0.1799 -0.4730 0.8625
vn -0.2471 -0.4355 0.8656
vn -0.2136 -0.3466 0.9134
vn -0.3500 -0.3309 0.8764
vn -0.3067 -0.2128 0.9277
vn -0.4462 -0.1099 0.8882
vn -0.4149 -0.0317 0.9093
vn -0.5162 0.0644 0.8540
vn -0.4790 0.1468 0.8654
vn -0.5675 0.2174 0.7941
vn -0.5224 0.3048 0.7964
vn -0.5979 0.3172 0.7362
vn -0.5602 0.3845 0.7337
vn -0.6158 0.3431 0.7092
vn -0.5914 0.3868 0.7075
vn -0.6304 0.3224 0.7062
vn -0.6150 0.3518 0.7056
vn -0.6312 0.3095 0.7112
vn -0.6446 0.2810 0.7110
vn -0.6552 0.2418 0.7157
vn -0.6712 0.2511 0.6974
vn -0.6713 0.2645 0.6924
vn -0.6854 0.2286 0.6913
vn -0.7035 0.2340 0.6711
vn -0.6862 0.2784 0.6721
vn -0.7188 0.2466 0.6500
vn -0.7042 0.2841 0.6507
vn -0.7335 0.2636 0.6264
vn -0.7192 0.2999 0.6268
vn -0.7331 0.3278 0.5959
vn -0.7469 0.2945 0.5961
vn -0.7586 0.3397 0.5560
vn -0.7461 0.3331 0.5765
vn -0.7570 0.3673 0.5405
vn -0.7645 0.3508 0.5409
vn 0.0304 -0.9652 0.2598
vn 0.0002 -0.9506 0.3103
vn 0.0848 -0.8087 -0.5821
vn 0.0467 -0.8958 -0.4419
vn -0.0043 -0.9737 0.2278
vn 0.0366 -0.9476 0.3174
vn 0.0400 -0.8447 -0.5338
vn 0.0231 -0.8982 -0.4391
vn -0.1220 -0.5188 0.8462
vn -0.1275 -0.5212 0.8439
vn -0.1642 -0.5672 0.8070
vn -0.1641 -0.5726 0.8032
vn -0.3314 -0.7290 0.5989
vn -0.3375 -0.6802 0.6507
vn -0.2489 -0.6512 0.7170
vn -0.2210 -0.6590 0.7189
vn -0.2205 -0.4303 0.8753
vn -0.2071 -0.3369 0.9185
vn -0.2127 -0.5338 0.8184
vn -0.2149 -0.4397 0.8721
vn -0.2117 -0.6136 0.7607
vn -0.2223 -0.5213 0.8239
vn -0.2224 -0.6631 0.7147
vn -0.2339 -0.5876 0.7746
vn -0.2669 -0.6946 0.6680
vn -0.2804 -0.5959 0.7525
vn -0.3597 -0.6906 0.6275
vn -0.3654 -0.5685 0.7371
vn -0.1695 -0.3823 0.9084
vn -0.1831 -0.3108 0.9327
vn -0.1707 -0.4165 0.8930
vn -0.1318 -0.4166 0.8995
vn -0.1443 -0.4943 0.8572
vn -0.1569 -0.4300 0.8891
vn -0.2005 -0.5257 0.8267
vn -0.2170 -0.4168 0.8827
vn -0.3191 -0.5494 0.7722
vn -0.2999 -0.3859 0.8725
vn -0.1144 -0.0687 0.9911
vn -0.1291 -0.0328 0.9911
vn -0.1058 -0.1142 0.9878
vn -0.0587 -0.0833 0.9948
vn -0.0576 -0.1524 0.9866
vn -0.0700 -0.1251 0.9897
vn -0.0752 -0.1365 0.9878
vn -0.0685 -0.1488 0.9865
vn -0.1283 0.0620 0.9898
vn -0.1125 0.0298 0.9932
vn -0.0884 0.0072 0.9961
vn -0.0656 0.0262 0.9975
vn -0.0544 0.0028 0.9985
vn -0.0419 -0.0196 0.9989
vn -0.0438 -0.0193 0.9989
vn -0.0429 -0.0207 0.9989
vn -0.1764 -0.2166 0.9602
vn -0.2672 -0.3791 0.8859
vn -0.1527 -0.2156 0.9645
vn -0.1077 -0.1525 0.9824
vn -0.0268 -0.0038 0.9996
vn -0.0298 -0.0001 0.9996
vn -0.0404 -0.0030 0.9992
vn -0.0573 -0.0190 0.9982
vn -0.0530 -0.0778 0.9956
vn -0.0335 -0.1028 0.9941
vn -0.0645 -0.0987 0.9930
vn -0.1005 -0.1296 0.9865
vn -0.1357 -0.2068 0.9689
vn -0.1468 -0.1709 0.9743
vn -0.1205 -0.2552 0.9593
vn -0.0772 -0.2407 0.9675
vn -0.0868 -0.3092 0.9470
vn -0.0999 -0.2689 0.9580
vn -0.1296 -0.2638 0.9558
vn -0.1191 -0.2892 0.9498
vn -0.1035 -0.1823 0.9778
vn -0.1741 -0.2449 0.9538
vn -0.0541 -0.1899 0.9803
vn -0.1085 -0.1195 0.9869
vn -0.1944 -0.3015 0.9335
vn -0.1744 -0.2937 0.9399
vn -0.1891 -0.1544 0.9697
vn -0.1386 -0.1127 0.9839
vn -0.1860 -0.0244 0.9822
vn -0.1501 0.0118 0.9886
vn -0.2825 -0.2768 0.9185
vn -0.2787 -0.2695 0.9218
vn -0.3104 -0.2837 0.9073
vn -0.3050 -0.2883 0.9077
vn -0.2246 -0.2601 0.9391
vn -0.2356 -0.2773 0.9315
vn -0.2047 0.0614 0.9769
vn -0.1551 0.1171 0.9809
vn -0.2840 -0.0822 0.9553
vn -0.2870 -0.0870 0.9540
vn -0.3168 -0.0899 0.9442
vn -0.3293 -0.0770 0.9411
vn -0.2238 -0.0791 0.9714
vn -0.2428 -0.1038 0.9645
vn -0.2724 0.0819 0.9587
vn -0.3029 0.0386 0.9523
vn -0.3216 0.0692 0.9443
vn -0.3540 0.1086 0.9289
vn -0.2212 0.0511 0.9739
vn -0.2519 0.0123 0.9677
vn -0.2807 0.1898 0.9409
vn -0.3225 0.1325 0.9372
vn -0.3462 0.1712 0.9224
vn -0.3786 0.2138 0.9005
vn -0.2265 0.1531 0.9619
vn -0.2657 0.1030 0.9585
vn -0.3543 0.3300 0.8750
vn -0.3836 0.2915 0.8763
vn -0.4760 0.2706 0.8368
vn -0.4608 0.2934 0.8376
vn -0.4899 0.2637 0.8309
vn -0.4737 0.2883 0.8321
vn -0.5102 0.2661 0.8179
vn -0.4851 0.3041 0.8199
vn -0.5315 0.4286 0.7306
vn -0.5133 0.4522 0.7294
vn -0.5270 0.3700 0.7651
vn -0.5052 0.4002 0.7647
vn -0.5178 0.3092 0.7976
vn -0.5025 0.3318 0.7984
vn -0.4475 0.3051 0.8407
vn -0.4523 0.3103 0.8362
vn -0.4301 0.2661 0.8627
vn -0.3956 0.3144 0.8630
vn -0.4395 0.2977 0.8475
vn -0.4187 0.3266 0.8473
vn -0.4610 0.2918 0.8380
vn -0.4535 0.3028 0.8382
vn -0.1559 -0.1535 0.9758
vn -0.1775 -0.1264 0.9760
vn -0.3932 -0.1721 0.9032
vn -0.2886 -0.2797 0.9157
vn -0.3770 -0.4392 0.8154
vn -0.5228 -0.3237 0.7886
vn -0.4043 0.2680 0.8745
vn -0.3759 0.2306 0.8975
vn -0.1873 0.1423 0.9720
vn -0.2104 0.1831 0.9603
vn -0.3003 0.2545 0.9193
vn -0.3489 0.1893 0.9178
vn -0.1423 0.1139 0.9832
vn -0.1060 0.1518 0.9827
vn -0.0186 0.0790 0.9967
vn -0.0232 0.0740 0.9970
vn -0.0333 0.0660 0.9973
vn -0.0253 0.0740 0.9969
vn -0.0320 0.0660 0.9973
vn -0.0277 0.0699 0.9972
vn -0.0875 0.0916 0.9919
vn -0.0610 0.1162 0.9914
vn -0.0566 0.0708 0.9959
vn -0.0345 0.0904 0.9953
vn -0.2429 0.2171 0.9454
vn -0.2802 0.1696 0.9448
vn -0.0143 0.1452 0.9893
vn -0.0140 0.1449 0.9893
vn -0.0169 0.1449 0.9893
vn -0.0159 0.1436 0.9895
vn -0.0207 0.1469 0.9889
vn -0.0182 0.1436 0.9895
vn -0.0509 0.1606 0.9857
vn -0.0405 0.1463 0.9884
vn -0.0987 0.1577 0.9825
vn -0.0635 0.1921 0.9793
vn -0.1253 0.1850 0.9747
vn -0.1494 0.2235 0.9632
vn -0.2031 0.2148 0.9553
vn -0.2238 0.2487 0.9424
vn -0.2658 0.2392 0.9339
vn -0.2835 0.2676 0.9209
vn -0.3258 0.3037 0.8953
vn -0.3730 0.2410 0.8960
vn -0.0102 0.2033 0.9791
vn -0.0114 0.2046 0.9788
vn -0.0078 0.2046 0.9788
vn -0.0128 0.2106 0.9775
vn -0.0167 0.2206 0.9752
vn -0.0085 0.2107 0.9775
vn -0.0533 0.2388 0.9696
vn -0.0378 0.2193 0.9749
vn -0.1089 0.2326 0.9665
vn -0.0722 0.2684 0.9606
vn -0.1408 0.2584 0.9557
vn -0.1593 0.2850 0.9452
vn -0.2180 0.2733 0.9369
vn -0.2328 0.2953 0.9266
vn -0.2799 0.2835 0.9172
vn -0.3026 0.3176 0.8986
vn -0.3858 0.3280 0.8623
vn -0.3834 0.3311 0.8622
vn -0.4967 -0.3689 0.7856
vn -0.7175 -0.2698 0.6422
vn -0.0294 -0.2173 0.9757
vn -0.2629 -0.1988 0.9441
vn -0.2774 -0.1528 0.9485
vn -0.5468 -0.0479 0.8359
vn -0.5055 0.3179 0.8021
vn -0.4684 0.2824 0.8372
vn -0.2514 0.0386 0.9671
vn -0.4405 0.1297 0.8883
vn -0.4236 0.2818 0.8609
vn -0.4173 0.2848 0.8630
vn -0.2215 -0.0987 0.9701
vn -0.0868 -0.1149 0.9896
vn -0.2326 -0.1046 0.9669
vn -0.3098 -0.0947 0.9461
vn -0.4161 -0.1429 0.8980
vn -0.4632 -0.1267 0.8772
vn -0.6297 -0.1276 0.7663
vn -0.5641 -0.1662 0.8088
vn -0.7688 -0.1050 0.6308
vn -0.7102 -0.1589 0.6858
vn -0.8210 -0.1270 0.5566
vn -0.8504 -0.0894 0.5185
vn -0.1802 0.3367 0.9242
vn -0.1331 0.3841 0.9136
vn -0.1401 0.5131 0.8468
vn -0.1343 0.5194 0.8439
vn -0.1319 0.4917 0.8607
vn -0.1812 0.4482 0.8754
vn -0.2310 0.3991 0.8873
vn -0.1794 0.3682 0.9123
vn -0.2898 0.3228 0.9010
vn -0.3400 0.2842 0.8964
vn -0.3436 0.2359 0.9090
vn -0.4087 0.1850 0.8937
vn -0.5550 0.1339 0.8210
vn -0.4070 0.0060 0.9134
vn -0.8273 0.3449 0.4435
vn -0.8161 0.3466 0.4625
vn -0.7740 0.3545 0.5246
vn -0.7723 0.3527 0.5284
vn -0.7672 0.2223 0.6016
vn -0.7829 0.2430 0.5727
vn -0.3116 0.2983 0.9022
vn -0.2922 0.3204 0.9011
vn -0.2912 0.4864 0.8238
vn -0.3193 0.4617 0.8276
vn -0.4071 0.3431 0.8465
vn -0.4502 0.3063 0.8387
vn -0.4999 0.2677 0.8237
vn -0.4568 0.2311 0.8590
vn -0.5027 0.1816 0.8452
vn -0.5500 0.1341 0.8243
vn -0.8442 0.3235 0.4274
vn -0.8445 0.3235 0.4268
vn -0.8277 -0.0781 0.5557
vn -0.8583 -0.0354 0.5120
vn -0.7237 0.0280 0.6896
vn -0.7653 0.0819 0.6385
vn -0.5179 0.1658 0.8392
vn -0.5496 0.2039 0.8102
vn -0.2076 0.2628 0.9423
vn -0.2150 0.2716 0.9381
vn -0.7158 -0.1898 0.6720
vn -0.7160 -0.1619 0.6791
vn -0.7334 -0.1848 0.6542
vn -0.7701 -0.1743 0.6136
vn -0.8110 -0.2150 0.5440
vn -0.7875 -0.1099 0.6065
vn -0.7699 -0.2347 0.5934
vn -0.7768 -0.2245 0.5884
vn -0.8851 -0.1642 0.4356
vn -0.8778 -0.1304 0.4610
vn -0.8660 -0.2176 0.4502
vn -0.8512 -0.2411 0.4662
vn -0.9296 -0.1548 0.3346
vn -0.9273 -0.1404 0.3469
vn -0.9144 -0.2267 0.3354
vn -0.9109 -0.2031 0.3592
vn -0.9337 0.0273 0.3569
vn -0.9338 0.0270 0.3567
vn -0.9292 0.0212 0.3689
vn -0.9337 0.0323 0.3566
vn -0.9291 0.0315 0.3684
vn -0.9258 0.0424 0.3757
vn -0.9218 0.0638 0.3824
vn -0.9243 0.0715 0.3749
vn -0.9158 0.0947 0.3903
vn -0.9183 0.1041 0.3820
vn -0.9093 0.1326 0.3944
vn -0.9115 0.1280 0.3908
vn -0.9072 0.1443 0.3953
vn -0.9074 0.1437 0.3948
vn -0.9078 0.1558 0.3893
vn -0.9068 0.1460 0.3954
vn -0.9097 0.1569 0.3844
vn -0.9064 0.1622 0.3901
vn -0.9203 0.1379 0.3662
vn -0.9109 0.1521 0.3836
vn -0.9229 0.1267 0.3637
vn -0.9304 0.1157 0.3478
vn -0.9379 0.0974 0.3329
vn -0.9331 0.1039 0.3444
vn -0.9402 0.0816 0.3308
vn -0.9402 0.0870 0.3293
vn -0.9394 0.0804 0.3333
vn -0.9407 0.0791 0.3298
vn -0.9393 0.0749 0.3348
vn -0.9410 0.0737 0.3303
vn -0.9405 0.0704 0.3325
vn -0.9351 0.0731 0.3467
vn -0.9272 0.0741 0.3671
vn -0.9356 0.0714 0.3457
vn -0.9210 0.0657 0.3839
vn -0.9189 0.0990 0.3819
vn -0.9062 0.0749 0.4162
vn -0.9024 0.1147 0.4153
vn -0.8856 0.0993 0.4537
vn -0.8814 0.1313 0.4537
vn -0.8642 0.1227 0.4879
vn -0.8595 0.1502 0.4885
vn -0.8400 0.1446 0.5229
vn -0.8337 0.1743 0.5240
vn -0.8138 0.1851 0.5509
vn -0.8002 0.1808 0.5718
vn -0.7716 0.1880 0.6077
vn -0.7570 0.2365 0.6090
vn -0.7179 0.2275 0.6579
vn -0.7326 0.2342 0.6390
vn -0.6945 0.2267 0.6829
vn -0.6788 0.2669 0.6841
vn -0.6552 0.2482 0.7135
vn -0.6449 0.2721 0.7142
vn -0.6219 0.2757 0.7329
vn -0.6090 0.2668 0.7470
vn -0.5883 0.2708 0.7620
vn -0.5787 0.2891 0.7626
vn -0.5583 0.2912 0.7769
vn -0.5502 0.2850 0.7849
vn -0.5156 0.2946 0.8046
vn -0.5234 0.3012 0.7971
vn -0.4793 0.3040 0.8233
vn -0.4859 0.3106 0.8170
vn -0.4472 0.3067 0.8402
vn -0.4344 0.3249 0.8401
vn -0.3831 0.3326 0.8617
vn -0.3767 0.3241 0.8678
vn -0.3095 0.3460 0.8857
vn -0.2993 0.3318 0.8946
vn -0.2407 0.3476 0.9062
vn -0.2254 0.3267 0.9179
vn -0.1672 0.3391 0.9258
vn -0.1511 0.3177 0.9361
vn -0.1133 0.3018 0.9466
vn -0.0854 0.3285 0.9406
vn -0.0626 0.2878 0.9556
vn -0.0363 0.3113 0.9496
vn -0.0245 0.2910 0.9564
vn -0.0066 0.2705 0.9627
vn -0.0186 0.2699 0.9627
vn -0.0067 0.2565 0.9665
vn -0.0054 0.2565 0.9665
vn -0.0082 0.2596 0.9657
vn -0.9373 -0.0797 0.3393
vn -0.9406 -0.0991 0.3246
vn -0.9455 -0.0200 0.3251
vn -0.9444 -0.0150 0.3285
vn -0.9448 0.0158 0.3274
vn -0.9461 0.0103 0.3238
vn -0.9460 0.0277 0.3230
vn -0.9496 0.0126 0.3132
vn -0.2143 0.2689 0.9390
vn -0.1335 0.2289 0.9643
vn -0.1594 0.2151 0.9635
vn -0.1360 0.2020 0.9699
vn -0.1606 0.1897 0.9686
vn -0.1379 0.1755 0.9748
vn -0.1733 0.1593 0.9719
vn -0.1560 0.1472 0.9767
vn -0.1914 0.1590 0.9685
vn -0.1979 0.1285 0.9718
vn -0.2261 0.1424 0.9636
vn -0.2543 0.1630 0.9533
vn -0.2538 0.1633 0.9534
vn -0.3028 0.1968 0.9325
vn -0.3208 0.2473 0.9143
vn -0.3432 0.1734 0.9231
vn -0.4707 0.1930 0.8609
vn -0.4675 0.2040 0.8601
vn -0.5720 0.1299 0.8099
vn -0.5602 0.1244 0.8189
vn -0.6704 0.0345 0.7412
vn -0.6689 0.0338 0.7426
vn -0.7389 -0.0324 0.6730
vn -0.7631 -0.0192 0.6459
vn -0.7978 -0.0556 0.6004
vn -0.8248 -0.0380 0.5642
vn -0.8665 -0.0307 0.4982
vn -0.8393 -0.0535 0.5410
vn -0.9142 0.0287 0.4043
vn -0.9102 0.0219 0.4136
vn -0.9336 0.0103 0.3581
vn -0.9289 0.0299 0.3692
vn -0.9103 0.0249 0.4131
vn -0.8958 0.0035 0.4444
vn -0.9285 0.0080 0.3713
vn -0.9234 0.0285 0.3827
vn -0.9103 0.0109 0.4137
vn -0.9210 -0.0331 0.3880
vn -0.9050 -0.0752 0.4186
vn -0.8945 -0.0916 0.4375
vn -0.8900 -0.0544 0.4527
vn -0.8769 0.0037 0.4807
vn -0.8581 -0.1300 0.4968
vn -0.8424 -0.0541 0.5361
vn -0.6802 0.1655 0.7141
vn -0.6684 0.2077 0.7142
vn -0.6470 0.2280 0.7276
vn -0.6409 0.2452 0.7274
vn -0.6616 0.2288 0.7141
vn -0.6486 0.2635 0.7141
vn -0.6483 0.2711 0.7115
vn -0.6321 0.3126 0.7090
vn -0.6325 0.2971 0.7154
vn -0.6103 0.3513 0.7100
vn -0.5084 0.2949 0.8091
vn -0.5581 0.1562 0.8149
vn -0.4648 0.3217 0.8249
vn -0.5028 0.2244 0.8348
vn -0.4256 0.3036 0.8525
vn -0.4528 0.2293 0.8616
vn -0.3872 0.2459 0.8886
vn -0.4018 0.1986 0.8939
vn -0.3574 0.1602 0.9201
vn -0.3506 0.1870 0.9177
vn -0.3280 0.1426 0.9338
vn -0.3284 0.1410 0.9340
vn -0.3246 0.1369 0.9359
vn -0.3321 0.0993 0.9380
vn -0.3622 0.1011 0.9266
vn -0.3338 0.1019 0.9371
vn -0.3465 0.0813 0.9345
vn -0.3469 0.0786 0.9346
vn -0.3165 0.0449 0.9475
vn -0.3139 0.0692 0.9469
vn -0.2896 0.0723 0.9544
vn -0.2920 0.0473 0.9552
vn -0.2975 0.1140 0.9479
vn -0.3004 0.0818 0.9503
vn -0.3468 0.1624 0.9238
vn -0.3473 0.1530 0.9252
vn -0.4629 0.2423 0.8526
vn -0.4620 0.2691 0.8451
vn -0.5315 0.3066 0.7897
vn -0.5322 0.3201 0.7838
vn -0.5736 0.3674 0.7321
vn -0.5607 0.3285 0.7601
vn -0.5672 0.3670 0.7373
vn -0.5821 0.3965 0.7099
vn -0.5723 0.4193 0.7048
vn -0.5972 0.3957 0.6978
vn -0.5759 0.4178 0.7027
vn -0.5766 0.4188 0.7015
vn -0.5581 0.4178 0.7170
vn -0.5606 0.4204 0.7135
vn -0.5079 0.4049 0.7603
vn -0.5286 0.4231 0.7359
vn -0.4918 0.3703 0.7881
vn -0.4422 0.4151 0.7951
vn -0.4025 0.3846 0.8307
vn -0.3642 0.3578 0.8598
vn -0.2865 0.3672 0.8849
vn -0.2331 0.3334 0.9135
vn -0.1667 0.3242 0.9312
vn -0.1876 0.3369 0.9227
vn 0.0425 0.2520 0.9668
vn -0.0181 0.2939 0.9557
vn 0.0037 0.2531 0.9674
vn 0.0234 0.2388 0.9708
vn -0.5025 -0.0431 0.8635
vn -0.5163 0.0072 0.8564
vn -0.5772 0.2707 0.7704
vn -0.6187 0.3072 0.7231
vn -0.6049 -0.0070 0.7963
vn -0.6081 0.0971 0.7879
vn -0.6098 0.0938 0.7870
vn -0.5731 0.2745 0.7721
vn -0.0576 -0.9949 0.0832
vn -0.0527 -0.9947 0.0883
vn -0.1560 -0.9843 0.0827
vn -0.1495 -0.9859 0.0758
vn -0.2770 -0.9580 0.0743
vn -0.2785 -0.9574 0.0760
vn -0.4157 -0.9045 0.0953
vn -0.4334 -0.8983 0.0728
vn -0.5373 -0.8383 0.0924
vn -0.5788 -0.8002 0.1571
vn -0.6331 -0.7583 0.1554
vn -0.6736 -0.6993 0.2391
vn -0.7484 -0.5763 0.3284
vn -0.7220 -0.6494 0.2386
vn -0.7792 -0.5337 0.3286
vn -0.7874 -0.4524 0.4187
vn -0.8126 -0.4059 0.4181
vn -0.8065 -0.3566 0.4716
vn -0.8250 -0.3120 0.4711
vn -0.8151 -0.2819 0.5062
vn -0.8191 -0.2696 0.5064
vn -0.8082 -0.2467 0.5347
vn -0.8029 -0.2662 0.5335
vn -0.7922 -0.2466 0.5582
vn -0.7854 -0.2736 0.5552
vn -0.7796 -0.2623 0.5687
vn -0.3376 0.3171 0.8863
vn -0.3764 0.3717 0.8486
vn -0.3374 0.5129 0.7894
vn -0.2331 0.3234 0.9171
vn -0.3434 0.6530 0.6750
vn -0.2699 0.4890 0.8295
vn -0.2100 0.7039 0.6786
vn -0.4488 0.6856 0.5732
vn -0.3462 0.7574 0.5536
vn -0.3479 0.7107 0.6115
vn -0.3589 0.6238 0.6943
vn -0.2008 0.6425 0.7395
vn -0.3814 0.6326 0.6740
vn -0.3814 0.4878 0.7853
vn -0.2764 0.4490 0.8497
vn -0.2748 0.4078 0.8708
vn -0.2314 0.3923 0.8903
vn -0.2323 0.3918 0.8903
vn -0.1697 0.3704 0.9132
vn -0.1789 0.2344 0.9555
vn -0.2148 0.1257 0.9685
vn -0.1108 0.2157 0.9702
vn -0.3042 -0.0150 0.9525
vn -0.1599 0.1162 0.9803
vn -0.9941 0.1049 0.0269
vn -0.9849 0.1287 0.1158
vn 0.6245 0.7443 0.2367
vn 0.2904 0.8638 0.4117
vn -0.1267 0.7945 0.5939
vn -0.0228 0.7959 0.6050
vn -0.1541 0.7329 0.6626
vn -0.0600 0.7390 0.6711
vn -0.6205 0.0567 0.7821
vn -0.6398 0.0602 0.7662
vn -0.7120 -0.0566 0.6999
vn -0.7016 -0.0612 0.7100
vn -0.6996 -0.0582 0.7121
vn -0.6883 -0.0649 0.7225
vn -0.6360 0.0037 0.7716
vn -0.6424 -0.0347 0.7656
vn -0.6400 -0.0321 0.7677
vn -0.6402 -0.0334 0.7675
vn -0.6618 0.0820 0.7452
vn -0.6668 0.0552 0.7432
vn -0.6785 0.1309 0.7228
vn -0.6850 0.1023 0.7213
vn -0.6922 0.1372 0.7085
vn -0.6885 0.1554 0.7084
vn -0.6162 0.2527 0.7459
vn -0.6415 0.2764 0.7156
vn -0.6296 0.1821 0.7553
vn -0.6673 0.1996 0.7176
vn -0.6649 0.1272 0.7360
vn -0.6686 0.0865 0.7385
vn -0.6362 -0.2139 0.7413
vn -0.6743 -0.1868 0.7144
vn -0.6717 -0.2249 0.7059
vn -0.6842 -0.2158 0.6966
vn -0.6975 -0.2398 0.6753
vn -0.7144 -0.2264 0.6621
vn -0.7347 -0.2489 0.6310
vn -0.7428 -0.2416 0.6244
vn -0.7725 -0.2611 0.5788
vn -0.7821 -0.2514 0.5702
vn 0.1666 -0.9860 0.0068
vn 0.1633 -0.9866 -0.0002
vn 0.2642 -0.9644 -0.0064
vn 0.2637 -0.9646 -0.0050
vn 0.5931 0.3462 0.7269
vn 0.6105 0.3042 0.7313
vn 0.4419 -0.0157 0.8969
vn 0.4418 -0.0050 0.8971
vn 0.4876 0.0556 0.8713
vn 0.4878 0.0347 0.8723
vn 0.4222 -0.0488 0.9052
vn 0.4223 -0.0326 0.9059
vn 0.3651 0.0686 0.9284
vn 0.3667 0.0473 0.9291
vn 0.4836 -0.0355 0.8745
vn 0.4686 -0.0358 0.8827
vn 0.3926 0.0417 0.9188
vn 0.3944 0.0418 0.9180
vn 0.3949 0.0257 0.9184
vn 0.3948 0.0272 0.9184
vn 0.3518 0.0339 0.9355
vn 0.3535 0.0061 0.9354
vn 0.3135 0.1142 0.9427
vn 0.3107 0.1316 0.9414
vn 0.4507 -0.0328 0.8921
vn 0.4509 -0.0415 0.8916
vn 0.6793 0.0633 0.7311
vn 0.7001 0.1011 0.7069
vn 0.7657 -0.2105 0.6078
vn 0.7430 -0.1111 0.6601
vn 0.7867 -0.2529 0.5632
vn 0.7683 -0.1705 0.6170
vn 0.8116 -0.1748 0.5574
vn 0.7867 -0.2532 0.5631
vn 0.8418 -0.2006 0.5011
vn 0.8521 -0.2153 0.4770
vn 0.7192 -0.1159 0.6851
vn 0.7437 -0.0565 0.6661
vn 0.6610 -0.1417 0.7369
vn 0.6855 -0.1000 0.7211
vn 0.6787 0.1830 0.7112
vn 0.6617 0.1543 0.7338
vn 0.8482 -0.1813 0.4976
vn 0.8614 -0.1926 0.4700
vn 0.7842 -0.2864 0.5504
vn 0.7870 -0.2883 0.5454
vn 0.7791 -0.2839 0.5590
vn 0.7846 -0.2910 0.5475
vn 0.6913 -0.3254 0.6452
vn 0.6585 -0.3777 0.6509
vn 0.6621 -0.3616 0.6564
vn 0.6514 -0.2986 0.6975
vn 0.7053 -0.2441 0.6656
vn 0.7187 -0.3112 0.6218
vn 0.6781 -0.1837 0.7116
vn 0.6984 -0.2916 0.6536
vn 0.6429 -0.3358 0.6884
vn 0.6326 -0.2617 0.7290
vn 0.6219 -0.1803 0.7620
vn 0.6553 -0.1386 0.7426
vn 0.6213 -0.3236 0.7137
vn 0.5841 -0.3623 0.7263
vn 0.6032 -0.2140 0.7683
vn 0.6303 -0.1864 0.7537
vn 0.7207 -0.3478 0.5996
vn 0.7173 -0.3440 0.6059
vn 0.7218 -0.3559 0.5935
vn 0.7213 -0.3575 0.5933
vn 0.6758 -0.3859 0.6279
vn 0.6809 -0.3751 0.6290
vn 0.6436 -0.3747 0.6673
vn 0.6257 -0.3972 0.6714
vn 0.7184 -0.3380 0.6079
vn 0.7146 -0.3520 0.6046
vn 0.7783 -0.2694 0.5671
vn 0.7736 -0.2689 0.5739
vn 0.6901 -0.3559 0.6301
vn 0.7145 -0.3516 0.6049
vn 0.7844 -0.2737 0.5566
vn 0.7791 -0.2721 0.5648
vn 0.8565 -0.1701 0.4873
vn 0.8568 -0.1674 0.4876
vn 0.6612 -0.3909 0.6403
vn 0.6562 -0.4082 0.6346
vn 0.6438 -0.4148 0.6430
vn 0.6486 -0.3947 0.6507
vn 0.8483 -0.1396 0.5109
vn 0.8566 -0.1421 0.4961
vn 0.2687 0.0624 0.9612
vn 0.2679 0.0700 0.9609
vn 0.4134 0.0857 0.9065
vn 0.4083 -0.0894 0.9085
vn 0.3070 0.1642 0.9374
vn 0.3048 0.1888 0.9335
vn 0.6304 0.1230 0.7665
vn 0.6672 -0.0629 0.7422
vn 0.6583 0.0254 0.7524
vn 0.5670 -0.0823 0.8196
vn 0.6503 0.0667 0.7567
vn 0.6093 0.0277 0.7925
vn 0.6600 0.1727 0.7311
vn 0.5758 0.0739 0.8142
vn 0.6396 0.1890 0.7451
vn 0.6259 0.1728 0.7605
vn 0.4376 0.1112 0.8923
vn 0.4283 -0.0400 0.9028
vn 0.6673 0.0280 0.7442
vn 0.4941 0.0480 0.8681
vn 0.3228 0.0665 0.9441
vn 0.3248 0.0120 0.9457
vn 0.2602 0.0633 0.9635
vn 0.2546 0.1225 0.9593
vn 0.4082 0.1202 0.9049
vn 0.4091 0.1048 0.9065
vn 0.7996 -0.0172 0.6002
vn 0.8005 -0.0255 0.5988
vn 0.6857 0.0864 0.7227
vn 0.6796 0.1080 0.7256
vn 0.4738 0.0326 0.8800
vn 0.4300 0.1215 0.8946
vn 0.6118 -0.0850 0.7864
vn 0.6082 -0.0648 0.7912
vn 0.7213 -0.1719 0.6710
vn 0.7213 -0.1809 0.6686
vn 0.8251 -0.0641 0.5613
vn 0.8251 -0.0643 0.5613
vn 0.7610 -0.2374 0.6037
vn 0.7604 -0.2434 0.6021
vn 0.8422 -0.1013 0.5295
vn 0.8422 -0.1024 0.5294
vn 0.3244 0.1486 0.9342
vn 0.3147 0.2090 0.9259
vn 0.3686 0.1593 0.9158
vn 0.3564 0.2496 0.9004
vn 0.4473 0.1616 0.8797
vn 0.4348 0.2770 0.8568
vn 0.6555 0.3403 0.6742
vn 0.6273 0.3154 0.7121
vn 0.5972 0.3588 0.7173
vn 0.6185 0.3770 0.6894
vn 0.6436 0.2503 0.7233
vn 0.6909 0.2926 0.6611
vn 0.6828 -0.3425 0.6454
vn 0.6819 -0.3471 0.6439
vn 0.6672 -0.3238 0.6708
vn 0.6647 -0.3394 0.6656
vn 0.6056 -0.3960 0.6903
vn 0.6021 -0.4111 0.6845
vn 0.5759 -0.3836 0.7219
vn 0.5760 -0.3830 0.7221
vn 0.6372 -0.2997 0.7100
vn 0.6363 -0.3081 0.7072
vn 0.5235 -0.2389 0.8178
vn 0.5218 -0.2183 0.8247
vn 0.4625 -0.3221 0.8260
vn 0.4624 -0.3013 0.8339
vn 0.6299 -0.3974 0.6673
vn 0.6246 -0.4186 0.6593
vn 0.6372 -0.3549 0.6841
vn 0.6009 -0.3967 0.6939
vn 0.6819 -0.3941 0.6162
vn 0.6605 -0.3891 0.6421
vn 0.5327 0.1738 0.8283
vn 0.5197 0.3133 0.7948
vn 0.7465 -0.2155 0.6295
vn 0.7475 -0.2154 0.6283
vn 0.4153 -0.0344 0.9090
vn 0.3793 0.0296 0.9248
vn 0.1989 -0.6049 0.7711
vn 0.1638 -0.5585 0.8132
vn 0.2707 -0.4653 0.8427
vn 0.2372 -0.4122 0.8797
vn 0.3065 -0.3710 0.8766
vn 0.2688 -0.2842 0.9203
vn 0.2189 -0.5094 0.8322
vn 0.1654 -0.3982 0.9023
vn 0.4056 -0.1544 0.9009
vn 0.3609 -0.0558 0.9309
vn 0.1967 -0.6088 0.7685
vn 0.2726 -0.5714 0.7741
vn 0.2193 0.3000 0.9284
vn 0.3501 0.3105 0.8838
vn 0.2087 0.2298 0.9506
vn 0.2232 0.2962 0.9287
vn 0.5926 0.1789 0.7854
vn 0.5821 0.1897 0.7907
vn 0.3360 -0.0835 0.9381
vn 0.4157 0.0067 0.9095
vn 0.0873 -0.3300 0.9399
vn 0.0081 -0.2693 0.9630
vn 0.5381 0.3667 0.7590
vn 0.4966 0.3320 0.8019
vn 0.2371 0.2904 0.9271
vn 0.1894 0.2573 0.9476
vn -0.0015 0.4255 0.9050
vn 0.0957 0.4646 0.8803
vn 0.4202 0.4557 0.7847
vn 0.4095 0.4657 0.7845
vn 0.0412 0.2255 0.9734
vn 0.0138 0.2060 0.9785
vn 0.5923 0.4320 0.6801
vn 0.5647 0.3992 0.7224
vn 0.5565 0.3947 0.7311
vn 0.5705 0.4060 0.7139
vn 0.5162 0.4343 0.7382
vn 0.5015 0.4234 0.7545
vn 0.5712 0.3982 0.7177
vn 0.5384 0.3666 0.7587
vn 0.5761 0.4392 0.6894
vn 0.5729 0.4345 0.6950
vn 0.3775 -0.6737 0.6353
vn 0.4899 -0.6166 0.6163
vn 0.2365 -0.4773 0.8463
vn 0.2710 -0.4546 0.8485
vn 0.3568 -0.2552 0.8986
vn 0.3143 -0.1762 0.9328
vn 0.2018 -0.6309 0.7491
vn 0.1778 -0.6006 0.7795
vn 0.3651 -0.0464 0.9298
vn 0.3950 -0.0249 0.9183
vn 0.3497 -0.2524 0.9022
vn 0.3081 -0.2784 0.9097
vn 0.2364 -0.4901 0.8390
vn 0.2767 -0.4667 0.8400
vn 0.6940 -0.3691 0.6182
vn 0.7808 -0.2904 0.5532
vn 0.8067 -0.1918 0.5590
vn 0.7368 -0.2715 0.6192
vn 0.7136 -0.0575 0.6982
vn 0.6481 -0.1352 0.7494
vn 0.1226 -0.2636 0.9568
vn 0.2027 -0.1888 0.9609
vn -0.0032 0.2037 0.9790
vn -0.0058 0.2056 0.9786
vn -0.1550 0.2991 0.9415
vn -0.0973 0.3404 0.9352
vn -0.0636 0.2891 0.9552
vn -0.0501 0.3003 0.9525
vn 0.7711 -0.1931 0.6067
vn 0.7835 -0.1125 0.6111
vn 0.7834 0.0410 0.6202
vn 0.7888 -0.0319 0.6138
vn 0.7922 -0.0352 0.6093
vn 0.7883 -0.1182 0.6038
vn 0.7461 -0.1585 0.6467
vn 0.7226 -0.2582 0.6412
vn 0.7228 -0.2584 0.6409
vn 0.6387 -0.2620 0.7235
vn 0.5804 -0.3283 0.7452
vn 0.5504 -0.3999 0.7329
vn 0.7744 0.0479 0.6309
vn 0.7592 0.1214 0.6394
vn 0.6997 0.2301 0.6764
vn 0.6782 0.2150 0.7027
vn 0.7560 0.1721 0.6315
vn 0.7194 0.1464 0.6790
vn 0.5944 0.2727 0.7565
vn 0.5832 0.2646 0.7680
vn 0.4721 -0.3116 0.8246
vn 0.4668 -0.3218 0.8238
vn 0.4537 -0.2765 0.8472
vn 0.4783 -0.2283 0.8480
vn 0.7099 0.0310 0.7036
vn 0.7142 -0.0540 0.6979
vn 0.7026 -0.1343 0.6988
vn 0.7101 -0.0493 0.7023
vn 0.4209 0.2752 0.8644
vn 0.4036 0.2964 0.8656
vn 0.4936 -0.2844 0.8219
vn 0.5034 -0.2661 0.8220
vn 0.6589 -0.1357 0.7399
vn 0.7073 -0.1413 0.6927
vn 0.6565 -0.1659 0.7359
vn 0.6810 -0.1717 0.7119
vn 0.6261 -0.2102 0.7509
vn 0.6635 -0.2277 0.7127
vn 0.5135 -0.1227 0.8492
vn 0.5764 -0.0913 0.8120
vn 0.6217 -0.1159 0.7746
vn 0.5687 -0.1357 0.8113
vn 0.5931 -0.2548 0.7637
vn 0.6052 -0.2235 0.7640
vn 0.5859 -0.2254 0.7784
vn 0.5639 -0.2674 0.7813
vn 0.6443 -0.1739 0.7448
vn 0.5941 -0.1912 0.7813
vn 0.5705 -0.1577 0.8060
vn 0.5990 -0.1396 0.7885
vn 0.6818 -0.1614 0.7136
vn 0.6782 -0.1745 0.7139
vn 0.6298 -0.2610 0.7316
vn 0.5940 -0.2728 0.7567
vn 0.5984 -0.1437 0.7882
vn 0.6252 -0.1779 0.7600
vn 0.6890 -0.1417 0.7108
vn 0.6853 -0.1505 0.7125
vn 0.6894 -0.1442 0.7099
vn 0.6885 -0.1459 0.7104
vn 0.6406 -0.1925 0.7434
vn 0.6582 -0.2036 0.7247
vn 0.6489 -0.2397 0.7221
vn 0.6214 -0.2195 0.7521
vn 0.5812 -0.3515 0.7339
vn 0.5677 -0.3554 0.7426
vn 0.6186 -0.1987 0.7602
vn 0.6339 -0.2249 0.7400
vn 0.6215 -0.1758 0.7634
vn 0.6366 -0.1650 0.7533
vn 0.6485 -0.1815 0.7392
vn 0.6331 -0.1907 0.7503
vn 0.6756 -0.1712 0.7171
vn 0.6588 -0.2065 0.7234
vn 0.6760 -0.1538 0.7207
vn 0.6669 -0.1741 0.7245
vn 0.6766 -0.1588 0.7191
vn 0.6837 -0.1457 0.7151
vn 0.6775 -0.1942 0.7094
vn 0.7001 -0.1536 0.6973
vn 0.6368 -0.1579 0.7547
vn 0.6124 -0.1567 0.7749
vn 0.5241 -0.4258 0.7376
vn 0.5129 -0.4281 0.7441
vn 0.6077 -0.2776 0.7440
vn 0.6108 -0.2852 0.7387
vn 0.6442 -0.2272 0.7304
vn 0.6349 -0.2317 0.7370
vn 0.5632 -0.3535 0.7469
vn 0.5603 -0.3406 0.7550
vn 0.4572 -0.3972 0.7957
vn 0.5191 -0.3865 0.7623
vn 0.6074 -0.2842 0.7418
vn 0.6209 -0.2789 0.7326
vn 0.5344 -0.3303 0.7781
vn 0.5871 -0.3161 0.7453
vn 0.7228 -0.1644 0.6713
vn 0.7013 -0.1971 0.6851
vn 0.7331 -0.2276 0.6409
vn 0.7103 -0.2644 0.6523
vn 0.7848 0.2230 0.5782
vn 0.7781 0.2121 0.5913
vn 0.7940 0.1822 0.5799
vn 0.7853 0.2085 0.5830
vn 0.7593 -0.2274 0.6097
vn 0.7299 -0.2698 0.6280
vn 0.7476 -0.2876 0.5986
vn 0.7652 -0.3233 0.5567
vn 0.7763 0.1679 0.6076
vn 0.7814 0.1558 0.6042
vn 0.7675 -0.3111 0.5605
vn 0.7766 -0.3326 0.5351
vn 0.7953 0.1218 0.5938
vn 0.7872 0.0971 0.6090
vn 0.7881 -0.3222 0.5245
vn 0.7952 -0.3398 0.5022
vn 0.8594 -0.3462 0.3762
vn 0.8594 -0.3460 0.3764
vn 0.8607 -0.0516 0.5065
vn 0.8381 0.0079 0.5455
vn 0.8203 0.0439 0.5702
vn 0.8391 -0.0045 0.5440
vn 0.8177 -0.2891 0.4977
vn 0.8399 -0.2673 0.4723
vn 0.8539 -0.3708 0.3651
vn 0.8531 -0.3663 0.3716
vn 0.7968 -0.3329 0.5042
vn 0.8026 -0.3490 0.4837
vn 0.9088 -0.3382 0.2446
vn 0.9024 -0.3472 0.2551
vn 0.8568 0.1328 0.4982
vn 0.8572 0.1319 0.4977
vn 0.9428 0.0783 0.3240
vn 0.9387 0.0894 0.3330
vn 0.8852 -0.0777 0.4587
vn 0.8931 -0.0245 0.4492
vn 0.8771 0.0012 0.4803
vn 0.8622 -0.0812 0.4999
vn 0.8937 -0.3647 0.2613
vn 0.8939 -0.3721 0.2500
vn 0.9281 -0.3270 0.1782
vn 0.9204 -0.3395 0.1938
vn 0.9759 0.0395 0.2147
vn 0.9704 0.0608 0.2337
vn 0.9360 0.1115 0.3338
vn 0.9293 0.1267 0.3469
vn 0.8564 0.1359 0.4981
vn 0.8640 0.1199 0.4890
vn 0.9200 -0.0142 0.3918
vn 0.9360 -0.0335 0.3503
vn 0.8280 -0.3537 0.4350
vn 0.8666 -0.3206 0.3824
vn 0.9114 -0.3575 0.2038
vn 0.9109 -0.3670 0.1886
vn 0.9607 0.0974 0.2598
vn 0.9696 0.0702 0.2344
vn 0.9858 0.0182 0.1672
vn 0.9814 0.0400 0.1879
vn 0.9184 0.1621 0.3609
vn 0.9154 0.1669 0.3663
vn 0.9040 0.0807 0.4199
vn 0.8835 0.1186 0.4532
vn 0.8765 0.0861 0.4737
vn 0.8826 0.1233 0.4537
vn 0.9216 0.1545 0.3560
vn 0.9191 0.1590 0.3605
vn 0.9317 0.0581 0.3586
vn 0.9327 0.0353 0.3589
vn 0.9316 0.0395 0.3614
vn 0.9317 -0.0109 0.3632
vn 0.9811 0.0439 0.1883
vn 0.9739 0.0714 0.2155
vn 0.9443 0.1406 0.2975
vn 0.9337 0.1598 0.3204
vn 0.9467 0.1508 0.2847
vn 0.9461 0.1312 0.2961
vn 0.9935 -0.0151 0.1125
vn 0.9890 0.0191 0.1464
vn 0.9252 0.1292 0.3568
vn 0.9246 0.1300 0.3581
vn 0.9291 0.0447 0.3670
vn 0.9161 0.0673 0.3952
vn 0.9161 0.0672 0.3952
vn 0.9018 0.0930 0.4220
vn 0.9176 0.1579 0.3647
vn 0.9179 0.1575 0.3643
vn 0.7689 -0.2703 0.5794
vn 0.7891 -0.2583 0.5573
vn 0.8112 -0.5356 0.2346
vn 0.7994 -0.5770 0.1674
vn 0.9582 0.1395 0.2497
vn 0.9573 0.1047 0.2695
vn 0.9553 0.1172 0.2715
vn 0.9437 0.1401 0.2997
vn 0.9892 0.0158 0.1461
vn 0.9833 0.0449 0.1763
vn 0.9329 0.0926 0.3480
vn 0.9340 0.1236 0.3352
vn 0.9411 0.1256 0.3140
vn 0.9293 0.1446 0.3399
vn 0.9409 0.0617 0.3330
vn 0.9354 0.0675 0.3471
vn 0.9397 0.0633 0.3361
vn 0.9356 0.0669 0.3467
vn 0.9115 0.1254 0.3917
vn 0.9113 0.1270 0.3917
vn 0.9252 0.0910 0.3685
vn 0.9268 0.0730 0.3683
vn 0.9664 0.0881 0.2414
vn 0.9539 0.1157 0.2770
vn 0.9411 0.0678 0.3312
vn 0.9429 0.1065 0.3155
vn 0.9503 0.1049 0.2930
vn 0.9395 0.1238 0.3195
vn 0.9319 0.0305 0.3614
vn 0.9291 0.0328 0.3683
vn 0.9346 0.0518 0.3520
vn 0.9380 0.0502 0.3430
vn 0.9330 0.0863 0.3494
vn 0.9346 0.0854 0.3452
vn 0.9362 0.0801 0.3423
vn 0.9362 0.0801 0.3421
vn 0.9376 0.0581 0.3428
vn 0.9358 0.0593 0.3476
vn 0.8954 0.1607 0.4152
vn 0.8953 0.1617 0.4152
vn 0.1689 -0.9805 -0.1003
vn 0.1680 -0.9805 -0.1017
vn 0.2638 -0.9591 -0.1026
vn 0.2596 -0.9611 -0.0939
vn 0.7659 -0.2410 0.5960
vn 0.7805 -0.2310 0.5808
vn 0.8300 -0.2985 0.4711
vn 0.8576 -0.2726 0.4361
vn 0.9599 0.0776 0.2695
vn 0.9474 0.1011 0.3037
vn 0.9443 0.0724 0.3209
vn 0.9544 0.0561 0.2933
vn 0.9368 0.0187 0.3495
vn 0.9291 0.0250 0.3689
vn 0.9286 0.0083 0.3709
vn 0.9291 0.0186 0.3693
vn 0.9314 0.0215 0.3633
vn 0.9280 0.0236 0.3718
vn 0.7862 0.3060 0.5369
vn 0.7993 0.2689 0.5373
vn 0.8689 0.2096 0.4485
vn 0.8697 0.2062 0.4484
vn 0.1654 -0.9809 -0.1022
vn 0.1588 -0.9807 -0.1139
vn 0.9405 0.0106 0.3397
vn 0.9351 0.0152 0.3541
vn 0.9280 -0.0012 0.3726
vn 0.9285 0.0080 0.3712
vn 0.9320 0.0099 0.3623
vn 0.9275 0.0127 0.3735
vn 0.9270 0.0577 0.3707
vn 0.9193 0.0589 0.3891
vn 0.9133 0.1351 0.3843
vn 0.9155 0.1164 0.3850
vn 0.9254 0.1033 0.3646
vn 0.9278 0.1024 0.3589
vn 0.9357 0.0476 0.3497
vn 0.9294 0.0495 0.3657
vn 0.6503 0.3486 0.6750
vn 0.6723 0.3565 0.6488
vn 0.7568 0.2977 0.5818
vn 0.7417 0.3348 0.5812
vn 0.9312 0.0067 0.3644
vn 0.9332 0.0058 0.3594
vn 0.9363 0.0079 0.3510
vn 0.9323 0.0105 0.3616
vn 0.9220 0.0233 0.3864
vn 0.9220 0.0115 0.3871
vn 0.9300 0.0020 0.3674
vn 0.9273 0.0029 0.3743
vn 0.9153 0.0705 0.3966
vn 0.9053 0.0708 0.4189
vn 0.8964 0.1552 0.4151
vn 0.8987 0.1551 0.4103
vn 0.4789 0.2491 0.8418
vn 0.4374 0.3138 0.8427
vn 0.5582 0.2966 0.7749
vn 0.5143 0.3719 0.7728
vn 0.3934 0.1331 0.9097
vn 0.4239 0.1576 0.8919
vn 0.4501 0.1450 0.8811
vn 0.4139 0.2041 0.8871
vn 0.3694 0.1033 0.9235
vn 0.3988 0.1309 0.9077
vn 0.3267 0.3137 0.8916
vn 0.3306 0.3182 0.8885
vn 0.3094 0.3464 0.8856
vn 0.3142 0.3526 0.8815
vn 0.9279 -0.0006 0.3729
vn 0.9290 -0.0010 0.3702
vn 0.9241 0.0182 0.3816
vn 0.9241 0.0135 0.3819
vn 0.9134 0.0398 0.4051
vn 0.9133 0.0398 0.4054
vn 0.8954 0.0950 0.4350
vn 0.8846 0.0942 0.4568
vn 0.8494 0.1450 0.5074
vn 0.8398 0.1431 0.5237
vn 0.8168 0.2555 0.5173
vn 0.8285 0.2140 0.5175
vn 0.8759 0.1948 0.4414
vn 0.8800 0.1753 0.4415
vn 0.4171 0.2404 0.8765
vn 0.4462 0.2659 0.8545
vn 0.3908 0.2094 0.8963
vn 0.4196 0.2393 0.8756
vn 0.2715 0.3179 0.9084
vn 0.2579 0.3334 0.9068
vn 0.2526 0.3481 0.9028
vn 0.2360 0.3665 0.9000
vn 0.3476 0.2916 0.8912
vn 0.3613 0.3065 0.8806
vn 0.9288 0.0177 0.3702
vn 0.9338 0.0161 0.3574
vn 0.9299 0.0321 0.3665
vn 0.9299 0.0367 0.3661
vn 0.9151 0.0436 0.4009
vn 0.9145 0.0437 0.4023
vn 0.8987 0.0788 0.4314
vn 0.9001 0.0610 0.4313
vn 0.8560 0.1440 0.4965
vn 0.8596 0.1248 0.4955
vn 0.8117 0.1667 0.5597
vn 0.8228 0.1698 0.5424
vn 0.7507 0.2184 0.6235
vn 0.7313 0.2105 0.6488
vn 0.6883 0.3105 0.6556
vn 0.7031 0.3176 0.6362
vn 0.7706 0.2645 0.5798
vn 0.7878 0.2694 0.5538
vn 0.1405 0.3312 0.9331
vn 0.1478 0.3390 0.9291
vn 0.0579 0.3170 0.9467
vn 0.0659 0.3249 0.9435
vn 0.0208 0.3086 0.9509
vn 0.0377 0.3268 0.9443
vn 0.1027 0.3448 0.9330
vn 0.1158 0.3602 0.9257
vn 0.2886 0.2969 0.9102
vn 0.2758 0.3115 0.9093
vn 0.3579 0.3277 0.8744
vn 0.3733 0.3440 0.8616
vn 0.9191 0.0588 0.3896
vn 0.9235 0.0583 0.3792
vn 0.9033 0.0744 0.4224
vn 0.9034 0.0731 0.4224
vn 0.8629 0.1464 0.4837
vn 0.8642 0.1395 0.4834
vn 0.8342 0.1561 0.5288
vn 0.8302 0.1730 0.5299
vn 0.7800 0.2227 0.5848
vn 0.7636 0.2175 0.6080
vn 0.6226 0.2532 0.7404
vn 0.6337 0.2603 0.7284
vn 0.5597 0.2739 0.7821
vn 0.5674 0.2795 0.7745
vn 0.5040 0.3273 0.7993
vn 0.5282 0.3476 0.7747
vn 0.5766 0.3422 0.7419
vn 0.5892 0.3520 0.7272
vn 0.0384 0.3183 0.9472
vn 0.0324 0.3123 0.9494
vn 0.0219 0.3086 0.9509
vn 0.0138 0.3001 0.9538
vn 0.1621 0.3090 0.9371
vn 0.1688 0.3158 0.9337
vn 0.0933 0.3021 0.9487
vn 0.0835 0.3104 0.9469
vn 0.3019 0.3237 0.8967
vn 0.2795 0.3485 0.8947
vn 0.3662 0.3849 0.8472
vn 0.3820 0.4010 0.8327
vn 0.9074 0.0911 0.4102
vn 0.9081 0.0835 0.4103
vn 0.8683 0.1699 0.4660
vn 0.8690 0.1667 0.4659
vn 0.8414 0.1686 0.5135
vn 0.8374 0.1846 0.5144
vn 0.7954 0.2248 0.5628
vn 0.7799 0.2202 0.5859
vn 0.6643 0.2490 0.7047
vn 0.6489 0.2843 0.7058
vn 0.5963 0.2576 0.7603
vn 0.5799 0.2884 0.7620
vn 0.5341 0.2900 0.7942
vn 0.5255 0.2830 0.8024
vn 0.4742 0.3119 0.8233
vn 0.4960 0.3317 0.8025
vn 0.4956 0.2994 0.8153
vn 0.4886 0.2928 0.8220
vn 0.4421 0.2951 0.8471
vn 0.4630 0.3173 0.8276
vn 0.0531 0.3050 0.9509
vn 0.0502 0.3023 0.9519
vn 0.1661 0.3299 0.9293
vn 0.1750 0.3386 0.9245
vn 0.1004 0.3185 0.9426
vn 0.0890 0.3281 0.9404
vn 0.3095 0.3816 0.8710
vn 0.2871 0.4054 0.8679
vn 0.8445 0.2007 0.4965
vn 0.8485 0.2011 0.4895
vn 0.8069 0.2425 0.5387
vn 0.7961 0.2395 0.5557
vn 0.6827 0.2541 0.6851
vn 0.6639 0.2971 0.6862
vn 0.6150 0.2565 0.7456
vn 0.5943 0.2958 0.7479
vn 0.5613 0.2804 0.7787
vn 0.5446 0.2674 0.7949
vn 0.5212 0.2806 0.8060
vn 0.5089 0.2697 0.8175
vn 0.0568 0.3215 0.9452
vn 0.0516 0.3168 0.9471
vn 0.1682 0.3754 0.9115
vn 0.1818 0.3885 0.9033
vn 0.0937 0.3595 0.9284
vn 0.1050 0.3696 0.9232
vn 0.6138 0.2857 0.7359
vn 0.6362 0.3009 0.7104
vn 0.6826 0.2879 0.6716
vn 0.6980 0.2970 0.6516
vn 0.5798 0.2798 0.7652
vn 0.5624 0.2663 0.7828
vn 0.5398 0.2793 0.7941
vn 0.5228 0.2643 0.8104
vn 0.0624 0.3616 0.9303
vn 0.0531 0.3534 0.9340
vn 0.8015 -0.4632 0.3783
vn 0.8536 -0.4220 0.3055
vn 0.5991 0.2953 0.7443
vn 0.5798 0.2806 0.7649
vn 0.5580 0.2930 0.7764
vn 0.5400 0.2773 0.7947
vn 0.7904 -0.3197 0.5225
vn 0.7588 -0.3359 0.5580
vn 0.5427 -0.1753 0.8214
vn 0.5465 -0.1463 0.8246
vn 0.5971 0.1420 0.7895
vn 0.5699 0.1332 0.8109
vn 0.5336 -0.0325 0.8451
vn 0.5085 -0.0404 0.8601
vn 0.4153 -0.2234 0.8818
vn 0.4512 -0.2111 0.8671
vn 0.3575 -0.3558 0.8635
vn 0.3451 -0.2864 0.8938
vn 0.2735 -0.5004 0.8214
vn 0.2719 -0.4980 0.8234
vn 0.3233 -0.2835 0.9028
vn 0.3131 -0.2906 0.9042
vn 0.3735 -0.0912 0.9231
vn 0.3386 -0.0364 0.9402
vn 0.7262 0.0690 0.6840
vn 0.7300 0.0521 0.6815
vn 0.6507 -0.0870 0.7544
vn 0.6542 -0.1155 0.7475
vn 0.5604 -0.2390 0.7930
vn 0.5608 -0.2562 0.7873
vn 0.5031 -0.3186 0.8033
vn 0.5024 -0.3321 0.7983
vn 0.2119 -0.7304 0.6493
vn 0.2827 -0.7037 0.6518
vn 0.7097 0.2684 0.6514
vn 0.7102 0.2669 0.6514
vn 0.7097 0.2834 0.6450
vn 0.7084 0.2814 0.6473
vn 0.7240 0.1857 0.6643
vn 0.7399 0.1444 0.6570
vn 0.7420 0.1173 0.6601
vn 0.7605 0.0657 0.6461
vn 0.7800 0.0047 0.6258
vn 0.8050 -0.0773 0.5882
vn 0.8045 -0.0513 0.5917
vn 0.8259 -0.1250 0.5497
vn 0.8486 -0.1647 0.5027
vn 0.8649 -0.0872 0.4942
vn 0.8486 -0.1673 0.5019
vn 0.8254 -0.0877 0.5577
vn -0.0619 0.4504 0.8907
vn -0.0616 0.4507 0.8906
vn -0.1314 0.4477 0.8845
vn -0.1425 0.4387 0.8872
vn -0.1030 0.5228 0.8462
vn 0.0514 0.5488 0.8344
vn 0.5253 0.2642 0.8088
vn 0.5076 0.2892 0.8116
vn 0.6469 0.2521 0.7197
vn 0.6450 0.2557 0.7201
vn 0.5993 -0.2152 0.7710
vn 0.5771 -0.2063 0.7902
vn 0.6304 -0.2418 0.7377
vn 0.6044 -0.2280 0.7634
vn 0.5735 -0.1033 0.8127
vn 0.5417 -0.1034 0.8342
vn 0.8792 -0.2882 0.3794
vn 0.8827 -0.3077 0.3551
vn 0.7705 -0.2992 0.5628
vn 0.7772 -0.3135 0.5456
vn 0.8642 -0.3291 0.3806
vn 0.8720 -0.3185 0.3718
vn 0.9322 -0.2605 0.2513
vn 0.9328 -0.2759 0.2318
vn 0.9513 -0.2529 0.1763
vn 0.9508 -0.2652 0.1603
vn 0.9340 -0.3072 0.1824
vn 0.9410 -0.2940 0.1677
vn 0.9162 -0.3131 0.2501
vn 0.9212 -0.3050 0.2416
vn 0.9268 -0.3476 0.1419
vn 0.9251 -0.3597 0.1219
vn 0.9379 -0.3289 0.1100
vn 0.9397 -0.3171 0.1284
vn 0.9482 -0.2959 0.1158
vn 0.9556 -0.2789 0.0951
vn 0.9637 -0.2473 0.1004
vn 0.9624 -0.2574 0.0872
vn 0.9662 -0.2133 -0.1447
vn 0.9458 -0.2542 -0.2021
vn 0.9599 -0.2049 -0.1915
vn 0.9584 -0.2075 -0.1961
vn 0.8984 -0.2709 0.3456
vn 0.8950 -0.2504 0.3691
vn 0.9467 -0.2338 0.2215
vn 0.9458 -0.2138 0.2444
vn 0.9628 -0.2091 0.1714
vn 0.9625 -0.2197 0.1590
vn 0.9742 -0.2045 0.0957
vn 0.9730 -0.2154 0.0828
vn 0.9662 -0.1778 -0.1870
vn 0.9629 -0.1841 -0.1971
vn 0.8952 -0.0985 0.4346
vn 0.9103 -0.1185 0.3967
vn 0.9087 -0.0578 0.4134
vn 0.9064 -0.0933 0.4120
vn 0.9205 -0.0479 0.3879
vn 0.9037 -0.0377 0.4264
vn 0.9081 0.0120 0.4185
vn 0.9088 -0.0062 0.4172
vn 0.8984 0.0383 0.4375
vn 0.8961 0.0627 0.4394
vn 0.8797 0.0939 0.4662
vn 0.8819 0.0935 0.4620
vn 0.8519 0.1444 0.5034
vn 0.8552 0.1279 0.5023
vn 0.7708 0.2360 0.5918
vn 0.7778 0.2139 0.5910
vn 0.7351 0.2406 0.6339
vn 0.7213 0.2771 0.6347
vn 0.6119 0.2891 0.7362
vn 0.6501 0.3021 0.6972
vn 0.5251 0.1893 0.8297
vn 0.4776 0.2768 0.8338
vn 0.6810 -0.2333 0.6941
vn 0.7046 -0.2182 0.6752
vn 0.7029 -0.2257 0.6745
vn 0.6962 -0.2294 0.6802
vn 0.6623 -0.2389 0.7102
vn 0.6980 -0.2228 0.6806
vn 0.7251 -0.2315 0.6485
vn 0.7302 -0.2282 0.6440
vn 0.6259 -0.2396 0.7422
vn 0.6667 -0.2260 0.7103
vn 0.6104 -0.2336 0.7568
vn 0.6307 -0.2288 0.7416
vn 0.4271 -0.3379 0.8387
vn 0.5416 -0.3215 0.7767
vn 0.4894 -0.0875 0.8677
vn 0.4880 -0.1105 0.8658
vn -0.1709 0.5970 0.7838
vn -0.0539 0.5614 0.8258
vn -0.0612 0.6452 0.7616
vn -0.0406 0.6313 0.7745
vn 0.0252 0.3841 0.9229
vn 0.0660 0.4392 0.8960
vn 0.2913 0.4843 0.8250
vn 0.2871 0.4817 0.8280
vn 0.4108 0.4653 0.7841
vn 0.4202 0.4559 0.7846
vn 0.5163 0.4333 0.7387
vn 0.5206 0.4362 0.7340
vn 0.5716 0.3934 0.7201
vn 0.5932 0.4090 0.6934
vn 0.6197 0.3401 0.7074
vn 0.6515 0.3638 0.6657
vn 0.6545 0.2864 0.6997
vn 0.6882 0.3111 0.6554
vn -0.0172 0.4699 0.8825
vn 0.0188 0.4373 0.8991
vn 0.7033 0.1225 0.7003
vn 0.7682 0.1586 0.6202
vn 0.7356 0.2449 0.6316
vn 0.6866 0.2108 0.6958
vn 0.7866 -0.0456 0.6158
vn 0.7062 -0.0658 0.7049
vn 0.7664 -0.1364 0.6277
vn 0.6915 -0.1467 0.7074
vn 0.6571 -0.1855 0.7306
vn 0.7199 -0.1864 0.6686
vn 0.6216 -0.2171 0.7527
vn 0.6819 -0.2256 0.6957
vn 0.5024 -0.3116 0.8066
vn 0.5152 -0.2817 0.8095
vn 0.5572 -0.2847 0.7801
vn 0.6192 -0.3073 0.7226
vn 0.7511 0.1139 0.6503
vn 0.6438 0.0919 0.7596
vn 0.7424 0.0919 0.6637
vn 0.7589 -0.0166 0.6510
vn 0.5451 -0.1144 0.8306
vn 0.5436 -0.1257 0.8299
vn 0.5319 -0.1340 0.8361
vn 0.5284 -0.1600 0.8338
vn 0.5449 -0.0129 0.8384
vn 0.5443 -0.0251 0.8385
vn 0.4912 -0.0659 0.8686
vn 0.4918 -0.0548 0.8690
vn 0.4637 -0.0872 0.8817
vn 0.4840 -0.0919 0.8702
vn 0.5064 -0.0935 0.8572
vn 0.5058 -0.1079 0.8559
vn 0.5884 -0.0859 0.8040
vn 0.5888 -0.0824 0.8041
vn 0.7286 -0.2897 0.6207
vn 0.7440 -0.3166 0.5884
vn 0.7113 -0.2246 0.6661
vn 0.6904 -0.2622 0.6742
vn 0.7173 -0.2906 0.6332
vn 0.7272 -0.3061 0.6144
vn 0.6460 -0.1707 0.7440
vn 0.6502 -0.1481 0.7452
vn 0.6122 -0.1908 0.7673
vn 0.6288 -0.1971 0.7522
vn 0.6088 -0.2254 0.7606
vn 0.5924 -0.2177 0.7757
vn 0.6238 -0.1355 0.7698
vn 0.6237 -0.1361 0.7697
vn 0.5784 -0.1651 0.7988
vn 0.6016 -0.1719 0.7801
vn 0.5847 -0.2012 0.7859
vn 0.5661 -0.1943 0.8011
vn 0.2830 -0.3999 0.8718
vn 0.2582 -0.4425 0.8588
vn 0.1521 -0.4678 0.8706
vn 0.1409 -0.4822 0.8646
vn 0.0450 -0.4926 0.8691
vn 0.0285 -0.5096 0.8599
vn 0.4586 -0.2708 0.8464
vn 0.4123 -0.2617 0.8727
vn 0.2552 -0.2217 0.9411
vn 0.2408 -0.2488 0.9381
vn 0.1557 -0.2710 0.9499
vn 0.1281 -0.3100 0.9421
vn 0.0477 -0.3193 0.9465
vn 0.0374 -0.3308 0.9430
vn 0.7552 -0.2441 0.6083
vn 0.7675 -0.2349 0.5965
vn 0.5670 -0.1552 0.8090
vn 0.5632 -0.1872 0.8048
vn 0.7702 -0.2809 0.5726
vn 0.7723 -0.2854 0.5675
vn 0.7056 -0.2749 0.6531
vn 0.7173 -0.2905 0.6333
vn 0.7158 -0.2712 0.6435
vn 0.6994 -0.2771 0.6589
vn 0.8444 0.1222 0.5217
vn 0.8507 0.1314 0.5089
vn 0.8437 0.1605 0.5123
vn 0.8358 0.1466 0.5291
vn 0.8217 0.1463 0.5509
vn 0.8216 0.1460 0.5511
vn 0.8311 0.1294 0.5409
vn 0.8257 0.1116 0.5530
vn 0.8530 0.0429 0.5202
vn 0.8616 0.0855 0.5003
vn 0.8642 0.0686 0.4984
vn 0.8887 0.0161 0.4582
vn 0.8960 0.0558 0.4405
vn 0.8899 0.0059 0.4562
vn 0.9113 0.0295 0.4106
vn 0.9065 -0.0156 0.4218
vn 0.9340 0.0111 0.3571
vn 0.9346 0.0480 0.3526
vn 0.5324 -0.4510 0.7163
vn 0.5032 -0.4477 0.7392
vn 0.9339 0.0739 0.3498
vn 0.9347 0.0474 0.3523
vn 0.6101 -0.6231 0.4895
vn 0.5407 -0.6286 0.5590
vn 0.9340 0.0897 0.3459
vn 0.9352 0.0695 0.3472
vn 0.3118 -0.8159 0.4869
vn 0.2857 -0.8412 0.4591
vn 0.9278 0.1134 0.3554
vn 0.9287 0.1054 0.3556
vn 0.3021 -0.6098 0.7327
vn 0.2728 -0.6525 0.7070
vn 0.9150 0.1460 0.3762
vn 0.9151 0.1450 0.3762
vn 0.8994 0.1751 0.4005
vn 0.8981 0.1817 0.4005
vn 0.1621 -0.8700 0.4657
vn 0.1433 -0.8829 0.4472
vn 0.8717 0.2262 0.4347
vn 0.8770 0.2044 0.4349
vn 0.1655 -0.6781 0.7161
vn 0.1437 -0.7008 0.6987
vn 0.8008 0.3035 0.5163
vn 0.8168 0.2551 0.5175
vn 0.0389 -0.8927 0.4491
vn 0.0469 -0.8884 0.4566
vn 0.7718 0.2913 0.5652
vn 0.7576 0.3282 0.5643
vn 0.6878 0.3365 0.6432
vn 0.6718 0.3692 0.6422
vn 0.5767 0.3410 0.7424
vn 0.5490 0.3879 0.7404
vn 0.5072 0.3007 0.8077
vn 0.4648 0.3653 0.8065
vn 0.8502 -0.4126 0.3269
vn 0.8486 -0.4715 0.2400
vn 0.8583 -0.3425 0.3821
vn 0.8648 -0.3800 0.3282
vn 0.4430 0.2910 0.8479
vn 0.4733 0.3186 0.8213
vn 0.4097 0.3060 0.8594
vn 0.4489 0.2499 0.8579
vn 0.9739 -0.1337 -0.1833
vn 0.9677 -0.1487 -0.2037
vn 0.9807 -0.1811 0.0740
vn 0.9819 -0.1666 0.0900
vn 0.9573 -0.1914 0.2165
vn 0.9566 -0.1774 0.2311
vn 0.7149 -0.2363 0.6581
vn 0.7190 -0.2432 0.6511
vn 0.7301 -0.2288 0.6439
vn 0.7250 -0.2221 0.6519
vn 0.9706 -0.1735 0.1669
vn 0.9705 -0.1841 0.1556
vn 0.6806 -0.2127 0.7011
vn 0.6677 -0.2112 0.7138
vn 0.6173 -0.2018 0.7604
vn 0.6092 -0.2422 0.7551
vn 0.6470 -0.2315 0.7265
vn 0.6388 -0.2609 0.7237
vn 0.7053 -0.2391 0.6674
vn 0.7040 -0.2421 0.6677
vn 0.6612 -0.2407 0.7105
vn 0.6542 -0.2597 0.7103
vn 0.2869 0.2468 0.9256
vn 0.3135 0.2501 0.9160
vn 0.2899 0.2686 0.9186
vn 0.3180 0.2725 0.9081
vn 0.8417 -0.2895 0.4557
vn 0.8500 -0.3158 0.4217
vn 0.8582 -0.3608 0.3652
vn 0.8616 -0.4154 0.2915
vn 0.6894 -0.2343 0.6854
vn 0.6723 -0.2686 0.6898
vn 0.8553 -0.3005 0.4222
vn 0.8652 -0.3431 0.3656
vn 0.6708 -0.2514 0.6978
vn 0.6651 -0.2643 0.6985
vn 0.5940 0.1205 0.7954
vn 0.5671 0.1249 0.8141
vn 0.6731 0.1383 0.7265
vn 0.6189 0.1462 0.7717
vn 0.7388 -0.0495 0.6721
vn 0.7326 -0.0095 0.6806
vn 0.7758 -0.0302 0.6302
vn 0.8368 -0.0634 0.5438
vn 0.5886 0.2530 0.7678
vn 0.5882 0.2428 0.7714
vn 0.5228 0.2036 0.8278
vn 0.5228 0.2044 0.8276
vn 0.3974 0.3014 0.8667
vn 0.4013 0.2561 0.8794
vn 0.4713 0.3592 0.8055
vn 0.4917 0.3531 0.7960
vn 0.7095 -0.1486 0.6889
vn 0.7066 -0.1471 0.6922
vn 0.7041 -0.1656 0.6905
vn 0.6916 -0.1592 0.7046
vn 0.6925 -0.1557 0.7044
vn 0.6992 -0.1374 0.7016
vn 0.6648 -0.2000 0.7197
vn 0.6788 -0.1615 0.7164
vn 0.6905 -0.1453 0.7086
vn 0.6794 -0.1679 0.7143
vn 0.6594 -0.1739 0.7314
vn 0.6417 -0.2101 0.7376
vn 0.6442 -0.2312 0.7291
vn 0.6215 -0.2108 0.7545
vn 0.6596 -0.2045 0.7232
vn 0.6481 -0.1923 0.7369
vn 0.6729 -0.2269 0.7041
vn 0.6784 -0.2329 0.6968
vn 0.6473 -0.2293 0.7269
vn 0.6516 -0.2343 0.7215
vn 0.6325 -0.2327 0.7387
vn 0.6590 -0.2672 0.7031
vn 0.6113 -0.2566 0.7487
vn 0.6269 -0.2804 0.7269
vn 0.5844 -0.2244 0.7798
vn 0.6132 -0.2757 0.7402
vn 0.5517 -0.2523 0.7949
vn 0.5797 -0.3133 0.7522
vn 0.4826 -0.2083 0.8507
vn 0.5144 -0.3066 0.8009
vn 0.5261 -0.2317 0.8183
vn 0.5861 -0.2211 0.7795
vn 0.7207 -0.1954 0.6651
vn 0.7418 -0.2290 0.6303
vn 0.6548 0.0364 0.7549
vn 0.7122 0.0343 0.7011
vn 0.6078 0.0306 0.7935
vn 0.6459 0.0268 0.7629
vn 0.6413 -0.0443 0.7660
vn 0.6660 -0.0465 0.7445
vn 0.6977 -0.0169 0.7161
vn 0.6926 -0.0682 0.7181
vn 0.6801 -0.0973 0.7267
vn 0.6785 -0.0971 0.7282
vn 0.7103 -0.0932 0.6977
vn 0.6889 -0.0904 0.7192
vn 0.6928 -0.1201 0.7111
vn 0.6927 -0.1201 0.7112
vn 0.7116 -0.1249 0.6914
vn 0.6923 -0.1205 0.7115
vn 0.7509 -0.1175 0.6498
vn 0.7595 -0.0894 0.6443
vn 0.6394 -0.1854 0.7462
vn 0.6501 -0.1776 0.7388
vn 0.4297 -0.0420 0.9020
vn 0.4399 -0.0437 0.8970
vn 0.3732 0.0256 0.9274
vn 0.3747 0.0038 0.9271
vn 0.4967 0.2149 0.8409
vn 0.4998 0.0529 0.8645
vn 0.3838 0.1751 0.9066
vn 0.3894 0.0707 0.9183
vn 0.2838 0.1059 0.9530
vn 0.3602 0.0994 0.9276
vn 0.5332 0.1744 0.8278
vn 0.6705 0.1604 0.7244
vn 0.2852 0.0788 0.9552
vn 0.2821 0.0791 0.9561
vn 0.6627 -0.2546 0.7043
vn 0.6462 -0.2408 0.7242
vn 0.6920 -0.1978 0.6943
vn 0.6739 -0.2332 0.7011
vn 0.6932 -0.2339 0.6817
vn 0.7207 -0.1861 0.6678
vn 0.4684 0.0032 0.8835
vn 0.5119 0.0562 0.8572
vn 0.3353 -0.2905 0.8962
vn 0.4830 -0.2838 0.8283
vn 0.3399 -0.3944 0.8537
vn 0.4709 -0.3850 0.7937
vn 0.2150 -0.5213 0.8259
vn 0.1700 -0.4997 0.8494
vn 0.0428 -0.5018 0.8639
vn 0.0278 -0.4912 0.8706
vn 0.1041 -0.4984 0.8607
vn 0.1166 -0.5057 0.8548
vn 0.2350 -0.5179 0.8225
vn 0.2312 -0.5161 0.8247
vn 0.0500 -0.1661 0.9848
vn 0.0404 -0.1767 0.9834
vn 0.1488 -0.1418 0.9786
vn 0.1377 -0.1567 0.9780
vn 0.2353 -0.1111 0.9656
vn 0.2282 -0.1235 0.9658
vn 0.3338 -0.0748 0.9397
vn 0.3598 -0.0813 0.9295
vn 0.3666 -0.2633 0.8923
vn 0.3658 -0.1518 0.9182
vn 0.0491 -0.0608 0.9969
vn 0.0446 -0.0653 0.9969
vn 0.1354 -0.0538 0.9893
vn 0.1358 -0.0533 0.9893
vn 0.2008 -0.0626 0.9776
vn 0.2169 -0.0386 0.9754
vn 0.2681 -0.0809 0.9600
vn 0.3484 -0.1003 0.9320
vn 0.3348 -0.3981 0.8541
vn 0.3500 -0.2486 0.9032
vn 0.0497 -0.0776 0.9957
vn 0.0399 -0.0698 0.9968
vn 0.1030 -0.0736 0.9920
vn 0.1402 -0.0987 0.9852
vn 0.9089 -0.3862 0.1573
vn 0.9085 -0.3889 0.1527
vn 0.8978 -0.3823 0.2185
vn 0.8938 -0.3869 0.2267
vn 0.8809 -0.3839 0.2769
vn 0.8786 -0.3863 0.2808
vn 0.8526 -0.3852 0.3532
vn 0.8525 -0.3848 0.3539
vn 0.8133 -0.3492 0.4654
vn 0.8199 -0.3714 0.4358
vn 0.7995 -0.3188 0.5090
vn 0.8088 -0.3487 0.4735
vn 0.8006 -0.2545 0.5424
vn 0.7785 -0.2805 0.5616
vn 0.7592 -0.2534 0.5996
vn 0.7781 -0.2316 0.5839
vn 0.7579 0.2848 0.5869
vn 0.7726 0.2434 0.5864
vn 0.7450 0.2617 0.6136
vn 0.7563 0.2286 0.6130
vn 0.7301 0.2570 0.6332
vn 0.7433 0.2185 0.6323
vn 0.7087 0.2354 0.6650
vn 0.6945 0.2283 0.6823
vn 0.6523 0.3414 0.6767
vn 0.6667 0.3115 0.6772
vn 0.6313 0.3818 0.6750
vn 0.6523 0.3420 0.6765
vn 0.6077 0.3817 0.6964
vn 0.6349 0.3306 0.6982
vn 0.5735 0.3187 0.7547
vn 0.6116 0.2410 0.7536
vn 0.5282 0.1657 0.8328
vn 0.5602 0.0896 0.8235
vn 0.4604 -0.0015 0.8877
vn 0.4883 -0.0807 0.8690
vn 0.3695 -0.1891 0.9098
vn 0.3919 -0.2639 0.8813
vn 0.2742 -0.3015 0.9132
vn 0.2994 -0.3925 0.8697
vn 0.8191 0.2381 0.5219
vn 0.8258 0.2163 0.5209
vn 0.8114 0.2133 0.5442
vn 0.8163 0.1962 0.5433
vn 0.8043 0.2001 0.5595
vn 0.8089 0.1835 0.5585
vn 0.7898 0.1978 0.5805
vn 0.7720 0.1917 0.6061
vn 0.7336 0.2876 0.6158
vn 0.7463 0.2923 0.5980
vn 0.7341 0.3112 0.6036
vn 0.7175 0.3495 0.6026
vn 0.6985 0.3566 0.6204
vn 0.7173 0.3157 0.6212
vn 0.6807 0.2945 0.6708
vn 0.6944 0.2624 0.6701
vn 0.6348 0.1362 0.7606
vn 0.6482 0.0962 0.7554
vn 0.5789 -0.0522 0.8137
vn 0.5598 -0.0562 0.8267
vn 0.4618 -0.2202 0.8592
vn 0.4931 -0.2111 0.8439
vn 0.4061 -0.3293 0.8524
vn 0.4012 -0.2763 0.8734
vn 0.4289 -0.1692 0.8874
vn 0.4445 -0.2556 0.8585
vn 0.3623 -0.1177 0.9246
vn 0.3864 -0.1239 0.9140
vn 0.4020 -0.1085 0.9092
vn 0.4087 -0.1911 0.8924
vn 0.6432 -0.2693 0.7168
vn 0.6061 -0.3721 0.7030
vn 0.6277 -0.2284 0.7442
vn 0.6112 -0.2909 0.7361
vn 0.6445 -0.1870 0.7414
vn 0.6732 -0.1981 0.7124
vn 0.7013 -0.1361 0.6998
vn 0.6985 -0.1526 0.6992
vn 0.7026 -0.1384 0.6979
vn 0.7034 -0.1347 0.6980
vn 0.6712 -0.1579 0.7242
vn 0.6667 -0.1787 0.7236
vn 0.6294 -0.1986 0.7513
vn 0.6458 -0.2066 0.7351
vn 0.6260 -0.2354 0.7435
vn 0.6087 -0.2252 0.7608
vn 0.6476 -0.2474 0.7207
vn 0.6281 -0.2344 0.7420
vn 0.6726 -0.2182 0.7070
vn 0.6612 -0.2433 0.7097
vn 0.6579 -0.1999 0.7261
vn 0.6465 -0.2271 0.7283
vn 0.6520 -0.1810 0.7363
vn 0.6708 -0.1949 0.7156
vn 0.6868 -0.1566 0.7098
vn 0.6835 -0.1666 0.7107
vn 0.7040 -0.1552 0.6930
vn 0.7064 -0.1468 0.6924
vn 0.6986 -0.1789 0.6928
vn 0.6806 -0.1676 0.7133
vn 0.6151 -0.2547 0.7462
vn 0.6276 -0.2139 0.7486
vn 0.5354 -0.3342 0.7756
vn 0.5552 -0.2804 0.7830
vn 0.5184 -0.3405 0.7844
vn 0.4971 -0.3848 0.7777
vn 0.6323 -0.3957 0.6660
vn 0.6227 -0.4361 0.6497
vn 0.7815 0.0839 0.6182
vn 0.7704 0.0832 0.6321
vn 0.6818 -0.0331 0.7307
vn 0.6401 -0.0202 0.7680
vn 0.5957 -0.1026 0.7967
vn 0.5608 -0.0804 0.8240
vn 0.5952 0.2212 0.7725
vn 0.6266 0.2188 0.7480
vn 0.7537 0.0239 0.6568
vn 0.7085 0.0341 0.7049
vn 0.4969 -0.4743 0.7267
vn 0.4958 -0.4785 0.7247
vn 0.5166 -0.4541 0.7259
vn 0.5152 -0.4595 0.7235
vn 0.3940 -0.3872 0.8336
vn 0.3921 -0.4120 0.8225
vn 0.1140 -0.5136 0.8505
vn 0.0929 -0.4742 0.8755
vn 0.3455 -0.4579 0.8191
vn 0.3496 -0.4268 0.8340
vn 0.1163 -0.4955 0.8608
vn 0.1382 -0.5378 0.8317
vn 0.0980 -0.5681 0.8171
vn 0.1528 -0.6308 0.7607
vn 0.5147 -0.4923 0.7019
vn 0.5147 -0.4921 0.7020
vn 0.5220 -0.4833 0.7028
vn 0.5205 -0.4886 0.7003
vn 0.5411 -0.4648 0.7008
vn 0.5331 -0.4904 0.6894
vn 0.7523 -0.2457 0.6113
vn 0.7606 -0.1360 0.6349
vn 0.5013 -0.4861 0.7159
vn 0.5077 -0.4613 0.7276
vn 0.4249 -0.3123 0.8497
vn 0.4247 -0.3234 0.8456
vn 0.0966 -0.3353 0.9372
vn 0.0394 -0.2407 0.9698
vn 0.0391 -0.4468 0.8938
vn -0.0427 -0.3556 0.9336
vn -0.2238 0.0310 0.9741
vn -0.1946 0.0742 0.9781
vn -0.0083 0.0702 0.9975
vn -0.0254 0.0918 0.9955
vn 0.5701 -0.0317 0.8210
vn 0.5672 -0.0181 0.8234
vn 0.5694 -0.0109 0.8220
vn 0.5681 -0.0063 0.8229
vn 0.7779 -0.0518 0.6262
vn 0.7789 -0.0778 0.6223
vn 0.7598 -0.1354 0.6359
vn 0.7597 -0.1387 0.6353
vn 0.5477 -0.4557 0.7017
vn 0.5427 -0.4727 0.6943
vn 0.5829 -0.4304 0.6892
vn 0.5698 -0.4745 0.6709
vn 0.4071 -0.7968 0.4465
vn 0.4379 -0.7586 0.4824
vn 0.4587 -0.7319 0.5039
vn 0.4266 -0.7474 0.5094
vn 0.0179 -0.9290 0.3697
vn -0.1400 -0.9761 0.1665
vn -0.2547 -0.9557 0.1478
vn -0.1918 -0.9516 0.2401
vn -0.1683 0.1281 0.9774
vn -0.1347 -0.0078 0.9909
vn 0.1349 0.6197 0.7732
vn 0.1150 0.6581 0.7441
vn 0.1562 0.7115 0.6852
vn 0.1532 0.7145 0.6827
vn 0.1292 -0.0932 0.9872
vn 0.1269 -0.0890 0.9879
vn 0.3492 -0.1835 0.9189
vn 0.3275 -0.1588 0.9314
vn 0.3405 0.0927 0.9357
vn 0.3153 0.0027 0.9490
vn -0.1910 0.9793 0.0674
vn -0.1513 0.9759 0.1571
vn -0.0501 0.9230 0.3814
vn -0.1217 0.9918 0.0377
vn 0.1704 0.7558 0.6322
vn 0.1916 0.7402 0.6444
vn 0.1698 0.7827 0.5988
vn 0.1816 0.7601 0.6239
vn -0.3220 0.9466 -0.0172
vn -0.2607 0.9595 0.1073
vn -0.0160 0.9798 -0.1994
vn -0.0226 0.9987 -0.0453
vn 0.3277 0.9141 -0.2387
vn 0.3451 0.8957 -0.2805
vn 0.0161 0.6990 0.7149
vn 0.0423 0.7202 0.6924
vn -0.1078 -0.0485 0.9930
vn -0.1610 -0.1078 0.9810
vn -0.0286 0.8363 0.5476
vn -0.0302 0.8074 0.5892
vn 0.5015 0.8308 -0.2412
vn 0.4559 0.8692 -0.1913
vn -0.0218 0.7663 0.6422
vn -0.0202 0.8042 0.5941
vn -0.0454 0.8423 0.5371
vn -0.0064 0.8313 0.5558
vn -0.0139 0.7289 0.6845
vn 0.0003 0.7203 0.6936
vn 0.0201 0.7303 0.6828
vn 0.0283 0.7433 0.6683
vn 0.5465 0.2469 0.8003
vn 0.5436 0.0980 0.8336
vn 0.1823 0.7897 0.5858
vn 0.1418 0.8038 0.5777
vn -0.4042 0.9145 0.0185
vn -0.4517 0.8894 -0.0709
vn 0.6584 0.3066 0.6874
vn 0.6438 0.3049 0.7018
vn 0.5075 0.1767 0.8433
vn 0.4621 0.1972 0.8646
vn -0.0935 -0.9702 0.2236
vn -0.0310 -0.8635 0.5034
vn 0.4437 -0.7226 0.5300
vn 0.4734 -0.6725 0.5689
vn 0.3750 -0.4754 0.7959
vn 0.3752 -0.5207 0.7669
vn -0.0494 -0.3555 0.9334
vn -0.0956 -0.2737 0.9571
vn -0.0568 -0.9117 0.4069
vn -0.0825 -0.8841 0.4600
vn -0.1899 -0.3683 0.9101
vn -0.1967 -0.3588 0.9124
vn -0.2467 -0.3653 0.8976
vn -0.2596 -0.4170 0.8710
vn 0.4958 -0.2221 0.8396
vn 0.4932 -0.2068 0.8450
vn 0.6647 -0.4827 0.5702
vn 0.6669 -0.4765 0.5730
vn 0.6444 -0.4591 0.6115
vn 0.6726 -0.3237 0.6654
vn -0.2230 -0.9689 0.1070
vn -0.1295 -0.9603 0.2471
vn -0.6545 -0.6970 -0.2931
vn -0.5605 -0.7936 -0.2367
vn -0.6710 -0.7257 -0.1523
vn -0.7327 -0.6563 -0.1800
vn 0.3419 -0.8645 -0.3685
vn 0.3033 -0.9353 -0.1823
vn -0.0867 -0.8186 0.5678
vn 0.0653 -0.9342 0.3506
vn 0.0281 -0.9257 0.3772
vn -0.1501 -0.8215 0.5501
vn 0.1043 -0.8968 0.4300
vn 0.2122 -0.9136 0.3470
vn -0.1294 -0.5689 0.8122
vn -0.2371 -0.4917 0.8379
vn 0.3412 -0.9203 -0.1912
vn 0.5190 -0.7464 -0.4166
vn 0.1254 0.7992 0.5878
vn 0.2022 0.8140 0.5445
vn 0.4014 0.1994 0.8939
vn 0.4149 0.2233 0.8820
vn 0.0259 0.6310 0.7754
vn 0.0950 0.5767 0.8114
vn 0.6349 0.2327 0.7367
vn 0.5912 0.1839 0.7853
vn 0.6200 -0.2608 0.7400
vn 0.6121 -0.2418 0.7529
vn 0.2731 -0.8111 0.5172
vn 0.5080 -0.8531 0.1190
vn 0.4241 -0.8684 0.2568
vn 0.4879 -0.8497 0.1999
vn 0.6750 -0.5762 0.4610
vn 0.6084 -0.4258 0.6697
vn 0.7311 0.3379 0.5927
vn 0.5887 0.1702 0.7903
vn 0.6105 -0.4212 0.6708
vn 0.6040 -0.4494 0.6582
vn 0.8075 -0.2041 0.5534
vn 0.8135 -0.0835 0.5756
vn -0.0238 0.0455 0.9987
vn -0.0478 0.0748 0.9961
vn -0.1967 -0.1571 0.9678
vn -0.2333 -0.1108 0.9661
vn -0.2754 0.0265 0.9610
vn -0.2974 0.0508 0.9534
vn -0.2226 -0.1555 0.9624
vn -0.3206 -0.0688 0.9447
vn -0.2657 -0.0142 0.9640
vn -0.2442 0.0334 0.9692
vn -0.1035 -0.2081 0.9726
vn -0.2576 -0.0818 0.9628
vn -0.0491 -0.4260 0.9034
vn -0.1960 -0.3403 0.9197
vn -0.2055 -0.3422 0.9169
vn -0.2812 -0.2774 0.9187
vn -0.2000 -0.1874 0.9617
vn -0.2414 -0.1603 0.9571
vn -0.1246 -0.2938 0.9477
vn -0.1373 -0.2192 0.9660
vn 0.0311 -0.4455 0.8947
vn 0.0008 -0.4999 0.8661
vn -0.3015 -0.1478 0.9419
vn -0.2292 -0.2291 0.9460
vn -0.2259 0.0444 0.9731
vn -0.2275 0.0464 0.9727
vn -0.0459 -0.1145 0.9924
vn -0.0539 -0.1032 0.9932
vn 0.0965 0.4383 0.8936
vn 0.0950 0.3281 0.9398
vn 0.0186 0.5765 0.8169
vn 0.1056 0.5074 0.8552
vn 0.3512 -0.3775 0.8568
vn 0.3501 -0.3765 0.8577
vn 0.4596 -0.8786 -0.1294
vn 0.4581 -0.8801 -0.1252
vn 0.5701 -0.1965 0.7977
vn 0.4049 0.1730 0.8979
vn 0.0979 -0.5793 0.8092
vn 0.0544 -0.5322 0.8448
vn 0.2262 -0.0550 0.9725
vn 0.2223 -0.0495 0.9737
vn 0.1569 0.6652 0.7299
vn 0.1250 0.7094 0.6937
vn -0.0728 0.9963 -0.0468
vn -0.0652 0.9972 0.0368
vn 0.0268 -0.0528 0.9982
vn 0.0497 -0.1042 0.9933
vn 0.0736 0.6438 0.7616
vn 0.0829 0.6165 0.7830
vn 0.1047 0.9848 -0.1386
vn 0.1172 0.9722 -0.2030
vn -0.1104 0.2332 0.9661
vn -0.2701 0.1104 0.9565
vn 0.0114 0.7570 0.6533
vn 0.0115 0.7283 0.6851
vn 0.4238 0.8652 -0.2681
vn 0.3575 0.9210 -0.1545
vn -0.0891 -0.0129 0.9959
vn -0.0752 -0.0525 0.9958
vn 0.0381 0.6950 0.7180
vn 0.0485 0.6464 0.7615
vn 0.1514 0.9788 -0.1378
vn 0.1973 0.9432 -0.2675
vn 0.2380 -0.1845 0.9536
vn 0.2222 -0.2198 0.9499
vn 0.1419 -0.9592 -0.2445
vn 0.2582 -0.8227 -0.5065
vn -0.1301 -0.5690 0.8120
vn 0.0463 -0.6511 0.7576
vn -0.0722 0.6324 0.7713
vn -0.0434 0.6776 0.7342
vn 0.0715 0.7323 0.6772
vn -0.1698 0.7303 0.6617
vn 0.1126 -0.8944 0.4329
vn 0.2409 -0.9045 0.3519
vn 0.1088 -0.5062 0.8555
vn 0.1362 -0.5150 0.8463
vn 0.4696 -0.3461 0.8122
vn 0.4616 -0.2853 0.8400
vn 0.5564 -0.5960 0.5789
vn 0.5457 -0.4354 0.7159
vn 0.5469 -0.7758 0.3147
vn 0.4999 -0.7919 0.3507
vn 0.3417 -0.6573 0.6717
vn 0.1628 -0.6333 0.7566
vn 0.1874 -0.4428 0.8768
vn 0.0786 -0.4230 0.9027
vn 0.0286 -0.2169 0.9758
vn -0.1065 -0.1900 0.9760
vn 0.0150 -0.2057 0.9785
vn 0.0139 -0.2055 0.9786
vn 0.2772 -0.4164 0.8659
vn 0.2192 -0.4211 0.8801
vn 0.6510 -0.3473 0.6750
vn 0.5203 -0.4208 0.7431
vn 0.0917 0.8184 0.5673
vn 0.0574 0.8003 0.5969
vn -0.0994 0.7833 0.6137
vn -0.0378 0.8437 0.5355
vn 0.4759 -0.3945 0.7861
vn 0.3106 -0.4387 0.8432
vn 0.2556 -0.3903 0.8845
vn 0.2646 -0.4609 0.8471
vn 0.2147 -0.4243 0.8797
vn 0.2186 -0.4680 0.8563
vn 0.2741 -0.2820 0.9194
vn 0.2674 -0.2523 0.9300
vn 0.3395 0.0624 0.9385
vn 0.3439 0.0665 0.9367
vn 0.3369 0.0484 0.9403
vn 0.3281 0.0675 0.9422
vn 0.2968 -0.1547 0.9423
vn 0.2901 -0.1375 0.9471
vn 0.2770 -0.3657 0.8885
vn 0.2374 -0.4103 0.8805
vn 0.0346 -0.8991 0.4365
vn 0.0099 -0.9787 0.2051
vn -0.3116 -0.7860 -0.5339
vn -0.3123 -0.7848 -0.5353
vn 0.0930 -0.9458 0.3113
vn 0.0204 -0.9273 0.3738
vn -0.2166 -0.4888 0.8451
vn -0.2910 -0.4142 0.8624
vn -0.2657 -0.2766 0.9235
vn -0.3102 -0.2283 0.9228
vn -0.2759 -0.0627 0.9591
vn -0.3612 0.0261 0.9321
vn -0.2681 -0.0829 0.9598
vn -0.2577 -0.0144 0.9661
vn 0.0645 -0.5139 0.8554
vn 0.0368 -0.4982 0.8663
vn 0.4392 -0.4097 0.7996
vn 0.4387 -0.4130 0.7981
vn 0.4100 -0.4301 0.8043
vn 0.4055 -0.4529 0.7940
vn 0.4677 -0.3905 0.7930
vn 0.4736 -0.3461 0.8099
vn 0.6535 -0.0558 0.7548
vn 0.6536 -0.0566 0.7547
vn 0.6537 -0.0199 0.7565
vn 0.6579 -0.0421 0.7519
vn 0.5806 -0.2749 0.7664
vn 0.5786 -0.2352 0.7809
vn 0.4312 -0.5999 0.6739
vn 0.4424 -0.5372 0.7181
vn 0.1159 -0.8941 0.4326
vn 0.1131 -0.8982 0.4249
vn -0.5308 -0.7835 -0.3231
vn -0.3108 -0.9434 -0.1162
vn 0.4364 -0.8315 -0.3439
vn 0.4559 -0.7709 -0.4448
vn 0.1304 0.7374 0.6628
vn 0.2098 0.7848 0.5832
vn 0.2072 0.7407 0.6390
vn 0.1654 0.7917 0.5881
vn 0.2470 0.6034 0.7582
vn 0.1317 0.6014 0.7880
vn 0.1531 0.6295 0.7618
vn 0.1586 0.6367 0.7546
vn 0.1517 0.0196 0.9882
vn 0.2488 -0.0708 0.9660
vn 0.2428 0.1180 0.9629
vn 0.2506 0.0665 0.9658
vn 0.1278 0.4426 0.8876
vn 0.1219 0.4476 0.8859
vn 0.1902 -0.4219 0.8865
vn 0.2061 -0.4831 0.8510
vn 0.1634 -0.4413 0.8824
vn 0.1711 -0.4762 0.8625
vn 0.2020 -0.2519 0.9464
vn 0.2106 -0.2782 0.9372
vn 0.2431 0.0893 0.9659
vn 0.2574 0.0614 0.9643
vn 0.2184 0.0765 0.9729
vn 0.2378 0.0428 0.9704
vn 0.1745 -0.1120 0.9783
vn 0.1912 -0.1454 0.9707
vn 0.1656 -0.3474 0.9230
vn 0.1490 -0.2945 0.9439
vn -0.0028 -0.8898 0.4564
vn -0.0020 -0.9048 0.4259
vn -0.1911 -0.7898 -0.5829
vn -0.2620 -0.5942 -0.7604
vn 0.3171 -0.3699 0.8733
vn 0.3184 -0.4266 0.8465
vn 0.2716 -0.4255 0.8633
vn 0.2708 -0.4502 0.8509
vn 0.3481 -0.2844 0.8933
vn 0.3477 -0.2800 0.8948
vn 0.4630 0.0314 0.8858
vn 0.4433 0.0141 0.8963
vn 0.4632 0.0323 0.8856
vn 0.4677 0.0197 0.8837
vn 0.4150 -0.1989 0.8878
vn 0.4112 -0.1839 0.8928
vn 0.3375 -0.4673 0.8171
vn 0.3340 -0.4302 0.8386
vn -0.0740 -0.9661 0.2475
vn -0.0784 -0.9735 0.2150
vn -0.4852 -0.7604 -0.4318
vn -0.2859 -0.9465 -0.1496
vn -0.3080 0.9102 0.2768
vn -0.5144 0.8573 -0.0189
vn 0.1518 0.8142 0.5604
vn 0.1009 0.8243 0.5571
vn 0.5837 -0.4567 0.6713
vn 0.6013 -0.3791 0.7034
vn 0.6270 -0.3962 0.6708
vn 0.6468 -0.2790 0.7098
vn 0.5742 -0.2412 0.7824
vn 0.5740 -0.2224 0.7881
vn 0.5026 -0.1756 0.8465
vn 0.5047 -0.1913 0.8418
vn 0.3876 -0.1563 0.9085
vn 0.4060 -0.1427 0.9027
vn 0.2949 -0.1404 0.9452
vn 0.3075 -0.1309 0.9425
vn 0.2246 -0.1185 0.9672
vn 0.2312 -0.1328 0.9638
vn 0.0403 -0.1324 0.9904
vn -0.0050 -0.0670 0.9977
vn -0.1404 -0.2283 0.9634
vn -0.0938 -0.1479 0.9845
vn -0.1628 -0.2236 0.9610
vn -0.0645 -0.3282 0.9424
vn -0.0734 -0.3790 0.9225
vn -0.0750 -0.3280 0.9417
vn 0.0257 -0.3856 0.9223
vn -0.0073 -0.3636 0.9315
vn 0.0214 -0.4265 0.9042
vn 0.0146 -0.3907 0.9204
vn 0.0713 -0.3093 0.9483
vn 0.1638 -0.3164 0.9344
vn 0.5238 -0.4668 0.7126
vn 0.5173 -0.4938 0.6990
vn 0.5374 -0.4829 0.6914
vn 0.5496 -0.4321 0.7150
vn 0.6453 -0.5316 0.5487
vn 0.6646 -0.4825 0.5705
vn 0.7569 -0.3138 0.5733
vn 0.7752 -0.1699 0.6084
vn 0.6741 -0.3911 0.6266
vn 0.7010 -0.2042 0.6833
vn 0.6344 -0.4141 0.6527
vn 0.6633 -0.3733 0.6486
vn 0.6899 -0.3349 0.6418
vn 0.7011 -0.3709 0.6091
vn 0.7461 -0.2737 0.6070
vn 0.7618 -0.3228 0.5617
vn 0.8117 -0.1867 0.5534
vn 0.8312 -0.2449 0.4991
vn 0.8663 -0.1034 0.4888
vn 0.8850 -0.1493 0.4411
vn 0.8936 -0.0282 0.4479
vn 0.9141 -0.0675 0.3999
vn 0.9171 -0.0068 0.3985
vn 0.9204 0.0410 0.3887
vn 0.9246 0.0690 0.3746
vn 0.9329 0.0565 0.3556
vn 0.9321 0.0992 0.3483
vn 0.9310 0.1006 0.3509
vn 0.9376 0.0681 0.3411
vn 0.9286 0.0792 0.3626
vn 0.9440 0.0501 0.3262
vn 0.9342 0.0627 0.3511
vn 0.9499 0.0351 0.3105
vn 0.9417 0.0463 0.3333
vn -0.0996 0.8375 0.5373
vn -0.1006 0.8400 0.5332
vn 0.3013 -0.6340 0.7122
vn 0.5802 -0.5211 0.6260
vn 0.7252 -0.2595 0.6378
vn 0.7413 -0.3253 0.5871
vn 0.6117 -0.3198 0.7236
vn 0.5774 -0.5151 0.6334
vn 0.6219 -0.4343 0.6516
vn 0.6281 -0.3846 0.6764
vn 0.6585 -0.4390 0.6113
vn 0.6058 -0.4776 0.6363
vn 0.6024 -0.4454 0.6624
vn 0.6052 -0.3021 0.7365
vn 0.6488 -0.3500 0.6757
vn 0.7258 -0.2826 0.6272
vn 0.9454 0.0217 0.3252
vn 0.9373 0.0305 0.3472
vn 0.9369 0.0483 0.3464
vn 0.9353 0.0270 0.3527
vn 0.9322 0.0615 0.3567
vn 0.9306 0.0372 0.3640
vn 0.9364 0.0761 0.3425
vn 0.9370 0.0754 0.3410
vn 0.9384 0.0546 0.3413
vn 0.9315 0.0634 0.3582
vn 0.9284 0.0381 0.3697
vn 0.9271 0.0066 0.3748
vn 0.9138 -0.0647 0.4011
vn 0.9183 -0.0061 0.3958
vn 0.8849 -0.1488 0.4413
vn 0.8936 -0.0877 0.4401
vn 0.8314 -0.2264 0.5074
vn 0.8408 -0.1863 0.5082
vn 0.7648 -0.2673 0.5862
vn 0.7792 -0.2969 0.5520
vn 0.7167 -0.3569 0.5991
vn 0.7055 -0.3339 0.6252
vn 0.6771 -0.3716 0.6352
vn 0.6578 -0.4046 0.6353
vn 0.6416 -0.3662 0.6740
vn 0.5474 -0.4318 0.7169
vn 0.5297 -0.4630 0.7107
vn 0.5285 -0.4768 0.7024
vn 0.5446 -0.4282 0.7212
vn 0.5459 -0.4741 0.6908
vn 0.5441 -0.4600 0.7017
vn 0.5443 -0.4289 0.7210
vn 0.5601 -0.4558 0.6917
vn 0.5320 -0.4714 0.7034
vn 0.5682 -0.4304 0.7014
vn 0.5679 -0.4603 0.6824
vn 0.3862 0.1943 0.9017
vn 0.3856 0.1971 0.9014
vn 0.1953 0.4588 0.8668
vn 0.1925 0.5611 0.8050
vn 0.7774 -0.3120 0.5461
vn 0.7862 -0.3317 0.5213
vn 0.5136 -0.1207 0.8495
vn 0.4879 -0.1403 0.8616
vn 0.5706 -0.1616 0.8052
vn 0.5482 -0.1443 0.8238
vn 0.4684 -0.2121 0.8577
vn 0.4842 -0.1860 0.8550
vn 0.5326 -0.2015 0.8221
vn 0.4995 -0.2522 0.8288
vn 0.9497 -0.3066 -0.0629
vn 0.9398 -0.3278 -0.0966
vn 0.9303 -0.3667 -0.0048
vn 0.9237 -0.3819 -0.0311
vn 0.6215 -0.1626 0.7663
vn 0.5864 -0.1941 0.7864
vn 0.5626 -0.2425 0.7904
vn 0.5603 -0.2458 0.7910
vn 0.9110 -0.4122 0.0094
vn 0.9073 -0.4205 -0.0050
vn 0.8970 -0.4155 0.1507
vn 0.8976 -0.4122 0.1564
vn 0.8877 -0.4015 0.2252
vn 0.8873 -0.4110 0.2094
vn 0.8781 -0.3875 0.2807
vn 0.8787 -0.3989 0.2623
vn 0.8618 -0.3602 0.3572
vn 0.8640 -0.3721 0.3391
vn 0.8335 -0.3316 0.4419
vn 0.8385 -0.3493 0.4182
vn 0.8384 -0.3059 0.4511
vn 0.8149 -0.3298 0.4767
vn 0.6194 -0.2119 0.7559
vn 0.6390 -0.1942 0.7443
vn 0.8697 -0.3850 0.3088
vn 0.8424 -0.4095 0.3502
vn 0.8473 -0.3158 0.4271
vn 0.8561 -0.3482 0.3818
vn 0.8435 -0.3774 0.3822
vn 0.8637 -0.3588 0.3540
vn 0.8550 -0.3943 0.3368
vn 0.8704 -0.3798 0.3132
vn 0.8029 -0.2944 0.5183
vn 0.8217 -0.2756 0.4989
vn 0.8335 -0.3212 0.4495
vn 0.8387 -0.3399 0.4256
vn 0.7106 -0.2451 0.6596
vn 0.7243 -0.2353 0.6481
vn 0.7388 -0.2599 0.6217
vn 0.7545 -0.2472 0.6080
vn 0.8238 -0.2957 0.4836
vn 0.8314 -0.3211 0.4534
vn 0.8110 -0.2637 0.5222
vn 0.7947 -0.2812 0.5379
vn 0.9533 -0.2636 -0.1472
vn 0.9509 -0.2939 -0.0965
vn 0.5071 -0.1771 0.8435
vn 0.5219 -0.2381 0.8191
vn 0.4932 -0.1834 0.8503
vn 0.4944 -0.1938 0.8473
vn 0.8788 -0.4573 0.1361
vn 0.8811 -0.4472 0.1540
vn 0.8798 -0.4732 0.0443
vn 0.8797 -0.4734 0.0448
vn 0.8791 -0.4762 0.0213
vn 0.8810 -0.4729 0.0100
vn 0.8485 -0.5186 0.1052
vn 0.8531 -0.5047 0.1326
vn 0.8501 -0.5226 0.0646
vn 0.8549 -0.5169 0.0445
vn 0.8548 -0.5171 0.0426
vn 0.8588 -0.5119 0.0229
vn 0.8755 -0.4280 0.2243
vn 0.8303 -0.4684 0.3020
vn 0.8221 -0.5614 0.0947
vn 0.8238 -0.5575 0.1028
vn 0.8283 -0.5541 0.0834
vn 0.8326 -0.5499 0.0658
vn 0.8326 -0.5496 0.0681
vn 0.8372 -0.5450 0.0454
vn 0.8441 -0.4391 0.3077
vn 0.8727 -0.4133 0.2600
vn 0.8247 -0.5076 0.2493
vn 0.8610 -0.4750 0.1820
vn 0.8441 -0.5185 0.1370
vn 0.8065 -0.5529 0.2093
vn 0.7880 -0.6050 0.1140
vn 0.7833 -0.6146 0.0936
vn 0.7936 -0.5945 0.1294
vn 0.8041 -0.5881 0.0871
vn 0.8021 -0.5701 0.1779
vn 0.8250 -0.5608 0.0699
vn 0.7999 -0.5763 0.1675
vn 0.8204 -0.5578 0.1254
vn 0.7822 -0.6180 0.0795
vn 0.7637 -0.6349 0.1171
vn 0.6058 -0.2534 0.7542
vn 0.6038 -0.2458 0.7583
vn 0.5953 -0.3077 0.7422
vn 0.5922 -0.2732 0.7581
vn 0.7016 -0.3471 0.6224
vn 0.6950 -0.3133 0.6472
vn 0.6787 -0.4316 0.5942
vn 0.6783 -0.3831 0.6270
vn 0.5542 -0.7593 0.3410
vn 0.6109 -0.7429 0.2738
vn 0.2755 -0.9301 0.2431
vn 0.3006 -0.9291 0.2157
vn 0.1501 -0.9644 0.2178
vn 0.1482 -0.9642 0.2197
vn 0.8313 -0.4749 0.2889
vn 0.8194 -0.5390 0.1952
vn 0.7489 -0.6538 0.1080
vn 0.7677 -0.6373 0.0665
vn 0.7476 -0.5935 0.2980
vn 0.8088 -0.5482 0.2128
vn 0.7527 -0.6389 0.1587
vn 0.7327 -0.6740 0.0939
vn 0.7838 -0.4011 0.4741
vn 0.7373 -0.4227 0.5270
vn 0.7563 -0.6408 0.1317
vn 0.7724 -0.6063 0.1891
vn 0.7213 -0.6922 0.0217
vn 0.7019 -0.7096 0.0618
vn 0.6986 -0.7143 0.0413
vn 0.7023 -0.7099 0.0525
vn 0.7234 -0.5585 0.4059
vn 0.7349 -0.4790 0.4800
vn 0.5902 -0.8064 0.0355
vn 0.6093 -0.7894 0.0746
vn 0.5190 -0.8543 0.0269
vn 0.5115 -0.8592 0.0136
vn 0.5909 -0.8066 0.0156
vn 0.5780 -0.8160 -0.0101
vn 0.5115 -0.8591 -0.0200
vn 0.4986 -0.8658 -0.0427
vn 0.2751 -0.9561 -0.1010
vn 0.2810 -0.9553 -0.0923
vn 0.5526 -0.8330 -0.0292
vn 0.5605 -0.8280 -0.0122
vn 0.4620 -0.8861 -0.0365
vn 0.4761 -0.8768 -0.0673
vn 0.5530 -0.8331 0.0146
vn 0.5534 -0.8328 0.0156
vn 0.4639 -0.8858 0.0134
vn 0.4580 -0.8890 0.0008
vn 0.6748 -0.7333 0.0831
vn 0.6906 -0.7128 0.1228
vn 0.6748 -0.7334 0.0824
vn 0.6508 -0.7588 0.0260
vn 0.6363 -0.7714 -0.0023
vn 0.6402 -0.7682 0.0070
vn 0.6314 -0.7752 0.0206
vn 0.6362 -0.7708 0.0331
vn 0.5515 -0.8322 0.0584
vn 0.5539 -0.8301 0.0646
vn 0.6293 -0.7745 0.0644
vn 0.6311 -0.7725 0.0697
vn 0.6973 -0.7122 0.0803
vn 0.6953 -0.7150 0.0737
vn 0.7444 -0.6621 0.0868
vn 0.7491 -0.6541 0.1050
vn 0.7867 -0.6069 0.1128
vn 0.7982 -0.5755 0.1781
vn 0.8272 -0.5308 0.1843
vn 0.8305 -0.5095 0.2250
vn 0.8571 -0.4605 0.2309
vn 0.8574 -0.4424 0.2629
vn 0.8695 -0.4163 0.2657
vn 0.8681 -0.3964 0.2989
vn 0.4711 -0.8777 0.0878
vn 0.4610 -0.8852 0.0630
vn 0.7884 -0.6063 0.1040
vn 0.7937 -0.5948 0.1271
vn 0.8227 -0.5629 0.0792
vn 0.8277 -0.5518 0.1019
vn 0.8499 -0.5209 0.0798
vn 0.8498 -0.5211 0.0795
vn 0.8820 -0.4617 0.0949
vn 0.8794 -0.4691 0.0815
vn 0.3644 -0.9312 -0.0118
vn 0.3718 -0.9283 0.0033
vn 0.3784 -0.9208 -0.0941
vn 0.3681 -0.9271 -0.0714
vn 0.4059 -0.9123 -0.0544
vn 0.3836 -0.9191 -0.0900
vn 0.9957 -0.0245 0.0892
vn 0.9935 0.0018 0.1139
vn 0.9885 0.0220 0.1498
vn 0.9861 0.0017 0.1660
vn 0.9778 0.0316 0.2072
vn 0.9766 0.0235 0.2138
vn 0.9472 0.0474 0.3172
vn 0.9445 0.0558 0.3237
vn 0.8570 0.1339 0.4976
vn 0.8660 0.1119 0.4873
vn 0.8209 0.1521 0.5504
vn 0.8265 0.1658 0.5380
vn 0.7726 0.1936 0.6046
vn 0.7733 0.1951 0.6033
vn 0.7168 0.2183 0.6622
vn 0.7202 0.2260 0.6559
vn 0.3938 0.1453 0.9076
vn 0.4138 0.1290 0.9012
vn 0.1794 0.7141 0.6767
vn 0.1611 0.7309 0.6633
vn -0.0076 0.9232 0.3842
vn -0.0950 0.9845 0.1476
vn 0.9974 -0.0243 0.0684
vn 0.9959 0.0006 0.0907
vn 0.9886 0.0155 0.1495
vn 0.9905 0.0020 0.1377
vn 0.9785 0.0046 0.2061
vn 0.9757 0.0193 0.2183
vn 0.9481 0.0226 0.3172
vn 0.9501 0.0148 0.3115
vn 0.8647 0.1289 0.4854
vn 0.8784 0.0911 0.4691
vn 0.8276 0.1527 0.5402
vn 0.8347 0.1674 0.5247
vn 0.7774 0.2228 0.5883
vn 0.7711 0.2105 0.6009
vn 0.7097 0.2602 0.6547
vn 0.7129 0.2664 0.6488
vn 0.5061 -0.1554 0.8484
vn 0.4453 -0.0905 0.8908
vn 0.6777 -0.7055 0.2074
vn 0.7427 -0.6594 0.1167
vn 0.5183 -0.8535 0.0534
vn 0.5396 -0.8416 0.0234
vn 0.2816 -0.9595 0.0018
vn 0.2774 -0.9607 0.0069
vn 0.1593 -0.9872 0.0053
vn 0.1567 -0.9876 0.0082
vn 0.4064 -0.9137 0.0010
vn 0.4073 -0.9133 0.0025
vn 0.2817 -0.9594 -0.0102
vn 0.2761 -0.9610 -0.0185
vn 0.1686 -0.9856 -0.0136
vn 0.1601 -0.9868 -0.0257
vn 0.3790 -0.9181 0.1161
vn 0.3706 -0.9238 0.0964
vn 0.0617 -0.9979 0.0210
vn 0.0663 -0.9977 0.0105
vn 0.0624 -0.9911 -0.1172
vn 0.0603 -0.9917 -0.1132
vn 0.0673 -0.9921 -0.1056
vn 0.0705 -0.9924 -0.1010
vn 0.0665 -0.9977 -0.0118
vn 0.0628 -0.9979 -0.0168
vn 0.0626 -0.9980 0.0131
vn 0.0576 -0.9983 0.0076
vn 0.0528 -0.9732 0.2237
vn 0.0476 -0.9746 0.2187
vn 0.0366 -0.7112 0.7020
vn 0.0337 -0.7135 0.6998
vn 0.4073 -0.9133 0.0051
vn 0.4166 -0.9089 0.0181
vn 0.0593 0.6888 0.7225
vn -0.0226 0.6110 0.7913
vn 0.1723 0.6370 0.7514
vn 0.1165 0.7369 0.6659
vn 0.6810 0.3881 0.6209
vn 0.7566 0.3344 0.5618
vn 0.6109 -0.4173 0.6728
vn 0.7047 -0.5788 0.4104
vn 0.6826 0.3121 0.6607
vn 0.5434 0.3967 0.7398
vn 0.4744 -0.4618 0.7494
vn 0.1407 -0.4995 0.8548
vn 0.3073 -0.6891 0.6563
vn 0.4712 -0.6674 0.5766
vn 0.3026 0.2846 0.9096
vn 0.3648 0.2937 0.8836
vn 0.3268 0.3244 0.8877
vn 0.4205 0.3366 0.8426
vn 0.4021 0.3526 0.8450
vn 0.5094 0.3628 0.7803
vn 0.5954 -0.4125 0.6895
vn 0.5912 -0.4529 0.6673
vn 0.5877 -0.4508 0.6718
vn 0.5490 -0.4704 0.6909
vn 0.0859 0.3433 0.9353
vn 0.1301 0.5988 0.7902
vn 0.1051 0.2172 0.9705
vn 0.1655 0.4014 0.9008
vn 0.2665 0.1852 0.9459
vn 0.3047 0.1888 0.9335
vn 0.0017 0.1343 0.9909
vn 0.0524 0.3642 0.9298
vn 0.0733 0.1351 0.9881
vn 0.0920 0.2280 0.9693
vn 0.1382 0.1732 0.9751
vn 0.1533 0.2715 0.9502
vn 0.5697 -0.2670 0.7773
vn 0.6172 -0.2272 0.7533
vn 0.6109 -0.3185 0.7249
vn 0.6105 -0.3187 0.7250
vn 0.6362 -0.4208 0.6466
vn 0.6398 -0.4089 0.6507
vn 0.5841 -0.3865 0.7138
vn 0.5842 -0.3819 0.7161
vn 0.5679 -0.4246 0.7051
vn 0.5673 -0.4083 0.7151
vn 0.5614 -0.4262 0.7094
vn 0.5658 -0.4768 0.6727
vn 0.6036 -0.4190 0.6783
vn 0.6077 -0.4486 0.6554
vn 0.5857 -0.4209 0.6927
vn 0.5904 -0.4531 0.6679
vn 0.6262 -0.4055 0.6659
vn 0.6270 -0.4342 0.6468
vn 0.5715 -0.3736 0.7306
vn 0.5842 -0.3624 0.7262
vn 0.5645 -0.4221 0.7093
vn 0.5952 -0.3938 0.7005
vn 0.5815 -0.4368 0.6864
vn 0.6214 -0.3960 0.6761
vn 0.6236 -0.4224 0.6578
vn 0.6352 -0.4078 0.6559
vn 0.6115 -0.4290 0.6649
vn 0.6261 -0.4130 0.6614
vn 0.6355 -0.4063 0.6566
vn 0.6352 -0.4067 0.6566
vn 0.3748 0.1876 0.9079
vn 0.4424 0.1276 0.8877
vn 0.4983 0.1673 0.8507
vn 0.5009 0.1648 0.8497
vn 0.6583 0.1402 0.7396
vn 0.6606 0.1371 0.7381
vn 0.8705 0.1311 0.4744
vn 0.8616 0.1133 0.4948
vn 0.4382 0.3109 0.8434
vn 0.4169 0.2894 0.8617
vn 0.4443 0.2737 0.8530
vn 0.4779 0.3139 0.8204
vn 0.5477 0.3457 0.7619
vn 0.5587 0.3574 0.7484
vn 0.8664 0.1333 0.4812
vn 0.8780 0.1532 0.4535
vn 0.2048 0.1078 0.9729
vn 0.1957 0.0961 0.9759
vn 0.0044 0.2991 0.9542
vn 0.0030 0.3004 0.9538
vn 0.0190 0.3014 0.9533
vn 0.0166 0.3035 0.9527
vn 0.0265 0.3499 0.9364
vn 0.0209 0.3544 0.9348
vn 0.0166 0.3060 0.9519
vn 0.0085 0.3131 0.9497
vn 0.0232 0.3137 0.9493
vn 0.0181 0.3180 0.9479
vn 0.2139 0.4298 0.8772
vn 0.2123 0.4316 0.8767
vn 0.1984 0.5356 0.8209
vn 0.2096 0.5447 0.8120
vn 0.7845 0.1396 0.6042
vn 0.8025 0.1067 0.5871
vn 0.8647 0.3025 0.4011
vn 0.8581 0.2919 0.4225
vn 0.5503 0.4688 0.6910
vn 0.5416 0.4618 0.7025
vn 0.6436 0.2914 0.7077
vn 0.6402 0.2855 0.7132
vn 0.8497 0.3108 0.4260
vn 0.8459 0.2934 0.4453
vn 0.7443 0.0850 0.6624
vn 0.6150 0.1000 0.7822
vn 0.8379 0.1206 0.5324
vn 0.7760 0.1275 0.6177
vn 0.6030 0.0842 0.7933
vn 0.5646 -0.0866 0.8208
vn 0.7678 0.0048 0.6407
vn 0.7780 0.1243 0.6159
vn 0.6981 -0.0638 0.7132
vn 0.7238 0.0788 0.6855
vn 0.0662 -0.9695 0.2361
vn 0.0623 -0.9720 0.2266
vn -0.7333 -0.6747 -0.0837
vn -0.4231 -0.9056 -0.0309
vn -0.3228 -0.9402 -0.1089
vn -0.3305 -0.9365 -0.1173
vn 0.2249 -0.6470 0.7286
vn 0.2158 -0.6335 0.7430
vn 0.9980 -0.0041 0.0635
vn 0.9981 -0.0075 0.0606
vn 0.9889 -0.0083 0.1483
vn 0.9878 0.0011 0.1560
vn 0.8907 0.0702 0.4491
vn 0.8876 0.0815 0.4533
vn 0.9495 0.0184 0.3132
vn 0.9504 0.0147 0.3107
vn 0.9754 0.0006 0.2203
vn 0.9747 0.0048 0.2236
vn 0.8873 0.1061 0.4489
vn 0.8785 0.0890 0.4694
vn 0.9504 0.0082 0.3109
vn 0.9502 0.0091 0.3115
vn 0.9747 -0.0065 0.2234
vn 0.9760 -0.0003 0.2178
vn 0.9889 -0.0066 0.1483
vn 0.9904 0.0053 0.1378
vn 0.9981 -0.0096 0.0605
vn 0.9976 0.0008 0.0695
vn 0.0763 0.2095 0.9748
vn 0.0738 0.1460 0.9865
vn 0.0847 0.1541 0.9844
vn 0.1289 0.1848 0.9743
vn 0.2534 0.2731 0.9280
vn 0.2410 0.3657 0.8990
vn 0.3712 0.3032 0.8776
vn 0.3493 0.4417 0.8264
vn 0.0619 0.1075 0.9923
vn 0.0616 0.1108 0.9919
vn 0.0194 -0.1650 0.9861
vn 0.0164 -0.1460 0.9891
vn 0.1253 0.1419 0.9819
vn 0.1234 0.1404 0.9824
vn 0.2210 0.2403 0.9452
vn 0.2112 0.2986 0.9307
vn 0.3019 0.2824 0.9106
vn 0.2865 0.3667 0.8851
vn 0.1148 0.1164 0.9866
vn 0.1179 0.0913 0.9888
vn 0.0758 -0.0165 0.9970
vn 0.0746 -0.0070 0.9972
vn 0.0899 -0.1784 0.9798
vn 0.0889 -0.1740 0.9807
vn 0.1597 0.1577 0.9745
vn 0.1649 0.1294 0.9778
vn 0.2190 0.1937 0.9563
vn 0.2083 0.2478 0.9462
vn 0.2830 0.2487 0.9263
vn 0.2716 0.3044 0.9130
vn 0.1623 0.1217 0.9792
vn 0.1653 0.1050 0.9806
vn 0.1303 -0.0094 0.9914
vn 0.1338 -0.0284 0.9906
vn 0.1815 -0.1840 0.9660
vn 0.1822 -0.1865 0.9654
vn 0.2162 0.1405 0.9662
vn 0.2097 0.1703 0.9628
vn 0.2319 0.1858 0.9548
vn 0.1929 0.1668 0.9669
vn 0.2649 0.2617 0.9281
vn 0.2714 0.2335 0.9337
vn 0.2304 0.1065 0.9673
vn 0.2194 0.1529 0.9636
vn 0.2161 -0.0201 0.9762
vn 0.2089 0.0089 0.9779
vn 0.2798 -0.1640 0.9460
vn 0.2849 -0.1776 0.9420
vn 0.2622 0.1995 0.9442
vn 0.2760 0.1471 0.9498
vn 0.2197 0.1775 0.9593
vn 0.2275 0.1450 0.9629
vn 0.2620 0.1991 0.9443
vn 0.2496 0.2490 0.9358
vn 0.2820 0.1786 0.9426
vn 0.2944 0.1374 0.9457
vn 0.2829 0.0558 0.9575
vn 0.3007 0.0003 0.9537
vn -0.0767 0.0646 0.9950
vn -0.0807 -0.0102 0.9967
vn -0.0055 0.1206 0.9927
vn -0.0087 0.0626 0.9980
vn 0.0137 0.0068 0.9999
vn 0.0130 0.0186 0.9997
vn -0.0515 -0.1308 0.9901
vn -0.0553 -0.0916 0.9943
vn -0.0269 -0.2085 0.9777
vn -0.0174 -0.2503 0.9680
vn -0.0411 -0.2599 0.9648
vn -0.0596 -0.1969 0.9786
vn 0.0535 -0.2564 0.9651
vn 0.0612 -0.2812 0.9577
vn 0.0503 -0.2711 0.9612
vn 0.0461 -0.2603 0.9644
vn 0.1466 -0.2768 0.9497
vn 0.1575 -0.3047 0.9393
vn 0.1259 -0.2625 0.9567
vn 0.1433 -0.2980 0.9438
vn 0.2379 -0.6336 0.7362
vn 0.2894 -0.6201 0.7291
vn 0.1617 -0.5476 0.8210
vn 0.1493 -0.5471 0.8237
vn -0.1025 -0.1977 0.9749
vn -0.0424 -0.1198 0.9919
vn 0.0336 -0.2241 0.9740
vn 0.0586 -0.1862 0.9808
vn 0.1179 -0.2044 0.9718
vn 0.1299 -0.2266 0.9653
vn -0.1388 0.0664 0.9881
vn -0.1417 -0.0517 0.9886
vn -0.1292 -0.1194 0.9844
vn -0.1154 -0.1891 0.9751
vn -0.1790 0.1016 0.9786
vn -0.1786 -0.0083 0.9839
vn -0.1024 -0.1511 0.9832
vn -0.0954 -0.1961 0.9759
vn 0.2533 -0.2878 0.9236
vn 0.2677 -0.3178 0.9096
vn 0.2517 -0.3038 0.9189
vn 0.2331 -0.2727 0.9334
vn 0.3966 -0.2685 0.8778
vn 0.3995 -0.2733 0.8750
vn 0.3947 -0.3171 0.8623
vn 0.3500 -0.2558 0.9011
vn 0.5271 -0.2433 0.8143
vn 0.5099 -0.2234 0.8307
vn 0.5254 -0.1942 0.8284
vn 0.5285 -0.1982 0.8255
vn 0.6234 -0.1015 0.7753
vn 0.6250 -0.1025 0.7739
vn 0.6348 -0.1783 0.7518
vn 0.6021 -0.1573 0.7828
vn 0.6897 0.0012 0.7241
vn 0.7052 -0.0027 0.7090
vn 0.7176 -0.0870 0.6910
vn 0.6967 -0.0823 0.7127
vn 0.7386 0.0781 0.6696
vn 0.7318 0.0782 0.6770
vn 0.7684 0.0088 0.6399
vn 0.7588 0.0091 0.6513
vn 0.3595 0.1217 0.9252
vn 0.3898 0.0486 0.9196
vn 0.3382 0.2202 0.9150
vn 0.3617 0.1568 0.9190
vn 0.3098 0.2384 0.9204
vn 0.3315 0.1711 0.9278
vn 0.2409 0.1974 0.9503
vn 0.2512 0.1575 0.9550
vn 0.2491 0.1994 0.9477
vn 0.2461 0.2105 0.9461
vn 0.2913 0.1996 0.9356
vn 0.2774 0.2543 0.9265
vn 0.2884 0.1524 0.9453
vn 0.3222 0.1507 0.9346
vn 0.3002 0.0905 0.9496
vn 0.2702 0.0930 0.9583
vn 0.2716 0.0610 0.9605
vn 0.2701 0.0611 0.9609
vn 0.2509 0.0712 0.9654
vn 0.2526 0.0442 0.9666
vn 0.3415 0.1447 0.9287
vn 0.3424 0.1379 0.9294
vn 0.4150 0.2453 0.8761
vn 0.4232 0.1935 0.8851
vn 0.4446 0.3273 0.8338
vn 0.5262 0.3046 0.7939
vn 0.5022 0.3985 0.7675
vn 0.4981 0.3488 0.7939
vn 0.5860 0.4031 0.7029
vn 0.5573 0.4280 0.7115
vn 0.5913 0.3795 0.7116
vn 0.6045 0.4019 0.6878
vn 0.6381 0.3746 0.6727
vn 0.6098 0.3366 0.7176
vn 0.6266 0.3349 0.7037
vn 0.5854 0.2885 0.7577
vn 0.5471 0.2918 0.7846
vn 0.5788 0.2599 0.7730
vn 0.2462 0.1396 0.9591
vn 0.2991 0.1846 0.9362
vn 0.1078 0.0939 0.9897
vn 0.0394 0.0383 0.9985
vn 0.0142 0.0189 0.9997
vn -0.0088 0.0365 0.9993
vn 0.2677 0.1859 0.9454
vn 0.2674 0.1869 0.9453
vn 0.2656 0.1813 0.9469
vn 0.3039 0.1967 0.9322
vn 0.3931 0.1999 0.8975
vn 0.3647 0.2789 0.8884
vn 0.4388 0.1842 0.8795
vn 0.4015 0.2744 0.8738
vn 0.4091 0.0679 0.9100
vn 0.4073 0.0781 0.9100
vn 0.4360 0.1348 0.8898
vn 0.4385 0.1238 0.8902
vn 0.4931 0.2862 0.8216
vn 0.5019 0.2612 0.8246
vn 0.5119 0.3378 0.7898
vn 0.5331 0.2842 0.7969
vn 0.7372 0.0999 0.6682
vn 0.7126 0.0926 0.6954
vn 0.7576 0.0642 0.6496
vn 0.7864 0.0722 0.6134
vn 0.9633 0.1095 0.2450
vn 0.9738 0.0814 0.2125
vn 0.6528 0.0670 0.7546
vn 0.6603 0.0765 0.7471
vn 0.6622 0.0587 0.7471
vn 0.6608 0.0652 0.7477
vn 0.6427 0.1368 0.7538
vn 0.6602 0.1553 0.7349
vn 0.6717 0.1206 0.7309
vn 0.6749 0.1077 0.7300
vn 0.5376 0.3509 0.7667
vn 0.5770 0.2504 0.7774
vn 0.4896 0.1000 0.8662
vn 0.4393 0.2044 0.8748
vn 0.5051 -0.0028 0.8631
vn 0.5074 -0.0223 0.8614
vn 0.5417 0.0428 0.8395
vn 0.5404 0.0504 0.8399
vn 0.5690 0.2150 0.7937
vn 0.5859 0.2263 0.7781
vn 0.5818 0.3130 0.7507
vn 0.5908 0.2900 0.7529
vn 0.5944 -0.0718 0.8010
vn 0.5961 -0.0993 0.7968
vn 0.6354 -0.0259 0.7718
vn 0.6378 -0.0475 0.7687
vn 0.6936 0.1303 0.7085
vn 0.6960 0.1211 0.7078
vn 0.7093 0.2213 0.6693
vn 0.7083 0.2244 0.6693
vn 0.6632 -0.1185 0.7390
vn 0.6640 -0.1559 0.7313
vn 0.7076 -0.0714 0.7029
vn 0.7106 -0.1066 0.6955
vn 0.7833 0.0650 0.6182
vn 0.7866 0.0489 0.6155
vn 0.7980 0.1326 0.5879
vn 0.7928 0.1513 0.5904
vn 0.7638 -0.0906 0.6391
vn 0.7678 -0.1419 0.6248
vn 0.8457 0.0236 0.5331
vn 0.8355 0.0141 0.5493
vn 0.8516 0.0742 0.5190
vn 0.8490 0.0847 0.5216
vn 0.8820 -0.0142 0.4710
vn 0.8742 0.0243 0.4850
vn 0.8876 0.0441 0.4585
vn 0.8893 0.0367 0.4558
vn 0.7911 -0.1209 0.5996
vn 0.8277 -0.0999 0.5521
vn 0.9705 -0.0969 0.2210
vn 0.9705 -0.0975 0.2204
vn 0.9738 -0.0379 0.2241
vn 0.9754 -0.0489 0.2151
vn 0.9761 -0.0002 0.2171
vn 0.9762 -0.0000 0.2169
vn 0.9761 0.0064 0.2172
vn 0.9754 0.0105 0.2204
vn 0.9832 -0.0932 0.1571
vn 0.9837 -0.1067 0.1448
vn 0.9877 -0.0450 0.1496
vn 0.9881 -0.0494 0.1459
vn 0.9884 -0.0138 0.1510
vn 0.9890 -0.0104 0.1479
vn 0.9885 -0.0075 0.1512
vn 0.9878 -0.0017 0.1559
vn 0.9939 -0.0883 0.0667
vn 0.9932 -0.1048 0.0509
vn 0.9972 -0.0511 0.0549
vn 0.9971 -0.0580 0.0486
vn 0.9982 -0.0246 0.0542
vn 0.9983 -0.0293 0.0500
vn 0.9982 -0.0267 0.0541
vn 0.9979 -0.0163 0.0631
vn 0.3850 -0.0939 0.9181
vn 0.4055 -0.1356 0.9040
vn 0.7029 -0.2281 0.6737
vn 0.6848 -0.2225 0.6940
vn 0.9657 -0.1434 0.2164
vn 0.9634 -0.1497 0.2222
vn 0.9769 -0.1390 0.1621
vn 0.9770 -0.1504 0.1509
vn 0.9870 -0.1491 0.0608
vn 0.9883 -0.1300 0.0802
vn 0.9780 -0.0861 -0.1902
vn 0.9746 -0.0964 -0.2023
vn 0.1290 0.3801 0.9159
vn 0.1459 0.3656 0.9193
vn 0.1253 0.3352 0.9338
vn 0.1392 0.3230 0.9361
vn 0.1201 0.3150 0.9415
vn 0.1307 0.3054 0.9432
vn 0.0936 0.3378 0.9365
vn 0.1138 0.3197 0.9406
vn 0.0749 0.3485 0.9343
vn 0.0540 0.3253 0.9441
vn 0.2526 -0.7375 0.6264
vn 0.3045 -0.7184 0.6255
vn 0.2176 -0.6988 0.6814
vn 0.2001 -0.7039 0.6816
vn 0.1331 -0.6311 0.7642
vn 0.1298 -0.5876 0.7987
vn 0.6829 -0.1306 0.7187
vn 0.6308 -0.0751 0.7723
vn 0.5208 0.4023 0.7530
vn 0.5262 0.4252 0.7364
vn 0.5581 0.4259 0.7122
vn 0.5652 0.4403 0.6976
vn 0.5440 0.4259 0.7229
vn 0.5363 0.4038 0.7412
vn 0.5178 0.3756 0.7686
vn 0.5232 0.4018 0.7515
vn 0.9779 -0.0669 -0.1979
vn 0.9802 -0.0588 -0.1890
vn 0.9781 -0.0823 -0.1913
vn 0.9842 -0.0586 -0.1669
vn 0.9853 -0.0957 -0.1413
vn 0.9832 -0.0715 -0.1677
vn 0.9843 -0.1058 -0.1415
vn 0.9894 -0.0816 -0.1203
vn 0.9850 -0.1245 -0.1195
vn 0.9916 -0.0902 -0.0923
vn 0.9888 -0.1394 -0.0526
vn 0.9901 -0.1065 -0.0916
vn 0.9844 -0.1685 -0.0514
vn 0.9941 -0.1087 -0.0072
vn 0.9892 -0.1465 -0.0097
vn 0.9934 -0.1097 0.0337
vn 0.9899 -0.1281 0.0613
vn 0.9956 -0.0858 0.0378
vn 0.9906 -0.0938 0.0992
vn 0.9957 -0.0521 0.0760
vn 0.9847 -0.0183 0.1735
vn 0.9880 0.0186 0.1531
vn 0.9842 0.0013 0.1773
vn 0.9771 0.0245 0.2112
vn 0.9463 0.0354 0.3214
vn 0.9463 0.0366 0.3211
vn 0.9352 0.0808 0.3449
vn 0.9358 0.0807 0.3432
vn 0.9419 0.0561 0.3313
vn 0.9416 0.0562 0.3319
vn 0.9284 0.1160 0.3531
vn 0.9297 0.1000 0.3544
vn 0.9176 0.1513 0.3676
vn 0.9191 0.1405 0.3681
vn 0.8803 0.2283 0.4158
vn 0.8202 0.3124 0.4792
vn 0.8151 0.3113 0.4887
vn 0.8616 0.2557 0.4386
vn 0.8588 0.2645 0.4387
vn 0.7329 0.3678 0.5724
vn 0.7225 0.3882 0.5721
vn 0.6738 0.3856 0.6303
vn 0.6588 0.4103 0.6305
vn 0.6316 0.4124 0.6565
vn 0.6231 0.4063 0.6683
vn 0.5823 0.4286 0.6908
vn 0.5758 0.4233 0.6995
vn 0.7924 0.3312 0.5122
vn 0.7874 0.3435 0.5119
vn 0.8399 0.2882 0.4599
vn 0.8380 0.2882 0.4633
vn 0.9784 0.0029 0.2068
vn 0.9698 0.0246 0.2426
vn 0.9579 0.0058 0.2870
vn 0.9534 0.0101 0.3016
vn 0.9527 0.0152 0.3035
vn 0.9496 0.0174 0.3130
vn 0.9662 0.0039 0.2576
vn 0.9613 0.0117 0.2752
vn 0.9620 0.0043 0.2730
vn 0.9574 0.0100 0.2885
vn 0.9667 -0.0029 0.2558
vn 0.9697 0.0260 0.2429
vn 0.6057 0.2162 0.7657
vn 0.5923 0.3412 0.7299
vn 0.7274 0.2164 0.6512
vn 0.6167 0.2302 0.7528
vn 0.7743 0.3038 0.5551
vn 0.7853 0.2901 0.5470
vn 0.4396 0.3822 0.8128
vn 0.4561 0.3986 0.7957
vn 0.4325 0.3243 0.8413
vn 0.4465 0.3386 0.8283
vn 0.4245 0.2847 0.8595
vn 0.4364 0.2972 0.8493
vn 0.3972 0.2947 0.8691
vn 0.4032 0.3014 0.8641
vn 0.4865 0.3285 0.8096
vn 0.5832 0.3281 0.7431
vn 0.3962 0.3002 0.8677
vn 0.5121 0.3031 0.8037
vn 0.3474 0.2671 0.8989
vn 0.4293 0.2698 0.8619
vn 0.3059 0.2536 0.9177
vn 0.3608 0.2553 0.8970
vn 0.3011 0.2306 0.9253
vn 0.3318 0.2313 0.9146
vn 0.2952 0.2058 0.9330
vn 0.3294 0.2061 0.9214
vn 0.3083 0.1943 0.9312
vn 0.3189 0.1423 0.9371
vn 0.3893 0.0349 0.9204
vn 0.4007 0.0344 0.9156
vn 0.4662 -0.0389 0.8838
vn 0.4541 -0.0380 0.8901
vn 0.5422 -0.1027 0.8339
vn 0.5137 -0.0996 0.8522
vn 0.6005 -0.1704 0.7812
vn 0.5842 -0.1673 0.7942
vn 0.6484 -0.2313 0.7253
vn 0.6291 -0.2258 0.7438
vn 0.6546 -0.2482 0.7141
vn 0.6540 -0.2507 0.7138
vn 0.6559 -0.2589 0.7090
vn 0.6586 -0.2611 0.7057
vn 0.6593 -0.2662 0.7032
vn 0.6756 -0.2833 0.6807
vn 0.6750 -0.2679 0.6875
vn 0.6966 -0.2952 0.6539
vn 0.7179 -0.2914 0.6322
vn 0.6973 -0.2609 0.6676
vn 0.7180 -0.2904 0.6326
vn 0.7382 -0.2607 0.6222
vn 0.7314 -0.3118 0.6065
vn 0.7656 -0.2675 0.5851
vn 0.8044 -0.3192 0.5010
vn 0.7910 -0.2811 0.5434
vn 0.8212 -0.3048 0.4825
vn 0.8141 -0.2829 0.5072
vn 0.4305 -0.5918 0.6815
vn 0.5684 -0.4991 0.6540
vn 0.7936 0.1527 0.5890
vn 0.6896 0.1667 0.7047
vn -0.1491 0.0687 0.9864
vn -0.2409 -0.0161 0.9704
vn -0.1700 -0.1102 0.9793
vn -0.1803 -0.0076 0.9836
vn -0.1446 -0.0505 0.9882
vn -0.1379 -0.1411 0.9803
vn -0.0766 -0.0851 0.9934
vn -0.0781 -0.0114 0.9969
vn -0.0052 0.0246 0.9997
vn -0.0048 0.0609 0.9981
vn 0.0617 0.1108 0.9919
vn 0.0615 0.1515 0.9865
vn 0.1140 0.1912 0.9749
vn 0.1136 0.2041 0.9723
vn 0.3081 0.3214 0.8954
vn 0.2995 0.4098 0.8616
vn 0.4501 0.3614 0.8166
vn 0.4269 0.5124 0.7451
vn 0.5436 0.3286 0.7724
vn 0.5210 0.4738 0.7100
vn 0.5601 0.3530 0.7494
vn 0.6595 0.3484 0.6662
vn 0.6284 0.2998 0.7178
vn 0.7115 0.2914 0.6394
vn 0.7386 0.1997 0.6439
vn 0.7252 0.3142 0.6126
vn 0.8065 0.2096 0.5529
vn 0.7508 0.2189 0.6232
vn 0.8510 0.1833 0.4921
vn 0.8372 0.2640 0.4790
vn 0.8675 0.2573 0.4258
vn 0.8375 0.2634 0.4787
vn 0.8586 0.2712 0.4350
vn 0.8413 0.3273 0.4301
vn 0.7457 0.3926 0.5383
vn 0.7715 0.3918 0.5014
vn 0.4035 0.5394 0.7391
vn 0.4140 0.5422 0.7312
vn 0.1754 0.5918 0.7868
vn 0.1862 0.5849 0.7894
vn 0.7958 0.1901 0.5750
vn 0.8513 0.1829 0.4918
vn -0.3056 0.2968 0.9047
vn -0.0872 0.4663 0.8803
vn -0.1769 0.6529 0.7366
vn -0.1832 0.4949 0.8494
vn -0.2495 0.1471 0.9571
vn -0.1382 0.2519 0.9578
vn -0.0012 0.1183 0.9930
vn 0.0560 0.1472 0.9875
vn -0.0991 0.0775 0.9921
vn 0.0075 0.1297 0.9915
vn -0.0883 0.2433 0.9659
vn -0.1174 0.0527 0.9917
vn -0.1614 0.3123 0.9362
vn -0.1864 0.1055 0.9768
vn -0.0555 0.4543 0.8891
vn -0.2938 0.3192 0.9010
vn 0.0194 0.5029 0.8641
vn -0.0853 0.2404 0.9669
vn 0.1895 -0.0516 0.9805
vn 0.1819 -0.0396 0.9825
vn 0.3970 -0.1486 0.9057
vn 0.4594 -0.0775 0.8848
vn 0.6352 -0.1959 0.7471
vn 0.5302 -0.3010 0.7927
vn 0.6385 -0.3345 0.6931
vn 0.6513 -0.4889 0.5803
vn 0.5814 -0.4607 0.6707
vn 0.5800 -0.5894 0.5623
vn 0.3280 -0.5701 0.7533
vn 0.4623 -0.5228 0.7162
vn 0.1757 -0.5191 0.8365
vn 0.2557 -0.5142 0.8187
vn 0.1607 -0.4950 0.8539
vn 0.1485 -0.4932 0.8571
vn 0.0597 -0.4016 0.9139
vn 0.0696 -0.4049 0.9117
vn -0.0767 -0.2679 0.9604
vn -0.0675 -0.2719 0.9600
vn -0.1294 -0.2101 0.9691
vn -0.1884 -0.1821 0.9650
vn 0.0426 -0.4517 0.8912
vn -0.0345 -0.4202 0.9068
vn 0.1050 -0.6251 0.7734
vn 0.1533 -0.6396 0.7533
vn 0.1939 -0.9222 0.3346
vn 0.4067 -0.8986 0.1646
vn 0.3816 -0.5213 0.7633
vn 0.2674 -0.4081 0.8729
vn 0.3103 -0.2221 0.9243
vn 0.1734 -0.0920 0.9805
vn 0.2243 0.3384 0.9139
vn 0.2232 0.1452 0.9639
vn 0.2996 0.3669 0.8807
vn 0.1198 0.5087 0.8526
vn -0.0953 0.8212 0.5626
vn -0.1608 0.8424 0.5143
vn -0.2074 0.7621 0.6134
vn -0.0979 0.7702 0.6302
vn -0.1948 0.6595 0.7261
vn -0.1844 0.7505 0.6346
vn -0.1878 0.5283 0.8280
vn -0.1414 0.7108 0.6890
vn -0.1752 0.3236 0.9298
vn -0.0747 0.6353 0.7687
vn -0.0694 0.8295 0.5542
vn -0.0704 0.8478 0.5256
vn 0.5368 0.7952 -0.2819
vn 0.4939 0.8348 -0.2434
vn 0.4193 0.9055 -0.0648
vn 0.6361 0.7312 -0.2466
vn 0.6774 -0.1731 0.7150
vn 0.6894 -0.1552 0.7075
vn 0.6944 -0.1544 0.7028
vn 0.6848 -0.1687 0.7090
vn 0.6596 -0.2040 0.7234
vn 0.6799 -0.1726 0.7127
vn 0.6545 -0.2176 0.7241
vn 0.6753 -0.1997 0.7100
vn 0.7056 -0.2136 0.6756
vn 0.7010 -0.2180 0.6791
vn 0.7263 -0.2138 0.6533
vn 0.7379 -0.2316 0.6339
vn 0.6505 -0.1995 0.7329
vn 0.6364 -0.2119 0.7417
vn 0.6825 -0.2169 0.6980
vn 0.6714 -0.2055 0.7121
vn 0.0597 -0.5715 0.8184
vn 0.1188 -0.6321 0.7658
vn 0.1194 -0.6248 0.7716
vn 0.1610 -0.6701 0.7246
vn 0.2300 -0.6202 0.7500
vn 0.2420 -0.6503 0.7201
vn 0.2652 -0.4985 0.8253
vn 0.2800 -0.4890 0.8261
vn 0.2114 0.4019 0.8909
vn 0.2341 0.3799 0.8949
vn 0.2115 0.3433 0.9151
vn 0.2247 0.3299 0.9169
vn 0.2107 0.3148 0.9255
vn 0.2182 0.3069 0.9264
vn 0.1951 0.3361 0.9214
vn 0.2022 0.3288 0.9225
vn 0.1640 0.3513 0.9218
vn 0.1758 0.3658 0.9139
vn 0.1937 -0.6886 0.6988
vn 0.2736 -0.6548 0.7046
vn 0.1649 -0.6707 0.7232
vn 0.1855 -0.7044 0.6852
vn 0.2179 -0.7122 0.6673
vn 0.2149 -0.6982 0.6829
vn 0.1060 -0.6720 0.7330
vn 0.1769 -0.6458 0.7428
vn 0.1976 -0.7228 0.6622
vn 0.2150 -0.7162 0.6639
vn 0.3147 -0.1226 0.9412
vn 0.2894 -0.2941 0.9109
vn 0.3586 -0.0821 0.9299
vn 0.3511 -0.1639 0.9219
vn 0.3913 -0.0965 0.9152
vn 0.3906 -0.1192 0.9128
vn 0.4788 -0.2056 0.8535
vn 0.4789 -0.1989 0.8550
vn 0.5760 -0.3836 0.7219
vn 0.5800 -0.3254 0.7468
vn 0.6320 -0.5499 0.5461
vn 0.6475 -0.4690 0.6007
vn 0.6823 -0.6061 0.4087
vn 0.6528 -0.6797 0.3344
vn 0.6378 -0.7621 0.1117
vn 0.6103 -0.7900 0.0583
vn 0.4715 -0.8507 0.2324
vn 0.4228 -0.8588 0.2894
vn 0.4789 -0.7422 0.4688
vn 0.4340 -0.7399 0.5140
vn 0.4382 -0.5501 0.7109
vn 0.3953 -0.5392 0.7436
vn 0.3906 -0.3550 0.8494
vn 0.3458 -0.3403 0.8744
vn 0.3497 -0.1837 0.9187
vn 0.3065 -0.1670 0.9371
vn 0.3039 -0.0856 0.9488
vn 0.3090 -0.0876 0.9470
vn 0.2487 -0.0479 0.9674
vn 0.2968 -0.0676 0.9525
vn 0.9420 -0.3342 -0.0314
vn 0.9337 -0.3524 -0.0632
vn 0.9167 -0.3664 0.1593
vn 0.9240 -0.3556 0.1409
vn 0.9006 -0.3752 0.2194
vn 0.9089 -0.3645 0.2027
vn 0.8805 -0.3850 0.2767
vn 0.8906 -0.3733 0.2598
vn 0.8543 -0.3806 0.3540
vn 0.8482 -0.3869 0.3617
vn 0.8024 -0.3500 0.4834
vn 0.8078 -0.3664 0.4617
vn 0.7994 -0.3193 0.5089
vn 0.7726 -0.3486 0.5306
vn 0.7821 -0.3191 0.5352
vn 0.7643 -0.2753 0.5832
vn 0.7795 -0.2754 0.5627
vn 0.7589 -0.2311 0.6088
vn 0.7442 -0.1987 0.6377
vn 0.7625 -0.2310 0.6044
vn 0.7219 -0.1907 0.6652
vn 0.7278 -0.1992 0.6562
vn 0.7094 -0.1734 0.6831
vn 0.6936 -0.1921 0.6942
vn 0.6559 -0.1996 0.7280
vn 0.6774 -0.1756 0.7143
vn 0.6501 -0.2103 0.7302
vn 0.6594 -0.1993 0.7249
vn 0.6217 -0.2149 0.7532
vn 0.6194 -0.2127 0.7557
vn 0.5564 -0.1921 0.8084
vn 0.5881 -0.2176 0.7789
vn 0.5223 -0.1687 0.8359
vn 0.5593 -0.1919 0.8065
vn 0.4767 -0.1726 0.8620
vn 0.4915 -0.1544 0.8571
vn 0.7436 -0.6505 0.1544
vn 0.7343 -0.6689 0.1158
vn 0.7577 -0.6161 0.2150
vn 0.7785 -0.6134 0.1326
vn 0.7684 -0.5608 0.3084
vn 0.8031 -0.5688 0.1776
vn 0.7407 -0.6413 0.2001
vn 0.7611 -0.6353 0.1311
vn 0.7371 -0.6065 0.2979
vn 0.7222 -0.6541 0.2248
vn 0.7464 -0.4889 0.4516
vn 0.7354 -0.5972 0.3204
vn 0.6628 -0.4544 0.5951
vn 0.7268 -0.5099 0.4603
vn 0.6588 -0.5856 0.4723
vn 0.7122 -0.6312 0.3074
vn 0.5922 -0.4319 0.6803
vn 0.5741 -0.4124 0.7073
vn 0.6000 -0.5002 0.6243
vn 0.5431 -0.4286 0.7221
vn 0.4706 -0.4429 0.7631
vn 0.4924 -0.4662 0.7350
vn 0.3793 -0.4957 0.7813
vn 0.3753 -0.4908 0.7863
vn 0.3593 -0.4563 0.8140
vn 0.3763 -0.4811 0.7918
vn 0.2862 -0.9434 0.1678
vn 0.2691 -0.9548 0.1264
vn 0.2106 -0.1134 0.9710
vn 0.1754 -0.0934 0.9801
vn 0.1860 -0.2105 0.9597
vn 0.2661 -0.1006 0.9587
vn 0.4299 -0.4845 0.7619
vn 0.4618 -0.4804 0.7456
vn 0.3710 -0.4278 0.8242
vn 0.3442 -0.5435 0.7656
vn 0.2726 -0.5029 0.8203
vn 0.2823 -0.5091 0.8131
vn 0.3567 -0.2511 0.8998
vn 0.2018 -0.2057 0.9576
vn 0.2865 -0.2917 0.9126
vn 0.2698 -0.5024 0.8215
vn -0.3293 -0.9442 0.0026
vn -0.5602 -0.8278 0.0295
vn 0.2419 0.7644 0.5976
vn 0.2147 0.7742 0.5954
vn 0.2228 0.7556 0.6160
vn 0.2281 0.7530 0.6172
vn 0.2095 0.7467 0.6313
vn 0.2099 0.7459 0.6321
vn 0.1942 0.7369 0.6475
vn 0.2060 0.7278 0.6542
vn 0.1788 0.7178 0.6729
vn 0.1743 0.7221 0.6695
vn 0.1622 0.6949 0.7005
vn 0.1602 0.7166 0.6789
vn 0.1556 0.6837 0.7130
vn 0.1489 0.6943 0.7041
vn 0.1167 0.7068 0.6977
vn 0.1273 0.6853 0.7171
vn 0.0799 0.7134 0.6962
vn 0.0805 0.7114 0.6981
vn 0.0505 0.7365 0.6746
vn 0.0345 0.7170 0.6962
vn 0.0340 0.7398 0.6720
vn 0.0393 0.7439 0.6671
vn 0.0326 0.7837 0.6203
vn -0.0119 0.7571 0.6532
vn -0.0301 0.8236 0.5664
vn -0.0284 0.8365 0.5472
vn -0.0680 0.8541 0.5157
vn -0.0648 0.8333 0.5490
vn -0.0954 0.8818 0.4619
vn -0.0785 0.8559 0.5111
vn -0.0442 0.8403 0.5403
vn -0.0575 0.8264 0.5601
vn -0.0315 0.8313 0.5549
vn -0.0198 0.8414 0.5401
vn 0.2037 0.8170 0.5394
vn 0.0906 0.7798 0.6195
vn 0.1047 0.7771 0.6207
vn 0.1307 0.7400 0.6598
vn 0.6168 0.1671 0.7691
vn 0.5102 0.2456 0.8242
vn 0.7202 -0.4859 0.4953
vn 0.6467 -0.2818 0.7088
vn 0.5667 -0.7910 0.2306
vn 0.6006 -0.6760 0.4271
vn 0.4272 -0.7870 0.4451
vn 0.3524 -0.9268 0.1300
vn 0.3055 -0.9502 -0.0619
vn 0.4382 -0.7798 0.4471
vn 0.3995 -0.9163 -0.0284
vn 0.3796 -0.9250 -0.0173
vn 0.4057 -0.9137 -0.0253
vn 0.0288 -0.9630 0.2680
vn 0.1693 -0.9662 0.1946
vn 0.0794 -0.9573 0.2780
vn 0.0423 -0.9828 0.1799
vn 0.2431 -0.9690 -0.0437
vn 0.0409 -0.9896 0.1378
vn 0.1556 -0.9866 -0.0492
vn -0.0649 -0.9971 0.0385
vn -0.0884 -0.9860 0.1412
vn -0.0743 -0.9964 0.0413
vn -0.0713 -0.9731 0.2193
vn -0.0751 -0.9724 0.2210
vn -0.0747 -0.9719 0.2230
vn -0.2349 -0.9719 0.0181
vn -0.1926 -0.9377 0.2893
vn -0.2534 -0.9654 0.0613
vn -0.2582 -0.9655 0.0345
vn -0.1625 -0.9772 0.1363
vn -0.1511 -0.9766 0.1528
vn -0.3614 -0.9308 0.0546
vn -0.2306 -0.9485 0.2171
vn 0.7065 0.7042 0.0707
vn 0.7639 0.6453 -0.0010
vn 0.9358 0.3506 0.0368
vn 0.9106 0.3993 0.1065
vn 0.9849 0.1634 0.0572
vn 0.9849 0.1651 0.0528
vn 0.9661 -0.1751 0.1896
vn 0.7704 -0.1536 0.6188
vn 0.6285 -0.4997 0.5961
vn 0.7187 -0.5053 0.4776
vn 0.6436 -0.7590 -0.0988
vn 0.5416 -0.8403 -0.0249
vn -0.1391 0.8848 0.4446
vn -0.0018 0.8265 0.5629
vn 0.0764 0.7219 0.6878
vn 0.0758 0.7102 0.7000
vn 0.4719 -0.8741 0.1149
vn 0.4689 -0.8767 0.1074
vn 0.1913 -0.9546 0.2283
vn 0.1709 -0.9691 0.1780
vn 0.1031 -0.4336 0.8952
vn 0.1191 -0.4678 0.8758
vn 0.1238 -0.5707 0.8118
vn 0.1230 -0.5693 0.8128
vn 0.5260 -0.7316 0.4338
vn 0.5442 -0.6401 0.5423
vn 0.4487 -0.5361 0.7150
vn 0.4267 -0.6990 0.5738
vn 0.3340 -0.4703 0.8169
vn 0.3224 -0.5830 0.7458
vn 0.2369 -0.4954 0.8357
vn 0.2489 -0.4453 0.8601
vn 0.2599 -0.5360 0.8033
vn 0.2566 -0.5456 0.7978
vn 0.1909 -0.5064 0.8409
vn 0.2061 -0.4042 0.8912
vn 0.0848 -0.3786 0.9217
vn 0.0740 -0.4224 0.9034
vn 0.6076 -0.4945 0.6215
vn 0.6757 -0.5715 0.4658
vn 0.6256 -0.4050 0.6668
vn 0.6690 -0.4488 0.5925
vn 0.6195 -0.7295 0.2897
vn 0.5779 -0.6990 0.4212
vn 0.6346 -0.7448 0.2060
vn 0.6539 -0.7021 0.2820
vn 0.7106 -0.6857 0.1578
vn 0.6998 -0.6871 0.1952
vn 0.4578 -0.4428 0.7710
vn 0.4786 -0.4699 0.7417
vn 0.7210 -0.6445 0.2545
vn 0.7098 -0.6737 0.2057
vn 0.6783 -0.6853 0.2652
vn 0.6467 -0.6676 0.3688
vn 0.6162 -0.6916 0.3768
vn 0.6357 -0.5880 0.5002
vn 0.5604 -0.4829 0.6729
vn 0.5461 -0.6505 0.5279
vn 0.4280 -0.4546 0.7812
vn 0.4803 -0.5305 0.6985
vn 0.3205 -0.4114 0.8532
vn 0.3646 -0.4812 0.7972
vn 0.2220 -0.3817 0.8973
vn 0.2118 -0.4412 0.8720
vn 0.0832 -0.3531 0.9319
vn 0.1014 -0.3998 0.9110
vn -0.0201 0.8345 0.5507
vn -0.0267 0.7973 0.6030
vn 0.4010 0.8915 -0.2110
vn 0.3572 0.9211 -0.1546
vn -0.5128 0.8345 0.2015
vn -0.3293 0.8947 0.3019
vn 0.1348 0.7860 0.6033
vn 0.2135 0.7718 0.5989
vn 0.1908 0.7913 0.5810
vn 0.0925 0.8056 0.5851
vn 0.6805 0.3292 0.6547
vn 0.6611 0.3265 0.6756
vn 0.7530 0.1213 0.6468
vn 0.7904 0.1325 0.5980
vn 0.7316 0.0838 0.6766
vn 0.7645 0.1001 0.6368
vn 0.7149 0.1076 0.6909
vn 0.6686 0.0805 0.7392
vn 0.6459 -0.0376 0.7625
vn 0.6463 -0.0372 0.7622
vn 0.6729 -0.0148 0.7396
vn 0.6534 -0.0430 0.7558
vn 0.7227 0.0203 0.6908
vn 0.6994 -0.0305 0.7141
vn 0.7776 0.0466 0.6270
vn 0.7623 0.0011 0.6472
vn 0.8160 0.0850 0.5717
vn 0.8026 0.0382 0.5953
vn 0.8446 0.1108 0.5238
vn 0.8370 0.0802 0.5413
vn 0.8734 0.1071 0.4750
vn 0.8627 0.1287 0.4891
vn 0.9277 0.1368 0.3475
vn 0.9235 0.1451 0.3552
vn 0.9598 0.1044 0.2604
vn 0.9512 0.1261 0.2817
vn 0.9732 0.0781 0.2163
vn 0.9636 0.1062 0.2453
vn 0.9832 0.0459 0.1765
vn 0.9741 0.0786 0.2120
vn 0.9929 -0.0505 0.1073
vn 0.9891 -0.0206 0.1461
vn -0.0528 0.2263 0.9726
vn -0.0229 0.2492 0.9682
vn -0.1060 0.2470 0.9632
vn -0.0388 0.2940 0.9550
vn 0.0742 0.3179 0.9452
vn 0.1679 0.3694 0.9140
vn 0.3242 0.3880 0.8628
vn 0.3594 0.4118 0.8374
vn 0.4166 0.4031 0.8148
vn 0.4413 0.4214 0.7923
vn 0.5031 0.4101 0.7607
vn 0.5066 0.4129 0.7569
vn 0.5555 0.4031 0.7273
vn 0.5599 0.4072 0.7216
vn 0.5934 0.3998 0.6986
vn 0.5809 0.3873 0.7159
vn 0.6220 0.3790 0.6852
vn 0.6045 0.3588 0.7112
vn 0.6319 0.3541 0.6894
vn 0.6047 0.3148 0.7316
vn 0.6407 0.3127 0.7012
vn 0.6133 0.2586 0.7463
vn 0.6576 0.1758 0.7326
vn 0.7162 0.2183 0.6629
vn 0.8925 0.0992 0.4400
vn 0.8988 0.0831 0.4304
vn 0.8991 0.0780 0.4307
vn 0.9077 0.0522 0.4163
vn 0.9134 0.0473 0.4042
vn 0.9073 0.0678 0.4149
vn 0.9145 0.0447 0.4021
vn 0.9134 0.0488 0.4040
vn 0.8439 -0.2815 0.4567
vn 0.8402 -0.2687 0.4710
vn 0.8325 -0.3091 0.4597
vn 0.8324 -0.3087 0.4602
vn 0.8283 -0.3278 0.4544
vn 0.8286 -0.3289 0.4529
vn 0.8246 -0.3449 0.4484
vn 0.8291 -0.3396 0.4441
vn 0.8261 -0.3503 0.4413
vn 0.8302 -0.3647 0.4217
vn 0.8290 -0.3682 0.4208
vn 0.8316 -0.3784 0.4066
vn 0.8336 -0.3726 0.4077
vn 0.8362 -0.3836 0.3920
vn 0.8484 -0.3502 0.3969
vn 0.8506 -0.3591 0.3840
vn 0.0083 0.3149 0.9491
vn 0.0036 0.3103 0.9506
vn 0.0321 0.3142 0.9488
vn 0.0196 0.3248 0.9456
vn 0.0569 0.3225 0.9449
vn 0.0348 0.3411 0.9394
vn 0.0906 0.3511 0.9320
vn 0.0774 0.3371 0.9383
vn 0.1190 0.3470 0.9303
vn 0.1333 0.3629 0.9222
vn 0.1786 0.3546 0.9178
vn 0.1882 0.3658 0.9115
vn 0.2541 0.3505 0.9014
vn 0.2513 0.3536 0.9010
vn 0.3169 0.3401 0.8854
vn 0.3229 0.3329 0.8860
vn 0.3882 0.3156 0.8659
vn 0.3926 0.3208 0.8620
vn 0.4649 0.3061 0.8308
vn 0.4770 0.3186 0.8191
vn 0.4996 0.3070 0.8100
vn 0.5124 0.3185 0.7975
vn 0.5335 0.3063 0.7884
vn 0.5468 0.3171 0.7749
vn 0.6078 0.2906 0.7390
vn 0.5922 0.3209 0.7392
vn 0.6787 0.2857 0.6765
vn 0.6675 0.2790 0.6904
vn 0.7028 0.2630 0.6609
vn 0.7195 0.2710 0.6395
vn 0.7443 0.2442 0.6215
vn 0.7578 0.2496 0.6029
vn 0.8016 0.1940 0.5655
vn 0.7867 0.2459 0.5663
vn 0.8359 0.1934 0.5137
vn 0.8262 0.1912 0.5300
vn 0.8841 0.1461 0.4439
vn 0.8755 0.1455 0.4608
vn 0.8935 0.1264 0.4309
vn 0.9047 0.1260 0.4069
vn 0.9202 0.1044 0.3773
vn 0.9131 0.1056 0.3938
vn 0.9249 0.0911 0.3692
vn 0.9313 0.0889 0.3533
vn 0.9335 0.0817 0.3491
vn 0.9372 0.0797 0.3395
vn 0.9367 0.0814 0.3404
vn 0.9407 0.0785 0.3301
vn 0.9405 0.0791 0.3304
vn 0.9394 0.0802 0.3333
vn 0.9398 0.0783 0.3325
vn 0.9374 0.0814 0.3387
vn 0.9332 0.0901 0.3479
vn 0.9365 0.0854 0.3401
vn 0.9281 0.1131 0.3546
vn 0.9267 0.0774 0.3677
vn 0.9211 0.1061 0.3745
vn 0.9076 0.1283 0.3999
vn 0.8946 0.1496 0.4210
vn 0.8903 0.1423 0.4326
vn 0.8996 0.1256 0.4183
vn 0.8901 0.1434 0.4326
vn 0.8873 0.1277 0.4433
vn 0.8842 0.1354 0.4472
vn 0.8869 0.1297 0.4433
vn 0.8858 0.1233 0.4473
vn 0.8914 0.1110 0.4395
vn 0.8753 -0.3700 0.3114
vn 0.8756 -0.3729 0.3071
vn 0.8677 -0.3831 0.3166
vn 0.8683 -0.3890 0.3077
vn 0.8672 -0.3844 0.3164
vn 0.8653 -0.3864 0.3193
vn 0.8706 -0.3730 0.3209
vn 0.8722 -0.3864 0.2999
vn 0.8357 -0.3570 0.4174
vn 0.8532 -0.3406 0.3950
vn 0.8588 -0.3846 0.3383
vn 0.8504 -0.3480 0.3946
vn 0.8656 -0.4270 0.2614
vn 0.8610 -0.3796 0.3386
vn 0.8374 -0.5171 0.1773
vn 0.8442 -0.4701 0.2576
vn 0.7811 -0.6175 0.0930
vn 0.7991 -0.5768 0.1696
vn 0.7206 -0.6919 0.0441
vn 0.7337 -0.6745 0.0822
vn 0.6402 -0.7682 0.0041
vn 0.6507 -0.7588 0.0287
vn 0.5599 -0.8275 -0.0424
vn 0.5780 -0.8160 -0.0065
vn 0.4767 -0.8775 -0.0529
vn 0.4968 -0.8632 -0.0894
vn 0.3775 -0.9195 -0.1093
vn 0.3832 -0.9182 -0.1000
vn 0.2633 -0.9575 -0.1176
vn 0.2788 -0.9496 -0.1435
vn 0.1636 -0.9743 -0.1546
vn 0.1674 -0.9746 -0.1488
vn 0.0628 -0.9837 -0.1685
vn 0.0704 -0.9851 -0.1567
vn 0.0170 0.2962 0.9550
vn 0.0172 0.2965 0.9549
vn 0.0513 0.2950 0.9541
vn 0.0404 0.3041 0.9518
vn 0.0851 0.3009 0.9498
vn 0.0675 0.3159 0.9464
vn 0.1200 0.3152 0.9414
vn 0.1156 0.3108 0.9434
vn 0.1539 0.3103 0.9381
vn 0.1604 0.3171 0.9347
vn 0.2109 0.3133 0.9259
vn 0.2064 0.3085 0.9286
vn 0.2783 0.2976 0.9132
vn 0.2746 0.3018 0.9129
vn 0.3339 0.2998 0.8936
vn 0.3494 0.2801 0.8941
vn 0.4074 0.2745 0.8710
vn 0.4234 0.2920 0.8576
vn 0.5067 0.2888 0.8123
vn 0.4980 0.2810 0.8204
vn 0.5436 0.2784 0.7918
vn 0.5358 0.2724 0.7992
vn 0.5819 0.2539 0.7726
vn 0.5673 0.2806 0.7742
vn 0.6493 0.2394 0.7219
vn 0.6334 0.2752 0.7233
vn 0.7294 0.2369 0.6417
vn 0.7084 0.2271 0.6683
vn 0.7635 0.2170 0.6082
vn 0.7503 0.2122 0.6261
vn 0.8034 0.1882 0.5650
vn 0.7886 0.1839 0.5868
vn 0.8277 0.1521 0.5401
vn 0.8230 0.1721 0.5413
vn 0.8546 0.1345 0.5016
vn 0.8476 0.1332 0.5136
vn 0.8986 0.0782 0.4318
vn 0.8916 0.0779 0.4460
vn 0.9156 0.0485 0.3991
vn 0.9098 0.0488 0.4122
vn 0.9251 0.0333 0.3783
vn 0.9202 0.0341 0.3898
vn 0.9337 0.0215 0.3574
vn 0.9279 0.0231 0.3721
vn 0.9323 0.0272 0.3605
vn 0.9325 0.0345 0.3594
vn 0.9346 0.0390 0.3536
vn 0.9309 0.0413 0.3629
vn 0.9354 0.0456 0.3506
vn 0.9326 0.0479 0.3576
vn 0.9334 0.0637 0.3531
vn 0.9311 0.0661 0.3588
vn 0.9327 0.0855 0.3503
vn 0.9274 0.0920 0.3626
vn 0.9266 0.1141 0.3582
vn 0.9272 0.1331 0.3502
vn 0.9304 0.1457 0.3364
vn 0.9206 0.1604 0.3561
vn 0.9309 0.1576 0.3296
vn 0.9255 0.1666 0.3401
vn 0.9372 0.1458 0.3169
vn 0.9308 0.1580 0.3297
vn 0.9451 0.1242 0.3022
vn 0.9385 0.1388 0.3161
vn 0.9528 0.0964 0.2878
vn 0.9471 0.1114 0.3011
vn 0.9599 0.0612 0.2736
vn 0.9550 0.0766 0.2866
vn 0.9636 0.0343 0.2651
vn 0.9611 0.0438 0.2728
vn 0.9644 0.0089 0.2644
vn 0.9642 0.0096 0.2650
vn 0.9646 -0.0014 0.2636
vn 0.9643 0.0003 0.2649
vn 0.9638 0.0119 0.2664
vn 0.9646 0.0081 0.2636
vn 0.9627 0.0194 0.2699
vn 0.9638 0.0145 0.2664
vn 0.9628 0.0098 0.2700
vn 0.9611 0.0038 0.2763
vn 0.9622 -0.0395 0.2694
vn 0.9607 -0.0309 0.2760
vn 0.9586 -0.0900 0.2702
vn 0.9591 -0.0935 0.2673
vn 0.9511 -0.1433 0.2738
vn 0.9520 -0.1529 0.2650
vn 0.9451 -0.1869 0.2680
vn 0.9346 -0.2094 0.2874
vn 0.9261 -0.2538 0.2791
vn 0.9235 -0.2284 0.3081
vn 0.9083 -0.2724 0.3176
vn 0.9103 -0.2904 0.2950
vn 0.8956 -0.3107 0.3185
vn 0.8966 -0.3196 0.3066
vn 0.8855 -0.3457 0.3104
vn 0.8839 -0.3478 0.3127
vn 0.9781 -0.1868 -0.0919
vn 0.9751 -0.1958 -0.1043
vn 0.9844 -0.1483 -0.0943
vn 0.9788 -0.1675 -0.1182
vn 0.9903 -0.0914 -0.1048
vn 0.9833 -0.1201 -0.1368
vn 0.9902 -0.0548 -0.1282
vn 0.9851 -0.0789 -0.1531
vn 0.9868 -0.0575 -0.1511
vn 0.9874 -0.0547 -0.1484
vn 0.9899 -0.0508 -0.1322
vn 0.9863 -0.0697 -0.1493
vn 0.9876 -0.0832 -0.1333
vn 0.9922 -0.0569 -0.1106
vn 0.9895 -0.0928 -0.1111
vn 0.9967 -0.0428 -0.0695
vn 0.9980 -0.0553 -0.0303
vn 0.9922 -0.1034 -0.0698
vn 0.9933 -0.1114 -0.0313
vn 0.9981 -0.0609 0.0119
vn 0.9943 -0.1066 0.0089
vn 0.9966 -0.0600 0.0566
vn 0.9943 -0.0536 0.0923
vn 0.9947 -0.0885 0.0531
vn 0.9915 -0.0249 0.1277
vn 0.9942 -0.0553 0.0920
vn 0.9915 -0.0170 0.1289
vn 0.9868 0.0101 0.1617
vn 0.9782 0.0472 0.2021
vn 0.9865 0.0163 0.1628
vn 0.9797 0.0284 0.1986
vn 0.9711 0.0527 0.2327
vn 0.9732 0.0303 0.2281
vn 0.9647 0.0495 0.2587
vn 0.9615 0.0330 0.2729
vn 0.9674 0.0217 0.2522
vn 0.9632 0.0156 0.2682
vn 0.9568 0.0254 0.2897
vn 0.9583 0.0119 0.2856
vn 0.9530 0.0181 0.3023
vn 0.9539 0.0114 0.2999
vn 0.9486 0.0162 0.3161
vn 0.9487 0.0152 0.3157
vn 0.9450 0.0177 0.3265
vn 0.9427 0.0278 0.3324
vn 0.9432 0.0276 0.3309
vn 0.9387 0.0464 0.3417
vn 0.9377 0.0468 0.3442
vn 0.9323 0.0672 0.3553
vn 0.9353 0.0664 0.3475
vn 0.9296 0.0907 0.3573
vn 0.9278 0.0910 0.3618
vn 0.9169 0.1259 0.3787
vn 0.9168 0.1268 0.3786
vn 0.8788 0.2055 0.4307
vn 0.8772 0.2055 0.4340
vn 0.8546 0.2382 0.4613
vn 0.8581 0.2381 0.4549
vn 0.8378 0.2637 0.4780
vn 0.8335 0.2635 0.4857
vn 0.8151 0.2883 0.5025
vn 0.8111 0.2873 0.5096
vn 0.7843 0.3190 0.5322
vn 0.7884 0.3084 0.5322
vn 0.7134 0.3451 0.6098
vn 0.7253 0.3520 0.5916
vn 0.6486 0.3558 0.6728
vn 0.6638 0.3658 0.6523
vn 0.6278 0.3691 0.6853
vn 0.6150 0.3595 0.7018
vn 0.5826 0.3776 0.7197
vn 0.5720 0.3686 0.7328
vn 0.0797 -0.5313 0.8434
vn 0.0581 -0.6080 0.7918
vn 0.1849 -0.6810 0.7086
vn 0.2028 -0.5933 0.7790
vn 0.2803 -0.6621 0.6951
vn 0.3498 -0.7739 0.5280
vn 0.4321 -0.7440 0.5097
vn 0.4104 -0.8060 0.4266
vn 0.4981 -0.8204 0.2807
vn 0.5286 -0.7500 0.3977
vn 0.5726 -0.7968 0.1931
vn 0.5913 -0.7629 0.2614
vn 0.6242 -0.7673 0.1473
vn 0.6351 -0.7500 0.1848
vn 0.6931 -0.7120 0.1126
vn 0.7013 -0.6987 0.1412
vn 0.7406 -0.6626 0.1116
vn 0.7336 -0.6666 0.1320
vn 0.7782 -0.6134 0.1344
vn 0.7815 -0.6111 0.1257
vn 0.8265 -0.5473 0.1315
vn 0.8199 -0.5530 0.1482
vn 0.8603 -0.4856 0.1552
vn 0.8458 -0.4989 0.1893
vn 0.8779 -0.4371 0.1957
vn 0.8730 -0.4419 0.2065
vn 0.9090 -0.4142 0.0459
vn 0.9080 -0.4169 0.0412
vn 0.9259 -0.3754 0.0421
vn 0.9190 -0.3943 0.0090
vn 0.9342 -0.3565 0.0105
vn 0.9369 -0.3497 -0.0029
vn 0.9460 -0.3242 -0.0013
vn 0.9412 -0.3371 -0.0224
vn 0.9492 -0.3105 -0.0502
vn 0.9565 -0.2909 -0.0204
vn 0.9677 -0.2483 -0.0445
vn 0.9591 -0.2719 -0.0790
vn 0.9748 -0.2122 -0.0691
vn 0.9667 -0.2346 -0.1021
vn 0.8708 -0.4343 0.2303
vn 0.8710 -0.4166 0.2605
vn 0.8555 -0.4831 0.1865
vn 0.8579 -0.4607 0.2275
vn 0.8242 -0.5458 0.1512
vn 0.8278 -0.5311 0.1806
vn 0.7794 -0.6147 0.1213
vn 0.7837 -0.6045 0.1430
vn 0.7408 -0.6629 0.1086
vn 0.7427 -0.6595 0.1161
vn 0.6943 -0.7118 0.1062
vn 0.6932 -0.7134 0.1025
vn 0.6239 -0.7767 0.0866
vn 0.6291 -0.7705 0.1028
vn 0.5730 -0.8056 0.1506
vn 0.5525 -0.8284 0.0917
vn 0.4987 -0.8341 0.2359
vn 0.4732 -0.8655 0.1644
vn 0.4124 -0.8479 0.3331
vn 0.3832 -0.8884 0.2529
vn 0.3081 -0.8556 0.4160
vn 0.2862 -0.8912 0.3520
vn 0.2033 -0.8535 0.4798
vn 0.1867 -0.8828 0.4310
vn 0.0638 -0.8696 0.4896
vn 0.0630 -0.8685 0.4917
vn 0.0294 0.4071 0.9129
vn 0.0236 0.4024 0.9152
vn 0.0663 0.4059 0.9115
vn 0.0564 0.4136 0.9087
vn 0.1130 0.4099 0.9051
vn 0.0964 0.4230 0.9010
vn 0.1536 0.4342 0.8876
vn 0.1364 0.4194 0.8975
vn 0.1732 0.4318 0.8852
vn 0.1935 0.4501 0.8718
vn 0.2389 0.4619 0.8542
vn 0.2214 0.4458 0.8673
vn 0.3159 0.4460 0.8375
vn 0.2918 0.4699 0.8331
vn 0.3685 0.4678 0.8034
vn 0.3898 0.4446 0.8065
vn 0.4479 0.4429 0.7767
vn 0.4621 0.4562 0.7605
vn 0.5773 0.3233 0.7498
vn 0.5568 0.3057 0.7724
vn 0.6182 0.3270 0.7148
vn 0.5978 0.3116 0.7386
vn 0.6522 0.3046 0.6942
vn 0.6336 0.3387 0.6956
vn 0.7151 0.3000 0.6314
vn 0.6964 0.3406 0.6317
vn 0.7847 0.2909 0.5473
vn 0.7735 0.2861 0.5655
vn 0.8107 0.2645 0.5223
vn 0.8075 0.2636 0.5277
vn 0.8329 0.2427 0.4975
vn 0.8272 0.2421 0.5071
vn 0.8532 0.2117 0.4767
vn 0.8500 0.2231 0.4772
vn 0.8756 0.1876 0.4451
vn 0.8713 0.1875 0.4535
vn 0.9143 0.1115 0.3893
vn 0.9139 0.1115 0.3904
vn 0.9266 0.0776 0.3680
vn 0.9269 0.0722 0.3683
vn 0.9310 0.0503 0.3617
vn 0.9336 0.0497 0.3550
vn 0.9342 0.0356 0.3550
vn 0.9348 0.0354 0.3535
vn 0.9384 0.0160 0.3451
vn 0.9387 0.0202 0.3443
vn 0.9432 0.0131 0.3320
vn 0.9395 0.0155 0.3421
vn 0.9468 0.0120 0.3217
vn 0.9428 0.0155 0.3330
vn 0.9515 0.0148 0.3074
vn 0.9559 0.0237 0.2927
vn 0.9490 0.0335 0.3133
vn 0.9559 0.0238 0.2927
vn 0.9591 0.0641 0.2757
vn 0.9676 0.0540 0.2468
vn 0.9576 0.0745 0.2781
vn 0.9746 0.0576 0.2164
vn 0.9637 0.0847 0.2530
vn 0.9758 0.0446 0.2140
vn 0.9779 0.0857 0.1906
vn 0.9890 0.0127 0.1475
vn 0.9819 0.0448 0.1843
vn 0.9940 -0.0218 0.1071
vn 0.9889 0.0156 0.1479
vn 0.9962 -0.0511 0.0704
vn 0.9940 -0.0148 0.1080
vn 0.9975 -0.0590 0.0392
vn 0.9970 -0.0239 0.0730
vn 0.9981 -0.0610 0.0094
vn 0.9988 -0.0250 0.0414
vn 0.9982 -0.0548 -0.0243
vn 0.9999 -0.0131 0.0111
vn 0.9981 -0.0404 -0.0474
vn 0.9997 -0.0122 -0.0234
vn 0.9968 -0.0516 -0.0604
vn 0.9982 -0.0365 -0.0472
vn 0.9972 -0.0439 -0.0601
vn 0.9972 -0.0402 -0.0637
vn 0.9975 -0.0478 -0.0518
vn 0.9960 -0.0616 -0.0650
vn 0.9972 -0.0698 -0.0266
vn 0.9935 -0.0991 -0.0560
vn 0.9931 -0.1133 -0.0314
vn 0.9905 -0.1375 -0.0077
vn 0.9847 -0.1739 -0.0129
vn 0.9866 -0.1629 -0.0001
vn 0.9811 -0.1931 0.0135
vn 0.9776 -0.2104 -0.0081
vn 0.9724 -0.2316 0.0290
vn 0.9681 -0.2506 0.0033
vn 0.9624 -0.2686 0.0399
vn 0.9594 -0.2811 0.0218
vn 0.9505 -0.3087 0.0357
vn 0.9461 -0.3196 0.0516
vn 0.9396 -0.3339 0.0752
vn 0.9355 -0.3502 0.0480
vn 0.9319 -0.3536 0.0806
vn 0.9308 -0.3581 0.0728
vn 0.9176 -0.3898 0.0780
vn 0.9154 -0.3933 0.0853
vn 0.9043 -0.4185 0.0841
vn 0.9065 -0.4109 0.0973
vn 0.7036 0.3787 0.6013
vn 0.6914 0.4006 0.6013
vn 0.6813 0.3706 0.6312
vn 0.6965 0.3420 0.6309
vn 0.6855 0.3008 0.6631
vn 0.6657 0.3402 0.6641
vn 0.6503 0.3140 0.6918
vn 0.6684 0.2769 0.6903
vn 0.6522 0.2536 0.7144
vn 0.6318 0.2959 0.7164
vn 0.6332 0.2497 0.7326
vn 0.6133 0.2904 0.7345
vn 0.6148 0.2467 0.7491
vn 0.5983 0.2800 0.7508
vn 0.5987 0.2716 0.7535
vn 0.5886 0.2648 0.7638
vn 0.5646 0.3209 0.7604
vn 0.5780 0.2969 0.7601
vn 0.5402 0.3654 0.7581
vn 0.5641 0.3258 0.7587
vn 0.5458 0.3194 0.7746
vn 0.5054 0.3844 0.7725
vn 0.5179 0.2697 0.8118
vn 0.4691 0.3499 0.8109
vn 0.4798 0.2167 0.8502
vn 0.4427 0.1891 0.8765
vn 0.4404 -0.0014 0.8978
vn 0.4005 0.0740 0.9133
vn 0.3864 -0.1440 0.9110
vn 0.3273 -0.1825 0.9271
vn 0.2876 -0.4286 0.8565
vn 0.2420 -0.3420 0.9080
vn 0.1996 -0.5681 0.7984
vn 0.1478 -0.4845 0.8622
vn 0.0978 -0.5245 0.8458
vn 0.1341 -0.5769 0.8058
vn 0.0971 -0.5414 0.8352
vn 0.0657 -0.4995 0.8638
vn 0.0535 -0.3753 0.9253
vn 0.0016 -0.3096 0.9509
vn -0.0836 -0.0911 0.9923
vn -0.0232 -0.1667 0.9857
vn -0.1316 0.0919 0.9870
vn -0.1016 0.0563 0.9932
vn -0.1266 0.0335 0.9914
vn -0.1551 0.0675 0.9856
vn -0.1435 -0.1236 0.9819
vn -0.1677 -0.0920 0.9815
vn -0.1471 -0.3679 0.9182
vn -0.1705 -0.3330 0.9274
vn -0.0185 -0.9382 0.3457
vn -0.0552 -0.9118 0.4069
vn -0.0102 -0.9883 0.1524
vn -0.0015 -0.9907 0.1360
vn 0.0841 -0.7321 -0.6759
vn 0.1034 -0.8419 -0.5296
vn -0.5122 -0.7885 -0.3405
vn -0.5052 -0.8000 -0.3237
vn -0.1215 -0.9853 0.1204
vn -0.1660 -0.9861 -0.0116
vn -0.0062 -0.9925 0.1219
vn 0.1380 -0.8983 0.4172
vn 0.4372 -0.6563 0.6150
vn 0.4542 -0.6073 0.6518
vn 0.6368 -0.3056 0.7079
vn 0.6371 -0.2992 0.7104
vn 0.7258 -0.0402 0.6868
vn 0.7282 -0.0599 0.6827
vn 0.7136 -0.1053 0.6925
vn 0.7130 -0.0917 0.6952
vn 0.6333 -0.2705 0.7251
vn 0.6332 -0.2722 0.7246
vn 0.5053 -0.4602 0.7300
vn 0.5154 -0.4115 0.7516
vn 0.4724 -0.4647 0.7489
vn 0.4729 -0.4625 0.7499
vn 0.4896 -0.4421 0.7516
vn 0.4898 -0.4411 0.7520
vn 0.5520 -0.3607 0.7518
vn 0.5521 -0.3597 0.7522
vn 0.6090 -0.2746 0.7442
vn 0.6082 -0.2900 0.7389
vn 0.6937 -0.1417 0.7062
vn 0.6936 -0.1400 0.7067
vn 0.7651 0.0284 0.6433
vn 0.7670 0.0164 0.6414
vn 0.8128 0.1934 0.5495
vn 0.8177 0.1746 0.5486
vn 0.8290 0.2687 0.4905
vn 0.8388 0.2364 0.4905
vn 0.8406 0.2630 0.4735
vn 0.8480 0.2371 0.4739
vn 0.8475 0.2299 0.4785
vn 0.8556 0.1974 0.4785
vn 0.8601 0.1539 0.4863
vn 0.8540 0.1837 0.4868
vn 0.8717 0.1208 0.4750
vn 0.8637 0.1197 0.4896
vn 0.8749 0.0965 0.4746
vn 0.8716 0.1204 0.4753
vn 0.8779 0.1115 0.4657
vn 0.8794 0.0999 0.4654
vn 0.8832 0.1192 0.4537
vn 0.8855 0.1020 0.4534
vn 0.8899 0.1259 0.4385
vn 0.8893 0.1293 0.4386
vn 0.8949 0.1502 0.4202
vn 0.8937 0.1576 0.4202
vn 0.8974 0.1692 0.4074
vn 0.8983 0.1691 0.4054
vn 0.9004 0.1898 0.3914
vn 0.9006 0.1891 0.3914
vn -0.0201 -0.9033 0.4284
vn -0.0285 -0.8865 0.4619
vn 0.0364 -0.2672 0.9630
vn 0.0562 -0.3110 0.9487
vn 0.0714 -0.1162 0.9907
vn 0.0798 -0.1294 0.9884
vn 0.0860 0.0764 0.9934
vn 0.1069 0.0473 0.9931
vn 0.1091 0.0960 0.9894
vn 0.1337 0.0587 0.9893
vn 0.1229 -0.0968 0.9877
vn 0.1325 -0.1129 0.9847
vn 0.1241 -0.2408 0.9626
vn 0.1435 -0.2815 0.9488
vn 0.1193 -0.4511 0.8845
vn 0.1338 -0.4905 0.8611
vn 0.1425 -0.4530 0.8800
vn 0.1667 -0.5161 0.8401
vn 0.2137 -0.3457 0.9137
vn 0.2474 -0.4350 0.8658
vn 0.3076 -0.2100 0.9280
vn 0.3510 -0.3284 0.8769
vn 0.4156 -0.0290 0.9091
vn 0.4471 -0.1075 0.8880
vn 0.4795 0.1480 0.8650
vn 0.5165 0.0660 0.8538
vn 0.5225 0.3050 0.7962
vn 0.5675 0.2178 0.7940
vn 0.5602 0.3845 0.7337
vn 0.5979 0.3172 0.7362
vn 0.5915 0.3868 0.7075
vn 0.6158 0.3431 0.7093
vn 0.6151 0.3518 0.7057
vn 0.6304 0.3223 0.7062
vn 0.6446 0.2809 0.7110
vn 0.6312 0.3094 0.7112
vn 0.6712 0.2510 0.6975
vn 0.6552 0.2417 0.7157
vn 0.6854 0.2285 0.6914
vn 0.6713 0.2645 0.6924
vn 0.6862 0.2784 0.6721
vn 0.7035 0.2340 0.6711
vn 0.7042 0.2841 0.6507
vn 0.7188 0.2465 0.6501
vn 0.7192 0.2998 0.6268
vn 0.7335 0.2635 0.6265
vn 0.7469 0.2945 0.5961
vn 0.7331 0.3278 0.5959
vn 0.7461 0.3331 0.5765
vn 0.7586 0.3397 0.5560
vn 0.7645 0.3507 0.5409
vn 0.7569 0.3672 0.5405
vn -0.0173 -0.9856 0.1683
vn -0.0463 -0.9905 0.1297
vn -0.0701 -0.7219 -0.6884
vn -0.1040 -0.6082 -0.7869
vn -0.0558 -0.9820 0.1804
vn -0.0428 -0.9870 0.1550
vn -0.0309 -0.7295 -0.6832
vn -0.0335 -0.7179 -0.6953
vn 0.1142 -0.5027 0.8569
vn 0.1057 -0.4989 0.8602
vn 0.1546 -0.5617 0.8128
vn 0.1548 -0.5543 0.8178
vn 0.3306 -0.7291 0.5993
vn 0.3367 -0.6805 0.6508
vn 0.2176 -0.6573 0.7215
vn 0.2481 -0.6488 0.7193
vn 0.1876 -0.4141 0.8907
vn 0.2456 -0.3876 0.8885
vn 0.1722 -0.5073 0.8444
vn 0.2502 -0.4838 0.8386
vn 0.1711 -0.5852 0.7926
vn 0.2566 -0.5598 0.7879
vn 0.1888 -0.6392 0.7455
vn 0.2631 -0.6167 0.7419
vn 0.2210 -0.6644 0.7139
vn 0.3206 -0.6297 0.7076
vn 0.2962 -0.6601 0.6903
vn 0.4297 -0.5931 0.6809
vn 0.1829 -0.3111 0.9326
vn 0.1693 -0.3825 0.9083
vn 0.1491 -0.4378 0.8866
vn 0.1579 -0.3931 0.9059
vn 0.1566 -0.4305 0.8889
vn 0.1441 -0.4946 0.8571
vn 0.2166 -0.4173 0.8826
vn 0.2001 -0.5261 0.8265
vn 0.2996 -0.3863 0.8724
vn 0.3186 -0.5500 0.7720
vn 0.1291 -0.0329 0.9911
vn 0.1143 -0.0688 0.9911
vn 0.0734 -0.1242 0.9895
vn 0.0944 -0.0741 0.9928
vn 0.0698 -0.1253 0.9897
vn 0.0574 -0.1526 0.9866
vn 0.0682 -0.1490 0.9865
vn 0.0749 -0.1367 0.9878
vn 0.1125 0.0297 0.9932
vn 0.1283 0.0619 0.9898
vn 0.0717 0.0049 0.9974
vn 0.0833 0.0275 0.9961
vn 0.0418 -0.0197 0.9989
vn 0.0543 0.0027 0.9985
vn 0.0427 -0.0209 0.9989
vn 0.0436 -0.0195 0.9989
vn 0.2995 -0.2200 0.9284
vn 0.1631 -0.3554 0.9204
vn 0.1075 -0.1525 0.9824
vn 0.1526 -0.2159 0.9644
vn 0.0295 -0.0001 0.9996
vn 0.0265 -0.0039 0.9996
vn 0.0554 -0.0021 0.9985
vn 0.0418 -0.0210 0.9989
vn 0.0331 -0.1029 0.9941
vn 0.0527 -0.0778 0.9956
vn 0.0980 -0.0943 0.9907
vn 0.0676 -0.1387 0.9880
vn 0.1467 -0.1711 0.9743
vn 0.1356 -0.2072 0.9689
vn 0.0940 -0.2730 0.9574
vn 0.1087 -0.2229 0.9688
vn 0.0997 -0.2692 0.9579
vn 0.0865 -0.3097 0.9469
vn 0.1188 -0.2897 0.9497
vn 0.1293 -0.2642 0.9558
vn 0.1797 -0.1697 0.9690
vn 0.1077 -0.2731 0.9559
vn 0.1084 -0.1196 0.9869
vn 0.0537 -0.1901 0.9803
vn 0.1743 -0.2938 0.9398
vn 0.1944 -0.3016 0.9334
vn 0.1386 -0.1128 0.9839
vn 0.1891 -0.1546 0.9697
vn 0.1502 0.0116 0.9886
vn 0.1860 -0.0245 0.9822
vn 0.2824 -0.2769 0.9185
vn 0.2787 -0.2696 0.9218
vn 0.3048 -0.2884 0.9077
vn 0.3103 -0.2838 0.9073
vn 0.2246 -0.2603 0.9390
vn 0.2355 -0.2774 0.9315
vn 0.1551 0.1171 0.9809
vn 0.2047 0.0614 0.9769
vn 0.2840 -0.0823 0.9553
vn 0.2870 -0.0871 0.9540
vn 0.3292 -0.0770 0.9411
vn 0.3167 -0.0900 0.9443
vn 0.2237 -0.0792 0.9714
vn 0.2428 -0.1039 0.9645
vn 0.2724 0.0818 0.9587
vn 0.3029 0.0384 0.9523
vn 0.3540 0.1086 0.9289
vn 0.3216 0.0692 0.9444
vn 0.2212 0.0510 0.9739
vn 0.2519 0.0122 0.9677
vn 0.2807 0.1896 0.9409
vn 0.3225 0.1324 0.9373
vn 0.3787 0.2138 0.9005
vn 0.3462 0.1711 0.9224
vn 0.2264 0.1530 0.9619
vn 0.2657 0.1030 0.9586
vn 0.4608 0.2933 0.8376
vn 0.4760 0.2705 0.8368
vn 0.4737 0.2882 0.8322
vn 0.4899 0.2636 0.8310
vn 0.4851 0.3040 0.8199
vn 0.5102 0.2660 0.8179
vn 0.5133 0.4521 0.7295
vn 0.5315 0.4286 0.7306
vn 0.5051 0.4001 0.7647
vn 0.5270 0.3699 0.7651
vn 0.5025 0.3318 0.7984
vn 0.5178 0.3092 0.7977
vn 0.4523 0.3102 0.8362
vn 0.4475 0.3050 0.8407
vn 0.3955 0.3144 0.8630
vn 0.4301 0.2660 0.8627
vn 0.4187 0.3266 0.8474
vn 0.4395 0.2976 0.8475
vn 0.4535 0.3027 0.8383
vn 0.4610 0.2918 0.8381
vn 0.1776 -0.1264 0.9760
vn 0.1559 -0.1536 0.9758
vn 0.3084 -0.1666 0.9366
vn 0.3691 -0.2970 0.8807
vn 0.5227 -0.3241 0.7885
vn 0.3768 -0.4397 0.8153
vn 0.3760 0.2306 0.8975
vn 0.4043 0.2679 0.8745
vn 0.2104 0.1830 0.9603
vn 0.1873 0.1421 0.9720
vn 0.3110 0.1996 0.9292
vn 0.3388 0.2426 0.9090
vn 0.1060 0.1516 0.9827
vn 0.1423 0.1138 0.9833
vn 0.0230 0.0739 0.9970
vn 0.0184 0.0790 0.9967
vn 0.0330 0.0660 0.9973
vn 0.0251 0.0739 0.9969
vn 0.0275 0.0698 0.9972
vn 0.0318 0.0660 0.9973
vn 0.0674 0.0910 0.9936
vn 0.0818 0.1156 0.9899
vn 0.0345 0.0903 0.9953
vn 0.0565 0.0707 0.9959
vn 0.2428 0.2171 0.9455
vn 0.2803 0.1694 0.9449
vn 0.0139 0.1449 0.9893
vn 0.0141 0.1452 0.9893
vn 0.0168 0.1449 0.9893
vn 0.0157 0.1435 0.9895
vn 0.0181 0.1435 0.9895
vn 0.0206 0.1468 0.9890
vn 0.0404 0.1462 0.9884
vn 0.0508 0.1606 0.9857
vn 0.0714 0.1594 0.9846
vn 0.0913 0.1889 0.9777
vn 0.1494 0.2234 0.9632
vn 0.1253 0.1849 0.9747
vn 0.2238 0.2487 0.9424
vn 0.2031 0.2147 0.9553
vn 0.2658 0.2391 0.9339
vn 0.2835 0.2675 0.9209
vn 0.0113 0.2046 0.9788
vn 0.0102 0.2033 0.9791
vn 0.0077 0.2046 0.9788
vn 0.0127 0.2105 0.9775
vn 0.0085 0.2107 0.9775
vn 0.0166 0.2206 0.9752
vn 0.0378 0.2192 0.9749
vn 0.0532 0.2386 0.9696
vn 0.0801 0.2357 0.9685
vn 0.1013 0.2642 0.9591
vn 0.1594 0.2850 0.9452
vn 0.1408 0.2583 0.9557
vn 0.2328 0.2952 0.9266
vn 0.2180 0.2733 0.9369
vn 0.2799 0.2834 0.9172
vn 0.3026 0.3175 0.8987
vn 0.3369 0.2520 0.9072
vn 0.3630 0.2909 0.8852
vn 0.3839 0.3286 0.8629
vn 0.3853 0.3302 0.8617
vn 0.3613 0.2989 0.8832
vn 0.3773 0.3216 0.8685
vn 0.5523 -0.2465 0.7963
vn 0.6858 -0.4327 0.5852
vn 0.2575 -0.2194 0.9410
vn 0.0115 -0.2407 0.9705
vn 0.3268 0.0089 0.9451
vn 0.5415 -0.2438 0.8046
vn 0.4735 0.2869 0.8328
vn 0.5090 0.3210 0.7987
vn 0.2741 0.1542 0.9493
vn 0.4554 -0.0283 0.8898
vn 0.4190 0.2895 0.8606
vn 0.4256 0.2864 0.8584
vn 0.0708 -0.1294 0.9891
vn 0.2150 -0.1115 0.9702
vn 0.3047 -0.1008 0.9471
vn 0.2163 -0.1122 0.9699
vn 0.4618 -0.1289 0.8775
vn 0.4074 -0.1474 0.9013
vn 0.5630 -0.1685 0.8091
vn 0.6314 -0.1282 0.7648
vn 0.7108 -0.1592 0.6852
vn 0.7695 -0.1051 0.6299
vn 0.1331 0.3841 0.9136
vn 0.1802 0.3367 0.9242
vn 0.1343 0.5194 0.8439
vn 0.1401 0.5131 0.8468
vn 0.1812 0.4482 0.8754
vn 0.1319 0.4917 0.8607
vn 0.1794 0.3682 0.9123
vn 0.2310 0.3991 0.8873
vn 0.3400 0.2842 0.8964
vn 0.2898 0.3228 0.9010
vn 0.4087 0.1850 0.8937
vn 0.3436 0.2359 0.9090
vn 0.4070 0.0060 0.9134
vn 0.5550 0.1339 0.8210
vn 0.8161 0.3466 0.4625
vn 0.8273 0.3449 0.4435
vn 0.7723 0.3527 0.5284
vn 0.7741 0.3545 0.5246
vn 0.7655 0.2530 0.5916
vn 0.7834 0.2138 0.5836
vn 0.2922 0.3204 0.9011
vn 0.3116 0.2983 0.9022
vn 0.3193 0.4617 0.8276
vn 0.2912 0.4864 0.8238
vn 0.4502 0.3063 0.8387
vn 0.4071 0.3431 0.8465
vn 0.4568 0.2311 0.8590
vn 0.4999 0.2677 0.8237
vn 0.5500 0.1341 0.8243
vn 0.5027 0.1816 0.8452
vn 0.8445 0.3235 0.4268
vn 0.8442 0.3235 0.4274
vn 0.8428 -0.1367 0.5206
vn 0.8287 -0.0785 0.5541
vn 0.8504 -0.0894 0.5186
vn 0.8341 -0.0224 0.5511
vn 0.7653 0.0819 0.6384
vn 0.7237 0.0281 0.6895
vn 0.5476 0.1576 0.8218
vn 0.5185 0.2111 0.8286
vn 0.2150 0.2716 0.9381
vn 0.2076 0.2628 0.9423
vn 0.7160 -0.1619 0.6791
vn 0.7158 -0.1898 0.6720
vn 0.7701 -0.1743 0.6136
vn 0.7334 -0.1848 0.6542
vn 0.7875 -0.1099 0.6065
vn 0.8110 -0.2150 0.5440
vn 0.7768 -0.2245 0.5884
vn 0.7699 -0.2347 0.5934
vn 0.8778 -0.1304 0.4610
vn 0.8851 -0.1642 0.4356
vn 0.8512 -0.2411 0.4662
vn 0.8660 -0.2176 0.4502
vn 0.9273 -0.1404 0.3469
vn 0.9296 -0.1548 0.3346
vn 0.9109 -0.2031 0.3592
vn 0.9144 -0.2267 0.3354
vn 0.9338 0.0272 0.3567
vn 0.9335 0.0285 0.3575
vn 0.9335 0.0332 0.3572
vn 0.9290 0.0220 0.3695
vn 0.9257 0.0424 0.3760
vn 0.9288 0.0321 0.3691
vn 0.9242 0.0714 0.3752
vn 0.9217 0.0638 0.3825
vn 0.9182 0.1040 0.3821
vn 0.9157 0.0945 0.3905
vn 0.9115 0.1278 0.3909
vn 0.9093 0.1324 0.3945
vn 0.9074 0.1436 0.3950
vn 0.9071 0.1441 0.3954
vn 0.9068 0.1459 0.3956
vn 0.9078 0.1557 0.3895
vn 0.9064 0.1620 0.3902
vn 0.9097 0.1568 0.3846
vn 0.9109 0.1519 0.3838
vn 0.9202 0.1377 0.3663
vn 0.9304 0.1156 0.3479
vn 0.9229 0.1265 0.3638
vn 0.9330 0.1038 0.3445
vn 0.9379 0.0972 0.3330
vn 0.9402 0.0869 0.3293
vn 0.9402 0.0814 0.3309
vn 0.9407 0.0789 0.3299
vn 0.9394 0.0801 0.3334
vn 0.9410 0.0735 0.3303
vn 0.9393 0.0747 0.3348
vn 0.9351 0.0729 0.3467
vn 0.9405 0.0702 0.3326
vn 0.9356 0.0712 0.3457
vn 0.9273 0.0739 0.3671
vn 0.9189 0.0987 0.3819
vn 0.9211 0.0655 0.3838
vn 0.9025 0.1145 0.4152
vn 0.9062 0.0747 0.4162
vn 0.8815 0.1311 0.4537
vn 0.8856 0.0992 0.4537
vn 0.8596 0.1501 0.4885
vn 0.8642 0.1226 0.4879
vn 0.8337 0.1743 0.5240
vn 0.8400 0.1446 0.5229
vn 0.8003 0.1808 0.5718
vn 0.8138 0.1851 0.5509
vn 0.7571 0.2365 0.6091
vn 0.7716 0.1880 0.6077
vn 0.7326 0.2342 0.6391
vn 0.7179 0.2275 0.6579
vn 0.6788 0.2668 0.6841
vn 0.6945 0.2266 0.6829
vn 0.6449 0.2720 0.7142
vn 0.6552 0.2481 0.7135
vn 0.6090 0.2667 0.7470
vn 0.6219 0.2757 0.7330
vn 0.5787 0.2890 0.7627
vn 0.5883 0.2707 0.7620
vn 0.5502 0.2849 0.7849
vn 0.5582 0.2911 0.7769
vn 0.5234 0.3012 0.7971
vn 0.5156 0.2945 0.8046
vn 0.4859 0.3105 0.8170
vn 0.4793 0.3040 0.8233
vn 0.4344 0.3248 0.8401
vn 0.4472 0.3066 0.8402
vn 0.3741 0.3359 0.8644
vn 0.3855 0.3210 0.8651
vn 0.2948 0.3505 0.8890
vn 0.3137 0.3275 0.8912
vn 0.2254 0.3266 0.9179
vn 0.2407 0.3475 0.9063
vn 0.1511 0.3177 0.9361
vn 0.1672 0.3390 0.9258
vn 0.0914 0.3047 0.9481
vn 0.1076 0.3250 0.9396
vn 0.0363 0.3113 0.9496
vn 0.0627 0.2877 0.9557
vn 0.0066 0.2704 0.9627
vn 0.0245 0.2909 0.9565
vn 0.0048 0.2705 0.9627
vn 0.0207 0.2562 0.9664
vn 0.0082 0.2596 0.9657
vn 0.0054 0.2565 0.9665
vn 0.9406 -0.0991 0.3246
vn 0.9373 -0.0797 0.3393
vn 0.9444 -0.0150 0.3285
vn 0.9455 -0.0200 0.3251
vn 0.9461 0.0103 0.3238
vn 0.9448 0.0158 0.3274
vn 0.9495 0.0130 0.3134
vn 0.9460 0.0277 0.3230
vn 0.1360 0.2292 0.9638
vn 0.2156 0.2692 0.9386
vn 0.1386 0.2039 0.9691
vn 0.1608 0.2166 0.9629
vn 0.1409 0.1797 0.9736
vn 0.1618 0.1930 0.9678
vn 0.1582 0.1536 0.9754
vn 0.1746 0.1654 0.9707
vn 0.1993 0.1365 0.9704
vn 0.1927 0.1663 0.9671
vn 0.2537 0.1678 0.9526
vn 0.2291 0.1497 0.9618
vn 0.3012 0.1997 0.9324
vn 0.2545 0.1674 0.9525
vn 0.3423 0.1759 0.9230
vn 0.3206 0.2474 0.9143
vn 0.4675 0.2040 0.8601
vn 0.4707 0.1930 0.8609
vn 0.5602 0.1244 0.8189
vn 0.5720 0.1299 0.8099
vn 0.6689 0.0338 0.7426
vn 0.6704 0.0345 0.7412
vn 0.7631 -0.0192 0.6459
vn 0.7389 -0.0324 0.6730
vn 0.8248 -0.0380 0.5642
vn 0.7978 -0.0556 0.6004
vn 0.8393 -0.0535 0.5410
vn 0.8665 -0.0307 0.4982
vn 0.9102 0.0222 0.4135
vn 0.9142 0.0289 0.4042
vn 0.9289 0.0302 0.3691
vn 0.9337 0.0105 0.3580
vn 0.8958 0.0035 0.4444
vn 0.9103 0.0249 0.4131
vn 0.9234 0.0285 0.3827
vn 0.9285 0.0080 0.3713
vn 0.9210 -0.0331 0.3880
vn 0.9103 0.0109 0.4137
vn 0.8945 -0.0916 0.4375
vn 0.9050 -0.0752 0.4186
vn 0.8769 0.0037 0.4807
vn 0.8900 -0.0544 0.4527
vn 0.8424 -0.0541 0.5361
vn 0.8580 -0.1300 0.4968
vn 0.6723 0.2049 0.7114
vn 0.6834 0.1650 0.7111
vn 0.6424 0.2438 0.7265
vn 0.6480 0.2280 0.7267
vn 0.6485 0.2630 0.7143
vn 0.6614 0.2288 0.7143
vn 0.6323 0.3120 0.7091
vn 0.6483 0.2711 0.7115
vn 0.6105 0.3514 0.7098
vn 0.6327 0.2971 0.7152
vn 0.5588 0.1526 0.8152
vn 0.5081 0.2943 0.8094
vn 0.5028 0.2267 0.8341
vn 0.4642 0.3254 0.8238
vn 0.4523 0.2326 0.8610
vn 0.4258 0.3047 0.8519
vn 0.4018 0.1986 0.8939
vn 0.3872 0.2459 0.8886
vn 0.3506 0.1870 0.9177
vn 0.3574 0.1602 0.9201
vn 0.3284 0.1410 0.9340
vn 0.3280 0.1426 0.9338
vn 0.3321 0.0993 0.9380
vn 0.3246 0.1369 0.9359
vn 0.3338 0.1019 0.9371
vn 0.3622 0.1011 0.9266
vn 0.3456 0.0800 0.9350
vn 0.3480 0.0798 0.9341
vn 0.3139 0.0692 0.9469
vn 0.3165 0.0449 0.9475
vn 0.2920 0.0473 0.9552
vn 0.2896 0.0723 0.9544
vn 0.3004 0.0818 0.9503
vn 0.2975 0.1140 0.9479
vn 0.3473 0.1530 0.9252
vn 0.3468 0.1624 0.9238
vn 0.4620 0.2691 0.8451
vn 0.4629 0.2423 0.8526
vn 0.5322 0.3201 0.7838
vn 0.5315 0.3066 0.7897
vn 0.5607 0.3285 0.7601
vn 0.5736 0.3674 0.7321
vn 0.5821 0.3965 0.7099
vn 0.5672 0.3670 0.7373
vn 0.5972 0.3957 0.6978
vn 0.5723 0.4193 0.7048
vn 0.5766 0.4188 0.7015
vn 0.5759 0.4178 0.7027
vn 0.5606 0.4204 0.7135
vn 0.5581 0.4178 0.7170
vn 0.5286 0.4231 0.7359
vn 0.5079 0.4049 0.7603
vn 0.4422 0.4151 0.7951
vn 0.4918 0.3703 0.7881
vn 0.3642 0.3578 0.8598
vn 0.4025 0.3846 0.8307
vn 0.2331 0.3334 0.9135
vn 0.2865 0.3672 0.8849
vn 0.1876 0.3369 0.9227
vn 0.1667 0.3242 0.9312
vn 0.0181 0.2939 0.9557
vn -0.0425 0.2520 0.9668
vn -0.0234 0.2388 0.9708
vn -0.0037 0.2531 0.9674
vn 0.5111 0.0025 0.8595
vn 0.4975 -0.0466 0.8662
vn 0.6206 0.3061 0.7220
vn 0.5786 0.2690 0.7700
vn 0.6063 0.0960 0.7894
vn 0.6025 -0.0174 0.7980
vn 0.5741 0.2733 0.7719
vn 0.6116 0.0860 0.7865
vn 0.0527 -0.9947 0.0883
vn 0.0576 -0.9949 0.0832
vn 0.1495 -0.9859 0.0758
vn 0.1560 -0.9843 0.0827
vn 0.2785 -0.9574 0.0760
vn 0.2770 -0.9580 0.0743
vn 0.4334 -0.8983 0.0728
vn 0.4157 -0.9045 0.0953
vn 0.5788 -0.8002 0.1571
vn 0.5373 -0.8383 0.0924
vn 0.6736 -0.6993 0.2391
vn 0.6331 -0.7583 0.1554
vn 0.7220 -0.6494 0.2386
vn 0.7484 -0.5763 0.3284
vn 0.7874 -0.4524 0.4187
vn 0.7792 -0.5337 0.3286
vn 0.8065 -0.3566 0.4716
vn 0.8126 -0.4059 0.4181
vn 0.8151 -0.2819 0.5062
vn 0.8250 -0.3120 0.4711
vn 0.8082 -0.2467 0.5347
vn 0.8191 -0.2696 0.5064
vn 0.7922 -0.2466 0.5582
vn 0.8029 -0.2662 0.5335
vn 0.7796 -0.2623 0.5687
vn 0.7854 -0.2736 0.5552
vn 0.3783 0.3749 0.8464
vn 0.3407 0.3222 0.8832
vn 0.2363 0.3285 0.9145
vn 0.3399 0.5176 0.7852
vn 0.2748 0.4953 0.8241
vn 0.3461 0.6556 0.6711
vn 0.4586 0.6880 0.5624
vn 0.2124 0.7098 0.6716
vn 0.3555 0.7198 0.5962
vn 0.3529 0.7629 0.5417
vn 0.2001 0.6495 0.7336
vn 0.3527 0.6298 0.6921
vn 0.4153 0.5144 0.7503
vn 0.4096 0.6509 0.6392
vn 0.2818 0.4329 0.8562
vn 0.2821 0.4676 0.8377
vn 0.2293 0.4121 0.8818
vn 0.2291 0.4133 0.8813
vn 0.1689 0.2496 0.9535
vn 0.1569 0.3869 0.9087
vn 0.0925 0.2291 0.9690
vn 0.1963 0.1354 0.9712
vn 0.1485 0.1276 0.9806
vn 0.2945 -0.0118 0.9556
vn 0.9784 0.1128 0.1733
vn 0.9943 0.0824 0.0674
vn -0.2267 0.8836 0.4098
vn -0.5833 0.7748 0.2438
vn 0.4084 0.7628 0.5014
vn 0.1470 0.8117 0.5652
vn -0.2051 0.8951 0.3960
vn 0.2302 0.8917 0.3898
vn 0.6386 0.0808 0.7653
vn 0.6238 0.0777 0.7777
vn 0.7065 -0.0542 0.7056
vn 0.7178 -0.0489 0.6945
vn 0.6929 -0.0602 0.7185
vn 0.7055 -0.0525 0.7068
vn 0.6530 -0.0062 0.7574
vn 0.6342 -0.0197 0.7729
vn 0.6429 -0.0342 0.7652
vn 0.6417 -0.0278 0.7665
vn 0.6703 0.0548 0.7400
vn 0.6644 0.0859 0.7424
vn 0.6895 0.1008 0.7172
vn 0.6820 0.1337 0.7190
vn 0.6923 0.1540 0.7050
vn 0.6963 0.1344 0.7050
vn 0.6430 0.2751 0.7147
vn 0.6181 0.2518 0.7447
vn 0.6711 0.1962 0.7149
vn 0.6325 0.1783 0.7537
vn 0.6707 0.0787 0.7376
vn 0.6665 0.1252 0.7349
vn 0.6743 -0.1868 0.7144
vn 0.6362 -0.2139 0.7413
vn 0.6842 -0.2158 0.6966
vn 0.6717 -0.2249 0.7059
vn 0.7144 -0.2264 0.6621
vn 0.6975 -0.2398 0.6753
vn 0.7428 -0.2416 0.6244
vn 0.7347 -0.2489 0.6310
vn 0.7821 -0.2514 0.5702
vn 0.7725 -0.2611 0.5788
vn -0.3561 0.3230 0.8769
vn -0.4401 0.2974 0.8473
vn 0.4239 0.3469 0.8366
vn 0.3827 0.2837 0.8792
vn -0.2791 0.2620 0.9238
vn -0.3945 0.2579 0.8819
vn 0.3620 0.3181 0.8763
vn 0.3214 0.2120 0.9229
vn -0.2023 0.2232 0.9536
vn -0.2964 0.2405 0.9243
vn 0.2633 0.2833 0.9222
vn 0.2421 0.1903 0.9514
vn -0.1634 0.2060 0.9648
vn -0.2044 0.2212 0.9536
vn 0.1894 0.2380 0.9526
vn 0.1835 0.1943 0.9636
vn -0.1253 0.2337 0.9642
vn -0.1241 0.1963 0.9727
vn 0.1431 0.2229 0.9643
vn 0.1104 0.2057 0.9724
vn -0.4345 0.2958 0.8507
vn -0.4547 0.3317 0.8266
vn 0.4263 0.3239 0.8446
vn 0.4682 0.3079 0.8282
vn -0.4682 0.3053 0.8292
vn -0.4324 0.2062 0.8778
vn 0.4978 0.2466 0.8315
vn 0.3976 0.2607 0.8797
vn -0.3655 0.3060 0.8791
vn -0.3628 0.2926 0.8847
vn 0.3703 0.2997 0.8792
vn 0.3573 0.2984 0.8850
vn -0.3065 0.3485 0.8858
vn -0.3045 0.3248 0.8954
vn 0.3161 0.3383 0.8864
vn 0.2951 0.3323 0.8958
vn -0.2393 0.3737 0.8962
vn -0.2385 0.2534 0.9375
vn 0.2940 0.3331 0.8959
vn 0.1852 0.2874 0.9397
vn -0.6201 0.3706 0.6914
vn -0.5998 0.4948 0.6288
vn -0.3880 0.3420 0.8558
vn -0.3820 0.4643 0.7990
vn -0.5419 0.4082 0.7346
vn -0.5229 0.5440 0.6563
vn -0.6839 0.3170 0.6571
vn -0.6629 0.4399 0.6059
vn -0.6874 0.3227 0.6507
vn -0.7625 0.3111 0.5673
vn 0.7343 0.2597 0.6272
vn 0.7165 0.3724 0.5898
vn 0.5605 0.4356 0.7043
vn 0.6579 0.4317 0.6170
vn 0.3310 0.3873 0.8605
vn 0.4394 0.4159 0.7962
vn 0.4763 0.4710 0.7425
vn 0.5897 0.4794 0.6500
vn 0.6288 0.3844 0.6759
vn 0.7176 0.3744 0.5873
vn -0.6751 0.4101 0.6132
vn -0.6563 0.5088 0.5572
vn 0.6278 0.4659 0.6235
vn 0.7021 0.4549 0.5478
vn -0.4816 0.3745 0.7923
vn -0.4788 0.5403 0.6920
vn -0.6164 0.4495 0.6466
vn -0.6053 0.5320 0.5921
vn 0.4044 0.4464 0.7983
vn 0.5529 0.4626 0.6930
vn 0.5764 0.4931 0.6516
vn 0.6436 0.4893 0.5886
vn -0.7138 0.4391 0.5456
vn -0.6984 0.5091 0.5031
vn 0.6791 0.4831 0.5526
vn 0.7303 0.4683 0.4973
vn -0.5733 0.4379 0.6924
vn -0.5752 0.4944 0.6516
vn -0.6639 0.4637 0.5868
vn -0.6564 0.5223 0.5444
vn 0.5482 0.4680 0.6932
vn 0.5984 0.4629 0.6539
vn 0.6347 0.4997 0.5895
vn 0.6830 0.4882 0.5433
vn -0.7533 0.4352 0.4930
vn -0.7422 0.4861 0.4613
vn 0.7283 0.4710 0.4977
vn 0.7637 0.4539 0.4591
vn -0.6340 0.4087 0.6565
vn -0.6195 0.3232 0.7154
vn -0.7088 0.4511 0.5424
vn -0.7077 0.4634 0.5333
vn 0.6675 0.3539 0.6551
vn 0.5935 0.3791 0.7100
vn 0.7032 0.4599 0.5422
vn 0.7131 0.4553 0.5332
vn -0.8062 0.3800 0.4535
vn -0.7986 0.4348 0.4161
vn 0.7815 0.4246 0.4571
vn 0.8164 0.3966 0.4197
vn -0.6044 0.3557 0.7129
vn -0.6122 0.3802 0.6933
vn -0.7424 0.4016 0.5362
vn -0.7426 0.4064 0.5323
vn 0.5947 0.3767 0.7102
vn 0.6203 0.3621 0.6958
vn 0.7406 0.4059 0.5355
vn 0.7446 0.4029 0.5322
vn -0.7246 0.3646 0.5848
vn -0.7041 0.4584 0.5424
vn 0.6810 0.4195 0.6002
vn 0.7459 0.4073 0.5271
vn -0.7563 0.3930 0.5230
vn -0.7339 0.4752 0.4854
vn 0.7167 0.4439 0.5379
vn 0.7710 0.4286 0.4709
vn -0.7938 0.3967 0.4609
vn -0.7712 0.4690 0.4306
vn 0.7587 0.4447 0.4760
vn 0.8029 0.4278 0.4151
vn -0.8252 0.3958 0.4030
vn -0.8217 0.4063 0.3997
vn 0.8202 0.4034 0.4056
vn 0.8261 0.4008 0.3961
vn -0.7238 0.3631 0.5868
vn -0.7869 0.3499 0.5082
vn 0.7673 0.3044 0.5644
vn 0.7449 0.4052 0.5300
vn 0.7557 0.3917 0.5248
vn 0.8022 0.3795 0.4610
vn -0.7909 0.3443 0.5059
vn -0.7687 0.4225 0.4803
vn -0.8237 0.3872 0.4142
vn -0.8279 0.3759 0.4163
vn 0.8284 0.3812 0.4103
vn 0.8230 0.3828 0.4198
vn -0.7991 0.4138 0.4361
vn -0.8177 0.3575 0.4511
vn 0.8228 0.3830 0.4199
vn 0.7925 0.3924 0.4668
vn -0.8261 0.3293 0.4573
vn -0.8277 0.3291 0.4545
vn 0.8262 0.3310 0.4558
vn 0.8276 0.3276 0.4559
vn -0.8424 0.3097 0.4410
vn -0.8277 0.3130 0.4658
vn 0.8402 0.2954 0.4548
vn 0.8302 0.3259 0.4522
vn 0.8284 0.3163 0.4623
vn 0.8167 0.3531 0.4564
vn 0.8287 0.3372 0.4467
vn 0.8245 0.3486 0.4457
vn -0.8293 0.3427 0.4415
vn -0.8238 0.3438 0.4508
vn -0.8316 0.3333 0.4443
vn -0.8130 0.3379 0.4742
vn 0.8324 0.2831 0.4764
vn 0.8216 0.3212 0.4710
vn -0.8364 0.3008 0.4582
vn -0.8172 0.3050 0.4891
vn -0.8400 0.2717 0.4697
vn -0.8014 0.2797 0.5288
vn 0.8292 0.2375 0.5059
vn 0.8127 0.3111 0.4926
vn -0.8280 0.2395 0.5070
vn -0.7813 0.2483 0.5727
vn 0.8116 0.2013 0.5484
vn 0.7981 0.2844 0.5312
vn -0.8094 0.3015 0.5039
vn -0.7698 0.3098 0.5580
vn 0.7975 0.2701 0.5395
vn 0.7825 0.3391 0.5221
vn 0.8141 0.2947 0.5004
vn 0.7963 0.3602 0.4861
vn -0.8225 0.3248 0.4670
vn -0.7869 0.3333 0.5194
vn -0.7941 0.2752 0.5420
vn -0.7479 0.2836 0.6001
vn 0.7774 0.2407 0.5812
vn 0.7651 0.3164 0.5609
vn -0.1852 0.6128 0.7682
vn -0.1914 0.6160 0.7641
vn 0.1852 0.6170 0.7649
vn 0.1914 0.6120 0.7673
vn -0.4694 0.5446 0.6950
vn -0.5058 0.5583 0.6576
vn 0.4679 0.5749 0.6713
vn 0.5077 0.5298 0.6794
vn 0.5066 0.5467 0.6666
vn 0.5380 0.5077 0.6729
vn 0.1915 0.6031 0.7743
vn 0.1967 0.5985 0.7766
vn -0.1915 0.5991 0.7774
vn -0.1966 0.6024 0.7736
vn -0.5082 0.5199 0.6867
vn -0.5352 0.5342 0.6544
vn -0.7639 0.4306 0.4808
vn -0.7341 0.4174 0.5356
vn 0.7692 0.3897 0.5065
vn 0.7313 0.4582 0.5052
vn -0.8539 0.3372 0.3964
vn -0.8283 0.3979 0.3945
vn 0.8496 0.3692 0.3767
vn 0.8298 0.3652 0.4219
vn 0.8300 0.3562 0.4292
vn 0.8084 0.4059 0.4262
vn -0.8293 0.3801 0.4096
vn -0.8085 0.3805 0.4489
vn -0.4363 0.5449 0.7160
vn -0.4690 0.5549 0.6872
vn -0.1822 0.6040 0.7759
vn -0.1852 0.6054 0.7741
vn 0.1822 0.6059 0.7744
vn 0.1852 0.6037 0.7754
vn 0.4358 0.5680 0.6982
vn 0.4698 0.5331 0.7036
vn -0.4139 0.5440 0.7299
vn -0.4362 0.5500 0.7122
vn -0.1754 0.5926 0.7862
vn -0.1824 0.5955 0.7823
vn 0.1753 0.5966 0.7832
vn 0.1824 0.5918 0.7852
vn 0.4134 0.5584 0.7192
vn 0.4364 0.5368 0.7220
vn -0.6975 0.4308 0.5727
vn -0.6683 0.4761 0.5717
vn 0.6686 0.4504 0.5917
vn 0.6974 0.4541 0.5545
vn -0.7340 0.4201 0.5336
vn -0.6962 0.4840 0.5301
vn 0.6974 0.4478 0.5595
vn 0.7316 0.4549 0.5078
vn 0.6101 0.4598 0.6453
vn 0.6471 0.4639 0.6050
vn 0.2322 -0.1855 0.9548
vn 0.3284 -0.0845 0.9408
vn 0.1515 0.0961 0.9838
vn 0.2010 0.1375 0.9699
vn 0.1455 0.2574 0.9553
vn 0.1017 0.2268 0.9686
vn 0.1034 0.3265 0.9395
vn 0.0525 0.2944 0.9543
vn 0.0115 0.2936 0.9559
vn 0.0546 0.3190 0.9462
vn -0.1264 0.3415 0.9314
vn 0.0347 0.4198 0.9069
vn -0.2613 0.4506 0.8536
vn -0.0622 0.5079 0.8592
vn -0.1464 0.5560 0.8182
vn -0.1506 0.5463 0.8240
vn -0.0717 0.5924 0.8024
vn -0.0504 0.5770 0.8152
vn 0.0504 0.5770 0.8152
vn 0.0717 0.5924 0.8024
vn 0.1506 0.5463 0.8240
vn 0.1464 0.5560 0.8182
vn 0.0622 0.5079 0.8592
vn 0.2613 0.4506 0.8536
vn -0.0347 0.4198 0.9069
vn 0.1264 0.3415 0.9314
vn -0.0546 0.3190 0.9462
vn -0.0115 0.2936 0.9559
vn -0.0553 0.3273 0.9433
vn -0.1030 0.2944 0.9501
vn -0.1024 0.2571 0.9610
vn -0.1469 0.2272 0.9627
vn -0.2010 0.1375 0.9699
vn -0.1515 0.0961 0.9838
vn -0.3284 -0.0845 0.9408
vn -0.2322 -0.1855 0.9548
vn -0.6471 0.4639 0.6050
vn -0.6101 0.4598 0.6453
vn -0.6686 0.4494 0.5924
vn -0.6470 0.4472 0.6176
vn 0.6685 0.4336 0.6042
vn 0.6471 0.4641 0.6049
vn -0.7706 0.3680 0.5204
vn -0.7925 0.3670 0.4870
vn 0.7714 0.3887 0.5038
vn 0.7913 0.3484 0.5024
vn -0.7926 0.3689 0.4855
vn -0.8082 0.3681 0.4596
vn 0.7933 0.3851 0.4716
vn 0.8076 0.3532 0.4723
vn -0.3937 -0.6908 0.6065
vn -0.3819 -0.6589 0.6481
vn -0.9701 -0.0021 0.2427
vn -0.9251 0.1058 0.3647
vn -0.0986 -0.9949 -0.0226
vn -0.0244 -0.9673 0.2526
vn 0.1522 -0.8055 -0.5727
vn 0.2984 -0.8802 -0.3691
vn 0.2408 -0.8877 -0.3925
vn 0.3635 -0.9195 -0.1497
vn -0.7261 -0.5152 0.4553
vn -0.6778 -0.4644 0.5700
vn -0.1899 -0.7640 0.6166
vn -0.1343 -0.7348 0.6648
vn -0.1065 -0.7710 0.6278
vn -0.0892 -0.7496 0.6559
vn -0.7871 -0.2519 0.5630
vn -0.8285 -0.1887 0.5272
vn -0.6158 -0.2974 0.7296
vn -0.6299 -0.3090 0.7126
vn -0.1195 -0.3321 0.9357
vn -0.1518 -0.3057 0.9400
vn -0.5891 -0.5521 0.5900
vn -0.6331 -0.5768 0.5162
vn -0.1244 -0.8789 0.4605
vn -0.1157 -0.8761 0.4681
vn -0.6882 -0.7243 0.0409
vn -0.6865 -0.6320 -0.3595
vn -0.1573 -0.5797 0.7995
vn -0.1471 -0.5733 0.8060
vn -0.5916 0.0407 0.8052
vn -0.5768 0.0267 0.8164
vn -0.7037 -0.1802 0.6873
vn -0.6902 -0.1824 0.7002
vn -0.9086 -0.2895 0.3011
vn -0.9292 0.0628 0.3642
vn -0.7425 0.1592 0.6507
vn -0.8557 0.1928 0.4803
vn -0.9414 0.1650 0.2943
vn -0.7800 0.5297 0.3333
vn -0.7725 -0.5680 0.2840
vn -0.8767 -0.3456 0.3345
vn -0.9979 0.0574 0.0298
vn -0.9572 -0.0005 0.2895
vn -0.9563 -0.2920 0.0175
vn -0.8785 -0.3806 0.2886
vn -0.5773 -0.3458 0.7397
vn -0.5215 -0.3322 0.7859
vn -0.4985 0.1435 0.8549
vn -0.5797 0.0658 0.8122
vn -0.4491 0.0661 0.8910
vn -0.3545 -0.0374 0.9343
vn -0.1114 -0.0889 0.9898
vn -0.1063 -0.0872 0.9905
vn 0.4414 -0.1336 0.8873
vn 0.2948 -0.1829 0.9379
vn 0.7469 -0.2454 0.6180
vn 0.7476 -0.2595 0.6113
vn -0.8714 -0.2524 -0.4206
vn -0.8789 -0.2238 -0.4212
vn -0.8711 -0.2920 -0.3948
vn -0.8720 -0.2890 -0.3950
vn -0.9188 -0.3216 -0.2290
vn -0.8184 -0.5310 -0.2198
vn -0.9582 0.2820 0.0478
vn -0.9546 0.2809 0.0995
vn -0.1316 -0.9226 0.3626
vn -0.1206 -0.9201 0.3726
vn -0.1548 -0.9294 0.3351
vn -0.1382 -0.9255 0.3527
vn 0.8884 -0.3547 0.2913
vn 0.6905 -0.4607 0.5577
vn -0.1058 -0.7308 0.6743
vn -0.0931 -0.7006 0.7074
vn -0.5582 -0.7169 -0.4177
vn -0.7287 -0.4466 -0.5191
vn -0.5810 -0.4945 -0.6465
vn -0.5774 -0.5002 -0.6453
vn -0.3531 -0.3200 0.8792
vn -0.3745 -0.3360 0.8642
vn -0.3569 -0.5728 0.7380
vn -0.3800 -0.5543 0.7405
vn -0.3512 -0.8415 0.4106
vn -0.3774 -0.8457 0.3775
vn -0.3537 -0.8928 0.2788
vn -0.4183 -0.8556 0.3048
vn -0.3975 -0.8718 0.2862
vn -0.4353 -0.8468 0.3056
vn -0.3645 -0.8587 0.3603
vn -0.4084 -0.8282 0.3838
vn -0.3275 -0.5893 0.7385
vn -0.2289 -0.5379 0.8113
vn -0.0872 -0.6207 0.7792
vn -0.1611 -0.6660 0.7284
vn -0.1716 -0.9002 0.4003
vn -0.1583 -0.8963 0.4142
vn -0.9138 -0.2474 0.3222
vn -0.9435 -0.3136 -0.1070
vn -0.9239 -0.1422 0.3552
vn -0.9904 -0.1122 0.0813
vn -0.8642 0.3810 0.3286
vn -0.8468 0.4168 0.3303
vn -0.8421 0.3790 0.3838
vn -0.8517 0.3861 0.3543
vn -0.3314 0.5495 0.7670
vn -0.3219 0.5441 0.7748
vn -0.3470 0.5868 0.7316
vn -0.3285 0.5782 0.7469
vn -0.8902 0.3860 0.2421
vn -0.8550 0.4648 0.2302
vn -0.8677 0.4031 0.2910
vn -0.8504 0.4416 0.2858
vn -0.6211 0.4901 0.6116
vn -0.6269 0.4843 0.6102
vn -0.6356 0.5108 0.5788
vn -0.6142 0.5328 0.5821
vn -0.8119 -0.5178 0.2696
vn -0.8035 -0.4987 0.3250
vn -0.8470 0.3381 0.4102
vn -0.8320 0.3666 0.4164
vn -0.8607 0.3567 0.3632
vn -0.8628 0.3510 0.3638
vn -0.3295 0.4621 0.8233
vn -0.3259 0.4597 0.8261
vn -0.6375 0.4080 0.6535
vn -0.6370 0.4085 0.6537
vn -0.1369 0.5626 0.8153
vn -0.1286 0.5572 0.8204
vn -0.1189 0.4723 0.8734
vn -0.1318 0.4626 0.8767
vn -0.1347 0.6004 0.7883
vn -0.1474 0.5920 0.7923
vn -0.5759 0.1529 0.8031
vn -0.5572 0.1369 0.8190
vn 0.2107 -0.7309 0.6491
vn 0.2497 -0.6958 0.6734
vn 0.2388 -0.6831 0.6901
vn 0.2643 -0.6347 0.7262
vn 0.1479 -0.5414 0.8276
vn 0.1470 -0.5693 0.8089
vn -0.2108 -0.3398 0.9166
vn -0.2237 -0.3104 0.9239
vn -0.3143 -0.4058 0.8582
vn -0.3374 -0.6449 0.6858
vn -0.4764 -0.2052 0.8550
vn -0.5890 -0.0319 0.8075
vn -0.5834 -0.0326 0.8116
vn -0.6341 0.0264 0.7728
vn 0.7742 -0.5442 -0.3233
vn 0.7743 -0.5440 -0.3233
vn -0.6363 0.7485 0.1867
vn -0.5870 0.7556 0.2907
vn -0.6654 0.7428 0.0742
vn -0.8266 0.5604 0.0520
vn -0.3114 0.7490 0.5848
vn -0.1442 0.6521 0.7443
vn -0.1859 0.6489 0.7378
vn -0.0026 0.5349 0.8449
vn 0.0647 0.5317 0.8445
vn 0.3397 0.3310 0.8804
vn 0.5449 0.2841 0.7889
vn 0.6663 0.1203 0.7359
vn 0.8711 0.0013 0.4910
vn 0.8369 0.1089 0.5364
vn -0.8771 -0.2127 -0.4307
vn -0.8352 -0.2171 -0.5053
vn 0.9834 -0.0908 0.1570
vn 0.9834 -0.0918 0.1566
vn -0.5862 -0.5443 -0.6000
vn -0.5143 -0.5392 -0.6668
vn -0.3720 0.7938 0.4811
vn -0.2851 0.7540 0.5918
vn -0.9229 0.3743 -0.0903
vn -0.8985 0.4314 -0.0812
vn 0.4988 -0.6623 -0.5591
vn 0.4829 -0.6585 -0.5772
vn 0.4407 0.7726 0.4571
vn 0.6100 0.6372 0.4710
vn 0.0582 0.9515 0.3020
vn 0.1667 0.9046 0.3923
vn 0.1673 0.9045 0.3923
vn 0.3554 0.7995 0.4842
vn 0.4977 -0.6018 -0.6246
vn 0.3597 -0.5695 -0.7391
vn 0.8037 -0.2997 -0.5140
vn 0.7629 -0.3668 -0.5324
vn 0.9906 0.1366 0.0016
vn 0.9897 0.1430 0.0046
vn 0.8764 -0.2104 -0.4333
vn 0.8861 -0.2092 -0.4136
vn 0.8600 0.3831 0.3370
vn 0.9101 0.3586 0.2077
vn 0.7412 0.5260 0.4171
vn 0.7939 0.5090 0.3326
vn -0.4929 0.8614 0.1226
vn -0.5135 0.8540 0.0838
vn -0.7706 0.6359 -0.0432
vn -0.8390 0.5416 -0.0536
vn -0.8408 -0.2376 -0.4864
vn -0.7945 -0.2446 -0.5558
vn -0.5149 -0.5425 -0.6638
vn -0.4543 -0.5408 -0.7079
vn -0.9037 0.4076 -0.1309
vn -0.9043 0.3921 -0.1690
vn -0.0938 0.9646 0.2466
vn -0.0530 0.9545 0.2935
vn -0.8252 0.5588 -0.0825
vn -0.8427 0.5318 -0.0838
vn 0.2062 0.9390 0.2751
vn 0.2550 0.9141 0.3153
vn 0.3911 0.8696 0.3014
vn 0.4927 0.7905 0.3639
vn -0.5118 0.8553 0.0809
vn -0.4971 0.8616 0.1030
vn -0.0344 0.9666 0.2539
vn -0.0209 0.9633 0.2677
vn 0.3683 -0.5188 -0.7715
vn 0.3571 -0.5146 -0.7796
vn 0.7326 -0.1840 -0.6553
vn 0.6349 -0.3607 -0.6832
vn 0.9586 0.2771 -0.0648
vn 0.9386 0.3426 -0.0404
vn 0.8692 -0.0325 -0.4934
vn 0.8430 -0.0410 -0.5363
vn -0.7807 -0.2103 -0.5885
vn -0.8130 -0.2051 -0.5450
vn -0.4319 -0.4608 -0.7753
vn -0.4745 -0.4607 -0.7500
vn -0.9141 0.3770 -0.1493
vn -0.9142 0.3514 -0.2018
vn 0.3417 -0.6548 -0.6741
vn 0.2946 -0.6367 -0.7127
vn -0.0132 0.9690 0.2466
vn 0.0410 0.9529 0.3006
vn 0.9839 0.1212 0.1313
vn 0.9691 0.2010 0.1428
vn 0.8974 -0.3276 -0.2956
vn 0.8963 -0.3280 -0.2985
vn 0.7714 -0.4767 -0.4216
vn 0.6407 -0.4873 -0.5933
vn 0.0350 0.9468 0.3201
vn 0.0456 0.9426 0.3308
vn 0.8915 0.2918 0.3466
vn 0.9010 0.2562 0.3501
vn 0.9607 0.0887 0.2630
vn 0.9605 0.0907 0.2629
vn 0.9031 -0.4126 -0.1190
vn 0.8817 -0.4299 -0.1942
vn 0.7452 -0.5886 -0.3135
vn 0.8046 -0.5037 -0.3145
vn 0.2798 -0.7470 -0.6031
vn 0.2233 -0.7245 -0.6521
vn 0.1860 -0.8935 -0.4088
vn 0.1828 -0.8926 -0.4121
vn 0.7568 -0.6360 -0.1510
vn 0.7454 -0.6497 -0.1494
vn 0.9475 0.0467 0.3164
vn 0.9463 -0.0031 0.3233
vn 0.9231 0.1978 0.3297
vn 0.8933 0.2254 0.3889
vn 0.8985 -0.4267 0.1028
vn 0.8783 -0.4761 -0.0445
vn 0.0514 0.9285 0.3677
vn 0.0320 0.9250 0.3786
vn 0.6537 -0.7551 0.0497
vn 0.6771 -0.7347 0.0433
vn 0.8560 -0.4503 0.2540
vn 0.8566 -0.4765 0.1980
vn 0.1104 -0.9920 0.0608
vn 0.0141 -0.9988 -0.0459
vn 0.9373 -0.0222 0.3478
vn 0.9269 -0.0998 0.3618
vn 0.9147 0.1683 0.3675
vn 0.9201 0.0746 0.3846
vn 0.0537 0.8814 0.4693
vn 0.0188 0.8718 0.4895
vn 0.5669 -0.7876 0.2413
vn 0.5533 -0.7960 0.2456
vn 0.9008 -0.1379 0.4117
vn 0.8831 -0.2011 0.4239
vn 0.9041 0.0409 0.4254
vn 0.8942 -0.0554 0.4442
vn 0.0589 0.7653 0.6410
vn -0.0100 0.7371 0.6757
vn -0.0290 -0.9729 0.2295
vn -0.1173 -0.9842 0.1325
vn 0.7908 -0.5327 0.3015
vn 0.7859 -0.4960 0.3693
vn -0.1010 0.3216 0.9415
vn -0.0643 0.3487 0.9350
vn 0.8128 -0.1551 0.5615
vn 0.7999 -0.1907 0.5690
vn 0.7977 -0.2783 0.5351
vn 0.7611 -0.3496 0.5464
vn 0.6951 -0.5582 0.4531
vn 0.7049 -0.5789 0.4099
vn 0.5172 -0.7975 0.3106
vn 0.5439 -0.7842 0.2986
vn -0.1364 -0.9462 0.2933
vn -0.0771 -0.9319 0.3545
vn 0.6225 0.7134 0.3220
vn 0.6856 0.6438 0.3398
vn 0.7870 0.5569 0.2654
vn 0.8204 0.5085 0.2613
vn 0.9047 0.3965 0.1557
vn 0.8403 0.5132 0.1749
vn 0.8497 0.4501 0.2747
vn 0.8975 0.3405 0.2804
vn 0.2576 0.9167 0.3056
vn 0.3066 0.8861 0.3475
vn 0.4992 0.8042 0.3226
vn 0.5569 0.7465 0.3642
vn 0.6865 0.6515 0.3228
vn 0.7270 0.5937 0.3450
vn 0.8217 0.4901 0.2909
vn 0.8280 0.4786 0.2923
vn 0.8190 0.4075 0.4040
vn 0.8569 0.3822 0.3458
vn 0.8524 0.3491 0.3894
vn 0.8731 0.3356 0.3537
vn 0.8650 0.2897 0.4096
vn 0.8735 0.2843 0.3951
vn 0.8502 0.2151 0.4805
vn 0.8754 0.2007 0.4398
vn 0.7892 0.0287 0.6135
vn 0.8456 0.0017 0.5338
vn 0.6511 0.3343 0.6814
vn 0.6864 0.1918 0.7015
vn 0.7610 0.4003 0.5106
vn 0.7763 0.3514 0.5234
vn 0.7963 0.4146 0.4405
vn 0.7949 0.4187 0.4390
vn 0.8036 0.4430 0.3975
vn 0.7720 0.5177 0.3686
vn 0.7242 0.5821 0.3699
vn 0.7661 0.5043 0.3985
vn 0.5195 0.2982 0.8007
vn 0.5200 0.2969 0.8009
vn 0.6243 0.5007 0.5996
vn 0.6344 0.4775 0.6079
vn 0.6756 0.5491 0.4920
vn 0.6610 0.5791 0.4772
vn 0.6818 0.6109 0.4024
vn 0.6321 0.6877 0.3570
vn 0.6218 0.6710 0.4039
vn 0.5590 0.7505 0.3526
vn 0.2974 0.8734 0.3857
vn 0.3748 0.8666 0.3295
vn 0.3575 0.8416 0.4049
vn 0.3971 0.8380 0.3742
vn 0.3515 0.7643 0.5406
vn 0.4294 0.7648 0.4802
vn 0.3632 0.6312 0.6853
vn 0.3983 0.6374 0.6596
vn 0.3065 0.3764 0.8743
vn 0.1739 0.3058 0.9361
vn -0.8767 0.2709 0.3975
vn -0.8909 0.2013 0.4072
vn -0.8779 0.3036 0.3702
vn -0.8660 0.3378 0.3687
vn -0.1832 0.5916 0.7852
vn -0.1860 0.5898 0.7858
vn -0.3995 0.5482 0.7348
vn -0.4031 0.5491 0.7321
vn -0.7026 0.4311 0.5661
vn -0.7458 0.4308 0.5082
vn -0.8676 0.3490 0.3542
vn -0.8605 0.3427 0.3771
vn -0.8815 0.3859 0.2720
vn -0.8649 0.3727 0.3362
vn -0.8785 0.4023 0.2578
vn -0.8996 0.3511 0.2597
vn -0.8964 0.2739 0.3485
vn -0.8717 0.2790 0.4030
vn -0.8623 0.2099 0.4608
vn -0.8873 0.2078 0.4117
vn -0.8788 0.2005 0.4331
vn -0.8675 0.2013 0.4549
vn -0.9233 0.1333 0.3601
vn -0.9294 0.1725 0.3263
vn -0.8923 0.1752 0.4161
vn -0.8879 0.2366 0.3944
vn -0.9179 0.1708 0.3582
vn -0.9176 0.2102 0.3375
vn -0.9655 0.2580 0.0343
vn -0.9634 0.2669 0.0264
vn -0.9902 0.1316 -0.0478
vn -0.9834 0.1774 0.0384
vn -0.9316 0.3593 0.0553
vn -0.9274 0.3627 0.0917
vn -0.9037 0.4115 0.1181
vn -0.8838 0.4140 0.2181
vn -0.9004 0.3872 0.1985
vn -0.8682 0.3863 0.3116
vn -0.9062 0.3272 0.2678
vn -0.8818 0.3272 0.3397
vn -0.9894 -0.1103 0.0949
vn -0.9802 -0.0282 -0.1958
vn -0.9683 -0.2492 0.0185
vn -0.9669 -0.2479 -0.0605
vn -0.8203 -0.4744 0.3195
vn -0.8510 -0.5129 0.1132
vn -0.3475 -0.7224 0.5978
vn -0.3784 -0.7767 0.5035
vn -0.3961 -0.7518 0.5272
vn -0.4291 -0.7763 0.4617
vn -0.9195 0.3904 0.0454
vn -0.9169 0.3909 0.0801
vn -0.9557 0.2938 -0.0161
vn -0.9608 0.2771 -0.0055
vn -0.9817 0.1889 -0.0255
vn -0.9822 0.1833 -0.0410
vn -0.9988 0.0158 0.0464
vn -0.9895 0.0627 -0.1301
vn -0.9815 -0.1627 0.1013
vn -0.9874 -0.1556 -0.0287
vn -0.8780 -0.3997 0.2634
vn -0.9110 -0.4088 0.0550
vn -0.8706 0.4744 0.1301
vn -0.8680 0.4743 0.1469
vn -0.8526 0.4964 0.1633
vn -0.8436 0.4941 0.2102
vn -0.8714 0.4565 0.1799
vn -0.8452 0.4510 0.2869
vn -0.8318 0.4572 0.3146
vn -0.8353 0.4594 0.3020
vn -0.8389 0.4845 0.2480
vn -0.8169 0.5260 0.2367
vn -0.8422 0.3746 0.3878
vn -0.8613 0.3126 0.4006
vn -0.8398 0.4607 0.2872
vn -0.8317 0.4575 0.3148
vn -0.8435 0.4947 0.2095
vn -0.8192 0.5390 0.1959
vn -0.8359 0.3427 0.4288
vn -0.8551 0.2759 0.4389
vn -0.4638 -0.7021 0.5403
vn -0.4660 -0.7026 0.5378
vn -0.9338 -0.2682 0.2367
vn -0.9445 -0.2655 0.1933
vn -0.9897 -0.0261 0.1409
vn -0.9997 -0.0114 -0.0237
vn -0.9929 0.1178 -0.0172
vn -0.9835 0.1784 -0.0311
vn 0.7595 -0.6197 0.1979
vn 0.5388 -0.7055 0.4603
vn 0.5140 -0.8222 0.2445
vn 0.5035 -0.8234 0.2615
vn 0.2414 -0.8000 0.5493
vn 0.0631 -0.7668 0.6388
vn 0.0632 -0.8829 0.4653
vn -0.0508 -0.8319 0.5526
vn -0.1995 -0.7398 0.6426
vn -0.2406 -0.7182 0.6529
vn -0.2308 -0.7827 0.5781
vn -0.4219 -0.6194 0.6620
vn -0.4797 -0.6332 0.6074
vn -0.5664 -0.5536 0.6105
vn -0.9411 -0.1787 0.2870
vn -0.9596 -0.0155 0.2808
vn -0.9823 0.1422 0.1221
vn -0.9753 0.1872 0.1169
vn -0.9652 0.2597 0.0303
vn -0.9635 0.2663 0.0284
vn -0.5681 -0.5288 0.6306
vn -0.6305 -0.4436 0.6369
vn -0.9430 0.0443 0.3299
vn -0.9414 0.0924 0.3245
vn -0.9224 0.3722 0.1034
vn -0.9240 0.3727 0.0856
vn -0.8676 0.4755 0.1454
vn -0.8715 0.4678 0.1473
vn -0.9475 0.2772 0.1592
vn -0.9426 0.2749 0.1895
vn -0.8931 0.3828 0.2365
vn -0.8945 0.3830 0.2308
vn -0.8962 0.1907 0.4006
vn -0.9070 0.1943 0.3737
vn -0.8554 0.1347 0.5001
vn -0.8557 -0.0749 0.5120
vn -0.7354 -0.1394 0.6632
vn -0.8717 -0.1194 0.4754
vn -0.6691 -0.2753 0.6903
vn -0.7683 -0.2243 0.5996
vn -0.6232 -0.4120 0.6647
vn -0.7086 -0.3784 0.5955
vn -0.5090 -0.6118 0.6055
vn -0.5031 -0.6150 0.6072
vn -0.4306 -0.6573 0.6185
vn -0.5181 -0.6305 0.5780
vn -0.5024 -0.8112 0.2993
vn -0.4267 -0.7246 0.5412
vn -0.5565 -0.7574 0.3416
vn -0.6744 -0.7380 0.0238
vn -0.3478 -0.7707 0.5339
vn -0.3752 -0.7524 0.5413
vn -0.1206 -0.7892 0.6022
vn -0.1497 -0.8019 0.5785
vn -0.1572 -0.9120 0.3788
vn -0.1392 -0.9155 0.3774
vn -0.0683 -0.8834 0.4637
vn -0.1275 -0.8809 0.4558
vn -0.5166 -0.6181 0.5925
vn -0.5297 -0.7118 0.4613
vn -0.1484 -0.9180 0.3677
vn -0.1337 -0.9722 0.1922
vn -0.8623 -0.1727 0.4760
vn -0.8140 -0.1240 0.5675
vn -0.6858 -0.3148 0.6562
vn -0.7929 -0.4016 0.4583
vn -0.1190 0.0263 0.9925
vn -0.1134 0.0216 0.9933
vn -0.3557 0.0236 0.9343
vn -0.3449 0.0141 0.9385
vn -0.6287 0.0095 0.7776
vn -0.6760 0.0582 0.7346
vn -0.7851 0.0820 0.6139
vn -0.8080 0.1131 0.5783
vn -0.8356 0.1113 0.5380
vn -0.8544 0.1437 0.4994
vn -0.8723 0.1395 0.4687
vn -0.8639 0.1272 0.4873
vn 0.8649 -0.4584 -0.2043
vn 0.8808 -0.4284 -0.2016
vn 0.3331 -0.9352 0.1203
vn 0.4585 -0.8801 0.1235
vn 0.6696 -0.5956 -0.4437
vn 0.6980 -0.5948 -0.3988
vn 0.7159 -0.4227 -0.5557
vn 0.6784 -0.4281 -0.5970
vn 0.6741 -0.3472 -0.6520
vn 0.6532 -0.3478 -0.6726
vn 0.6560 -0.4603 -0.5982
vn 0.6779 -0.4611 -0.5725
vn 0.6659 -0.5899 -0.4568
vn 0.7170 -0.5850 -0.3791
vn 0.6497 -0.7460 -0.1463
vn 0.6032 -0.7629 -0.2327
vn 0.5195 -0.8543 -0.0151
vn 0.5089 -0.8601 -0.0353
vn 0.4141 -0.8898 0.1915
vn 0.4197 -0.8852 0.2008
vn 0.3541 -0.8511 0.3876
vn 0.2237 -0.9474 0.2290
vn 0.3486 -0.9368 0.0286
vn 0.2624 -0.9644 0.0339
vn 0.5331 -0.6429 -0.5500
vn 0.5594 -0.6461 -0.5193
vn 0.5909 -0.5000 -0.6331
vn 0.5786 -0.4989 -0.6452
vn 0.5824 -0.4454 -0.6800
vn 0.5084 -0.4304 -0.7458
vn 0.4971 -0.5845 -0.6412
vn 0.4256 -0.5666 -0.7056
vn 0.4124 -0.6874 -0.5979
vn 0.4571 -0.6976 -0.5518
vn 0.4173 -0.8378 -0.3519
vn 0.5220 -0.8277 -0.2057
vn 0.4471 -0.8926 0.0573
vn 0.3585 -0.9309 -0.0704
vn 0.2893 -0.9296 0.2283
vn 0.2200 -0.9654 0.1402
vn 0.1657 -0.9044 0.3932
vn 0.1231 -0.9290 0.3490
vn 0.3842 -0.9128 -0.1383
vn 0.1814 -0.9786 -0.0969
vn 0.9761 -0.0317 -0.2149
vn 0.9746 -0.0321 -0.2215
vn 0.9992 -0.0087 -0.0388
vn 0.9998 -0.0039 -0.0214
vn 0.9898 -0.1090 0.0922
vn 0.9843 -0.0883 0.1527
vn 0.9578 -0.1569 0.2407
vn 0.9555 -0.1518 0.2531
vn 0.9096 -0.2240 0.3499
vn 0.9214 -0.2470 0.3000
vn 0.8592 -0.3206 0.3986
vn 0.8673 -0.3343 0.3688
vn 0.7355 -0.4411 0.5143
vn 0.7428 -0.4479 0.4976
vn 0.9609 -0.2523 -0.1145
vn 0.9586 -0.2846 0.0091
vn -0.1780 -0.1584 0.9712
vn -0.1562 -0.1903 0.9692
vn 0.1651 -0.7907 0.5895
vn 0.2261 -0.8041 0.5499
vn 0.0904 -0.8311 0.5487
vn -0.0292 -0.7905 0.6117
vn -0.1095 -0.7509 0.6513
vn -0.1872 -0.7875 0.5872
vn 0.5197 -0.6445 0.5608
vn 0.4973 -0.6692 0.5521
vn 0.5091 -0.3498 0.7864
vn 0.5321 -0.3234 0.7825
vn 0.3232 -0.2160 0.9213
vn 0.2770 -0.1294 0.9521
vn 0.5114 -0.4575 0.7274
vn 0.5198 -0.4644 0.7171
vn 0.5316 -0.5611 0.6345
vn 0.5054 -0.5476 0.6669
vn 0.5426 -0.1768 0.8212
vn 0.5141 -0.1347 0.8471
vn 0.0335 -0.2135 0.9764
vn 0.0059 -0.1685 0.9857
vn 0.2207 -0.6287 0.7457
vn 0.1724 -0.6033 0.7786
vn -0.0370 -0.6193 0.7842
vn -0.0837 -0.5873 0.8050
vn -0.2003 -0.5580 0.8053
vn -0.2299 -0.5743 0.7857
vn 0.1796 -0.5196 0.8353
vn 0.1558 -0.4997 0.8521
vn -0.0779 -0.4992 0.8630
vn -0.0808 -0.4965 0.8643
vn -0.1807 -0.4880 0.8539
vn -0.2276 -0.5178 0.8246
vn -0.0432 -0.3907 0.9195
vn -0.0587 -0.3729 0.9260
vn 0.1811 -0.3691 0.9116
vn 0.1984 -0.3880 0.9000
vn -0.1781 -0.3745 0.9100
vn -0.1706 -0.3690 0.9136
vn -0.1228 0.2949 0.9476
vn -0.1100 0.3050 0.9460
vn -0.3336 0.2982 0.8943
vn -0.3375 0.3013 0.8918
vn -0.6597 0.2761 0.6990
vn -0.6532 0.2702 0.7073
vn -0.7978 0.2447 0.5510
vn -0.8057 0.2533 0.5354
vn -0.8490 0.2370 0.4723
vn -0.8438 0.2305 0.4847
vn -0.8670 0.2170 0.4486
vn -0.8639 0.2137 0.4561
vn -0.8716 0.2063 0.4448
vn -0.8517 0.1941 0.4868
vn -0.8241 0.1317 0.5509
vn -0.8775 0.1574 0.4530
vn -0.8014 0.0700 0.5940
vn -0.8480 0.0914 0.5220
vn -0.8359 -0.0576 0.5459
vn -0.8651 -0.0447 0.4996
vn -0.8733 -0.1628 0.4592
vn -0.8477 -0.1729 0.5015
vn -0.8697 -0.2949 0.3958
vn -0.8690 -0.2968 0.3960
vn -0.7601 -0.5622 0.3257
vn -0.8723 -0.3787 0.3094
vn -0.6926 -0.6609 0.2888
vn -0.7517 -0.5910 0.2927
vn -0.6190 -0.7162 0.3223
vn -0.7090 -0.6217 0.3328
vn -0.6138 -0.5786 0.5370
vn -0.6431 -0.6689 0.3728
vn -0.8561 -0.3316 -0.3963
vn -0.8916 -0.1280 -0.4344
vn -0.9754 0.2193 -0.0234
vn -0.9771 0.1918 -0.0922
vn -0.8832 0.4687 0.0157
vn -0.9182 0.3954 0.0237
vn -0.5623 0.8150 0.1398
vn -0.5074 0.8522 0.1278
vn -0.9950 0.0932 0.0360
vn -0.9956 0.0900 0.0276
vn -0.9323 0.3476 0.1001
vn -0.9558 0.2724 0.1111
vn -0.6039 0.7448 0.2840
vn -0.6718 0.7169 0.1861
vn -0.4873 -0.4956 -0.7190
vn -0.6640 -0.4668 -0.5841
vn -0.6874 -0.5434 -0.4818
vn -0.8195 -0.4800 -0.3130
vn -0.8161 -0.5612 -0.1380
vn -0.8653 -0.4997 -0.0398
vn -0.8520 -0.5219 0.0417
vn -0.8200 -0.5718 -0.0235
vn -0.9364 -0.2879 -0.2006
vn -0.9493 -0.2278 -0.2167
vn -0.9467 -0.3193 -0.0426
vn -0.9194 -0.3931 -0.0144
vn -0.9952 0.0526 0.0822
vn -0.9994 0.0274 0.0212
vn -0.9553 0.2760 0.1061
vn -0.9652 0.2373 0.1104
vn -0.7002 0.6407 0.3149
vn -0.7447 0.6218 0.2425
vn -0.9143 -0.4048 0.0123
vn -0.9116 -0.4112 0.0010
vn -0.9938 -0.0291 0.1071
vn -0.9980 -0.0512 0.0361
vn -0.9656 0.2333 0.1150
vn -0.9830 0.1314 0.1284
vn -0.7502 0.5982 0.2818
vn -0.7577 0.5952 0.2675
vn -0.8075 -0.5867 0.0614
vn -0.7849 -0.6190 0.0280
vn -0.9009 -0.4315 0.0467
vn -0.9037 -0.4240 0.0598
vn -0.9798 -0.1274 0.1541
vn -0.9852 -0.1474 0.0873
vn -0.9824 0.1193 0.1440
vn -0.9861 0.0174 0.1654
vn -0.7659 0.5401 0.3488
vn -0.7625 0.5407 0.3554
vn -0.7720 -0.6211 0.1351
vn -0.7279 -0.6791 0.0950
vn -0.7688 0.4362 0.4676
vn -0.7362 0.4235 0.5278
vn -0.9482 -0.0829 0.3067
vn -0.9536 -0.0539 0.2963
vn -0.9443 -0.2346 0.2308
vn -0.9444 -0.2347 0.2304
vn -0.8533 -0.4841 0.1939
vn -0.9310 -0.3441 0.1222
vn -0.7667 -0.5131 0.3858
vn -0.7402 -0.5116 0.4363
vn -0.7254 -0.4302 0.5374
vn -0.6917 -0.4105 0.5941
vn -0.8924 0.2069 0.4010
vn -0.9440 0.1642 0.2861
vn -0.9077 0.3345 0.2533
vn -0.9267 0.3168 0.2019
vn -0.8880 0.4092 0.2098
vn -0.9102 0.3853 0.1516
vn -0.8940 0.4117 0.1769
vn -0.8882 0.4182 0.1902
vn -0.8693 0.4665 0.1634
vn -0.8872 0.4454 0.1207
vn -0.7862 0.6123 0.0838
vn -0.8227 0.5684 0.0036
vn -0.6951 0.7185 0.0267
vn -0.7285 0.6833 -0.0485
vn -0.6503 0.7562 0.0729
vn -0.6776 0.7354 -0.0049
vn -0.7308 0.6826 0.0033
vn -0.6904 0.7094 0.1420
vn -0.9036 0.1418 0.4042
vn -0.8597 0.2770 0.4292
vn -0.8025 -0.3055 0.5125
vn -0.8213 -0.0967 0.5622
vn -0.6417 -0.5792 0.5027
vn -0.7463 -0.3677 0.5548
vn -0.3299 -0.7924 0.5132
vn -0.3773 -0.7544 0.5371
vn -0.1568 -0.8235 0.5452
vn -0.1757 -0.8310 0.5278
vn -0.7306 -0.2419 0.6386
vn -0.7137 -0.2260 0.6630
vn -0.7220 0.0065 0.6919
vn -0.7247 0.0108 0.6890
vn -0.7566 -0.4578 0.4669
vn -0.6891 -0.5345 0.4893
vn -0.9051 -0.3563 0.2320
vn -0.9318 -0.2982 0.2069
vn -0.9650 -0.2372 0.1117
vn -0.9637 -0.2415 0.1134
vn -0.9750 -0.2123 0.0650
vn -0.9859 -0.1605 0.0483
vn -0.9899 -0.1408 0.0183
vn -0.9926 -0.1209 0.0124
vn -0.9946 -0.0490 -0.0918
vn -0.9898 -0.1206 -0.0758
vn -0.9766 -0.0153 -0.2146
vn -0.9765 -0.0578 -0.2078
vn -0.9348 0.0591 -0.3502
vn -0.9340 0.0681 -0.3506
vn -0.9409 0.0537 -0.3345
vn -0.9322 0.1434 -0.3322
vn -0.9596 0.0793 -0.2701
vn -0.9502 0.1650 -0.2645
vn -0.9876 0.0311 -0.1541
vn -0.9878 0.0187 -0.1547
vn -0.9920 -0.0208 -0.1249
vn -0.9880 -0.0885 -0.1269
vn -0.9619 -0.2419 -0.1276
vn -0.9554 -0.2950 0.0132
vn -0.4119 -0.8695 0.2727
vn -0.4319 -0.8566 0.2823
vn -0.1302 -0.9324 0.3372
vn -0.1377 -0.9293 0.3426
vn 0.9504 0.0829 -0.2999
vn 0.9427 0.2014 -0.2659
vn -0.8932 0.3629 0.2655
vn -0.9057 0.3647 0.2159
vn -0.9111 0.3206 0.2592
vn -0.8993 0.3535 0.2575
vn -0.8631 0.3898 0.3213
vn -0.8698 0.3745 0.3211
vn -0.6607 0.5057 0.5548
vn -0.6315 0.5378 0.5585
vn -0.3699 0.5831 0.7233
vn -0.3452 0.6010 0.7208
vn -0.1451 0.6173 0.7732
vn -0.1691 0.6027 0.7799
vn -0.9099 0.2902 0.2964
vn -0.9046 0.2905 0.3121
vn -0.9118 0.3076 0.2719
vn -0.8983 0.3099 0.3115
vn -0.8783 0.3525 0.3229
vn -0.8700 0.3731 0.3224
vn -0.6623 0.4899 0.5669
vn -0.6996 0.4912 0.5190
vn -0.3711 0.5715 0.7319
vn -0.3976 0.5789 0.7119
vn -0.1689 0.6064 0.7770
vn -0.1829 0.5980 0.7804
vn -0.6006 -0.1317 0.7886
vn -0.5346 0.0001 0.8451
vn -0.6705 0.1700 0.7222
vn -0.6411 0.2135 0.7372
vn -0.5372 0.7657 0.3537
vn -0.4848 0.7996 0.3544
vn -0.3758 0.9124 0.1622
vn -0.3490 0.9234 0.1597
vn -0.3673 0.9102 0.1911
vn -0.2931 0.9396 0.1770
vn -0.2898 0.9419 0.1699
vn -0.3393 0.9225 0.1840
vn -0.3621 0.8984 0.2486
vn -0.4347 0.8577 0.2747
vn -0.4431 0.8401 0.3128
vn -0.5232 0.7799 0.3436
vn -0.5250 0.7745 0.3529
vn -0.5720 0.7324 0.3693
vn -0.5976 0.6560 0.4610
vn -0.5877 0.6665 0.4587
vn -0.6269 0.3794 0.6805
vn -0.5108 0.5196 0.6849
vn -0.4999 0.0010 0.8661
vn -0.5525 -0.0613 0.8313
vn -0.4886 -0.3055 0.8172
vn -0.4935 -0.3098 0.8127
vn -0.5071 -0.4788 0.7166
vn -0.4754 -0.4609 0.7494
vn -0.6073 -0.4689 0.6414
vn -0.4925 -0.5885 0.6411
vn -0.5274 -0.6720 0.5200
vn -0.5988 -0.5979 0.5328
vn -0.4960 -0.8434 0.2065
vn -0.5061 -0.8360 0.2121
vn -0.5817 -0.7979 0.1579
vn -0.4970 -0.8628 0.0925
vn -0.5997 -0.7996 0.0319
vn -0.5955 -0.8029 0.0277
vn -0.4558 -0.8325 -0.3151
vn -0.6156 -0.7691 -0.1717
vn -0.2328 -0.7304 -0.6421
vn -0.4352 -0.7309 -0.5257
vn -0.1892 -0.6323 -0.7512
vn -0.2132 -0.6355 -0.7420
vn -0.0460 -0.5392 -0.8409
vn -0.1737 -0.5628 -0.8081
vn -0.0236 -0.6783 -0.7344
vn -0.0995 -0.6930 -0.7141
vn -0.0318 -0.7168 -0.6965
vn -0.0004 -0.7360 -0.6769
vn -0.1506 -0.6790 -0.7185
vn -0.0122 -0.7953 -0.6060
vn -0.3362 -0.8396 -0.4266
vn -0.2458 -0.9223 -0.2982
vn -0.5298 -0.8309 0.1698
vn -0.4953 -0.8524 0.1674
vn -0.6541 -0.5695 0.4977
vn -0.6550 -0.5688 0.4975
vn -0.7131 -0.2938 0.6366
vn -0.7236 -0.2825 0.6298
vn -0.7348 0.0815 0.6734
vn -0.7559 0.0594 0.6520
vn -0.7421 0.2577 0.6187
vn -0.7430 0.2568 0.6181
vn -0.7270 0.3846 0.5688
vn -0.7269 0.3845 0.5690
vn -0.7254 0.4520 0.5191
vn -0.7181 0.4483 0.5324
vn -0.7330 0.4814 0.4806
vn -0.7214 0.4782 0.5009
vn -0.7571 0.4585 0.4654
vn -0.7310 0.4953 0.4694
vn -0.7558 0.4701 0.4558
vn -0.7846 0.4242 0.4521
vn -0.7846 0.4250 0.4514
vn -0.8167 0.3644 0.4475
vn -0.5439 0.0454 0.8379
vn -0.5868 -0.0114 0.8097
vn -0.6002 0.1484 0.7860
vn -0.5509 0.2057 0.8088
vn -0.4284 0.7781 0.4594
vn -0.3600 0.8171 0.4503
vn -0.2360 0.9468 0.2186
vn -0.2272 0.9496 0.2160
vn -0.2314 0.9467 0.2241
vn -0.2197 0.9504 0.2200
vn -0.2201 0.9501 0.2209
vn -0.1548 0.9685 0.1951
vn -0.1882 0.9379 0.2915
vn -0.1780 0.9412 0.2871
vn -0.1922 0.9228 0.3338
vn -0.2604 0.8946 0.3632
vn -0.2755 0.8672 0.4148
vn -0.3085 0.8491 0.4287
vn -0.3438 0.7560 0.5570
vn -0.3649 0.7411 0.5635
vn -0.4466 0.3201 0.8355
vn -0.3372 0.4307 0.8372
vn -0.3857 -0.1425 0.9116
vn -0.3332 -0.0804 0.9394
vn -0.3300 -0.3461 0.8783
vn -0.3343 -0.3405 0.8788
vn -0.3205 -0.5048 0.8015
vn -0.3421 -0.4835 0.8057
vn -0.3476 -0.5327 0.7716
vn -0.3213 -0.5566 0.7661
vn -0.3698 -0.7119 0.5971
vn -0.3382 -0.7360 0.5864
vn -0.3412 -0.9074 0.2454
vn -0.3428 -0.9066 0.2462
vn -0.3032 -0.9363 0.1773
vn -0.3391 -0.9195 0.1987
vn -0.2461 -0.9691 0.0132
vn -0.3002 -0.9525 0.0503
vn 0.0139 -0.8961 -0.4437
vn -0.2252 -0.9241 -0.3086
vn 0.1067 -0.7586 -0.6427
vn 0.0296 -0.7876 -0.6155
vn 0.1546 -0.6702 -0.7259
vn 0.1207 -0.6848 -0.7187
vn 0.2326 -0.5323 -0.8139
vn 0.1719 -0.5619 -0.8092
vn 0.2995 -0.6446 -0.7034
vn 0.2101 -0.6873 -0.6954
vn 0.3494 -0.6946 -0.6289
vn 0.2853 -0.7291 -0.6221
vn -0.0569 -0.9984 -0.0055
vn -0.1750 -0.9444 -0.2783
vn -0.5456 -0.7940 0.2681
vn -0.4005 -0.8808 0.2526
vn -0.6668 -0.5394 0.5141
vn -0.6889 -0.5566 0.4643
vn -0.7551 -0.2605 0.6016
vn -0.7668 -0.2730 0.5809
vn -0.8001 0.3646 0.4764
vn -0.7938 0.3591 0.4909
vn -0.7994 0.4142 0.4352
vn -0.7937 0.4114 0.4480
vn -0.7945 0.4477 0.4103
vn -0.8058 0.4293 0.4079
vn -0.8031 0.4498 0.3909
vn -0.8212 0.4177 0.3888
vn -0.8381 0.4046 0.3659
vn -0.8222 0.4066 0.3983
vn -0.8397 0.3725 0.3952
vn -0.8463 0.3574 0.3951
vn 0.3819 -0.6589 0.6481
vn 0.3937 -0.6908 0.6065
vn 0.9251 0.1058 0.3647
vn 0.9701 -0.0021 0.2427
vn 0.0244 -0.9673 0.2526
vn 0.0986 -0.9949 -0.0226
vn -0.2984 -0.8802 -0.3691
vn -0.1522 -0.8055 -0.5727
vn -0.3635 -0.9195 -0.1497
vn -0.2408 -0.8877 -0.3925
vn 0.6778 -0.4644 0.5700
vn 0.7261 -0.5152 0.4553
vn 0.1343 -0.7348 0.6648
vn 0.1899 -0.7640 0.6166
vn 0.0892 -0.7496 0.6559
vn 0.1065 -0.7710 0.6278
vn 0.7909 -0.2042 0.5768
vn 0.8191 -0.2420 0.5201
vn 0.6158 -0.2974 0.7296
vn 0.6299 -0.3090 0.7126
vn 0.1200 -0.3070 0.9441
vn 0.1519 -0.3316 0.9311
vn 0.6436 -0.5342 0.5481
vn 0.5760 -0.5946 0.5610
vn 0.1157 -0.8761 0.4681
vn 0.1244 -0.8789 0.4605
vn 0.8573 -0.4875 -0.1656
vn 0.5583 -0.8232 -0.1027
vn 0.1471 -0.5733 0.8060
vn 0.1573 -0.5797 0.7995
vn 0.5768 0.0267 0.8164
vn 0.5916 0.0407 0.8052
vn 0.6902 -0.1824 0.7002
vn 0.7037 -0.1802 0.6873
vn 0.9292 0.0628 0.3642
vn 0.9086 -0.2895 0.3011
vn 0.8557 0.1928 0.4803
vn 0.7425 0.1592 0.6507
vn 0.7800 0.5297 0.3333
vn 0.9414 0.1650 0.2943
vn 0.8767 -0.3456 0.3345
vn 0.7725 -0.5680 0.2840
vn 0.9572 -0.0005 0.2895
vn 0.9979 0.0574 0.0298
vn 0.8645 -0.4841 0.1353
vn 0.9690 -0.1783 0.1713
vn 0.5292 -0.3695 0.7639
vn 0.5604 -0.3038 0.7705
vn 0.5797 0.0658 0.8122
vn 0.4985 0.1435 0.8549
vn 0.3545 -0.0374 0.9343
vn 0.4491 0.0661 0.8910
vn 0.1063 -0.0872 0.9905
vn 0.1114 -0.0889 0.9898
vn -0.2948 -0.1829 0.9379
vn -0.4414 -0.1336 0.8873
vn -0.7476 -0.2595 0.6113
vn -0.7469 -0.2454 0.6180
vn 0.8789 -0.2238 -0.4212
vn 0.8714 -0.2524 -0.4206
vn 0.8720 -0.2890 -0.3950
vn 0.8711 -0.2920 -0.3948
vn 0.8184 -0.5310 -0.2198
vn 0.9188 -0.3216 -0.2290
vn 0.9546 0.2809 0.0995
vn 0.9582 0.2820 0.0478
vn 0.1206 -0.9201 0.3726
vn 0.1316 -0.9226 0.3626
vn 0.1382 -0.9255 0.3527
vn 0.1548 -0.9294 0.3351
vn -0.6905 -0.4607 0.5577
vn -0.8884 -0.3547 0.2913
vn 0.0931 -0.7006 0.7074
vn 0.1058 -0.7308 0.6743
vn 0.7287 -0.4466 -0.5191
vn 0.5582 -0.7169 -0.4177
vn 0.5774 -0.5002 -0.6453
vn 0.5810 -0.4945 -0.6465
vn 0.3517 -0.3374 0.8732
vn 0.3747 -0.3178 0.8710
vn 0.3800 -0.5543 0.7405
vn 0.3569 -0.5728 0.7380
vn 0.3774 -0.8457 0.3775
vn 0.3512 -0.8415 0.4106
vn 0.4183 -0.8556 0.3048
vn 0.3537 -0.8928 0.2788
vn 0.4353 -0.8468 0.3056
vn 0.3975 -0.8718 0.2862
vn 0.4084 -0.8282 0.3838
vn 0.3645 -0.8587 0.3603
vn 0.2289 -0.5379 0.8113
vn 0.3275 -0.5893 0.7385
vn 0.1611 -0.6660 0.7284
vn 0.0872 -0.6207 0.7792
vn 0.1583 -0.8963 0.4142
vn 0.1716 -0.9002 0.4003
vn 0.9435 -0.3136 -0.1070
vn 0.9138 -0.2474 0.3222
vn 0.9904 -0.1122 0.0813
vn 0.9239 -0.1422 0.3552
vn 0.8468 0.4168 0.3303
vn 0.8642 0.3810 0.3286
vn 0.8517 0.3861 0.3543
vn 0.8421 0.3790 0.3838
vn 0.3219 0.5441 0.7748
vn 0.3314 0.5495 0.7670
vn 0.3285 0.5782 0.7469
vn 0.3470 0.5868 0.7316
vn 0.8649 0.4199 0.2749
vn 0.8819 0.4281 0.1976
vn 0.8545 0.4183 0.3080
vn 0.8640 0.4246 0.2704
vn 0.6262 0.4883 0.6077
vn 0.6217 0.4861 0.6142
vn 0.6166 0.5191 0.5919
vn 0.6337 0.5242 0.5689
vn 0.8035 -0.4987 0.3250
vn 0.8119 -0.5178 0.2696
vn 0.8320 0.3666 0.4164
vn 0.8470 0.3381 0.4102
vn 0.8607 0.3567 0.3632
vn 0.8628 0.3510 0.3638
vn 0.3259 0.4597 0.8261
vn 0.3295 0.4621 0.8233
vn 0.6371 0.4081 0.6539
vn 0.6375 0.4084 0.6533
vn 0.1286 0.5572 0.8204
vn 0.1369 0.5626 0.8153
vn 0.1318 0.4626 0.8767
vn 0.1189 0.4723 0.8734
vn 0.1474 0.5920 0.7923
vn 0.1347 0.6004 0.7883
vn 0.5572 0.1369 0.8190
vn 0.5759 0.1529 0.8031
vn -0.2497 -0.6958 0.6734
vn -0.2107 -0.7309 0.6491
vn -0.2643 -0.6347 0.7262
vn -0.2388 -0.6831 0.6901
vn -0.1470 -0.5693 0.8089
vn -0.1479 -0.5414 0.8276
vn 0.2237 -0.3104 0.9239
vn 0.2108 -0.3398 0.9166
vn 0.3374 -0.6449 0.6858
vn 0.3143 -0.4058 0.8582
vn 0.5890 -0.0319 0.8075
vn 0.4764 -0.2052 0.8550
vn 0.6341 0.0264 0.7728
vn 0.5834 -0.0326 0.8116
vn -0.7743 -0.5440 -0.3233
vn -0.7742 -0.5442 -0.3233
vn 0.5870 0.7556 0.2907
vn 0.6363 0.7485 0.1867
vn 0.8266 0.5604 0.0520
vn 0.6654 0.7428 0.0742
vn 0.1442 0.6521 0.7443
vn 0.3114 0.7490 0.5848
vn 0.0026 0.5349 0.8449
vn 0.1859 0.6489 0.7378
vn -0.3397 0.3310 0.8804
vn -0.0647 0.5317 0.8445
vn -0.6663 0.1203 0.7359
vn -0.5449 0.2841 0.7889
vn -0.8369 0.1089 0.5364
vn -0.8711 0.0013 0.4910
vn 0.8352 -0.2171 -0.5053
vn 0.8771 -0.2127 -0.4307
vn -0.9834 -0.0918 0.1566
vn -0.9834 -0.0908 0.1570
vn 0.5143 -0.5392 -0.6668
vn 0.5862 -0.5443 -0.6000
vn 0.2851 0.7540 0.5918
vn 0.3720 0.7938 0.4811
vn 0.8985 0.4314 -0.0812
vn 0.9229 0.3743 -0.0903
vn -0.4829 -0.6585 -0.5772
vn -0.4988 -0.6623 -0.5591
vn -0.6100 0.6372 0.4710
vn -0.4407 0.7726 0.4571
vn -0.1667 0.9046 0.3923
vn -0.0582 0.9515 0.3020
vn -0.3554 0.7995 0.4842
vn -0.1673 0.9045 0.3923
vn -0.3597 -0.5695 -0.7391
vn -0.4977 -0.6018 -0.6246
vn -0.7629 -0.3668 -0.5324
vn -0.8037 -0.2997 -0.5140
vn -0.9897 0.1430 0.0046
vn -0.9906 0.1366 0.0016
vn -0.8861 -0.2092 -0.4136
vn -0.8764 -0.2104 -0.4333
vn -0.9101 0.3586 0.2077
vn -0.8600 0.3831 0.3370
vn -0.7939 0.5090 0.3326
vn -0.7412 0.5260 0.4171
vn 0.5135 0.8540 0.0838
vn 0.4929 0.8614 0.1226
vn 0.8390 0.5416 -0.0536
vn 0.7706 0.6359 -0.0432
vn 0.7945 -0.2446 -0.5558
vn 0.8408 -0.2376 -0.4864
vn 0.4543 -0.5408 -0.7079
vn 0.5149 -0.5425 -0.6638
vn 0.9043 0.3921 -0.1690
vn 0.9037 0.4076 -0.1309
vn 0.0530 0.9545 0.2935
vn 0.0938 0.9646 0.2466
vn 0.8427 0.5318 -0.0838
vn 0.8252 0.5588 -0.0825
vn -0.2550 0.9141 0.3153
vn -0.2062 0.9390 0.2751
vn -0.4927 0.7905 0.3639
vn -0.3911 0.8696 0.3014
vn 0.4971 0.8616 0.1030
vn 0.5118 0.8553 0.0809
vn 0.0209 0.9633 0.2677
vn 0.0344 0.9666 0.2539
vn -0.3571 -0.5146 -0.7796
vn -0.3683 -0.5188 -0.7715
vn -0.6349 -0.3607 -0.6832
vn -0.7326 -0.1840 -0.6553
vn -0.9386 0.3426 -0.0404
vn -0.9586 0.2771 -0.0648
vn -0.8430 -0.0410 -0.5363
vn -0.8692 -0.0325 -0.4934
vn 0.8130 -0.2051 -0.5450
vn 0.7807 -0.2103 -0.5885
vn 0.4745 -0.4607 -0.7500
vn 0.4319 -0.4608 -0.7753
vn 0.9142 0.3514 -0.2018
vn 0.9141 0.3770 -0.1493
vn -0.2946 -0.6367 -0.7127
vn -0.3417 -0.6548 -0.6741
vn -0.0410 0.9529 0.3006
vn 0.0132 0.9690 0.2466
vn -0.9691 0.2010 0.1428
vn -0.9839 0.1212 0.1313
vn -0.8963 -0.3280 -0.2985
vn -0.8974 -0.3276 -0.2956
vn -0.6407 -0.4873 -0.5933
vn -0.7714 -0.4767 -0.4216
vn -0.0456 0.9426 0.3308
vn -0.0350 0.9468 0.3201
vn -0.9010 0.2562 0.3501
vn -0.8915 0.2918 0.3466
vn -0.9605 0.0907 0.2629
vn -0.9607 0.0887 0.2630
vn -0.8817 -0.4299 -0.1942
vn -0.9031 -0.4126 -0.1190
vn -0.8046 -0.5037 -0.3145
vn -0.7452 -0.5886 -0.3135
vn -0.2233 -0.7245 -0.6521
vn -0.2798 -0.7470 -0.6031
vn -0.1828 -0.8926 -0.4121
vn -0.1860 -0.8935 -0.4088
vn -0.7454 -0.6497 -0.1494
vn -0.7568 -0.6360 -0.1510
vn -0.9463 -0.0031 0.3233
vn -0.9475 0.0467 0.3164
vn -0.8933 0.2254 0.3889
vn -0.9231 0.1978 0.3297
vn -0.8783 -0.4761 -0.0445
vn -0.8985 -0.4267 0.1028
vn -0.0320 0.9250 0.3786
vn -0.0514 0.9285 0.3677
vn -0.6771 -0.7347 0.0433
vn -0.6537 -0.7551 0.0497
vn -0.8566 -0.4765 0.1980
vn -0.8560 -0.4503 0.2540
vn -0.0141 -0.9988 -0.0459
vn -0.1104 -0.9920 0.0608
vn -0.9269 -0.0998 0.3618
vn -0.9373 -0.0222 0.3478
vn -0.9201 0.0746 0.3846
vn -0.9147 0.1683 0.3675
vn -0.0188 0.8718 0.4895
vn -0.0537 0.8814 0.4693
vn -0.5533 -0.7960 0.2456
vn -0.5669 -0.7876 0.2413
vn -0.8831 -0.2011 0.4239
vn -0.9008 -0.1379 0.4117
vn -0.8942 -0.0554 0.4442
vn -0.9041 0.0409 0.4254
vn 0.0100 0.7371 0.6757
vn -0.0589 0.7653 0.6410
vn 0.1173 -0.9842 0.1325
vn 0.0290 -0.9729 0.2295
vn -0.7859 -0.4960 0.3693
vn -0.7908 -0.5327 0.3015
vn 0.0643 0.3487 0.9350
vn 0.1010 0.3216 0.9415
vn -0.7999 -0.1907 0.5690
vn -0.8128 -0.1551 0.5615
vn -0.7611 -0.3496 0.5464
vn -0.7977 -0.2783 0.5351
vn -0.7049 -0.5789 0.4099
vn -0.6951 -0.5582 0.4531
vn -0.5439 -0.7842 0.2986
vn -0.5172 -0.7975 0.3106
vn 0.0771 -0.9319 0.3545
vn 0.1364 -0.9462 0.2933
vn -0.6856 0.6438 0.3398
vn -0.6225 0.7134 0.3220
vn -0.8204 0.5085 0.2613
vn -0.7870 0.5569 0.2654
vn -0.8403 0.5132 0.1749
vn -0.9047 0.3965 0.1557
vn -0.8975 0.3405 0.2804
vn -0.8497 0.4501 0.2747
vn -0.3066 0.8861 0.3475
vn -0.2576 0.9167 0.3056
vn -0.5569 0.7465 0.3642
vn -0.4992 0.8042 0.3226
vn -0.7270 0.5937 0.3450
vn -0.6865 0.6515 0.3228
vn -0.8280 0.4786 0.2923
vn -0.8217 0.4901 0.2909
vn -0.8569 0.3822 0.3458
vn -0.8190 0.4075 0.4040
vn -0.8731 0.3356 0.3537
vn -0.8524 0.3491 0.3894
vn -0.8735 0.2843 0.3951
vn -0.8650 0.2897 0.4096
vn -0.8754 0.2007 0.4398
vn -0.8502 0.2151 0.4805
vn -0.8456 0.0017 0.5338
vn -0.7892 0.0287 0.6135
vn -0.6864 0.1918 0.7015
vn -0.6511 0.3343 0.6814
vn -0.7763 0.3514 0.5234
vn -0.7610 0.4003 0.5106
vn -0.7949 0.4187 0.4390
vn -0.7963 0.4146 0.4405
vn -0.7720 0.5177 0.3686
vn -0.8036 0.4430 0.3975
vn -0.7661 0.5043 0.3985
vn -0.7242 0.5821 0.3699
vn -0.5200 0.2969 0.8009
vn -0.5195 0.2982 0.8007
vn -0.6344 0.4775 0.6079
vn -0.6243 0.5007 0.5996
vn -0.6610 0.5791 0.4772
vn -0.6756 0.5491 0.4920
vn -0.6321 0.6877 0.3570
vn -0.6818 0.6109 0.4024
vn -0.5590 0.7505 0.3526
vn -0.6218 0.6710 0.4039
vn -0.3748 0.8666 0.3295
vn -0.2974 0.8734 0.3857
vn -0.3971 0.8380 0.3742
vn -0.3575 0.8416 0.4049
vn -0.4294 0.7648 0.4802
vn -0.3515 0.7643 0.5406
vn -0.3983 0.6374 0.6596
vn -0.3632 0.6312 0.6853
vn -0.1739 0.3058 0.9361
vn -0.3065 0.3764 0.8743
vn 0.8977 0.2350 0.3726
vn 0.8690 0.2391 0.4333
vn 0.8660 0.3378 0.3687
vn 0.8779 0.3036 0.3702
vn 0.1861 0.5898 0.7858
vn 0.1832 0.5916 0.7851
vn 0.4031 0.5491 0.7321
vn 0.3996 0.5482 0.7347
vn 0.7458 0.4308 0.5082
vn 0.7026 0.4310 0.5662
vn 0.8605 0.3427 0.3771
vn 0.8676 0.3490 0.3542
vn 0.8649 0.3727 0.3362
vn 0.8815 0.3859 0.2720
vn 0.8996 0.3511 0.2597
vn 0.8785 0.4023 0.2578
vn 0.8717 0.2790 0.4030
vn 0.8964 0.2739 0.3485
vn 0.8873 0.2078 0.4117
vn 0.8623 0.2099 0.4608
vn 0.8675 0.2013 0.4549
vn 0.8788 0.2005 0.4331
vn 0.9294 0.1725 0.3263
vn 0.9233 0.1333 0.3601
vn 0.8879 0.2366 0.3944
vn 0.8923 0.1752 0.4161
vn 0.9176 0.2102 0.3375
vn 0.9179 0.1708 0.3582
vn 0.9634 0.2669 0.0264
vn 0.9655 0.2580 0.0343
vn 0.9834 0.1774 0.0384
vn 0.9902 0.1316 -0.0478
vn 0.9274 0.3627 0.0917
vn 0.9316 0.3593 0.0553
vn 0.8838 0.4140 0.2181
vn 0.9037 0.4115 0.1181
vn 0.8682 0.3863 0.3116
vn 0.9004 0.3872 0.1985
vn 0.8818 0.3272 0.3397
vn 0.9062 0.3272 0.2678
vn 0.9802 -0.0282 -0.1958
vn 0.9894 -0.1103 0.0949
vn 0.9669 -0.2479 -0.0605
vn 0.9683 -0.2492 0.0185
vn 0.8510 -0.5129 0.1132
vn 0.8203 -0.4744 0.3195
vn 0.3784 -0.7767 0.5035
vn 0.3475 -0.7224 0.5978
vn 0.4291 -0.7763 0.4617
vn 0.3961 -0.7518 0.5272
vn 0.9169 0.3909 0.0801
vn 0.9195 0.3904 0.0454
vn 0.9608 0.2771 -0.0055
vn 0.9557 0.2938 -0.0161
vn 0.9822 0.1833 -0.0410
vn 0.9817 0.1889 -0.0255
vn 0.9895 0.0627 -0.1301
vn 0.9988 0.0158 0.0464
vn 0.9874 -0.1556 -0.0287
vn 0.9815 -0.1627 0.1013
vn 0.9110 -0.4088 0.0550
vn 0.8780 -0.3997 0.2634
vn 0.8680 0.4743 0.1469
vn 0.8706 0.4744 0.1301
vn 0.8436 0.4941 0.2102
vn 0.8526 0.4964 0.1633
vn 0.8452 0.4510 0.2869
vn 0.8714 0.4565 0.1799
vn 0.8353 0.4594 0.3020
vn 0.8318 0.4572 0.3146
vn 0.8169 0.5260 0.2367
vn 0.8389 0.4845 0.2480
vn 0.8613 0.3126 0.4006
vn 0.8422 0.3746 0.3878
vn 0.8317 0.4575 0.3148
vn 0.8398 0.4607 0.2872
vn 0.8192 0.5390 0.1959
vn 0.8435 0.4947 0.2095
vn 0.8551 0.2759 0.4389
vn 0.8359 0.3427 0.4288
vn 0.4660 -0.7026 0.5378
vn 0.4638 -0.7021 0.5403
vn 0.9445 -0.2655 0.1933
vn 0.9338 -0.2682 0.2367
vn 0.9997 -0.0114 -0.0237
vn 0.9897 -0.0261 0.1409
vn 0.9835 0.1784 -0.0311
vn 0.9929 0.1178 -0.0172
vn -0.5388 -0.7055 0.4603
vn -0.7595 -0.6197 0.1979
vn -0.5035 -0.8234 0.2615
vn -0.5140 -0.8222 0.2445
vn -0.0631 -0.7668 0.6388
vn -0.2414 -0.8000 0.5493
vn 0.0508 -0.8319 0.5526
vn -0.0632 -0.8829 0.4653
vn 0.2406 -0.7182 0.6529
vn 0.1995 -0.7398 0.6426
vn 0.4219 -0.6194 0.6620
vn 0.2308 -0.7827 0.5781
vn 0.5664 -0.5536 0.6105
vn 0.4797 -0.6332 0.6074
vn 0.9596 -0.0155 0.2808
vn 0.9411 -0.1787 0.2870
vn 0.9753 0.1872 0.1169
vn 0.9823 0.1422 0.1221
vn 0.9635 0.2663 0.0284
vn 0.9652 0.2597 0.0303
vn 0.6305 -0.4436 0.6369
vn 0.5681 -0.5288 0.6306
vn 0.9414 0.0924 0.3245
vn 0.9430 0.0443 0.3299
vn 0.9240 0.3727 0.0856
vn 0.9224 0.3722 0.1034
vn 0.8715 0.4678 0.1473
vn 0.8676 0.4755 0.1454
vn 0.9426 0.2749 0.1895
vn 0.9475 0.2772 0.1592
vn 0.8945 0.3830 0.2308
vn 0.8931 0.3828 0.2365
vn 0.9070 0.1943 0.3737
vn 0.8962 0.1907 0.4006
vn 0.9337 0.0524 0.3543
vn 0.8139 0.0161 0.5808
vn 0.8717 -0.1194 0.4754
vn 0.7354 -0.1394 0.6632
vn 0.7683 -0.2243 0.5996
vn 0.6691 -0.2753 0.6903
vn 0.7086 -0.3784 0.5955
vn 0.6232 -0.4120 0.6647
vn 0.5031 -0.6150 0.6072
vn 0.5090 -0.6118 0.6055
vn 0.5181 -0.6305 0.5780
vn 0.4306 -0.6573 0.6185
vn 0.4267 -0.7246 0.5412
vn 0.5024 -0.8112 0.2993
vn 0.7729 -0.6137 0.1611
vn 0.4684 -0.8637 0.1862
vn 0.3752 -0.7524 0.5413
vn 0.3478 -0.7707 0.5339
vn 0.1497 -0.8019 0.5785
vn 0.1206 -0.7892 0.6022
vn 0.1392 -0.9155 0.3774
vn 0.1572 -0.9120 0.3788
vn 0.1275 -0.8809 0.4558
vn 0.0683 -0.8834 0.4637
vn 0.5297 -0.7118 0.4613
vn 0.5166 -0.6181 0.5925
vn 0.1337 -0.9722 0.1922
vn 0.1484 -0.9180 0.3677
vn 0.8767 -0.0466 0.4787
vn 0.8156 -0.1943 0.5450
vn 0.7929 -0.4016 0.4583
vn 0.6858 -0.3148 0.6562
vn 0.1134 0.0216 0.9933
vn 0.1190 0.0263 0.9925
vn 0.3449 0.0141 0.9385
vn 0.3557 0.0236 0.9343
vn 0.6760 0.0582 0.7346
vn 0.6287 0.0095 0.7776
vn 0.8080 0.1131 0.5783
vn 0.7851 0.0820 0.6139
vn 0.8544 0.1437 0.4994
vn 0.8356 0.1113 0.5380
vn 0.8639 0.1272 0.4873
vn 0.8723 0.1395 0.4687
vn -0.8808 -0.4284 -0.2016
vn -0.8649 -0.4584 -0.2043
vn -0.4585 -0.8801 0.1235
vn -0.3331 -0.9352 0.1203
vn -0.6980 -0.5948 -0.3988
vn -0.6696 -0.5956 -0.4437
vn -0.6784 -0.4281 -0.5970
vn -0.7159 -0.4227 -0.5557
vn -0.6532 -0.3478 -0.6726
vn -0.6741 -0.3472 -0.6520
vn -0.6779 -0.4611 -0.5725
vn -0.6560 -0.4603 -0.5982
vn -0.7170 -0.5850 -0.3791
vn -0.6659 -0.5899 -0.4568
vn -0.6032 -0.7629 -0.2327
vn -0.6497 -0.7460 -0.1463
vn -0.5089 -0.8601 -0.0353
vn -0.5195 -0.8543 -0.0151
vn -0.4197 -0.8852 0.2008
vn -0.4141 -0.8898 0.1915
vn -0.2237 -0.9474 0.2290
vn -0.3541 -0.8511 0.3876
vn -0.2624 -0.9644 0.0339
vn -0.3486 -0.9368 0.0286
vn -0.5594 -0.6461 -0.5193
vn -0.5331 -0.6429 -0.5500
vn -0.5786 -0.4989 -0.6452
vn -0.5909 -0.5000 -0.6331
vn -0.5084 -0.4304 -0.7458
vn -0.5824 -0.4454 -0.6800
vn -0.4256 -0.5666 -0.7056
vn -0.4971 -0.5845 -0.6412
vn -0.4571 -0.6976 -0.5518
vn -0.4124 -0.6874 -0.5979
vn -0.5220 -0.8277 -0.2057
vn -0.4173 -0.8378 -0.3519
vn -0.3585 -0.9309 -0.0704
vn -0.4471 -0.8926 0.0573
vn -0.2200 -0.9654 0.1402
vn -0.2893 -0.9296 0.2283
vn -0.1231 -0.9290 0.3490
vn -0.1657 -0.9044 0.3932
vn -0.1814 -0.9786 -0.0969
vn -0.3842 -0.9128 -0.1383
vn -0.9746 -0.0321 -0.2215
vn -0.9761 -0.0317 -0.2149
vn -0.9998 -0.0039 -0.0214
vn -0.9992 -0.0087 -0.0388
vn -0.9843 -0.0883 0.1527
vn -0.9898 -0.1090 0.0922
vn -0.9555 -0.1518 0.2531
vn -0.9578 -0.1569 0.2407
vn -0.9214 -0.2470 0.3000
vn -0.9096 -0.2240 0.3499
vn -0.8673 -0.3343 0.3688
vn -0.8592 -0.3206 0.3986
vn -0.7428 -0.4479 0.4976
vn -0.7355 -0.4411 0.5143
vn -0.9586 -0.2846 0.0091
vn -0.9609 -0.2523 -0.1145
vn 0.1562 -0.1903 0.9692
vn 0.1780 -0.1584 0.9712
vn -0.2261 -0.8041 0.5499
vn -0.1651 -0.7907 0.5895
vn 0.0292 -0.7905 0.6117
vn -0.0904 -0.8311 0.5487
vn 0.1872 -0.7875 0.5872
vn 0.1095 -0.7509 0.6513
vn -0.4973 -0.6692 0.5521
vn -0.5197 -0.6445 0.5608
vn -0.5321 -0.3234 0.7825
vn -0.5091 -0.3498 0.7864
vn -0.2770 -0.1294 0.9521
vn -0.3232 -0.2160 0.9213
vn -0.5198 -0.4644 0.7171
vn -0.5114 -0.4575 0.7274
vn -0.5054 -0.5476 0.6669
vn -0.5316 -0.5611 0.6345
vn -0.5141 -0.1347 0.8471
vn -0.5426 -0.1768 0.8212
vn -0.0059 -0.1685 0.9857
vn -0.0335 -0.2135 0.9764
vn -0.1724 -0.6033 0.7786
vn -0.2207 -0.6287 0.7457
vn 0.0837 -0.5873 0.8050
vn 0.0370 -0.6193 0.7842
vn 0.2299 -0.5743 0.7857
vn 0.2003 -0.5580 0.8053
vn -0.1558 -0.4997 0.8521
vn -0.1796 -0.5196 0.8353
vn 0.0808 -0.4965 0.8643
vn 0.0779 -0.4992 0.8630
vn 0.2276 -0.5178 0.8246
vn 0.1807 -0.4880 0.8539
vn 0.0587 -0.3729 0.9260
vn 0.0432 -0.3907 0.9195
vn -0.1984 -0.3880 0.9000
vn -0.1811 -0.3691 0.9116
vn 0.1706 -0.3690 0.9136
vn 0.1781 -0.3745 0.9100
vn 0.1100 0.3050 0.9460
vn 0.1228 0.2949 0.9476
vn 0.3375 0.3013 0.8918
vn 0.3336 0.2982 0.8943
vn 0.6532 0.2702 0.7073
vn 0.6597 0.2761 0.6990
vn 0.8057 0.2533 0.5354
vn 0.7978 0.2447 0.5510
vn 0.8438 0.2305 0.4847
vn 0.8490 0.2370 0.4723
vn 0.8639 0.2137 0.4561
vn 0.8670 0.2170 0.4486
vn 0.8560 0.2212 0.4673
vn 0.8654 0.1752 0.4695
vn 0.8775 0.1574 0.4530
vn 0.8241 0.1317 0.5509
vn 0.8480 0.0914 0.5220
vn 0.8014 0.0700 0.5940
vn 0.8651 -0.0447 0.4996
vn 0.8359 -0.0576 0.5459
vn 0.8477 -0.1729 0.5015
vn 0.8733 -0.1628 0.4592
vn 0.8690 -0.2968 0.3960
vn 0.8697 -0.2949 0.3958
vn 0.8723 -0.3787 0.3094
vn 0.7601 -0.5622 0.3257
vn 0.7517 -0.5910 0.2927
vn 0.6926 -0.6609 0.2888
vn 0.7090 -0.6217 0.3328
vn 0.6190 -0.7162 0.3223
vn 0.6431 -0.6689 0.3728
vn 0.6138 -0.5786 0.5370
vn 0.8916 -0.1280 -0.4344
vn 0.8561 -0.3316 -0.3963
vn 0.9771 0.1918 -0.0922
vn 0.9754 0.2193 -0.0234
vn 0.9182 0.3954 0.0237
vn 0.8832 0.4687 0.0157
vn 0.5074 0.8522 0.1278
vn 0.5623 0.8150 0.1398
vn 0.9956 0.0900 0.0276
vn 0.9950 0.0932 0.0360
vn 0.9558 0.2724 0.1111
vn 0.9323 0.3476 0.1001
vn 0.6718 0.7169 0.1861
vn 0.6039 0.7448 0.2840
vn 0.6640 -0.4668 -0.5841
vn 0.4873 -0.4956 -0.7190
vn 0.8195 -0.4800 -0.3130
vn 0.6874 -0.5434 -0.4818
vn 0.8653 -0.4997 -0.0398
vn 0.8161 -0.5612 -0.1380
vn 0.8200 -0.5718 -0.0235
vn 0.8520 -0.5219 0.0417
vn 0.9493 -0.2278 -0.2167
vn 0.9364 -0.2879 -0.2006
vn 0.9194 -0.3931 -0.0144
vn 0.9467 -0.3193 -0.0426
vn 0.9994 0.0274 0.0212
vn 0.9952 0.0526 0.0822
vn 0.9652 0.2373 0.1104
vn 0.9553 0.2760 0.1061
vn 0.7447 0.6218 0.2425
vn 0.7002 0.6407 0.3149
vn 0.9116 -0.4112 0.0010
vn 0.9143 -0.4048 0.0123
vn 0.9980 -0.0512 0.0361
vn 0.9938 -0.0291 0.1071
vn 0.9830 0.1314 0.1284
vn 0.9656 0.2333 0.1150
vn 0.7577 0.5952 0.2675
vn 0.7502 0.5982 0.2818
vn 0.7849 -0.6190 0.0280
vn 0.8075 -0.5867 0.0614
vn 0.9037 -0.4240 0.0598
vn 0.9009 -0.4315 0.0467
vn 0.9852 -0.1474 0.0873
vn 0.9798 -0.1274 0.1541
vn 0.9861 0.0174 0.1654
vn 0.9824 0.1193 0.1440
vn 0.7625 0.5407 0.3554
vn 0.7659 0.5401 0.3488
vn 0.7279 -0.6791 0.0950
vn 0.7720 -0.6211 0.1351
vn 0.7362 0.4235 0.5278
vn 0.7688 0.4362 0.4676
vn 0.9536 -0.0539 0.2963
vn 0.9482 -0.0829 0.3067
vn 0.9444 -0.2347 0.2304
vn 0.9443 -0.2346 0.2308
vn 0.9310 -0.3441 0.1222
vn 0.8533 -0.4841 0.1939
vn 0.7402 -0.5116 0.4363
vn 0.7667 -0.5131 0.3858
vn 0.6917 -0.4105 0.5941
vn 0.7254 -0.4302 0.5374
vn 0.9440 0.1642 0.2861
vn 0.8924 0.2069 0.4010
vn 0.9267 0.3168 0.2019
vn 0.9077 0.3345 0.2533
vn 0.9102 0.3853 0.1516
vn 0.8880 0.4092 0.2098
vn 0.8882 0.4182 0.1902
vn 0.8940 0.4117 0.1769
vn 0.8872 0.4454 0.1207
vn 0.8693 0.4665 0.1634
vn 0.8227 0.5684 0.0036
vn 0.7862 0.6123 0.0838
vn 0.7285 0.6833 -0.0485
vn 0.6951 0.7185 0.0267
vn 0.6776 0.7354 -0.0049
vn 0.6503 0.7562 0.0729
vn 0.6904 0.7094 0.1420
vn 0.7308 0.6826 0.0033
vn 0.8597 0.2770 0.4292
vn 0.9036 0.1418 0.4042
vn 0.8213 -0.0967 0.5622
vn 0.8025 -0.3055 0.5125
vn 0.7463 -0.3677 0.5548
vn 0.6417 -0.5792 0.5027
vn 0.3773 -0.7544 0.5371
vn 0.3299 -0.7924 0.5132
vn 0.1757 -0.8310 0.5278
vn 0.1568 -0.8235 0.5452
vn 0.7137 -0.2260 0.6630
vn 0.7306 -0.2419 0.6386
vn 0.7247 0.0108 0.6890
vn 0.7220 0.0065 0.6919
vn 0.6891 -0.5345 0.4893
vn 0.7566 -0.4578 0.4669
vn 0.9318 -0.2982 0.2069
vn 0.9051 -0.3563 0.2320
vn 0.9637 -0.2415 0.1134
vn 0.9650 -0.2372 0.1117
vn 0.9859 -0.1605 0.0483
vn 0.9750 -0.2123 0.0650
vn 0.9926 -0.1209 0.0124
vn 0.9899 -0.1408 0.0183
vn 0.9898 -0.1206 -0.0758
vn 0.9946 -0.0490 -0.0918
vn 0.9765 -0.0578 -0.2078
vn 0.9766 -0.0153 -0.2146
vn 0.9340 0.0681 -0.3506
vn 0.9348 0.0591 -0.3502
vn 0.9322 0.1434 -0.3322
vn 0.9409 0.0537 -0.3345
vn 0.9502 0.1650 -0.2645
vn 0.9596 0.0793 -0.2701
vn 0.9878 0.0187 -0.1547
vn 0.9876 0.0311 -0.1541
vn 0.9880 -0.0885 -0.1269
vn 0.9920 -0.0208 -0.1249
vn 0.9347 -0.3493 -0.0663
vn 0.9803 -0.1880 -0.0609
vn 0.4319 -0.8566 0.2823
vn 0.4119 -0.8695 0.2727
vn 0.1377 -0.9293 0.3426
vn 0.1302 -0.9324 0.3372
vn -0.9427 0.2014 -0.2659
vn -0.9504 0.0829 -0.2999
vn 0.8932 0.3629 0.2655
vn 0.9057 0.3647 0.2159
vn 0.8993 0.3535 0.2575
vn 0.9111 0.3206 0.2592
vn 0.8698 0.3745 0.3211
vn 0.8631 0.3898 0.3213
vn 0.6344 0.5196 0.5724
vn 0.6586 0.5230 0.5409
vn 0.3452 0.6010 0.7208
vn 0.3699 0.5831 0.7233
vn 0.1691 0.6027 0.7799
vn 0.1451 0.6173 0.7732
vn 0.9099 0.2902 0.2964
vn 0.9046 0.2905 0.3121
vn 0.8983 0.3099 0.3115
vn 0.9118 0.3076 0.2719
vn 0.8700 0.3731 0.3224
vn 0.8783 0.3525 0.3229
vn 0.6995 0.4912 0.5190
vn 0.6623 0.4899 0.5668
vn 0.3977 0.5789 0.7118
vn 0.3711 0.5715 0.7319
vn 0.1829 0.5980 0.7804
vn 0.1689 0.6064 0.7770
vn 0.5346 0.0001 0.8451
vn 0.6006 -0.1317 0.7886
vn 0.6411 0.2135 0.7372
vn 0.6705 0.1700 0.7222
vn 0.4848 0.7996 0.3544
vn 0.5372 0.7657 0.3537
vn 0.3490 0.9234 0.1597
vn 0.3758 0.9124 0.1622
vn 0.2931 0.9396 0.1770
vn 0.3673 0.9102 0.1911
vn 0.3393 0.9225 0.1840
vn 0.2898 0.9419 0.1699
vn 0.4347 0.8577 0.2747
vn 0.3621 0.8984 0.2486
vn 0.5232 0.7799 0.3436
vn 0.4431 0.8401 0.3128
vn 0.5720 0.7324 0.3693
vn 0.5250 0.7745 0.3529
vn 0.5877 0.6665 0.4587
vn 0.5976 0.6560 0.4610
vn 0.5108 0.5196 0.6849
vn 0.6269 0.3794 0.6805
vn 0.5525 -0.0613 0.8313
vn 0.4999 0.0010 0.8661
vn 0.4935 -0.3098 0.8127
vn 0.4886 -0.3055 0.8172
vn 0.4754 -0.4609 0.7494
vn 0.5071 -0.4788 0.7166
vn 0.4925 -0.5885 0.6411
vn 0.6073 -0.4689 0.6414
vn 0.5988 -0.5979 0.5328
vn 0.5274 -0.6720 0.5200
vn 0.5061 -0.8360 0.2121
vn 0.4960 -0.8434 0.2065
vn 0.4970 -0.8628 0.0925
vn 0.5817 -0.7979 0.1579
vn 0.5955 -0.8029 0.0277
vn 0.5997 -0.7996 0.0319
vn 0.6156 -0.7691 -0.1717
vn 0.4558 -0.8325 -0.3151
vn 0.4352 -0.7309 -0.5257
vn 0.2328 -0.7304 -0.6421
vn 0.2132 -0.6355 -0.7420
vn 0.1892 -0.6323 -0.7512
vn 0.1737 -0.5628 -0.8081
vn 0.0460 -0.5392 -0.8409
vn 0.0995 -0.6930 -0.7141
vn 0.0236 -0.6783 -0.7344
vn 0.0004 -0.7360 -0.6769
vn 0.0318 -0.7168 -0.6965
vn 0.0122 -0.7953 -0.6060
vn 0.1506 -0.6790 -0.7185
vn 0.2458 -0.9223 -0.2982
vn 0.3362 -0.8396 -0.4266
vn 0.4953 -0.8524 0.1674
vn 0.5298 -0.8309 0.1698
vn 0.6550 -0.5688 0.4975
vn 0.6541 -0.5695 0.4977
vn 0.7131 -0.2938 0.6366
vn 0.7236 -0.2825 0.6298
vn 0.7559 0.0594 0.6520
vn 0.7348 0.0815 0.6734
vn 0.7430 0.2568 0.6181
vn 0.7421 0.2577 0.6187
vn 0.7269 0.3845 0.5690
vn 0.7270 0.3846 0.5688
vn 0.7181 0.4483 0.5324
vn 0.7254 0.4520 0.5191
vn 0.7214 0.4782 0.5009
vn 0.7330 0.4814 0.4806
vn 0.7310 0.4953 0.4694
vn 0.7571 0.4585 0.4654
vn 0.7846 0.4242 0.4521
vn 0.7558 0.4701 0.4558
vn 0.8167 0.3644 0.4476
vn 0.7846 0.4251 0.4514
vn 0.5868 -0.0114 0.8097
vn 0.5439 0.0454 0.8379
vn 0.5509 0.2057 0.8088
vn 0.6002 0.1484 0.7860
vn 0.3600 0.8171 0.4503
vn 0.4284 0.7781 0.4594
vn 0.2272 0.9496 0.2160
vn 0.2360 0.9468 0.2186
vn 0.2197 0.9504 0.2200
vn 0.2314 0.9467 0.2241
vn 0.1548 0.9685 0.1951
vn 0.2201 0.9501 0.2209
vn 0.1780 0.9412 0.2871
vn 0.1882 0.9379 0.2915
vn 0.2604 0.8946 0.3632
vn 0.1922 0.9228 0.3338
vn 0.3085 0.8491 0.4287
vn 0.2755 0.8672 0.4148
vn 0.3649 0.7411 0.5635
vn 0.3438 0.7560 0.5570
vn 0.3372 0.4307 0.8372
vn 0.4466 0.3201 0.8355
vn 0.3332 -0.0804 0.9394
vn 0.3857 -0.1425 0.9116
vn 0.3343 -0.3405 0.8788
vn 0.3300 -0.3461 0.8783
vn 0.3421 -0.4835 0.8057
vn 0.3205 -0.5048 0.8015
vn 0.3213 -0.5566 0.7661
vn 0.3476 -0.5327 0.7716
vn 0.3382 -0.7360 0.5864
vn 0.3698 -0.7119 0.5971
vn 0.3428 -0.9066 0.2462
vn 0.3412 -0.9074 0.2454
vn 0.3391 -0.9195 0.1987
vn 0.3032 -0.9363 0.1773
vn 0.3002 -0.9525 0.0503
vn 0.2461 -0.9691 0.0132
vn 0.2252 -0.9241 -0.3086
vn -0.0139 -0.8961 -0.4437
vn -0.0296 -0.7876 -0.6155
vn -0.1067 -0.7586 -0.6427
vn -0.1207 -0.6848 -0.7187
vn -0.1546 -0.6702 -0.7259
vn -0.1719 -0.5619 -0.8092
vn -0.2326 -0.5323 -0.8139
vn -0.2101 -0.6873 -0.6954
vn -0.2995 -0.6446 -0.7034
vn -0.2853 -0.7291 -0.6221
vn -0.3494 -0.6946 -0.6289
vn 0.1750 -0.9444 -0.2783
vn 0.0569 -0.9984 -0.0055
vn 0.4005 -0.8808 0.2526
vn 0.5456 -0.7940 0.2681
vn 0.6889 -0.5566 0.4643
vn 0.6668 -0.5394 0.5141
vn 0.7538 -0.2761 0.5963
vn 0.7700 -0.2567 0.5842
vn 0.7938 0.3591 0.4909
vn 0.8001 0.3646 0.4764
vn 0.7937 0.4114 0.4480
vn 0.7994 0.4142 0.4352
vn 0.8058 0.4293 0.4079
vn 0.7945 0.4477 0.4103
vn 0.8212 0.4177 0.3888
vn 0.8031 0.4498 0.3909
vn 0.8222 0.4066 0.3983
vn 0.8381 0.4046 0.3659
vn 0.8463 0.3574 0.3951
vn 0.8397 0.3725 0.3952
vn 0.6095 0.4880 0.6248
vn 0.5746 0.4836 0.6603
vn 0.5711 0.5383 0.6197
vn 0.5349 0.5327 0.6558
vn 0.4993 0.5769 0.6464
vn 0.5334 0.5470 0.6451
vn 0.4863 0.5548 0.6751
vn 0.5017 0.5603 0.6590
vn 0.4846 0.5217 0.7021
vn 0.4906 0.5248 0.6956
vn 0.5033 0.4400 0.7437
vn 0.4959 0.4351 0.7515
vn 0.5191 0.2896 0.8041
vn 0.5194 0.2899 0.8038
vn 0.5329 0.0079 0.8461
vn 0.5433 0.0177 0.8393
vn 0.5345 -0.3088 0.7867
vn 0.5206 -0.3216 0.7909
vn 0.5318 -0.5385 0.6536
vn 0.4866 -0.5767 0.6562
vn 0.5909 -0.6929 0.4132
vn 0.4553 -0.7935 0.4038
vn 0.6931 -0.6887 0.2128
vn 0.4971 -0.8449 0.1976
vn 0.6428 -0.7604 0.0928
vn 0.7186 -0.6876 0.1042
vn 0.7173 -0.6821 0.1421
vn 0.7323 -0.6652 0.1457
vn 0.6632 -0.6944 0.2792
vn 0.7229 -0.6712 0.1640
vn 0.6709 -0.6565 0.3448
vn 0.5947 -0.7406 0.3129
vn 0.6041 -0.6025 0.5216
vn 0.5208 -0.7006 0.4878
vn 0.3914 -0.4265 0.8154
vn 0.4993 -0.4684 0.7289
vn -0.4993 -0.4684 0.7289
vn -0.3914 -0.4265 0.8154
vn -0.5209 -0.6466 0.5573
vn -0.6051 -0.6569 0.4498
vn -0.6015 -0.7037 0.3783
vn -0.6632 -0.6943 0.2793
vn -0.7229 -0.6712 0.1640
vn -0.6632 -0.6944 0.2792
vn -0.7323 -0.6652 0.1457
vn -0.7173 -0.6821 0.1421
vn -0.6977 -0.7148 0.0485
vn -0.6631 -0.7357 0.1377
vn -0.4971 -0.8449 0.1976
vn -0.6931 -0.6887 0.2128
vn -0.4553 -0.7935 0.4038
vn -0.5909 -0.6929 0.4132
vn -0.4866 -0.5767 0.6562
vn -0.5318 -0.5385 0.6536
vn -0.5345 -0.3088 0.7867
vn -0.5206 -0.3216 0.7909
vn -0.5439 0.0081 0.8391
vn -0.5332 0.0176 0.8458
vn -0.5195 0.2896 0.8039
vn -0.5191 0.2899 0.8040
vn -0.4959 0.4351 0.7515
vn -0.5033 0.4400 0.7437
vn -0.4906 0.5248 0.6956
vn -0.4846 0.5217 0.7021
vn -0.5017 0.5603 0.6590
vn -0.4863 0.5548 0.6751
vn -0.5334 0.5470 0.6451
vn -0.4993 0.5769 0.6464
vn -0.5324 0.5557 0.6386
vn -0.5728 0.5167 0.6363
vn -0.5735 0.5068 0.6436
vn -0.6100 0.4663 0.6406
vn -0.1159 -0.7866 0.6065
vn -0.0838 -0.7915 0.6054
vn 0.0059 -0.8259 0.5638
vn 0.0228 -0.8383 0.5448
vn -0.1367 -0.7686 0.6250
vn -0.1564 -0.7415 0.6524
vn -0.0464 -0.8074 0.5882
vn -0.1096 -0.7957 0.5958
vn -0.0251 -0.8351 0.5496
vn -0.0533 -0.8093 0.5850
vn -0.1140 -0.7860 0.6076
vn -0.1319 -0.7673 0.6276
vn 0.1632 -0.8642 0.4760
vn 0.2251 -0.8928 0.3902
vn -0.0701 -0.7866 0.6135
vn -0.0812 -0.7855 0.6136
vn 0.0690 -0.8210 0.5668
vn 0.0734 -0.8210 0.5662
vn 0.1136 -0.8132 0.5707
vn 0.0846 -0.8147 0.5737
vn -0.0613 -0.7767 0.6269
vn -0.0534 -0.7770 0.6273
vn -0.2988 -0.6972 0.6516
vn -0.2751 -0.7039 0.6549
vn 0.0849 -0.8638 0.4967
vn 0.0471 -0.8610 0.5063
vn 0.1110 -0.8824 0.4573
vn 0.0831 -0.8643 0.4960
vn -0.2758 -0.6756 0.6838
vn -0.2933 -0.6467 0.7041
vn -0.2827 -0.6922 0.6640
vn -0.2922 -0.6799 0.6725
vn 0.4946 -0.8487 0.1871
vn 0.5901 -0.8073 -0.0005
vn 0.4591 -0.8193 0.3435
vn 0.2821 -0.8685 0.4075
vn 0.6293 -0.7468 0.2150
vn 0.3617 -0.8816 0.3033
vn 0.0588 -0.6513 0.7565
vn 0.0814 -0.6454 0.7595
vn 0.5647 -0.5767 0.5904
vn 0.4363 -0.6567 0.6152
vn -0.2803 -0.7056 0.6508
vn -0.2543 -0.7118 0.6547
vn -0.2504 -0.7103 0.6579
vn -0.2233 -0.7144 0.6631
vn -0.5017 -0.5601 0.6593
vn -0.4686 -0.5737 0.6718
vn -0.1757 -0.7242 0.6668
vn -0.1315 -0.7353 0.6648
vn -0.0842 -0.7749 0.6264
vn -0.0773 -0.7884 0.6103
vn 0.4416 -0.8714 0.2137
vn 0.3490 -0.8998 0.2619
vn 0.4718 -0.8631 0.1802
vn 0.4508 -0.8659 0.2167
vn -0.4578 -0.5244 0.7179
vn -0.4656 -0.5076 0.7250
vn -0.4805 -0.5517 0.6817
vn -0.4900 -0.5352 0.6880
vn 0.6955 -0.7060 -0.1339
vn 0.7240 -0.6504 -0.2297
vn 0.7914 -0.6020 -0.1065
vn 0.6281 -0.7780 0.0114
vn 0.7972 -0.5875 -0.1386
vn 0.7662 -0.6308 -0.1224
vn 0.8756 -0.3999 0.2709
vn 0.8657 -0.4174 0.2764
vn 0.5665 -0.4288 0.7037
vn 0.6246 -0.3878 0.6779
vn 0.1414 -0.5006 0.8540
vn 0.1583 -0.4945 0.8546
vn -0.0916 -0.6317 0.7698
vn -0.0992 -0.6331 0.7677
vn -0.4827 -0.5806 0.6557
vn -0.4154 -0.6036 0.6805
vn -0.4315 -0.6123 0.6625
vn -0.3108 -0.6391 0.7036
vn -0.6913 -0.3749 0.6178
vn -0.6209 -0.4111 0.6674
vn -0.2033 -0.6992 0.6855
vn -0.1703 -0.7094 0.6839
vn -0.0974 -0.7768 0.6221
vn -0.0876 -0.7792 0.6206
vn -0.0940 -0.7770 0.6225
vn -0.0957 -0.7766 0.6227
vn -0.1929 -0.7134 0.6736
vn -0.1639 -0.7218 0.6724
vn 0.0519 -0.8416 0.5376
vn 0.0635 -0.8565 0.5123
vn -0.3109 -0.6172 0.7228
vn -0.2534 -0.6372 0.7279
vn 0.6277 -0.7772 -0.0440
vn 0.6192 -0.7849 -0.0201
vn 0.7029 -0.6991 -0.1309
vn 0.6676 -0.7439 -0.0320
vn -0.6681 -0.2925 0.6842
vn -0.6727 -0.2738 0.6873
vn -0.6707 -0.3607 0.6481
vn -0.6898 -0.3050 0.6566
vn 0.7815 -0.5176 -0.3485
vn 0.7815 -0.5178 -0.3481
vn 0.8120 -0.2342 -0.5347
vn 0.8416 -0.3927 -0.3707
vn 0.7875 -0.5196 -0.3315
vn 0.7753 -0.5982 -0.2027
vn 0.8644 -0.3771 -0.3326
vn 0.8322 -0.4624 -0.3060
vn 0.9655 -0.2548 0.0539
vn 0.9498 -0.3049 0.0702
vn 0.8828 -0.2534 0.3956
vn 0.8916 -0.2377 0.3855
vn 0.5736 -0.3736 0.7290
vn 0.5679 -0.3726 0.7339
vn 0.1942 -0.3650 0.9105
vn 0.3417 -0.4049 0.8481
vn -0.0313 -0.4941 0.8688
vn 0.0054 -0.4827 0.8758
vn -0.1963 -0.6159 0.7630
vn -0.1846 -0.6143 0.7672
vn -0.6453 -0.4304 0.6311
vn -0.5575 -0.4647 0.6879
vn -0.5733 -0.4797 0.6642
vn -0.4881 -0.5026 0.7136
vn 0.0452 -0.8525 0.5207
vn 0.0482 -0.8529 0.5198
vn 0.0419 -0.8442 0.5344
vn 0.0670 -0.8471 0.5272
vn -0.3214 -0.5721 0.7546
vn -0.2893 -0.5859 0.7570
vn -0.3279 -0.5926 0.7357
vn -0.2819 -0.6108 0.7399
vn 0.3259 -0.8927 0.3112
vn 0.3462 -0.9011 0.2610
vn -0.4299 -0.4931 0.7563
vn -0.4255 -0.4951 0.7575
vn 0.7768 -0.5380 -0.3274
vn 0.7750 -0.5544 -0.3034
vn 0.8209 -0.2228 -0.5259
vn 0.8238 -0.2326 -0.5169
vn 0.7999 -0.4959 -0.3379
vn 0.7982 -0.5136 -0.3149
vn 0.8442 -0.1893 -0.5016
vn 0.8509 -0.2098 -0.4817
vn 0.7905 -0.5075 -0.3429
vn 0.7922 -0.5033 -0.3449
vn 0.8053 -0.4524 -0.3831
vn 0.8046 -0.4472 -0.3907
vn 0.8327 -0.3669 -0.4149
vn 0.7898 -0.4689 -0.3953
vn 0.8350 -0.4521 -0.3137
vn 0.8261 -0.4085 -0.3882
vn 0.9818 -0.1451 -0.1222
vn 0.9705 -0.1288 -0.2038
vn 0.9967 -0.0770 0.0271
vn 0.9715 -0.2216 0.0838
vn 0.8837 -0.2575 0.3908
vn 0.7842 -0.2522 0.5670
vn 0.4521 -0.1002 0.8863
vn 0.4445 -0.0984 0.8903
vn 0.2479 -0.1044 0.9631
vn 0.1984 -0.0895 0.9760
vn 0.0140 -0.3314 0.9434
vn 0.1132 -0.3653 0.9240
vn -0.1163 -0.4748 0.8724
vn -0.1617 -0.4862 0.8588
vn -0.7365 -0.2382 0.6332
vn -0.7930 -0.2097 0.5720
vn -0.2157 -0.6779 0.7028
vn -0.1951 -0.6857 0.7013
vn -0.1080 -0.7852 0.6097
vn -0.0972 -0.7881 0.6078
vn 0.2624 -0.9143 0.3086
vn 0.2711 -0.9132 0.3044
vn 0.3143 -0.8979 0.3081
vn 0.2982 -0.9006 0.3164
vn -0.4071 -0.4503 0.7946
vn -0.3729 -0.4682 0.8011
vn -0.4191 -0.4781 0.7718
vn -0.4036 -0.4858 0.7753
vn 0.6028 -0.7968 -0.0420
vn 0.5989 -0.8004 -0.0264
vn -0.6171 -0.2742 0.7376
vn -0.6418 -0.2582 0.7221
vn 0.7989 -0.2253 -0.5576
vn 0.8012 -0.2315 -0.5517
vn 0.8244 -0.2171 -0.5228
vn 0.8189 -0.2009 -0.5375
vn -0.7527 -0.1053 0.6499
vn -0.7922 -0.0780 0.6053
vn -0.7555 -0.1722 0.6321
vn -0.7994 -0.1448 0.5831
vn 0.8230 -0.2494 -0.5103
vn 0.8209 -0.2608 -0.5080
vn 0.8149 -0.2673 -0.5143
vn 0.8294 -0.2864 -0.4795
vn 0.9720 -0.1778 -0.1535
vn 0.9347 -0.1428 -0.3254
vn 0.9329 -0.1293 -0.3360
vn 0.9518 -0.1440 -0.2708
vn 0.9821 -0.0982 -0.1606
vn 0.9522 -0.0903 -0.2919
vn 0.9961 -0.0882 0.0073
vn 0.9678 -0.0907 0.2349
vn 0.6794 -0.0677 0.7306
vn 0.7194 -0.0794 0.6900
vn 0.1492 0.2962 0.9434
vn -0.0483 0.0977 0.9940
vn 0.1472 0.2960 0.9438
vn 0.0862 0.1226 0.9887
vn -0.0456 0.3587 0.9323
vn -0.2980 0.3500 0.8881
vn -0.3563 0.2264 0.9065
vn -0.4275 0.2274 0.8749
vn -0.1410 -0.0928 0.9857
vn 0.0788 -0.1790 0.9807
vn -0.0955 -0.3350 0.9374
vn -0.1187 -0.3241 0.9386
vn -0.6843 -0.2972 0.6659
vn -0.7633 -0.2691 0.5874
vn -0.6233 -0.3472 0.7007
vn -0.7098 -0.3272 0.6238
vn -0.1929 -0.6768 0.7104
vn -0.1881 -0.6718 0.7165
vn -0.1074 -0.7854 0.6097
vn -0.1183 -0.7946 0.5955
vn -0.0002 -0.8605 0.5095
vn -0.0039 -0.8598 0.5107
vn -0.3063 -0.5420 0.7826
vn -0.2799 -0.5553 0.7831
vn 0.5079 -0.8603 -0.0433
vn 0.5078 -0.8606 -0.0381
vn 0.5754 -0.8162 -0.0516
vn 0.5499 -0.8347 -0.0304
vn -0.5366 -0.2291 0.8121
vn -0.5308 -0.2330 0.8148
vn -0.5844 -0.2493 0.7723
vn -0.5718 -0.2577 0.7789
vn 0.7551 -0.5671 -0.3291
vn 0.7548 -0.5759 -0.3140
vn 0.9465 -0.1036 -0.3056
vn 0.9267 -0.0927 -0.3643
vn 0.9646 -0.1049 -0.2421
vn 0.9657 -0.1049 -0.2374
vn 0.9576 -0.1051 -0.2682
vn 0.9654 -0.1082 -0.2371
vn 0.9906 0.0089 -0.1364
vn 0.9786 0.0046 0.2059
vn 0.8526 0.0058 0.5225
vn 0.9306 -0.0208 0.3653
vn 0.5413 0.1375 0.8295
vn 0.5124 0.0980 0.8531
vn 0.2379 0.5135 0.8245
vn 0.1946 0.5168 0.8337
vn -0.1973 0.0830 0.9768
vn -0.2992 -0.0138 0.9541
vn -0.4597 0.1462 0.8759
vn -0.5256 0.1574 0.8360
vn -0.2499 -0.1760 0.9522
vn -0.1057 -0.2504 0.9624
vn -0.0226 -0.8831 0.4685
vn -0.0080 -0.8727 0.4882
vn -0.2553 -0.5296 0.8090
vn -0.2470 -0.5191 0.8183
vn 0.1805 -0.9430 0.2797
vn 0.2052 -0.9412 0.2683
vn -0.3831 -0.3816 0.8412
vn -0.3530 -0.4002 0.8457
vn 0.6439 -0.6675 -0.3740
vn 0.6438 -0.6676 -0.3739
vn 0.6973 -0.6237 -0.3531
vn 0.6971 -0.6224 -0.3559
vn 0.7691 -0.2941 -0.5675
vn 0.7612 -0.2767 -0.5865
vn -0.7537 -0.0086 0.6572
vn -0.7561 -0.0521 0.6524
vn 0.9439 -0.0509 -0.3263
vn 0.9310 -0.0518 -0.3613
vn 0.9908 0.0556 -0.1233
vn 0.9613 0.0512 -0.2709
vn 0.9970 0.0391 0.0663
vn 0.9972 0.0410 -0.0617
vn 0.9444 0.0419 0.3262
vn 0.9625 0.0352 0.2688
vn 0.8021 0.1224 0.5845
vn 0.7788 0.0820 0.6219
vn 0.1890 0.5153 0.8359
vn 0.2540 0.5173 0.8172
vn -0.2689 -0.0115 0.9631
vn -0.3547 -0.0867 0.9309
vn -0.4886 0.0530 0.8709
vn -0.5892 0.0955 0.8023
vn -0.1352 -0.6780 0.7225
vn -0.1581 -0.6945 0.7019
vn -0.1182 -0.8149 0.5675
vn -0.0739 -0.8387 0.5396
vn 0.1203 -0.9641 0.2368
vn 0.1337 -0.9570 0.2575
vn -0.3017 -0.3582 0.8835
vn -0.3004 -0.3562 0.8848
vn 0.4368 -0.8907 -0.1258
vn 0.4493 -0.8904 -0.0724
vn -0.4390 -0.2143 0.8726
vn -0.4399 -0.2137 0.8723
vn 0.6587 -0.4301 -0.6174
vn 0.6512 -0.4201 -0.6321
vn 0.7037 -0.3761 -0.6028
vn 0.6969 -0.3644 -0.6177
vn -0.6500 0.0306 0.7593
vn -0.6521 0.0322 0.7574
vn -0.7121 0.0142 0.7019
vn -0.7031 0.0073 0.7111
vn 0.9611 0.0514 -0.2715
vn 0.9499 0.0488 -0.3087
vn 0.9638 0.1300 -0.2329
vn 0.9734 0.1368 -0.1838
vn 0.9886 0.0972 0.1149
vn 0.9963 0.0861 0.0050
vn 0.9778 0.0483 0.2038
vn 0.9139 0.0917 0.3955
vn 0.7808 0.5401 0.3141
vn 0.5963 0.6230 0.5062
vn -0.4798 0.2638 0.8368
vn -0.4683 0.2653 0.8428
vn -0.3760 0.3437 0.8605
vn -0.3107 0.3553 0.8816
vn -0.4149 0.3601 0.8356
vn -0.4466 0.3510 0.8230
vn -0.5101 0.2970 0.8072
vn -0.5331 0.2592 0.8054
vn -0.0645 -0.7003 0.7109
vn -0.0839 -0.7141 0.6950
vn -0.0581 -0.8493 0.5246
vn -0.0392 -0.8399 0.5414
vn -0.0595 -0.9127 0.4042
vn -0.0141 -0.9292 0.3692
vn -0.1749 -0.5198 0.8362
vn -0.1893 -0.5331 0.8246
vn 0.3208 -0.9299 -0.1801
vn 0.3124 -0.9295 -0.1958
vn -0.3394 -0.2019 0.9187
vn 0.5581 -0.7481 -0.3590
vn 0.5460 -0.7397 -0.3933
vn 0.9755 0.1272 -0.1793
vn 0.9721 0.1253 -0.1984
vn 0.9050 0.1100 0.4110
vn 0.9964 0.0552 0.0645
vn 0.9731 0.2269 0.0387
vn 0.9628 0.1518 -0.2234
vn 0.7901 0.5182 0.3274
vn 0.8825 0.4502 0.1362
vn 0.3932 0.5970 0.6993
vn 0.7753 0.5205 0.3578
vn -0.1552 0.5216 0.8390
vn 0.1399 0.5468 0.8255
vn -0.1493 0.5198 0.8411
vn -0.2755 0.4897 0.8272
vn -0.4636 0.3585 0.8103
vn -0.4559 0.3613 0.8134
vn -0.5562 0.2833 0.7813
vn -0.5843 0.2218 0.7806
vn -0.6075 0.1789 0.7739
vn -0.5338 0.1782 0.8266
vn -0.6181 0.2004 0.7601
vn -0.6651 0.1107 0.7385
vn -0.0418 -0.9288 0.3681
vn -0.0042 -0.9438 0.3305
vn -0.0917 -0.5388 0.8375
vn -0.0913 -0.5384 0.8378
vn 0.0132 -0.9919 0.1264
vn 0.0427 -0.9944 0.0971
vn -0.2008 -0.3651 0.9090
vn -0.1972 -0.3611 0.9114
vn 0.3852 -0.8223 -0.4189
vn 0.3948 -0.8259 -0.4025
vn 0.5010 -0.5608 -0.6592
vn 0.5040 -0.5631 -0.6548
vn -0.5509 0.0491 0.8331
vn -0.5161 0.0226 0.8562
vn 0.9698 0.2041 -0.1338
vn 0.9732 0.2298 0.0026
vn 0.8447 0.4609 0.2720
vn 0.9228 0.3849 0.0183
vn 0.1531 0.6069 0.7799
vn 0.0076 0.5895 0.8078
vn 0.0700 0.6400 0.7652
vn 0.0094 0.6316 0.7752
vn -0.2683 0.4878 0.8307
vn -0.3168 0.4725 0.8225
vn -0.4313 0.3507 0.8313
vn -0.4934 0.3275 0.8058
vn -0.5849 0.2224 0.7801
vn -0.6185 0.1231 0.7761
vn -0.6793 0.1389 0.7206
vn -0.7157 0.0442 0.6970
vn -0.6867 0.0908 0.7213
vn -0.5828 0.0661 0.8099
vn -0.6876 0.0943 0.7199
vn -0.7451 -0.0399 0.6657
vn -0.0114 -0.9982 0.0588
vn 0.0176 -0.9952 0.0967
vn -0.0961 -0.3639 0.9265
vn -0.0937 -0.3612 0.9278
vn 0.0943 -0.9677 -0.2337
vn 0.0817 -0.9641 -0.2527
vn -0.2020 -0.1782 0.9630
vn -0.1794 -0.1506 0.9722
vn 0.4232 -0.5859 -0.6911
vn 0.4319 -0.5929 -0.6796
vn -0.3864 0.0066 0.9223
vn -0.3768 0.0213 0.9260
vn 0.3464 0.6918 0.6336
vn 0.5357 0.6691 0.5151
vn 0.3021 0.7133 0.6324
vn -0.0224 0.6774 0.7352
vn -0.0022 0.6355 0.7721
vn -0.1709 0.5969 0.7839
vn -0.3165 0.4724 0.8226
vn -0.3180 0.4718 0.8224
vn -0.4351 0.3041 0.8474
vn -0.4845 0.2847 0.8271
vn -0.6135 0.1195 0.7806
vn -0.6241 0.0409 0.7803
vn -0.7083 0.0333 0.7051
vn -0.7338 -0.0775 0.6749
vn -0.7621 0.0022 0.6475
vn -0.7998 -0.1350 0.5849
vn -0.6772 0.0197 0.7356
vn -0.5660 -0.0192 0.8242
vn -0.6741 0.0069 0.7386
vn -0.7305 -0.1110 0.6738
vn 0.0359 -0.9667 -0.2532
vn 0.0233 -0.9622 -0.2714
vn -0.0972 -0.1507 0.9838
vn -0.0718 -0.1187 0.9903
vn 0.1245 -0.8731 -0.4713
vn 0.1143 -0.8660 -0.4868
vn 0.7362 0.6319 0.2425
vn 0.5402 0.7118 0.4490
vn 0.8208 0.5647 0.0864
vn 0.7573 0.6219 0.1993
vn 0.7211 0.6841 0.1096
vn 0.7604 0.6477 0.0473
vn 0.5555 0.7992 0.2299
vn 0.7701 0.6376 -0.0193
vn -0.0176 0.6764 0.7364
vn 0.2144 0.7033 0.6778
vn -0.1470 0.5914 0.7929
vn -0.0896 0.6076 0.7892
vn -0.2861 0.4647 0.8379
vn -0.2699 0.4708 0.8400
vn -0.4245 0.2639 0.8661
vn -0.4347 0.2598 0.8623
vn -0.5772 0.0104 0.8165
vn -0.6431 -0.0131 0.7657
vn -0.7283 -0.0843 0.6801
vn -0.7318 -0.1888 0.6549
vn -0.7951 -0.1439 0.5891
vn -0.8066 -0.2758 0.5228
vn -0.7403 -0.0862 0.6667
vn -0.7780 -0.2037 0.5944
vn 0.1357 -0.6569 -0.7417
vn 0.1443 -0.6680 -0.7300
vn 0.8651 0.5004 -0.0342
vn 0.8178 0.5673 0.0964
vn 0.7807 0.6246 -0.0181
vn 0.8063 0.5865 -0.0771
vn 0.5818 0.8125 0.0364
vn 0.7758 0.5719 -0.2664
vn 0.7747 0.6322 -0.0159
vn 0.3911 0.8497 0.3535
vn 0.1604 0.7258 0.6690
vn 0.2886 0.7277 0.6222
vn -0.0876 0.6071 0.7898
vn 0.0716 0.6459 0.7601
vn -0.2328 0.4622 0.8557
vn -0.1776 0.4813 0.8584
vn -0.6658 -0.2477 0.7038
vn -0.7482 -0.2622 0.6095
vn -0.7987 -0.2875 0.5287
vn -0.7819 -0.4142 0.4659
vn -0.7638 -0.2309 0.6028
vn -0.7750 -0.3170 0.5466
vn -0.0668 0.1560 0.9855
vn -0.0343 0.1951 0.9802
vn 0.7460 0.6613 -0.0784
vn 0.7976 0.5662 -0.2080
vn 0.8032 0.5427 -0.2458
vn 0.7303 0.6775 -0.0877
vn 0.5170 0.7634 0.3871
vn 0.6638 0.7021 0.2576
vn 0.2651 0.7403 0.6178
vn 0.2979 0.7400 0.6030
vn 0.0457 0.6543 0.7549
vn 0.0983 0.6648 0.7406
vn -0.3582 0.2362 0.9033
vn -0.3601 0.2500 0.8988
vn -0.7135 -0.4913 0.4995
vn -0.7834 -0.4724 0.4039
vn -0.7443 -0.3653 0.5591
vn -0.7396 -0.4270 0.5203
vn 0.7502 0.6222 -0.2239
vn 0.7714 0.5639 -0.2949
vn 0.6352 0.7604 -0.1354
vn 0.7359 0.6015 -0.3108
vn 0.5813 0.7831 0.2211
vn 0.4633 0.8276 0.3168
vn 0.2558 0.7613 0.5958
vn 0.5230 0.7321 0.4366
vn -0.0981 0.4611 0.8819
vn -0.1055 0.5206 0.8472
vn -0.1708 0.2283 0.9585
vn -0.1614 0.2061 0.9651
vn 0.0121 0.2394 0.9709
vn -0.0221 0.2200 0.9752
vn -0.5694 -0.0537 0.8203
vn -0.5570 -0.1086 0.8234
vn -0.6711 -0.5102 0.5379
vn -0.7158 -0.4946 0.4929
vn 0.7358 0.6004 -0.3133
vn 0.7418 0.5784 -0.3394
vn 0.7681 0.5735 -0.2848
vn 0.7232 0.6671 -0.1786
vn 0.5709 0.7430 0.3495
vn 0.7092 0.6734 0.2086
vn 0.1597 0.6430 0.7491
vn 0.1529 0.6814 0.7158
vn 0.0642 0.5459 0.8354
vn 0.0756 0.5213 0.8500
vn 0.1445 0.5521 0.8211
vn 0.1257 0.5440 0.8296
vn 0.0446 0.2350 0.9710
vn 0.0306 0.2535 0.9669
vn -0.3884 -0.2241 0.8938
vn -0.3968 -0.2089 0.8938
vn -0.1724 -0.2380 0.9558
vn -0.1989 -0.2524 0.9470
vn -0.6751 -0.3230 0.6633
vn -0.6462 -0.4047 0.6470
vn 0.7140 0.6036 -0.3548
vn 0.7136 0.6048 -0.3534
vn 0.5482 0.8241 0.1428
vn 0.6325 0.7723 0.0588
vn 0.4126 0.8086 0.4194
vn 0.4509 0.8012 0.3935
vn 0.2185 0.7110 0.6684
vn 0.2317 0.6885 0.6872
vn 0.2571 0.7398 0.6217
vn 0.2167 0.7299 0.6483
vn 0.1408 0.5528 0.8213
vn 0.1258 0.5699 0.8120
vn 0.0199 0.2542 0.9670
vn 0.0291 0.2624 0.9645
vn -0.0762 -0.2508 0.9650
vn -0.1071 -0.2141 0.9709
vn -0.4703 -0.5535 0.6873
vn -0.4996 -0.5153 0.6963
vn -0.3029 -0.6369 0.7090
vn -0.2821 -0.6301 0.7235
vn -0.7070 -0.5542 0.4393
vn -0.6624 -0.6343 0.3986
vn 0.6625 0.6447 -0.3814
vn 0.6662 0.6332 -0.3940
vn 0.6609 0.7177 -0.2192
vn 0.6767 0.6931 -0.2483
vn 0.4339 0.8613 0.2646
vn 0.3914 0.8707 0.2977
vn 0.5122 0.8532 -0.0986
vn 0.4840 0.8722 -0.0702
vn 0.4375 0.8760 -0.2030
vn 0.4018 0.9016 -0.1603
vn 0.3977 0.9048 0.1523
vn 0.3340 0.9181 0.2134
vn 0.2239 0.7488 0.6239
vn 0.1936 0.7774 0.5985
vn 0.0537 0.5770 0.8150
vn 0.0609 0.5822 0.8108
vn -0.1867 -0.6603 0.7275
vn -0.1928 -0.6550 0.7307
vn -0.4495 -0.8247 0.3432
vn -0.5236 -0.7611 0.3828
vn -0.3314 -0.9055 0.2650
vn -0.2505 -0.9113 0.3269
vn -0.6331 -0.5824 0.5099
vn -0.6089 -0.6335 0.4773
vn 0.5098 0.7756 -0.3722
vn 0.5007 0.7875 -0.3592
vn 0.4870 0.7313 -0.4775
vn 0.4887 0.7281 -0.4807
vn 0.3675 0.7874 -0.4948
vn 0.3756 0.7763 -0.5063
vn 0.3932 0.8201 -0.4158
vn 0.4073 0.8025 -0.4360
vn 0.2812 0.9313 -0.2316
vn 0.2636 0.9414 -0.2105
vn 0.2736 0.9509 0.1445
vn 0.2858 0.9491 0.1319
vn 0.0787 0.7944 0.6022
vn 0.1163 0.8123 0.5715
vn -0.0630 -0.6687 0.7409
vn -0.0662 -0.6706 0.7389
vn -0.2086 -0.9388 0.2742
vn -0.1499 -0.9598 0.2371
vn -0.3838 -0.8143 0.4354
vn -0.4393 -0.7657 0.4698
vn -0.2505 -0.9071 0.3384
vn -0.1888 -0.9030 0.3860
vn 0.2493 0.8178 -0.5188
vn 0.2485 0.8187 -0.5177
vn 0.2424 0.8620 -0.4452
vn 0.2578 0.8464 -0.4660
vn 0.1195 0.9847 0.1269
vn 0.1215 0.9847 0.1247
vn -0.0765 -0.9680 0.2392
vn -0.0721 -0.9675 0.2425
vn -0.1532 -0.9272 0.3418
vn -0.1292 -0.9371 0.3243
vn -0.0644 -0.9435 0.3250
vn -0.0786 -0.9464 0.3133
vn 0.0583 -0.6629 -0.7464
vn 0.0606 -0.6664 -0.7432
vn -0.1647 0.1537 0.9743
vn -0.1181 0.0920 0.9887
vn 0.4666 -0.7949 -0.3877
vn 0.4701 -0.7964 -0.3804
vn 0.3708 -0.9126 -0.1721
vn 0.3853 -0.9127 -0.1363
vn 0.1577 -0.9523 0.2613
vn 0.1571 -0.9527 0.2603
vn -0.0084 -0.8602 0.5098
vn -0.0225 -0.8738 0.4858
vn -0.1145 -0.7894 0.6031
vn -0.1109 -0.7855 0.6088
vn -0.2004 -0.6770 0.7081
vn -0.2006 -0.6769 0.7082
vn -0.2915 -0.5304 0.7960
vn -0.2740 -0.5401 0.7957
vn -0.3585 -0.3615 0.8607
vn -0.3350 -0.3774 0.8633
vn -0.3948 -0.2089 0.8947
vn -0.3967 -0.2075 0.8942
vn -0.4810 0.0315 0.8761
vn -0.4497 0.0065 0.8932
vn 0.5663 -0.5273 -0.6335
vn 0.5590 -0.5207 -0.6453
vn 0.5993 -0.7059 -0.3776
vn 0.5956 -0.7015 -0.3915
vn 0.4660 -0.8821 -0.0686
vn 0.4682 -0.8823 -0.0475
vn 0.2286 -0.9277 0.2952
vn 0.2276 -0.9301 0.2883
vn 0.0247 -0.8575 0.5139
vn 0.0249 -0.8568 0.5150
vn -0.0916 -0.7798 0.6192
vn -0.0928 -0.7835 0.6144
vn -0.2080 -0.6870 0.6962
vn -0.1812 -0.6961 0.6948
vn -0.3128 -0.5582 0.7685
vn -0.2914 -0.5680 0.7697
vn -0.4113 -0.4076 0.8153
vn -0.3517 -0.4409 0.8258
vn -0.4820 -0.2215 0.8477
vn -0.4879 -0.2175 0.8454
vn -0.6054 0.0494 0.7943
vn -0.5892 0.0371 0.8071
vn -0.6029 -0.0988 0.7917
vn -0.5281 -0.0047 0.8491
vn -0.6642 -0.1329 0.7357
vn -0.6151 -0.0501 0.7868
vn -0.6915 -0.1947 0.6956
vn -0.6643 -0.1327 0.7356
vn -0.6767 -0.2828 0.6797
vn -0.6658 -0.2422 0.7057
vn -0.6375 -0.3820 0.6690
vn -0.6350 -0.3438 0.6918
vn -0.1115 -0.7970 0.5936
vn -0.1343 -0.7829 0.6075
vn -0.0406 -0.8135 0.5802
vn -0.0624 -0.8011 0.5953
vn 0.0429 -0.8704 -0.4905
vn 0.0417 -0.8695 -0.4922
vn 0.8547 -0.2571 -0.4510
vn 0.8599 -0.2602 -0.4392
vn 0.8982 -0.2842 -0.3354
vn 0.8540 -0.2394 -0.4619
vn 0.8835 -0.3383 -0.3238
vn 0.8894 -0.3485 -0.2960
vn 0.8860 -0.3440 -0.3110
vn 0.8833 -0.3399 -0.3229
vn 0.7945 -0.5959 -0.1167
vn 0.7928 -0.5926 -0.1424
vn 0.6794 -0.7338 -0.0046
vn 0.6494 -0.7251 0.2292
vn 0.2790 -0.8325 0.4786
vn 0.1874 -0.7698 0.6102
vn -0.0034 -0.7474 0.6643
vn -0.0330 -0.7497 0.6609
vn -0.2090 -0.7057 0.6770
vn -0.1561 -0.7065 0.6903
vn -0.3223 -0.6492 0.6890
vn -0.2242 -0.6539 0.7226
vn -0.5066 -0.5245 0.6843
vn -0.3894 -0.5367 0.7485
vn -0.6475 -0.3778 0.6618
vn -0.5896 -0.3831 0.7110
vn 0.6209 -0.4591 -0.6354
vn 0.6121 -0.4854 -0.6243
vn 0.8034 -0.2578 -0.5367
vn 0.8079 -0.2720 -0.5228
vn 0.7883 -0.2948 -0.5401
vn 0.7715 -0.3908 -0.5020
vn 0.7028 -0.5124 -0.4935
vn 0.7252 -0.4376 -0.5316
vn 0.6568 -0.5697 -0.4940
vn 0.6672 -0.5440 -0.5088
vn 0.6193 -0.5967 -0.5104
vn 0.6176 -0.5999 -0.5085
vn 0.5619 -0.6435 -0.5198
vn 0.5699 -0.6299 -0.5277
vn 0.4989 -0.6772 -0.5408
vn 0.4964 -0.6808 -0.5386
vn 0.4184 -0.7133 -0.5623
vn 0.4197 -0.7142 -0.5602
vn 0.1294 -0.7657 -0.6300
vn 0.1365 -0.7731 -0.6194
vn 0.0558 -0.7794 -0.6241
vn 0.0471 -0.7690 -0.6375
vn 0.0947 0.8474 -0.5225
vn 0.1042 0.8391 -0.5339
vn 0.1083 0.8843 -0.4541
vn 0.1301 0.8669 -0.4813
vn 0.1377 0.9576 -0.2530
vn 0.1141 0.9679 -0.2240
vn 0.8355 -0.0984 -0.5406
vn 0.8476 -0.1266 -0.5152
vn 0.7755 -0.1141 -0.6210
vn 0.7846 -0.1312 -0.6060
vn 0.8122 -0.1243 -0.5700
vn 0.8113 -0.0792 -0.5792
vn 0.8232 -0.0010 -0.5677
vn 0.8250 -0.0226 -0.5647
vn 0.8351 -0.1935 -0.5149
vn 0.8157 -0.1586 -0.5563
vn 0.8242 -0.1887 -0.5339
vn 0.8192 -0.2101 -0.5336
vn 0.7555 -0.0649 -0.6519
vn 0.7693 -0.0874 -0.6329
vn 0.7953 -0.0247 -0.6057
vn 0.7989 -0.0306 -0.6007
vn 0.8263 -0.0214 -0.5628
vn 0.8233 -0.1080 -0.5573
vn 0.8082 -0.1232 -0.5759
vn 0.8259 -0.1406 -0.5460
vn 0.9250 -0.0856 -0.3702
vn 0.8827 -0.0739 -0.4642
vn 0.7520 -0.2128 -0.6238
vn 0.7319 -0.1792 -0.6575
vn 0.8698 -0.0401 -0.4918
vn 0.8698 -0.0396 -0.4918
vn 0.9105 -0.0192 -0.4131
vn 0.8863 -0.0217 -0.4625
vn 0.6338 -0.3272 -0.7008
vn 0.6395 -0.3338 -0.6925
vn 0.6839 -0.2709 -0.6775
vn 0.6813 -0.2909 -0.6717
vn 0.7186 -0.1511 -0.6788
vn 0.7195 -0.1263 -0.6829
vn 0.8669 -0.0458 -0.4964
vn 0.8584 0.0126 -0.5128
vn 0.9201 0.0679 -0.3858
vn 0.8949 0.0604 -0.4421
vn 0.6161 -0.2468 -0.7480
vn 0.6068 -0.2371 -0.7586
vn 0.6624 -0.2006 -0.7218
vn 0.6573 -0.1944 -0.7281
vn 0.8770 0.0701 -0.4754
vn 0.8605 0.0648 -0.5054
vn 0.9447 0.1644 -0.2838
vn 0.9192 0.1485 -0.3648
vn 0.4917 -0.4493 -0.7459
vn 0.4845 -0.4434 -0.7541
vn 0.8954 0.1780 -0.4081
vn 0.8966 0.1787 -0.4052
vn 0.9581 0.2238 -0.1787
vn 0.9500 0.2119 -0.2292
vn 0.9170 0.3899 0.0843
vn 0.9339 0.3551 -0.0421
vn 0.4227 -0.4695 -0.7752
vn 0.4314 -0.4771 -0.7657
vn 0.4660 -0.3423 -0.8159
vn 0.4748 -0.3497 -0.8076
vn 0.9460 0.3064 -0.1062
vn 0.9010 0.2308 -0.3672
vn 0.9410 0.3330 -0.0597
vn 0.9294 0.3496 -0.1187
vn 0.4130 -0.3679 -0.8331
vn 0.4142 -0.3647 -0.8339
vn 0.1463 -0.5509 -0.8216
vn 0.1491 -0.5549 -0.8185
vn 0.8730 0.4680 -0.1371
vn 0.8848 0.4648 0.0337
vn 0.8122 0.5728 -0.1109
vn 0.8462 0.4669 -0.2569
vn 0.1477 -0.4531 -0.8791
vn 0.1430 -0.4463 -0.8834
vn 0.9017 0.3778 -0.2105
vn 0.8932 0.4458 -0.0582
vn 0.8689 0.4598 -0.1832
vn 0.8423 0.4354 -0.3177
vn 0.8008 0.5405 -0.2582
vn 0.8084 0.5099 -0.2942
vn 0.8208 0.4759 -0.3159
vn 0.8024 0.4570 -0.3839
vn 0.7712 0.5601 -0.3025
vn 0.7842 0.4756 -0.3987
vn 0.7969 0.4654 -0.3851
vn 0.7763 0.4508 -0.4406
vn 0.7294 0.5383 -0.4223
vn 0.7304 0.5244 -0.4377
vn 0.7320 0.5063 -0.4559
vn 0.7188 0.5002 -0.4829
vn 0.6934 0.5593 -0.4542
vn 0.6929 0.5656 -0.4472
vn 0.6783 0.5391 -0.4993
vn 0.6767 0.5386 -0.5021
vn 0.6314 0.5761 -0.5191
vn 0.6307 0.5905 -0.5035
vn 0.6484 0.6008 -0.4675
vn 0.6483 0.6012 -0.4671
vn 0.4713 0.6948 -0.5433
vn 0.4691 0.7005 -0.5378
vn 0.4733 0.6672 -0.5751
vn 0.4674 0.6892 -0.5537
vn 0.3347 0.7626 -0.5535
vn 0.3474 0.7425 -0.5727
vn 0.2386 0.7849 -0.5719
vn 0.2317 0.7933 -0.5631
vn 0.0582 -0.4619 -0.8850
vn 0.0600 -0.4648 -0.8834
vn 0.0593 -0.5585 -0.8274
vn 0.0610 -0.5612 -0.8254
vn 0.5293 -0.3211 -0.7854
vn 0.5205 -0.3136 -0.7942
vn 0.5474 -0.4093 -0.7299
vn 0.5460 -0.4080 -0.7317
vn 0.2076 0.7695 -0.6040
vn 0.2189 0.7538 -0.6196
vn 0.3048 0.7353 -0.6054
vn 0.3130 0.7197 -0.6197
vn 0.0909 0.7849 -0.6130
vn 0.0918 0.7839 -0.6141
vn 0.8408 -0.0834 -0.5348
vn 0.8607 -0.0937 -0.5004
vn 0.8495 -0.1608 -0.5024
vn 0.8758 -0.1746 -0.4500
vn 0.5744 -0.2735 -0.7715
vn 0.5725 -0.2832 -0.7694
vn 0.5937 -0.3662 -0.7165
vn 0.6005 -0.3730 -0.7073
vn 0.0942 0.8088 -0.5805
vn 0.0915 0.8113 -0.5775
vn -0.3986 -0.5514 0.7328
vn -0.3454 -0.5475 0.7622
vn -0.4745 -0.3920 0.7881
vn -0.5056 -0.3992 0.7649
vn -0.2969 -0.4519 0.8412
vn -0.2779 -0.4676 0.8391
vn -0.5724 0.0268 0.8195
vn -0.4699 -0.0336 0.8821
vn -0.3816 -0.2643 0.8857
vn -0.3983 -0.2436 0.8843
vn -0.2164 -0.3347 0.9171
vn -0.2356 -0.3232 0.9166
vn -0.2163 -0.0883 0.9723
vn -0.3712 -0.1718 0.9125
vn -0.2762 -0.2410 0.9304
vn -0.2099 -0.2865 0.9348
vn -0.4561 -0.3147 0.8324
vn -0.4269 -0.3070 0.8506
vn -0.3835 -0.2049 0.9005
vn -0.3080 -0.1802 0.9342
vn -0.5179 -0.1212 0.8468
vn -0.4152 -0.0219 0.9095
vn -0.0171 -0.2196 0.9754
vn -0.0373 -0.1988 0.9793
vn -0.1887 -0.7744 0.6039
vn -0.1745 -0.7700 0.6137
vn -0.3574 -0.6483 0.6723
vn -0.2617 -0.7313 0.6298
vn -0.5162 -0.5329 0.6705
vn -0.5108 -0.5495 0.6612
vn -0.5874 -0.4675 0.6606
vn -0.5912 -0.4376 0.6775
vn -0.5881 -0.3805 0.7137
vn -0.5361 -0.4678 0.7027
vn 0.5642 0.6384 -0.5235
vn 0.5646 0.6358 -0.5263
vn 0.5736 0.6482 -0.5009
vn 0.5732 0.6497 -0.4993
vn 0.5895 0.6770 -0.4406
vn 0.5865 0.6848 -0.4326
vn 0.6068 0.7309 -0.3123
vn 0.5954 0.7482 -0.2927
vn 0.5947 0.8035 -0.0269
vn 0.5482 0.8361 0.0215
vn 0.4805 0.8189 0.3137
vn 0.3882 0.8390 0.3814
vn 0.2172 0.6936 0.6868
vn 0.1510 0.6820 0.7156
vn 0.0171 0.5361 0.8440
vn -0.0596 0.5105 0.8578
vn -0.2643 0.2328 0.9359
vn -0.2793 0.2267 0.9330
vn -0.5089 -0.1698 0.8439
vn -0.4597 -0.1521 0.8750
vn -0.6030 -0.4682 0.6458
vn -0.5512 -0.4574 0.6978
vn -0.6177 -0.6968 0.3647
vn -0.5539 -0.7152 0.4263
vn -0.5484 -0.7017 0.4548
vn -0.5040 -0.7116 0.4895
vn -0.4325 -0.6036 0.6697
vn -0.4247 -0.6175 0.6621
vn -0.2744 -0.7278 0.6285
vn -0.2335 -0.7581 0.6088
vn -0.2774 -0.8522 0.4436
vn -0.3673 -0.8513 0.3746
vn -0.3675 -0.8600 0.3541
vn -0.4270 -0.8506 0.3068
vn -0.3850 -0.5844 0.7143
vn -0.4131 -0.5914 0.6925
vn -0.3124 -0.2461 0.9175
vn -0.2856 -0.2342 0.9293
vn -0.0955 0.2118 0.9726
vn -0.0625 0.2273 0.9718
vn 0.0996 0.5375 0.8374
vn 0.1210 0.5451 0.8296
vn 0.2162 0.7117 0.6684
vn 0.2538 0.7190 0.6470
vn 0.3717 0.8926 0.2551
vn 0.4124 0.8837 0.2213
vn 0.4380 0.8908 -0.1211
vn 0.4617 0.8750 -0.1456
vn 0.4420 0.8048 -0.3962
vn 0.4602 0.7821 -0.4201
vn 0.4451 0.7485 -0.4916
vn 0.4423 0.7529 -0.4873
vn 0.4216 0.7147 -0.5581
vn 0.4194 0.7191 -0.5540
vn 0.4045 0.6957 -0.5936
vn 0.4065 0.6905 -0.5983
vn -0.4289 -0.1582 0.8894
vn -0.3357 -0.1002 0.9366
vn -0.3692 -0.1010 0.9238
vn -0.4710 -0.0152 0.8820
vn -0.3733 -0.0030 0.9277
vn -0.4913 0.0675 0.8684
vn -0.3487 0.0978 0.9321
vn -0.4542 0.1322 0.8810
vn -0.1396 0.2037 0.9690
vn -0.3717 0.2401 0.8968
vn -0.0062 0.3376 0.9413
vn 0.0133 0.3793 0.9252
vn 0.3355 0.4490 0.8282
vn 0.2841 0.3518 0.8919
vn 0.5120 0.3822 0.7693
vn 0.5031 0.3626 0.7845
vn 0.9359 0.2799 0.2139
vn 0.8390 0.3700 0.3991
vn 0.8156 0.1920 0.5459
vn 0.8480 0.2889 0.4443
vn 0.9703 0.2241 0.0911
vn 0.9793 0.2016 0.0167
vn 0.9579 0.2809 -0.0591
vn 0.9738 0.2242 0.0387
vn 0.9487 0.3163 0.0057
vn 0.9521 0.2800 -0.1227
vn 0.9435 0.3202 -0.0851
vn 0.9449 0.3170 -0.0819
vn 0.2384 -0.4290 -0.8713
vn 0.2338 -0.4234 -0.8753
vn 0.2479 -0.5380 -0.8057
vn 0.2432 -0.5325 -0.8107
vn 0.2628 -0.6458 -0.7168
vn 0.2485 -0.6305 -0.7353
vn 0.2567 -0.7575 -0.6003
vn 0.2442 -0.7470 -0.6183
vn 0.2049 -0.8617 -0.4641
vn 0.2264 -0.8732 -0.4315
vn 0.1522 -0.9613 -0.2295
vn 0.1656 -0.9639 -0.2085
vn 0.0674 -0.9825 0.1738
vn 0.0312 -0.9914 0.1268
vn -0.0284 -0.8979 0.4393
vn -0.0609 -0.9127 0.4041
vn -0.1036 -0.8002 0.5907
vn -0.1272 -0.8143 0.5663
vn -0.1659 -0.6801 0.7141
vn -0.1613 -0.6765 0.7186
vn -0.1910 -0.5171 0.8343
vn -0.1927 -0.5189 0.8328
vn -0.2151 -0.3614 0.9073
vn -0.2180 -0.3647 0.9052
vn -0.2319 -0.1991 0.9522
vn -0.2158 -0.1785 0.9600
vn -0.1867 0.0494 0.9812
vn -0.2212 0.0861 0.9714
vn 0.3304 -0.3969 -0.8564
vn 0.3293 -0.3991 -0.8557
vn 0.3471 -0.4963 -0.7958
vn 0.3408 -0.5080 -0.7911
vn 0.3517 -0.6120 -0.7083
vn 0.3436 -0.6048 -0.7184
vn 0.3305 -0.7441 -0.5806
vn 0.3388 -0.7346 -0.5878
vn 0.3211 -0.8442 -0.4292
vn 0.3097 -0.8532 -0.4198
vn 0.2783 -0.9394 -0.2004
vn 0.2743 -0.9412 -0.1974
vn 0.0779 -0.9693 0.2333
vn 0.1665 -0.9695 0.1799
vn -0.0507 -0.8841 0.4646
vn -0.0015 -0.8973 0.4414
vn -0.1151 -0.7945 0.5962
vn -0.1010 -0.8003 0.5911
vn -0.1678 -0.6716 0.7216
vn -0.1771 -0.6797 0.7118
vn -0.2284 -0.5191 0.8236
vn -0.2258 -0.5161 0.8262
vn -0.2629 -0.3549 0.8972
vn -0.2679 -0.3615 0.8930
vn -0.2953 -0.1978 0.9347
vn -0.2988 -0.2027 0.9325
vn -0.3196 0.0174 0.9474
vn -0.3064 0.0357 0.9512
vn 0.0838 -0.7915 0.6054
vn 0.1159 -0.7866 0.6065
vn -0.0228 -0.8383 0.5448
vn -0.0059 -0.8259 0.5638
vn 0.1564 -0.7415 0.6524
vn 0.1367 -0.7686 0.6250
vn 0.1096 -0.7957 0.5958
vn 0.0464 -0.8074 0.5882
vn 0.0533 -0.8093 0.5850
vn 0.0251 -0.8351 0.5496
vn 0.1319 -0.7673 0.6276
vn 0.1140 -0.7860 0.6076
vn -0.2251 -0.8928 0.3902
vn -0.1632 -0.8642 0.4760
vn 0.0811 -0.7855 0.6136
vn 0.0701 -0.7866 0.6135
vn -0.0734 -0.8210 0.5662
vn -0.0690 -0.8210 0.5668
vn -0.0846 -0.8147 0.5737
vn -0.1136 -0.8132 0.5707
vn 0.0534 -0.7770 0.6272
vn 0.0613 -0.7767 0.6269
vn 0.2751 -0.7039 0.6549
vn 0.2988 -0.6972 0.6516
vn -0.0471 -0.8610 0.5063
vn -0.0849 -0.8638 0.4967
vn -0.0831 -0.8643 0.4960
vn -0.1110 -0.8824 0.4573
vn 0.2933 -0.6467 0.7041
vn 0.2758 -0.6756 0.6838
vn 0.2922 -0.6799 0.6725
vn 0.2827 -0.6922 0.6640
vn -0.5901 -0.8073 -0.0005
vn -0.4946 -0.8487 0.1871
vn -0.2821 -0.8685 0.4075
vn -0.4591 -0.8193 0.3435
vn -0.3617 -0.8816 0.3033
vn -0.6293 -0.7468 0.2150
vn -0.0814 -0.6454 0.7595
vn -0.0588 -0.6513 0.7565
vn -0.4363 -0.6567 0.6152
vn -0.5647 -0.5767 0.5904
vn 0.2543 -0.7118 0.6547
vn 0.2803 -0.7056 0.6508
vn 0.2233 -0.7144 0.6631
vn 0.2505 -0.7103 0.6578
vn 0.4686 -0.5737 0.6718
vn 0.5017 -0.5601 0.6593
vn 0.1315 -0.7353 0.6648
vn 0.1757 -0.7242 0.6668
vn 0.0773 -0.7884 0.6103
vn 0.0842 -0.7749 0.6264
vn -0.3490 -0.8998 0.2619
vn -0.4416 -0.8714 0.2137
vn -0.4508 -0.8659 0.2167
vn -0.4718 -0.8631 0.1802
vn 0.4656 -0.5076 0.7250
vn 0.4578 -0.5244 0.7179
vn 0.4900 -0.5352 0.6880
vn 0.4805 -0.5517 0.6817
vn -0.7240 -0.6504 -0.2297
vn -0.6955 -0.7060 -0.1339
vn -0.6281 -0.7780 0.0114
vn -0.7914 -0.6020 -0.1065
vn -0.7662 -0.6308 -0.1224
vn -0.7972 -0.5875 -0.1386
vn -0.8657 -0.4174 0.2764
vn -0.8756 -0.3999 0.2709
vn -0.6246 -0.3878 0.6779
vn -0.5665 -0.4288 0.7037
vn -0.1583 -0.4945 0.8546
vn -0.1414 -0.5006 0.8540
vn 0.0992 -0.6331 0.7677
vn 0.0916 -0.6317 0.7698
vn 0.4154 -0.6036 0.6805
vn 0.4827 -0.5806 0.6557
vn 0.3108 -0.6391 0.7036
vn 0.4315 -0.6123 0.6625
vn 0.6209 -0.4111 0.6674
vn 0.6913 -0.3749 0.6178
vn 0.1703 -0.7094 0.6839
vn 0.2033 -0.6992 0.6855
vn 0.0876 -0.7792 0.6206
vn 0.0974 -0.7768 0.6221
vn 0.0957 -0.7766 0.6227
vn 0.0940 -0.7770 0.6225
vn 0.1639 -0.7218 0.6724
vn 0.1929 -0.7134 0.6736
vn -0.0635 -0.8565 0.5123
vn -0.0519 -0.8416 0.5376
vn 0.2534 -0.6372 0.7279
vn 0.3109 -0.6172 0.7228
vn -0.6192 -0.7849 -0.0201
vn -0.6277 -0.7772 -0.0440
vn -0.6676 -0.7439 -0.0320
vn -0.7029 -0.6991 -0.1309
vn 0.6727 -0.2738 0.6873
vn 0.6681 -0.2925 0.6842
vn 0.6898 -0.3050 0.6566
vn 0.6707 -0.3607 0.6481
vn -0.7815 -0.5178 -0.3481
vn -0.7815 -0.5176 -0.3485
vn -0.8369 -0.4000 -0.3735
vn -0.8130 -0.2564 -0.5228
vn -0.7753 -0.5982 -0.2027
vn -0.7875 -0.5196 -0.3315
vn -0.8322 -0.4624 -0.3060
vn -0.8644 -0.3771 -0.3326
vn -0.9498 -0.3049 0.0702
vn -0.9655 -0.2548 0.0539
vn -0.8916 -0.2377 0.3855
vn -0.8828 -0.2534 0.3956
vn -0.5679 -0.3726 0.7339
vn -0.5736 -0.3736 0.7290
vn -0.3417 -0.4049 0.8481
vn -0.1942 -0.3650 0.9105
vn -0.0054 -0.4827 0.8758
vn 0.0313 -0.4941 0.8688
vn 0.1846 -0.6143 0.7672
vn 0.1963 -0.6159 0.7630
vn 0.5575 -0.4647 0.6879
vn 0.6453 -0.4304 0.6311
vn 0.4881 -0.5026 0.7136
vn 0.5733 -0.4797 0.6642
vn -0.0482 -0.8529 0.5198
vn -0.0452 -0.8525 0.5207
vn -0.0670 -0.8471 0.5272
vn -0.0419 -0.8442 0.5344
vn 0.2893 -0.5859 0.7570
vn 0.3214 -0.5721 0.7546
vn 0.2819 -0.6108 0.7399
vn 0.3279 -0.5926 0.7357
vn -0.3462 -0.9011 0.2610
vn -0.3259 -0.8927 0.3112
vn 0.4255 -0.4951 0.7575
vn 0.4299 -0.4931 0.7563
vn -0.7750 -0.5544 -0.3034
vn -0.7768 -0.5380 -0.3274
vn -0.8249 -0.2507 -0.5067
vn -0.8229 -0.2435 -0.5134
vn -0.7982 -0.5136 -0.3149
vn -0.7999 -0.4959 -0.3379
vn -0.8529 -0.2327 -0.4673
vn -0.8411 -0.1940 -0.5049
vn -0.7922 -0.5033 -0.3449
vn -0.7905 -0.5075 -0.3429
vn -0.8046 -0.4472 -0.3907
vn -0.8053 -0.4524 -0.3831
vn -0.7898 -0.4689 -0.3953
vn -0.8327 -0.3669 -0.4149
vn -0.8261 -0.4085 -0.3882
vn -0.8350 -0.4521 -0.3137
vn -0.9705 -0.1288 -0.2038
vn -0.9818 -0.1451 -0.1222
vn -0.9715 -0.2216 0.0838
vn -0.9967 -0.0770 0.0271
vn -0.7842 -0.2522 0.5670
vn -0.8837 -0.2575 0.3908
vn -0.4445 -0.0984 0.8903
vn -0.4521 -0.1002 0.8863
vn -0.1984 -0.0895 0.9760
vn -0.2479 -0.1044 0.9631
vn -0.1132 -0.3653 0.9240
vn -0.0140 -0.3314 0.9434
vn 0.1617 -0.4862 0.8588
vn 0.1163 -0.4748 0.8724
vn 0.7930 -0.2097 0.5720
vn 0.7365 -0.2382 0.6332
vn 0.1951 -0.6857 0.7013
vn 0.2157 -0.6779 0.7028
vn 0.0972 -0.7881 0.6078
vn 0.1080 -0.7852 0.6097
vn -0.2711 -0.9132 0.3044
vn -0.2624 -0.9143 0.3086
vn -0.2982 -0.9006 0.3164
vn -0.3143 -0.8979 0.3081
vn 0.3729 -0.4682 0.8011
vn 0.4071 -0.4503 0.7946
vn 0.4036 -0.4858 0.7753
vn 0.4191 -0.4781 0.7718
vn -0.5989 -0.8004 -0.0264
vn -0.6028 -0.7968 -0.0420
vn 0.6418 -0.2582 0.7221
vn 0.6171 -0.2742 0.7376
vn -0.8019 -0.2310 -0.5511
vn -0.7996 -0.2249 -0.5569
vn -0.8196 -0.2004 -0.5368
vn -0.8250 -0.2166 -0.5220
vn 0.7922 -0.0780 0.6053
vn 0.7527 -0.1053 0.6499
vn 0.7994 -0.1448 0.5831
vn 0.7555 -0.1722 0.6321
vn -0.8213 -0.2884 -0.4922
vn -0.8241 -0.2747 -0.4953
vn -0.8168 -0.3001 -0.4927
vn -0.8141 -0.2964 -0.4994
vn -0.9347 -0.1428 -0.3254
vn -0.9720 -0.1778 -0.1535
vn -0.9518 -0.1440 -0.2708
vn -0.9329 -0.1293 -0.3360
vn -0.9522 -0.0903 -0.2919
vn -0.9821 -0.0982 -0.1606
vn -0.9678 -0.0907 0.2349
vn -0.9961 -0.0882 0.0073
vn -0.7194 -0.0794 0.6900
vn -0.6794 -0.0677 0.7306
vn 0.0483 0.0977 0.9940
vn -0.1492 0.2962 0.9434
vn -0.0862 0.1226 0.9887
vn -0.1472 0.2960 0.9438
vn 0.2980 0.3500 0.8881
vn 0.0456 0.3587 0.9323
vn 0.4275 0.2274 0.8749
vn 0.3563 0.2264 0.9065
vn -0.0788 -0.1790 0.9807
vn 0.1410 -0.0928 0.9857
vn 0.1187 -0.3241 0.9386
vn 0.0955 -0.3350 0.9374
vn 0.7633 -0.2691 0.5874
vn 0.6843 -0.2972 0.6659
vn 0.7098 -0.3272 0.6238
vn 0.6233 -0.3472 0.7007
vn 0.1881 -0.6718 0.7165
vn 0.1929 -0.6768 0.7104
vn 0.1183 -0.7946 0.5955
vn 0.1074 -0.7854 0.6097
vn 0.0039 -0.8598 0.5107
vn 0.0002 -0.8605 0.5095
vn 0.2799 -0.5553 0.7831
vn 0.3063 -0.5420 0.7826
vn -0.5078 -0.8606 -0.0381
vn -0.5079 -0.8603 -0.0433
vn -0.5499 -0.8347 -0.0304
vn -0.5754 -0.8162 -0.0516
vn 0.5308 -0.2330 0.8148
vn 0.5366 -0.2291 0.8121
vn 0.5718 -0.2577 0.7789
vn 0.5844 -0.2493 0.7723
vn -0.7548 -0.5759 -0.3140
vn -0.7551 -0.5671 -0.3291
vn -0.9267 -0.0927 -0.3643
vn -0.9465 -0.1036 -0.3056
vn -0.9657 -0.1049 -0.2374
vn -0.9646 -0.1049 -0.2421
vn -0.9654 -0.1082 -0.2371
vn -0.9576 -0.1051 -0.2682
vn -0.9786 0.0046 0.2059
vn -0.9906 0.0089 -0.1364
vn -0.9306 -0.0208 0.3653
vn -0.8526 0.0058 0.5225
vn -0.5124 0.0980 0.8531
vn -0.5413 0.1375 0.8295
vn -0.1946 0.5168 0.8337
vn -0.2379 0.5135 0.8245
vn 0.2992 -0.0138 0.9541
vn 0.1973 0.0830 0.9768
vn 0.5256 0.1574 0.8360
vn 0.4597 0.1462 0.8759
vn 0.1057 -0.2504 0.9624
vn 0.2499 -0.1760 0.9522
vn 0.0080 -0.8727 0.4882
vn 0.0226 -0.8831 0.4685
vn 0.2470 -0.5191 0.8183
vn 0.2553 -0.5296 0.8090
vn -0.2052 -0.9412 0.2683
vn -0.1805 -0.9430 0.2797
vn 0.3530 -0.4002 0.8457
vn 0.3831 -0.3816 0.8412
vn -0.6438 -0.6676 -0.3739
vn -0.6439 -0.6675 -0.3740
vn -0.6971 -0.6224 -0.3559
vn -0.6973 -0.6237 -0.3531
vn -0.7647 -0.2733 -0.5836
vn -0.7725 -0.2904 -0.5647
vn 0.7561 -0.0521 0.6524
vn 0.7537 -0.0086 0.6572
vn -0.9310 -0.0518 -0.3613
vn -0.9439 -0.0509 -0.3263
vn -0.9613 0.0512 -0.2709
vn -0.9908 0.0556 -0.1233
vn -0.9972 0.0410 -0.0617
vn -0.9970 0.0391 0.0663
vn -0.9625 0.0352 0.2688
vn -0.9444 0.0419 0.3262
vn -0.7788 0.0820 0.6219
vn -0.8021 0.1224 0.5845
vn -0.2540 0.5173 0.8172
vn -0.1890 0.5153 0.8359
vn 0.3547 -0.0867 0.9309
vn 0.2689 -0.0115 0.9631
vn 0.5892 0.0955 0.8023
vn 0.4886 0.0530 0.8709
vn 0.1581 -0.6945 0.7019
vn 0.1352 -0.6780 0.7225
vn 0.0739 -0.8387 0.5396
vn 0.1182 -0.8149 0.5675
vn -0.1337 -0.9570 0.2575
vn -0.1203 -0.9641 0.2368
vn 0.3004 -0.3562 0.8848
vn 0.3017 -0.3582 0.8835
vn -0.4493 -0.8904 -0.0724
vn -0.4368 -0.8907 -0.1258
vn 0.4399 -0.2137 0.8723
vn 0.4390 -0.2143 0.8726
vn -0.6539 -0.4173 -0.6311
vn -0.6612 -0.4270 -0.6169
vn -0.7002 -0.3614 -0.6158
vn -0.7069 -0.3727 -0.6012
vn 0.6521 0.0322 0.7574
vn 0.6500 0.0306 0.7593
vn 0.7031 0.0073 0.7111
vn 0.7121 0.0142 0.7019
vn -0.9499 0.0488 -0.3087
vn -0.9611 0.0514 -0.2715
vn -0.9734 0.1368 -0.1838
vn -0.9638 0.1300 -0.2329
vn -0.9963 0.0861 0.0050
vn -0.9886 0.0972 0.1149
vn -0.9139 0.0917 0.3955
vn -0.9778 0.0483 0.2038
vn -0.5963 0.6230 0.5062
vn -0.7808 0.5401 0.3141
vn 0.4683 0.2653 0.8428
vn 0.4798 0.2638 0.8368
vn 0.3107 0.3553 0.8816
vn 0.3760 0.3437 0.8605
vn 0.4466 0.3510 0.8230
vn 0.4149 0.3601 0.8356
vn 0.5331 0.2592 0.8054
vn 0.5101 0.2970 0.8072
vn 0.0839 -0.7141 0.6950
vn 0.0645 -0.7003 0.7109
vn 0.0392 -0.8399 0.5414
vn 0.0581 -0.8493 0.5246
vn 0.0141 -0.9292 0.3692
vn 0.0595 -0.9127 0.4042
vn 0.1893 -0.5331 0.8246
vn 0.1749 -0.5198 0.8362
vn -0.3124 -0.9295 -0.1958
vn -0.3208 -0.9299 -0.1801
vn 0.3394 -0.2019 0.9187
vn -0.5470 -0.7344 -0.4019
vn -0.5600 -0.7435 -0.3656
vn -0.9721 0.1253 -0.1984
vn -0.9755 0.1272 -0.1793
vn -0.9964 0.0552 0.0645
vn -0.9050 0.1100 0.4110
vn -0.9628 0.1518 -0.2234
vn -0.9731 0.2269 0.0387
vn -0.8825 0.4502 0.1362
vn -0.7901 0.5182 0.3274
vn -0.7753 0.5205 0.3578
vn -0.3932 0.5970 0.6993
vn -0.1399 0.5468 0.8255
vn 0.1552 0.5216 0.8390
vn 0.2755 0.4897 0.8272
vn 0.1493 0.5198 0.8411
vn 0.4559 0.3613 0.8134
vn 0.4636 0.3585 0.8103
vn 0.5843 0.2218 0.7806
vn 0.5562 0.2833 0.7813
vn 0.5338 0.1782 0.8266
vn 0.6075 0.1789 0.7739
vn 0.6651 0.1107 0.7385
vn 0.6181 0.2004 0.7601
vn 0.0042 -0.9438 0.3305
vn 0.0418 -0.9288 0.3681
vn 0.0913 -0.5384 0.8378
vn 0.0917 -0.5388 0.8375
vn -0.0427 -0.9944 0.0971
vn -0.0132 -0.9919 0.1264
vn 0.1972 -0.3611 0.9114
vn 0.2008 -0.3651 0.9090
vn -0.3874 -0.8232 -0.4152
vn -0.3852 -0.8223 -0.4189
vn -0.4965 -0.5594 -0.6638
vn -0.4983 -0.5607 -0.6613
vn 0.5161 0.0226 0.8562
vn 0.5509 0.0491 0.8331
vn -0.9732 0.2298 0.0026
vn -0.9698 0.2041 -0.1338
vn -0.9228 0.3849 0.0183
vn -0.8447 0.4609 0.2720
vn -0.0076 0.5895 0.8078
vn -0.1531 0.6069 0.7799
vn -0.0094 0.6316 0.7752
vn -0.0700 0.6400 0.7652
vn 0.3168 0.4725 0.8225
vn 0.2683 0.4878 0.8307
vn 0.4934 0.3275 0.8058
vn 0.4313 0.3507 0.8313
vn 0.6185 0.1231 0.7761
vn 0.5849 0.2224 0.7801
vn 0.7157 0.0442 0.6970
vn 0.6793 0.1389 0.7206
vn 0.5828 0.0661 0.8099
vn 0.6867 0.0908 0.7213
vn 0.7451 -0.0399 0.6657
vn 0.6876 0.0943 0.7199
vn -0.0176 -0.9952 0.0967
vn 0.0114 -0.9982 0.0588
vn 0.0937 -0.3612 0.9278
vn 0.0961 -0.3639 0.9265
vn -0.0817 -0.9641 -0.2527
vn -0.0943 -0.9677 -0.2337
vn 0.1794 -0.1506 0.9722
vn 0.2020 -0.1782 0.9630
vn -0.4292 -0.5926 -0.6816
vn -0.4182 -0.5838 -0.6960
vn 0.3768 0.0213 0.9260
vn 0.3864 0.0066 0.9223
vn -0.5357 0.6691 0.5151
vn -0.3464 0.6918 0.6336
vn 0.0224 0.6774 0.7352
vn -0.3021 0.7133 0.6324
vn 0.1709 0.5969 0.7839
vn 0.0022 0.6355 0.7721
vn 0.3180 0.4718 0.8224
vn 0.3165 0.4724 0.8226
vn 0.4845 0.2847 0.8271
vn 0.4351 0.3041 0.8474
vn 0.6241 0.0409 0.7803
vn 0.6135 0.1195 0.7806
vn 0.7338 -0.0775 0.6749
vn 0.7083 0.0333 0.7051
vn 0.7998 -0.1350 0.5849
vn 0.7621 0.0022 0.6475
vn 0.5660 -0.0192 0.8242
vn 0.6772 0.0197 0.7356
vn 0.7305 -0.1110 0.6738
vn 0.6741 0.0069 0.7386
vn -0.0233 -0.9622 -0.2714
vn -0.0359 -0.9667 -0.2532
vn 0.0718 -0.1187 0.9903
vn 0.0972 -0.1507 0.9838
vn -0.1143 -0.8660 -0.4868
vn -0.1245 -0.8731 -0.4713
vn -0.5402 0.7118 0.4490
vn -0.7362 0.6319 0.2425
vn -0.7573 0.6219 0.1993
vn -0.8208 0.5647 0.0864
vn -0.7604 0.6477 0.0473
vn -0.7211 0.6841 0.1096
vn -0.7701 0.6376 -0.0193
vn -0.5555 0.7992 0.2299
vn -0.2144 0.7033 0.6778
vn 0.0176 0.6764 0.7364
vn 0.0896 0.6076 0.7892
vn 0.1470 0.5914 0.7929
vn 0.2699 0.4708 0.8400
vn 0.2861 0.4647 0.8379
vn 0.4347 0.2598 0.8623
vn 0.4245 0.2639 0.8661
vn 0.6431 -0.0131 0.7657
vn 0.5772 0.0104 0.8165
vn 0.7318 -0.1888 0.6549
vn 0.7283 -0.0843 0.6801
vn 0.8066 -0.2758 0.5228
vn 0.7951 -0.1439 0.5891
vn 0.7780 -0.2037 0.5944
vn 0.7403 -0.0862 0.6667
vn -0.1428 -0.6676 -0.7307
vn -0.1343 -0.6565 -0.7423
vn -0.8178 0.5673 0.0964
vn -0.8651 0.5004 -0.0342
vn -0.8063 0.5865 -0.0771
vn -0.7807 0.6246 -0.0181
vn -0.7758 0.5719 -0.2664
vn -0.5818 0.8125 0.0364
vn -0.3911 0.8497 0.3535
vn -0.7747 0.6322 -0.0159
vn -0.2886 0.7277 0.6222
vn -0.1604 0.7258 0.6690
vn -0.0716 0.6459 0.7601
vn 0.0876 0.6071 0.7898
vn 0.1776 0.4813 0.8584
vn 0.2328 0.4622 0.8557
vn 0.7482 -0.2622 0.6095
vn 0.6658 -0.2477 0.7038
vn 0.7819 -0.4142 0.4659
vn 0.7987 -0.2875 0.5287
vn 0.7750 -0.3170 0.5466
vn 0.7638 -0.2309 0.6028
vn 0.0343 0.1951 0.9802
vn 0.0668 0.1560 0.9855
vn -0.7976 0.5662 -0.2080
vn -0.7460 0.6613 -0.0784
vn -0.7303 0.6775 -0.0877
vn -0.8032 0.5427 -0.2458
vn -0.6638 0.7021 0.2576
vn -0.5170 0.7634 0.3871
vn -0.2979 0.7400 0.6030
vn -0.2651 0.7403 0.6178
vn -0.0983 0.6648 0.7406
vn -0.0457 0.6543 0.7549
vn 0.3601 0.2500 0.8988
vn 0.3582 0.2362 0.9033
vn 0.7834 -0.4724 0.4039
vn 0.7135 -0.4913 0.4995
vn 0.7396 -0.4270 0.5203
vn 0.7443 -0.3653 0.5591
vn -0.7714 0.5639 -0.2949
vn -0.7502 0.6222 -0.2239
vn -0.7359 0.6015 -0.3108
vn -0.6352 0.7604 -0.1354
vn -0.4633 0.8276 0.3168
vn -0.5813 0.7831 0.2211
vn -0.5230 0.7321 0.4366
vn -0.2558 0.7613 0.5958
vn 0.1055 0.5206 0.8472
vn 0.0981 0.4611 0.8819
vn 0.1614 0.2061 0.9651
vn 0.1708 0.2283 0.9585
vn 0.0221 0.2200 0.9752
vn -0.0121 0.2394 0.9709
vn 0.5570 -0.1086 0.8234
vn 0.5694 -0.0537 0.8203
vn 0.7158 -0.4946 0.4929
vn 0.6711 -0.5102 0.5379
vn -0.7418 0.5784 -0.3394
vn -0.7358 0.6004 -0.3133
vn -0.7232 0.6671 -0.1786
vn -0.7681 0.5735 -0.2848
vn -0.7092 0.6734 0.2086
vn -0.5709 0.7430 0.3495
vn -0.1529 0.6814 0.7158
vn -0.1597 0.6430 0.7491
vn -0.0756 0.5213 0.8500
vn -0.0642 0.5459 0.8354
vn -0.1257 0.5440 0.8296
vn -0.1445 0.5521 0.8211
vn -0.0306 0.2535 0.9669
vn -0.0446 0.2350 0.9710
vn 0.3968 -0.2089 0.8938
vn 0.3884 -0.2241 0.8938
vn 0.1989 -0.2524 0.9470
vn 0.1724 -0.2380 0.9558
vn 0.6462 -0.4047 0.6470
vn 0.6751 -0.3230 0.6633
vn -0.7136 0.6048 -0.3534
vn -0.7140 0.6036 -0.3548
vn -0.6325 0.7723 0.0588
vn -0.5482 0.8241 0.1428
vn -0.4509 0.8012 0.3935
vn -0.4126 0.8086 0.4194
vn -0.2317 0.6885 0.6872
vn -0.2185 0.7110 0.6684
vn -0.2167 0.7299 0.6483
vn -0.2571 0.7398 0.6217
vn -0.1258 0.5699 0.8120
vn -0.1408 0.5528 0.8213
vn -0.0291 0.2624 0.9645
vn -0.0199 0.2542 0.9670
vn 0.1071 -0.2141 0.9709
vn 0.0762 -0.2508 0.9650
vn 0.4996 -0.5153 0.6963
vn 0.4703 -0.5535 0.6873
vn 0.2821 -0.6301 0.7235
vn 0.3029 -0.6369 0.7090
vn 0.6624 -0.6343 0.3986
vn 0.7070 -0.5542 0.4393
vn -0.6662 0.6332 -0.3940
vn -0.6625 0.6447 -0.3814
vn -0.6767 0.6931 -0.2483
vn -0.6609 0.7177 -0.2192
vn -0.3914 0.8707 0.2977
vn -0.4339 0.8613 0.2646
vn -0.4840 0.8722 -0.0702
vn -0.5122 0.8532 -0.0986
vn -0.4018 0.9016 -0.1603
vn -0.4375 0.8760 -0.2030
vn -0.3340 0.9181 0.2134
vn -0.3977 0.9048 0.1523
vn -0.1936 0.7774 0.5985
vn -0.2239 0.7488 0.6239
vn -0.0609 0.5822 0.8108
vn -0.0537 0.5770 0.8150
vn 0.1928 -0.6550 0.7307
vn 0.1867 -0.6603 0.7275
vn 0.5236 -0.7611 0.3828
vn 0.4495 -0.8247 0.3432
vn 0.2505 -0.9113 0.3269
vn 0.3314 -0.9055 0.2650
vn 0.6089 -0.6335 0.4773
vn 0.6331 -0.5824 0.5099
vn -0.5007 0.7875 -0.3592
vn -0.5098 0.7756 -0.3722
vn -0.4887 0.7281 -0.4807
vn -0.4870 0.7313 -0.4775
vn -0.3756 0.7763 -0.5063
vn -0.3675 0.7874 -0.4948
vn -0.4073 0.8025 -0.4360
vn -0.3932 0.8201 -0.4158
vn -0.2636 0.9414 -0.2105
vn -0.2812 0.9313 -0.2316
vn -0.2858 0.9491 0.1319
vn -0.2736 0.9509 0.1445
vn -0.1163 0.8123 0.5715
vn -0.0787 0.7944 0.6022
vn 0.0662 -0.6706 0.7389
vn 0.0630 -0.6687 0.7409
vn 0.1499 -0.9598 0.2371
vn 0.2086 -0.9388 0.2742
vn 0.4393 -0.7657 0.4698
vn 0.3838 -0.8143 0.4354
vn 0.1888 -0.9030 0.3860
vn 0.2505 -0.9071 0.3384
vn -0.2485 0.8187 -0.5177
vn -0.2493 0.8178 -0.5188
vn -0.2578 0.8464 -0.4660
vn -0.2424 0.8620 -0.4452
vn -0.1215 0.9847 0.1247
vn -0.1195 0.9847 0.1269
vn 0.0721 -0.9675 0.2425
vn 0.0765 -0.9680 0.2392
vn 0.1292 -0.9371 0.3243
vn 0.1532 -0.9272 0.3418
vn 0.0786 -0.9464 0.3133
vn 0.0644 -0.9435 0.3250
vn -0.0604 -0.6664 -0.7432
vn -0.0577 -0.6624 -0.7469
vn 0.1181 0.0920 0.9887
vn 0.1647 0.1537 0.9743
vn -0.4750 -0.7904 -0.3867
vn -0.4694 -0.7880 -0.3983
vn -0.3853 -0.9127 -0.1363
vn -0.3708 -0.9126 -0.1721
vn -0.1571 -0.9527 0.2603
vn -0.1577 -0.9523 0.2613
vn 0.0225 -0.8738 0.4858
vn 0.0084 -0.8602 0.5098
vn 0.1109 -0.7855 0.6088
vn 0.1145 -0.7894 0.6031
vn 0.2006 -0.6769 0.7082
vn 0.2004 -0.6770 0.7081
vn 0.2740 -0.5401 0.7957
vn 0.2915 -0.5304 0.7960
vn 0.3350 -0.3774 0.8633
vn 0.3585 -0.3615 0.8607
vn 0.3967 -0.2075 0.8942
vn 0.3948 -0.2089 0.8947
vn 0.4497 0.0065 0.8932
vn 0.4810 0.0315 0.8761
vn -0.5601 -0.5186 -0.6460
vn -0.5633 -0.5215 -0.6409
vn -0.6003 -0.6983 -0.3899
vn -0.6014 -0.6997 -0.3855
vn -0.4682 -0.8823 -0.0475
vn -0.4660 -0.8821 -0.0686
vn -0.2276 -0.9301 0.2883
vn -0.2286 -0.9277 0.2952
vn -0.0249 -0.8568 0.5150
vn -0.0247 -0.8575 0.5139
vn 0.0928 -0.7835 0.6144
vn 0.0916 -0.7798 0.6192
vn 0.1812 -0.6961 0.6948
vn 0.2080 -0.6870 0.6962
vn 0.2914 -0.5680 0.7697
vn 0.3128 -0.5582 0.7685
vn 0.3517 -0.4409 0.8258
vn 0.4113 -0.4076 0.8153
vn 0.4879 -0.2175 0.8454
vn 0.4820 -0.2215 0.8477
vn 0.5892 0.0371 0.8071
vn 0.6054 0.0494 0.7943
vn 0.5281 -0.0047 0.8491
vn 0.6029 -0.0988 0.7917
vn 0.6151 -0.0501 0.7868
vn 0.6642 -0.1329 0.7357
vn 0.6643 -0.1327 0.7356
vn 0.6915 -0.1947 0.6956
vn 0.6658 -0.2422 0.7057
vn 0.6767 -0.2828 0.6797
vn 0.6350 -0.3438 0.6918
vn 0.6375 -0.3820 0.6690
vn 0.1343 -0.7829 0.6075
vn 0.1115 -0.7970 0.5936
vn 0.0624 -0.8011 0.5953
vn 0.0406 -0.8135 0.5802
vn -0.0417 -0.8695 -0.4922
vn -0.0429 -0.8704 -0.4905
vn -0.8599 -0.2602 -0.4392
vn -0.8547 -0.2571 -0.4510
vn -0.8540 -0.2394 -0.4619
vn -0.8982 -0.2842 -0.3354
vn -0.8894 -0.3485 -0.2960
vn -0.8835 -0.3383 -0.3238
vn -0.8833 -0.3399 -0.3229
vn -0.8860 -0.3440 -0.3110
vn -0.7928 -0.5926 -0.1424
vn -0.7945 -0.5959 -0.1167
vn -0.6494 -0.7251 0.2292
vn -0.6794 -0.7338 -0.0046
vn -0.1874 -0.7698 0.6102
vn -0.2790 -0.8325 0.4786
vn 0.0330 -0.7497 0.6609
vn 0.0034 -0.7474 0.6643
vn 0.1561 -0.7065 0.6903
vn 0.2090 -0.7057 0.6770
vn 0.2242 -0.6539 0.7226
vn 0.3223 -0.6492 0.6890
vn 0.3894 -0.5367 0.7485
vn 0.5066 -0.5245 0.6843
vn 0.5896 -0.3831 0.7110
vn 0.6475 -0.3778 0.6618
vn -0.6142 -0.4825 -0.6244
vn -0.6228 -0.4565 -0.6354
vn -0.8085 -0.2872 -0.5136
vn -0.8051 -0.2757 -0.5252
vn -0.7756 -0.3864 -0.4991
vn -0.7891 -0.3102 -0.5303
vn -0.7252 -0.4376 -0.5316
vn -0.7076 -0.4978 -0.5014
vn -0.6681 -0.5331 -0.5191
vn -0.6617 -0.5497 -0.5099
vn -0.6236 -0.5792 -0.5250
vn -0.6231 -0.5803 -0.5244
vn -0.5708 -0.6155 -0.5435
vn -0.5601 -0.6340 -0.5332
vn -0.5004 -0.6679 -0.5509
vn -0.4963 -0.6739 -0.5472
vn -0.4141 -0.7118 -0.5673
vn -0.4115 -0.7101 -0.5713
vn -0.1366 -0.7722 -0.6205
vn -0.1278 -0.7631 -0.6335
vn -0.0471 -0.7690 -0.6375
vn -0.0551 -0.7786 -0.6251
vn -0.1042 0.8391 -0.5339
vn -0.0947 0.8474 -0.5225
vn -0.1301 0.8669 -0.4813
vn -0.1083 0.8843 -0.4541
vn -0.1141 0.9679 -0.2240
vn -0.1377 0.9576 -0.2530
vn -0.8481 -0.1261 -0.5146
vn -0.8360 -0.0979 -0.5399
vn -0.7874 -0.1423 -0.5998
vn -0.7795 -0.1269 -0.6134
vn -0.8124 -0.0939 -0.5756
vn -0.8127 -0.1238 -0.5693
vn -0.8338 -0.0549 -0.5494
vn -0.8329 -0.0398 -0.5520
vn -0.8163 -0.1580 -0.5557
vn -0.8356 -0.1928 -0.5143
vn -0.8196 -0.2097 -0.5333
vn -0.8152 -0.2269 -0.5328
vn -0.7656 -0.0681 -0.6397
vn -0.7670 -0.0702 -0.6378
vn -0.8001 -0.0428 -0.5983
vn -0.8105 -0.0615 -0.5825
vn -0.8237 -0.1074 -0.5567
vn -0.8260 -0.0624 -0.5601
vn -0.8262 -0.1403 -0.5456
vn -0.8085 -0.1228 -0.5756
vn -0.8827 -0.0739 -0.4642
vn -0.9250 -0.0856 -0.3702
vn -0.7409 -0.1862 -0.6453
vn -0.7552 -0.2099 -0.6210
vn -0.8698 -0.0396 -0.4918
vn -0.8692 -0.0683 -0.4897
vn -0.8863 -0.0217 -0.4625
vn -0.9105 -0.0192 -0.4131
vn -0.6403 -0.3235 -0.6967
vn -0.6283 -0.3098 -0.7136
vn -0.6870 -0.2660 -0.6763
vn -0.6867 -0.2687 -0.6755
vn -0.7198 -0.1022 -0.6866
vn -0.7190 -0.1408 -0.6806
vn -0.8584 0.0126 -0.5128
vn -0.8669 -0.0458 -0.4964
vn -0.8949 0.0604 -0.4421
vn -0.9201 0.0679 -0.3858
vn -0.6105 -0.2429 -0.7539
vn -0.6140 -0.2466 -0.7498
vn -0.6571 -0.1838 -0.7311
vn -0.6719 -0.2015 -0.7127
vn -0.8605 0.0648 -0.5054
vn -0.8770 0.0701 -0.4754
vn -0.9192 0.1485 -0.3648
vn -0.9447 0.1644 -0.2838
vn -0.4779 -0.4445 -0.7577
vn -0.4854 -0.4508 -0.7491
vn -0.8966 0.1787 -0.4052
vn -0.8954 0.1780 -0.4081
vn -0.9500 0.2119 -0.2292
vn -0.9581 0.2238 -0.1787
vn -0.9339 0.3551 -0.0421
vn -0.9170 0.3899 0.0843
vn -0.4289 -0.4765 -0.7674
vn -0.4200 -0.4687 -0.7771
vn -0.4671 -0.3460 -0.8137
vn -0.4595 -0.3395 -0.8207
vn -0.9010 0.2308 -0.3672
vn -0.9460 0.3064 -0.1062
vn -0.9294 0.3496 -0.1187
vn -0.9410 0.3330 -0.0597
vn -0.4112 -0.3600 -0.8375
vn -0.4096 -0.3640 -0.8365
vn -0.1474 -0.5528 -0.8202
vn -0.1453 -0.5498 -0.8226
vn -0.8848 0.4648 0.0337
vn -0.8730 0.4680 -0.1371
vn -0.8462 0.4669 -0.2569
vn -0.8122 0.5728 -0.1109
vn -0.1405 -0.4448 -0.8845
vn -0.1463 -0.4534 -0.8792
vn -0.8932 0.4458 -0.0582
vn -0.9017 0.3778 -0.2105
vn -0.8423 0.4354 -0.3177
vn -0.8689 0.4598 -0.1832
vn -0.8084 0.5099 -0.2942
vn -0.8008 0.5405 -0.2582
vn -0.8024 0.4570 -0.3839
vn -0.8208 0.4759 -0.3159
vn -0.7842 0.4756 -0.3987
vn -0.7712 0.5601 -0.3025
vn -0.7763 0.4508 -0.4406
vn -0.7969 0.4654 -0.3851
vn -0.7304 0.5244 -0.4377
vn -0.7294 0.5383 -0.4223
vn -0.7188 0.5002 -0.4829
vn -0.7320 0.5063 -0.4559
vn -0.6929 0.5656 -0.4472
vn -0.6934 0.5593 -0.4542
vn -0.6767 0.5386 -0.5021
vn -0.6783 0.5391 -0.4993
vn -0.6307 0.5905 -0.5035
vn -0.6314 0.5761 -0.5191
vn -0.6483 0.6012 -0.4671
vn -0.6484 0.6008 -0.4675
vn -0.4691 0.7005 -0.5378
vn -0.4713 0.6948 -0.5433
vn -0.4674 0.6892 -0.5537
vn -0.4733 0.6672 -0.5751
vn -0.3474 0.7425 -0.5727
vn -0.3347 0.7626 -0.5535
vn -0.2317 0.7933 -0.5631
vn -0.2386 0.7849 -0.5719
vn -0.0593 -0.4649 -0.8834
vn -0.0577 -0.4621 -0.8849
vn -0.0608 -0.5612 -0.8254
vn -0.0584 -0.5573 -0.8283
vn -0.5235 -0.3099 -0.7937
vn -0.5287 -0.3143 -0.7885
vn -0.5469 -0.4061 -0.7321
vn -0.5479 -0.4069 -0.7309
vn -0.2189 0.7538 -0.6196
vn -0.2076 0.7695 -0.6040
vn -0.3130 0.7197 -0.6197
vn -0.3048 0.7353 -0.6054
vn -0.0918 0.7839 -0.6141
vn -0.0909 0.7849 -0.6130
vn -0.8513 -0.1072 -0.5136
vn -0.8460 -0.1044 -0.5229
vn -0.8652 -0.1905 -0.4638
vn -0.8530 -0.1841 -0.4883
vn -0.5701 -0.2828 -0.7714
vn -0.5720 -0.2733 -0.7734
vn -0.6020 -0.3707 -0.7072
vn -0.5899 -0.3586 -0.7235
vn -0.0915 0.8113 -0.5775
vn -0.0942 0.8088 -0.5805
vn 0.3454 -0.5475 0.7622
vn 0.3986 -0.5514 0.7328
vn 0.5056 -0.3992 0.7649
vn 0.4745 -0.3920 0.7881
vn 0.2779 -0.4676 0.8391
vn 0.2969 -0.4519 0.8412
vn 0.4699 -0.0336 0.8821
vn 0.5724 0.0268 0.8195
vn 0.3983 -0.2436 0.8843
vn 0.3816 -0.2643 0.8857
vn 0.2356 -0.3232 0.9166
vn 0.2164 -0.3347 0.9171
vn 0.3712 -0.1718 0.9125
vn 0.2163 -0.0883 0.9723
vn 0.2099 -0.2865 0.9348
vn 0.2762 -0.2410 0.9304
vn 0.4269 -0.3070 0.8506
vn 0.4561 -0.3147 0.8324
vn 0.3080 -0.1802 0.9342
vn 0.3835 -0.2049 0.9005
vn 0.4152 -0.0219 0.9095
vn 0.5179 -0.1212 0.8468
vn 0.0373 -0.1988 0.9793
vn 0.0171 -0.2196 0.9754
vn 0.1745 -0.7700 0.6137
vn 0.1887 -0.7744 0.6039
vn 0.2617 -0.7313 0.6298
vn 0.3574 -0.6483 0.6723
vn 0.5108 -0.5495 0.6612
vn 0.5162 -0.5329 0.6705
vn 0.5912 -0.4376 0.6775
vn 0.5874 -0.4675 0.6606
vn 0.5361 -0.4678 0.7027
vn 0.5881 -0.3805 0.7137
vn -0.5646 0.6358 -0.5263
vn -0.5642 0.6384 -0.5235
vn -0.5732 0.6497 -0.4993
vn -0.5736 0.6482 -0.5009
vn -0.5865 0.6848 -0.4326
vn -0.5895 0.6770 -0.4406
vn -0.5954 0.7482 -0.2927
vn -0.6068 0.7309 -0.3123
vn -0.5482 0.8361 0.0215
vn -0.5947 0.8035 -0.0269
vn -0.3882 0.8390 0.3814
vn -0.4805 0.8189 0.3137
vn -0.1510 0.6820 0.7156
vn -0.2172 0.6936 0.6868
vn 0.0596 0.5105 0.8578
vn -0.0171 0.5361 0.8440
vn 0.2793 0.2267 0.9330
vn 0.2643 0.2328 0.9359
vn 0.4597 -0.1521 0.8750
vn 0.5089 -0.1698 0.8439
vn 0.5512 -0.4574 0.6978
vn 0.6030 -0.4682 0.6458
vn 0.5539 -0.7152 0.4263
vn 0.6177 -0.6968 0.3647
vn 0.5040 -0.7116 0.4895
vn 0.5484 -0.7017 0.4548
vn 0.4247 -0.6175 0.6621
vn 0.4325 -0.6036 0.6697
vn 0.2335 -0.7581 0.6088
vn 0.2744 -0.7278 0.6285
vn 0.3673 -0.8513 0.3746
vn 0.2774 -0.8522 0.4436
vn 0.4270 -0.8506 0.3068
vn 0.3675 -0.8600 0.3541
vn 0.4131 -0.5914 0.6925
vn 0.3850 -0.5844 0.7143
vn 0.2856 -0.2342 0.9293
vn 0.3124 -0.2461 0.9175
vn 0.0625 0.2273 0.9718
vn 0.0955 0.2118 0.9726
vn -0.1210 0.5451 0.8296
vn -0.0996 0.5375 0.8374
vn -0.2538 0.7190 0.6470
vn -0.2162 0.7117 0.6684
vn -0.4124 0.8837 0.2213
vn -0.3717 0.8926 0.2551
vn -0.4617 0.8750 -0.1456
vn -0.4380 0.8908 -0.1211
vn -0.4602 0.7821 -0.4201
vn -0.4420 0.8048 -0.3962
vn -0.4423 0.7529 -0.4873
vn -0.4451 0.7485 -0.4916
vn -0.4194 0.7191 -0.5540
vn -0.4216 0.7147 -0.5581
vn -0.4065 0.6905 -0.5983
vn -0.4045 0.6957 -0.5936
vn 0.3357 -0.1002 0.9366
vn 0.4289 -0.1582 0.8894
vn 0.4710 -0.0152 0.8820
vn 0.3692 -0.1010 0.9238
vn 0.4913 0.0675 0.8684
vn 0.3733 -0.0030 0.9277
vn 0.4542 0.1322 0.8810
vn 0.3487 0.0978 0.9321
vn 0.3717 0.2401 0.8968
vn 0.1396 0.2037 0.9690
vn -0.0133 0.3793 0.9252
vn 0.0062 0.3376 0.9413
vn -0.2841 0.3518 0.8919
vn -0.3355 0.4490 0.8282
vn -0.5031 0.3626 0.7845
vn -0.5120 0.3822 0.7693
vn -0.8390 0.3700 0.3991
vn -0.9359 0.2799 0.2139
vn -0.8480 0.2889 0.4443
vn -0.8156 0.1920 0.5459
vn -0.9793 0.2016 0.0167
vn -0.9703 0.2241 0.0911
vn -0.9738 0.2242 0.0387
vn -0.9579 0.2809 -0.0591
vn -0.9521 0.2800 -0.1227
vn -0.9487 0.3163 0.0057
vn -0.9449 0.3170 -0.0819
vn -0.9435 0.3202 -0.0851
vn -0.2319 -0.4219 -0.8765
vn -0.2365 -0.4275 -0.8725
vn -0.2408 -0.5313 -0.8122
vn -0.2450 -0.5363 -0.8077
vn -0.2452 -0.6300 -0.7369
vn -0.2600 -0.6459 -0.7178
vn -0.2445 -0.7441 -0.6218
vn -0.2538 -0.7519 -0.6085
vn -0.2264 -0.8732 -0.4315
vn -0.2049 -0.8617 -0.4641
vn -0.1656 -0.9639 -0.2085
vn -0.1522 -0.9613 -0.2295
vn -0.0312 -0.9914 0.1268
vn -0.0674 -0.9825 0.1738
vn 0.0609 -0.9127 0.4041
vn 0.0284 -0.8979 0.4393
vn 0.1272 -0.8143 0.5663
vn 0.1036 -0.8002 0.5907
vn 0.1613 -0.6765 0.7186
vn 0.1659 -0.6801 0.7141
vn 0.1927 -0.5189 0.8328
vn 0.1910 -0.5171 0.8343
vn 0.2180 -0.3647 0.9052
vn 0.2151 -0.3614 0.9073
vn 0.2158 -0.1785 0.9600
vn 0.2319 -0.1991 0.9522
vn 0.2212 0.0861 0.9714
vn 0.1867 0.0494 0.9812
vn -0.3250 -0.3985 -0.8577
vn -0.3278 -0.3923 -0.8594
vn -0.3385 -0.5070 -0.7927
vn -0.3448 -0.4951 -0.7975
vn -0.3436 -0.6035 -0.7195
vn -0.3494 -0.6086 -0.7124
vn -0.3399 -0.7279 -0.5955
vn -0.3312 -0.7380 -0.5879
vn -0.3097 -0.8532 -0.4198
vn -0.3211 -0.8442 -0.4292
vn -0.2743 -0.9412 -0.1974
vn -0.2783 -0.9394 -0.2004
vn -0.1665 -0.9695 0.1799
vn -0.0779 -0.9693 0.2333
vn 0.0015 -0.8973 0.4414
vn 0.0507 -0.8841 0.4646
vn 0.1010 -0.8003 0.5911
vn 0.1151 -0.7945 0.5962
vn 0.1771 -0.6797 0.7118
vn 0.1678 -0.6716 0.7216
vn 0.2258 -0.5161 0.8262
vn 0.2284 -0.5191 0.8236
vn 0.2679 -0.3615 0.8930
vn 0.2629 -0.3549 0.8972
vn 0.2988 -0.2027 0.9325
vn 0.2953 -0.1978 0.9347
vn 0.3064 0.0357 0.9512
vn 0.3196 0.0174 0.9474
vn -0.9861 -0.1064 -0.1280
vn -0.9587 -0.0899 -0.2700
vn -0.8048 0.5029 -0.3152
vn -0.7948 0.5231 -0.3077
vn -0.5375 0.6606 -0.5241
vn -0.5126 0.6531 -0.5574
vn -0.3359 0.7263 -0.5997
vn -0.3501 0.7312 -0.5855
vn 0.3047 0.7808 -0.5454
vn 0.3578 0.7440 -0.5644
vn -0.0813 0.8247 -0.5597
vn -0.1038 0.8102 -0.5770
vn 0.5513 0.4763 -0.6850
vn 0.6046 0.4904 -0.6277
vn 0.5275 0.3953 -0.7519
vn 0.6350 0.4149 -0.6516
vn -0.7135 0.5634 -0.4165
vn -0.6337 0.6766 -0.3751
vn -0.6168 0.6440 -0.4526
vn -0.5796 0.6316 -0.5149
vn -0.9037 -0.0587 -0.4242
vn -0.9664 -0.0606 -0.2498
vn -0.8628 -0.1467 -0.4837
vn -0.8097 -0.1575 -0.5653
vn -0.0174 -0.4682 -0.8835
vn 0.0340 -0.4518 -0.8915
vn 0.2946 -0.4361 -0.8503
vn 0.2391 -0.4733 -0.8478
vn 0.6061 -0.2345 -0.7600
vn 0.5792 -0.2974 -0.7590
vn 0.4010 -0.3815 -0.8328
vn 0.4485 -0.3956 -0.8015
vn -0.6038 -0.2790 -0.7467
vn -0.5910 -0.2793 -0.7567
vn 0.6279 0.0911 -0.7730
vn 0.6273 0.0651 -0.7761
vn -0.2254 0.7776 -0.5870
vn -0.2243 0.7785 -0.5862
vn 0.0355 0.8098 -0.5856
vn 0.1059 0.8443 -0.5252
vn 0.3474 0.7463 -0.5678
vn 0.4951 0.6159 -0.6128
vn 0.1407 0.8154 -0.5616
vn 0.1846 0.7948 -0.5781
vn 0.7056 -0.0324 -0.7079
vn 0.8007 0.0288 -0.5984
vn -0.4000 -0.4047 -0.8223
vn -0.3704 -0.4287 -0.8240
vn 0.5332 -0.3167 -0.7844
vn 0.5165 -0.3422 -0.7850
vn -0.7180 -0.2112 -0.6633
vn -0.6758 -0.2184 -0.7040
vn 0.7126 -0.0070 -0.7015
vn 0.6695 0.1517 -0.7271
vn -0.3172 -0.4307 -0.8450
vn -0.2697 -0.4237 -0.8647
vn -0.4851 -0.3832 -0.7860
vn -0.5567 -0.3060 -0.7723
vn 0.7018 -0.1602 -0.6941
vn 0.7201 -0.1591 -0.6754
vn 0.6457 -0.2038 -0.7359
vn 0.6426 -0.2159 -0.7352
vn 0.5751 0.2126 -0.7900
vn 0.6961 0.2155 -0.6848
vn 0.6259 0.0951 -0.7741
vn 0.6660 0.0796 -0.7417
vn 0.6279 0.0953 -0.7724
vn 0.6110 0.1229 -0.7820
vn -0.4190 0.6881 -0.5924
vn -0.3905 0.7180 -0.5762
vn 0.4916 0.6172 -0.6143
vn 0.4091 0.5893 -0.6967
vn -0.9001 0.3277 -0.2869
vn -0.7713 0.6209 -0.1400
vn 0.1395 -0.4842 -0.8638
vn 0.1816 -0.4631 -0.8675
vn -0.7740 -0.2063 -0.5986
vn -0.7028 -0.2257 -0.6746
vn -0.1220 -0.4517 -0.8838
vn -0.0838 -0.4429 -0.8927
vn 0.6640 0.0198 -0.7475
vn 0.6256 0.1154 -0.7716
vn -0.8803 0.4720 0.0471
vn -0.8920 0.4267 -0.1496
vn 0.9610 -0.0901 -0.2613
vn 0.9853 -0.1068 -0.1335
vn 0.8077 0.4933 -0.3230
vn 0.8067 0.4954 -0.3222
vn 0.5221 0.6503 -0.5518
vn 0.5429 0.6565 -0.5237
vn 0.3569 0.7350 -0.5765
vn 0.3397 0.7291 -0.5942
vn -0.3515 0.7361 -0.5784
vn -0.3041 0.7707 -0.5599
vn 0.1058 0.8115 -0.5747
vn 0.0836 0.8252 -0.5587
vn -0.5909 0.4861 -0.6439
vn -0.5413 0.4732 -0.6951
vn -0.6204 0.4139 -0.6662
vn -0.5188 0.3955 -0.7579
vn 0.6447 0.6633 -0.3801
vn 0.7177 0.5570 -0.4179
vn 0.5866 0.6261 -0.5136
vn 0.6219 0.6378 -0.4543
vn 0.9654 -0.0726 -0.2504
vn 0.9060 -0.0703 -0.4174
vn 0.8160 -0.1732 -0.5515
vn 0.8655 -0.1627 -0.4738
vn -0.0374 -0.5028 -0.8636
vn 0.0223 -0.5232 -0.8519
vn -0.2491 -0.5217 -0.8159
vn -0.3105 -0.4769 -0.8223
vn -0.5923 -0.3190 -0.7399
vn -0.6148 -0.2540 -0.7467
vn -0.4591 -0.4298 -0.7775
vn -0.4116 -0.4175 -0.8101
vn 0.5958 -0.3113 -0.7403
vn 0.6064 -0.3110 -0.7318
vn -0.6155 0.0799 -0.7840
vn -0.6161 0.1026 -0.7810
vn 0.2301 0.7801 -0.5818
vn 0.2270 0.7825 -0.5797
vn -0.1061 0.8402 -0.5318
vn -0.0341 0.8063 -0.5905
vn -0.4853 0.6082 -0.6282
vn -0.3441 0.7379 -0.5806
vn -0.1849 0.7873 -0.5882
vn -0.1409 0.8094 -0.5700
vn -0.7971 0.0330 -0.6029
vn -0.7020 -0.0259 -0.7117
vn 0.3882 -0.4610 -0.7980
vn 0.3987 -0.4522 -0.7979
vn -0.5325 -0.3673 -0.7626
vn -0.5462 -0.3429 -0.7642
vn 0.6900 -0.2388 -0.6833
vn 0.7271 -0.2319 -0.6462
vn -0.6612 0.1619 -0.7326
vn -0.7087 -0.0006 -0.7055
vn 0.2744 -0.4740 -0.8367
vn 0.3128 -0.4797 -0.8198
vn 0.5654 -0.3359 -0.7533
vn 0.4938 -0.4165 -0.7633
vn -0.7203 -0.1532 -0.6765
vn -0.7149 -0.1534 -0.6822
vn -0.6544 -0.2173 -0.7243
vn -0.6541 -0.2185 -0.7241
vn -0.6823 0.2193 -0.6974
vn -0.5684 0.2162 -0.7938
vn -0.6552 0.0888 -0.7503
vn -0.6155 0.1039 -0.7813
vn -0.5986 0.1404 -0.7887
vn -0.6198 0.1066 -0.7775
vn 0.3991 0.7154 -0.5735
vn 0.4206 0.6933 -0.5852
vn -0.4024 0.5844 -0.7047
vn -0.4802 0.6102 -0.6302
vn 0.7741 0.6146 -0.1518
vn 0.8999 0.3150 -0.3016
vn -0.1843 -0.5130 -0.8383
vn -0.1382 -0.5376 -0.8318
vn 0.7210 -0.2382 -0.6507
vn 0.7839 -0.2198 -0.5807
vn 0.0770 -0.4962 -0.8648
vn 0.1098 -0.5044 -0.8565
vn -0.6170 0.1309 -0.7760
vn -0.6570 0.0361 -0.7530
vn 0.9016 0.4010 -0.1619
vn 0.8963 0.4427 0.0259
vn 0.6727 0.5311 -0.5151
vn 0.6719 0.5213 -0.5261
vn 0.7275 0.4721 -0.4979
vn 0.7298 0.5023 -0.4639
vn 0.8183 0.4599 -0.3448
vn 0.8177 0.3856 -0.4275
vn 0.7879 0.4394 -0.4315
vn 0.7871 0.4239 -0.4482
vn 0.1972 0.7203 -0.6651
vn 0.1936 0.7260 -0.6599
vn 0.0792 0.7415 -0.6663
vn 0.0856 0.7341 -0.6736
vn 0.6149 0.5700 -0.5450
vn 0.6151 0.5811 -0.5329
vn 0.4713 0.6647 -0.5797
vn 0.4759 0.6366 -0.6068
vn 0.8657 0.3507 -0.3572
vn 0.8682 0.4421 -0.2254
vn 0.8507 -0.1313 -0.5090
vn 0.8534 -0.1099 -0.5095
vn 0.8820 -0.0688 -0.4662
vn 0.8506 -0.0645 -0.5218
vn 0.3960 -0.2837 -0.8733
vn 0.3965 -0.2841 -0.8729
vn 0.4491 -0.2623 -0.8541
vn 0.4517 -0.2530 -0.8555
vn 0.5034 -0.2448 -0.8286
vn 0.5076 -0.2269 -0.8312
vn 0.6444 -0.1472 -0.7504
vn 0.6425 -0.1450 -0.7525
vn 0.5919 -0.1840 -0.7847
vn 0.5871 -0.1794 -0.7894
vn 0.8220 0.0030 -0.5695
vn 0.8283 -0.0071 -0.5602
vn 0.0504 -0.3535 -0.9341
vn 0.0576 -0.3661 -0.9288
vn 0.1383 -0.3455 -0.9282
vn 0.1365 -0.3428 -0.9295
vn 0.8283 -0.0285 -0.5595
vn 0.8282 -0.0072 -0.5604
vn 0.8267 -0.1457 -0.5435
vn 0.8409 -0.0146 -0.5410
vn 0.7429 -0.0316 -0.6687
vn 0.7485 -0.0397 -0.6620
vn 0.7987 -0.0168 -0.6015
vn 0.7879 0.0001 -0.6158
vn 0.6853 -0.0783 -0.7240
vn 0.7067 -0.1060 -0.6995
vn 0.8484 -0.0229 -0.5288
vn 0.8534 -0.0590 -0.5180
vn 0.8729 0.0579 -0.4845
vn 0.8597 0.0520 -0.5081
vn 0.8988 0.3511 -0.2626
vn 0.9046 0.3833 -0.1864
vn 0.8555 0.1597 -0.4926
vn 0.8888 0.1799 -0.4215
vn 0.8820 0.3094 -0.3554
vn 0.8844 0.3055 -0.3529
vn 0.9165 0.3209 -0.2389
vn 0.9178 0.3234 -0.2304
vn 0.2865 0.7062 -0.6474
vn 0.2877 0.7035 -0.6498
vn 0.5550 -0.2177 -0.8029
vn 0.5458 -0.2096 -0.8112
vn 0.5524 0.6241 -0.5526
vn 0.5527 0.6197 -0.5573
vn 0.3938 0.6721 -0.6270
vn 0.3943 0.6702 -0.6288
vn 0.8818 0.3039 -0.3607
vn 0.9099 0.3726 -0.1825
vn 0.2258 -0.3272 -0.9176
vn 0.2251 -0.3263 -0.9181
vn 0.3217 -0.3091 -0.8950
vn 0.3161 -0.3034 -0.8989
vn -0.6719 0.5213 -0.5261
vn -0.6727 0.5311 -0.5151
vn -0.7298 0.5023 -0.4639
vn -0.7275 0.4721 -0.4979
vn -0.8177 0.3856 -0.4275
vn -0.8183 0.4599 -0.3448
vn -0.7871 0.4239 -0.4482
vn -0.7879 0.4394 -0.4315
vn -0.1936 0.7260 -0.6599
vn -0.1972 0.7203 -0.6651
vn -0.0856 0.7341 -0.6736
vn -0.0792 0.7415 -0.6663
vn -0.6151 0.5811 -0.5329
vn -0.6149 0.5700 -0.5450
vn -0.4759 0.6366 -0.6068
vn -0.4713 0.6647 -0.5797
vn -0.8682 0.4421 -0.2254
vn -0.8657 0.3507 -0.3572
vn -0.8538 -0.1094 -0.5090
vn -0.8510 -0.1306 -0.5086
vn -0.8430 -0.0795 -0.5320
vn -0.8752 -0.0835 -0.4765
vn -0.3935 -0.2811 -0.8753
vn -0.3916 -0.2794 -0.8767
vn -0.4461 -0.2545 -0.8580
vn -0.4450 -0.2583 -0.8575
vn -0.5038 -0.2278 -0.8332
vn -0.5029 -0.2318 -0.8327
vn -0.6411 -0.1355 -0.7554
vn -0.6443 -0.1391 -0.7520
vn -0.5831 -0.1728 -0.7938
vn -0.5933 -0.1826 -0.7840
vn -0.8391 -0.0341 -0.5429
vn -0.8243 -0.0091 -0.5661
vn -0.0573 -0.3661 -0.9288
vn -0.0498 -0.3529 -0.9343
vn -0.1346 -0.3421 -0.9300
vn -0.1366 -0.3450 -0.9286
vn -0.8340 -0.0395 -0.5503
vn -0.8326 -0.0919 -0.5462
vn -0.8348 -0.0892 -0.5432
vn -0.8270 -0.1451 -0.5432
vn -0.7590 -0.0427 -0.6496
vn -0.7601 -0.0443 -0.6483
vn -0.7978 -0.0156 -0.6027
vn -0.8045 -0.0266 -0.5933
vn -0.7067 -0.0964 -0.7009
vn -0.6961 -0.0828 -0.7131
vn -0.8534 -0.0590 -0.5180
vn -0.8484 -0.0229 -0.5288
vn -0.8597 0.0520 -0.5081
vn -0.8729 0.0579 -0.4845
vn -0.9046 0.3833 -0.1864
vn -0.8988 0.3511 -0.2626
vn -0.8888 0.1799 -0.4215
vn -0.8555 0.1597 -0.4926
vn -0.8844 0.3055 -0.3529
vn -0.8820 0.3094 -0.3554
vn -0.9178 0.3234 -0.2304
vn -0.9165 0.3209 -0.2389
vn -0.2877 0.7035 -0.6498
vn -0.2865 0.7062 -0.6474
vn -0.5493 -0.2071 -0.8096
vn -0.5499 -0.2077 -0.8090
vn -0.5527 0.6197 -0.5573
vn -0.5524 0.6241 -0.5526
vn -0.3943 0.6702 -0.6288
vn -0.3938 0.6721 -0.6270
vn -0.9099 0.3726 -0.1825
vn -0.8818 0.3039 -0.3607
vn -0.2205 -0.3223 -0.9206
vn -0.2241 -0.3266 -0.9182
vn -0.3119 -0.2997 -0.9016
vn -0.3180 -0.3058 -0.8974
s 0
f 874//1 12//1 871//1
f 874//2 871//2 873//2
f 871//3 12//3 1493//3
f 871//4 1493//4 1492//4
f 18//5 1190//5 1191//5
f 18//6 1191//6 17//6
f 21//7 20//7 23//7
f 21//8 23//8 26//8
f 24//9 23//9 20//9
f 24//10 20//10 22//10
f 25//11 21//11 26//11
f 25//12 26//12 29//12
f 67//13 63//13 26//13
f 67//14 26//14 23//14
f 908//15 909//15 1155//15
f 908//16 1155//16 1201//16
f 909//17 910//17 1150//17
f 909//18 1150//18 1155//18
f 27//19 30//19 2219//19
f 27//20 2219//20 2218//20
f 63//21 28//21 29//21
f 63//22 29//22 26//22
f 2172//23 1165//23 2221//23
f 2172//24 2221//24 2220//24
f 31//25 27//25 2218//25
f 31//26 2218//26 2217//26
f 1633//27 1634//27 38//27
f 1633//28 38//28 39//28
f 33//29 32//29 36//29
f 33//30 36//30 50//30
f 34//31 33//31 50//31
f 34//32 50//32 49//32
f 34//33 49//33 721//33
f 34//34 721//34 720//34
f 736//35 42//35 383//35
f 736//36 383//36 735//36
f 36//37 32//37 1180//37
f 36//38 1180//38 1121//38
f 37//39 36//39 1121//39
f 37//40 1121//40 1124//40
f 857//41 858//41 39//41
f 857//42 39//42 38//42
f 42//43 41//43 384//43
f 42//44 384//44 383//44
f 44//45 43//45 41//45
f 44//46 41//46 42//46
f 737//47 44//47 42//47
f 737//48 42//48 736//48
f 47//49 53//49 723//49
f 47//50 723//50 722//50
f 47//51 48//51 51//51
f 47//52 51//52 53//52
f 48//53 47//53 49//53
f 48//54 49//54 50//54
f 37//55 48//55 50//55
f 37//56 50//56 36//56
f 48//57 37//57 52//57
f 48//58 52//58 51//58
f 52//59 37//59 1124//59
f 52//60 1124//60 1122//60
f 52//61 539//61 538//61
f 52//62 538//62 51//62
f 539//63 52//63 1122//63
f 539//64 1122//64 1123//64
f 44//65 737//65 738//65
f 44//66 738//66 56//66
f 44//67 56//67 55//67
f 44//68 55//68 43//68
f 535//69 56//69 738//69
f 535//70 738//70 739//70
f 53//71 537//71 724//71
f 53//72 724//72 723//72
f 61//73 57//73 43//73
f 61//74 43//74 55//74
f 57//75 59//75 58//75
f 57//76 58//76 60//76
f 59//77 57//77 61//77
f 59//78 61//78 62//78
f 43//79 57//79 60//79
f 43//80 60//80 41//80
f 384//81 41//81 60//81
f 384//82 60//82 385//82
f 533//83 61//83 55//83
f 533//84 55//84 534//84
f 61//85 533//85 532//85
f 61//86 532//86 62//86
f 60//87 58//87 386//87
f 60//88 386//88 385//88
f 2173//89 2174//89 1167//89
f 2173//90 1167//90 1166//90
f 1136//91 1137//91 64//91
f 1136//92 64//92 74//92
f 2175//93 2176//93 1169//93
f 2175//94 1169//94 1168//94
f 1137//95 1138//95 65//95
f 1137//96 65//96 64//96
f 69//97 1268//97 1269//97
f 69//98 1269//98 1141//98
f 70//99 69//99 1141//99
f 70//100 1141//100 1142//100
f 71//101 70//101 1142//101
f 71//102 1142//102 1143//102
f 72//103 71//103 1143//103
f 72//104 1143//104 1144//104
f 75//105 74//105 73//105
f 75//106 73//106 76//106
f 88//107 76//107 73//107
f 88//108 73//108 77//108
f 1135//109 1136//109 74//109
f 1135//110 74//110 75//110
f 2174//111 2175//111 1168//111
f 2174//112 1168//112 1167//112
f 66//113 67//113 23//113
f 66//114 23//114 24//114
f 1947//115 1948//115 994//115
f 1947//116 994//116 993//116
f 389//117 79//117 1012//117
f 389//118 1012//118 1011//118
f 484//119 485//119 1034//119
f 484//120 1034//120 1033//120
f 79//121 81//121 1013//121
f 79//122 1013//122 1012//122
f 1946//123 1947//123 993//123
f 1946//124 993//124 992//124
f 387//125 83//125 993//125
f 387//125 993//125 994//125
f 84//126 83//126 58//126
f 84//127 58//127 59//127
f 83//128 387//128 386//128
f 83//129 386//129 58//129
f 1134//130 85//130 2223//130
f 1134//131 2223//131 2222//131
f 85//132 86//132 2224//132
f 85//133 2224//133 2223//133
f 86//134 87//134 2225//134
f 86//135 2225//135 2224//135
f 1652//136 1653//136 95//136
f 1652//137 95//137 94//137
f 94//138 97//138 1651//138
f 94//139 1651//139 1652//139
f 98//140 95//140 1653//140
f 98//141 1653//141 1654//141
f 101//142 84//142 59//142
f 101//143 59//143 62//143
f 991//144 992//144 84//144
f 991//145 84//145 101//145
f 990//146 991//146 101//146
f 990//147 101//147 531//147
f 1944//148 1945//148 991//148
f 1944//148 991//148 990//148
f 1945//149 1946//149 992//149
f 1945//150 992//150 991//150
f 81//151 100//151 1014//151
f 81//152 1014//152 1013//152
f 100//153 529//153 1015//153
f 100//154 1015//154 1014//154
f 531//155 101//155 62//155
f 531//156 62//156 532//156
f 51//157 538//157 537//157
f 51//158 537//158 53//158
f 535//159 534//159 55//159
f 535//160 55//160 56//160
f 87//161 102//161 2226//161
f 87//162 2226//162 2225//162
f 84//163 992//163 993//163
f 84//164 993//164 83//164
f 1917//165 1918//165 124//165
f 1917//166 124//166 123//166
f 103//167 104//167 1324//167
f 103//168 1324//168 1325//168
f 104//169 1047//169 1992//169
f 104//170 1992//170 1324//170
f 1920//171 1921//171 525//171
f 1920//172 525//172 122//172
f 1919//173 1920//173 122//173
f 1919//174 122//174 125//174
f 486//175 487//175 1036//175
f 486//176 1036//176 1035//176
f 487//177 526//177 1037//177
f 487//178 1037//178 1036//178
f 485//179 486//179 1035//179
f 485//180 1035//180 1034//180
f 108//181 2229//181 2230//181
f 108//182 2230//182 521//182
f 108//183 521//183 911//183
f 108//184 911//184 912//184
f 72//185 1144//185 2088//185
f 72//186 2088//186 2089//186
f 4550//187 4551//187 109//187
f 4550//188 109//188 1145//188
f 130//189 1147//189 1148//189
f 130//190 1148//190 6//190
f 2184//191 2185//191 2087//191
f 2184//192 2087//192 1175//192
f 2187//193 4548//193 4549//193
f 2187//194 4549//194 1176//194
f 4545//195 4546//195 1648//195
f 4545//196 1648//196 115//196
f 2084//197 2085//197 1649//197
f 2084//198 1649//198 119//198
f 2188//199 2189//199 1178//199
f 2188//200 1178//200 1177//200
f 2182//201 2183//201 1174//201
f 2182//202 1174//202 1173//202
f 97//203 118//203 1650//203
f 97//204 1650//204 1651//204
f 1649//205 1650//205 118//205
f 1649//206 118//206 119//206
f 2183//207 2184//207 1175//207
f 2183//208 1175//208 1174//208
f 2181//209 2182//209 1173//209
f 2181//210 1173//210 1172//210
f 1618//211 523//211 1323//211
f 1618//212 1323//212 1620//212
f 1918//213 1919//213 125//213
f 1918//214 125//214 124//214
f 122//215 525//215 524//215
f 122//216 524//216 126//216
f 127//217 123//217 124//217
f 127//218 124//218 128//218
f 125//219 129//219 128//219
f 125//220 128//220 124//220
f 129//221 125//221 122//221
f 129//222 122//222 126//222
f 1363//223 902//223 1322//223
f 1363//224 1322//224 1362//224
f 932//225 1361//225 1362//225
f 932//226 1362//226 1322//226
f 1360//227 1361//227 932//227
f 1360//228 932//228 931//228
f 130//229 110//229 1146//229
f 130//230 1146//230 1147//230
f 1178//231 2189//231 2190//231
f 1178//232 2190//232 1179//232
f 1646//233 1647//233 114//233
f 1646//234 114//234 131//234
f 1645//235 1646//235 131//235
f 1645//236 131//236 4//236
f 132//237 137//237 138//237
f 132//238 138//238 133//238
f 140//239 134//239 139//239
f 140//240 139//240 145//240
f 137//241 132//241 134//241
f 137//242 134//242 140//242
f 142//243 135//243 133//243
f 142//244 133//244 138//244
f 142//245 143//245 136//245
f 142//246 136//246 135//246
f 519//247 520//247 501//247
f 519//248 501//248 502//248
f 144//249 149//249 145//249
f 144//250 145//250 139//250
f 151//251 150//251 148//251
f 151//252 148//252 147//252
f 150//253 149//253 144//253
f 150//254 144//254 148//254
f 153//255 152//255 157//255
f 153//256 157//256 156//256
f 141//257 146//257 158//257
f 141//258 158//258 159//258
f 164//259 163//259 159//259
f 164//260 159//260 158//260
f 168//261 154//261 402//261
f 168//262 402//262 405//262
f 154//263 168//263 170//263
f 154//264 170//264 160//264
f 162//265 155//265 2082//265
f 162//266 2082//266 2083//266
f 169//267 164//267 158//267
f 169//268 158//268 165//268
f 161//269 160//269 170//269
f 161//270 170//270 171//270
f 166//271 161//271 171//271
f 166//272 171//272 175//272
f 518//273 503//273 504//273
f 518//274 504//274 517//274
f 173//275 174//275 459//275
f 173//276 459//276 458//276
f 174//277 173//277 177//277
f 174//278 177//278 178//278
f 167//279 176//279 180//279
f 167//280 180//280 165//280
f 188//281 169//281 165//281
f 188//282 165//282 180//282
f 178//283 177//283 185//283
f 178//284 185//284 186//284
f 179//285 173//285 458//285
f 179//286 458//286 457//286
f 506//287 507//287 514//287
f 506//288 514//288 515//288
f 186//289 185//289 193//289
f 186//290 193//290 194//290
f 179//291 187//291 177//291
f 179//292 177//292 173//292
f 181//293 182//293 189//293
f 181//294 189//294 190//294
f 197//295 196//295 190//295
f 197//296 190//296 189//296
f 508//297 513//297 514//297
f 508//298 514//298 507//298
f 513//299 508//299 509//299
f 513//300 509//300 512//300
f 194//301 193//301 201//301
f 194//302 201//302 202//302
f 187//303 195//303 185//303
f 187//304 185//304 177//304
f 204//305 179//305 457//305
f 204//306 457//306 755//306
f 179//307 204//307 208//307
f 179//308 208//308 187//308
f 191//309 199//309 206//309
f 191//310 206//310 198//310
f 182//311 191//311 198//311
f 182//312 198//312 189//312
f 205//313 197//313 189//313
f 205//314 189//314 198//314
f 210//315 205//315 198//315
f 210//316 198//316 206//316
f 906//317 907//317 1205//317
f 906//318 1205//318 1209//318
f 202//319 201//319 452//319
f 202//320 452//320 1504//320
f 195//321 203//321 193//321
f 195//322 193//322 185//322
f 187//323 208//323 213//323
f 187//324 213//324 195//324
f 203//325 207//325 201//325
f 203//326 201//326 193//326
f 201//327 207//327 398//327
f 201//328 398//328 452//328
f 195//329 213//329 217//329
f 195//330 217//330 203//330
f 203//331 217//331 358//331
f 203//332 358//332 207//332
f 205//333 210//333 1463//333
f 205//334 1463//334 1464//334
f 214//335 409//335 2209//335
f 214//336 2209//336 2208//336
f 216//337 215//337 1193//337
f 216//338 1193//338 1192//338
f 212//339 1192//339 1193//339
f 212//340 1193//340 211//340
f 1462//341 214//341 2208//341
f 1462//342 2208//342 2207//342
f 364//343 221//343 938//343
f 364//344 938//344 939//344
f 856//345 220//345 219//345
f 856//346 219//346 855//346
f 221//347 1460//347 1461//347
f 221//348 1461//348 938//348
f 219//349 220//349 1635//349
f 219//350 1635//350 1636//350
f 1667//351 1668//351 221//351
f 1667//352 221//352 364//352
f 1781//353 1718//353 223//353
f 1781//354 223//354 363//354
f 225//355 224//355 227//355
f 225//356 227//356 226//356
f 1181//357 227//357 224//357
f 1181//358 224//358 1182//358
f 765//359 228//359 2203//359
f 765//360 2203//360 2204//360
f 1459//361 223//361 1718//361
f 1459//362 1718//362 1719//362
f 1668//363 1669//363 1460//363
f 1668//364 1460//364 221//364
f 238//365 230//365 370//365
f 238//366 370//366 369//366
f 1717//367 1655//367 854//367
f 1717//368 854//368 424//368
f 2101//369 2102//369 1767//369
f 2101//370 1767//370 1768//370
f 719//371 718//371 233//371
f 719//372 233//372 236//372
f 225//373 226//373 236//373
f 225//374 236//374 233//374
f 1458//375 230//375 238//375
f 1458//376 238//376 1457//376
f 371//377 238//377 369//377
f 371//378 369//378 372//378
f 852//379 239//379 245//379
f 852//380 245//380 851//380
f 2102//381 2103//381 1766//381
f 2102//382 1766//382 1767//382
f 424//383 1637//383 1716//383
f 424//384 1716//384 1717//384
f 734//385 242//385 241//385
f 734//386 241//386 733//386
f 438//387 243//387 2201//387
f 438//388 2201//388 2202//388
f 1457//389 238//389 371//389
f 1457//390 371//390 1456//390
f 1640//391 245//391 239//391
f 1640//392 239//392 1639//392
f 851//393 245//393 254//393
f 851//394 254//394 850//394
f 2105//395 2106//395 1763//395
f 2105//396 1763//396 1764//396
f 1713//397 1714//397 425//397
f 1713//398 425//398 426//398
f 425//399 1714//399 1715//399
f 425//400 1715//400 1183//400
f 2104//401 2105//401 1764//401
f 2104//402 1764//402 1765//402
f 249//403 250//403 259//403
f 249//404 259//404 258//404
f 241//405 242//405 250//405
f 241//406 250//406 249//406
f 245//407 1640//407 1641//407
f 245//408 1641//408 254//408
f 253//409 252//409 263//409
f 253//410 263//410 264//410
f 253//411 264//411 1186//411
f 253//412 1186//412 1185//412
f 850//413 254//413 1885//413
f 850//414 1885//414 1886//414
f 1761//415 1762//415 2107//415
f 1761//416 2107//416 2108//416
f 1711//417 1712//417 427//417
f 1711//418 427//418 717//418
f 1712//419 1713//419 426//419
f 1712//417 426//417 427//417
f 2106//420 2107//420 1762//420
f 2106//421 1762//421 1763//421
f 251//422 260//422 272//422
f 251//423 272//423 261//423
f 1725//424 1726//424 1676//424
f 1725//425 1676//425 1675//425
f 264//426 275//426 1187//426
f 264//427 1187//427 1186//427
f 264//428 263//428 274//428
f 264//429 274//429 275//429
f 254//430 1641//430 1884//430
f 254//431 1884//431 1885//431
f 277//432 266//432 715//432
f 277//433 715//433 714//433
f 252//434 266//434 277//434
f 252//435 277//435 263//435
f 1708//436 1709//436 732//436
f 1708//437 732//437 429//437
f 2110//438 2111//438 1758//438
f 2110//439 1758//439 1759//439
f 270//440 269//440 268//440
f 270//441 268//441 271//441
f 258//442 259//442 271//442
f 258//443 271//443 268//443
f 275//444 274//444 1881//444
f 275//445 1881//445 1882//445
f 282//446 277//446 714//446
f 282//447 714//447 713//447
f 263//448 277//448 282//448
f 263//449 282//449 274//449
f 730//450 278//450 283//450
f 730//451 283//451 729//451
f 1756//452 1757//452 2112//452
f 1756//453 2112//453 2113//453
f 1706//454 1707//454 430//454
f 1706//455 430//455 431//455
f 1707//456 1708//456 429//456
f 1707//457 429//457 430//457
f 2111//458 2112//458 1757//458
f 2111//459 1757//459 1758//459
f 995//460 996//460 269//460
f 995//461 269//461 270//461
f 1732//462 1733//462 1683//462
f 1732//463 1683//463 1682//463
f 1494//464 1493//464 12//464
f 1494//465 12//465 816//465
f 261//466 272//466 290//466
f 261//467 290//467 280//467
f 228//468 438//468 2202//468
f 228//469 2202//469 2203//469
f 274//470 282//470 1880//470
f 274//471 1880//471 1881//471
f 1879//472 1880//472 282//472
f 1879//473 282//473 713//473
f 729//474 283//474 291//474
f 729//475 291//475 728//475
f 292//476 284//476 293//476
f 292//477 293//477 299//477
f 278//478 284//478 292//478
f 278//479 292//479 283//479
f 288//480 287//480 286//480
f 288//481 286//481 289//481
f 1949//482 1950//482 996//482
f 1949//483 996//483 995//483
f 12//484 874//484 875//484
f 12//485 875//485 816//485
f 728//486 291//486 1876//486
f 728//487 1876//487 1877//487
f 298//488 292//488 299//488
f 298//489 299//489 305//489
f 283//490 292//490 298//490
f 283//491 298//491 291//491
f 2114//492 2115//492 1754//492
f 2114//493 1754//493 1755//493
f 433//494 1704//494 1705//494
f 433//495 1705//495 432//495
f 1705//496 1706//496 431//496
f 1705//497 431//497 432//497
f 2113//498 2114//498 1755//498
f 2113//499 1755//499 1756//499
f 296//500 494//500 495//500
f 296//501 495//501 297//501
f 287//502 288//502 1010//502
f 287//503 1010//503 1009//503
f 1874//504 1875//504 298//504
f 1874//505 298//505 305//505
f 291//506 298//506 1875//506
f 291//507 1875//507 1876//507
f 300//508 307//508 306//508
f 300//509 306//509 301//509
f 293//510 301//510 306//510
f 293//511 306//511 299//511
f 2115//512 2116//512 1753//512
f 2115//513 1753//513 1754//513
f 1703//514 1704//514 433//514
f 1703//515 433//515 997//515
f 1915//516 1916//516 302//516
f 1915//517 302//517 310//517
f 482//518 483//518 1032//518
f 482//519 1032//519 1031//519
f 303//520 302//520 123//520
f 303//521 123//521 127//521
f 1916//522 1917//522 123//522
f 1916//523 123//523 302//523
f 1418//524 303//524 127//524
f 1418//525 127//525 1417//525
f 2023//526 2022//526 1742//526
f 2023//527 1742//527 1314//527
f 2132//528 2024//528 1692//528
f 2132//529 1692//529 2131//529
f 299//530 306//530 313//530
f 299//531 313//531 305//531
f 307//532 314//532 313//532
f 307//533 313//533 306//533
f 300//534 999//534 1000//534
f 300//535 1000//535 307//535
f 2116//536 2117//536 1954//536
f 2116//537 1954//537 1753//537
f 2118//538 2119//538 1751//538
f 2118//539 1751//539 1752//539
f 435//540 1701//540 1702//540
f 435//541 1702//541 434//541
f 1951//542 1952//542 1703//542
f 1951//543 1703//543 997//543
f 311//544 310//544 302//544
f 311//545 302//545 303//545
f 1419//546 311//546 303//546
f 1419//547 303//547 1418//547
f 2022//548 2023//548 312//548
f 2022//549 312//549 1741//549
f 2024//550 2132//550 2133//550
f 2024//551 2133//551 1691//551
f 2021//552 2020//552 1312//552
f 2021//553 1312//553 1313//553
f 305//554 313//554 1873//554
f 305//555 1873//555 1874//555
f 314//556 1872//556 1873//556
f 314//557 1873//557 313//557
f 307//558 1000//558 1001//558
f 307//559 1001//559 314//559
f 1955//560 1956//560 1000//560
f 1955//561 1000//561 999//561
f 316//562 322//562 321//562
f 316//563 321//563 315//563
f 1750//564 1751//564 2119//564
f 1750//565 2119//565 2120//565
f 2121//566 2122//566 1748//566
f 2121//567 1748//567 1749//567
f 1698//568 1699//568 493//568
f 1698//569 493//569 437//569
f 1700//570 1701//570 435//570
f 1700//571 435//571 1008//571
f 1257//572 1739//572 1740//572
f 1257//573 1740//573 1431//573
f 1737//574 1738//574 1254//574
f 1737//575 1254//575 318//575
f 1687//576 1688//576 2136//576
f 1687//577 2136//577 2137//577
f 2135//578 1689//578 1690//578
f 2135//579 1690//579 2134//579
f 2020//580 2021//580 319//580
f 2020//581 319//581 324//581
f 2020//582 2019//582 1311//582
f 2020//583 1311//583 1312//583
f 1871//584 1872//584 314//584
f 1871//585 314//585 1001//585
f 1956//586 1957//586 1001//586
f 1956//587 1001//587 1000//587
f 322//588 326//588 325//588
f 322//589 325//589 321//589
f 322//590 316//590 1006//590
f 322//591 1006//591 1005//591
f 491//592 323//592 327//592
f 491//593 327//593 490//593
f 1746//594 1747//594 2124//594
f 1746//595 2124//595 2125//595
f 1745//596 1911//596 2126//596
f 1745//597 2126//597 2127//597
f 1695//598 1913//598 1914//598
f 1695//599 1914//599 440//599
f 1696//600 1697//600 481//600
f 1696//601 481//601 1030//601
f 1737//602 318//602 1397//602
f 1737//603 1397//603 1736//603
f 1687//604 2137//604 2138//604
f 1687//605 2138//605 1686//605
f 1258//606 1259//606 1429//606
f 1258//607 1429//607 1430//607
f 1252//608 1253//608 1613//608
f 1252//609 1613//609 1614//609
f 2019//610 2020//610 324//610
f 2019//611 324//611 330//611
f 2019//612 2018//612 1859//612
f 2019//613 1859//613 1311//613
f 1957//614 1958//614 1871//614
f 1957//615 1871//615 1001//615
f 326//616 1869//616 1870//616
f 326//617 1870//617 325//617
f 326//618 322//618 1005//618
f 326//619 1005//619 1004//619
f 490//620 327//620 334//620
f 490//621 334//621 489//621
f 478//622 479//622 1028//622
f 478//623 1028//623 1027//623
f 1909//624 1910//624 335//624
f 1909//625 335//625 341//625
f 2127//626 2128//626 1744//626
f 2127//627 1744//627 1745//627
f 1694//628 1695//628 440//628
f 1694//629 440//629 441//629
f 2128//630 2129//630 1743//630
f 2128//631 1743//631 1744//631
f 1693//632 1694//632 441//632
f 1693//633 441//633 1420//633
f 1614//634 1613//634 1396//634
f 1614//635 1396//635 1395//635
f 1259//636 1260//636 1428//636
f 1259//637 1428//637 1429//637
f 1251//638 1252//638 1614//638
f 1251//639 1614//639 1615//639
f 2018//640 2019//640 330//640
f 2018//641 330//641 1858//641
f 1868//642 1869//642 326//642
f 1868//643 326//643 1004//643
f 489//644 334//644 1866//644
f 489//645 1866//645 1867//645
f 477//646 478//646 1027//646
f 477//647 1027//647 1026//647
f 1908//648 1909//648 341//648
f 1908//649 341//649 343//649
f 335//650 336//650 340//650
f 335//651 340//651 341//651
f 336//652 1422//652 1423//652
f 336//653 1423//653 340//653
f 1615//654 1614//654 1395//654
f 1615//655 1395//655 1394//655
f 1260//656 1856//656 1857//656
f 1260//657 1857//657 1428//657
f 1854//658 1855//658 1251//658
f 1854//659 1251//659 1615//659
f 1863//660 1907//660 1908//660
f 1863//661 1908//661 343//661
f 1864//662 1865//662 477//662
f 1864//663 477//663 1026//663
f 341//664 340//664 344//664
f 341//665 344//665 343//665
f 340//666 1423//666 1424//666
f 340//667 1424//667 344//667
f 1854//668 1615//668 1394//668
f 1854//669 1394//669 1853//669
f 243//670 804//670 2200//670
f 243//671 2200//671 2201//671
f 343//672 344//672 1862//672
f 343//673 1862//673 1863//673
f 344//674 1424//674 1861//674
f 344//675 1861//675 1862//675
f 260//676 251//676 805//676
f 260//677 805//677 806//677
f 355//678 346//678 400//678
f 355//679 400//679 399//679
f 497//680 80//680 350//680
f 497//681 350//681 496//681
f 498//682 106//682 80//682
f 498//683 80//683 497//683
f 106//684 498//684 499//684
f 106//685 499//685 105//685
f 499//686 528//686 527//686
f 499//687 527//687 105//687
f 129//688 126//688 1414//688
f 129//689 1414//689 1415//689
f 129//690 1415//690 1416//690
f 129//691 1416//691 128//691
f 127//692 128//692 1416//692
f 127//693 1416//693 1417//693
f 79//694 389//694 388//694
f 79//695 388//695 78//695
f 81//696 79//696 78//696
f 81//697 78//697 82//697
f 100//698 81//698 82//698
f 100//699 82//699 99//699
f 529//700 100//700 99//700
f 529//701 99//701 530//701
f 1434//702 1264//702 1994//702
f 1434//703 1994//703 1993//703
f 17//704 1191//704 1192//704
f 17//705 1192//705 212//705
f 40//706 216//706 1192//706
f 40//707 1192//707 1191//707
f 857//708 38//708 220//708
f 857//709 220//709 856//709
f 38//710 1634//710 1635//710
f 38//711 1635//711 220//711
f 1180//712 32//712 227//712
f 1180//713 227//713 1181//713
f 32//714 33//714 226//714
f 32//715 226//715 227//715
f 720//716 719//716 236//716
f 720//717 236//717 34//717
f 236//718 226//718 33//718
f 236//719 33//719 34//719
f 4//720 131//720 351//720
f 4//721 351//721 2//721
f 131//722 114//722 352//722
f 131//723 352//723 351//723
f 4544//724 4545//724 115//724
f 4544//725 115//725 353//725
f 157//726 152//726 155//726
f 157//727 155//727 162//727
f 151//728 147//728 153//728
f 151//729 153//729 156//729
f 356//730 346//730 355//730
f 356//731 355//731 357//731
f 200//732 356//732 357//732
f 200//733 357//733 19//733
f 907//734 908//734 1201//734
f 907//735 1201//735 1205//735
f 359//736 360//736 1779//736
f 359//737 1779//737 1780//737
f 1665//738 1666//738 361//738
f 1665//739 361//739 362//739
f 359//740 1780//740 1781//740
f 359//741 1781//741 363//741
f 366//742 365//742 367//742
f 366//743 367//743 368//743
f 368//744 367//744 374//744
f 368//745 374//745 373//745
f 368//746 373//746 372//746
f 368//747 372//747 369//747
f 366//748 368//748 369//748
f 366//749 369//749 370//749
f 1456//750 371//750 1900//750
f 1456//751 1900//751 1901//751
f 1899//752 1900//752 371//752
f 1899//753 371//753 372//753
f 373//754 1898//754 1899//754
f 373//755 1899//755 372//755
f 373//756 374//756 1897//756
f 373//757 1897//757 1898//757
f 1837//758 1838//758 16//758
f 1837//759 16//759 821//759
f 1838//760 1782//760 13//760
f 1838//761 13//761 16//761
f 1778//762 1779//762 360//762
f 1778//763 360//763 420//763
f 380//764 367//764 365//764
f 380//765 365//765 379//765
f 367//766 380//766 381//766
f 367//767 381//767 374//767
f 374//768 381//768 1896//768
f 374//769 1896//769 1897//769
f 1782//770 1783//770 14//770
f 1782//771 14//771 13//771
f 735//772 383//772 242//772
f 735//773 242//773 734//773
f 242//774 383//774 384//774
f 242//775 384//775 250//775
f 259//776 250//776 384//776
f 259//777 384//777 385//777
f 259//778 385//778 386//778
f 259//779 386//779 271//779
f 387//780 270//780 271//780
f 387//781 271//781 386//781
f 995//782 270//782 387//782
f 995//783 387//783 994//783
f 1948//784 1949//784 995//784
f 1948//785 995//785 994//785
f 389//786 288//786 289//786
f 389//787 289//787 388//787
f 288//788 389//788 1011//788
f 288//789 1011//789 1010//789
f 297//790 495//790 496//790
f 297//791 496//791 350//791
f 483//792 484//792 1033//792
f 483//793 1033//793 1032//793
f 767//794 390//794 209//794
f 767//795 209//795 772//795
f 392//796 391//796 390//796
f 392//797 390//797 767//797
f 391//798 392//798 394//798
f 391//799 394//799 393//799
f 290//800 392//800 767//800
f 290//801 767//801 768//801
f 393//802 394//802 396//802
f 393//803 396//803 395//803
f 395//804 396//804 798//804
f 395//805 798//805 794//805
f 207//806 358//806 397//806
f 207//807 397//807 398//807
f 25//808 31//808 399//808
f 25//809 399//809 400//809
f 4543//810 4544//810 353//810
f 4543//811 353//811 401//811
f 4542//812 4543//812 401//812
f 4542//813 401//813 3//813
f 354//814 172//814 401//814
f 354//815 401//815 353//815
f 2083//816 2071//816 2072//816
f 2083//817 2072//817 2084//817
f 2083//818 2084//818 119//818
f 2083//819 119//819 162//819
f 157//820 162//820 119//820
f 157//821 119//821 118//821
f 156//822 157//822 118//822
f 156//823 118//823 97//823
f 151//824 156//824 97//824
f 151//825 97//825 94//825
f 150//826 151//826 94//826
f 150//827 94//827 95//827
f 401//828 172//828 1//828
f 401//829 1//829 3//829
f 145//830 149//830 98//830
f 145//831 98//831 403//831
f 95//832 98//832 149//832
f 95//833 149//833 150//833
f 402//834 154//834 137//834
f 402//835 137//835 140//835
f 154//836 160//836 138//836
f 154//837 138//837 137//837
f 142//838 138//838 160//838
f 142//839 160//839 161//839
f 143//840 142//840 161//840
f 143//841 161//841 166//841
f 146//842 167//842 165//842
f 146//843 165//843 158//843
f 519//844 502//844 503//844
f 519//845 503//845 518//845
f 404//846 405//846 402//846
f 404//847 402//847 403//847
f 402//848 140//848 145//848
f 402//849 145//849 403//849
f 407//850 406//850 416//850
f 407//851 416//851 415//851
f 406//852 400//852 346//852
f 406//853 346//853 416//853
f 407//854 408//854 22//854
f 407//855 22//855 20//855
f 406//856 407//856 20//856
f 406//857 20//857 21//857
f 25//858 400//858 406//858
f 25//859 406//859 21//859
f 399//860 31//860 2217//860
f 399//861 2217//861 2216//861
f 408//862 407//862 415//862
f 408//863 415//863 414//863
f 361//864 364//864 939//864
f 361//865 939//865 940//865
f 409//866 410//866 2210//866
f 409//867 2210//867 2209//867
f 362//868 361//868 940//868
f 362//869 940//869 941//869
f 183//870 184//870 412//870
f 183//871 412//871 411//871
f 413//872 192//872 183//872
f 413//873 183//873 411//873
f 192//874 413//874 356//874
f 192//875 356//875 200//875
f 411//876 412//876 414//876
f 411//877 414//877 415//877
f 416//878 413//878 411//878
f 416//879 411//879 415//879
f 413//880 416//880 346//880
f 413//881 346//881 356//881
f 1499//882 797//882 777//882
f 1499//883 777//883 1500//883
f 797//884 880//884 881//884
f 797//885 881//885 777//885
f 880//886 963//886 964//886
f 880//887 964//887 881//887
f 1441//888 1442//888 1449//888
f 1441//889 1449//889 1450//889
f 1500//890 777//890 418//890
f 1500//891 418//891 1501//891
f 777//892 881//892 882//892
f 777//893 882//893 418//893
f 881//894 964//894 965//894
f 881//895 965//895 882//895
f 280//896 290//896 768//896
f 280//897 768//897 769//897
f 355//898 399//898 2216//898
f 355//899 2216//899 2215//899
f 1664//900 1665//900 362//900
f 1664//901 362//901 421//901
f 421//902 362//902 941//902
f 421//903 941//903 942//903
f 396//904 260//904 806//904
f 396//905 806//905 798//905
f 422//906 211//906 1193//906
f 422//907 1193//907 1194//907
f 215//908 423//908 1194//908
f 215//909 1194//909 1193//909
f 854//910 855//910 219//910
f 854//911 219//911 424//911
f 424//912 219//912 1636//912
f 424//913 1636//913 1637//913
f 224//914 425//914 1183//914
f 224//915 1183//915 1182//915
f 224//916 225//916 426//916
f 224//917 426//917 425//917
f 426//918 225//918 233//918
f 426//919 233//919 427//919
f 427//920 233//920 718//920
f 427//921 718//921 717//921
f 241//922 429//922 732//922
f 241//923 732//923 733//923
f 1442//924 1443//924 1448//924
f 1442//925 1448//925 1449//925
f 429//926 241//926 249//926
f 429//927 249//927 430//927
f 1443//928 1444//928 1447//928
f 1443//929 1447//929 1448//929
f 430//930 249//930 258//930
f 430//931 258//931 431//931
f 1497//932 803//932 801//932
f 1497//933 801//933 1498//933
f 431//934 258//934 268//934
f 431//935 268//935 432//935
f 1498//936 801//936 797//936
f 1498//937 797//937 1499//937
f 269//938 433//938 432//938
f 269//939 432//939 268//939
f 433//940 269//940 996//940
f 433//941 996//941 997//941
f 803//942 878//942 879//942
f 803//943 879//943 801//943
f 1950//944 1951//944 997//944
f 1950//945 997//945 996//945
f 801//946 879//946 880//946
f 801//947 880//947 797//947
f 287//948 435//948 434//948
f 287//949 434//949 286//949
f 878//950 966//950 967//950
f 878//951 967//951 879//951
f 435//952 287//952 1009//952
f 435//953 1009//953 1008//953
f 493//954 494//954 296//954
f 493//955 296//955 437//955
f 481//956 482//956 1031//956
f 481//957 1031//957 1030//957
f 1914//958 1915//958 310//958
f 1914//959 310//959 440//959
f 1724//960 1725//960 1675//960
f 1724//961 1675//961 1674//961
f 1723//962 1724//962 1674//962
f 1723//963 1674//963 1673//963
f 441//964 440//964 310//964
f 441//965 310//965 311//965
f 1419//966 1420//966 441//966
f 1419//967 441//967 311//967
f 1783//968 1784//968 15//968
f 1783//969 15//969 14//969
f 1895//970 1896//970 381//970
f 1895//971 381//971 444//971
f 443//972 380//972 379//972
f 443//973 379//973 1248//973
f 396//974 394//974 272//974
f 396//975 272//975 260//975
f 290//976 272//976 394//976
f 290//977 394//977 392//977
f 380//978 443//978 444//978
f 380//979 444//979 381//979
f 905//980 906//980 1209//980
f 905//981 1209//981 2092//981
f 357//982 355//982 2215//982
f 357//983 2215//983 2214//983
f 19//984 357//984 2214//984
f 19//985 2214//985 2213//985
f 421//986 942//986 943//986
f 421//987 943//987 1663//987
f 510//988 19//988 2213//988
f 510//989 2213//989 2212//989
f 1133//990 944//990 1088//990
f 1133//991 1088//991 1132//991
f 944//992 945//992 1081//992
f 944//993 1081//993 1088//993
f 1672//994 1673//994 228//994
f 1672//995 228//995 765//995
f 1674//996 1675//996 243//996
f 1674//997 243//997 438//997
f 410//998 511//998 2211//998
f 410//999 2211//999 2210//999
f 1673//1000 1674//1000 438//1000
f 1673//1001 438//1001 228//1001
f 511//1002 510//1002 2212//1002
f 511//1003 2212//1003 2211//1003
f 24//1004 22//1004 463//1004
f 24//1005 463//1005 462//1005
f 462//1006 463//1006 405//1006
f 462//1007 405//1007 404//1007
f 460//1008 65//1008 1138//1008
f 460//1009 1138//1009 1139//1009
f 1266//1010 1265//1010 460//1010
f 1266//1011 460//1011 1139//1011
f 92//1012 461//1012 462//1012
f 92//1013 462//1013 404//1013
f 461//1014 66//1014 24//1014
f 461//1015 24//1015 462//1015
f 1170//1016 1169//1016 2176//1016
f 1170//1017 2176//1017 2177//1017
f 1170//1018 2177//1018 2178//1018
f 1170//1019 2178//1019 1267//1019
f 506//1020 515//1020 516//1020
f 506//1021 516//1021 505//1021
f 505//1022 516//1022 517//1022
f 505//1023 517//1023 504//1023
f 468//1024 181//1024 190//1024
f 468//1025 190//1025 469//1025
f 176//1026 468//1026 469//1026
f 176//1027 469//1027 180//1027
f 196//1028 470//1028 469//1028
f 196//1029 469//1029 190//1029
f 470//1030 188//1030 180//1030
f 470//1031 180//1031 469//1031
f 470//1032 1467//1032 1468//1032
f 470//1033 1468//1033 188//1033
f 208//1034 204//1034 471//1034
f 208//1035 471//1035 472//1035
f 473//1036 472//1036 390//1036
f 473//1037 390//1037 391//1037
f 213//1038 208//1038 472//1038
f 213//1039 472//1039 473//1039
f 474//1040 473//1040 391//1040
f 474//1041 391//1041 393//1041
f 217//1042 213//1042 473//1042
f 217//1043 473//1043 474//1043
f 475//1044 474//1044 393//1044
f 475//1045 393//1045 395//1045
f 358//1046 217//1046 474//1046
f 358//1047 474//1047 475//1047
f 397//1048 358//1048 475//1048
f 397//1049 475//1049 500//1049
f 475//1050 395//1050 794//1050
f 475//1051 794//1051 500//1051
f 214//1052 1462//1052 1463//1052
f 214//1053 1463//1053 210//1053
f 168//1054 405//1054 463//1054
f 168//1055 463//1055 464//1055
f 464//1056 463//1056 22//1056
f 464//1057 22//1057 408//1057
f 465//1058 464//1058 408//1058
f 465//1059 408//1059 414//1059
f 465//1060 170//1060 168//1060
f 465//1061 168//1061 464//1061
f 414//1062 412//1062 466//1062
f 414//1063 466//1063 465//1063
f 465//1064 466//1064 171//1064
f 465//1065 171//1065 170//1065
f 412//1066 184//1066 467//1066
f 412//1067 467//1067 466//1067
f 466//1068 467//1068 175//1068
f 466//1069 175//1069 171//1069
f 68//1070 1265//1070 1266//1070
f 68//1071 1266//1071 1140//1071
f 471//1072 204//1072 755//1072
f 471//1073 755//1073 1410//1073
f 27//1074 31//1074 25//1074
f 27//1075 25//1075 29//1075
f 28//1076 30//1076 27//1076
f 28//1077 27//1077 29//1077
f 86//1078 76//1078 88//1078
f 86//1079 88//1079 87//1079
f 85//1080 75//1080 76//1080
f 85//1081 76//1081 86//1081
f 1135//1082 75//1082 85//1082
f 1135//1083 85//1083 1134//1083
f 88//1084 89//1084 102//1084
f 88//1085 102//1085 87//1085
f 1165//1086 2172//1086 2173//1086
f 1165//1087 2173//1087 1166//1087
f 512//1088 509//1088 510//1088
f 512//1089 510//1089 511//1089
f 199//1090 410//1090 409//1090
f 199//1091 409//1091 206//1091
f 214//1092 210//1092 206//1092
f 214//1093 206//1093 409//1093
f 1360//1094 931//1094 1387//1094
f 1360//1095 1387//1095 1386//1095
f 398//1096 397//1096 445//1096
f 398//1097 445//1097 446//1097
f 452//1098 398//1098 446//1098
f 452//1099 446//1099 451//1099
f 448//1100 447//1100 1436//1100
f 448//1101 1436//1101 1437//1101
f 8//1102 11//1102 886//1102
f 8//1103 886//1103 885//1103
f 447//1104 448//1104 885//1104
f 447//1105 885//1105 886//1105
f 450//1106 449//1106 1437//1106
f 450//1107 1437//1107 1436//1107
f 882//1108 965//1108 969//1108
f 882//1109 969//1109 883//1109
f 418//1110 882//1110 883//1110
f 418//1111 883//1111 453//1111
f 1501//1112 418//1112 453//1112
f 1501//1113 453//1113 1502//1113
f 1439//1114 1440//1114 1451//1114
f 1439//1115 1451//1115 1452//1115
f 445//1116 417//1116 454//1116
f 445//1117 454//1117 446//1117
f 883//1118 969//1118 9//1118
f 883//1119 9//1119 884//1119
f 453//1120 883//1120 884//1120
f 453//1121 884//1121 455//1121
f 1502//1122 453//1122 455//1122
f 1502//1123 455//1123 1503//1123
f 1438//1124 1439//1124 1452//1124
f 1438//1125 1452//1125 1453//1125
f 446//1126 454//1126 456//1126
f 446//1127 456//1127 451//1127
f 9//1128 8//1128 885//1128
f 9//1129 885//1129 884//1129
f 448//1130 455//1130 884//1130
f 448//1131 884//1131 885//1131
f 1902//1132 1903//1132 757//1132
f 1902//1133 757//1133 746//1133
f 757//1134 758//1134 747//1134
f 757//1135 747//1135 746//1135
f 758//1136 759//1136 748//1136
f 758//1137 748//1137 747//1137
f 1720//1138 1721//1138 760//1138
f 1720//1139 760//1139 749//1139
f 1670//1140 1671//1140 761//1140
f 1670//1141 761//1141 750//1141
f 750//1142 761//1142 936//1142
f 750//1143 936//1143 937//1143
f 762//1144 751//1144 2206//1144
f 762//1145 2206//1145 2205//1145
f 762//1146 763//1146 752//1146
f 762//1147 752//1147 751//1147
f 1986//1148 1987//1148 1866//1148
f 1986//1149 1866//1149 334//1149
f 1985//1150 1986//1150 334//1150
f 1985//1151 334//1151 327//1151
f 1984//1152 1985//1152 327//1152
f 1984//1153 327//1153 323//1153
f 2122//1154 2123//1154 1983//1154
f 2122//1155 1983//1155 1748//1155
f 1980//1156 1981//1156 1698//1156
f 1980//1157 1698//1157 437//1157
f 1979//1158 1980//1158 437//1158
f 1979//1159 437//1159 296//1159
f 1978//1160 1979//1160 296//1160
f 1978//1161 296//1161 297//1161
f 1977//1162 1978//1162 297//1162
f 1977//1163 297//1163 350//1163
f 1976//1164 1977//1164 350//1164
f 1976//1165 350//1165 80//1165
f 1975//1166 1976//1166 80//1166
f 1975//1167 80//1167 106//1167
f 1974//1168 1975//1168 106//1168
f 1974//1169 106//1169 105//1169
f 1973//1170 1974//1170 105//1170
f 1973//1171 105//1171 527//1171
f 489//1172 1867//1172 1868//1172
f 489//1173 1868//1173 1004//1173
f 490//1174 489//1174 1004//1174
f 490//1175 1004//1175 1005//1175
f 491//1176 490//1176 1005//1176
f 491//1177 1005//1177 1006//1177
f 2120//1178 2121//1178 1749//1178
f 2120//1179 1749//1179 1750//1179
f 1699//1180 1700//1180 1008//1180
f 1699//1181 1008//1181 493//1181
f 1008//1182 1009//1182 494//1182
f 1008//1183 494//1183 493//1183
f 495//1184 494//1184 1009//1184
f 495//1185 1009//1185 1010//1185
f 496//1186 495//1186 1010//1186
f 496//1187 1010//1187 1011//1187
f 497//1188 496//1188 1011//1188
f 497//1189 1011//1189 1012//1189
f 1013//1190 498//1190 497//1190
f 1013//1191 497//1191 1012//1191
f 498//1192 1013//1192 1014//1192
f 498//1193 1014//1193 499//1193
f 1014//1194 1015//1194 528//1194
f 1014//1195 528//1195 499//1195
f 445//1196 397//1196 500//1196
f 445//1197 500//1197 775//1197
f 1450//1198 1451//1198 1440//1198
f 1450//1199 1440//1199 1441//1199
f 417//1200 445//1200 775//1200
f 417//1201 775//1201 776//1201
f 502//1202 501//1202 136//1202
f 502//1203 136//1203 143//1203
f 503//1204 502//1204 143//1204
f 503//1205 143//1205 166//1205
f 503//1206 166//1206 175//1206
f 503//1207 175//1207 504//1207
f 505//1208 504//1208 175//1208
f 505//1209 175//1209 467//1209
f 506//1210 505//1210 467//1210
f 506//1211 467//1211 184//1211
f 184//1212 183//1212 507//1212
f 184//1213 507//1213 506//1213
f 192//1214 508//1214 507//1214
f 192//1215 507//1215 183//1215
f 508//1216 192//1216 200//1216
f 508//1217 200//1217 509//1217
f 509//1218 200//1218 19//1218
f 509//1219 19//1219 510//1219
f 512//1220 511//1220 410//1220
f 512//1221 410//1221 199//1221
f 513//1222 512//1222 199//1222
f 513//1223 199//1223 191//1223
f 513//1224 191//1224 182//1224
f 513//1225 182//1225 514//1225
f 515//1226 514//1226 182//1226
f 515//1227 182//1227 181//1227
f 516//1228 515//1228 181//1228
f 516//1229 181//1229 468//1229
f 516//1230 468//1230 176//1230
f 516//1231 176//1231 517//1231
f 518//1232 517//1232 176//1232
f 518//1233 176//1233 167//1233
f 519//1234 518//1234 167//1234
f 519//1235 167//1235 146//1235
f 146//1236 141//1236 520//1236
f 146//1237 520//1237 519//1237
f 915//1238 540//1238 533//1238
f 915//1239 533//1239 534//1239
f 1120//1240 541//1240 1627//1240
f 1120//1241 1627//1241 1628//1241
f 1114//1242 543//1242 542//1242
f 1114//1243 542//1243 1117//1243
f 1111//1244 859//1244 543//1244
f 1111//1245 543//1245 1114//1245
f 545//1246 541//1246 542//1246
f 545//1247 542//1247 546//1247
f 1117//1248 542//1248 541//1248
f 1117//1249 541//1249 1120//1249
f 1942//1250 1943//1250 989//1250
f 1942//1251 989//1251 988//1251
f 989//1252 1943//1252 1944//1252
f 989//1253 1944//1253 990//1253
f 549//1254 1016//1254 1015//1254
f 549//1255 1015//1255 529//1255
f 677//1256 678//1256 1039//1256
f 677//1257 1039//1257 1038//1257
f 549//1258 552//1258 1017//1258
f 549//1259 1017//1259 1016//1259
f 677//1260 1038//1260 1037//1260
f 677//1261 1037//1261 526//1261
f 1922//1262 652//1262 525//1262
f 1922//1263 525//1263 1921//1263
f 987//1264 988//1264 553//1264
f 987//1265 553//1265 703//1265
f 988//1266 989//1266 554//1266
f 988//1267 554//1267 553//1267
f 553//1268 554//1268 555//1268
f 553//1269 555//1269 556//1269
f 985//1270 986//1270 707//1270
f 985//1271 707//1271 704//1271
f 1941//1272 1942//1272 988//1272
f 1941//1273 988//1273 987//1273
f 552//1274 694//1274 1018//1274
f 552//1275 1018//1275 1017//1275
f 678//1276 697//1276 1040//1276
f 678//1277 1040//1277 1039//1277
f 1923//1278 1924//1278 698//1278
f 1923//1279 698//1279 650//1279
f 642//1280 1925//1280 1926//1280
f 642//1281 1926//1281 639//1281
f 679//1282 680//1282 1042//1282
f 679//1283 1042//1283 1041//1283
f 561//1284 564//1284 1020//1284
f 561//1285 1020//1285 1019//1285
f 564//1286 565//1286 1021//1286
f 564//1287 1021//1287 1020//1287
f 1938//1288 1939//1288 985//1288
f 1938//1289 985//1289 984//1289
f 1939//1290 1940//1290 986//1290
f 1939//1291 986//1291 985//1291
f 554//1292 989//1292 990//1292
f 554//1293 990//1293 531//1293
f 555//1294 554//1294 531//1294
f 555//1295 531//1295 532//1295
f 569//1296 706//1296 557//1296
f 569//1297 557//1297 568//1297
f 983//1298 706//1298 569//1298
f 983//1299 569//1299 982//1299
f 570//1300 569//1300 568//1300
f 570//1301 568//1301 571//1301
f 569//1302 570//1302 981//1302
f 569//1303 981//1303 982//1303
f 576//1304 575//1304 574//1304
f 576//1305 574//1305 573//1305
f 580//1306 579//1306 578//1306
f 580//1307 578//1307 577//1307
f 584//1308 583//1308 582//1308
f 584//1309 582//1309 581//1309
f 579//1310 586//1310 585//1310
f 579//1311 585//1311 578//1311
f 1105//1312 587//1312 544//1312
f 1105//1313 544//1313 1108//1313
f 544//1314 587//1314 584//1314
f 544//1315 584//1315 581//1315
f 1511//1316 1512//1316 1552//1316
f 1511//1317 1552//1317 1551//1317
f 1513//1318 1514//1318 1554//1318
f 1513//1319 1554//1319 1553//1319
f 860//1320 861//1320 588//1320
f 860//1321 588//1321 589//1321
f 546//1322 589//1322 588//1322
f 546//1323 588//1323 590//1323
f 1510//1324 1511//1324 1551//1324
f 1510//1325 1551//1325 1550//1325
f 1556//1326 1555//1326 1515//1326
f 1556//1327 1515//1327 1516//1327
f 1518//1328 1519//1328 1559//1328
f 1518//1329 1559//1329 1558//1329
f 576//1330 573//1330 592//1330
f 576//1331 592//1331 593//1331
f 574//1332 575//1332 1098//1332
f 574//1333 1098//1333 1102//1333
f 599//1334 596//1334 1382//1334
f 599//1335 1382//1335 1391//1335
f 1562//1336 1561//1336 1521//1336
f 1562//1337 1521//1337 1522//1337
f 596//1338 599//1338 591//1338
f 596//1339 591//1339 595//1339
f 1378//1340 1379//1340 600//1340
f 1378//1341 600//1341 601//1341
f 1377//1342 1525//1342 1526//1342
f 1377//1343 1526//1343 603//1343
f 1526//1344 1527//1344 605//1344
f 1526//1345 605//1345 603//1345
f 589//1346 546//1346 542//1346
f 589//1347 542//1347 543//1347
f 572//1348 545//1348 546//1348
f 572//1349 546//1349 590//1349
f 1550//1350 1549//1350 1509//1350
f 1550//1351 1509//1351 1510//1351
f 541//1352 545//1352 1626//1352
f 541//1353 1626//1353 1627//1353
f 859//1354 860//1354 589//1354
f 859//1355 589//1355 543//1355
f 607//1356 606//1356 1024//1356
f 607//1357 1024//1357 1023//1357
f 1936//1358 1937//1358 983//1358
f 1936//1359 983//1359 982//1359
f 614//1360 607//1360 1023//1360
f 614//1361 1023//1361 1022//1361
f 682//1362 683//1362 1045//1362
f 682//1363 1045//1363 1044//1363
f 683//1364 684//1364 1046//1364
f 683//1365 1046//1365 1045//1365
f 1928//1366 1929//1366 613//1366
f 1928//1367 613//1367 655//1367
f 613//1368 612//1368 654//1368
f 613//1369 654//1369 655//1369
f 565//1370 614//1370 1022//1370
f 565//1371 1022//1371 1021//1371
f 983//1372 984//1372 705//1372
f 983//1373 705//1373 706//1373
f 1937//1374 1938//1374 984//1374
f 1937//1375 984//1375 983//1375
f 1935//1376 1936//1376 982//1376
f 1935//1377 982//1377 981//1377
f 1581//1378 1933//1378 1934//1378
f 1581//1379 1934//1379 1546//1379
f 1582//1380 1581//1380 1546//1380
f 1582//1381 1546//1381 1547//1381
f 1537//1382 1538//1382 1574//1382
f 1537//1383 1574//1383 1573//1383
f 1929//1384 1930//1384 618//1384
f 1929//1385 618//1385 613//1385
f 613//1386 618//1386 617//1386
f 613//1387 617//1387 612//1387
f 620//1388 619//1388 659//1388
f 620//1389 659//1389 1622//1389
f 653//1390 620//1390 1622//1390
f 653//1391 1622//1391 647//1391
f 1536//1392 1572//1392 1571//1392
f 1536//1393 1571//1393 1535//1393
f 597//1394 2233//1394 2234//1394
f 597//1395 2234//1395 602//1395
f 623//1396 622//1396 626//1396
f 623//1397 626//1397 634//1397
f 625//1398 603//1398 605//1398
f 625//1399 605//1399 624//1399
f 1530//1400 626//1400 622//1400
f 1530//1401 622//1401 1529//1401
f 1531//1402 633//1402 626//1402
f 1531//1403 626//1403 1530//1403
f 1533//1404 1373//1404 656//1404
f 1533//1405 656//1405 1532//1405
f 1371//1406 1372//1406 629//1406
f 1371//1407 629//1407 630//1407
f 631//1408 628//1408 627//1408
f 631//1409 627//1409 632//1409
f 632//1410 627//1410 621//1410
f 632//1411 621//1411 598//1411
f 540//1412 555//1412 532//1412
f 540//1413 532//1413 533//1413
f 984//1414 985//1414 704//1414
f 984//1415 704//1415 705//1415
f 680//1416 681//1416 1043//1416
f 680//1417 1043//1417 1042//1417
f 1927//1418 1928//1418 655//1418
f 1927//1419 655//1419 638//1419
f 639//1420 638//1420 637//1420
f 639//1421 637//1421 636//1421
f 641//1422 640//1422 646//1422
f 641//1423 646//1423 645//1423
f 643//1424 642//1424 639//1424
f 643//1425 639//1425 636//1425
f 644//1426 641//1426 645//1426
f 644//1427 645//1427 648//1427
f 646//1428 647//1428 668//1428
f 646//1429 668//1429 669//1429
f 640//1430 653//1430 647//1430
f 640//1431 647//1431 646//1431
f 645//1432 646//1432 669//1432
f 645//1433 669//1433 670//1433
f 671//1434 648//1434 645//1434
f 671//1435 645//1435 670//1435
f 698//1436 699//1436 651//1436
f 698//1437 651//1437 650//1437
f 654//1438 637//1438 638//1438
f 654//1439 638//1439 655//1439
f 1926//1440 1927//1440 638//1440
f 1926//1441 638//1441 639//1441
f 681//1442 682//1442 1044//1442
f 681//1443 1044//1443 1043//1443
f 2239//1444 2240//1444 1376//1444
f 2239//1445 1376//1445 625//1445
f 1376//1446 1377//1446 603//1446
f 1376//1447 603//1447 625//1447
f 1373//1448 1374//1448 657//1448
f 1373//1449 657//1449 656//1449
f 1571//1450 1570//1450 1534//1450
f 1571//1451 1534//1451 1535//1451
f 633//1452 660//1452 634//1452
f 633//1453 634//1453 626//1453
f 1922//1454 1923//1454 650//1454
f 1922//1455 650//1455 652//1455
f 584//1456 587//1456 586//1456
f 584//1457 586//1457 579//1457
f 583//1458 584//1458 579//1458
f 583//1459 579//1459 580//1459
f 1555//1460 1554//1460 1514//1460
f 1555//1461 1514//1461 1515//1461
f 578//1462 585//1462 662//1462
f 578//1463 662//1463 663//1463
f 577//1464 578//1464 663//1464
f 577//1465 663//1465 664//1465
f 1557//1466 1556//1466 1516//1466
f 1557//1467 1516//1467 1517//1467
f 594//1468 1331//1468 1332//1468
f 594//1469 1332//1469 1353//1469
f 592//1470 573//1470 595//1470
f 592//1471 595//1471 591//1471
f 1519//1472 1520//1472 1560//1472
f 1519//1473 1560//1473 1559//1473
f 663//1474 662//1474 575//1474
f 663//1475 575//1475 576//1475
f 664//1476 663//1476 576//1476
f 664//1477 576//1477 593//1477
f 1517//1478 1518//1478 1558//1478
f 1517//1479 1558//1479 1557//1479
f 586//1480 587//1480 1105//1480
f 586//1481 1105//1481 1101//1481
f 1931//1482 1932//1482 1574//1482
f 1931//1483 1574//1483 1538//1483
f 665//1484 668//1484 647//1484
f 665//1485 647//1485 1622//1485
f 666//1486 600//1486 1357//1486
f 666//1487 1357//1487 1356//1487
f 1379//1488 1380//1488 1357//1488
f 1379//1489 1357//1489 600//1489
f 658//1490 665//1490 1622//1490
f 658//1491 1622//1491 659//1491
f 702//1492 672//1492 1619//1492
f 702//1493 1619//1493 701//1493
f 633//1494 656//1494 657//1494
f 633//1495 657//1495 660//1495
f 656//1496 633//1496 1531//1496
f 656//1497 1531//1497 1532//1497
f 628//1498 631//1498 630//1498
f 628//1499 630//1499 629//1499
f 1370//1500 1371//1500 630//1500
f 1370//1501 630//1501 896//1501
f 1369//1502 1370//1502 896//1502
f 1369//1503 896//1503 895//1503
f 1368//1504 1369//1504 895//1504
f 1368//1505 895//1505 897//1505
f 1367//1506 1368//1506 897//1506
f 1367//1507 897//1507 898//1507
f 1365//1508 1366//1508 899//1508
f 1365//1509 899//1509 890//1509
f 1363//1510 1364//1510 891//1510
f 1363//1511 891//1511 902//1511
f 604//1512 666//1512 597//1512
f 604//1513 597//1513 602//1513
f 604//1514 601//1514 600//1514
f 604//1515 600//1515 666//1515
f 1364//1516 1365//1516 890//1516
f 1364//1517 890//1517 891//1517
f 685//1518 550//1518 527//1518
f 685//1519 527//1519 528//1519
f 551//1520 550//1520 685//1520
f 551//1521 685//1521 686//1521
f 686//1522 695//1522 696//1522
f 686//1523 696//1523 551//1523
f 562//1524 687//1524 688//1524
f 562//1525 688//1525 563//1525
f 688//1526 689//1526 635//1526
f 688//1527 635//1527 563//1527
f 611//1528 635//1528 689//1528
f 611//1529 689//1529 690//1529
f 611//1530 690//1530 691//1530
f 611//1531 691//1531 609//1531
f 691//1532 692//1532 610//1532
f 691//1533 610//1533 609//1533
f 1541//1534 1542//1534 1577//1534
f 1541//1535 1577//1535 1576//1535
f 612//1536 617//1536 619//1536
f 612//1537 619//1537 620//1537
f 654//1538 612//1538 620//1538
f 654//1539 620//1539 653//1539
f 637//1540 654//1540 653//1540
f 637//1541 653//1541 640//1541
f 636//1542 637//1542 640//1542
f 636//1543 640//1543 641//1543
f 644//1544 643//1544 636//1544
f 644//1545 636//1545 641//1545
f 651//1546 699//1546 700//1546
f 651//1547 700//1547 649//1547
f 547//1548 549//1548 529//1548
f 547//1549 529//1549 530//1549
f 552//1550 549//1550 547//1550
f 552//1551 547//1551 548//1551
f 694//1552 552//1552 548//1552
f 694//1553 548//1553 693//1553
f 564//1554 561//1554 560//1554
f 564//1555 560//1555 566//1555
f 565//1556 564//1556 566//1556
f 565//1557 566//1557 567//1557
f 614//1558 565//1558 567//1558
f 614//1559 567//1559 615//1559
f 607//1560 614//1560 615//1560
f 607//1561 615//1561 608//1561
f 606//1562 607//1562 608//1562
f 606//1563 608//1563 616//1563
f 1580//1564 1579//1564 1544//1564
f 1580//1565 1544//1565 1545//1565
f 1573//1566 1572//1566 1536//1566
f 1573//1567 1536//1567 1537//1567
f 605//1568 1527//1568 1528//1568
f 605//1569 1528//1569 673//1569
f 673//1570 1528//1570 2235//1570
f 673//1571 2235//1571 2236//1571
f 673//1572 2236//1572 2237//1572
f 673//1573 2237//1573 674//1573
f 624//1574 605//1574 673//1574
f 624//1575 673//1575 674//1575
f 1374//1576 1375//1576 675//1576
f 1374//1577 675//1577 657//1577
f 660//1578 657//1578 675//1578
f 660//1579 675//1579 676//1579
f 624//1580 2238//1580 2239//1580
f 624//1581 2239//1581 625//1581
f 550//1582 1972//1582 1973//1582
f 550//1583 1973//1583 527//1583
f 1971//1584 1972//1584 550//1584
f 1971//1585 550//1585 551//1585
f 1970//1586 1971//1586 551//1586
f 1970//1587 551//1587 696//1587
f 1968//1588 1969//1588 562//1588
f 1968//1589 562//1589 563//1589
f 1967//1590 1968//1590 563//1590
f 1967//1591 563//1591 635//1591
f 1966//1592 1967//1592 635//1592
f 1966//1593 635//1593 611//1593
f 1965//1594 1966//1594 611//1594
f 1965//1595 611//1595 609//1595
f 1964//1596 1965//1596 609//1596
f 1964//1597 609//1597 610//1597
f 1576//1598 1962//1598 1963//1598
f 1576//1599 1963//1599 1541//1599
f 1016//1600 685//1600 528//1600
f 1016//1601 528//1601 1015//1601
f 686//1602 685//1602 1016//1602
f 686//1603 1016//1603 1017//1603
f 1017//1604 1018//1604 695//1604
f 1017//1604 695//1604 686//1604
f 687//1605 1019//1605 1020//1605
f 687//1606 1020//1606 688//1606
f 1020//1607 1021//1607 689//1607
f 1020//1608 689//1608 688//1608
f 690//1609 689//1609 1021//1609
f 690//1610 1021//1610 1022//1610
f 691//1611 690//1611 1022//1611
f 691//1612 1022//1612 1023//1612
f 1023//1613 1024//1613 692//1613
f 1023//1614 692//1614 691//1614
f 1542//1615 1543//1615 1578//1615
f 1542//1616 1578//1616 1577//1616
f 1624//1617 1509//1617 1549//1617
f 1624//1618 1549//1618 1623//1618
f 1625//1619 1626//1619 545//1619
f 1625//1620 545//1620 572//1620
f 986//1621 987//1621 703//1621
f 986//1622 703//1622 707//1622
f 1940//1623 1941//1623 987//1623
f 1940//1624 987//1624 986//1624
f 561//1625 694//1625 693//1625
f 561//1626 693//1626 560//1626
f 694//1627 561//1627 1019//1627
f 694//1628 1019//1628 1018//1628
f 695//1629 1018//1629 1019//1629
f 695//1630 1019//1630 687//1630
f 696//1631 695//1631 687//1631
f 696//1632 687//1632 562//1632
f 1969//1633 1970//1633 696//1633
f 1969//1634 696//1634 562//1634
f 697//1635 679//1635 1041//1635
f 697//1636 1041//1636 1040//1636
f 698//1637 1924//1637 1925//1637
f 698//1638 1925//1638 642//1638
f 643//1639 699//1639 698//1639
f 643//1640 698//1640 642//1640
f 700//1641 699//1641 643//1641
f 700//1642 643//1642 644//1642
f 700//1643 644//1643 648//1643
f 700//1644 648//1644 701//1644
f 702//1645 701//1645 648//1645
f 702//1646 648//1646 671//1646
f 1366//1647 1367//1647 898//1647
f 1366//1648 898//1648 899//1648
f 703//1649 553//1649 556//1649
f 703//1650 556//1650 559//1650
f 707//1651 703//1651 559//1651
f 707//1652 559//1652 708//1652
f 706//1653 705//1653 709//1653
f 706//1654 709//1654 557//1654
f 705//1655 704//1655 558//1655
f 705//1656 558//1656 709//1656
f 704//1657 707//1657 708//1657
f 704//1658 708//1658 558//1658
f 536//1659 54//1659 723//1659
f 536//1660 723//1660 724//1660
f 723//1661 54//1661 46//1661
f 723//1662 46//1662 722//1662
f 722//1663 46//1663 45//1663
f 722//1664 45//1664 721//1664
f 721//1665 45//1665 35//1665
f 721//1666 35//1666 720//1666
f 720//1667 35//1667 235//1667
f 720//1668 235//1668 719//1668
f 719//1669 235//1669 234//1669
f 719//1670 234//1670 718//1670
f 234//1671 428//1671 717//1671
f 234//1672 717//1672 718//1672
f 717//1673 428//1673 1710//1673
f 717//1674 1710//1674 1711//1674
f 2108//1675 2109//1675 1760//1675
f 2108//1676 1760//1676 1761//1676
f 715//1677 265//1677 276//1677
f 715//1678 276//1678 714//1678
f 714//1679 276//1679 281//1679
f 714//1680 281//1680 713//1680
f 713//1681 281//1681 1878//1681
f 713//1682 1878//1682 1879//1682
f 667//1683 710//1683 1392//1683
f 667//1684 1392//1684 1358//1684
f 557//1685 711//1685 712//1685
f 557//1686 712//1686 568//1686
f 47//1687 722//1687 721//1687
f 47//1688 721//1688 49//1688
f 712//1689 711//1689 914//1689
f 712//1690 914//1690 1126//1690
f 711//1691 725//1691 916//1691
f 711//1692 916//1692 914//1692
f 711//1693 557//1693 709//1693
f 711//1694 709//1694 725//1694
f 725//1695 726//1695 917//1695
f 725//1696 917//1696 916//1696
f 725//1697 709//1697 558//1697
f 725//1698 558//1698 726//1698
f 281//1699 728//1699 1877//1699
f 281//1700 1877//1700 1878//1700
f 729//1701 728//1701 281//1701
f 729//1702 281//1702 276//1702
f 730//1703 729//1703 276//1703
f 730//1704 276//1704 265//1704
f 2109//1705 2110//1705 1759//1705
f 2109//1706 1759//1706 1760//1706
f 1709//1707 1710//1707 428//1707
f 1709//1708 428//1708 732//1708
f 428//1709 234//1709 733//1709
f 428//1710 733//1710 732//1710
f 734//1711 733//1711 234//1711
f 734//1712 234//1712 235//1712
f 735//1713 734//1713 235//1713
f 735//1714 235//1714 35//1714
f 736//1715 735//1715 35//1715
f 736//1716 35//1716 45//1716
f 46//1717 737//1717 736//1717
f 46//1718 736//1718 45//1718
f 737//1719 46//1719 54//1719
f 737//1720 54//1720 738//1720
f 54//1721 536//1721 739//1721
f 54//1722 739//1722 738//1722
f 708//1723 741//1723 726//1723
f 708//1724 726//1724 558//1724
f 708//1725 559//1725 740//1725
f 708//1726 740//1726 741//1726
f 741//1727 740//1727 919//1727
f 741//1728 919//1728 918//1728
f 726//1729 741//1729 918//1729
f 726//1730 918//1730 917//1730
f 740//1731 559//1731 556//1731
f 740//1732 556//1732 727//1732
f 740//1733 727//1733 920//1733
f 740//1734 920//1734 919//1734
f 660//1735 676//1735 623//1735
f 660//1736 623//1736 634//1736
f 2238//1737 624//1737 674//1737
f 2238//1738 674//1738 2237//1738
f 1666//1739 1667//1739 364//1739
f 1666//1740 364//1740 361//1740
f 742//1741 743//1741 458//1741
f 742//1742 458//1742 459//1742
f 458//1743 743//1743 744//1743
f 458//1744 744//1744 457//1744
f 1470//1745 1471//1745 163//1745
f 1470//1746 163//1746 164//1746
f 164//1747 169//1747 1469//1747
f 164//1748 1469//1748 1470//1748
f 1835//1749 1836//1749 825//1749
f 1835//1750 825//1750 1454//1750
f 1833//1751 1834//1751 824//1751
f 1833//1752 824//1752 823//1752
f 744//1753 754//1753 755//1753
f 744//1754 755//1754 457//1754
f 169//1755 188//1755 1468//1755
f 169//1756 1468//1756 1469//1756
f 779//1757 1833//1757 823//1757
f 779//1758 823//1758 822//1758
f 1903//1759 778//1759 262//1759
f 1903//1760 262//1760 757//1760
f 757//1761 262//1761 244//1761
f 757//1762 244//1762 758//1762
f 758//1763 244//1763 237//1763
f 758//1764 237//1764 759//1764
f 1721//1765 846//1765 229//1765
f 1721//1766 229//1766 760//1766
f 1671//1767 771//1767 222//1767
f 1671//1768 222//1768 761//1768
f 936//1769 761//1769 222//1769
f 936//1770 222//1770 935//1770
f 1410//1771 755//1771 754//1771
f 1410//1772 754//1772 753//1772
f 766//1773 764//1773 783//1773
f 766//1774 783//1774 782//1774
f 1722//1775 1723//1775 1673//1775
f 1722//1776 1673//1776 1672//1776
f 764//1777 766//1777 771//1777
f 764//1778 771//1778 229//1778
f 845//1779 764//1779 229//1779
f 845//1780 229//1780 846//1780
f 770//1781 765//1781 2204//1781
f 770//1782 2204//1782 218//1782
f 222//1783 1722//1783 1672//1783
f 222//1784 1672//1784 935//1784
f 768//1785 767//1785 772//1785
f 768//1786 772//1786 773//1786
f 769//1787 768//1787 773//1787
f 769//1788 773//1788 774//1788
f 935//1789 1672//1789 765//1789
f 935//1790 765//1790 770//1790
f 770//1791 218//1791 762//1791
f 770//1792 762//1792 2205//1792
f 825//1793 1836//1793 1837//1793
f 825//1794 1837//1794 821//1794
f 775//1795 500//1795 794//1795
f 775//1796 794//1796 795//1796
f 776//1797 775//1797 795//1797
f 776//1798 795//1798 796//1798
f 1832//1799 262//1799 778//1799
f 1832//1800 778//1800 780//1800
f 273//1801 779//1801 781//1801
f 273//1802 781//1802 829//1802
f 779//1803 822//1803 830//1803
f 779//1804 830//1804 781//1804
f 1831//1805 1832//1805 780//1805
f 1831//1806 780//1806 784//1806
f 829//1807 781//1807 785//1807
f 829//1808 785//1808 828//1808
f 781//1809 830//1809 831//1809
f 781//1810 831//1810 785//1810
f 782//1811 783//1811 786//1811
f 782//1812 786//1812 787//1812
f 1830//1813 1831//1813 784//1813
f 1830//1814 784//1814 788//1814
f 828//1815 785//1815 789//1815
f 828//1816 789//1816 827//1816
f 785//1817 831//1817 832//1817
f 785//1818 832//1818 789//1818
f 844//1819 783//1819 764//1819
f 844//1820 764//1820 845//1820
f 843//1821 786//1821 783//1821
f 843//1822 783//1822 844//1822
f 787//1823 786//1823 790//1823
f 787//1824 790//1824 791//1824
f 1829//1825 1830//1825 788//1825
f 1829//1826 788//1826 792//1826
f 827//1827 789//1827 793//1827
f 827//1828 793//1828 826//1828
f 789//1829 832//1829 833//1829
f 789//1830 833//1830 793//1830
f 842//1831 790//1831 786//1831
f 842//1832 786//1832 843//1832
f 791//1833 790//1833 807//1833
f 791//1834 807//1834 808//1834
f 795//1835 794//1835 798//1835
f 795//1836 798//1836 799//1836
f 796//1837 795//1837 799//1837
f 796//1838 799//1838 800//1838
f 799//1839 798//1839 806//1839
f 799//1840 806//1840 809//1840
f 800//1841 799//1841 809//1841
f 800//1842 809//1842 802//1842
f 1446//1843 1447//1843 1444//1843
f 1446//1844 1444//1844 1445//1844
f 304//1845 803//1845 1497//1845
f 304//1846 1497//1846 1496//1846
f 803//1847 304//1847 877//1847
f 803//1848 877//1848 878//1848
f 1675//1849 1676//1849 804//1849
f 1675//1850 804//1850 243//1850
f 841//1851 807//1851 790//1851
f 841//1852 790//1852 842//1852
f 804//1853 811//1853 2199//1853
f 804//1854 2199//1854 2200//1854
f 1726//1855 1727//1855 1677//1855
f 1726//1856 1677//1856 1676//1856
f 806//1857 805//1857 810//1857
f 806//1858 810//1858 809//1858
f 811//1859 804//1859 1676//1859
f 811//1860 1676//1860 1677//1860
f 808//1861 807//1861 812//1861
f 808//1862 812//1862 813//1862
f 812//1863 807//1863 841//1863
f 812//1864 841//1864 840//1864
f 802//1865 809//1865 810//1865
f 802//1866 810//1866 331//1866
f 814//1867 818//1867 1678//1867
f 814//1868 1678//1868 1679//1868
f 1679//1869 1680//1869 849//1869
f 1679//1870 849//1870 814//1870
f 1728//1871 1729//1871 1679//1871
f 1728//1872 1679//1872 1678//1872
f 1729//1873 1730//1873 1680//1873
f 1729//1874 1680//1874 1679//1874
f 1731//1875 1732//1875 1682//1875
f 1731//1876 1682//1876 1681//1876
f 815//1877 819//1877 820//1877
f 815//1878 820//1878 817//1878
f 847//1879 848//1879 815//1879
f 847//1880 815//1880 817//1880
f 817//1881 820//1881 839//1881
f 817//1882 839//1882 838//1882
f 838//1883 872//1883 847//1883
f 838//1884 847//1884 817//1884
f 818//1885 811//1885 1677//1885
f 818//1886 1677//1886 1678//1886
f 1727//1887 1728//1887 1678//1887
f 1727//1888 1678//1888 1677//1888
f 819//1889 813//1889 812//1889
f 819//1890 812//1890 820//1890
f 820//1891 812//1891 840//1891
f 820//1892 840//1892 839//1892
f 838//1893 839//1893 1845//1893
f 838//1894 1845//1894 1846//1894
f 839//1895 840//1895 1844//1895
f 839//1896 1844//1896 1845//1896
f 1843//1897 1844//1897 840//1897
f 1843//1898 840//1898 841//1898
f 841//1899 842//1899 1842//1899
f 841//1900 1842//1900 1843//1900
f 842//1901 843//1901 1841//1901
f 842//1902 1841//1902 1842//1902
f 843//1903 844//1903 1840//1903
f 843//1904 1840//1904 1841//1904
f 844//1905 845//1905 1839//1905
f 844//1906 1839//1906 1840//1906
f 845//1907 846//1907 237//1907
f 845//1908 237//1908 1839//1908
f 872//1909 838//1909 1846//1909
f 872//1910 1846//1910 1847//1910
f 827//1911 826//1911 792//1911
f 827//1912 792//1912 788//1912
f 828//1913 827//1913 788//1913
f 828//1914 788//1914 784//1914
f 829//1915 828//1915 784//1915
f 829//1916 784//1916 780//1916
f 273//1917 829//1917 780//1917
f 273//1918 780//1918 778//1918
f 1493//1919 847//1919 872//1919
f 1493//1920 872//1920 1492//1920
f 848//1921 847//1921 1493//1921
f 848//1922 1493//1922 1494//1922
f 1730//1923 1731//1923 1681//1923
f 1730//1924 1681//1924 1680//1924
f 862//1925 850//1925 1886//1925
f 862//1926 1886//1926 1887//1926
f 851//1927 850//1927 862//1927
f 851//1928 862//1928 863//1928
f 852//1929 851//1929 863//1929
f 852//1930 863//1930 864//1930
f 2100//1931 2101//1931 1768//1931
f 2100//1932 1768//1932 1769//1932
f 1655//1933 1656//1933 866//1933
f 1655//1934 866//1934 854//1934
f 866//1935 867//1935 855//1935
f 866//1936 855//1936 854//1936
f 856//1937 855//1937 867//1937
f 856//1938 867//1938 868//1938
f 857//1939 856//1939 868//1939
f 857//1940 868//1940 869//1940
f 860//1941 859//1941 544//1941
f 860//1942 544//1942 581//1942
f 861//1943 860//1943 581//1943
f 861//1944 581//1944 582//1944
f 1553//1945 1552//1945 1512//1945
f 1553//1946 1512//1946 1513//1946
f 255//1947 862//1947 1887//1947
f 255//1948 1887//1948 1888//1948
f 862//1949 255//1949 246//1949
f 862//1950 246//1950 863//1950
f 863//1951 246//1951 240//1951
f 863//1952 240//1952 864//1952
f 1769//1953 1770//1953 2099//1953
f 1769//1954 2099//1954 2100//1954
f 1656//1955 1657//1955 423//1955
f 1656//1956 423//1956 866//1956
f 423//1957 215//1957 867//1957
f 423//1958 867//1958 866//1958
f 868//1959 867//1959 215//1959
f 868//1960 215//1960 216//1960
f 869//1961 868//1961 216//1961
f 869//1962 216//1962 40//1962
f 1108//1963 544//1963 859//1963
f 1108//1964 859//1964 1111//1964
f 811//1965 818//1965 2198//1965
f 811//1966 2198//1966 2199//1966
f 814//1967 849//1967 2196//1967
f 814//1968 2196//1968 2197//1968
f 1495//1969 870//1969 2194//1969
f 1495//1970 2194//1970 2195//1970
f 870//1971 876//1971 2193//1971
f 870//1972 2193//1972 2194//1972
f 1495//1973 849//1973 1680//1973
f 1495//1974 1680//1974 1681//1974
f 1681//1975 1682//1975 870//1975
f 1681//1976 870//1976 1495//1976
f 876//1977 870//1977 1682//1977
f 876//1978 1682//1978 1683//1978
f 1492//1979 872//1979 1847//1979
f 1492//1980 1847//1980 1848//1980
f 874//1981 873//1981 971//1981
f 874//1982 971//1982 961//1982
f 875//1983 874//1983 961//1983
f 875//1984 961//1984 962//1984
f 1733//1985 1734//1985 1684//1985
f 1733//1986 1684//1986 1683//1986
f 968//1987 876//1987 1683//1987
f 968//1988 1683//1988 1684//1988
f 876//1989 968//1989 2192//1989
f 876//1990 2192//1990 2193//1990
f 966//1991 878//1991 877//1991
f 966//1992 877//1992 970//1992
f 879//1993 967//1993 963//1993
f 879//1994 963//1994 880//1994
f 2196//1995 849//1995 1495//1995
f 2196//1996 1495//1996 2195//1996
f 666//1997 1356//1997 903//1997
f 666//1998 903//1998 597//1998
f 2232//1999 2233//1999 597//1999
f 2232//2000 597//2000 903//2000
f 632//2001 598//2001 887//2001
f 632//2002 887//2002 888//2002
f 889//2003 631//2003 632//2003
f 889//2004 632//2004 888//2004
f 888//2005 887//2005 894//2005
f 888//2006 894//2006 893//2006
f 895//2007 896//2007 889//2007
f 895//2008 889//2008 892//2008
f 631//2009 889//2009 896//2009
f 631//2010 896//2010 630//2010
f 945//2011 946//2011 1074//2011
f 945//2012 1074//2012 1081//2012
f 946//2013 947//2013 1067//2013
f 946//2014 1067//2014 1074//2014
f 947//2015 948//2015 1060//2015
f 947//2016 1060//2016 1067//2016
f 727//2017 540//2017 915//2017
f 727//2018 915//2018 920//2018
f 727//2019 556//2019 555//2019
f 727//2020 555//2020 540//2020
f 2231//2021 2232//2021 903//2021
f 2231//2022 903//2022 904//2022
f 2230//2023 2231//2023 904//2023
f 2230//2024 904//2024 521//2024
f 2171//2025 1164//2025 1163//2025
f 2171//2026 1163//2026 2170//2026
f 904//2027 903//2027 1355//2027
f 904//2028 1355//2028 1354//2028
f 521//2029 904//2029 1354//2029
f 521//2030 1354//2030 911//2030
f 912//2031 911//2031 1056//2031
f 912//2032 1056//2032 1057//2032
f 1125//2033 913//2033 539//2033
f 1125//2034 539//2034 1123//2034
f 914//2035 913//2035 1125//2035
f 914//2036 1125//2036 1126//2036
f 921//2037 915//2037 534//2037
f 921//2038 534//2038 535//2038
f 914//2039 916//2039 922//2039
f 914//2040 922//2040 913//2040
f 916//2041 917//2041 923//2041
f 916//2042 923//2042 922//2042
f 917//2043 918//2043 924//2043
f 917//2044 924//2044 923//2044
f 919//2045 920//2045 926//2045
f 919//2046 926//2046 925//2046
f 918//2047 919//2047 925//2047
f 918//2048 925//2048 924//2048
f 920//2049 915//2049 921//2049
f 920//2050 921//2050 926//2050
f 913//2051 922//2051 538//2051
f 913//2052 538//2052 539//2052
f 922//2053 923//2053 537//2053
f 922//2054 537//2054 538//2054
f 923//2055 924//2055 724//2055
f 923//2056 724//2056 537//2056
f 925//2057 926//2057 739//2057
f 925//2058 739//2058 536//2058
f 924//2059 925//2059 536//2059
f 924//2060 536//2060 724//2060
f 926//2061 921//2061 535//2061
f 926//2062 535//2062 739//2062
f 927//2063 901//2063 900//2063
f 927//2064 900//2064 929//2064
f 928//2065 927//2065 929//2065
f 928//2066 929//2066 930//2066
f 1330//2067 928//2067 930//2067
f 1330//2068 930//2068 1329//2068
f 1317//2069 1318//2069 1321//2069
f 1317//2070 1321//2070 1320//2070
f 929//2071 900//2071 107//2071
f 929//2072 107//2072 1326//2072
f 930//2073 929//2073 1326//2073
f 930//2074 1326//2074 1327//2074
f 933//2075 7//2075 1389//2075
f 933//2076 1389//2076 1388//2076
f 1318//2077 1317//2077 2080//2077
f 1318//2078 2080//2078 2081//2078
f 1359//2079 1386//2079 1387//2079
f 1359//2080 1387//2080 978//2080
f 1686//2081 2138//2081 2139//2081
f 1686//2082 2139//2082 1685//2082
f 1395//2083 1396//2083 976//2083
f 1395//2084 976//2084 974//2084
f 1853//2085 1394//2085 977//2085
f 1853//2086 977//2086 1852//2086
f 1736//2087 1397//2087 975//2087
f 1736//2088 975//2088 1735//2088
f 1394//2089 1395//2089 974//2089
f 1394//2090 974//2090 977//2090
f 979//2091 1388//2091 1389//2091
f 979//2092 1389//2092 972//2092
f 972//2093 1389//2093 1390//2093
f 972//2094 1390//2094 1308//2094
f 1321//2095 1330//2095 1329//2095
f 1321//2096 1329//2096 1320//2096
f 1317//2097 1316//2097 2079//2097
f 1317//2098 2079//2098 2080//2098
f 7//2099 1307//2099 1390//2099
f 7//2100 1390//2100 1389//2100
f 1329//2101 930//2101 1327//2101
f 1329//2102 1327//2102 1328//2102
f 1316//2103 1317//2103 1320//2103
f 1316//2104 1320//2104 1319//2104
f 89//2105 88//2105 77//2105
f 89//2106 77//2106 956//2106
f 955//2107 956//2107 958//2107
f 955//2108 958//2108 957//2108
f 74//2109 64//2109 959//2109
f 74//2110 959//2110 73//2110
f 958//2111 956//2111 77//2111
f 958//2112 77//2112 960//2112
f 960//2113 77//2113 73//2113
f 960//2114 73//2114 959//2114
f 1850//2115 1851//2115 971//2115
f 1850//2116 971//2116 873//2116
f 1547//2117 1508//2117 1548//2117
f 1547//2118 1548//2118 1582//2118
f 1579//2119 1578//2119 1543//2119
f 1579//2120 1543//2120 1544//2120
f 126//2121 524//2121 1413//2121
f 126//2122 1413//2122 1414//2122
f 1048//2123 1198//2123 1889//2123
f 1048//2124 1889//2124 1890//2124
f 1198//2125 1048//2125 1051//2125
f 1198//2126 1051//2126 1197//2126
f 422//2127 1194//2127 1658//2127
f 422//2128 1658//2128 1659//2128
f 2097//2129 2098//2129 1771//2129
f 2097//2130 1771//2130 1772//2130
f 1050//2131 1196//2131 1197//2131
f 1050//2132 1197//2132 1051//2132
f 423//2133 1657//2133 1658//2133
f 423//2134 1658//2134 1194//2134
f 2098//2135 2099//2135 1770//2135
f 2098//2136 1770//2136 1771//2136
f 240//2137 246//2137 1197//2137
f 240//2138 1197//2138 1196//2138
f 246//2139 255//2139 1198//2139
f 246//2140 1198//2140 1197//2140
f 1198//2141 255//2141 1888//2141
f 1198//2142 1888//2142 1889//2142
f 1336//2143 1337//2143 1057//2143
f 1336//2144 1057//2144 1056//2144
f 1065//2145 1058//2145 1062//2145
f 1065//2146 1062//2146 1069//2146
f 1059//2147 2144//2147 2145//2147
f 1059//2148 2145//2148 1066//2148
f 1060//2149 1059//2149 1066//2149
f 1060//2150 1066//2150 1067//2150
f 1062//2151 1061//2151 1068//2151
f 1062//2152 1068//2152 1069//2152
f 1063//2153 1064//2153 1071//2153
f 1063//2154 1071//2154 1070//2154
f 1072//2155 1065//2155 1069//2155
f 1072//2156 1069//2156 1076//2156
f 1066//2157 2145//2157 2146//2157
f 1066//2158 2146//2158 1073//2158
f 1067//2159 1066//2159 1073//2159
f 1067//2160 1073//2160 1074//2160
f 1069//2161 1068//2161 1075//2161
f 1069//2162 1075//2162 1076//2162
f 1068//2163 1063//2163 1070//2163
f 1068//2164 1070//2164 1075//2164
f 1070//2165 1071//2165 1078//2165
f 1070//2166 1078//2166 1077//2166
f 1072//2167 1076//2167 1083//2167
f 1072//2168 1083//2168 1079//2168
f 1073//2169 2146//2169 2147//2169
f 1073//2170 2147//2170 1080//2170
f 1074//2171 1073//2171 1080//2171
f 1074//2172 1080//2172 1081//2172
f 1076//2173 1075//2173 1082//2173
f 1076//2174 1082//2174 1083//2174
f 1075//2175 1070//2175 1077//2175
f 1075//2176 1077//2176 1082//2176
f 1085//2177 1084//2177 1077//2177
f 1085//2178 1077//2178 1078//2178
f 1090//2179 1086//2179 1079//2179
f 1090//2180 1079//2180 1083//2180
f 2147//2181 2148//2181 1087//2181
f 2147//2182 1087//2182 1080//2182
f 1087//2183 1088//2183 1081//2183
f 1087//2184 1081//2184 1080//2184
f 1089//2185 1090//2185 1083//2185
f 1089//2186 1083//2186 1082//2186
f 1084//2187 1089//2187 1082//2187
f 1084//2188 1082//2188 1077//2188
f 1084//2189 1085//2189 1091//2189
f 1084//2190 1091//2190 1127//2190
f 1086//2191 1090//2191 1129//2191
f 1086//2192 1129//2192 1130//2192
f 1087//2193 2148//2193 2149//2193
f 1087//2194 2149//2194 1131//2194
f 1088//2195 1087//2195 1131//2195
f 1088//2196 1131//2196 1132//2196
f 1090//2197 1089//2197 1128//2197
f 1090//2198 1128//2198 1129//2198
f 1089//2199 1084//2199 1127//2199
f 1089//2200 1127//2200 1128//2200
f 1334//2201 1335//2201 1350//2201
f 1334//2202 1350//2202 1351//2202
f 1335//2203 1336//2203 1056//2203
f 1335//2204 1056//2204 1350//2204
f 1061//2205 1093//2205 1063//2205
f 1061//2206 1063//2206 1068//2206
f 1093//2207 1092//2207 1064//2207
f 1093//2208 1064//2208 1063//2208
f 1094//2209 1095//2209 1071//2209
f 1094//2210 1071//2210 1064//2210
f 1094//2211 1098//2211 1099//2211
f 1094//2212 1099//2212 1095//2212
f 1095//2213 1096//2213 1078//2213
f 1095//2214 1078//2214 1071//2214
f 1095//2215 1099//2215 1100//2215
f 1095//2216 1100//2216 1096//2216
f 1096//2217 1097//2217 1085//2217
f 1096//2218 1085//2218 1078//2218
f 1101//2219 1097//2219 1096//2219
f 1101//2220 1096//2220 1100//2220
f 661//2221 523//2221 1618//2221
f 661//2222 1618//2222 1621//2222
f 672//2223 661//2223 1621//2223
f 672//2224 1621//2224 1619//2224
f 1099//2225 1098//2225 575//2225
f 1099//2226 575//2226 662//2226
f 1100//2227 1099//2227 662//2227
f 1100//2228 662//2228 585//2228
f 586//2229 1101//2229 1100//2229
f 586//2230 1100//2230 585//2230
f 1352//2231 1333//2231 1334//2231
f 1352//2232 1334//2232 1351//2232
f 1098//2233 1094//2233 1103//2233
f 1098//2234 1103//2234 1102//2234
f 1332//2235 1333//2235 1352//2235
f 1332//2236 1352//2236 1353//2236
f 1103//2237 1094//2237 1064//2237
f 1103//2238 1064//2238 1092//2238
f 1097//2239 1104//2239 1091//2239
f 1097//2240 1091//2240 1085//2240
f 1097//2241 1101//2241 1105//2241
f 1097//2242 1105//2242 1104//2242
f 1104//2243 1107//2243 1106//2243
f 1104//2244 1106//2244 1091//2244
f 1104//2245 1105//2245 1108//2245
f 1104//2246 1108//2246 1107//2246
f 1107//2247 1108//2247 1111//2247
f 1107//2248 1111//2248 1110//2248
f 1107//2249 1110//2249 1109//2249
f 1107//2250 1109//2250 1106//2250
f 1110//2251 1113//2251 1112//2251
f 1110//2252 1112//2252 1109//2252
f 1110//2253 1111//2253 1114//2253
f 1110//2254 1114//2254 1113//2254
f 1113//2255 1116//2255 1115//2255
f 1113//2256 1115//2256 1112//2256
f 1113//2257 1114//2257 1117//2257
f 1113//2258 1117//2258 1116//2258
f 1116//2259 1119//2259 1118//2259
f 1116//2260 1118//2260 1115//2260
f 1116//2261 1117//2261 1120//2261
f 1116//2262 1120//2262 1119//2262
f 1128//2263 1127//2263 1158//2263
f 1128//2264 1158//2264 1159//2264
f 1129//2265 1128//2265 1159//2265
f 1129//2266 1159//2266 1160//2266
f 1130//2267 1129//2267 1160//2267
f 1130//2268 1160//2268 1161//2268
f 1131//2269 2149//2269 2150//2269
f 1131//2270 2150//2270 1162//2270
f 1132//2271 1131//2271 1162//2271
f 1132//2272 1162//2272 1163//2272
f 1133//2273 1132//2273 1163//2273
f 1133//2274 1163//2274 1164//2274
f 1134//2275 2222//2275 2221//2275
f 1134//2276 2221//2276 1165//2276
f 1134//2277 1165//2277 1166//2277
f 1134//2278 1166//2278 1135//2278
f 1135//2279 1166//2279 1167//2279
f 1135//2280 1167//2280 1136//2280
f 1137//2281 1136//2281 1167//2281
f 1137//2282 1167//2282 1168//2282
f 1168//2283 1169//2283 1138//2283
f 1168//2284 1138//2284 1137//2284
f 1139//2285 1138//2285 1169//2285
f 1139//2286 1169//2286 1170//2286
f 1139//2287 1170//2287 1267//2287
f 1139//2288 1267//2288 1266//2288
f 1140//2289 1266//2289 1267//2289
f 1140//2290 1267//2290 1171//2290
f 1269//2291 1270//2291 1172//2291
f 1269//2292 1172//2292 1141//2292
f 1142//2293 1141//2293 1172//2293
f 1142//2294 1172//2294 1173//2294
f 1173//2295 1174//2295 1143//2295
f 1173//2296 1143//2296 1142//2296
f 1174//2297 1175//2297 1144//2297
f 1174//2298 1144//2298 1143//2298
f 2087//2299 2088//2299 1144//2299
f 2087//2300 1144//2300 1175//2300
f 4549//2301 4550//2301 1145//2301
f 4549//2302 1145//2302 1176//2302
f 1177//2303 1178//2303 1147//2303
f 1177//2304 1147//2304 1146//2304
f 1147//2305 1178//2305 1179//2305
f 1147//2306 1179//2306 1148//2306
f 2169//2307 2170//2307 1163//2307
f 2169//2308 1163//2308 1162//2308
f 2150//2309 2168//2309 2169//2309
f 2150//2310 2169//2310 1162//2310
f 2166//2311 2167//2311 1161//2311
f 2166//2312 1161//2312 1160//2312
f 2165//2313 2166//2313 1160//2313
f 2165//2314 1160//2314 1159//2314
f 1150//2315 1149//2315 1154//2315
f 1150//2316 1154//2316 1155//2316
f 1149//2317 2151//2317 2152//2317
f 1149//2318 2152//2318 1154//2318
f 1151//2319 1152//2319 1157//2319
f 1151//2320 1157//2320 1156//2320
f 1152//2321 1153//2321 18//2321
f 1152//2322 18//2322 1157//2322
f 1119//2323 1629//2323 1630//2323
f 1119//2324 1630//2324 1118//2324
f 1119//2325 1120//2325 1628//2325
f 1119//2326 1628//2326 1629//2326
f 1882//2327 1883//2327 1187//2327
f 1882//2328 1187//2328 275//2328
f 1632//2329 1633//2329 39//2329
f 1632//2330 39//2330 1188//2330
f 1247//2331 1631//2331 1632//2331
f 1247//2332 1632//2332 1188//2332
f 1188//2333 39//2333 858//2333
f 1188//2334 858//2334 1189//2334
f 1188//2335 1189//2335 1246//2335
f 1188//2336 1246//2336 1247//2336
f 1153//2337 1199//2337 1190//2337
f 1153//2338 1190//2338 18//2338
f 2164//2339 2165//2339 1159//2339
f 2164//2340 1159//2340 1158//2340
f 1155//2341 1154//2341 1200//2341
f 1155//2342 1200//2342 1201//2342
f 1154//2343 2152//2343 2153//2343
f 1154//2344 2153//2344 1200//2344
f 1202//2345 1156//2345 1157//2345
f 1202//2346 1157//2346 1203//2346
f 1157//2347 18//2347 17//2347
f 1157//2348 17//2348 1203//2348
f 1201//2349 1200//2349 1204//2349
f 1201//2350 1204//2350 1205//2350
f 1200//2351 2153//2351 2154//2351
f 1200//2352 2154//2352 1204//2352
f 1202//2353 1203//2353 1207//2353
f 1202//2354 1207//2354 1206//2354
f 1203//2355 17//2355 212//2355
f 1203//2356 212//2356 1207//2356
f 1205//2357 1204//2357 1208//2357
f 1205//2358 1208//2358 1209//2358
f 1204//2359 2154//2359 2155//2359
f 1204//2360 2155//2360 1208//2360
f 1206//2361 1207//2361 1211//2361
f 1206//2362 1211//2362 1210//2362
f 1207//2363 212//2363 211//2363
f 1207//2364 211//2364 1211//2364
f 1208//2365 2155//2365 2156//2365
f 1208//2366 2156//2366 1212//2366
f 1213//2367 1210//2367 1211//2367
f 1213//2368 1211//2368 1214//2368
f 1211//2369 211//2369 422//2369
f 1211//2370 422//2370 1214//2370
f 1660//2371 1661//2371 1213//2371
f 1660//2372 1213//2372 1214//2372
f 1214//2373 422//2373 1659//2373
f 1214//2374 1659//2374 1660//2374
f 2156//2375 2157//2375 1662//2375
f 2156//2376 1662//2376 1212//2376
f 1054//2377 1215//2377 1218//2377
f 1054//2378 1218//2378 1055//2378
f 1215//2379 1216//2379 1219//2379
f 1215//2380 1219//2380 1218//2380
f 1219//2381 1216//2381 1217//2381
f 1219//2382 1217//2382 1220//2382
f 1217//2383 1050//2383 1051//2383
f 1217//2384 1051//2384 1220//2384
f 1055//2385 1218//2385 1221//2385
f 1055//2386 1221//2386 1053//2386
f 1218//2387 1219//2387 1222//2387
f 1218//2388 1222//2388 1221//2388
f 1222//2389 1219//2389 1220//2389
f 1222//2390 1220//2390 1223//2390
f 1220//2391 1051//2391 1048//2391
f 1220//2392 1048//2392 1223//2392
f 1053//2393 1221//2393 1893//2393
f 1053//2394 1893//2394 1894//2394
f 1221//2395 1222//2395 1892//2395
f 1221//2396 1892//2396 1893//2396
f 1891//2397 1892//2397 1222//2397
f 1891//2398 1222//2398 1223//2398
f 1223//2399 1048//2399 1890//2399
f 1223//2400 1890//2400 1891//2400
f 1127//2401 1091//2401 1106//2401
f 1127//2402 1106//2402 1158//2402
f 943//2403 905//2403 2092//2403
f 943//2404 2092//2404 1663//2404
f 443//2405 1248//2405 1054//2405
f 443//2406 1054//2406 1055//2406
f 443//2407 1055//2407 1053//2407
f 443//2408 1053//2408 444//2408
f 1894//2409 1895//2409 444//2409
f 1894//2410 444//2410 1053//2410
f 1784//2411 1785//2411 1249//2411
f 1784//2412 1249//2412 15//2412
f 1251//2413 1855//2413 1856//2413
f 1251//2414 1856//2414 1260//2414
f 1252//2415 1251//2415 1260//2415
f 1252//2416 1260//2416 1259//2416
f 1253//2417 1252//2417 1259//2417
f 1253//2418 1259//2418 1258//2418
f 1254//2419 1738//2419 1739//2419
f 1254//2420 1739//2420 1257//2420
f 2135//2421 2136//2421 1688//2421
f 2135//2422 1688//2422 1689//2422
f 1264//2423 1262//2423 1995//2423
f 1264//2424 1995//2424 1994//2424
f 1263//2425 1262//2425 1264//2425
f 1263//2426 1264//2426 1411//2426
f 651//2427 649//2427 1263//2427
f 651//2428 1263//2428 1411//2428
f 1269//2429 1268//2429 68//2429
f 1269//2430 68//2430 1140//2430
f 1171//2431 1270//2431 1269//2431
f 1171//2432 1269//2432 1140//2432
f 2180//2433 2181//2433 1172//2433
f 2180//2434 1172//2434 1270//2434
f 1270//2435 1171//2435 2179//2435
f 1270//2436 2179//2436 2180//2436
f 2178//2437 2179//2437 1171//2437
f 2178//2438 1171//2438 1267//2438
f 1785//2439 1786//2439 1271//2439
f 1785//2440 1271//2440 1249//2440
f 1786//2441 1787//2441 1272//2441
f 1786//2442 1272//2442 1271//2442
f 1272//2443 1787//2443 1788//2443
f 1272//2444 1788//2444 1273//2444
f 1788//2445 1789//2445 1274//2445
f 1788//2446 1274//2446 1273//2446
f 1789//2447 1790//2447 1275//2447
f 1789//2448 1275//2448 1274//2448
f 1275//2449 1790//2449 1791//2449
f 1275//2450 1791//2450 1276//2450
f 1791//2451 1792//2451 1277//2451
f 1791//2452 1277//2452 1276//2452
f 1792//2453 1793//2453 1278//2453
f 1792//2454 1278//2454 1277//2454
f 1278//2455 1793//2455 1794//2455
f 1278//2456 1794//2456 1279//2456
f 1279//2457 1794//2457 1795//2457
f 1279//2458 1795//2458 1643//2458
f 1280//2459 1796//2459 1797//2459
f 1280//2460 1797//2460 1281//2460
f 1797//2461 1798//2461 1297//2461
f 1797//2462 1297//2462 1281//2462
f 1282//2463 1804//2463 1805//2463
f 1282//2464 1805//2464 1283//2464
f 1806//2465 1807//2465 1284//2465
f 1806//2466 1284//2466 1285//2466
f 1805//2467 1806//2467 1285//2467
f 1805//2468 1285//2468 1283//2468
f 1284//2469 1807//2469 1808//2469
f 1284//2470 1808//2470 1286//2470
f 1286//2471 1808//2471 1960//2471
f 1286//2472 1960//2472 1961//2472
f 1809//2473 1810//2473 1288//2473
f 1809//2474 1288//2474 1287//2474
f 1812//2475 1813//2475 1289//2475
f 1812//2476 1289//2476 1290//2476
f 1288//2477 1810//2477 1811//2477
f 1288//2478 1811//2478 1296//2478
f 1291//2479 1814//2479 1815//2479
f 1291//2480 1815//2480 1292//2480
f 1904//2481 1905//2481 1816//2481
f 1904//2482 1816//2482 1293//2482
f 1816//2483 1817//2483 1294//2483
f 1816//2484 1294//2484 1293//2484
f 1817//2485 1818//2485 1426//2485
f 1817//2486 1426//2486 1294//2486
f 1289//2487 1813//2487 1989//2487
f 1289//2488 1989//2488 1990//2488
f 1811//2489 1812//2489 1290//2489
f 1811//2490 1290//2490 1296//2490
f 1798//2491 1799//2491 1298//2491
f 1798//2492 1298//2492 1297//2492
f 1802//2493 1803//2493 1299//2493
f 1802//2494 1299//2494 1300//2494
f 1803//2495 1804//2495 1282//2495
f 1803//2496 1282//2496 1299//2496
f 1800//2497 1801//2497 1301//2497
f 1800//2498 1301//2498 1302//2498
f 1801//2499 1802//2499 1300//2499
f 1801//2500 1300//2500 1301//2500
f 1298//2501 1799//2501 1800//2501
f 1298//2502 1800//2502 1302//2502
f 102//2503 1305//2503 2227//2503
f 102//2504 2227//2504 2226//2504
f 1305//2505 102//2505 89//2505
f 1305//2506 89//2506 1306//2506
f 1329//2507 1328//2507 1319//2507
f 1329//2508 1319//2508 1320//2508
f 1311//2509 1859//2509 1819//2509
f 1311//2510 1819//2510 349//2510
f 1312//2511 1311//2511 349//2511
f 1312//2512 349//2512 1860//2512
f 1313//2513 1312//2513 1860//2513
f 1313//2514 1860//2514 345//2514
f 1314//2515 1742//2515 342//2515
f 1314//2516 342//2516 337//2516
f 2226//2517 2227//2517 948//2517
f 2226//2518 948//2518 947//2518
f 2225//2519 2226//2519 947//2519
f 2225//2520 947//2520 946//2520
f 2224//2521 2225//2521 946//2521
f 2224//2522 946//2522 945//2522
f 2223//2523 2224//2523 945//2523
f 2223//2524 945//2524 944//2524
f 2222//2525 2223//2525 944//2525
f 2222//2526 944//2526 1133//2526
f 2221//2527 2222//2527 1133//2527
f 2221//2528 1133//2528 1164//2528
f 2171//2529 2220//2529 2221//2529
f 2171//2530 2221//2530 1164//2530
f 2218//2531 2219//2531 910//2531
f 2218//2532 910//2532 909//2532
f 2217//2533 2218//2533 909//2533
f 2217//2534 909//2534 908//2534
f 2216//2535 2217//2535 908//2535
f 2216//2536 908//2536 907//2536
f 2215//2537 2216//2537 907//2537
f 2215//2538 907//2538 906//2538
f 2214//2539 2215//2539 906//2539
f 2214//2540 906//2540 905//2540
f 943//2541 2213//2541 2214//2541
f 943//2542 2214//2542 905//2542
f 943//2543 942//2543 2212//2543
f 943//2544 2212//2544 2213//2544
f 942//2545 941//2545 2211//2545
f 942//2546 2211//2546 2212//2546
f 941//2547 940//2547 2210//2547
f 941//2548 2210//2548 2211//2548
f 2209//2549 2210//2549 940//2549
f 2209//2550 940//2550 939//2550
f 938//2551 2208//2551 2209//2551
f 938//2552 2209//2552 939//2552
f 1461//2553 2207//2553 2208//2553
f 1461//2554 2208//2554 938//2554
f 2205//2555 2206//2555 937//2555
f 2205//2556 937//2556 936//2556
f 770//2557 2205//2557 936//2557
f 770//2558 936//2558 935//2558
f 1620//2559 1323//2559 120//2559
f 1620//2560 120//2560 419//2560
f 1306//2561 89//2561 956//2561
f 1306//2562 956//2562 955//2562
f 1331//2563 574//2563 1102//2563
f 1331//2564 1102//2564 1332//2564
f 1333//2565 1332//2565 1102//2565
f 1333//2566 1102//2566 1103//2566
f 1333//2567 1103//2567 1092//2567
f 1333//2568 1092//2568 1334//2568
f 1335//2569 1334//2569 1092//2569
f 1335//2570 1092//2570 1093//2570
f 1336//2571 1335//2571 1093//2571
f 1336//2572 1093//2572 1061//2572
f 1337//2573 1336//2573 1061//2573
f 1337//2574 1061//2574 1062//2574
f 1338//2575 1337//2575 1062//2575
f 1338//2576 1062//2576 1058//2576
f 1339//2577 2143//2577 2144//2577
f 1339//2578 2144//2578 1059//2578
f 1340//2579 1339//2579 1059//2579
f 1340//2580 1059//2580 1060//2580
f 1341//2581 1340//2581 1060//2581
f 1341//2582 1060//2582 948//2582
f 2227//2583 2228//2583 1341//2583
f 2227//2584 1341//2584 948//2584
f 2228//2585 2227//2585 1305//2585
f 2228//2586 1305//2586 1342//2586
f 1343//2587 1342//2587 1305//2587
f 1343//2588 1305//2588 1306//2588
f 1343//2589 1306//2589 955//2589
f 1343//2590 955//2590 1344//2590
f 1345//2591 1344//2591 953//2591
f 1345//2592 953//2592 954//2592
f 1346//2593 1345//2593 954//2593
f 1346//2594 954//2594 949//2594
f 2090//2595 2091//2595 1346//2595
f 2090//2596 1346//2596 949//2596
f 4552//2597 4553//2597 1303//2597
f 4552//2598 1303//2598 950//2598
f 1348//2599 1347//2599 952//2599
f 1348//2600 952//2600 951//2600
f 1348//2601 951//2601 980//2601
f 1348//2602 980//2602 1349//2602
f 957//2603 953//2603 1344//2603
f 957//2604 1344//2604 955//2604
f 1331//2605 594//2605 596//2605
f 1331//2606 596//2606 595//2606
f 596//2607 594//2607 1381//2607
f 596//2608 1381//2608 1382//2608
f 574//2609 1331//2609 595//2609
f 574//2610 595//2610 573//2610
f 1056//2611 911//2611 1354//2611
f 1056//2612 1354//2612 1350//2612
f 1350//2613 1354//2613 1355//2613
f 1350//2614 1355//2614 1351//2614
f 1383//2615 1352//2615 1351//2615
f 1383//2616 1351//2616 1355//2616
f 1353//2617 1352//2617 1383//2617
f 1353//2618 1383//2618 1384//2618
f 1381//2619 594//2619 1353//2619
f 1381//2620 1353//2620 1384//2620
f 1356//2621 1383//2621 1355//2621
f 1356//2622 1355//2622 903//2622
f 1359//2623 934//2623 1385//2623
f 1359//2624 1385//2624 1386//2624
f 121//2625 1360//2625 1386//2625
f 121//2626 1386//2626 1385//2626
f 121//2627 120//2627 1361//2627
f 121//2628 1361//2628 1360//2628
f 1362//2629 1361//2629 120//2629
f 1362//2630 120//2630 1323//2630
f 1363//2631 1362//2631 1323//2631
f 1363//2632 1323//2632 523//2632
f 1364//2633 1363//2633 523//2633
f 1364//2634 523//2634 661//2634
f 1365//2635 1364//2635 661//2635
f 1365//2636 661//2636 672//2636
f 1366//2637 1365//2637 672//2637
f 1366//2638 672//2638 702//2638
f 1367//2639 1366//2639 702//2639
f 1367//2640 702//2640 671//2640
f 1368//2641 1367//2641 671//2641
f 1368//2642 671//2642 670//2642
f 670//2643 669//2643 1369//2643
f 670//2644 1369//2644 1368//2644
f 669//2645 668//2645 1370//2645
f 669//2646 1370//2646 1369//2646
f 1371//2647 1370//2647 668//2647
f 1371//2648 668//2648 665//2648
f 1372//2649 1371//2649 665//2649
f 1372//2650 665//2650 658//2650
f 1374//2651 1373//2651 1583//2651
f 1374//2652 1583//2652 1584//2652
f 1375//2653 1374//2653 1584//2653
f 1375//2654 1584//2654 1585//2654
f 2240//2655 2241//2655 1586//2655
f 2240//2656 1586//2656 1376//2656
f 1377//2657 1376//2657 1586//2657
f 1377//2658 1586//2658 1587//2658
f 710//2659 667//2659 1379//2659
f 710//2660 1379//2660 1378//2660
f 1380//2661 1379//2661 667//2661
f 1380//2662 667//2662 1358//2662
f 1380//2663 1358//2663 1382//2663
f 1380//2664 1382//2664 1381//2664
f 1357//2665 1380//2665 1381//2665
f 1357//2666 1381//2666 1384//2666
f 1356//2667 1357//2667 1384//2667
f 1356//2668 1384//2668 1383//2668
f 1391//2669 1382//2669 1358//2669
f 1391//2670 1358//2670 1392//2670
f 1563//2671 1562//2671 1522//2671
f 1563//2672 1522//2672 1523//2672
f 1564//2673 1563//2673 1523//2673
f 1564//2674 1523//2674 1524//2674
f 196//2675 197//2675 1465//2675
f 196//2676 1465//2676 1466//2676
f 197//2677 205//2677 1464//2677
f 197//2678 1464//2678 1465//2678
f 470//2679 196//2679 1466//2679
f 470//2680 1466//2680 1467//2680
f 1407//2681 1408//2681 1405//2681
f 1407//2682 1405//2682 1404//2682
f 1409//2683 1407//2683 1404//2683
f 1409//2684 1404//2684 1406//2684
f 752//2685 763//2685 1409//2685
f 752//2686 1409//2686 1406//2686
f 1408//2687 1410//2687 753//2687
f 1408//2688 753//2688 1405//2688
f 472//2689 471//2689 209//2689
f 472//2690 209//2690 390//2690
f 651//2691 1412//2691 652//2691
f 651//2692 652//2692 650//2692
f 652//2693 1412//2693 524//2693
f 652//2694 524//2694 525//2694
f 1414//2695 1413//2695 1047//2695
f 1414//2696 1047//2696 104//2696
f 1414//2697 104//2697 103//2697
f 1414//2698 103//2698 1415//2698
f 1428//2699 1857//2699 1858//2699
f 1428//2700 1858//2700 330//2700
f 1429//2701 1428//2701 330//2701
f 1429//2702 330//2702 324//2702
f 1430//2703 1429//2703 324//2703
f 1430//2704 324//2704 319//2704
f 1431//2705 1740//2705 1741//2705
f 1431//2706 1741//2706 312//2706
f 1690//2707 1691//2707 2133//2707
f 1690//2708 2133//2708 2134//2708
f 1047//2709 1434//2709 1993//2709
f 1047//2710 1993//2710 1992//2710
f 1412//2711 1435//2711 1413//2711
f 1412//2712 1413//2712 524//2712
f 1435//2713 1434//2713 1047//2713
f 1435//2714 1047//2714 1413//2714
f 1435//2715 1412//2715 651//2715
f 1435//2716 651//2716 1411//2716
f 1434//2717 1435//2717 1411//2717
f 1434//2718 1411//2718 1264//2718
f 1438//2719 456//2719 454//2719
f 1438//2720 454//2720 1439//2720
f 1439//2721 454//2721 417//2721
f 1439//2722 417//2722 1440//2722
f 1440//2723 417//2723 776//2723
f 1440//2724 776//2724 1441//2724
f 1441//2725 776//2725 796//2725
f 1441//2726 796//2726 1442//2726
f 1442//2727 796//2727 800//2727
f 1442//2728 800//2728 1443//2728
f 1443//2729 800//2729 802//2729
f 1443//2730 802//2730 1444//2730
f 331//2731 1445//2731 1444//2731
f 331//2732 1444//2732 802//2732
f 814//2733 2197//2733 2198//2733
f 814//2734 2198//2734 818//2734
f 1447//2735 1446//2735 1496//2735
f 1447//2736 1496//2736 1497//2736
f 1448//2737 1447//2737 1497//2737
f 1448//2738 1497//2738 1498//2738
f 1449//2739 1448//2739 1498//2739
f 1449//2740 1498//2740 1499//2740
f 1450//2741 1449//2741 1499//2741
f 1450//2742 1499//2742 1500//2742
f 1451//2743 1450//2743 1500//2743
f 1451//2744 1500//2744 1501//2744
f 1452//2745 1451//2745 1501//2745
f 1452//2746 1501//2746 1502//2746
f 1453//2747 1452//2747 1502//2747
f 1453//2748 1502//2748 1503//2748
f 1834//2749 1835//2749 1454//2749
f 1834//2750 1454//2750 824//2750
f 1456//2751 1901//2751 1902//2751
f 1456//2752 1902//2752 746//2752
f 1457//2753 1456//2753 746//2753
f 1457//2754 746//2754 747//2754
f 1458//2755 1457//2755 747//2755
f 1458//2756 747//2756 748//2756
f 1459//2757 1719//2757 1720//2757
f 1459//2758 1720//2758 749//2758
f 1669//2759 1670//2759 750//2759
f 1669//2760 750//2760 1460//2760
f 1461//2761 1460//2761 750//2761
f 1461//2762 750//2762 937//2762
f 2206//2763 2207//2763 1461//2763
f 2206//2764 1461//2764 937//2764
f 1462//2765 2207//2765 2206//2765
f 1462//2766 2206//2766 751//2766
f 1462//2767 751//2767 752//2767
f 1462//2768 752//2768 1463//2768
f 1463//2769 752//2769 1406//2769
f 1463//2770 1406//2770 1464//2770
f 1465//2771 1464//2771 1406//2771
f 1465//2772 1406//2772 1404//2772
f 1466//2773 1465//2773 1404//2773
f 1466//2774 1404//2774 1405//2774
f 1467//2775 1466//2775 1405//2775
f 1467//2776 1405//2776 753//2776
f 1467//2777 753//2777 754//2777
f 1467//2778 754//2778 1468//2778
f 1468//2779 754//2779 744//2779
f 1468//2780 744//2780 1469//2780
f 1469//2781 744//2781 743//2781
f 1469//2782 743//2782 1470//2782
f 743//2783 742//2783 1471//2783
f 743//2784 1471//2784 1470//2784
f 1828//2785 1829//2785 792//2785
f 1828//2786 792//2786 1472//2786
f 826//2787 793//2787 1473//2787
f 826//2788 1473//2788 1474//2788
f 793//2789 833//2789 1475//2789
f 793//2790 1475//2790 1473//2790
f 792//2791 826//2791 1474//2791
f 792//2792 1474//2792 1472//2792
f 1480//2793 1474//2793 1473//2793
f 1480//2794 1473//2794 1479//2794
f 1479//2795 1473//2795 1475//2795
f 1479//2796 1475//2796 1481//2796
f 1479//2797 1481//2797 1483//2797
f 1479//2798 1483//2798 1484//2798
f 1480//2799 1479//2799 1484//2799
f 1480//2800 1484//2800 1485//2800
f 1486//2801 1487//2801 1603//2801
f 1486//2802 1603//2802 1604//2802
f 1487//2803 1488//2803 1602//2803
f 1487//2804 1602//2804 1603//2804
f 1487//2805 1486//2805 1489//2805
f 1487//2806 1489//2806 1490//2806
f 1490//2807 1489//2807 1591//2807
f 1490//2808 1591//2808 1590//2808
f 1491//2809 1490//2809 1590//2809
f 1491//2810 1590//2810 1589//2810
f 871//2811 1492//2811 1848//2811
f 871//2812 1848//2812 1849//2812
f 455//2813 448//2813 1437//2813
f 455//2814 1437//2814 1503//2814
f 1453//2815 1503//2815 1437//2815
f 1453//2816 1437//2816 449//2816
f 1504//2817 452//2817 451//2817
f 1504//2818 451//2818 1505//2818
f 1506//2819 1505//2819 451//2819
f 1506//2820 451//2820 456//2820
f 449//2821 450//2821 1506//2821
f 449//2822 1506//2822 1507//2822
f 1453//2823 449//2823 1507//2823
f 1453//2824 1507//2824 1438//2824
f 1507//2825 1506//2825 456//2825
f 1507//2826 456//2826 1438//2826
f 570//2827 571//2827 1508//2827
f 570//2828 1508//2828 1547//2828
f 1624//2829 1625//2829 572//2829
f 1624//2830 572//2830 1509//2830
f 1509//2831 572//2831 590//2831
f 1509//2832 590//2832 1510//2832
f 590//2833 588//2833 1511//2833
f 590//2834 1511//2834 1510//2834
f 861//2835 1512//2835 1511//2835
f 861//2836 1511//2836 588//2836
f 1512//2837 861//2837 582//2837
f 1512//2838 582//2838 1513//2838
f 1514//2839 1513//2839 582//2839
f 1514//2840 582//2840 583//2840
f 1514//2841 583//2841 580//2841
f 1514//2842 580//2842 1515//2842
f 1515//2843 580//2843 577//2843
f 1515//2844 577//2844 1516//2844
f 1516//2845 577//2845 664//2845
f 1516//2846 664//2846 1517//2846
f 1518//2847 1517//2847 664//2847
f 1518//2848 664//2848 593//2848
f 593//2849 592//2849 1519//2849
f 593//2850 1519//2850 1518//2850
f 1520//2851 1519//2851 592//2851
f 1520//2852 592//2852 591//2852
f 1521//2853 599//2853 1391//2853
f 1521//2854 1391//2854 1522//2854
f 1522//2855 1391//2855 1392//2855
f 1522//2856 1392//2856 1523//2856
f 1523//2857 1392//2857 710//2857
f 1523//2858 710//2858 1524//2858
f 1526//2859 1525//2859 1378//2859
f 1526//2860 1378//2860 601//2860
f 1527//2861 1526//2861 601//2861
f 1527//2862 601//2862 604//2862
f 1527//2863 604//2863 602//2863
f 1527//2864 602//2864 1528//2864
f 2234//2865 2235//2865 1528//2865
f 2234//2866 1528//2866 602//2866
f 1530//2867 1529//2867 621//2867
f 1530//2868 621//2868 627//2868
f 628//2869 1531//2869 1530//2869
f 628//2870 1530//2870 627//2870
f 1532//2871 1531//2871 628//2871
f 1532//2872 628//2872 629//2872
f 1533//2873 1532//2873 629//2873
f 1533//2874 629//2874 1372//2874
f 1534//2875 1533//2875 1372//2875
f 1534//2876 1372//2876 658//2876
f 1534//2877 658//2877 659//2877
f 1534//2878 659//2878 1535//2878
f 619//2879 1536//2879 1535//2879
f 619//2880 1535//2880 659//2880
f 1536//2881 619//2881 617//2881
f 1536//2882 617//2882 1537//2882
f 618//2883 1538//2883 1537//2883
f 618//2884 1537//2884 617//2884
f 1538//2885 618//2885 1930//2885
f 1538//2886 1930//2886 1931//2886
f 1963//2887 1964//2887 610//2887
f 1963//2888 610//2888 1541//2888
f 692//2889 1542//2889 1541//2889
f 692//2890 1541//2890 610//2890
f 1024//2891 1543//2891 1542//2891
f 1024//2892 1542//2892 692//2892
f 1543//2893 1024//2893 606//2893
f 1543//2894 606//2894 1544//2894
f 1544//2895 606//2895 616//2895
f 1544//2896 616//2896 1545//2896
f 1934//2897 1935//2897 981//2897
f 1934//2898 981//2898 1546//2898
f 1546//2899 981//2899 570//2899
f 1546//2900 570//2900 1547//2900
f 1565//2901 1564//2901 1524//2901
f 1565//2902 1524//2902 1587//2902
f 1566//2903 1565//2903 1587//2903
f 1566//2904 1587//2904 1586//2904
f 2241//2905 2242//2905 1566//2905
f 2241//2906 1566//2906 1586//2906
f 1585//2907 1584//2907 1568//2907
f 1585//2908 1568//2908 1567//2908
f 1569//2909 1568//2909 1584//2909
f 1569//2910 1584//2910 1583//2910
f 1534//2911 1570//2911 1569//2911
f 1534//2912 1569//2912 1583//2912
f 1378//2913 1525//2913 1524//2913
f 1378//2914 1524//2914 710//2914
f 1377//2915 1587//2915 1524//2915
f 1377//2916 1524//2916 1525//2916
f 1533//2917 1534//2917 1583//2917
f 1533//2918 1583//2918 1373//2918
f 873//2919 871//2919 1849//2919
f 873//2920 1849//2920 1850//2920
f 1592//2921 1593//2921 1596//2921
f 1592//2922 1596//2922 1597//2922
f 1593//2923 1594//2923 1595//2923
f 1593//2924 1595//2924 1596//2924
f 1607//2925 1608//2925 1824//2925
f 1607//2926 1824//2926 1825//2926
f 1823//2927 1824//2927 1608//2927
f 1823//2928 1608//2928 1609//2928
f 1822//2929 1823//2929 1609//2929
f 1822//2930 1609//2930 1610//2930
f 1590//2931 1593//2931 1592//2931
f 1590//2932 1592//2932 1589//2932
f 1591//2933 1594//2933 1593//2933
f 1591//2934 1593//2934 1590//2934
f 1610//2935 1611//2935 1821//2935
f 1610//2936 1821//2936 1822//2936
f 1820//2937 1821//2937 1611//2937
f 1820//2938 1611//2938 1612//2938
f 1485//2939 1484//2939 1603//2939
f 1485//2940 1603//2940 1602//2940
f 1484//2941 1483//2941 1604//2941
f 1484//2942 1604//2942 1603//2942
f 1607//2943 1825//2943 1826//2943
f 1607//2944 1826//2944 1606//2944
f 1605//2945 1606//2945 1826//2945
f 1605//2946 1826//2946 1827//2946
f 1605//2947 1827//2947 1828//2947
f 1605//2948 1828//2948 1472//2948
f 1488//2949 1487//2949 1490//2949
f 1488//2950 1490//2950 1491//2950
f 1605//2951 1472//2951 1474//2951
f 1605//2952 1474//2952 1480//2952
f 1485//2953 1606//2953 1605//2953
f 1485//2954 1605//2954 1480//2954
f 1485//2955 1602//2955 1607//2955
f 1485//2956 1607//2956 1606//2956
f 1608//2957 1607//2957 1602//2957
f 1608//2958 1602//2958 1488//2958
f 1608//2959 1488//2959 1491//2959
f 1608//2960 1491//2960 1609//2960
f 1609//2961 1491//2961 1589//2961
f 1609//2962 1589//2962 1610//2962
f 1611//2963 1610//2963 1589//2963
f 1611//2964 1589//2964 1592//2964
f 1611//2965 1592//2965 1597//2965
f 1611//2966 1597//2966 1612//2966
f 1520//2967 591//2967 599//2967
f 1520//2968 599//2968 1521//2968
f 1561//2969 1560//2969 1520//2969
f 1561//2970 1520//2970 1521//2970
f 1624//2971 1623//2971 2243//2971
f 1624//2972 2243//2972 2244//2972
f 1625//2973 1624//2973 2244//2973
f 1625//2974 2244//2974 2245//2974
f 1626//2975 1625//2975 2245//2975
f 1626//2976 2245//2976 2246//2976
f 1627//2977 1626//2977 2246//2977
f 1627//2978 2246//2978 2247//2978
f 1628//2979 1627//2979 2247//2979
f 1628//2980 2247//2980 2248//2980
f 1629//2981 1628//2981 2248//2981
f 1629//2982 2248//2982 2249//2982
f 1629//2983 2249//2983 2250//2983
f 1629//2984 2250//2984 1630//2984
f 1632//2985 1631//2985 1122//2985
f 1632//2986 1122//2986 1124//2986
f 1633//2987 1632//2987 1124//2987
f 1633//2988 1124//2988 1121//2988
f 1634//2989 1633//2989 1121//2989
f 1634//2990 1121//2990 1180//2990
f 1635//2991 1634//2991 1180//2991
f 1635//2992 1180//2992 1181//2992
f 1636//2993 1635//2993 1181//2993
f 1636//2994 1181//2994 1182//2994
f 1637//2995 1636//2995 1182//2995
f 1637//2996 1182//2996 1183//2996
f 1715//2997 1716//2997 1637//2997
f 1715//2998 1637//2998 1183//2998
f 2103//2999 2104//2999 1765//2999
f 2103//3000 1765//3000 1766//3000
f 1639//3001 1185//3001 1186//3001
f 1639//3002 1186//3002 1640//3002
f 1640//3003 1186//3003 1187//3003
f 1640//3004 1187//3004 1641//3004
f 1641//3005 1187//3005 1883//3005
f 1641//3006 1883//3006 1884//3006
f 1795//3007 1796//3007 1280//3007
f 1795//3008 1280//3008 1643//3008
f 5//3009 116//3009 1646//3009
f 5//3010 1646//3010 1645//3010
f 116//3011 112//3011 1647//3011
f 116//3012 1647//3012 1646//3012
f 4546//3013 4547//3013 113//3013
f 4546//3014 113//3014 1648//3014
f 2074//3015 2086//3015 2085//3015
f 2074//3016 2085//3016 2073//3016
f 2086//3017 111//3017 1649//3017
f 2086//3018 1649//3018 2085//3018
f 111//3019 117//3019 1650//3019
f 111//3020 1650//3020 1649//3020
f 117//3021 96//3021 1651//3021
f 117//3022 1651//3022 1650//3022
f 96//3023 93//3023 1652//3023
f 96//3024 1652//3024 1651//3024
f 93//3025 90//3025 1653//3025
f 93//3026 1653//3026 1652//3026
f 90//3027 91//3027 1654//3027
f 90//3028 1654//3028 1653//3028
f 91//3029 92//3029 404//3029
f 91//3030 404//3030 1654//3030
f 403//3031 98//3031 1654//3031
f 403//3032 1654//3032 404//3032
f 853//3033 865//3033 1656//3033
f 853//3034 1656//3034 1655//3034
f 865//3035 232//3035 1657//3035
f 865//3036 1657//3036 1656//3036
f 1658//3037 1657//3037 232//3037
f 1658//3038 232//3038 1195//3038
f 1659//3039 1658//3039 1195//3039
f 1659//3040 1195//3040 1049//3040
f 420//3041 360//3041 1665//3041
f 420//3042 1665//3042 1664//3042
f 360//3043 359//3043 1666//3043
f 360//3044 1666//3044 1665//3044
f 359//3045 363//3045 1667//3045
f 359//3046 1667//3046 1666//3046
f 223//3047 1668//3047 1667//3047
f 223//3048 1667//3048 363//3048
f 223//3049 1459//3049 1669//3049
f 223//3050 1669//3050 1668//3050
f 1459//3051 749//3051 1670//3051
f 1459//3052 1670//3052 1669//3052
f 749//3053 760//3053 1671//3053
f 749//3054 1671//3054 1670//3054
f 760//3055 229//3055 771//3055
f 760//3056 771//3056 1671//3056
f 1686//3057 1685//3057 975//3057
f 1686//3058 975//3058 1397//3058
f 1687//3059 1686//3059 1397//3059
f 1687//3060 1397//3060 318//3060
f 1254//3061 1688//3061 1687//3061
f 1254//3062 1687//3062 318//3062
f 1689//3063 1688//3063 1254//3063
f 1689//3064 1254//3064 1257//3064
f 1689//3065 1257//3065 1431//3065
f 1689//3066 1431//3066 1690//3066
f 1431//3067 312//3067 1691//3067
f 1431//3068 1691//3068 1690//3068
f 2023//3069 2024//3069 1691//3069
f 2023//3070 1691//3070 312//3070
f 2023//3071 1314//3071 1692//3071
f 2023//3072 1692//3072 2024//3072
f 1692//3073 1314//3073 337//3073
f 1692//3074 337//3074 2047//3074
f 1421//3075 329//3075 1694//3075
f 1421//3076 1694//3076 1693//3076
f 329//3077 328//3077 1695//3077
f 329//3078 1695//3078 1694//3078
f 328//3079 1912//3079 1913//3079
f 328//3080 1913//3080 1695//3080
f 480//3081 1697//3081 1696//3081
f 480//3082 1696//3082 1029//3082
f 1698//3083 1981//3083 1982//3083
f 1698//3084 1982//3084 317//3084
f 317//3085 492//3085 1699//3085
f 317//3086 1699//3086 1698//3086
f 492//3087 1007//3087 1700//3087
f 492//3088 1700//3088 1699//3088
f 309//3089 1701//3089 1700//3089
f 309//3090 1700//3090 1007//3090
f 1702//3091 1701//3091 309//3091
f 1702//3092 309//3092 308//3092
f 1703//3093 1952//3093 1953//3093
f 1703//3094 1953//3094 998//3094
f 998//3095 294//3095 1704//3095
f 998//3096 1704//3096 1703//3096
f 1705//3097 1704//3097 294//3097
f 1705//3098 294//3098 295//3098
f 295//3099 285//3099 1706//3099
f 295//3100 1706//3100 1705//3100
f 285//3101 279//3101 1707//3101
f 285//3102 1707//3102 1706//3102
f 279//3103 267//3103 1708//3103
f 279//3104 1708//3104 1707//3104
f 267//3105 731//3105 1709//3105
f 267//3106 1709//3106 1708//3106
f 731//3107 256//3107 1710//3107
f 731//3108 1710//3108 1709//3108
f 1711//3109 1710//3109 256//3109
f 1711//3110 256//3110 716//3110
f 257//3111 1712//3111 1711//3111
f 257//3112 1711//3112 716//3112
f 257//3113 247//3113 1713//3113
f 257//3114 1713//3114 1712//3114
f 247//3115 248//3115 1714//3115
f 247//3113 1714//3113 1713//3113
f 1715//3116 1714//3116 248//3116
f 1715//3117 248//3117 1184//3117
f 1638//3118 1716//3118 1715//3118
f 1638//3119 1715//3119 1184//3119
f 1717//3120 1716//3120 1638//3120
f 1717//3121 1638//3121 231//3121
f 231//3122 853//3122 1655//3122
f 231//3123 1655//3123 1717//3123
f 1719//3124 1718//3124 230//3124
f 1719//3125 230//3125 1458//3125
f 1720//3126 1719//3126 1458//3126
f 1720//3127 1458//3127 748//3127
f 759//3128 1721//3128 1720//3128
f 759//3129 1720//3129 748//3129
f 759//3130 237//3130 846//3130
f 759//3131 846//3131 1721//3131
f 766//3132 1722//3132 222//3132
f 766//3133 222//3133 771//3133
f 1723//3134 1722//3134 766//3134
f 1723//3135 766//3135 782//3135
f 1724//3136 1723//3136 782//3136
f 1724//3137 782//3137 787//3137
f 1725//3138 1724//3138 787//3138
f 1725//3139 787//3139 791//3139
f 1726//3140 1725//3140 791//3140
f 1726//3141 791//3141 808//3141
f 1727//3142 1726//3142 808//3142
f 1727//3143 808//3143 813//3143
f 1728//3144 1727//3144 813//3144
f 1728//3145 813//3145 819//3145
f 1729//3146 1728//3146 819//3146
f 1729//3147 819//3147 815//3147
f 848//3148 1730//3148 1729//3148
f 848//3149 1729//3149 815//3149
f 1731//3150 1730//3150 848//3150
f 1731//3151 848//3151 1494//3151
f 816//3152 1732//3152 1731//3152
f 816//3153 1731//3153 1494//3153
f 1733//3154 1732//3154 816//3154
f 1733//3155 816//3155 875//3155
f 1734//3156 1733//3156 875//3156
f 1734//3157 875//3157 962//3157
f 1736//3158 1735//3158 976//3158
f 1736//3159 976//3159 1396//3159
f 1737//3160 1736//3160 1396//3160
f 1737//3161 1396//3161 1613//3161
f 1253//3162 1738//3162 1737//3162
f 1253//3163 1737//3163 1613//3163
f 1739//3164 1738//3164 1253//3164
f 1739//3165 1253//3165 1258//3165
f 1739//3166 1258//3166 1430//3166
f 1739//3167 1430//3167 1740//3167
f 1741//3168 1740//3168 1430//3168
f 1741//3169 1430//3169 319//3169
f 2021//3170 2022//3170 1741//3170
f 2021//3171 1741//3171 319//3171
f 2021//3172 1313//3172 1742//3172
f 2021//3173 1742//3173 2022//3173
f 1742//3174 1313//3174 345//3174
f 1742//3175 345//3175 342//3175
f 1744//3176 1743//3176 1422//3176
f 1744//3177 1422//3177 336//3177
f 1745//3178 1744//3178 336//3178
f 1745//3179 336//3179 335//3179
f 1910//3180 1911//3180 1745//3180
f 1910//3181 1745//3181 335//3181
f 479//3182 1747//3182 1746//3182
f 479//3183 1746//3183 1028//3183
f 1748//3184 1983//3184 1984//3184
f 1748//3185 1984//3185 323//3185
f 1749//3186 1748//3186 323//3186
f 1749//3187 323//3187 491//3187
f 1750//3188 1749//3188 491//3188
f 1750//3189 491//3189 1006//3189
f 316//3190 1751//3190 1750//3190
f 316//3191 1750//3191 1006//3191
f 1752//3192 1751//3192 316//3192
f 1752//3193 316//3193 315//3193
f 1753//3194 1954//3194 1955//3194
f 1753//3195 1955//3195 999//3195
f 1754//3196 1753//3196 999//3196
f 1754//3197 999//3197 300//3197
f 1755//3198 1754//3198 300//3198
f 1755//3199 300//3199 301//3199
f 1756//3200 1755//3200 301//3200
f 1756//3201 301//3201 293//3201
f 284//3202 1757//3202 1756//3202
f 284//3203 1756//3203 293//3203
f 1758//3204 1757//3204 284//3204
f 1758//3205 284//3205 278//3205
f 1759//3206 1758//3206 278//3206
f 1759//3207 278//3207 730//3207
f 1760//3208 1759//3208 730//3208
f 1760//3209 730//3209 265//3209
f 1761//3210 1760//3210 265//3210
f 1761//3211 265//3211 715//3211
f 266//3212 1762//3212 1761//3212
f 266//3213 1761//3213 715//3213
f 1763//3214 1762//3214 266//3214
f 1763//3215 266//3215 252//3215
f 1764//3216 1763//3216 252//3216
f 1764//3217 252//3217 253//3217
f 1765//3218 1764//3218 253//3218
f 1765//3219 253//3219 1185//3219
f 1766//3220 1765//3220 1185//3220
f 1766//3221 1185//3221 1639//3221
f 1767//3222 1766//3222 1639//3222
f 1767//3223 1639//3223 239//3223
f 1768//3224 1767//3224 239//3224
f 1768//3225 239//3225 852//3225
f 1769//3226 1768//3226 852//3226
f 1769//3227 852//3227 864//3227
f 864//3228 240//3228 1770//3228
f 864//3229 1770//3229 1769//3229
f 1771//3230 1770//3230 240//3230
f 1771//3231 240//3231 1196//3231
f 1772//3232 1771//3232 1196//3232
f 1772//3233 1196//3233 1050//3233
f 1773//3234 1772//3234 1050//3234
f 1773//3235 1050//3235 1217//3235
f 1216//3236 1774//3236 1773//3236
f 1216//3237 1773//3237 1217//3237
f 1775//3238 1774//3238 1216//3238
f 1775//3239 1216//3239 1215//3239
f 1776//3240 1775//3240 1215//3240
f 1776//3241 1215//3241 1054//3241
f 1777//3242 1776//3242 1054//3242
f 1777//3243 1054//3243 1248//3243
f 379//3244 1778//3244 1777//3244
f 379//3245 1777//3245 1248//3245
f 379//3246 365//3246 1779//3246
f 379//3247 1779//3247 1778//3247
f 1780//3248 1779//3248 365//3248
f 1780//3249 365//3249 366//3249
f 1781//3250 1780//3250 366//3250
f 1781//3251 366//3251 370//3251
f 230//3252 1718//3252 1781//3252
f 230//3253 1781//3253 370//3253
f 378//3254 382//3254 1783//3254
f 378//3255 1783//3255 1782//3255
f 382//3256 442//3256 1784//3256
f 382//3257 1784//3257 1783//3257
f 442//3258 1052//3258 1785//3258
f 442//3259 1785//3259 1784//3259
f 1052//3260 1241//3260 1786//3260
f 1052//3261 1786//3261 1785//3261
f 1241//3262 1242//3262 1787//3262
f 1241//3263 1787//3263 1786//3263
f 1788//3264 1787//3264 1242//3264
f 1788//3265 1242//3265 1243//3265
f 1243//3266 1240//3266 1789//3266
f 1243//3267 1789//3267 1788//3267
f 1240//3268 1239//3268 1790//3268
f 1240//3269 1790//3269 1789//3269
f 1791//3270 1790//3270 1239//3270
f 1791//3271 1239//3271 1238//3271
f 1238//3272 1237//3272 1792//3272
f 1238//3273 1792//3273 1791//3273
f 1237//3274 1225//3274 1793//3274
f 1237//3275 1793//3275 1792//3275
f 1794//3276 1793//3276 1225//3276
f 1794//3277 1225//3277 1224//3277
f 1795//3278 1794//3278 1224//3278
f 1795//3279 1224//3279 1642//3279
f 1642//3280 1226//3280 1796//3280
f 1642//3281 1796//3281 1795//3281
f 1797//3282 1796//3282 1226//3282
f 1797//3283 1226//3283 1228//3283
f 1228//3284 1227//3284 1798//3284
f 1228//3285 1798//3285 1797//3285
f 1227//3286 1229//3286 1799//3286
f 1227//3287 1799//3287 1798//3287
f 1800//3288 1799//3288 1229//3288
f 1800//3289 1229//3289 1236//3289
f 1236//3290 1235//3290 1801//3290
f 1236//3291 1801//3291 1800//3291
f 1235//3292 1231//3292 1802//3292
f 1235//3293 1802//3293 1801//3293
f 1231//3294 1230//3294 1803//3294
f 1231//3295 1803//3295 1802//3295
f 1230//3296 1232//3296 1804//3296
f 1230//3297 1804//3297 1803//3297
f 1805//3298 1804//3298 1232//3298
f 1805//3299 1232//3299 1233//3299
f 1233//3300 1234//3300 1806//3300
f 1233//3301 1806//3301 1805//3301
f 1234//3302 320//3302 1807//3302
f 1234//3303 1807//3303 1806//3303
f 1808//3304 1807//3304 320//3304
f 1808//3305 320//3305 1002//3305
f 1959//3306 1960//3306 1808//3306
f 1959//3307 1808//3307 1002//3307
f 332//3308 333//3308 1810//3308
f 332//3309 1810//3309 1809//3309
f 1811//3310 1810//3310 333//3310
f 1811//3311 333//3311 1003//3311
f 1003//3312 488//3312 1812//3312
f 1003//3313 1812//3313 1811//3313
f 488//3314 339//3314 1813//3314
f 488//3315 1813//3315 1812//3315
f 1988//3316 1989//3316 1813//3316
f 1988//3317 1813//3317 339//3317
f 1815//3318 1814//3318 476//3318
f 1815//3319 476//3319 1025//3319
f 1816//3320 1905//3320 1906//3320
f 1816//3321 1906//3321 347//3321
f 347//3322 348//3322 1817//3322
f 347//3323 1817//3323 1816//3323
f 348//3324 1425//3324 1818//3324
f 348//3325 1818//3325 1817//3325
f 1599//3326 1601//3326 1821//3326
f 1599//3327 1821//3327 1820//3327
f 1822//3328 1821//3328 1601//3328
f 1822//3329 1601//3329 1600//3329
f 1598//3330 1823//3330 1822//3330
f 1598//3331 1822//3331 1600//3331
f 1598//3332 1588//3332 1824//3332
f 1598//3333 1824//3333 1823//3333
f 1825//3334 1824//3334 1588//3334
f 1825//3335 1588//3335 1482//3335
f 1826//3336 1825//3336 1482//3336
f 1826//3337 1482//3337 1478//3337
f 1827//3338 1826//3338 1478//3338
f 1827//3339 1478//3339 1477//3339
f 1828//3340 1827//3340 1477//3340
f 1828//3341 1477//3341 1476//3341
f 837//3342 1829//3342 1828//3342
f 837//3343 1828//3343 1476//3343
f 836//3344 1830//3344 1829//3344
f 836//3345 1829//3345 837//3345
f 835//3346 1831//3346 1830//3346
f 835//3347 1830//3347 836//3347
f 834//3348 1832//3348 1831//3348
f 834//3349 1831//3349 835//3349
f 244//3350 262//3350 1832//3350
f 244//3351 1832//3351 834//3351
f 273//3352 756//3352 1833//3352
f 273//3353 1833//3353 779//3353
f 756//3354 745//3354 1834//3354
f 756//3355 1834//3355 1833//3355
f 1455//3356 1835//3356 1834//3356
f 1455//3357 1834//3357 745//3357
f 1455//3358 375//3358 1836//3358
f 1455//3359 1836//3359 1835//3359
f 1837//3360 1836//3360 375//3360
f 1837//3361 375//3361 376//3361
f 376//3362 377//3362 1838//3362
f 376//3363 1838//3363 1837//3363
f 377//3364 378//3364 1782//3364
f 377//3365 1782//3365 1838//3365
f 1839//3366 237//3366 244//3366
f 1839//3367 244//3367 834//3367
f 1840//3368 1839//3368 834//3368
f 1840//3369 834//3369 835//3369
f 1841//3370 1840//3370 835//3370
f 1841//3371 835//3371 836//3371
f 1842//3372 1841//3372 836//3372
f 1842//3373 836//3373 837//3373
f 1843//3374 1842//3374 837//3374
f 1843//3375 837//3375 1476//3375
f 1476//3376 1477//3376 1844//3376
f 1476//3377 1844//3377 1843//3377
f 1845//3378 1844//3378 1477//3378
f 1845//3379 1477//3379 1478//3379
f 1846//3380 1845//3380 1478//3380
f 1846//3381 1478//3381 1482//3381
f 1847//3382 1846//3382 1482//3382
f 1847//3383 1482//3383 1588//3383
f 1848//3384 1847//3384 1588//3384
f 1848//3385 1588//3385 1598//3385
f 1849//3386 1848//3386 1598//3386
f 1849//3387 1598//3387 1600//3387
f 1850//3388 1849//3388 1600//3388
f 1850//3389 1600//3389 1601//3389
f 1599//3390 1851//3390 1850//3390
f 1599//3391 1850//3391 1601//3391
f 1853//3392 1852//3392 1644//3392
f 1853//3393 1644//3393 1393//3393
f 1854//3394 1853//3394 1393//3394
f 1854//3395 1393//3395 1616//3395
f 1250//3396 1855//3396 1854//3396
f 1250//3397 1854//3397 1616//3397
f 1856//3398 1855//3398 1250//3398
f 1856//3399 1250//3399 1261//3399
f 1856//3400 1261//3400 1427//3400
f 1856//3401 1427//3401 1857//3401
f 1858//3402 1857//3402 1427//3402
f 1858//3403 1427//3403 338//3403
f 2017//3404 2018//3404 1858//3404
f 2017//3405 1858//3405 338//3405
f 2017//3406 1310//3406 1859//3406
f 2017//3407 1859//3407 2018//3407
f 1859//3408 1310//3408 1295//3408
f 1859//3409 1295//3409 1819//3409
f 1862//3410 1861//3410 1425//3410
f 1862//3411 1425//3411 348//3411
f 1863//3412 1862//3412 348//3412
f 1863//3413 348//3413 347//3413
f 1906//3414 1907//3414 1863//3414
f 1906//3415 1863//3415 347//3415
f 476//3416 1865//3416 1864//3416
f 476//3417 1864//3417 1025//3417
f 1866//3418 1987//3418 1988//3418
f 1866//3419 1988//3419 339//3419
f 1867//3420 1866//3420 339//3420
f 1867//3421 339//3421 488//3421
f 1868//3422 1867//3422 488//3422
f 1868//3423 488//3423 1003//3423
f 333//3424 1869//3424 1868//3424
f 333//3425 1868//3425 1003//3425
f 1870//3426 1869//3426 333//3426
f 1870//3427 333//3427 332//3427
f 1871//3428 1958//3428 1959//3428
f 1871//3429 1959//3429 1002//3429
f 320//3430 1872//3430 1871//3430
f 320//3431 1871//3431 1002//3431
f 1873//3432 1872//3432 320//3432
f 1873//3433 320//3433 1234//3433
f 1874//3434 1873//3434 1234//3434
f 1874//3435 1234//3435 1233//3435
f 1232//3436 1875//3436 1874//3436
f 1232//3437 1874//3437 1233//3437
f 1876//3438 1875//3438 1232//3438
f 1876//3439 1232//3439 1230//3439
f 1877//3440 1876//3440 1230//3440
f 1877//3441 1230//3441 1231//3441
f 1878//1700 1877//1700 1231//1700
f 1878//3442 1231//3442 1235//3442
f 1879//3443 1878//3443 1235//3443
f 1879//3444 1235//3444 1236//3444
f 1229//3445 1880//3445 1879//3445
f 1229//3446 1879//3446 1236//3446
f 1881//3447 1880//3447 1229//3447
f 1881//3448 1229//3448 1227//3448
f 1882//3449 1881//3449 1227//3449
f 1882//3450 1227//3450 1228//3450
f 1226//3451 1883//3451 1882//3451
f 1226//3452 1882//3452 1228//3452
f 1884//3453 1883//3453 1226//3453
f 1884//3454 1226//3454 1642//3454
f 1885//3455 1884//3455 1642//3455
f 1885//3456 1642//3456 1224//3456
f 1886//3457 1885//3457 1224//3457
f 1886//3458 1224//3458 1225//3458
f 1887//3459 1886//3459 1225//3459
f 1887//3460 1225//3460 1237//3460
f 1888//3461 1887//3461 1237//3461
f 1888//3462 1237//3462 1238//3462
f 1889//3463 1888//3463 1238//3463
f 1889//3464 1238//3464 1239//3464
f 1890//3465 1889//3465 1239//3465
f 1890//3466 1239//3466 1240//3466
f 1891//3467 1890//3467 1240//3467
f 1891//3468 1240//3468 1243//3468
f 1242//3469 1892//3469 1891//3469
f 1242//3470 1891//3470 1243//3470
f 1893//3471 1892//3471 1242//3471
f 1893//3472 1242//3472 1241//3472
f 1894//3473 1893//3473 1241//3473
f 1894//3474 1241//3474 1052//3474
f 442//3475 1895//3475 1894//3475
f 442//3476 1894//3476 1052//3476
f 442//3477 382//3477 1896//3477
f 442//3478 1896//3478 1895//3478
f 1897//3479 1896//3479 382//3479
f 1897//3480 382//3480 378//3480
f 1898//3481 1897//3481 378//3481
f 1898//3482 378//3482 377//3482
f 1899//3483 1898//3483 377//3483
f 1899//3484 377//3484 376//3484
f 375//3485 1900//3485 1899//3485
f 375//3486 1899//3486 376//3486
f 1901//3487 1900//3487 375//3487
f 1901//3488 375//3488 1455//3488
f 1902//3489 1901//3489 1455//3489
f 1902//3490 1455//3490 745//3490
f 756//3491 1903//3491 1902//3491
f 756//3492 1902//3492 745//3492
f 756//3493 273//3493 778//3493
f 756//3494 778//3494 1903//3494
f 1292//3495 1815//3495 1905//3495
f 1292//3496 1905//3496 1904//3496
f 1906//3497 1905//3497 1815//3497
f 1906//3498 1815//3498 1025//3498
f 1025//3499 1864//3499 1907//3499
f 1025//3500 1907//3500 1906//3500
f 1908//3501 1907//3501 1864//3501
f 1908//3502 1864//3502 1026//3502
f 1026//3503 1027//3503 1909//3503
f 1026//3504 1909//3504 1908//3504
f 1027//3505 1028//3505 1910//3505
f 1027//3506 1910//3506 1909//3506
f 1028//3507 1746//3507 1911//3507
f 1028//3508 1911//3508 1910//3508
f 2125//3509 2126//3509 1911//3509
f 2125//3510 1911//3510 1746//3510
f 1913//3511 1912//3511 1029//3511
f 1913//3512 1029//3512 1696//3512
f 1914//3513 1913//3513 1696//3513
f 1914//3514 1696//3514 1030//3514
f 1030//3515 1031//3515 1915//3515
f 1030//3516 1915//3516 1914//3516
f 1031//3517 1032//3517 1916//3517
f 1031//3518 1916//3518 1915//3518
f 1033//3519 1917//3519 1916//3519
f 1033//3520 1916//3520 1032//3520
f 1033//3521 1034//3521 1918//3521
f 1033//3522 1918//3522 1917//3522
f 1035//3523 1919//3523 1918//3523
f 1035//3524 1918//3524 1034//3524
f 1035//3525 1036//3525 1920//3525
f 1035//3526 1920//3526 1919//3526
f 1036//3527 1037//3527 1921//3527
f 1036//3528 1921//3528 1920//3528
f 1038//3529 1922//3529 1921//3529
f 1038//3530 1921//3530 1037//3530
f 1038//3531 1039//3531 1923//3531
f 1038//3532 1923//3532 1922//3532
f 1039//3533 1040//3533 1924//3533
f 1039//3534 1924//3534 1923//3534
f 1925//3535 1924//3535 1040//3535
f 1925//3536 1040//3536 1041//3536
f 1926//3537 1925//3537 1041//3537
f 1926//3538 1041//3538 1042//3538
f 1042//3539 1043//3539 1927//3539
f 1042//3540 1927//3540 1926//3540
f 1043//3541 1044//3541 1928//3541
f 1043//3542 1928//3542 1927//3542
f 1044//3543 1045//3543 1929//3543
f 1044//3544 1929//3544 1928//3544
f 1045//3545 1046//3545 1930//3545
f 1045//3546 1930//3546 1929//3546
f 1931//3547 1930//3547 1046//3547
f 1931//3548 1046//3548 1539//3548
f 1575//3549 1932//3549 1931//3549
f 1575//3550 1931//3550 1539//3550
f 1934//3551 1933//3551 1580//3551
f 1934//3552 1580//3552 1545//3552
f 1545//3553 616//3553 1935//3553
f 1545//3554 1935//3554 1934//3554
f 616//3555 608//3555 1936//3555
f 616//3556 1936//3556 1935//3556
f 608//3557 615//3557 1937//3557
f 608//3558 1937//3558 1936//3558
f 615//3559 567//3559 1938//3559
f 615//3560 1938//3560 1937//3560
f 567//3561 566//3561 1939//3561
f 567//3562 1939//3562 1938//3562
f 566//3563 560//3563 1940//3563
f 566//3564 1940//3564 1939//3564
f 560//3565 693//3565 1941//3565
f 560//3566 1941//3566 1940//3566
f 693//3567 548//3567 1942//3567
f 693//3568 1942//3568 1941//3568
f 548//3569 547//3569 1943//3569
f 548//3570 1943//3570 1942//3570
f 1943//3571 547//3571 530//3571
f 1943//3572 530//3572 1944//3572
f 530//3573 99//3573 1945//3573
f 530//3574 1945//3574 1944//3574
f 99//3575 82//3575 1946//3575
f 99//3576 1946//3576 1945//3576
f 82//3577 78//3577 1947//3577
f 82//3578 1947//3578 1946//3578
f 78//3579 388//3579 1948//3579
f 78//3580 1948//3580 1947//3580
f 388//3581 289//3581 1949//3581
f 388//3582 1949//3582 1948//3582
f 289//3583 286//3583 1950//3583
f 289//3584 1950//3584 1949//3584
f 286//3585 434//3585 1951//3585
f 286//3586 1951//3586 1950//3586
f 434//3587 1702//3587 1952//3587
f 434//3588 1952//3588 1951//3588
f 1953//3589 1952//3589 1702//3589
f 1953//3590 1702//3590 308//3590
f 2117//3591 2118//3591 1752//3591
f 2117//3592 1752//3592 1954//3592
f 1955//3593 1954//3593 1752//3593
f 1955//3594 1752//3594 315//3594
f 315//3595 321//3595 1956//3595
f 315//3596 1956//3596 1955//3596
f 321//3597 325//3597 1957//3597
f 321//3598 1957//3598 1956//3598
f 325//3599 1870//3599 1958//3599
f 325//3600 1958//3600 1957//3600
f 1959//3601 1958//3601 1870//3601
f 1959//3602 1870//3602 332//3602
f 1809//3603 1960//3603 1959//3603
f 1809//3604 1959//3604 332//3604
f 1961//3605 1960//3605 1809//3605
f 1961//3606 1809//3606 1287//3606
f 684//3607 683//3607 1965//3607
f 684//3608 1965//3608 1964//3608
f 683//3609 682//3609 1966//3609
f 683//3610 1966//3610 1965//3610
f 682//3611 681//3611 1967//3611
f 682//3612 1967//3612 1966//3612
f 681//3613 680//3613 1968//3613
f 681//3614 1968//3614 1967//3614
f 680//3615 679//3615 1969//3615
f 680//3616 1969//3616 1968//3616
f 679//3617 697//3617 1970//3617
f 679//3618 1970//3618 1969//3618
f 697//3619 678//3619 1971//3619
f 697//3620 1971//3620 1970//3620
f 678//3621 677//3621 1972//3621
f 678//3622 1972//3622 1971//3622
f 1972//3623 677//3623 526//3623
f 1972//3624 526//3624 1973//3624
f 526//3625 487//3625 1974//3625
f 526//3626 1974//3626 1973//3626
f 487//3627 486//3627 1975//3627
f 487//3628 1975//3628 1974//3628
f 486//3629 485//3629 1976//3629
f 486//3630 1976//3630 1975//3630
f 485//3631 484//3631 1977//3631
f 485//3632 1977//3632 1976//3632
f 484//3633 483//3633 1978//3633
f 484//3634 1978//3634 1977//3634
f 483//3635 482//3635 1979//3635
f 483//3636 1979//3636 1978//3636
f 482//3637 481//3637 1980//3637
f 482//3638 1980//3638 1979//3638
f 481//3639 1697//3639 1981//3639
f 481//3640 1981//3640 1980//3640
f 1982//3641 1981//3641 1697//3641
f 1982//3642 1697//3642 480//3642
f 2123//3643 2124//3643 1747//3643
f 2123//3644 1747//3644 1983//3644
f 1984//3645 1983//3645 1747//3645
f 1984//3646 1747//3646 479//3646
f 479//3647 478//3647 1985//3647
f 479//3648 1985//3648 1984//3648
f 478//3649 477//3649 1986//3649
f 478//3650 1986//3650 1985//3650
f 477//3651 1865//3651 1987//3651
f 477//3652 1987//3652 1986//3652
f 1988//3653 1987//3653 1865//3653
f 1988//3654 1865//3654 476//3654
f 1814//3655 1989//3655 1988//3655
f 1814//3656 1988//3656 476//3656
f 1990//3657 1989//3657 1814//3657
f 1990//3658 1814//3658 1291//3658
f 684//3659 1964//3659 1963//3659
f 684//3660 1963//3660 1991//3660
f 1991//3661 1963//3661 1962//3661
f 1991//3662 1962//3662 1540//3662
f 1539//3663 1046//3663 684//3663
f 1539//3664 684//3664 1991//3664
f 1540//3665 1575//3665 1539//3665
f 1540//3666 1539//3666 1991//3666
f 649//3667 700//3667 701//3667
f 649//3668 701//3668 1619//3668
f 649//3669 1619//3669 1621//3669
f 649//3670 1621//3670 1263//3670
f 1262//3671 1618//3671 1620//3671
f 1262//3672 1620//3672 1995//3672
f 1262//3673 1263//3673 1621//3673
f 1262//3674 1621//3674 1618//3674
f 1325//3675 1324//3675 1996//3675
f 1325//3676 1996//3676 2033//3676
f 1324//3677 1992//3677 1997//3677
f 1324//3678 1997//3678 1996//3678
f 1992//3679 1993//3679 1998//3679
f 1992//3680 1998//3680 1997//3680
f 1993//3681 1994//3681 1999//3681
f 1993//3682 1999//3682 1998//3682
f 1994//3683 1995//3683 2000//3683
f 1994//3684 2000//3684 1999//3684
f 1995//3685 1620//3685 419//3685
f 1995//3686 419//3686 2000//3686
f 1996//3687 1997//3687 2002//3687
f 1996//3688 2002//3688 2001//3688
f 1998//3689 2003//3689 2002//3689
f 1998//3690 2002//3690 1997//3690
f 1998//3691 1999//3691 2004//3691
f 1998//3692 2004//3692 2003//3692
f 1999//3693 2000//3693 2005//3693
f 1999//3694 2005//3694 2004//3694
f 2000//3695 419//3695 10//3695
f 2000//3696 10//3696 2005//3696
f 2026//3697 2027//3697 2007//3697
f 2026//3698 2007//3698 2006//3698
f 2028//3699 2008//3699 2007//3699
f 2028//3700 2007//3700 2027//3700
f 2028//3701 2029//3701 2009//3701
f 2028//3702 2009//3702 2008//3702
f 2029//3703 2030//3703 2010//3703
f 2029//3704 2010//3704 2009//3704
f 1403//3705 1433//3705 2006//3705
f 1403//3706 2006//3706 2007//3706
f 2008//3707 1402//3707 1403//3707
f 2008//3708 1403//3708 2007//3708
f 1617//3709 1402//3709 2008//3709
f 1617//3710 2008//3710 2009//3710
f 1401//3711 1617//3711 2009//3711
f 1401//3712 2009//3712 2010//3712
f 2012//3713 2011//3713 2005//3713
f 2012//3714 2005//3714 10//3714
f 2011//3715 2012//3715 2014//3715
f 2011//3716 2014//3716 2013//3716
f 1399//3717 1400//3717 2015//3717
f 1399//3718 2015//3718 2016//3718
f 2015//3719 1400//3719 1401//3719
f 2015//3720 1401//3720 2010//3720
f 2031//3721 2032//3721 2016//3721
f 2031//3722 2016//3722 2015//3722
f 2031//3723 2015//3723 2010//3723
f 2031//3724 2010//3724 2030//3724
f 2001//3725 2002//3725 2027//3725
f 2001//3726 2027//3726 2026//3726
f 2003//3727 2028//3727 2027//3727
f 2003//3728 2027//3728 2002//3728
f 2003//3729 2004//3729 2029//3729
f 2003//3730 2029//3730 2028//3730
f 2004//3731 2005//3731 2030//3731
f 2004//3732 2030//3732 2029//3732
f 2011//3733 2031//3733 2030//3733
f 2011//3734 2030//3734 2005//3734
f 2032//3735 2031//3735 2011//3735
f 2032//3736 2011//3736 2013//3736
f 1996//3737 2001//3737 2034//3737
f 1996//3738 2034//3738 2033//3738
f 2001//3739 2026//3739 2035//3739
f 2001//3740 2035//3740 2034//3740
f 2026//3741 2006//3741 2036//3741
f 2026//3742 2036//3742 2035//3742
f 2037//3743 103//3743 1325//3743
f 2037//3744 1325//3744 2038//3744
f 1415//3745 103//3745 2037//3745
f 1415//3746 2037//3746 1416//3746
f 2038//3747 1325//3747 2033//3747
f 2038//3748 2033//3748 2034//3748
f 2006//3749 1433//3749 2039//3749
f 2006//3750 2039//3750 2036//3750
f 2040//3751 2037//3751 2038//3751
f 2040//3752 2038//3752 2041//3752
f 1416//3753 2037//3753 2040//3753
f 1416//3754 2040//3754 1417//3754
f 2041//3755 2038//3755 2034//3755
f 2041//3756 2034//3756 2035//3756
f 2042//3757 2040//3757 2041//3757
f 2042//3758 2041//3758 2043//3758
f 1417//3759 2040//3759 2042//3759
f 1417//3760 2042//3760 1418//3760
f 2043//3761 2041//3761 2035//3761
f 2043//3762 2035//3762 2036//3762
f 2044//3763 2042//3763 2043//3763
f 2044//3764 2043//3764 2045//3764
f 1418//3765 2042//3765 2044//3765
f 1418//3766 2044//3766 1419//3766
f 2045//3767 2043//3767 2036//3767
f 2045//3768 2036//3768 2039//3768
f 2046//3769 2048//3769 2067//3769
f 2046//3770 2067//3770 1315//3770
f 337//3771 342//3771 1423//3771
f 337//3772 1423//3772 1422//3772
f 342//3773 345//3773 1424//3773
f 342//3774 1424//3774 1423//3774
f 345//3775 1860//3775 1861//3775
f 345//3776 1861//3776 1424//3776
f 1819//3777 1295//3777 1426//3777
f 1819//3778 1426//3778 1818//3778
f 349//3779 1819//3779 1818//3779
f 349//3780 1818//3780 1425//3780
f 1860//3781 349//3781 1425//3781
f 1860//3782 1425//3782 1861//3782
f 2129//3783 2130//3783 2047//3783
f 2129//3784 2047//3784 1743//3784
f 2049//3785 2048//3785 1693//3785
f 2049//3786 1693//3786 1420//3786
f 2048//3787 2046//3787 1421//3787
f 2048//3788 1421//3788 1693//3788
f 2047//3789 337//3789 1422//3789
f 2047//3790 1422//3790 1743//3790
f 2014//3791 2012//3791 1385//3791
f 2014//3792 1385//3792 934//3792
f 121//3793 1385//3793 2012//3793
f 121//3794 2012//3794 10//3794
f 10//3795 419//3795 120//3795
f 10//3796 120//3796 121//3796
f 2049//3797 1420//3797 1419//3797
f 2049//3798 1419//3798 2044//3798
f 2039//3799 1433//3799 2050//3799
f 2039//3800 2050//3800 2057//3800
f 2049//3801 2044//3801 2045//3801
f 2049//3802 2045//3802 2058//3802
f 1403//3803 2051//3803 2050//3803
f 1403//3804 2050//3804 1433//3804
f 1399//3805 2053//3805 2052//3805
f 1399//3806 2052//3806 1400//3806
f 2054//3807 1401//3807 1400//3807
f 2054//3808 1400//3808 2052//3808
f 1401//3809 2054//3809 2055//3809
f 1401//3810 2055//3810 1617//3810
f 1402//3811 2056//3811 2051//3811
f 1402//3812 2051//3812 1403//3812
f 1617//3813 2055//3813 2056//3813
f 1617//3814 2056//3814 1402//3814
f 2058//3815 2045//3815 2039//3815
f 2058//3816 2039//3816 2057//3816
f 2052//3817 2053//3817 2059//3817
f 2052//3818 2059//3818 2060//3818
f 2054//3819 2052//3819 2060//3819
f 2054//3820 2060//3820 2061//3820
f 2061//3821 2062//3821 2055//3821
f 2061//3822 2055//3822 2054//3822
f 2062//3823 2063//3823 2056//3823
f 2062//3824 2056//3824 2055//3824
f 2056//3825 2063//3825 2064//3825
f 2056//3826 2064//3826 2051//3826
f 2050//3827 2051//3827 2064//3827
f 2050//3828 2064//3828 2065//3828
f 2057//3829 2050//3829 2065//3829
f 2057//3830 2065//3830 2066//3830
f 2058//3831 2057//3831 2066//3831
f 2058//3832 2066//3832 2067//3832
f 2048//3833 2049//3833 2058//3833
f 2048//3834 2058//3834 2067//3834
f 2060//3835 2059//3835 973//3835
f 2060//3836 973//3836 1398//3836
f 2061//3837 2060//3837 1398//3837
f 2061//3838 1398//3838 439//3838
f 439//3839 1255//3839 2062//3839
f 439//3840 2062//3840 2061//3840
f 1255//3841 1256//3841 2063//3841
f 1255//3842 2063//3842 2062//3842
f 2063//3843 1256//3843 1432//3843
f 2063//3844 1432//3844 2064//3844
f 2065//3845 2064//3845 1432//3845
f 2065//3846 1432//3846 436//3846
f 2066//3847 2065//3847 436//3847
f 2066//3848 436//3848 2025//3848
f 2067//3849 2066//3849 2025//3849
f 2067//3850 2025//3850 1315//3850
f 2131//3851 1692//3851 2047//3851
f 2131//3852 2047//3852 2130//3852
f 892//3853 889//3853 888//3853
f 892//3854 888//3854 893//3854
f 897//3855 895//3855 892//3855
f 897//3856 892//3856 2068//3856
f 2068//3857 892//3857 893//3857
f 2068//3858 893//3858 2069//3858
f 2069//3859 893//3859 894//3859
f 2069//3860 894//3860 522//3860
f 901//3861 2068//3861 2069//3861
f 901//3862 2069//3862 900//3862
f 2069//3863 522//3863 107//3863
f 2069//3864 107//3864 900//3864
f 2068//3865 901//3865 898//3865
f 2068//3866 898//3866 897//3866
f 899//3867 898//3867 901//3867
f 899//3868 901//3868 927//3868
f 890//3869 899//3869 927//3869
f 890//3870 927//3870 928//3870
f 928//3871 1330//3871 891//3871
f 928//3872 891//3872 890//3872
f 1330//3873 1321//3873 902//3873
f 1330//3874 902//3874 891//3874
f 1322//3875 902//3875 1321//3875
f 1322//3876 1321//3876 1318//3876
f 2071//3877 2070//3877 354//3877
f 2071//3878 354//3878 353//3878
f 2072//3879 2071//3879 353//3879
f 2072//3880 353//3880 115//3880
f 2073//3881 2072//3881 115//3881
f 2073//3882 115//3882 1648//3882
f 113//3883 2074//3883 2073//3883
f 113//3884 2073//3884 1648//3884
f 2075//3885 2186//3885 2187//3885
f 2075//3886 2187//3886 1176//3886
f 2076//3887 2075//3887 1176//3887
f 2076//3888 1176//3888 1145//3888
f 109//3889 2077//3889 2076//3889
f 109//3890 2076//3890 1145//3890
f 1303//3891 1304//3891 2078//3891
f 1303//3892 2078//3892 950//3892
f 7//3893 2080//3893 2079//3893
f 7//3894 2079//3894 1307//3894
f 933//3895 2081//3895 2080//3895
f 933//3896 2080//3896 7//3896
f 2083//3897 2082//3897 2070//3897
f 2083//3898 2070//3898 2071//3898
f 2085//3899 2084//3899 2072//3899
f 2085//3900 2072//3900 2073//3900
f 2087//3901 2185//3901 2186//3901
f 2087//3902 2186//3902 2075//3902
f 2076//3903 2088//3903 2087//3903
f 2076//3904 2087//3904 2075//3904
f 2089//3905 2088//3905 2076//3905
f 2089//3906 2076//3906 2077//3906
f 1304//3907 2091//3907 2090//3907
f 1304//3908 2090//3908 2078//3908
f 932//3909 1322//3909 1318//3909
f 932//3910 1318//3910 2081//3910
f 931//3911 932//3911 2081//3911
f 931//3912 2081//3912 933//3912
f 1387//3913 931//3913 933//3913
f 1387//3914 933//3914 1388//3914
f 978//3915 1387//3915 1388//3915
f 978//3916 1388//3916 979//3916
f 1209//3917 1208//3917 1212//3917
f 1209//3918 1212//3918 2092//3918
f 1663//3919 2092//3919 1212//3919
f 1663//3920 1212//3920 1662//3920
f 1663//3921 1662//3921 2093//3921
f 1663//3922 2093//3922 2094//3922
f 1663//3923 2094//3923 1664//3923
f 1663//3924 1664//3924 421//3924
f 2094//3925 2093//3925 2095//3925
f 2094//3926 2095//3926 2096//3926
f 2094//3927 2096//3927 420//3927
f 2094//3928 420//3928 1664//3928
f 2096//3929 2095//3929 1776//3929
f 2096//3930 1776//3930 1777//3930
f 420//3931 2096//3931 1777//3931
f 420//3932 1777//3932 1778//3932
f 1049//3933 1195//3933 2098//3933
f 1049//3934 2098//3934 2097//3934
f 232//3935 2099//3935 2098//3935
f 232//3936 2098//3936 1195//3936
f 2100//3937 2099//3937 232//3937
f 2100//3938 232//3938 865//3938
f 853//3939 2101//3939 2100//3939
f 853//3940 2100//3940 865//3940
f 231//3941 2102//3941 2101//3941
f 231//3942 2101//3942 853//3942
f 231//3943 1638//3943 2103//3943
f 231//3944 2103//3944 2102//3944
f 1638//3945 1184//3945 2104//3945
f 1638//3946 2104//3946 2103//3946
f 248//3947 2105//3947 2104//3947
f 248//3948 2104//3948 1184//3948
f 248//3949 247//3949 2106//3949
f 248//3950 2106//3950 2105//3950
f 247//3951 257//3951 2107//3951
f 247//3952 2107//3952 2106//3952
f 2108//3953 2107//3953 257//3953
f 2108//3954 257//3954 716//3954
f 716//3955 256//3955 2109//3955
f 716//3956 2109//3956 2108//3956
f 731//3957 2110//3957 2109//3957
f 731//3958 2109//3958 256//3958
f 731//3959 267//3959 2111//3959
f 731//3960 2111//3960 2110//3960
f 267//3961 279//3961 2112//3961
f 267//3962 2112//3962 2111//3962
f 2113//3963 2112//3963 279//3963
f 2113//3964 279//3964 285//3964
f 285//3965 295//3965 2114//3965
f 285//3966 2114//3966 2113//3966
f 294//3967 2115//3967 2114//3967
f 294//3968 2114//3968 295//3968
f 998//3969 2116//3969 2115//3969
f 998//3970 2115//3970 294//3970
f 1953//3971 2117//3971 2116//3971
f 1953//3972 2116//3972 998//3972
f 308//3973 2118//3973 2117//3973
f 308//3974 2117//3974 1953//3974
f 309//3975 2119//3975 2118//3975
f 309//3976 2118//3976 308//3976
f 2120//3977 2119//3977 309//3977
f 2120//3978 309//3978 1007//3978
f 492//3979 2121//3979 2120//3979
f 492//3980 2120//3980 1007//3980
f 492//3981 317//3981 2122//3981
f 492//3982 2122//3982 2121//3982
f 1982//3983 2123//3983 2122//3983
f 1982//3984 2122//3984 317//3984
f 480//3985 2124//3985 2123//3985
f 480//3986 2123//3986 1982//3986
f 2125//3987 2124//3987 480//3987
f 2125//3988 480//3988 1029//3988
f 1912//3989 2126//3989 2125//3989
f 1912//3990 2125//3990 1029//3990
f 2127//3991 2126//3991 1912//3991
f 2127//3992 1912//3992 328//3992
f 328//3993 329//3993 2128//3993
f 328//3994 2128//3994 2127//3994
f 329//3995 1421//3995 2129//3995
f 329//3996 2129//3996 2128//3996
f 2046//3997 2130//3997 2129//3997
f 2046//3998 2129//3998 1421//3998
f 2131//3999 2130//3999 2046//3999
f 2131//4000 2046//4000 1315//4000
f 2132//4001 2131//4001 1315//4001
f 2132//4002 1315//4002 2025//4002
f 2133//4003 2132//4003 2025//4003
f 2133//4004 2025//4004 436//4004
f 2134//4005 2133//4005 436//4005
f 2134//4006 436//4006 1432//4006
f 1256//4007 2135//4007 2134//4007
f 1256//4008 2134//4008 1432//4008
f 1255//4009 2136//4009 2135//4009
f 1255//4010 2135//4010 1256//4010
f 2137//4011 2136//4011 1255//4011
f 2137//4012 1255//4012 439//4012
f 2138//4013 2137//4013 439//4013
f 2138//4014 439//4014 1398//4014
f 2139//4015 2138//4015 1398//4015
f 2139//4016 1398//4016 973//4016
f 1775//4017 1776//4017 2095//4017
f 1775//4018 2095//4018 2140//4018
f 1774//4019 1775//4019 2140//4019
f 1774//4020 2140//4020 2141//4020
f 1773//4021 1774//4021 2141//4021
f 1773//4022 2141//4022 2142//4022
f 1772//4023 1773//4023 2142//4023
f 1772//4024 2142//4024 2097//4024
f 2144//4025 2143//4025 1338//4025
f 2144//4026 1338//4026 1058//4026
f 2145//4027 2144//4027 1058//4027
f 2145//4028 1058//4028 1065//4028
f 2146//4029 2145//4029 1065//4029
f 2146//4030 1065//4030 1072//4030
f 2147//4031 2146//4031 1072//4031
f 2147//4032 1072//4032 1079//4032
f 1086//4033 2148//4033 2147//4033
f 1086//4034 2147//4034 1079//4034
f 2149//4035 2148//4035 1086//4035
f 2149//4036 1086//4036 1130//4036
f 2150//4037 2149//4037 1130//4037
f 2150//4038 1130//4038 1161//4038
f 2167//4039 2168//4039 2150//4039
f 2167//4040 2150//4040 1161//4040
f 2151//4041 1151//4041 1156//4041
f 2151//4042 1156//4042 2152//4042
f 2153//4043 2152//4043 1156//4043
f 2153//4044 1156//4044 1202//4044
f 2154//4045 2153//4045 1202//4045
f 2154//4046 1202//4046 1206//4046
f 2155//4047 2154//4047 1206//4047
f 2155//4048 1206//4048 1210//4048
f 2156//4049 2155//4049 1210//4049
f 2156//4050 1210//4050 1213//4050
f 1213//4051 1661//4051 2157//4051
f 1213//4052 2157//4052 2156//4052
f 1659//4053 1049//4053 2158//4053
f 1659//4054 2158//4054 1660//4054
f 2158//4055 1049//4055 2097//4055
f 2158//4056 2097//4056 2142//4056
f 1660//4057 2158//4057 2159//4057
f 1660//4058 2159//4058 1661//4058
f 2159//4059 2158//4059 2142//4059
f 2159//4060 2142//4060 2141//4060
f 2141//4061 2140//4061 2160//4061
f 2141//4062 2160//4062 2159//4062
f 2160//4063 2140//4063 2095//4063
f 2160//4064 2095//4064 2093//4064
f 2157//4065 1661//4065 2159//4065
f 2157//4066 2159//4066 2160//4066
f 1662//4067 2157//4067 2160//4067
f 1662//4068 2160//4068 2093//4068
f 1245//4069 1246//4069 1189//4069
f 1245//4070 1189//4070 2161//4070
f 2161//4071 1189//4071 858//4071
f 2161//4072 858//4072 2162//4072
f 2162//4073 858//4073 857//4073
f 2162//4074 857//4074 869//4074
f 2163//4075 2162//4075 869//4075
f 2163//4076 869//4076 40//4076
f 1190//4077 2163//4077 40//4077
f 1190//4078 40//4078 1191//4078
f 1199//4079 1153//4079 2165//4079
f 1199//4080 2165//4080 2164//4080
f 1153//4081 1152//4081 2166//4081
f 1153//4082 2166//4082 2165//4082
f 1152//4083 1151//4083 2167//4083
f 1152//4084 2167//4084 2166//4084
f 1151//4085 2151//4085 2168//4085
f 1151//4086 2168//4086 2167//4086
f 2169//4087 2168//4087 2151//4087
f 2169//4088 2151//4088 1149//4088
f 1149//4089 1150//4089 2170//4089
f 1149//4090 2170//4090 2169//4090
f 2171//4091 2170//4091 1150//4091
f 2171//4092 1150//4092 910//4092
f 2219//4093 2220//4093 2171//4093
f 2219//4094 2171//4094 910//4094
f 2172//4095 2220//4095 2219//4095
f 2172//4096 2219//4096 30//4096
f 2173//4097 2172//4097 30//4097
f 2173//4098 30//4098 28//4098
f 28//4099 63//4099 2174//4099
f 28//4100 2174//4100 2173//4100
f 63//4101 67//4101 2175//4101
f 63//4102 2175//4102 2174//4102
f 67//4103 66//4103 2176//4103
f 67//4104 2176//4104 2175//4104
f 2177//4105 2176//4105 66//4105
f 2177//4106 66//4106 461//4106
f 2178//4107 2177//4107 461//4107
f 2178//4108 461//4108 92//4108
f 92//4109 91//4109 2179//4109
f 92//4110 2179//4110 2178//4110
f 2180//4111 2179//4111 91//4111
f 2180//4112 91//4112 90//4112
f 93//4113 2181//4113 2180//4113
f 93//4114 2180//4114 90//4114
f 93//4115 96//4115 2182//4115
f 93//4116 2182//4116 2181//4116
f 96//4117 117//4117 2183//4117
f 96//4118 2183//4118 2182//4118
f 117//4119 111//4119 2184//4119
f 117//4120 2184//4120 2183//4120
f 2086//4121 2185//4121 2184//4121
f 2086//4122 2184//4122 111//4122
f 2186//4123 2185//4123 2086//4123
f 2186//4124 2086//4124 2074//4124
f 2187//4125 2186//4125 2074//4125
f 2187//4126 2074//4126 113//4126
f 113//4127 4547//4127 4548//4127
f 113//4128 4548//4128 2187//4128
f 112//4129 116//4129 2189//4129
f 112//4130 2189//4130 2188//4130
f 2190//4131 2189//4131 116//4131
f 2190//4132 116//4132 5//4132
f 2164//4133 1158//4133 1106//4133
f 2164//4134 1106//4134 1109//4134
f 1190//4135 1199//4135 1244//4135
f 1190//4136 1244//4136 2163//4136
f 1109//4137 1112//4137 2191//4137
f 1109//4138 2191//4138 2164//4138
f 2164//4139 2191//4139 1244//4139
f 2164//4140 1244//4140 1199//4140
f 877//4141 2193//4141 2192//4141
f 877//4142 2192//4142 970//4142
f 2194//4143 2193//4143 877//4143
f 2194//4144 877//4144 304//4144
f 2195//4145 2194//4145 304//4145
f 2195//4146 304//4146 1496//4146
f 1446//4147 2196//4147 2195//4147
f 1446//4148 2195//4148 1496//4148
f 2197//4149 2196//4149 1446//4149
f 2197//4150 1446//4150 1445//4150
f 2198//4151 2197//4151 1445//4151
f 2198//4152 1445//4152 331//4152
f 331//4153 810//4153 2199//4153
f 331//4154 2199//4154 2198//4154
f 2200//4155 2199//4155 810//4155
f 2200//4156 810//4156 805//4156
f 2201//4157 2200//4157 805//4157
f 2201//4158 805//4158 251//4158
f 2202//4159 2201//4159 251//4159
f 2202//4160 251//4160 261//4160
f 2203//4161 2202//4161 261//4161
f 2203//4162 261//4162 280//4162
f 2204//4163 2203//4163 280//4163
f 2204//4164 280//4164 769//4164
f 218//4165 2204//4165 769//4165
f 218//4166 769//4166 774//4166
f 2230//4167 2229//4167 107//4167
f 2230//4168 107//4168 522//4168
f 522//4169 894//4169 2231//4169
f 522//4170 2231//4170 2230//4170
f 894//4171 887//4171 2232//4171
f 894//4172 2232//4172 2231//4172
f 598//4173 2233//4173 2232//4173
f 598//4174 2232//4174 887//4174
f 2234//4175 2233//4175 598//4175
f 2234//4176 598//4176 621//4176
f 1529//4177 2235//4177 2234//4177
f 1529//4178 2234//4178 621//4178
f 2236//4179 2235//4179 1529//4179
f 2236//4180 1529//4180 622//4180
f 2237//4181 2236//4181 622//4181
f 2237//4182 622//4182 623//4182
f 676//4183 2238//4183 2237//4183
f 676//4184 2237//4184 623//4184
f 2239//4185 2238//4185 676//4185
f 2239//4186 676//4186 675//4186
f 1375//4187 2240//4187 2239//4187
f 1375//4188 2239//4188 675//4188
f 1585//4189 2241//4189 2240//4189
f 1585//4190 2240//4190 1375//4190
f 1567//4191 2242//4191 2241//4191
f 1567//4192 2241//4192 1585//4192
f 2244//4193 2243//4193 1548//4193
f 2244//4194 1548//4194 1508//4194
f 2245//4195 2244//4195 1508//4195
f 2245//4196 1508//4196 571//4196
f 2246//4197 2245//4197 571//4197
f 2246//4198 571//4198 568//4198
f 2247//4199 2246//4199 568//4199
f 2247//4200 568//4200 712//4200
f 2248//4201 2247//4201 712//4201
f 2248//4202 712//4202 1126//4202
f 2249//4203 2248//4203 1126//4203
f 2249//4204 1126//4204 1125//4204
f 2249//4205 1125//4205 1123//4205
f 2249//4206 1123//4206 2250//4206
f 2250//4207 1123//4207 1122//4207
f 2250//4208 1122//4208 1631//4208
f 1630//4209 2250//4209 1631//4209
f 1630//4210 1631//4210 1247//4210
f 1118//4211 1630//4211 1247//4211
f 1118//4212 1247//4212 1246//4212
f 1115//4213 1118//4213 1246//4213
f 1115//4214 1246//4214 1245//4214
f 2163//4215 1244//4215 2161//4215
f 2163//4216 2161//4216 2162//4216
f 1244//4217 2191//4217 1245//4217
f 1244//4218 1245//4218 2161//4218
f 1245//4219 2191//4219 1112//4219
f 1245//4220 1112//4220 1115//4220
f 1410//4221 1408//4221 209//4221
f 1410//4222 209//4222 471//4222
f 1408//4223 1407//4223 772//4223
f 1408//4224 772//4224 209//4224
f 1407//4225 1409//4225 773//4225
f 1407//4226 773//4226 772//4226
f 1409//4227 763//4227 774//4227
f 1409//4228 774//4228 773//4228
f 763//4229 762//4229 218//4229
f 763//4230 218//4230 774//4230
f 3115//4231 3114//4231 3112//4231
f 3115//4232 3112//4232 2253//4232
f 3112//4233 3706//4233 3707//4233
f 3112//4234 3707//4234 2253//4234
f 2259//4235 2258//4235 3409//4235
f 2259//4236 3409//4236 3408//4236
f 2262//4237 2267//4237 2264//4237
f 2262//4238 2264//4238 2261//4238
f 2265//4239 2263//4239 2261//4239
f 2265//4240 2261//4240 2264//4240
f 2266//4241 2270//4241 2267//4241
f 2266//4242 2267//4242 2262//4242
f 2308//4243 2264//4243 2267//4243
f 2308//4244 2267//4244 2304//4244
f 3149//4245 3419//4245 3374//4245
f 3149//4246 3374//4246 3150//4246
f 3150//4247 3374//4247 3369//4247
f 3150//4248 3369//4248 3151//4248
f 2271//4249 2268//4249 4409//4249
f 2271//4250 4409//4250 4410//4250
f 2304//4251 2267//4251 2270//4251
f 2304//4252 2270//4252 2269//4252
f 3384//4253 4365//4253 4411//4253
f 3384//4254 4411//4254 4412//4254
f 2268//4255 2272//4255 4408//4255
f 2268//4256 4408//4256 4409//4256
f 3842//4257 2280//4257 2279//4257
f 3842//4258 2279//4258 3843//4258
f 2274//4259 2291//4259 2277//4259
f 2274//4260 2277//4260 2273//4260
f 2275//4261 2290//4261 2291//4261
f 2275//4262 2291//4262 2274//4262
f 2275//4263 2961//4263 2962//4263
f 2275//4264 2962//4264 2290//4264
f 2977//4265 2976//4265 2624//4265
f 2977//4266 2624//4266 2283//4266
f 2277//4267 3341//4267 3398//4267
f 2277//4268 3398//4268 2273//4268
f 2278//4269 3344//4269 3341//4269
f 2278//4270 3341//4270 2277//4270
f 3098//4271 2279//4271 2280//4271
f 3098//4272 2280//4272 3099//4272
f 2283//4273 2624//4273 2625//4273
f 2283//4274 2625//4274 2282//4274
f 2285//4275 2283//4275 2282//4275
f 2285//4276 2282//4276 2284//4276
f 2978//4277 2977//4277 2283//4277
f 2978//4278 2283//4278 2285//4278
f 2288//4279 2963//4279 2964//4279
f 2288//4280 2964//4280 2294//4280
f 2288//4281 2294//4281 2292//4281
f 2288//4282 2292//4282 2289//4282
f 2289//4283 2291//4283 2290//4283
f 2289//4284 2290//4284 2288//4284
f 2278//4285 2277//4285 2291//4285
f 2278//4286 2291//4286 2289//4286
f 2289//4287 2292//4287 2293//4287
f 2289//4288 2293//4288 2278//4288
f 2293//4289 3342//4289 3344//4289
f 2293//4290 3344//4290 2278//4290
f 2293//4291 2292//4291 2779//4291
f 2293//4292 2779//4292 2780//4292
f 2780//4293 3343//4293 3342//4293
f 2780//4294 3342//4294 2293//4294
f 2285//4295 2297//4295 2979//4295
f 2285//4296 2979//4296 2978//4296
f 2285//4297 2284//4297 2296//4297
f 2285//4298 2296//4298 2297//4298
f 2776//4299 2980//4299 2979//4299
f 2776//4300 2979//4300 2297//4300
f 2294//4301 2964//4301 2965//4301
f 2294//4302 2965//4302 2778//4302
f 2302//4303 2296//4303 2284//4303
f 2302//4304 2284//4304 2298//4304
f 2298//4305 2301//4305 2299//4305
f 2298//4306 2299//4306 2300//4306
f 2300//4307 2303//4307 2302//4307
f 2300//4308 2302//4308 2298//4308
f 2284//4309 2282//4309 2301//4309
f 2284//4310 2301//4310 2298//4310
f 2625//4311 2626//4311 2301//4311
f 2625//4312 2301//4312 2282//4312
f 2774//4313 2775//4313 2296//4313
f 2774//4314 2296//4314 2302//4314
f 2302//4315 2303//4315 2773//4315
f 2302//4316 2773//4316 2774//4316
f 2301//4317 2626//4317 2627//4317
f 2301//4318 2627//4318 2299//4318
f 4366//4319 3385//4319 3386//4319
f 4366//4320 3386//4320 4367//4320
f 3356//4321 2315//4321 2305//4321
f 3356//4322 2305//4322 3357//4322
f 4368//4323 3387//4323 3388//4323
f 4368//4324 3388//4324 4369//4324
f 3357//4325 2305//4325 2306//4325
f 3357//4326 2306//4326 3358//4326
f 2310//4327 3361//4327 3487//4327
f 2310//4328 3487//4328 3486//4328
f 2311//4329 3362//4329 3361//4329
f 2311//4330 3361//4330 2310//4330
f 2312//4331 3363//4331 3362//4331
f 2312//4332 3362//4332 2311//4332
f 2313//4333 3364//4333 3363//4333
f 2313//4334 3363//4334 2312//4334
f 2316//4335 2317//4335 2314//4335
f 2316//4336 2314//4336 2315//4336
f 2329//4337 2318//4337 2314//4337
f 2329//4338 2314//4338 2317//4338
f 3355//4339 2316//4339 2315//4339
f 3355//4340 2315//4340 3356//4340
f 4367//4341 3386//4341 3387//4341
f 4367//4342 3387//4342 4368//4342
f 2307//4343 2265//4343 2264//4343
f 2307//4344 2264//4344 2308//4344
f 4147//4345 3213//4345 3214//4345
f 4147//4346 3214//4346 4148//4346
f 2630//4347 3231//4347 3232//4347
f 2630//4348 3232//4348 2320//4348
f 2725//4349 3253//4349 3254//4349
f 2725//4350 3254//4350 2726//4350
f 2320//4351 3232//4351 3233//4351
f 2320//4352 3233//4352 2322//4352
f 4146//4353 3212//4353 3213//4353
f 4146//4354 3213//4354 4147//4354
f 2628//4355 3214//4355 3213//4355
f 2628//4356 3213//4356 2324//4356
f 2325//4357 2300//4357 2299//4357
f 2325//4358 2299//4358 2324//4358
f 2324//4359 2299//4359 2627//4359
f 2324//4360 2627//4360 2628//4360
f 2326//4361 3354//4361 4413//4361
f 2326//4362 4413//4362 4414//4362
f 2327//4363 2326//4363 4414//4363
f 2327//4364 4414//4364 4415//4364
f 2328//4365 2327//4365 4415//4365
f 2328//4366 4415//4366 4416//4366
f 3859//4367 2335//4367 2336//4367
f 3859//4368 2336//4368 3860//4368
f 2335//4369 3859//4369 3858//4369
f 2335//4370 3858//4370 2338//4370
f 2339//4371 3861//4371 3860//4371
f 2339//4372 3860//4372 2336//4372
f 2342//4373 2303//4373 2300//4373
f 2342//4374 2300//4374 2325//4374
f 3211//4375 2342//4375 2325//4375
f 3211//4376 2325//4376 3212//4376
f 3210//4377 2772//4377 2342//4377
f 3210//4378 2342//4378 3211//4378
f 4144//4379 3210//4379 3211//4379
f 4144//4380 3211//4380 4145//4380
f 4145//4381 3211//4381 3212//4381
f 4145//4382 3212//4382 4146//4382
f 2322//4383 3233//4383 3234//4383
f 2322//4384 3234//4384 2341//4384
f 2341//4385 3234//4385 3235//4385
f 2341//4386 3235//4386 2770//4386
f 2772//4387 2773//4387 2303//4387
f 2772//4388 2303//4388 2342//4388
f 2292//4389 2294//4389 2778//4389
f 2292//4390 2778//4390 2779//4390
f 2776//4391 2297//4391 2296//4391
f 2776//4392 2296//4392 2775//4392
f 2343//4393 2328//4393 4416//4393
f 2343//4394 4416//4394 4417//4394
f 2325//4395 2324//4395 3213//4395
f 2325//4396 3213//4396 3212//4396
f 4117//4397 2364//4397 2365//4397
f 4117//4398 2365//4398 4118//4398
f 4120//4399 2363//4399 2766//4399
f 4120//4400 2766//4400 4121//4400
f 4119//4401 2366//4401 2363//4401
f 4119//4402 2363//4402 4120//4402
f 2727//4403 3255//4403 3256//4403
f 2727//4404 3256//4404 2728//4404
f 2728//4405 3256//4405 3257//4405
f 2728//4406 3257//4406 2767//4406
f 2726//4407 3254//4407 3255//4407
f 2726//4408 3255//4408 2727//4408
f 3267//4409 2345//4409 3541//4409
f 3267//4410 3541//4410 4192//4410
f 2349//4411 2762//4411 4421//4411
f 2349//4412 4421//4412 4420//4412
f 2349//4413 3153//4413 3152//4413
f 2349//4414 3152//4414 2762//4414
f 2313//4415 4283//4415 4282//4415
f 2313//4416 4282//4416 3364//4416
f 4533//4417 4534//4417 3365//4417
f 4533//4418 3365//4418 2350//4418
f 2371//4419 6//4419 1148//4419
f 2371//4420 1148//4420 3367//4420
f 4377//4421 3394//4421 4281//4421
f 4377//4422 4281//4422 4378//4422
f 4380//4423 3395//4423 4535//4423
f 4380//4424 4535//4424 4536//4424
f 4538//4425 4539//4425 2356//4425
f 4538//4426 2356//4426 3855//4426
f 4278//4427 2360//4427 3856//4427
f 4278//4428 3856//4428 4279//4428
f 4381//4429 3396//4429 3397//4429
f 4381//4430 3397//4430 4382//4430
f 4375//4431 3392//4431 3393//4431
f 4375//4432 3393//4432 4376//4432
f 2338//4433 3858//4433 3857//4433
f 2338//4434 3857//4434 2359//4434
f 3856//4435 2360//4435 2359//4435
f 3856//4436 2359//4436 3857//4436
f 4376//4437 3393//4437 3394//4437
f 4376//4438 3394//4438 4377//4438
f 4374//4439 3391//4439 3392//4439
f 4374//4440 3392//4440 4375//4440
f 2764//4441 3827//4441 3829//4441
f 2764//4442 3829//4442 3540//4442
f 2345//4443 2344//4443 3542//4443
f 2345//4444 3542//4444 3541//4444
f 4118//4445 2365//4445 2366//4445
f 4118//4446 2366//4446 4119//4446
f 2363//4447 2367//4447 2765//4447
f 2363//4448 2765//4448 2766//4448
f 2368//4449 2369//4449 2365//4449
f 2368//4450 2365//4450 2364//4450
f 2366//4451 2365//4451 2369//4451
f 2366//4452 2369//4452 2370//4452
f 2370//4453 2367//4453 2363//4453
f 2370//4454 2363//4454 2366//4454
f 3143//4455 3578//4455 3577//4455
f 3143//4456 3577//4456 3539//4456
f 3576//4457 3173//4457 3539//4457
f 3576//4458 3539//4458 3577//4458
f 3575//4459 3172//4459 3173//4459
f 3575//4460 3173//4460 3576//4460
f 2371//4461 3367//4461 3366//4461
f 2371//4462 3366//4462 2351//4462
f 3397//4463 1179//4463 2190//4463
f 3397//4464 2190//4464 4382//4464
f 3853//4465 2372//4465 2355//4465
f 3853//4466 2355//4466 3854//4466
f 1645//4467 4//4467 2372//4467
f 1645//4468 2372//4468 3853//4468
f 2373//4469 2374//4469 2379//4469
f 2373//4470 2379//4470 2378//4470
f 2381//4471 2386//4471 2380//4471
f 2381//4472 2380//4472 2375//4472
f 2378//4473 2381//4473 2375//4473
f 2378//4474 2375//4474 2373//4474
f 2383//4475 2379//4475 2374//4475
f 2383//4476 2374//4476 2376//4476
f 2383//4477 2376//4477 2377//4477
f 2383//4478 2377//4478 2384//4478
f 2760//4479 2743//4479 2742//4479
f 2760//4480 2742//4480 2761//4480
f 2385//4481 2380//4481 2386//4481
f 2385//4482 2386//4482 2390//4482
f 2392//4483 2388//4483 2389//4483
f 2392//4484 2389//4484 2391//4484
f 2391//4485 2389//4485 2385//4485
f 2391//4486 2385//4486 2390//4486
f 2394//4487 2397//4487 2398//4487
f 2394//4488 2398//4488 2393//4488
f 2382//4489 2400//4489 2399//4489
f 2382//4490 2399//4490 2387//4490
f 2405//4491 2399//4491 2400//4491
f 2405//4492 2400//4492 2404//4492
f 2409//4493 2646//4493 2643//4493
f 2409//4494 2643//4494 2395//4494
f 2395//4495 2401//4495 2411//4495
f 2395//4496 2411//4496 2409//4496
f 2403//4497 4277//4497 4276//4497
f 2403//4498 4276//4498 2396//4498
f 2410//4499 2406//4499 2399//4499
f 2410//4500 2399//4500 2405//4500
f 2402//4501 2412//4501 2411//4501
f 2402//4502 2411//4502 2401//4502
f 2407//4503 2416//4503 2412//4503
f 2407//4504 2412//4504 2402//4504
f 2759//4505 2758//4505 2745//4505
f 2759//4506 2745//4506 2744//4506
f 2414//4507 2699//4507 2700//4507
f 2414//4508 2700//4508 2415//4508
f 2415//4509 2419//4509 2418//4509
f 2415//4510 2418//4510 2414//4510
f 2408//4511 2406//4511 2421//4511
f 2408//4512 2421//4512 2417//4512
f 2429//4513 2421//4513 2406//4513
f 2429//4514 2406//4514 2410//4514
f 2419//4515 2427//4515 2426//4515
f 2419//4516 2426//4516 2418//4516
f 2420//4517 2698//4517 2699//4517
f 2420//4518 2699//4518 2414//4518
f 2747//4519 2756//4519 2755//4519
f 2747//4520 2755//4520 2748//4520
f 2427//4521 2435//4521 2434//4521
f 2427//4522 2434//4522 2426//4522
f 2420//4523 2414//4523 2418//4523
f 2420//4524 2418//4524 2428//4524
f 2422//4525 2431//4525 2430//4525
f 2422//4526 2430//4526 2423//4526
f 2438//4527 2430//4527 2431//4527
f 2438//4528 2431//4528 2437//4528
f 2749//4529 2748//4529 2755//4529
f 2749//4530 2755//4530 2754//4530
f 2754//4531 2753//4531 2750//4531
f 2754//4532 2750//4532 2749//4532
f 2435//4533 2443//4533 2442//4533
f 2435//4534 2442//4534 2434//4534
f 2428//4535 2418//4535 2426//4535
f 2428//4536 2426//4536 2436//4536
f 2445//4537 2996//4537 2698//4537
f 2445//4538 2698//4538 2420//4538
f 2420//4539 2428//4539 2449//4539
f 2420//4540 2449//4540 2445//4540
f 2432//4541 2439//4541 2447//4541
f 2432//4542 2447//4542 2440//4542
f 2423//4543 2430//4543 2439//4543
f 2423//4544 2439//4544 2432//4544
f 2446//4545 2439//4545 2430//4545
f 2446//4546 2430//4546 2438//4546
f 2451//4547 2447//4547 2439//4547
f 2451//4548 2439//4548 2446//4548
f 3147//4549 3427//4549 3423//4549
f 3147//4550 3423//4550 3148//4550
f 2443//4551 3718//4551 2693//4551
f 2443//4552 2693//4552 2442//4552
f 2436//4553 2426//4553 2434//4553
f 2436//4554 2434//4554 2444//4554
f 2428//4555 2436//4555 2454//4555
f 2428//4556 2454//4556 2449//4556
f 2444//4557 2434//4557 2442//4557
f 2444//4558 2442//4558 2448//4558
f 2442//4559 2693//4559 2639//4559
f 2442//4560 2639//4560 2448//4560
f 2436//4561 2444//4561 2458//4561
f 2436//4562 2458//4562 2454//4562
f 2444//4563 2448//4563 2599//4563
f 2444//4564 2599//4564 2458//4564
f 2446//4565 3678//4565 3677//4565
f 2446//4566 3677//4566 2451//4566
f 2650//4567 2455//4567 4399//4567
f 2650//4568 4399//4568 4400//4568
f 2457//4569 3410//4569 3411//4569
f 2457//4570 3411//4570 2456//4570
f 2453//4571 2452//4571 3411//4571
f 2453//4572 3411//4572 3410//4572
f 2455//4573 3676//4573 4398//4573
f 2455//4574 4398//4574 4399//4574
f 2605//4575 3179//4575 3178//4575
f 2605//4576 3178//4576 2462//4576
f 3097//4577 3096//4577 2460//4577
f 3097//4578 2460//4578 2461//4578
f 2462//4579 3178//4579 3675//4579
f 2462//4580 3675//4580 3674//4580
f 2460//4581 3845//4581 3844//4581
f 2460//4582 3844//4582 2461//4582
f 3874//4583 2605//4583 2462//4583
f 3874//4584 2462//4584 3875//4584
f 3984//4585 2604//4585 2464//4585
f 3984//4586 2464//4586 3923//4586
f 2466//4587 2467//4587 2468//4587
f 2466//4588 2468//4588 2465//4588
f 3399//4589 3400//4589 2465//4589
f 3399//4590 2465//4590 2468//4590
f 2469//4591 3006//4591 4395//4591
f 2469//4592 4395//4592 4394//4592
f 3673//4593 3924//4593 3923//4593
f 3673//4594 3923//4594 2464//4594
f 3875//4595 2462//4595 3674//4595
f 3875//4596 3674//4596 3876//4596
f 2479//4597 2610//4597 2611//4597
f 2479//4598 2611//4598 2471//4598
f 3922//4599 2665//4599 3095//4599
f 3922//4600 3095//4600 3862//4600
f 4295//4601 3971//4601 3970//4601
f 4295//4602 3970//4602 4296//4602
f 2960//4603 2477//4603 2474//4603
f 2960//4604 2474//4604 2959//4604
f 2466//4605 2474//4605 2477//4605
f 2466//4606 2477//4606 2467//4606
f 3672//4607 3671//4607 2479//4607
f 3672//4608 2479//4608 2471//4608
f 2612//4609 2613//4609 2610//4609
f 2612//4610 2610//4610 2479//4610
f 3093//4611 3092//4611 2486//4611
f 3093//4612 2486//4612 2480//4612
f 4296//4613 3970//4613 3969//4613
f 4296//4614 3969//4614 4297//4614
f 2665//4615 3922//4615 3921//4615
f 2665//4616 3921//4616 3846//4616
f 2975//4617 2974//4617 2482//4617
f 2975//4618 2482//4618 2483//4618
f 2484//4619 2679//4619 4393//4619
f 2484//4620 4393//4620 4392//4620
f 3671//4621 3670//4621 2612//4621
f 3671//4622 2612//4622 2479//4622
f 3849//4623 3848//4623 2480//4623
f 3849//4624 2480//4624 2486//4624
f 3092//4625 3091//4625 2495//4625
f 3092//4626 2495//4626 2486//4626
f 4299//4627 3967//4627 3966//4627
f 4299//4628 3966//4628 4300//4628
f 3918//4629 2667//4629 2666//4629
f 3918//4630 2666//4630 3919//4630
f 2666//4631 3401//4631 3920//4631
f 2666//4632 3920//4632 3919//4632
f 4298//4633 3968//4633 3967//4633
f 4298//4634 3967//4634 4299//4634
f 2490//4635 2499//4635 2500//4635
f 2490//4636 2500//4636 2491//4636
f 2482//4637 2490//4637 2491//4637
f 2482//4638 2491//4638 2483//4638
f 2486//4639 2495//4639 3850//4639
f 2486//4640 3850//4640 3849//4640
f 2494//4641 2505//4641 2504//4641
f 2494//4642 2504//4642 2493//4642
f 2494//4643 3403//4643 3404//4643
f 2494//4644 3404//4644 2505//4644
f 3091//4645 4086//4645 4085//4645
f 3091//4646 4085//4646 2495//4646
f 3964//4647 4302//4647 4301//4647
f 3964//4648 4301//4648 3965//4648
f 3916//4649 2958//4649 2668//4649
f 3916//4650 2668//4650 3917//4650
f 3917//4651 2668//4651 2667//4651
f 3917//4652 2667//4652 3918//4652
f 4300//4653 3966//4653 3965//4653
f 4300//4654 3965//4654 4301//4654
f 2492//4655 2502//4655 2513//4655
f 2492//4656 2513//4656 2501//4656
f 3930//4657 3882//4657 3883//4657
f 3930//4658 3883//4658 3931//4658
f 2505//4659 3404//4659 3405//4659
f 2505//4660 3405//4660 2516//4660
f 2505//4661 2516//4661 2515//4661
f 2505//4662 2515//4662 2504//4662
f 2495//4663 4085//4663 4084//4663
f 2495//4664 4084//4664 3850//4664
f 2518//4665 2955//4665 2956//4665
f 2518//4666 2956//4666 2507//4666
f 2493//4667 2504//4667 2518//4667
f 2493//4668 2518//4668 2507//4668
f 3913//4669 2670//4669 2973//4669
f 3913//4670 2973//4670 3914//4670
f 4304//4671 3962//4671 3961//4671
f 4304//4672 3961//4672 4305//4672
f 2511//4673 2512//4673 2509//4673
f 2511//4674 2509//4674 2510//4674
f 2499//4675 2509//4675 2512//4675
f 2499//4676 2512//4676 2500//4676
f 2516//4677 4082//4677 4081//4677
f 2516//4678 4081//4678 2515//4678
f 2523//4679 2954//4679 2955//4679
f 2523//4680 2955//4680 2518//4680
f 2504//4681 2515//4681 2523//4681
f 2504//4682 2523//4682 2518//4682
f 2971//4683 2970//4683 2524//4683
f 2971//4684 2524//4684 2519//4684
f 3959//4685 4307//4685 4306//4685
f 3959//4686 4306//4686 3960//4686
f 3911//4687 2672//4687 2671//4687
f 3911//4688 2671//4688 3912//4688
f 3912//4689 2671//4689 2670//4689
f 3912//4690 2670//4690 3913//4690
f 4305//4691 3961//4691 3960//4691
f 4305//4692 3960//4692 4306//4692
f 3215//4693 2511//4693 2510//4693
f 3215//4694 2510//4694 3216//4694
f 3937//4695 3889//4695 3890//4695
f 3937//4696 3890//4696 3938//4696
f 3708//4697 3057//4697 2253//4697
f 3708//4698 2253//4698 3707//4698
f 2502//4699 2521//4699 2531//4699
f 2502//4700 2531//4700 2513//4700
f 2679//4701 2469//4701 4394//4701
f 2679//4702 4394//4702 4393//4702
f 2515//4703 4081//4703 4080//4703
f 2515//4704 4080//4704 2523//4704
f 4079//4705 2954//4705 2523//4705
f 4079//4706 2523//4706 4080//4706
f 2970//4707 2969//4707 2532//4707
f 2970//4708 2532//4708 2524//4708
f 2533//4709 2540//4709 2534//4709
f 2533//4710 2534//4710 2525//4710
f 2519//4711 2524//4711 2533//4711
f 2519//4712 2533//4712 2525//4712
f 2529//4713 2530//4713 2527//4713
f 2529//4714 2527//4714 2528//4714
f 4149//4715 3215//4715 3216//4715
f 4149//4716 3216//4716 4150//4716
f 2253//4717 3057//4717 3116//4717
f 2253//4718 3116//4718 3115//4718
f 2969//4719 4077//4719 4076//4719
f 2969//4720 4076//4720 2532//4720
f 2539//4721 2546//4721 2540//4721
f 2539//4722 2540//4722 2533//4722
f 2524//4723 2532//4723 2539//4723
f 2524//4724 2539//4724 2533//4724
f 4308//4725 3958//4725 3957//4725
f 4308//4726 3957//4726 4309//4726
f 2674//4727 2673//4727 3910//4727
f 2674//4728 3910//4728 3909//4728
f 3910//4729 2673//4729 2672//4729
f 3910//4730 2672//4730 3911//4730
f 4307//4731 3959//4731 3958//4731
f 4307//4732 3958//4732 4308//4732
f 2537//4733 2538//4733 2736//4733
f 2537//4734 2736//4734 2735//4734
f 2528//4735 3229//4735 3230//4735
f 2528//4736 3230//4736 2529//4736
f 4074//4737 2546//4737 2539//4737
f 4074//4738 2539//4738 4075//4738
f 2532//4739 4076//4739 4075//4739
f 2532//4740 4075//4740 2539//4740
f 2541//4741 2542//4741 2547//4741
f 2541//4742 2547//4742 2548//4742
f 2534//4743 2540//4743 2547//4743
f 2534//4744 2547//4744 2542//4744
f 4309//4745 3957//4745 3956//4745
f 4309//4746 3956//4746 4310//4746
f 3908//4747 3217//4747 2674//4747
f 3908//4748 2674//4748 3909//4748
f 4115//4749 2551//4749 2543//4749
f 4115//4750 2543//4750 4116//4750
f 2723//4751 3251//4751 3252//4751
f 2723//4752 3252//4752 2724//4752
f 2544//4753 2368//4753 2364//4753
f 2544//4754 2364//4754 2543//4754
f 4116//4755 2543//4755 2364//4755
f 4116//4756 2364//4756 4117//4756
f 3632//4757 3631//4757 2368//4757
f 3632//4758 2368//4758 2544//4758
f 4219//4759 4220//4759 3531//4759
f 4219//4760 3531//4760 3945//4760
f 4221//4761 4326//4761 4325//4761
f 4221//4762 4325//4762 3897//4762
f 2540//4763 2546//4763 2554//4763
f 2540//4764 2554//4764 2547//4764
f 2548//4765 2547//4765 2554//4765
f 2548//4766 2554//4766 2555//4766
f 2541//4767 2548//4767 3220//4767
f 2541//4768 3220//4768 3219//4768
f 4310//4769 3956//4769 4154//4769
f 4310//4770 4154//4770 4311//4770
f 4312//4771 3955//4771 3954//4771
f 4312//4772 3954//4772 4313//4772
f 2676//4773 2675//4773 3907//4773
f 2676//4774 3907//4774 3906//4774
f 4151//4775 3217//4775 3908//4775
f 4151//4776 3908//4776 4152//4776
f 2552//4777 2544//4777 2543//4777
f 2552//4778 2543//4778 2551//4778
f 3633//4779 3632//4779 2544//4779
f 3633//4780 2544//4780 2552//4780
f 4219//4781 3944//4781 2553//4781
f 4219//4782 2553//4782 4220//4782
f 4221//4783 3896//4783 4327//4783
f 4221//4784 4327//4784 4326//4784
f 4217//4785 4218//4785 3530//4785
f 4217//4786 3530//4786 3529//4786
f 2546//4787 4074//4787 4073//4787
f 2546//4788 4073//4788 2554//4788
f 2555//4789 2554//4789 4073//4789
f 2555//4790 4073//4790 4072//4790
f 2548//4791 2555//4791 3221//4791
f 2548//4792 3221//4792 3220//4792
f 4155//4793 3219//4793 3220//4793
f 4155//4794 3220//4794 4156//4794
f 2557//4795 2556//4795 2562//4795
f 2557//4796 2562//4796 2563//4796
f 3953//4797 4314//4797 4313//4797
f 3953//4798 4313//4798 3954//4798
f 4315//4799 3952//4799 3951//4799
f 4315//4800 3951//4800 4316//4800
f 3903//4801 2678//4801 2734//4801
f 3903//4802 2734//4802 3904//4802
f 3905//4803 3228//4803 2676//4803
f 3905//4804 2676//4804 3906//4804
f 3942//4805 3475//4805 3645//4805
f 3942//4806 3645//4806 3943//4806
f 3940//4807 2559//4807 3472//4807
f 3940//4808 3472//4808 3941//4808
f 3892//4809 4331//4809 4330//4809
f 3892//4810 4330//4810 3893//4810
f 3894//4811 4329//4811 4328//4811
f 3894//4812 4328//4812 3895//4812
f 4217//4813 2565//4813 2560//4813
f 4217//4814 2560//4814 4218//4814
f 4216//4815 4217//4815 3529//4815
f 4216//4816 3529//4816 3528//4816
f 4071//4817 3221//4817 2555//4817
f 4071//4818 2555//4818 4072//4818
f 4156//4819 3220//4819 3221//4819
f 4156//4820 3221//4820 4157//4820
f 2563//4821 2562//4821 2566//4821
f 2563//4822 2566//4822 2567//4822
f 2563//4823 3225//4823 3226//4823
f 2563//4824 3226//4824 2557//4824
f 2732//4825 2731//4825 2568//4825
f 2732//4826 2568//4826 2564//4826
f 3949//4827 4319//4827 4318//4827
f 3949//4828 4318//4828 3950//4828
f 3948//4829 4321//4829 4320//4829
f 3948//4830 4320//4830 4111//4830
f 3900//4831 2681//4831 4114//4831
f 3900//4832 4114//4832 4113//4832
f 3901//4833 3250//4833 2722//4833
f 3901//4834 2722//4834 3902//4834
f 2559//4835 3940//4835 3939//4835
f 2559//4836 3939//4836 3612//4836
f 4331//4837 3892//4837 3891//4837
f 4331//4838 3891//4838 4332//4838
f 3477//4839 3476//4839 3644//4839
f 3477//4840 3644//4840 3643//4840
f 3470//4841 3823//4841 3822//4841
f 3470//4842 3822//4842 3471//4842
f 4216//4843 2571//4843 2565//4843
f 4216//4844 2565//4844 4217//4844
f 4215//4845 4216//4845 3528//4845
f 4215//4846 3528//4846 4059//4846
f 4157//4847 3221//4847 4071//4847
f 4157//4848 4071//4848 4158//4848
f 2567//4849 2566//4849 4070//4849
f 2567//4850 4070//4850 4069//4850
f 2567//4851 3224//4851 3225//4851
f 2567//4852 3225//4852 2563//4852
f 2731//4853 2730//4853 2575//4853
f 2731//4854 2575//4854 2568//4854
f 2719//4855 3247//4855 3248//4855
f 2719//4856 3248//4856 2720//4856
f 4109//4857 2582//4857 2576//4857
f 4109//4858 2576//4858 4110//4858
f 4321//4859 3948//4859 3947//4859
f 4321//4860 3947//4860 4322//4860
f 3899//4861 2682//4861 2681//4861
f 3899//4862 2681//4862 3900//4862
f 4322//4863 3947//4863 3946//4863
f 4322//4864 3946//4864 4323//4864
f 3898//4865 3634//4865 2682//4865
f 3898//4866 2682//4866 3899//4866
f 3822//4867 3823//4867 3610//4867
f 3822//4868 3610//4868 3611//4868
f 3478//4869 3477//4869 3643//4869
f 3478//4870 3643//4870 3642//4870
f 3469//4871 3824//4871 3823//4871
f 3469//4872 3823//4872 3470//4872
f 4215//4873 4058//4873 2571//4873
f 4215//4874 2571//4874 4216//4874
f 4068//4875 3224//4875 2567//4875
f 4068//4876 2567//4876 4069//4876
f 2730//4877 4067//4877 4066//4877
f 2730//4878 4066//4878 2575//4878
f 2718//4879 3246//4879 3247//4879
f 2718//4880 3247//4880 2719//4880
f 4108//4881 2584//4881 2582//4881
f 4108//4882 2582//4882 4109//4882
f 2576//4883 2582//4883 2581//4883
f 2576//4884 2581//4884 2577//4884
f 2577//4885 2581//4885 3637//4885
f 2577//4886 3637//4886 3636//4886
f 3823//4887 3824//4887 3609//4887
f 3823//4888 3609//4888 3610//4888
f 4056//4889 3478//4889 3642//4889
f 4056//4890 3642//4890 4057//4890
f 4054//4891 3824//4891 3469//4891
f 4054//4892 3469//4892 4055//4892
f 4063//4893 2584//4893 4108//4893
f 4063//4894 4108//4894 4107//4894
f 4064//4895 3246//4895 2718//4895
f 4064//4896 2718//4896 4065//4896
f 2582//4897 2584//4897 2585//4897
f 2582//4898 2585//4898 2581//4898
f 2581//4899 2585//4899 3638//4899
f 2581//4900 3638//4900 3637//4900
f 3824//4901 4054//4901 4053//4901
f 3824//4902 4053//4902 3609//4902
f 3045//4903 2484//4903 4392//4903
f 3045//4904 4392//4904 4391//4904
f 2584//4905 4063//4905 4062//4905
f 2584//4906 4062//4906 2585//4906
f 2585//4907 4062//4907 4061//4907
f 2585//4908 4061//4908 3638//4908
f 2501//4909 3047//4909 3046//4909
f 2501//4910 3046//4910 2492//4910
f 2596//4911 2640//4911 2641//4911
f 2596//4912 2641//4912 2587//4912
f 2738//4913 2737//4913 2591//4913
f 2738//4914 2591//4914 2321//4914
f 2739//4915 2738//4915 2321//4915
f 2739//4916 2321//4916 2347//4916
f 2347//4917 2346//4917 2740//4917
f 2347//4918 2740//4918 2739//4918
f 2740//4919 2346//4919 2768//4919
f 2740//4920 2768//4920 2769//4920
f 2370//4921 3629//4921 3628//4921
f 2370//4922 3628//4922 2367//4922
f 2370//4923 2369//4923 3630//4923
f 2370//4924 3630//4924 3629//4924
f 2368//4925 3631//4925 3630//4925
f 2368//4926 3630//4926 2369//4926
f 2320//4927 2319//4927 2629//4927
f 2320//4928 2629//4928 2630//4928
f 2322//4929 2323//4929 2319//4929
f 2322//4930 2319//4930 2320//4930
f 2341//4931 2340//4931 2323//4931
f 2341//4932 2323//4932 2322//4932
f 2770//4933 2771//4933 2340//4933
f 2770//4934 2340//4934 2341//4934
f 3482//4935 3648//4935 4193//4935
f 3482//4936 4193//4936 4194//4936
f 2258//4937 2453//4937 3410//4937
f 2258//4938 3410//4938 3409//4938
f 2281//4939 3409//4939 3410//4939
f 2281//4940 3410//4940 2457//4940
f 3098//4941 3097//4941 2461//4941
f 3098//4942 2461//4942 2279//4942
f 2279//4943 2461//4943 3844//4943
f 2279//4944 3844//4944 3843//4944
f 3398//4945 3399//4945 2468//4945
f 3398//4946 2468//4946 2273//4946
f 2273//4947 2468//4947 2467//4947
f 2273//4948 2467//4948 2274//4948
f 2961//4949 2275//4949 2477//4949
f 2961//4950 2477//4950 2960//4950
f 2477//4951 2275//4951 2274//4951
f 2477//4952 2274//4952 2467//4952
f 4//4953 2//4953 2592//4953
f 4//4954 2592//4954 2372//4954
f 2372//4955 2592//4955 2593//4955
f 2372//4956 2593//4956 2355//4956
f 4539//4957 4540//4957 2594//4957
f 4539//4958 2594//4958 2356//4958
f 2398//4959 2403//4959 2396//4959
f 2398//4960 2396//4960 2393//4960
f 2392//4961 2397//4961 2394//4961
f 2392//4962 2394//4962 2388//4962
f 2597//4963 2598//4963 2596//4963
f 2597//4964 2596//4964 2587//4964
f 2441//4965 2260//4965 2598//4965
f 2441//4966 2598//4966 2597//4966
f 3148//4967 3423//4967 3419//4967
f 3148//4968 3419//4968 3149//4968
f 2600//4969 3983//4969 3982//4969
f 2600//4970 3982//4970 2601//4970
f 3872//4971 2603//4971 2602//4971
f 3872//4972 2602//4972 3873//4972
f 2600//4973 2604//4973 3984//4973
f 2600//4974 3984//4974 3983//4974
f 2607//4975 2609//4975 2608//4975
f 2607//4976 2608//4976 2606//4976
f 2609//4977 2614//4977 2615//4977
f 2609//4978 2615//4978 2608//4978
f 2609//4979 2610//4979 2613//4979
f 2609//4980 2613//4980 2614//4980
f 2607//4981 2611//4981 2610//4981
f 2607//4982 2610//4982 2609//4982
f 3670//4983 4101//4983 4100//4983
f 3670//4984 4100//4984 2612//4984
f 4099//4985 2613//4985 2612//4985
f 4099//4986 2612//4986 4100//4986
f 2614//4987 2613//4987 4099//4987
f 2614//4988 4099//4988 4098//4988
f 2614//4989 4098//4989 4097//4989
f 2614//4990 4097//4990 2615//4990
f 4039//4991 3062//4991 2257//4991
f 4039//4992 2257//4992 4040//4992
f 4040//4993 2257//4993 2254//4993
f 4040//4994 2254//4994 3985//4994
f 3981//4995 2661//4995 2601//4995
f 3981//4996 2601//4996 3982//4996
f 2621//4997 2620//4997 2606//4997
f 2621//4998 2606//4998 2608//4998
f 2608//4999 2615//4999 2622//4999
f 2608//5000 2622//5000 2621//5000
f 2615//5001 4097//5001 4096//5001
f 2615//5002 4096//5002 2622//5002
f 3985//5003 2254//5003 2255//5003
f 3985//5004 2255//5004 3986//5004
f 2976//5005 2975//5005 2483//5005
f 2976//5006 2483//5006 2624//5006
f 2483//5007 2491//5007 2625//5007
f 2483//5008 2625//5008 2624//5008
f 2500//5009 2626//5009 2625//5009
f 2500//5010 2625//5010 2491//5010
f 2500//5011 2512//5011 2627//5011
f 2500//5012 2627//5012 2626//5012
f 2628//5013 2627//5013 2512//5013
f 2628//5014 2512//5014 2511//5014
f 3215//5015 3214//5015 2628//5015
f 3215//5016 2628//5016 2511//5016
f 4148//5017 3214//5017 3215//5017
f 4148//5018 3215//5018 4149//5018
f 2630//5019 2629//5019 2530//5019
f 2630//5020 2530//5020 2529//5020
f 2529//5021 3230//5021 3231//5021
f 2529//5022 3231//5022 2630//5022
f 2538//5023 2591//5023 2737//5023
f 2538//5024 2737//5024 2736//5024
f 2724//5025 3252//5025 3253//5025
f 2724//5026 3253//5026 2725//5026
f 3008//5027 3013//5027 2450//5027
f 3008//5028 2450//5028 2631//5028
f 2633//5029 3008//5029 2631//5029
f 2633//5030 2631//5030 2632//5030
f 2632//5031 2634//5031 2635//5031
f 2632//5032 2635//5032 2633//5032
f 2531//5033 3009//5033 3008//5033
f 2531//5034 3008//5034 2633//5034
f 2634//5035 2636//5035 2637//5035
f 2634//5036 2637//5036 2635//5036
f 2636//5037 3035//5037 3039//5037
f 2636//5038 3039//5038 2637//5038
f 2448//5039 2639//5039 2638//5039
f 2448//5040 2638//5040 2599//5040
f 2266//5041 2641//5041 2640//5041
f 2266//5042 2640//5042 2272//5042
f 4540//5043 4541//5043 2642//5043
f 4540//5044 2642//5044 2594//5044
f 4541//5045 4542//5045 3//5045
f 4541//5046 3//5046 2642//5046
f 2595//5047 2594//5047 2642//5047
f 2595//5048 2642//5048 2413//5048
f 4277//5049 4278//5049 4266//5049
f 4277//5050 4266//5050 4265//5050
f 4277//5051 2403//5051 2360//5051
f 4277//5052 2360//5052 4278//5052
f 2398//5053 2359//5053 2360//5053
f 2398//5054 2360//5054 2403//5054
f 2397//5055 2338//5055 2359//5055
f 2397//5056 2359//5056 2398//5056
f 2392//5057 2335//5057 2338//5057
f 2392//5058 2338//5058 2397//5058
f 2391//5059 2336//5059 2335//5059
f 2391//5060 2335//5060 2392//5060
f 2642//5061 3//5061 1//5061
f 2642//5062 1//5062 2413//5062
f 2386//5063 2644//5063 2339//5063
f 2386//5064 2339//5064 2390//5064
f 2336//5065 2391//5065 2390//5065
f 2336//5066 2390//5066 2339//5066
f 2643//5067 2381//5067 2378//5067
f 2643//5068 2378//5068 2395//5068
f 2395//5069 2378//5069 2379//5069
f 2395//5070 2379//5070 2401//5070
f 2383//5071 2402//5071 2401//5071
f 2383//5072 2401//5072 2379//5072
f 2384//5073 2407//5073 2402//5073
f 2384//5074 2402//5074 2383//5074
f 2387//5075 2399//5075 2406//5075
f 2387//5076 2406//5076 2408//5076
f 2760//5077 2759//5077 2744//5077
f 2760//5078 2744//5078 2743//5078
f 2645//5079 2644//5079 2643//5079
f 2645//5080 2643//5080 2646//5080
f 2643//5081 2644//5081 2386//5081
f 2643//5082 2386//5082 2381//5082
f 2648//5083 2656//5083 2657//5083
f 2648//5084 2657//5084 2647//5084
f 2647//5085 2657//5085 2587//5085
f 2647//5086 2587//5086 2641//5086
f 2648//5087 2261//5087 2263//5087
f 2648//5088 2263//5088 2649//5088
f 2647//5089 2262//5089 2261//5089
f 2647//5090 2261//5090 2648//5090
f 2266//5091 2262//5091 2647//5091
f 2266//5092 2647//5092 2641//5092
f 2272//5093 2640//5093 4407//5093
f 2272//5094 4407//5094 4408//5094
f 2649//5095 2655//5095 2656//5095
f 2649//5096 2656//5096 2648//5096
f 2602//5097 3180//5097 3179//5097
f 2602//5098 3179//5098 2605//5098
f 2651//5099 2650//5099 4400//5099
f 2651//5100 4400//5100 4401//5100
f 2603//5101 3181//5101 3180//5101
f 2603//5102 3180//5102 2602//5102
f 2424//5103 2652//5103 2653//5103
f 2424//5104 2653//5104 2425//5104
f 2654//5105 2652//5105 2424//5105
f 2654//5106 2424//5106 2433//5106
f 2433//5107 2441//5107 2597//5107
f 2433//5108 2597//5108 2654//5108
f 2652//5109 2656//5109 2655//5109
f 2652//5110 2655//5110 2653//5110
f 2657//5111 2656//5111 2652//5111
f 2657//5112 2652//5112 2654//5112
f 2654//5113 2597//5113 2587//5113
f 2654//5114 2587//5114 2657//5114
f 3713//5115 3714//5115 3018//5115
f 3713//5116 3018//5116 3038//5116
f 3038//5117 3018//5117 3122//5117
f 3038//5118 3122//5118 3121//5118
f 3121//5119 3122//5119 964//5119
f 3121//5120 964//5120 963//5120
f 3655//5121 3664//5121 3663//5121
f 3655//5122 3663//5122 3656//5122
f 3714//5123 3715//5123 2659//5123
f 3714//5124 2659//5124 3018//5124
f 3018//5125 2659//5125 3123//5125
f 3018//5126 3123//5126 3122//5126
f 3122//5127 3123//5127 965//5127
f 3122//5128 965//5128 964//5128
f 2521//5129 3010//5129 3009//5129
f 2521//5130 3009//5130 2531//5130
f 2640//5131 2596//5131 4406//5131
f 2640//5132 4406//5132 4407//5132
f 3871//5133 2662//5133 2603//5133
f 3871//5134 2603//5134 3872//5134
f 2662//5135 3182//5135 3181//5135
f 2662//5136 3181//5136 2603//5136
f 2637//5137 3039//5137 3047//5137
f 2637//5138 3047//5138 2501//5138
f 2663//5139 3412//5139 3411//5139
f 2663//5140 3411//5140 2452//5140
f 2456//5141 3411//5141 3412//5141
f 2456//5142 3412//5142 2664//5142
f 3095//5143 2665//5143 2460//5143
f 3095//5144 2460//5144 3096//5144
f 2665//5145 3846//5145 3845//5145
f 2665//5146 3845//5146 2460//5146
f 2465//5147 3400//5147 3401//5147
f 2465//5148 3401//5148 2666//5148
f 2465//5149 2666//5149 2667//5149
f 2465//5150 2667//5150 2466//5150
f 2667//5151 2668//5151 2474//5151
f 2667//5152 2474//5152 2466//5152
f 2668//5153 2958//5153 2959//5153
f 2668//5154 2959//5154 2474//5154
f 2482//5155 2974//5155 2973//5155
f 2482//5156 2973//5156 2670//5156
f 3656//5157 3663//5157 3662//5157
f 3656//5158 3662//5158 3657//5158
f 2670//5159 2671//5159 2490//5159
f 2670//5160 2490//5160 2482//5160
f 3657//5161 3662//5161 3661//5161
f 3657//5162 3661//5162 3658//5162
f 2671//5163 2672//5163 2499//5163
f 2671//5164 2499//5164 2490//5164
f 3711//5165 3712//5165 3042//5165
f 3711//5166 3042//5166 3044//5166
f 2672//5167 2673//5167 2509//5167
f 2672//5168 2509//5168 2499//5168
f 3712//5169 3713//5169 3038//5169
f 3712//5170 3038//5170 3042//5170
f 2510//5171 2509//5171 2673//5171
f 2510//5172 2673//5172 2674//5172
f 2674//5173 3217//5173 3216//5173
f 2674//5174 3216//5174 2510//5174
f 3044//5175 3042//5175 3120//5175
f 3044//5176 3120//5176 3119//5176
f 4150//5177 3216//5177 3217//5177
f 4150//5178 3217//5178 4151//5178
f 3042//5179 3038//5179 3121//5179
f 3042//5180 3121//5180 3120//5180
f 2528//5181 2527//5181 2675//5181
f 2528//5182 2675//5182 2676//5182
f 3119//5183 3120//5183 967//5183
f 3119//5184 967//5184 966//5184
f 2676//5185 3228//5185 3229//5185
f 2676//5186 3229//5186 2528//5186
f 2734//5187 2678//5187 2537//5187
f 2734//5188 2537//5188 2735//5188
f 2722//5189 3250//5189 3251//5189
f 2722//5190 3251//5190 2723//5190
f 4114//5191 2681//5191 2551//5191
f 4114//5192 2551//5192 4115//5192
f 3929//5193 3881//5193 3882//5193
f 3929//5194 3882//5194 3930//5194
f 3928//5195 3880//5195 3881//5195
f 3928//5196 3881//5196 3929//5196
f 2682//5197 2552//5197 2551//5197
f 2682//5198 2551//5198 2681//5198
f 3633//5199 2552//5199 2682//5199
f 3633//5200 2682//5200 3634//5200
f 3986//5201 2255//5201 2256//5201
f 3986//5202 2256//5202 3987//5202
f 4095//5203 2685//5203 2622//5203
f 4095//5204 2622//5204 4096//5204
f 2684//5205 3466//5205 2620//5205
f 2684//5206 2620//5206 2621//5206
f 2637//5207 2501//5207 2513//5207
f 2637//5208 2513//5208 2635//5208
f 2531//5209 2633//5209 2635//5209
f 2531//5210 2635//5210 2513//5210
f 2621//5211 2622//5211 2685//5211
f 2621//5212 2685//5212 2684//5212
f 3146//5213 4286//5213 3427//5213
f 3146//5214 3427//5214 3147//5214
f 2596//5215 2598//5215 4405//5215
f 2596//5216 4405//5216 4406//5216
f 2598//5217 2260//5217 4404//5217
f 2598//5218 4404//5218 4405//5218
f 2662//5219 3870//5219 3183//5219
f 2662//5220 3183//5220 3182//5220
f 2260//5221 2751//5221 4403//5221
f 2260//5222 4403//5222 4404//5222
f 3353//5223 3352//5223 3308//5223
f 3353//5224 3308//5224 3184//5224
f 3184//5225 3308//5225 3301//5225
f 3184//5226 3301//5226 3185//5226
f 3879//5227 3006//5227 2469//5227
f 3879//5228 2469//5228 3880//5228
f 3881//5229 2679//5229 2484//5229
f 3881//5230 2484//5230 3882//5230
f 2752//5231 2651//5231 4401//5231
f 2752//5232 4401//5232 4402//5232
f 3880//5233 2469//5233 2679//5233
f 3880//5234 2679//5234 3881//5234
f 2751//5235 2752//5235 4402//5235
f 2751//5236 4402//5236 4403//5236
f 2265//5237 2703//5237 2704//5237
f 2265//5238 2704//5238 2263//5238
f 2703//5239 2645//5239 2646//5239
f 2703//5240 2646//5240 2704//5240
f 2701//5241 3359//5241 3358//5241
f 2701//5242 3358//5242 2306//5242
f 3484//5243 3359//5243 2701//5243
f 3484//5244 2701//5244 3483//5244
f 2333//5245 2645//5245 2703//5245
f 2333//5246 2703//5246 2702//5246
f 2702//5247 2703//5247 2265//5247
f 2702//5248 2265//5248 2307//5248
f 3389//5249 4370//5249 4369//5249
f 3389//5250 4369//5250 3388//5250
f 3389//5251 3485//5251 4371//5251
f 3389//5252 4371//5252 4370//5252
f 2747//5253 2746//5253 2757//5253
f 2747//5254 2757//5254 2756//5254
f 2746//5255 2745//5255 2758//5255
f 2746//5256 2758//5256 2757//5256
f 2709//5257 2710//5257 2431//5257
f 2709//5258 2431//5258 2422//5258
f 2417//5259 2421//5259 2710//5259
f 2417//5260 2710//5260 2709//5260
f 2437//5261 2431//5261 2710//5261
f 2437//5262 2710//5262 2711//5262
f 2711//5263 2710//5263 2421//5263
f 2711//5264 2421//5264 2429//5264
f 2711//5265 2429//5265 3682//5265
f 2711//5266 3682//5266 3681//5266
f 2449//5267 2713//5267 2712//5267
f 2449//5268 2712//5268 2445//5268
f 2714//5269 2632//5269 2631//5269
f 2714//5270 2631//5270 2713//5270
f 2454//5271 2714//5271 2713//5271
f 2454//5272 2713//5272 2449//5272
f 2715//5273 2634//5273 2632//5273
f 2715//5274 2632//5274 2714//5274
f 2458//5275 2715//5275 2714//5275
f 2458//5276 2714//5276 2454//5276
f 2716//5277 2636//5277 2634//5277
f 2716//5278 2634//5278 2715//5278
f 2599//5279 2716//5279 2715//5279
f 2599//5280 2715//5280 2458//5280
f 2638//5281 2741//5281 2716//5281
f 2638//5282 2716//5282 2599//5282
f 2716//5283 2741//5283 3035//5283
f 2716//5284 3035//5284 2636//5284
f 2455//5285 2451//5285 3677//5285
f 2455//5286 3677//5286 3676//5286
f 2409//5287 2705//5287 2704//5287
f 2409//5288 2704//5288 2646//5288
f 2705//5289 2649//5289 2263//5289
f 2705//5290 2263//5290 2704//5290
f 2706//5291 2655//5291 2649//5291
f 2706//5292 2649//5292 2705//5292
f 2706//5293 2705//5293 2409//5293
f 2706//5294 2409//5294 2411//5294
f 2655//5295 2706//5295 2707//5295
f 2655//5296 2707//5296 2653//5296
f 2706//5297 2411//5297 2412//5297
f 2706//5298 2412//5298 2707//5298
f 2653//5299 2707//5299 2708//5299
f 2653//5300 2708//5300 2425//5300
f 2707//5301 2412//5301 2416//5301
f 2707//5302 2416//5302 2708//5302
f 2309//5303 3360//5303 3484//5303
f 2309//5304 3484//5304 3483//5304
f 2712//5305 3624//5305 2996//5305
f 2712//5306 2996//5306 2445//5306
f 2268//5307 2270//5307 2266//5307
f 2268//5308 2266//5308 2272//5308
f 2269//5309 2270//5309 2268//5309
f 2269//5310 2268//5310 2271//5310
f 2327//5311 2328//5311 2329//5311
f 2327//5312 2329//5312 2317//5312
f 2326//5313 2327//5313 2317//5313
f 2326//5314 2317//5314 2316//5314
f 3355//5315 3354//5315 2326//5315
f 3355//5316 2326//5316 2316//5316
f 2329//5317 2328//5317 2343//5317
f 2329//5318 2343//5318 2330//5318
f 3384//5319 3385//5319 4366//5319
f 3384//5320 4366//5320 4365//5320
f 2753//5321 2752//5321 2751//5321
f 2753//5322 2751//5322 2750//5322
f 2440//5323 2447//5323 2650//5323
f 2440//5324 2650//5324 2651//5324
f 2455//5325 2650//5325 2447//5325
f 2455//5326 2447//5326 2451//5326
f 3172//5327 3575//5327 3601//5327
f 3172//5328 3601//5328 3602//5328
f 2639//5329 2687//5329 2686//5329
f 2639//5330 2686//5330 2638//5330
f 2693//5331 2692//5331 2687//5331
f 2693//5332 2687//5332 2639//5332
f 2689//5333 3651//5333 3650//5333
f 2689//5334 3650//5334 2688//5334
f 8//5335 3126//5335 3127//5335
f 8//5336 3127//5336 11//5336
f 2688//5337 3127//5337 3126//5337
f 2688//5338 3126//5338 2689//5338
f 2691//5339 3650//5339 3651//5339
f 2691//5340 3651//5340 2690//5340
f 3123//5341 3124//5341 969//5341
f 3123//5342 969//5342 965//5342
f 2659//5343 2694//5343 3124//5343
f 2659//5344 3124//5344 3123//5344
f 3715//5345 3716//5345 2694//5345
f 3715//5346 2694//5346 2659//5346
f 3653//5347 3666//5347 3665//5347
f 3653//5348 3665//5348 3654//5348
f 2686//5349 2687//5349 2695//5349
f 2686//5350 2695//5350 2658//5350
f 3124//5351 3125//5351 9//5351
f 3124//5352 9//5352 969//5352
f 2694//5353 2696//5353 3125//5353
f 2694//5354 3125//5354 3124//5354
f 3716//5355 3717//5355 2696//5355
f 3716//5356 2696//5356 2694//5356
f 3652//5357 3667//5357 3666//5357
f 3652//5358 3666//5358 3653//5358
f 2687//5359 2692//5359 2697//5359
f 2687//5360 2697//5360 2695//5360
f 9//5361 3125//5361 3126//5361
f 9//5362 3126//5362 8//5362
f 2689//5363 3126//5363 3125//5363
f 2689//5364 3125//5364 2696//5364
f 4102//5365 2987//5365 2998//5365
f 4102//5366 2998//5366 4103//5366
f 2998//5367 2987//5367 2988//5367
f 2998//5368 2988//5368 2999//5368
f 2999//5369 2988//5369 2989//5369
f 2999//5370 2989//5370 3000//5370
f 3925//5371 2990//5371 3001//5371
f 3925//5372 3001//5372 3926//5372
f 3877//5373 2991//5373 3002//5373
f 3877//5374 3002//5374 3878//5374
f 2991//5375 3177//5375 3176//5375
f 2991//5376 3176//5376 3002//5376
f 2992//5377 3003//5377 4396//5377
f 2992//5378 4396//5378 4397//5378
f 3003//5379 2992//5379 2993//5379
f 3003//5380 2993//5380 3004//5380
f 4186//5381 2575//5381 4066//5381
f 4186//5382 4066//5382 4187//5382
f 4185//5383 2568//5383 2575//5383
f 4185//5384 2575//5384 4186//5384
f 4184//5385 2564//5385 2568//5385
f 4184//5386 2568//5386 4185//5386
f 4316//5387 3951//5387 4183//5387
f 4316//5388 4183//5388 4317//5388
f 4180//5389 2678//5389 3903//5389
f 4180//5390 3903//5390 4181//5390
f 4179//5391 2537//5391 2678//5391
f 4179//5392 2678//5392 4180//5392
f 4178//5393 2538//5393 2537//5393
f 4178//5394 2537//5394 4179//5394
f 4177//5395 2591//5395 2538//5395
f 4177//5396 2538//5396 4178//5396
f 4176//5397 2321//5397 2591//5397
f 4176//5398 2591//5398 4177//5398
f 4175//5399 2347//5399 2321//5399
f 4175//5400 2321//5400 4176//5400
f 4174//5401 2346//5401 2347//5401
f 4174//5402 2347//5402 4175//5402
f 4173//5403 2768//5403 2346//5403
f 4173//5404 2346//5404 4174//5404
f 2730//5405 3224//5405 4068//5405
f 2730//5406 4068//5406 4067//5406
f 2731//5407 3225//5407 3224//5407
f 2731//5408 3224//5408 2730//5408
f 2732//5409 3226//5409 3225//5409
f 2732//5410 3225//5410 2731//5410
f 4314//5411 3953//5411 3952//5411
f 4314//5412 3952//5412 4315//5412
f 3904//5413 2734//5413 3228//5413
f 3904//5414 3228//5414 3905//5414
f 3228//5415 2734//5415 2735//5415
f 3228//5416 2735//5416 3229//5416
f 2736//5417 3230//5417 3229//5417
f 2736//5418 3229//5418 2735//5418
f 2737//5419 3231//5419 3230//5419
f 2737//5420 3230//5420 2736//5420
f 2738//5421 3232//5421 3231//5421
f 2738//5422 3231//5422 2737//5422
f 3233//5423 3232//5423 2738//5423
f 3233//5424 2738//5424 2739//5424
f 2739//5425 2740//5425 3234//5425
f 2739//5426 3234//5426 3233//5426
f 3234//5427 2740//5427 2769//5427
f 3234//5428 2769//5428 3235//5428
f 2686//5429 3016//5429 2741//5429
f 2686//5430 2741//5430 2638//5430
f 3664//5431 3655//5431 3654//5431
f 3664//5432 3654//5432 3665//5432
f 2658//5433 3017//5433 3016//5433
f 2658//5434 3016//5434 2686//5434
f 2743//5435 2384//5435 2377//5435
f 2743//5436 2377//5436 2742//5436
f 2744//5437 2407//5437 2384//5437
f 2744//5438 2384//5438 2743//5438
f 2744//5439 2745//5439 2416//5439
f 2744//5440 2416//5440 2407//5440
f 2746//5441 2708//5441 2416//5441
f 2746//5442 2416//5442 2745//5442
f 2747//5443 2425//5443 2708//5443
f 2747//5444 2708//5444 2746//5444
f 2425//5445 2747//5445 2748//5445
f 2425//5446 2748//5446 2424//5446
f 2433//5447 2424//5447 2748//5447
f 2433//5448 2748//5448 2749//5448
f 2749//5449 2750//5449 2441//5449
f 2749//5450 2441//5450 2433//5450
f 2750//5451 2751//5451 2260//5451
f 2750//5452 2260//5452 2441//5452
f 2753//5453 2440//5453 2651//5453
f 2753//5454 2651//5454 2752//5454
f 2754//5455 2432//5455 2440//5455
f 2754//5456 2440//5456 2753//5456
f 2754//5457 2755//5457 2423//5457
f 2754//5458 2423//5458 2432//5458
f 2756//5459 2422//5459 2423//5459
f 2756//5460 2423//5460 2755//5460
f 2757//5461 2709//5461 2422//5461
f 2757//5462 2422//5462 2756//5462
f 2757//5463 2758//5463 2417//5463
f 2757//5464 2417//5464 2709//5464
f 2759//5465 2408//5465 2417//5465
f 2759//5466 2417//5466 2758//5466
f 2760//5467 2387//5467 2408//5467
f 2760//5468 2408//5468 2759//5468
f 2387//5469 2760//5469 2761//5469
f 2387//5470 2761//5470 2382//5470
f 2781//5471 3156//5471 2775//5471
f 2781//5472 2775//5472 2774//5472
f 3340//5473 3837//5473 3836//5473
f 3340//5474 3836//5474 2782//5474
f 3334//5475 3337//5475 2783//5475
f 3334//5476 2783//5476 2784//5476
f 3331//5477 3334//5477 2784//5477
f 3331//5478 2784//5478 3100//5478
f 2786//5479 2787//5479 2783//5479
f 2786//5480 2783//5480 2782//5480
f 3337//5481 3340//5481 2782//5481
f 3337//5482 2782//5482 2783//5482
f 4142//5483 3208//5483 3209//5483
f 4142//5484 3209//5484 4143//5484
f 4143//5485 3209//5485 3210//5485
f 4143//5486 3210//5486 4144//5486
f 3236//5487 2790//5487 2770//5487
f 3236//5488 2770//5488 3235//5488
f 2918//5489 3258//5489 3259//5489
f 2918//5490 3259//5490 2919//5490
f 2790//5491 3236//5491 3237//5491
f 2790//5492 3237//5492 2793//5492
f 3258//5493 2918//5493 2767//5493
f 3258//5494 2767//5494 3257//5494
f 2893//5495 4122//5495 4121//5495
f 2893//5496 4121//5496 2766//5496
f 3207//5497 2944//5497 2794//5497
f 3207//5498 2794//5498 3208//5498
f 3208//5499 2794//5499 2795//5499
f 3208//5500 2795//5500 3209//5500
f 2794//5501 2797//5501 2796//5501
f 2794//5502 2796//5502 2795//5502
f 3205//5503 2945//5503 2948//5503
f 3205//5504 2948//5504 3206//5504
f 4141//5505 3207//5505 3208//5505
f 4141//5506 3208//5506 4142//5506
f 2793//5507 3237//5507 3238//5507
f 2793//5508 3238//5508 2935//5508
f 2919//5509 3259//5509 3260//5509
f 2919//5510 3260//5510 2938//5510
f 4123//5511 2891//5511 2939//5511
f 4123//5512 2939//5512 4124//5512
f 2883//5513 2880//5513 4126//5513
f 2883//5514 4126//5514 4125//5514
f 2920//5515 3261//5515 3262//5515
f 2920//5516 3262//5516 2921//5516
f 2802//5517 3239//5517 3240//5517
f 2802//5518 3240//5518 2805//5518
f 2805//5519 3240//5519 3241//5519
f 2805//5520 3241//5520 2806//5520
f 4138//5521 3204//5521 3205//5521
f 4138//5522 3205//5522 4139//5522
f 4139//5523 3205//5523 3206//5523
f 4139//5524 3206//5524 4140//5524
f 3209//5525 2795//5525 2772//5525
f 3209//5526 2772//5526 3210//5526
f 2795//5527 2796//5527 2773//5527
f 2795//5528 2773//5528 2772//5528
f 2810//5529 2809//5529 2798//5529
f 2810//5530 2798//5530 2947//5530
f 3203//5531 3202//5531 2810//5531
f 3203//5532 2810//5532 2947//5532
f 2811//5533 2812//5533 2809//5533
f 2811//5534 2809//5534 2810//5534
f 2810//5535 3202//5535 3201//5535
f 2810//5536 3201//5536 2811//5536
f 2817//5537 2814//5537 2815//5537
f 2817//5538 2815//5538 2816//5538
f 2821//5539 2818//5539 2819//5539
f 2821//5540 2819//5540 2820//5540
f 2825//5541 2822//5541 2823//5541
f 2825//5542 2823//5542 2824//5542
f 2820//5543 2819//5543 2826//5543
f 2820//5544 2826//5544 2827//5544
f 3325//5545 3328//5545 2785//5545
f 3325//5546 2785//5546 2828//5546
f 2785//5547 2822//5547 2825//5547
f 2785//5548 2825//5548 2828//5548
f 3725//5549 3765//5549 3766//5549
f 3725//5550 3766//5550 3726//5550
f 3727//5551 3767//5551 3768//5551
f 3727//5552 3768//5552 3728//5552
f 3101//5553 2830//5553 2829//5553
f 3101//5554 2829//5554 3102//5554
f 2787//5555 2831//5555 2829//5555
f 2787//5556 2829//5556 2830//5556
f 3724//5557 3764//5557 3765//5557
f 3724//5558 3765//5558 3725//5558
f 3770//5559 3730//5559 3729//5559
f 3770//5560 3729//5560 3769//5560
f 3732//5561 3772//5561 3773//5561
f 3732//5562 3773//5562 3733//5562
f 2817//5563 2834//5563 2833//5563
f 2817//5564 2833//5564 2814//5564
f 2815//5565 3322//5565 3318//5565
f 2815//5566 3318//5566 2816//5566
f 2840//5567 3606//5567 3597//5567
f 2840//5568 3597//5568 2837//5568
f 3776//5569 3736//5569 3735//5569
f 3776//5570 3735//5570 3775//5570
f 2837//5571 2836//5571 2832//5571
f 2837//5572 2832//5572 2840//5572
f 3593//5573 2842//5573 2841//5573
f 3593//5574 2841//5574 3594//5574
f 3592//5575 2844//5575 3740//5575
f 3592//5576 3740//5576 3739//5576
f 3740//5577 2844//5577 2846//5577
f 3740//5578 2846//5578 3741//5578
f 2830//5579 2784//5579 2783//5579
f 2830//5580 2783//5580 2787//5580
f 2813//5581 2831//5581 2787//5581
f 2813//5582 2787//5582 2786//5582
f 3764//5583 3724//5583 3723//5583
f 3764//5584 3723//5584 3763//5584
f 2782//5585 3836//5585 3835//5585
f 2782//5586 3835//5586 2786//5586
f 3100//5587 2784//5587 2830//5587
f 3100//5588 2830//5588 3101//5588
f 2848//5589 3243//5589 3244//5589
f 2848//5590 3244//5590 2847//5590
f 4136//5591 3202//5591 3203//5591
f 4136//5592 3203//5592 4137//5592
f 2855//5593 3242//5593 3243//5593
f 2855//5594 3243//5594 2848//5594
f 2923//5595 3264//5595 3265//5595
f 2923//5596 3265//5596 2924//5596
f 2924//5597 3265//5597 3266//5597
f 2924//5598 3266//5598 2925//5598
f 4128//5599 2896//5599 2854//5599
f 4128//5600 2854//5600 4129//5600
f 2854//5601 2896//5601 2895//5601
f 2854//5602 2895//5602 2853//5602
f 2806//5603 3241//5603 3242//5603
f 2806//5604 3242//5604 2855//5604
f 3203//5605 2947//5605 2946//5605
f 3203//5606 2946//5606 3204//5606
f 4137//5607 3203//5607 3204//5607
f 4137//5608 3204//5608 4138//5608
f 4135//5609 3201//5609 3202//5609
f 4135//5610 3202//5610 4136//5610
f 3795//5611 3760//5611 4134//5611
f 3795//5612 4134//5612 4133//5612
f 3796//5613 3761//5613 3760//5613
f 3796//5614 3760//5614 3795//5614
f 3751//5615 3787//5615 3788//5615
f 3751//5616 3788//5616 3752//5616
f 4129//5617 2854//5617 2859//5617
f 4129//5618 2859//5618 4130//5618
f 2854//5619 2853//5619 2858//5619
f 2854//5620 2858//5620 2859//5620
f 2861//5621 3831//5621 2900//5621
f 2861//5622 2900//5622 2860//5622
f 2894//5623 2888//5623 3831//5623
f 2894//5624 3831//5624 2861//5624
f 3750//5625 3749//5625 3785//5625
f 3750//5626 3785//5626 3786//5626
f 2838//5627 2843//5627 4425//5627
f 2838//5628 4425//5628 4424//5628
f 2864//5629 2875//5629 2867//5629
f 2864//5630 2867//5630 2863//5630
f 2866//5631 2865//5631 2846//5631
f 2866//5632 2846//5632 2844//5632
f 3744//5633 3743//5633 2863//5633
f 3744//5634 2863//5634 2867//5634
f 2874//5635 3745//5635 3744//5635
f 2874//5636 3744//5636 2867//5636
f 3747//5637 3746//5637 2897//5637
f 3747//5638 2897//5638 3588//5638
f 3586//5639 2871//5639 2870//5639
f 3586//5640 2870//5640 3587//5640
f 2869//5641 2872//5641 2873//5641
f 2869//5642 2873//5642 2868//5642
f 2873//5643 2839//5643 2862//5643
f 2873//5644 2862//5644 2868//5644
f 2796//5645 2781//5645 2774//5645
f 2796//5646 2774//5646 2773//5646
f 3204//5647 2946//5647 2945//5647
f 3204//5648 2945//5648 3205//5648
f 2921//5649 3262//5649 3263//5649
f 2921//5650 3263//5650 2922//5650
f 4127//5651 2879//5651 2896//5651
f 4127//5652 2896//5652 4128//5652
f 2880//5653 2877//5653 2878//5653
f 2880//5654 2878//5654 2879//5654
f 2882//5655 2886//5655 2887//5655
f 2882//5656 2887//5656 2881//5656
f 2884//5657 2877//5657 2880//5657
f 2884//5658 2880//5658 2883//5658
f 2885//5659 2889//5659 2886//5659
f 2885//5660 2886//5660 2882//5660
f 2887//5661 2910//5661 2909//5661
f 2887//5662 2909//5662 2888//5662
f 2881//5663 2887//5663 2888//5663
f 2881//5664 2888//5664 2894//5664
f 2886//5665 2911//5665 2910//5665
f 2886//5666 2910//5666 2887//5666
f 2912//5667 2911//5667 2886//5667
f 2912//5668 2886//5668 2889//5668
f 2939//5669 2891//5669 2892//5669
f 2939//5670 2892//5670 2940//5670
f 2895//5671 2896//5671 2879//5671
f 2895//5672 2879//5672 2878//5672
f 4126//5673 2880//5673 2879//5673
f 4126//5674 2879//5674 4127//5674
f 2922//5675 3263//5675 3264//5675
f 2922//5676 3264//5676 2923//5676
f 4430//5677 2866//5677 3591//5677
f 4430//5678 3591//5678 4431//5678
f 3591//5679 2866//5679 2844//5679
f 3591//5680 2844//5680 3592//5680
f 3588//5681 2897//5681 2898//5681
f 3588//5682 2898//5682 3589//5682
f 3785//5683 3749//5683 3748//5683
f 3785//5684 3748//5684 3784//5684
f 2901//5685 2874//5685 2867//5685
f 2901//5686 2867//5686 2875//5686
f 4122//5687 2893//5687 2891//5687
f 4122//5688 2891//5688 4123//5688
f 2825//5689 2820//5689 2827//5689
f 2825//5690 2827//5690 2828//5690
f 2824//5691 2821//5691 2820//5691
f 2824//5692 2820//5692 2825//5692
f 3769//5693 3729//5693 3728//5693
f 3769//5694 3728//5694 3768//5694
f 2819//5695 2904//5695 2903//5695
f 2819//5696 2903//5696 2826//5696
f 2818//5697 2905//5697 2904//5697
f 2818//5698 2904//5698 2819//5698
f 3771//5699 3731//5699 3730//5699
f 3771//5700 3730//5700 3770//5700
f 2835//5701 3569//5701 3549//5701
f 2835//5702 3549//5702 3548//5702
f 2833//5703 2832//5703 2836//5703
f 2833//5704 2836//5704 2814//5704
f 3733//5705 3773//5705 3774//5705
f 3733//5706 3774//5706 3734//5706
f 2904//5707 2817//5707 2816//5707
f 2904//5708 2816//5708 2903//5708
f 2905//5709 2834//5709 2817//5709
f 2905//5710 2817//5710 2904//5710
f 3731//5711 3771//5711 3772//5711
f 3731//5712 3772//5712 3732//5712
f 2827//5713 3321//5713 3325//5713
f 2827//5714 3325//5714 2828//5714
f 4131//5715 3752//5715 3788//5715
f 4131//5716 3788//5716 4132//5716
f 2906//5717 3831//5717 2888//5717
f 2906//5718 2888//5718 2909//5718
f 2907//5719 3572//5719 3573//5719
f 2907//5720 3573//5720 2841//5720
f 3594//5721 2841//5721 3573//5721
f 3594//5722 3573//5722 3595//5722
f 2899//5723 2900//5723 3831//5723
f 2899//5724 3831//5724 2906//5724
f 2943//5725 2942//5725 3828//5725
f 2943//5726 3828//5726 2913//5726
f 2874//5727 2901//5727 2898//5727
f 2874//5728 2898//5728 2897//5728
f 2897//5729 3746//5729 3745//5729
f 2897//5730 3745//5730 2874//5730
f 2869//5731 2870//5731 2871//5731
f 2869//5732 2871//5732 2872//5732
f 3585//5733 3137//5733 2871//5733
f 3585//5734 2871//5734 3586//5734
f 3584//5735 3136//5735 3137//5735
f 3584//5736 3137//5736 3585//5736
f 3583//5737 3138//5737 3136//5737
f 3583//5738 3136//5738 3584//5738
f 3582//5739 3139//5739 3138//5739
f 3582//5740 3138//5740 3583//5740
f 3580//5741 3131//5741 3140//5741
f 3580//5742 3140//5742 3581//5742
f 3578//5743 3143//5743 3132//5743
f 3578//5744 3132//5744 3579//5744
f 2907//5745 2845//5745 2843//5745
f 2907//5746 2843//5746 2838//5746
f 2845//5747 2907//5747 2841//5747
f 2845//5748 2841//5748 2842//5748
f 3579//5749 3132//5749 3131//5749
f 3579//5750 3131//5750 3580//5750
f 2791//5751 2926//5751 2769//5751
f 2791//5752 2769//5752 2768//5752
f 2792//5753 2927//5753 2926//5753
f 2792//5754 2926//5754 2791//5754
f 2927//5755 2792//5755 2937//5755
f 2927//5756 2937//5756 2936//5756
f 2803//5757 2804//5757 2929//5757
f 2803//5758 2929//5758 2928//5758
f 2929//5759 2804//5759 2876//5759
f 2929//5760 2876//5760 2930//5760
f 2852//5761 2931//5761 2930//5761
f 2852//5762 2930//5762 2876//5762
f 2852//5763 2850//5763 2932//5763
f 2852//5764 2932//5764 2931//5764
f 2932//5765 2850//5765 2851//5765
f 2932//5766 2851//5766 2933//5766
f 3755//5767 3790//5767 3791//5767
f 3755//5768 3791//5768 3756//5768
f 2853//5769 2861//5769 2860//5769
f 2853//5770 2860//5770 2858//5770
f 2895//5771 2894//5771 2861//5771
f 2895//5772 2861//5772 2853//5772
f 2878//5773 2881//5773 2894//5773
f 2878//5774 2894//5774 2895//5774
f 2877//5775 2882//5775 2881//5775
f 2877//5776 2881//5776 2878//5776
f 2885//5777 2882//5777 2877//5777
f 2885//5778 2877//5778 2884//5778
f 2892//5779 2890//5779 2941//5779
f 2892//5780 2941//5780 2940//5780
f 2790//5781 2788//5781 2771//5781
f 2790//5782 2771//5782 2770//5782
f 2793//5783 2789//5783 2788//5783
f 2793//5784 2788//5784 2790//5784
f 2935//5785 2934//5785 2789//5785
f 2935//5786 2789//5786 2793//5786
f 2805//5787 2807//5787 2801//5787
f 2805//5788 2801//5788 2802//5788
f 2806//5789 2808//5789 2807//5789
f 2806//5790 2807//5790 2805//5790
f 2855//5791 2856//5791 2808//5791
f 2855//5792 2808//5792 2806//5792
f 2848//5793 2849//5793 2856//5793
f 2848//5794 2856//5794 2855//5794
f 2847//5795 2857//5795 2849//5795
f 2847//5796 2849//5796 2848//5796
f 3794//5797 3759//5797 3758//5797
f 3794//5798 3758//5798 3793//5798
f 3787//5799 3751//5799 3750//5799
f 3787//5800 3750//5800 3786//5800
f 3741//5801 2846//5801 2914//5801
f 3741//5802 2914//5802 3742//5802
f 2914//5803 4427//5803 4426//5803
f 2914//5804 4426//5804 3742//5804
f 2914//5805 2915//5805 4428//5805
f 2914//5806 4428//5806 4427//5806
f 2846//5807 2865//5807 2915//5807
f 2846//5808 2915//5808 2914//5808
f 3589//5809 2898//5809 2916//5809
f 3589//5810 2916//5810 3590//5810
f 2901//5811 2917//5811 2916//5811
f 2901//5812 2916//5812 2898//5812
f 2865//5813 2866//5813 4430//5813
f 2865//5814 4430//5814 4429//5814
f 4172//5815 2791//5815 2768//5815
f 4172//5816 2768//5816 4173//5816
f 4171//5817 2792//5817 2791//5817
f 4171//5818 2791//5818 4172//5818
f 4170//5819 2937//5819 2792//5819
f 4170//5820 2792//5820 4171//5820
f 4168//5821 2804//5821 2803//5821
f 4168//5822 2803//5822 4169//5822
f 4167//5823 2876//5823 2804//5823
f 4167//5824 2804//5824 4168//5824
f 4166//5825 2852//5825 2876//5825
f 4166//5826 2876//5826 4167//5826
f 4165//5827 2850//5827 2852//5827
f 4165//5828 2852//5828 4166//5828
f 4164//5829 2851//5829 2850//5829
f 4164//5830 2850//5830 4165//5830
f 3790//5831 3755//5831 4163//5831
f 3790//5832 4163//5832 4162//5832
f 2926//5833 3236//5833 3235//5833
f 2926//5834 3235//5834 2769//5834
f 2927//5835 3237//5835 3236//5835
f 2927//5836 3236//5836 2926//5836
f 3237//5837 2927//5837 2936//5837
f 3237//5838 2936//5838 3238//5838
f 2928//5839 2929//5839 3240//5839
f 2928//5840 3240//5840 3239//5840
f 3240//5841 2929//5841 2930//5841
f 3240//5842 2930//5842 3241//5842
f 2931//5843 3242//5843 3241//5843
f 2931//5844 3241//5844 2930//5844
f 2932//5845 3243//5845 3242//5845
f 2932//5846 3242//5846 2931//5846
f 3243//5847 2932//5847 2933//5847
f 3243//5848 2933//5848 3244//5848
f 3756//5849 3791//5849 3792//5849
f 3756//5850 3792//5850 3757//5850
f 3833//5851 3832//5851 3763//5851
f 3833//5852 3763//5852 3723//5852
f 3834//5853 2813//5853 2786//5853
f 3834//5854 2786//5854 3835//5854
f 3206//5855 2948//5855 2944//5855
f 3206//5856 2944//5856 3207//5856
f 4140//5857 3206//5857 3207//5857
f 4140//5858 3207//5858 4141//5858
f 2802//5859 2801//5859 2934//5859
f 2802//5860 2934//5860 2935//5860
f 2935//5861 3238//5861 3239//5861
f 2935//5862 3239//5862 2802//5862
f 2936//5863 2928//5863 3239//5863
f 2936//5864 3239//5864 3238//5864
f 2937//5865 2803//5865 2928//5865
f 2937//5866 2928//5866 2936//5866
f 4169//5867 2803//5867 2937//5867
f 4169//5868 2937//5868 4170//5868
f 2938//5869 3260//5869 3261//5869
f 2938//5870 3261//5870 2920//5870
f 2939//5871 2883//5871 4125//5871
f 2939//5872 4125//5872 4124//5872
f 2884//5873 2883//5873 2939//5873
f 2884//5874 2939//5874 2940//5874
f 2941//5875 2885//5875 2884//5875
f 2941//5876 2884//5876 2940//5876
f 2941//5877 2942//5877 2889//5877
f 2941//5878 2889//5878 2885//5878
f 2943//5879 2912//5879 2889//5879
f 2943//5880 2889//5880 2942//5880
f 3581//5881 3140//5881 3139//5881
f 3581//5882 3139//5882 3582//5882
f 2944//5883 2800//5883 2797//5883
f 2944//5884 2797//5884 2794//5884
f 2948//5885 2949//5885 2800//5885
f 2948//5886 2800//5886 2944//5886
f 2947//5887 2798//5887 2950//5887
f 2947//5888 2950//5888 2946//5888
f 2946//5889 2950//5889 2799//5889
f 2946//5890 2799//5890 2945//5890
f 2945//5891 2799//5891 2949//5891
f 2945//5892 2949//5892 2948//5892
f 2777//5893 2965//5893 2964//5893
f 2777//5894 2964//5894 2295//5894
f 2964//5895 2963//5895 2287//5895
f 2964//5896 2287//5896 2295//5896
f 2963//5897 2962//5897 2286//5897
f 2963//5898 2286//5898 2287//5898
f 2962//5899 2961//5899 2276//5899
f 2962//5900 2276//5900 2286//5900
f 2961//5901 2960//5901 2476//5901
f 2961//5902 2476//5902 2276//5902
f 2960//5903 2959//5903 2475//5903
f 2960//5904 2475//5904 2476//5904
f 2475//5905 2959//5905 2958//5905
f 2475//5906 2958//5906 2669//5906
f 2958//5907 3916//5907 3915//5907
f 2958//5908 3915//5908 2669//5908
f 4302//5909 3964//5909 3963//5909
f 4302//5910 3963//5910 4303//5910
f 2956//5911 2955//5911 2517//5911
f 2956//5912 2517//5912 2506//5912
f 2955//5913 2954//5913 2522//5913
f 2955//5914 2522//5914 2517//5914
f 2954//5915 4079//5915 4078//5915
f 2954//5916 4078//5916 2522//5916
f 2908//5917 3574//5917 3607//5917
f 2908//5918 3607//5918 2951//5918
f 2798//5919 2809//5919 2953//5919
f 2798//5920 2953//5920 2952//5920
f 2288//5921 2290//5921 2962//5921
f 2288//5922 2962//5922 2963//5922
f 2953//5923 3346//5923 3155//5923
f 2953//5924 3155//5924 2952//5924
f 2952//5925 3155//5925 3157//5925
f 2952//5926 3157//5926 2966//5926
f 2952//5927 2966//5927 2950//5927
f 2952//5928 2950//5928 2798//5928
f 2966//5929 3157//5929 3158//5929
f 2966//5930 3158//5930 2967//5930
f 2966//5931 2967//5931 2799//5931
f 2966//5932 2799//5932 2950//5932
f 2522//5933 4078//5933 4077//5933
f 2522//5934 4077//5934 2969//5934
f 2970//5935 2517//5935 2522//5935
f 2970//5936 2522//5936 2969//5936
f 2971//5937 2506//5937 2517//5937
f 2971//5938 2517//5938 2970//5938
f 4303//5939 3963//5939 3962//5939
f 4303//5940 3962//5940 4304//5940
f 3914//5941 2973//5941 2669//5941
f 3914//5942 2669//5942 3915//5942
f 2669//5943 2973//5943 2974//5943
f 2669//5944 2974//5944 2475//5944
f 2975//5945 2476//5945 2475//5945
f 2975//5946 2475//5946 2974//5946
f 2976//5947 2276//5947 2476//5947
f 2976//5948 2476//5948 2975//5948
f 2977//5949 2286//5949 2276//5949
f 2977//5950 2276//5950 2976//5950
f 2287//5951 2286//5951 2977//5951
f 2287//5952 2977//5952 2978//5952
f 2978//5953 2979//5953 2295//5953
f 2978//5954 2295//5954 2287//5954
f 2295//5955 2979//5955 2980//5955
f 2295//5956 2980//5956 2777//5956
f 2949//5957 2799//5957 2967//5957
f 2949//5958 2967//5958 2982//5958
f 2949//5959 2982//5959 2981//5959
f 2949//5960 2981//5960 2800//5960
f 2982//5961 3159//5961 3160//5961
f 2982//5962 3160//5962 2981//5962
f 2967//5963 3158//5963 3159//5963
f 2967//5964 3159//5964 2982//5964
f 2981//5965 2968//5965 2797//5965
f 2981//5966 2797//5966 2800//5966
f 2981//5967 3160//5967 3161//5967
f 2981//5968 3161//5968 2968//5968
f 2917//5969 2901//5969 2875//5969
f 2917//5970 2875//5970 2864//5970
f 2865//5971 4429//5971 4428//5971
f 2865//5972 4428//5972 2915//5972
f 3873//5973 2602//5973 2605//5973
f 3873//5974 2605//5974 3874//5974
f 2983//5975 2700//5975 2699//5975
f 2983//5976 2699//5976 2984//5976
f 2699//5977 2698//5977 2985//5977
f 2699//5978 2985//5978 2984//5978
f 3684//5979 2405//5979 2404//5979
f 3684//5980 2404//5980 3685//5980
f 2405//5981 3684//5981 3683//5981
f 2405//5982 3683//5982 2410//5982
f 4037//5983 3668//5983 3066//5983
f 4037//5984 3066//5984 4038//5984
f 4035//5985 3064//5985 3065//5985
f 4035//5986 3065//5986 4036//5986
f 2985//5987 2698//5987 2996//5987
f 2985//5988 2996//5988 2995//5988
f 2410//5989 3683//5989 3682//5989
f 2410//5990 3682//5990 2429//5990
f 3020//5991 3063//5991 3064//5991
f 3020//5992 3064//5992 4035//5992
f 4103//5993 2998//5993 2503//5993
f 4103//5994 2503//5994 3019//5994
f 2998//5995 2999//5995 2485//5995
f 2998//5996 2485//5996 2503//5996
f 2999//5997 3000//5997 2478//5997
f 2999//5998 2478//5998 2485//5998
f 3926//5999 3001//5999 2470//5999
f 3926//6000 2470//6000 3087//6000
f 3878//6001 3002//6001 2463//6001
f 3878//6002 2463//6002 3012//6002
f 3176//6003 3175//6003 2463//6003
f 3176//6004 2463//6004 3002//6004
f 3624//6005 2994//6005 2995//6005
f 3624//6006 2995//6006 2996//6006
f 3007//6007 3023//6007 3024//6007
f 3007//6008 3024//6008 3005//6008
f 3927//6009 3879//6009 3880//6009
f 3927//6010 3880//6010 3928//6010
f 3005//6011 2470//6011 3012//6011
f 3005//6012 3012//6012 3007//6012
f 3086//6013 3087//6013 2470//6013
f 3086//6014 2470//6014 3005//6014
f 3006//6015 3011//6015 2459//6015
f 3006//6016 2459//6016 4395//6016
f 2463//6017 3175//6017 3879//6017
f 2463//6018 3879//6018 3927//6018
f 3009//6019 3014//6019 3013//6019
f 3009//6020 3013//6020 3008//6020
f 3010//6021 3015//6021 3014//6021
f 3010//6022 3014//6022 3009//6022
f 3175//6023 3011//6023 3006//6023
f 3175//6024 3006//6024 3879//6024
f 3003//6025 2459//6025 3011//6025
f 3003//6026 3011//6026 4396//6026
f 3066//6027 3062//6027 4039//6027
f 3066//6028 4039//6028 4038//6028
f 3016//6029 3036//6029 3035//6029
f 3016//6030 3035//6030 2741//6030
f 3017//6031 3037//6031 3036//6031
f 3017//6032 3036//6032 3016//6032
f 4034//6033 3021//6033 3019//6033
f 4034//6034 3019//6034 2503//6034
f 2514//6035 3070//6035 3022//6035
f 2514//6036 3022//6036 3020//6036
f 3020//6037 3022//6037 3071//6037
f 3020//6038 3071//6038 3063//6038
f 4033//6039 3025//6039 3021//6039
f 4033//6040 3021//6040 4034//6040
f 3070//6041 3069//6041 3026//6041
f 3070//6042 3026//6042 3022//6042
f 3022//6043 3026//6043 3072//6043
f 3022//6044 3072//6044 3071//6044
f 3023//6045 3028//6045 3027//6045
f 3023//6046 3027//6046 3024//6046
f 4032//6047 3029//6047 3025//6047
f 4032//6048 3025//6048 4033//6048
f 3069//6049 3068//6049 3030//6049
f 3069//6050 3030//6050 3026//6050
f 3026//6051 3030//6051 3073//6051
f 3026//6052 3073//6052 3072//6052
f 3085//6053 3086//6053 3005//6053
f 3085//6054 3005//6054 3024//6054
f 3084//6055 3085//6055 3024//6055
f 3084//6056 3024//6056 3027//6056
f 3028//6057 3032//6057 3031//6057
f 3028//6058 3031//6058 3027//6058
f 4031//6059 3033//6059 3029//6059
f 4031//6060 3029//6060 4032//6060
f 3068//6061 3067//6061 3034//6061
f 3068//6062 3034//6062 3030//6062
f 3030//6063 3034//6063 3074//6063
f 3030//6064 3074//6064 3073//6064
f 3083//6065 3084//6065 3027//6065
f 3083//6066 3027//6066 3031//6066
f 3032//6067 3049//6067 3048//6067
f 3032//6068 3048//6068 3031//6068
f 3036//6069 3040//6069 3039//6069
f 3036//6070 3039//6070 3035//6070
f 3037//6071 3041//6071 3040//6071
f 3037//6072 3040//6072 3036//6072
f 3040//6073 3050//6073 3047//6073
f 3040//6074 3047//6074 3039//6074
f 3041//6075 3043//6075 3050//6075
f 3041//6076 3050//6076 3040//6076
f 3660//6077 3659//6077 3658//6077
f 3660//6078 3658//6078 3661//6078
f 2545//6079 3710//6079 3711//6079
f 2545//6080 3711//6080 3044//6080
f 3044//6081 3119//6081 3118//6081
f 3044//6082 3118//6082 2545//6082
f 3882//6083 2484//6083 3045//6083
f 3882//6084 3045//6084 3883//6084
f 3082//6085 3083//6085 3031//6085
f 3082//6086 3031//6086 3048//6086
f 3052//6087 3045//6087 4391//6087
f 3052//6088 4391//6088 4390//6088
f 3931//6089 3883//6089 3884//6089
f 3931//6090 3884//6090 3932//6090
f 3047//6091 3050//6091 3051//6091
f 3047//6092 3051//6092 3046//6092
f 3052//6093 3884//6093 3883//6093
f 3052//6094 3883//6094 3045//6094
f 3049//6095 3054//6095 3053//6095
f 3049//6096 3053//6096 3048//6096
f 3053//6097 3081//6097 3082//6097
f 3053//6098 3082//6098 3048//6098
f 3043//6099 2572//6099 3051//6099
f 3043//6100 3051//6100 3050//6100
f 3055//6101 3886//6101 3885//6101
f 3055//6102 3885//6102 3059//6102
f 3886//6103 3055//6103 3090//6103
f 3886//6104 3090//6104 3887//6104
f 3933//6105 3885//6105 3886//6105
f 3933//6106 3886//6106 3934//6106
f 3934//6107 3886//6107 3887//6107
f 3934//6108 3887//6108 3935//6108
f 3936//6109 3888//6109 3889//6109
f 3936//6110 3889//6110 3937//6110
f 3056//6111 3058//6111 3061//6111
f 3056//6112 3061//6112 3060//6112
f 3088//6113 3058//6113 3056//6113
f 3088//6114 3056//6114 3089//6114
f 3058//6115 3079//6115 3080//6115
f 3058//6116 3080//6116 3061//6116
f 3079//6117 3058//6117 3088//6117
f 3079//6118 3088//6118 3113//6118
f 3059//6119 3885//6119 3884//6119
f 3059//6120 3884//6120 3052//6120
f 3932//6121 3884//6121 3885//6121
f 3932//6122 3885//6122 3933//6122
f 3060//6123 3061//6123 3053//6123
f 3060//6124 3053//6124 3054//6124
f 3061//6125 3080//6125 3081//6125
f 3061//6126 3081//6126 3053//6126
f 3079//6127 4048//6127 4047//6127
f 3079//6128 4047//6128 3080//6128
f 3080//6129 4047//6129 4046//6129
f 3080//6130 4046//6130 3081//6130
f 4045//6131 3082//6131 3081//6131
f 4045//6132 3081//6132 4046//6132
f 3082//6133 4045//6133 4044//6133
f 3082//6134 4044//6134 3083//6134
f 3083//6135 4044//6135 4043//6135
f 3083//6136 4043//6136 3084//6136
f 3084//6137 4043//6137 4042//6137
f 3084//6138 4042//6138 3085//6138
f 3085//6139 4042//6139 4041//6139
f 3085//6140 4041//6140 3086//6140
f 3086//6141 4041//6141 2478//6141
f 3086//6142 2478//6142 3087//6142
f 3113//6143 4049//6143 4048//6143
f 3113//6144 4048//6144 3079//6144
f 3068//6145 3029//6145 3033//6145
f 3068//6146 3033//6146 3067//6146
f 3069//6147 3025//6147 3029//6147
f 3069//6148 3029//6148 3068//6148
f 3070//6149 3021//6149 3025//6149
f 3070//6150 3025//6150 3069//6150
f 2514//6151 3019//6151 3021//6151
f 2514//6152 3021//6152 3070//6152
f 3707//6153 3706//6153 3113//6153
f 3707//6154 3113//6154 3088//6154
f 3089//6155 3708//6155 3707//6155
f 3089//6156 3707//6156 3088//6156
f 3935//6157 3887//6157 3888//6157
f 3935//6158 3888//6158 3936//6158
f 3103//6159 4087//6159 4086//6159
f 3103//6160 4086//6160 3091//6160
f 3092//6161 3104//6161 3103//6161
f 3092//6162 3103//6162 3091//6162
f 3093//6163 3105//6163 3104//6163
f 3093//6164 3104//6164 3092//6164
f 4294//6165 3972//6165 3971//6165
f 4294//6166 3971//6166 4295//6166
f 3862//6167 3095//6167 3107//6167
f 3862//6168 3107//6168 3863//6168
f 3107//6169 3095//6169 3096//6169
f 3107//6170 3096//6170 3108//6170
f 3097//6171 3109//6171 3108//6171
f 3097//6172 3108//6172 3096//6172
f 3098//6173 3110//6173 3109//6173
f 3098//6174 3109//6174 3097//6174
f 3101//6175 2822//6175 2785//6175
f 3101//6176 2785//6176 3100//6176
f 3102//6177 2823//6177 2822//6177
f 3102//6178 2822//6178 3101//6178
f 3767//6179 3727//6179 3726//6179
f 3767//6180 3726//6180 3766//6180
f 2496//6181 4088//6181 4087//6181
f 2496//6182 4087//6182 3103//6182
f 3103//6183 3104//6183 2487//6183
f 3103//6184 2487//6184 2496//6184
f 3104//6185 3105//6185 2481//6185
f 3104//6186 2481//6186 2487//6186
f 3972//6187 4294//6187 4293//6187
f 3972//6188 4293//6188 3973//6188
f 3863//6189 3107//6189 2664//6189
f 3863//6190 2664//6190 3864//6190
f 2664//6191 3107//6191 3108//6191
f 2664//6192 3108//6192 2456//6192
f 3109//6193 2457//6193 2456//6193
f 3109//6194 2456//6194 3108//6194
f 3110//6195 2281//6195 2457//6195
f 3110//6196 2457//6196 3109//6196
f 3328//6197 3331//6197 3100//6197
f 3328//6198 3100//6198 2785//6198
f 3059//6199 3052//6199 4390//6199
f 3059//6200 4390//6200 4389//6200
f 3090//6201 3055//6201 4388//6201
f 3090//6202 4388//6202 4387//6202
f 3111//6203 3709//6203 4386//6203
f 3111//6204 4386//6204 4385//6204
f 3117//6205 3111//6205 4385//6205
f 3117//6206 4385//6206 4384//6206
f 3709//6207 3888//6207 3887//6207
f 3709//6208 3887//6208 3090//6208
f 3888//6209 3709//6209 3111//6209
f 3888//6210 3111//6210 3889//6210
f 3117//6211 3890//6211 3889//6211
f 3117//6212 3889//6212 3111//6212
f 3706//6213 4050//6213 4049//6213
f 3706//6214 4049//6214 3113//6214
f 3115//6215 961//6215 971//6215
f 3115//6216 971//6216 3114//6216
f 3116//6217 962//6217 961//6217
f 3116//6218 961//6218 3115//6218
f 3938//6219 3890//6219 1684//6219
f 3938//6220 1684//6220 1734//6220
f 968//6221 1684//6221 3890//6221
f 968//6222 3890//6222 3117//6222
f 2192//6223 968//6223 3117//6223
f 2192//6224 3117//6224 4384//6224
f 966//6225 970//6225 3118//6225
f 966//6226 3118//6226 3119//6226
f 3120//6227 3121//6227 963//6227
f 3120//6228 963//6228 967//6228
f 4386//6229 3709//6229 3090//6229
f 4386//6230 3090//6230 4387//6230
f 3572//6231 2907//6231 2838//6231
f 3572//6232 2838//6232 3144//6232
f 4423//6233 3144//6233 2838//6233
f 4423//6234 2838//6234 4424//6234
f 2873//6235 3129//6235 3128//6235
f 2873//6236 3128//6236 2839//6236
f 2872//6237 3130//6237 3129//6237
f 2872//6238 3129//6238 2873//6238
f 3129//6239 3134//6239 3135//6239
f 3129//6240 3135//6240 3128//6240
f 3136//6241 3133//6241 3130//6241
f 3136//6242 3130//6242 3137//6242
f 2872//6243 2871//6243 3137//6243
f 2872//6244 3137//6244 3130//6244
f 3185//6245 3301//6245 3294//6245
f 3185//6246 3294//6246 3186//6246
f 3186//6247 3294//6247 3287//6247
f 3186//6248 3287//6248 3187//6248
f 3187//6249 3287//6249 3280//6249
f 3187//6250 3280//6250 3188//6250
f 2968//6251 3161//6251 3156//6251
f 2968//6252 3156//6252 2781//6252
f 2968//6253 2781//6253 2796//6253
f 2968//6254 2796//6254 2797//6254
f 4422//6255 3145//6255 3144//6255
f 4422//6256 3144//6256 4423//6256
f 4421//6257 2762//6257 3145//6257
f 4421//6258 3145//6258 4422//6258
f 4364//6259 4363//6259 3382//6259
f 4364//6260 3382//6260 3383//6260
f 3145//6261 3570//6261 3571//6261
f 3145//6262 3571//6262 3144//6262
f 2762//6263 3152//6263 3570//6263
f 2762//6264 3570//6264 3145//6264
f 3153//6265 3277//6265 3276//6265
f 3153//6266 3276//6266 3152//6266
f 3154//6267 3345//6267 3343//6267
f 3154//6268 3343//6268 2780//6268
f 3155//6269 3346//6269 3345//6269
f 3155//6270 3345//6270 3154//6270
f 3156//6271 3162//6271 2776//6271
f 3156//6272 2776//6272 2775//6272
f 3155//6273 3154//6273 3163//6273
f 3155//6274 3163//6274 3157//6274
f 3157//6275 3163//6275 3164//6275
f 3157//6276 3164//6276 3158//6276
f 3158//6277 3164//6277 3165//6277
f 3158//6278 3165//6278 3159//6278
f 3160//6279 3166//6279 3167//6279
f 3160//6280 3167//6280 3161//6280
f 3159//6281 3165//6281 3166//6281
f 3159//6282 3166//6282 3160//6282
f 3161//6283 3167//6283 3162//6283
f 3161//6284 3162//6284 3156//6284
f 3163//6285 3154//6285 2780//6285
f 3163//6286 2780//6286 2779//6286
f 3164//6287 3163//6287 2779//6287
f 3164//6288 2779//6288 2778//6288
f 3165//6289 3164//6289 2778//6289
f 3165//6290 2778//6290 2965//6290
f 3167//6291 3166//6291 2777//6291
f 3167//6292 2777//6292 2980//6292
f 3166//6293 3165//6293 2965//6293
f 3166//6294 2965//6294 2777//6294
f 3162//6295 3167//6295 2980//6295
f 3162//6296 2980//6296 2776//6296
f 3142//6297 3168//6297 3170//6297
f 3142//6298 3170//6298 3141//6298
f 3168//6299 3169//6299 3171//6299
f 3168//6300 3171//6300 3170//6300
f 3169//6301 3547//6301 3546//6301
f 3169//6302 3546//6302 3171//6302
f 3535//6303 3534//6303 3537//6303
f 3535//6304 3537//6304 3538//6304
f 3170//6305 3543//6305 2348//6305
f 3170//6306 2348//6306 3141//6306
f 3171//6307 3544//6307 3543//6307
f 3171//6308 3543//6308 3170//6308
f 2251//6309 3174//6309 3603//6309
f 2251//6310 3603//6310 3604//6310
f 3534//6311 3535//6311 4275//6311
f 3534//6312 4275//6312 4274//6312
f 1359//6313 978//6313 3602//6313
f 1359//6314 3602//6314 3601//6314
f 3891//6315 1685//6315 2139//6315
f 3891//6316 2139//6316 4332//6316
f 3610//6317 974//6317 976//6317
f 3610//6318 976//6318 3611//6318
f 4053//6319 1852//6319 977//6319
f 4053//6320 977//6320 3609//6320
f 3939//6321 1735//6321 975//6321
f 3939//6322 975//6322 3612//6322
f 3609//6323 977//6323 974//6323
f 3609//6324 974//6324 3610//6324
f 3603//6325 979//6325 972//6325
f 3603//6326 972//6326 3604//6326
f 972//6327 1308//6327 3605//6327
f 972//6328 3605//6328 3604//6328
f 3547//6329 3538//6329 3537//6329
f 3547//6330 3537//6330 3546//6330
f 3533//6331 3534//6331 4274//6331
f 3533//6332 4274//6332 4273//6332
f 3525//6333 2251//6333 3604//6333
f 3525//6334 3604//6334 3605//6334
f 3546//6335 3545//6335 3544//6335
f 3546//6336 3544//6336 3171//6336
f 3534//6337 3533//6337 3536//6337
f 3534//6338 3536//6338 3537//6338
f 2330//6339 3196//6339 2318//6339
f 2330//6340 2318//6340 2329//6340
f 3195//6341 3197//6341 3198//6341
f 3195//6342 3198//6342 3196//6342
f 2315//6343 2314//6343 3199//6343
f 2315//6344 3199//6344 2305//6344
f 3198//6345 3200//6345 2318//6345
f 3198//6346 2318//6346 3196//6346
f 3200//6347 3199//6347 2314//6347
f 3200//6348 2314//6348 2318//6348
f 4052//6349 3114//6349 971//6349
f 4052//6350 971//6350 1851//6350
f 3761//6351 3796//6351 3762//6351
f 3761//6352 3762//6352 3722//6352
f 3793//6353 3758//6353 3757//6353
f 3793//6354 3757//6354 3792//6354
f 2367//6355 3628//6355 3627//6355
f 2367//6356 3627//6356 2765//6356
f 3268//6357 4090//6357 4089//6357
f 3268//6358 4089//6358 3416//6358
f 3416//6359 3415//6359 3271//6359
f 3416//6360 3271//6360 3268//6360
f 2663//6361 3866//6361 3865//6361
f 2663//6362 3865//6362 3412//6362
f 4291//6363 3975//6363 3974//6363
f 4291//6364 3974//6364 4292//6364
f 3270//6365 3271//6365 3415//6365
f 3270//6366 3415//6366 3414//6366
f 2664//6367 3412//6367 3865//6367
f 2664//6368 3865//6368 3864//6368
f 4292//6369 3974//6369 3973//6369
f 4292//6370 3973//6370 4293//6370
f 2481//6371 3414//6371 3415//6371
f 2481//6372 3415//6372 2487//6372
f 2487//6373 3415//6373 3416//6373
f 2487//6374 3416//6374 2496//6374
f 3416//6375 4089//6375 4088//6375
f 3416//6376 4088//6376 2496//6376
f 3553//6377 3276//6377 3277//6377
f 3553//6378 3277//6378 3554//6378
f 3285//6379 3289//6379 3282//6379
f 3285//6380 3282//6380 3278//6380
f 3279//6381 3286//6381 4338//6381
f 3279//6382 4338//6382 4337//6382
f 3280//6383 3287//6383 3286//6383
f 3280//6384 3286//6384 3279//6384
f 3282//6385 3289//6385 3288//6385
f 3282//6386 3288//6386 3281//6386
f 3283//6387 3290//6387 3291//6387
f 3283//6388 3291//6388 3284//6388
f 3292//6389 3296//6389 3289//6389
f 3292//6390 3289//6390 3285//6390
f 3286//6391 3293//6391 4339//6391
f 3286//6392 4339//6392 4338//6392
f 3287//6393 3294//6393 3293//6393
f 3287//6394 3293//6394 3286//6394
f 3289//6395 3296//6395 3295//6395
f 3289//6396 3295//6396 3288//6396
f 3288//6397 3295//6397 3290//6397
f 3288//6398 3290//6398 3283//6398
f 3290//6399 3297//6399 3298//6399
f 3290//6400 3298//6400 3291//6400
f 3292//6401 3299//6401 3303//6401
f 3292//6402 3303//6402 3296//6402
f 3293//6403 3300//6403 4340//6403
f 3293//6404 4340//6404 4339//6404
f 3294//6405 3301//6405 3300//6405
f 3294//6406 3300//6406 3293//6406
f 3296//6407 3303//6407 3302//6407
f 3296//6408 3302//6408 3295//6408
f 3295//6409 3302//6409 3297//6409
f 3295//6410 3297//6410 3290//6410
f 3305//6411 3298//6411 3297//6411
f 3305//6412 3297//6412 3304//6412
f 3310//6413 3303//6413 3299//6413
f 3310//6414 3299//6414 3306//6414
f 4340//6415 3300//6415 3307//6415
f 4340//6416 3307//6416 4341//6416
f 3307//6417 3300//6417 3301//6417
f 3307//6418 3301//6418 3308//6418
f 3309//6419 3302//6419 3303//6419
f 3309//6420 3303//6420 3310//6420
f 3304//6421 3297//6421 3302//6421
f 3304//6422 3302//6422 3309//6422
f 3304//6423 3347//6423 3311//6423
f 3304//6424 3311//6424 3305//6424
f 3306//6425 3350//6425 3349//6425
f 3306//6426 3349//6426 3310//6426
f 3307//6427 3351//6427 4342//6427
f 3307//6428 4342//6428 4341//6428
f 3308//6429 3352//6429 3351//6429
f 3308//6430 3351//6430 3307//6430
f 3310//6431 3349//6431 3348//6431
f 3310//6432 3348//6432 3309//6432
f 3309//6433 3348//6433 3347//6433
f 3309//6434 3347//6434 3304//6434
f 3551//6435 3567//6435 3566//6435
f 3551//6436 3566//6436 3552//6436
f 3552//6437 3566//6437 3276//6437
f 3552//6438 3276//6438 3553//6438
f 3281//6439 3288//6439 3283//6439
f 3281//6440 3283//6440 3313//6440
f 3313//6441 3283//6441 3284//6441
f 3313//6442 3284//6442 3312//6442
f 3315//6443 3314//6443 3284//6443
f 3315//6444 3284//6444 3291//6444
f 3314//6445 3315//6445 3319//6445
f 3314//6446 3319//6446 3318//6446
f 3316//6447 3315//6447 3291//6447
f 3316//6448 3291//6448 3298//6448
f 3315//6449 3316//6449 3320//6449
f 3315//6450 3320//6450 3319//6450
f 3317//6451 3316//6451 3298//6451
f 3317//6452 3298//6452 3305//6452
f 3321//6453 3320//6453 3316//6453
f 3321//6454 3316//6454 3317//6454
f 2902//6455 3830//6455 3827//6455
f 2902//6456 3827//6456 2764//6456
f 2913//6457 3828//6457 3830//6457
f 2913//6458 3830//6458 2902//6458
f 3319//6459 2903//6459 2816//6459
f 3319//6460 2816//6460 3318//6460
f 3320//6461 2826//6461 2903//6461
f 3320//6462 2903//6462 3319//6462
f 2827//6463 2826//6463 3320//6463
f 2827//6464 3320//6464 3321//6464
f 3550//6465 3568//6465 3567//6465
f 3550//6466 3567//6466 3551//6466
f 3318//6467 3322//6467 3323//6467
f 3318//6468 3323//6468 3314//6468
f 3549//6469 3569//6469 3568//6469
f 3549//6470 3568//6470 3550//6470
f 3314//6471 3323//6471 3312//6471
f 3314//6472 3312//6472 3284//6472
f 3324//6473 3317//6473 3305//6473
f 3324//6474 3305//6474 3311//6474
f 3317//6475 3324//6475 3325//6475
f 3317//6476 3325//6476 3321//6476
f 3327//6477 3324//6477 3311//6477
f 3327//6478 3311//6478 3326//6478
f 3324//6479 3327//6479 3328//6479
f 3324//6480 3328//6480 3325//6480
f 3327//6481 3330//6481 3331//6481
f 3327//6482 3331//6482 3328//6482
f 3330//6483 3327//6483 3326//6483
f 3330//6484 3326//6484 3329//6484
f 3333//6485 3330//6485 3329//6485
f 3333//6486 3329//6486 3332//6486
f 3330//6487 3333//6487 3334//6487
f 3330//6488 3334//6488 3331//6488
f 3336//6489 3333//6489 3332//6489
f 3336//6490 3332//6490 3335//6490
f 3333//6491 3336//6491 3337//6491
f 3333//6492 3337//6492 3334//6492
f 3339//6493 3336//6493 3335//6493
f 3339//6494 3335//6494 3338//6494
f 3336//6495 3339//6495 3340//6495
f 3336//6496 3340//6496 3337//6496
f 3348//6497 3378//6497 3377//6497
f 3348//6498 3377//6498 3347//6498
f 3349//6499 3379//6499 3378//6499
f 3349//6500 3378//6500 3348//6500
f 3350//6501 3380//6501 3379//6501
f 3350//6502 3379//6502 3349//6502
f 3351//6503 3381//6503 4343//6503
f 3351//6504 4343//6504 4342//6504
f 3352//6505 3382//6505 3381//6505
f 3352//6506 3381//6506 3351//6506
f 3353//6507 3383//6507 3382//6507
f 3353//6508 3382//6508 3352//6508
f 3384//6509 4412//6509 4413//6509
f 3384//6510 4413//6510 3354//6510
f 3354//6511 3355//6511 3385//6511
f 3354//6512 3385//6512 3384//6512
f 3355//6513 3356//6513 3386//6513
f 3355//6514 3386//6514 3385//6514
f 3357//6515 3387//6515 3386//6515
f 3357//6516 3386//6516 3356//6516
f 3387//6517 3357//6517 3358//6517
f 3387//6518 3358//6518 3388//6518
f 3359//6519 3389//6519 3388//6519
f 3359//6520 3388//6520 3358//6520
f 3359//6521 3484//6521 3485//6521
f 3359//6522 3485//6522 3389//6522
f 3360//6523 3390//6523 3485//6523
f 3360//6524 3485//6524 3484//6524
f 3487//6525 3361//6525 3391//6525
f 3487//6526 3391//6526 3488//6526
f 3362//6527 3392//6527 3391//6527
f 3362//6528 3391//6528 3361//6528
f 3392//6529 3362//6529 3363//6529
f 3392//6530 3363//6530 3393//6530
f 3393//6531 3363//6531 3364//6531
f 3393//6532 3364//6532 3394//6532
f 4281//6533 3394//6533 3364//6533
f 4281//6534 3364//6534 4282//6534
f 4534//6535 4535//6535 3395//6535
f 4534//6536 3395//6536 3365//6536
f 3396//6537 3366//6537 3367//6537
f 3396//6538 3367//6538 3397//6538
f 3367//6539 1148//6539 1179//6539
f 3367//6540 1179//6540 3397//6540
f 4362//6541 3381//6541 3382//6541
f 4362//6542 3382//6542 4363//6542
f 4343//6543 3381//6543 4362//6543
f 4343//6544 4362//6544 4361//6544
f 4359//6545 3379//6545 3380//6545
f 4359//6546 3380//6546 4360//6546
f 4358//6547 3378//6547 3379//6547
f 4358//6548 3379//6548 4359//6548
f 3369//6549 3374//6549 3373//6549
f 3369//6550 3373//6550 3368//6550
f 3368//6551 3373//6551 4345//6551
f 3368//6552 4345//6552 4344//6552
f 3370//6553 3375//6553 3376//6553
f 3370//6554 3376//6554 3371//6554
f 3371//6555 3376//6555 2259//6555
f 3371//6556 2259//6556 3372//6556
f 3838//6557 3339//6557 3338//6557
f 3838//6558 3338//6558 3839//6558
f 3339//6559 3838//6559 3837//6559
f 3339//6560 3837//6560 3340//6560
f 4082//6561 2516//6561 3405//6561
f 4082//6562 3405//6562 4083//6562
f 3841//6563 3406//6563 2280//6563
f 3841//6564 2280//6564 3842//6564
f 3465//6565 3406//6565 3841//6565
f 3465//6566 3841//6566 3840//6566
f 3406//6567 3407//6567 3099//6567
f 3406//6568 3099//6568 2280//6568
f 3406//6569 3465//6569 3464//6569
f 3406//6570 3464//6570 3407//6570
f 3372//6571 2259//6571 3408//6571
f 3372//6572 3408//6572 3417//6572
f 4357//6573 3377//6573 3378//6573
f 4357//6574 3378//6574 4358//6574
f 3374//6575 3419//6575 3418//6575
f 3374//6576 3418//6576 3373//6576
f 3373//6577 3418//6577 4346//6577
f 3373//6578 4346//6578 4345//6578
f 3420//6579 3421//6579 3376//6579
f 3420//6580 3376//6580 3375//6580
f 3376//6581 3421//6581 2258//6581
f 3376//6582 2258//6582 2259//6582
f 3419//6583 3423//6583 3422//6583
f 3419//6584 3422//6584 3418//6584
f 3418//6585 3422//6585 4347//6585
f 3418//6586 4347//6586 4346//6586
f 3420//6587 3424//6587 3425//6587
f 3420//6588 3425//6588 3421//6588
f 3421//6589 3425//6589 2453//6589
f 3421//6590 2453//6590 2258//6590
f 3423//6591 3427//6591 3426//6591
f 3423//6592 3426//6592 3422//6592
f 3422//6593 3426//6593 4348//6593
f 3422//6594 4348//6594 4347//6594
f 3424//6595 3428//6595 3429//6595
f 3424//6596 3429//6596 3425//6596
f 3425//6597 3429//6597 2452//6597
f 3425//6598 2452//6598 2453//6598
f 3426//6599 3430//6599 4349//6599
f 3426//6600 4349//6600 4348//6600
f 3431//6601 3432//6601 3429//6601
f 3431//6602 3429//6602 3428//6602
f 3429//6603 3432//6603 2663//6603
f 3429//6604 2663//6604 2452//6604
f 3867//6605 3432//6605 3431//6605
f 3867//6606 3431//6606 3868//6606
f 3432//6607 3867//6607 3866//6607
f 3432//6608 3866//6608 2663//6608
f 4349//6609 3430//6609 3869//6609
f 4349//6610 3869//6610 4350//6610
f 3274//6611 3275//6611 3436//6611
f 3274//6612 3436//6612 3433//6612
f 3433//6613 3436//6613 3437//6613
f 3433//6614 3437//6614 3434//6614
f 3437//6615 3438//6615 3435//6615
f 3437//6616 3435//6616 3434//6616
f 3435//6617 3438//6617 3271//6617
f 3435//6618 3271//6618 3270//6618
f 3275//6619 3273//6619 3439//6619
f 3275//6620 3439//6620 3436//6620
f 3436//6621 3439//6621 3440//6621
f 3436//6622 3440//6622 3437//6622
f 3440//6623 3441//6623 3438//6623
f 3440//6624 3438//6624 3437//6624
f 3438//6625 3441//6625 3268//6625
f 3438//6626 3268//6626 3271//6626
f 3273//6627 4094//6627 4093//6627
f 3273//6628 4093//6628 3439//6628
f 3439//6629 4093//6629 4092//6629
f 3439//6630 4092//6630 3440//6630
f 4091//6631 3441//6631 3440//6631
f 4091//6632 3440//6632 4092//6632
f 3441//6633 4091//6633 4090//6633
f 3441//6634 4090//6634 3268//6634
f 3347//6635 3377//6635 3326//6635
f 3347//6636 3326//6636 3311//6636
f 3183//6637 3870//6637 4286//6637
f 3183//6638 4286//6638 3146//6638
f 2684//6639 3275//6639 3274//6639
f 2684//6640 3274//6640 3466//6640
f 2684//6641 2685//6641 3273//6641
f 2684//6642 3273//6642 3275//6642
f 4094//6643 3273//6643 2685//6643
f 4094//6644 2685//6644 4095//6644
f 3987//6645 2256//6645 3467//6645
f 3987//6646 3467//6646 3988//6646
f 3469//6647 3478//6647 4056//6647
f 3469//6648 4056//6648 4055//6648
f 3470//6649 3477//6649 3478//6649
f 3470//6650 3478//6650 3469//6650
f 3471//6651 3476//6651 3477//6651
f 3471//6652 3477//6652 3470//6652
f 3472//6653 3475//6653 3942//6653
f 3472//6654 3942//6654 3941//6654
f 4329//6655 3894//6655 3893//6655
f 4329//6656 3893//6656 4330//6656
f 3480//6657 3482//6657 4194//6657
f 3480//6658 4194//6658 4195//6658
f 3481//6659 3625//6659 3482//6659
f 3481//6660 3482//6660 3480//6660
f 2892//6661 3625//6661 3481//6661
f 2892//6662 3481//6662 2890//6662
f 3487//6663 3360//6663 2309//6663
f 3487//6664 2309//6664 3486//6664
f 3390//6665 3360//6665 3487//6665
f 3390//6666 3487//6666 3488//6666
f 4373//6667 3488//6667 3391//6667
f 4373//6668 3391//6668 4374//6668
f 3488//6669 4373//6669 4372//6669
f 3488//6670 4372//6670 3390//6670
f 4371//6671 3485//6671 3390//6671
f 4371//6672 3390//6672 4372//6672
f 3988//6673 3467//6673 3489//6673
f 3988//6674 3489//6674 3989//6674
f 3989//6675 3489//6675 3490//6675
f 3989//6676 3490//6676 3990//6676
f 3490//6677 3491//6677 3991//6677
f 3490//6678 3991//6678 3990//6678
f 3991//6679 3491//6679 3492//6679
f 3991//6680 3492//6680 3992//6680
f 3992//6681 3492//6681 3493//6681
f 3992//6682 3493//6682 3993//6682
f 3493//6683 3494//6683 3994//6683
f 3493//6684 3994//6684 3993//6684
f 3994//6685 3494//6685 3495//6685
f 3994//6686 3495//6686 3995//6686
f 3995//6687 3495//6687 3496//6687
f 3995//6688 3496//6688 3996//6688
f 3496//6689 3497//6689 3997//6689
f 3496//6690 3997//6690 3996//6690
f 3497//6691 3852//6691 3998//6691
f 3497//6692 3998//6692 3997//6692
f 3498//6693 3499//6693 4000//6693
f 3498//6694 4000//6694 3999//6694
f 4000//6695 3499//6695 3515//6695
f 4000//6696 3515//6696 4001//6696
f 3500//6697 3501//6697 4008//6697
f 3500//6698 4008//6698 4007//6698
f 4009//6699 3503//6699 3502//6699
f 4009//6700 3502//6700 4010//6700
f 4008//6701 3501//6701 3503//6701
f 4008//6702 3503//6702 4009//6702
f 3502//6703 3504//6703 4011//6703
f 3502//6704 4011//6704 4010//6704
f 3504//6705 4161//6705 4160//6705
f 3504//6706 4160//6706 4011//6706
f 4012//6707 3505//6707 3506//6707
f 4012//6707 3506//6707 4013//6707
f 4015//6708 3508//6708 3507//6708
f 4015//6709 3507//6709 4016//6709
f 3506//6710 3514//6710 4014//6710
f 3506//6711 4014//6711 4013//6711
f 3509//6712 3510//6712 4018//6712
f 3509//6713 4018//6713 4017//6713
f 4104//6714 3511//6714 4019//6714
f 4104//6715 4019//6715 4105//6715
f 4019//6716 3511//6716 3512//6716
f 4019//6717 3512//6717 4020//6717
f 4020//6718 3512//6718 3640//6718
f 4020//6719 3640//6719 4021//6719
f 3507//6720 4190//6720 4189//6720
f 3507//6721 4189//6721 4016//6721
f 4014//6722 3514//6722 3508//6722
f 4014//6723 3508//6723 4015//6723
f 4001//6724 3515//6724 3516//6724
f 4001//6725 3516//6725 4002//6725
f 4005//6726 3518//6726 3517//6726
f 4005//6727 3517//6727 4006//6727
f 4006//6728 3517//6728 3500//6728
f 4006//6729 3500//6729 4007//6729
f 4003//6730 3520//6730 3519//6730
f 4003//6731 3519//6731 4004//6731
f 4004//6732 3519//6732 3518//6732
f 4004//6733 3518//6733 4005//6733
f 3516//6734 3520//6734 4003//6734
f 3516//6735 4003//6735 4002//6735
f 3523//6736 2343//6736 4417//6736
f 3523//6737 4417//6737 4418//6737
f 3523//6738 3524//6738 2330//6738
f 3523//6739 2330//6739 2343//6739
f 3546//6740 3537//6740 3536//6740
f 3546//6741 3536//6741 3545//6741
f 4059//6742 3528//6742 2590//6742
f 4059//6743 2590//6743 4022//6743
f 3528//6744 3529//6744 4060//6744
f 3528//6745 4060//6745 2590//6745
f 3529//6746 3530//6746 2586//6746
f 3529//6747 2586//6747 4060//6747
f 3945//6748 3531//6748 2578//6748
f 3945//6749 2578//6749 2583//6749
f 4417//6750 3187//6750 3188//6750
f 4417//6751 3188//6751 4418//6751
f 4416//6752 3186//6752 3187//6752
f 4416//6753 3187//6753 4417//6753
f 4415//6754 3185//6754 3186//6754
f 4415//6755 3186//6755 4416//6755
f 4414//6756 3184//6756 3185//6756
f 4414//6757 3185//6757 4415//6757
f 4413//6758 3353//6758 3184//6758
f 4413//6759 3184//6759 4414//6759
f 4412//6760 3383//6760 3353//6760
f 4412//6761 3353//6761 4413//6761
f 4364//6762 3383//6762 4412//6762
f 4364//6763 4412//6763 4411//6763
f 4409//6764 3150//6764 3151//6764
f 4409//6765 3151//6765 4410//6765
f 4408//6766 3149//6766 3150//6766
f 4408//6767 3150//6767 4409//6767
f 4407//6768 3148//6768 3149//6768
f 4407//6769 3149//6769 4408//6769
f 4406//6770 3147//6770 3148//6770
f 4406//6771 3148//6771 4407//6771
f 4405//6772 3146//6772 3147//6772
f 4405//6773 3147//6773 4406//6773
f 3183//6774 3146//6774 4405//6774
f 3183//6775 4405//6775 4404//6775
f 3183//6776 4404//6776 4403//6776
f 3183//6777 4403//6777 3182//6777
f 3182//6778 4403//6778 4402//6778
f 3182//6779 4402//6779 3181//6779
f 3181//6780 4402//6780 4401//6780
f 3181//6781 4401//6781 3180//6781
f 4400//6782 3179//6782 3180//6782
f 4400//6783 3180//6783 4401//6783
f 3178//6784 3179//6784 4400//6784
f 3178//6785 4400//6785 4399//6785
f 3675//6786 3178//6786 4399//6786
f 3675//6787 4399//6787 4398//6787
f 4396//6788 3176//6788 3177//6788
f 4396//6789 3177//6789 4397//6789
f 3011//6790 3175//6790 3176//6790
f 3011//6791 3176//6791 4396//6791
f 3540//6792 3829//6792 2660//6792
f 3540//6793 2660//6793 2361//6793
f 3524//6794 3195//6794 3196//6794
f 3524//6795 3196//6795 2330//6795
f 3548//6796 3549//6796 3322//6796
f 3548//6797 3322//6797 2815//6797
f 3550//6798 3323//6798 3322//6798
f 3550//6799 3322//6799 3549//6799
f 3323//6800 3550//6800 3551//6800
f 3323//6801 3551//6801 3312//6801
f 3552//6802 3313//6802 3312//6802
f 3552//6803 3312//6803 3551//6803
f 3553//6804 3281//6804 3313//6804
f 3553//6805 3313//6805 3552//6805
f 3554//6806 3282//6806 3281//6806
f 3554//6807 3281//6807 3553//6807
f 3555//6808 3278//6808 3282//6808
f 3555//6809 3282//6809 3554//6809
f 3556//6810 3279//6810 4337//6810
f 3556//6811 4337//6811 4336//6811
f 3557//6812 3280//6812 3279//6812
f 3557//6813 3279//6813 3556//6813
f 3558//6814 3188//6814 3280//6814
f 3558//6815 3280//6815 3557//6815
f 4418//6816 3188//6816 3558//6816
f 4418//6817 3558//6817 4419//6817
f 3523//6818 4418//6818 4419//6818
f 3523//6819 4419//6819 3559//6819
f 3560//6820 3524//6820 3523//6820
f 3560//6821 3523//6821 3559//6821
f 3560//6822 3561//6822 3195//6822
f 3560//6823 3195//6823 3524//6823
f 3194//6824 3193//6824 3561//6824
f 3194//6825 3561//6825 3562//6825
f 3563//6826 3189//6826 3194//6826
f 3563//6827 3194//6827 3562//6827
f 4284//6828 3189//6828 3563//6828
f 4284//6829 3563//6829 4285//6829
f 4531//6830 4532//6830 3190//6830
f 4531//6831 3190//6831 3521//6831
f 3565//6832 3191//6832 3192//6832
f 3565//6833 3192//6833 3564//6833
f 3565//6834 1349//6834 980//6834
f 3565//6835 980//6835 3191//6835
f 3197//6836 3195//6836 3561//6836
f 3197//6837 3561//6837 3193//6837
f 3548//6838 2836//6838 2837//6838
f 3548//6839 2837//6839 2835//6839
f 2837//6840 3597//6840 3596//6840
f 2837//6841 3596//6841 2835//6841
f 2815//6842 2814//6842 2836//6842
f 2815//6843 2836//6843 3548//6843
f 3276//6844 3566//6844 3570//6844
f 3276//6845 3570//6845 3152//6845
f 3566//6846 3567//6846 3571//6846
f 3566//6847 3571//6847 3570//6847
f 3568//6848 3598//6848 3571//6848
f 3568//6849 3571//6849 3567//6849
f 3569//6850 3599//6850 3598//6850
f 3569//6851 3598//6851 3568//6851
f 3596//6852 3599//6852 3569//6852
f 3596//6853 3569//6853 2835//6853
f 3598//6854 3572//6854 3144//6854
f 3598//6855 3144//6855 3571//6855
f 1359//6856 3601//6856 3600//6856
f 1359//6857 3600//6857 934//6857
f 3575//6858 2362//6858 3600//6858
f 3575//6859 3600//6859 3601//6859
f 2362//6860 3575//6860 3576//6860
f 2362//6861 3576//6861 2361//6861
f 3540//6862 2361//6862 3576//6862
f 3540//6863 3576//6863 3577//6863
f 2764//6864 3540//6864 3577//6864
f 2764//6865 3577//6865 3578//6865
f 3579//6866 2902//6866 2764//6866
f 3579//6867 2764//6867 3578//6867
f 3580//6868 2913//6868 2902//6868
f 3580//6869 2902//6869 3579//6869
f 3581//6870 2943//6870 2913//6870
f 3581//6871 2913//6871 3580//6871
f 3582//6872 2912//6872 2943//6872
f 3582//6873 2943//6873 3581//6873
f 3583//6874 2911//6874 2912//6874
f 3583//6875 2912//6875 3582//6875
f 2911//6876 3583//6876 3584//6876
f 2911//6877 3584//6877 2910//6877
f 2910//6878 3584//6878 3585//6878
f 2910//6879 3585//6879 2909//6879
f 3586//6880 2906//6880 2909//6880
f 3586//6881 2909//6881 3585//6881
f 3587//6882 2899//6882 2906//6882
f 3587//6883 2906//6883 3586//6883
f 3589//6884 3798//6884 3797//6884
f 3589//6885 3797//6885 3588//6885
f 3590//6886 3799//6886 3798//6886
f 3590//6887 3798//6887 3589//6887
f 4431//6888 3591//6888 3800//6888
f 4431//6889 3800//6889 4432//6889
f 3592//6890 3801//6890 3800//6890
f 3592//6891 3800//6891 3591//6891
f 2951//6892 3593//6892 3594//6892
f 2951//6893 3594//6893 2908//6893
f 3595//6894 3574//6894 2908//6894
f 3595//6895 2908//6895 3594//6895
f 3595//6896 3596//6896 3597//6896
f 3595//6897 3597//6897 3574//6897
f 3573//6898 3599//6898 3596//6898
f 3573//6899 3596//6899 3595//6899
f 3572//6900 3598//6900 3599//6900
f 3572//6901 3599//6901 3573//6901
f 3606//6902 3607//6902 3574//6902
f 3606//6903 3574//6903 3597//6903
f 3777//6904 3737//6904 3736//6904
f 3777//6905 3736//6905 3776//6905
f 3778//6906 3738//6906 3737//6906
f 3778//6907 3737//6907 3777//6907
f 2437//6908 3680//6908 3679//6908
f 2437//6909 3679//6909 2438//6909
f 2438//6910 3679//6910 3678//6910
f 2438//6911 3678//6911 2446//6911
f 2711//6912 3681//6912 3680//6912
f 2711//6913 3680//6913 2437//6913
f 3621//6914 3618//6914 3619//6914
f 3621//6915 3619//6915 3622//6915
f 3623//6916 3620//6916 3618//6916
f 3623//6917 3618//6917 3621//6917
f 2993//6918 3620//6918 3623//6918
f 2993//6919 3623//6919 3004//6919
f 3622//6920 3619//6920 2994//6920
f 3622//6921 2994//6921 3624//6921
f 2713//6922 2631//6922 2450//6922
f 2713//6923 2450//6923 2712//6923
f 2892//6924 2891//6924 2893//6924
f 2892//6925 2893//6925 3626//6925
f 3626//6926 2893//6926 2766//6926
f 3626//6927 2766//6927 2765//6927
f 3628//6928 2345//6928 3267//6928
f 3628//6929 3267//6929 3627//6929
f 3628//6930 3629//6930 2344//6930
f 3628//6931 2344//6931 2345//6931
f 3642//6932 2571//6932 4058//6932
f 3642//6933 4058//6933 4057//6933
f 3643//6934 2565//6934 2571//6934
f 3643//6935 2571//6935 3642//6935
f 3644//6936 2560//6936 2565//6936
f 3644//6937 2565//6937 3643//6937
f 3645//6938 2553//6938 3944//6938
f 3645//6939 3944//6939 3943//6939
f 3895//6940 4328//6940 4327//6940
f 3895//6941 4327//6941 3896//6941
f 3648//6942 3267//6942 4192//6942
f 3648//6943 4192//6943 4193//6943
f 3649//6944 3626//6944 2765//6944
f 3649//6945 2765//6945 3627//6945
f 3648//6946 3649//6946 3627//6946
f 3648//6947 3627//6947 3267//6947
f 3649//6948 3625//6948 2892//6948
f 3649//6949 2892//6949 3626//6949
f 3648//6950 3482//6950 3625//6950
f 3648//6951 3625//6951 3649//6951
f 3652//6952 3653//6952 2695//6952
f 3652//6953 2695//6953 2697//6953
f 3653//6954 3654//6954 2658//6954
f 3653//6955 2658//6955 2695//6955
f 3654//6956 3655//6956 3017//6956
f 3654//6957 3017//6957 2658//6957
f 3655//6958 3656//6958 3037//6958
f 3655//6959 3037//6959 3017//6959
f 3656//6960 3657//6960 3041//6960
f 3656//6961 3041//6961 3037//6961
f 3657//6962 3658//6962 3043//6962
f 3657//6963 3043//6963 3041//6963
f 2572//6964 3043//6964 3658//6964
f 2572//6965 3658//6965 3659//6965
f 3059//6966 4389//6966 4388//6966
f 3059//6967 4388//6967 3055//6967
f 3661//6968 3711//6968 3710//6968
f 3661//6969 3710//6969 3660//6969
f 3662//6970 3712//6970 3711//6970
f 3662//6971 3711//6971 3661//6971
f 3663//6972 3713//6972 3712//6972
f 3663//6973 3712//6973 3662//6973
f 3664//6974 3714//6974 3713//6974
f 3664//6975 3713//6975 3663//6975
f 3665//6976 3715//6976 3714//6976
f 3665//6977 3714//6977 3664//6977
f 3666//6978 3716//6978 3715//6978
f 3666//6979 3715//6979 3665//6979
f 3667//6980 3717//6980 3716//6980
f 3667//6981 3716//6981 3666//6981
f 4036//6982 3065//6982 3668//6982
f 4036//6983 3668//6983 4037//6983
f 3670//6984 2987//6984 4102//6984
f 3670//6985 4102//6985 4101//6985
f 3671//6986 2988//6986 2987//6986
f 3671//6987 2987//6987 3670//6987
f 3672//6988 2989//6988 2988//6988
f 3672//6989 2988//6989 3671//6989
f 3673//6990 2990//6990 3925//6990
f 3673//6991 3925//6991 3924//6991
f 3876//6992 3674//6992 2991//6992
f 3876//6993 2991//6993 3877//6993
f 3675//6994 3177//6994 2991//6994
f 3675//6995 2991//6995 3674//6995
f 4397//6996 3177//6996 3675//6996
f 4397//6997 3675//6997 4398//6997
f 2992//6998 4397//6998 4398//6998
f 2992//6999 4398//6999 3676//6999
f 3676//7000 3677//7000 2993//7000
f 3676//7001 2993//7001 2992//7001
f 3677//7002 3678//7002 3620//7002
f 3677//7003 3620//7003 2993//7003
f 3679//7004 3618//7004 3620//7004
f 3679//7005 3620//7005 3678//7005
f 3680//7006 3619//7006 3618//7006
f 3680//7007 3618//7007 3679//7007
f 3681//7008 2994//7008 3619//7008
f 3681//7009 3619//7009 3680//7009
f 3681//7010 3682//7010 2995//7010
f 3681//7011 2995//7011 2994//7011
f 3682//7012 3683//7012 2985//7012
f 3682//7013 2985//7013 2995//7013
f 3683//7014 3684//7014 2984//7014
f 3683//7015 2984//7015 2985//7015
f 2984//7016 3684//7016 3685//7016
f 2984//7017 3685//7017 2983//7017
f 4030//7018 3686//7018 3033//7018
f 4030//7019 3033//7019 4031//7019
f 3067//7020 3688//7020 3687//7020
f 3067//7021 3687//7021 3034//7021
f 3034//7022 3687//7022 3689//7022
f 3034//7023 3689//7023 3074//7023
f 3033//7024 3686//7024 3688//7024
f 3033//7025 3688//7025 3067//7025
f 3694//7026 3693//7026 3687//7026
f 3694//7027 3687//7027 3688//7027
f 3693//7028 3695//7028 3689//7028
f 3693//7029 3689//7029 3687//7029
f 3693//7030 3698//7030 3697//7030
f 3693//7031 3697//7031 3695//7031
f 3694//7032 3699//7032 3698//7032
f 3694//7033 3698//7033 3693//7033
f 3700//7034 3814//7034 3813//7034
f 3700//7035 3813//7035 3701//7035
f 3701//7036 3813//7036 3812//7036
f 3701//7037 3812//7037 3702//7037
f 3701//7038 3704//7038 3703//7038
f 3701//7039 3703//7039 3700//7039
f 3704//7040 3804//7040 3805//7040
f 3704//7041 3805//7041 3703//7041
f 3705//7042 3803//7042 3804//7042
f 3705//7043 3804//7043 3704//7043
f 3112//7044 4051//7044 4050//7044
f 3112//7045 4050//7045 3706//7045
f 2696//7046 3717//7046 3651//7046
f 2696//7047 3651//7047 2689//7047
f 3667//7048 2690//7048 3651//7048
f 3667//7049 3651//7049 3717//7049
f 3718//7050 3719//7050 2692//7050
f 3718//7051 2692//7051 2693//7051
f 3720//7052 2697//7052 2692//7052
f 3720//7053 2692//7053 3719//7053
f 2690//7054 3721//7054 3720//7054
f 2690//7055 3720//7055 2691//7055
f 3667//7056 3652//7056 3721//7056
f 3667//7057 3721//7057 2690//7057
f 3721//7058 3652//7058 2697//7058
f 3721//7059 2697//7059 3720//7059
f 2811//7060 3761//7060 3722//7060
f 2811//7061 3722//7061 2812//7061
f 3833//7062 3723//7062 2813//7062
f 3833//7063 2813//7063 3834//7063
f 3723//7064 3724//7064 2831//7064
f 3723//7065 2831//7065 2813//7065
f 2831//7066 3724//7066 3725//7066
f 2831//7067 3725//7067 2829//7067
f 3102//7068 2829//7068 3725//7068
f 3102//7069 3725//7069 3726//7069
f 3726//7070 3727//7070 2823//7070
f 3726//7071 2823//7071 3102//7071
f 3728//7072 2824//7072 2823//7072
f 3728//7073 2823//7073 3727//7073
f 3728//7074 3729//7074 2821//7074
f 3728//7075 2821//7075 2824//7075
f 3729//7076 3730//7076 2818//7076
f 3729//7077 2818//7077 2821//7077
f 3730//7078 3731//7078 2905//7078
f 3730//7079 2905//7079 2818//7079
f 3732//7080 2834//7080 2905//7080
f 3732//7081 2905//7081 3731//7081
f 2834//7082 3732//7082 3733//7082
f 2834//7083 3733//7083 2833//7083
f 3734//7084 2832//7084 2833//7084
f 3734//7085 2833//7085 3733//7085
f 3735//7086 3736//7086 3606//7086
f 3735//7087 3606//7087 2840//7087
f 3736//7088 3737//7088 3607//7088
f 3736//7089 3607//7089 3606//7089
f 3737//7090 3738//7090 2951//7090
f 3737//7091 2951//7091 3607//7091
f 3740//7092 2842//7092 3593//7092
f 3740//7093 3593//7093 3739//7093
f 3741//7094 2845//7094 2842//7094
f 3741//7095 2842//7095 3740//7095
f 2845//7096 3741//7096 3742//7096
f 2845//7097 3742//7097 2843//7097
f 4425//7098 2843//7098 3742//7098
f 4425//7099 3742//7099 4426//7099
f 3744//7100 2868//7100 2862//7100
f 3744//7101 2862//7101 3743//7101
f 3745//7102 2869//7102 2868//7102
f 3745//7103 2868//7103 3744//7103
f 3746//7104 2870//7104 2869//7104
f 3746//7105 2869//7105 3745//7105
f 3747//7106 3587//7106 2870//7106
f 3747//7107 2870//7107 3746//7107
f 3748//7108 2899//7108 3587//7108
f 3748//7109 3587//7109 3747//7109
f 3748//7110 3749//7110 2900//7110
f 3748//7111 2900//7111 2899//7111
f 2860//7112 2900//7112 3749//7112
f 2860//7113 3749//7113 3750//7113
f 3750//7114 3751//7114 2858//7114
f 3750//7115 2858//7115 2860//7115
f 2859//7116 2858//7116 3751//7116
f 2859//7117 3751//7117 3752//7117
f 3752//7118 4131//7118 4130//7118
f 3752//7119 4130//7119 2859//7119
f 4163//7120 3755//7120 2851//7120
f 4163//7121 2851//7121 4164//7121
f 2933//7122 2851//7122 3755//7122
f 2933//7123 3755//7123 3756//7123
f 3244//7124 2933//7124 3756//7124
f 3244//7125 3756//7125 3757//7125
f 3757//7126 3758//7126 2847//7126
f 3757//7127 2847//7127 3244//7127
f 3758//7128 3759//7128 2857//7128
f 3758//7129 2857//7129 2847//7129
f 4134//7130 3760//7130 3201//7130
f 4134//7131 3201//7131 4135//7131
f 3760//7132 3761//7132 2811//7132
f 3760//7133 2811//7133 3201//7133
f 3779//7134 3801//7134 3738//7134
f 3779//7135 3738//7135 3778//7135
f 3780//7136 3800//7136 3801//7136
f 3780//7137 3801//7137 3779//7137
f 4432//7138 3800//7138 3780//7138
f 4432//7139 3780//7139 4433//7139
f 3799//7140 3781//7140 3782//7140
f 3799//7141 3782//7141 3798//7141
f 3783//7142 3797//7142 3798//7142
f 3783//7143 3798//7143 3782//7143
f 3748//7144 3797//7144 3783//7144
f 3748//7145 3783//7145 3784//7145
f 3593//7146 2951//7146 3738//7146
f 3593//7147 3738//7147 3739//7147
f 3592//7148 3739//7148 3738//7148
f 3592//7149 3738//7149 3801//7149
f 3747//7150 3588//7150 3797//7150
f 3747//7151 3797//7151 3748//7151
f 3114//7152 4052//7152 4051//7152
f 3114//7153 4051//7153 3112//7153
f 3806//7154 1597//7154 1596//7154
f 3806//7155 1596//7155 3807//7155
f 3807//7156 1596//7156 1595//7156
f 3807//7157 1595//7157 3808//7157
f 3817//7158 4027//7158 4026//7158
f 3817//7159 4026//7159 3818//7159
f 4025//7160 3819//7160 3818//7160
f 4025//7161 3818//7161 4026//7161
f 4024//7162 3820//7162 3819//7162
f 4024//7163 3819//7163 4025//7163
f 3804//7164 3803//7164 3806//7164
f 3804//7165 3806//7165 3807//7165
f 3805//7166 3804//7166 3807//7166
f 3805//7167 3807//7167 3808//7167
f 3820//7168 4024//7168 4023//7168
f 3820//7169 4023//7169 3821//7169
f 1820//7170 1612//7170 3821//7170
f 1820//7171 3821//7171 4023//7171
f 3699//7172 3812//7172 3813//7172
f 3699//7173 3813//7173 3698//7173
f 3698//7174 3813//7174 3814//7174
f 3698//7175 3814//7175 3697//7175
f 3817//7176 3816//7176 4028//7176
f 3817//7177 4028//7177 4027//7177
f 3815//7178 4029//7178 4028//7178
f 3815//7179 4028//7179 3816//7179
f 3815//7180 3686//7180 4030//7180
f 3815//7181 4030//7181 4029//7181
f 3702//7182 3705//7182 3704//7182
f 3702//7183 3704//7183 3701//7183
f 3815//7184 3694//7184 3688//7184
f 3815//7185 3688//7185 3686//7185
f 3699//7186 3694//7186 3815//7186
f 3699//7187 3815//7187 3816//7187
f 3699//7188 3816//7188 3817//7188
f 3699//7189 3817//7189 3812//7189
f 3818//7190 3702//7190 3812//7190
f 3818//7191 3812//7191 3817//7191
f 3818//7192 3819//7192 3705//7192
f 3818//7193 3705//7193 3702//7193
f 3819//7194 3820//7194 3803//7194
f 3819//7195 3803//7195 3705//7195
f 3821//7196 3806//7196 3803//7196
f 3821//7197 3803//7197 3820//7197
f 3821//7198 1612//7198 1597//7198
f 3821//7199 1597//7199 3806//7199
f 3734//7200 3735//7200 2840//7200
f 3734//7201 2840//7201 2832//7201
f 3775//7202 3735//7202 3734//7202
f 3775//7203 3734//7203 3774//7203
f 3833//7204 4435//7204 4434//7204
f 3833//7205 4434//7205 3832//7205
f 3834//7206 4436//7206 4435//7206
f 3834//7207 4435//7207 3833//7207
f 3835//7208 4437//7208 4436//7208
f 3835//7209 4436//7209 3834//7209
f 3836//7210 4438//7210 4437//7210
f 3836//7211 4437//7211 3835//7211
f 3837//7212 4439//7212 4438//7212
f 3837//7213 4438//7213 3836//7213
f 3838//7214 4440//7214 4439//7214
f 3838//7215 4439//7215 3837//7215
f 4440//7216 3838//7216 3839//7216
f 4440//7217 3839//7217 4441//7217
f 3841//7218 3344//7218 3342//7218
f 3841//7219 3342//7219 3840//7219
f 3842//7220 3341//7220 3344//7220
f 3842//7221 3344//7221 3841//7221
f 3843//7222 3398//7222 3341//7222
f 3843//7223 3341//7223 3842//7223
f 3844//7224 3399//7224 3398//7224
f 3844//7225 3398//7225 3843//7225
f 3845//7226 3400//7226 3399//7226
f 3845//7227 3399//7227 3844//7227
f 3846//7228 3401//7228 3400//7228
f 3846//7229 3400//7229 3845//7229
f 3920//7230 3401//7230 3846//7230
f 3920//7231 3846//7231 3921//7231
f 4297//7232 3969//7232 3968//7232
f 4297//7233 3968//7233 4298//7233
f 3848//7234 3849//7234 3404//7234
f 3848//7235 3404//7235 3403//7235
f 3849//7236 3850//7236 3405//7236
f 3849//7237 3405//7237 3404//7237
f 3850//7238 4084//7238 4083//7238
f 3850//7239 4083//7239 3405//7239
f 3998//7240 3852//7240 3498//7240
f 3998//7241 3498//7241 3999//7241
f 5//7242 1645//7242 3853//7242
f 5//7243 3853//7243 2357//7243
f 2357//7244 3853//7244 3854//7244
f 2357//7245 3854//7245 2353//7245
f 4537//7246 4538//7246 3855//7246
f 4537//7247 3855//7247 2354//7247
f 4268//7248 4267//7248 4279//7248
f 4268//7249 4279//7249 4280//7249
f 4280//7250 4279//7250 3856//7250
f 4280//7251 3856//7251 2352//7251
f 2352//7252 3856//7252 3857//7252
f 2352//7253 3857//7253 2358//7253
f 2358//7254 3857//7254 3858//7254
f 2358//7255 3858//7255 2337//7255
f 2337//7256 3858//7256 3859//7256
f 2337//7257 3859//7257 2334//7257
f 2334//7258 3859//7258 3860//7258
f 2334//7259 3860//7259 2331//7259
f 2331//7260 3860//7260 3861//7260
f 2331//7261 3861//7261 2332//7261
f 2332//7262 3861//7262 2645//7262
f 2332//7263 2645//7263 2333//7263
f 2644//7264 2645//7264 3861//7264
f 2644//7265 3861//7265 2339//7265
f 3094//7266 3862//7266 3863//7266
f 3094//7267 3863//7267 3106//7267
f 3106//7268 3863//7268 3864//7268
f 3106//7269 3864//7269 2473//7269
f 3865//7270 3413//7270 2473//7270
f 3865//7271 2473//7271 3864//7271
f 3866//7272 3269//7272 3413//7272
f 3866//7273 3413//7273 3865//7273
f 2661//7274 3871//7274 3872//7274
f 2661//7275 3872//7275 2601//7275
f 2601//7276 3872//7276 3873//7276
f 2601//7277 3873//7277 2600//7277
f 2600//7278 3873//7278 3874//7278
f 2600//7279 3874//7279 2604//7279
f 2464//7280 2604//7280 3874//7280
f 2464//7281 3874//7281 3875//7281
f 2464//7282 3875//7282 3876//7282
f 2464//7283 3876//7283 3673//7283
f 3673//7284 3876//7284 3877//7284
f 3673//7285 3877//7285 2990//7285
f 2990//7286 3877//7286 3878//7286
f 2990//7287 3878//7287 3001//7287
f 3001//7288 3878//7288 3012//7288
f 3001//7289 3012//7289 2470//7289
f 3891//7290 3612//7290 975//7290
f 3891//7291 975//7291 1685//7291
f 2559//7292 3612//7292 3891//7292
f 2559//7293 3891//7293 3892//7293
f 3472//7294 2559//7294 3892//7294
f 3472//7295 3892//7295 3893//7295
f 3894//7296 3475//7296 3472//7296
f 3894//7297 3472//7297 3893//7297
f 3475//7298 3894//7298 3895//7298
f 3475//7299 3895//7299 3645//7299
f 3645//7300 3895//7300 3896//7300
f 3645//7301 3896//7301 2553//7301
f 4220//7302 2553//7302 3896//7302
f 4220//7303 3896//7303 4221//7303
f 4221//7304 3897//7304 3531//7304
f 4221//7305 3531//7305 4220//7305
f 3531//7306 3897//7306 4243//7306
f 3531//7307 4243//7307 2578//7307
f 3635//7308 3898//7308 3899//7308
f 3635//7309 3899//7309 2570//7309
f 2570//7310 3899//7310 3900//7310
f 2570//7311 3900//7311 2569//7311
f 2569//7312 3900//7312 4113//7312
f 2569//7313 4113//7313 4112//7313
f 2721//7314 3249//7314 3901//7314
f 2721//7315 3901//7315 3902//7315
f 3903//7316 2558//7316 4182//7316
f 3903//7317 4182//7317 4181//7317
f 2558//7318 3903//7318 3904//7318
f 2558//7319 3904//7319 2733//7319
f 2733//7320 3904//7320 3905//7320
f 2733//7321 3905//7321 3227//7321
f 2550//7322 3227//7322 3905//7322
f 2550//7323 3905//7323 3906//7323
f 3907//7324 2549//7324 2550//7324
f 3907//7325 2550//7325 3906//7325
f 3908//7326 3218//7326 4153//7326
f 3908//7327 4153//7327 4152//7327
f 3218//7328 3908//7328 3909//7328
f 3218//7329 3909//7329 2535//7329
f 3910//7330 2536//7330 2535//7330
f 3910//7331 2535//7331 3909//7331
f 2536//7332 3910//7332 3911//7332
f 2536//7333 3911//7333 2526//7333
f 2526//7334 3911//7334 3912//7334
f 2526//7335 3912//7335 2520//7335
f 2520//7336 3912//7336 3913//7336
f 2520//7337 3913//7337 2508//7337
f 2508//7338 3913//7338 3914//7338
f 2508//7339 3914//7339 2972//7339
f 2972//7340 3914//7340 3915//7340
f 2972//7341 3915//7341 2497//7341
f 3916//7342 2957//7342 2497//7342
f 3916//7343 2497//7343 3915//7343
f 2498//7344 2957//7344 3916//7344
f 2498//7345 3916//7345 3917//7345
f 2498//7346 3917//7346 3918//7346
f 2498//7347 3918//7347 2488//7347
f 2488//7347 3918//7347 3919//7347
f 2488//7348 3919//7348 2489//7348
f 3920//7349 3402//7349 2489//7349
f 3920//7350 2489//7350 3919//7350
f 3847//7351 3402//7351 3920//7351
f 3847//7352 3920//7352 3921//7352
f 3922//7353 2472//7353 3847//7353
f 3922//7354 3847//7354 3921//7354
f 2472//7355 3922//7355 3862//7355
f 2472//7356 3862//7356 3094//7356
f 3924//7357 3672//7357 2471//7357
f 3924//7358 2471//7358 3923//7358
f 3925//7359 2989//7359 3672//7359
f 3925//7360 3672//7360 3924//7360
f 3000//7361 2989//7361 3925//7361
f 3000//7362 3925//7362 3926//7362
f 3000//7363 3926//7363 3087//7363
f 3000//7364 3087//7364 2478//7364
f 3007//7365 3012//7365 2463//7365
f 3007//7366 2463//7366 3927//7366
f 3928//7367 3023//7367 3007//7367
f 3928//7368 3007//7368 3927//7368
f 3929//7369 3028//7369 3023//7369
f 3929//7370 3023//7370 3928//7370
f 3930//7371 3032//7371 3028//7371
f 3930//7372 3028//7372 3929//7372
f 3931//7373 3049//7373 3032//7373
f 3931//7374 3032//7374 3930//7374
f 3932//7375 3054//7375 3049//7375
f 3932//7376 3049//7376 3931//7376
f 3933//7377 3060//7377 3054//7377
f 3933//7378 3054//7378 3932//7378
f 3934//7379 3056//7379 3060//7379
f 3934//7380 3060//7380 3933//7380
f 3089//7381 3056//7381 3934//7381
f 3089//7382 3934//7382 3935//7382
f 3936//7383 3708//7383 3089//7383
f 3936//7384 3089//7384 3935//7384
f 3057//7385 3708//7385 3936//7385
f 3057//7386 3936//7386 3937//7386
f 3938//7387 3116//7387 3057//7387
f 3938//7388 3057//7388 3937//7388
f 1734//7389 962//7389 3116//7389
f 1734//7390 3116//7390 3938//7390
f 3939//7391 3611//7391 976//7391
f 3939//7392 976//7392 1735//7392
f 3822//7393 3611//7393 3939//7393
f 3822//7394 3939//7394 3940//7394
f 3471//7395 3822//7395 3940//7395
f 3471//7396 3940//7396 3941//7396
f 3942//7397 3476//7397 3471//7397
f 3942//7398 3471//7398 3941//7398
f 3476//7399 3942//7399 3943//7399
f 3476//7400 3943//7400 3644//7400
f 3944//7401 2560//7401 3644//7401
f 3944//7402 3644//7402 3943//7402
f 4218//7403 2560//7403 3944//7403
f 4218//7404 3944//7404 4219//7404
f 4219//7405 3945//7405 3530//7405
f 4219//7406 3530//7406 4218//7406
f 3530//7407 3945//7407 2583//7407
f 3530//7408 2583//7408 2586//7408
f 3947//7409 2577//7409 3636//7409
f 3947//7410 3636//7410 3946//7410
f 3948//7411 2576//7411 2577//7411
f 3948//7412 2577//7412 3947//7412
f 4110//7413 2576//7413 3948//7413
f 4110//7414 3948//7414 4111//7414
f 2720//7415 3248//7415 3949//7415
f 2720//7416 3949//7416 3950//7416
f 3951//7417 2564//7417 4184//7417
f 3951//7418 4184//7418 4183//7418
f 3952//7419 2732//7419 2564//7419
f 3952//7420 2564//7420 3951//7420
f 3953//7421 3226//7421 2732//7421
f 3953//7422 2732//7422 3952//7422
f 2557//7423 3226//7423 3953//7423
f 2557//7424 3953//7424 3954//7424
f 3955//7425 2556//7425 2557//7425
f 3955//7426 2557//7426 3954//7426
f 3956//7427 3219//7427 4155//7427
f 3956//7428 4155//7428 4154//7428
f 3957//7429 2541//7429 3219//7429
f 3957//7430 3219//7430 3956//7430
f 3958//7431 2542//7431 2541//7431
f 3958//7432 2541//7432 3957//7432
f 3959//7433 2534//7433 2542//7433
f 3959//7434 2542//7434 3958//7434
f 2525//7435 2534//7435 3959//7435
f 2525//7436 3959//7436 3960//7436
f 3961//7437 2519//7437 2525//7437
f 3961//7438 2525//7438 3960//7438
f 3962//7439 2971//7439 2519//7439
f 3962//7440 2519//7440 3961//7440
f 3963//7441 2506//7441 2971//7441
f 3963//7442 2971//7442 3962//7442
f 3964//7443 2956//7443 2506//7443
f 3964//7444 2506//7444 3963//7444
f 2507//7445 2956//7445 3964//7445
f 2507//7446 3964//7446 3965//7446
f 3966//7447 2493//7447 2507//7447
f 3966//7448 2507//7448 3965//7448
f 3967//7449 2494//7449 2493//7449
f 3967//7450 2493//7450 3966//7450
f 3968//7451 3403//7451 2494//7451
f 3968//7452 2494//7452 3967//7452
f 3969//7453 3848//7453 3403//7453
f 3969//7454 3403//7454 3968//7454
f 3970//7455 2480//7455 3848//7455
f 3970//7456 3848//7456 3969//7456
f 3971//7457 3093//7457 2480//7457
f 3971//7458 2480//7458 3970//7458
f 3972//7459 3105//7459 3093//7459
f 3972//7460 3093//7460 3971//7460
f 3105//7461 3972//7461 3973//7461
f 3105//7462 3973//7462 2481//7462
f 3974//7463 3414//7463 2481//7463
f 3974//7464 2481//7464 3973//7464
f 3975//7465 3270//7465 3414//7465
f 3975//7466 3414//7466 3974//7466
f 3976//7467 3435//7467 3270//7467
f 3976//7468 3270//7468 3975//7468
f 3434//7469 3435//7469 3976//7469
f 3434//7470 3976//7470 3977//7470
f 3978//7471 3433//7471 3434//7471
f 3978//7472 3434//7472 3977//7472
f 3979//7473 3274//7473 3433//7473
f 3979//7474 3433//7474 3978//7474
f 3980//7475 3466//7475 3274//7475
f 3980//7476 3274//7476 3979//7476
f 2620//7477 3466//7477 3980//7477
f 2620//7478 3980//7478 3981//7478
f 2620//7479 3981//7479 3982//7479
f 2620//7480 3982//7480 2606//7480
f 3983//7481 2607//7481 2606//7481
f 3983//7482 2606//7482 3982//7482
f 3984//7483 2611//7483 2607//7483
f 3984//7484 2607//7484 3983//7484
f 2471//7485 2611//7485 3984//7485
f 2471//7486 3984//7486 3923//7486
f 2619//7487 3985//7487 3986//7487
f 2619//7488 3986//7488 2623//7488
f 2623//7489 3986//7489 3987//7489
f 2623//7490 3987//7490 2683//7490
f 2683//7491 3987//7491 3988//7491
f 2683//7492 3988//7492 3272//7492
f 3272//7493 3988//7493 3989//7493
f 3272//7494 3989//7494 3459//7494
f 3459//7495 3989//7495 3990//7495
f 3459//7496 3990//7496 3460//7496
f 3991//7497 3461//7497 3460//7497
f 3991//7498 3460//7498 3990//7498
f 3461//7499 3991//7499 3992//7499
f 3461//7500 3992//7500 3458//7500
f 3458//7501 3992//7501 3993//7501
f 3458//7502 3993//7502 3457//7502
f 3994//7503 3456//7503 3457//7503
f 3994//7504 3457//7504 3993//7504
f 3456//7505 3994//7505 3995//7505
f 3456//7506 3995//7506 3455//7506
f 3455//7507 3995//7507 3996//7507
f 3455//7508 3996//7508 3443//7508
f 3997//7509 3442//7509 3443//7509
f 3997//7510 3443//7510 3996//7510
f 3998//7511 3851//7511 3442//7511
f 3998//7512 3442//7512 3997//7512
f 3851//7513 3998//7513 3999//7513
f 3851//7514 3999//7514 3444//7514
f 4000//7515 3446//7515 3444//7515
f 4000//7516 3444//7516 3999//7516
f 3446//7517 4000//7517 4001//7517
f 3446//7518 4001//7518 3445//7518
f 3445//7519 4001//7519 4002//7519
f 3445//7520 4002//7520 3447//7520
f 4003//7521 3454//7521 3447//7521
f 4003//7522 3447//7522 4002//7522
f 3454//7523 4003//7523 4004//7523
f 3454//7524 4004//7524 3453//7524
f 3453//7525 4004//7525 4005//7525
f 3453//7526 4005//7526 3449//7526
f 3449//7527 4005//7527 4006//7527
f 3449//7528 4006//7528 3448//7528
f 3448//7529 4006//7529 4007//7529
f 3448//7530 4007//7530 3450//7530
f 4008//7531 3451//7531 3450//7531
f 4008//7532 3450//7532 4007//7532
f 3451//7533 4008//7533 4009//7533
f 3451//7534 4009//7534 3452//7534
f 3452//7535 4009//7535 4010//7535
f 3452//7536 4010//7536 2561//7536
f 4011//7537 3222//7537 2561//7537
f 4011//7538 2561//7538 4010//7538
f 4159//7539 3222//7539 4011//7539
f 4159//7540 4011//7540 4160//7540
f 2573//7541 4012//7541 4013//7541
f 2573//7542 4013//7542 2574//7542
f 4014//7543 3223//7543 2574//7543
f 4014//7544 2574//7544 4013//7544
f 3223//7545 4014//7545 4015//7545
f 3223//7546 4015//7546 2729//7546
f 2729//7547 4015//7547 4016//7547
f 2729//7548 4016//7548 2580//7548
f 4188//7549 2580//7549 4016//7549
f 4188//7550 4016//7550 4189//7550
f 4018//7551 3245//7551 2717//7551
f 4018//7552 2717//7552 4017//7552
f 4019//7553 2588//7553 4106//7553
f 4019//7554 4106//7554 4105//7554
f 2588//7555 4019//7555 4020//7555
f 2588//7556 4020//7556 2589//7556
f 2589//7557 4020//7557 4021//7557
f 2589//7558 4021//7558 3639//7558
f 1599//7559 1820//7559 4023//7559
f 1599//7560 4023//7560 3811//7560
f 4024//7561 3810//7561 3811//7561
f 4024//7562 3811//7562 4023//7562
f 3809//7563 3810//7563 4024//7563
f 3809//7564 4024//7564 4025//7564
f 3809//7565 4025//7565 4026//7565
f 3809//7566 4026//7566 3802//7566
f 4027//7567 3696//7567 3802//7567
f 4027//7568 3802//7568 4026//7568
f 4028//7569 3692//7569 3696//7569
f 4028//7570 3696//7570 4027//7570
f 4029//7571 3691//7571 3692//7571
f 4029//7572 3692//7572 4028//7572
f 4030//7573 3690//7573 3691//7573
f 4030//7574 3691//7574 4029//7574
f 3078//7575 3690//7575 4030//7575
f 3078//7576 4030//7576 4031//7576
f 3077//7577 3078//7577 4031//7577
f 3077//7578 4031//7578 4032//7578
f 3076//7579 3077//7579 4032//7579
f 3076//7580 4032//7580 4033//7580
f 3075//7581 3076//7581 4033//7581
f 3075//7582 4033//7582 4034//7582
f 2485//7583 3075//7583 4034//7583
f 2485//7584 4034//7584 2503//7584
f 2514//7585 3020//7585 4035//7585
f 2514//7586 4035//7586 2997//7586
f 2997//7587 4035//7587 4036//7587
f 2997//7588 4036//7588 2986//7588
f 3669//7589 2986//7589 4036//7589
f 3669//7590 4036//7590 4037//7590
f 3669//7591 4037//7591 4038//7591
f 3669//7592 4038//7592 2616//7592
f 4039//7593 2617//7593 2616//7593
f 4039//7594 2616//7594 4038//7594
f 2617//7595 4039//7595 4040//7595
f 2617//7596 4040//7596 2618//7596
f 2618//7597 4040//7597 3985//7597
f 2618//7598 3985//7598 2619//7598
f 4041//7599 3075//7599 2485//7599
f 4041//7600 2485//7600 2478//7600
f 4042//7601 3076//7601 3075//7601
f 4042//7602 3075//7602 4041//7602
f 4043//7603 3077//7603 3076//7603
f 4043//7604 3076//7604 4042//7604
f 4044//7605 3078//7605 3077//7605
f 4044//7606 3077//7606 4043//7606
f 4045//7607 3690//7607 3078//7607
f 4045//7608 3078//7608 4044//7608
f 3690//7609 4045//7609 4046//7609
f 3690//7610 4046//7610 3691//7610
f 4047//7611 3692//7611 3691//7611
f 4047//7612 3691//7612 4046//7612
f 4048//7613 3696//7613 3692//7613
f 4048//7614 3692//7614 4047//7614
f 4049//7615 3802//7615 3696//7615
f 4049//7616 3696//7616 4048//7616
f 4050//7617 3809//7617 3802//7617
f 4050//7618 3802//7618 4049//7618
f 4051//7619 3810//7619 3809//7619
f 4051//7620 3809//7620 4050//7620
f 4052//7621 3811//7621 3810//7621
f 4052//7622 3810//7622 4051//7622
f 1599//7623 3811//7623 4052//7623
f 1599//7624 4052//7624 1851//7624
f 4053//7625 3608//7625 1644//7625
f 4053//7626 1644//7626 1852//7626
f 3825//7627 3608//7627 4053//7627
f 3825//7628 4053//7628 4054//7628
f 3468//7629 3825//7629 4054//7629
f 3468//7630 4054//7630 4055//7630
f 4056//7631 3479//7631 3468//7631
f 4056//7632 3468//7632 4055//7632
f 3479//7633 4056//7633 4057//7633
f 3479//7634 4057//7634 3641//7634
f 4058//7635 2579//7635 3641//7635
f 4058//7636 3641//7636 4057//7636
f 4214//7637 2579//7637 4058//7637
f 4214//7638 4058//7638 4215//7638
f 4215//7639 4059//7639 3527//7639
f 4215//7640 3527//7640 4214//7640
f 3527//7641 4059//7641 4022//7641
f 3527//7642 4022//7642 3513//7642
f 4062//7643 2589//7643 3639//7643
f 4062//7644 3639//7644 4061//7644
f 4063//7645 2588//7645 2589//7645
f 4063//7646 2589//7646 4062//7646
f 4106//7647 2588//7647 4063//7647
f 4106//7648 4063//7648 4107//7648
f 2717//7649 3245//7649 4064//7649
f 2717//7650 4064//7650 4065//7650
f 4066//7651 2580//7651 4188//7651
f 4066//7652 4188//7652 4187//7652
f 4067//7653 2729//7653 2580//7653
f 4067//7654 2580//7654 4066//7654
f 4068//7655 3223//7655 2729//7655
f 4068//7656 2729//7656 4067//7656
f 2574//7657 3223//7657 4068//7657
f 2574//7658 4068//7658 4069//7658
f 4070//7659 2573//7659 2574//7659
f 4070//7660 2574//7660 4069//7660
f 4071//7661 3222//7661 4159//7661
f 4071//7662 4159//7662 4158//7662
f 2561//7663 3222//7663 4071//7663
f 2561//7664 4071//7664 4072//7664
f 4073//7665 3452//7665 2561//7665
f 4073//7666 2561//7666 4072//7666
f 4074//7667 3451//7667 3452//7667
f 4074//7668 3452//7668 4073//7668
f 3450//7669 3451//7669 4074//7669
f 3450//7670 4074//7670 4075//7670
f 4076//7671 3448//7671 3450//7671
f 4076//7672 3450//7672 4075//7672
f 4077//7673 3449//7673 3448//7673
f 4077//7674 3448//7674 4076//7674
f 4078//7675 3453//7675 3449//7675
f 4078//5933 3449//5933 4077//5933
f 4079//7676 3454//7676 3453//7676
f 4079//7677 3453//7677 4078//7677
f 3447//7678 3454//7678 4079//7678
f 3447//7679 4079//7679 4080//7679
f 4081//7680 3445//7680 3447//7680
f 4081//7681 3447//7681 4080//7681
f 4082//7682 3446//7682 3445//7682
f 4082//7683 3445//7683 4081//7683
f 3444//7684 3446//7684 4082//7684
f 3444//7685 4082//7685 4083//7685
f 4084//7686 3851//7686 3444//7686
f 4084//7687 3444//7687 4083//7687
f 4085//7688 3442//7688 3851//7688
f 4085//7689 3851//7689 4084//7689
f 4086//7690 3443//7690 3442//7690
f 4086//7691 3442//7691 4085//7691
f 4087//7692 3455//7692 3443//7692
f 4087//7693 3443//7693 4086//7693
f 4088//7694 3456//7694 3455//7694
f 4088//7695 3455//7695 4087//7695
f 4089//7696 3457//7696 3456//7696
f 4089//7697 3456//7697 4088//7697
f 4090//7698 3458//7698 3457//7698
f 4090//7699 3457//7699 4089//7699
f 4091//7700 3461//7700 3458//7700
f 4091//7701 3458//7701 4090//7701
f 3460//7702 3461//7702 4091//7702
f 3460//7703 4091//7703 4092//7703
f 4093//7704 3459//7704 3460//7704
f 4093//7705 3460//7705 4092//7705
f 4094//7706 3272//7706 3459//7706
f 4094//7707 3459//7707 4093//7707
f 2683//7708 3272//7708 4094//7708
f 2683//7709 4094//7709 4095//7709
f 2683//7710 4095//7710 4096//7710
f 2683//7711 4096//7711 2623//7711
f 4097//7712 2619//7712 2623//7712
f 4097//7713 2623//7713 4096//7713
f 4098//7714 2618//7714 2619//7714
f 4098//7715 2619//7715 4097//7715
f 4099//7716 2617//7716 2618//7716
f 4099//7717 2618//7717 4098//7717
f 2616//7718 2617//7718 4099//7718
f 2616//7719 4099//7719 4100//7719
f 4101//7720 3669//7720 2616//7720
f 4101//7721 2616//7721 4100//7721
f 4102//7722 2986//7722 3669//7722
f 4102//7723 3669//7723 4101//7723
f 2997//7724 2986//7724 4102//7724
f 2997//7725 4102//7725 4103//7725
f 2997//7726 4103//7726 3019//7726
f 2997//7727 3019//7727 2514//7727
f 3510//7728 4104//7728 4105//7728
f 3510//7729 4105//7729 4018//7729
f 4106//7730 3245//7730 4018//7730
f 4106//7731 4018//7731 4105//7731
f 3245//7732 4106//7732 4107//7732
f 3245//7733 4107//7733 4064//7733
f 4108//7734 3246//7734 4064//7734
f 4108//7735 4064//7735 4107//7735
f 3246//7736 4108//7736 4109//7736
f 3246//7737 4109//7737 3247//7737
f 3247//7738 4109//7738 4110//7738
f 3247//7739 4110//7739 3248//7739
f 3248//7740 4110//7740 4111//7740
f 3248//7741 4111//7741 3949//7741
f 4319//7742 3949//7742 4111//7742
f 4319//7743 4111//7743 4320//7743
f 4113//7744 3901//7744 3249//7744
f 4113//7745 3249//7745 4112//7745
f 4114//7746 3250//7746 3901//7746
f 4114//7747 3901//7747 4113//7747
f 3250//7748 4114//7748 4115//7748
f 3250//7749 4115//7749 3251//7749
f 3251//7750 4115//7750 4116//7750
f 3251//7751 4116//7751 3252//7751
f 3253//7752 3252//7752 4116//7752
f 3253//7753 4116//7753 4117//7753
f 3253//7754 4117//7754 4118//7754
f 3253//7755 4118//7755 3254//7755
f 3255//7756 3254//7756 4118//7756
f 3255//7757 4118//7757 4119//7757
f 3255//7758 4119//7758 4120//7758
f 3255//7759 4120//7759 3256//7759
f 3256//7760 4120//7760 4121//7760
f 3256//7761 4121//7761 3257//7761
f 4122//7762 3258//7762 3257//7762
f 4122//7763 3257//7763 4121//7763
f 3258//7764 4122//7764 4123//7764
f 3258//7765 4123//7765 3259//7765
f 3259//7766 4123//7766 4124//7766
f 3259//7767 4124//7767 3260//7767
f 4125//7768 3261//7768 3260//7768
f 4125//7769 3260//7769 4124//7769
f 4126//7770 3262//7770 3261//7770
f 4126//7771 3261//7771 4125//7771
f 3262//7772 4126//7772 4127//7772
f 3262//7773 4127//7773 3263//7773
f 3263//7774 4127//7774 4128//7774
f 3263//7775 4128//7775 3264//7775
f 3264//7776 4128//7776 4129//7776
f 3264//7777 4129//7777 3265//7777
f 3265//7778 4129//7778 4130//7778
f 3265//7779 4130//7779 3266//7779
f 4131//7780 3753//7780 3266//7780
f 4131//7781 3266//7781 4130//7781
f 3789//7782 3753//7782 4131//7782
f 3789//7783 4131//7783 4132//7783
f 4134//7784 3759//7784 3794//7784
f 4134//7785 3794//7785 4133//7785
f 3759//7786 4134//7786 4135//7786
f 3759//7787 4135//7787 2857//7787
f 2857//7788 4135//7788 4136//7788
f 2857//7789 4136//7789 2849//7789
f 2849//7790 4136//7790 4137//7790
f 2849//7791 4137//7791 2856//7791
f 2856//7792 4137//7792 4138//7792
f 2856//7793 4138//7793 2808//7793
f 2808//7794 4138//7794 4139//7794
f 2808//7795 4139//7795 2807//7795
f 2807//7796 4139//7796 4140//7796
f 2807//7797 4140//7797 2801//7797
f 2801//7798 4140//7798 4141//7798
f 2801//7799 4141//7799 2934//7799
f 2934//7800 4141//7800 4142//7800
f 2934//7801 4142//7801 2789//7801
f 2789//7802 4142//7802 4143//7802
f 2789//7803 4143//7803 2788//7803
f 2788//7804 4143//7804 4144//7804
f 2788//7805 4144//7805 2771//7805
f 2771//7806 4144//7806 4145//7806
f 2771//7807 4145//7807 2340//7807
f 2340//7808 4145//7808 4146//7808
f 2340//7809 4146//7809 2323//7809
f 2323//7810 4146//7810 4147//7810
f 2323//7811 4147//7811 2319//7811
f 2319//7812 4147//7812 4148//7812
f 2319//7813 4148//7813 2629//7813
f 2629//7814 4148//7814 4149//7814
f 2629//7815 4149//7815 2530//7815
f 2530//7816 4149//7816 4150//7816
f 2530//7817 4150//7817 2527//7817
f 2527//7818 4150//7818 4151//7818
f 2527//7819 4151//7819 2675//7819
f 2675//7820 4151//7820 4152//7820
f 2675//7821 4152//7821 3907//7821
f 4153//7822 2549//7822 3907//7822
f 4153//7823 3907//7823 4152//7823
f 4311//7824 4154//7824 3955//7824
f 4311//7825 3955//7825 4312//7825
f 4155//7826 2556//7826 3955//7826
f 4155//7827 3955//7827 4154//7827
f 2556//7828 4155//7828 4156//7828
f 2556//7829 4156//7829 2562//7829
f 2562//7830 4156//7830 4157//7830
f 2562//7831 4157//7831 2566//7831
f 2566//7832 4157//7832 4158//7832
f 2566//7833 4158//7833 4070//7833
f 4159//7834 2573//7834 4070//7834
f 4159//7835 4070//7835 4158//7835
f 4012//7836 2573//7836 4159//7836
f 4012//7837 4159//7837 4160//7837
f 4161//7838 3505//7838 4012//7838
f 4161//7839 4012//7839 4160//7839
f 2925//7840 4164//7840 4165//7840
f 2925//7841 4165//7841 2924//7841
f 2924//7842 4165//7842 4166//7842
f 2924//7843 4166//7843 2923//7843
f 2923//7844 4166//7844 4167//7844
f 2923//7845 4167//7845 2922//7845
f 2922//7846 4167//7846 4168//7846
f 2922//7847 4168//7847 2921//7847
f 2921//7848 4168//7848 4169//7848
f 2921//7849 4169//7849 2920//7849
f 2920//7850 4169//7850 4170//7850
f 2920//7851 4170//7851 2938//7851
f 2938//7852 4170//7852 4171//7852
f 2938//7853 4171//7853 2919//7853
f 2919//7854 4171//7854 4172//7854
f 2919//7855 4172//7855 2918//7855
f 2918//7856 4172//7856 4173//7856
f 2918//7857 4173//7857 2767//7857
f 2767//7858 4173//7858 4174//7858
f 2767//7859 4174//7859 2728//7859
f 2728//7860 4174//7860 4175//7860
f 2728//7861 4175//7861 2727//7861
f 2727//7862 4175//7862 4176//7862
f 2727//7863 4176//7863 2726//7863
f 2726//7864 4176//7864 4177//7864
f 2726//7865 4177//7865 2725//7865
f 2725//7866 4177//7866 4178//7866
f 2725//7867 4178//7867 2724//7867
f 2724//7868 4178//7868 4179//7868
f 2724//7869 4179//7869 2723//7869
f 2723//7870 4179//7870 4180//7870
f 2723//7871 4180//7871 2722//7871
f 2722//7872 4180//7872 4181//7872
f 2722//7873 4181//7873 3902//7873
f 4182//7874 2721//7874 3902//7874
f 4182//7875 3902//7875 4181//7875
f 4317//7876 4183//7876 3950//7876
f 4317//7877 3950//7877 4318//7877
f 4184//7878 2720//7878 3950//7878
f 4184//7879 3950//7879 4183//7879
f 2720//7880 4184//7880 4185//7880
f 2720//7881 4185//7881 2719//7881
f 2719//7882 4185//7882 4186//7882
f 2719//7883 4186//7883 2718//7883
f 2718//7884 4186//7884 4187//7884
f 2718//7885 4187//7885 4065//7885
f 4188//7886 2717//7886 4065//7886
f 4188//7887 4065//7887 4187//7887
f 4017//7888 2717//7888 4188//7888
f 4017//7889 4188//7889 4189//7889
f 4190//7890 3509//7890 4017//7890
f 4190//7891 4017//7891 4189//7891
f 2925//7892 4191//7892 4163//7892
f 2925//7893 4163//7893 4164//7893
f 4191//7894 3754//7894 4162//7894
f 4191//7895 4162//7895 4163//7895
f 3753//7896 4191//7896 2925//7896
f 3753//7897 2925//7897 3266//7897
f 3754//7898 4191//7898 3753//7898
f 3754//7899 3753//7899 3789//7899
f 2890//7900 3828//7900 2942//7900
f 2890//7901 2942//7901 2941//7901
f 2890//7902 3481//7902 3830//7902
f 2890//7903 3830//7903 3828//7903
f 3829//7904 3827//7904 3480//7904
f 3829//7905 3480//7905 4195//7905
f 3480//7906 3827//7906 3830//7906
f 3480//7907 3830//7907 3481//7907
f 3541//7908 3542//7908 4229//7908
f 3541//7909 4229//7909 4196//7909
f 4192//7910 3541//7910 4196//7910
f 4192//7911 4196//7911 4197//7911
f 4193//7912 4192//7912 4197//7912
f 4193//7913 4197//7913 4198//7913
f 4194//7914 4193//7914 4198//7914
f 4194//7915 4198//7915 4199//7915
f 4195//7916 4194//7916 4199//7916
f 4195//7917 4199//7917 4200//7917
f 3829//7918 4195//7918 4200//7918
f 3829//7919 4200//7919 2660//7919
f 4196//7920 4201//7920 4202//7920
f 4196//7921 4202//7921 4197//7921
f 4203//7922 4198//7922 4197//7922
f 4203//7923 4197//7923 4202//7923
f 4198//7924 4203//7924 4204//7924
f 4198//7925 4204//7925 4199//7925
f 4199//7926 4204//7926 4205//7926
f 4199//7927 4205//7927 4200//7927
f 4200//7928 4205//7928 2252//7928
f 4200//7929 2252//7929 2660//7929
f 4223//7930 4206//7930 4207//7930
f 4223//7931 4207//7931 4224//7931
f 4208//7932 4225//7932 4224//7932
f 4208//7933 4224//7933 4207//7933
f 4225//7934 4208//7934 4209//7934
f 4225//7935 4209//7935 4226//7935
f 4226//7936 4209//7936 4210//7936
f 4226//7937 4210//7937 4227//7937
f 3617//7938 4207//7938 4206//7938
f 3617//7939 4206//7939 3647//7939
f 3616//7940 4208//7940 4207//7940
f 3616//7941 4207//7941 3617//7941
f 3826//7942 4209//7942 4208//7942
f 3826//7943 4208//7943 3616//7943
f 3615//7944 4210//7944 4209//7944
f 3615//7945 4209//7945 3826//7945
f 4211//7946 4212//7946 2252//7946
f 4211//7947 2252//7947 4205//7947
f 4211//7948 2013//7948 2014//7948
f 4211//7949 2014//7949 4212//7949
f 1399//7950 2016//7950 4213//7950
f 1399//7951 4213//7951 3614//7951
f 3614//7952 4213//7952 4210//7952
f 3614//7953 4210//7953 3615//7953
f 4228//7954 4213//7954 2016//7954
f 4228//7955 2016//7955 2032//7955
f 4213//7956 4228//7956 4227//7956
f 4213//7957 4227//7957 4210//7957
f 4201//7958 4223//7958 4224//7958
f 4201//7959 4224//7959 4202//7959
f 4225//7960 4203//7960 4202//7960
f 4225//7961 4202//7961 4224//7961
f 4203//7962 4225//7962 4226//7962
f 4203//7963 4226//7963 4204//7963
f 4204//7964 4226//7964 4227//7964
f 4204//7965 4227//7965 4205//7965
f 4228//7966 4211//7966 4205//7966
f 4228//7967 4205//7967 4227//7967
f 2032//7968 2013//7968 4211//7968
f 2032//7969 4211//7969 4228//7969
f 4196//7970 4229//7970 4230//7970
f 4196//7971 4230//7971 4201//7971
f 4201//7972 4230//7972 4231//7972
f 4201//7973 4231//7973 4223//7973
f 4223//7974 4231//7974 4232//7974
f 4223//7975 4232//7975 4206//7975
f 3542//7976 2344//7976 4233//7976
f 3542//7977 4233//7977 4234//7977
f 3629//7978 3630//7978 4233//7978
f 3629//7979 4233//7979 2344//7979
f 4229//7980 3542//7980 4234//7980
f 4229//7981 4234//7981 4230//7981
f 4206//7982 4232//7982 4235//7982
f 4206//7983 4235//7983 3647//7983
f 4234//7984 4233//7984 4236//7984
f 4234//7985 4236//7985 4237//7985
f 3630//7986 3631//7986 4236//7986
f 3630//7987 4236//7987 4233//7987
f 4230//7988 4234//7988 4237//7988
f 4230//7989 4237//7989 4231//7989
f 4237//7990 4236//7990 4238//7990
f 4237//7991 4238//7991 4239//7991
f 3631//7992 3632//7992 4238//7992
f 3631//7993 4238//7993 4236//7993
f 4231//7994 4237//7994 4239//7994
f 4231//7995 4239//7995 4232//7995
f 4239//7996 4238//7996 4240//7996
f 4239//7997 4240//7997 4241//7997
f 3632//7998 3633//7998 4240//7998
f 3632//7999 4240//7999 4238//7999
f 4232//8000 4239//8000 4241//8000
f 4232//8001 4241//8001 4235//8001
f 2578//8002 3636//8002 3637//8002
f 2578//8003 3637//8003 2583//8003
f 2583//8004 3637//8004 3638//8004
f 2583//8005 3638//8005 2586//8005
f 2586//8006 3638//8006 4061//8006
f 2586//8007 4061//8007 4060//8007
f 4022//8008 4021//8008 3640//8008
f 4022//8009 3640//8009 3513//8009
f 2590//8010 3639//8010 4021//8010
f 2590//8011 4021//8011 4022//8011
f 4060//8012 4061//8012 3639//8012
f 4060//8013 3639//8013 2590//8013
f 4323//8014 3946//8014 4243//8014
f 4323//8015 4243//8015 4324//8015
f 4245//8016 3634//8016 3898//8016
f 4245//8017 3898//8017 4244//8017
f 4244//8018 3898//8018 3635//8018
f 4244//8019 3635//8019 4242//8019
f 4243//8020 3946//8020 3636//8020
f 4243//8021 3636//8021 2578//8021
f 2014//8022 934//8022 3600//8022
f 2014//8023 3600//8023 4212//8023
f 2252//8024 4212//8024 3600//8024
f 2252//8025 3600//8025 2362//8025
f 2252//8026 2362//8026 2361//8026
f 2252//8027 2361//8027 2660//8027
f 4245//8028 4240//8028 3633//8028
f 4245//8029 3633//8029 3634//8029
f 4235//8030 4252//8030 4246//8030
f 4235//8031 4246//8031 3647//8031
f 4253//8032 4241//8032 4240//8032
f 4253//8033 4240//8033 4245//8033
f 3617//8034 3647//8034 4246//8034
f 3617//8035 4246//8035 4247//8035
f 1399//8036 3614//8036 4248//8036
f 1399//8037 4248//8037 2053//8037
f 3614//8038 3615//8038 4249//8038
f 3614//8039 4249//8039 4248//8039
f 3615//8040 3826//8040 4250//8040
f 3615//8041 4250//8041 4249//8041
f 4251//8042 3616//8042 3617//8042
f 4251//8043 3617//8043 4247//8043
f 3826//8044 3616//8044 4251//8044
f 3826//8045 4251//8045 4250//8045
f 4235//8046 4241//8046 4253//8046
f 4235//8047 4253//8047 4252//8047
f 4248//8048 4254//8048 2059//8048
f 4248//8049 2059//8049 2053//8049
f 4254//8050 4248//8050 4249//8050
f 4254//8051 4249//8051 4255//8051
f 4255//8052 4249//8052 4250//8052
f 4255//8053 4250//8053 4256//8053
f 4256//8054 4250//8054 4251//8054
f 4256//8055 4251//8055 4257//8055
f 4257//8056 4251//8056 4247//8056
f 4257//8057 4247//8057 4258//8057
f 4246//8058 4259//8058 4258//8058
f 4246//8059 4258//8059 4247//8059
f 4252//8060 4260//8060 4259//8060
f 4252//8061 4259//8061 4246//8061
f 4260//8062 4252//8062 4253//8062
f 4260//8063 4253//8063 4261//8063
f 4254//8064 3613//8064 973//8064
f 4254//8065 973//8065 2059//8065
f 3613//8066 4254//8066 4255//8066
f 3613//8067 4255//8067 2680//8067
f 2680//8068 4255//8068 4256//8068
f 2680//8069 4256//8069 3473//8069
f 3473//8070 4256//8070 4257//8070
f 3473//8071 4257//8071 3474//8071
f 3474//8072 4257//8072 4258//8072
f 3474//8073 4258//8073 3646//8073
f 4259//8074 2677//8074 3646//8074
f 4259//8075 3646//8075 4258//8075
f 4260//8076 4222//8076 2677//8076
f 4260//8077 2677//8077 4259//8077
f 4222//8078 4260//8078 4261//8078
f 4222//8079 4261//8079 3532//8079
f 4261//8080 4253//8080 4245//8080
f 4261//8081 4245//8081 4244//8081
f 3897//8082 4325//8082 4324//8082
f 3897//8083 4324//8083 4243//8083
f 3532//8084 4261//8084 4244//8084
f 3532//8085 4244//8085 4242//8085
f 3130//8086 3133//8086 3134//8086
f 3130//8087 3134//8087 3129//8087
f 3138//8088 4262//8088 3133//8088
f 3138//8089 3133//8089 3136//8089
f 3133//8090 4262//8090 4263//8090
f 3133//8091 4263//8091 3134//8091
f 4263//8092 2763//8092 3135//8092
f 4263//8093 3135//8093 3134//8093
f 4262//8094 3142//8094 3141//8094
f 4262//8095 3141//8095 4263//8095
f 4263//8096 3141//8096 2348//8096
f 4263//8097 2348//8097 2763//8097
f 4262//8098 3138//8098 3139//8098
f 4262//8099 3139//8099 3142//8099
f 3140//8100 3168//8100 3142//8100
f 3140//8101 3142//8101 3139//8101
f 3131//8102 3169//8102 3168//8102
f 3131//8103 3168//8103 3140//8103
f 3169//8104 3131//8104 3132//8104
f 3169//8105 3132//8105 3547//8105
f 3547//8106 3132//8106 3143//8106
f 3547//8107 3143//8107 3538//8107
f 4265//8108 2594//8108 2595//8108
f 4265//8109 2595//8109 4264//8109
f 4266//8110 2356//8110 2594//8110
f 4266//8111 2594//8111 4265//8111
f 4267//8112 3855//8112 2356//8112
f 4267//8113 2356//8113 4266//8113
f 2354//8114 3855//8114 4267//8114
f 2354//8115 4267//8115 4268//8115
f 4269//8116 3395//8116 4380//8116
f 4269//8117 4380//8117 4379//8117
f 4270//8118 3365//8118 3395//8118
f 4270//8119 3395//8119 4269//8119
f 2350//8120 3365//8120 4270//8120
f 2350//8121 4270//8121 4271//8121
f 3521//8122 3190//8122 4272//8122
f 3521//8123 4272//8123 3522//8123
f 2251//8124 3525//8124 4273//8124
f 2251//8125 4273//8125 4274//8125
f 4275//8126 3174//8126 2251//8126
f 4275//8127 2251//8127 4274//8127
f 4277//8128 4265//8128 4264//8128
f 4277//8129 4264//8129 4276//8129
f 4279//8130 4267//8130 4266//8130
f 4279//8131 4266//8131 4278//8131
f 4281//8132 4269//8132 4379//8132
f 4281//8133 4379//8133 4378//8133
f 4270//8134 4269//8134 4281//8134
f 4270//8135 4281//8135 4282//8135
f 4283//8136 4271//8136 4270//8136
f 4283//8137 4270//8137 4282//8137
f 3522//8138 4272//8138 4284//8138
f 3522//8139 4284//8139 4285//8139
f 3535//8140 3538//8140 3143//8140
f 3535//8141 3143//8141 3539//8141
f 4275//8142 3535//8142 3539//8142
f 4275//8143 3539//8143 3173//8143
f 3172//8144 3174//8144 4275//8144
f 3172//8145 4275//8145 3173//8145
f 3603//8146 3174//8146 3172//8146
f 3603//8147 3172//8147 3602//8147
f 978//8148 979//8148 3603//8148
f 978//8149 3603//8149 3602//8149
f 3427//8150 4286//8150 3430//8150
f 3427//8151 3430//8151 3426//8151
f 3870//8152 3869//8152 3430//8152
f 3870//8153 3430//8153 4286//8153
f 3870//8154 4288//8154 4287//8154
f 3870//8155 4287//8155 3869//8155
f 3870//8156 2662//8156 3871//8156
f 3870//8157 3871//8157 4288//8157
f 4288//8158 4290//8158 4289//8158
f 4288//8159 4289//8159 4287//8159
f 4288//8160 3871//8160 2661//8160
f 4288//8161 2661//8161 4290//8161
f 4290//8162 3980//8162 3979//8162
f 4290//8163 3979//8163 4289//8163
f 2661//8164 3981//8164 3980//8164
f 2661//8165 3980//8165 4290//8165
f 3269//8166 4291//8166 4292//8166
f 3269//8167 4292//8167 3413//8167
f 2473//8168 3413//8168 4292//8168
f 2473//8169 4292//8169 4293//8169
f 4294//8170 3106//8170 2473//8170
f 4294//8171 2473//8171 4293//8171
f 3094//8172 3106//8172 4294//8172
f 3094//8173 4294//8173 4295//8173
f 2472//8174 3094//8174 4295//8174
f 2472//8175 4295//8175 4296//8175
f 2472//8176 4296//8176 4297//8176
f 2472//8177 4297//8177 3847//8177
f 3847//8178 4297//8178 4298//8178
f 3847//8179 4298//8179 3402//8179
f 2489//8180 3402//8180 4298//8180
f 2489//8181 4298//8181 4299//8181
f 2489//8182 4299//8182 4300//8182
f 2489//8183 4300//8183 2488//8183
f 2488//8184 4300//8184 4301//8184
f 2488//8185 4301//8185 2498//8185
f 4302//8186 2957//8186 2498//8186
f 4302//8187 2498//8187 4301//8187
f 2957//8188 4302//8188 4303//8188
f 2957//8189 4303//8189 2497//8189
f 2972//8190 2497//8190 4303//8190
f 2972//8191 4303//8191 4304//8191
f 2972//8192 4304//8192 4305//8192
f 2972//8193 4305//8193 2508//8193
f 2508//8194 4305//8194 4306//8194
f 2508//8195 4306//8195 2520//8195
f 4307//8196 2526//8196 2520//8196
f 4307//8197 2520//8197 4306//8197
f 2526//8198 4307//8198 4308//8198
f 2526//8199 4308//8199 2536//8199
f 2535//8200 2536//8200 4308//8200
f 2535//8201 4308//8201 4309//8201
f 3218//8202 2535//8202 4309//8202
f 3218//8203 4309//8203 4310//8203
f 4153//8204 3218//8204 4310//8204
f 4153//8205 4310//8205 4311//8205
f 2549//8206 4153//8206 4311//8206
f 2549//8207 4311//8207 4312//8207
f 2550//8208 2549//8208 4312//8208
f 2550//8209 4312//8209 4313//8209
f 4314//8210 3227//8210 2550//8210
f 4314//8211 2550//8211 4313//8211
f 2733//8212 3227//8212 4314//8212
f 2733//8213 4314//8213 4315//8213
f 2733//8214 4315//8214 4316//8214
f 2733//8215 4316//8215 2558//8215
f 4182//8216 2558//8216 4316//8216
f 4182//8217 4316//8217 4317//8217
f 2721//8218 4182//8218 4317//8218
f 2721//8219 4317//8219 4318//8219
f 4319//8220 3249//8220 2721//8220
f 4319//8221 2721//8221 4318//8221
f 4112//8222 3249//8222 4319//8222
f 4112//8223 4319//8223 4320//8223
f 4321//8224 2569//8224 4112//8224
f 4321//8225 4112//8225 4320//8225
f 2569//8226 4321//8226 4322//8226
f 2569//8227 4322//8227 2570//8227
f 2570//8228 4322//8228 4323//8228
f 2570//8229 4323//8229 3635//8229
f 4242//8230 3635//8230 4323//8230
f 4242//8231 4323//8231 4324//8231
f 3532//8232 4242//8232 4324//8232
f 3532//8233 4324//8233 4325//8233
f 4222//8234 3532//8234 4325//8234
f 4222//8235 4325//8235 4326//8235
f 4327//8236 2677//8236 4222//8236
f 4327//8237 4222//8237 4326//8237
f 4328//8238 3646//8238 2677//8238
f 4328//8239 2677//8239 4327//8239
f 4329//8240 3474//8240 3646//8240
f 4329//8241 3646//8241 4328//8241
f 3473//8242 3474//8242 4329//8242
f 3473//8243 4329//8243 4330//8243
f 4331//8244 2680//8244 3473//8244
f 4331//8245 3473//8245 4330//8245
f 3613//8246 2680//8246 4331//8246
f 3613//8247 4331//8247 4332//8247
f 2139//8248 973//8248 3613//8248
f 2139//8249 3613//8249 4332//8249
f 3978//8250 4333//8250 4289//8250
f 3978//8251 4289//8251 3979//8251
f 3977//8252 4334//8252 4333//8252
f 3977//8253 4333//8253 3978//8253
f 3976//8254 4335//8254 4334//8254
f 3976//8255 4334//8255 3977//8255
f 3975//8256 4291//8256 4335//8256
f 3975//8257 4335//8257 3976//8257
f 4337//8258 3278//8258 3555//8258
f 4337//8259 3555//8259 4336//8259
f 4338//8260 3285//8260 3278//8260
f 4338//8261 3278//8261 4337//8261
f 4339//8262 3292//8262 3285//8262
f 4339//8263 3285//8263 4338//8263
f 4340//8264 3299//8264 3292//8264
f 4340//8265 3292//8265 4339//8265
f 3306//8266 3299//8266 4340//8266
f 3306//8267 4340//8267 4341//8267
f 4342//8268 3350//8268 3306//8268
f 4342//8269 3306//8269 4341//8269
f 4343//8270 3380//8270 3350//8270
f 4343//8271 3350//8271 4342//8271
f 4360//8272 3380//8272 4343//8272
f 4360//8273 4343//8273 4361//8273
f 4344//8274 4345//8274 3375//8274
f 4344//8275 3375//8275 3370//8275
f 4346//8276 3420//8276 3375//8276
f 4346//8277 3375//8277 4345//8277
f 4347//8278 3424//8278 3420//8278
f 4347//8279 3420//8279 4346//8279
f 4348//8280 3428//8280 3424//8280
f 4348//8281 3424//8281 4347//8281
f 4349//8282 3431//8282 3428//8282
f 4349//8283 3428//8283 4348//8283
f 3431//8284 4349//8284 4350//8284
f 3431//8285 4350//8285 3868//8285
f 3866//8286 3867//8286 4351//8286
f 3866//8287 4351//8287 3269//8287
f 4351//8288 4335//8288 4291//8288
f 4351//8289 4291//8289 3269//8289
f 3867//8290 3868//8290 4352//8290
f 3867//8291 4352//8291 4351//8291
f 4352//8292 4334//8292 4335//8292
f 4352//8293 4335//8293 4351//8293
f 4334//8294 4352//8294 4353//8294
f 4334//8295 4353//8295 4333//8295
f 4353//8296 4287//8296 4289//8296
f 4353//8297 4289//8297 4333//8297
f 4350//8298 4353//8298 4352//8298
f 4350//8299 4352//8299 3868//8299
f 3869//8300 4287//8300 4353//8300
f 3869//8301 4353//8301 4350//8301
f 3463//8302 4354//8302 3407//8302
f 3463//8303 3407//8303 3464//8303
f 4354//8304 4355//8304 3099//8304
f 4354//8305 3099//8305 3407//8305
f 4355//8306 3110//8306 3098//8306
f 4355//8307 3098//8307 3099//8307
f 4356//8308 2281//8308 3110//8308
f 4356//8309 3110//8309 4355//8309
f 3408//8310 3409//8310 2281//8310
f 3408//8311 2281//8311 4356//8311
f 3417//8312 4357//8312 4358//8312
f 3417//8313 4358//8313 3372//8313
f 3372//8314 4358//8314 4359//8314
f 3372//8315 4359//8315 3371//8315
f 3371//8316 4359//8316 4360//8316
f 3371//8317 4360//8317 3370//8317
f 3370//8318 4360//8318 4361//8318
f 3370//8319 4361//8319 4344//8319
f 4362//8320 3368//8320 4344//8320
f 4362//8321 4344//8321 4361//8321
f 3368//8322 4362//8322 4363//8322
f 3368//8323 4363//8323 3369//8323
f 4364//8324 3151//8324 3369//8324
f 4364//8325 3369//8325 4363//8325
f 4410//8326 3151//8326 4364//8326
f 4410//8327 4364//8327 4411//8327
f 2271//8328 4410//8328 4411//8328
f 2271//8329 4411//8329 4365//8329
f 4366//8330 2269//8330 2271//8330
f 4366//8331 2271//8331 4365//8331
f 2269//8332 4366//8332 4367//8332
f 2269//8333 4367//8333 2304//8333
f 2304//8334 4367//8334 4368//8334
f 2304//8335 4368//8335 2308//8335
f 2308//8336 4368//8336 4369//8336
f 2308//8337 4369//8337 2307//8337
f 4370//8338 2702//8338 2307//8338
f 4370//8339 2307//8339 4369//8339
f 4371//8340 2333//8340 2702//8340
f 4371//8341 2702//8341 4370//8341
f 2333//8342 4371//8342 4372//8342
f 2333//8343 4372//8343 2332//8343
f 4373//8344 2331//8344 2332//8344
f 4373//8345 2332//8345 4372//8345
f 2334//8346 2331//8346 4373//8346
f 2334//8347 4373//8347 4374//8347
f 2334//8348 4374//8348 4375//8348
f 2334//8349 4375//8349 2337//8349
f 2337//8350 4375//8350 4376//8350
f 2337//8351 4376//8351 2358//8351
f 2358//8352 4376//8352 4377//8352
f 2358//8353 4377//8353 2352//8353
f 4280//8354 2352//8354 4377//8354
f 4280//8355 4377//8355 4378//8355
f 4379//8356 4268//8356 4280//8356
f 4379//8357 4280//8357 4378//8357
f 4380//8358 2354//8358 4268//8358
f 4380//8359 4268//8359 4379//8359
f 2354//8360 4380//8360 4536//8360
f 2354//8361 4536//8361 4537//8361
f 2353//8362 4381//8362 4382//8362
f 2353//8363 4382//8363 2357//8363
f 2190//8364 5//8364 2357//8364
f 2190//8365 2357//8365 4382//8365
f 4357//8366 3329//8366 3326//8366
f 4357//8367 3326//8367 3377//8367
f 3408//8368 4356//8368 3462//8368
f 3408//8369 3462//8369 3417//8369
f 3329//8370 4357//8370 4383//8370
f 3329//8371 4383//8371 3332//8371
f 4357//8372 3417//8372 3462//8372
f 4357//8373 3462//8373 4383//8373
f 3118//8374 970//8374 2192//8374
f 3118//8375 2192//8375 4384//8375
f 4385//8376 2545//8376 3118//8376
f 4385//8377 3118//8377 4384//8377
f 4386//8378 3710//8378 2545//8378
f 4386//8379 2545//8379 4385//8379
f 3660//8380 3710//8380 4386//8380
f 3660//8381 4386//8381 4387//8381
f 4388//8382 3659//8382 3660//8382
f 4388//8383 3660//8383 4387//8383
f 4389//8384 2572//8384 3659//8384
f 4389//8385 3659//8385 4388//8385
f 2572//8386 4389//8386 4390//8386
f 2572//8387 4390//8387 3051//8387
f 4391//8388 3046//8388 3051//8388
f 4391//8389 3051//8389 4390//8389
f 4392//8390 2492//8390 3046//8390
f 4392//8391 3046//8391 4391//8391
f 4393//8392 2502//8392 2492//8392
f 4393//8393 2492//8393 4392//8393
f 4394//8394 2521//8394 2502//8394
f 4394//8395 2502//8395 4393//8395
f 4395//8396 3010//8396 2521//8396
f 4395//8397 2521//8397 4394//8397
f 2459//8398 3015//8398 3010//8398
f 2459//8399 3010//8399 4395//8399
f 4421//8400 2763//8400 2348//8400
f 4421//8401 2348//8401 4420//8401
f 2763//8402 4421//8402 4422//8402
f 2763//8403 4422//8403 3135//8403
f 3135//8404 4422//8404 4423//8404
f 3135//8405 4423//8405 3128//8405
f 2839//8406 3128//8406 4423//8406
f 2839//8407 4423//8407 4424//8407
f 4425//8408 2862//8408 2839//8408
f 4425//8409 2839//8409 4424//8409
f 3743//8410 2862//8410 4425//8410
f 3743//8411 4425//8411 4426//8411
f 4427//8412 2863//8412 3743//8412
f 4427//8413 3743//8413 4426//8413
f 4428//8414 2864//8414 2863//8414
f 4428//8415 2863//8415 4427//8415
f 4429//8416 2917//8416 2864//8416
f 4429//8417 2864//8417 4428//8417
f 4430//8418 2916//8418 2917//8418
f 4430//8419 2917//8419 4429//8419
f 3590//8420 2916//8420 4430//8420
f 3590//8421 4430//8421 4431//8421
f 3799//8422 3590//8422 4431//8422
f 3799//8423 4431//8423 4432//8423
f 3781//8424 3799//8424 4432//8424
f 3781//8425 4432//8425 4433//8425
f 4435//8426 3722//8426 3762//8426
f 4435//8427 3762//8427 4434//8427
f 4436//8428 2812//8428 3722//8428
f 4436//8429 3722//8429 4435//8429
f 4437//8430 2809//8430 2812//8430
f 4437//8431 2812//8431 4436//8431
f 4438//8432 2953//8432 2809//8432
f 4438//8433 2809//8433 4437//8433
f 4439//8434 3346//8434 2953//8434
f 4439//8435 2953//8435 4438//8435
f 4440//8436 3345//8436 3346//8436
f 4440//8437 3346//8437 4439//8437
f 3345//8438 4440//8438 4441//8438
f 3345//8439 4441//8439 3343//8439
f 4441//8440 3840//8440 3342//8440
f 4441//8441 3342//8441 3343//8441
f 3839//8442 3465//8442 3840//8442
f 3839//8443 3840//8443 4441//8443
f 3338//8444 3464//8444 3465//8444
f 3338//8445 3465//8445 3839//8445
f 3335//8446 3463//8446 3464//8446
f 3335//8447 3464//8447 3338//8447
f 4356//8448 4355//8448 4354//8448
f 4356//8449 4354//8449 3462//8449
f 3462//8450 4354//8450 3463//8450
f 3462//8451 3463//8451 4383//8451
f 3463//8452 3335//8452 3332//8452
f 3463//8453 3332//8453 4383//8453
f 3624//8454 2712//8454 2450//8454
f 3624//8455 2450//8455 3622//8455
f 3622//8456 2450//8456 3013//8456
f 3622//8457 3013//8457 3621//8457
f 3621//8458 3013//8458 3014//8458
f 3621//8459 3014//8459 3623//8459
f 3623//8460 3014//8460 3015//8460
f 3623//8461 3015//8461 3004//8461
f 3004//8462 3015//8462 2459//8462
f 3004//8463 2459//8463 3003//8463
f 107//8464 2229//8464 4442//8464
f 107//8465 4442//8465 1326//8465
f 4420//8466 2348//8466 3543//8466
f 4420//8467 3543//8467 4443//8467
f 2229//8468 108//8468 4444//8468
f 2229//8469 4444//8469 4442//8469
f 2349//8470 4420//8470 4443//8470
f 2349//8471 4443//8471 4445//8471
f 108//8472 912//8472 4446//8472
f 108//8473 4446//8473 4444//8473
f 3153//8474 2349//8474 4445//8474
f 3153//8475 4445//8475 4447//8475
f 912//8476 1057//8476 4448//8476
f 912//8477 4448//8477 4446//8477
f 3277//8478 3153//8478 4447//8478
f 3277//8479 4447//8479 4449//8479
f 4448//8480 1057//8480 1337//8480
f 4448//8481 1337//8481 1338//8481
f 3277//8482 4449//8482 3555//8482
f 3277//8483 3555//8483 3554//8483
f 1327//8484 1326//8484 4442//8484
f 1327//8485 4442//8485 4450//8485
f 3543//8486 3544//8486 4451//8486
f 3543//8487 4451//8487 4443//8487
f 4450//8488 4442//8488 4444//8488
f 4450//8489 4444//8489 4452//8489
f 4443//8490 4451//8490 4453//8490
f 4443//8491 4453//8491 4445//8491
f 4452//8492 4444//8492 4446//8492
f 4452//8493 4446//8493 4454//8493
f 4445//8494 4453//8494 4455//8494
f 4445//8495 4455//8495 4447//8495
f 4454//8496 4446//8496 4448//8496
f 4454//8497 4448//8497 4456//8497
f 4447//8498 4455//8498 4457//8498
f 4447//8499 4457//8499 4449//8499
f 4456//8500 4448//8500 1338//8500
f 4456//8501 1338//8501 2143//8501
f 4449//8502 4457//8502 4336//8502
f 4449//8503 4336//8503 3555//8503
f 1340//8504 1341//8504 4460//8504
f 1340//8505 4460//8505 4459//8505
f 2143//8506 1339//8506 4461//8506
f 2143//8507 4461//8507 4456//8507
f 1339//8508 1340//8508 4459//8508
f 1339//8509 4459//8509 4461//8509
f 1341//8510 2228//8510 4462//8510
f 1341//8511 4462//8511 4460//8511
f 4462//8512 2228//8512 1342//8512
f 4462//8513 1342//8513 4458//8513
f 4463//8514 3559//8514 4419//8514
f 4463//8515 4419//8515 4467//8515
f 3558//8516 3557//8516 4465//8516
f 3558//8517 4465//8517 4464//8517
f 3556//8518 4336//8518 4457//8518
f 3556//8519 4457//8519 4466//8519
f 3557//8520 3556//8520 4466//8520
f 3557//8521 4466//8521 4465//8521
f 4419//8522 3558//8522 4464//8522
f 4419//8523 4464//8523 4467//8523
f 4459//8524 4460//8524 4469//8524
f 4459//8525 4469//8525 4468//8525
f 4464//8526 4465//8526 4471//8526
f 4464//8527 4471//8527 4470//8527
f 4456//8528 4461//8528 4472//8528
f 4456//8529 4472//8529 4454//8529
f 4461//8530 4459//8530 4468//8530
f 4461//8531 4468//8531 4472//8531
f 4466//8532 4457//8532 4455//8532
f 4466//8533 4455//8533 4473//8533
f 4465//8534 4466//8534 4473//8534
f 4465//8535 4473//8535 4471//8535
f 4468//8536 4469//8536 4475//8536
f 4468//8537 4475//8537 4474//8537
f 4470//8538 4471//8538 4477//8538
f 4470//8539 4477//8539 4476//8539
f 4454//8540 4472//8540 4478//8540
f 4454//8541 4478//8541 4452//8541
f 4472//8542 4468//8542 4474//8542
f 4472//8543 4474//8543 4478//8543
f 4473//8544 4455//8544 4453//8544
f 4473//8545 4453//8545 4479//8545
f 4471//8546 4473//8546 4479//8546
f 4471//8547 4479//8547 4477//8547
f 4474//8548 4475//8548 4481//8548
f 4474//8549 4481//8549 4480//8549
f 4476//8550 4477//8550 4483//8550
f 4476//8551 4483//8551 4482//8551
f 4452//8552 4478//8552 4484//8552
f 4452//8553 4484//8553 4450//8553
f 4478//8554 4474//8554 4480//8554
f 4478//8555 4480//8555 4484//8555
f 4479//8556 4453//8556 4451//8556
f 4479//8557 4451//8557 4485//8557
f 4477//8558 4479//8558 4485//8558
f 4477//8559 4485//8559 4483//8559
f 4480//8560 4481//8560 1316//8560
f 4480//8561 1316//8561 1319//8561
f 4482//8562 4483//8562 3536//8562
f 4482//8563 3536//8563 3533//8563
f 4450//8564 4484//8564 1328//8564
f 4450//8565 1328//8565 1327//8565
f 4484//8566 4480//8566 1319//8566
f 4484//8567 1319//8567 1328//8567
f 4485//8568 4451//8568 3544//8568
f 4485//8569 3544//8569 3545//8569
f 4483//8570 4485//8570 3545//8570
f 4483//8571 3545//8571 3536//8571
f 4460//8572 4462//8572 4486//8572
f 4460//8573 4486//8573 4469//8573
f 4467//8574 4464//8574 4470//8574
f 4467//8575 4470//8575 4487//8575
f 4469//8576 4486//8576 4488//8576
f 4469//8577 4488//8577 4475//8577
f 4487//8578 4470//8578 4476//8578
f 4487//8579 4476//8579 4489//8579
f 4475//8580 4488//8580 4490//8580
f 4475//8581 4490//8581 4481//8581
f 4489//8582 4476//8582 4482//8582
f 4489//8583 4482//8583 4491//8583
f 4481//8584 4490//8584 1309//8584
f 4481//8585 1309//8585 1316//8585
f 4491//8586 4482//8586 3533//8586
f 4491//8587 3533//8587 3526//8587
f 4486//8588 4462//8588 4458//8588
f 4486//8589 4458//8589 4492//8589
f 4493//8590 4463//8590 4467//8590
f 4493//8591 4467//8591 4487//8591
f 4493//8592 4487//8592 4489//8592
f 4493//8593 4489//8593 4494//8593
f 4486//8594 4492//8594 4495//8594
f 4486//8595 4495//8595 4488//8595
f 4497//8596 1309//8596 4490//8596
f 4497//8597 4490//8597 4498//8597
f 3526//8598 4496//8598 4499//8598
f 3526//8599 4499//8599 4491//8599
f 4498//8600 4490//8600 4488//8600
f 4498//8601 4488//8601 4495//8601
f 4491//8602 4499//8602 4494//8602
f 4491//8603 4494//8603 4489//8603
f 1304//8604 1303//8604 4503//8604
f 1304//8605 4503//8605 4504//8605
f 3521//8606 3522//8606 4501//8606
f 3521//8607 4501//8607 4502//8607
f 2091//8608 1304//8608 4504//8608
f 2091//8609 4504//8609 4505//8609
f 3522//8610 4285//8610 4500//8610
f 3522//8611 4500//8611 4501//8611
f 4501//8612 4500//8612 4494//8612
f 4501//8613 4494//8613 4499//8613
f 4502//8614 4501//8614 4499//8614
f 4502//8615 4499//8615 4496//8615
f 4504//8616 4503//8616 4497//8616
f 4504//8617 4497//8617 4498//8617
f 4505//8618 4504//8618 4498//8618
f 4505//8619 4498//8619 4495//8619
f 4285//8620 3563//8620 4506//8620
f 4285//8621 4506//8621 4500//8621
f 1346//8622 2091//8622 4505//8622
f 1346//8623 4505//8623 4507//8623
f 1345//8624 1346//8624 4507//8624
f 1345//8625 4507//8625 4508//8625
f 3563//8626 3562//8626 4509//8626
f 3563//8627 4509//8627 4506//8627
f 1344//8628 1345//8628 4508//8628
f 1344//8629 4508//8629 1343//8629
f 3562//8630 3561//8630 3560//8630
f 3562//8631 3560//8631 4509//8631
f 4508//8632 4507//8632 4492//8632
f 4508//8633 4492//8633 4458//8633
f 4506//8634 4509//8634 4463//8634
f 4506//8635 4463//8635 4493//8635
f 4500//8636 4506//8636 4493//8636
f 4500//8637 4493//8637 4494//8637
f 4507//8638 4505//8638 4495//8638
f 4507//8639 4495//8639 4492//8639
f 1343//8640 4508//8640 4458//8640
f 1343//8641 4458//8641 1342//8641
f 4509//8642 3560//8642 3559//8642
f 4509//8643 3559//8643 4463//8643
f 4522//8644 4523//8644 4512//8644
f 4522//8645 4512//8645 4513//8645
f 4523//8646 4524//8646 4511//8646
f 4523//8647 4511//8647 4512//8647
f 4521//8648 4522//8648 4513//8648
f 4521//8649 4513//8649 4514//8649
f 4524//8650 4525//8650 4510//8650
f 4524//8651 4510//8651 4511//8651
f 4511//8652 4510//8652 3525//8652
f 4511//8653 3525//8653 3605//8653
f 4512//8654 4511//8654 3605//8654
f 4512//8655 3605//8655 1308//8655
f 4513//8656 4512//8656 1308//8656
f 4513//8657 1308//8657 1390//8657
f 4514//8658 4513//8658 1390//8658
f 4514//8659 1390//8659 1307//8659
f 1307//8660 2079//8660 4515//8660
f 1307//8661 4515//8661 4514//8661
f 4273//8662 3525//8662 4510//8662
f 4273//8663 4510//8663 4516//8663
f 4515//8664 2079//8664 1316//8664
f 4515//8665 1316//8665 1309//8665
f 3526//8666 3533//8666 4273//8666
f 3526//8667 4273//8667 4516//8667
f 3526//8668 4516//8668 4520//8668
f 3526//8669 4520//8669 4496//8669
f 4515//8670 1309//8670 4497//8670
f 4515//8671 4497//8671 4519//8671
f 4526//8672 4527//8672 4522//8672
f 4526//8673 4522//8673 4521//8673
f 4527//8674 4528//8674 4523//8674
f 4527//8675 4523//8675 4522//8675
f 4528//8676 4529//8676 4524//8676
f 4528//8677 4524//8677 4523//8677
f 4529//8678 4530//8678 4525//8678
f 4529//8679 4525//8679 4524//8679
f 1347//8680 1348//8680 4527//8680
f 1347//8681 4527//8681 4526//8681
f 1348//8682 1349//8682 4528//8682
f 1348//8683 4528//8683 4527//8683
f 1349//8684 3565//8684 4529//8684
f 1349//8685 4529//8685 4528//8685
f 3565//8686 3564//8686 4530//8686
f 3565//8687 4530//8687 4529//8687
f 4526//8688 4521//8688 4519//8688
f 4526//8689 4519//8689 4517//8689
f 4525//8690 4530//8690 4518//8690
f 4525//8691 4518//8691 4520//8691
f 4521//8692 4514//8692 4515//8692
f 4521//8693 4515//8693 4519//8693
f 4510//8694 4525//8694 4520//8694
f 4510//8695 4520//8695 4516//8695
f 3564//8696 3192//8696 4532//8696
f 3564//8697 4532//8697 4531//8697
f 2351//8698 3366//8698 4534//8698
f 2351//8699 4534//8699 4533//8699
f 3366//8700 3396//8700 4535//8700
f 3366//8701 4535//8701 4534//8701
f 4536//8702 4535//8702 3396//8702
f 4536//8703 3396//8703 4381//8703
f 4537//8704 4536//8704 4381//8704
f 4537//8705 4381//8705 2353//8705
f 2353//8706 3854//8706 4538//8706
f 2353//8707 4538//8707 4537//8707
f 3854//8708 2355//8708 4539//8708
f 3854//8709 4539//8709 4538//8709
f 2355//8710 2593//8710 4540//8710
f 2355//8711 4540//8711 4539//8711
f 2592//8712 4541//8712 4540//8712
f 2592//8713 4540//8713 2593//8713
f 2592//8714 2//8714 4542//8714
f 2592//8715 4542//8715 4541//8715
f 351//8716 4543//8716 4542//8716
f 351//8717 4542//8717 2//8717
f 351//8718 352//8718 4544//8718
f 351//8719 4544//8719 4543//8719
f 114//8720 4545//8720 4544//8720
f 114//8721 4544//8721 352//8721
f 1647//8722 4546//8722 4545//8722
f 1647//8723 4545//8723 114//8723
f 112//8724 4547//8724 4546//8724
f 112//8725 4546//8725 1647//8725
f 4548//8726 4547//8726 112//8726
f 4548//8727 112//8727 2188//8727
f 4549//8728 4548//8728 2188//8728
f 4549//8729 2188//8729 1177//8729
f 1146//8730 4550//8730 4549//8730
f 1146//8731 4549//8731 1177//8731
f 110//8732 4551//8732 4550//8732
f 110//8733 4550//8733 1146//8733
f 1347//8734 4553//8734 4552//8734
f 1347//8735 4552//8735 952//8735
f 4526//8736 4517//8736 4553//8736
f 4526//8737 4553//8737 1347//8737
f 4518//8738 4530//8738 3564//8738
f 4518//8739 3564//8739 4531//8739
f 1303//8740 4553//8740 4517//8740
f 1303//8741 4517//8741 4503//8741
f 4531//8742 3521//8742 4502//8742
f 4531//8743 4502//8743 4518//8743
f 4503//8744 4517//8744 4519//8744
f 4503//8745 4519//8745 4497//8745
f 4518//8746 4502//8746 4496//8746
f 4518//8747 4496//8747 4520//8747
f 4872//8748 1268//8748 69//8748
f 4872//8749 69//8749 4560//8749
f 64//8750 65//8750 4567//8750
f 64//8751 4567//8751 4566//8751
f 5013//8752 5014//8752 4783//8752
f 5013//8753 4783//8753 4784//8753
f 4975//8754 4976//8754 5013//8754
f 4975//8755 5013//8755 5012//8755
f 5012//8756 5013//8756 4784//8756
f 5012//8757 4784//8757 4808//8757
f 5015//8758 5016//8758 4785//8758
f 5015//8759 4785//8759 4782//8759
f 4584//8760 4581//8760 4582//8760
f 4584//8761 4582//8761 4583//8761
f 4585//8762 4584//8762 4583//8762
f 4585//8763 4583//8763 4562//8763
f 4785//8764 5016//8764 5017//8764
f 4785//8765 5017//8765 4786//8765
f 5504//8766 5505//8766 4731//8766
f 5504//8767 4731//8767 4590//8767
f 4842//8768 4729//8768 4589//8768
f 4842//8769 4589//8769 4554//8769
f 5503//8770 5504//8770 4590//8770
f 5503//8771 4590//8771 4775//8771
f 4594//8772 4593//8772 4558//8772
f 4594//8773 4558//8773 4555//8773
f 5501//8774 5502//8774 4578//8774
f 5501//8775 4578//8775 4596//8775
f 4589//8776 4777//8776 4778//8776
f 4589//8777 4778//8777 4554//8777
f 72//8778 2089//8778 4988//8778
f 72//8779 4988//8779 4612//8779
f 109//8780 4601//8780 4600//8780
f 109//8781 4600//8781 4599//8781
f 4917//8782 4918//8782 4603//8782
f 4917//8783 4603//8783 4602//8783
f 4605//8784 4604//8784 4599//8784
f 4605//8785 4599//8785 4600//8785
f 4916//8786 4917//8786 4602//8786
f 4916//8787 4602//8787 4606//8787
f 4918//8788 5497//8788 5498//8788
f 4918//8789 5498//8789 4603//8789
f 4603//8790 4610//8790 4609//8790
f 4603//8791 4609//8791 4602//8791
f 5498//8792 5499//8792 4610//8792
f 5498//8793 4610//8793 4603//8793
f 4551//8794 5496//8794 4601//8794
f 4551//8795 4601//8795 109//8795
f 4612//8796 4615//8796 4614//8796
f 4612//8797 4614//8797 4613//8797
f 4564//8798 4613//8798 4614//8798
f 4564//8799 4614//8799 4616//8799
f 4617//8800 4565//8800 4564//8800
f 4617//8801 4564//8801 4616//8801
f 4618//8802 4587//8802 4565//8802
f 4618//8803 4565//8803 4617//8803
f 4618//8804 4619//8804 4586//8804
f 4618//8805 4586//8805 4587//8805
f 4933//8806 4934//8806 4621//8806
f 4933//8807 4621//8807 4622//8807
f 4934//8808 4935//8808 4596//8808
f 4934//8809 4596//8809 4621//8809
f 4935//8810 5500//8810 5501//8810
f 4935//8811 5501//8811 4596//8811
f 4620//8812 4606//8812 4602//8812
f 4620//8813 4602//8813 4609//8813
f 4593//8814 4937//8814 4950//8814
f 4593//8815 4950//8815 4558//8815
f 4623//8816 4624//8816 4557//8816
f 4623//8817 4557//8817 4556//8817
f 4586//8818 4619//8818 4626//8818
f 4586//8819 4626//8819 4580//8819
f 4563//8820 4585//8820 4562//8820
f 4563//8821 4562//8821 4560//8821
f 4578//8822 4576//8822 4621//8822
f 4578//8823 4621//8823 4596//8823
f 4576//8824 4577//8824 4622//8824
f 4576//8825 4622//8825 4621//8825
f 4589//8826 4729//8826 4730//8826
f 4589//8827 4730//8827 4591//8827
f 4589//8828 4591//8828 4776//8828
f 4589//8829 4776//8829 4777//8829
f 4593//8830 4594//8830 4592//8830
f 4593//8831 4592//8831 4595//8831
f 4593//8832 4595//8832 4936//8832
f 4593//8833 4936//8833 4937//8833
f 4607//8834 4624//8834 4623//8834
f 4607//8835 4623//8835 4611//8835
f 4919//8836 4920//8836 4624//8836
f 4919//8837 4624//8837 4607//8837
f 130//8838 4627//8838 4608//8838
f 130//8839 4608//8839 110//8839
f 4627//8840 130//8840 6//8840
f 4627//8841 6//8841 4559//8841
f 4624//8842 4920//8842 4921//8842
f 4624//8843 4921//8843 4557//8843
f 4634//8844 460//8844 1265//8844
f 4634//8845 1265//8845 4857//8845
f 4567//8846 65//8846 460//8846
f 4567//8847 460//8847 4634//8847
f 5021//8848 5022//8848 4568//8848
f 5021//8849 4568//8849 4632//8849
f 4847//8850 5020//8850 5021//8850
f 4847//8851 5021//8851 4632//8851
f 4629//8852 4630//8852 4845//8852
f 4629//8853 4845//8853 4844//8853
f 4625//8854 4628//8854 4630//8854
f 4625//8855 4630//8855 4629//8855
f 4733//8856 4734//8856 4571//8856
f 4733//8857 4571//8857 4633//8857
f 4848//8858 4733//8858 4633//8858
f 4848//8859 4633//8859 4849//8859
f 5508//8860 5509//8860 4631//8860
f 5508//8861 4631//8861 4846//8861
f 5509//8862 5510//8862 4569//8862
f 5509//8863 4569//8863 4631//8863
f 68//8864 4561//8864 4857//8864
f 68//8865 4857//8865 1265//8865
f 5019//8866 5020//8866 4847//8866
f 5019//8867 4847//8867 4570//8867
f 4732//8868 4848//8868 4849//8868
f 4732//8869 4849//8869 4575//8869
f 4844//8870 4845//8870 4597//8870
f 4844//8871 4597//8871 4588//8871
f 5507//8872 5508//8872 4846//8872
f 5507//8873 4846//8873 4598//8873
f 4840//8874 4629//8874 4844//8874
f 4840//8875 4844//8875 4843//8875
f 4844//8876 4588//8876 4839//8876
f 4844//8877 4839//8877 4843//8877
f 4625//8878 4629//8878 4840//8878
f 4625//8879 4840//8879 4841//8879
f 4612//8880 4988//8880 4989//8880
f 4612//8881 4989//8881 4615//8881
f 4586//8882 4580//8882 4581//8882
f 4586//8883 4581//8883 4584//8883
f 4587//8884 4586//8884 4584//8884
f 4587//8885 4584//8885 4585//8885
f 4565//8886 4587//8886 4585//8886
f 4565//8887 4585//8887 4563//8887
f 4564//8888 4565//8888 4563//8888
f 4564//8889 4563//8889 70//8889
f 70//8890 4563//8890 4560//8890
f 70//8891 4560//8891 69//8891
f 4613//8892 4564//8892 70//8892
f 4613//8893 70//8893 71//8893
f 4612//8894 4613//8894 71//8894
f 4612//8895 71//8895 72//8895
f 4579//8896 4788//8896 4789//8896
f 4579//8897 4789//8897 4636//8897
f 4604//8898 4605//8898 4637//8898
f 4604//8899 4637//8899 4638//8899
f 4915//8900 4916//8900 4606//8900
f 4915//8901 4606//8901 4639//8901
f 4614//8902 4615//8902 4640//8902
f 4614//8903 4640//8903 4641//8903
f 4616//8904 4614//8904 4641//8904
f 4616//8905 4641//8905 4642//8905
f 4617//8906 4616//8906 4642//8906
f 4617//8907 4642//8907 4643//8907
f 4618//8908 4617//8908 4643//8908
f 4618//8909 4643//8909 4644//8909
f 4619//8910 4618//8910 4644//8910
f 4619//8911 4644//8911 4645//8911
f 4933//8912 4622//8912 4646//8912
f 4933//8913 4646//8913 4932//8913
f 4626//8914 4619//8914 4645//8914
f 4626//8915 4645//8915 4647//8915
f 4622//8916 4577//8916 4635//8916
f 4622//8917 4635//8917 4646//8917
f 4615//8918 4989//8918 4990//8918
f 4615//8919 4990//8919 4640//8919
f 4620//8920 4648//8920 4639//8920
f 4620//8921 4639//8921 4606//8921
f 5011//8922 5012//8922 4808//8922
f 5011//8923 4808//8923 4809//8923
f 4643//8924 4642//8924 4650//8924
f 4643//8925 4650//8925 4649//8925
f 4641//8926 4640//8926 4651//8926
f 4641//8927 4651//8927 4652//8927
f 4642//8928 4641//8928 4652//8928
f 4642//8929 4652//8929 4650//8929
f 5010//8930 5011//8930 4809//8930
f 5010//8931 4809//8931 4810//8931
f 4636//8932 4789//8932 4790//8932
f 4636//8933 4790//8933 4653//8933
f 4647//8934 4645//8934 4654//8934
f 4647//8935 4654//8935 4655//8935
f 4818//8936 4819//8936 4790//8936
f 4818//8937 4790//8937 4789//8937
f 4654//8938 4645//8938 4644//8938
f 4654//8939 4644//8939 4656//8939
f 4656//8940 4644//8940 4643//8940
f 4656//8941 4643//8941 4649//8941
f 4638//8942 4637//8942 4657//8942
f 4638//8943 4657//8943 4658//8943
f 4914//8944 4915//8944 4639//8944
f 4914//8945 4639//8945 4659//8945
f 4932//8946 4646//8946 4660//8946
f 4932//8947 4660//8947 4931//8947
f 4646//8948 4635//8948 4661//8948
f 4646//8949 4661//8949 4660//8949
f 4639//8950 4648//8950 4662//8950
f 4639//8951 4662//8951 4659//8951
f 4640//8952 4990//8952 4991//8952
f 4640//8953 4991//8953 4651//8953
f 4913//8954 4914//8954 4659//8954
f 4913//8955 4659//8955 4664//8955
f 4652//8956 4651//8956 4666//8956
f 4652//8957 4666//8957 4667//8957
f 4650//8958 4652//8958 4667//8958
f 4650//8959 4667//8959 4663//8959
f 4658//8960 4657//8960 4665//8960
f 4658//8961 4665//8961 4668//8961
f 4651//8962 4991//8962 4992//8962
f 4651//8963 4992//8963 4666//8963
f 5009//8964 5010//8964 4810//8964
f 5009//8965 4810//8965 4811//8965
f 4653//8966 4790//8966 4791//8966
f 4653//8967 4791//8967 4669//8967
f 4655//8968 4654//8968 4671//8968
f 4655//8969 4671//8969 4670//8969
f 4819//8970 4820//8970 4791//8970
f 4819//8971 4791//8971 4790//8971
f 4931//8972 4660//8972 4672//8972
f 4931//8973 4672//8973 4930//8973
f 4660//8974 4661//8974 4673//8974
f 4660//8975 4673//8975 4672//8975
f 4659//8976 4662//8976 4674//8976
f 4659//8977 4674//8977 4664//8977
f 5008//8978 5009//8978 4811//8978
f 5008//8979 4811//8979 4812//8979
f 4666//8980 4992//8980 4993//8980
f 4666//8981 4993//8981 4679//8981
f 4670//8982 4671//8982 4680//8982
f 4670//8983 4680//8983 4681//8983
f 4820//8984 4821//8984 4792//8984
f 4820//8985 4792//8985 4791//8985
f 4791//8986 4792//8986 4675//8986
f 4791//8987 4675//8987 4669//8987
f 4679//8988 4993//8988 4994//8988
f 4679//8989 4994//8989 4725//8989
f 4680//8990 4678//8990 4682//8990
f 4680//8991 4682//8991 4684//8991
f 4681//8992 4680//8992 4684//8992
f 4681//8993 4684//8993 4685//8993
f 4821//8994 4822//8994 4793//8994
f 4821//8995 4793//8995 4792//8995
f 4675//8996 4792//8996 4793//8996
f 4675//8997 4793//8997 4686//8997
f 5007//8998 5008//8998 4812//8998
f 5007//8999 4812//8999 4813//8999
f 5006//9000 5007//9000 4813//9000
f 5006//9001 4813//9001 4814//9001
f 4686//9002 4793//9002 4794//9002
f 4686//9003 4794//9003 4688//9003
f 4685//9004 4684//9004 4690//9004
f 4685//9005 4690//9005 4689//9005
f 4682//9006 4691//9006 4690//9006
f 4682//9007 4690//9007 4684//9007
f 4822//9008 4823//9008 4794//9008
f 4822//9009 4794//9009 4793//9009
f 4994//9010 4995//9010 4726//9010
f 4994//9011 4726//9011 4725//9011
f 4688//9012 4794//9012 4795//9012
f 4688//9013 4795//9013 4692//9013
f 4823//9014 4824//9014 4795//9014
f 4823//9015 4795//9015 4794//9015
f 5005//9016 5006//9016 4814//9016
f 5005//9017 4814//9017 4815//9017
f 4689//9018 4690//9018 4694//9018
f 4689//9019 4694//9019 4693//9019
f 4690//9020 4691//9020 4695//9020
f 4690//9021 4695//9021 4694//9021
f 4995//9022 4996//9022 4727//9022
f 4995//9023 4727//9023 4726//9023
f 4692//9024 4795//9024 4796//9024
f 4692//9025 4796//9025 4696//9025
f 4693//9026 4694//9026 4698//9026
f 4693//9027 4698//9027 4697//9027
f 4694//9028 4695//9028 4699//9028
f 4694//9029 4699//9029 4698//9029
f 4996//9030 4997//9030 4728//9030
f 4996//9031 4728//9031 4727//9031
f 5004//9032 5005//9032 4815//9032
f 5004//9033 4815//9033 4816//9033
f 4824//9034 4825//9034 4796//9034
f 4824//9035 4796//9035 4795//9035
f 4997//9036 4998//9036 4714//9036
f 4997//9037 4714//9037 4728//9037
f 4698//9038 4699//9038 4700//9038
f 4698//9039 4700//9039 4701//9039
f 4697//9040 4698//9040 4701//9040
f 4697//9041 4701//9041 4702//9041
f 4825//9042 4826//9042 4797//9042
f 4825//9043 4797//9043 4796//9043
f 4696//9044 4796//9044 4797//9044
f 4696//9045 4797//9045 4703//9045
f 5003//9046 5004//9046 4816//9046
f 5003//9047 4816//9047 4817//9047
f 4649//9048 4650//9048 4663//9048
f 4649//9049 4663//9049 4704//9049
f 4656//9050 4649//9050 4704//9050
f 4656//9051 4704//9051 4705//9051
f 4654//9052 4656//9052 4705//9052
f 4654//9053 4705//9053 4671//9053
f 4671//9054 4705//9054 4678//9054
f 4671//9055 4678//9055 4680//9055
f 4667//9056 4666//9056 4679//9056
f 4667//9057 4679//9057 4706//9057
f 4663//9058 4667//9058 4706//9058
f 4663//9059 4706//9059 4707//9059
f 4704//9060 4663//9060 4707//9060
f 4704//9061 4707//9061 4708//9061
f 4705//9062 4704//9062 4708//9062
f 4705//9063 4708//9063 4678//9063
f 4682//9064 4678//9064 4708//9064
f 4682//9065 4708//9065 4709//9065
f 4691//9066 4682//9066 4709//9066
f 4691//9067 4709//9067 4710//9067
f 4695//9068 4691//9068 4710//9068
f 4695//9069 4710//9069 4711//9069
f 4699//9070 4695//9070 4711//9070
f 4699//9071 4711//9071 4712//9071
f 4700//9072 4699//9072 4712//9072
f 4700//9073 4712//9073 4713//9073
f 4716//9074 4713//9074 4712//9074
f 4716//9075 4712//9075 4717//9075
f 4717//9076 4712//9076 4711//9076
f 4717//9077 4711//9077 4718//9077
f 4718//9078 4711//9078 4710//9078
f 4718//9079 4710//9079 4719//9079
f 4719//9080 4710//9080 4709//9080
f 4719//9081 4709//9081 4720//9081
f 4708//9082 4707//9082 4720//9082
f 4708//9083 4720//9083 4709//9083
f 4715//9084 4716//9084 4717//9084
f 4715//9085 4717//9085 4721//9085
f 4721//9086 4717//9086 4718//9086
f 4721//9087 4718//9087 4722//9087
f 4722//9088 4718//9088 4719//9088
f 4722//9089 4719//9089 4723//9089
f 4723//9090 4719//9090 4720//9090
f 4723//9091 4720//9091 4724//9091
f 4724//9092 4720//9092 4707//9092
f 4724//9093 4707//9093 4706//9093
f 4724//9094 4706//9094 4679//9094
f 4724//9095 4679//9095 4725//9095
f 4723//9096 4724//9096 4725//9096
f 4723//9097 4725//9097 4726//9097
f 4722//9098 4723//9098 4726//9098
f 4722//9099 4726//9099 4727//9099
f 4721//9100 4722//9100 4727//9100
f 4721//9101 4727//9101 4728//9101
f 4715//9102 4721//9102 4728//9102
f 4715//9103 4728//9103 4714//9103
f 4944//9104 954//9104 953//9104
f 4944//9105 953//9105 4574//9105
f 949//9106 4945//9106 5024//9106
f 949//9107 5024//9107 2090//9107
f 951//9108 4948//9108 4949//9108
f 951//9109 4949//9109 980//9109
f 4947//9110 4948//9110 951//9110
f 4947//9111 951//9111 952//9111
f 4946//9112 5512//9112 4552//9112
f 4946//9113 4552//9113 950//9113
f 4847//9114 4848//9114 4732//9114
f 4847//9115 4732//9115 4570//9115
f 4632//9116 4733//9116 4848//9116
f 4632//9117 4848//9117 4847//9117
f 4734//9118 4733//9118 4632//9118
f 4734//9119 4632//9119 4568//9119
f 4944//9120 4945//9120 949//9120
f 4944//9121 949//9121 954//9121
f 953//9122 957//9122 4573//9122
f 953//9123 4573//9123 4574//9123
f 957//9124 958//9124 4735//9124
f 957//9125 4735//9125 4573//9125
f 64//9126 4566//9126 4736//9126
f 64//9127 4736//9127 959//9127
f 4735//9128 958//9128 960//9128
f 4735//9129 960//9129 4737//9129
f 4737//9130 960//9130 959//9130
f 4737//9131 959//9131 4736//9131
f 4566//9132 4738//9132 4739//9132
f 4566//9133 4739//9133 4736//9133
f 4566//9134 4567//9134 4740//9134
f 4566//9135 4740//9135 4738//9135
f 4737//9136 4736//9136 4739//9136
f 4737//9137 4739//9137 4741//9137
f 4735//9138 4737//9138 4741//9138
f 4735//9139 4741//9139 4742//9139
f 4573//9140 4735//9140 4742//9140
f 4573//9141 4742//9141 4743//9141
f 4574//9142 4573//9142 4743//9142
f 4574//9143 4743//9143 4572//9143
f 4740//9144 4567//9144 4634//9144
f 4740//9145 4634//9145 4744//9145
f 4744//9146 4634//9146 4857//9146
f 4744//9147 4857//9147 4856//9147
f 4856//9148 4857//9148 4561//9148
f 4856//9149 4561//9149 4745//9149
f 4871//9150 4872//9150 4560//9150
f 4871//9151 4560//9151 4562//9151
f 4870//9152 4871//9152 4562//9152
f 4870//9153 4562//9153 4583//9153
f 4741//9154 4739//9154 4747//9154
f 4741//9155 4747//9155 4751//9155
f 4738//9156 4748//9156 4747//9156
f 4738//9157 4747//9157 4739//9157
f 4738//9158 4740//9158 4749//9158
f 4738//9159 4749//9159 4748//9159
f 4749//9160 4740//9160 4744//9160
f 4749//9161 4744//9161 4750//9161
f 4750//9162 4744//9162 4856//9162
f 4750//9163 4856//9163 4855//9163
f 4855//9164 4856//9164 4745//9164
f 4855//9165 4745//9165 4746//9165
f 4742//9166 4741//9166 4751//9166
f 4742//9167 4751//9167 4752//9167
f 4743//9168 4742//9168 4752//9168
f 4743//9169 4752//9169 4753//9169
f 4572//9170 4743//9170 4753//9170
f 4572//9171 4753//9171 4571//9171
f 4633//9172 4755//9172 4850//9172
f 4633//9173 4850//9173 4849//9173
f 4633//9174 4571//9174 4753//9174
f 4633//9175 4753//9175 4755//9175
f 4575//9176 4849//9176 4850//9176
f 4575//9177 4850//9177 4754//9177
f 4755//9178 4757//9178 4851//9178
f 4755//9179 4851//9179 4850//9179
f 4755//9180 4753//9180 4752//9180
f 4755//9181 4752//9181 4757//9181
f 4754//9182 4850//9182 4851//9182
f 4754//9183 4851//9183 4756//9183
f 4869//9184 4870//9184 4583//9184
f 4869//9185 4583//9185 4582//9185
f 4854//9186 4855//9186 4746//9186
f 4854//9187 4746//9187 4758//9187
f 4759//9188 4750//9188 4855//9188
f 4759//9189 4855//9189 4854//9189
f 4749//9190 4750//9190 4759//9190
f 4749//9191 4759//9191 4748//9191
f 4580//9192 4626//9192 4761//9192
f 4580//9193 4761//9193 4760//9193
f 4760//9194 4761//9194 4788//9194
f 4760//9195 4788//9195 4781//9195
f 4581//9196 4580//9196 4760//9196
f 4581//9197 4760//9197 4762//9197
f 4762//9198 4760//9198 4781//9198
f 4762//9199 4781//9199 4774//9199
f 4582//9200 4581//9200 4762//9200
f 4582//9201 4762//9201 4763//9201
f 4763//9202 4762//9202 4774//9202
f 4763//9203 4774//9203 4771//9203
f 4869//9204 4582//9204 4763//9204
f 4869//9205 4763//9205 4868//9205
f 4854//9206 4758//9206 4764//9206
f 4854//9207 4764//9207 4853//9207
f 4759//9208 4854//9208 4853//9208
f 4759//9209 4853//9209 4765//9209
f 4748//9210 4759//9210 4765//9210
f 4748//9211 4765//9211 4747//9211
f 4868//9212 4763//9212 4771//9212
f 4868//9213 4771//9213 4867//9213
f 4853//9214 4764//9214 4767//9214
f 4853//9215 4767//9215 4852//9215
f 4751//9216 4747//9216 4765//9216
f 4751//9217 4765//9217 4766//9217
f 4757//9218 4752//9218 4751//9218
f 4757//9219 4751//9219 4766//9219
f 4853//9220 4852//9220 4766//9220
f 4853//9221 4766//9221 4765//9221
f 4757//9222 4766//9222 4852//9222
f 4757//9223 4852//9223 4851//9223
f 4851//9224 4852//9224 4767//9224
f 4851//9225 4767//9225 4756//9225
f 4787//9226 4863//9226 4864//9226
f 4787//9227 4864//9227 4768//9227
f 4864//9228 4865//9228 4769//9228
f 4864//9229 4769//9229 4768//9229
f 4865//9230 4866//9230 4770//9230
f 4865//9231 4770//9231 4769//9231
f 4866//9232 4867//9232 4771//9232
f 4866//9233 4771//9233 4770//9233
f 4769//9234 4770//9234 4773//9234
f 4769//9235 4773//9235 4772//9235
f 4770//9236 4771//9236 4774//9236
f 4770//9237 4774//9237 4773//9237
f 5014//9238 5015//9238 4782//9238
f 5014//9239 4782//9239 4783//9239
f 5502//9240 5503//9240 4775//9240
f 5502//9241 4775//9241 4578//9241
f 4777//9242 4776//9242 4592//9242
f 4777//9243 4592//9243 4594//9243
f 4777//9244 4594//9244 4555//9244
f 4777//9245 4555//9245 4778//9245
f 4772//9246 4773//9246 4780//9246
f 4772//9247 4780//9247 4779//9247
f 4773//9248 4774//9248 4781//9248
f 4773//9249 4781//9249 4780//9249
f 4769//9250 4772//9250 4783//9250
f 4769//9251 4783//9251 4782//9251
f 4772//9252 4779//9252 4784//9252
f 4772//9253 4784//9253 4783//9253
f 4785//9254 4786//9254 4787//9254
f 4785//9255 4787//9255 4768//9255
f 4768//9256 4769//9256 4782//9256
f 4768//9257 4782//9257 4785//9257
f 4729//9258 4842//9258 4858//9258
f 4729//9259 4858//9259 4859//9259
f 4730//9260 4729//9260 4859//9260
f 4730//9261 4859//9261 4860//9261
f 4731//9262 5505//9262 5506//9262
f 4731//9263 5506//9263 4861//9263
f 5017//9264 4980//9264 4981//9264
f 5017//9265 4981//9265 5018//9265
f 4786//9266 5017//9266 5018//9266
f 4786//9267 5018//9267 4862//9267
f 4787//9268 4786//9268 4862//9268
f 4787//9269 4862//9269 4863//9269
f 4818//9270 4789//9270 4788//9270
f 4818//9271 4788//9271 4761//9271
f 4788//9272 4579//9272 4780//9272
f 4788//9273 4780//9273 4781//9273
f 4799//9274 4798//9274 4579//9274
f 4799//9275 4579//9275 4636//9275
f 4800//9276 4799//9276 4636//9276
f 4800//9277 4636//9277 4653//9277
f 4801//9278 4800//9278 4653//9278
f 4801//9279 4653//9279 4669//9279
f 4802//9280 4801//9280 4669//9280
f 4802//9281 4669//9281 4675//9281
f 4803//9282 4802//9282 4675//9282
f 4803//9283 4675//9283 4686//9283
f 4804//9284 4803//9284 4686//9284
f 4804//9285 4686//9285 4688//9285
f 4805//9286 4804//9286 4688//9286
f 4805//9287 4688//9287 4692//9287
f 4806//9288 4805//9288 4692//9288
f 4806//9289 4692//9289 4696//9289
f 4807//9290 4806//9290 4696//9290
f 4807//9291 4696//9291 4703//9291
f 4579//9292 4798//9292 4779//9292
f 4579//9293 4779//9293 4780//9293
f 4809//9294 4808//9294 4798//9294
f 4809//9295 4798//9295 4799//9295
f 4810//9296 4809//9296 4799//9296
f 4810//9297 4799//9297 4800//9297
f 4811//9298 4810//9298 4800//9298
f 4811//9299 4800//9299 4801//9299
f 4812//9300 4811//9300 4801//9300
f 4812//9301 4801//9301 4802//9301
f 4813//9302 4812//9302 4802//9302
f 4813//9303 4802//9303 4803//9303
f 4814//9304 4813//9304 4803//9304
f 4814//9305 4803//9305 4804//9305
f 4815//9306 4814//9306 4804//9306
f 4815//9307 4804//9307 4805//9307
f 4816//9308 4815//9308 4805//9308
f 4816//9309 4805//9309 4806//9309
f 4817//9310 4816//9310 4806//9310
f 4817//9311 4806//9311 4807//9311
f 4798//9312 4808//9312 4784//9312
f 4798//9313 4784//9313 4779//9313
f 4647//9314 4655//9314 4819//9314
f 4647//9315 4819//9315 4818//9315
f 4821//9316 4820//9316 4670//9316
f 4821//9317 4670//9317 4681//9317
f 4822//9318 4821//9318 4681//9318
f 4822//9319 4681//9319 4685//9319
f 4823//9320 4822//9320 4685//9320
f 4823//9321 4685//9321 4689//9321
f 4824//9322 4823//9322 4689//9322
f 4824//9323 4689//9323 4693//9323
f 4825//9324 4824//9324 4693//9324
f 4825//9325 4693//9325 4697//9325
f 4826//9326 4825//9326 4697//9326
f 4826//9327 4697//9327 4702//9327
f 4626//9328 4647//9328 4818//9328
f 4626//9329 4818//9329 4761//9329
f 4714//9330 4998//9330 4999//9330
f 4714//9331 4999//9331 4832//9331
f 4807//9332 4703//9332 4827//9332
f 4807//9333 4827//9333 4833//9333
f 4817//9334 4807//9334 4833//9334
f 4817//9335 4833//9335 4834//9335
f 5002//9336 5003//9336 4817//9336
f 5002//9337 4817//9337 4834//9337
f 4797//9338 4826//9338 4827//9338
f 4797//9339 4827//9339 4703//9339
f 4701//9340 4700//9340 4828//9340
f 4701//9341 4828//9341 4829//9341
f 4716//9342 4715//9342 4830//9342
f 4716//9343 4830//9343 4828//9343
f 4701//9344 4829//9344 4831//9344
f 4701//9345 4831//9345 4702//9345
f 4827//9346 4826//9346 4702//9346
f 4827//9347 4702//9347 4831//9347
f 4828//9348 4700//9348 4713//9348
f 4828//9349 4713//9349 4716//9349
f 4715//9350 4714//9350 4832//9350
f 4715//9351 4832//9351 4830//9351
f 4833//9352 4827//9352 4831//9352
f 4833//9353 4831//9353 4835//9353
f 4834//9354 4833//9354 4835//9354
f 4834//9355 4835//9355 4836//9355
f 5001//9356 5002//9356 4834//9356
f 5001//9357 4834//9357 4836//9357
f 4835//9358 4831//9358 4829//9358
f 4835//9359 4829//9359 4837//9359
f 4836//9360 4835//9360 4837//9360
f 4836//9361 4837//9361 4838//9361
f 4836//9362 4838//9362 5000//9362
f 4836//9363 5000//9363 5001//9363
f 4830//9364 4832//9364 4838//9364
f 4830//9365 4838//9365 4837//9365
f 4837//9366 4829//9366 4828//9366
f 4837//9367 4828//9367 4830//9367
f 4838//9368 4832//9368 4999//9368
f 4838//9369 4999//9369 5000//9369
f 4858//9370 4839//9370 4588//9370
f 4858//9371 4588//9371 4859//9371
f 4860//9372 4859//9372 4588//9372
f 4860//9373 4588//9373 4597//9373
f 4861//9374 5506//9374 5507//9374
f 4861//9375 5507//9375 4598//9375
f 5018//9376 4981//9376 4982//9376
f 5018//9377 4982//9377 5019//9377
f 4862//9378 5018//9378 5019//9378
f 4862//9379 5019//9379 4570//9379
f 4863//9380 4862//9380 4570//9380
f 4863//9381 4570//9381 4732//9381
f 4864//9382 4863//9382 4732//9382
f 4864//9383 4732//9383 4575//9383
f 4575//9384 4754//9384 4865//9384
f 4575//9385 4865//9385 4864//9385
f 4754//9386 4756//9386 4866//9386
f 4754//9387 4866//9387 4865//9387
f 4756//9388 4767//9388 4867//9388
f 4756//9389 4867//9389 4866//9389
f 4868//9390 4867//9390 4767//9390
f 4868//9391 4767//9391 4764//9391
f 4758//9392 4869//9392 4868//9392
f 4758//9393 4868//9393 4764//9393
f 4746//9394 4870//9394 4869//9394
f 4746//9395 4869//9395 4758//9395
f 4745//9396 4871//9396 4870//9396
f 4745//9397 4870//9397 4746//9397
f 4561//9398 4872//9398 4871//9398
f 4561//9399 4871//9399 4745//9399
f 4561//9400 68//9400 1268//9400
f 4561//9401 1268//9401 4872//9401
f 4929//9402 4930//9402 4672//9402
f 4929//9403 4672//9403 4879//9403
f 4664//9404 4674//9404 4873//9404
f 4664//9405 4873//9405 4874//9405
f 4912//9406 4913//9406 4664//9406
f 4912//9407 4664//9407 4874//9407
f 4665//9408 4875//9408 4677//9408
f 4665//9409 4677//9409 4668//9409
f 4874//9410 4873//9410 4876//9410
f 4874//9411 4876//9411 4877//9411
f 4911//9412 4912//9412 4874//9412
f 4911//9413 4874//9413 4877//9413
f 4677//9414 4875//9414 4878//9414
f 4677//9415 4878//9415 4683//9415
f 4672//9416 4673//9416 4676//9416
f 4672//9417 4676//9417 4879//9417
f 4879//9418 4676//9418 4687//9418
f 4879//9419 4687//9419 4880//9419
f 4880//9420 4687//9420 4881//9420
f 4880//9421 4881//9421 4882//9421
f 4882//9422 4881//9422 4883//9422
f 4882//9423 4883//9423 4884//9423
f 4928//9424 4929//9424 4879//9424
f 4928//9425 4879//9425 4880//9425
f 4927//9426 4928//9426 4880//9426
f 4927//9427 4880//9427 4882//9427
f 4877//9428 4876//9428 4885//9428
f 4877//9429 4885//9429 4887//9429
f 4910//9430 4911//9430 4877//9430
f 4910//9431 4877//9431 4887//9431
f 4683//9432 4878//9432 4888//9432
f 4683//9433 4888//9433 4886//9433
f 4927//9434 4882//9434 4884//9434
f 4927//9435 4884//9435 4926//9435
f 4887//9436 4885//9436 4889//9436
f 4887//9437 4889//9437 4891//9437
f 4909//9438 4910//9438 4887//9438
f 4909//9439 4887//9439 4891//9439
f 4886//9440 4888//9440 4892//9440
f 4886//9441 4892//9441 4890//9441
f 4884//9442 4883//9442 4893//9442
f 4884//9443 4893//9443 4894//9443
f 4926//9444 4884//9444 4894//9444
f 4926//9445 4894//9445 4925//9445
f 4891//9446 4889//9446 4895//9446
f 4891//9447 4895//9447 4896//9447
f 4908//9448 4909//9448 4891//9448
f 4908//9449 4891//9449 4896//9449
f 4890//9450 4892//9450 4897//9450
f 4890//9451 4897//9451 4898//9451
f 4894//9452 4893//9452 4899//9452
f 4894//9453 4899//9453 4900//9453
f 4898//9454 4897//9454 4902//9454
f 4898//9455 4902//9455 4901//9455
f 4907//9456 4908//9456 4896//9456
f 4907//9457 4896//9457 4903//9457
f 4896//9458 4895//9458 4904//9458
f 4896//9459 4904//9459 4903//9459
f 4924//9460 4925//9460 4894//9460
f 4924//9461 4894//9461 4900//9461
f 4924//9462 4900//9462 4899//9462
f 4924//9463 4899//9463 4923//9463
f 4903//9464 4904//9464 4905//9464
f 4903//9465 4905//9465 4906//9465
f 4897//9466 4908//9466 4907//9466
f 4897//9467 4907//9467 4902//9467
f 4892//9468 4909//9468 4908//9468
f 4892//9469 4908//9469 4897//9469
f 4888//9470 4910//9470 4909//9470
f 4888//9471 4909//9471 4892//9471
f 4878//9472 4911//9472 4910//9472
f 4878//9473 4910//9473 4888//9473
f 4875//9474 4912//9474 4911//9474
f 4875//9475 4911//9475 4878//9475
f 4665//9476 4913//9476 4912//9476
f 4665//9477 4912//9477 4875//9477
f 4657//9478 4914//9478 4913//9478
f 4657//9479 4913//9479 4665//9479
f 4637//9480 4915//9480 4914//9480
f 4637//9481 4914//9481 4657//9481
f 4605//9482 4916//9482 4915//9482
f 4605//9483 4915//9483 4637//9483
f 4605//9484 4600//9484 4917//9484
f 4605//9485 4917//9485 4916//9485
f 4600//9486 4601//9486 4918//9486
f 4600//9487 4918//9487 4917//9487
f 4601//9488 5496//9488 5497//9488
f 4601//9489 5497//9489 4918//9489
f 4608//9490 4627//9490 4920//9490
f 4608//9491 4920//9491 4919//9491
f 4920//9492 4627//9492 4559//9492
f 4920//9493 4559//9493 4921//9493
f 4907//9494 4903//9494 4906//9494
f 4907//9495 4906//9495 4922//9495
f 4901//9496 4902//9496 4907//9496
f 4901//9497 4907//9497 4922//9497
f 4924//9498 4923//9498 4905//9498
f 4924//9499 4905//9499 4904//9499
f 4925//9500 4924//9500 4904//9500
f 4925//9501 4904//9501 4895//9501
f 4926//9502 4925//9502 4895//9502
f 4926//9503 4895//9503 4889//9503
f 4927//9504 4926//9504 4889//9504
f 4927//9505 4889//9505 4885//9505
f 4928//9506 4927//9506 4885//9506
f 4928//9507 4885//9507 4876//9507
f 4929//9508 4928//9508 4876//9508
f 4929//9509 4876//9509 4873//9509
f 4930//9510 4929//9510 4873//9510
f 4930//9511 4873//9511 4674//9511
f 4931//9512 4930//9512 4674//9512
f 4931//9513 4674//9513 4662//9513
f 4932//9514 4931//9514 4662//9514
f 4932//9515 4662//9515 4648//9515
f 4933//9516 4932//9516 4648//9516
f 4933//9517 4648//9517 4620//9517
f 4934//9518 4933//9518 4620//9518
f 4934//9519 4620//9519 4609//9519
f 4935//9520 4934//9520 4609//9520
f 4935//9521 4609//9521 4610//9521
f 5499//9522 5500//9522 4935//9522
f 5499//9523 4935//9523 4610//9523
f 4937//9524 4936//9524 4611//9524
f 4937//9525 4611//9525 4623//9525
f 4950//9526 4937//9526 4623//9526
f 4950//9527 4623//9527 4556//9527
f 4819//9528 4655//9528 4670//9528
f 4819//9529 4670//9529 4820//9529
f 4571//9530 4734//9530 4938//9530
f 4571//9531 4938//9531 4572//9531
f 4568//9532 4939//9532 4938//9532
f 4568//9533 4938//9533 4734//9533
f 4939//9534 4568//9534 5022//9534
f 4939//9535 5022//9535 5023//9535
f 5510//9536 5511//9536 4940//9536
f 5510//9537 4940//9537 4569//9537
f 4625//9538 4942//9538 4941//9538
f 4625//9539 4941//9539 4628//9539
f 4942//9540 4625//9540 4841//9540
f 4942//9541 4841//9541 4943//9541
f 4572//9542 4938//9542 4944//9542
f 4572//9543 4944//9543 4574//9543
f 4938//9544 4939//9544 4945//9544
f 4938//9545 4945//9545 4944//9545
f 5023//9546 5024//9546 4945//9546
f 5023//9547 4945//9547 4939//9547
f 4940//9548 5511//9548 5512//9548
f 4940//9549 5512//9549 4946//9549
f 4941//9550 4942//9550 4948//9550
f 4941//9551 4948//9551 4947//9551
f 4948//9552 4942//9552 4943//9552
f 4948//9553 4943//9553 4949//9553
f 109//9554 4599//9554 4951//9554
f 109//9555 4951//9555 2077//9555
f 4952//9556 4951//9556 4599//9556
f 4952//9557 4599//9557 4604//9557
f 4953//9558 4952//9558 4604//9558
f 4953//9559 4604//9559 4638//9559
f 4954//9560 4953//9560 4638//9560
f 4954//9561 4638//9561 4658//9561
f 4955//9562 4954//9562 4658//9562
f 4955//9563 4658//9563 4668//9563
f 4956//9564 4955//9564 4668//9564
f 4956//9565 4668//9565 4677//9565
f 4957//9566 4956//9566 4677//9566
f 4957//9567 4677//9567 4683//9567
f 4958//9568 4957//9568 4683//9568
f 4958//9569 4683//9569 4886//9569
f 4959//9570 4958//9570 4886//9570
f 4959//9571 4886//9571 4890//9571
f 4890//9572 4898//9572 4960//9572
f 4890//9573 4960//9573 4959//9573
f 4961//9574 4960//9574 4898//9574
f 4961//9575 4898//9575 4901//9575
f 4901//9576 4922//9576 4962//9576
f 4901//9577 4962//9577 4961//9577
f 4922//9578 4906//9578 4963//9578
f 4922//9579 4963//9579 4962//9579
f 4906//9580 4905//9580 4964//9580
f 4906//9581 4964//9581 4963//9581
f 4923//9582 4965//9582 4964//9582
f 4923//9583 4964//9583 4905//9583
f 4899//9584 4966//9584 4965//9584
f 4899//9585 4965//9585 4923//9585
f 4893//9586 4967//9586 4966//9586
f 4893//9587 4966//9587 4899//9587
f 4883//9588 4968//9588 4967//9588
f 4883//9589 4967//9589 4893//9589
f 4881//9590 4969//9590 4968//9590
f 4881//9591 4968//9591 4883//9591
f 4687//9592 4970//9592 4969//9592
f 4687//9593 4969//9593 4881//9593
f 4676//9594 4971//9594 4970//9594
f 4676//9595 4970//9595 4687//9595
f 4673//9596 4972//9596 4971//9596
f 4673//9597 4971//9597 4676//9597
f 4661//9598 4973//9598 4972//9598
f 4661//9599 4972//9599 4673//9599
f 4635//9600 4974//9600 4973//9600
f 4635//9601 4973//9601 4661//9601
f 4975//9602 4974//9602 4635//9602
f 4975//9603 4635//9603 4577//9603
f 4577//9604 4576//9604 4976//9604
f 4577//9605 4976//9605 4975//9605
f 4576//9606 4578//9606 4977//9606
f 4576//9607 4977//9607 4976//9607
f 4775//9608 4978//9608 4977//9608
f 4775//9609 4977//9609 4578//9609
f 4590//9610 4979//9610 4978//9610
f 4590//9611 4978//9611 4775//9611
f 4979//9612 4590//9612 4731//9612
f 4979//9613 4731//9613 4980//9613
f 4981//9614 4980//9614 4731//9614
f 4981//9615 4731//9615 4861//9615
f 4982//9616 4981//9616 4861//9616
f 4982//9617 4861//9617 4598//9617
f 4846//9618 4983//9618 4982//9618
f 4846//9619 4982//9619 4598//9619
f 4631//9620 4984//9620 4983//9620
f 4631//9621 4983//9621 4846//9621
f 4569//9622 4985//9622 4984//9622
f 4569//9623 4984//9623 4631//9623
f 4569//9624 4940//9624 4986//9624
f 4569//9625 4986//9625 4985//9625
f 4987//9626 4986//9626 4940//9626
f 4987//9627 4940//9627 4946//9627
f 2078//9628 4987//9628 4946//9628
f 2078//9629 4946//9629 950//9629
f 4988//9630 2089//9630 2077//9630
f 4988//9631 2077//9631 4951//9631
f 4989//9632 4988//9632 4951//9632
f 4989//9633 4951//9633 4952//9633
f 4990//9634 4989//9634 4952//9634
f 4990//9635 4952//9635 4953//9635
f 4991//9636 4990//9636 4953//9636
f 4991//9637 4953//9637 4954//9637
f 4992//9638 4991//9638 4954//9638
f 4992//9639 4954//9639 4955//9639
f 4993//9640 4992//9640 4955//9640
f 4993//9641 4955//9641 4956//9641
f 4994//9642 4993//9642 4956//9642
f 4994//9643 4956//9643 4957//9643
f 4995//9644 4994//9644 4957//9644
f 4995//9645 4957//9645 4958//9645
f 4996//9646 4995//9646 4958//9646
f 4996//9647 4958//9647 4959//9647
f 4997//9648 4996//9648 4959//9648
f 4997//9649 4959//9649 4960//9649
f 4998//9650 4997//9650 4960//9650
f 4998//9651 4960//9651 4961//9651
f 4999//9652 4998//9652 4961//9652
f 4999//9653 4961//9653 4962//9653
f 4963//9654 5000//9654 4999//9654
f 4963//9655 4999//9655 4962//9655
f 4964//9656 5001//9656 5000//9656
f 4964//9657 5000//9657 4963//9657
f 4965//9658 5002//9658 5001//9658
f 4965//9659 5001//9659 4964//9659
f 4966//9660 5003//9660 5002//9660
f 4966//9661 5002//9661 4965//9661
f 4967//9662 5004//9662 5003//9662
f 4967//9663 5003//9663 4966//9663
f 4968//9664 5005//9664 5004//9664
f 4968//9665 5004//9665 4967//9665
f 4969//9666 5006//9666 5005//9666
f 4969//9667 5005//9667 4968//9667
f 4970//9668 5007//9668 5006//9668
f 4970//9669 5006//9669 4969//9669
f 4971//9670 5008//9670 5007//9670
f 4971//9671 5007//9671 4970//9671
f 4972//9672 5009//9672 5008//9672
f 4972//9673 5008//9673 4971//9673
f 4973//9674 5010//9674 5009//9674
f 4973//9675 5009//9675 4972//9675
f 4974//9676 5011//9676 5010//9676
f 4974//9677 5010//9677 4973//9677
f 4975//9678 5012//9678 5011//9678
f 4975//9679 5011//9679 4974//9679
f 5014//9680 5013//9680 4976//9680
f 5014//9681 4976//9681 4977//9681
f 4978//9682 5015//9682 5014//9682
f 4978//9683 5014//9683 4977//9683
f 5016//9684 5015//9684 4978//9684
f 5016//9685 4978//9685 4979//9685
f 5017//9686 5016//9686 4979//9686
f 5017//9687 4979//9687 4980//9687
f 4983//9688 5020//9688 5019//9688
f 4983//9689 5019//9689 4982//9689
f 4984//9690 5021//9690 5020//9690
f 4984//9691 5020//9691 4983//9691
f 5022//9692 5021//9692 4984//9692
f 5022//9693 4984//9693 4985//9693
f 5023//9694 5022//9694 4985//9694
f 5023//9695 4985//9695 4986//9695
f 4987//9696 5024//9696 5023//9696
f 4987//9697 5023//9697 4986//9697
f 2090//9698 5024//9698 4987//9698
f 2090//9699 4987//9699 2078//9699
f 5330//9700 5025//9700 2310//9700
f 5330//9701 2310//9701 3486//9701
f 2305//9702 5031//9702 5032//9702
f 2305//9703 5032//9703 2306//9703
f 5467//9704 5248//9704 5247//9704
f 5467//9705 5247//9705 5468//9705
f 5429//9706 5466//9706 5467//9706
f 5429//9707 5467//9707 5430//9707
f 5466//9708 5272//9708 5248//9708
f 5466//9709 5248//9709 5467//9709
f 5469//9710 5246//9710 5249//9710
f 5469//9711 5249//9711 5470//9711
f 5049//9712 5048//9712 5047//9712
f 5049//9713 5047//9713 5046//9713
f 5050//9714 5027//9714 5048//9714
f 5050//9715 5048//9715 5049//9715
f 5470//9716 5249//9716 5250//9716
f 5470//9717 5250//9717 5471//9717
f 5196//9718 5486//9718 5487//9718
f 5196//9719 5487//9719 5055//9719
f 5194//9720 4842//9720 4554//9720
f 5194//9721 4554//9721 5054//9721
f 5487//9722 5488//9722 5240//9722
f 5487//9723 5240//9723 5055//9723
f 5059//9724 4555//9724 4558//9724
f 5059//9725 4558//9725 5058//9725
f 5489//9726 5490//9726 5061//9726
f 5489//9727 5061//9727 5043//9727
f 5054//9728 4554//9728 4778//9728
f 5054//9729 4778//9729 5242//9729
f 2313//9730 5077//9730 5442//9730
f 2313//9731 5442//9731 4283//9731
f 2350//9732 5064//9732 5065//9732
f 2350//9733 5065//9733 5066//9733
f 5375//9734 5067//9734 5068//9734
f 5375//9735 5068//9735 5376//9735
f 5070//9736 5065//9736 5064//9736
f 5070//9737 5064//9737 5069//9737
f 5374//9738 5071//9738 5067//9738
f 5374//9739 5067//9739 5375//9739
f 5376//9740 5068//9740 5493//9740
f 5376//9741 5493//9741 5494//9741
f 5068//9742 5067//9742 5074//9742
f 5068//9743 5074//9743 5075//9743
f 5492//9744 5493//9744 5068//9744
f 5492//9745 5068//9745 5075//9745
f 5495//9746 4533//9746 2350//9746
f 5495//9747 2350//9747 5066//9747
f 5077//9748 5078//9748 5079//9748
f 5077//9749 5079//9749 5080//9749
f 5029//9750 5081//9750 5079//9750
f 5029//9751 5079//9751 5078//9751
f 5082//9752 5081//9752 5029//9752
f 5082//9753 5029//9753 5030//9753
f 5083//9754 5082//9754 5030//9754
f 5083//9755 5030//9755 5052//9755
f 5083//9756 5052//9756 5051//9756
f 5083//9757 5051//9757 5084//9757
f 5390//9758 5087//9758 5086//9758
f 5390//9759 5086//9759 5391//9759
f 5391//9760 5086//9760 5061//9760
f 5391//9761 5061//9761 5392//9761
f 5392//9762 5061//9762 5490//9762
f 5392//9763 5490//9763 5491//9763
f 5085//9764 5074//9764 5067//9764
f 5085//9765 5067//9765 5071//9765
f 5058//9766 4558//9766 4950//9766
f 5058//9767 4950//9767 5394//9767
f 5088//9768 4556//9768 4557//9768
f 5088//9769 4557//9769 5089//9769
f 5051//9770 5045//9770 5091//9770
f 5051//9771 5091//9771 5084//9771
f 5028//9772 5025//9772 5027//9772
f 5028//9773 5027//9773 5050//9773
f 5043//9774 5061//9774 5086//9774
f 5043//9775 5086//9775 5041//9775
f 5041//9776 5086//9776 5087//9776
f 5041//9777 5087//9777 5042//9777
f 5056//9778 5195//9778 5194//9778
f 5056//9779 5194//9779 5054//9779
f 5054//9780 5242//9780 5241//9780
f 5054//9781 5241//9781 5056//9781
f 5058//9782 5060//9782 5057//9782
f 5058//9783 5057//9783 5059//9783
f 5058//9784 5394//9784 5393//9784
f 5058//9785 5393//9785 5060//9785
f 5072//9786 5076//9786 5088//9786
f 5072//9787 5088//9787 5089//9787
f 5377//9788 5072//9788 5089//9788
f 5377//9789 5089//9789 5378//9789
f 2371//9790 2351//9790 5073//9790
f 2371//9791 5073//9791 5092//9791
f 5092//9792 4559//9792 6//9792
f 5092//9793 6//9793 2371//9793
f 5089//9794 4557//9794 4921//9794
f 5089//9795 4921//9795 5378//9795
f 5099//9796 5316//9796 3483//9796
f 5099//9797 3483//9797 2701//9797
f 5032//9798 5099//9798 2701//9798
f 5032//9799 2701//9799 2306//9799
f 5475//9800 5097//9800 5033//9800
f 5475//9801 5033//9801 5476//9801
f 5306//9802 5097//9802 5475//9802
f 5306//9803 5475//9803 5474//9803
f 5094//9804 5303//9804 5304//9804
f 5094//9805 5304//9805 5095//9805
f 5090//9806 5094//9806 5095//9806
f 5090//9807 5095//9807 5093//9807
f 5199//9808 5198//9808 5098//9808
f 5199//9809 5098//9809 5036//9809
f 5198//9810 5307//9810 5308//9810
f 5198//9811 5308//9811 5098//9811
f 5482//9812 5483//9812 5305//9812
f 5482//9813 5305//9813 5096//9813
f 5481//9814 5482//9814 5096//9814
f 5481//9815 5096//9815 5034//9815
f 2309//9816 3483//9816 5316//9816
f 2309//9817 5316//9817 5026//9817
f 5473//9818 5035//9818 5306//9818
f 5473//9819 5306//9819 5474//9819
f 5308//9820 5307//9820 5197//9820
f 5308//9821 5197//9821 5040//9821
f 5303//9822 5053//9822 5062//9822
f 5303//9823 5062//9823 5304//9823
f 5483//9824 5484//9824 5063//9824
f 5483//9825 5063//9825 5305//9825
f 4840//9826 4843//9826 5303//9826
f 4840//9827 5303//9827 5094//9827
f 5303//9828 4843//9828 4839//9828
f 5303//9829 4839//9829 5053//9829
f 5090//9830 4841//9830 4840//9830
f 5090//9831 4840//9831 5094//9831
f 5077//9832 5080//9832 5443//9832
f 5077//9833 5443//9833 5442//9833
f 5051//9834 5049//9834 5046//9834
f 5051//9835 5046//9835 5045//9835
f 5052//9836 5050//9836 5049//9836
f 5052//9837 5049//9837 5051//9837
f 5030//9838 5028//9838 5050//9838
f 5030//9839 5050//9839 5052//9839
f 5029//9840 2311//9840 5028//9840
f 5029//9841 5028//9841 5030//9841
f 2311//9842 2310//9842 5025//9842
f 2311//9843 5025//9843 5028//9843
f 5078//9844 2312//9844 2311//9844
f 5078//9845 2311//9845 5029//9845
f 5077//9846 2313//9846 2312//9846
f 5077//9847 2312//9847 5078//9847
f 5044//9848 5101//9848 5253//9848
f 5044//9849 5253//9849 5252//9849
f 5069//9850 5103//9850 5102//9850
f 5069//9851 5102//9851 5070//9851
f 5373//9852 5104//9852 5071//9852
f 5373//9853 5071//9853 5374//9853
f 5079//9854 5106//9854 5105//9854
f 5079//9855 5105//9855 5080//9855
f 5081//9856 5107//9856 5106//9856
f 5081//9857 5106//9857 5079//9857
f 5082//9858 5108//9858 5107//9858
f 5082//9859 5107//9859 5081//9859
f 5083//9860 5109//9860 5108//9860
f 5083//9861 5108//9861 5082//9861
f 5084//9862 5110//9862 5109//9862
f 5084//9863 5109//9863 5083//9863
f 5390//9864 5389//9864 5111//9864
f 5390//9865 5111//9865 5087//9865
f 5091//9866 5112//9866 5110//9866
f 5091//9867 5110//9867 5084//9867
f 5087//9868 5111//9868 5100//9868
f 5087//9869 5100//9869 5042//9869
f 5080//9870 5105//9870 5444//9870
f 5080//9871 5444//9871 5443//9871
f 5085//9872 5071//9872 5104//9872
f 5085//9873 5104//9873 5113//9873
f 5465//9874 5273//9874 5272//9874
f 5465//9875 5272//9875 5466//9875
f 5108//9876 5114//9876 5115//9876
f 5108//9877 5115//9877 5107//9877
f 5106//9878 5117//9878 5116//9878
f 5106//9879 5116//9879 5105//9879
f 5107//9880 5115//9880 5117//9880
f 5107//9881 5117//9881 5106//9881
f 5464//9882 5274//9882 5273//9882
f 5464//9883 5273//9883 5465//9883
f 5101//9884 5118//9884 5254//9884
f 5101//9885 5254//9885 5253//9885
f 5112//9886 5120//9886 5119//9886
f 5112//9887 5119//9887 5110//9887
f 5282//9888 5253//9888 5254//9888
f 5282//9889 5254//9889 5283//9889
f 5119//9890 5121//9890 5109//9890
f 5119//9891 5109//9891 5110//9891
f 5121//9892 5114//9892 5108//9892
f 5121//9893 5108//9893 5109//9893
f 5103//9894 5123//9894 5122//9894
f 5103//9895 5122//9895 5102//9895
f 5372//9896 5124//9896 5104//9896
f 5372//9897 5104//9897 5373//9897
f 5389//9898 5388//9898 5125//9898
f 5389//9899 5125//9899 5111//9899
f 5111//9900 5125//9900 5126//9900
f 5111//9901 5126//9901 5100//9901
f 5104//9902 5124//9902 5127//9902
f 5104//9903 5127//9903 5113//9903
f 5105//9904 5116//9904 5445//9904
f 5105//9905 5445//9905 5444//9905
f 5371//9906 5129//9906 5124//9906
f 5371//9907 5124//9907 5372//9907
f 5117//9908 5132//9908 5131//9908
f 5117//9909 5131//9909 5116//9909
f 5115//9910 5128//9910 5132//9910
f 5115//9911 5132//9911 5117//9911
f 5123//9912 5133//9912 5130//9912
f 5123//9913 5130//9913 5122//9913
f 5116//9914 5131//9914 5446//9914
f 5116//9915 5446//9915 5445//9915
f 5463//9916 5275//9916 5274//9916
f 5463//9917 5274//9917 5464//9917
f 5118//9918 5134//9918 5255//9918
f 5118//9919 5255//9919 5254//9919
f 5120//9920 5135//9920 5136//9920
f 5120//9921 5136//9921 5119//9921
f 5283//9922 5254//9922 5255//9922
f 5283//9923 5255//9923 5284//9923
f 5388//9924 5387//9924 5137//9924
f 5388//9925 5137//9925 5125//9925
f 5125//9926 5137//9926 5138//9926
f 5125//9927 5138//9927 5126//9927
f 5124//9928 5129//9928 5139//9928
f 5124//9929 5139//9929 5127//9929
f 5462//9930 5276//9930 5275//9930
f 5462//9931 5275//9931 5463//9931
f 5131//9932 5144//9932 5447//9932
f 5131//9933 5447//9933 5446//9933
f 5135//9934 5146//9934 5145//9934
f 5135//9935 5145//9935 5136//9935
f 5284//9936 5255//9936 5256//9936
f 5284//9937 5256//9937 5285//9937
f 5255//9938 5134//9938 5140//9938
f 5255//9939 5140//9939 5256//9939
f 5144//9940 5190//9940 5448//9940
f 5144//9941 5448//9941 5447//9941
f 5145//9942 5149//9942 5147//9942
f 5145//9943 5147//9943 5143//9943
f 5146//9944 5150//9944 5149//9944
f 5146//9945 5149//9945 5145//9945
f 5285//9946 5256//9946 5257//9946
f 5285//9947 5257//9947 5286//9947
f 5140//9948 5151//9948 5257//9948
f 5140//9949 5257//9949 5256//9949
f 5461//9950 5277//9950 5276//9950
f 5461//9951 5276//9951 5462//9951
f 5460//9952 5278//9952 5277//9952
f 5460//9953 5277//9953 5461//9953
f 5151//9954 5153//9954 5258//9954
f 5151//9955 5258//9955 5257//9955
f 5150//9956 5154//9956 5155//9956
f 5150//9957 5155//9957 5149//9957
f 5147//9958 5149//9958 5155//9958
f 5147//9959 5155//9959 5156//9959
f 5286//9960 5257//9960 5258//9960
f 5286//9961 5258//9961 5287//9961
f 5448//9962 5190//9962 5191//9962
f 5448//9963 5191//9963 5449//9963
f 5153//9964 5157//9964 5259//9964
f 5153//9965 5259//9965 5258//9965
f 5287//9966 5258//9966 5259//9966
f 5287//9967 5259//9967 5288//9967
f 5459//9968 5279//9968 5278//9968
f 5459//9969 5278//9969 5460//9969
f 5154//9970 5158//9970 5159//9970
f 5154//9971 5159//9971 5155//9971
f 5155//9972 5159//9972 5160//9972
f 5155//9973 5160//9973 5156//9973
f 5449//9974 5191//9974 5192//9974
f 5449//9975 5192//9975 5450//9975
f 5157//9976 5161//9976 5260//9976
f 5157//9977 5260//9977 5259//9977
f 5158//9978 5162//9978 5163//9978
f 5158//9979 5163//9979 5159//9979
f 5159//9980 5163//9980 5164//9980
f 5159//9981 5164//9981 5160//9981
f 5450//9982 5192//9982 5193//9982
f 5450//9983 5193//9983 5451//9983
f 5458//9984 5280//9984 5279//9984
f 5458//9985 5279//9985 5459//9985
f 5288//9986 5259//9986 5260//9986
f 5288//9987 5260//9987 5289//9987
f 5451//9988 5193//9988 5179//9988
f 5451//9989 5179//9989 5452//9989
f 5163//9990 5166//9990 5165//9990
f 5163//9991 5165//9991 5164//9991
f 5162//9992 5167//9992 5166//9992
f 5162//9993 5166//9993 5163//9993
f 5289//9994 5260//9994 5261//9994
f 5289//9995 5261//9995 5290//9995
f 5161//9996 5168//9996 5261//9996
f 5161//9997 5261//9997 5260//9997
f 5457//9998 5281//9998 5280//9998
f 5457//9999 5280//9999 5458//9999
f 5114//10000 5169//10000 5128//10000
f 5114//10001 5128//10001 5115//10001
f 5121//10002 5170//10002 5169//10002
f 5121//10003 5169//10003 5114//10003
f 5119//10004 5136//10004 5170//10004
f 5119//10005 5170//10005 5121//10005
f 5136//10006 5145//10006 5143//10006
f 5136//10007 5143//10007 5170//10007
f 5132//10008 5171//10008 5144//10008
f 5132//10009 5144//10009 5131//10009
f 5128//10010 5172//10010 5171//10010
f 5128//10011 5171//10011 5132//10011
f 5169//10012 5173//10012 5172//10012
f 5169//10013 5172//10013 5128//10013
f 5170//10014 5143//10014 5173//10014
f 5170//10015 5173//10015 5169//10015
f 5147//10016 5174//10016 5173//10016
f 5147//10017 5173//10017 5143//10017
f 5156//10018 5175//10018 5174//10018
f 5156//10019 5174//10019 5147//10019
f 5160//10020 5176//10020 5175//10020
f 5160//10021 5175//10021 5156//10021
f 5164//10022 5177//10022 5176//10022
f 5164//10023 5176//10023 5160//10023
f 5165//10024 5178//10024 5177//10024
f 5165//10025 5177//10025 5164//10025
f 5181//10026 5182//10026 5177//10026
f 5181//10027 5177//10027 5178//10027
f 5182//10028 5183//10028 5176//10028
f 5182//10029 5176//10029 5177//10029
f 5183//10030 5184//10030 5175//10030
f 5183//10031 5175//10031 5176//10031
f 5184//10032 5185//10032 5174//10032
f 5184//10033 5174//10033 5175//10033
f 5173//10034 5174//10034 5185//10034
f 5173//10035 5185//10035 5172//10035
f 5180//10036 5186//10036 5182//10036
f 5180//10037 5182//10037 5181//10037
f 5186//10038 5187//10038 5183//10038
f 5186//10039 5183//10039 5182//10039
f 5187//10040 5188//10040 5184//10040
f 5187//10041 5184//10041 5183//10041
f 5188//10042 5189//10042 5185//10042
f 5188//10043 5185//10043 5184//10043
f 5189//10044 5171//10044 5172//10044
f 5189//10045 5172//10045 5185//10045
f 5189//10046 5190//10046 5144//10046
f 5189//10047 5144//10047 5171//10047
f 5188//10048 5191//10048 5190//10048
f 5188//10049 5190//10049 5189//10049
f 5187//10050 5192//10050 5191//10050
f 5187//10051 5191//10051 5188//10051
f 5186//10052 5193//10052 5192//10052
f 5186//10053 5192//10053 5187//10053
f 5180//10054 5179//10054 5193//10054
f 5180//10055 5193//10055 5186//10055
f 3194//10056 5400//10056 5039//10056
f 3194//10057 5039//10057 3193//10057
f 3189//10058 4284//10058 5478//10058
f 3189//10059 5478//10059 5401//10059
f 3191//10060 980//10060 4949//10060
f 3191//10061 4949//10061 5404//10061
f 5403//10062 3192//10062 3191//10062
f 5403//10063 3191//10063 5404//10063
f 5402//10064 3190//10064 4532//10064
f 5402//10065 4532//10065 5479//10065
f 5306//10066 5035//10066 5197//10066
f 5306//10067 5197//10067 5307//10067
f 5097//10068 5306//10068 5307//10068
f 5097//10069 5307//10069 5198//10069
f 5199//10070 5033//10070 5097//10070
f 5199//10071 5097//10071 5198//10071
f 5400//10072 3194//10072 3189//10072
f 5400//10073 3189//10073 5401//10073
f 3193//10074 5039//10074 5038//10074
f 3193//10075 5038//10075 3197//10075
f 3197//10076 5038//10076 5200//10076
f 3197//10077 5200//10077 3198//10077
f 2305//10078 3199//10078 5201//10078
f 2305//10079 5201//10079 5031//10079
f 5200//10080 5202//10080 3200//10080
f 5200//10081 3200//10081 3198//10081
f 5202//10082 5201//10082 3199//10082
f 5202//10083 3199//10083 3200//10083
f 5031//10084 5201//10084 5204//10084
f 5031//10085 5204//10085 5203//10085
f 5031//10086 5203//10086 5205//10086
f 5031//10087 5205//10087 5032//10087
f 5202//10088 5206//10088 5204//10088
f 5202//10089 5204//10089 5201//10089
f 5200//10090 5207//10090 5206//10090
f 5200//10091 5206//10091 5202//10091
f 5038//10092 5208//10092 5207//10092
f 5038//10093 5207//10093 5200//10093
f 5039//10094 5037//10094 5208//10094
f 5039//10095 5208//10095 5038//10095
f 5205//10096 5209//10096 5099//10096
f 5205//10097 5099//10097 5032//10097
f 5209//10098 5315//10098 5316//10098
f 5209//10099 5316//10099 5099//10099
f 5315//10100 5210//10100 5026//10100
f 5315//10101 5026//10101 5316//10101
f 5329//10102 5027//10102 5025//10102
f 5329//10103 5025//10103 5330//10103
f 5328//10104 5048//10104 5027//10104
f 5328//10105 5027//10105 5329//10105
f 5206//10106 5216//10106 5212//10106
f 5206//10107 5212//10107 5204//10107
f 5203//10108 5204//10108 5212//10108
f 5203//10109 5212//10109 5213//10109
f 5203//10110 5213//10110 5214//10110
f 5203//10111 5214//10111 5205//10111
f 5214//10112 5215//10112 5209//10112
f 5214//10113 5209//10113 5205//10113
f 5215//10114 5314//10114 5315//10114
f 5215//10115 5315//10115 5209//10115
f 5314//10116 5211//10116 5210//10116
f 5314//10117 5210//10117 5315//10117
f 5207//10118 5217//10118 5216//10118
f 5207//10119 5216//10119 5206//10119
f 5208//10120 5218//10120 5217//10120
f 5208//10121 5217//10121 5207//10121
f 5037//10122 5036//10122 5218//10122
f 5037//10123 5218//10123 5208//10123
f 5098//10124 5308//10124 5309//10124
f 5098//10125 5309//10125 5220//10125
f 5098//10126 5220//10126 5218//10126
f 5098//10127 5218//10127 5036//10127
f 5040//10128 5219//10128 5309//10128
f 5040//10129 5309//10129 5308//10129
f 5220//10130 5309//10130 5310//10130
f 5220//10131 5310//10131 5222//10131
f 5220//10132 5222//10132 5217//10132
f 5220//10133 5217//10133 5218//10133
f 5219//10134 5221//10134 5310//10134
f 5219//10135 5310//10135 5309//10135
f 5327//10136 5047//10136 5048//10136
f 5327//10137 5048//10137 5328//10137
f 5313//10138 5223//10138 5211//10138
f 5313//10139 5211//10139 5314//10139
f 5224//10140 5313//10140 5314//10140
f 5224//10141 5314//10141 5215//10141
f 5214//10142 5213//10142 5224//10142
f 5214//10143 5224//10143 5215//10143
f 5045//10144 5225//10144 5226//10144
f 5045//10145 5226//10145 5091//10145
f 5225//10146 5245//10146 5252//10146
f 5225//10147 5252//10147 5226//10147
f 5046//10148 5227//10148 5225//10148
f 5046//10149 5225//10149 5045//10149
f 5227//10150 5239//10150 5245//10150
f 5227//10151 5245//10151 5225//10151
f 5047//10152 5228//10152 5227//10152
f 5047//10153 5227//10153 5046//10153
f 5228//10154 5236//10154 5239//10154
f 5228//10155 5239//10155 5227//10155
f 5327//10156 5326//10156 5228//10156
f 5327//10157 5228//10157 5047//10157
f 5313//10158 5312//10158 5229//10158
f 5313//10159 5229//10159 5223//10159
f 5224//10160 5230//10160 5312//10160
f 5224//10161 5312//10161 5313//10161
f 5213//10162 5212//10162 5230//10162
f 5213//10163 5230//10163 5224//10163
f 5326//10164 5325//10164 5236//10164
f 5326//10165 5236//10165 5228//10165
f 5312//10166 5311//10166 5232//10166
f 5312//10167 5232//10167 5229//10167
f 5216//10168 5231//10168 5230//10168
f 5216//10169 5230//10169 5212//10169
f 5222//10170 5231//10170 5216//10170
f 5222//10171 5216//10171 5217//10171
f 5312//10172 5230//10172 5231//10172
f 5312//10173 5231//10173 5311//10173
f 5222//10174 5310//10174 5311//10174
f 5222//10175 5311//10175 5231//10175
f 5310//10176 5221//10176 5232//10176
f 5310//10177 5232//10177 5311//10177
f 5321//10178 5251//10178 5233//10178
f 5321//10179 5233//10179 5322//10179
f 5322//10180 5233//10180 5234//10180
f 5322//10181 5234//10181 5323//10181
f 5323//10182 5234//10182 5235//10182
f 5323//10183 5235//10183 5324//10183
f 5324//10184 5235//10184 5236//10184
f 5324//10185 5236//10185 5325//10185
f 5234//10186 5237//10186 5238//10186
f 5234//10187 5238//10187 5235//10187
f 5235//10188 5238//10188 5239//10188
f 5235//10189 5239//10189 5236//10189
f 5468//10190 5247//10190 5246//10190
f 5468//10191 5246//10191 5469//10191
f 5488//10192 5489//10192 5043//10192
f 5488//10193 5043//10193 5240//10193
f 5242//10194 5059//10194 5057//10194
f 5242//10195 5057//10195 5241//10195
f 5242//10196 4778//10196 4555//10196
f 5242//10197 4555//10197 5059//10197
f 5237//10198 5243//10198 5244//10198
f 5237//10199 5244//10199 5238//10199
f 5238//10200 5244//10200 5245//10200
f 5238//10201 5245//10201 5239//10201
f 5234//10202 5246//10202 5247//10202
f 5234//10203 5247//10203 5237//10203
f 5237//10204 5247//10204 5248//10204
f 5237//10205 5248//10205 5243//10205
f 5233//10206 5251//10206 5250//10206
f 5233//10207 5250//10207 5249//10207
f 5233//10208 5249//10208 5246//10208
f 5233//10209 5246//10209 5234//10209
f 5194//10210 5317//10210 4858//10210
f 5194//10211 4858//10211 4842//10211
f 5195//10212 5318//10212 5317//10212
f 5195//10213 5317//10213 5194//10213
f 5196//10214 5319//10214 5485//10214
f 5196//10215 5485//10215 5486//10215
f 5471//10216 5472//10216 5435//10216
f 5471//10217 5435//10217 5434//10217
f 5250//10218 5320//10218 5472//10218
f 5250//10219 5472//10219 5471//10219
f 5251//10220 5321//10220 5320//10220
f 5251//10221 5320//10221 5250//10221
f 5282//10222 5226//10222 5252//10222
f 5282//10223 5252//10223 5253//10223
f 5252//10224 5245//10224 5244//10224
f 5252//10225 5244//10225 5044//10225
f 5263//10226 5101//10226 5044//10226
f 5263//10227 5044//10227 5262//10227
f 5264//10228 5118//10228 5101//10228
f 5264//10229 5101//10229 5263//10229
f 5265//10230 5134//10230 5118//10230
f 5265//10231 5118//10231 5264//10231
f 5266//10232 5140//10232 5134//10232
f 5266//10233 5134//10233 5265//10233
f 5267//10234 5151//10234 5140//10234
f 5267//10235 5140//10235 5266//10235
f 5268//10236 5153//10236 5151//10236
f 5268//10237 5151//10237 5267//10237
f 5269//10238 5157//10238 5153//10238
f 5269//10239 5153//10239 5268//10239
f 5270//10240 5161//10240 5157//10240
f 5270//10241 5157//10241 5269//10241
f 5271//10242 5168//10242 5161//10242
f 5271//10243 5161//10243 5270//10243
f 5044//10244 5244//10244 5243//10244
f 5044//10245 5243//10245 5262//10245
f 5273//10246 5263//10246 5262//10246
f 5273//10247 5262//10247 5272//10247
f 5274//10248 5264//10248 5263//10248
f 5274//10249 5263//10249 5273//10249
f 5275//10250 5265//10250 5264//10250
f 5275//10251 5264//10251 5274//10251
f 5276//10252 5266//10252 5265//10252
f 5276//10253 5265//10253 5275//10253
f 5277//10254 5267//10254 5266//10254
f 5277//10255 5266//10255 5276//10255
f 5278//10256 5268//10256 5267//10256
f 5278//10257 5267//10257 5277//10257
f 5279//10258 5269//10258 5268//10258
f 5279//10259 5268//10259 5278//10259
f 5280//10260 5270//10260 5269//10260
f 5280//10261 5269//10261 5279//10261
f 5281//10262 5271//10262 5270//10262
f 5281//10263 5270//10263 5280//10263
f 5262//10264 5243//10264 5248//10264
f 5262//10265 5248//10265 5272//10265
f 5112//10266 5282//10266 5283//10266
f 5112//10267 5283//10267 5120//10267
f 5285//10268 5146//10268 5135//10268
f 5285//10269 5135//10269 5284//10269
f 5286//10270 5150//10270 5146//10270
f 5286//10271 5146//10271 5285//10271
f 5287//10272 5154//10272 5150//10272
f 5287//10273 5150//10273 5286//10273
f 5288//10274 5158//10274 5154//10274
f 5288//10275 5154//10275 5287//10275
f 5289//10276 5162//10276 5158//10276
f 5289//10277 5158//10277 5288//10277
f 5290//10278 5167//10278 5162//10278
f 5290//10279 5162//10279 5289//10279
f 5091//10280 5226//10280 5282//10280
f 5091//10281 5282//10281 5112//10281
f 5179//10282 5296//10282 5453//10282
f 5179//10283 5453//10283 5452//10283
f 5271//10284 5297//10284 5291//10284
f 5271//10285 5291//10285 5168//10285
f 5281//10286 5298//10286 5297//10286
f 5281//10287 5297//10287 5271//10287
f 5456//10288 5298//10288 5281//10288
f 5456//10289 5281//10289 5457//10289
f 5261//10290 5168//10290 5291//10290
f 5261//10291 5291//10291 5290//10291
f 5166//10292 5293//10292 5292//10292
f 5166//10293 5292//10293 5165//10293
f 5181//10294 5292//10294 5294//10294
f 5181//10295 5294//10295 5180//10295
f 5166//10296 5167//10296 5295//10296
f 5166//10297 5295//10297 5293//10297
f 5291//10298 5295//10298 5167//10298
f 5291//10299 5167//10299 5290//10299
f 5292//10300 5181//10300 5178//10300
f 5292//10301 5178//10301 5165//10301
f 5180//10302 5294//10302 5296//10302
f 5180//10303 5296//10303 5179//10303
f 5297//10304 5299//10304 5295//10304
f 5297//10305 5295//10305 5291//10305
f 5298//10306 5300//10306 5299//10306
f 5298//10307 5299//10307 5297//10307
f 5455//10308 5300//10308 5298//10308
f 5455//10309 5298//10309 5456//10309
f 5299//10310 5301//10310 5293//10310
f 5299//10311 5293//10311 5295//10311
f 5300//10312 5302//10312 5301//10312
f 5300//10313 5301//10313 5299//10313
f 5300//10314 5455//10314 5454//10314
f 5300//10315 5454//10315 5302//10315
f 5294//10316 5301//10316 5302//10316
f 5294//10317 5302//10317 5296//10317
f 5301//10318 5294//10318 5292//10318
f 5301//10319 5292//10319 5293//10319
f 5302//10320 5454//10320 5453//10320
f 5302//10321 5453//10321 5296//10321
f 4858//10322 5317//10322 5053//10322
f 4858//10323 5053//10323 4839//10323
f 5318//10324 5062//10324 5053//10324
f 5318//10325 5053//10325 5317//10325
f 5319//10326 5063//10326 5484//10326
f 5319//10327 5484//10327 5485//10327
f 5472//10328 5473//10328 5436//10328
f 5472//10329 5436//10329 5435//10329
f 5320//10330 5035//10330 5473//10330
f 5320//10331 5473//10331 5472//10331
f 5321//10332 5197//10332 5035//10332
f 5321//10333 5035//10333 5320//10333
f 5040//10334 5197//10334 5321//10334
f 5040//10335 5321//10335 5322//10335
f 5040//10336 5322//10336 5323//10336
f 5040//10337 5323//10337 5219//10337
f 5219//10338 5323//10338 5324//10338
f 5219//10339 5324//10339 5221//10339
f 5221//10340 5324//10340 5325//10340
f 5221//10341 5325//10341 5232//10341
f 5326//10342 5229//10342 5232//10342
f 5326//10343 5232//10343 5325//10343
f 5223//10344 5229//10344 5326//10344
f 5223//10345 5326//10345 5327//10345
f 5211//10346 5223//10346 5327//10346
f 5211//10347 5327//10347 5328//10347
f 5210//10348 5211//10348 5328//10348
f 5210//10349 5328//10349 5329//10349
f 5026//10350 5210//10350 5329//10350
f 5026//10351 5329//10351 5330//10351
f 5026//10352 5330//10352 3486//10352
f 5026//10353 3486//10353 2309//10353
f 5386//10354 5337//10354 5137//10354
f 5386//10355 5137//10355 5387//10355
f 5129//10356 5332//10356 5331//10356
f 5129//10357 5331//10357 5139//10357
f 5370//10358 5332//10358 5129//10358
f 5370//10359 5129//10359 5371//10359
f 5130//10360 5133//10360 5142//10360
f 5130//10361 5142//10361 5333//10361
f 5332//10362 5335//10362 5334//10362
f 5332//10363 5334//10363 5331//10363
f 5369//10364 5335//10364 5332//10364
f 5369//10365 5332//10365 5370//10365
f 5142//10366 5148//10366 5336//10366
f 5142//10367 5336//10367 5333//10367
f 5137//10368 5337//10368 5141//10368
f 5137//10369 5141//10369 5138//10369
f 5337//10370 5338//10370 5152//10370
f 5337//10371 5152//10371 5141//10371
f 5338//10372 5340//10372 5339//10372
f 5338//10373 5339//10373 5152//10373
f 5340//10374 5342//10374 5341//10374
f 5340//10375 5341//10375 5339//10375
f 5385//10376 5338//10376 5337//10376
f 5385//10377 5337//10377 5386//10377
f 5384//10378 5340//10378 5338//10378
f 5384//10379 5338//10379 5385//10379
f 5335//10380 5345//10380 5343//10380
f 5335//10381 5343//10381 5334//10381
f 5368//10382 5345//10382 5335//10382
f 5368//10383 5335//10383 5369//10383
f 5148//10384 5344//10384 5346//10384
f 5148//10385 5346//10385 5336//10385
f 5384//10386 5383//10386 5342//10386
f 5384//10387 5342//10387 5340//10387
f 5345//10388 5349//10388 5347//10388
f 5345//10389 5347//10389 5343//10389
f 5367//10390 5349//10390 5345//10390
f 5367//10391 5345//10391 5368//10391
f 5344//10392 5348//10392 5350//10392
f 5344//10393 5350//10393 5346//10393
f 5342//10394 5352//10394 5351//10394
f 5342//10395 5351//10395 5341//10395
f 5383//10396 5382//10396 5352//10396
f 5383//10397 5352//10397 5342//10397
f 5349//10398 5354//10398 5353//10398
f 5349//10399 5353//10399 5347//10399
f 5366//10400 5354//10400 5349//10400
f 5366//10401 5349//10401 5367//10401
f 5348//10402 5356//10402 5355//10402
f 5348//10403 5355//10403 5350//10403
f 5352//10404 5358//10404 5357//10404
f 5352//10405 5357//10405 5351//10405
f 5356//10406 5359//10406 5360//10406
f 5356//10407 5360//10407 5355//10407
f 5365//10408 5361//10408 5354//10408
f 5365//10409 5354//10409 5366//10409
f 5354//10410 5361//10410 5362//10410
f 5354//10411 5362//10411 5353//10411
f 5381//10412 5358//10412 5352//10412
f 5381//10413 5352//10413 5382//10413
f 5381//10414 5380//10414 5357//10414
f 5381//10415 5357//10415 5358//10415
f 5361//10416 5364//10416 5363//10416
f 5361//10417 5363//10417 5362//10417
f 5355//10418 5360//10418 5365//10418
f 5355//10419 5365//10419 5366//10419
f 5350//10420 5355//10420 5366//10420
f 5350//10421 5366//10421 5367//10421
f 5346//10422 5350//10422 5367//10422
f 5346//10423 5367//10423 5368//10423
f 5336//10424 5346//10424 5368//10424
f 5336//10425 5368//10425 5369//10425
f 5333//10426 5336//10426 5369//10426
f 5333//10427 5369//10427 5370//10427
f 5130//10428 5333//10428 5370//10428
f 5130//10429 5370//10429 5371//10429
f 5122//10430 5130//10430 5371//10430
f 5122//10431 5371//10431 5372//10431
f 5102//10432 5122//10432 5372//10432
f 5102//10433 5372//10433 5373//10433
f 5070//10434 5102//10434 5373//10434
f 5070//10435 5373//10435 5374//10435
f 5070//10436 5374//10436 5375//10436
f 5070//10437 5375//10437 5065//10437
f 5065//10438 5375//10438 5376//10438
f 5065//10439 5376//10439 5066//10439
f 5066//10440 5376//10440 5494//10440
f 5066//10441 5494//10441 5495//10441
f 5073//10442 5377//10442 5378//10442
f 5073//10443 5378//10443 5092//10443
f 5378//10444 4921//10444 4559//10444
f 5378//10445 4559//10445 5092//10445
f 5365//10446 5379//10446 5364//10446
f 5365//10447 5364//10447 5361//10447
f 5359//10448 5379//10448 5365//10448
f 5359//10449 5365//10449 5360//10449
f 5381//10450 5362//10450 5363//10450
f 5381//10451 5363//10451 5380//10451
f 5382//10452 5353//10452 5362//10452
f 5382//10453 5362//10453 5381//10453
f 5383//10454 5347//10454 5353//10454
f 5383//10455 5353//10455 5382//10455
f 5384//10456 5343//10456 5347//10456
f 5384//10457 5347//10457 5383//10457
f 5385//10458 5334//10458 5343//10458
f 5385//10459 5343//10459 5384//10459
f 5386//10460 5331//10460 5334//10460
f 5386//10461 5334//10461 5385//10461
f 5387//10462 5139//10462 5331//10462
f 5387//10463 5331//10463 5386//10463
f 5388//10464 5127//10464 5139//10464
f 5388//10465 5139//10465 5387//10465
f 5389//10466 5113//10466 5127//10466
f 5389//10467 5127//10467 5388//10467
f 5390//10468 5085//10468 5113//10468
f 5390//10469 5113//10469 5389//10469
f 5391//10470 5074//10470 5085//10470
f 5391//10471 5085//10471 5390//10471
f 5392//10472 5075//10472 5074//10472
f 5392//10473 5074//10473 5391//10473
f 5491//10474 5492//10474 5075//10474
f 5491//10475 5075//10475 5392//10475
f 5394//10476 5088//10476 5076//10476
f 5394//10477 5076//10477 5393//10477
f 4950//10478 4556//10478 5088//10478
f 4950//10479 5088//10479 5394//10479
f 5283//10480 5284//10480 5135//10480
f 5283//10481 5135//10481 5120//10481
f 5395//10482 5199//10482 5036//10482
f 5395//10483 5036//10483 5037//10483
f 5033//10484 5199//10484 5395//10484
f 5033//10485 5395//10485 5396//10485
f 5396//10486 5477//10486 5476//10486
f 5396//10487 5476//10487 5033//10487
f 5480//10488 5481//10488 5034//10488
f 5480//10489 5034//10489 5397//10489
f 5090//10490 5093//10490 5398//10490
f 5090//10491 5398//10491 5399//10491
f 5399//10492 4943//10492 4841//10492
f 5399//10493 4841//10493 5090//10493
f 5400//10494 5395//10494 5037//10494
f 5400//10495 5037//10495 5039//10495
f 5395//10496 5400//10496 5401//10496
f 5395//10497 5401//10497 5396//10497
f 5477//10498 5396//10498 5401//10498
f 5477//10499 5401//10499 5478//10499
f 5397//10500 5402//10500 5479//10500
f 5397//10501 5479//10501 5480//10501
f 5398//10502 5403//10502 5404//10502
f 5398//10503 5404//10503 5399//10503
f 5404//10504 4949//10504 4943//10504
f 5404//10505 4943//10505 5399//10505
f 2350//10506 4271//10506 5405//10506
f 2350//10507 5405//10507 5064//10507
f 5406//10508 5069//10508 5064//10508
f 5406//10509 5064//10509 5405//10509
f 5407//10510 5103//10510 5069//10510
f 5407//10511 5069//10511 5406//10511
f 5408//10512 5123//10512 5103//10512
f 5408//10513 5103//10513 5407//10513
f 5409//10514 5133//10514 5123//10514
f 5409//10515 5123//10515 5408//10515
f 5410//10516 5142//10516 5133//10516
f 5410//10517 5133//10517 5409//10517
f 5411//10518 5148//10518 5142//10518
f 5411//10519 5142//10519 5410//10519
f 5412//10520 5344//10520 5148//10520
f 5412//10521 5148//10521 5411//10521
f 5413//10522 5348//10522 5344//10522
f 5413//10523 5344//10523 5412//10523
f 5348//10524 5413//10524 5414//10524
f 5348//10525 5414//10525 5356//10525
f 5415//10526 5359//10526 5356//10526
f 5415//10527 5356//10527 5414//10527
f 5359//10528 5415//10528 5416//10528
f 5359//10529 5416//10529 5379//10529
f 5379//10530 5416//10530 5417//10530
f 5379//10531 5417//10531 5364//10531
f 5364//10532 5417//10532 5418//10532
f 5364//10533 5418//10533 5363//10533
f 5380//10534 5363//10534 5418//10534
f 5380//10535 5418//10535 5419//10535
f 5357//10536 5380//10536 5419//10536
f 5357//10537 5419//10537 5420//10537
f 5351//10538 5357//10538 5420//10538
f 5351//10539 5420//10539 5421//10539
f 5341//10540 5351//10540 5421//10540
f 5341//10541 5421//10541 5422//10541
f 5339//10542 5341//10542 5422//10542
f 5339//10543 5422//10543 5423//10543
f 5152//10544 5339//10544 5423//10544
f 5152//10545 5423//10545 5424//10545
f 5141//10546 5152//10546 5424//10546
f 5141//10547 5424//10547 5425//10547
f 5138//10548 5141//10548 5425//10548
f 5138//10549 5425//10549 5426//10549
f 5126//10550 5138//10550 5426//10550
f 5126//10551 5426//10551 5427//10551
f 5100//10552 5126//10552 5427//10552
f 5100//10553 5427//10553 5428//10553
f 5429//10554 5042//10554 5100//10554
f 5429//10555 5100//10555 5428//10555
f 5042//10556 5429//10556 5430//10556
f 5042//10557 5430//10557 5041//10557
f 5041//10558 5430//10558 5431//10558
f 5041//10559 5431//10559 5043//10559
f 5240//10560 5043//10560 5431//10560
f 5240//10561 5431//10561 5432//10561
f 5055//10562 5240//10562 5432//10562
f 5055//10563 5432//10563 5433//10563
f 5196//10564 5055//10564 5433//10564
f 5196//10565 5433//10565 5434//10565
f 5435//10566 5319//10566 5196//10566
f 5435//10567 5196//10567 5434//10567
f 5436//10568 5063//10568 5319//10568
f 5436//10569 5319//10569 5435//10569
f 5305//10570 5063//10570 5436//10570
f 5305//10571 5436//10571 5437//10571
f 5096//10572 5305//10572 5437//10572
f 5096//10573 5437//10573 5438//10573
f 5034//10574 5096//10574 5438//10574
f 5034//10575 5438//10575 5439//10575
f 5034//10576 5439//10576 5440//10576
f 5034//10577 5440//10577 5397//10577
f 5441//10578 5402//10578 5397//10578
f 5441//10579 5397//10579 5440//10579
f 4272//10580 3190//10580 5402//10580
f 4272//10581 5402//10581 5441//10581
f 5442//10582 5405//10582 4271//10582
f 5442//10583 4271//10583 4283//10583
f 5443//10584 5406//10584 5405//10584
f 5443//10585 5405//10585 5442//10585
f 5444//10586 5407//10586 5406//10586
f 5444//10587 5406//10587 5443//10587
f 5445//10588 5408//10588 5407//10588
f 5445//10589 5407//10589 5444//10589
f 5446//10590 5409//10590 5408//10590
f 5446//10591 5408//10591 5445//10591
f 5447//10592 5410//10592 5409//10592
f 5447//10593 5409//10593 5446//10593
f 5448//10594 5411//10594 5410//10594
f 5448//10595 5410//10595 5447//10595
f 5449//10596 5412//10596 5411//10596
f 5449//10597 5411//10597 5448//10597
f 5450//10598 5413//10598 5412//10598
f 5450//10599 5412//10599 5449//10599
f 5451//10600 5414//10600 5413//10600
f 5451//10601 5413//10601 5450//10601
f 5452//10602 5415//10602 5414//10602
f 5452//10603 5414//10603 5451//10603
f 5453//10604 5416//10604 5415//10604
f 5453//10605 5415//10605 5452//10605
f 5417//10606 5416//10606 5453//10606
f 5417//10607 5453//10607 5454//10607
f 5418//10608 5417//10608 5454//10608
f 5418//10609 5454//10609 5455//10609
f 5419//10610 5418//10610 5455//10610
f 5419//10611 5455//10611 5456//10611
f 5420//10612 5419//10612 5456//10612
f 5420//10613 5456//10613 5457//10613
f 5421//10614 5420//10614 5457//10614
f 5421//10615 5457//10615 5458//10615
f 5422//10616 5421//10616 5458//10616
f 5422//10617 5458//10617 5459//10617
f 5423//10618 5422//10618 5459//10618
f 5423//10619 5459//10619 5460//10619
f 5424//10620 5423//10620 5460//10620
f 5424//10621 5460//10621 5461//10621
f 5425//10622 5424//10622 5461//10622
f 5425//10623 5461//10623 5462//10623
f 5426//10624 5425//10624 5462//10624
f 5426//10625 5462//10625 5463//10625
f 5427//10626 5426//10626 5463//10626
f 5427//10627 5463//10627 5464//10627
f 5428//10628 5427//10628 5464//10628
f 5428//10629 5464//10629 5465//10629
f 5429//10630 5428//10630 5465//10630
f 5429//10631 5465//10631 5466//10631
f 5468//10632 5431//10632 5430//10632
f 5468//10633 5430//10633 5467//10633
f 5432//10634 5431//10634 5468//10634
f 5432//10635 5468//10635 5469//10635
f 5470//10636 5433//10636 5432//10636
f 5470//10637 5432//10637 5469//10637
f 5434//10638 5433//10638 5470//10638
f 5434//10639 5470//10639 5471//10639
f 5437//10640 5436//10640 5473//10640
f 5437//10641 5473//10641 5474//10641
f 5438//10642 5437//10642 5474//10642
f 5438//10643 5474//10643 5475//10643
f 5476//10644 5439//10644 5438//10644
f 5476//10645 5438//10645 5475//10645
f 5477//10646 5440//10646 5439//10646
f 5477//10647 5439//10647 5476//10647
f 5441//10648 5440//10648 5477//10648
f 5441//10649 5477//10649 5478//10649
f 4284//10650 4272//10650 5441//10650
f 4284//10651 5441//10651 5478//10651
f 5479//10652 4532//10652 3192//10652
f 5479//10653 3192//10653 5403//10653
f 5480//10654 5479//10654 5403//10654
f 5480//10655 5403//10655 5398//10655
f 5093//10656 5481//10656 5480//10656
f 5093//10657 5480//10657 5398//10657
f 5093//10658 5095//10658 5482//10658
f 5093//10659 5482//10659 5481//10659
f 5095//10660 5304//10660 5483//10660
f 5095//10661 5483//10661 5482//10661
f 5304//10662 5062//10662 5484//10662
f 5304//10663 5484//10663 5483//10663
f 5485//10664 5484//10664 5062//10664
f 5485//10665 5062//10665 5318//10665
f 5486//10666 5485//10666 5318//10666
f 5486//10667 5318//10667 5195//10667
f 5487//10668 5486//10668 5195//10668
f 5487//10669 5195//10669 5056//10669
f 5056//10670 5241//10670 5488//10670
f 5056//10671 5488//10671 5487//10671
f 5241//10672 5057//10672 5489//10672
f 5241//10673 5489//10673 5488//10673
f 5057//10674 5060//10674 5490//10674
f 5057//10675 5490//10675 5489//10675
f 5491//10676 5490//10676 5060//10676
f 5491//10677 5060//10677 5393//10677
f 5393//10678 5076//10678 5492//10678
f 5393//10679 5492//10679 5491//10679
f 5072//10680 5493//10680 5492//10680
f 5072//10681 5492//10681 5076//10681
f 5494//10682 5493//10682 5072//10682
f 5494//10683 5072//10683 5377//10683
f 5495//10684 5494//10684 5377//10684
f 5495//10685 5377//10685 5073//10685
f 2351//10686 4533//10686 5495//10686
f 2351//10687 5495//10687 5073//10687
f 110//10688 4608//10688 5496//10688
f 110//10689 5496//10689 4551//10689
f 5497//10690 5496//10690 4608//10690
f 5497//10691 4608//10691 4919//10691
f 5498//10692 5497//10692 4919//10692
f 5498//10693 4919//10693 4607//10693
f 4607//10694 4611//10694 5499//10694
f 4607//10695 5499//10695 5498//10695
f 4936//10696 5500//10696 5499//10696
f 4936//10697 5499//10697 4611//10697
f 5501//10698 5500//10698 4936//10698
f 5501//10699 4936//10699 4595//10699
f 4592//10700 5502//10700 5501//10700
f 4592//10701 5501//10701 4595//10701
f 4776//10702 5503//10702 5502//10702
f 4776//10703 5502//10703 4592//10703
f 4591//10704 5504//10704 5503//10704
f 4591//10705 5503//10705 4776//10705
f 4730//10706 5505//10706 5504//10706
f 4730//10707 5504//10707 4591//10707
f 5506//10708 5505//10708 4730//10708
f 5506//10709 4730//10709 4860//10709
f 5507//10710 5506//10710 4860//10710
f 5507//10711 4860//10711 4597//10711
f 4845//10712 5508//10712 5507//10712
f 4845//10713 5507//10713 4597//10713
f 4630//10714 5509//10714 5508//10714
f 4630//10715 5508//10715 4845//10715
f 4628//10716 5510//10716 5509//10716
f 4628//10717 5509//10717 4630//10717
f 4628//10718 4941//10718 5511//10718
f 4628//10719 5511//10719 5510//10719
f 5512//10720 5511//10720 4941//10720
f 5512//10721 4941//10721 4947//10721
f 4552//10722 5512//10722 4947//10722
f 4552//10723 4947//10723 952//10723
f 5568//10724 5567//10724 5574//10724
f 5568//10725 5574//10725 5575//10725
f 5570//10726 5567//10726 5568//10726
f 5570//10727 5568//10727 5571//10727
f 5578//10728 5569//10728 5576//10728
f 5578//10729 5576//10729 5589//10729
f 5576//10730 5569//10730 5577//10730
f 5576//10731 5577//10731 5588//10731
f 5567//10732 5570//10732 5577//10732
f 5567//10733 5577//10733 5569//10733
f 5574//10734 5567//10734 5569//10734
f 5574//10735 5569//10735 5578//10735
f 5579//10736 5570//10736 5571//10736
f 5579//10737 5571//10737 5580//10737
f 5572//10738 5568//10738 5575//10738
f 5572//10739 5575//10739 5583//10739
f 5568//10740 5572//10740 5581//10740
f 5568//10741 5581//10741 5571//10741
f 5572//10742 5573//10742 5582//10742
f 5572//10743 5582//10743 5581//10743
f 5573//10744 5572//10744 5583//10744
f 5573//10745 5583//10745 5584//10745
f 5575//10746 5574//10746 5585//10746
f 5575//10747 5585//10747 5586//10747
f 5588//10748 5577//10748 5590//10748
f 5588//10749 5590//10749 5607//10749
f 5570//10750 5579//10750 5590//10750
f 5570//10751 5590//10751 5577//10751
f 5591//10752 5578//10752 5589//10752
f 5591//10753 5589//10753 5608//10753
f 5585//10754 5574//10754 5578//10754
f 5585//10755 5578//10755 5591//10755
f 5592//10756 5579//10756 5580//10756
f 5592//10757 5580//10757 5595//10757
f 5571//10758 5581//10758 5596//10758
f 5571//10759 5596//10759 5580//10759
f 5581//10760 5582//10760 5597//10760
f 5581//10761 5597//10761 5596//10761
f 5598//10762 5918//10762 5919//10762
f 5598//10763 5919//10763 5622//10763
f 5918//10764 5598//10764 5620//10764
f 5918//10765 5620//10765 5917//10765
f 5583//10766 5575//10766 5586//10766
f 5583//10767 5586//10767 5599//10767
f 5584//10768 5583//10768 5599//10768
f 5584//10769 5599//10769 5600//10769
f 5586//10770 5585//10770 5601//10770
f 5586//10771 5601//10771 5602//10771
f 5576//10772 5587//10772 5606//10772
f 5576//10773 5606//10773 5589//10773
f 5605//10774 5587//10774 5576//10774
f 5605//10775 5576//10775 5588//10775
f 5607//10776 5590//10776 5609//10776
f 5607//10777 5609//10777 5633//10777
f 5579//10778 5592//10778 5609//10778
f 5579//10779 5609//10779 5590//10779
f 5611//10780 5591//10780 5608//10780
f 5611//10781 5608//10781 5635//10781
f 5601//10782 5585//10782 5591//10782
f 5601//10783 5591//10783 5611//10783
f 5593//10784 5592//10784 5595//10784
f 5593//10785 5595//10785 5594//10785
f 5580//10786 5596//10786 5616//10786
f 5580//10787 5616//10787 5595//10787
f 5596//10788 5597//10788 5619//10788
f 5596//10789 5619//10789 5616//10789
f 5917//10790 5620//10790 5647//10790
f 5917//10791 5647//10791 5916//10791
f 5598//10792 5621//10792 5648//10792
f 5598//10793 5648//10793 5620//10793
f 5621//10794 5598//10794 5622//10794
f 5621//10795 5622//10795 5651//10795
f 5622//10796 5919//10796 5920//10796
f 5622//10797 5920//10797 5652//10797
f 5599//10798 5586//10798 5602//10798
f 5599//10799 5602//10799 5623//10799
f 5600//10800 5599//10800 5623//10800
f 5600//10801 5623//10801 5624//10801
f 5602//10802 5601//10802 5625//10802
f 5602//10803 5625//10803 5626//10803
f 5604//10804 5603//10804 5629//10804
f 5604//10805 5629//10805 5630//10805
f 5603//10806 5604//10806 5628//10806
f 5603//10807 5628//10807 5627//10807
f 5604//10808 5587//10808 5605//10808
f 5604//10809 5605//10809 5628//10809
f 5587//10810 5604//10810 5630//10810
f 5587//10811 5630//10811 5606//10811
f 5631//10812 5605//10812 5588//10812
f 5631//10813 5588//10813 5607//10813
f 5589//10814 5606//10814 5632//10814
f 5589//10815 5632//10815 5608//10815
f 5609//10816 5610//10816 5634//10816
f 5609//10817 5634//10817 5633//10817
f 5592//10818 5593//10818 5610//10818
f 5592//10819 5610//10819 5609//10819
f 5638//10820 5611//10820 5635//10820
f 5638//10821 5635//10821 5666//10821
f 5625//10822 5601//10822 5611//10822
f 5625//10823 5611//10823 5638//10823
f 5612//10824 5593//10824 5594//10824
f 5612//10825 5594//10825 5615//10825
f 5613//10826 5612//10826 5615//10826
f 5613//10827 5615//10827 5614//10827
f 5616//10828 5617//10828 5594//10828
f 5616//10829 5594//10829 5595//10829
f 5616//10830 5619//10830 5618//10830
f 5616//10831 5618//10831 5617//10831
f 5916//10832 5647//10832 5673//10832
f 5916//10833 5673//10833 5915//10833
f 5620//10834 5648//10834 5675//10834
f 5620//10835 5675//10835 5647//10835
f 5648//10836 5621//10836 5649//10836
f 5648//10837 5649//10837 5676//10837
f 5621//10838 5651//10838 5679//10838
f 5621//10839 5679//10839 5649//10839
f 5651//10840 5622//10840 5652//10840
f 5651//10841 5652//10841 5681//10841
f 5652//10842 5920//10842 5921//10842
f 5652//10843 5921//10843 5682//10843
f 5623//10844 5602//10844 5626//10844
f 5623//10845 5626//10845 5653//10845
f 5624//10846 5623//10846 5653//10846
f 5624//10847 5653//10847 5654//10847
f 5627//10848 5628//10848 5658//10848
f 5627//10849 5658//10849 5657//10849
f 5628//10850 5605//10850 5631//10850
f 5628//10851 5631//10851 5658//10851
f 5630//10852 5629//10852 5659//10852
f 5630//10853 5659//10853 5660//10853
f 5606//10854 5630//10854 5660//10854
f 5606//10855 5660//10855 5632//10855
f 5661//10856 5631//10856 5607//10856
f 5661//10857 5607//10857 5633//10857
f 5608//10858 5632//10858 5663//10858
f 5608//10859 5663//10859 5635//10859
f 5610//10860 5636//10860 5664//10860
f 5610//10861 5664//10861 5634//10861
f 5612//10862 5613//10862 5637//10862
f 5612//10863 5637//10863 5636//10863
f 5593//10864 5612//10864 5636//10864
f 5593//10865 5636//10865 5610//10865
f 5639//10866 5613//10866 5614//10866
f 5639//10867 5614//10867 5642//10867
f 5643//10868 5615//10868 5594//10868
f 5643//10869 5594//10869 5617//10869
f 5643//10870 5644//10870 5614//10870
f 5643//10871 5614//10871 5615//10871
f 5643//10872 5646//10872 5645//10872
f 5643//10873 5645//10873 5644//10873
f 5643//10874 5617//10874 5618//10874
f 5643//10875 5618//10875 5646//10875
f 5914//10876 5915//10876 5673//10876
f 5914//10877 5673//10877 5674//10877
f 5647//10878 5675//10878 5701//10878
f 5647//10879 5701//10879 5673//10879
f 5675//10880 5648//10880 5676//10880
f 5675//10881 5676//10881 5703//10881
f 5650//10882 5677//10882 5676//10882
f 5650//10883 5676//10883 5649//10883
f 5680//10884 5650//10884 5649//10884
f 5680//10885 5649//10885 5679//10885
f 5651//10886 5681//10886 5707//10886
f 5651//10887 5707//10887 5679//10887
f 5681//10888 5652//10888 5682//10888
f 5681//10889 5682//10889 5709//10889
f 132//10890 133//10890 5626//10890
f 132//10891 5626//10891 5625//10891
f 5655//10892 5656//10892 5687//10892
f 5655//10893 5687//10893 5686//10893
f 5656//10894 5655//10894 5684//10894
f 5656//10895 5684//10895 5685//10895
f 5657//10896 5658//10896 5689//10896
f 5657//10897 5689//10897 5688//10897
f 5658//10898 5631//10898 5661//10898
f 5658//10899 5661//10899 5689//10899
f 5660//10900 5659//10900 5692//10900
f 5660//10901 5692//10901 5693//10901
f 5632//10902 5660//10902 5693//10902
f 5632//10903 5693//10903 5663//10903
f 5662//10904 5661//10904 5633//10904
f 5662//10905 5633//10905 5634//10905
f 5635//10906 5663//10906 5696//10906
f 5635//10907 5696//10907 5666//10907
f 5637//10908 5667//10908 5697//10908
f 5637//10909 5697//10909 5665//10909
f 5613//10910 5639//10910 5667//10910
f 5613//10911 5667//10911 5637//10911
f 139//10912 134//10912 5638//10912
f 139//10913 5638//10913 5666//10913
f 134//10914 132//10914 5625//10914
f 134//10915 5625//10915 5638//10915
f 5669//10916 5642//10916 5614//10916
f 5669//10917 5614//10917 5644//10917
f 5669//10918 5644//10918 5645//10918
f 5669//10919 5645//10919 5672//10919
f 5913//10920 5914//10920 5674//10920
f 5913//10921 5674//10921 5699//10921
f 5912//10922 5913//10922 5699//10922
f 5912//10923 5699//10923 5700//10923
f 5674//10924 5673//10924 5701//10924
f 5674//10925 5701//10925 5702//10925
f 5701//10926 5675//10926 5703//10926
f 5701//10927 5703//10927 5728//10927
f 5677//10928 5704//10928 5703//10928
f 5677//10929 5703//10929 5676//10929
f 5993//10930 5650//10930 5680//10930
f 5993//10931 5680//10931 5992//10931
f 5650//10932 5993//10932 5994//10932
f 5650//10933 5994//10933 5677//10933
f 5705//10934 5678//10934 5893//10934
f 5705//10935 5893//10935 5894//10935
f 5678//10936 5706//10936 5892//10936
f 5678//10937 5892//10937 5893//10937
f 5708//10938 5680//10938 5679//10938
f 5708//10939 5679//10939 5707//10939
f 5681//10940 5709//10940 5734//10940
f 5681//10941 5734//10941 5707//10941
f 133//10942 135//10942 5653//10942
f 133//10943 5653//10943 5626//10943
f 135//10944 136//10944 5654//10944
f 135//10945 5654//10945 5653//10945
f 5711//10946 5683//10946 6040//10946
f 5711//10947 6040//10947 6041//10947
f 5683//10948 5710//10948 6039//10948
f 5683//10949 6039//10949 6040//10949
f 5685//10950 5684//10950 5712//10950
f 5685//10951 5712//10951 5713//10951
f 5686//10952 5687//10952 5715//10952
f 5686//10953 5715//10953 5714//10953
f 5689//10954 5691//10954 5690//10954
f 5689//10955 5690//10955 5688//10955
f 5689//10956 5661//10956 5662//10956
f 5689//10957 5662//10957 5691//10957
f 5693//10958 5692//10958 5720//10958
f 5693//10959 5720//10959 5721//10959
f 5663//10960 5693//10960 5721//10960
f 5663//10961 5721//10961 5696//10961
f 5694//10962 5662//10962 5634//10962
f 5694//10963 5634//10963 5664//10963
f 5911//10964 5912//10964 5700//10964
f 5911//10965 5700//10965 5724//10965
f 5700//10966 5699//10966 5726//10966
f 5700//10967 5726//10967 5727//10967
f 5699//10968 5674//10968 5702//10968
f 5699//10969 5702//10969 5726//10969
f 5702//10970 5701//10970 5728//10970
f 5702//10971 5728//10971 5729//10971
f 5704//10972 5731//10972 5728//10972
f 5704//10973 5728//10973 5703//10973
f 5677//10974 5994//10974 5995//10974
f 5677//10975 5995//10975 5704//10975
f 5732//10976 5705//10976 5894//10976
f 5732//10977 5894//10977 5895//10977
f 5992//10978 5680//10978 5708//10978
f 5992//10979 5708//10979 5991//10979
f 5706//10980 5733//10980 5891//10980
f 5706//10981 5891//10981 5892//10981
f 5735//10982 5708//10982 5707//10982
f 5735//10983 5707//10983 5734//10983
f 6038//10984 6039//10984 5710//10984
f 6038//10985 5710//10985 5737//10985
f 5738//10986 5711//10986 6041//10986
f 5738//10987 6041//10987 6042//10987
f 5713//10988 5712//10988 5739//10988
f 5713//10989 5739//10989 5740//10989
f 5714//10990 5715//10990 5744//10990
f 5714//10991 5744//10991 5743//10991
f 5690//10992 5691//10992 5717//10992
f 5690//10993 5717//10993 5716//10993
f 5717//10994 5691//10994 5662//10994
f 5717//10995 5662//10995 5694//10995
f 5722//10996 5695//10996 5665//10996
f 5722//10997 5665//10997 5697//10997
f 5696//10998 144//10998 139//10998
f 5696//10999 139//10999 5666//10999
f 5724//11000 5700//11000 5727//11000
f 5724//11001 5727//11001 5749//11001
f 5727//11002 5726//11002 5751//11002
f 5727//11003 5751//11003 5752//11003
f 5726//11004 5702//11004 5729//11004
f 5726//11005 5729//11005 5751//11005
f 5731//11006 5730//11006 5729//11006
f 5731//11007 5729//11007 5728//11007
f 5704//11008 5995//11008 5996//11008
f 5704//11009 5996//11009 5731//11009
f 5755//11010 5732//11010 5895//11010
f 5755//11011 5895//11011 5896//11011
f 5991//11012 5708//11012 5735//11012
f 5991//11013 5735//11013 5990//11013
f 5733//11014 5758//11014 5890//11014
f 5733//11015 5890//11015 5891//11015
f 5761//11016 5736//11016 5759//11016
f 5761//11017 5759//11017 5781//11017
f 5759//11018 5736//11018 5760//11018
f 5759//11019 5760//11019 5780//11019
f 6037//11020 6038//11020 5737//11020
f 6037//11021 5737//11021 5762//11021
f 5764//11022 5738//11022 6042//11022
f 5764//11023 6042//11023 6043//11023
f 5742//11024 5740//11024 5739//11024
f 5742//11025 5739//11025 5741//11025
f 5743//11026 5744//11026 5770//11026
f 5743//11027 5770//11027 5769//11027
f 5925//11028 5926//11028 5719//11028
f 5925//11029 5719//11029 5746//11029
f 5746//11030 5719//11030 5695//11030
f 5746//11031 5695//11031 5722//11031
f 147//11032 148//11032 5721//11032
f 147//11033 5721//11033 5720//11033
f 148//11034 144//11034 5696//11034
f 148//11035 5696//11035 5721//11035
f 5749//11036 5727//11036 5752//11036
f 5749//11037 5752//11037 5771//11037
f 5754//11038 5753//11038 5752//11038
f 5754//11039 5752//11039 5751//11039
f 5730//11040 5754//11040 5751//11040
f 5730//11041 5751//11041 5729//11041
f 5996//11042 5997//11042 5730//11042
f 5996//11043 5730//11043 5731//11043
f 5756//11044 5755//11044 5896//11044
f 5756//11045 5896//11045 5897//11045
f 5779//11046 5757//11046 5893//11046
f 5779//11047 5893//11047 5892//11047
f 5757//11048 5777//11048 5894//11048
f 5757//11049 5894//11049 5893//11049
f 5777//11050 5757//11050 5778//11050
f 5777//11051 5778//11051 5793//11051
f 5778//11052 5757//11052 5779//11052
f 5778//11053 5779//11053 5795//11053
f 5781//11054 5759//11054 5528//11054
f 5781//11055 5528//11055 5523//11055
f 5527//11056 5528//11056 5759//11056
f 5527//11057 5759//11057 5780//11057
f 5780//11058 5760//11058 5782//11058
f 5780//11059 5782//11059 5797//11059
f 5783//11060 5761//11060 5781//11060
f 5783//11061 5781//11061 5798//11061
f 5762//11062 5763//11062 6036//11062
f 5762//11063 6036//11063 6037//11063
f 5785//11064 5764//11064 6043//11064
f 5785//11064 6043//11064 6044//11064
f 5766//11065 5742//11065 5741//11065
f 5766//11066 5741//11066 5765//11066
f 5753//11067 5774//11067 5771//11067
f 5753//11068 5771//11068 5752//11068
f 5997//11069 5998//11069 5754//11069
f 5997//11070 5754//11070 5730//11070
f 5998//11071 5999//11071 5753//11071
f 5998//11072 5753//11072 5754//11072
f 5776//11073 5775//11073 5898//11073
f 5776//11074 5898//11074 5899//11074
f 5775//11075 5756//11075 5897//11075
f 5775//11076 5897//11076 5898//11076
f 5777//11077 5792//11077 5895//11077
f 5777//11078 5895//11078 5894//11078
f 5792//11079 5777//11079 5793//11079
f 5792//11080 5793//11080 5805//11080
f 5793//11081 5778//11081 5794//11081
f 5793//11082 5794//11082 5806//11082
f 5794//11083 5778//11083 5795//11083
f 5794//11084 5795//11084 5808//11084
f 5796//11085 5779//11085 5892//11085
f 5796//11086 5892//11086 5891//11086
f 5795//11087 5779//11087 5796//11087
f 5795//11088 5796//11088 5809//11088
f 5527//11089 5780//11089 5797//11089
f 5527//11090 5797//11090 5534//11090
f 5798//11091 5781//11091 5523//11091
f 5798//11092 5523//11092 5524//11092
f 5797//11093 5782//11093 5799//11093
f 5797//11094 5799//11094 5811//11094
f 5801//11095 5783//11095 5798//11095
f 5801//11096 5798//11096 5813//11096
f 6035//11097 6036//11097 5763//11097
f 6035//11098 5763//11098 5784//11098
f 5787//11099 5768//11099 5767//11099
f 5787//11100 5767//11100 5786//11100
f 152//11101 153//11101 5769//11101
f 152//11102 5769//11102 5770//11102
f 5999//11103 6000//11103 5774//11103
f 5999//11104 5774//11104 5753//11104
f 5790//11105 5776//11105 5899//11105
f 5790//11106 5899//11106 5900//11106
f 5792//11107 5803//11107 5896//11107
f 5792//11108 5896//11108 5895//11108
f 5803//11109 5792//11109 5805//11109
f 5803//11110 5805//11110 5821//11110
f 5805//11111 5793//11111 5806//11111
f 5805//11112 5806//11112 5823//11112
f 5806//11113 5794//11113 5807//11113
f 5806//11114 5807//11114 5824//11114
f 5807//11115 5794//11115 5808//11115
f 5807//11116 5808//11116 5826//11116
f 5808//11117 5795//11117 5809//11117
f 5808//11118 5809//11118 5827//11118
f 5810//11119 5796//11119 5891//11119
f 5810//11120 5891//11120 5890//11120
f 5809//11121 5796//11121 5810//11121
f 5809//11122 5810//11122 5828//11122
f 5533//11123 5534//11123 5797//11123
f 5533//11124 5797//11124 5811//11124
f 5813//11125 5798//11125 5524//11125
f 5813//11126 5524//11126 5525//11126
f 5799//11127 5800//11127 5812//11127
f 5799//11128 5812//11128 5811//11128
f 5816//11129 5801//11129 5813//11129
f 5816//11130 5813//11130 5830//11130
f 6033//11131 6034//11131 5768//11131
f 6033//11132 5768//11132 5787//11132
f 6044//11133 2082//11133 155//11133
f 6044//11134 155//11134 5785//11134
f 5803//11135 5804//11135 5897//11135
f 5803//11136 5897//11136 5896//11136
f 5804//11137 5803//11137 5821//11137
f 5804//11138 5821//11138 5822//11138
f 5821//11139 5805//11139 5823//11139
f 5821//11140 5823//11140 5837//11140
f 5823//11141 5806//11141 5824//11141
f 5823//11142 5824//11142 5839//11142
f 5824//11143 5807//11143 5825//11143
f 5824//11144 5825//11144 5840//11144
f 5825//11145 5807//11145 5826//11145
f 5825//11146 5826//11146 5841//11146
f 5826//11147 5808//11147 5827//11147
f 5826//11148 5827//11148 5842//11148
f 5827//11149 5809//11149 5828//11149
f 5827//11150 5828//11150 5843//11150
f 5903//11151 5810//11151 5890//11151
f 5903//11152 5890//11152 5902//11152
f 5828//11153 5810//11153 5903//11153
f 5828//11154 5903//11154 5904//11154
f 5811//11155 5812//11155 5532//11155
f 5811//11156 5532//11156 5533//11156
f 5830//11157 5813//11157 5525//11157
f 5830//11158 5525//11158 5526//11158
f 5800//11159 5814//11159 5829//11159
f 5800//11160 5829//11160 5812//11160
f 5804//11161 5819//11161 5898//11161
f 5804//11162 5898//11162 5897//11162
f 5819//11163 5820//11163 5899//11163
f 5819//11164 5899//11164 5898//11164
f 5820//11165 5819//11165 5835//11165
f 5820//11166 5835//11166 5836//11166
f 5819//11167 5804//11167 5822//11167
f 5819//11168 5822//11168 5835//11168
f 5822//11169 5821//11169 5837//11169
f 5822//11170 5837//11170 5838//11170
f 5837//11171 5823//11171 5839//11171
f 5837//11172 5839//11172 5848//11172
f 5839//11173 5824//11173 5840//11173
f 5839//11174 5840//11174 5850//11174
f 5840//11175 5825//11175 5852//11175
f 5840//11176 5852//11176 5851//11176
f 5825//11177 5841//11177 5862//11177
f 5825//11178 5862//11178 5852//11178
f 5841//11179 5826//11179 5842//11179
f 5841//11180 5842//11180 5853//11180
f 5842//11181 5827//11181 5843//11181
f 5842//11182 5843//11182 5854//11182
f 5843//11183 5828//11183 5904//11183
f 5843//11184 5904//11184 5905//11184
f 5831//11185 5815//11185 5802//11185
f 5831//11186 5802//11186 5817//11186
f 5820//11187 5833//11187 5900//11187
f 5820//11188 5900//11188 5899//11188
f 5833//11189 5820//11189 5836//11189
f 5833//11190 5836//11190 5844//11190
f 5836//11191 5835//11191 5846//11191
f 5836//11192 5846//11192 5847//11192
f 5835//11193 5822//11193 5838//11193
f 5835//11194 5838//11194 5846//11194
f 5838//11195 5837//11195 5848//11195
f 5838//11196 5848//11196 5849//11196
f 5848//11197 5839//11197 5850//11197
f 5848//11198 5850//11198 5859//11198
f 5850//11199 5840//11199 5851//11199
f 5850//11200 5851//11200 5861//11200
f 5841//11201 5853//11201 5871//11201
f 5841//11202 5871//11202 5862//11202
f 5853//11203 5842//11203 5854//11203
f 5853//11204 5854//11204 5863//11204
f 5854//11205 5843//11205 5905//11205
f 5854//11206 5905//11206 5906//11206
f 172//11207 5830//11207 5526//11207
f 172//11208 5526//11208 1//11208
f 5844//11209 5836//11209 5847//11209
f 5844//11210 5847//11210 5855//11210
f 5847//11211 5846//11211 5857//11211
f 5847//11212 5857//11212 5858//11212
f 5846//11213 5838//11213 5849//11213
f 5846//11214 5849//11214 5857//11214
f 5849//11215 5848//11215 5859//11215
f 5849//11216 5859//11216 5860//11216
f 5859//11217 5850//11217 5861//11217
f 5859//11218 5861//11218 5868//11218
f 5969//11219 5851//11219 5852//11219
f 5969//11220 5852//11220 5970//11220
f 5853//11221 5863//11221 5878//11221
f 5853//11222 5878//11222 5871//11222
f 5863//11223 5854//11223 5906//11223
f 5863//11224 5906//11224 5907//11224
f 5855//11225 5847//11225 5858//11225
f 5855//11226 5858//11226 5864//11226
f 5858//11227 5857//11227 5866//11227
f 5858//11228 5866//11228 5867//11228
f 5857//11229 5849//11229 5860//11229
f 5857//11230 5860//11230 5866//11230
f 5860//11231 5859//11231 5868//11231
f 5860//11232 5868//11232 5875//11232
f 5968//11233 5861//11233 5851//11233
f 5968//11234 5851//11234 5969//11234
f 5956//11235 5979//11235 5980//11235
f 5956//11236 5980//11236 5955//11236
f 5869//11237 5870//11237 6008//11237
f 5869//11238 6008//11238 6007//11238
f 5970//11239 5852//11239 5862//11239
f 5970//11240 5862//11240 5971//11240
f 5863//11241 5907//11241 5908//11241
f 5863//11242 5908//11242 5878//11242
f 5864//11243 5858//11243 5867//11243
f 5864//11244 5867//11244 5872//11244
f 5867//11245 5866//11245 5874//11245
f 5867//11246 5874//11246 5880//11246
f 5866//11247 5860//11247 5875//11247
f 5866//11248 5875//11248 5874//11248
f 5967//11249 5868//11249 5861//11249
f 5967//11250 5861//11250 5968//11250
f 5955//11251 5980//11251 5981//11251
f 5955//11252 5981//11252 5954//11252
f 5870//11253 5876//11253 6009//11253
f 5870//11254 6009//11254 6008//11254
f 5937//11255 5870//11255 5869//11255
f 5937//11256 5869//11256 5936//11256
f 5957//11257 5978//11257 5979//11257
f 5957//11258 5979//11258 5956//11258
f 5877//11259 5869//11259 6007//11259
f 5877//11260 6007//11260 6006//11260
f 5971//11261 5862//11261 5871//11261
f 5971//11262 5871//11262 5972//11262
f 5872//11263 5867//11263 5880//11263
f 5872//11264 5880//11264 5879//11264
f 5874//11265 5875//11265 5966//11265
f 5874//11266 5966//11266 5965//11266
f 5875//11267 5868//11267 5967//11267
f 5875//11268 5967//11268 5966//11268
f 5954//11269 5981//11269 5982//11269
f 5954//11270 5982//11270 5953//11270
f 5876//11271 5881//11271 6010//11271
f 5876//11272 6010//11272 6009//11272
f 5938//11273 5876//11273 5870//11273
f 5938//11274 5870//11274 5937//11274
f 5937//11275 5936//11275 5515//11275
f 5937//11276 5515//11276 5517//11276
f 5936//11277 5869//11277 5877//11277
f 5936//11278 5877//11278 5935//11278
f 5958//11279 5977//11279 5978//11279
f 5958//11280 5978//11280 5957//11280
f 5882//11281 5877//11281 6006//11281
f 5882//11282 6006//11282 6005//11282
f 5972//11283 5871//11283 5878//11283
f 5972//11284 5878//11284 5973//11284
f 5879//11285 5880//11285 5964//11285
f 5879//11286 5964//11286 5963//11286
f 5880//11287 5874//11287 5965//11287
f 5880//11288 5965//11288 5964//11288
f 5982//11289 5983//11289 5952//11289
f 5982//11290 5952//11290 5953//11290
f 5983//11291 5984//11291 5951//11291
f 5983//11292 5951//11292 5952//11292
f 5884//11293 5885//11293 6012//11293
f 5884//11294 6012//11294 6011//11294
f 5881//11295 5884//11295 6011//11295
f 5881//11296 6011//11296 6010//11296
f 5939//11297 5881//11297 5876//11297
f 5939//11298 5876//11298 5938//11298
f 5938//11299 5937//11299 5517//11299
f 5938//11300 5517//11300 5516//11300
f 5935//11301 5877//11301 5882//11301
f 5935//11302 5882//11302 5934//11302
f 5959//11303 5976//11303 5977//11303
f 5959//11304 5977//11304 5958//11304
f 5886//11305 5882//11305 6005//11305
f 5886//11306 6005//11306 6004//11306
f 5973//11307 5878//11307 5908//11307
f 5973//11308 5908//11308 5974//11308
f 5984//11309 5985//11309 5950//11309
f 5984//11310 5950//11310 5951//11310
f 5985//11311 5986//11311 5949//11311
f 5985//11312 5949//11312 5950//11312
f 5887//11313 5888//11313 6014//11313
f 5887//11314 6014//11314 6013//11314
f 5885//11315 5887//11315 6013//11315
f 5885//11316 6013//11316 6012//11316
f 5885//11317 5884//11317 5940//11317
f 5885//11318 5940//11318 5941//11318
f 5884//11319 5881//11319 5939//11319
f 5884//11320 5939//11320 5940//11320
f 5939//11321 5938//11321 5516//11321
f 5939//11322 5516//11322 5518//11322
f 5935//11323 5934//11323 5519//11323
f 5935//11324 5519//11324 5946//11324
f 5934//11325 5882//11325 5886//11325
f 5934//11326 5886//11326 5933//11326
f 5960//11327 5975//11327 5976//11327
f 5960//11328 5976//11328 5959//11328
f 5909//11329 5886//11329 6004//11329
f 5909//11330 6004//11330 6003//11330
f 5888//11331 5887//11331 5942//11331
f 5888//11332 5942//11332 5943//11332
f 5887//11333 5885//11333 5941//11333
f 5887//11334 5941//11334 5942//11334
f 5518//11335 5520//11335 5940//11335
f 5518//11336 5940//11336 5939//11336
f 5934//11337 5933//11337 5521//11337
f 5934//11338 5521//11338 5519//11338
f 5933//11339 5886//11339 5909//11339
f 5933//11340 5909//11340 5932//11340
f 5933//11341 5932//11341 5529//11341
f 5933//11342 5529//11342 5521//11342
f 5815//11343 5831//11343 5530//11343
f 5815//11344 5530//11344 5514//11344
f 5816//11345 5830//11345 172//11345
f 5816//11346 172//11346 354//11346
f 5784//11347 5763//11347 5742//11347
f 5784//11348 5742//11348 5766//11348
f 5763//11349 5762//11349 5740//11349
f 5763//11350 5740//11350 5742//11350
f 5713//11351 5740//11351 5762//11351
f 5713//11352 5762//11352 5737//11352
f 5685//11353 5713//11353 5737//11353
f 5685//11354 5737//11354 5710//11354
f 5656//11355 5685//11355 5710//11355
f 5656//11356 5710//11356 5683//11356
f 5656//11357 5683//11357 5711//11357
f 5656//11358 5711//11358 5687//11358
f 5687//11359 5711//11359 5738//11359
f 5687//11360 5738//11360 5715//11360
f 5715//11361 5738//11361 5764//11361
f 5715//11362 5764//11362 5744//11362
f 5744//11363 5764//11363 5785//11363
f 5744//11364 5785//11364 5770//11364
f 155//11365 152//11365 5770//11365
f 155//11366 5770//11366 5785//11366
f 5786//11367 5767//11367 5718//11367
f 5786//11368 5718//11368 5745//11368
f 5765//11369 5741//11369 5690//11369
f 5765//11370 5690//11370 5716//11370
f 5741//11371 5739//11371 5688//11371
f 5741//11372 5688//11372 5690//11372
f 5657//11373 5688//11373 5739//11373
f 5657//11374 5739//11374 5712//11374
f 5627//11375 5657//11375 5712//11375
f 5627//11376 5712//11376 5684//11376
f 5603//11377 5627//11377 5684//11377
f 5603//11378 5684//11378 5655//11378
f 5603//11379 5655//11379 5686//11379
f 5603//11380 5686//11380 5629//11380
f 5629//11381 5686//11381 5714//11381
f 5629//11382 5714//11382 5659//11382
f 5659//11383 5714//11383 5743//11383
f 5659//11384 5743//11384 5692//11384
f 5692//11385 5743//11385 5769//11385
f 5692//11386 5769//11386 5720//11386
f 153//11387 147//11387 5720//11387
f 153//11388 5720//11388 5769//11388
f 459//11389 174//11389 5903//11389
f 459//11390 5903//11390 5902//11390
f 174//11391 178//11391 5904//11391
f 174//11392 5904//11392 5903//11392
f 178//11393 186//11393 5905//11393
f 178//11394 5905//11394 5904//11394
f 186//11395 194//11395 5906//11395
f 186//11396 5906//11396 5905//11396
f 194//11397 202//11397 5907//11397
f 194//11398 5907//11398 5906//11398
f 447//11399 886//11399 5932//11399
f 447//11400 5932//11400 5909//11400
f 886//11401 11//11401 5529//11401
f 886//11402 5529//11402 5932//11402
f 5812//11403 5829//11403 5535//11403
f 5812//11404 5535//11404 5532//11404
f 5672//11405 5645//11405 5912//11405
f 5672//11406 5912//11406 5911//11406
f 5645//11407 5646//11407 5913//11407
f 5645//11408 5913//11408 5912//11408
f 5646//11409 5618//11409 5914//11409
f 5646//11410 5914//11410 5913//11410
f 5618//11411 5619//11411 5915//11411
f 5618//11412 5915//11412 5914//11412
f 5916//11413 5915//11413 5619//11413
f 5916//11414 5619//11414 5597//11414
f 5917//11415 5916//11415 5597//11415
f 5917//11416 5597//11416 5582//11416
f 5918//11417 5917//11417 5582//11417
f 5918//11418 5582//11418 5573//11418
f 5918//11419 5573//11419 5584//11419
f 5918//11420 5584//11420 5919//11420
f 5919//11421 5584//11421 5600//11421
f 5919//11422 5600//11422 5920//11422
f 5920//11423 5600//11423 5624//11423
f 5920//11424 5624//11424 5921//11424
f 5921//11425 5624//11425 5654//11425
f 5921//11426 5654//11426 5922//11426
f 5922//11427 5654//11427 136//11427
f 5922//11428 136//11428 501//11428
f 5718//11429 5926//11429 5925//11429
f 5718//11430 5925//11430 5745//11430
f 5636//11431 5637//11431 5665//11431
f 5636//11432 5665//11432 5664//11432
f 5694//11433 5664//11433 5665//11433
f 5694//11434 5665//11434 5695//11434
f 5695//11435 5719//11435 5717//11435
f 5695//11436 5717//11436 5694//11436
f 5719//11437 5926//11437 5716//11437
f 5719//11438 5716//11438 5717//11438
f 5926//11439 5718//11439 5765//11439
f 5926//11440 5765//11440 5716//11440
f 5718//11441 5767//11441 5766//11441
f 5718//11442 5766//11442 5765//11442
f 5767//11443 5768//11443 5784//11443
f 5767//11444 5784//11444 5766//11444
f 6034//11445 6035//11445 5784//11445
f 6034//11446 5784//11446 5768//11446
f 5814//11447 5802//11447 5815//11447
f 5814//11448 5815//11448 5829//11448
f 5829//11449 5815//11449 5514//11449
f 5829//11450 5514//11450 5535//11450
f 5537//11451 5538//11451 5943//11451
f 5537//11452 5943//11452 5942//11452
f 5539//11453 5537//11453 5942//11453
f 5539//11454 5942//11454 5941//11454
f 5520//11455 5539//11455 5941//11455
f 5520//11456 5941//11456 5940//11456
f 5640//11457 5639//11457 5642//11457
f 5640//11458 5642//11458 5641//11458
f 5667//11459 5668//11459 5698//11459
f 5667//11460 5698//11460 5697//11460
f 5667//11461 5639//11461 5640//11461
f 5667//11462 5640//11462 5668//11462
f 5557//11463 5556//11463 5640//11463
f 5557//11464 5640//11464 5641//11464
f 5669//11465 5670//11465 5641//11465
f 5669//11466 5641//11466 5642//11466
f 5669//11467 5672//11467 5671//11467
f 5669//11468 5671//11468 5670//11468
f 5668//11469 5559//11469 5560//11469
f 5668//11470 5560//11470 5698//11470
f 5640//11471 5556//11471 5559//11471
f 5640//11472 5559//11472 5668//11472
f 5558//11473 5557//11473 5641//11473
f 5558//11474 5641//11474 5670//11474
f 5558//11475 5670//11475 5671//11475
f 5558//11476 5671//11476 5553//11476
f 5910//11477 5911//11477 5724//11477
f 5910//11478 5724//11478 5725//11478
f 5723//11479 5722//11479 5697//11479
f 5723//11480 5697//11480 5698//11480
f 5563//11481 5552//11481 5910//11481
f 5563//11482 5910//11482 5725//11482
f 5725//11483 5724//11483 5749//11483
f 5725//11484 5749//11484 5750//11484
f 5746//11485 5748//11485 5924//11485
f 5746//11486 5924//11486 5925//11486
f 5746//11487 5722//11487 5723//11487
f 5746//11488 5723//11488 5748//11488
f 5560//11489 5548//11489 5723//11489
f 5560//11490 5723//11490 5698//11490
f 5549//11491 5563//11491 5725//11491
f 5549//11492 5725//11492 5750//11492
f 5750//11493 5749//11493 5771//11493
f 5750//11494 5771//11494 5772//11494
f 5923//11495 5924//11495 5748//11495
f 5923//11496 5748//11496 5546//11496
f 5546//11497 5748//11497 5723//11497
f 5546//11498 5723//11498 5548//11498
f 5549//11499 5750//11499 5772//11499
f 5549//11500 5772//11500 5562//11500
f 5774//11501 5773//11501 5772//11501
f 5774//11502 5772//11502 5771//11502
f 5789//11503 5787//11503 5786//11503
f 5789//11504 5786//11504 5788//11504
f 5773//11505 5564//11505 5562//11505
f 5773//11506 5562//11506 5772//11506
f 6000//11507 6001//11507 5773//11507
f 6000//11508 5773//11508 5774//11508
f 5791//11509 5790//11509 5900//11509
f 5791//11510 5900//11510 5901//11510
f 6032//11511 6033//11511 5787//11511
f 6032//11512 5787//11512 5789//11512
f 5545//11513 5789//11513 5788//11513
f 5545//11514 5788//11514 5554//11514
f 6001//11515 6002//11515 5564//11515
f 6001//11516 5564//11516 5773//11516
f 5566//11517 5565//11517 5791//11517
f 5566//11518 5791//11518 5901//11518
f 5545//11519 6031//11519 6032//11519
f 5545//11520 6032//11520 5789//11520
f 5832//11521 5831//11521 5817//11521
f 5832//11522 5817//11522 5818//11522
f 5900//11523 5833//11523 5834//11523
f 5900//11524 5834//11524 5901//11524
f 5834//11525 5833//11525 5844//11525
f 5834//11526 5844//11526 5845//11526
f 5547//11527 5832//11527 5818//11527
f 5547//11528 5818//11528 5561//11528
f 5834//11529 5550//11529 5566//11529
f 5834//11530 5566//11530 5901//11530
f 5544//11531 5550//11531 5834//11531
f 5544//11532 5834//11532 5845//11532
f 5845//11533 5844//11533 5855//11533
f 5845//11534 5855//11534 5856//11534
f 5541//11535 5544//11535 5845//11535
f 5541//11536 5845//11536 5856//11536
f 5856//11537 5855//11537 5864//11537
f 5856//11538 5864//11538 5865//11538
f 5543//11539 5541//11539 5856//11539
f 5543//11540 5856//11540 5865//11540
f 5865//11541 5864//11541 5872//11541
f 5865//11542 5872//11542 5873//11542
f 5540//11543 5543//11543 5865//11543
f 5540//11544 5865//11544 5873//11544
f 5873//11545 5872//11545 5879//11545
f 5873//11546 5879//11546 5883//11546
f 5542//11547 5540//11547 5873//11547
f 5542//11548 5873//11548 5883//11548
f 5542//11549 5883//11549 5962//11549
f 5542//11550 5962//11550 5961//11550
f 5883//11551 5879//11551 5963//11551
f 5883//11552 5963//11552 5962//11552
f 5986//11553 5987//11553 5948//11553
f 5986//11554 5948//11554 5949//11554
f 5987//11555 5988//11555 5947//11555
f 5987//11556 5947//11556 5948//11556
f 5888//11557 5889//11557 6015//11557
f 5888//11558 6015//11558 6014//11558
f 5889//11559 5888//11559 5943//11559
f 5889//11560 5943//11560 5944//11560
f 5832//11561 5547//11561 5536//11561
f 5832//11562 5536//11562 5531//11562
f 5831//11563 5832//11563 5531//11563
f 5831//11564 5531//11564 5530//11564
f 5554//11565 5788//11565 5747//11565
f 5554//11566 5747//11566 5555//11566
f 5788//11567 5786//11567 5745//11567
f 5788//11568 5745//11568 5747//11568
f 5944//11569 5945//11569 5551//11569
f 5944//11570 5551//11570 5889//11570
f 5889//11571 5551//11571 6016//11571
f 5889//11572 6016//11572 6015//11572
f 5522//11573 5513//11573 5945//11573
f 5522//11574 5945//11574 5944//11574
f 5910//11575 5552//11575 5553//11575
f 5910//11576 5553//11576 5671//11576
f 5671//11577 5672//11577 5911//11577
f 5671//11578 5911//11578 5910//11578
f 5747//11579 5924//11579 5923//11579
f 5747//11580 5923//11580 5555//11580
f 5925//11581 5924//11581 5747//11581
f 5925//11582 5747//11582 5745//11582
f 5538//11583 5522//11583 5944//11583
f 5538//11584 5944//11584 5943//11584
f 5682//11585 5921//11585 5922//11585
f 5682//11586 5922//11586 5927//11586
f 520//11587 141//11587 5928//11587
f 520//11588 5928//11588 5927//11588
f 5682//11589 5927//11589 5928//11589
f 5682//11590 5928//11590 5709//11590
f 5902//11591 5890//11591 5758//11591
f 5902//11592 5758//11592 5931//11592
f 163//11593 5929//11593 5930//11593
f 163//11594 5930//11594 159//11594
f 5709//11595 5928//11595 5930//11595
f 5709//11596 5930//11596 5734//11596
f 5990//11597 5735//11597 5929//11597
f 5990//11598 5929//11598 5989//11598
f 5929//11599 5735//11599 5734//11599
f 5929//11600 5734//11600 5930//11600
f 141//11601 159//11601 5930//11601
f 141//11602 5930//11602 5928//11602
f 163//11603 1471//11603 5989//11603
f 163//11604 5989//11604 5929//11604
f 742//11605 459//11605 5902//11605
f 742//11606 5902//11606 5931//11606
f 5515//11607 5936//11607 5935//11607
f 5515//11608 5935//11608 5946//11608
f 447//11609 5909//11609 6003//11609
f 447//11610 6003//11610 1436//11610
f 5975//11611 5960//11611 1506//11611
f 5975//11612 1506//11612 450//11612
f 5974//11613 5908//11613 1504//11613
f 5974//11614 1504//11614 1505//11614
f 202//11615 1504//11615 5908//11615
f 202//11616 5908//11616 5907//11616
f 5922//11617 501//11617 520//11617
f 5922//11618 520//11618 5927//11618
f 5948//11619 5947//11619 5961//11619
f 5948//11620 5961//11620 5962//11620
f 5949//11621 5948//11621 5962//11621
f 5949//11622 5962//11622 5963//11622
f 5950//11623 5949//11623 5963//11623
f 5950//11624 5963//11624 5964//11624
f 5951//11625 5950//11625 5964//11625
f 5951//11626 5964//11626 5965//11626
f 5952//11627 5951//11627 5965//11627
f 5952//11628 5965//11628 5966//11628
f 5953//11629 5952//11629 5966//11629
f 5953//11630 5966//11630 5967//11630
f 5954//11631 5953//11631 5967//11631
f 5954//11632 5967//11632 5968//11632
f 5955//11633 5954//11633 5968//11633
f 5955//11634 5968//11634 5969//11634
f 5956//11635 5955//11635 5969//11635
f 5956//11636 5969//11636 5970//11636
f 5957//11637 5956//11637 5970//11637
f 5957//11638 5970//11638 5971//11638
f 5958//11639 5957//11639 5971//11639
f 5958//11640 5971//11640 5972//11640
f 5959//11641 5958//11641 5972//11641
f 5959//11642 5972//11642 5973//11642
f 5960//11643 5959//11643 5973//11643
f 5960//11644 5973//11644 5974//11644
f 5960//11645 5974//11645 1505//11645
f 5960//11646 1505//11646 1506//11646
f 6003//11647 5975//11647 450//11647
f 6003//11648 450//11648 1436//11648
f 5976//11649 5975//11649 6003//11649
f 5976//11650 6003//11650 6004//11650
f 5977//11651 5976//11651 6004//11651
f 5977//11652 6004//11652 6005//11652
f 5978//11653 5977//11653 6005//11653
f 5978//11654 6005//11654 6006//11654
f 5979//11655 5978//11655 6006//11655
f 5979//11656 6006//11656 6007//11656
f 5980//11657 5979//11657 6007//11657
f 5980//11658 6007//11658 6008//11658
f 5981//11659 5980//11659 6008//11659
f 5981//11660 6008//11660 6009//11660
f 5982//11661 5981//11661 6009//11661
f 5982//11662 6009//11662 6010//11662
f 5983//11663 5982//11663 6010//11663
f 5983//11664 6010//11664 6011//11664
f 5984//11665 5983//11665 6011//11665
f 5984//11666 6011//11666 6012//11666
f 5985//11667 5984//11667 6012//11667
f 5985//11668 6012//11668 6013//11668
f 5986//11669 5985//11669 6013//11669
f 5986//11670 6013//11670 6014//11670
f 5987//11671 5986//11671 6014//11671
f 5987//11672 6014//11672 6015//11672
f 5988//11673 5987//11673 6015//11673
f 5988//11674 6015//11674 6016//11674
f 1471//11675 742//11675 5931//11675
f 1471//11676 5931//11676 5989//11676
f 5990//11677 5989//11677 5931//11677
f 5990//11678 5931//11678 5758//11678
f 5991//11679 5990//11679 5758//11679
f 5991//11680 5758//11680 5733//11680
f 5992//11681 5991//11681 5733//11681
f 5992//11682 5733//11682 5706//11682
f 5993//11683 5992//11683 5706//11683
f 5993//11684 5706//11684 5678//11684
f 5993//11685 5678//11685 5705//11685
f 5993//11686 5705//11686 5994//11686
f 5994//11687 5705//11687 5732//11687
f 5994//11688 5732//11688 5995//11688
f 5995//11689 5732//11689 5755//11689
f 5995//11690 5755//11690 5996//11690
f 5755//11691 5756//11691 5997//11691
f 5755//11692 5997//11692 5996//11692
f 5775//11693 5998//11693 5997//11693
f 5775//11694 5997//11694 5756//11694
f 5775//11695 5776//11695 5999//11695
f 5775//11696 5999//11696 5998//11696
f 5790//11697 6000//11697 5999//11697
f 5790//11698 5999//11698 5776//11698
f 5790//11699 5791//11699 6001//11699
f 5790//11700 6001//11700 6000//11700
f 5565//11701 6002//11701 6001//11701
f 5565//11702 6001//11702 5791//11702
f 5561//11703 5818//11703 6018//11703
f 5561//11704 6018//11704 6017//11704
f 5818//11705 5817//11705 6019//11705
f 5818//11706 6019//11706 6018//11706
f 5817//11707 5802//11707 6020//11707
f 5817//11708 6020//11708 6019//11708
f 6021//11709 6020//11709 5802//11709
f 6021//11710 5802//11710 5814//11710
f 5814//11711 5800//11711 6022//11711
f 5814//11712 6022//11712 6021//11712
f 5800//11713 5799//11713 6023//11713
f 5800//11714 6023//11714 6022//11714
f 6024//11715 6023//11715 5799//11715
f 6024//11716 5799//11716 5782//11716
f 6025//11717 6024//11717 5782//11717
f 6025//11718 5782//11718 5760//11718
f 6026//11719 6025//11719 5760//11719
f 6026//11720 5760//11720 5736//11720
f 6027//11721 6026//11721 5736//11721
f 6027//11722 5736//11722 5761//11722
f 6028//11723 6027//11723 5761//11723
f 6028//11724 5761//11724 5783//11724
f 6029//11725 6028//11725 5783//11725
f 6029//11726 5783//11726 5801//11726
f 6030//11727 6029//11727 5801//11727
f 6030//11728 5801//11728 5816//11728
f 354//11729 2070//11729 6030//11729
f 354//11730 6030//11730 5816//11730
f 6018//11731 6032//11731 6031//11731
f 6018//11732 6031//11732 6017//11732
f 6019//11733 6033//11733 6032//11733
f 6019//11734 6032//11734 6018//11734
f 6034//11735 6033//11735 6019//11735
f 6034//11736 6019//11736 6020//11736
f 6021//11737 6035//11737 6034//11737
f 6021//11738 6034//11738 6020//11738
f 6022//11739 6036//11739 6035//11739
f 6022//11740 6035//11740 6021//11740
f 6023//11741 6037//11741 6036//11741
f 6023//11742 6036//11742 6022//11742
f 6024//11743 6038//11743 6037//11743
f 6024//11744 6037//11744 6023//11744
f 6025//11745 6039//11745 6038//11745
f 6025//11746 6038//11746 6024//11746
f 6026//11747 6040//11747 6039//11747
f 6026//11748 6039//11748 6025//11748
f 6041//11749 6040//11749 6026//11749
f 6041//11750 6026//11750 6027//11750
f 6042//11751 6041//11751 6027//11751
f 6042//11752 6027//11752 6028//11752
f 6043//11753 6042//11753 6028//11753
f 6043//11754 6028//11754 6029//11754
f 6044//11755 6043//11755 6029//11755
f 6044//11756 6029//11756 6030//11756
f 2082//11757 6044//11757 6030//11757
f 2082//11758 6030//11758 2070//11758
f 6073//11759 6080//11759 6079//11759
f 6073//11760 6079//11760 6072//11760
f 6075//11761 6076//11761 6073//11761
f 6075//11762 6073//11762 6072//11762
f 6083//11763 6094//11763 6081//11763
f 6083//11764 6081//11764 6074//11764
f 6081//11765 6093//11765 6082//11765
f 6081//11766 6082//11766 6074//11766
f 6072//11767 6074//11767 6082//11767
f 6072//11768 6082//11768 6075//11768
f 6079//11769 6083//11769 6074//11769
f 6079//11770 6074//11770 6072//11770
f 6084//11771 6085//11771 6076//11771
f 6084//11772 6076//11772 6075//11772
f 6077//11773 6088//11773 6080//11773
f 6077//11774 6080//11774 6073//11774
f 6073//11775 6076//11775 6086//11775
f 6073//11776 6086//11776 6077//11776
f 6077//11777 6086//11777 6087//11777
f 6077//11778 6087//11778 6078//11778
f 6078//11779 6089//11779 6088//11779
f 6078//11780 6088//11780 6077//11780
f 6080//11781 6091//11781 6090//11781
f 6080//11782 6090//11782 6079//11782
f 6093//11783 6112//11783 6095//11783
f 6093//11784 6095//11784 6082//11784
f 6075//11785 6082//11785 6095//11785
f 6075//11786 6095//11786 6084//11786
f 6096//11787 6113//11787 6094//11787
f 6096//11788 6094//11788 6083//11788
f 6090//11789 6096//11789 6083//11789
f 6090//11790 6083//11790 6079//11790
f 6097//11791 6100//11791 6085//11791
f 6097//11792 6085//11792 6084//11792
f 6076//11793 6085//11793 6101//11793
f 6076//11794 6101//11794 6086//11794
f 6086//11795 6101//11795 6102//11795
f 6086//11796 6102//11796 6087//11796
f 6103//11797 6127//11797 6424//11797
f 6103//11798 6424//11798 6423//11798
f 6423//11799 6422//11799 6125//11799
f 6423//11800 6125//11800 6103//11800
f 6088//11801 6104//11801 6091//11801
f 6088//11802 6091//11802 6080//11802
f 6089//11803 6105//11803 6104//11803
f 6089//11804 6104//11804 6088//11804
f 6091//11805 6107//11805 6106//11805
f 6091//11806 6106//11806 6090//11806
f 6081//11807 6094//11807 6111//11807
f 6081//11808 6111//11808 6092//11808
f 6110//11809 6093//11809 6081//11809
f 6110//11810 6081//11810 6092//11810
f 6112//11811 6138//11811 6114//11811
f 6112//11812 6114//11812 6095//11812
f 6084//11813 6095//11813 6114//11813
f 6084//11814 6114//11814 6097//11814
f 6116//11815 6140//11815 6113//11815
f 6116//11816 6113//11816 6096//11816
f 6106//11817 6116//11817 6096//11817
f 6106//11818 6096//11818 6090//11818
f 6098//11819 6099//11819 6100//11819
f 6098//11820 6100//11820 6097//11820
f 6085//11821 6100//11821 6121//11821
f 6085//11822 6121//11822 6101//11822
f 6101//11823 6121//11823 6124//11823
f 6101//11824 6124//11824 6102//11824
f 6422//11825 6421//11825 6152//11825
f 6422//11826 6152//11826 6125//11826
f 6103//11827 6125//11827 6153//11827
f 6103//11828 6153//11828 6126//11828
f 6126//11829 6156//11829 6127//11829
f 6126//11830 6127//11830 6103//11830
f 6127//11831 6157//11831 6425//11831
f 6127//11832 6425//11832 6424//11832
f 6104//11833 6128//11833 6107//11833
f 6104//11834 6107//11834 6091//11834
f 6105//11835 6129//11835 6128//11835
f 6105//11836 6128//11836 6104//11836
f 6107//11837 6131//11837 6130//11837
f 6107//11838 6130//11838 6106//11838
f 6109//11839 6135//11839 6134//11839
f 6109//11840 6134//11840 6108//11840
f 6108//11841 6132//11841 6133//11841
f 6108//11842 6133//11842 6109//11842
f 6109//11843 6133//11843 6110//11843
f 6109//11844 6110//11844 6092//11844
f 6092//11845 6111//11845 6135//11845
f 6092//11846 6135//11846 6109//11846
f 6136//11847 6112//11847 6093//11847
f 6136//11848 6093//11848 6110//11848
f 6094//11849 6113//11849 6137//11849
f 6094//11850 6137//11850 6111//11850
f 6114//11851 6138//11851 6139//11851
f 6114//11852 6139//11852 6115//11852
f 6097//11853 6114//11853 6115//11853
f 6097//11854 6115//11854 6098//11854
f 6143//11855 6171//11855 6140//11855
f 6143//11856 6140//11856 6116//11856
f 6130//11857 6143//11857 6116//11857
f 6130//11858 6116//11858 6106//11858
f 6117//11859 6120//11859 6099//11859
f 6117//11860 6099//11860 6098//11860
f 6118//11861 6119//11861 6120//11861
f 6118//11862 6120//11862 6117//11862
f 6121//11863 6100//11863 6099//11863
f 6121//11864 6099//11864 6122//11864
f 6121//11865 6122//11865 6123//11865
f 6121//11866 6123//11866 6124//11866
f 6421//11867 6420//11867 6178//11867
f 6421//11868 6178//11868 6152//11868
f 6125//11869 6152//11869 6180//11869
f 6125//11870 6180//11870 6153//11870
f 6153//11871 6181//11871 6154//11871
f 6153//11872 6154//11872 6126//11872
f 6126//11873 6154//11873 6184//11873
f 6126//11874 6184//11874 6156//11874
f 6156//11875 6186//11875 6157//11875
f 6156//11876 6157//11876 6127//11876
f 6157//11877 6187//11877 6426//11877
f 6157//11878 6426//11878 6425//11878
f 6128//11879 6158//11879 6131//11879
f 6128//11880 6131//11880 6107//11880
f 6129//11881 6159//11881 6158//11881
f 6129//11882 6158//11882 6128//11882
f 6132//11883 6162//11883 6163//11883
f 6132//11884 6163//11884 6133//11884
f 6133//11885 6163//11885 6136//11885
f 6133//11886 6136//11886 6110//11886
f 6135//11887 6165//11887 6164//11887
f 6135//11888 6164//11888 6134//11888
f 6111//11889 6137//11889 6165//11889
f 6111//11890 6165//11890 6135//11890
f 6166//11891 6138//11891 6112//11891
f 6166//11892 6112//11892 6136//11892
f 6113//11893 6140//11893 6168//11893
f 6113//11894 6168//11894 6137//11894
f 6115//11895 6139//11895 6169//11895
f 6115//11896 6169//11896 6141//11896
f 6117//11897 6141//11897 6142//11897
f 6117//11898 6142//11898 6118//11898
f 6098//11899 6115//11899 6141//11899
f 6098//11900 6141//11900 6117//11900
f 6144//11901 6147//11901 6119//11901
f 6144//11902 6119//11902 6118//11902
f 6148//11903 6122//11903 6099//11903
f 6148//11904 6099//11904 6120//11904
f 6148//11905 6120//11905 6119//11905
f 6148//11906 6119//11906 6149//11906
f 6148//11907 6149//11907 6150//11907
f 6148//11908 6150//11908 6151//11908
f 6148//11909 6151//11909 6123//11909
f 6148//11910 6123//11910 6122//11910
f 6419//11911 6179//11911 6178//11911
f 6419//11912 6178//11912 6420//11912
f 6152//11913 6178//11913 6206//11913
f 6152//11914 6206//11914 6180//11914
f 6180//11915 6208//11915 6181//11915
f 6180//11916 6181//11916 6153//11916
f 6155//11917 6154//11917 6181//11917
f 6155//11918 6181//11918 6182//11918
f 6185//11919 6184//11919 6154//11919
f 6185//11920 6154//11920 6155//11920
f 6156//11921 6184//11921 6212//11921
f 6156//11922 6212//11922 6186//11922
f 6186//11923 6214//11923 6187//11923
f 6186//11924 6187//11924 6157//11924
f 2373//11925 6130//11925 6131//11925
f 2373//11926 6131//11926 2374//11926
f 6160//11927 6191//11927 6192//11927
f 6160//11928 6192//11928 6161//11928
f 6161//11929 6190//11929 6189//11929
f 6161//11930 6189//11930 6160//11930
f 6162//11931 6193//11931 6194//11931
f 6162//11932 6194//11932 6163//11932
f 6163//11933 6194//11933 6166//11933
f 6163//11934 6166//11934 6136//11934
f 6165//11935 6198//11935 6197//11935
f 6165//11936 6197//11936 6164//11936
f 6137//11937 6168//11937 6198//11937
f 6137//11938 6198//11938 6165//11938
f 6167//11939 6139//11939 6138//11939
f 6167//11940 6138//11940 6166//11940
f 6140//11941 6171//11941 6201//11941
f 6140//11942 6201//11942 6168//11942
f 6142//11943 6170//11943 6202//11943
f 6142//11944 6202//11944 6172//11944
f 6118//11945 6142//11945 6172//11945
f 6118//11946 6172//11946 6144//11946
f 2380//11947 6171//11947 6143//11947
f 2380//11948 6143//11948 2375//11948
f 2375//11949 6143//11949 6130//11949
f 2375//11950 6130//11950 2373//11950
f 6174//11951 6149//11951 6119//11951
f 6174//11952 6119//11952 6147//11952
f 6174//11953 6177//11953 6150//11953
f 6174//11954 6150//11954 6149//11954
f 6418//11955 6204//11955 6179//11955
f 6418//11956 6179//11956 6419//11956
f 6417//11957 6205//11957 6204//11957
f 6417//11958 6204//11958 6418//11958
f 6179//11959 6207//11959 6206//11959
f 6179//11960 6206//11960 6178//11960
f 6206//11961 6233//11961 6208//11961
f 6206//11962 6208//11962 6180//11962
f 6182//11963 6181//11963 6208//11963
f 6182//11964 6208//11964 6209//11964
f 6497//11965 6496//11965 6185//11965
f 6497//11966 6185//11966 6155//11966
f 6155//11967 6182//11967 6498//11967
f 6155//11968 6498//11968 6497//11968
f 6210//11969 6399//11969 6398//11969
f 6210//11970 6398//11970 6183//11970
f 6183//11971 6398//11971 6397//11971
f 6183//11972 6397//11972 6211//11972
f 6213//11973 6212//11973 6184//11973
f 6213//11974 6184//11974 6185//11974
f 6186//11975 6212//11975 6239//11975
f 6186//11976 6239//11976 6214//11976
f 2374//11977 6131//11977 6158//11977
f 2374//11978 6158//11978 2376//11978
f 2376//11979 6158//11979 6159//11979
f 2376//11980 6159//11980 2377//11980
f 6216//11981 6545//11981 6544//11981
f 6216//11982 6544//11982 6188//11982
f 6188//11983 6544//11983 6543//11983
f 6188//11984 6543//11984 6215//11984
f 6190//11985 6218//11985 6217//11985
f 6190//11986 6217//11986 6189//11986
f 6191//11987 6219//11987 6220//11987
f 6191//11988 6220//11988 6192//11988
f 6194//11989 6193//11989 6195//11989
f 6194//11990 6195//11990 6196//11990
f 6194//11991 6196//11991 6167//11991
f 6194//11992 6167//11992 6166//11992
f 6198//11993 6226//11993 6225//11993
f 6198//11994 6225//11994 6197//11994
f 6168//11995 6201//11995 6226//11995
f 6168//11996 6226//11996 6198//11996
f 6199//11997 6169//11997 6139//11997
f 6199//11998 6139//11998 6167//11998
f 6416//11999 6229//11999 6205//11999
f 6416//12000 6205//12000 6417//12000
f 6205//12001 6232//12001 6231//12001
f 6205//12002 6231//12002 6204//12002
f 6204//12003 6231//12003 6207//12003
f 6204//12004 6207//12004 6179//12004
f 6207//12005 6234//12005 6233//12005
f 6207//12006 6233//12006 6206//12006
f 6209//12007 6208//12007 6233//12007
f 6209//12008 6233//12008 6236//12008
f 6182//12009 6209//12009 6499//12009
f 6182//12010 6499//12010 6498//12010
f 6237//12011 6400//12011 6399//12011
f 6237//12012 6399//12012 6210//12012
f 6496//12013 6495//12013 6213//12013
f 6496//12014 6213//12014 6185//12014
f 6211//12015 6397//12015 6396//12015
f 6211//12016 6396//12016 6238//12016
f 6240//12017 6239//12017 6212//12017
f 6240//12018 6212//12018 6213//12018
f 6542//12019 6242//12019 6215//12019
f 6542//12020 6215//12020 6543//12020
f 6243//12021 6546//12021 6545//12021
f 6243//12022 6545//12022 6216//12022
f 6218//12023 6245//12023 6244//12023
f 6218//12024 6244//12024 6217//12024
f 6219//12025 6248//12025 6249//12025
f 6219//12026 6249//12026 6220//12026
f 6195//12027 6221//12027 6222//12027
f 6195//12028 6222//12028 6196//12028
f 6222//12029 6199//12029 6167//12029
f 6222//12030 6167//12030 6196//12030
f 6227//12031 6202//12031 6170//12031
f 6227//12032 6170//12032 6200//12032
f 6201//12033 6171//12033 2380//12033
f 6201//12034 2380//12034 2385//12034
f 6229//12035 6254//12035 6232//12035
f 6229//12036 6232//12036 6205//12036
f 6232//12037 6257//12037 6256//12037
f 6232//12038 6256//12038 6231//12038
f 6231//12039 6256//12039 6234//12039
f 6231//12040 6234//12040 6207//12040
f 6236//12041 6233//12041 6234//12041
f 6236//12042 6234//12042 6235//12042
f 6209//12043 6236//12043 6500//12043
f 6209//12044 6500//12044 6499//12044
f 6260//12045 6401//12045 6400//12045
f 6260//12046 6400//12046 6237//12046
f 6495//12047 6494//12047 6240//12047
f 6495//12048 6240//12048 6213//12048
f 6238//12049 6396//12049 6395//12049
f 6238//12050 6395//12050 6263//12050
f 6266//12051 6286//12051 6264//12051
f 6266//12052 6264//12052 6241//12052
f 6264//12053 6285//12053 6265//12053
f 6264//12054 6265//12054 6241//12054
f 6541//12055 6267//12055 6242//12055
f 6541//12056 6242//12056 6542//12056
f 6269//12057 6547//12057 6546//12057
f 6269//12058 6546//12058 6243//12058
f 6247//12059 6246//12059 6244//12059
f 6247//12060 6244//12060 6245//12060
f 6248//12061 6274//12061 6275//12061
f 6248//12062 6275//12062 6249//12062
f 6430//12063 6251//12063 6224//12063
f 6430//12064 6224//12064 6431//12064
f 6251//12065 6227//12065 6200//12065
f 6251//12066 6200//12066 6224//12066
f 2388//12067 6225//12067 6226//12067
f 2388//12068 6226//12068 2389//12068
f 2389//12069 6226//12069 6201//12069
f 2389//12070 6201//12070 2385//12070
f 6254//12071 6276//12071 6257//12071
f 6254//12072 6257//12072 6232//12072
f 6259//12073 6256//12073 6257//12073
f 6259//12074 6257//12074 6258//12074
f 6235//12075 6234//12075 6256//12075
f 6235//12076 6256//12076 6259//12076
f 6500//12077 6236//12077 6235//12077
f 6500//12078 6235//12078 6501//12078
f 6261//12079 6402//12079 6401//12079
f 6261//12080 6401//12080 6260//12080
f 6284//12081 6397//12081 6398//12081
f 6284//12082 6398//12082 6262//12082
f 6262//12083 6398//12083 6399//12083
f 6262//12084 6399//12084 6282//12084
f 6282//12085 6298//12085 6283//12085
f 6282//12086 6283//12086 6262//12086
f 6283//12087 6300//12087 6284//12087
f 6283//12088 6284//12088 6262//12088
f 6286//12089 5523//12089 5528//12089
f 6286//12090 5528//12090 6264//12090
f 5527//12091 6285//12091 6264//12091
f 5527//12092 6264//12092 5528//12092
f 6285//12093 6302//12093 6287//12093
f 6285//12094 6287//12094 6265//12094
f 6288//12095 6303//12095 6286//12095
f 6288//12096 6286//12096 6266//12096
f 6267//12097 6541//12097 6540//12097
f 6267//12098 6540//12098 6268//12098
f 6290//12099 6548//12099 6547//12099
f 6290//12099 6547//12099 6269//12099
f 6271//12100 6270//12100 6246//12100
f 6271//12101 6246//12101 6247//12101
f 6258//12102 6257//12102 6276//12102
f 6258//12103 6276//12103 6279//12103
f 6501//12104 6235//12104 6259//12104
f 6501//12105 6259//12105 6502//12105
f 6502//12106 6259//12106 6258//12106
f 6502//12107 6258//12107 6503//12107
f 6281//12108 6404//12108 6403//12108
f 6281//12109 6403//12109 6280//12109
f 6280//12110 6403//12110 6402//12110
f 6280//12111 6402//12111 6261//12111
f 6282//12112 6399//12112 6400//12112
f 6282//12113 6400//12113 6297//12113
f 6297//12114 6310//12114 6298//12114
f 6297//12115 6298//12115 6282//12115
f 6298//12116 6311//12116 6299//12116
f 6298//12117 6299//12117 6283//12117
f 6299//12118 6313//12118 6300//12118
f 6299//12119 6300//12119 6283//12119
f 6301//12120 6396//12120 6397//12120
f 6301//12121 6397//12121 6284//12121
f 6300//12122 6314//12122 6301//12122
f 6300//12123 6301//12123 6284//12123
f 5527//12124 5534//12124 6302//12124
f 5527//12125 6302//12125 6285//12125
f 6303//12126 5524//12126 5523//12126
f 6303//12127 5523//12127 6286//12127
f 6302//12128 6316//12128 6304//12128
f 6302//12129 6304//12129 6287//12129
f 6306//12130 6318//12130 6303//12130
f 6306//12131 6303//12131 6288//12131
f 6539//12132 6289//12132 6268//12132
f 6539//12133 6268//12133 6540//12133
f 6292//12134 6291//12134 6272//12134
f 6292//12135 6272//12135 6273//12135
f 2393//12136 6275//12136 6274//12136
f 2393//12137 6274//12137 2394//12137
f 6503//12138 6258//12138 6279//12138
f 6503//12139 6279//12139 6504//12139
f 6295//12140 6405//12140 6404//12140
f 6295//12141 6404//12141 6281//12141
f 6297//12142 6400//12142 6401//12142
f 6297//12143 6401//12143 6308//12143
f 6308//12144 6326//12144 6310//12144
f 6308//12145 6310//12145 6297//12145
f 6310//12146 6328//12146 6311//12146
f 6310//12147 6311//12147 6298//12147
f 6311//12148 6329//12148 6312//12148
f 6311//12149 6312//12149 6299//12149
f 6312//12150 6331//12150 6313//12150
f 6312//12151 6313//12151 6299//12151
f 6313//12152 6332//12152 6314//12152
f 6313//12153 6314//12153 6300//12153
f 6315//12154 6395//12154 6396//12154
f 6315//12155 6396//12155 6301//12155
f 6314//12156 6333//12156 6315//12156
f 6314//12157 6315//12157 6301//12157
f 5533//12158 6316//12158 6302//12158
f 5533//12159 6302//12159 5534//12159
f 6318//12160 5525//12160 5524//12160
f 6318//12161 5524//12161 6303//12161
f 6304//12162 6316//12162 6317//12162
f 6304//12163 6317//12163 6305//12163
f 6321//12164 6335//12164 6318//12164
f 6321//12165 6318//12165 6306//12165
f 6537//12166 6292//12166 6273//12166
f 6537//12167 6273//12167 6538//12167
f 6548//12168 6290//12168 2396//12168
f 6548//12169 2396//12169 4276//12169
f 6308//12170 6401//12170 6402//12170
f 6308//12171 6402//12171 6309//12171
f 6309//12172 6327//12172 6326//12172
f 6309//12173 6326//12173 6308//12173
f 6326//12174 6342//12174 6328//12174
f 6326//12175 6328//12175 6310//12175
f 6328//12176 6344//12176 6329//12176
f 6328//12177 6329//12177 6311//12177
f 6329//12178 6345//12178 6330//12178
f 6329//12179 6330//12179 6312//12179
f 6330//12180 6346//12180 6331//12180
f 6330//12181 6331//12181 6312//12181
f 6331//12182 6347//12182 6332//12182
f 6331//12183 6332//12183 6313//12183
f 6332//12184 6348//12184 6333//12184
f 6332//12185 6333//12185 6314//12185
f 6408//12186 6407//12186 6395//12186
f 6408//12187 6395//12187 6315//12187
f 6333//12188 6409//12188 6408//12188
f 6333//12189 6408//12189 6315//12189
f 6316//12190 5533//12190 5532//12190
f 6316//12191 5532//12191 6317//12191
f 6335//12192 5526//12192 5525//12192
f 6335//12193 5525//12193 6318//12193
f 6305//12194 6317//12194 6334//12194
f 6305//12195 6334//12195 6319//12195
f 6309//12196 6402//12196 6403//12196
f 6309//12197 6403//12197 6324//12197
f 6324//12198 6403//12198 6404//12198
f 6324//12199 6404//12199 6325//12199
f 6325//12200 6341//12200 6340//12200
f 6325//12201 6340//12201 6324//12201
f 6324//12202 6340//12202 6327//12202
f 6324//12203 6327//12203 6309//12203
f 6327//12204 6343//12204 6342//12204
f 6327//12205 6342//12205 6326//12205
f 6342//12206 6353//12206 6344//12206
f 6342//12207 6344//12207 6328//12207
f 6344//12208 6355//12208 6345//12208
f 6344//12209 6345//12209 6329//12209
f 6345//12210 6356//12210 6357//12210
f 6345//12211 6357//12211 6330//12211
f 6330//12212 6357//12212 6367//12212
f 6330//12213 6367//12213 6346//12213
f 6346//12214 6358//12214 6347//12214
f 6346//12215 6347//12215 6331//12215
f 6347//12216 6359//12216 6348//12216
f 6347//12217 6348//12217 6332//12217
f 6348//12218 6410//12218 6409//12218
f 6348//12219 6409//12219 6333//12219
f 6336//12220 6322//12220 6307//12220
f 6336//12221 6307//12221 6320//12221
f 6325//12222 6404//12222 6405//12222
f 6325//12223 6405//12223 6338//12223
f 6338//12224 6349//12224 6341//12224
f 6338//12225 6341//12225 6325//12225
f 6341//12226 6352//12226 6351//12226
f 6341//12227 6351//12227 6340//12227
f 6340//12228 6351//12228 6343//12228
f 6340//12229 6343//12229 6327//12229
f 6343//12230 6354//12230 6353//12230
f 6343//12231 6353//12231 6342//12231
f 6353//12232 6364//12232 6355//12232
f 6353//12233 6355//12233 6344//12233
f 6355//12234 6366//12234 6356//12234
f 6355//12235 6356//12235 6345//12235
f 6346//12236 6367//12236 6376//12236
f 6346//12237 6376//12237 6358//12237
f 6358//12238 6368//12238 6359//12238
f 6358//12239 6359//12239 6347//12239
f 6359//12240 6411//12240 6410//12240
f 6359//12241 6410//12241 6348//12241
f 2413//12242 1//12242 5526//12242
f 2413//12243 5526//12243 6335//12243
f 6349//12244 6360//12244 6352//12244
f 6349//12245 6352//12245 6341//12245
f 6352//12246 6363//12246 6362//12246
f 6352//12247 6362//12247 6351//12247
f 6351//12248 6362//12248 6354//12248
f 6351//12249 6354//12249 6343//12249
f 6354//12250 6365//12250 6364//12250
f 6354//12251 6364//12251 6353//12251
f 6364//12252 6373//12252 6366//12252
f 6364//12253 6366//12253 6355//12253
f 6473//12254 6474//12254 6357//12254
f 6473//12255 6357//12255 6356//12255
f 6358//12256 6376//12256 6383//12256
f 6358//12257 6383//12257 6368//12257
f 6368//12258 6412//12258 6411//12258
f 6368//12259 6411//12259 6359//12259
f 6360//12260 6369//12260 6363//12260
f 6360//12261 6363//12261 6352//12261
f 6363//12262 6372//12262 6371//12262
f 6363//12263 6371//12263 6362//12263
f 6362//12264 6371//12264 6365//12264
f 6362//12265 6365//12265 6354//12265
f 6365//12266 6380//12266 6373//12266
f 6365//12267 6373//12267 6364//12267
f 6472//12268 6473//12268 6356//12268
f 6472//12269 6356//12269 6366//12269
f 6460//12270 6459//12270 6484//12270
f 6460//12271 6484//12271 6483//12271
f 6374//12272 6511//12272 6512//12272
f 6374//12273 6512//12273 6375//12273
f 6474//12274 6475//12274 6367//12274
f 6474//12275 6367//12275 6357//12275
f 6368//12276 6383//12276 6413//12276
f 6368//12277 6413//12277 6412//12277
f 6369//12278 6377//12278 6372//12278
f 6369//12279 6372//12279 6363//12279
f 6372//12280 6385//12280 6379//12280
f 6372//12281 6379//12281 6371//12281
f 6371//12282 6379//12282 6380//12282
f 6371//12283 6380//12283 6365//12283
f 6471//12284 6472//12284 6366//12284
f 6471//12285 6366//12285 6373//12285
f 6459//12286 6458//12286 6485//12286
f 6459//12287 6485//12287 6484//12287
f 6375//12288 6512//12288 6513//12288
f 6375//12289 6513//12289 6381//12289
f 6442//12290 6441//12290 6374//12290
f 6442//12291 6374//12291 6375//12291
f 6461//12292 6460//12292 6483//12292
f 6461//12293 6483//12293 6482//12293
f 6382//12294 6510//12294 6511//12294
f 6382//12295 6511//12295 6374//12295
f 6475//12296 6476//12296 6376//12296
f 6475//12297 6376//12297 6367//12297
f 6377//12298 6384//12298 6385//12298
f 6377//12299 6385//12299 6372//12299
f 6379//12300 6469//12300 6470//12300
f 6379//12301 6470//12301 6380//12301
f 6380//12302 6470//12302 6471//12302
f 6380//12303 6471//12303 6373//12303
f 6458//12304 6457//12304 6486//12304
f 6458//12305 6486//12305 6485//12305
f 6381//12306 6513//12306 6514//12306
f 6381//12307 6514//12307 6386//12307
f 6443//12308 6442//12308 6375//12308
f 6443//12309 6375//12309 6381//12309
f 6442//12310 5517//12310 5515//12310
f 6442//12311 5515//12311 6441//12311
f 6441//12312 6440//12312 6382//12312
f 6441//12313 6382//12313 6374//12313
f 6462//12314 6461//12314 6482//12314
f 6462//12315 6482//12315 6481//12315
f 6387//12316 6509//12316 6510//12316
f 6387//12317 6510//12317 6382//12317
f 6476//12318 6477//12318 6383//12318
f 6476//12319 6383//12319 6376//12319
f 6384//12320 6467//12320 6468//12320
f 6384//12321 6468//12321 6385//12321
f 6385//12322 6468//12322 6469//12322
f 6385//12323 6469//12323 6379//12323
f 6486//12324 6457//12324 6456//12324
f 6486//12325 6456//12325 6487//12325
f 6487//12326 6456//12326 6455//12326
f 6487//12327 6455//12327 6488//12327
f 6389//12328 6515//12328 6516//12328
f 6389//12329 6516//12329 6390//12329
f 6386//12330 6514//12330 6515//12330
f 6386//12331 6515//12331 6389//12331
f 6444//12332 6443//12332 6381//12332
f 6444//12333 6381//12333 6386//12333
f 6443//12334 5516//12334 5517//12334
f 6443//12335 5517//12335 6442//12335
f 6440//12336 6439//12336 6387//12336
f 6440//12337 6387//12337 6382//12337
f 6463//12338 6462//12338 6481//12338
f 6463//12339 6481//12339 6480//12339
f 6391//12340 6508//12340 6509//12340
f 6391//12341 6509//12341 6387//12341
f 6477//12342 6478//12342 6413//12342
f 6477//12343 6413//12343 6383//12343
f 6488//12344 6455//12344 6454//12344
f 6488//12345 6454//12345 6489//12345
f 6489//12346 6454//12346 6453//12346
f 6489//12347 6453//12347 6490//12347
f 6392//12348 6517//12348 6518//12348
f 6392//12349 6518//12349 6393//12349
f 6390//12350 6516//12350 6517//12350
f 6390//12351 6517//12351 6392//12351
f 6390//12352 6446//12352 6445//12352
f 6390//12353 6445//12353 6389//12353
f 6389//12354 6445//12354 6444//12354
f 6389//12355 6444//12355 6386//12355
f 6444//12356 5518//12356 5516//12356
f 6444//12357 5516//12357 6443//12357
f 6440//12358 5946//12358 5519//12358
f 6440//12359 5519//12359 6439//12359
f 6439//12360 6438//12360 6391//12360
f 6439//12361 6391//12361 6387//12361
f 6464//12362 6463//12362 6480//12362
f 6464//12363 6480//12363 6479//12363
f 6414//12364 6507//12364 6508//12364
f 6414//12365 6508//12365 6391//12365
f 6393//12366 6448//12366 6447//12366
f 6393//12367 6447//12367 6392//12367
f 6392//12368 6447//12368 6446//12368
f 6392//12369 6446//12369 6390//12369
f 5518//12370 6444//12370 6445//12370
f 5518//12371 6445//12371 5520//12371
f 6439//12372 5519//12372 5521//12372
f 6439//12373 5521//12373 6438//12373
f 6438//12374 6437//12374 6414//12374
f 6438//12375 6414//12375 6391//12375
f 6438//12376 5521//12376 5529//12376
f 6438//12377 5529//12377 6437//12377
f 6320//12378 5514//12378 5530//12378
f 6320//12379 5530//12379 6336//12379
f 6321//12380 2595//12380 2413//12380
f 6321//12381 2413//12381 6335//12381
f 6289//12382 6271//12382 6247//12382
f 6289//12383 6247//12383 6268//12383
f 6268//12384 6247//12384 6245//12384
f 6268//12385 6245//12385 6267//12385
f 6218//12386 6242//12386 6267//12386
f 6218//12387 6267//12387 6245//12387
f 6190//12388 6215//12388 6242//12388
f 6190//12389 6242//12389 6218//12389
f 6161//12390 6188//12390 6215//12390
f 6161//12391 6215//12391 6190//12391
f 6161//12392 6192//12392 6216//12392
f 6161//12393 6216//12393 6188//12393
f 6192//12394 6220//12394 6243//12394
f 6192//12395 6243//12395 6216//12395
f 6220//12396 6249//12396 6269//12396
f 6220//12397 6269//12397 6243//12397
f 6249//12398 6275//12398 6290//12398
f 6249//12399 6290//12399 6269//12399
f 2396//12400 6290//12400 6275//12400
f 2396//12401 6275//12401 2393//12401
f 6291//12402 6250//12402 6223//12402
f 6291//12403 6223//12403 6272//12403
f 6270//12404 6221//12404 6195//12404
f 6270//12405 6195//12405 6246//12405
f 6246//12406 6195//12406 6193//12406
f 6246//12407 6193//12407 6244//12407
f 6162//12408 6217//12408 6244//12408
f 6162//12409 6244//12409 6193//12409
f 6132//12410 6189//12410 6217//12410
f 6132//12411 6217//12411 6162//12411
f 6108//12412 6160//12412 6189//12412
f 6108//12413 6189//12413 6132//12413
f 6108//12414 6134//12414 6191//12414
f 6108//12415 6191//12415 6160//12415
f 6134//12416 6164//12416 6219//12416
f 6134//12417 6219//12417 6191//12417
f 6164//12418 6197//12418 6248//12418
f 6164//12419 6248//12419 6219//12419
f 6197//12420 6225//12420 6274//12420
f 6197//12421 6274//12421 6248//12421
f 2394//12422 6274//12422 6225//12422
f 2394//12423 6225//12423 2388//12423
f 2700//12424 6407//12424 6408//12424
f 2700//12425 6408//12425 2415//12425
f 2415//12426 6408//12426 6409//12426
f 2415//12427 6409//12427 2419//12427
f 2419//12428 6409//12428 6410//12428
f 2419//12429 6410//12429 2427//12429
f 2427//12430 6410//12430 6411//12430
f 2427//12431 6411//12431 2435//12431
f 2435//12432 6411//12432 6412//12432
f 2435//12433 6412//12433 2443//12433
f 2688//12434 6414//12434 6437//12434
f 2688//12435 6437//12435 3127//12435
f 3127//12436 6437//12436 5529//12436
f 3127//12437 5529//12437 11//12437
f 6317//12438 5532//12438 5535//12438
f 6317//12439 5535//12439 6334//12439
f 6177//12440 6416//12440 6417//12440
f 6177//12441 6417//12441 6150//12441
f 6150//12442 6417//12442 6418//12442
f 6150//12443 6418//12443 6151//12443
f 6151//12444 6418//12444 6419//12444
f 6151//12445 6419//12445 6123//12445
f 6123//12446 6419//12446 6420//12446
f 6123//12447 6420//12447 6124//12447
f 6421//12448 6102//12448 6124//12448
f 6421//12449 6124//12449 6420//12449
f 6422//12450 6087//12450 6102//12450
f 6422//12451 6102//12451 6421//12451
f 6423//12452 6078//12452 6087//12452
f 6423//12453 6087//12453 6422//12453
f 6423//12454 6424//12454 6089//12454
f 6423//12455 6089//12455 6078//12455
f 6424//12456 6425//12456 6105//12456
f 6424//12457 6105//12457 6089//12457
f 6425//12458 6426//12458 6129//12458
f 6425//12459 6129//12459 6105//12459
f 6426//12460 6427//12460 6159//12460
f 6426//12461 6159//12461 6129//12461
f 6427//12462 2742//12462 2377//12462
f 6427//12463 2377//12463 6159//12463
f 6223//12464 6250//12464 6430//12464
f 6223//12465 6430//12465 6431//12465
f 6141//12466 6169//12466 6170//12466
f 6141//12467 6170//12467 6142//12467
f 6199//12468 6200//12468 6170//12468
f 6199//12469 6170//12469 6169//12469
f 6200//12470 6199//12470 6222//12470
f 6200//12471 6222//12471 6224//12471
f 6224//12472 6222//12472 6221//12472
f 6224//12473 6221//12473 6431//12473
f 6431//12474 6221//12474 6270//12474
f 6431//12475 6270//12475 6223//12475
f 6223//12476 6270//12476 6271//12476
f 6223//12477 6271//12477 6272//12477
f 6272//12478 6271//12478 6289//12478
f 6272//12479 6289//12479 6273//12479
f 6538//12480 6273//12480 6289//12480
f 6538//12481 6289//12481 6539//12481
f 6319//12482 6334//12482 6320//12482
f 6319//12483 6320//12483 6307//12483
f 6334//12484 5535//12484 5514//12484
f 6334//12485 5514//12485 6320//12485
f 5537//12486 6447//12486 6448//12486
f 5537//12487 6448//12487 5538//12487
f 5539//12488 6446//12488 6447//12488
f 5539//12489 6447//12489 5537//12489
f 5520//12490 6445//12490 6446//12490
f 5520//12491 6446//12491 5539//12491
f 6145//12492 6146//12492 6147//12492
f 6145//12493 6147//12493 6144//12493
f 6172//12494 6202//12494 6203//12494
f 6172//12495 6203//12495 6173//12495
f 6172//12496 6173//12496 6145//12496
f 6172//12497 6145//12497 6144//12497
f 6062//12498 6146//12498 6145//12498
f 6062//12499 6145//12499 6061//12499
f 6174//12500 6147//12500 6146//12500
f 6174//12501 6146//12501 6175//12501
f 6174//12502 6175//12502 6176//12502
f 6174//12503 6176//12503 6177//12503
f 6173//12504 6203//12504 6065//12504
f 6173//12505 6065//12505 6064//12505
f 6145//12506 6173//12506 6064//12506
f 6145//12507 6064//12507 6061//12507
f 6063//12508 6175//12508 6146//12508
f 6063//12509 6146//12509 6062//12509
f 6063//12510 6058//12510 6176//12510
f 6063//12511 6176//12511 6175//12511
f 6415//12512 6230//12512 6229//12512
f 6415//12513 6229//12513 6416//12513
f 6228//12514 6203//12514 6202//12514
f 6228//12515 6202//12515 6227//12515
f 6068//12516 6230//12516 6415//12516
f 6068//12517 6415//12517 6057//12517
f 6230//12518 6255//12518 6254//12518
f 6230//12519 6254//12519 6229//12519
f 6251//12520 6430//12520 6429//12520
f 6251//12521 6429//12521 6253//12521
f 6251//12522 6253//12522 6228//12522
f 6251//12523 6228//12523 6227//12523
f 6065//12524 6203//12524 6228//12524
f 6065//12525 6228//12525 6053//12525
f 6054//12526 6255//12526 6230//12526
f 6054//12527 6230//12527 6068//12527
f 6255//12528 6277//12528 6276//12528
f 6255//12529 6276//12529 6254//12529
f 6428//12530 6051//12530 6253//12530
f 6428//12531 6253//12531 6429//12531
f 6051//12532 6053//12532 6228//12532
f 6051//12533 6228//12533 6253//12533
f 6054//12534 6067//12534 6277//12534
f 6054//12535 6277//12535 6255//12535
f 6279//12536 6276//12536 6277//12536
f 6279//12537 6277//12537 6278//12537
f 6294//12538 6293//12538 6291//12538
f 6294//12539 6291//12539 6292//12539
f 6278//12540 6277//12540 6067//12540
f 6278//12541 6067//12541 6069//12541
f 6504//12542 6279//12542 6278//12542
f 6504//12543 6278//12543 6505//12543
f 6296//12544 6406//12544 6405//12544
f 6296//12545 6405//12545 6295//12545
f 6536//12546 6294//12546 6292//12546
f 6536//12547 6292//12547 6537//12547
f 6050//12548 6059//12548 6293//12548
f 6050//12549 6293//12549 6294//12549
f 6505//12550 6278//12550 6069//12550
f 6505//12551 6069//12551 6506//12551
f 6071//12552 6406//12552 6296//12552
f 6071//12553 6296//12553 6070//12553
f 6050//12554 6294//12554 6536//12554
f 6050//12555 6536//12555 6535//12555
f 6337//12556 6323//12556 6322//12556
f 6337//12557 6322//12557 6336//12557
f 6405//12558 6406//12558 6339//12558
f 6405//12559 6339//12559 6338//12559
f 6339//12560 6350//12560 6349//12560
f 6339//12561 6349//12561 6338//12561
f 6052//12562 6066//12562 6323//12562
f 6052//12563 6323//12563 6337//12563
f 6339//12564 6406//12564 6071//12564
f 6339//12565 6071//12565 6055//12565
f 6049//12566 6350//12566 6339//12566
f 6049//12567 6339//12567 6055//12567
f 6350//12568 6361//12568 6360//12568
f 6350//12569 6360//12569 6349//12569
f 6046//12570 6361//12570 6350//12570
f 6046//12571 6350//12571 6049//12571
f 6361//12572 6370//12572 6369//12572
f 6361//12573 6369//12573 6360//12573
f 6048//12574 6370//12574 6361//12574
f 6048//12575 6361//12575 6046//12575
f 6370//12576 6378//12576 6377//12576
f 6370//12577 6377//12577 6369//12577
f 6045//12578 6378//12578 6370//12578
f 6045//12579 6370//12579 6048//12579
f 6378//12580 6388//12580 6384//12580
f 6378//12581 6384//12581 6377//12581
f 6047//12582 6388//12582 6378//12582
f 6047//12583 6378//12583 6045//12583
f 6047//12584 6465//12584 6466//12584
f 6047//12585 6466//12585 6388//12585
f 6388//12586 6466//12586 6467//12586
f 6388//12587 6467//12587 6384//12587
f 6490//12588 6453//12588 6452//12588
f 6490//12589 6452//12589 6491//12589
f 6491//12590 6452//12590 6451//12590
f 6491//12591 6451//12591 6492//12591
f 6393//12592 6518//12592 6519//12592
f 6393//12593 6519//12593 6394//12593
f 6394//12594 6449//12594 6448//12594
f 6394//12595 6448//12595 6393//12595
f 6337//12596 5531//12596 5536//12596
f 6337//12597 5536//12597 6052//12597
f 6336//12598 5530//12598 5531//12598
f 6336//12599 5531//12599 6337//12599
f 6059//12600 6060//12600 6252//12600
f 6059//12601 6252//12601 6293//12601
f 6293//12602 6252//12602 6250//12602
f 6293//12603 6250//12603 6291//12603
f 6449//12604 6394//12604 6056//12604
f 6449//12605 6056//12605 6450//12605
f 6394//12606 6519//12606 6520//12606
f 6394//12607 6520//12607 6056//12607
f 5522//12608 6449//12608 6450//12608
f 5522//12609 6450//12609 5513//12609
f 6415//12610 6176//12610 6058//12610
f 6415//12611 6058//12611 6057//12611
f 6176//12612 6415//12612 6416//12612
f 6176//12613 6416//12613 6177//12613
f 6252//12614 6060//12614 6428//12614
f 6252//12615 6428//12615 6429//12615
f 6430//12616 6250//12616 6252//12616
f 6430//12617 6252//12617 6429//12617
f 5538//12618 6448//12618 6449//12618
f 5538//12619 6449//12619 5522//12619
f 6187//12620 6432//12620 6427//12620
f 6187//12621 6427//12621 6426//12621
f 2761//12622 6432//12622 6433//12622
f 2761//12623 6433//12623 2382//12623
f 6187//12624 6214//12624 6433//12624
f 6187//12625 6433//12625 6432//12625
f 6407//12626 6436//12626 6263//12626
f 6407//12627 6263//12627 6395//12627
f 2404//12628 2400//12628 6435//12628
f 2404//12629 6435//12629 6434//12629
f 6214//12630 6239//12630 6435//12630
f 6214//12631 6435//12631 6433//12631
f 6494//12632 6493//12632 6434//12632
f 6494//12633 6434//12633 6240//12633
f 6434//12634 6435//12634 6239//12634
f 6434//12635 6239//12635 6240//12635
f 2382//12636 6433//12636 6435//12636
f 2382//12637 6435//12637 2400//12637
f 2404//12638 6434//12638 6493//12638
f 2404//12639 6493//12639 3685//12639
f 2983//12640 6436//12640 6407//12640
f 2983//12641 6407//12641 2700//12641
f 5515//12642 5946//12642 6440//12642
f 5515//12643 6440//12643 6441//12643
f 2688//12644 3650//12644 6507//12644
f 2688//12645 6507//12645 6414//12645
f 6479//12646 2691//12646 3720//12646
f 6479//12647 3720//12647 6464//12647
f 6478//12648 3719//12648 3718//12648
f 6478//12649 3718//12649 6413//12649
f 2443//12650 6412//12650 6413//12650
f 2443//12651 6413//12651 3718//12651
f 6427//12652 6432//12652 2761//12652
f 6427//12653 2761//12653 2742//12653
f 6452//12654 6466//12654 6465//12654
f 6452//12655 6465//12655 6451//12655
f 6453//12656 6467//12656 6466//12656
f 6453//12657 6466//12657 6452//12657
f 6454//12658 6468//12658 6467//12658
f 6454//12659 6467//12659 6453//12659
f 6455//12660 6469//12660 6468//12660
f 6455//12661 6468//12661 6454//12661
f 6456//12662 6470//12662 6469//12662
f 6456//12663 6469//12663 6455//12663
f 6457//12664 6471//12664 6470//12664
f 6457//12665 6470//12665 6456//12665
f 6458//12666 6472//12666 6471//12666
f 6458//12667 6471//12667 6457//12667
f 6459//12668 6473//12668 6472//12668
f 6459//12669 6472//12669 6458//12669
f 6460//12670 6474//12670 6473//12670
f 6460//12671 6473//12671 6459//12671
f 6461//12672 6475//12672 6474//12672
f 6461//12673 6474//12673 6460//12673
f 6462//12674 6476//12674 6475//12674
f 6462//12675 6475//12675 6461//12675
f 6463//12676 6477//12676 6476//12676
f 6463//12677 6476//12677 6462//12677
f 6464//12678 6478//12678 6477//12678
f 6464//12679 6477//12679 6463//12679
f 6464//12680 3720//12680 3719//12680
f 6464//12681 3719//12681 6478//12681
f 6507//12682 3650//12682 2691//12682
f 6507//12683 2691//12683 6479//12683
f 6480//12684 6508//12684 6507//12684
f 6480//12685 6507//12685 6479//12685
f 6481//12686 6509//12686 6508//12686
f 6481//12687 6508//12687 6480//12687
f 6482//12688 6510//12688 6509//12688
f 6482//12689 6509//12689 6481//12689
f 6483//12690 6511//12690 6510//12690
f 6483//12691 6510//12691 6482//12691
f 6484//12692 6512//12692 6511//12692
f 6484//12693 6511//12693 6483//12693
f 6485//12694 6513//12694 6512//12694
f 6485//12695 6512//12695 6484//12695
f 6486//12696 6514//12696 6513//12696
f 6486//12697 6513//12697 6485//12697
f 6487//12698 6515//12698 6514//12698
f 6487//12699 6514//12699 6486//12699
f 6488//12700 6516//12700 6515//12700
f 6488//12701 6515//12701 6487//12701
f 6489//12702 6517//12702 6516//12702
f 6489//12703 6516//12703 6488//12703
f 6490//12704 6518//12704 6517//12704
f 6490//12705 6517//12705 6489//12705
f 6491//12706 6519//12706 6518//12706
f 6491//12707 6518//12707 6490//12707
f 6492//12708 6520//12708 6519//12708
f 6492//12709 6519//12709 6491//12709
f 3685//12710 6493//12710 6436//12710
f 3685//12711 6436//12711 2983//12711
f 6494//12712 6263//12712 6436//12712
f 6494//12713 6436//12713 6493//12713
f 6495//12714 6238//12714 6263//12714
f 6495//12715 6263//12715 6494//12715
f 6496//12716 6211//12716 6238//12716
f 6496//12717 6238//12717 6495//12717
f 6497//12718 6183//12718 6211//12718
f 6497//12719 6211//12719 6496//12719
f 6497//12720 6498//12720 6210//12720
f 6497//12721 6210//12721 6183//12721
f 6498//12722 6499//12722 6237//12722
f 6498//12723 6237//12723 6210//12723
f 6499//12724 6500//12724 6260//12724
f 6499//12725 6260//12725 6237//12725
f 6260//12726 6500//12726 6501//12726
f 6260//12727 6501//12727 6261//12727
f 6280//12728 6261//12728 6501//12728
f 6280//12729 6501//12729 6502//12729
f 6280//12730 6502//12730 6503//12730
f 6280//12731 6503//12731 6281//12731
f 6295//12732 6281//12732 6503//12732
f 6295//12733 6503//12733 6504//12733
f 6295//12734 6504//12734 6505//12734
f 6295//12735 6505//12735 6296//12735
f 6070//12736 6296//12736 6505//12736
f 6070//12737 6505//12737 6506//12737
f 6066//12738 6521//12738 6522//12738
f 6066//12739 6522//12739 6323//12739
f 6323//12740 6522//12740 6523//12740
f 6323//12741 6523//12741 6322//12741
f 6322//12742 6523//12742 6524//12742
f 6322//12743 6524//12743 6307//12743
f 6525//12744 6319//12744 6307//12744
f 6525//12745 6307//12745 6524//12745
f 6319//12746 6525//12746 6526//12746
f 6319//12747 6526//12747 6305//12747
f 6305//12748 6526//12748 6527//12748
f 6305//12749 6527//12749 6304//12749
f 6528//12750 6287//12750 6304//12750
f 6528//12751 6304//12751 6527//12751
f 6529//12752 6265//12752 6287//12752
f 6529//12753 6287//12753 6528//12753
f 6530//12754 6241//12754 6265//12754
f 6530//12755 6265//12755 6529//12755
f 6531//12756 6266//12756 6241//12756
f 6531//12757 6241//12757 6530//12757
f 6532//12758 6288//12758 6266//12758
f 6532//12759 6266//12759 6531//12759
f 6533//12760 6306//12760 6288//12760
f 6533//12761 6288//12761 6532//12761
f 6534//12762 6321//12762 6306//12762
f 6534//12763 6306//12763 6533//12763
f 2595//12764 6321//12764 6534//12764
f 2595//12765 6534//12765 4264//12765
f 6522//12766 6521//12766 6535//12766
f 6522//12767 6535//12767 6536//12767
f 6523//12768 6522//12768 6536//12768
f 6523//12769 6536//12769 6537//12769
f 6538//12770 6524//12770 6523//12770
f 6538//12771 6523//12771 6537//12771
f 6525//12772 6524//12772 6538//12772
f 6525//12773 6538//12773 6539//12773
f 6526//12774 6525//12774 6539//12774
f 6526//12775 6539//12775 6540//12775
f 6527//12776 6526//12776 6540//12776
f 6527//12777 6540//12777 6541//12777
f 6528//12778 6527//12778 6541//12778
f 6528//12779 6541//12779 6542//12779
f 6529//12780 6528//12780 6542//12780
f 6529//12781 6542//12781 6543//12781
f 6530//12782 6529//12782 6543//12782
f 6530//12783 6543//12783 6544//12783
f 6545//12784 6531//12784 6530//12784
f 6545//12785 6530//12785 6544//12785
f 6546//12786 6532//12786 6531//12786
f 6546//12787 6531//12787 6545//12787
f 6547//12788 6533//12788 6532//12788
f 6547//12789 6532//12789 6546//12789
f 6548//12790 6534//12790 6533//12790
f 6548//12791 6533//12791 6547//12791
f 4276//12792 4264//12792 6534//12792
f 4276//12793 6534//12793 6548//12793
f 6550//12794 6549//12794 3762//12794
f 6550//12795 3762//12795 3796//12795
f 6585//12796 6563//12796 3763//12796
f 6585//12797 3763//12797 3832//12797
f 3765//12798 6551//12798 6581//12798
f 3765//12799 6581//12799 3766//12799
f 3767//12800 6552//12800 6553//12800
f 3767//12801 6553//12801 3768//12801
f 3772//12802 6554//12802 6555//12802
f 3772//12803 6555//12803 3773//12803
f 6558//12804 6557//12804 3770//12804
f 6558//12805 3770//12805 3769//12805
f 6559//12806 6560//12806 3776//12806
f 6559//12807 3776//12807 3775//12807
f 6560//12808 6562//12808 3777//12808
f 6560//12809 3777//12809 3776//12809
f 6563//12810 6564//12810 3764//12810
f 6563//12811 3764//12811 3763//12811
f 3764//12812 6564//12812 6551//12812
f 3764//12813 6551//12813 3765//12813
f 3796//12814 3795//12814 6582//12814
f 3796//12815 6582//12815 6550//12815
f 6587//12816 6582//12816 3795//12816
f 6587//12817 3795//12817 4133//12817
f 3754//12818 3789//12818 6584//12818
f 3754//12819 6584//12819 6576//12819
f 4132//12820 3788//12820 6569//12820
f 4132//12821 6569//12821 6586//12821
f 3786//12822 3785//12822 6579//12822
f 3786//12823 6579//12823 6567//12823
f 3787//12824 6568//12824 6569//12824
f 3787//12825 6569//12825 3788//12825
f 3793//12826 3792//12826 6583//12826
f 3793//12827 6583//12827 6570//12827
f 3779//12828 6561//12828 6571//12828
f 3779//12829 6571//12829 3780//12829
f 6553//12830 6558//12830 3769//12830
f 6553//12831 3769//12831 3768//12831
f 6557//12832 6574//12832 3771//12832
f 6557//12833 3771//12833 3770//12833
f 3773//12834 6555//12834 6556//12834
f 3773//12835 6556//12835 3774//12835
f 3771//12836 6574//12836 6554//12836
f 3771//12837 6554//12837 3772//12837
f 3782//12838 6573//12838 6572//12838
f 3782//12839 6572//12839 3783//12839
f 3790//12840 6566//12840 6577//12840
f 3790//12841 6577//12841 3791//12841
f 3787//12842 3786//12842 6567//12842
f 3787//12843 6567//12843 6568//12843
f 6570//12844 6565//12844 3794//12844
f 6570//12845 3794//12845 3793//12845
f 6575//12846 6573//12846 3782//12846
f 6575//12847 3782//12847 3781//12847
f 6588//12848 6566//12848 3790//12848
f 6588//12849 3790//12849 4162//12849
f 3791//12850 6577//12850 6583//12850
f 3791//12851 6583//12851 3792//12851
f 6578//12852 3784//12852 3783//12852
f 6578//12853 3783//12853 6572//12853
f 6578//12854 6579//12854 3785//12854
f 6578//12855 3785//12855 3784//12855
f 6562//12856 6580//12856 3778//12856
f 6562//12857 3778//12857 3777//12857
f 6580//12858 6561//12858 3779//12858
f 6580//12859 3779//12859 3778//12859
f 6571//12860 6589//12860 4433//12860
f 6571//12861 4433//12861 3780//12861
f 6581//12862 6552//12862 3767//12862
f 6581//12863 3767//12863 3766//12863
f 3775//12864 3774//12864 6556//12864
f 3775//12865 6556//12865 6559//12865
f 6590//12866 6585//12866 3832//12866
f 6590//12867 3832//12867 4434//12867
f 3789//12868 4132//12868 6586//12868
f 3789//12869 6586//12869 6584//12869
f 6565//12870 6587//12870 4133//12870
f 6565//12871 4133//12871 3794//12871
f 6576//12872 6588//12872 4162//12872
f 6576//12873 4162//12873 3754//12873
f 6589//12874 6575//12874 3781//12874
f 6589//12875 3781//12875 4433//12875
f 3762//12876 6549//12876 6590//12876
f 3762//12877 6590//12877 4434//12877
f 6592//12878 1582//12878 1548//12878
f 6592//12879 1548//12879 6591//12879
f 6627//12880 1623//12880 1549//12880
f 6627//12881 1549//12881 6605//12881
f 1551//12882 1552//12882 6623//12882
f 1551//12883 6623//12883 6593//12883
f 1553//12884 1554//12884 6595//12884
f 1553//12885 6595//12885 6594//12885
f 1558//12886 1559//12886 6597//12886
f 1558//12887 6597//12887 6596//12887
f 6600//12888 1555//12888 1556//12888
f 6600//12889 1556//12889 6599//12889
f 6601//12890 1561//12890 1562//12890
f 6601//12891 1562//12891 6602//12891
f 6602//12892 1562//12892 1563//12892
f 6602//12893 1563//12893 6604//12893
f 6605//12894 1549//12894 1550//12894
f 6605//12895 1550//12895 6606//12895
f 1550//12896 1551//12896 6593//12896
f 1550//12897 6593//12897 6606//12897
f 1582//12898 6592//12898 6624//12898
f 1582//12899 6624//12899 1581//12899
f 6629//12900 1933//12900 1581//12900
f 6629//12901 1581//12901 6624//12901
f 1540//12902 6618//12902 6626//12902
f 1540//12903 6626//12903 1575//12903
f 1932//12904 6628//12904 6611//12904
f 1932//12905 6611//12905 1574//12905
f 1572//12906 6609//12906 6621//12906
f 1572//12907 6621//12907 1571//12907
f 1573//12908 1574//12908 6611//12908
f 1573//12909 6611//12909 6610//12909
f 1579//12910 6612//12910 6625//12910
f 1579//12911 6625//12911 1578//12911
f 1565//12912 1566//12912 6613//12912
f 1565//12913 6613//12913 6603//12913
f 6595//12914 1554//12914 1555//12914
f 6595//12915 1555//12915 6600//12915
f 6599//12916 1556//12916 1557//12916
f 6599//12917 1557//12917 6616//12917
f 1559//12918 1560//12918 6598//12918
f 1559//12919 6598//12919 6597//12919
f 1557//12920 1558//12920 6596//12920
f 1557//12921 6596//12921 6616//12921
f 1568//12922 1569//12922 6614//12922
f 1568//12923 6614//12923 6615//12923
f 1576//12924 1577//12924 6619//12924
f 1576//12925 6619//12925 6608//12925
f 1573//12926 6610//12926 6609//12926
f 1573//12927 6609//12927 1572//12927
f 6612//12928 1579//12928 1580//12928
f 6612//12929 1580//12929 6607//12929
f 6617//12930 1567//12930 1568//12930
f 6617//12931 1568//12931 6615//12931
f 6630//12932 1962//12932 1576//12932
f 6630//12933 1576//12933 6608//12933
f 1577//12934 1578//12934 6625//12934
f 1577//12935 6625//12935 6619//12935
f 6620//12936 6614//12936 1569//12936
f 6620//12937 1569//12937 1570//12937
f 6620//12938 1570//12938 1571//12938
f 6620//12939 1571//12939 6621//12939
f 6604//12940 1563//12940 1564//12940
f 6604//12941 1564//12941 6622//12941
f 6622//12942 1564//12942 1565//12942
f 6622//12943 1565//12943 6603//12943
f 6613//12944 1566//12944 2242//12944
f 6613//12945 2242//12945 6631//12945
f 6623//12946 1552//12946 1553//12946
f 6623//12947 1553//12947 6594//12947
f 1561//12948 6601//12948 6598//12948
f 1561//12949 6598//12949 1560//12949
f 6632//12950 2243//12950 1623//12950
f 6632//12951 1623//12951 6627//12951
f 1575//12952 6626//12952 6628//12952
f 1575//12953 6628//12953 1932//12953
f 6607//12954 1580//12954 1933//12954
f 6607//12955 1933//12955 6629//12955
f 6618//12956 1540//12956 1962//12956
f 6618//12957 1962//12957 6630//12957
f 6631//12958 2242//12958 1567//12958
f 6631//12959 1567//12959 6617//12959
f 1548//12960 2243//12960 6632//12960
f 1548//12961 6632//12961 6591//12961
f 6651//12962 5540//12962 5542//12962
f 6651//12963 5542//12963 6653//12963
f 5540//12964 6651//12964 6654//12964
f 5540//12965 6654//12965 5543//12965
f 6655//12966 5544//12966 5541//12966
f 6655//12967 5541//12967 6652//12967
f 6652//12968 5541//12968 5543//12968
f 6652//12969 5543//12969 6654//12969
f 5945//12970 6663//12970 6643//12970
f 5945//12971 6643//12971 5551//12971
f 5513//12972 6633//12972 6663//12972
f 5513//12973 6663//12973 5945//12973
f 6653//12974 5542//12974 5961//12974
f 6653//12975 5961//12975 6665//12975
f 6664//12976 5947//12976 5988//12976
f 6664//12977 5988//12977 6666//12977
f 5544//12978 6655//12978 6661//12978
f 5544//12979 6661//12979 5550//12979
f 5553//12980 5552//12980 6635//12980
f 5553//12981 6635//12981 6644//12981
f 6635//12982 5552//12982 5563//12982
f 6635//12983 5563//12983 6640//12983
f 5545//12984 6656//12984 6670//12984
f 5545//12985 6670//12985 6031//12985
f 6645//12986 6656//12986 5545//12986
f 6645//12987 5545//12987 5554//12987
f 5554//12988 5555//12988 6636//12988
f 5554//12989 6636//12989 6645//12989
f 6657//12990 5546//12990 5548//12990
f 6657//12991 5548//12991 6659//12991
f 6662//12992 5923//12992 5546//12992
f 6662//12993 5546//12993 6657//12993
f 6647//12994 5556//12994 5557//12994
f 6647//12995 5557//12995 6646//12995
f 5547//12996 6658//12996 6634//12996
f 5547//12997 6634//12997 5536//12997
f 6658//12998 5547//12998 5561//12998
f 6658//12999 5561//12999 6639//12999
f 5557//13000 5558//13000 6637//13000
f 5557//13001 6637//13001 6646//13001
f 5558//13002 5553//13002 6644//13002
f 5558//13003 6644//13003 6637//13003
f 5559//13004 6638//13004 6648//13004
f 5559//13005 6648//13005 5560//13005
f 5556//13006 6647//13006 6638//13006
f 5556//13007 6638//13007 5559//13007
f 5560//13008 6648//13008 6659//13008
f 5560//13009 6659//13009 5548//13009
f 5563//13010 5549//13010 6660//13010
f 5563//13011 6660//13011 6640//13011
f 6660//13012 5549//13012 5562//13012
f 6660//13013 5562//13013 6649//13013
f 5550//13014 6661//13014 6642//13014
f 5550//13015 6642//13015 5566//13015
f 5564//13016 6641//13016 6649//13016
f 5564//13017 6649//13017 5562//13017
f 5564//13018 6002//13018 6667//13018
f 5564//13019 6667//13019 6641//13019
f 5566//13020 6642//13020 6650//13020
f 5566//13021 6650//13021 5565//13021
f 5551//13022 6643//13022 6668//13022
f 5551//13023 6668//13023 6016//13023
f 6636//13024 5555//13024 5923//13024
f 6636//13025 5923//13025 6662//13025
f 6665//13026 5961//13026 5947//13026
f 6665//13027 5947//13027 6664//13027
f 6666//13028 5988//13028 6016//13028
f 6666//13029 6016//13029 6668//13029
f 6667//13030 6002//13030 5565//13030
f 6667//13031 5565//13031 6650//13031
f 6639//13032 5561//13032 6017//13032
f 6639//13033 6017//13033 6669//13033
f 6031//13034 6670//13034 6669//13034
f 6031//13035 6669//13035 6017//13035
f 6687//13036 6689//13036 6047//13036
f 6687//13037 6047//13037 6045//13037
f 6045//13038 6048//13038 6690//13038
f 6045//13039 6690//13039 6687//13039
f 6691//13040 6688//13040 6046//13040
f 6691//13041 6046//13041 6049//13041
f 6688//13042 6690//13042 6048//13042
f 6688//13043 6048//13043 6046//13043
f 6450//13044 6056//13044 6679//13044
f 6450//13045 6679//13045 6699//13045
f 5513//13046 6450//13046 6699//13046
f 5513//13047 6699//13047 6633//13047
f 6689//13048 6701//13048 6465//13048
f 6689//13049 6465//13049 6047//13049
f 6700//13050 6702//13050 6492//13050
f 6700//13051 6492//13051 6451//13051
f 6049//13052 6055//13052 6697//13052
f 6049//13053 6697//13053 6691//13053
f 6058//13054 6680//13054 6671//13054
f 6058//13055 6671//13055 6057//13055
f 6671//13056 6676//13056 6068//13056
f 6671//13057 6068//13057 6057//13057
f 6050//13058 6535//13058 6706//13058
f 6050//13059 6706//13059 6692//13059
f 6681//13060 6059//13060 6050//13060
f 6681//13061 6050//13061 6692//13061
f 6059//13062 6681//13062 6672//13062
f 6059//13063 6672//13063 6060//13063
f 6693//13064 6695//13064 6053//13064
f 6693//13065 6053//13065 6051//13065
f 6698//13066 6693//13066 6051//13066
f 6698//13067 6051//13067 6428//13067
f 6683//13068 6682//13068 6062//13068
f 6683//13069 6062//13069 6061//13069
f 6052//13070 5536//13070 6634//13070
f 6052//13071 6634//13071 6694//13071
f 6694//13072 6675//13072 6066//13072
f 6694//13073 6066//13073 6052//13073
f 6062//13074 6682//13074 6673//13074
f 6062//13075 6673//13075 6063//13075
f 6063//13076 6673//13076 6680//13076
f 6063//13077 6680//13077 6058//13077
f 6064//13078 6065//13078 6684//13078
f 6064//13079 6684//13079 6674//13079
f 6061//13080 6064//13080 6674//13080
f 6061//13081 6674//13081 6683//13081
f 6065//13082 6053//13082 6695//13082
f 6065//13083 6695//13083 6684//13083
f 6068//13084 6676//13084 6696//13084
f 6068//13085 6696//13085 6054//13085
f 6696//13086 6685//13086 6067//13086
f 6696//13087 6067//13087 6054//13087
f 6055//13088 6071//13088 6678//13088
f 6055//13089 6678//13089 6697//13089
f 6069//13090 6067//13090 6685//13090
f 6069//13091 6685//13091 6677//13091
f 6069//13092 6677//13092 6703//13092
f 6069//13093 6703//13093 6506//13093
f 6071//13094 6070//13094 6686//13094
f 6071//13095 6686//13095 6678//13095
f 6056//13096 6520//13096 6704//13096
f 6056//13097 6704//13097 6679//13097
f 6672//13098 6698//13098 6428//13098
f 6672//13099 6428//13099 6060//13099
f 6701//13100 6700//13100 6451//13100
f 6701//13101 6451//13101 6465//13101
f 6702//13102 6704//13102 6520//13102
f 6702//13103 6520//13103 6492//13103
f 6703//13104 6686//13104 6070//13104
f 6703//13105 6070//13105 6506//13105
f 6675//13106 6705//13106 6521//13106
f 6675//13107 6521//13107 6066//13107
f 6535//13108 6521//13108 6705//13108
f 6535//13109 6705//13109 6706//13109
